mechanism,year,start,end,strategy,scenario,ticker,weight,v9_return,v9_cash_low,v9_cash_high,coverage_class,reference_file,reference_sha256,alternative_return,weighted_difference_pp,alternative_scope,event_calculation_available,fully_document_certified,delta_to_high_pp,v9_high_minus_central_pp,v13_return,v13_weighted_delta_pp,v13_exposure,v13_status
annual,2020,2020-06-30,2021-06-30,B00,central,BBAS3,0.047619047619047616,0.062494147791,0.062494147791,0.062494147791,EVENTOS_V8_HERDADOS,runtime/Barsi_Graham_Retomada_v8/dados/eventos_retorno_besst2020_v8.csv,a6bab86ba13c0be924759fc470d11351a6de69ce1a2148329469704f3defd093,,,PENDENTE; nao recalculado,True,False,,0.0,,,False,PRESERVADO_V9_OU_CENARIO_V12
annual,2020,2020-06-30,2021-06-30,B00,central,NEOE3,0.047619047619047616,-0.070520359612,-0.070520359612,-0.070520359612,EVENTOS_V8_HERDADOS,runtime/Barsi_Graham_Retomada_v8/dados/eventos_retorno_besst2020_v8.csv,a6bab86ba13c0be924759fc470d11351a6de69ce1a2148329469704f3defd093,,,PENDENTE; nao recalculado,True,False,,0.0,,,False,PRESERVADO_V9_OU_CENARIO_V12
annual,2020,2020-06-30,2021-06-30,B00,central,PSSA3,0.047619047619047616,0.112151259469,0.112151259469,0.112151259469,EVENTOS_V8_HERDADOS,runtime/Barsi_Graham_Retomada_v8/dados/eventos_retorno_besst2020_v8.csv,a6bab86ba13c0be924759fc470d11351a6de69ce1a2148329469704f3defd093,,,PENDENTE; nao recalculado,True,False,,0.0,0.11215277952143388,7.2383449232454085e-06,True,CALCULADO_MOTOR_V6_FRACIONARIO_PROVISORIO
annual,2020,2020-06-30,2021-06-30,B00,central,EGIE3,0.047619047619047616,-0.014610989882,-0.014610989882,-0.014610989882,EVENTOS_V8_HERDADOS,runtime/Barsi_Graham_Retomada_v8/dados/eventos_retorno_besst2020_v8.csv,a6bab86ba13c0be924759fc470d11351a6de69ce1a2148329469704f3defd093,,,PENDENTE; nao recalculado,True,False,,0.0,,,False,PRESERVADO_V9_OU_CENARIO_V12
annual,2020,2020-06-30,2021-06-30,B00,central,TIMP3,0.047619047619047616,-0.150967318389,-0.150967318389,-0.150967318389,EVENTOS_V8_HERDADOS,runtime/Barsi_Graham_Retomada_v8/dados/eventos_retorno_besst2020_v8.csv,a6bab86ba13c0be924759fc470d11351a6de69ce1a2148329469704f3defd093,,,PENDENTE; nao recalculado,True,False,,0.0,-0.1509695236395866,-1.0501193269581618e-05,True,CALCULADO_MOTOR_V6_FRACIONARIO_PROVISORIO
annual,2020,2020-06-30,2021-06-30,B00,central,VIVT4,0.047619047619047616,-0.057157903067,-0.057157903067,-0.057157903067,EVENTOS_V8_HERDADOS,runtime/Barsi_Graham_Retomada_v8/dados/eventos_retorno_besst2020_v8.csv,a6bab86ba13c0be924759fc470d11351a6de69ce1a2148329469704f3defd093,,,PENDENTE; nao recalculado,True,False,,0.0,-0.0571575820717497,1.5285488109378115e-06,True,CALCULADO_MOTOR_V6_FRACIONARIO_PROVISORIO
annual,2020,2020-06-30,2021-06-30,B00,central,TRPL4,0.047619047619047616,0.355035472148,0.355035472148,0.355035472148,EVENTOS_V8_HERDADOS,runtime/Barsi_Graham_Retomada_v8/dados/eventos_retorno_besst2020_v8.csv,a6bab86ba13c0be924759fc470d11351a6de69ce1a2148329469704f3defd093,,,PENDENTE; nao recalculado,True,False,,0.0,,,False,PRESERVADO_V9_OU_CENARIO_V12
annual,2020,2020-06-30,2021-06-30,B00,central,EQTL3,0.047619047619047616,0.114956072734,0.114956072734,0.114956072734,EVENTOS_V8_HERDADOS,runtime/Barsi_Graham_Retomada_v8/dados/eventos_retorno_besst2020_v8.csv,a6bab86ba13c0be924759fc470d11351a6de69ce1a2148329469704f3defd093,,,PENDENTE; nao recalculado,True,False,,0.0,,,False,PRESERVADO_V9_OU_CENARIO_V12
annual,2020,2020-06-30,2021-06-30,B00,central,ENBR3,0.047619047619047616,0.068923641337,0.068923641337,0.068923641337,EVENTOS_V8_HERDADOS,runtime/Barsi_Graham_Retomada_v8/dados/eventos_retorno_besst2020_v8.csv,a6bab86ba13c0be924759fc470d11351a6de69ce1a2148329469704f3defd093,0.06892364133693207,-3.234846253297703e-13,MESMA_CLASSE_E_MOTOR_GRAHAM; cobertura documental herdada parcial,True,False,-3.234846253297703e-13,0.0,,,False,PRESERVADO_V9_OU_CENARIO_V12
annual,2020,2020-06-30,2021-06-30,B00,central,TIET4,0.047619047619047616,-0.020831459274,-0.020831459274,-0.020831459274,EVENTOS_V8_HERDADOS,runtime/Barsi_Graham_Retomada_v8/dados/eventos_retorno_besst2020_v8.csv,a6bab86ba13c0be924759fc470d11351a6de69ce1a2148329469704f3defd093,,,PENDENTE; nao recalculado,True,False,,0.0,,,False,PRESERVADO_V9_OU_CENARIO_V12
annual,2020,2020-06-30,2021-06-30,B00,central,COCE5,0.047619047619047616,0.111349213312,0.111349213312,0.111349213312,EVENTOS_V8_HERDADOS,runtime/Barsi_Graham_Retomada_v8/dados/eventos_retorno_besst2020_v8.csv,a6bab86ba13c0be924759fc470d11351a6de69ce1a2148329469704f3defd093,,,PENDENTE; nao recalculado,True,False,,0.0,,,False,PRESERVADO_V9_OU_CENARIO_V12
annual,2020,2020-06-30,2021-06-30,B00,central,CMIG4,0.047619047619047616,0.410526838041,0.410526838041,0.410526838041,EVENTOS_V8_HERDADOS,runtime/Barsi_Graham_Retomada_v8/dados/eventos_retorno_besst2020_v8.csv,a6bab86ba13c0be924759fc470d11351a6de69ce1a2148329469704f3defd093,,,PENDENTE; nao recalculado,True,False,,0.0,,,False,PRESERVADO_V9_OU_CENARIO_V12
annual,2020,2020-06-30,2021-06-30,B00,central,BBSE3,0.047619047619047616,-0.110732604912,-0.110732604912,-0.110732604912,EVENTOS_V8_HERDADOS,runtime/Barsi_Graham_Retomada_v8/dados/eventos_retorno_besst2020_v8.csv,a6bab86ba13c0be924759fc470d11351a6de69ce1a2148329469704f3defd093,-0.11073379016302565,-5.6440525030737334e-06,CATALOGO_CAIXA_RI_NOMINAL_VERIFICADO; estrutura e completude geral pendentes,True,False,-5.6440525030737334e-06,0.0,,,False,PRESERVADO_V9_OU_CENARIO_V12
annual,2020,2020-06-30,2021-06-30,B00,central,ABCB4,0.047619047619047616,0.182760466389,0.182760466389,0.182760466389,EVENTOS_V8_HERDADOS,runtime/Barsi_Graham_Retomada_v8/dados/eventos_retorno_besst2020_v8.csv,a6bab86ba13c0be924759fc470d11351a6de69ce1a2148329469704f3defd093,,,PENDENTE; nao recalculado,True,False,,0.0,,,False,PRESERVADO_V9_OU_CENARIO_V12
annual,2020,2020-06-30,2021-06-30,B00,central,SBSP3,0.047619047619047616,-0.360134604275,-0.360134604275,-0.360134604275,EVENTOS_V8_HERDADOS,runtime/Barsi_Graham_Retomada_v8/dados/eventos_retorno_besst2020_v8.csv,a6bab86ba13c0be924759fc470d11351a6de69ce1a2148329469704f3defd093,-0.36013460427498556,6.872809200060493e-14,MESMA_CLASSE_E_MOTOR_GRAHAM; cobertura documental herdada parcial,True,False,6.872809200060493e-14,0.0,,,False,PRESERVADO_V9_OU_CENARIO_V12
annual,2020,2020-06-30,2021-06-30,B00,central,BBDC4,0.047619047619047616,0.394159290052,0.394159290052,0.394159290052,EVENTOS_V8_HERDADOS,runtime/Barsi_Graham_Retomada_v8/dados/eventos_retorno_besst2020_v8.csv,a6bab86ba13c0be924759fc470d11351a6de69ce1a2148329469704f3defd093,,,PENDENTE; nao recalculado,True,False,,0.0,,,False,PRESERVADO_V9_OU_CENARIO_V12
annual,2020,2020-06-30,2021-06-30,B00,central,ITUB4,0.047619047619047616,0.199288769922,0.199288769922,0.199288769922,EVENTOS_V8_HERDADOS,runtime/Barsi_Graham_Retomada_v8/dados/eventos_retorno_besst2020_v8.csv,a6bab86ba13c0be924759fc470d11351a6de69ce1a2148329469704f3defd093,,,PENDENTE; nao recalculado,True,False,,0.0,,,False,PRESERVADO_V9_OU_CENARIO_V12
annual,2020,2020-06-30,2021-06-30,B00,central,CPLE6,0.047619047619047616,0.123150847718,0.123150847718,0.123150847718,EVENTOS_V8_HERDADOS,runtime/Barsi_Graham_Retomada_v8/dados/eventos_retorno_besst2020_v8.csv,a6bab86ba13c0be924759fc470d11351a6de69ce1a2148329469704f3defd093,,,PENDENTE; nao recalculado,True,False,,0.0,,,False,PRESERVADO_V9_OU_CENARIO_V12
annual,2020,2020-06-30,2021-06-30,B00,central,SAPR4,0.047619047619047616,-0.308215473413,-0.308215473413,-0.308215473413,EVENTOS_V8_HERDADOS,runtime/Barsi_Graham_Retomada_v8/dados/eventos_retorno_besst2020_v8.csv,a6bab86ba13c0be924759fc470d11351a6de69ce1a2148329469704f3defd093,,,PENDENTE; nao recalculado,True,False,,0.0,-0.3082185993499523,-1.4885414058770271e-05,True,CALCULADO_MOTOR_V6_FRACIONARIO_PROVISORIO
annual,2020,2020-06-30,2021-06-30,B00,central,SANB4,0.047619047619047616,0.523342725682,0.523342725682,0.523342725682,EVENTOS_V8_HERDADOS,runtime/Barsi_Graham_Retomada_v8/dados/eventos_retorno_besst2020_v8.csv,a6bab86ba13c0be924759fc470d11351a6de69ce1a2148329469704f3defd093,,,PENDENTE; nao recalculado,True,False,,0.0,,,False,PRESERVADO_V9_OU_CENARIO_V12
annual,2020,2020-06-30,2021-06-30,B00,central,BRSR6,0.047619047619047616,0.035164734773,0.035164734773,0.035164734773,EVENTOS_V8_HERDADOS,runtime/Barsi_Graham_Retomada_v8/dados/eventos_retorno_besst2020_v8.csv,a6bab86ba13c0be924759fc470d11351a6de69ce1a2148329469704f3defd093,,,PENDENTE; nao recalculado,True,False,,0.0,,,False,PRESERVADO_V9_OU_CENARIO_V12
annual,2020,2020-06-30,2021-06-30,B00,conservative,BBAS3,0.058823529411764705,0.062494147791,0.062494147791,0.062494147791,EVENTOS_V8_HERDADOS,runtime/Barsi_Graham_Retomada_v8/dados/eventos_retorno_besst2020_v8.csv,a6bab86ba13c0be924759fc470d11351a6de69ce1a2148329469704f3defd093,,,PENDENTE; nao recalculado,True,False,,0.0,,,False,PRESERVADO_V9_OU_CENARIO_V12
annual,2020,2020-06-30,2021-06-30,B00,conservative,PSSA3,0.058823529411764705,0.112151259469,0.112151259469,0.112151259469,EVENTOS_V8_HERDADOS,runtime/Barsi_Graham_Retomada_v8/dados/eventos_retorno_besst2020_v8.csv,a6bab86ba13c0be924759fc470d11351a6de69ce1a2148329469704f3defd093,,,PENDENTE; nao recalculado,True,False,,0.0,0.11215277952143388,8.941484905185503e-06,True,CALCULADO_MOTOR_V6_FRACIONARIO_PROVISORIO
annual,2020,2020-06-30,2021-06-30,B00,conservative,EGIE3,0.058823529411764705,-0.014610989882,-0.014610989882,-0.014610989882,EVENTOS_V8_HERDADOS,runtime/Barsi_Graham_Retomada_v8/dados/eventos_retorno_besst2020_v8.csv,a6bab86ba13c0be924759fc470d11351a6de69ce1a2148329469704f3defd093,,,PENDENTE; nao recalculado,True,False,,0.0,,,False,PRESERVADO_V9_OU_CENARIO_V12
annual,2020,2020-06-30,2021-06-30,B00,conservative,TIMP3,0.058823529411764705,-0.150967318389,-0.150967318389,-0.150967318389,EVENTOS_V8_HERDADOS,runtime/Barsi_Graham_Retomada_v8/dados/eventos_retorno_besst2020_v8.csv,a6bab86ba13c0be924759fc470d11351a6de69ce1a2148329469704f3defd093,,,PENDENTE; nao recalculado,True,False,,0.0,-0.1509695236395866,-1.2972062274189056e-05,True,CALCULADO_MOTOR_V6_FRACIONARIO_PROVISORIO
annual,2020,2020-06-30,2021-06-30,B00,conservative,VIVT4,0.058823529411764705,-0.057157903067,-0.057157903067,-0.057157903067,EVENTOS_V8_HERDADOS,runtime/Barsi_Graham_Retomada_v8/dados/eventos_retorno_besst2020_v8.csv,a6bab86ba13c0be924759fc470d11351a6de69ce1a2148329469704f3defd093,,,PENDENTE; nao recalculado,True,False,,0.0,-0.0571575820717497,1.8882073546878847e-06,True,CALCULADO_MOTOR_V6_FRACIONARIO_PROVISORIO
annual,2020,2020-06-30,2021-06-30,B00,conservative,EQTL3,0.058823529411764705,0.114956072734,0.114956072734,0.114956072734,EVENTOS_V8_HERDADOS,runtime/Barsi_Graham_Retomada_v8/dados/eventos_retorno_besst2020_v8.csv,a6bab86ba13c0be924759fc470d11351a6de69ce1a2148329469704f3defd093,,,PENDENTE; nao recalculado,True,False,,0.0,,,False,PRESERVADO_V9_OU_CENARIO_V12
annual,2020,2020-06-30,2021-06-30,B00,conservative,ENBR3,0.058823529411764705,0.068923641337,0.068923641337,0.068923641337,EVENTOS_V8_HERDADOS,runtime/Barsi_Graham_Retomada_v8/dados/eventos_retorno_besst2020_v8.csv,a6bab86ba13c0be924759fc470d11351a6de69ce1a2148329469704f3defd093,0.06892364133693207,-3.99598654819128e-13,MESMA_CLASSE_E_MOTOR_GRAHAM; cobertura documental herdada parcial,True,False,-3.99598654819128e-13,0.0,,,False,PRESERVADO_V9_OU_CENARIO_V12
annual,2020,2020-06-30,2021-06-30,B00,conservative,TIET4,0.058823529411764705,-0.020831459274,-0.020831459274,-0.020831459274,EVENTOS_V8_HERDADOS,runtime/Barsi_Graham_Retomada_v8/dados/eventos_retorno_besst2020_v8.csv,a6bab86ba13c0be924759fc470d11351a6de69ce1a2148329469704f3defd093,,,PENDENTE; nao recalculado,True,False,,0.0,,,False,PRESERVADO_V9_OU_CENARIO_V12
annual,2020,2020-06-30,2021-06-30,B00,conservative,COCE5,0.058823529411764705,0.111349213312,0.111349213312,0.111349213312,EVENTOS_V8_HERDADOS,runtime/Barsi_Graham_Retomada_v8/dados/eventos_retorno_besst2020_v8.csv,a6bab86ba13c0be924759fc470d11351a6de69ce1a2148329469704f3defd093,,,PENDENTE; nao recalculado,True,False,,0.0,,,False,PRESERVADO_V9_OU_CENARIO_V12
annual,2020,2020-06-30,2021-06-30,B00,conservative,BBSE3,0.058823529411764705,-0.110732604912,-0.110732604912,-0.110732604912,EVENTOS_V8_HERDADOS,runtime/Barsi_Graham_Retomada_v8/dados/eventos_retorno_besst2020_v8.csv,a6bab86ba13c0be924759fc470d11351a6de69ce1a2148329469704f3defd093,-0.11073379016302565,-6.972064856738141e-06,CATALOGO_CAIXA_RI_NOMINAL_VERIFICADO; estrutura e completude geral pendentes,True,False,-6.972064856738141e-06,0.0,,,False,PRESERVADO_V9_OU_CENARIO_V12
annual,2020,2020-06-30,2021-06-30,B00,conservative,ABCB4,0.058823529411764705,0.182760466389,0.182760466389,0.182760466389,EVENTOS_V8_HERDADOS,runtime/Barsi_Graham_Retomada_v8/dados/eventos_retorno_besst2020_v8.csv,a6bab86ba13c0be924759fc470d11351a6de69ce1a2148329469704f3defd093,,,PENDENTE; nao recalculado,True,False,,0.0,,,False,PRESERVADO_V9_OU_CENARIO_V12
annual,2020,2020-06-30,2021-06-30,B00,conservative,BBDC4,0.058823529411764705,0.394159290052,0.394159290052,0.394159290052,EVENTOS_V8_HERDADOS,runtime/Barsi_Graham_Retomada_v8/dados/eventos_retorno_besst2020_v8.csv,a6bab86ba13c0be924759fc470d11351a6de69ce1a2148329469704f3defd093,,,PENDENTE; nao recalculado,True,False,,0.0,,,False,PRESERVADO_V9_OU_CENARIO_V12
annual,2020,2020-06-30,2021-06-30,B00,conservative,ITUB4,0.058823529411764705,0.199288769922,0.199288769922,0.199288769922,EVENTOS_V8_HERDADOS,runtime/Barsi_Graham_Retomada_v8/dados/eventos_retorno_besst2020_v8.csv,a6bab86ba13c0be924759fc470d11351a6de69ce1a2148329469704f3defd093,,,PENDENTE; nao recalculado,True,False,,0.0,,,False,PRESERVADO_V9_OU_CENARIO_V12
annual,2020,2020-06-30,2021-06-30,B00,conservative,CPLE6,0.058823529411764705,0.123150847718,0.123150847718,0.123150847718,EVENTOS_V8_HERDADOS,runtime/Barsi_Graham_Retomada_v8/dados/eventos_retorno_besst2020_v8.csv,a6bab86ba13c0be924759fc470d11351a6de69ce1a2148329469704f3defd093,,,PENDENTE; nao recalculado,True,False,,0.0,,,False,PRESERVADO_V9_OU_CENARIO_V12
annual,2020,2020-06-30,2021-06-30,B00,conservative,SAPR4,0.058823529411764705,-0.308215473413,-0.308215473413,-0.308215473413,EVENTOS_V8_HERDADOS,runtime/Barsi_Graham_Retomada_v8/dados/eventos_retorno_besst2020_v8.csv,a6bab86ba13c0be924759fc470d11351a6de69ce1a2148329469704f3defd093,,,PENDENTE; nao recalculado,True,False,,0.0,-0.3082185993499523,-1.8387864425539746e-05,True,CALCULADO_MOTOR_V6_FRACIONARIO_PROVISORIO
annual,2020,2020-06-30,2021-06-30,B00,conservative,SANB4,0.058823529411764705,0.523342725682,0.523342725682,0.523342725682,EVENTOS_V8_HERDADOS,runtime/Barsi_Graham_Retomada_v8/dados/eventos_retorno_besst2020_v8.csv,a6bab86ba13c0be924759fc470d11351a6de69ce1a2148329469704f3defd093,,,PENDENTE; nao recalculado,True,False,,0.0,,,False,PRESERVADO_V9_OU_CENARIO_V12
annual,2020,2020-06-30,2021-06-30,B00,conservative,BRSR6,0.058823529411764705,0.035164734773,0.035164734773,0.035164734773,EVENTOS_V8_HERDADOS,runtime/Barsi_Graham_Retomada_v8/dados/eventos_retorno_besst2020_v8.csv,a6bab86ba13c0be924759fc470d11351a6de69ce1a2148329469704f3defd093,,,PENDENTE; nao recalculado,True,False,,0.0,,,False,PRESERVADO_V9_OU_CENARIO_V12
annual,2020,2020-06-30,2021-06-30,B00S,central,BBAS3,0.03333333333333333,0.062494147791,0.062494147791,0.062494147791,EVENTOS_V8_HERDADOS,runtime/Barsi_Graham_Retomada_v8/dados/eventos_retorno_besst2020_v8.csv,a6bab86ba13c0be924759fc470d11351a6de69ce1a2148329469704f3defd093,,,PENDENTE; nao recalculado,True,False,,0.0,,,False,PRESERVADO_V9_OU_CENARIO_V12
annual,2020,2020-06-30,2021-06-30,B00S,central,ABCB4,0.03333333333333333,0.182760466389,0.182760466389,0.182760466389,EVENTOS_V8_HERDADOS,runtime/Barsi_Graham_Retomada_v8/dados/eventos_retorno_besst2020_v8.csv,a6bab86ba13c0be924759fc470d11351a6de69ce1a2148329469704f3defd093,,,PENDENTE; nao recalculado,True,False,,0.0,,,False,PRESERVADO_V9_OU_CENARIO_V12
annual,2020,2020-06-30,2021-06-30,B00S,central,BBDC4,0.03333333333333333,0.394159290052,0.394159290052,0.394159290052,EVENTOS_V8_HERDADOS,runtime/Barsi_Graham_Retomada_v8/dados/eventos_retorno_besst2020_v8.csv,a6bab86ba13c0be924759fc470d11351a6de69ce1a2148329469704f3defd093,,,PENDENTE; nao recalculado,True,False,,0.0,,,False,PRESERVADO_V9_OU_CENARIO_V12
annual,2020,2020-06-30,2021-06-30,B00S,central,ITUB4,0.03333333333333333,0.199288769922,0.199288769922,0.199288769922,EVENTOS_V8_HERDADOS,runtime/Barsi_Graham_Retomada_v8/dados/eventos_retorno_besst2020_v8.csv,a6bab86ba13c0be924759fc470d11351a6de69ce1a2148329469704f3defd093,,,PENDENTE; nao recalculado,True,False,,0.0,,,False,PRESERVADO_V9_OU_CENARIO_V12
annual,2020,2020-06-30,2021-06-30,B00S,central,SANB4,0.03333333333333333,0.523342725682,0.523342725682,0.523342725682,EVENTOS_V8_HERDADOS,runtime/Barsi_Graham_Retomada_v8/dados/eventos_retorno_besst2020_v8.csv,a6bab86ba13c0be924759fc470d11351a6de69ce1a2148329469704f3defd093,,,PENDENTE; nao recalculado,True,False,,0.0,,,False,PRESERVADO_V9_OU_CENARIO_V12
annual,2020,2020-06-30,2021-06-30,B00S,central,BRSR6,0.03333333333333333,0.035164734773,0.035164734773,0.035164734773,EVENTOS_V8_HERDADOS,runtime/Barsi_Graham_Retomada_v8/dados/eventos_retorno_besst2020_v8.csv,a6bab86ba13c0be924759fc470d11351a6de69ce1a2148329469704f3defd093,,,PENDENTE; nao recalculado,True,False,,0.0,,,False,PRESERVADO_V9_OU_CENARIO_V12
annual,2020,2020-06-30,2021-06-30,B00S,central,NEOE3,0.022222222222222223,-0.070520359612,-0.070520359612,-0.070520359612,EVENTOS_V8_HERDADOS,runtime/Barsi_Graham_Retomada_v8/dados/eventos_retorno_besst2020_v8.csv,a6bab86ba13c0be924759fc470d11351a6de69ce1a2148329469704f3defd093,,,PENDENTE; nao recalculado,True,False,,0.0,,,False,PRESERVADO_V9_OU_CENARIO_V12
annual,2020,2020-06-30,2021-06-30,B00S,central,EGIE3,0.022222222222222223,-0.014610989882,-0.014610989882,-0.014610989882,EVENTOS_V8_HERDADOS,runtime/Barsi_Graham_Retomada_v8/dados/eventos_retorno_besst2020_v8.csv,a6bab86ba13c0be924759fc470d11351a6de69ce1a2148329469704f3defd093,,,PENDENTE; nao recalculado,True,False,,0.0,,,False,PRESERVADO_V9_OU_CENARIO_V12
annual,2020,2020-06-30,2021-06-30,B00S,central,TRPL4,0.022222222222222223,0.355035472148,0.355035472148,0.355035472148,EVENTOS_V8_HERDADOS,runtime/Barsi_Graham_Retomada_v8/dados/eventos_retorno_besst2020_v8.csv,a6bab86ba13c0be924759fc470d11351a6de69ce1a2148329469704f3defd093,,,PENDENTE; nao recalculado,True,False,,0.0,,,False,PRESERVADO_V9_OU_CENARIO_V12
annual,2020,2020-06-30,2021-06-30,B00S,central,EQTL3,0.022222222222222223,0.114956072734,0.114956072734,0.114956072734,EVENTOS_V8_HERDADOS,runtime/Barsi_Graham_Retomada_v8/dados/eventos_retorno_besst2020_v8.csv,a6bab86ba13c0be924759fc470d11351a6de69ce1a2148329469704f3defd093,,,PENDENTE; nao recalculado,True,False,,0.0,,,False,PRESERVADO_V9_OU_CENARIO_V12
annual,2020,2020-06-30,2021-06-30,B00S,central,ENBR3,0.022222222222222223,0.068923641337,0.068923641337,0.068923641337,EVENTOS_V8_HERDADOS,runtime/Barsi_Graham_Retomada_v8/dados/eventos_retorno_besst2020_v8.csv,a6bab86ba13c0be924759fc470d11351a6de69ce1a2148329469704f3defd093,0.06892364133693207,-1.5095949182055947e-13,MESMA_CLASSE_E_MOTOR_GRAHAM; cobertura documental herdada parcial,True,False,-1.5095949182055947e-13,0.0,,,False,PRESERVADO_V9_OU_CENARIO_V12
annual,2020,2020-06-30,2021-06-30,B00S,central,TIET4,0.022222222222222223,-0.020831459274,-0.020831459274,-0.020831459274,EVENTOS_V8_HERDADOS,runtime/Barsi_Graham_Retomada_v8/dados/eventos_retorno_besst2020_v8.csv,a6bab86ba13c0be924759fc470d11351a6de69ce1a2148329469704f3defd093,,,PENDENTE; nao recalculado,True,False,,0.0,,,False,PRESERVADO_V9_OU_CENARIO_V12
annual,2020,2020-06-30,2021-06-30,B00S,central,COCE5,0.022222222222222223,0.111349213312,0.111349213312,0.111349213312,EVENTOS_V8_HERDADOS,runtime/Barsi_Graham_Retomada_v8/dados/eventos_retorno_besst2020_v8.csv,a6bab86ba13c0be924759fc470d11351a6de69ce1a2148329469704f3defd093,,,PENDENTE; nao recalculado,True,False,,0.0,,,False,PRESERVADO_V9_OU_CENARIO_V12
annual,2020,2020-06-30,2021-06-30,B00S,central,CMIG4,0.022222222222222223,0.410526838041,0.410526838041,0.410526838041,EVENTOS_V8_HERDADOS,runtime/Barsi_Graham_Retomada_v8/dados/eventos_retorno_besst2020_v8.csv,a6bab86ba13c0be924759fc470d11351a6de69ce1a2148329469704f3defd093,,,PENDENTE; nao recalculado,True,False,,0.0,,,False,PRESERVADO_V9_OU_CENARIO_V12
annual,2020,2020-06-30,2021-06-30,B00S,central,CPLE6,0.022222222222222223,0.123150847718,0.123150847718,0.123150847718,EVENTOS_V8_HERDADOS,runtime/Barsi_Graham_Retomada_v8/dados/eventos_retorno_besst2020_v8.csv,a6bab86ba13c0be924759fc470d11351a6de69ce1a2148329469704f3defd093,,,PENDENTE; nao recalculado,True,False,,0.0,,,False,PRESERVADO_V9_OU_CENARIO_V12
annual,2020,2020-06-30,2021-06-30,B00S,central,SBSP3,0.1,-0.360134604275,-0.360134604275,-0.360134604275,EVENTOS_V8_HERDADOS,runtime/Barsi_Graham_Retomada_v8/dados/eventos_retorno_besst2020_v8.csv,a6bab86ba13c0be924759fc470d11351a6de69ce1a2148329469704f3defd093,-0.36013460427498556,1.4432899320127035e-13,MESMA_CLASSE_E_MOTOR_GRAHAM; cobertura documental herdada parcial,True,False,1.4432899320127035e-13,0.0,,,False,PRESERVADO_V9_OU_CENARIO_V12
annual,2020,2020-06-30,2021-06-30,B00S,central,SAPR4,0.1,-0.308215473413,-0.308215473413,-0.308215473413,EVENTOS_V8_HERDADOS,runtime/Barsi_Graham_Retomada_v8/dados/eventos_retorno_besst2020_v8.csv,a6bab86ba13c0be924759fc470d11351a6de69ce1a2148329469704f3defd093,,,PENDENTE; nao recalculado,True,False,,0.0,-0.3082185993499523,-3.125936952341757e-05,True,CALCULADO_MOTOR_V6_FRACIONARIO_PROVISORIO
annual,2020,2020-06-30,2021-06-30,B00S,central,PSSA3,0.1,0.112151259469,0.112151259469,0.112151259469,EVENTOS_V8_HERDADOS,runtime/Barsi_Graham_Retomada_v8/dados/eventos_retorno_besst2020_v8.csv,a6bab86ba13c0be924759fc470d11351a6de69ce1a2148329469704f3defd093,,,PENDENTE; nao recalculado,True,False,,0.0,0.11215277952143388,1.5200524338815358e-05,True,CALCULADO_MOTOR_V6_FRACIONARIO_PROVISORIO
annual,2020,2020-06-30,2021-06-30,B00S,central,BBSE3,0.1,-0.110732604912,-0.110732604912,-0.110732604912,EVENTOS_V8_HERDADOS,runtime/Barsi_Graham_Retomada_v8/dados/eventos_retorno_besst2020_v8.csv,a6bab86ba13c0be924759fc470d11351a6de69ce1a2148329469704f3defd093,-0.11073379016302565,-1.185251025645484e-05,CATALOGO_CAIXA_RI_NOMINAL_VERIFICADO; estrutura e completude geral pendentes,True,False,-1.185251025645484e-05,0.0,,,False,PRESERVADO_V9_OU_CENARIO_V12
annual,2020,2020-06-30,2021-06-30,B00S,central,TIMP3,0.1,-0.150967318389,-0.150967318389,-0.150967318389,EVENTOS_V8_HERDADOS,runtime/Barsi_Graham_Retomada_v8/dados/eventos_retorno_besst2020_v8.csv,a6bab86ba13c0be924759fc470d11351a6de69ce1a2148329469704f3defd093,,,PENDENTE; nao recalculado,True,False,,0.0,-0.1509695236395866,-2.2052505866121397e-05,True,CALCULADO_MOTOR_V6_FRACIONARIO_PROVISORIO
annual,2020,2020-06-30,2021-06-30,B00S,central,VIVT4,0.1,-0.057157903067,-0.057157903067,-0.057157903067,EVENTOS_V8_HERDADOS,runtime/Barsi_Graham_Retomada_v8/dados/eventos_retorno_besst2020_v8.csv,a6bab86ba13c0be924759fc470d11351a6de69ce1a2148329469704f3defd093,,,PENDENTE; nao recalculado,True,False,,0.0,-0.0571575820717497,3.2099525029694043e-06,True,CALCULADO_MOTOR_V6_FRACIONARIO_PROVISORIO
annual,2020,2020-06-30,2021-06-30,B00S,conservative,BBAS3,0.03333333333333333,0.062494147791,0.062494147791,0.062494147791,EVENTOS_V8_HERDADOS,runtime/Barsi_Graham_Retomada_v8/dados/eventos_retorno_besst2020_v8.csv,a6bab86ba13c0be924759fc470d11351a6de69ce1a2148329469704f3defd093,,,PENDENTE; nao recalculado,True,False,,0.0,,,False,PRESERVADO_V9_OU_CENARIO_V12
annual,2020,2020-06-30,2021-06-30,B00S,conservative,ABCB4,0.03333333333333333,0.182760466389,0.182760466389,0.182760466389,EVENTOS_V8_HERDADOS,runtime/Barsi_Graham_Retomada_v8/dados/eventos_retorno_besst2020_v8.csv,a6bab86ba13c0be924759fc470d11351a6de69ce1a2148329469704f3defd093,,,PENDENTE; nao recalculado,True,False,,0.0,,,False,PRESERVADO_V9_OU_CENARIO_V12
annual,2020,2020-06-30,2021-06-30,B00S,conservative,BBDC4,0.03333333333333333,0.394159290052,0.394159290052,0.394159290052,EVENTOS_V8_HERDADOS,runtime/Barsi_Graham_Retomada_v8/dados/eventos_retorno_besst2020_v8.csv,a6bab86ba13c0be924759fc470d11351a6de69ce1a2148329469704f3defd093,,,PENDENTE; nao recalculado,True,False,,0.0,,,False,PRESERVADO_V9_OU_CENARIO_V12
annual,2020,2020-06-30,2021-06-30,B00S,conservative,ITUB4,0.03333333333333333,0.199288769922,0.199288769922,0.199288769922,EVENTOS_V8_HERDADOS,runtime/Barsi_Graham_Retomada_v8/dados/eventos_retorno_besst2020_v8.csv,a6bab86ba13c0be924759fc470d11351a6de69ce1a2148329469704f3defd093,,,PENDENTE; nao recalculado,True,False,,0.0,,,False,PRESERVADO_V9_OU_CENARIO_V12
annual,2020,2020-06-30,2021-06-30,B00S,conservative,SANB4,0.03333333333333333,0.523342725682,0.523342725682,0.523342725682,EVENTOS_V8_HERDADOS,runtime/Barsi_Graham_Retomada_v8/dados/eventos_retorno_besst2020_v8.csv,a6bab86ba13c0be924759fc470d11351a6de69ce1a2148329469704f3defd093,,,PENDENTE; nao recalculado,True,False,,0.0,,,False,PRESERVADO_V9_OU_CENARIO_V12
annual,2020,2020-06-30,2021-06-30,B00S,conservative,BRSR6,0.03333333333333333,0.035164734773,0.035164734773,0.035164734773,EVENTOS_V8_HERDADOS,runtime/Barsi_Graham_Retomada_v8/dados/eventos_retorno_besst2020_v8.csv,a6bab86ba13c0be924759fc470d11351a6de69ce1a2148329469704f3defd093,,,PENDENTE; nao recalculado,True,False,,0.0,,,False,PRESERVADO_V9_OU_CENARIO_V12
annual,2020,2020-06-30,2021-06-30,B00S,conservative,EGIE3,0.03333333333333333,-0.014610989882,-0.014610989882,-0.014610989882,EVENTOS_V8_HERDADOS,runtime/Barsi_Graham_Retomada_v8/dados/eventos_retorno_besst2020_v8.csv,a6bab86ba13c0be924759fc470d11351a6de69ce1a2148329469704f3defd093,,,PENDENTE; nao recalculado,True,False,,0.0,,,False,PRESERVADO_V9_OU_CENARIO_V12
annual,2020,2020-06-30,2021-06-30,B00S,conservative,EQTL3,0.03333333333333333,0.114956072734,0.114956072734,0.114956072734,EVENTOS_V8_HERDADOS,runtime/Barsi_Graham_Retomada_v8/dados/eventos_retorno_besst2020_v8.csv,a6bab86ba13c0be924759fc470d11351a6de69ce1a2148329469704f3defd093,,,PENDENTE; nao recalculado,True,False,,0.0,,,False,PRESERVADO_V9_OU_CENARIO_V12
annual,2020,2020-06-30,2021-06-30,B00S,conservative,ENBR3,0.03333333333333333,0.068923641337,0.068923641337,0.068923641337,EVENTOS_V8_HERDADOS,runtime/Barsi_Graham_Retomada_v8/dados/eventos_retorno_besst2020_v8.csv,a6bab86ba13c0be924759fc470d11351a6de69ce1a2148329469704f3defd093,0.06892364133693207,-2.2643923773083924e-13,MESMA_CLASSE_E_MOTOR_GRAHAM; cobertura documental herdada parcial,True,False,-2.2643923773083924e-13,0.0,,,False,PRESERVADO_V9_OU_CENARIO_V12
annual,2020,2020-06-30,2021-06-30,B00S,conservative,TIET4,0.03333333333333333,-0.020831459274,-0.020831459274,-0.020831459274,EVENTOS_V8_HERDADOS,runtime/Barsi_Graham_Retomada_v8/dados/eventos_retorno_besst2020_v8.csv,a6bab86ba13c0be924759fc470d11351a6de69ce1a2148329469704f3defd093,,,PENDENTE; nao recalculado,True,False,,0.0,,,False,PRESERVADO_V9_OU_CENARIO_V12
annual,2020,2020-06-30,2021-06-30,B00S,conservative,COCE5,0.03333333333333333,0.111349213312,0.111349213312,0.111349213312,EVENTOS_V8_HERDADOS,runtime/Barsi_Graham_Retomada_v8/dados/eventos_retorno_besst2020_v8.csv,a6bab86ba13c0be924759fc470d11351a6de69ce1a2148329469704f3defd093,,,PENDENTE; nao recalculado,True,False,,0.0,,,False,PRESERVADO_V9_OU_CENARIO_V12
annual,2020,2020-06-30,2021-06-30,B00S,conservative,CPLE6,0.03333333333333333,0.123150847718,0.123150847718,0.123150847718,EVENTOS_V8_HERDADOS,runtime/Barsi_Graham_Retomada_v8/dados/eventos_retorno_besst2020_v8.csv,a6bab86ba13c0be924759fc470d11351a6de69ce1a2148329469704f3defd093,,,PENDENTE; nao recalculado,True,False,,0.0,,,False,PRESERVADO_V9_OU_CENARIO_V12
annual,2020,2020-06-30,2021-06-30,B00S,conservative,SAPR4,0.2,-0.308215473413,-0.308215473413,-0.308215473413,EVENTOS_V8_HERDADOS,runtime/Barsi_Graham_Retomada_v8/dados/eventos_retorno_besst2020_v8.csv,a6bab86ba13c0be924759fc470d11351a6de69ce1a2148329469704f3defd093,,,PENDENTE; nao recalculado,True,False,,0.0,-0.3082185993499523,-6.251873904683514e-05,True,CALCULADO_MOTOR_V6_FRACIONARIO_PROVISORIO
annual,2020,2020-06-30,2021-06-30,B00S,conservative,PSSA3,0.1,0.112151259469,0.112151259469,0.112151259469,EVENTOS_V8_HERDADOS,runtime/Barsi_Graham_Retomada_v8/dados/eventos_retorno_besst2020_v8.csv,a6bab86ba13c0be924759fc470d11351a6de69ce1a2148329469704f3defd093,,,PENDENTE; nao recalculado,True,False,,0.0,0.11215277952143388,1.5200524338815358e-05,True,CALCULADO_MOTOR_V6_FRACIONARIO_PROVISORIO
annual,2020,2020-06-30,2021-06-30,B00S,conservative,BBSE3,0.1,-0.110732604912,-0.110732604912,-0.110732604912,EVENTOS_V8_HERDADOS,runtime/Barsi_Graham_Retomada_v8/dados/eventos_retorno_besst2020_v8.csv,a6bab86ba13c0be924759fc470d11351a6de69ce1a2148329469704f3defd093,-0.11073379016302565,-1.185251025645484e-05,CATALOGO_CAIXA_RI_NOMINAL_VERIFICADO; estrutura e completude geral pendentes,True,False,-1.185251025645484e-05,0.0,,,False,PRESERVADO_V9_OU_CENARIO_V12
annual,2020,2020-06-30,2021-06-30,B00S,conservative,TIMP3,0.1,-0.150967318389,-0.150967318389,-0.150967318389,EVENTOS_V8_HERDADOS,runtime/Barsi_Graham_Retomada_v8/dados/eventos_retorno_besst2020_v8.csv,a6bab86ba13c0be924759fc470d11351a6de69ce1a2148329469704f3defd093,,,PENDENTE; nao recalculado,True,False,,0.0,-0.1509695236395866,-2.2052505866121397e-05,True,CALCULADO_MOTOR_V6_FRACIONARIO_PROVISORIO
annual,2020,2020-06-30,2021-06-30,B00S,conservative,VIVT4,0.1,-0.057157903067,-0.057157903067,-0.057157903067,EVENTOS_V8_HERDADOS,runtime/Barsi_Graham_Retomada_v8/dados/eventos_retorno_besst2020_v8.csv,a6bab86ba13c0be924759fc470d11351a6de69ce1a2148329469704f3defd093,,,PENDENTE; nao recalculado,True,False,,0.0,-0.0571575820717497,3.2099525029694043e-06,True,CALCULADO_MOTOR_V6_FRACIONARIO_PROVISORIO
annual,2020,2020-06-30,2021-06-30,B06,central,VIVT4,0.14285714285714285,-0.057157903067,-0.057157903067,-0.057157903067,EVENTOS_V8_HERDADOS,runtime/Barsi_Graham_Retomada_v8/dados/eventos_retorno_besst2020_v8.csv,a6bab86ba13c0be924759fc470d11351a6de69ce1a2148329469704f3defd093,,,PENDENTE; nao recalculado,True,False,,0.0,-0.0571575820717497,4.585646432813434e-06,True,CALCULADO_MOTOR_V6_FRACIONARIO_PROVISORIO
annual,2020,2020-06-30,2021-06-30,B06,central,TIET4,0.14285714285714285,-0.020831459274,-0.020831459274,-0.020831459274,EVENTOS_V8_HERDADOS,runtime/Barsi_Graham_Retomada_v8/dados/eventos_retorno_besst2020_v8.csv,a6bab86ba13c0be924759fc470d11351a6de69ce1a2148329469704f3defd093,,,PENDENTE; nao recalculado,True,False,,0.0,,,False,PRESERVADO_V9_OU_CENARIO_V12
annual,2020,2020-06-30,2021-06-30,B06,central,BBSE3,0.14285714285714285,-0.110732604912,-0.110732604912,-0.110732604912,EVENTOS_V8_HERDADOS,runtime/Barsi_Graham_Retomada_v8/dados/eventos_retorno_besst2020_v8.csv,a6bab86ba13c0be924759fc470d11351a6de69ce1a2148329469704f3defd093,-0.11073379016302565,-1.6932157509221198e-05,CATALOGO_CAIXA_RI_NOMINAL_VERIFICADO; estrutura e completude geral pendentes,True,False,-1.6932157509221198e-05,0.0,,,False,PRESERVADO_V9_OU_CENARIO_V12
annual,2020,2020-06-30,2021-06-30,B06,central,ABCB4,0.14285714285714285,0.182760466389,0.182760466389,0.182760466389,EVENTOS_V8_HERDADOS,runtime/Barsi_Graham_Retomada_v8/dados/eventos_retorno_besst2020_v8.csv,a6bab86ba13c0be924759fc470d11351a6de69ce1a2148329469704f3defd093,,,PENDENTE; nao recalculado,True,False,,0.0,,,False,PRESERVADO_V9_OU_CENARIO_V12
annual,2020,2020-06-30,2021-06-30,B06,central,ITUB4,0.14285714285714285,0.199288769922,0.199288769922,0.199288769922,EVENTOS_V8_HERDADOS,runtime/Barsi_Graham_Retomada_v8/dados/eventos_retorno_besst2020_v8.csv,a6bab86ba13c0be924759fc470d11351a6de69ce1a2148329469704f3defd093,,,PENDENTE; nao recalculado,True,False,,0.0,,,False,PRESERVADO_V9_OU_CENARIO_V12
annual,2020,2020-06-30,2021-06-30,B06,central,SAPR4,0.14285714285714285,-0.308215473413,-0.308215473413,-0.308215473413,EVENTOS_V8_HERDADOS,runtime/Barsi_Graham_Retomada_v8/dados/eventos_retorno_besst2020_v8.csv,a6bab86ba13c0be924759fc470d11351a6de69ce1a2148329469704f3defd093,,,PENDENTE; nao recalculado,True,False,,0.0,-0.3082185993499523,-4.465624217631081e-05,True,CALCULADO_MOTOR_V6_FRACIONARIO_PROVISORIO
annual,2020,2020-06-30,2021-06-30,B06,central,BRSR6,0.14285714285714285,0.035164734773,0.035164734773,0.035164734773,EVENTOS_V8_HERDADOS,runtime/Barsi_Graham_Retomada_v8/dados/eventos_retorno_besst2020_v8.csv,a6bab86ba13c0be924759fc470d11351a6de69ce1a2148329469704f3defd093,,,PENDENTE; nao recalculado,True,False,,0.0,,,False,PRESERVADO_V9_OU_CENARIO_V12
annual,2020,2020-06-30,2021-06-30,B06,conservative,VIVT4,0.2,-0.057157903067,-0.057157903067,-0.057157903067,EVENTOS_V8_HERDADOS,runtime/Barsi_Graham_Retomada_v8/dados/eventos_retorno_besst2020_v8.csv,a6bab86ba13c0be924759fc470d11351a6de69ce1a2148329469704f3defd093,,,PENDENTE; nao recalculado,True,False,,0.0,-0.0571575820717497,6.4199050059388085e-06,True,CALCULADO_MOTOR_V6_FRACIONARIO_PROVISORIO
annual,2020,2020-06-30,2021-06-30,B06,conservative,ABCB4,0.2,0.182760466389,0.182760466389,0.182760466389,EVENTOS_V8_HERDADOS,runtime/Barsi_Graham_Retomada_v8/dados/eventos_retorno_besst2020_v8.csv,a6bab86ba13c0be924759fc470d11351a6de69ce1a2148329469704f3defd093,,,PENDENTE; nao recalculado,True,False,,0.0,,,False,PRESERVADO_V9_OU_CENARIO_V12
annual,2020,2020-06-30,2021-06-30,B06,conservative,ITUB4,0.2,0.199288769922,0.199288769922,0.199288769922,EVENTOS_V8_HERDADOS,runtime/Barsi_Graham_Retomada_v8/dados/eventos_retorno_besst2020_v8.csv,a6bab86ba13c0be924759fc470d11351a6de69ce1a2148329469704f3defd093,,,PENDENTE; nao recalculado,True,False,,0.0,,,False,PRESERVADO_V9_OU_CENARIO_V12
annual,2020,2020-06-30,2021-06-30,B06,conservative,SAPR4,0.2,-0.308215473413,-0.308215473413,-0.308215473413,EVENTOS_V8_HERDADOS,runtime/Barsi_Graham_Retomada_v8/dados/eventos_retorno_besst2020_v8.csv,a6bab86ba13c0be924759fc470d11351a6de69ce1a2148329469704f3defd093,,,PENDENTE; nao recalculado,True,False,,0.0,-0.3082185993499523,-6.251873904683514e-05,True,CALCULADO_MOTOR_V6_FRACIONARIO_PROVISORIO
annual,2020,2020-06-30,2021-06-30,B06,conservative,BRSR6,0.2,0.035164734773,0.035164734773,0.035164734773,EVENTOS_V8_HERDADOS,runtime/Barsi_Graham_Retomada_v8/dados/eventos_retorno_besst2020_v8.csv,a6bab86ba13c0be924759fc470d11351a6de69ce1a2148329469704f3defd093,,,PENDENTE; nao recalculado,True,False,,0.0,,,False,PRESERVADO_V9_OU_CENARIO_V12
annual,2020,2020-06-30,2021-06-30,B06S,central,ABCB4,0.06666666666666667,0.182760466389,0.182760466389,0.182760466389,EVENTOS_V8_HERDADOS,runtime/Barsi_Graham_Retomada_v8/dados/eventos_retorno_besst2020_v8.csv,a6bab86ba13c0be924759fc470d11351a6de69ce1a2148329469704f3defd093,,,PENDENTE; nao recalculado,True,False,,0.0,,,False,PRESERVADO_V9_OU_CENARIO_V12
annual,2020,2020-06-30,2021-06-30,B06S,central,ITUB4,0.06666666666666667,0.199288769922,0.199288769922,0.199288769922,EVENTOS_V8_HERDADOS,runtime/Barsi_Graham_Retomada_v8/dados/eventos_retorno_besst2020_v8.csv,a6bab86ba13c0be924759fc470d11351a6de69ce1a2148329469704f3defd093,,,PENDENTE; nao recalculado,True,False,,0.0,,,False,PRESERVADO_V9_OU_CENARIO_V12
annual,2020,2020-06-30,2021-06-30,B06S,central,BRSR6,0.06666666666666667,0.035164734773,0.035164734773,0.035164734773,EVENTOS_V8_HERDADOS,runtime/Barsi_Graham_Retomada_v8/dados/eventos_retorno_besst2020_v8.csv,a6bab86ba13c0be924759fc470d11351a6de69ce1a2148329469704f3defd093,,,PENDENTE; nao recalculado,True,False,,0.0,,,False,PRESERVADO_V9_OU_CENARIO_V12
annual,2020,2020-06-30,2021-06-30,B06S,central,TIET4,0.2,-0.020831459274,-0.020831459274,-0.020831459274,EVENTOS_V8_HERDADOS,runtime/Barsi_Graham_Retomada_v8/dados/eventos_retorno_besst2020_v8.csv,a6bab86ba13c0be924759fc470d11351a6de69ce1a2148329469704f3defd093,,,PENDENTE; nao recalculado,True,False,,0.0,,,False,PRESERVADO_V9_OU_CENARIO_V12
annual,2020,2020-06-30,2021-06-30,B06S,central,SAPR4,0.2,-0.308215473413,-0.308215473413,-0.308215473413,EVENTOS_V8_HERDADOS,runtime/Barsi_Graham_Retomada_v8/dados/eventos_retorno_besst2020_v8.csv,a6bab86ba13c0be924759fc470d11351a6de69ce1a2148329469704f3defd093,,,PENDENTE; nao recalculado,True,False,,0.0,-0.3082185993499523,-6.251873904683514e-05,True,CALCULADO_MOTOR_V6_FRACIONARIO_PROVISORIO
annual,2020,2020-06-30,2021-06-30,B06S,central,BBSE3,0.2,-0.110732604912,-0.110732604912,-0.110732604912,EVENTOS_V8_HERDADOS,runtime/Barsi_Graham_Retomada_v8/dados/eventos_retorno_besst2020_v8.csv,a6bab86ba13c0be924759fc470d11351a6de69ce1a2148329469704f3defd093,-0.11073379016302565,-2.370502051290968e-05,CATALOGO_CAIXA_RI_NOMINAL_VERIFICADO; estrutura e completude geral pendentes,True,False,-2.370502051290968e-05,0.0,,,False,PRESERVADO_V9_OU_CENARIO_V12
annual,2020,2020-06-30,2021-06-30,B06S,central,VIVT4,0.2,-0.057157903067,-0.057157903067,-0.057157903067,EVENTOS_V8_HERDADOS,runtime/Barsi_Graham_Retomada_v8/dados/eventos_retorno_besst2020_v8.csv,a6bab86ba13c0be924759fc470d11351a6de69ce1a2148329469704f3defd093,,,PENDENTE; nao recalculado,True,False,,0.0,-0.0571575820717497,6.4199050059388085e-06,True,CALCULADO_MOTOR_V6_FRACIONARIO_PROVISORIO
annual,2020,2020-06-30,2021-06-30,B06S,conservative,ABCB4,0.1111111111111111,0.182760466389,0.182760466389,0.182760466389,EVENTOS_V8_HERDADOS,runtime/Barsi_Graham_Retomada_v8/dados/eventos_retorno_besst2020_v8.csv,a6bab86ba13c0be924759fc470d11351a6de69ce1a2148329469704f3defd093,,,PENDENTE; nao recalculado,True,False,,0.0,,,False,PRESERVADO_V9_OU_CENARIO_V12
annual,2020,2020-06-30,2021-06-30,B06S,conservative,ITUB4,0.1111111111111111,0.199288769922,0.199288769922,0.199288769922,EVENTOS_V8_HERDADOS,runtime/Barsi_Graham_Retomada_v8/dados/eventos_retorno_besst2020_v8.csv,a6bab86ba13c0be924759fc470d11351a6de69ce1a2148329469704f3defd093,,,PENDENTE; nao recalculado,True,False,,0.0,,,False,PRESERVADO_V9_OU_CENARIO_V12
annual,2020,2020-06-30,2021-06-30,B06S,conservative,BRSR6,0.1111111111111111,0.035164734773,0.035164734773,0.035164734773,EVENTOS_V8_HERDADOS,runtime/Barsi_Graham_Retomada_v8/dados/eventos_retorno_besst2020_v8.csv,a6bab86ba13c0be924759fc470d11351a6de69ce1a2148329469704f3defd093,,,PENDENTE; nao recalculado,True,False,,0.0,,,False,PRESERVADO_V9_OU_CENARIO_V12
annual,2020,2020-06-30,2021-06-30,B06S,conservative,SAPR4,0.3333333333333333,-0.308215473413,-0.308215473413,-0.308215473413,EVENTOS_V8_HERDADOS,runtime/Barsi_Graham_Retomada_v8/dados/eventos_retorno_besst2020_v8.csv,a6bab86ba13c0be924759fc470d11351a6de69ce1a2148329469704f3defd093,,,PENDENTE; nao recalculado,True,False,,0.0,-0.3082185993499523,-0.00010419789841139188,True,CALCULADO_MOTOR_V6_FRACIONARIO_PROVISORIO
annual,2020,2020-06-30,2021-06-30,B06S,conservative,VIVT4,0.3333333333333333,-0.057157903067,-0.057157903067,-0.057157903067,EVENTOS_V8_HERDADOS,runtime/Barsi_Graham_Retomada_v8/dados/eventos_retorno_besst2020_v8.csv,a6bab86ba13c0be924759fc470d11351a6de69ce1a2148329469704f3defd093,,,PENDENTE; nao recalculado,True,False,,0.0,-0.0571575820717497,1.069984167656468e-05,True,CALCULADO_MOTOR_V6_FRACIONARIO_PROVISORIO
annual,2021,2021-06-30,2022-06-30,B00,central,BBAS3,0.05,0.13851540616246494,0.11859321506380338,0.15843759726112672,APROXIMACAO_CAIXA_V9,Barsi_Graham_Comparacao_Final_v9/scripts/compute_besst.py,09d1327cf74b79991a32c82e463602b3bfdd7645f8ceababa0bef1d1ec2a81c7,,,PENDENTE; nao recalculado,False,False,,0.0996109554933089,,,False,PRESERVADO_V9_OU_CENARIO_V12
annual,2021,2021-06-30,2022-06-30,B00,central,NEOE3,0.05,-0.10290731145653431,-0.11053540587219357,-0.09527921704087516,APROXIMACAO_CAIXA_V9,Barsi_Graham_Comparacao_Final_v9/scripts/compute_besst.py,09d1327cf74b79991a32c82e463602b3bfdd7645f8ceababa0bef1d1ec2a81c7,,,PENDENTE; nao recalculado,False,False,,0.03814047207829574,,,False,PRESERVADO_V9_OU_CENARIO_V12
annual,2021,2021-06-30,2022-06-30,B00,central,PSSA3,0.05,-0.2896016457826819,-0.2988217692163829,-0.2803815223489807,APROXIMACAO_CAIXA_V9,Barsi_Graham_Comparacao_Final_v9/scripts/compute_besst.py,09d1327cf74b79991a32c82e463602b3bfdd7645f8ceababa0bef1d1ec2a81c7,,,PENDENTE; nao recalculado,False,False,,0.046100617168505775,-0.3042546372484275,-0.07326495732872806,True,CALCULADO_MOTOR_V6_FRACIONARIO_PROVISORIO
annual,2021,2021-06-30,2022-06-30,B00,central,CPFE3,0.05,0.27653288740245263,0.2507320698625044,0.30233370494240064,APROXIMACAO_CAIXA_V9,Barsi_Graham_Comparacao_Final_v9/scripts/compute_besst.py,09d1327cf74b79991a32c82e463602b3bfdd7645f8ceababa0bef1d1ec2a81c7,,,PENDENTE; nao recalculado,False,False,,0.12900408769974003,,,False,PRESERVADO_V9_OU_CENARIO_V12
annual,2021,2021-06-30,2022-06-30,B00,central,EGIE3,0.05,0.11592592592592599,0.10372413793103452,0.12812771392081723,APROXIMACAO_CAIXA_V9,Barsi_Graham_Comparacao_Final_v9/scripts/compute_besst.py,09d1327cf74b79991a32c82e463602b3bfdd7645f8ceababa0bef1d1ec2a81c7,,,PENDENTE; nao recalculado,False,False,,0.06100893997445622,,,False,PRESERVADO_V9_OU_CENARIO_V12
annual,2021,2021-06-30,2022-06-30,B00,central,VIVT3,0.05,0.1980833333333334,0.1825619047619047,0.21360476190476207,APROXIMACAO_CAIXA_V9,Barsi_Graham_Comparacao_Final_v9/scripts/compute_besst.py,09d1327cf74b79991a32c82e463602b3bfdd7645f8ceababa0bef1d1ec2a81c7,,,PENDENTE; nao recalculado,False,False,,0.07760714285714343,0.20804088364255757,0.04978775154612092,True,CALCULADO_MOTOR_V6_FRACIONARIO_PROVISORIO
annual,2021,2021-06-30,2022-06-30,B00,central,TRPL4,0.05,0.008190514149063244,-0.01034675169390209,0.02672777999202869,APROXIMACAO_CAIXA_V9,Barsi_Graham_Comparacao_Final_v9/scripts/compute_besst.py,09d1327cf74b79991a32c82e463602b3bfdd7645f8ceababa0bef1d1ec2a81c7,,,PENDENTE; nao recalculado,False,False,,0.09268632921482722,,,False,PRESERVADO_V9_OU_CENARIO_V12
annual,2021,2021-06-30,2022-06-30,B00,central,EQTL3,0.05,-0.05161290322580647,-0.057096774193548416,-0.04612903225806464,APROXIMACAO_CAIXA_V9,Barsi_Graham_Comparacao_Final_v9/scripts/compute_besst.py,09d1327cf74b79991a32c82e463602b3bfdd7645f8ceababa0bef1d1ec2a81c7,,,PENDENTE; nao recalculado,False,False,,0.027419354838709165,,,False,PRESERVADO_V9_OU_CENARIO_V12
annual,2021,2021-06-30,2022-06-30,B00,central,ENBR3,0.05,0.2825045965195554,0.2323303167420816,0.26846153846153853,CHECKPOINT_EVENTOS_V6_HERDADO,runtime/Barsi_Graham_Retomada_v8/herdado_v7/herdado_v6/checkpoints/casos_v6/ENBR3_2021-06-30_2022-06-30.json,c4f57670318d9ca1aa1758d80775d2ce4f31a1b09520081c4fc8591be5e4fb6a,0.2825045965195554,0.0,MESMA_CLASSE_E_MOTOR_GRAHAM; cobertura documental herdada parcial,True,False,0.07021529029008433,-0.07021529029008433,,,False,PRESERVADO_V9_OU_CENARIO_V12
annual,2021,2021-06-30,2022-06-30,B00,central,TAEE4,0.05,0.17485829959514176,0.14960323886639681,0.2001133603238865,APROXIMACAO_CAIXA_V9,Barsi_Graham_Comparacao_Final_v9/scripts/compute_besst.py,09d1327cf74b79991a32c82e463602b3bfdd7645f8ceababa0bef1d1ec2a81c7,,,PENDENTE; nao recalculado,False,False,,0.12627530364372364,,,False,PRESERVADO_V9_OU_CENARIO_V12
annual,2021,2021-06-30,2022-06-30,B00,central,CMIG4,0.05,0.2430173124484749,0.21690354492992592,0.2691310799670239,APROXIMACAO_CAIXA_V9,Barsi_Graham_Comparacao_Final_v9/scripts/compute_besst.py,09d1327cf74b79991a32c82e463602b3bfdd7645f8ceababa0bef1d1ec2a81c7,,,PENDENTE; nao recalculado,False,False,,0.13056883759274496,,,False,PRESERVADO_V9_OU_CENARIO_V12
annual,2021,2021-06-30,2022-06-30,B00,central,CSMG3,0.05,-0.22034824683672272,-0.22197546804389934,-0.20481601032924468,CHECKPOINT_EVENTOS_V6_HERDADO,runtime/Barsi_Graham_Retomada_v8/herdado_v7/herdado_v6/checkpoints/casos_v6/CSMG3_2021-06-30_2022-06-30.json,97c995faeefd88597b26ff107f78ac969b2ff96fc8c3d951bd2a895e7fb60671,-0.22034824683672272,0.0,MESMA_CLASSE_E_MOTOR_GRAHAM; cobertura documental herdada parcial,True,False,-0.07766118253739018,0.07766118253739018,,,False,PRESERVADO_V9_OU_CENARIO_V12
annual,2021,2021-06-30,2022-06-30,B00,central,BBSE3,0.05,0.1876406926406926,0.17487445887445885,0.20040692640692637,APROXIMACAO_CAIXA_V9,Barsi_Graham_Comparacao_Final_v9/scripts/compute_besst.py,09d1327cf74b79991a32c82e463602b3bfdd7645f8ceababa0bef1d1ec2a81c7,0.1982319035011142,0.052956054302107924,CATALOGO_CAIXA_RI_NOMINAL_VERIFICADO; estrutura e completude geral pendentes,True,False,-0.01087511452906087,0.0638311688311688,,,False,PRESERVADO_V9_OU_CENARIO_V12
annual,2021,2021-06-30,2022-06-30,B00,central,ABCB4,0.05,0.06079974811083133,0.044105793450881725,0.07749370277078071,APROXIMACAO_CAIXA_V9,Barsi_Graham_Comparacao_Final_v9/scripts/compute_besst.py,09d1327cf74b79991a32c82e463602b3bfdd7645f8ceababa0bef1d1ec2a81c7,,,PENDENTE; nao recalculado,False,False,,0.08346977329974692,,,False,PRESERVADO_V9_OU_CENARIO_V12
annual,2021,2021-06-30,2022-06-30,B00,central,SBSP3,0.05,0.17114543466375065,0.16747949699289233,0.1748113723346092,APROXIMACAO_CAIXA_V9,Barsi_Graham_Comparacao_Final_v9/scripts/compute_besst.py,09d1327cf74b79991a32c82e463602b3bfdd7645f8ceababa0bef1d1ec2a81c7,0.17722085306997815,0.030377092031137476,MESMA_CLASSE_E_MOTOR_GRAHAM; cobertura documental herdada parcial,True,False,0.012047403676844759,0.018329688354292717,,,False,PRESERVADO_V9_OU_CENARIO_V12
annual,2021,2021-06-30,2022-06-30,B00,central,BBDC4,0.05,-0.23752064318694133,-0.24331637090400315,-0.2317249154698795,APROXIMACAO_CAIXA_V9,Barsi_Graham_Comparacao_Final_v9/scripts/compute_besst.py,09d1327cf74b79991a32c82e463602b3bfdd7645f8ceababa0bef1d1ec2a81c7,,,PENDENTE; nao recalculado,False,False,,0.028978638585309136,,,False,PRESERVADO_V9_OU_CENARIO_V12
annual,2021,2021-06-30,2022-06-30,B00,central,ITUB4,0.05,-0.2069295302013423,-0.21339597315436232,-0.20046308724832218,APROXIMACAO_CAIXA_V9,Barsi_Graham_Comparacao_Final_v9/scripts/compute_besst.py,09d1327cf74b79991a32c82e463602b3bfdd7645f8ceababa0bef1d1ec2a81c7,,,PENDENTE; nao recalculado,False,False,,0.03233221476510062,,,False,PRESERVADO_V9_OU_CENARIO_V12
annual,2021,2021-06-30,2022-06-30,B00,central,CPLE6,0.05,0.33693086003372685,0.2998988195615515,0.3739629005059024,APROXIMACAO_CAIXA_V9,Barsi_Graham_Comparacao_Final_v9/scripts/compute_besst.py,09d1327cf74b79991a32c82e463602b3bfdd7645f8ceababa0bef1d1ec2a81c7,,,PENDENTE; nao recalculado,False,False,,0.18516020236087782,,,False,PRESERVADO_V9_OU_CENARIO_V12
annual,2021,2021-06-30,2022-06-30,B00,central,SAPR4,0.05,-0.04188544152744644,-0.05451073985680199,-0.029260143198090782,APROXIMACAO_CAIXA_V9,Barsi_Graham_Comparacao_Final_v9/scripts/compute_besst.py,09d1327cf74b79991a32c82e463602b3bfdd7645f8ceababa0bef1d1ec2a81c7,,,PENDENTE; nao recalculado,False,False,,0.0631264916467783,-0.049548468439266746,-0.038315134559101516,True,CALCULADO_MOTOR_V6_FRACIONARIO_PROVISORIO
annual,2021,2021-06-30,2022-06-30,B00,central,SANB4,0.05,-0.21797245963912626,-0.2305982905982905,-0.2053466286799619,APROXIMACAO_CAIXA_V9,Barsi_Graham_Comparacao_Final_v9/scripts/compute_besst.py,09d1327cf74b79991a32c82e463602b3bfdd7645f8ceababa0bef1d1ec2a81c7,,,PENDENTE; nao recalculado,False,False,,0.06312915479582182,,,False,PRESERVADO_V9_OU_CENARIO_V12
annual,2021,2021-06-30,2022-06-30,B00,conservative,BBAS3,0.05555555555555555,0.13851540616246494,0.11859321506380338,0.15843759726112672,APROXIMACAO_CAIXA_V9,Barsi_Graham_Comparacao_Final_v9/scripts/compute_besst.py,09d1327cf74b79991a32c82e463602b3bfdd7645f8ceababa0bef1d1ec2a81c7,,,PENDENTE; nao recalculado,False,False,,0.11067883943700987,,,False,PRESERVADO_V9_OU_CENARIO_V12
annual,2021,2021-06-30,2022-06-30,B00,conservative,PSSA3,0.05555555555555555,-0.2896016457826819,-0.2988217692163829,-0.2803815223489807,APROXIMACAO_CAIXA_V9,Barsi_Graham_Comparacao_Final_v9/scripts/compute_besst.py,09d1327cf74b79991a32c82e463602b3bfdd7645f8ceababa0bef1d1ec2a81c7,,,PENDENTE; nao recalculado,False,False,,0.05122290796500641,-0.3042546372484275,-0.08140550814303119,True,CALCULADO_MOTOR_V6_FRACIONARIO_PROVISORIO
annual,2021,2021-06-30,2022-06-30,B00,conservative,CPFE3,0.05555555555555555,0.27653288740245263,0.2507320698625044,0.30233370494240064,APROXIMACAO_CAIXA_V9,Barsi_Graham_Comparacao_Final_v9/scripts/compute_besst.py,09d1327cf74b79991a32c82e463602b3bfdd7645f8ceababa0bef1d1ec2a81c7,,,PENDENTE; nao recalculado,False,False,,0.14333787522193336,,,False,PRESERVADO_V9_OU_CENARIO_V12
annual,2021,2021-06-30,2022-06-30,B00,conservative,EGIE3,0.05555555555555555,0.11592592592592599,0.10372413793103452,0.12812771392081723,APROXIMACAO_CAIXA_V9,Barsi_Graham_Comparacao_Final_v9/scripts/compute_besst.py,09d1327cf74b79991a32c82e463602b3bfdd7645f8ceababa0bef1d1ec2a81c7,,,PENDENTE; nao recalculado,False,False,,0.06778771108272913,,,False,PRESERVADO_V9_OU_CENARIO_V12
annual,2021,2021-06-30,2022-06-30,B00,conservative,VIVT3,0.05555555555555555,0.1980833333333334,0.1825619047619047,0.21360476190476207,APROXIMACAO_CAIXA_V9,Barsi_Graham_Comparacao_Final_v9/scripts/compute_besst.py,09d1327cf74b79991a32c82e463602b3bfdd7645f8ceababa0bef1d1ec2a81c7,,,PENDENTE; nao recalculado,False,False,,0.08623015873015936,0.20804088364255757,0.055319723940134354,True,CALCULADO_MOTOR_V6_FRACIONARIO_PROVISORIO
annual,2021,2021-06-30,2022-06-30,B00,conservative,TRPL4,0.05555555555555555,0.008190514149063244,-0.01034675169390209,0.02672777999202869,APROXIMACAO_CAIXA_V9,Barsi_Graham_Comparacao_Final_v9/scripts/compute_besst.py,09d1327cf74b79991a32c82e463602b3bfdd7645f8ceababa0bef1d1ec2a81c7,,,PENDENTE; nao recalculado,False,False,,0.1029848102386969,,,False,PRESERVADO_V9_OU_CENARIO_V12
annual,2021,2021-06-30,2022-06-30,B00,conservative,EQTL3,0.05555555555555555,-0.05161290322580647,-0.057096774193548416,-0.04612903225806464,APROXIMACAO_CAIXA_V9,Barsi_Graham_Comparacao_Final_v9/scripts/compute_besst.py,09d1327cf74b79991a32c82e463602b3bfdd7645f8ceababa0bef1d1ec2a81c7,,,PENDENTE; nao recalculado,False,False,,0.03046594982078796,,,False,PRESERVADO_V9_OU_CENARIO_V12
annual,2021,2021-06-30,2022-06-30,B00,conservative,ENBR3,0.05555555555555555,0.2825045965195554,0.2323303167420816,0.26846153846153853,CHECKPOINT_EVENTOS_V6_HERDADO,runtime/Barsi_Graham_Retomada_v8/herdado_v7/herdado_v6/checkpoints/casos_v6/ENBR3_2021-06-30_2022-06-30.json,c4f57670318d9ca1aa1758d80775d2ce4f31a1b09520081c4fc8591be5e4fb6a,0.2825045965195554,0.0,MESMA_CLASSE_E_MOTOR_GRAHAM; cobertura documental herdada parcial,True,False,0.07801698921120481,-0.07801698921120481,,,False,PRESERVADO_V9_OU_CENARIO_V12
annual,2021,2021-06-30,2022-06-30,B00,conservative,TAEE4,0.05555555555555555,0.17485829959514176,0.14960323886639681,0.2001133603238865,APROXIMACAO_CAIXA_V9,Barsi_Graham_Comparacao_Final_v9/scripts/compute_besst.py,09d1327cf74b79991a32c82e463602b3bfdd7645f8ceababa0bef1d1ec2a81c7,,,PENDENTE; nao recalculado,False,False,,0.1403058929374707,,,False,PRESERVADO_V9_OU_CENARIO_V12
annual,2021,2021-06-30,2022-06-30,B00,conservative,CSMG3,0.05555555555555555,-0.22034824683672272,-0.22197546804389934,-0.20481601032924468,CHECKPOINT_EVENTOS_V6_HERDADO,runtime/Barsi_Graham_Retomada_v8/herdado_v7/herdado_v6/checkpoints/casos_v6/CSMG3_2021-06-30_2022-06-30.json,97c995faeefd88597b26ff107f78ac969b2ff96fc8c3d951bd2a895e7fb60671,-0.22034824683672272,0.0,MESMA_CLASSE_E_MOTOR_GRAHAM; cobertura documental herdada parcial,True,False,-0.08629020281932243,0.08629020281932243,,,False,PRESERVADO_V9_OU_CENARIO_V12
annual,2021,2021-06-30,2022-06-30,B00,conservative,BBSE3,0.05555555555555555,0.1876406926406926,0.17487445887445885,0.20040692640692637,APROXIMACAO_CAIXA_V9,Barsi_Graham_Comparacao_Final_v9/scripts/compute_besst.py,09d1327cf74b79991a32c82e463602b3bfdd7645f8ceababa0bef1d1ec2a81c7,0.1982319035011142,0.058840060335675466,CATALOGO_CAIXA_RI_NOMINAL_VERIFICADO; estrutura e completude geral pendentes,True,False,-0.01208346058784541,0.07092352092352087,,,False,PRESERVADO_V9_OU_CENARIO_V12
annual,2021,2021-06-30,2022-06-30,B00,conservative,ABCB4,0.05555555555555555,0.06079974811083133,0.044105793450881725,0.07749370277078071,APROXIMACAO_CAIXA_V9,Barsi_Graham_Comparacao_Final_v9/scripts/compute_besst.py,09d1327cf74b79991a32c82e463602b3bfdd7645f8ceababa0bef1d1ec2a81c7,,,PENDENTE; nao recalculado,False,False,,0.09274419255527436,,,False,PRESERVADO_V9_OU_CENARIO_V12
annual,2021,2021-06-30,2022-06-30,B00,conservative,SBSP3,0.05555555555555555,0.17114543466375065,0.16747949699289233,0.1748113723346092,APROXIMACAO_CAIXA_V9,Barsi_Graham_Comparacao_Final_v9/scripts/compute_besst.py,09d1327cf74b79991a32c82e463602b3bfdd7645f8ceababa0bef1d1ec2a81c7,0.17722085306997815,0.03375232447904164,MESMA_CLASSE_E_MOTOR_GRAHAM; cobertura documental herdada parcial,True,False,0.013386004085383065,0.020366320393658575,,,False,PRESERVADO_V9_OU_CENARIO_V12
annual,2021,2021-06-30,2022-06-30,B00,conservative,BBDC4,0.05555555555555555,-0.23752064318694133,-0.24331637090400315,-0.2317249154698795,APROXIMACAO_CAIXA_V9,Barsi_Graham_Comparacao_Final_v9/scripts/compute_besst.py,09d1327cf74b79991a32c82e463602b3bfdd7645f8ceababa0bef1d1ec2a81c7,,,PENDENTE; nao recalculado,False,False,,0.03219848731701015,,,False,PRESERVADO_V9_OU_CENARIO_V12
annual,2021,2021-06-30,2022-06-30,B00,conservative,ITUB4,0.05555555555555555,-0.2069295302013423,-0.21339597315436232,-0.20046308724832218,APROXIMACAO_CAIXA_V9,Barsi_Graham_Comparacao_Final_v9/scripts/compute_besst.py,09d1327cf74b79991a32c82e463602b3bfdd7645f8ceababa0bef1d1ec2a81c7,,,PENDENTE; nao recalculado,False,False,,0.03592468307233402,,,False,PRESERVADO_V9_OU_CENARIO_V12
annual,2021,2021-06-30,2022-06-30,B00,conservative,CPLE6,0.05555555555555555,0.33693086003372685,0.2998988195615515,0.3739629005059024,APROXIMACAO_CAIXA_V9,Barsi_Graham_Comparacao_Final_v9/scripts/compute_besst.py,09d1327cf74b79991a32c82e463602b3bfdd7645f8ceababa0bef1d1ec2a81c7,,,PENDENTE; nao recalculado,False,False,,0.20573355817875313,,,False,PRESERVADO_V9_OU_CENARIO_V12
annual,2021,2021-06-30,2022-06-30,B00,conservative,SAPR4,0.05555555555555555,-0.04188544152744644,-0.05451073985680199,-0.029260143198090782,APROXIMACAO_CAIXA_V9,Barsi_Graham_Comparacao_Final_v9/scripts/compute_besst.py,09d1327cf74b79991a32c82e463602b3bfdd7645f8ceababa0bef1d1ec2a81c7,,,PENDENTE; nao recalculado,False,False,,0.0701405462741981,-0.049548468439266746,-0.04257237173233502,True,CALCULADO_MOTOR_V6_FRACIONARIO_PROVISORIO
annual,2021,2021-06-30,2022-06-30,B00,conservative,SANB4,0.05555555555555555,-0.21797245963912626,-0.2305982905982905,-0.2053466286799619,APROXIMACAO_CAIXA_V9,Barsi_Graham_Comparacao_Final_v9/scripts/compute_besst.py,09d1327cf74b79991a32c82e463602b3bfdd7645f8ceababa0bef1d1ec2a81c7,,,PENDENTE; nao recalculado,False,False,,0.0701435053286909,,,False,PRESERVADO_V9_OU_CENARIO_V12
annual,2021,2021-06-30,2022-06-30,B00S,central,BBAS3,0.04,0.13851540616246494,0.11859321506380338,0.15843759726112672,APROXIMACAO_CAIXA_V9,Barsi_Graham_Comparacao_Final_v9/scripts/compute_besst.py,09d1327cf74b79991a32c82e463602b3bfdd7645f8ceababa0bef1d1ec2a81c7,,,PENDENTE; nao recalculado,False,False,,0.07968876439464712,,,False,PRESERVADO_V9_OU_CENARIO_V12
annual,2021,2021-06-30,2022-06-30,B00S,central,ABCB4,0.04,0.06079974811083133,0.044105793450881725,0.07749370277078071,APROXIMACAO_CAIXA_V9,Barsi_Graham_Comparacao_Final_v9/scripts/compute_besst.py,09d1327cf74b79991a32c82e463602b3bfdd7645f8ceababa0bef1d1ec2a81c7,,,PENDENTE; nao recalculado,False,False,,0.06677581863979754,,,False,PRESERVADO_V9_OU_CENARIO_V12
annual,2021,2021-06-30,2022-06-30,B00S,central,BBDC4,0.04,-0.23752064318694133,-0.24331637090400315,-0.2317249154698795,APROXIMACAO_CAIXA_V9,Barsi_Graham_Comparacao_Final_v9/scripts/compute_besst.py,09d1327cf74b79991a32c82e463602b3bfdd7645f8ceababa0bef1d1ec2a81c7,,,PENDENTE; nao recalculado,False,False,,0.02318291086824731,,,False,PRESERVADO_V9_OU_CENARIO_V12
annual,2021,2021-06-30,2022-06-30,B00S,central,ITUB4,0.04,-0.2069295302013423,-0.21339597315436232,-0.20046308724832218,APROXIMACAO_CAIXA_V9,Barsi_Graham_Comparacao_Final_v9/scripts/compute_besst.py,09d1327cf74b79991a32c82e463602b3bfdd7645f8ceababa0bef1d1ec2a81c7,,,PENDENTE; nao recalculado,False,False,,0.025865771812080496,,,False,PRESERVADO_V9_OU_CENARIO_V12
annual,2021,2021-06-30,2022-06-30,B00S,central,SANB4,0.04,-0.21797245963912626,-0.2305982905982905,-0.2053466286799619,APROXIMACAO_CAIXA_V9,Barsi_Graham_Comparacao_Final_v9/scripts/compute_besst.py,09d1327cf74b79991a32c82e463602b3bfdd7645f8ceababa0bef1d1ec2a81c7,,,PENDENTE; nao recalculado,False,False,,0.050503323836657454,,,False,PRESERVADO_V9_OU_CENARIO_V12
annual,2021,2021-06-30,2022-06-30,B00S,central,NEOE3,0.022222222222222223,-0.10290731145653431,-0.11053540587219357,-0.09527921704087516,APROXIMACAO_CAIXA_V9,Barsi_Graham_Comparacao_Final_v9/scripts/compute_besst.py,09d1327cf74b79991a32c82e463602b3bfdd7645f8ceababa0bef1d1ec2a81c7,,,PENDENTE; nao recalculado,False,False,,0.016951320923686997,,,False,PRESERVADO_V9_OU_CENARIO_V12
annual,2021,2021-06-30,2022-06-30,B00S,central,CPFE3,0.022222222222222223,0.27653288740245263,0.2507320698625044,0.30233370494240064,APROXIMACAO_CAIXA_V9,Barsi_Graham_Comparacao_Final_v9/scripts/compute_besst.py,09d1327cf74b79991a32c82e463602b3bfdd7645f8ceababa0bef1d1ec2a81c7,,,PENDENTE; nao recalculado,False,False,,0.05733515008877335,,,False,PRESERVADO_V9_OU_CENARIO_V12
annual,2021,2021-06-30,2022-06-30,B00S,central,EGIE3,0.022222222222222223,0.11592592592592599,0.10372413793103452,0.12812771392081723,APROXIMACAO_CAIXA_V9,Barsi_Graham_Comparacao_Final_v9/scripts/compute_besst.py,09d1327cf74b79991a32c82e463602b3bfdd7645f8ceababa0bef1d1ec2a81c7,,,PENDENTE; nao recalculado,False,False,,0.027115084433091654,,,False,PRESERVADO_V9_OU_CENARIO_V12
annual,2021,2021-06-30,2022-06-30,B00S,central,TRPL4,0.022222222222222223,0.008190514149063244,-0.01034675169390209,0.02672777999202869,APROXIMACAO_CAIXA_V9,Barsi_Graham_Comparacao_Final_v9/scripts/compute_besst.py,09d1327cf74b79991a32c82e463602b3bfdd7645f8ceababa0bef1d1ec2a81c7,,,PENDENTE; nao recalculado,False,False,,0.04119392409547877,,,False,PRESERVADO_V9_OU_CENARIO_V12
annual,2021,2021-06-30,2022-06-30,B00S,central,EQTL3,0.022222222222222223,-0.05161290322580647,-0.057096774193548416,-0.04612903225806464,APROXIMACAO_CAIXA_V9,Barsi_Graham_Comparacao_Final_v9/scripts/compute_besst.py,09d1327cf74b79991a32c82e463602b3bfdd7645f8ceababa0bef1d1ec2a81c7,,,PENDENTE; nao recalculado,False,False,,0.012186379928315184,,,False,PRESERVADO_V9_OU_CENARIO_V12
annual,2021,2021-06-30,2022-06-30,B00S,central,ENBR3,0.022222222222222223,0.2825045965195554,0.2323303167420816,0.26846153846153853,CHECKPOINT_EVENTOS_V6_HERDADO,runtime/Barsi_Graham_Retomada_v8/herdado_v7/herdado_v6/checkpoints/casos_v6/ENBR3_2021-06-30_2022-06-30.json,c4f57670318d9ca1aa1758d80775d2ce4f31a1b09520081c4fc8591be5e4fb6a,0.2825045965195554,0.0,MESMA_CLASSE_E_MOTOR_GRAHAM; cobertura documental herdada parcial,True,False,0.031206795684481925,-0.031206795684481925,,,False,PRESERVADO_V9_OU_CENARIO_V12
annual,2021,2021-06-30,2022-06-30,B00S,central,TAEE4,0.022222222222222223,0.17485829959514176,0.14960323886639681,0.2001133603238865,APROXIMACAO_CAIXA_V9,Barsi_Graham_Comparacao_Final_v9/scripts/compute_besst.py,09d1327cf74b79991a32c82e463602b3bfdd7645f8ceababa0bef1d1ec2a81c7,,,PENDENTE; nao recalculado,False,False,,0.056122357174988285,,,False,PRESERVADO_V9_OU_CENARIO_V12
annual,2021,2021-06-30,2022-06-30,B00S,central,CMIG4,0.022222222222222223,0.2430173124484749,0.21690354492992592,0.2691310799670239,APROXIMACAO_CAIXA_V9,Barsi_Graham_Comparacao_Final_v9/scripts/compute_besst.py,09d1327cf74b79991a32c82e463602b3bfdd7645f8ceababa0bef1d1ec2a81c7,,,PENDENTE; nao recalculado,False,False,,0.05803059448566443,,,False,PRESERVADO_V9_OU_CENARIO_V12
annual,2021,2021-06-30,2022-06-30,B00S,central,CPLE6,0.022222222222222223,0.33693086003372685,0.2998988195615515,0.3739629005059024,APROXIMACAO_CAIXA_V9,Barsi_Graham_Comparacao_Final_v9/scripts/compute_besst.py,09d1327cf74b79991a32c82e463602b3bfdd7645f8ceababa0bef1d1ec2a81c7,,,PENDENTE; nao recalculado,False,False,,0.08229342327150126,,,False,PRESERVADO_V9_OU_CENARIO_V12
annual,2021,2021-06-30,2022-06-30,B00S,central,CSMG3,0.06666666666666667,-0.22034824683672272,-0.22197546804389934,-0.20481601032924468,CHECKPOINT_EVENTOS_V6_HERDADO,runtime/Barsi_Graham_Retomada_v8/herdado_v7/herdado_v6/checkpoints/casos_v6/CSMG3_2021-06-30_2022-06-30.json,97c995faeefd88597b26ff107f78ac969b2ff96fc8c3d951bd2a895e7fb60671,-0.22034824683672272,0.0,MESMA_CLASSE_E_MOTOR_GRAHAM; cobertura documental herdada parcial,True,False,-0.10354824338318691,0.10354824338318691,,,False,PRESERVADO_V9_OU_CENARIO_V12
annual,2021,2021-06-30,2022-06-30,B00S,central,SBSP3,0.06666666666666667,0.17114543466375065,0.16747949699289233,0.1748113723346092,APROXIMACAO_CAIXA_V9,Barsi_Graham_Comparacao_Final_v9/scripts/compute_besst.py,09d1327cf74b79991a32c82e463602b3bfdd7645f8ceababa0bef1d1ec2a81c7,0.17722085306997815,0.04050278937484997,MESMA_CLASSE_E_MOTOR_GRAHAM; cobertura documental herdada parcial,True,False,0.01606320490245968,0.02443958447239029,,,False,PRESERVADO_V9_OU_CENARIO_V12
annual,2021,2021-06-30,2022-06-30,B00S,central,SAPR4,0.06666666666666667,-0.04188544152744644,-0.05451073985680199,-0.029260143198090782,APROXIMACAO_CAIXA_V9,Barsi_Graham_Comparacao_Final_v9/scripts/compute_besst.py,09d1327cf74b79991a32c82e463602b3bfdd7645f8ceababa0bef1d1ec2a81c7,,,PENDENTE; nao recalculado,False,False,,0.08416865552903774,-0.049548468439266746,-0.051086846078802026,True,CALCULADO_MOTOR_V6_FRACIONARIO_PROVISORIO
annual,2021,2021-06-30,2022-06-30,B00S,central,PSSA3,0.1,-0.2896016457826819,-0.2988217692163829,-0.2803815223489807,APROXIMACAO_CAIXA_V9,Barsi_Graham_Comparacao_Final_v9/scripts/compute_besst.py,09d1327cf74b79991a32c82e463602b3bfdd7645f8ceababa0bef1d1ec2a81c7,,,PENDENTE; nao recalculado,False,False,,0.09220123433701155,-0.3042546372484275,-0.14652991465745613,True,CALCULADO_MOTOR_V6_FRACIONARIO_PROVISORIO
annual,2021,2021-06-30,2022-06-30,B00S,central,BBSE3,0.1,0.1876406926406926,0.17487445887445885,0.20040692640692637,APROXIMACAO_CAIXA_V9,Barsi_Graham_Comparacao_Final_v9/scripts/compute_besst.py,09d1327cf74b79991a32c82e463602b3bfdd7645f8ceababa0bef1d1ec2a81c7,0.1982319035011142,0.10591210860421585,CATALOGO_CAIXA_RI_NOMINAL_VERIFICADO; estrutura e completude geral pendentes,True,False,-0.02175022905812174,0.1276623376623376,,,False,PRESERVADO_V9_OU_CENARIO_V12
annual,2021,2021-06-30,2022-06-30,B00S,central,VIVT3,0.2,0.1980833333333334,0.1825619047619047,0.21360476190476207,APROXIMACAO_CAIXA_V9,Barsi_Graham_Comparacao_Final_v9/scripts/compute_besst.py,09d1327cf74b79991a32c82e463602b3bfdd7645f8ceababa0bef1d1ec2a81c7,,,PENDENTE; nao recalculado,False,False,,0.3104285714285737,0.20804088364255757,0.19915100618448367,True,CALCULADO_MOTOR_V6_FRACIONARIO_PROVISORIO
annual,2021,2021-06-30,2022-06-30,B00S,conservative,BBAS3,0.04,0.13851540616246494,0.11859321506380338,0.15843759726112672,APROXIMACAO_CAIXA_V9,Barsi_Graham_Comparacao_Final_v9/scripts/compute_besst.py,09d1327cf74b79991a32c82e463602b3bfdd7645f8ceababa0bef1d1ec2a81c7,,,PENDENTE; nao recalculado,False,False,,0.07968876439464712,,,False,PRESERVADO_V9_OU_CENARIO_V12
annual,2021,2021-06-30,2022-06-30,B00S,conservative,ABCB4,0.04,0.06079974811083133,0.044105793450881725,0.07749370277078071,APROXIMACAO_CAIXA_V9,Barsi_Graham_Comparacao_Final_v9/scripts/compute_besst.py,09d1327cf74b79991a32c82e463602b3bfdd7645f8ceababa0bef1d1ec2a81c7,,,PENDENTE; nao recalculado,False,False,,0.06677581863979754,,,False,PRESERVADO_V9_OU_CENARIO_V12
annual,2021,2021-06-30,2022-06-30,B00S,conservative,BBDC4,0.04,-0.23752064318694133,-0.24331637090400315,-0.2317249154698795,APROXIMACAO_CAIXA_V9,Barsi_Graham_Comparacao_Final_v9/scripts/compute_besst.py,09d1327cf74b79991a32c82e463602b3bfdd7645f8ceababa0bef1d1ec2a81c7,,,PENDENTE; nao recalculado,False,False,,0.02318291086824731,,,False,PRESERVADO_V9_OU_CENARIO_V12
annual,2021,2021-06-30,2022-06-30,B00S,conservative,ITUB4,0.04,-0.2069295302013423,-0.21339597315436232,-0.20046308724832218,APROXIMACAO_CAIXA_V9,Barsi_Graham_Comparacao_Final_v9/scripts/compute_besst.py,09d1327cf74b79991a32c82e463602b3bfdd7645f8ceababa0bef1d1ec2a81c7,,,PENDENTE; nao recalculado,False,False,,0.025865771812080496,,,False,PRESERVADO_V9_OU_CENARIO_V12
annual,2021,2021-06-30,2022-06-30,B00S,conservative,SANB4,0.04,-0.21797245963912626,-0.2305982905982905,-0.2053466286799619,APROXIMACAO_CAIXA_V9,Barsi_Graham_Comparacao_Final_v9/scripts/compute_besst.py,09d1327cf74b79991a32c82e463602b3bfdd7645f8ceababa0bef1d1ec2a81c7,,,PENDENTE; nao recalculado,False,False,,0.050503323836657454,,,False,PRESERVADO_V9_OU_CENARIO_V12
annual,2021,2021-06-30,2022-06-30,B00S,conservative,CPFE3,0.028571428571428574,0.27653288740245263,0.2507320698625044,0.30233370494240064,APROXIMACAO_CAIXA_V9,Barsi_Graham_Comparacao_Final_v9/scripts/compute_besst.py,09d1327cf74b79991a32c82e463602b3bfdd7645f8ceababa0bef1d1ec2a81c7,,,PENDENTE; nao recalculado,False,False,,0.0737166215427086,,,False,PRESERVADO_V9_OU_CENARIO_V12
annual,2021,2021-06-30,2022-06-30,B00S,conservative,EGIE3,0.028571428571428574,0.11592592592592599,0.10372413793103452,0.12812771392081723,APROXIMACAO_CAIXA_V9,Barsi_Graham_Comparacao_Final_v9/scripts/compute_besst.py,09d1327cf74b79991a32c82e463602b3bfdd7645f8ceababa0bef1d1ec2a81c7,,,PENDENTE; nao recalculado,False,False,,0.03486225141397498,,,False,PRESERVADO_V9_OU_CENARIO_V12
annual,2021,2021-06-30,2022-06-30,B00S,conservative,TRPL4,0.028571428571428574,0.008190514149063244,-0.01034675169390209,0.02672777999202869,APROXIMACAO_CAIXA_V9,Barsi_Graham_Comparacao_Final_v9/scripts/compute_besst.py,09d1327cf74b79991a32c82e463602b3bfdd7645f8ceababa0bef1d1ec2a81c7,,,PENDENTE; nao recalculado,False,False,,0.052963616694186984,,,False,PRESERVADO_V9_OU_CENARIO_V12
annual,2021,2021-06-30,2022-06-30,B00S,conservative,EQTL3,0.028571428571428574,-0.05161290322580647,-0.057096774193548416,-0.04612903225806464,APROXIMACAO_CAIXA_V9,Barsi_Graham_Comparacao_Final_v9/scripts/compute_besst.py,09d1327cf74b79991a32c82e463602b3bfdd7645f8ceababa0bef1d1ec2a81c7,,,PENDENTE; nao recalculado,False,False,,0.015668202764976664,,,False,PRESERVADO_V9_OU_CENARIO_V12
annual,2021,2021-06-30,2022-06-30,B00S,conservative,ENBR3,0.028571428571428574,0.2825045965195554,0.2323303167420816,0.26846153846153853,CHECKPOINT_EVENTOS_V6_HERDADO,runtime/Barsi_Graham_Retomada_v8/herdado_v7/herdado_v6/checkpoints/casos_v6/ENBR3_2021-06-30_2022-06-30.json,c4f57670318d9ca1aa1758d80775d2ce4f31a1b09520081c4fc8591be5e4fb6a,0.2825045965195554,0.0,MESMA_CLASSE_E_MOTOR_GRAHAM; cobertura documental herdada parcial,True,False,0.04012302302290533,-0.04012302302290533,,,False,PRESERVADO_V9_OU_CENARIO_V12
annual,2021,2021-06-30,2022-06-30,B00S,conservative,TAEE4,0.028571428571428574,0.17485829959514176,0.14960323886639681,0.2001133603238865,APROXIMACAO_CAIXA_V9,Barsi_Graham_Comparacao_Final_v9/scripts/compute_besst.py,09d1327cf74b79991a32c82e463602b3bfdd7645f8ceababa0bef1d1ec2a81c7,,,PENDENTE; nao recalculado,False,False,,0.07215731636784208,,,False,PRESERVADO_V9_OU_CENARIO_V12
annual,2021,2021-06-30,2022-06-30,B00S,conservative,CPLE6,0.028571428571428574,0.33693086003372685,0.2998988195615515,0.3739629005059024,APROXIMACAO_CAIXA_V9,Barsi_Graham_Comparacao_Final_v9/scripts/compute_besst.py,09d1327cf74b79991a32c82e463602b3bfdd7645f8ceababa0bef1d1ec2a81c7,,,PENDENTE; nao recalculado,False,False,,0.10580582992050161,,,False,PRESERVADO_V9_OU_CENARIO_V12
annual,2021,2021-06-30,2022-06-30,B00S,conservative,CSMG3,0.06666666666666667,-0.22034824683672272,-0.22197546804389934,-0.20481601032924468,CHECKPOINT_EVENTOS_V6_HERDADO,runtime/Barsi_Graham_Retomada_v8/herdado_v7/herdado_v6/checkpoints/casos_v6/CSMG3_2021-06-30_2022-06-30.json,97c995faeefd88597b26ff107f78ac969b2ff96fc8c3d951bd2a895e7fb60671,-0.22034824683672272,0.0,MESMA_CLASSE_E_MOTOR_GRAHAM; cobertura documental herdada parcial,True,False,-0.10354824338318691,0.10354824338318691,,,False,PRESERVADO_V9_OU_CENARIO_V12
annual,2021,2021-06-30,2022-06-30,B00S,conservative,SBSP3,0.06666666666666667,0.17114543466375065,0.16747949699289233,0.1748113723346092,APROXIMACAO_CAIXA_V9,Barsi_Graham_Comparacao_Final_v9/scripts/compute_besst.py,09d1327cf74b79991a32c82e463602b3bfdd7645f8ceababa0bef1d1ec2a81c7,0.17722085306997815,0.04050278937484997,MESMA_CLASSE_E_MOTOR_GRAHAM; cobertura documental herdada parcial,True,False,0.01606320490245968,0.02443958447239029,,,False,PRESERVADO_V9_OU_CENARIO_V12
annual,2021,2021-06-30,2022-06-30,B00S,conservative,SAPR4,0.06666666666666667,-0.04188544152744644,-0.05451073985680199,-0.029260143198090782,APROXIMACAO_CAIXA_V9,Barsi_Graham_Comparacao_Final_v9/scripts/compute_besst.py,09d1327cf74b79991a32c82e463602b3bfdd7645f8ceababa0bef1d1ec2a81c7,,,PENDENTE; nao recalculado,False,False,,0.08416865552903774,-0.049548468439266746,-0.051086846078802026,True,CALCULADO_MOTOR_V6_FRACIONARIO_PROVISORIO
annual,2021,2021-06-30,2022-06-30,B00S,conservative,PSSA3,0.1,-0.2896016457826819,-0.2988217692163829,-0.2803815223489807,APROXIMACAO_CAIXA_V9,Barsi_Graham_Comparacao_Final_v9/scripts/compute_besst.py,09d1327cf74b79991a32c82e463602b3bfdd7645f8ceababa0bef1d1ec2a81c7,,,PENDENTE; nao recalculado,False,False,,0.09220123433701155,-0.3042546372484275,-0.14652991465745613,True,CALCULADO_MOTOR_V6_FRACIONARIO_PROVISORIO
annual,2021,2021-06-30,2022-06-30,B00S,conservative,BBSE3,0.1,0.1876406926406926,0.17487445887445885,0.20040692640692637,APROXIMACAO_CAIXA_V9,Barsi_Graham_Comparacao_Final_v9/scripts/compute_besst.py,09d1327cf74b79991a32c82e463602b3bfdd7645f8ceababa0bef1d1ec2a81c7,0.1982319035011142,0.10591210860421585,CATALOGO_CAIXA_RI_NOMINAL_VERIFICADO; estrutura e completude geral pendentes,True,False,-0.02175022905812174,0.1276623376623376,,,False,PRESERVADO_V9_OU_CENARIO_V12
annual,2021,2021-06-30,2022-06-30,B00S,conservative,VIVT3,0.2,0.1980833333333334,0.1825619047619047,0.21360476190476207,APROXIMACAO_CAIXA_V9,Barsi_Graham_Comparacao_Final_v9/scripts/compute_besst.py,09d1327cf74b79991a32c82e463602b3bfdd7645f8ceababa0bef1d1ec2a81c7,,,PENDENTE; nao recalculado,False,False,,0.3104285714285737,0.20804088364255757,0.19915100618448367,True,CALCULADO_MOTOR_V6_FRACIONARIO_PROVISORIO
annual,2021,2021-06-30,2022-06-30,B06,central,VIVT3,0.25,0.1980833333333334,0.1825619047619047,0.21360476190476207,APROXIMACAO_CAIXA_V9,Barsi_Graham_Comparacao_Final_v9/scripts/compute_besst.py,09d1327cf74b79991a32c82e463602b3bfdd7645f8ceababa0bef1d1ec2a81c7,,,PENDENTE; nao recalculado,False,False,,0.38803571428571715,0.20804088364255757,0.2489387577306046,True,CALCULADO_MOTOR_V6_FRACIONARIO_PROVISORIO
annual,2021,2021-06-30,2022-06-30,B06,central,TAEE4,0.25,0.17485829959514176,0.14960323886639681,0.2001133603238865,APROXIMACAO_CAIXA_V9,Barsi_Graham_Comparacao_Final_v9/scripts/compute_besst.py,09d1327cf74b79991a32c82e463602b3bfdd7645f8ceababa0bef1d1ec2a81c7,,,PENDENTE; nao recalculado,False,False,,0.6313765182186182,,,False,PRESERVADO_V9_OU_CENARIO_V12
annual,2021,2021-06-30,2022-06-30,B06,central,BBSE3,0.25,0.1876406926406926,0.17487445887445885,0.20040692640692637,APROXIMACAO_CAIXA_V9,Barsi_Graham_Comparacao_Final_v9/scripts/compute_besst.py,09d1327cf74b79991a32c82e463602b3bfdd7645f8ceababa0bef1d1ec2a81c7,0.1982319035011142,0.2647802715105396,CATALOGO_CAIXA_RI_NOMINAL_VERIFICADO; estrutura e completude geral pendentes,True,False,-0.05437557264530435,0.31915584415584397,,,False,PRESERVADO_V9_OU_CENARIO_V12
annual,2021,2021-06-30,2022-06-30,B06,central,ITUB4,0.25,-0.2069295302013423,-0.21339597315436232,-0.20046308724832218,APROXIMACAO_CAIXA_V9,Barsi_Graham_Comparacao_Final_v9/scripts/compute_besst.py,09d1327cf74b79991a32c82e463602b3bfdd7645f8ceababa0bef1d1ec2a81c7,,,PENDENTE; nao recalculado,False,False,,0.1616610738255031,,,False,PRESERVADO_V9_OU_CENARIO_V12
annual,2021,2021-06-30,2022-06-30,B06,conservative,VIVT3,0.25,0.1980833333333334,0.1825619047619047,0.21360476190476207,APROXIMACAO_CAIXA_V9,Barsi_Graham_Comparacao_Final_v9/scripts/compute_besst.py,09d1327cf74b79991a32c82e463602b3bfdd7645f8ceababa0bef1d1ec2a81c7,,,PENDENTE; nao recalculado,False,False,,0.38803571428571715,0.20804088364255757,0.2489387577306046,True,CALCULADO_MOTOR_V6_FRACIONARIO_PROVISORIO
annual,2021,2021-06-30,2022-06-30,B06,conservative,TAEE4,0.25,0.17485829959514176,0.14960323886639681,0.2001133603238865,APROXIMACAO_CAIXA_V9,Barsi_Graham_Comparacao_Final_v9/scripts/compute_besst.py,09d1327cf74b79991a32c82e463602b3bfdd7645f8ceababa0bef1d1ec2a81c7,,,PENDENTE; nao recalculado,False,False,,0.6313765182186182,,,False,PRESERVADO_V9_OU_CENARIO_V12
annual,2021,2021-06-30,2022-06-30,B06,conservative,BBSE3,0.25,0.1876406926406926,0.17487445887445885,0.20040692640692637,APROXIMACAO_CAIXA_V9,Barsi_Graham_Comparacao_Final_v9/scripts/compute_besst.py,09d1327cf74b79991a32c82e463602b3bfdd7645f8ceababa0bef1d1ec2a81c7,0.1982319035011142,0.2647802715105396,CATALOGO_CAIXA_RI_NOMINAL_VERIFICADO; estrutura e completude geral pendentes,True,False,-0.05437557264530435,0.31915584415584397,,,False,PRESERVADO_V9_OU_CENARIO_V12
annual,2021,2021-06-30,2022-06-30,B06,conservative,ITUB4,0.25,-0.2069295302013423,-0.21339597315436232,-0.20046308724832218,APROXIMACAO_CAIXA_V9,Barsi_Graham_Comparacao_Final_v9/scripts/compute_besst.py,09d1327cf74b79991a32c82e463602b3bfdd7645f8ceababa0bef1d1ec2a81c7,,,PENDENTE; nao recalculado,False,False,,0.1616610738255031,,,False,PRESERVADO_V9_OU_CENARIO_V12
annual,2021,2021-06-30,2022-06-30,B06S,central,ITUB4,0.25,-0.2069295302013423,-0.21339597315436232,-0.20046308724832218,APROXIMACAO_CAIXA_V9,Barsi_Graham_Comparacao_Final_v9/scripts/compute_besst.py,09d1327cf74b79991a32c82e463602b3bfdd7645f8ceababa0bef1d1ec2a81c7,,,PENDENTE; nao recalculado,False,False,,0.1616610738255031,,,False,PRESERVADO_V9_OU_CENARIO_V12
annual,2021,2021-06-30,2022-06-30,B06S,central,TAEE4,0.25,0.17485829959514176,0.14960323886639681,0.2001133603238865,APROXIMACAO_CAIXA_V9,Barsi_Graham_Comparacao_Final_v9/scripts/compute_besst.py,09d1327cf74b79991a32c82e463602b3bfdd7645f8ceababa0bef1d1ec2a81c7,,,PENDENTE; nao recalculado,False,False,,0.6313765182186182,,,False,PRESERVADO_V9_OU_CENARIO_V12
annual,2021,2021-06-30,2022-06-30,B06S,central,BBSE3,0.25,0.1876406926406926,0.17487445887445885,0.20040692640692637,APROXIMACAO_CAIXA_V9,Barsi_Graham_Comparacao_Final_v9/scripts/compute_besst.py,09d1327cf74b79991a32c82e463602b3bfdd7645f8ceababa0bef1d1ec2a81c7,0.1982319035011142,0.2647802715105396,CATALOGO_CAIXA_RI_NOMINAL_VERIFICADO; estrutura e completude geral pendentes,True,False,-0.05437557264530435,0.31915584415584397,,,False,PRESERVADO_V9_OU_CENARIO_V12
annual,2021,2021-06-30,2022-06-30,B06S,central,VIVT3,0.25,0.1980833333333334,0.1825619047619047,0.21360476190476207,APROXIMACAO_CAIXA_V9,Barsi_Graham_Comparacao_Final_v9/scripts/compute_besst.py,09d1327cf74b79991a32c82e463602b3bfdd7645f8ceababa0bef1d1ec2a81c7,,,PENDENTE; nao recalculado,False,False,,0.38803571428571715,0.20804088364255757,0.2489387577306046,True,CALCULADO_MOTOR_V6_FRACIONARIO_PROVISORIO
annual,2021,2021-06-30,2022-06-30,B06S,conservative,ITUB4,0.25,-0.2069295302013423,-0.21339597315436232,-0.20046308724832218,APROXIMACAO_CAIXA_V9,Barsi_Graham_Comparacao_Final_v9/scripts/compute_besst.py,09d1327cf74b79991a32c82e463602b3bfdd7645f8ceababa0bef1d1ec2a81c7,,,PENDENTE; nao recalculado,False,False,,0.1616610738255031,,,False,PRESERVADO_V9_OU_CENARIO_V12
annual,2021,2021-06-30,2022-06-30,B06S,conservative,TAEE4,0.25,0.17485829959514176,0.14960323886639681,0.2001133603238865,APROXIMACAO_CAIXA_V9,Barsi_Graham_Comparacao_Final_v9/scripts/compute_besst.py,09d1327cf74b79991a32c82e463602b3bfdd7645f8ceababa0bef1d1ec2a81c7,,,PENDENTE; nao recalculado,False,False,,0.6313765182186182,,,False,PRESERVADO_V9_OU_CENARIO_V12
annual,2021,2021-06-30,2022-06-30,B06S,conservative,BBSE3,0.25,0.1876406926406926,0.17487445887445885,0.20040692640692637,APROXIMACAO_CAIXA_V9,Barsi_Graham_Comparacao_Final_v9/scripts/compute_besst.py,09d1327cf74b79991a32c82e463602b3bfdd7645f8ceababa0bef1d1ec2a81c7,0.1982319035011142,0.2647802715105396,CATALOGO_CAIXA_RI_NOMINAL_VERIFICADO; estrutura e completude geral pendentes,True,False,-0.05437557264530435,0.31915584415584397,,,False,PRESERVADO_V9_OU_CENARIO_V12
annual,2021,2021-06-30,2022-06-30,B06S,conservative,VIVT3,0.25,0.1980833333333334,0.1825619047619047,0.21360476190476207,APROXIMACAO_CAIXA_V9,Barsi_Graham_Comparacao_Final_v9/scripts/compute_besst.py,09d1327cf74b79991a32c82e463602b3bfdd7645f8ceababa0bef1d1ec2a81c7,,,PENDENTE; nao recalculado,False,False,,0.38803571428571715,0.20804088364255757,0.2489387577306046,True,CALCULADO_MOTOR_V6_FRACIONARIO_PROVISORIO
annual,2022,2022-06-30,2023-06-30,B00,central,BBAS3,0.05,0.6099310964649489,0.5839304973037747,0.6359316956261232,APROXIMACAO_CAIXA_V9,Barsi_Graham_Comparacao_Final_v9/scripts/compute_besst.py,09d1327cf74b79991a32c82e463602b3bfdd7645f8ceababa0bef1d1ec2a81c7,,,PENDENTE; nao recalculado,False,False,,0.13000299580587127,,,False,PRESERVADO_V9_OU_CENARIO_V12
annual,2022,2022-06-30,2023-06-30,B00,central,NEOE3,0.05,0.48847184986595193,0.47536193029490614,0.5015817694369973,APROXIMACAO_CAIXA_V9,Barsi_Graham_Comparacao_Final_v9/scripts/compute_besst.py,09d1327cf74b79991a32c82e463602b3bfdd7645f8ceababa0bef1d1ec2a81c7,,,PENDENTE; nao recalculado,False,False,,0.06554959785522674,,,False,PRESERVADO_V9_OU_CENARIO_V12
annual,2022,2022-06-30,2023-06-30,B00,central,PSSA3,0.05,0.6556869369369369,0.641216216216216,0.6701576576576576,APROXIMACAO_CAIXA_V9,Barsi_Graham_Comparacao_Final_v9/scripts/compute_besst.py,09d1327cf74b79991a32c82e463602b3bfdd7645f8ceababa0bef1d1ec2a81c7,,,PENDENTE; nao recalculado,False,False,,0.07235360360360321,0.670490698882164,0.07401880972613517,True,CALCULADO_MOTOR_V6_FRACIONARIO_PROVISORIO
annual,2022,2022-06-30,2023-06-30,B00,central,CPFE3,0.05,0.2128886010362694,0.19304404145077725,0.23273316062176175,APROXIMACAO_CAIXA_V9,Barsi_Graham_Comparacao_Final_v9/scripts/compute_besst.py,09d1327cf74b79991a32c82e463602b3bfdd7645f8ceababa0bef1d1ec2a81c7,,,PENDENTE; nao recalculado,False,False,,0.0992227979274618,,,False,PRESERVADO_V9_OU_CENARIO_V12
annual,2022,2022-06-30,2023-06-30,B00,central,EGIE3,0.05,0.17760290556900737,0.16334140435835365,0.1918644067796611,APROXIMACAO_CAIXA_V9,Barsi_Graham_Comparacao_Final_v9/scripts/compute_besst.py,09d1327cf74b79991a32c82e463602b3bfdd7645f8ceababa0bef1d1ec2a81c7,,,PENDENTE; nao recalculado,False,False,,0.07130750605326863,,,False,PRESERVADO_V9_OU_CENARIO_V12
annual,2022,2022-06-30,2023-06-30,B00,central,VIVT3,0.05,-0.02620059498512528,-0.037067573310667234,-0.015333616659583549,APROXIMACAO_CAIXA_V9,Barsi_Graham_Comparacao_Final_v9/scripts/compute_besst.py,09d1327cf74b79991a32c82e463602b3bfdd7645f8ceababa0bef1d1ec2a81c7,,,PENDENTE; nao recalculado,False,False,,0.05433489162770866,-0.022227630777291063,0.019864821039171088,True,CALCULADO_MOTOR_V6_FRACIONARIO_PROVISORIO
annual,2022,2022-06-30,2023-06-30,B00,central,TRPL4,0.05,0.1751414888985634,0.16092294296909015,0.18936003482803665,APROXIMACAO_CAIXA_V9,Barsi_Graham_Comparacao_Final_v9/scripts/compute_besst.py,09d1327cf74b79991a32c82e463602b3bfdd7645f8ceababa0bef1d1ec2a81c7,,,PENDENTE; nao recalculado,False,False,,0.07109272964736624,,,False,PRESERVADO_V9_OU_CENARIO_V12
annual,2022,2022-06-30,2023-06-30,B00,central,EQTL3,0.05,0.4292907180385288,0.42495621716287224,0.4336252189141856,APROXIMACAO_CAIXA_V9,Barsi_Graham_Comparacao_Final_v9/scripts/compute_besst.py,09d1327cf74b79991a32c82e463602b3bfdd7645f8ceababa0bef1d1ec2a81c7,,,PENDENTE; nao recalculado,False,False,,0.02167250437828394,,,False,PRESERVADO_V9_OU_CENARIO_V12
annual,2022,2022-06-30,2023-06-30,B00,central,ENBR3,0.05,0.2358255458937104,0.2221160409556313,0.2573573866406629,CHECKPOINT_EVENTOS_V6_HERDADO,runtime/Barsi_Graham_Retomada_v8/herdado_v7/herdado_v6/checkpoints/casos_v6/ENBR3_2022-06-30_2023-06-30.json,9962f1e3f35efda192f982e323fffaccb0bcec55ef73de9aba4cdf0a610cbaf7,0.2358255458937104,0.0,MESMA_CLASSE_E_MOTOR_GRAHAM; cobertura documental herdada parcial,True,False,-0.10765920373476234,0.10765920373476234,,,False,PRESERVADO_V9_OU_CENARIO_V12
annual,2022,2022-06-30,2023-06-30,B00,central,TAEE4,0.05,0.0729729729729729,0.052972972972972876,0.09297297297297313,APROXIMACAO_CAIXA_V9,Barsi_Graham_Comparacao_Final_v9/scripts/compute_besst.py,09d1327cf74b79991a32c82e463602b3bfdd7645f8ceababa0bef1d1ec2a81c7,,,PENDENTE; nao recalculado,False,False,,0.1000000000000012,,,False,PRESERVADO_V9_OU_CENARIO_V12
annual,2022,2022-06-30,2023-06-30,B00,central,CMIG4,0.05,0.37490366088631966,0.34770712909441226,0.40210019267822705,APROXIMACAO_CAIXA_V9,Barsi_Graham_Comparacao_Final_v9/scripts/compute_besst.py,09d1327cf74b79991a32c82e463602b3bfdd7645f8ceababa0bef1d1ec2a81c7,,,PENDENTE; nao recalculado,False,False,,0.13598265895953698,,,False,PRESERVADO_V9_OU_CENARIO_V12
annual,2022,2022-06-30,2023-06-30,B00,central,CSMG3,0.05,1.011314775034562,0.9497222222222221,1.0066145833333335,CHECKPOINT_EVENTOS_V6_HERDADO,runtime/Barsi_Graham_Retomada_v8/herdado_v7/herdado_v6/checkpoints/casos_v6/CSMG3_2022-06-30_2023-06-30.json,55bf535449f54c64978521ee739897ab8c622a175c2aa5d9585146975fc4f46a,1.011314775034562,0.0,MESMA_CLASSE_E_MOTOR_GRAHAM; cobertura documental herdada parcial,True,False,0.023500958506141867,-0.023500958506141867,,,False,PRESERVADO_V9_OU_CENARIO_V12
annual,2022,2022-06-30,2023-06-30,B00,central,BBSE3,0.05,0.2893104776579354,0.26850539291217257,0.31011556240369775,APROXIMACAO_CAIXA_V9,Barsi_Graham_Comparacao_Final_v9/scripts/compute_besst.py,09d1327cf74b79991a32c82e463602b3bfdd7645f8ceababa0bef1d1ec2a81c7,0.2927878882762087,0.017387053091366678,CATALOGO_CAIXA_RI_NOMINAL_VERIFICADO; estrutura e completude geral pendentes,True,False,-0.08663837063744517,0.10402542372881185,,,False,PRESERVADO_V9_OU_CENARIO_V12
annual,2022,2022-06-30,2023-06-30,B00,central,ABCB4,0.05,0.324548969072165,0.30538659793814427,0.34371134020618577,APROXIMACAO_CAIXA_V9,Barsi_Graham_Comparacao_Final_v9/scripts/compute_besst.py,09d1327cf74b79991a32c82e463602b3bfdd7645f8ceababa0bef1d1ec2a81c7,,,PENDENTE; nao recalculado,False,False,,0.09581185567010375,,,False,PRESERVADO_V9_OU_CENARIO_V12
annual,2022,2022-06-30,2023-06-30,B00,central,SBSP3,0.05,0.37995794258593607,0.36252312070192083,0.3730471899454588,CHECKPOINT_EVENTOS_V6_HERDADO,runtime/Barsi_Graham_Retomada_v8/herdado_v7/herdado_v6/checkpoints/casos_v6/SBSP3_2022-06-30_2023-06-30.json,ef4603b4e30cc598ec9c2b487ab94e4d7248a8b52d5d3e4a271339a91e133ed9,0.37995794258593607,0.0,MESMA_CLASSE_E_MOTOR_GRAHAM; cobertura documental herdada parcial,True,False,0.034553763202386234,-0.034553763202386234,,,False,PRESERVADO_V9_OU_CENARIO_V12
annual,2022,2022-06-30,2023-06-30,B00,central,BBDC4,0.05,0.018052325581395356,0.005720930232558263,0.03038372093023267,APROXIMACAO_CAIXA_V9,Barsi_Graham_Comparacao_Final_v9/scripts/compute_besst.py,09d1327cf74b79991a32c82e463602b3bfdd7645f8ceababa0bef1d1ec2a81c7,,,PENDENTE; nao recalculado,False,False,,0.061656976744186576,,,False,PRESERVADO_V9_OU_CENARIO_V12
annual,2022,2022-06-30,2023-06-30,B00,central,ITUB4,0.05,0.3038156153506837,0.2937803264225849,0.3138509042787825,APROXIMACAO_CAIXA_V9,Barsi_Graham_Comparacao_Final_v9/scripts/compute_besst.py,09d1327cf74b79991a32c82e463602b3bfdd7645f8ceababa0bef1d1ec2a81c7,,,PENDENTE; nao recalculado,False,False,,0.05017644464049398,,,False,PRESERVADO_V9_OU_CENARIO_V12
annual,2022,2022-06-30,2023-06-30,B00,central,CPLE6,0.05,0.3030746705710101,0.2852122986822838,0.3209370424597362,APROXIMACAO_CAIXA_V9,Barsi_Graham_Comparacao_Final_v9/scripts/compute_besst.py,09d1327cf74b79991a32c82e463602b3bfdd7645f8ceababa0bef1d1ec2a81c7,,,PENDENTE; nao recalculado,False,False,,0.0893118594436304,,,False,PRESERVADO_V9_OU_CENARIO_V12
annual,2022,2022-06-30,2023-06-30,B00,central,SAPR4,0.05,0.2581333333333333,0.24170666666666674,0.27456000000000014,APROXIMACAO_CAIXA_V9,Barsi_Graham_Comparacao_Final_v9/scripts/compute_besst.py,09d1327cf74b79991a32c82e463602b3bfdd7645f8ceababa0bef1d1ec2a81c7,,,PENDENTE; nao recalculado,False,False,,0.08213333333333406,0.275861066823641,0.08863866745153826,True,CALCULADO_MOTOR_V6_FRACIONARIO_PROVISORIO
annual,2022,2022-06-30,2023-06-30,B00,central,SANB4,0.05,0.13830911492734477,0.12478203434610302,0.1518361955085865,APROXIMACAO_CAIXA_V9,Barsi_Graham_Comparacao_Final_v9/scripts/compute_besst.py,09d1327cf74b79991a32c82e463602b3bfdd7645f8ceababa0bef1d1ec2a81c7,,,PENDENTE; nao recalculado,False,False,,0.06763540290620873,,,False,PRESERVADO_V9_OU_CENARIO_V12
annual,2022,2022-06-30,2023-06-30,B00,conservative,BBAS3,0.05263157894736842,0.6099310964649489,0.5839304973037747,0.6359316956261232,APROXIMACAO_CAIXA_V9,Barsi_Graham_Comparacao_Final_v9/scripts/compute_besst.py,09d1327cf74b79991a32c82e463602b3bfdd7645f8ceababa0bef1d1ec2a81c7,,,PENDENTE; nao recalculado,False,False,,0.13684525874302236,,,False,PRESERVADO_V9_OU_CENARIO_V12
annual,2022,2022-06-30,2023-06-30,B00,conservative,PSSA3,0.05263157894736842,0.6556869369369369,0.641216216216216,0.6701576576576576,APROXIMACAO_CAIXA_V9,Barsi_Graham_Comparacao_Final_v9/scripts/compute_besst.py,09d1327cf74b79991a32c82e463602b3bfdd7645f8ceababa0bef1d1ec2a81c7,,,PENDENTE; nao recalculado,False,False,,0.07616168800379285,0.670490698882164,0.07791453655382649,True,CALCULADO_MOTOR_V6_FRACIONARIO_PROVISORIO
annual,2022,2022-06-30,2023-06-30,B00,conservative,CPFE3,0.05263157894736842,0.2128886010362694,0.19304404145077725,0.23273316062176175,APROXIMACAO_CAIXA_V9,Barsi_Graham_Comparacao_Final_v9/scripts/compute_besst.py,09d1327cf74b79991a32c82e463602b3bfdd7645f8ceababa0bef1d1ec2a81c7,,,PENDENTE; nao recalculado,False,False,,0.10444505044995979,,,False,PRESERVADO_V9_OU_CENARIO_V12
annual,2022,2022-06-30,2023-06-30,B00,conservative,EGIE3,0.05263157894736842,0.17760290556900737,0.16334140435835365,0.1918644067796611,APROXIMACAO_CAIXA_V9,Barsi_Graham_Comparacao_Final_v9/scripts/compute_besst.py,09d1327cf74b79991a32c82e463602b3bfdd7645f8ceababa0bef1d1ec2a81c7,,,PENDENTE; nao recalculado,False,False,,0.07506053268765119,,,False,PRESERVADO_V9_OU_CENARIO_V12
annual,2022,2022-06-30,2023-06-30,B00,conservative,VIVT3,0.05263157894736842,-0.02620059498512528,-0.037067573310667234,-0.015333616659583549,APROXIMACAO_CAIXA_V9,Barsi_Graham_Comparacao_Final_v9/scripts/compute_besst.py,09d1327cf74b79991a32c82e463602b3bfdd7645f8ceababa0bef1d1ec2a81c7,,,PENDENTE; nao recalculado,False,False,,0.05719462276600911,-0.022227630777291063,0.020910337935969563,True,CALCULADO_MOTOR_V6_FRACIONARIO_PROVISORIO
annual,2022,2022-06-30,2023-06-30,B00,conservative,TRPL4,0.05263157894736842,0.1751414888985634,0.16092294296909015,0.18936003482803665,APROXIMACAO_CAIXA_V9,Barsi_Graham_Comparacao_Final_v9/scripts/compute_besst.py,09d1327cf74b79991a32c82e463602b3bfdd7645f8ceababa0bef1d1ec2a81c7,,,PENDENTE; nao recalculado,False,False,,0.0748344522603855,,,False,PRESERVADO_V9_OU_CENARIO_V12
annual,2022,2022-06-30,2023-06-30,B00,conservative,EQTL3,0.05263157894736842,0.4292907180385288,0.42495621716287224,0.4336252189141856,APROXIMACAO_CAIXA_V9,Barsi_Graham_Comparacao_Final_v9/scripts/compute_besst.py,09d1327cf74b79991a32c82e463602b3bfdd7645f8ceababa0bef1d1ec2a81c7,,,PENDENTE; nao recalculado,False,False,,0.022813162503456778,,,False,PRESERVADO_V9_OU_CENARIO_V12
annual,2022,2022-06-30,2023-06-30,B00,conservative,ENBR3,0.05263157894736842,0.2358255458937104,0.2221160409556313,0.2573573866406629,CHECKPOINT_EVENTOS_V6_HERDADO,runtime/Barsi_Graham_Retomada_v8/herdado_v7/herdado_v6/checkpoints/casos_v6/ENBR3_2022-06-30_2023-06-30.json,9962f1e3f35efda192f982e323fffaccb0bcec55ef73de9aba4cdf0a610cbaf7,0.2358255458937104,0.0,MESMA_CLASSE_E_MOTOR_GRAHAM; cobertura documental herdada parcial,True,False,-0.1133254776155393,0.1133254776155393,,,False,PRESERVADO_V9_OU_CENARIO_V12
annual,2022,2022-06-30,2023-06-30,B00,conservative,TAEE4,0.05263157894736842,0.0729729729729729,0.052972972972972876,0.09297297297297313,APROXIMACAO_CAIXA_V9,Barsi_Graham_Comparacao_Final_v9/scripts/compute_besst.py,09d1327cf74b79991a32c82e463602b3bfdd7645f8ceababa0bef1d1ec2a81c7,,,PENDENTE; nao recalculado,False,False,,0.1052631578947381,,,False,PRESERVADO_V9_OU_CENARIO_V12
annual,2022,2022-06-30,2023-06-30,B00,conservative,CMIG4,0.05263157894736842,0.37490366088631966,0.34770712909441226,0.40210019267822705,APROXIMACAO_CAIXA_V9,Barsi_Graham_Comparacao_Final_v9/scripts/compute_besst.py,09d1327cf74b79991a32c82e463602b3bfdd7645f8ceababa0bef1d1ec2a81c7,,,PENDENTE; nao recalculado,False,False,,0.14313964101003893,,,False,PRESERVADO_V9_OU_CENARIO_V12
annual,2022,2022-06-30,2023-06-30,B00,conservative,CSMG3,0.05263157894736842,1.011314775034562,0.9497222222222221,1.0066145833333335,CHECKPOINT_EVENTOS_V6_HERDADO,runtime/Barsi_Graham_Retomada_v8/herdado_v7/herdado_v6/checkpoints/casos_v6/CSMG3_2022-06-30_2023-06-30.json,55bf535449f54c64978521ee739897ab8c622a175c2aa5d9585146975fc4f46a,1.011314775034562,0.0,MESMA_CLASSE_E_MOTOR_GRAHAM; cobertura documental herdada parcial,True,False,0.024737851059096698,-0.024737851059096698,,,False,PRESERVADO_V9_OU_CENARIO_V12
annual,2022,2022-06-30,2023-06-30,B00,conservative,BBSE3,0.05263157894736842,0.2893104776579354,0.26850539291217257,0.31011556240369775,APROXIMACAO_CAIXA_V9,Barsi_Graham_Comparacao_Final_v9/scripts/compute_besst.py,09d1327cf74b79991a32c82e463602b3bfdd7645f8ceababa0bef1d1ec2a81c7,0.2927878882762087,0.018302161148807027,CATALOGO_CAIXA_RI_NOMINAL_VERIFICADO; estrutura e completude geral pendentes,True,False,-0.09119828488152122,0.10950044603032826,,,False,PRESERVADO_V9_OU_CENARIO_V12
annual,2022,2022-06-30,2023-06-30,B00,conservative,ABCB4,0.05263157894736842,0.324548969072165,0.30538659793814427,0.34371134020618577,APROXIMACAO_CAIXA_V9,Barsi_Graham_Comparacao_Final_v9/scripts/compute_besst.py,09d1327cf74b79991a32c82e463602b3bfdd7645f8ceababa0bef1d1ec2a81c7,,,PENDENTE; nao recalculado,False,False,,0.10085458491589867,,,False,PRESERVADO_V9_OU_CENARIO_V12
annual,2022,2022-06-30,2023-06-30,B00,conservative,SBSP3,0.05263157894736842,0.37995794258593607,0.36252312070192083,0.3730471899454588,CHECKPOINT_EVENTOS_V6_HERDADO,runtime/Barsi_Graham_Retomada_v8/herdado_v7/herdado_v6/checkpoints/casos_v6/SBSP3_2022-06-30_2023-06-30.json,ef4603b4e30cc598ec9c2b487ab94e4d7248a8b52d5d3e4a271339a91e133ed9,0.37995794258593607,0.0,MESMA_CLASSE_E_MOTOR_GRAHAM; cobertura documental herdada parcial,True,False,0.0363723823183013,-0.0363723823183013,,,False,PRESERVADO_V9_OU_CENARIO_V12
annual,2022,2022-06-30,2023-06-30,B00,conservative,BBDC4,0.05263157894736842,0.018052325581395356,0.005720930232558263,0.03038372093023267,APROXIMACAO_CAIXA_V9,Barsi_Graham_Comparacao_Final_v9/scripts/compute_besst.py,09d1327cf74b79991a32c82e463602b3bfdd7645f8ceababa0bef1d1ec2a81c7,,,PENDENTE; nao recalculado,False,False,,0.06490208078335429,,,False,PRESERVADO_V9_OU_CENARIO_V12
annual,2022,2022-06-30,2023-06-30,B00,conservative,ITUB4,0.05263157894736842,0.3038156153506837,0.2937803264225849,0.3138509042787825,APROXIMACAO_CAIXA_V9,Barsi_Graham_Comparacao_Final_v9/scripts/compute_besst.py,09d1327cf74b79991a32c82e463602b3bfdd7645f8ceababa0bef1d1ec2a81c7,,,PENDENTE; nao recalculado,False,False,,0.052817310147888395,,,False,PRESERVADO_V9_OU_CENARIO_V12
annual,2022,2022-06-30,2023-06-30,B00,conservative,CPLE6,0.05263157894736842,0.3030746705710101,0.2852122986822838,0.3209370424597362,APROXIMACAO_CAIXA_V9,Barsi_Graham_Comparacao_Final_v9/scripts/compute_besst.py,09d1327cf74b79991a32c82e463602b3bfdd7645f8ceababa0bef1d1ec2a81c7,,,PENDENTE; nao recalculado,False,False,,0.0940124836248741,,,False,PRESERVADO_V9_OU_CENARIO_V12
annual,2022,2022-06-30,2023-06-30,B00,conservative,SAPR4,0.05263157894736842,0.2581333333333333,0.24170666666666674,0.27456000000000014,APROXIMACAO_CAIXA_V9,Barsi_Graham_Comparacao_Final_v9/scripts/compute_besst.py,09d1327cf74b79991a32c82e463602b3bfdd7645f8ceababa0bef1d1ec2a81c7,,,PENDENTE; nao recalculado,False,False,,0.08645614035087795,0.275861066823641,0.09330386047530342,True,CALCULADO_MOTOR_V6_FRACIONARIO_PROVISORIO
annual,2022,2022-06-30,2023-06-30,B00,conservative,SANB4,0.05263157894736842,0.13830911492734477,0.12478203434610302,0.1518361955085865,APROXIMACAO_CAIXA_V9,Barsi_Graham_Comparacao_Final_v9/scripts/compute_besst.py,09d1327cf74b79991a32c82e463602b3bfdd7645f8ceababa0bef1d1ec2a81c7,,,PENDENTE; nao recalculado,False,False,,0.07119516095390392,,,False,PRESERVADO_V9_OU_CENARIO_V12
annual,2022,2022-06-30,2023-06-30,B00S,central,BBAS3,0.04,0.6099310964649489,0.5839304973037747,0.6359316956261232,APROXIMACAO_CAIXA_V9,Barsi_Graham_Comparacao_Final_v9/scripts/compute_besst.py,09d1327cf74b79991a32c82e463602b3bfdd7645f8ceababa0bef1d1ec2a81c7,,,PENDENTE; nao recalculado,False,False,,0.10400239664469701,,,False,PRESERVADO_V9_OU_CENARIO_V12
annual,2022,2022-06-30,2023-06-30,B00S,central,ABCB4,0.04,0.324548969072165,0.30538659793814427,0.34371134020618577,APROXIMACAO_CAIXA_V9,Barsi_Graham_Comparacao_Final_v9/scripts/compute_besst.py,09d1327cf74b79991a32c82e463602b3bfdd7645f8ceababa0bef1d1ec2a81c7,,,PENDENTE; nao recalculado,False,False,,0.076649484536083,,,False,PRESERVADO_V9_OU_CENARIO_V12
annual,2022,2022-06-30,2023-06-30,B00S,central,BBDC4,0.04,0.018052325581395356,0.005720930232558263,0.03038372093023267,APROXIMACAO_CAIXA_V9,Barsi_Graham_Comparacao_Final_v9/scripts/compute_besst.py,09d1327cf74b79991a32c82e463602b3bfdd7645f8ceababa0bef1d1ec2a81c7,,,PENDENTE; nao recalculado,False,False,,0.04932558139534926,,,False,PRESERVADO_V9_OU_CENARIO_V12
annual,2022,2022-06-30,2023-06-30,B00S,central,ITUB4,0.04,0.3038156153506837,0.2937803264225849,0.3138509042787825,APROXIMACAO_CAIXA_V9,Barsi_Graham_Comparacao_Final_v9/scripts/compute_besst.py,09d1327cf74b79991a32c82e463602b3bfdd7645f8ceababa0bef1d1ec2a81c7,,,PENDENTE; nao recalculado,False,False,,0.04014115571239518,,,False,PRESERVADO_V9_OU_CENARIO_V12
annual,2022,2022-06-30,2023-06-30,B00S,central,SANB4,0.04,0.13830911492734477,0.12478203434610302,0.1518361955085865,APROXIMACAO_CAIXA_V9,Barsi_Graham_Comparacao_Final_v9/scripts/compute_besst.py,09d1327cf74b79991a32c82e463602b3bfdd7645f8ceababa0bef1d1ec2a81c7,,,PENDENTE; nao recalculado,False,False,,0.054108322324966984,,,False,PRESERVADO_V9_OU_CENARIO_V12
annual,2022,2022-06-30,2023-06-30,B00S,central,NEOE3,0.022222222222222223,0.48847184986595193,0.47536193029490614,0.5015817694369973,APROXIMACAO_CAIXA_V9,Barsi_Graham_Comparacao_Final_v9/scripts/compute_besst.py,09d1327cf74b79991a32c82e463602b3bfdd7645f8ceababa0bef1d1ec2a81c7,,,PENDENTE; nao recalculado,False,False,,0.029133154602322995,,,False,PRESERVADO_V9_OU_CENARIO_V12
annual,2022,2022-06-30,2023-06-30,B00S,central,CPFE3,0.022222222222222223,0.2128886010362694,0.19304404145077725,0.23273316062176175,APROXIMACAO_CAIXA_V9,Barsi_Graham_Comparacao_Final_v9/scripts/compute_besst.py,09d1327cf74b79991a32c82e463602b3bfdd7645f8ceababa0bef1d1ec2a81c7,,,PENDENTE; nao recalculado,False,False,,0.04409902130109414,,,False,PRESERVADO_V9_OU_CENARIO_V12
annual,2022,2022-06-30,2023-06-30,B00S,central,EGIE3,0.022222222222222223,0.17760290556900737,0.16334140435835365,0.1918644067796611,APROXIMACAO_CAIXA_V9,Barsi_Graham_Comparacao_Final_v9/scripts/compute_besst.py,09d1327cf74b79991a32c82e463602b3bfdd7645f8ceababa0bef1d1ec2a81c7,,,PENDENTE; nao recalculado,False,False,,0.031692224912563835,,,False,PRESERVADO_V9_OU_CENARIO_V12
annual,2022,2022-06-30,2023-06-30,B00S,central,TRPL4,0.022222222222222223,0.1751414888985634,0.16092294296909015,0.18936003482803665,APROXIMACAO_CAIXA_V9,Barsi_Graham_Comparacao_Final_v9/scripts/compute_besst.py,09d1327cf74b79991a32c82e463602b3bfdd7645f8ceababa0bef1d1ec2a81c7,,,PENDENTE; nao recalculado,False,False,,0.03159676873216277,,,False,PRESERVADO_V9_OU_CENARIO_V12
annual,2022,2022-06-30,2023-06-30,B00S,central,EQTL3,0.022222222222222223,0.4292907180385288,0.42495621716287224,0.4336252189141856,APROXIMACAO_CAIXA_V9,Barsi_Graham_Comparacao_Final_v9/scripts/compute_besst.py,09d1327cf74b79991a32c82e463602b3bfdd7645f8ceababa0bef1d1ec2a81c7,,,PENDENTE; nao recalculado,False,False,,0.009632224168126197,,,False,PRESERVADO_V9_OU_CENARIO_V12
annual,2022,2022-06-30,2023-06-30,B00S,central,ENBR3,0.022222222222222223,0.2358255458937104,0.2221160409556313,0.2573573866406629,CHECKPOINT_EVENTOS_V6_HERDADO,runtime/Barsi_Graham_Retomada_v8/herdado_v7/herdado_v6/checkpoints/casos_v6/ENBR3_2022-06-30_2023-06-30.json,9962f1e3f35efda192f982e323fffaccb0bcec55ef73de9aba4cdf0a610cbaf7,0.2358255458937104,0.0,MESMA_CLASSE_E_MOTOR_GRAHAM; cobertura documental herdada parcial,True,False,-0.047848534993227713,0.047848534993227713,,,False,PRESERVADO_V9_OU_CENARIO_V12
annual,2022,2022-06-30,2023-06-30,B00S,central,TAEE4,0.022222222222222223,0.0729729729729729,0.052972972972972876,0.09297297297297313,APROXIMACAO_CAIXA_V9,Barsi_Graham_Comparacao_Final_v9/scripts/compute_besst.py,09d1327cf74b79991a32c82e463602b3bfdd7645f8ceababa0bef1d1ec2a81c7,,,PENDENTE; nao recalculado,False,False,,0.04444444444444498,,,False,PRESERVADO_V9_OU_CENARIO_V12
annual,2022,2022-06-30,2023-06-30,B00S,central,CMIG4,0.022222222222222223,0.37490366088631966,0.34770712909441226,0.40210019267822705,APROXIMACAO_CAIXA_V9,Barsi_Graham_Comparacao_Final_v9/scripts/compute_besst.py,09d1327cf74b79991a32c82e463602b3bfdd7645f8ceababa0bef1d1ec2a81c7,,,PENDENTE; nao recalculado,False,False,,0.06043673731534977,,,False,PRESERVADO_V9_OU_CENARIO_V12
annual,2022,2022-06-30,2023-06-30,B00S,central,CPLE6,0.022222222222222223,0.3030746705710101,0.2852122986822838,0.3209370424597362,APROXIMACAO_CAIXA_V9,Barsi_Graham_Comparacao_Final_v9/scripts/compute_besst.py,09d1327cf74b79991a32c82e463602b3bfdd7645f8ceababa0bef1d1ec2a81c7,,,PENDENTE; nao recalculado,False,False,,0.039694159752724625,,,False,PRESERVADO_V9_OU_CENARIO_V12
annual,2022,2022-06-30,2023-06-30,B00S,central,CSMG3,0.06666666666666667,1.011314775034562,0.9497222222222221,1.0066145833333335,CHECKPOINT_EVENTOS_V6_HERDADO,runtime/Barsi_Graham_Retomada_v8/herdado_v7/herdado_v6/checkpoints/casos_v6/CSMG3_2022-06-30_2023-06-30.json,55bf535449f54c64978521ee739897ab8c622a175c2aa5d9585146975fc4f46a,1.011314775034562,0.0,MESMA_CLASSE_E_MOTOR_GRAHAM; cobertura documental herdada parcial,True,False,0.03133461134152249,-0.03133461134152249,,,False,PRESERVADO_V9_OU_CENARIO_V12
annual,2022,2022-06-30,2023-06-30,B00S,central,SBSP3,0.06666666666666667,0.37995794258593607,0.36252312070192083,0.3730471899454588,CHECKPOINT_EVENTOS_V6_HERDADO,runtime/Barsi_Graham_Retomada_v8/herdado_v7/herdado_v6/checkpoints/casos_v6/SBSP3_2022-06-30_2023-06-30.json,ef4603b4e30cc598ec9c2b487ab94e4d7248a8b52d5d3e4a271339a91e133ed9,0.37995794258593607,0.0,MESMA_CLASSE_E_MOTOR_GRAHAM; cobertura documental herdada parcial,True,False,0.04607168426984831,-0.04607168426984831,,,False,PRESERVADO_V9_OU_CENARIO_V12
annual,2022,2022-06-30,2023-06-30,B00S,central,SAPR4,0.06666666666666667,0.2581333333333333,0.24170666666666674,0.27456000000000014,APROXIMACAO_CAIXA_V9,Barsi_Graham_Comparacao_Final_v9/scripts/compute_besst.py,09d1327cf74b79991a32c82e463602b3bfdd7645f8ceababa0bef1d1ec2a81c7,,,PENDENTE; nao recalculado,False,False,,0.10951111111111209,0.275861066823641,0.11818488993538434,True,CALCULADO_MOTOR_V6_FRACIONARIO_PROVISORIO
annual,2022,2022-06-30,2023-06-30,B00S,central,PSSA3,0.1,0.6556869369369369,0.641216216216216,0.6701576576576576,APROXIMACAO_CAIXA_V9,Barsi_Graham_Comparacao_Final_v9/scripts/compute_besst.py,09d1327cf74b79991a32c82e463602b3bfdd7645f8ceababa0bef1d1ec2a81c7,,,PENDENTE; nao recalculado,False,False,,0.14470720720720642,0.670490698882164,0.14803761945227034,True,CALCULADO_MOTOR_V6_FRACIONARIO_PROVISORIO
annual,2022,2022-06-30,2023-06-30,B00S,central,BBSE3,0.1,0.2893104776579354,0.26850539291217257,0.31011556240369775,APROXIMACAO_CAIXA_V9,Barsi_Graham_Comparacao_Final_v9/scripts/compute_besst.py,09d1327cf74b79991a32c82e463602b3bfdd7645f8ceababa0bef1d1ec2a81c7,0.2927878882762087,0.034774106182733355,CATALOGO_CAIXA_RI_NOMINAL_VERIFICADO; estrutura e completude geral pendentes,True,False,-0.17327674127489034,0.2080508474576237,,,False,PRESERVADO_V9_OU_CENARIO_V12
annual,2022,2022-06-30,2023-06-30,B00S,central,VIVT3,0.2,-0.02620059498512528,-0.037067573310667234,-0.015333616659583549,APROXIMACAO_CAIXA_V9,Barsi_Graham_Comparacao_Final_v9/scripts/compute_besst.py,09d1327cf74b79991a32c82e463602b3bfdd7645f8ceababa0bef1d1ec2a81c7,,,PENDENTE; nao recalculado,False,False,,0.21733956651083464,-0.022227630777291063,0.07945928415668435,True,CALCULADO_MOTOR_V6_FRACIONARIO_PROVISORIO
annual,2022,2022-06-30,2023-06-30,B00S,conservative,BBAS3,0.04,0.6099310964649489,0.5839304973037747,0.6359316956261232,APROXIMACAO_CAIXA_V9,Barsi_Graham_Comparacao_Final_v9/scripts/compute_besst.py,09d1327cf74b79991a32c82e463602b3bfdd7645f8ceababa0bef1d1ec2a81c7,,,PENDENTE; nao recalculado,False,False,,0.10400239664469701,,,False,PRESERVADO_V9_OU_CENARIO_V12
annual,2022,2022-06-30,2023-06-30,B00S,conservative,ABCB4,0.04,0.324548969072165,0.30538659793814427,0.34371134020618577,APROXIMACAO_CAIXA_V9,Barsi_Graham_Comparacao_Final_v9/scripts/compute_besst.py,09d1327cf74b79991a32c82e463602b3bfdd7645f8ceababa0bef1d1ec2a81c7,,,PENDENTE; nao recalculado,False,False,,0.076649484536083,,,False,PRESERVADO_V9_OU_CENARIO_V12
annual,2022,2022-06-30,2023-06-30,B00S,conservative,BBDC4,0.04,0.018052325581395356,0.005720930232558263,0.03038372093023267,APROXIMACAO_CAIXA_V9,Barsi_Graham_Comparacao_Final_v9/scripts/compute_besst.py,09d1327cf74b79991a32c82e463602b3bfdd7645f8ceababa0bef1d1ec2a81c7,,,PENDENTE; nao recalculado,False,False,,0.04932558139534926,,,False,PRESERVADO_V9_OU_CENARIO_V12
annual,2022,2022-06-30,2023-06-30,B00S,conservative,ITUB4,0.04,0.3038156153506837,0.2937803264225849,0.3138509042787825,APROXIMACAO_CAIXA_V9,Barsi_Graham_Comparacao_Final_v9/scripts/compute_besst.py,09d1327cf74b79991a32c82e463602b3bfdd7645f8ceababa0bef1d1ec2a81c7,,,PENDENTE; nao recalculado,False,False,,0.04014115571239518,,,False,PRESERVADO_V9_OU_CENARIO_V12
annual,2022,2022-06-30,2023-06-30,B00S,conservative,SANB4,0.04,0.13830911492734477,0.12478203434610302,0.1518361955085865,APROXIMACAO_CAIXA_V9,Barsi_Graham_Comparacao_Final_v9/scripts/compute_besst.py,09d1327cf74b79991a32c82e463602b3bfdd7645f8ceababa0bef1d1ec2a81c7,,,PENDENTE; nao recalculado,False,False,,0.054108322324966984,,,False,PRESERVADO_V9_OU_CENARIO_V12
annual,2022,2022-06-30,2023-06-30,B00S,conservative,CPFE3,0.025,0.2128886010362694,0.19304404145077725,0.23273316062176175,APROXIMACAO_CAIXA_V9,Barsi_Graham_Comparacao_Final_v9/scripts/compute_besst.py,09d1327cf74b79991a32c82e463602b3bfdd7645f8ceababa0bef1d1ec2a81c7,,,PENDENTE; nao recalculado,False,False,,0.0496113989637309,,,False,PRESERVADO_V9_OU_CENARIO_V12
annual,2022,2022-06-30,2023-06-30,B00S,conservative,EGIE3,0.025,0.17760290556900737,0.16334140435835365,0.1918644067796611,APROXIMACAO_CAIXA_V9,Barsi_Graham_Comparacao_Final_v9/scripts/compute_besst.py,09d1327cf74b79991a32c82e463602b3bfdd7645f8ceababa0bef1d1ec2a81c7,,,PENDENTE; nao recalculado,False,False,,0.035653753026634316,,,False,PRESERVADO_V9_OU_CENARIO_V12
annual,2022,2022-06-30,2023-06-30,B00S,conservative,TRPL4,0.025,0.1751414888985634,0.16092294296909015,0.18936003482803665,APROXIMACAO_CAIXA_V9,Barsi_Graham_Comparacao_Final_v9/scripts/compute_besst.py,09d1327cf74b79991a32c82e463602b3bfdd7645f8ceababa0bef1d1ec2a81c7,,,PENDENTE; nao recalculado,False,False,,0.03554636482368312,,,False,PRESERVADO_V9_OU_CENARIO_V12
annual,2022,2022-06-30,2023-06-30,B00S,conservative,EQTL3,0.025,0.4292907180385288,0.42495621716287224,0.4336252189141856,APROXIMACAO_CAIXA_V9,Barsi_Graham_Comparacao_Final_v9/scripts/compute_besst.py,09d1327cf74b79991a32c82e463602b3bfdd7645f8ceababa0bef1d1ec2a81c7,,,PENDENTE; nao recalculado,False,False,,0.01083625218914197,,,False,PRESERVADO_V9_OU_CENARIO_V12
annual,2022,2022-06-30,2023-06-30,B00S,conservative,ENBR3,0.025,0.2358255458937104,0.2221160409556313,0.2573573866406629,CHECKPOINT_EVENTOS_V6_HERDADO,runtime/Barsi_Graham_Retomada_v8/herdado_v7/herdado_v6/checkpoints/casos_v6/ENBR3_2022-06-30_2023-06-30.json,9962f1e3f35efda192f982e323fffaccb0bcec55ef73de9aba4cdf0a610cbaf7,0.2358255458937104,0.0,MESMA_CLASSE_E_MOTOR_GRAHAM; cobertura documental herdada parcial,True,False,-0.05382960186738117,0.05382960186738117,,,False,PRESERVADO_V9_OU_CENARIO_V12
annual,2022,2022-06-30,2023-06-30,B00S,conservative,TAEE4,0.025,0.0729729729729729,0.052972972972972876,0.09297297297297313,APROXIMACAO_CAIXA_V9,Barsi_Graham_Comparacao_Final_v9/scripts/compute_besst.py,09d1327cf74b79991a32c82e463602b3bfdd7645f8ceababa0bef1d1ec2a81c7,,,PENDENTE; nao recalculado,False,False,,0.0500000000000006,,,False,PRESERVADO_V9_OU_CENARIO_V12
annual,2022,2022-06-30,2023-06-30,B00S,conservative,CMIG4,0.025,0.37490366088631966,0.34770712909441226,0.40210019267822705,APROXIMACAO_CAIXA_V9,Barsi_Graham_Comparacao_Final_v9/scripts/compute_besst.py,09d1327cf74b79991a32c82e463602b3bfdd7645f8ceababa0bef1d1ec2a81c7,,,PENDENTE; nao recalculado,False,False,,0.06799132947976849,,,False,PRESERVADO_V9_OU_CENARIO_V12
annual,2022,2022-06-30,2023-06-30,B00S,conservative,CPLE6,0.025,0.3030746705710101,0.2852122986822838,0.3209370424597362,APROXIMACAO_CAIXA_V9,Barsi_Graham_Comparacao_Final_v9/scripts/compute_besst.py,09d1327cf74b79991a32c82e463602b3bfdd7645f8ceababa0bef1d1ec2a81c7,,,PENDENTE; nao recalculado,False,False,,0.0446559297218152,,,False,PRESERVADO_V9_OU_CENARIO_V12
annual,2022,2022-06-30,2023-06-30,B00S,conservative,CSMG3,0.06666666666666667,1.011314775034562,0.9497222222222221,1.0066145833333335,CHECKPOINT_EVENTOS_V6_HERDADO,runtime/Barsi_Graham_Retomada_v8/herdado_v7/herdado_v6/checkpoints/casos_v6/CSMG3_2022-06-30_2023-06-30.json,55bf535449f54c64978521ee739897ab8c622a175c2aa5d9585146975fc4f46a,1.011314775034562,0.0,MESMA_CLASSE_E_MOTOR_GRAHAM; cobertura documental herdada parcial,True,False,0.03133461134152249,-0.03133461134152249,,,False,PRESERVADO_V9_OU_CENARIO_V12
annual,2022,2022-06-30,2023-06-30,B00S,conservative,SBSP3,0.06666666666666667,0.37995794258593607,0.36252312070192083,0.3730471899454588,CHECKPOINT_EVENTOS_V6_HERDADO,runtime/Barsi_Graham_Retomada_v8/herdado_v7/herdado_v6/checkpoints/casos_v6/SBSP3_2022-06-30_2023-06-30.json,ef4603b4e30cc598ec9c2b487ab94e4d7248a8b52d5d3e4a271339a91e133ed9,0.37995794258593607,0.0,MESMA_CLASSE_E_MOTOR_GRAHAM; cobertura documental herdada parcial,True,False,0.04607168426984831,-0.04607168426984831,,,False,PRESERVADO_V9_OU_CENARIO_V12
annual,2022,2022-06-30,2023-06-30,B00S,conservative,SAPR4,0.06666666666666667,0.2581333333333333,0.24170666666666674,0.27456000000000014,APROXIMACAO_CAIXA_V9,Barsi_Graham_Comparacao_Final_v9/scripts/compute_besst.py,09d1327cf74b79991a32c82e463602b3bfdd7645f8ceababa0bef1d1ec2a81c7,,,PENDENTE; nao recalculado,False,False,,0.10951111111111209,0.275861066823641,0.11818488993538434,True,CALCULADO_MOTOR_V6_FRACIONARIO_PROVISORIO
annual,2022,2022-06-30,2023-06-30,B00S,conservative,PSSA3,0.1,0.6556869369369369,0.641216216216216,0.6701576576576576,APROXIMACAO_CAIXA_V9,Barsi_Graham_Comparacao_Final_v9/scripts/compute_besst.py,09d1327cf74b79991a32c82e463602b3bfdd7645f8ceababa0bef1d1ec2a81c7,,,PENDENTE; nao recalculado,False,False,,0.14470720720720642,0.670490698882164,0.14803761945227034,True,CALCULADO_MOTOR_V6_FRACIONARIO_PROVISORIO
annual,2022,2022-06-30,2023-06-30,B00S,conservative,BBSE3,0.1,0.2893104776579354,0.26850539291217257,0.31011556240369775,APROXIMACAO_CAIXA_V9,Barsi_Graham_Comparacao_Final_v9/scripts/compute_besst.py,09d1327cf74b79991a32c82e463602b3bfdd7645f8ceababa0bef1d1ec2a81c7,0.2927878882762087,0.034774106182733355,CATALOGO_CAIXA_RI_NOMINAL_VERIFICADO; estrutura e completude geral pendentes,True,False,-0.17327674127489034,0.2080508474576237,,,False,PRESERVADO_V9_OU_CENARIO_V12
annual,2022,2022-06-30,2023-06-30,B00S,conservative,VIVT3,0.2,-0.02620059498512528,-0.037067573310667234,-0.015333616659583549,APROXIMACAO_CAIXA_V9,Barsi_Graham_Comparacao_Final_v9/scripts/compute_besst.py,09d1327cf74b79991a32c82e463602b3bfdd7645f8ceababa0bef1d1ec2a81c7,,,PENDENTE; nao recalculado,False,False,,0.21733956651083464,-0.022227630777291063,0.07945928415668435,True,CALCULADO_MOTOR_V6_FRACIONARIO_PROVISORIO
annual,2022,2022-06-30,2023-06-30,B06,central,PSSA3,0.125,0.6556869369369369,0.641216216216216,0.6701576576576576,APROXIMACAO_CAIXA_V9,Barsi_Graham_Comparacao_Final_v9/scripts/compute_besst.py,09d1327cf74b79991a32c82e463602b3bfdd7645f8ceababa0bef1d1ec2a81c7,,,PENDENTE; nao recalculado,False,False,,0.18088400900900803,0.670490698882164,0.18504702431533793,True,CALCULADO_MOTOR_V6_FRACIONARIO_PROVISORIO
annual,2022,2022-06-30,2023-06-30,B06,central,VIVT3,0.125,-0.02620059498512528,-0.037067573310667234,-0.015333616659583549,APROXIMACAO_CAIXA_V9,Barsi_Graham_Comparacao_Final_v9/scripts/compute_besst.py,09d1327cf74b79991a32c82e463602b3bfdd7645f8ceababa0bef1d1ec2a81c7,,,PENDENTE; nao recalculado,False,False,,0.13583722906927165,-0.022227630777291063,0.04966205259792772,True,CALCULADO_MOTOR_V6_FRACIONARIO_PROVISORIO
annual,2022,2022-06-30,2023-06-30,B06,central,TAEE4,0.125,0.0729729729729729,0.052972972972972876,0.09297297297297313,APROXIMACAO_CAIXA_V9,Barsi_Graham_Comparacao_Final_v9/scripts/compute_besst.py,09d1327cf74b79991a32c82e463602b3bfdd7645f8ceababa0bef1d1ec2a81c7,,,PENDENTE; nao recalculado,False,False,,0.250000000000003,,,False,PRESERVADO_V9_OU_CENARIO_V12
annual,2022,2022-06-30,2023-06-30,B06,central,BBSE3,0.125,0.2893104776579354,0.26850539291217257,0.31011556240369775,APROXIMACAO_CAIXA_V9,Barsi_Graham_Comparacao_Final_v9/scripts/compute_besst.py,09d1327cf74b79991a32c82e463602b3bfdd7645f8ceababa0bef1d1ec2a81c7,0.2927878882762087,0.043467632728416694,CATALOGO_CAIXA_RI_NOMINAL_VERIFICADO; estrutura e completude geral pendentes,True,False,-0.21659592659361293,0.2600635593220296,,,False,PRESERVADO_V9_OU_CENARIO_V12
annual,2022,2022-06-30,2023-06-30,B06,central,ITUB4,0.125,0.3038156153506837,0.2937803264225849,0.3138509042787825,APROXIMACAO_CAIXA_V9,Barsi_Graham_Comparacao_Final_v9/scripts/compute_besst.py,09d1327cf74b79991a32c82e463602b3bfdd7645f8ceababa0bef1d1ec2a81c7,,,PENDENTE; nao recalculado,False,False,,0.12544111160123494,,,False,PRESERVADO_V9_OU_CENARIO_V12
annual,2022,2022-06-30,2023-06-30,B06,central,CPLE6,0.125,0.3030746705710101,0.2852122986822838,0.3209370424597362,APROXIMACAO_CAIXA_V9,Barsi_Graham_Comparacao_Final_v9/scripts/compute_besst.py,09d1327cf74b79991a32c82e463602b3bfdd7645f8ceababa0bef1d1ec2a81c7,,,PENDENTE; nao recalculado,False,False,,0.223279648609076,,,False,PRESERVADO_V9_OU_CENARIO_V12
annual,2022,2022-06-30,2023-06-30,B06,central,SAPR4,0.125,0.2581333333333333,0.24170666666666674,0.27456000000000014,APROXIMACAO_CAIXA_V9,Barsi_Graham_Comparacao_Final_v9/scripts/compute_besst.py,09d1327cf74b79991a32c82e463602b3bfdd7645f8ceababa0bef1d1ec2a81c7,,,PENDENTE; nao recalculado,False,False,,0.20533333333333514,0.275861066823641,0.22159666862884564,True,CALCULADO_MOTOR_V6_FRACIONARIO_PROVISORIO
annual,2022,2022-06-30,2023-06-30,B06,central,SANB4,0.125,0.13830911492734477,0.12478203434610302,0.1518361955085865,APROXIMACAO_CAIXA_V9,Barsi_Graham_Comparacao_Final_v9/scripts/compute_besst.py,09d1327cf74b79991a32c82e463602b3bfdd7645f8ceababa0bef1d1ec2a81c7,,,PENDENTE; nao recalculado,False,False,,0.16908850726552183,,,False,PRESERVADO_V9_OU_CENARIO_V12
annual,2022,2022-06-30,2023-06-30,B06,conservative,PSSA3,0.14285714285714285,0.6556869369369369,0.641216216216216,0.6701576576576576,APROXIMACAO_CAIXA_V9,Barsi_Graham_Comparacao_Final_v9/scripts/compute_besst.py,09d1327cf74b79991a32c82e463602b3bfdd7645f8ceababa0bef1d1ec2a81c7,,,PENDENTE; nao recalculado,False,False,,0.20672458172458058,0.670490698882164,0.21148231350324334,True,CALCULADO_MOTOR_V6_FRACIONARIO_PROVISORIO
annual,2022,2022-06-30,2023-06-30,B06,conservative,VIVT3,0.14285714285714285,-0.02620059498512528,-0.037067573310667234,-0.015333616659583549,APROXIMACAO_CAIXA_V9,Barsi_Graham_Comparacao_Final_v9/scripts/compute_besst.py,09d1327cf74b79991a32c82e463602b3bfdd7645f8ceababa0bef1d1ec2a81c7,,,PENDENTE; nao recalculado,False,False,,0.15524254750773903,-0.022227630777291063,0.056756631540488815,True,CALCULADO_MOTOR_V6_FRACIONARIO_PROVISORIO
annual,2022,2022-06-30,2023-06-30,B06,conservative,TAEE4,0.14285714285714285,0.0729729729729729,0.052972972972972876,0.09297297297297313,APROXIMACAO_CAIXA_V9,Barsi_Graham_Comparacao_Final_v9/scripts/compute_besst.py,09d1327cf74b79991a32c82e463602b3bfdd7645f8ceababa0bef1d1ec2a81c7,,,PENDENTE; nao recalculado,False,False,,0.28571428571428914,,,False,PRESERVADO_V9_OU_CENARIO_V12
annual,2022,2022-06-30,2023-06-30,B06,conservative,BBSE3,0.14285714285714285,0.2893104776579354,0.26850539291217257,0.31011556240369775,APROXIMACAO_CAIXA_V9,Barsi_Graham_Comparacao_Final_v9/scripts/compute_besst.py,09d1327cf74b79991a32c82e463602b3bfdd7645f8ceababa0bef1d1ec2a81c7,0.2927878882762087,0.04967729454676193,CATALOGO_CAIXA_RI_NOMINAL_VERIFICADO; estrutura e completude geral pendentes,True,False,-0.2475382018212719,0.29721549636803385,,,False,PRESERVADO_V9_OU_CENARIO_V12
annual,2022,2022-06-30,2023-06-30,B06,conservative,ITUB4,0.14285714285714285,0.3038156153506837,0.2937803264225849,0.3138509042787825,APROXIMACAO_CAIXA_V9,Barsi_Graham_Comparacao_Final_v9/scripts/compute_besst.py,09d1327cf74b79991a32c82e463602b3bfdd7645f8ceababa0bef1d1ec2a81c7,,,PENDENTE; nao recalculado,False,False,,0.14336127040141136,,,False,PRESERVADO_V9_OU_CENARIO_V12
annual,2022,2022-06-30,2023-06-30,B06,conservative,SAPR4,0.14285714285714285,0.2581333333333333,0.24170666666666674,0.27456000000000014,APROXIMACAO_CAIXA_V9,Barsi_Graham_Comparacao_Final_v9/scripts/compute_besst.py,09d1327cf74b79991a32c82e463602b3bfdd7645f8ceababa0bef1d1ec2a81c7,,,PENDENTE; nao recalculado,False,False,,0.23466666666666872,0.275861066823641,0.2532533355758236,True,CALCULADO_MOTOR_V6_FRACIONARIO_PROVISORIO
annual,2022,2022-06-30,2023-06-30,B06,conservative,SANB4,0.14285714285714285,0.13830911492734477,0.12478203434610302,0.1518361955085865,APROXIMACAO_CAIXA_V9,Barsi_Graham_Comparacao_Final_v9/scripts/compute_besst.py,09d1327cf74b79991a32c82e463602b3bfdd7645f8ceababa0bef1d1ec2a81c7,,,PENDENTE; nao recalculado,False,False,,0.1932440083034535,,,False,PRESERVADO_V9_OU_CENARIO_V12
annual,2022,2022-06-30,2023-06-30,B06S,central,ITUB4,0.1,0.3038156153506837,0.2937803264225849,0.3138509042787825,APROXIMACAO_CAIXA_V9,Barsi_Graham_Comparacao_Final_v9/scripts/compute_besst.py,09d1327cf74b79991a32c82e463602b3bfdd7645f8ceababa0bef1d1ec2a81c7,,,PENDENTE; nao recalculado,False,False,,0.10035288928098796,,,False,PRESERVADO_V9_OU_CENARIO_V12
annual,2022,2022-06-30,2023-06-30,B06S,central,SANB4,0.1,0.13830911492734477,0.12478203434610302,0.1518361955085865,APROXIMACAO_CAIXA_V9,Barsi_Graham_Comparacao_Final_v9/scripts/compute_besst.py,09d1327cf74b79991a32c82e463602b3bfdd7645f8ceababa0bef1d1ec2a81c7,,,PENDENTE; nao recalculado,False,False,,0.13527080581241746,,,False,PRESERVADO_V9_OU_CENARIO_V12
annual,2022,2022-06-30,2023-06-30,B06S,central,TAEE4,0.1,0.0729729729729729,0.052972972972972876,0.09297297297297313,APROXIMACAO_CAIXA_V9,Barsi_Graham_Comparacao_Final_v9/scripts/compute_besst.py,09d1327cf74b79991a32c82e463602b3bfdd7645f8ceababa0bef1d1ec2a81c7,,,PENDENTE; nao recalculado,False,False,,0.2000000000000024,,,False,PRESERVADO_V9_OU_CENARIO_V12
annual,2022,2022-06-30,2023-06-30,B06S,central,CPLE6,0.1,0.3030746705710101,0.2852122986822838,0.3209370424597362,APROXIMACAO_CAIXA_V9,Barsi_Graham_Comparacao_Final_v9/scripts/compute_besst.py,09d1327cf74b79991a32c82e463602b3bfdd7645f8ceababa0bef1d1ec2a81c7,,,PENDENTE; nao recalculado,False,False,,0.1786237188872608,,,False,PRESERVADO_V9_OU_CENARIO_V12
annual,2022,2022-06-30,2023-06-30,B06S,central,SAPR4,0.2,0.2581333333333333,0.24170666666666674,0.27456000000000014,APROXIMACAO_CAIXA_V9,Barsi_Graham_Comparacao_Final_v9/scripts/compute_besst.py,09d1327cf74b79991a32c82e463602b3bfdd7645f8ceababa0bef1d1ec2a81c7,,,PENDENTE; nao recalculado,False,False,,0.32853333333333623,0.275861066823641,0.354554669806153,True,CALCULADO_MOTOR_V6_FRACIONARIO_PROVISORIO
annual,2022,2022-06-30,2023-06-30,B06S,central,PSSA3,0.1,0.6556869369369369,0.641216216216216,0.6701576576576576,APROXIMACAO_CAIXA_V9,Barsi_Graham_Comparacao_Final_v9/scripts/compute_besst.py,09d1327cf74b79991a32c82e463602b3bfdd7645f8ceababa0bef1d1ec2a81c7,,,PENDENTE; nao recalculado,False,False,,0.14470720720720642,0.670490698882164,0.14803761945227034,True,CALCULADO_MOTOR_V6_FRACIONARIO_PROVISORIO
annual,2022,2022-06-30,2023-06-30,B06S,central,BBSE3,0.1,0.2893104776579354,0.26850539291217257,0.31011556240369775,APROXIMACAO_CAIXA_V9,Barsi_Graham_Comparacao_Final_v9/scripts/compute_besst.py,09d1327cf74b79991a32c82e463602b3bfdd7645f8ceababa0bef1d1ec2a81c7,0.2927878882762087,0.034774106182733355,CATALOGO_CAIXA_RI_NOMINAL_VERIFICADO; estrutura e completude geral pendentes,True,False,-0.17327674127489034,0.2080508474576237,,,False,PRESERVADO_V9_OU_CENARIO_V12
annual,2022,2022-06-30,2023-06-30,B06S,central,VIVT3,0.2,-0.02620059498512528,-0.037067573310667234,-0.015333616659583549,APROXIMACAO_CAIXA_V9,Barsi_Graham_Comparacao_Final_v9/scripts/compute_besst.py,09d1327cf74b79991a32c82e463602b3bfdd7645f8ceababa0bef1d1ec2a81c7,,,PENDENTE; nao recalculado,False,False,,0.21733956651083464,-0.022227630777291063,0.07945928415668435,True,CALCULADO_MOTOR_V6_FRACIONARIO_PROVISORIO
annual,2022,2022-06-30,2023-06-30,B06S,conservative,ITUB4,0.1,0.3038156153506837,0.2937803264225849,0.3138509042787825,APROXIMACAO_CAIXA_V9,Barsi_Graham_Comparacao_Final_v9/scripts/compute_besst.py,09d1327cf74b79991a32c82e463602b3bfdd7645f8ceababa0bef1d1ec2a81c7,,,PENDENTE; nao recalculado,False,False,,0.10035288928098796,,,False,PRESERVADO_V9_OU_CENARIO_V12
annual,2022,2022-06-30,2023-06-30,B06S,conservative,SANB4,0.1,0.13830911492734477,0.12478203434610302,0.1518361955085865,APROXIMACAO_CAIXA_V9,Barsi_Graham_Comparacao_Final_v9/scripts/compute_besst.py,09d1327cf74b79991a32c82e463602b3bfdd7645f8ceababa0bef1d1ec2a81c7,,,PENDENTE; nao recalculado,False,False,,0.13527080581241746,,,False,PRESERVADO_V9_OU_CENARIO_V12
annual,2022,2022-06-30,2023-06-30,B06S,conservative,TAEE4,0.2,0.0729729729729729,0.052972972972972876,0.09297297297297313,APROXIMACAO_CAIXA_V9,Barsi_Graham_Comparacao_Final_v9/scripts/compute_besst.py,09d1327cf74b79991a32c82e463602b3bfdd7645f8ceababa0bef1d1ec2a81c7,,,PENDENTE; nao recalculado,False,False,,0.4000000000000048,,,False,PRESERVADO_V9_OU_CENARIO_V12
annual,2022,2022-06-30,2023-06-30,B06S,conservative,SAPR4,0.2,0.2581333333333333,0.24170666666666674,0.27456000000000014,APROXIMACAO_CAIXA_V9,Barsi_Graham_Comparacao_Final_v9/scripts/compute_besst.py,09d1327cf74b79991a32c82e463602b3bfdd7645f8ceababa0bef1d1ec2a81c7,,,PENDENTE; nao recalculado,False,False,,0.32853333333333623,0.275861066823641,0.354554669806153,True,CALCULADO_MOTOR_V6_FRACIONARIO_PROVISORIO
annual,2022,2022-06-30,2023-06-30,B06S,conservative,PSSA3,0.1,0.6556869369369369,0.641216216216216,0.6701576576576576,APROXIMACAO_CAIXA_V9,Barsi_Graham_Comparacao_Final_v9/scripts/compute_besst.py,09d1327cf74b79991a32c82e463602b3bfdd7645f8ceababa0bef1d1ec2a81c7,,,PENDENTE; nao recalculado,False,False,,0.14470720720720642,0.670490698882164,0.14803761945227034,True,CALCULADO_MOTOR_V6_FRACIONARIO_PROVISORIO
annual,2022,2022-06-30,2023-06-30,B06S,conservative,BBSE3,0.1,0.2893104776579354,0.26850539291217257,0.31011556240369775,APROXIMACAO_CAIXA_V9,Barsi_Graham_Comparacao_Final_v9/scripts/compute_besst.py,09d1327cf74b79991a32c82e463602b3bfdd7645f8ceababa0bef1d1ec2a81c7,0.2927878882762087,0.034774106182733355,CATALOGO_CAIXA_RI_NOMINAL_VERIFICADO; estrutura e completude geral pendentes,True,False,-0.17327674127489034,0.2080508474576237,,,False,PRESERVADO_V9_OU_CENARIO_V12
annual,2022,2022-06-30,2023-06-30,B06S,conservative,VIVT3,0.2,-0.02620059498512528,-0.037067573310667234,-0.015333616659583549,APROXIMACAO_CAIXA_V9,Barsi_Graham_Comparacao_Final_v9/scripts/compute_besst.py,09d1327cf74b79991a32c82e463602b3bfdd7645f8ceababa0bef1d1ec2a81c7,,,PENDENTE; nao recalculado,False,False,,0.21733956651083464,-0.022227630777291063,0.07945928415668435,True,CALCULADO_MOTOR_V6_FRACIONARIO_PROVISORIO
annual,2023,2023-06-30,2024-06-28,B00,central,BBAS3,0.05263157894736842,0.1924898785425102,0.17026720647773286,0.21471255060728756,APROXIMACAO_CAIXA_V9,Barsi_Graham_Comparacao_Final_v9/scripts/compute_besst.py,09d1327cf74b79991a32c82e463602b3bfdd7645f8ceababa0bef1d1ec2a81c7,,,PENDENTE; nao recalculado,False,False,,0.11696143191988077,,,False,PRESERVADO_V9_OU_CENARIO_V12
annual,2023,2023-06-30,2024-06-28,B00,central,NEOE3,0.05263157894736842,-0.07237399905793684,-0.0829580781912388,-0.061789919924635006,APROXIMACAO_CAIXA_V9,Barsi_Graham_Comparacao_Final_v9/scripts/compute_besst.py,09d1327cf74b79991a32c82e463602b3bfdd7645f8ceababa0bef1d1ec2a81c7,,,PENDENTE; nao recalculado,False,False,,0.055705679648957035,,,False,PRESERVADO_V9_OU_CENARIO_V12
annual,2023,2023-06-30,2024-06-28,B00,central,PSSA3,0.05263157894736842,0.15316500711237557,0.1426600284495021,0.16366998577524883,APROXIMACAO_CAIXA_V9,Barsi_Graham_Comparacao_Final_v9/scripts/compute_besst.py,09d1327cf74b79991a32c82e463602b3bfdd7645f8ceababa0bef1d1ec2a81c7,,,PENDENTE; nao recalculado,False,False,,0.05528936138354344,0.14781454736714927,-0.028160314448559466,True,CALCULADO_MOTOR_V6_FRACIONARIO_PROVISORIO
annual,2023,2023-06-30,2024-06-28,B00,central,CPFE3,0.05263157894736842,0.03373073567897644,0.0173306193660947,0.05013085199185796,APROXIMACAO_CAIXA_V9,Barsi_Graham_Comparacao_Final_v9/scripts/compute_besst.py,09d1327cf74b79991a32c82e463602b3bfdd7645f8ceababa0bef1d1ec2a81c7,,,PENDENTE; nao recalculado,False,False,,0.08631640164674483,,,False,PRESERVADO_V9_OU_CENARIO_V12
annual,2023,2023-06-30,2024-06-28,B00,central,VIVT3,0.05263157894736842,0.10400970649410679,0.09277559510053157,0.11524381788768201,APROXIMACAO_CAIXA_V9,Barsi_Graham_Comparacao_Final_v9/scripts/compute_besst.py,09d1327cf74b79991a32c82e463602b3bfdd7645f8ceababa0bef1d1ec2a81c7,,,PENDENTE; nao recalculado,False,False,,0.059126902071448516,0.10460658523467181,0.003141467055605374,True,CALCULADO_MOTOR_V6_FRACIONARIO_PROVISORIO
annual,2023,2023-06-30,2024-06-28,B00,central,TRPL4,0.05263157894736842,0.0789432176656153,0.07025236593059936,0.08763406940063101,APROXIMACAO_CAIXA_V9,Barsi_Graham_Comparacao_Final_v9/scripts/compute_besst.py,09d1327cf74b79991a32c82e463602b3bfdd7645f8ceababa0bef1d1ec2a81c7,,,PENDENTE; nao recalculado,False,False,,0.045741324921135335,,,False,PRESERVADO_V9_OU_CENARIO_V12
annual,2023,2023-06-30,2024-06-28,B00,central,EQTL3,0.05263157894736842,-0.03297045101088647,-0.035458786936236275,-0.030482115085536443,APROXIMACAO_CAIXA_V9,Barsi_Graham_Comparacao_Final_v9/scripts/compute_besst.py,09d1327cf74b79991a32c82e463602b3bfdd7645f8ceababa0bef1d1ec2a81c7,,,PENDENTE; nao recalculado,False,False,,0.013096504870263299,,,False,PRESERVADO_V9_OU_CENARIO_V12
annual,2023,2023-06-30,2024-06-28,B00,central,ENBR3,0.05263157894736842,0.00465707,0.00465707,0.00465707,APROXIMACAO_CAIXA_V9,Barsi_Graham_Comparacao_Final_v9/scripts/compute_besst.py,09d1327cf74b79991a32c82e463602b3bfdd7645f8ceababa0bef1d1ec2a81c7,0.004657070279424191,1.470653638160171e-09,MESMA_CLASSE_E_MOTOR_GRAHAM; cobertura documental herdada parcial,True,False,1.470653638160171e-09,0.0,,,False,PRESERVADO_V9_OU_CENARIO_V12
annual,2023,2023-06-30,2024-06-28,B00,central,TAEE4,0.05263157894736842,-0.005198412698412591,-0.02225396825396808,0.01185714285714301,APROXIMACAO_CAIXA_V9,Barsi_Graham_Comparacao_Final_v9/scripts/compute_besst.py,09d1327cf74b79991a32c82e463602b3bfdd7645f8ceababa0bef1d1ec2a81c7,,,PENDENTE; nao recalculado,False,False,,0.08976608187134526,,,False,PRESERVADO_V9_OU_CENARIO_V12
annual,2023,2023-06-30,2024-06-28,B00,central,CMIG4,0.05263157894736842,0.10348755832037337,0.0827433903576984,0.12423172628304835,APROXIMACAO_CAIXA_V9,Barsi_Graham_Comparacao_Final_v9/scripts/compute_besst.py,09d1327cf74b79991a32c82e463602b3bfdd7645f8ceababa0bef1d1ec2a81c7,,,PENDENTE; nao recalculado,False,False,,0.10917983138249986,,,False,PRESERVADO_V9_OU_CENARIO_V12
annual,2023,2023-06-30,2024-06-28,B00,central,CSMG3,0.05263157894736842,0.17663272166396138,0.09484633569739964,0.14841607565011827,CHECKPOINT_EVENTOS_V6_HERDADO,runtime/Barsi_Graham_Retomada_v8/herdado_v7/herdado_v6/checkpoints/casos_v6/CSMG3_2023-06-30_2024-06-28.json,254690409349adea6a6df65b4b0e57f002ffee659762355a6b31ed785ee9aa25,0.17663272166396138,0.0,MESMA_CLASSE_E_MOTOR_GRAHAM; cobertura documental herdada parcial,True,False,0.14850866323075318,-0.14850866323075318,,,False,PRESERVADO_V9_OU_CENARIO_V12
annual,2023,2023-06-30,2024-06-28,B00,central,BBSE3,0.05263157894736842,0.16901202469938248,0.14924926876828093,0.18877478063048425,APROXIMACAO_CAIXA_V9,Barsi_Graham_Comparacao_Final_v9/scripts/compute_besst.py,09d1327cf74b79991a32c82e463602b3bfdd7645f8ceababa0bef1d1ec2a81c7,0.17093453137056835,0.010118456164136183,CATALOGO_CAIXA_RI_NOMINAL_VERIFICADO; estrutura e completude geral pendentes,True,False,-0.09389604873639945,0.10401450490053563,,,False,PRESERVADO_V9_OU_CENARIO_V12
annual,2023,2023-06-30,2024-06-28,B00,central,ABCB4,0.05263157894736842,0.24546407970634498,0.2285684320922916,0.2623597273203986,APROXIMACAO_CAIXA_V9,Barsi_Graham_Comparacao_Final_v9/scripts/compute_besst.py,09d1327cf74b79991a32c82e463602b3bfdd7645f8ceababa0bef1d1ec2a81c7,,,PENDENTE; nao recalculado,False,False,,0.08892446112659788,,,False,PRESERVADO_V9_OU_CENARIO_V12
annual,2023,2023-06-30,2024-06-28,B00,central,SBSP3,0.05263157894736842,0.348455217258975,0.3444652642743502,0.35406752695775134,CHECKPOINT_EVENTOS_V6_HERDADO,runtime/Barsi_Graham_Retomada_v8/herdado_v7/herdado_v6/checkpoints/casos_v6/SBSP3_2023-06-30_2024-06-28.json,740af75d940c007141c234eb5250583df0a27ec259640e8ee034fbb3886ef8bc,0.348455217258975,0.0,MESMA_CLASSE_E_MOTOR_GRAHAM; cobertura documental herdada parcial,True,False,-0.029538472098822904,0.029538472098822904,,,False,PRESERVADO_V9_OU_CENARIO_V12
annual,2023,2023-06-30,2024-06-28,B00,central,BBDC4,0.05263157894736842,-0.16197568389057737,-0.179063829787234,-0.14488753799392085,APROXIMACAO_CAIXA_V9,Barsi_Graham_Comparacao_Final_v9/scripts/compute_besst.py,09d1327cf74b79991a32c82e463602b3bfdd7645f8ceababa0bef1d1ec2a81c7,,,PENDENTE; nao recalculado,False,False,,0.08993760998240276,,,False,PRESERVADO_V9_OU_CENARIO_V12
annual,2023,2023-06-30,2024-06-28,B00,central,ITUB4,0.05263157894736842,0.2049612948627726,0.1920478536242083,0.2178747361013369,APROXIMACAO_CAIXA_V9,Barsi_Graham_Comparacao_Final_v9/scripts/compute_besst.py,09d1327cf74b79991a32c82e463602b3bfdd7645f8ceababa0bef1d1ec2a81c7,,,PENDENTE; nao recalculado,False,False,,0.06796548020297002,,,False,PRESERVADO_V9_OU_CENARIO_V12
annual,2023,2023-06-30,2024-06-28,B00,central,CPLE6,0.05263157894736842,0.16755126658624864,0.1584077201447529,0.1766948130277446,APROXIMACAO_CAIXA_V9,Barsi_Graham_Comparacao_Final_v9/scripts/compute_besst.py,09d1327cf74b79991a32c82e463602b3bfdd7645f8ceababa0bef1d1ec2a81c7,,,PENDENTE; nao recalculado,False,False,,0.04812392863945238,,,False,PRESERVADO_V9_OU_CENARIO_V12
annual,2023,2023-06-30,2024-06-28,B00,central,SAPR4,0.05263157894736842,0.33843537414965974,0.3242630385487528,0.3526077097505669,APROXIMACAO_CAIXA_V9,Barsi_Graham_Comparacao_Final_v9/scripts/compute_besst.py,09d1327cf74b79991a32c82e463602b3bfdd7645f8ceababa0bef1d1ec2a81c7,,,PENDENTE; nao recalculado,False,False,,0.0745912400047744,0.351293845647183,0.06767616577643833,True,CALCULADO_MOTOR_V6_FRACIONARIO_PROVISORIO
annual,2023,2023-06-30,2024-06-28,B00,central,SANB4,0.05263157894736842,-0.0568476249228872,-0.06743985194324498,-0.046255397902529305,APROXIMACAO_CAIXA_V9,Barsi_Graham_Comparacao_Final_v9/scripts/compute_besst.py,09d1327cf74b79991a32c82e463602b3bfdd7645f8ceababa0bef1d1ec2a81c7,,,PENDENTE; nao recalculado,False,False,,0.05574856326504153,,,False,PRESERVADO_V9_OU_CENARIO_V12
annual,2023,2023-06-30,2024-06-28,B00,conservative,BBAS3,0.05263157894736842,0.1924898785425102,0.17026720647773286,0.21471255060728756,APROXIMACAO_CAIXA_V9,Barsi_Graham_Comparacao_Final_v9/scripts/compute_besst.py,09d1327cf74b79991a32c82e463602b3bfdd7645f8ceababa0bef1d1ec2a81c7,,,PENDENTE; nao recalculado,False,False,,0.11696143191988077,,,False,PRESERVADO_V9_OU_CENARIO_V12
annual,2023,2023-06-30,2024-06-28,B00,conservative,NEOE3,0.05263157894736842,-0.07237399905793684,-0.0829580781912388,-0.061789919924635006,APROXIMACAO_CAIXA_V9,Barsi_Graham_Comparacao_Final_v9/scripts/compute_besst.py,09d1327cf74b79991a32c82e463602b3bfdd7645f8ceababa0bef1d1ec2a81c7,,,PENDENTE; nao recalculado,False,False,,0.055705679648957035,,,False,PRESERVADO_V9_OU_CENARIO_V12
annual,2023,2023-06-30,2024-06-28,B00,conservative,PSSA3,0.05263157894736842,0.15316500711237557,0.1426600284495021,0.16366998577524883,APROXIMACAO_CAIXA_V9,Barsi_Graham_Comparacao_Final_v9/scripts/compute_besst.py,09d1327cf74b79991a32c82e463602b3bfdd7645f8ceababa0bef1d1ec2a81c7,,,PENDENTE; nao recalculado,False,False,,0.05528936138354344,0.14781454736714927,-0.028160314448559466,True,CALCULADO_MOTOR_V6_FRACIONARIO_PROVISORIO
annual,2023,2023-06-30,2024-06-28,B00,conservative,CPFE3,0.05263157894736842,0.03373073567897644,0.0173306193660947,0.05013085199185796,APROXIMACAO_CAIXA_V9,Barsi_Graham_Comparacao_Final_v9/scripts/compute_besst.py,09d1327cf74b79991a32c82e463602b3bfdd7645f8ceababa0bef1d1ec2a81c7,,,PENDENTE; nao recalculado,False,False,,0.08631640164674483,,,False,PRESERVADO_V9_OU_CENARIO_V12
annual,2023,2023-06-30,2024-06-28,B00,conservative,VIVT3,0.05263157894736842,0.10400970649410679,0.09277559510053157,0.11524381788768201,APROXIMACAO_CAIXA_V9,Barsi_Graham_Comparacao_Final_v9/scripts/compute_besst.py,09d1327cf74b79991a32c82e463602b3bfdd7645f8ceababa0bef1d1ec2a81c7,,,PENDENTE; nao recalculado,False,False,,0.059126902071448516,0.10460658523467181,0.003141467055605374,True,CALCULADO_MOTOR_V6_FRACIONARIO_PROVISORIO
annual,2023,2023-06-30,2024-06-28,B00,conservative,TRPL4,0.05263157894736842,0.0789432176656153,0.07025236593059936,0.08763406940063101,APROXIMACAO_CAIXA_V9,Barsi_Graham_Comparacao_Final_v9/scripts/compute_besst.py,09d1327cf74b79991a32c82e463602b3bfdd7645f8ceababa0bef1d1ec2a81c7,,,PENDENTE; nao recalculado,False,False,,0.045741324921135335,,,False,PRESERVADO_V9_OU_CENARIO_V12
annual,2023,2023-06-30,2024-06-28,B00,conservative,EQTL3,0.05263157894736842,-0.03297045101088647,-0.035458786936236275,-0.030482115085536443,APROXIMACAO_CAIXA_V9,Barsi_Graham_Comparacao_Final_v9/scripts/compute_besst.py,09d1327cf74b79991a32c82e463602b3bfdd7645f8ceababa0bef1d1ec2a81c7,,,PENDENTE; nao recalculado,False,False,,0.013096504870263299,,,False,PRESERVADO_V9_OU_CENARIO_V12
annual,2023,2023-06-30,2024-06-28,B00,conservative,ENBR3,0.05263157894736842,0.00465707,0.00465707,0.00465707,APROXIMACAO_CAIXA_V9,Barsi_Graham_Comparacao_Final_v9/scripts/compute_besst.py,09d1327cf74b79991a32c82e463602b3bfdd7645f8ceababa0bef1d1ec2a81c7,0.004657070279424191,1.470653638160171e-09,MESMA_CLASSE_E_MOTOR_GRAHAM; cobertura documental herdada parcial,True,False,1.470653638160171e-09,0.0,,,False,PRESERVADO_V9_OU_CENARIO_V12
annual,2023,2023-06-30,2024-06-28,B00,conservative,TAEE4,0.05263157894736842,-0.005198412698412591,-0.02225396825396808,0.01185714285714301,APROXIMACAO_CAIXA_V9,Barsi_Graham_Comparacao_Final_v9/scripts/compute_besst.py,09d1327cf74b79991a32c82e463602b3bfdd7645f8ceababa0bef1d1ec2a81c7,,,PENDENTE; nao recalculado,False,False,,0.08976608187134526,,,False,PRESERVADO_V9_OU_CENARIO_V12
annual,2023,2023-06-30,2024-06-28,B00,conservative,CMIG4,0.05263157894736842,0.10348755832037337,0.0827433903576984,0.12423172628304835,APROXIMACAO_CAIXA_V9,Barsi_Graham_Comparacao_Final_v9/scripts/compute_besst.py,09d1327cf74b79991a32c82e463602b3bfdd7645f8ceababa0bef1d1ec2a81c7,,,PENDENTE; nao recalculado,False,False,,0.10917983138249986,,,False,PRESERVADO_V9_OU_CENARIO_V12
annual,2023,2023-06-30,2024-06-28,B00,conservative,CSMG3,0.05263157894736842,0.17663272166396138,0.09484633569739964,0.14841607565011827,CHECKPOINT_EVENTOS_V6_HERDADO,runtime/Barsi_Graham_Retomada_v8/herdado_v7/herdado_v6/checkpoints/casos_v6/CSMG3_2023-06-30_2024-06-28.json,254690409349adea6a6df65b4b0e57f002ffee659762355a6b31ed785ee9aa25,0.17663272166396138,0.0,MESMA_CLASSE_E_MOTOR_GRAHAM; cobertura documental herdada parcial,True,False,0.14850866323075318,-0.14850866323075318,,,False,PRESERVADO_V9_OU_CENARIO_V12
annual,2023,2023-06-30,2024-06-28,B00,conservative,BBSE3,0.05263157894736842,0.16901202469938248,0.14924926876828093,0.18877478063048425,APROXIMACAO_CAIXA_V9,Barsi_Graham_Comparacao_Final_v9/scripts/compute_besst.py,09d1327cf74b79991a32c82e463602b3bfdd7645f8ceababa0bef1d1ec2a81c7,0.17093453137056835,0.010118456164136183,CATALOGO_CAIXA_RI_NOMINAL_VERIFICADO; estrutura e completude geral pendentes,True,False,-0.09389604873639945,0.10401450490053563,,,False,PRESERVADO_V9_OU_CENARIO_V12
annual,2023,2023-06-30,2024-06-28,B00,conservative,ABCB4,0.05263157894736842,0.24546407970634498,0.2285684320922916,0.2623597273203986,APROXIMACAO_CAIXA_V9,Barsi_Graham_Comparacao_Final_v9/scripts/compute_besst.py,09d1327cf74b79991a32c82e463602b3bfdd7645f8ceababa0bef1d1ec2a81c7,,,PENDENTE; nao recalculado,False,False,,0.08892446112659788,,,False,PRESERVADO_V9_OU_CENARIO_V12
annual,2023,2023-06-30,2024-06-28,B00,conservative,SBSP3,0.05263157894736842,0.348455217258975,0.3444652642743502,0.35406752695775134,CHECKPOINT_EVENTOS_V6_HERDADO,runtime/Barsi_Graham_Retomada_v8/herdado_v7/herdado_v6/checkpoints/casos_v6/SBSP3_2023-06-30_2024-06-28.json,740af75d940c007141c234eb5250583df0a27ec259640e8ee034fbb3886ef8bc,0.348455217258975,0.0,MESMA_CLASSE_E_MOTOR_GRAHAM; cobertura documental herdada parcial,True,False,-0.029538472098822904,0.029538472098822904,,,False,PRESERVADO_V9_OU_CENARIO_V12
annual,2023,2023-06-30,2024-06-28,B00,conservative,BBDC4,0.05263157894736842,-0.16197568389057737,-0.179063829787234,-0.14488753799392085,APROXIMACAO_CAIXA_V9,Barsi_Graham_Comparacao_Final_v9/scripts/compute_besst.py,09d1327cf74b79991a32c82e463602b3bfdd7645f8ceababa0bef1d1ec2a81c7,,,PENDENTE; nao recalculado,False,False,,0.08993760998240276,,,False,PRESERVADO_V9_OU_CENARIO_V12
annual,2023,2023-06-30,2024-06-28,B00,conservative,ITUB4,0.05263157894736842,0.2049612948627726,0.1920478536242083,0.2178747361013369,APROXIMACAO_CAIXA_V9,Barsi_Graham_Comparacao_Final_v9/scripts/compute_besst.py,09d1327cf74b79991a32c82e463602b3bfdd7645f8ceababa0bef1d1ec2a81c7,,,PENDENTE; nao recalculado,False,False,,0.06796548020297002,,,False,PRESERVADO_V9_OU_CENARIO_V12
annual,2023,2023-06-30,2024-06-28,B00,conservative,CPLE6,0.05263157894736842,0.16755126658624864,0.1584077201447529,0.1766948130277446,APROXIMACAO_CAIXA_V9,Barsi_Graham_Comparacao_Final_v9/scripts/compute_besst.py,09d1327cf74b79991a32c82e463602b3bfdd7645f8ceababa0bef1d1ec2a81c7,,,PENDENTE; nao recalculado,False,False,,0.04812392863945238,,,False,PRESERVADO_V9_OU_CENARIO_V12
annual,2023,2023-06-30,2024-06-28,B00,conservative,SAPR4,0.05263157894736842,0.33843537414965974,0.3242630385487528,0.3526077097505669,APROXIMACAO_CAIXA_V9,Barsi_Graham_Comparacao_Final_v9/scripts/compute_besst.py,09d1327cf74b79991a32c82e463602b3bfdd7645f8ceababa0bef1d1ec2a81c7,,,PENDENTE; nao recalculado,False,False,,0.0745912400047744,0.351293845647183,0.06767616577643833,True,CALCULADO_MOTOR_V6_FRACIONARIO_PROVISORIO
annual,2023,2023-06-30,2024-06-28,B00,conservative,SANB4,0.05263157894736842,-0.0568476249228872,-0.06743985194324498,-0.046255397902529305,APROXIMACAO_CAIXA_V9,Barsi_Graham_Comparacao_Final_v9/scripts/compute_besst.py,09d1327cf74b79991a32c82e463602b3bfdd7645f8ceababa0bef1d1ec2a81c7,,,PENDENTE; nao recalculado,False,False,,0.05574856326504153,,,False,PRESERVADO_V9_OU_CENARIO_V12
annual,2023,2023-06-30,2024-06-28,B00S,central,BBAS3,0.04,0.1924898785425102,0.17026720647773286,0.21471255060728756,APROXIMACAO_CAIXA_V9,Barsi_Graham_Comparacao_Final_v9/scripts/compute_besst.py,09d1327cf74b79991a32c82e463602b3bfdd7645f8ceababa0bef1d1ec2a81c7,,,PENDENTE; nao recalculado,False,False,,0.0888906882591094,,,False,PRESERVADO_V9_OU_CENARIO_V12
annual,2023,2023-06-30,2024-06-28,B00S,central,ABCB4,0.04,0.24546407970634498,0.2285684320922916,0.2623597273203986,APROXIMACAO_CAIXA_V9,Barsi_Graham_Comparacao_Final_v9/scripts/compute_besst.py,09d1327cf74b79991a32c82e463602b3bfdd7645f8ceababa0bef1d1ec2a81c7,,,PENDENTE; nao recalculado,False,False,,0.0675825904562144,,,False,PRESERVADO_V9_OU_CENARIO_V12
annual,2023,2023-06-30,2024-06-28,B00S,central,BBDC4,0.04,-0.16197568389057737,-0.179063829787234,-0.14488753799392085,APROXIMACAO_CAIXA_V9,Barsi_Graham_Comparacao_Final_v9/scripts/compute_besst.py,09d1327cf74b79991a32c82e463602b3bfdd7645f8ceababa0bef1d1ec2a81c7,,,PENDENTE; nao recalculado,False,False,,0.0683525835866261,,,False,PRESERVADO_V9_OU_CENARIO_V12
annual,2023,2023-06-30,2024-06-28,B00S,central,ITUB4,0.04,0.2049612948627726,0.1920478536242083,0.2178747361013369,APROXIMACAO_CAIXA_V9,Barsi_Graham_Comparacao_Final_v9/scripts/compute_besst.py,09d1327cf74b79991a32c82e463602b3bfdd7645f8ceababa0bef1d1ec2a81c7,,,PENDENTE; nao recalculado,False,False,,0.05165376495425722,,,False,PRESERVADO_V9_OU_CENARIO_V12
annual,2023,2023-06-30,2024-06-28,B00S,central,SANB4,0.04,-0.0568476249228872,-0.06743985194324498,-0.046255397902529305,APROXIMACAO_CAIXA_V9,Barsi_Graham_Comparacao_Final_v9/scripts/compute_besst.py,09d1327cf74b79991a32c82e463602b3bfdd7645f8ceababa0bef1d1ec2a81c7,,,PENDENTE; nao recalculado,False,False,,0.04236890808143157,,,False,PRESERVADO_V9_OU_CENARIO_V12
annual,2023,2023-06-30,2024-06-28,B00S,central,NEOE3,0.025,-0.07237399905793684,-0.0829580781912388,-0.061789919924635006,APROXIMACAO_CAIXA_V9,Barsi_Graham_Comparacao_Final_v9/scripts/compute_besst.py,09d1327cf74b79991a32c82e463602b3bfdd7645f8ceababa0bef1d1ec2a81c7,,,PENDENTE; nao recalculado,False,False,,0.026460197833254595,,,False,PRESERVADO_V9_OU_CENARIO_V12
annual,2023,2023-06-30,2024-06-28,B00S,central,CPFE3,0.025,0.03373073567897644,0.0173306193660947,0.05013085199185796,APROXIMACAO_CAIXA_V9,Barsi_Graham_Comparacao_Final_v9/scripts/compute_besst.py,09d1327cf74b79991a32c82e463602b3bfdd7645f8ceababa0bef1d1ec2a81c7,,,PENDENTE; nao recalculado,False,False,,0.041000290782203797,,,False,PRESERVADO_V9_OU_CENARIO_V12
annual,2023,2023-06-30,2024-06-28,B00S,central,TRPL4,0.025,0.0789432176656153,0.07025236593059936,0.08763406940063101,APROXIMACAO_CAIXA_V9,Barsi_Graham_Comparacao_Final_v9/scripts/compute_besst.py,09d1327cf74b79991a32c82e463602b3bfdd7645f8ceababa0bef1d1ec2a81c7,,,PENDENTE; nao recalculado,False,False,,0.021727129337539286,,,False,PRESERVADO_V9_OU_CENARIO_V12
annual,2023,2023-06-30,2024-06-28,B00S,central,EQTL3,0.025,-0.03297045101088647,-0.035458786936236275,-0.030482115085536443,APROXIMACAO_CAIXA_V9,Barsi_Graham_Comparacao_Final_v9/scripts/compute_besst.py,09d1327cf74b79991a32c82e463602b3bfdd7645f8ceababa0bef1d1ec2a81c7,,,PENDENTE; nao recalculado,False,False,,0.0062208398133750675,,,False,PRESERVADO_V9_OU_CENARIO_V12
annual,2023,2023-06-30,2024-06-28,B00S,central,ENBR3,0.025,0.00465707,0.00465707,0.00465707,APROXIMACAO_CAIXA_V9,Barsi_Graham_Comparacao_Final_v9/scripts/compute_besst.py,09d1327cf74b79991a32c82e463602b3bfdd7645f8ceababa0bef1d1ec2a81c7,0.004657070279424191,6.985604781260812e-10,MESMA_CLASSE_E_MOTOR_GRAHAM; cobertura documental herdada parcial,True,False,6.985604781260812e-10,0.0,,,False,PRESERVADO_V9_OU_CENARIO_V12
annual,2023,2023-06-30,2024-06-28,B00S,central,TAEE4,0.025,-0.005198412698412591,-0.02225396825396808,0.01185714285714301,APROXIMACAO_CAIXA_V9,Barsi_Graham_Comparacao_Final_v9/scripts/compute_besst.py,09d1327cf74b79991a32c82e463602b3bfdd7645f8ceababa0bef1d1ec2a81c7,,,PENDENTE; nao recalculado,False,False,,0.042638888888889004,,,False,PRESERVADO_V9_OU_CENARIO_V12
annual,2023,2023-06-30,2024-06-28,B00S,central,CMIG4,0.025,0.10348755832037337,0.0827433903576984,0.12423172628304835,APROXIMACAO_CAIXA_V9,Barsi_Graham_Comparacao_Final_v9/scripts/compute_besst.py,09d1327cf74b79991a32c82e463602b3bfdd7645f8ceababa0bef1d1ec2a81c7,,,PENDENTE; nao recalculado,False,False,,0.05186041990668744,,,False,PRESERVADO_V9_OU_CENARIO_V12
annual,2023,2023-06-30,2024-06-28,B00S,central,CPLE6,0.025,0.16755126658624864,0.1584077201447529,0.1766948130277446,APROXIMACAO_CAIXA_V9,Barsi_Graham_Comparacao_Final_v9/scripts/compute_besst.py,09d1327cf74b79991a32c82e463602b3bfdd7645f8ceababa0bef1d1ec2a81c7,,,PENDENTE; nao recalculado,False,False,,0.022858866103739883,,,False,PRESERVADO_V9_OU_CENARIO_V12
annual,2023,2023-06-30,2024-06-28,B00S,central,CSMG3,0.06666666666666667,0.17663272166396138,0.09484633569739964,0.14841607565011827,CHECKPOINT_EVENTOS_V6_HERDADO,runtime/Barsi_Graham_Retomada_v8/herdado_v7/herdado_v6/checkpoints/casos_v6/CSMG3_2023-06-30_2024-06-28.json,254690409349adea6a6df65b4b0e57f002ffee659762355a6b31ed785ee9aa25,0.17663272166396138,0.0,MESMA_CLASSE_E_MOTOR_GRAHAM; cobertura documental herdada parcial,True,False,0.18811097342562072,-0.18811097342562072,,,False,PRESERVADO_V9_OU_CENARIO_V12
annual,2023,2023-06-30,2024-06-28,B00S,central,SBSP3,0.06666666666666667,0.348455217258975,0.3444652642743502,0.35406752695775134,CHECKPOINT_EVENTOS_V6_HERDADO,runtime/Barsi_Graham_Retomada_v8/herdado_v7/herdado_v6/checkpoints/casos_v6/SBSP3_2023-06-30_2024-06-28.json,740af75d940c007141c234eb5250583df0a27ec259640e8ee034fbb3886ef8bc,0.348455217258975,0.0,MESMA_CLASSE_E_MOTOR_GRAHAM; cobertura documental herdada parcial,True,False,-0.03741539799184235,0.03741539799184235,,,False,PRESERVADO_V9_OU_CENARIO_V12
annual,2023,2023-06-30,2024-06-28,B00S,central,SAPR4,0.06666666666666667,0.33843537414965974,0.3242630385487528,0.3526077097505669,APROXIMACAO_CAIXA_V9,Barsi_Graham_Comparacao_Final_v9/scripts/compute_besst.py,09d1327cf74b79991a32c82e463602b3bfdd7645f8ceababa0bef1d1ec2a81c7,,,PENDENTE; nao recalculado,False,False,,0.09448223733938092,0.351293845647183,0.08572314331682189,True,CALCULADO_MOTOR_V6_FRACIONARIO_PROVISORIO
annual,2023,2023-06-30,2024-06-28,B00S,central,PSSA3,0.1,0.15316500711237557,0.1426600284495021,0.16366998577524883,APROXIMACAO_CAIXA_V9,Barsi_Graham_Comparacao_Final_v9/scripts/compute_besst.py,09d1327cf74b79991a32c82e463602b3bfdd7645f8ceababa0bef1d1ec2a81c7,,,PENDENTE; nao recalculado,False,False,,0.10504978662873254,0.14781454736714927,-0.05350459745226299,True,CALCULADO_MOTOR_V6_FRACIONARIO_PROVISORIO
annual,2023,2023-06-30,2024-06-28,B00S,central,BBSE3,0.1,0.16901202469938248,0.14924926876828093,0.18877478063048425,APROXIMACAO_CAIXA_V9,Barsi_Graham_Comparacao_Final_v9/scripts/compute_besst.py,09d1327cf74b79991a32c82e463602b3bfdd7645f8ceababa0bef1d1ec2a81c7,0.17093453137056835,0.01922506671185875,CATALOGO_CAIXA_RI_NOMINAL_VERIFICADO; estrutura e completude geral pendentes,True,False,-0.17840249259915897,0.19762755931101772,,,False,PRESERVADO_V9_OU_CENARIO_V12
annual,2023,2023-06-30,2024-06-28,B00S,central,VIVT3,0.2,0.10400970649410679,0.09277559510053157,0.11524381788768201,APROXIMACAO_CAIXA_V9,Barsi_Graham_Comparacao_Final_v9/scripts/compute_besst.py,09d1327cf74b79991a32c82e463602b3bfdd7645f8ceababa0bef1d1ec2a81c7,,,PENDENTE; nao recalculado,False,False,,0.22468222787150438,0.10460658523467181,0.011937574811300422,True,CALCULADO_MOTOR_V6_FRACIONARIO_PROVISORIO
annual,2023,2023-06-30,2024-06-28,B00S,conservative,BBAS3,0.04,0.1924898785425102,0.17026720647773286,0.21471255060728756,APROXIMACAO_CAIXA_V9,Barsi_Graham_Comparacao_Final_v9/scripts/compute_besst.py,09d1327cf74b79991a32c82e463602b3bfdd7645f8ceababa0bef1d1ec2a81c7,,,PENDENTE; nao recalculado,False,False,,0.0888906882591094,,,False,PRESERVADO_V9_OU_CENARIO_V12
annual,2023,2023-06-30,2024-06-28,B00S,conservative,ABCB4,0.04,0.24546407970634498,0.2285684320922916,0.2623597273203986,APROXIMACAO_CAIXA_V9,Barsi_Graham_Comparacao_Final_v9/scripts/compute_besst.py,09d1327cf74b79991a32c82e463602b3bfdd7645f8ceababa0bef1d1ec2a81c7,,,PENDENTE; nao recalculado,False,False,,0.0675825904562144,,,False,PRESERVADO_V9_OU_CENARIO_V12
annual,2023,2023-06-30,2024-06-28,B00S,conservative,BBDC4,0.04,-0.16197568389057737,-0.179063829787234,-0.14488753799392085,APROXIMACAO_CAIXA_V9,Barsi_Graham_Comparacao_Final_v9/scripts/compute_besst.py,09d1327cf74b79991a32c82e463602b3bfdd7645f8ceababa0bef1d1ec2a81c7,,,PENDENTE; nao recalculado,False,False,,0.0683525835866261,,,False,PRESERVADO_V9_OU_CENARIO_V12
annual,2023,2023-06-30,2024-06-28,B00S,conservative,ITUB4,0.04,0.2049612948627726,0.1920478536242083,0.2178747361013369,APROXIMACAO_CAIXA_V9,Barsi_Graham_Comparacao_Final_v9/scripts/compute_besst.py,09d1327cf74b79991a32c82e463602b3bfdd7645f8ceababa0bef1d1ec2a81c7,,,PENDENTE; nao recalculado,False,False,,0.05165376495425722,,,False,PRESERVADO_V9_OU_CENARIO_V12
annual,2023,2023-06-30,2024-06-28,B00S,conservative,SANB4,0.04,-0.0568476249228872,-0.06743985194324498,-0.046255397902529305,APROXIMACAO_CAIXA_V9,Barsi_Graham_Comparacao_Final_v9/scripts/compute_besst.py,09d1327cf74b79991a32c82e463602b3bfdd7645f8ceababa0bef1d1ec2a81c7,,,PENDENTE; nao recalculado,False,False,,0.04236890808143157,,,False,PRESERVADO_V9_OU_CENARIO_V12
annual,2023,2023-06-30,2024-06-28,B00S,conservative,NEOE3,0.025,-0.07237399905793684,-0.0829580781912388,-0.061789919924635006,APROXIMACAO_CAIXA_V9,Barsi_Graham_Comparacao_Final_v9/scripts/compute_besst.py,09d1327cf74b79991a32c82e463602b3bfdd7645f8ceababa0bef1d1ec2a81c7,,,PENDENTE; nao recalculado,False,False,,0.026460197833254595,,,False,PRESERVADO_V9_OU_CENARIO_V12
annual,2023,2023-06-30,2024-06-28,B00S,conservative,CPFE3,0.025,0.03373073567897644,0.0173306193660947,0.05013085199185796,APROXIMACAO_CAIXA_V9,Barsi_Graham_Comparacao_Final_v9/scripts/compute_besst.py,09d1327cf74b79991a32c82e463602b3bfdd7645f8ceababa0bef1d1ec2a81c7,,,PENDENTE; nao recalculado,False,False,,0.041000290782203797,,,False,PRESERVADO_V9_OU_CENARIO_V12
annual,2023,2023-06-30,2024-06-28,B00S,conservative,TRPL4,0.025,0.0789432176656153,0.07025236593059936,0.08763406940063101,APROXIMACAO_CAIXA_V9,Barsi_Graham_Comparacao_Final_v9/scripts/compute_besst.py,09d1327cf74b79991a32c82e463602b3bfdd7645f8ceababa0bef1d1ec2a81c7,,,PENDENTE; nao recalculado,False,False,,0.021727129337539286,,,False,PRESERVADO_V9_OU_CENARIO_V12
annual,2023,2023-06-30,2024-06-28,B00S,conservative,EQTL3,0.025,-0.03297045101088647,-0.035458786936236275,-0.030482115085536443,APROXIMACAO_CAIXA_V9,Barsi_Graham_Comparacao_Final_v9/scripts/compute_besst.py,09d1327cf74b79991a32c82e463602b3bfdd7645f8ceababa0bef1d1ec2a81c7,,,PENDENTE; nao recalculado,False,False,,0.0062208398133750675,,,False,PRESERVADO_V9_OU_CENARIO_V12
annual,2023,2023-06-30,2024-06-28,B00S,conservative,ENBR3,0.025,0.00465707,0.00465707,0.00465707,APROXIMACAO_CAIXA_V9,Barsi_Graham_Comparacao_Final_v9/scripts/compute_besst.py,09d1327cf74b79991a32c82e463602b3bfdd7645f8ceababa0bef1d1ec2a81c7,0.004657070279424191,6.985604781260812e-10,MESMA_CLASSE_E_MOTOR_GRAHAM; cobertura documental herdada parcial,True,False,6.985604781260812e-10,0.0,,,False,PRESERVADO_V9_OU_CENARIO_V12
annual,2023,2023-06-30,2024-06-28,B00S,conservative,TAEE4,0.025,-0.005198412698412591,-0.02225396825396808,0.01185714285714301,APROXIMACAO_CAIXA_V9,Barsi_Graham_Comparacao_Final_v9/scripts/compute_besst.py,09d1327cf74b79991a32c82e463602b3bfdd7645f8ceababa0bef1d1ec2a81c7,,,PENDENTE; nao recalculado,False,False,,0.042638888888889004,,,False,PRESERVADO_V9_OU_CENARIO_V12
annual,2023,2023-06-30,2024-06-28,B00S,conservative,CMIG4,0.025,0.10348755832037337,0.0827433903576984,0.12423172628304835,APROXIMACAO_CAIXA_V9,Barsi_Graham_Comparacao_Final_v9/scripts/compute_besst.py,09d1327cf74b79991a32c82e463602b3bfdd7645f8ceababa0bef1d1ec2a81c7,,,PENDENTE; nao recalculado,False,False,,0.05186041990668744,,,False,PRESERVADO_V9_OU_CENARIO_V12
annual,2023,2023-06-30,2024-06-28,B00S,conservative,CPLE6,0.025,0.16755126658624864,0.1584077201447529,0.1766948130277446,APROXIMACAO_CAIXA_V9,Barsi_Graham_Comparacao_Final_v9/scripts/compute_besst.py,09d1327cf74b79991a32c82e463602b3bfdd7645f8ceababa0bef1d1ec2a81c7,,,PENDENTE; nao recalculado,False,False,,0.022858866103739883,,,False,PRESERVADO_V9_OU_CENARIO_V12
annual,2023,2023-06-30,2024-06-28,B00S,conservative,CSMG3,0.06666666666666667,0.17663272166396138,0.09484633569739964,0.14841607565011827,CHECKPOINT_EVENTOS_V6_HERDADO,runtime/Barsi_Graham_Retomada_v8/herdado_v7/herdado_v6/checkpoints/casos_v6/CSMG3_2023-06-30_2024-06-28.json,254690409349adea6a6df65b4b0e57f002ffee659762355a6b31ed785ee9aa25,0.17663272166396138,0.0,MESMA_CLASSE_E_MOTOR_GRAHAM; cobertura documental herdada parcial,True,False,0.18811097342562072,-0.18811097342562072,,,False,PRESERVADO_V9_OU_CENARIO_V12
annual,2023,2023-06-30,2024-06-28,B00S,conservative,SBSP3,0.06666666666666667,0.348455217258975,0.3444652642743502,0.35406752695775134,CHECKPOINT_EVENTOS_V6_HERDADO,runtime/Barsi_Graham_Retomada_v8/herdado_v7/herdado_v6/checkpoints/casos_v6/SBSP3_2023-06-30_2024-06-28.json,740af75d940c007141c234eb5250583df0a27ec259640e8ee034fbb3886ef8bc,0.348455217258975,0.0,MESMA_CLASSE_E_MOTOR_GRAHAM; cobertura documental herdada parcial,True,False,-0.03741539799184235,0.03741539799184235,,,False,PRESERVADO_V9_OU_CENARIO_V12
annual,2023,2023-06-30,2024-06-28,B00S,conservative,SAPR4,0.06666666666666667,0.33843537414965974,0.3242630385487528,0.3526077097505669,APROXIMACAO_CAIXA_V9,Barsi_Graham_Comparacao_Final_v9/scripts/compute_besst.py,09d1327cf74b79991a32c82e463602b3bfdd7645f8ceababa0bef1d1ec2a81c7,,,PENDENTE; nao recalculado,False,False,,0.09448223733938092,0.351293845647183,0.08572314331682189,True,CALCULADO_MOTOR_V6_FRACIONARIO_PROVISORIO
annual,2023,2023-06-30,2024-06-28,B00S,conservative,PSSA3,0.1,0.15316500711237557,0.1426600284495021,0.16366998577524883,APROXIMACAO_CAIXA_V9,Barsi_Graham_Comparacao_Final_v9/scripts/compute_besst.py,09d1327cf74b79991a32c82e463602b3bfdd7645f8ceababa0bef1d1ec2a81c7,,,PENDENTE; nao recalculado,False,False,,0.10504978662873254,0.14781454736714927,-0.05350459745226299,True,CALCULADO_MOTOR_V6_FRACIONARIO_PROVISORIO
annual,2023,2023-06-30,2024-06-28,B00S,conservative,BBSE3,0.1,0.16901202469938248,0.14924926876828093,0.18877478063048425,APROXIMACAO_CAIXA_V9,Barsi_Graham_Comparacao_Final_v9/scripts/compute_besst.py,09d1327cf74b79991a32c82e463602b3bfdd7645f8ceababa0bef1d1ec2a81c7,0.17093453137056835,0.01922506671185875,CATALOGO_CAIXA_RI_NOMINAL_VERIFICADO; estrutura e completude geral pendentes,True,False,-0.17840249259915897,0.19762755931101772,,,False,PRESERVADO_V9_OU_CENARIO_V12
annual,2023,2023-06-30,2024-06-28,B00S,conservative,VIVT3,0.2,0.10400970649410679,0.09277559510053157,0.11524381788768201,APROXIMACAO_CAIXA_V9,Barsi_Graham_Comparacao_Final_v9/scripts/compute_besst.py,09d1327cf74b79991a32c82e463602b3bfdd7645f8ceababa0bef1d1ec2a81c7,,,PENDENTE; nao recalculado,False,False,,0.22468222787150438,0.10460658523467181,0.011937574811300422,True,CALCULADO_MOTOR_V6_FRACIONARIO_PROVISORIO
annual,2023,2023-06-30,2024-06-28,B06,central,VIVT3,0.2,0.10400970649410679,0.09277559510053157,0.11524381788768201,APROXIMACAO_CAIXA_V9,Barsi_Graham_Comparacao_Final_v9/scripts/compute_besst.py,09d1327cf74b79991a32c82e463602b3bfdd7645f8ceababa0bef1d1ec2a81c7,,,PENDENTE; nao recalculado,False,False,,0.22468222787150438,0.10460658523467181,0.011937574811300422,True,CALCULADO_MOTOR_V6_FRACIONARIO_PROVISORIO
annual,2023,2023-06-30,2024-06-28,B06,central,TAEE4,0.2,-0.005198412698412591,-0.02225396825396808,0.01185714285714301,APROXIMACAO_CAIXA_V9,Barsi_Graham_Comparacao_Final_v9/scripts/compute_besst.py,09d1327cf74b79991a32c82e463602b3bfdd7645f8ceababa0bef1d1ec2a81c7,,,PENDENTE; nao recalculado,False,False,,0.34111111111111203,,,False,PRESERVADO_V9_OU_CENARIO_V12
annual,2023,2023-06-30,2024-06-28,B06,central,ITUB4,0.2,0.2049612948627726,0.1920478536242083,0.2178747361013369,APROXIMACAO_CAIXA_V9,Barsi_Graham_Comparacao_Final_v9/scripts/compute_besst.py,09d1327cf74b79991a32c82e463602b3bfdd7645f8ceababa0bef1d1ec2a81c7,,,PENDENTE; nao recalculado,False,False,,0.2582688247712861,,,False,PRESERVADO_V9_OU_CENARIO_V12
annual,2023,2023-06-30,2024-06-28,B06,central,CPLE6,0.2,0.16755126658624864,0.1584077201447529,0.1766948130277446,APROXIMACAO_CAIXA_V9,Barsi_Graham_Comparacao_Final_v9/scripts/compute_besst.py,09d1327cf74b79991a32c82e463602b3bfdd7645f8ceababa0bef1d1ec2a81c7,,,PENDENTE; nao recalculado,False,False,,0.18287092882991907,,,False,PRESERVADO_V9_OU_CENARIO_V12
annual,2023,2023-06-30,2024-06-28,B06,central,SANB4,0.2,-0.0568476249228872,-0.06743985194324498,-0.046255397902529305,APROXIMACAO_CAIXA_V9,Barsi_Graham_Comparacao_Final_v9/scripts/compute_besst.py,09d1327cf74b79991a32c82e463602b3bfdd7645f8ceababa0bef1d1ec2a81c7,,,PENDENTE; nao recalculado,False,False,,0.21184454040715783,,,False,PRESERVADO_V9_OU_CENARIO_V12
annual,2023,2023-06-30,2024-06-28,B06,conservative,VIVT3,0.25,0.10400970649410679,0.09277559510053157,0.11524381788768201,APROXIMACAO_CAIXA_V9,Barsi_Graham_Comparacao_Final_v9/scripts/compute_besst.py,09d1327cf74b79991a32c82e463602b3bfdd7645f8ceababa0bef1d1ec2a81c7,,,PENDENTE; nao recalculado,False,False,,0.2808527848393805,0.10460658523467181,0.014921968514125528,True,CALCULADO_MOTOR_V6_FRACIONARIO_PROVISORIO
annual,2023,2023-06-30,2024-06-28,B06,conservative,TAEE4,0.25,-0.005198412698412591,-0.02225396825396808,0.01185714285714301,APROXIMACAO_CAIXA_V9,Barsi_Graham_Comparacao_Final_v9/scripts/compute_besst.py,09d1327cf74b79991a32c82e463602b3bfdd7645f8ceababa0bef1d1ec2a81c7,,,PENDENTE; nao recalculado,False,False,,0.42638888888889004,,,False,PRESERVADO_V9_OU_CENARIO_V12
annual,2023,2023-06-30,2024-06-28,B06,conservative,ITUB4,0.25,0.2049612948627726,0.1920478536242083,0.2178747361013369,APROXIMACAO_CAIXA_V9,Barsi_Graham_Comparacao_Final_v9/scripts/compute_besst.py,09d1327cf74b79991a32c82e463602b3bfdd7645f8ceababa0bef1d1ec2a81c7,,,PENDENTE; nao recalculado,False,False,,0.3228360309641076,,,False,PRESERVADO_V9_OU_CENARIO_V12
annual,2023,2023-06-30,2024-06-28,B06,conservative,SANB4,0.25,-0.0568476249228872,-0.06743985194324498,-0.046255397902529305,APROXIMACAO_CAIXA_V9,Barsi_Graham_Comparacao_Final_v9/scripts/compute_besst.py,09d1327cf74b79991a32c82e463602b3bfdd7645f8ceababa0bef1d1ec2a81c7,,,PENDENTE; nao recalculado,False,False,,0.2648056755089473,,,False,PRESERVADO_V9_OU_CENARIO_V12
annual,2023,2023-06-30,2024-06-28,B06S,central,ITUB4,0.16666666666666666,0.2049612948627726,0.1920478536242083,0.2178747361013369,APROXIMACAO_CAIXA_V9,Barsi_Graham_Comparacao_Final_v9/scripts/compute_besst.py,09d1327cf74b79991a32c82e463602b3bfdd7645f8ceababa0bef1d1ec2a81c7,,,PENDENTE; nao recalculado,False,False,,0.21522402064273838,,,False,PRESERVADO_V9_OU_CENARIO_V12
annual,2023,2023-06-30,2024-06-28,B06S,central,SANB4,0.16666666666666666,-0.0568476249228872,-0.06743985194324498,-0.046255397902529305,APROXIMACAO_CAIXA_V9,Barsi_Graham_Comparacao_Final_v9/scripts/compute_besst.py,09d1327cf74b79991a32c82e463602b3bfdd7645f8ceababa0bef1d1ec2a81c7,,,PENDENTE; nao recalculado,False,False,,0.17653711700596483,,,False,PRESERVADO_V9_OU_CENARIO_V12
annual,2023,2023-06-30,2024-06-28,B06S,central,TAEE4,0.16666666666666666,-0.005198412698412591,-0.02225396825396808,0.01185714285714301,APROXIMACAO_CAIXA_V9,Barsi_Graham_Comparacao_Final_v9/scripts/compute_besst.py,09d1327cf74b79991a32c82e463602b3bfdd7645f8ceababa0bef1d1ec2a81c7,,,PENDENTE; nao recalculado,False,False,,0.28425925925926,,,False,PRESERVADO_V9_OU_CENARIO_V12
annual,2023,2023-06-30,2024-06-28,B06S,central,CPLE6,0.16666666666666666,0.16755126658624864,0.1584077201447529,0.1766948130277446,APROXIMACAO_CAIXA_V9,Barsi_Graham_Comparacao_Final_v9/scripts/compute_besst.py,09d1327cf74b79991a32c82e463602b3bfdd7645f8ceababa0bef1d1ec2a81c7,,,PENDENTE; nao recalculado,False,False,,0.1523924406915992,,,False,PRESERVADO_V9_OU_CENARIO_V12
annual,2023,2023-06-30,2024-06-28,B06S,central,VIVT3,0.3333333333333333,0.10400970649410679,0.09277559510053157,0.11524381788768201,APROXIMACAO_CAIXA_V9,Barsi_Graham_Comparacao_Final_v9/scripts/compute_besst.py,09d1327cf74b79991a32c82e463602b3bfdd7645f8ceababa0bef1d1ec2a81c7,,,PENDENTE; nao recalculado,False,False,,0.3744703797858406,0.10460658523467181,0.019895958018834033,True,CALCULADO_MOTOR_V6_FRACIONARIO_PROVISORIO
annual,2023,2023-06-30,2024-06-28,B06S,conservative,ITUB4,0.16666666666666666,0.2049612948627726,0.1920478536242083,0.2178747361013369,APROXIMACAO_CAIXA_V9,Barsi_Graham_Comparacao_Final_v9/scripts/compute_besst.py,09d1327cf74b79991a32c82e463602b3bfdd7645f8ceababa0bef1d1ec2a81c7,,,PENDENTE; nao recalculado,False,False,,0.21522402064273838,,,False,PRESERVADO_V9_OU_CENARIO_V12
annual,2023,2023-06-30,2024-06-28,B06S,conservative,SANB4,0.16666666666666666,-0.0568476249228872,-0.06743985194324498,-0.046255397902529305,APROXIMACAO_CAIXA_V9,Barsi_Graham_Comparacao_Final_v9/scripts/compute_besst.py,09d1327cf74b79991a32c82e463602b3bfdd7645f8ceababa0bef1d1ec2a81c7,,,PENDENTE; nao recalculado,False,False,,0.17653711700596483,,,False,PRESERVADO_V9_OU_CENARIO_V12
annual,2023,2023-06-30,2024-06-28,B06S,conservative,TAEE4,0.3333333333333333,-0.005198412698412591,-0.02225396825396808,0.01185714285714301,APROXIMACAO_CAIXA_V9,Barsi_Graham_Comparacao_Final_v9/scripts/compute_besst.py,09d1327cf74b79991a32c82e463602b3bfdd7645f8ceababa0bef1d1ec2a81c7,,,PENDENTE; nao recalculado,False,False,,0.56851851851852,,,False,PRESERVADO_V9_OU_CENARIO_V12
annual,2023,2023-06-30,2024-06-28,B06S,conservative,VIVT3,0.3333333333333333,0.10400970649410679,0.09277559510053157,0.11524381788768201,APROXIMACAO_CAIXA_V9,Barsi_Graham_Comparacao_Final_v9/scripts/compute_besst.py,09d1327cf74b79991a32c82e463602b3bfdd7645f8ceababa0bef1d1ec2a81c7,,,PENDENTE; nao recalculado,False,False,,0.3744703797858406,0.10460658523467181,0.019895958018834033,True,CALCULADO_MOTOR_V6_FRACIONARIO_PROVISORIO
annual,2024,2024-06-28,2025-06-30,B00,central,BBAS3,0.05,-0.09080868588543611,-0.10724073380756272,-0.07437663796330973,APROXIMACAO_CAIXA_V9,Barsi_Graham_Comparacao_Final_v9/scripts/compute_besst.py,09d1327cf74b79991a32c82e463602b3bfdd7645f8ceababa0bef1d1ec2a81c7,,,PENDENTE; nao recalculado,False,False,,0.0821602396106319,,,False,PRESERVADO_V9_OU_CENARIO_V12
annual,2024,2024-06-28,2025-06-30,B00,central,ELET3,0.05,0.16834030683403056,0.15905160390516038,0.17762900976290075,APROXIMACAO_CAIXA_V9,Barsi_Graham_Comparacao_Final_v9/scripts/compute_besst.py,09d1327cf74b79991a32c82e463602b3bfdd7645f8ceababa0bef1d1ec2a81c7,,,PENDENTE; nao recalculado,False,False,,0.046443514644350925,,,False,PRESERVADO_V9_OU_CENARIO_V12
annual,2024,2024-06-28,2025-06-30,B00,central,NEOE3,0.05,0.4450996230479267,0.43136241249326845,0.45883683360258476,APROXIMACAO_CAIXA_V9,Barsi_Graham_Comparacao_Final_v9/scripts/compute_besst.py,09d1327cf74b79991a32c82e463602b3bfdd7645f8ceababa0bef1d1ec2a81c7,,,PENDENTE; nao recalculado,False,False,,0.06868605277329021,,,False,PRESERVADO_V9_OU_CENARIO_V12
annual,2024,2024-06-28,2025-06-30,B00,central,PSSA3,0.05,0.8405492730210018,0.8291437802907917,0.8519547657512119,APROXIMACAO_CAIXA_V9,Barsi_Graham_Comparacao_Final_v9/scripts/compute_besst.py,09d1327cf74b79991a32c82e463602b3bfdd7645f8ceababa0bef1d1ec2a81c7,,,PENDENTE; nao recalculado,False,False,,0.05702746365105038,0.9083203878634991,0.3388555742124866,True,CALCULADO_MOTOR_V6_FRACIONARIO_PROVISORIO
annual,2024,2024-06-28,2025-06-30,B00,central,CPFE3,0.05,0.3331500152765048,0.31619920562175396,0.3501008249312558,APROXIMACAO_CAIXA_V9,Barsi_Graham_Comparacao_Final_v9/scripts/compute_besst.py,09d1327cf74b79991a32c82e463602b3bfdd7645f8ceababa0bef1d1ec2a81c7,,,PENDENTE; nao recalculado,False,False,,0.08475404827375521,,,False,PRESERVADO_V9_OU_CENARIO_V12
annual,2024,2024-06-28,2025-06-30,B00,central,EGIE3,0.05,0.07623617069315869,0.06604651162790698,0.0864258297584104,APROXIMACAO_CAIXA_V9,Barsi_Graham_Comparacao_Final_v9/scripts/compute_besst.py,09d1327cf74b79991a32c82e463602b3bfdd7645f8ceababa0bef1d1ec2a81c7,,,PENDENTE; nao recalculado,False,False,,0.05094829532625855,,,False,PRESERVADO_V9_OU_CENARIO_V12
annual,2024,2024-06-28,2025-06-30,B00,central,VIVT3,0.05,0.4478716365240405,0.4308160564622847,0.46492721658579605,APROXIMACAO_CAIXA_V9,Barsi_Graham_Comparacao_Final_v9/scripts/compute_besst.py,09d1327cf74b79991a32c82e463602b3bfdd7645f8ceababa0bef1d1ec2a81c7,,,PENDENTE; nao recalculado,False,False,,0.0852779003087778,0.45941579607505556,0.057720797755075326,True,CALCULADO_MOTOR_V6_FRACIONARIO_PROVISORIO
annual,2024,2024-06-28,2025-06-30,B00,central,TRPL4,0.05,-0.02738632901751714,-0.04536679360243723,-0.009405864432597166,APROXIMACAO_CAIXA_V9,Barsi_Graham_Comparacao_Final_v9/scripts/compute_besst.py,09d1327cf74b79991a32c82e463602b3bfdd7645f8ceababa0bef1d1ec2a81c7,,,PENDENTE; nao recalculado,False,False,,0.08990232292459988,,,False,PRESERVADO_V9_OU_CENARIO_V12
annual,2024,2024-06-28,2025-06-30,B00,central,EQTL3,0.05,0.19190289996741616,0.1878657543173674,0.19594004561746492,APROXIMACAO_CAIXA_V9,Barsi_Graham_Comparacao_Final_v9/scripts/compute_besst.py,09d1327cf74b79991a32c82e463602b3bfdd7645f8ceababa0bef1d1ec2a81c7,,,PENDENTE; nao recalculado,False,False,,0.020185728250243784,,,False,PRESERVADO_V9_OU_CENARIO_V12
annual,2024,2024-06-28,2025-06-30,B00,central,TAEE4,0.05,0.1087696335078534,0.08910994764397895,0.12842931937172763,APROXIMACAO_CAIXA_V9,Barsi_Graham_Comparacao_Final_v9/scripts/compute_besst.py,09d1327cf74b79991a32c82e463602b3bfdd7645f8ceababa0bef1d1ec2a81c7,,,PENDENTE; nao recalculado,False,False,,0.09829842931937116,,,False,PRESERVADO_V9_OU_CENARIO_V12
annual,2024,2024-06-28,2025-06-30,B00,central,CMIG4,0.05,0.19095045500505559,0.17116279069767448,0.2107381193124367,APROXIMACAO_CAIXA_V9,Barsi_Graham_Comparacao_Final_v9/scripts/compute_besst.py,09d1327cf74b79991a32c82e463602b3bfdd7645f8ceababa0bef1d1ec2a81c7,,,PENDENTE; nao recalculado,False,False,,0.09893832153690552,,,False,PRESERVADO_V9_OU_CENARIO_V12
annual,2024,2024-06-28,2025-06-30,B00,central,CSMG3,0.05,0.43666173431169564,0.43573001436093817,0.4841359502154139,CHECKPOINT_EVENTOS_V6_HERDADO,runtime/Barsi_Graham_Retomada_v8/herdado_v7/herdado_v6/checkpoints/casos_v6/CSMG3_2024-06-28_2025-06-30.json,92096260bc7d0bdc46059eeef0147b45096aecc2baa0d21833e3d56a74c44925,0.43666173431169564,0.0,MESMA_CLASSE_E_MOTOR_GRAHAM; cobertura documental herdada parcial,True,False,-0.23737107951859127,0.23737107951859127,,,False,PRESERVADO_V9_OU_CENARIO_V12
annual,2024,2024-06-28,2025-06-30,B00,central,BBSE3,0.05,0.1911175220163983,0.17032493167324603,0.21191011235955037,APROXIMACAO_CAIXA_V9,Barsi_Graham_Comparacao_Final_v9/scripts/compute_besst.py,09d1327cf74b79991a32c82e463602b3bfdd7645f8ceababa0bef1d1ec2a81c7,0.19838670686397375,0.03634592423787719,CATALOGO_CAIXA_RI_NOMINAL_VERIFICADO; estrutura e completude geral pendentes,True,False,-0.06761702747788312,0.10396295171576031,,,False,PRESERVADO_V9_OU_CENARIO_V12
annual,2024,2024-06-28,2025-06-30,B00,central,ABCB4,0.05,0.10756549232158985,0.08831074977416442,0.12682023486901528,APROXIMACAO_CAIXA_V9,Barsi_Graham_Comparacao_Final_v9/scripts/compute_besst.py,09d1327cf74b79991a32c82e463602b3bfdd7645f8ceababa0bef1d1ec2a81c7,,,PENDENTE; nao recalculado,False,False,,0.09627371273712715,,,False,PRESERVADO_V9_OU_CENARIO_V12
annual,2024,2024-06-28,2025-06-30,B00,central,BBDC4,0.05,0.46243941841680103,0.4418416801292404,0.48303715670436165,APROXIMACAO_CAIXA_V9,Barsi_Graham_Comparacao_Final_v9/scripts/compute_besst.py,09d1327cf74b79991a32c82e463602b3bfdd7645f8ceababa0bef1d1ec2a81c7,,,PENDENTE; nao recalculado,False,False,,0.10298869143780309,,,False,PRESERVADO_V9_OU_CENARIO_V12
annual,2024,2024-06-28,2025-06-30,B00,central,ITUB4,0.05,0.37161678494291905,0.3481110768281397,0.3951224930576984,APROXIMACAO_CAIXA_V9,Barsi_Graham_Comparacao_Final_v9/scripts/compute_besst.py,09d1327cf74b79991a32c82e463602b3bfdd7645f8ceababa0bef1d1ec2a81c7,,,PENDENTE; nao recalculado,False,False,,0.11752854057389683,,,False,PRESERVADO_V9_OU_CENARIO_V12
annual,2024,2024-06-28,2025-06-30,B00,central,BMGB4,0.05,0.20947521865889218,0.18274052478134095,0.23620991253644297,APROXIMACAO_CAIXA_V9,Barsi_Graham_Comparacao_Final_v9/scripts/compute_besst.py,09d1327cf74b79991a32c82e463602b3bfdd7645f8ceababa0bef1d1ec2a81c7,,,PENDENTE; nao recalculado,False,False,,0.13367346938775393,,,False,PRESERVADO_V9_OU_CENARIO_V12
annual,2024,2024-06-28,2025-06-30,B00,central,CPLE6,0.05,0.3860752688172042,0.37681720430107535,0.3953333333333333,APROXIMACAO_CAIXA_V9,Barsi_Graham_Comparacao_Final_v9/scripts/compute_besst.py,09d1327cf74b79991a32c82e463602b3bfdd7645f8ceababa0bef1d1ec2a81c7,,,PENDENTE; nao recalculado,False,False,,0.04629032258064547,,,False,PRESERVADO_V9_OU_CENARIO_V12
annual,2024,2024-06-28,2025-06-30,B00,central,SAPR4,0.05,0.4145796064400715,0.401788908765653,0.4273703041144903,APROXIMACAO_CAIXA_V9,Barsi_Graham_Comparacao_Final_v9/scripts/compute_besst.py,09d1327cf74b79991a32c82e463602b3bfdd7645f8ceababa0bef1d1ec2a81c7,,,PENDENTE; nao recalculado,False,False,,0.0639534883720938,0.4316217396460422,0.0852106660298535,True,CALCULADO_MOTOR_V6_FRACIONARIO_PROVISORIO
annual,2024,2024-06-28,2025-06-30,B00,central,SANB4,0.05,0.13118503118503133,0.11853083853083857,0.14383922383922387,APROXIMACAO_CAIXA_V9,Barsi_Graham_Comparacao_Final_v9/scripts/compute_besst.py,09d1327cf74b79991a32c82e463602b3bfdd7645f8ceababa0bef1d1ec2a81c7,,,PENDENTE; nao recalculado,False,False,,0.06327096327096271,,,False,PRESERVADO_V9_OU_CENARIO_V12
annual,2024,2024-06-28,2025-06-30,B00,conservative,BBAS3,0.05263157894736842,-0.09080868588543611,-0.10724073380756272,-0.07437663796330973,APROXIMACAO_CAIXA_V9,Barsi_Graham_Comparacao_Final_v9/scripts/compute_besst.py,09d1327cf74b79991a32c82e463602b3bfdd7645f8ceababa0bef1d1ec2a81c7,,,PENDENTE; nao recalculado,False,False,,0.08648446274803358,,,False,PRESERVADO_V9_OU_CENARIO_V12
annual,2024,2024-06-28,2025-06-30,B00,conservative,ELET3,0.05263157894736842,0.16834030683403056,0.15905160390516038,0.17762900976290075,APROXIMACAO_CAIXA_V9,Barsi_Graham_Comparacao_Final_v9/scripts/compute_besst.py,09d1327cf74b79991a32c82e463602b3bfdd7645f8ceababa0bef1d1ec2a81c7,,,PENDENTE; nao recalculado,False,False,,0.048887910151948336,,,False,PRESERVADO_V9_OU_CENARIO_V12
annual,2024,2024-06-28,2025-06-30,B00,conservative,NEOE3,0.05263157894736842,0.4450996230479267,0.43136241249326845,0.45883683360258476,APROXIMACAO_CAIXA_V9,Barsi_Graham_Comparacao_Final_v9/scripts/compute_besst.py,09d1327cf74b79991a32c82e463602b3bfdd7645f8ceababa0bef1d1ec2a81c7,,,PENDENTE; nao recalculado,False,False,,0.07230110818241074,,,False,PRESERVADO_V9_OU_CENARIO_V12
annual,2024,2024-06-28,2025-06-30,B00,conservative,PSSA3,0.05263157894736842,0.8405492730210018,0.8291437802907917,0.8519547657512119,APROXIMACAO_CAIXA_V9,Barsi_Graham_Comparacao_Final_v9/scripts/compute_besst.py,09d1327cf74b79991a32c82e463602b3bfdd7645f8ceababa0bef1d1ec2a81c7,,,PENDENTE; nao recalculado,False,False,,0.060028909106368815,0.9083203878634991,0.35669007811840686,True,CALCULADO_MOTOR_V6_FRACIONARIO_PROVISORIO
annual,2024,2024-06-28,2025-06-30,B00,conservative,CPFE3,0.05263157894736842,0.3331500152765048,0.31619920562175396,0.3501008249312558,APROXIMACAO_CAIXA_V9,Barsi_Graham_Comparacao_Final_v9/scripts/compute_besst.py,09d1327cf74b79991a32c82e463602b3bfdd7645f8ceababa0bef1d1ec2a81c7,,,PENDENTE; nao recalculado,False,False,,0.08921478765658443,,,False,PRESERVADO_V9_OU_CENARIO_V12
annual,2024,2024-06-28,2025-06-30,B00,conservative,EGIE3,0.05263157894736842,0.07623617069315869,0.06604651162790698,0.0864258297584104,APROXIMACAO_CAIXA_V9,Barsi_Graham_Comparacao_Final_v9/scripts/compute_besst.py,09d1327cf74b79991a32c82e463602b3bfdd7645f8ceababa0bef1d1ec2a81c7,,,PENDENTE; nao recalculado,False,False,,0.05362978455395637,,,False,PRESERVADO_V9_OU_CENARIO_V12
annual,2024,2024-06-28,2025-06-30,B00,conservative,VIVT3,0.05263157894736842,0.4478716365240405,0.4308160564622847,0.46492721658579605,APROXIMACAO_CAIXA_V9,Barsi_Graham_Comparacao_Final_v9/scripts/compute_besst.py,09d1327cf74b79991a32c82e463602b3bfdd7645f8ceababa0bef1d1ec2a81c7,,,PENDENTE; nao recalculado,False,False,,0.08976621085134505,0.45941579607505556,0.06075873447902665,True,CALCULADO_MOTOR_V6_FRACIONARIO_PROVISORIO
annual,2024,2024-06-28,2025-06-30,B00,conservative,TRPL4,0.05263157894736842,-0.02738632901751714,-0.04536679360243723,-0.009405864432597166,APROXIMACAO_CAIXA_V9,Barsi_Graham_Comparacao_Final_v9/scripts/compute_besst.py,09d1327cf74b79991a32c82e463602b3bfdd7645f8ceababa0bef1d1ec2a81c7,,,PENDENTE; nao recalculado,False,False,,0.09463402413115775,,,False,PRESERVADO_V9_OU_CENARIO_V12
annual,2024,2024-06-28,2025-06-30,B00,conservative,EQTL3,0.05263157894736842,0.19190289996741616,0.1878657543173674,0.19594004561746492,APROXIMACAO_CAIXA_V9,Barsi_Graham_Comparacao_Final_v9/scripts/compute_besst.py,09d1327cf74b79991a32c82e463602b3bfdd7645f8ceababa0bef1d1ec2a81c7,,,PENDENTE; nao recalculado,False,False,,0.021248135000256612,,,False,PRESERVADO_V9_OU_CENARIO_V12
annual,2024,2024-06-28,2025-06-30,B00,conservative,TAEE4,0.05263157894736842,0.1087696335078534,0.08910994764397895,0.12842931937172763,APROXIMACAO_CAIXA_V9,Barsi_Graham_Comparacao_Final_v9/scripts/compute_besst.py,09d1327cf74b79991a32c82e463602b3bfdd7645f8ceababa0bef1d1ec2a81c7,,,PENDENTE; nao recalculado,False,False,,0.10347203086249594,,,False,PRESERVADO_V9_OU_CENARIO_V12
annual,2024,2024-06-28,2025-06-30,B00,conservative,CMIG4,0.05263157894736842,0.19095045500505559,0.17116279069767448,0.2107381193124367,APROXIMACAO_CAIXA_V9,Barsi_Graham_Comparacao_Final_v9/scripts/compute_besst.py,09d1327cf74b79991a32c82e463602b3bfdd7645f8ceababa0bef1d1ec2a81c7,,,PENDENTE; nao recalculado,False,False,,0.10414560161779526,,,False,PRESERVADO_V9_OU_CENARIO_V12
annual,2024,2024-06-28,2025-06-30,B00,conservative,CSMG3,0.05263157894736842,0.43666173431169564,0.43573001436093817,0.4841359502154139,CHECKPOINT_EVENTOS_V6_HERDADO,runtime/Barsi_Graham_Retomada_v8/herdado_v7/herdado_v6/checkpoints/casos_v6/CSMG3_2024-06-28_2025-06-30.json,92096260bc7d0bdc46059eeef0147b45096aecc2baa0d21833e3d56a74c44925,0.43666173431169564,0.0,MESMA_CLASSE_E_MOTOR_GRAHAM; cobertura documental herdada parcial,True,False,-0.24986429423009604,0.24986429423009604,,,False,PRESERVADO_V9_OU_CENARIO_V12
annual,2024,2024-06-28,2025-06-30,B00,conservative,BBSE3,0.05263157894736842,0.1911175220163983,0.17032493167324603,0.21191011235955037,APROXIMACAO_CAIXA_V9,Barsi_Graham_Comparacao_Final_v9/scripts/compute_besst.py,09d1327cf74b79991a32c82e463602b3bfdd7645f8ceababa0bef1d1ec2a81c7,0.19838670686397375,0.038258867618818096,CATALOGO_CAIXA_RI_NOMINAL_VERIFICADO; estrutura e completude geral pendentes,True,False,-0.07117581839777169,0.10943468601658979,,,False,PRESERVADO_V9_OU_CENARIO_V12
annual,2024,2024-06-28,2025-06-30,B00,conservative,ABCB4,0.05263157894736842,0.10756549232158985,0.08831074977416442,0.12682023486901528,APROXIMACAO_CAIXA_V9,Barsi_Graham_Comparacao_Final_v9/scripts/compute_besst.py,09d1327cf74b79991a32c82e463602b3bfdd7645f8ceababa0bef1d1ec2a81c7,,,PENDENTE; nao recalculado,False,False,,0.10134075024960751,,,False,PRESERVADO_V9_OU_CENARIO_V12
annual,2024,2024-06-28,2025-06-30,B00,conservative,BBDC4,0.05263157894736842,0.46243941841680103,0.4418416801292404,0.48303715670436165,APROXIMACAO_CAIXA_V9,Barsi_Graham_Comparacao_Final_v9/scripts/compute_besst.py,09d1327cf74b79991a32c82e463602b3bfdd7645f8ceababa0bef1d1ec2a81c7,,,PENDENTE; nao recalculado,False,False,,0.10840914888189798,,,False,PRESERVADO_V9_OU_CENARIO_V12
annual,2024,2024-06-28,2025-06-30,B00,conservative,ITUB4,0.05263157894736842,0.37161678494291905,0.3481110768281397,0.3951224930576984,APROXIMACAO_CAIXA_V9,Barsi_Graham_Comparacao_Final_v9/scripts/compute_besst.py,09d1327cf74b79991a32c82e463602b3bfdd7645f8ceababa0bef1d1ec2a81c7,,,PENDENTE; nao recalculado,False,False,,0.12371425323568086,,,False,PRESERVADO_V9_OU_CENARIO_V12
annual,2024,2024-06-28,2025-06-30,B00,conservative,CPLE6,0.05263157894736842,0.3860752688172042,0.37681720430107535,0.3953333333333333,APROXIMACAO_CAIXA_V9,Barsi_Graham_Comparacao_Final_v9/scripts/compute_besst.py,09d1327cf74b79991a32c82e463602b3bfdd7645f8ceababa0bef1d1ec2a81c7,,,PENDENTE; nao recalculado,False,False,,0.04872665534804786,,,False,PRESERVADO_V9_OU_CENARIO_V12
annual,2024,2024-06-28,2025-06-30,B00,conservative,SAPR4,0.05263157894736842,0.4145796064400715,0.401788908765653,0.4273703041144903,APROXIMACAO_CAIXA_V9,Barsi_Graham_Comparacao_Final_v9/scripts/compute_besst.py,09d1327cf74b79991a32c82e463602b3bfdd7645f8ceababa0bef1d1ec2a81c7,,,PENDENTE; nao recalculado,False,False,,0.06731946144430925,0.4316217396460422,0.08969543792616157,True,CALCULADO_MOTOR_V6_FRACIONARIO_PROVISORIO
annual,2024,2024-06-28,2025-06-30,B00,conservative,SANB4,0.05263157894736842,0.13118503118503133,0.11853083853083857,0.14383922383922387,APROXIMACAO_CAIXA_V9,Barsi_Graham_Comparacao_Final_v9/scripts/compute_besst.py,09d1327cf74b79991a32c82e463602b3bfdd7645f8ceababa0bef1d1ec2a81c7,,,PENDENTE; nao recalculado,False,False,,0.06660101396943442,,,False,PRESERVADO_V9_OU_CENARIO_V12
annual,2024,2024-06-28,2025-06-30,B00S,central,BBAS3,0.03333333333333333,-0.09080868588543611,-0.10724073380756272,-0.07437663796330973,APROXIMACAO_CAIXA_V9,Barsi_Graham_Comparacao_Final_v9/scripts/compute_besst.py,09d1327cf74b79991a32c82e463602b3bfdd7645f8ceababa0bef1d1ec2a81c7,,,PENDENTE; nao recalculado,False,False,,0.054773493073754606,,,False,PRESERVADO_V9_OU_CENARIO_V12
annual,2024,2024-06-28,2025-06-30,B00S,central,ABCB4,0.03333333333333333,0.10756549232158985,0.08831074977416442,0.12682023486901528,APROXIMACAO_CAIXA_V9,Barsi_Graham_Comparacao_Final_v9/scripts/compute_besst.py,09d1327cf74b79991a32c82e463602b3bfdd7645f8ceababa0bef1d1ec2a81c7,,,PENDENTE; nao recalculado,False,False,,0.06418247515808477,,,False,PRESERVADO_V9_OU_CENARIO_V12
annual,2024,2024-06-28,2025-06-30,B00S,central,BBDC4,0.03333333333333333,0.46243941841680103,0.4418416801292404,0.48303715670436165,APROXIMACAO_CAIXA_V9,Barsi_Graham_Comparacao_Final_v9/scripts/compute_besst.py,09d1327cf74b79991a32c82e463602b3bfdd7645f8ceababa0bef1d1ec2a81c7,,,PENDENTE; nao recalculado,False,False,,0.06865912762520207,,,False,PRESERVADO_V9_OU_CENARIO_V12
annual,2024,2024-06-28,2025-06-30,B00S,central,ITUB4,0.03333333333333333,0.37161678494291905,0.3481110768281397,0.3951224930576984,APROXIMACAO_CAIXA_V9,Barsi_Graham_Comparacao_Final_v9/scripts/compute_besst.py,09d1327cf74b79991a32c82e463602b3bfdd7645f8ceababa0bef1d1ec2a81c7,,,PENDENTE; nao recalculado,False,False,,0.0783523603825979,,,False,PRESERVADO_V9_OU_CENARIO_V12
annual,2024,2024-06-28,2025-06-30,B00S,central,BMGB4,0.03333333333333333,0.20947521865889218,0.18274052478134095,0.23620991253644297,APROXIMACAO_CAIXA_V9,Barsi_Graham_Comparacao_Final_v9/scripts/compute_besst.py,09d1327cf74b79991a32c82e463602b3bfdd7645f8ceababa0bef1d1ec2a81c7,,,PENDENTE; nao recalculado,False,False,,0.08911564625850263,,,False,PRESERVADO_V9_OU_CENARIO_V12
annual,2024,2024-06-28,2025-06-30,B00S,central,SANB4,0.03333333333333333,0.13118503118503133,0.11853083853083857,0.14383922383922387,APROXIMACAO_CAIXA_V9,Barsi_Graham_Comparacao_Final_v9/scripts/compute_besst.py,09d1327cf74b79991a32c82e463602b3bfdd7645f8ceababa0bef1d1ec2a81c7,,,PENDENTE; nao recalculado,False,False,,0.04218064218064181,,,False,PRESERVADO_V9_OU_CENARIO_V12
annual,2024,2024-06-28,2025-06-30,B00S,central,ELET3,0.022222222222222223,0.16834030683403056,0.15905160390516038,0.17762900976290075,APROXIMACAO_CAIXA_V9,Barsi_Graham_Comparacao_Final_v9/scripts/compute_besst.py,09d1327cf74b79991a32c82e463602b3bfdd7645f8ceababa0bef1d1ec2a81c7,,,PENDENTE; nao recalculado,False,False,,0.020641562064155967,,,False,PRESERVADO_V9_OU_CENARIO_V12
annual,2024,2024-06-28,2025-06-30,B00S,central,NEOE3,0.022222222222222223,0.4450996230479267,0.43136241249326845,0.45883683360258476,APROXIMACAO_CAIXA_V9,Barsi_Graham_Comparacao_Final_v9/scripts/compute_besst.py,09d1327cf74b79991a32c82e463602b3bfdd7645f8ceababa0bef1d1ec2a81c7,,,PENDENTE; nao recalculado,False,False,,0.03052713456590676,,,False,PRESERVADO_V9_OU_CENARIO_V12
annual,2024,2024-06-28,2025-06-30,B00S,central,CPFE3,0.022222222222222223,0.3331500152765048,0.31619920562175396,0.3501008249312558,APROXIMACAO_CAIXA_V9,Barsi_Graham_Comparacao_Final_v9/scripts/compute_besst.py,09d1327cf74b79991a32c82e463602b3bfdd7645f8ceababa0bef1d1ec2a81c7,,,PENDENTE; nao recalculado,False,False,,0.037668465899446765,,,False,PRESERVADO_V9_OU_CENARIO_V12
annual,2024,2024-06-28,2025-06-30,B00S,central,EGIE3,0.022222222222222223,0.07623617069315869,0.06604651162790698,0.0864258297584104,APROXIMACAO_CAIXA_V9,Barsi_Graham_Comparacao_Final_v9/scripts/compute_besst.py,09d1327cf74b79991a32c82e463602b3bfdd7645f8ceababa0bef1d1ec2a81c7,,,PENDENTE; nao recalculado,False,False,,0.02264368681167047,,,False,PRESERVADO_V9_OU_CENARIO_V12
annual,2024,2024-06-28,2025-06-30,B00S,central,TRPL4,0.022222222222222223,-0.02738632901751714,-0.04536679360243723,-0.009405864432597166,APROXIMACAO_CAIXA_V9,Barsi_Graham_Comparacao_Final_v9/scripts/compute_besst.py,09d1327cf74b79991a32c82e463602b3bfdd7645f8ceababa0bef1d1ec2a81c7,,,PENDENTE; nao recalculado,False,False,,0.039956587966488835,,,False,PRESERVADO_V9_OU_CENARIO_V12
annual,2024,2024-06-28,2025-06-30,B00S,central,EQTL3,0.022222222222222223,0.19190289996741616,0.1878657543173674,0.19594004561746492,APROXIMACAO_CAIXA_V9,Barsi_Graham_Comparacao_Final_v9/scripts/compute_besst.py,09d1327cf74b79991a32c82e463602b3bfdd7645f8ceababa0bef1d1ec2a81c7,,,PENDENTE; nao recalculado,False,False,,0.008971434777886127,,,False,PRESERVADO_V9_OU_CENARIO_V12
annual,2024,2024-06-28,2025-06-30,B00S,central,TAEE4,0.022222222222222223,0.1087696335078534,0.08910994764397895,0.12842931937172763,APROXIMACAO_CAIXA_V9,Barsi_Graham_Comparacao_Final_v9/scripts/compute_besst.py,09d1327cf74b79991a32c82e463602b3bfdd7645f8ceababa0bef1d1ec2a81c7,,,PENDENTE; nao recalculado,False,False,,0.04368819080860941,,,False,PRESERVADO_V9_OU_CENARIO_V12
annual,2024,2024-06-28,2025-06-30,B00S,central,CMIG4,0.022222222222222223,0.19095045500505559,0.17116279069767448,0.2107381193124367,APROXIMACAO_CAIXA_V9,Barsi_Graham_Comparacao_Final_v9/scripts/compute_besst.py,09d1327cf74b79991a32c82e463602b3bfdd7645f8ceababa0bef1d1ec2a81c7,,,PENDENTE; nao recalculado,False,False,,0.04397258734973579,,,False,PRESERVADO_V9_OU_CENARIO_V12
annual,2024,2024-06-28,2025-06-30,B00S,central,CPLE6,0.022222222222222223,0.3860752688172042,0.37681720430107535,0.3953333333333333,APROXIMACAO_CAIXA_V9,Barsi_Graham_Comparacao_Final_v9/scripts/compute_besst.py,09d1327cf74b79991a32c82e463602b3bfdd7645f8ceababa0bef1d1ec2a81c7,,,PENDENTE; nao recalculado,False,False,,0.0205734767025091,,,False,PRESERVADO_V9_OU_CENARIO_V12
annual,2024,2024-06-28,2025-06-30,B00S,central,CSMG3,0.1,0.43666173431169564,0.43573001436093817,0.4841359502154139,CHECKPOINT_EVENTOS_V6_HERDADO,runtime/Barsi_Graham_Retomada_v8/herdado_v7/herdado_v6/checkpoints/casos_v6/CSMG3_2024-06-28_2025-06-30.json,92096260bc7d0bdc46059eeef0147b45096aecc2baa0d21833e3d56a74c44925,0.43666173431169564,0.0,MESMA_CLASSE_E_MOTOR_GRAHAM; cobertura documental herdada parcial,True,False,-0.47474215903718253,0.47474215903718253,,,False,PRESERVADO_V9_OU_CENARIO_V12
annual,2024,2024-06-28,2025-06-30,B00S,central,SAPR4,0.1,0.4145796064400715,0.401788908765653,0.4273703041144903,APROXIMACAO_CAIXA_V9,Barsi_Graham_Comparacao_Final_v9/scripts/compute_besst.py,09d1327cf74b79991a32c82e463602b3bfdd7645f8ceababa0bef1d1ec2a81c7,,,PENDENTE; nao recalculado,False,False,,0.1279069767441876,0.4316217396460422,0.170421332059707,True,CALCULADO_MOTOR_V6_FRACIONARIO_PROVISORIO
annual,2024,2024-06-28,2025-06-30,B00S,central,PSSA3,0.1,0.8405492730210018,0.8291437802907917,0.8519547657512119,APROXIMACAO_CAIXA_V9,Barsi_Graham_Comparacao_Final_v9/scripts/compute_besst.py,09d1327cf74b79991a32c82e463602b3bfdd7645f8ceababa0bef1d1ec2a81c7,,,PENDENTE; nao recalculado,False,False,,0.11405492730210076,0.9083203878634991,0.6777111484249732,True,CALCULADO_MOTOR_V6_FRACIONARIO_PROVISORIO
annual,2024,2024-06-28,2025-06-30,B00S,central,BBSE3,0.1,0.1911175220163983,0.17032493167324603,0.21191011235955037,APROXIMACAO_CAIXA_V9,Barsi_Graham_Comparacao_Final_v9/scripts/compute_besst.py,09d1327cf74b79991a32c82e463602b3bfdd7645f8ceababa0bef1d1ec2a81c7,0.19838670686397375,0.07269184847575438,CATALOGO_CAIXA_RI_NOMINAL_VERIFICADO; estrutura e completude geral pendentes,True,False,-0.13523405495576624,0.20792590343152062,,,False,PRESERVADO_V9_OU_CENARIO_V12
annual,2024,2024-06-28,2025-06-30,B00S,central,VIVT3,0.2,0.4478716365240405,0.4308160564622847,0.46492721658579605,APROXIMACAO_CAIXA_V9,Barsi_Graham_Comparacao_Final_v9/scripts/compute_besst.py,09d1327cf74b79991a32c82e463602b3bfdd7645f8ceababa0bef1d1ec2a81c7,,,PENDENTE; nao recalculado,False,False,,0.3411116012351112,0.45941579607505556,0.2308831910203013,True,CALCULADO_MOTOR_V6_FRACIONARIO_PROVISORIO
annual,2024,2024-06-28,2025-06-30,B00S,conservative,BBAS3,0.04,-0.09080868588543611,-0.10724073380756272,-0.07437663796330973,APROXIMACAO_CAIXA_V9,Barsi_Graham_Comparacao_Final_v9/scripts/compute_besst.py,09d1327cf74b79991a32c82e463602b3bfdd7645f8ceababa0bef1d1ec2a81c7,,,PENDENTE; nao recalculado,False,False,,0.06572819168850552,,,False,PRESERVADO_V9_OU_CENARIO_V12
annual,2024,2024-06-28,2025-06-30,B00S,conservative,ABCB4,0.04,0.10756549232158985,0.08831074977416442,0.12682023486901528,APROXIMACAO_CAIXA_V9,Barsi_Graham_Comparacao_Final_v9/scripts/compute_besst.py,09d1327cf74b79991a32c82e463602b3bfdd7645f8ceababa0bef1d1ec2a81c7,,,PENDENTE; nao recalculado,False,False,,0.07701897018970172,,,False,PRESERVADO_V9_OU_CENARIO_V12
annual,2024,2024-06-28,2025-06-30,B00S,conservative,BBDC4,0.04,0.46243941841680103,0.4418416801292404,0.48303715670436165,APROXIMACAO_CAIXA_V9,Barsi_Graham_Comparacao_Final_v9/scripts/compute_besst.py,09d1327cf74b79991a32c82e463602b3bfdd7645f8ceababa0bef1d1ec2a81c7,,,PENDENTE; nao recalculado,False,False,,0.08239095315024247,,,False,PRESERVADO_V9_OU_CENARIO_V12
annual,2024,2024-06-28,2025-06-30,B00S,conservative,ITUB4,0.04,0.37161678494291905,0.3481110768281397,0.3951224930576984,APROXIMACAO_CAIXA_V9,Barsi_Graham_Comparacao_Final_v9/scripts/compute_besst.py,09d1327cf74b79991a32c82e463602b3bfdd7645f8ceababa0bef1d1ec2a81c7,,,PENDENTE; nao recalculado,False,False,,0.09402283245911747,,,False,PRESERVADO_V9_OU_CENARIO_V12
annual,2024,2024-06-28,2025-06-30,B00S,conservative,SANB4,0.04,0.13118503118503133,0.11853083853083857,0.14383922383922387,APROXIMACAO_CAIXA_V9,Barsi_Graham_Comparacao_Final_v9/scripts/compute_besst.py,09d1327cf74b79991a32c82e463602b3bfdd7645f8ceababa0bef1d1ec2a81c7,,,PENDENTE; nao recalculado,False,False,,0.05061677061677017,,,False,PRESERVADO_V9_OU_CENARIO_V12
annual,2024,2024-06-28,2025-06-30,B00S,conservative,ELET3,0.022222222222222223,0.16834030683403056,0.15905160390516038,0.17762900976290075,APROXIMACAO_CAIXA_V9,Barsi_Graham_Comparacao_Final_v9/scripts/compute_besst.py,09d1327cf74b79991a32c82e463602b3bfdd7645f8ceababa0bef1d1ec2a81c7,,,PENDENTE; nao recalculado,False,False,,0.020641562064155967,,,False,PRESERVADO_V9_OU_CENARIO_V12
annual,2024,2024-06-28,2025-06-30,B00S,conservative,NEOE3,0.022222222222222223,0.4450996230479267,0.43136241249326845,0.45883683360258476,APROXIMACAO_CAIXA_V9,Barsi_Graham_Comparacao_Final_v9/scripts/compute_besst.py,09d1327cf74b79991a32c82e463602b3bfdd7645f8ceababa0bef1d1ec2a81c7,,,PENDENTE; nao recalculado,False,False,,0.03052713456590676,,,False,PRESERVADO_V9_OU_CENARIO_V12
annual,2024,2024-06-28,2025-06-30,B00S,conservative,CPFE3,0.022222222222222223,0.3331500152765048,0.31619920562175396,0.3501008249312558,APROXIMACAO_CAIXA_V9,Barsi_Graham_Comparacao_Final_v9/scripts/compute_besst.py,09d1327cf74b79991a32c82e463602b3bfdd7645f8ceababa0bef1d1ec2a81c7,,,PENDENTE; nao recalculado,False,False,,0.037668465899446765,,,False,PRESERVADO_V9_OU_CENARIO_V12
annual,2024,2024-06-28,2025-06-30,B00S,conservative,EGIE3,0.022222222222222223,0.07623617069315869,0.06604651162790698,0.0864258297584104,APROXIMACAO_CAIXA_V9,Barsi_Graham_Comparacao_Final_v9/scripts/compute_besst.py,09d1327cf74b79991a32c82e463602b3bfdd7645f8ceababa0bef1d1ec2a81c7,,,PENDENTE; nao recalculado,False,False,,0.02264368681167047,,,False,PRESERVADO_V9_OU_CENARIO_V12
annual,2024,2024-06-28,2025-06-30,B00S,conservative,TRPL4,0.022222222222222223,-0.02738632901751714,-0.04536679360243723,-0.009405864432597166,APROXIMACAO_CAIXA_V9,Barsi_Graham_Comparacao_Final_v9/scripts/compute_besst.py,09d1327cf74b79991a32c82e463602b3bfdd7645f8ceababa0bef1d1ec2a81c7,,,PENDENTE; nao recalculado,False,False,,0.039956587966488835,,,False,PRESERVADO_V9_OU_CENARIO_V12
annual,2024,2024-06-28,2025-06-30,B00S,conservative,EQTL3,0.022222222222222223,0.19190289996741616,0.1878657543173674,0.19594004561746492,APROXIMACAO_CAIXA_V9,Barsi_Graham_Comparacao_Final_v9/scripts/compute_besst.py,09d1327cf74b79991a32c82e463602b3bfdd7645f8ceababa0bef1d1ec2a81c7,,,PENDENTE; nao recalculado,False,False,,0.008971434777886127,,,False,PRESERVADO_V9_OU_CENARIO_V12
annual,2024,2024-06-28,2025-06-30,B00S,conservative,TAEE4,0.022222222222222223,0.1087696335078534,0.08910994764397895,0.12842931937172763,APROXIMACAO_CAIXA_V9,Barsi_Graham_Comparacao_Final_v9/scripts/compute_besst.py,09d1327cf74b79991a32c82e463602b3bfdd7645f8ceababa0bef1d1ec2a81c7,,,PENDENTE; nao recalculado,False,False,,0.04368819080860941,,,False,PRESERVADO_V9_OU_CENARIO_V12
annual,2024,2024-06-28,2025-06-30,B00S,conservative,CMIG4,0.022222222222222223,0.19095045500505559,0.17116279069767448,0.2107381193124367,APROXIMACAO_CAIXA_V9,Barsi_Graham_Comparacao_Final_v9/scripts/compute_besst.py,09d1327cf74b79991a32c82e463602b3bfdd7645f8ceababa0bef1d1ec2a81c7,,,PENDENTE; nao recalculado,False,False,,0.04397258734973579,,,False,PRESERVADO_V9_OU_CENARIO_V12
annual,2024,2024-06-28,2025-06-30,B00S,conservative,CPLE6,0.022222222222222223,0.3860752688172042,0.37681720430107535,0.3953333333333333,APROXIMACAO_CAIXA_V9,Barsi_Graham_Comparacao_Final_v9/scripts/compute_besst.py,09d1327cf74b79991a32c82e463602b3bfdd7645f8ceababa0bef1d1ec2a81c7,,,PENDENTE; nao recalculado,False,False,,0.0205734767025091,,,False,PRESERVADO_V9_OU_CENARIO_V12
annual,2024,2024-06-28,2025-06-30,B00S,conservative,CSMG3,0.1,0.43666173431169564,0.43573001436093817,0.4841359502154139,CHECKPOINT_EVENTOS_V6_HERDADO,runtime/Barsi_Graham_Retomada_v8/herdado_v7/herdado_v6/checkpoints/casos_v6/CSMG3_2024-06-28_2025-06-30.json,92096260bc7d0bdc46059eeef0147b45096aecc2baa0d21833e3d56a74c44925,0.43666173431169564,0.0,MESMA_CLASSE_E_MOTOR_GRAHAM; cobertura documental herdada parcial,True,False,-0.47474215903718253,0.47474215903718253,,,False,PRESERVADO_V9_OU_CENARIO_V12
annual,2024,2024-06-28,2025-06-30,B00S,conservative,SAPR4,0.1,0.4145796064400715,0.401788908765653,0.4273703041144903,APROXIMACAO_CAIXA_V9,Barsi_Graham_Comparacao_Final_v9/scripts/compute_besst.py,09d1327cf74b79991a32c82e463602b3bfdd7645f8ceababa0bef1d1ec2a81c7,,,PENDENTE; nao recalculado,False,False,,0.1279069767441876,0.4316217396460422,0.170421332059707,True,CALCULADO_MOTOR_V6_FRACIONARIO_PROVISORIO
annual,2024,2024-06-28,2025-06-30,B00S,conservative,PSSA3,0.1,0.8405492730210018,0.8291437802907917,0.8519547657512119,APROXIMACAO_CAIXA_V9,Barsi_Graham_Comparacao_Final_v9/scripts/compute_besst.py,09d1327cf74b79991a32c82e463602b3bfdd7645f8ceababa0bef1d1ec2a81c7,,,PENDENTE; nao recalculado,False,False,,0.11405492730210076,0.9083203878634991,0.6777111484249732,True,CALCULADO_MOTOR_V6_FRACIONARIO_PROVISORIO
annual,2024,2024-06-28,2025-06-30,B00S,conservative,BBSE3,0.1,0.1911175220163983,0.17032493167324603,0.21191011235955037,APROXIMACAO_CAIXA_V9,Barsi_Graham_Comparacao_Final_v9/scripts/compute_besst.py,09d1327cf74b79991a32c82e463602b3bfdd7645f8ceababa0bef1d1ec2a81c7,0.19838670686397375,0.07269184847575438,CATALOGO_CAIXA_RI_NOMINAL_VERIFICADO; estrutura e completude geral pendentes,True,False,-0.13523405495576624,0.20792590343152062,,,False,PRESERVADO_V9_OU_CENARIO_V12
annual,2024,2024-06-28,2025-06-30,B00S,conservative,VIVT3,0.2,0.4478716365240405,0.4308160564622847,0.46492721658579605,APROXIMACAO_CAIXA_V9,Barsi_Graham_Comparacao_Final_v9/scripts/compute_besst.py,09d1327cf74b79991a32c82e463602b3bfdd7645f8ceababa0bef1d1ec2a81c7,,,PENDENTE; nao recalculado,False,False,,0.3411116012351112,0.45941579607505556,0.2308831910203013,True,CALCULADO_MOTOR_V6_FRACIONARIO_PROVISORIO
annual,2024,2024-06-28,2025-06-30,B06,central,CPFE3,0.1,0.3331500152765048,0.31619920562175396,0.3501008249312558,APROXIMACAO_CAIXA_V9,Barsi_Graham_Comparacao_Final_v9/scripts/compute_besst.py,09d1327cf74b79991a32c82e463602b3bfdd7645f8ceababa0bef1d1ec2a81c7,,,PENDENTE; nao recalculado,False,False,,0.16950809654751042,,,False,PRESERVADO_V9_OU_CENARIO_V12
annual,2024,2024-06-28,2025-06-30,B06,central,VIVT3,0.1,0.4478716365240405,0.4308160564622847,0.46492721658579605,APROXIMACAO_CAIXA_V9,Barsi_Graham_Comparacao_Final_v9/scripts/compute_besst.py,09d1327cf74b79991a32c82e463602b3bfdd7645f8ceababa0bef1d1ec2a81c7,,,PENDENTE; nao recalculado,False,False,,0.1705558006175556,0.45941579607505556,0.11544159551015065,True,CALCULADO_MOTOR_V6_FRACIONARIO_PROVISORIO
annual,2024,2024-06-28,2025-06-30,B06,central,TRPL4,0.1,-0.02738632901751714,-0.04536679360243723,-0.009405864432597166,APROXIMACAO_CAIXA_V9,Barsi_Graham_Comparacao_Final_v9/scripts/compute_besst.py,09d1327cf74b79991a32c82e463602b3bfdd7645f8ceababa0bef1d1ec2a81c7,,,PENDENTE; nao recalculado,False,False,,0.17980464584919975,,,False,PRESERVADO_V9_OU_CENARIO_V12
annual,2024,2024-06-28,2025-06-30,B06,central,TAEE4,0.1,0.1087696335078534,0.08910994764397895,0.12842931937172763,APROXIMACAO_CAIXA_V9,Barsi_Graham_Comparacao_Final_v9/scripts/compute_besst.py,09d1327cf74b79991a32c82e463602b3bfdd7645f8ceababa0bef1d1ec2a81c7,,,PENDENTE; nao recalculado,False,False,,0.19659685863874232,,,False,PRESERVADO_V9_OU_CENARIO_V12
annual,2024,2024-06-28,2025-06-30,B06,central,CMIG4,0.1,0.19095045500505559,0.17116279069767448,0.2107381193124367,APROXIMACAO_CAIXA_V9,Barsi_Graham_Comparacao_Final_v9/scripts/compute_besst.py,09d1327cf74b79991a32c82e463602b3bfdd7645f8ceababa0bef1d1ec2a81c7,,,PENDENTE; nao recalculado,False,False,,0.19787664307381103,,,False,PRESERVADO_V9_OU_CENARIO_V12
annual,2024,2024-06-28,2025-06-30,B06,central,BBSE3,0.1,0.1911175220163983,0.17032493167324603,0.21191011235955037,APROXIMACAO_CAIXA_V9,Barsi_Graham_Comparacao_Final_v9/scripts/compute_besst.py,09d1327cf74b79991a32c82e463602b3bfdd7645f8ceababa0bef1d1ec2a81c7,0.19838670686397375,0.07269184847575438,CATALOGO_CAIXA_RI_NOMINAL_VERIFICADO; estrutura e completude geral pendentes,True,False,-0.13523405495576624,0.20792590343152062,,,False,PRESERVADO_V9_OU_CENARIO_V12
annual,2024,2024-06-28,2025-06-30,B06,central,BBDC4,0.1,0.46243941841680103,0.4418416801292404,0.48303715670436165,APROXIMACAO_CAIXA_V9,Barsi_Graham_Comparacao_Final_v9/scripts/compute_besst.py,09d1327cf74b79991a32c82e463602b3bfdd7645f8ceababa0bef1d1ec2a81c7,,,PENDENTE; nao recalculado,False,False,,0.20597738287560619,,,False,PRESERVADO_V9_OU_CENARIO_V12
annual,2024,2024-06-28,2025-06-30,B06,central,BMGB4,0.1,0.20947521865889218,0.18274052478134095,0.23620991253644297,APROXIMACAO_CAIXA_V9,Barsi_Graham_Comparacao_Final_v9/scripts/compute_besst.py,09d1327cf74b79991a32c82e463602b3bfdd7645f8ceababa0bef1d1ec2a81c7,,,PENDENTE; nao recalculado,False,False,,0.26734693877550786,,,False,PRESERVADO_V9_OU_CENARIO_V12
annual,2024,2024-06-28,2025-06-30,B06,central,CPLE6,0.1,0.3860752688172042,0.37681720430107535,0.3953333333333333,APROXIMACAO_CAIXA_V9,Barsi_Graham_Comparacao_Final_v9/scripts/compute_besst.py,09d1327cf74b79991a32c82e463602b3bfdd7645f8ceababa0bef1d1ec2a81c7,,,PENDENTE; nao recalculado,False,False,,0.09258064516129094,,,False,PRESERVADO_V9_OU_CENARIO_V12
annual,2024,2024-06-28,2025-06-30,B06,central,SANB4,0.1,0.13118503118503133,0.11853083853083857,0.14383922383922387,APROXIMACAO_CAIXA_V9,Barsi_Graham_Comparacao_Final_v9/scripts/compute_besst.py,09d1327cf74b79991a32c82e463602b3bfdd7645f8ceababa0bef1d1ec2a81c7,,,PENDENTE; nao recalculado,False,False,,0.12654192654192542,,,False,PRESERVADO_V9_OU_CENARIO_V12
annual,2024,2024-06-28,2025-06-30,B06,conservative,CPFE3,0.14285714285714285,0.3331500152765048,0.31619920562175396,0.3501008249312558,APROXIMACAO_CAIXA_V9,Barsi_Graham_Comparacao_Final_v9/scripts/compute_besst.py,09d1327cf74b79991a32c82e463602b3bfdd7645f8ceababa0bef1d1ec2a81c7,,,PENDENTE; nao recalculado,False,False,,0.2421544236393006,,,False,PRESERVADO_V9_OU_CENARIO_V12
annual,2024,2024-06-28,2025-06-30,B06,conservative,VIVT3,0.14285714285714285,0.4478716365240405,0.4308160564622847,0.46492721658579605,APROXIMACAO_CAIXA_V9,Barsi_Graham_Comparacao_Final_v9/scripts/compute_besst.py,09d1327cf74b79991a32c82e463602b3bfdd7645f8ceababa0bef1d1ec2a81c7,,,PENDENTE; nao recalculado,False,False,,0.2436511437393651,0.45941579607505556,0.16491656501450092,True,CALCULADO_MOTOR_V6_FRACIONARIO_PROVISORIO
annual,2024,2024-06-28,2025-06-30,B06,conservative,TRPL4,0.14285714285714285,-0.02738632901751714,-0.04536679360243723,-0.009405864432597166,APROXIMACAO_CAIXA_V9,Barsi_Graham_Comparacao_Final_v9/scripts/compute_besst.py,09d1327cf74b79991a32c82e463602b3bfdd7645f8ceababa0bef1d1ec2a81c7,,,PENDENTE; nao recalculado,False,False,,0.25686377978457103,,,False,PRESERVADO_V9_OU_CENARIO_V12
annual,2024,2024-06-28,2025-06-30,B06,conservative,TAEE4,0.14285714285714285,0.1087696335078534,0.08910994764397895,0.12842931937172763,APROXIMACAO_CAIXA_V9,Barsi_Graham_Comparacao_Final_v9/scripts/compute_besst.py,09d1327cf74b79991a32c82e463602b3bfdd7645f8ceababa0bef1d1ec2a81c7,,,PENDENTE; nao recalculado,False,False,,0.2808526551982033,,,False,PRESERVADO_V9_OU_CENARIO_V12
annual,2024,2024-06-28,2025-06-30,B06,conservative,CMIG4,0.14285714285714285,0.19095045500505559,0.17116279069767448,0.2107381193124367,APROXIMACAO_CAIXA_V9,Barsi_Graham_Comparacao_Final_v9/scripts/compute_besst.py,09d1327cf74b79991a32c82e463602b3bfdd7645f8ceababa0bef1d1ec2a81c7,,,PENDENTE; nao recalculado,False,False,,0.2826809186768729,,,False,PRESERVADO_V9_OU_CENARIO_V12
annual,2024,2024-06-28,2025-06-30,B06,conservative,BBSE3,0.14285714285714285,0.1911175220163983,0.17032493167324603,0.21191011235955037,APROXIMACAO_CAIXA_V9,Barsi_Graham_Comparacao_Final_v9/scripts/compute_besst.py,09d1327cf74b79991a32c82e463602b3bfdd7645f8ceababa0bef1d1ec2a81c7,0.19838670686397375,0.10384549782250625,CATALOGO_CAIXA_RI_NOMINAL_VERIFICADO; estrutura e completude geral pendentes,True,False,-0.19319150707966604,0.2970370049021723,,,False,PRESERVADO_V9_OU_CENARIO_V12
annual,2024,2024-06-28,2025-06-30,B06,conservative,SANB4,0.14285714285714285,0.13118503118503133,0.11853083853083857,0.14383922383922387,APROXIMACAO_CAIXA_V9,Barsi_Graham_Comparacao_Final_v9/scripts/compute_besst.py,09d1327cf74b79991a32c82e463602b3bfdd7645f8ceababa0bef1d1ec2a81c7,,,PENDENTE; nao recalculado,False,False,,0.18077418077417917,,,False,PRESERVADO_V9_OU_CENARIO_V12
annual,2024,2024-06-28,2025-06-30,B06S,central,BBDC4,0.08333333333333333,0.46243941841680103,0.4418416801292404,0.48303715670436165,APROXIMACAO_CAIXA_V9,Barsi_Graham_Comparacao_Final_v9/scripts/compute_besst.py,09d1327cf74b79991a32c82e463602b3bfdd7645f8ceababa0bef1d1ec2a81c7,,,PENDENTE; nao recalculado,False,False,,0.17164781906300514,,,False,PRESERVADO_V9_OU_CENARIO_V12
annual,2024,2024-06-28,2025-06-30,B06S,central,BMGB4,0.08333333333333333,0.20947521865889218,0.18274052478134095,0.23620991253644297,APROXIMACAO_CAIXA_V9,Barsi_Graham_Comparacao_Final_v9/scripts/compute_besst.py,09d1327cf74b79991a32c82e463602b3bfdd7645f8ceababa0bef1d1ec2a81c7,,,PENDENTE; nao recalculado,False,False,,0.22278911564625653,,,False,PRESERVADO_V9_OU_CENARIO_V12
annual,2024,2024-06-28,2025-06-30,B06S,central,SANB4,0.08333333333333333,0.13118503118503133,0.11853083853083857,0.14383922383922387,APROXIMACAO_CAIXA_V9,Barsi_Graham_Comparacao_Final_v9/scripts/compute_besst.py,09d1327cf74b79991a32c82e463602b3bfdd7645f8ceababa0bef1d1ec2a81c7,,,PENDENTE; nao recalculado,False,False,,0.10545160545160451,,,False,PRESERVADO_V9_OU_CENARIO_V12
annual,2024,2024-06-28,2025-06-30,B06S,central,CPFE3,0.05,0.3331500152765048,0.31619920562175396,0.3501008249312558,APROXIMACAO_CAIXA_V9,Barsi_Graham_Comparacao_Final_v9/scripts/compute_besst.py,09d1327cf74b79991a32c82e463602b3bfdd7645f8ceababa0bef1d1ec2a81c7,,,PENDENTE; nao recalculado,False,False,,0.08475404827375521,,,False,PRESERVADO_V9_OU_CENARIO_V12
annual,2024,2024-06-28,2025-06-30,B06S,central,TRPL4,0.05,-0.02738632901751714,-0.04536679360243723,-0.009405864432597166,APROXIMACAO_CAIXA_V9,Barsi_Graham_Comparacao_Final_v9/scripts/compute_besst.py,09d1327cf74b79991a32c82e463602b3bfdd7645f8ceababa0bef1d1ec2a81c7,,,PENDENTE; nao recalculado,False,False,,0.08990232292459988,,,False,PRESERVADO_V9_OU_CENARIO_V12
annual,2024,2024-06-28,2025-06-30,B06S,central,TAEE4,0.05,0.1087696335078534,0.08910994764397895,0.12842931937172763,APROXIMACAO_CAIXA_V9,Barsi_Graham_Comparacao_Final_v9/scripts/compute_besst.py,09d1327cf74b79991a32c82e463602b3bfdd7645f8ceababa0bef1d1ec2a81c7,,,PENDENTE; nao recalculado,False,False,,0.09829842931937116,,,False,PRESERVADO_V9_OU_CENARIO_V12
annual,2024,2024-06-28,2025-06-30,B06S,central,CMIG4,0.05,0.19095045500505559,0.17116279069767448,0.2107381193124367,APROXIMACAO_CAIXA_V9,Barsi_Graham_Comparacao_Final_v9/scripts/compute_besst.py,09d1327cf74b79991a32c82e463602b3bfdd7645f8ceababa0bef1d1ec2a81c7,,,PENDENTE; nao recalculado,False,False,,0.09893832153690552,,,False,PRESERVADO_V9_OU_CENARIO_V12
annual,2024,2024-06-28,2025-06-30,B06S,central,CPLE6,0.05,0.3860752688172042,0.37681720430107535,0.3953333333333333,APROXIMACAO_CAIXA_V9,Barsi_Graham_Comparacao_Final_v9/scripts/compute_besst.py,09d1327cf74b79991a32c82e463602b3bfdd7645f8ceababa0bef1d1ec2a81c7,,,PENDENTE; nao recalculado,False,False,,0.04629032258064547,,,False,PRESERVADO_V9_OU_CENARIO_V12
annual,2024,2024-06-28,2025-06-30,B06S,central,BBSE3,0.25,0.1911175220163983,0.17032493167324603,0.21191011235955037,APROXIMACAO_CAIXA_V9,Barsi_Graham_Comparacao_Final_v9/scripts/compute_besst.py,09d1327cf74b79991a32c82e463602b3bfdd7645f8ceababa0bef1d1ec2a81c7,0.19838670686397375,0.18172962118938596,CATALOGO_CAIXA_RI_NOMINAL_VERIFICADO; estrutura e completude geral pendentes,True,False,-0.3380851373894156,0.5198147585788016,,,False,PRESERVADO_V9_OU_CENARIO_V12
annual,2024,2024-06-28,2025-06-30,B06S,central,VIVT3,0.25,0.4478716365240405,0.4308160564622847,0.46492721658579605,APROXIMACAO_CAIXA_V9,Barsi_Graham_Comparacao_Final_v9/scripts/compute_besst.py,09d1327cf74b79991a32c82e463602b3bfdd7645f8ceababa0bef1d1ec2a81c7,,,PENDENTE; nao recalculado,False,False,,0.426389501543889,0.45941579607505556,0.28860398877537663,True,CALCULADO_MOTOR_V6_FRACIONARIO_PROVISORIO
annual,2024,2024-06-28,2025-06-30,B06S,conservative,SANB4,0.25,0.13118503118503133,0.11853083853083857,0.14383922383922387,APROXIMACAO_CAIXA_V9,Barsi_Graham_Comparacao_Final_v9/scripts/compute_besst.py,09d1327cf74b79991a32c82e463602b3bfdd7645f8ceababa0bef1d1ec2a81c7,,,PENDENTE; nao recalculado,False,False,,0.31635481635481355,,,False,PRESERVADO_V9_OU_CENARIO_V12
annual,2024,2024-06-28,2025-06-30,B06S,conservative,CPFE3,0.0625,0.3331500152765048,0.31619920562175396,0.3501008249312558,APROXIMACAO_CAIXA_V9,Barsi_Graham_Comparacao_Final_v9/scripts/compute_besst.py,09d1327cf74b79991a32c82e463602b3bfdd7645f8ceababa0bef1d1ec2a81c7,,,PENDENTE; nao recalculado,False,False,,0.10594256034219401,,,False,PRESERVADO_V9_OU_CENARIO_V12
annual,2024,2024-06-28,2025-06-30,B06S,conservative,TRPL4,0.0625,-0.02738632901751714,-0.04536679360243723,-0.009405864432597166,APROXIMACAO_CAIXA_V9,Barsi_Graham_Comparacao_Final_v9/scripts/compute_besst.py,09d1327cf74b79991a32c82e463602b3bfdd7645f8ceababa0bef1d1ec2a81c7,,,PENDENTE; nao recalculado,False,False,,0.11237790365574984,,,False,PRESERVADO_V9_OU_CENARIO_V12
annual,2024,2024-06-28,2025-06-30,B06S,conservative,TAEE4,0.0625,0.1087696335078534,0.08910994764397895,0.12842931937172763,APROXIMACAO_CAIXA_V9,Barsi_Graham_Comparacao_Final_v9/scripts/compute_besst.py,09d1327cf74b79991a32c82e463602b3bfdd7645f8ceababa0bef1d1ec2a81c7,,,PENDENTE; nao recalculado,False,False,,0.12287303664921395,,,False,PRESERVADO_V9_OU_CENARIO_V12
annual,2024,2024-06-28,2025-06-30,B06S,conservative,CMIG4,0.0625,0.19095045500505559,0.17116279069767448,0.2107381193124367,APROXIMACAO_CAIXA_V9,Barsi_Graham_Comparacao_Final_v9/scripts/compute_besst.py,09d1327cf74b79991a32c82e463602b3bfdd7645f8ceababa0bef1d1ec2a81c7,,,PENDENTE; nao recalculado,False,False,,0.1236729019211319,,,False,PRESERVADO_V9_OU_CENARIO_V12
annual,2024,2024-06-28,2025-06-30,B06S,conservative,BBSE3,0.25,0.1911175220163983,0.17032493167324603,0.21191011235955037,APROXIMACAO_CAIXA_V9,Barsi_Graham_Comparacao_Final_v9/scripts/compute_besst.py,09d1327cf74b79991a32c82e463602b3bfdd7645f8ceababa0bef1d1ec2a81c7,0.19838670686397375,0.18172962118938596,CATALOGO_CAIXA_RI_NOMINAL_VERIFICADO; estrutura e completude geral pendentes,True,False,-0.3380851373894156,0.5198147585788016,,,False,PRESERVADO_V9_OU_CENARIO_V12
annual,2024,2024-06-28,2025-06-30,B06S,conservative,VIVT3,0.25,0.4478716365240405,0.4308160564622847,0.46492721658579605,APROXIMACAO_CAIXA_V9,Barsi_Graham_Comparacao_Final_v9/scripts/compute_besst.py,09d1327cf74b79991a32c82e463602b3bfdd7645f8ceababa0bef1d1ec2a81c7,,,PENDENTE; nao recalculado,False,False,,0.426389501543889,0.45941579607505556,0.28860398877537663,True,CALCULADO_MOTOR_V6_FRACIONARIO_PROVISORIO
annual,2025,2025-06-30,2026-06-30,B00,central,BBAS3,0.05263157894736842,-0.05284291534631058,-0.06201177003168856,-0.04367406066093249,APROXIMACAO_CAIXA_V9,Barsi_Graham_Comparacao_Final_v9/scripts/compute_besst.py,09d1327cf74b79991a32c82e463602b3bfdd7645f8ceababa0bef1d1ec2a81c7,,,PENDENTE; nao recalculado,False,False,,0.04825712992304258,,,False,PRESERVADO_V9_OU_CENARIO_V12
annual,2025,2025-06-30,2026-06-30,B00,central,ELET3,0.05263157894736842,0.44274440711089036,0.42460825567379423,0.46088055854798604,APROXIMACAO_CAIXA_V9,Barsi_Graham_Comparacao_Final_v9/scripts/compute_besst.py,09d1327cf74b79991a32c82e463602b3bfdd7645f8ceababa0bef1d1ec2a81c7,,,PENDENTE; nao recalculado,False,False,,0.09545342861629305,,,False,PRESERVADO_V9_OU_CENARIO_V12
annual,2025,2025-06-30,2026-06-30,B00,central,NEOE3,0.05263157894736842,0.36592586589984366,0.3589378758184667,0.37291385598122084,APROXIMACAO_CAIXA_V9,Barsi_Graham_Comparacao_Final_v9/scripts/compute_besst.py,09d1327cf74b79991a32c82e463602b3bfdd7645f8ceababa0bef1d1ec2a81c7,,,PENDENTE; nao recalculado,False,False,,0.03677889516514306,,,False,PRESERVADO_V9_OU_CENARIO_V12
annual,2025,2025-06-30,2026-06-30,B00,central,PSSA3,0.05263157894736842,0.011860507246376883,0.0012275362318840966,0.02249347826086945,APROXIMACAO_CAIXA_V9,Barsi_Graham_Comparacao_Final_v9/scripts/compute_besst.py,09d1327cf74b79991a32c82e463602b3bfdd7645f8ceababa0bef1d1ec2a81c7,,,PENDENTE; nao recalculado,False,False,,0.055963005339434546,0.018168970234863524,0.03320243678150863,True,CALCULADO_MOTOR_V6_FRACIONARIO_PROVISORIO
annual,2025,2025-06-30,2026-06-30,B00,central,CPFE3,0.05263157894736842,0.18726138032305428,0.16899657366617715,0.20552618697993164,APROXIMACAO_CAIXA_V9,Barsi_Graham_Comparacao_Final_v9/scripts/compute_besst.py,09d1327cf74b79991a32c82e463602b3bfdd7645f8ceababa0bef1d1ec2a81c7,,,PENDENTE; nao recalculado,False,False,,0.09613056135198605,,,False,PRESERVADO_V9_OU_CENARIO_V12
annual,2025,2025-06-30,2026-06-30,B00,central,EGIE3,0.05263157894736842,0.10918564192909042,0.10211178154591494,0.1162595023122659,APROXIMACAO_CAIXA_V9,Barsi_Graham_Comparacao_Final_v9/scripts/compute_besst.py,09d1327cf74b79991a32c82e463602b3bfdd7645f8ceababa0bef1d1ec2a81c7,,,PENDENTE; nao recalculado,False,False,,0.0372308441219762,,,False,PRESERVADO_V9_OU_CENARIO_V12
annual,2025,2025-06-30,2026-06-30,B00,central,VIVT3,0.05263157894736842,0.1777144707024929,0.1619838135318874,0.1934451278730982,APROXIMACAO_CAIXA_V9,Barsi_Graham_Comparacao_Final_v9/scripts/compute_besst.py,09d1327cf74b79991a32c82e463602b3bfdd7645f8ceababa0bef1d1ec2a81c7,,,PENDENTE; nao recalculado,False,False,,0.08279293247686993,0.1791078856891315,0.007333763087571504,True,CALCULADO_MOTOR_V6_FRACIONARIO_PROVISORIO
annual,2025,2025-06-30,2026-06-30,B00,central,EQTL3,0.05263157894736842,0.09384037819799773,0.09164627363737488,0.09603448275862059,APROXIMACAO_CAIXA_V9,Barsi_Graham_Comparacao_Final_v9/scripts/compute_besst.py,09d1327cf74b79991a32c82e463602b3bfdd7645f8ceababa0bef1d1ec2a81c7,,,PENDENTE; nao recalculado,False,False,,0.011547918740120294,,,False,PRESERVADO_V9_OU_CENARIO_V12
annual,2025,2025-06-30,2026-06-30,B00,central,TAEE4,0.05263157894736842,0.2458808290155441,0.22813816925734032,0.26362348877374786,APROXIMACAO_CAIXA_V9,Barsi_Graham_Comparacao_Final_v9/scripts/compute_besst.py,09d1327cf74b79991a32c82e463602b3bfdd7645f8ceababa0bef1d1ec2a81c7,,,PENDENTE; nao recalculado,False,False,,0.09338241978001983,,,False,PRESERVADO_V9_OU_CENARIO_V12
annual,2025,2025-06-30,2026-06-30,B00,central,CMIG4,0.05263157894736842,0.11164814814814794,0.0906148148148147,0.13268148148148118,APROXIMACAO_CAIXA_V9,Barsi_Graham_Comparacao_Final_v9/scripts/compute_besst.py,09d1327cf74b79991a32c82e463602b3bfdd7645f8ceababa0bef1d1ec2a81c7,,,PENDENTE; nao recalculado,False,False,,0.1107017543859644,,,False,PRESERVADO_V9_OU_CENARIO_V12
annual,2025,2025-06-30,2026-06-30,B00,central,CSMG3,0.05263157894736842,1.249603148666703,1.1995166249553093,1.2279485162674293,CHECKPOINT_EVENTOS_V6_HERDADO,runtime/Barsi_Graham_Retomada_v8/herdado_v7/herdado_v6/checkpoints/casos_v6/CSMG3_2025-06-30_2026-06-30.json,92e9383d975ed0ed705fb2a676dfc4df43179c8bb00c4082f26eeb8a311bbfe9,1.249603148666703,0.0,MESMA_CLASSE_E_MOTOR_GRAHAM; cobertura documental herdada parcial,True,False,0.11397174946986144,-0.11397174946986144,,,False,PRESERVADO_V9_OU_CENARIO_V12
annual,2025,2025-06-30,2026-06-30,B00,central,BBSE3,0.05263157894736842,0.2242178770949721,0.19820111731843593,0.2502346368715085,APROXIMACAO_CAIXA_V9,Barsi_Graham_Comparacao_Final_v9/scripts/compute_besst.py,09d1327cf74b79991a32c82e463602b3bfdd7645f8ceababa0bef1d1ec2a81c7,0.2463195011539947,0.11632433715275055,CATALOGO_CAIXA_RI_NOMINAL_VERIFICADO; estrutura e completude geral pendentes,True,False,-0.020605977460598866,0.13693031461334942,,,False,PRESERVADO_V9_OU_CENARIO_V12
annual,2025,2025-06-30,2026-06-30,B00,central,ABCB4,0.05263157894736842,0.17226440375167473,0.15013845466726217,0.19439035283608752,APROXIMACAO_CAIXA_V9,Barsi_Graham_Comparacao_Final_v9/scripts/compute_besst.py,09d1327cf74b79991a32c82e463602b3bfdd7645f8ceababa0bef1d1ec2a81c7,,,PENDENTE; nao recalculado,False,False,,0.11645236360217255,,,False,PRESERVADO_V9_OU_CENARIO_V12
annual,2025,2025-06-30,2026-06-30,B00,central,BBDC4,0.05263157894736842,0.1425609031491386,0.12914081996434956,0.15598098633392787,APROXIMACAO_CAIXA_V9,Barsi_Graham_Comparacao_Final_v9/scripts/compute_besst.py,09d1327cf74b79991a32c82e463602b3bfdd7645f8ceababa0bef1d1ec2a81c7,,,PENDENTE; nao recalculado,False,False,,0.07063201676204876,,,False,PRESERVADO_V9_OU_CENARIO_V12
annual,2025,2025-06-30,2026-06-30,B00,central,ITUB4,0.05263157894736842,0.22776725304465484,0.21052232746955335,0.24501217861975633,APROXIMACAO_CAIXA_V9,Barsi_Graham_Comparacao_Final_v9/scripts/compute_besst.py,09d1327cf74b79991a32c82e463602b3bfdd7645f8ceababa0bef1d1ec2a81c7,,,PENDENTE; nao recalculado,False,False,,0.09076276618474467,,,False,PRESERVADO_V9_OU_CENARIO_V12
annual,2025,2025-06-30,2026-06-30,B00,central,BMGB4,0.05263157894736842,0.5294037940379404,0.509159891598916,0.5496476964769648,APROXIMACAO_CAIXA_V9,Barsi_Graham_Comparacao_Final_v9/scripts/compute_besst.py,09d1327cf74b79991a32c82e463602b3bfdd7645f8ceababa0bef1d1ec2a81c7,,,PENDENTE; nao recalculado,False,False,,0.10654685494223372,,,False,PRESERVADO_V9_OU_CENARIO_V12
annual,2025,2025-06-30,2026-06-30,B00,central,CPLE6,0.05263157894736842,0.37046548956661307,0.34990208667736766,0.3910288924558587,APROXIMACAO_CAIXA_V9,Barsi_Graham_Comparacao_Final_v9/scripts/compute_besst.py,09d1327cf74b79991a32c82e463602b3bfdd7645f8ceababa0bef1d1ec2a81c7,,,PENDENTE; nao recalculado,False,False,,0.10822843625918752,,,False,PRESERVADO_V9_OU_CENARIO_V12
annual,2025,2025-06-30,2026-06-30,B00,central,SAPR4,0.05263157894736842,-0.02788079470198679,-0.033165562913907265,-0.022596026490066312,APROXIMACAO_CAIXA_V9,Barsi_Graham_Comparacao_Final_v9/scripts/compute_besst.py,09d1327cf74b79991a32c82e463602b3bfdd7645f8ceababa0bef1d1ec2a81c7,,,PENDENTE; nao recalculado,False,False,,0.027814569536423556,-0.003321192799032313,0.1292610626471288,True,CALCULADO_MOTOR_V6_FRACIONARIO_PROVISORIO
annual,2025,2025-06-30,2026-06-30,B00,central,SANB4,0.05263157894736842,-0.022109020116807265,-0.03689552238805971,-0.007322517845554821,APROXIMACAO_CAIXA_V9,Barsi_Graham_Comparacao_Final_v9/scripts/compute_besst.py,09d1327cf74b79991a32c82e463602b3bfdd7645f8ceababa0bef1d1ec2a81c7,,,PENDENTE; nao recalculado,False,False,,0.07782369616448655,,,False,PRESERVADO_V9_OU_CENARIO_V12
annual,2025,2025-06-30,2026-06-30,B00,conservative,BBAS3,0.05555555555555555,-0.05284291534631058,-0.06201177003168856,-0.04367406066093249,APROXIMACAO_CAIXA_V9,Barsi_Graham_Comparacao_Final_v9/scripts/compute_besst.py,09d1327cf74b79991a32c82e463602b3bfdd7645f8ceababa0bef1d1ec2a81c7,,,PENDENTE; nao recalculado,False,False,,0.05093808158543384,,,False,PRESERVADO_V9_OU_CENARIO_V12
annual,2025,2025-06-30,2026-06-30,B00,conservative,ELET3,0.05555555555555555,0.44274440711089036,0.42460825567379423,0.46088055854798604,APROXIMACAO_CAIXA_V9,Barsi_Graham_Comparacao_Final_v9/scripts/compute_besst.py,09d1327cf74b79991a32c82e463602b3bfdd7645f8ceababa0bef1d1ec2a81c7,,,PENDENTE; nao recalculado,False,False,,0.10075639687275378,,,False,PRESERVADO_V9_OU_CENARIO_V12
annual,2025,2025-06-30,2026-06-30,B00,conservative,NEOE3,0.05555555555555555,0.36592586589984366,0.3589378758184667,0.37291385598122084,APROXIMACAO_CAIXA_V9,Barsi_Graham_Comparacao_Final_v9/scripts/compute_besst.py,09d1327cf74b79991a32c82e463602b3bfdd7645f8ceababa0bef1d1ec2a81c7,,,PENDENTE; nao recalculado,False,False,,0.03882216711876212,,,False,PRESERVADO_V9_OU_CENARIO_V12
annual,2025,2025-06-30,2026-06-30,B00,conservative,PSSA3,0.05555555555555555,0.011860507246376883,0.0012275362318840966,0.02249347826086945,APROXIMACAO_CAIXA_V9,Barsi_Graham_Comparacao_Final_v9/scripts/compute_besst.py,09d1327cf74b79991a32c82e463602b3bfdd7645f8ceababa0bef1d1ec2a81c7,,,PENDENTE; nao recalculado,False,False,,0.05907206119162536,0.018168970234863524,0.035047016602703554,True,CALCULADO_MOTOR_V6_FRACIONARIO_PROVISORIO
annual,2025,2025-06-30,2026-06-30,B00,conservative,CPFE3,0.05555555555555555,0.18726138032305428,0.16899657366617715,0.20552618697993164,APROXIMACAO_CAIXA_V9,Barsi_Graham_Comparacao_Final_v9/scripts/compute_besst.py,09d1327cf74b79991a32c82e463602b3bfdd7645f8ceababa0bef1d1ec2a81c7,,,PENDENTE; nao recalculado,False,False,,0.10147114809376306,,,False,PRESERVADO_V9_OU_CENARIO_V12
annual,2025,2025-06-30,2026-06-30,B00,conservative,EGIE3,0.05555555555555555,0.10918564192909042,0.10211178154591494,0.1162595023122659,APROXIMACAO_CAIXA_V9,Barsi_Graham_Comparacao_Final_v9/scripts/compute_besst.py,09d1327cf74b79991a32c82e463602b3bfdd7645f8ceababa0bef1d1ec2a81c7,,,PENDENTE; nao recalculado,False,False,,0.03929922435097488,,,False,PRESERVADO_V9_OU_CENARIO_V12
annual,2025,2025-06-30,2026-06-30,B00,conservative,VIVT3,0.05555555555555555,0.1777144707024929,0.1619838135318874,0.1934451278730982,APROXIMACAO_CAIXA_V9,Barsi_Graham_Comparacao_Final_v9/scripts/compute_besst.py,09d1327cf74b79991a32c82e463602b3bfdd7645f8ceababa0bef1d1ec2a81c7,,,PENDENTE; nao recalculado,False,False,,0.08739253983669605,0.1791078856891315,0.007741194370214366,True,CALCULADO_MOTOR_V6_FRACIONARIO_PROVISORIO
annual,2025,2025-06-30,2026-06-30,B00,conservative,EQTL3,0.05555555555555555,0.09384037819799773,0.09164627363737488,0.09603448275862059,APROXIMACAO_CAIXA_V9,Barsi_Graham_Comparacao_Final_v9/scripts/compute_besst.py,09d1327cf74b79991a32c82e463602b3bfdd7645f8ceababa0bef1d1ec2a81c7,,,PENDENTE; nao recalculado,False,False,,0.012189469781238088,,,False,PRESERVADO_V9_OU_CENARIO_V12
annual,2025,2025-06-30,2026-06-30,B00,conservative,TAEE4,0.05555555555555555,0.2458808290155441,0.22813816925734032,0.26362348877374786,APROXIMACAO_CAIXA_V9,Barsi_Graham_Comparacao_Final_v9/scripts/compute_besst.py,09d1327cf74b79991a32c82e463602b3bfdd7645f8ceababa0bef1d1ec2a81c7,,,PENDENTE; nao recalculado,False,False,,0.09857033199002095,,,False,PRESERVADO_V9_OU_CENARIO_V12
annual,2025,2025-06-30,2026-06-30,B00,conservative,CMIG4,0.05555555555555555,0.11164814814814794,0.0906148148148147,0.13268148148148118,APROXIMACAO_CAIXA_V9,Barsi_Graham_Comparacao_Final_v9/scripts/compute_besst.py,09d1327cf74b79991a32c82e463602b3bfdd7645f8ceababa0bef1d1ec2a81c7,,,PENDENTE; nao recalculado,False,False,,0.11685185185185132,,,False,PRESERVADO_V9_OU_CENARIO_V12
annual,2025,2025-06-30,2026-06-30,B00,conservative,CSMG3,0.05555555555555555,1.249603148666703,1.1995166249553093,1.2279485162674293,CHECKPOINT_EVENTOS_V6_HERDADO,runtime/Barsi_Graham_Retomada_v8/herdado_v7/herdado_v6/checkpoints/casos_v6/CSMG3_2025-06-30_2026-06-30.json,92e9383d975ed0ed705fb2a676dfc4df43179c8bb00c4082f26eeb8a311bbfe9,1.249603148666703,0.0,MESMA_CLASSE_E_MOTOR_GRAHAM; cobertura documental herdada parcial,True,False,0.1203035133292982,-0.1203035133292982,,,False,PRESERVADO_V9_OU_CENARIO_V12
annual,2025,2025-06-30,2026-06-30,B00,conservative,BBSE3,0.05555555555555555,0.2242178770949721,0.19820111731843593,0.2502346368715085,APROXIMACAO_CAIXA_V9,Barsi_Graham_Comparacao_Final_v9/scripts/compute_besst.py,09d1327cf74b79991a32c82e463602b3bfdd7645f8ceababa0bef1d1ec2a81c7,0.2463195011539947,0.12278680032790336,CATALOGO_CAIXA_RI_NOMINAL_VERIFICADO; estrutura e completude geral pendentes,True,False,-0.02175075398618769,0.14453755431409104,,,False,PRESERVADO_V9_OU_CENARIO_V12
annual,2025,2025-06-30,2026-06-30,B00,conservative,ABCB4,0.05555555555555555,0.17226440375167473,0.15013845466726217,0.19439035283608752,APROXIMACAO_CAIXA_V9,Barsi_Graham_Comparacao_Final_v9/scripts/compute_besst.py,09d1327cf74b79991a32c82e463602b3bfdd7645f8ceababa0bef1d1ec2a81c7,,,PENDENTE; nao recalculado,False,False,,0.12292193935784881,,,False,PRESERVADO_V9_OU_CENARIO_V12
annual,2025,2025-06-30,2026-06-30,B00,conservative,BBDC4,0.05555555555555555,0.1425609031491386,0.12914081996434956,0.15598098633392787,APROXIMACAO_CAIXA_V9,Barsi_Graham_Comparacao_Final_v9/scripts/compute_besst.py,09d1327cf74b79991a32c82e463602b3bfdd7645f8ceababa0bef1d1ec2a81c7,,,PENDENTE; nao recalculado,False,False,,0.0745560176932737,,,False,PRESERVADO_V9_OU_CENARIO_V12
annual,2025,2025-06-30,2026-06-30,B00,conservative,ITUB4,0.05555555555555555,0.22776725304465484,0.21052232746955335,0.24501217861975633,APROXIMACAO_CAIXA_V9,Barsi_Graham_Comparacao_Final_v9/scripts/compute_besst.py,09d1327cf74b79991a32c82e463602b3bfdd7645f8ceababa0bef1d1ec2a81c7,,,PENDENTE; nao recalculado,False,False,,0.09580514208389715,,,False,PRESERVADO_V9_OU_CENARIO_V12
annual,2025,2025-06-30,2026-06-30,B00,conservative,CPLE6,0.05555555555555555,0.37046548956661307,0.34990208667736766,0.3910288924558587,APROXIMACAO_CAIXA_V9,Barsi_Graham_Comparacao_Final_v9/scripts/compute_besst.py,09d1327cf74b79991a32c82e463602b3bfdd7645f8ceababa0bef1d1ec2a81c7,,,PENDENTE; nao recalculado,False,False,,0.11424112716247571,,,False,PRESERVADO_V9_OU_CENARIO_V12
annual,2025,2025-06-30,2026-06-30,B00,conservative,SAPR4,0.05555555555555555,-0.02788079470198679,-0.033165562913907265,-0.022596026490066312,APROXIMACAO_CAIXA_V9,Barsi_Graham_Comparacao_Final_v9/scripts/compute_besst.py,09d1327cf74b79991a32c82e463602b3bfdd7645f8ceababa0bef1d1ec2a81c7,,,PENDENTE; nao recalculado,False,False,,0.029359823399558203,-0.003321192799032313,0.13644223279419151,True,CALCULADO_MOTOR_V6_FRACIONARIO_PROVISORIO
annual,2025,2025-06-30,2026-06-30,B00,conservative,SANB4,0.05555555555555555,-0.022109020116807265,-0.03689552238805971,-0.007322517845554821,APROXIMACAO_CAIXA_V9,Barsi_Graham_Comparacao_Final_v9/scripts/compute_besst.py,09d1327cf74b79991a32c82e463602b3bfdd7645f8ceababa0bef1d1ec2a81c7,,,PENDENTE; nao recalculado,False,False,,0.08214723484029135,,,False,PRESERVADO_V9_OU_CENARIO_V12
annual,2025,2025-06-30,2026-06-30,B00S,central,BBAS3,0.03333333333333333,-0.05284291534631058,-0.06201177003168856,-0.04367406066093249,APROXIMACAO_CAIXA_V9,Barsi_Graham_Comparacao_Final_v9/scripts/compute_besst.py,09d1327cf74b79991a32c82e463602b3bfdd7645f8ceababa0bef1d1ec2a81c7,,,PENDENTE; nao recalculado,False,False,,0.030562848951260307,,,False,PRESERVADO_V9_OU_CENARIO_V12
annual,2025,2025-06-30,2026-06-30,B00S,central,ABCB4,0.03333333333333333,0.17226440375167473,0.15013845466726217,0.19439035283608752,APROXIMACAO_CAIXA_V9,Barsi_Graham_Comparacao_Final_v9/scripts/compute_besst.py,09d1327cf74b79991a32c82e463602b3bfdd7645f8ceababa0bef1d1ec2a81c7,,,PENDENTE; nao recalculado,False,False,,0.0737531636147093,,,False,PRESERVADO_V9_OU_CENARIO_V12
annual,2025,2025-06-30,2026-06-30,B00S,central,BBDC4,0.03333333333333333,0.1425609031491386,0.12914081996434956,0.15598098633392787,APROXIMACAO_CAIXA_V9,Barsi_Graham_Comparacao_Final_v9/scripts/compute_besst.py,09d1327cf74b79991a32c82e463602b3bfdd7645f8ceababa0bef1d1ec2a81c7,,,PENDENTE; nao recalculado,False,False,,0.044733610615964224,,,False,PRESERVADO_V9_OU_CENARIO_V12
annual,2025,2025-06-30,2026-06-30,B00S,central,ITUB4,0.03333333333333333,0.22776725304465484,0.21052232746955335,0.24501217861975633,APROXIMACAO_CAIXA_V9,Barsi_Graham_Comparacao_Final_v9/scripts/compute_besst.py,09d1327cf74b79991a32c82e463602b3bfdd7645f8ceababa0bef1d1ec2a81c7,,,PENDENTE; nao recalculado,False,False,,0.057483085250338295,,,False,PRESERVADO_V9_OU_CENARIO_V12
annual,2025,2025-06-30,2026-06-30,B00S,central,BMGB4,0.03333333333333333,0.5294037940379404,0.509159891598916,0.5496476964769648,APROXIMACAO_CAIXA_V9,Barsi_Graham_Comparacao_Final_v9/scripts/compute_besst.py,09d1327cf74b79991a32c82e463602b3bfdd7645f8ceababa0bef1d1ec2a81c7,,,PENDENTE; nao recalculado,False,False,,0.06747967479674803,,,False,PRESERVADO_V9_OU_CENARIO_V12
annual,2025,2025-06-30,2026-06-30,B00S,central,SANB4,0.03333333333333333,-0.022109020116807265,-0.03689552238805971,-0.007322517845554821,APROXIMACAO_CAIXA_V9,Barsi_Graham_Comparacao_Final_v9/scripts/compute_besst.py,09d1327cf74b79991a32c82e463602b3bfdd7645f8ceababa0bef1d1ec2a81c7,,,PENDENTE; nao recalculado,False,False,,0.04928834090417482,,,False,PRESERVADO_V9_OU_CENARIO_V12
annual,2025,2025-06-30,2026-06-30,B00S,central,ELET3,0.025,0.44274440711089036,0.42460825567379423,0.46088055854798604,APROXIMACAO_CAIXA_V9,Barsi_Graham_Comparacao_Final_v9/scripts/compute_besst.py,09d1327cf74b79991a32c82e463602b3bfdd7645f8ceababa0bef1d1ec2a81c7,,,PENDENTE; nao recalculado,False,False,,0.045340378592739206,,,False,PRESERVADO_V9_OU_CENARIO_V12
annual,2025,2025-06-30,2026-06-30,B00S,central,NEOE3,0.025,0.36592586589984366,0.3589378758184667,0.37291385598122084,APROXIMACAO_CAIXA_V9,Barsi_Graham_Comparacao_Final_v9/scripts/compute_besst.py,09d1327cf74b79991a32c82e463602b3bfdd7645f8ceababa0bef1d1ec2a81c7,,,PENDENTE; nao recalculado,False,False,,0.017469975203442956,,,False,PRESERVADO_V9_OU_CENARIO_V12
annual,2025,2025-06-30,2026-06-30,B00S,central,CPFE3,0.025,0.18726138032305428,0.16899657366617715,0.20552618697993164,APROXIMACAO_CAIXA_V9,Barsi_Graham_Comparacao_Final_v9/scripts/compute_besst.py,09d1327cf74b79991a32c82e463602b3bfdd7645f8ceababa0bef1d1ec2a81c7,,,PENDENTE; nao recalculado,False,False,,0.04566201664219338,,,False,PRESERVADO_V9_OU_CENARIO_V12
annual,2025,2025-06-30,2026-06-30,B00S,central,EGIE3,0.025,0.10918564192909042,0.10211178154591494,0.1162595023122659,APROXIMACAO_CAIXA_V9,Barsi_Graham_Comparacao_Final_v9/scripts/compute_besst.py,09d1327cf74b79991a32c82e463602b3bfdd7645f8ceababa0bef1d1ec2a81c7,,,PENDENTE; nao recalculado,False,False,,0.017684650957938697,,,False,PRESERVADO_V9_OU_CENARIO_V12
annual,2025,2025-06-30,2026-06-30,B00S,central,EQTL3,0.025,0.09384037819799773,0.09164627363737488,0.09603448275862059,APROXIMACAO_CAIXA_V9,Barsi_Graham_Comparacao_Final_v9/scripts/compute_besst.py,09d1327cf74b79991a32c82e463602b3bfdd7645f8ceababa0bef1d1ec2a81c7,,,PENDENTE; nao recalculado,False,False,,0.00548526140155714,,,False,PRESERVADO_V9_OU_CENARIO_V12
annual,2025,2025-06-30,2026-06-30,B00S,central,TAEE4,0.025,0.2458808290155441,0.22813816925734032,0.26362348877374786,APROXIMACAO_CAIXA_V9,Barsi_Graham_Comparacao_Final_v9/scripts/compute_besst.py,09d1327cf74b79991a32c82e463602b3bfdd7645f8ceababa0bef1d1ec2a81c7,,,PENDENTE; nao recalculado,False,False,,0.04435664939550943,,,False,PRESERVADO_V9_OU_CENARIO_V12
annual,2025,2025-06-30,2026-06-30,B00S,central,CMIG4,0.025,0.11164814814814794,0.0906148148148147,0.13268148148148118,APROXIMACAO_CAIXA_V9,Barsi_Graham_Comparacao_Final_v9/scripts/compute_besst.py,09d1327cf74b79991a32c82e463602b3bfdd7645f8ceababa0bef1d1ec2a81c7,,,PENDENTE; nao recalculado,False,False,,0.05258333333333309,,,False,PRESERVADO_V9_OU_CENARIO_V12
annual,2025,2025-06-30,2026-06-30,B00S,central,CPLE6,0.025,0.37046548956661307,0.34990208667736766,0.3910288924558587,APROXIMACAO_CAIXA_V9,Barsi_Graham_Comparacao_Final_v9/scripts/compute_besst.py,09d1327cf74b79991a32c82e463602b3bfdd7645f8ceababa0bef1d1ec2a81c7,,,PENDENTE; nao recalculado,False,False,,0.051408507223114075,,,False,PRESERVADO_V9_OU_CENARIO_V12
annual,2025,2025-06-30,2026-06-30,B00S,central,CSMG3,0.1,1.249603148666703,1.1995166249553093,1.2279485162674293,CHECKPOINT_EVENTOS_V6_HERDADO,runtime/Barsi_Graham_Retomada_v8/herdado_v7/herdado_v6/checkpoints/casos_v6/CSMG3_2025-06-30_2026-06-30.json,92e9383d975ed0ed705fb2a676dfc4df43179c8bb00c4082f26eeb8a311bbfe9,1.249603148666703,0.0,MESMA_CLASSE_E_MOTOR_GRAHAM; cobertura documental herdada parcial,True,False,0.21654632399273677,-0.21654632399273677,,,False,PRESERVADO_V9_OU_CENARIO_V12
annual,2025,2025-06-30,2026-06-30,B00S,central,SAPR4,0.1,-0.02788079470198679,-0.033165562913907265,-0.022596026490066312,APROXIMACAO_CAIXA_V9,Barsi_Graham_Comparacao_Final_v9/scripts/compute_besst.py,09d1327cf74b79991a32c82e463602b3bfdd7645f8ceababa0bef1d1ec2a81c7,,,PENDENTE; nao recalculado,False,False,,0.052847682119204764,-0.003321192799032313,0.24559601902954475,True,CALCULADO_MOTOR_V6_FRACIONARIO_PROVISORIO
annual,2025,2025-06-30,2026-06-30,B00S,central,PSSA3,0.1,0.011860507246376883,0.0012275362318840966,0.02249347826086945,APROXIMACAO_CAIXA_V9,Barsi_Graham_Comparacao_Final_v9/scripts/compute_besst.py,09d1327cf74b79991a32c82e463602b3bfdd7645f8ceababa0bef1d1ec2a81c7,,,PENDENTE; nao recalculado,False,False,,0.10632971014492565,0.018168970234863524,0.0630846298848664,True,CALCULADO_MOTOR_V6_FRACIONARIO_PROVISORIO
annual,2025,2025-06-30,2026-06-30,B00S,central,BBSE3,0.1,0.2242178770949721,0.19820111731843593,0.2502346368715085,APROXIMACAO_CAIXA_V9,Barsi_Graham_Comparacao_Final_v9/scripts/compute_besst.py,09d1327cf74b79991a32c82e463602b3bfdd7645f8ceababa0bef1d1ec2a81c7,0.2463195011539947,0.22101624059022607,CATALOGO_CAIXA_RI_NOMINAL_VERIFICADO; estrutura e completude geral pendentes,True,False,-0.039151357175137846,0.2601675977653639,,,False,PRESERVADO_V9_OU_CENARIO_V12
annual,2025,2025-06-30,2026-06-30,B00S,central,VIVT3,0.2,0.1777144707024929,0.1619838135318874,0.1934451278730982,APROXIMACAO_CAIXA_V9,Barsi_Graham_Comparacao_Final_v9/scripts/compute_besst.py,09d1327cf74b79991a32c82e463602b3bfdd7645f8ceababa0bef1d1ec2a81c7,,,PENDENTE; nao recalculado,False,False,,0.3146131434121058,0.1791078856891315,0.027868299732771717,True,CALCULADO_MOTOR_V6_FRACIONARIO_PROVISORIO
annual,2025,2025-06-30,2026-06-30,B00S,conservative,BBAS3,0.04,-0.05284291534631058,-0.06201177003168856,-0.04367406066093249,APROXIMACAO_CAIXA_V9,Barsi_Graham_Comparacao_Final_v9/scripts/compute_besst.py,09d1327cf74b79991a32c82e463602b3bfdd7645f8ceababa0bef1d1ec2a81c7,,,PENDENTE; nao recalculado,False,False,,0.03667541874151237,,,False,PRESERVADO_V9_OU_CENARIO_V12
annual,2025,2025-06-30,2026-06-30,B00S,conservative,ABCB4,0.04,0.17226440375167473,0.15013845466726217,0.19439035283608752,APROXIMACAO_CAIXA_V9,Barsi_Graham_Comparacao_Final_v9/scripts/compute_besst.py,09d1327cf74b79991a32c82e463602b3bfdd7645f8ceababa0bef1d1ec2a81c7,,,PENDENTE; nao recalculado,False,False,,0.08850379633765115,,,False,PRESERVADO_V9_OU_CENARIO_V12
annual,2025,2025-06-30,2026-06-30,B00S,conservative,BBDC4,0.04,0.1425609031491386,0.12914081996434956,0.15598098633392787,APROXIMACAO_CAIXA_V9,Barsi_Graham_Comparacao_Final_v9/scripts/compute_besst.py,09d1327cf74b79991a32c82e463602b3bfdd7645f8ceababa0bef1d1ec2a81c7,,,PENDENTE; nao recalculado,False,False,,0.053680332739157066,,,False,PRESERVADO_V9_OU_CENARIO_V12
annual,2025,2025-06-30,2026-06-30,B00S,conservative,ITUB4,0.04,0.22776725304465484,0.21052232746955335,0.24501217861975633,APROXIMACAO_CAIXA_V9,Barsi_Graham_Comparacao_Final_v9/scripts/compute_besst.py,09d1327cf74b79991a32c82e463602b3bfdd7645f8ceababa0bef1d1ec2a81c7,,,PENDENTE; nao recalculado,False,False,,0.06897970230040595,,,False,PRESERVADO_V9_OU_CENARIO_V12
annual,2025,2025-06-30,2026-06-30,B00S,conservative,SANB4,0.04,-0.022109020116807265,-0.03689552238805971,-0.007322517845554821,APROXIMACAO_CAIXA_V9,Barsi_Graham_Comparacao_Final_v9/scripts/compute_besst.py,09d1327cf74b79991a32c82e463602b3bfdd7645f8ceababa0bef1d1ec2a81c7,,,PENDENTE; nao recalculado,False,False,,0.059146009085009776,,,False,PRESERVADO_V9_OU_CENARIO_V12
annual,2025,2025-06-30,2026-06-30,B00S,conservative,ELET3,0.025,0.44274440711089036,0.42460825567379423,0.46088055854798604,APROXIMACAO_CAIXA_V9,Barsi_Graham_Comparacao_Final_v9/scripts/compute_besst.py,09d1327cf74b79991a32c82e463602b3bfdd7645f8ceababa0bef1d1ec2a81c7,,,PENDENTE; nao recalculado,False,False,,0.045340378592739206,,,False,PRESERVADO_V9_OU_CENARIO_V12
annual,2025,2025-06-30,2026-06-30,B00S,conservative,NEOE3,0.025,0.36592586589984366,0.3589378758184667,0.37291385598122084,APROXIMACAO_CAIXA_V9,Barsi_Graham_Comparacao_Final_v9/scripts/compute_besst.py,09d1327cf74b79991a32c82e463602b3bfdd7645f8ceababa0bef1d1ec2a81c7,,,PENDENTE; nao recalculado,False,False,,0.017469975203442956,,,False,PRESERVADO_V9_OU_CENARIO_V12
annual,2025,2025-06-30,2026-06-30,B00S,conservative,CPFE3,0.025,0.18726138032305428,0.16899657366617715,0.20552618697993164,APROXIMACAO_CAIXA_V9,Barsi_Graham_Comparacao_Final_v9/scripts/compute_besst.py,09d1327cf74b79991a32c82e463602b3bfdd7645f8ceababa0bef1d1ec2a81c7,,,PENDENTE; nao recalculado,False,False,,0.04566201664219338,,,False,PRESERVADO_V9_OU_CENARIO_V12
annual,2025,2025-06-30,2026-06-30,B00S,conservative,EGIE3,0.025,0.10918564192909042,0.10211178154591494,0.1162595023122659,APROXIMACAO_CAIXA_V9,Barsi_Graham_Comparacao_Final_v9/scripts/compute_besst.py,09d1327cf74b79991a32c82e463602b3bfdd7645f8ceababa0bef1d1ec2a81c7,,,PENDENTE; nao recalculado,False,False,,0.017684650957938697,,,False,PRESERVADO_V9_OU_CENARIO_V12
annual,2025,2025-06-30,2026-06-30,B00S,conservative,EQTL3,0.025,0.09384037819799773,0.09164627363737488,0.09603448275862059,APROXIMACAO_CAIXA_V9,Barsi_Graham_Comparacao_Final_v9/scripts/compute_besst.py,09d1327cf74b79991a32c82e463602b3bfdd7645f8ceababa0bef1d1ec2a81c7,,,PENDENTE; nao recalculado,False,False,,0.00548526140155714,,,False,PRESERVADO_V9_OU_CENARIO_V12
annual,2025,2025-06-30,2026-06-30,B00S,conservative,TAEE4,0.025,0.2458808290155441,0.22813816925734032,0.26362348877374786,APROXIMACAO_CAIXA_V9,Barsi_Graham_Comparacao_Final_v9/scripts/compute_besst.py,09d1327cf74b79991a32c82e463602b3bfdd7645f8ceababa0bef1d1ec2a81c7,,,PENDENTE; nao recalculado,False,False,,0.04435664939550943,,,False,PRESERVADO_V9_OU_CENARIO_V12
annual,2025,2025-06-30,2026-06-30,B00S,conservative,CMIG4,0.025,0.11164814814814794,0.0906148148148147,0.13268148148148118,APROXIMACAO_CAIXA_V9,Barsi_Graham_Comparacao_Final_v9/scripts/compute_besst.py,09d1327cf74b79991a32c82e463602b3bfdd7645f8ceababa0bef1d1ec2a81c7,,,PENDENTE; nao recalculado,False,False,,0.05258333333333309,,,False,PRESERVADO_V9_OU_CENARIO_V12
annual,2025,2025-06-30,2026-06-30,B00S,conservative,CPLE6,0.025,0.37046548956661307,0.34990208667736766,0.3910288924558587,APROXIMACAO_CAIXA_V9,Barsi_Graham_Comparacao_Final_v9/scripts/compute_besst.py,09d1327cf74b79991a32c82e463602b3bfdd7645f8ceababa0bef1d1ec2a81c7,,,PENDENTE; nao recalculado,False,False,,0.051408507223114075,,,False,PRESERVADO_V9_OU_CENARIO_V12
annual,2025,2025-06-30,2026-06-30,B00S,conservative,CSMG3,0.1,1.249603148666703,1.1995166249553093,1.2279485162674293,CHECKPOINT_EVENTOS_V6_HERDADO,runtime/Barsi_Graham_Retomada_v8/herdado_v7/herdado_v6/checkpoints/casos_v6/CSMG3_2025-06-30_2026-06-30.json,92e9383d975ed0ed705fb2a676dfc4df43179c8bb00c4082f26eeb8a311bbfe9,1.249603148666703,0.0,MESMA_CLASSE_E_MOTOR_GRAHAM; cobertura documental herdada parcial,True,False,0.21654632399273677,-0.21654632399273677,,,False,PRESERVADO_V9_OU_CENARIO_V12
annual,2025,2025-06-30,2026-06-30,B00S,conservative,SAPR4,0.1,-0.02788079470198679,-0.033165562913907265,-0.022596026490066312,APROXIMACAO_CAIXA_V9,Barsi_Graham_Comparacao_Final_v9/scripts/compute_besst.py,09d1327cf74b79991a32c82e463602b3bfdd7645f8ceababa0bef1d1ec2a81c7,,,PENDENTE; nao recalculado,False,False,,0.052847682119204764,-0.003321192799032313,0.24559601902954475,True,CALCULADO_MOTOR_V6_FRACIONARIO_PROVISORIO
annual,2025,2025-06-30,2026-06-30,B00S,conservative,PSSA3,0.1,0.011860507246376883,0.0012275362318840966,0.02249347826086945,APROXIMACAO_CAIXA_V9,Barsi_Graham_Comparacao_Final_v9/scripts/compute_besst.py,09d1327cf74b79991a32c82e463602b3bfdd7645f8ceababa0bef1d1ec2a81c7,,,PENDENTE; nao recalculado,False,False,,0.10632971014492565,0.018168970234863524,0.0630846298848664,True,CALCULADO_MOTOR_V6_FRACIONARIO_PROVISORIO
annual,2025,2025-06-30,2026-06-30,B00S,conservative,BBSE3,0.1,0.2242178770949721,0.19820111731843593,0.2502346368715085,APROXIMACAO_CAIXA_V9,Barsi_Graham_Comparacao_Final_v9/scripts/compute_besst.py,09d1327cf74b79991a32c82e463602b3bfdd7645f8ceababa0bef1d1ec2a81c7,0.2463195011539947,0.22101624059022607,CATALOGO_CAIXA_RI_NOMINAL_VERIFICADO; estrutura e completude geral pendentes,True,False,-0.039151357175137846,0.2601675977653639,,,False,PRESERVADO_V9_OU_CENARIO_V12
annual,2025,2025-06-30,2026-06-30,B00S,conservative,VIVT3,0.2,0.1777144707024929,0.1619838135318874,0.1934451278730982,APROXIMACAO_CAIXA_V9,Barsi_Graham_Comparacao_Final_v9/scripts/compute_besst.py,09d1327cf74b79991a32c82e463602b3bfdd7645f8ceababa0bef1d1ec2a81c7,,,PENDENTE; nao recalculado,False,False,,0.3146131434121058,0.1791078856891315,0.027868299732771717,True,CALCULADO_MOTOR_V6_FRACIONARIO_PROVISORIO
annual,2025,2025-06-30,2026-06-30,B06,central,BBAS3,0.14285714285714285,-0.05284291534631058,-0.06201177003168856,-0.04367406066093249,APROXIMACAO_CAIXA_V9,Barsi_Graham_Comparacao_Final_v9/scripts/compute_besst.py,09d1327cf74b79991a32c82e463602b3bfdd7645f8ceababa0bef1d1ec2a81c7,,,PENDENTE; nao recalculado,False,False,,0.13098363836254415,,,False,PRESERVADO_V9_OU_CENARIO_V12
annual,2025,2025-06-30,2026-06-30,B06,central,CPFE3,0.14285714285714285,0.18726138032305428,0.16899657366617715,0.20552618697993164,APROXIMACAO_CAIXA_V9,Barsi_Graham_Comparacao_Final_v9/scripts/compute_besst.py,09d1327cf74b79991a32c82e463602b3bfdd7645f8ceababa0bef1d1ec2a81c7,,,PENDENTE; nao recalculado,False,False,,0.26092580938396215,,,False,PRESERVADO_V9_OU_CENARIO_V12
annual,2025,2025-06-30,2026-06-30,B06,central,TAEE4,0.14285714285714285,0.2458808290155441,0.22813816925734032,0.26362348877374786,APROXIMACAO_CAIXA_V9,Barsi_Graham_Comparacao_Final_v9/scripts/compute_besst.py,09d1327cf74b79991a32c82e463602b3bfdd7645f8ceababa0bef1d1ec2a81c7,,,PENDENTE; nao recalculado,False,False,,0.2534665679743396,,,False,PRESERVADO_V9_OU_CENARIO_V12
annual,2025,2025-06-30,2026-06-30,B06,central,CMIG4,0.14285714285714285,0.11164814814814794,0.0906148148148147,0.13268148148148118,APROXIMACAO_CAIXA_V9,Barsi_Graham_Comparacao_Final_v9/scripts/compute_besst.py,09d1327cf74b79991a32c82e463602b3bfdd7645f8ceababa0bef1d1ec2a81c7,,,PENDENTE; nao recalculado,False,False,,0.30047619047618906,,,False,PRESERVADO_V9_OU_CENARIO_V12
annual,2025,2025-06-30,2026-06-30,B06,central,BBSE3,0.14285714285714285,0.2242178770949721,0.19820111731843593,0.2502346368715085,APROXIMACAO_CAIXA_V9,Barsi_Graham_Comparacao_Final_v9/scripts/compute_besst.py,09d1327cf74b79991a32c82e463602b3bfdd7645f8ceababa0bef1d1ec2a81c7,0.2463195011539947,0.3157374865574658,CATALOGO_CAIXA_RI_NOMINAL_VERIFICADO; estrutura e completude geral pendentes,True,False,-0.05593051025019692,0.3716679968076627,,,False,PRESERVADO_V9_OU_CENARIO_V12
annual,2025,2025-06-30,2026-06-30,B06,central,BMGB4,0.14285714285714285,0.5294037940379404,0.509159891598916,0.5496476964769648,APROXIMACAO_CAIXA_V9,Barsi_Graham_Comparacao_Final_v9/scripts/compute_besst.py,09d1327cf74b79991a32c82e463602b3bfdd7645f8ceababa0bef1d1ec2a81c7,,,PENDENTE; nao recalculado,False,False,,0.28919860627177724,,,False,PRESERVADO_V9_OU_CENARIO_V12
annual,2025,2025-06-30,2026-06-30,B06,central,SANB4,0.14285714285714285,-0.022109020116807265,-0.03689552238805971,-0.007322517845554821,APROXIMACAO_CAIXA_V9,Barsi_Graham_Comparacao_Final_v9/scripts/compute_besst.py,09d1327cf74b79991a32c82e463602b3bfdd7645f8ceababa0bef1d1ec2a81c7,,,PENDENTE; nao recalculado,False,False,,0.21123574673217776,,,False,PRESERVADO_V9_OU_CENARIO_V12
annual,2025,2025-06-30,2026-06-30,B06,conservative,BBAS3,0.16666666666666666,-0.05284291534631058,-0.06201177003168856,-0.04367406066093249,APROXIMACAO_CAIXA_V9,Barsi_Graham_Comparacao_Final_v9/scripts/compute_besst.py,09d1327cf74b79991a32c82e463602b3bfdd7645f8ceababa0bef1d1ec2a81c7,,,PENDENTE; nao recalculado,False,False,,0.1528142447563015,,,False,PRESERVADO_V9_OU_CENARIO_V12
annual,2025,2025-06-30,2026-06-30,B06,conservative,CPFE3,0.16666666666666666,0.18726138032305428,0.16899657366617715,0.20552618697993164,APROXIMACAO_CAIXA_V9,Barsi_Graham_Comparacao_Final_v9/scripts/compute_besst.py,09d1327cf74b79991a32c82e463602b3bfdd7645f8ceababa0bef1d1ec2a81c7,,,PENDENTE; nao recalculado,False,False,,0.3044134442812892,,,False,PRESERVADO_V9_OU_CENARIO_V12
annual,2025,2025-06-30,2026-06-30,B06,conservative,TAEE4,0.16666666666666666,0.2458808290155441,0.22813816925734032,0.26362348877374786,APROXIMACAO_CAIXA_V9,Barsi_Graham_Comparacao_Final_v9/scripts/compute_besst.py,09d1327cf74b79991a32c82e463602b3bfdd7645f8ceababa0bef1d1ec2a81c7,,,PENDENTE; nao recalculado,False,False,,0.29571099597006284,,,False,PRESERVADO_V9_OU_CENARIO_V12
annual,2025,2025-06-30,2026-06-30,B06,conservative,CMIG4,0.16666666666666666,0.11164814814814794,0.0906148148148147,0.13268148148148118,APROXIMACAO_CAIXA_V9,Barsi_Graham_Comparacao_Final_v9/scripts/compute_besst.py,09d1327cf74b79991a32c82e463602b3bfdd7645f8ceababa0bef1d1ec2a81c7,,,PENDENTE; nao recalculado,False,False,,0.3505555555555539,,,False,PRESERVADO_V9_OU_CENARIO_V12
annual,2025,2025-06-30,2026-06-30,B06,conservative,BBSE3,0.16666666666666666,0.2242178770949721,0.19820111731843593,0.2502346368715085,APROXIMACAO_CAIXA_V9,Barsi_Graham_Comparacao_Final_v9/scripts/compute_besst.py,09d1327cf74b79991a32c82e463602b3bfdd7645f8ceababa0bef1d1ec2a81c7,0.2463195011539947,0.36836040098371003,CATALOGO_CAIXA_RI_NOMINAL_VERIFICADO; estrutura e completude geral pendentes,True,False,-0.06525226195856307,0.43361266294227313,,,False,PRESERVADO_V9_OU_CENARIO_V12
annual,2025,2025-06-30,2026-06-30,B06,conservative,SANB4,0.16666666666666666,-0.022109020116807265,-0.03689552238805971,-0.007322517845554821,APROXIMACAO_CAIXA_V9,Barsi_Graham_Comparacao_Final_v9/scripts/compute_besst.py,09d1327cf74b79991a32c82e463602b3bfdd7645f8ceababa0bef1d1ec2a81c7,,,PENDENTE; nao recalculado,False,False,,0.24644170452087402,,,False,PRESERVADO_V9_OU_CENARIO_V12
annual,2025,2025-06-30,2026-06-30,B06S,central,BBAS3,0.1111111111111111,-0.05284291534631058,-0.06201177003168856,-0.04367406066093249,APROXIMACAO_CAIXA_V9,Barsi_Graham_Comparacao_Final_v9/scripts/compute_besst.py,09d1327cf74b79991a32c82e463602b3bfdd7645f8ceababa0bef1d1ec2a81c7,,,PENDENTE; nao recalculado,False,False,,0.10187616317086769,,,False,PRESERVADO_V9_OU_CENARIO_V12
annual,2025,2025-06-30,2026-06-30,B06S,central,BMGB4,0.1111111111111111,0.5294037940379404,0.509159891598916,0.5496476964769648,APROXIMACAO_CAIXA_V9,Barsi_Graham_Comparacao_Final_v9/scripts/compute_besst.py,09d1327cf74b79991a32c82e463602b3bfdd7645f8ceababa0bef1d1ec2a81c7,,,PENDENTE; nao recalculado,False,False,,0.22493224932249342,,,False,PRESERVADO_V9_OU_CENARIO_V12
annual,2025,2025-06-30,2026-06-30,B06S,central,SANB4,0.1111111111111111,-0.022109020116807265,-0.03689552238805971,-0.007322517845554821,APROXIMACAO_CAIXA_V9,Barsi_Graham_Comparacao_Final_v9/scripts/compute_besst.py,09d1327cf74b79991a32c82e463602b3bfdd7645f8ceababa0bef1d1ec2a81c7,,,PENDENTE; nao recalculado,False,False,,0.1642944696805827,,,False,PRESERVADO_V9_OU_CENARIO_V12
annual,2025,2025-06-30,2026-06-30,B06S,central,CPFE3,0.1111111111111111,0.18726138032305428,0.16899657366617715,0.20552618697993164,APROXIMACAO_CAIXA_V9,Barsi_Graham_Comparacao_Final_v9/scripts/compute_besst.py,09d1327cf74b79991a32c82e463602b3bfdd7645f8ceababa0bef1d1ec2a81c7,,,PENDENTE; nao recalculado,False,False,,0.20294229618752613,,,False,PRESERVADO_V9_OU_CENARIO_V12
annual,2025,2025-06-30,2026-06-30,B06S,central,TAEE4,0.1111111111111111,0.2458808290155441,0.22813816925734032,0.26362348877374786,APROXIMACAO_CAIXA_V9,Barsi_Graham_Comparacao_Final_v9/scripts/compute_besst.py,09d1327cf74b79991a32c82e463602b3bfdd7645f8ceababa0bef1d1ec2a81c7,,,PENDENTE; nao recalculado,False,False,,0.1971406639800419,,,False,PRESERVADO_V9_OU_CENARIO_V12
annual,2025,2025-06-30,2026-06-30,B06S,central,CMIG4,0.1111111111111111,0.11164814814814794,0.0906148148148147,0.13268148148148118,APROXIMACAO_CAIXA_V9,Barsi_Graham_Comparacao_Final_v9/scripts/compute_besst.py,09d1327cf74b79991a32c82e463602b3bfdd7645f8ceababa0bef1d1ec2a81c7,,,PENDENTE; nao recalculado,False,False,,0.23370370370370264,,,False,PRESERVADO_V9_OU_CENARIO_V12
annual,2025,2025-06-30,2026-06-30,B06S,central,BBSE3,0.3333333333333333,0.2242178770949721,0.19820111731843593,0.2502346368715085,APROXIMACAO_CAIXA_V9,Barsi_Graham_Comparacao_Final_v9/scripts/compute_besst.py,09d1327cf74b79991a32c82e463602b3bfdd7645f8ceababa0bef1d1ec2a81c7,0.2463195011539947,0.7367208019674201,CATALOGO_CAIXA_RI_NOMINAL_VERIFICADO; estrutura e completude geral pendentes,True,False,-0.13050452391712614,0.8672253258845463,,,False,PRESERVADO_V9_OU_CENARIO_V12
annual,2025,2025-06-30,2026-06-30,B06S,conservative,BBAS3,0.16666666666666666,-0.05284291534631058,-0.06201177003168856,-0.04367406066093249,APROXIMACAO_CAIXA_V9,Barsi_Graham_Comparacao_Final_v9/scripts/compute_besst.py,09d1327cf74b79991a32c82e463602b3bfdd7645f8ceababa0bef1d1ec2a81c7,,,PENDENTE; nao recalculado,False,False,,0.1528142447563015,,,False,PRESERVADO_V9_OU_CENARIO_V12
annual,2025,2025-06-30,2026-06-30,B06S,conservative,SANB4,0.16666666666666666,-0.022109020116807265,-0.03689552238805971,-0.007322517845554821,APROXIMACAO_CAIXA_V9,Barsi_Graham_Comparacao_Final_v9/scripts/compute_besst.py,09d1327cf74b79991a32c82e463602b3bfdd7645f8ceababa0bef1d1ec2a81c7,,,PENDENTE; nao recalculado,False,False,,0.24644170452087402,,,False,PRESERVADO_V9_OU_CENARIO_V12
annual,2025,2025-06-30,2026-06-30,B06S,conservative,CPFE3,0.1111111111111111,0.18726138032305428,0.16899657366617715,0.20552618697993164,APROXIMACAO_CAIXA_V9,Barsi_Graham_Comparacao_Final_v9/scripts/compute_besst.py,09d1327cf74b79991a32c82e463602b3bfdd7645f8ceababa0bef1d1ec2a81c7,,,PENDENTE; nao recalculado,False,False,,0.20294229618752613,,,False,PRESERVADO_V9_OU_CENARIO_V12
annual,2025,2025-06-30,2026-06-30,B06S,conservative,TAEE4,0.1111111111111111,0.2458808290155441,0.22813816925734032,0.26362348877374786,APROXIMACAO_CAIXA_V9,Barsi_Graham_Comparacao_Final_v9/scripts/compute_besst.py,09d1327cf74b79991a32c82e463602b3bfdd7645f8ceababa0bef1d1ec2a81c7,,,PENDENTE; nao recalculado,False,False,,0.1971406639800419,,,False,PRESERVADO_V9_OU_CENARIO_V12
annual,2025,2025-06-30,2026-06-30,B06S,conservative,CMIG4,0.1111111111111111,0.11164814814814794,0.0906148148148147,0.13268148148148118,APROXIMACAO_CAIXA_V9,Barsi_Graham_Comparacao_Final_v9/scripts/compute_besst.py,09d1327cf74b79991a32c82e463602b3bfdd7645f8ceababa0bef1d1ec2a81c7,,,PENDENTE; nao recalculado,False,False,,0.23370370370370264,,,False,PRESERVADO_V9_OU_CENARIO_V12
annual,2025,2025-06-30,2026-06-30,B06S,conservative,BBSE3,0.3333333333333333,0.2242178770949721,0.19820111731843593,0.2502346368715085,APROXIMACAO_CAIXA_V9,Barsi_Graham_Comparacao_Final_v9/scripts/compute_besst.py,09d1327cf74b79991a32c82e463602b3bfdd7645f8ceababa0bef1d1ec2a81c7,0.2463195011539947,0.7367208019674201,CATALOGO_CAIXA_RI_NOMINAL_VERIFICADO; estrutura e completude geral pendentes,True,False,-0.13050452391712614,0.8672253258845463,,,False,PRESERVADO_V9_OU_CENARIO_V12
maintain,2020,2020-06-30,2026-06-30,B00,central,BBAS3,0.047619047619047616,0.9998836930878323,0.9601828761696718,1.0402184000975314,APROXIMACAO_CAIXA_V9,Barsi_Graham_Comparacao_Final_v9/scripts/compute_maintenance.py,5363502d869091c6601c8c90c3efdc5f9c8bd4e8c730e1882bd2a1604cbae60f,,,PENDENTE; nao recalculado,False,False,,0.19207003337951953,,,False,PRESERVADO_V9_OU_CENARIO_V12
maintain,2020,2020-06-30,2026-06-30,B00,central,NEOE3,0.047619047619047616,1.272561548295862,1.2480418794491017,1.297291711112532,APROXIMACAO_CAIXA_V9,Barsi_Graham_Comparacao_Final_v9/scripts/compute_maintenance.py,5363502d869091c6601c8c90c3efdc5f9c8bd4e8c730e1882bd2a1604cbae60f,,,PENDENTE; nao recalculado,False,False,,0.1177626800793802,,,False,PRESERVADO_V9_OU_CENARIO_V12
maintain,2020,2020-06-30,2026-06-30,B00,central,PSSA3,0.047619047619047616,1.8093353004384873,1.77610697464582,1.8428766567790058,APROXIMACAO_CAIXA_V9,Barsi_Graham_Comparacao_Final_v9/scripts/compute_maintenance.py,5363502d869091c6601c8c90c3efdc5f9c8bd4e8c730e1882bd2a1604cbae60f,,,PENDENTE; nao recalculado,False,False,,0.1597207444786594,1.8827149873395954,0.34942708048146703,True,CALCULADO_MOTOR_V6_FRACIONARIO_PROVISORIO
maintain,2020,2020-06-30,2026-06-30,B00,central,EGIE3,0.047619047619047616,0.592642611956087,0.572548819839303,0.6129390754547108,APROXIMACAO_CAIXA_V9,Barsi_Graham_Comparacao_Final_v9/scripts/compute_maintenance.py,5363502d869091c6601c8c90c3efdc5f9c8bd4e8c730e1882bd2a1604cbae60f,,,PENDENTE; nao recalculado,False,False,,0.09664982618392283,,,False,PRESERVADO_V9_OU_CENARIO_V12
maintain,2020,2020-06-30,2026-06-30,B00,central,TIMP3,0.047619047619047616,1.2480243878824968,1.2120164692365765,1.2844970124027197,APROXIMACAO_CAIXA_V9,Barsi_Graham_Comparacao_Final_v9/scripts/compute_maintenance.py,5363502d869091c6601c8c90c3efdc5f9c8bd4e8c730e1882bd2a1604cbae60f,,,PENDENTE; nao recalculado,False,False,,0.17367916438201395,1.260400320329766,0.05893301165366285,True,CALCULADO_MOTOR_V6_FRACIONARIO_PROVISORIO
maintain,2020,2020-06-30,2026-06-30,B00,central,VIVT4,0.047619047619047616,1.0708014488011428,1.0402179177191266,1.1017497640602154,APROXIMACAO_CAIXA_V9,Barsi_Graham_Comparacao_Final_v9/scripts/compute_maintenance.py,5363502d869091c6601c8c90c3efdc5f9c8bd4e8c730e1882bd2a1604cbae60f,,,PENDENTE; nao recalculado,False,False,,0.14737292980510763,1.1168920898879562,0.2194792432705399,True,CALCULADO_MOTOR_V6_FRACIONARIO_PROVISORIO
maintain,2020,2020-06-30,2026-06-30,B00,central,TRPL4,0.047619047619047616,1.1775137905711754,1.1399994207597373,1.215541257262303,APROXIMACAO_CAIXA_V9,Barsi_Graham_Comparacao_Final_v9/scripts/compute_maintenance.py,5363502d869091c6601c8c90c3efdc5f9c8bd4e8c730e1882bd2a1604cbae60f,,,PENDENTE; nao recalculado,False,False,,0.18108317471965502,,,False,PRESERVADO_V9_OU_CENARIO_V12
maintain,2020,2020-06-30,2026-06-30,B00,central,EQTL3,0.047619047619047616,0.9054543096835053,0.897473294708218,0.9134611503348598,APROXIMACAO_CAIXA_V9,Barsi_Graham_Comparacao_Final_v9/scripts/compute_maintenance.py,5363502d869091c6601c8c90c3efdc5f9c8bd4e8c730e1882bd2a1604cbae60f,,,PENDENTE; nao recalculado,False,False,,0.03812781262549755,,,False,PRESERVADO_V9_OU_CENARIO_V12
maintain,2020,2020-06-30,2026-06-30,B00,central,ENBR3,0.047619047619047616,0.7020825763839207,0.6901757352357876,0.7140321491837063,CHECKPOINT_EVENTOS_V6_HERDADO,runtime/Barsi_Graham_Retomada_v8/herdado_v7/herdado_v6/checkpoints/casos_v6/ENBR3_2020-06-30_2026-06-30.json,0dcf05bd36216083f8ece38f937a4b4dda6978f15aaeaae885cda0299b92dc4d,0.7020825763839207,0.0,MESMA_CLASSE_E_MOTOR_GRAHAM; cobertura documental herdada parcial,True,False,-0.05690272761802662,0.05690272761802662,,,False,PRESERVADO_V9_OU_CENARIO_V12
maintain,2020,2020-06-30,2026-06-30,B00,central,TIET4,0.047619047619047616,-0.34680711816681853,-0.3477244563237042,-0.3458889759862316,APROXIMACAO_CAIXA_V9,Barsi_Graham_Comparacao_Final_v9/scripts/compute_maintenance.py,5363502d869091c6601c8c90c3efdc5f9c8bd4e8c730e1882bd2a1604cbae60f,,,PENDENTE; nao recalculado,False,False,,0.004372105621842595,,,False,PRESERVADO_V9_OU_CENARIO_V12
maintain,2020,2020-06-30,2026-06-30,B00,central,COCE5,0.047619047619047616,-0.3418032795351291,-0.3476348987537271,-0.3359315082312839,APROXIMACAO_CAIXA_V9,Barsi_Graham_Comparacao_Final_v9/scripts/compute_maintenance.py,5363502d869091c6601c8c90c3efdc5f9c8bd4e8c730e1882bd2a1604cbae60f,,,PENDENTE; nao recalculado,False,False,,0.027960815732596175,,,False,PRESERVADO_V9_OU_CENARIO_V12
maintain,2020,2020-06-30,2026-06-30,B00,central,CMIG4,0.047619047619047616,2.521756169521088,2.438797347337503,2.606306058328092,APROXIMACAO_CAIXA_V9,Barsi_Graham_Comparacao_Final_v9/scripts/compute_maintenance.py,5363502d869091c6601c8c90c3efdc5f9c8bd4e8c730e1882bd2a1604cbae60f,,,PENDENTE; nao recalculado,False,False,,0.4026185181285904,,,False,PRESERVADO_V9_OU_CENARIO_V12
maintain,2020,2020-06-30,2026-06-30,B00,central,BBSE3,0.047619047619047616,1.3211716618955562,1.2736870630710526,1.3694379314823037,APROXIMACAO_CAIXA_V9,Barsi_Graham_Comparacao_Final_v9/scripts/compute_maintenance.py,5363502d869091c6601c8c90c3efdc5f9c8bd4e8c730e1882bd2a1604cbae60f,1.4091227618692095,0.41881476177930116,CATALOGO_CAIXA_RI_NOMINAL_VERIFICADO; estrutura e completude geral pendentes,True,False,0.1889753827947892,0.22983937898451196,,,False,PRESERVADO_V9_OU_CENARIO_V12
maintain,2020,2020-06-30,2026-06-30,B00,central,ABCB4,0.047619047619047616,1.6873512050769994,1.6340115591166913,1.741548327887939,APROXIMACAO_CAIXA_V9,Barsi_Graham_Comparacao_Final_v9/scripts/compute_maintenance.py,5363502d869091c6601c8c90c3efdc5f9c8bd4e8c730e1882bd2a1604cbae60f,,,PENDENTE; nao recalculado,False,False,,0.25808153719494986,,,False,PRESERVADO_V9_OU_CENARIO_V12
maintain,2020,2020-06-30,2026-06-30,B00,central,SBSP3,0.047619047619047616,2.186918729441825,2.1553924673272205,2.2186396772732686,APROXIMACAO_CAIXA_V9,Barsi_Graham_Comparacao_Final_v9/scripts/compute_maintenance.py,5363502d869091c6601c8c90c3efdc5f9c8bd4e8c730e1882bd2a1604cbae60f,2.026263541383608,-0.7650247050391296,MESMA_CLASSE_E_MOTOR_GRAHAM; cobertura documental herdada parcial,True,False,-0.9160768375698131,0.15105213253068345,,,False,PRESERVADO_V9_OU_CENARIO_V12
maintain,2020,2020-06-30,2026-06-30,B00,central,BBDC4,0.047619047619047616,0.5153901197219268,0.4905708767728716,0.5405305136358967,APROXIMACAO_CAIXA_V9,Barsi_Graham_Comparacao_Final_v9/scripts/compute_maintenance.py,5363502d869091c6601c8c90c3efdc5f9c8bd4e8c730e1882bd2a1604cbae60f,,,PENDENTE; nao recalculado,False,False,,0.11971616149509441,,,False,PRESERVADO_V9_OU_CENARIO_V12
maintain,2020,2020-06-30,2026-06-30,B00,central,ITUB4,0.047619047619047616,1.5163651274843337,1.4802390125448226,1.5529007143336075,APROXIMACAO_CAIXA_V9,Barsi_Graham_Comparacao_Final_v9/scripts/compute_maintenance.py,5363502d869091c6601c8c90c3efdc5f9c8bd4e8c730e1882bd2a1604cbae60f,,,PENDENTE; nao recalculado,False,False,,0.17397898499654202,,,False,PRESERVADO_V9_OU_CENARIO_V12
maintain,2020,2020-06-30,2026-06-30,B00,central,CPLE6,0.047619047619047616,3.339575194741867,3.2631378697311746,3.4170279224300213,APROXIMACAO_CAIXA_V9,Barsi_Graham_Comparacao_Final_v9/scripts/compute_maintenance.py,5363502d869091c6601c8c90c3efdc5f9c8bd4e8c730e1882bd2a1604cbae60f,,,PENDENTE; nao recalculado,False,False,,0.3688225128007345,,,False,PRESERVADO_V9_OU_CENARIO_V12
maintain,2020,2020-06-30,2026-06-30,B00,central,SAPR4,0.047619047619047616,0.5348264469923529,0.5152407808440052,0.5546101277185425,APROXIMACAO_CAIXA_V9,Barsi_Graham_Comparacao_Final_v9/scripts/compute_maintenance.py,5363502d869091c6601c8c90c3efdc5f9c8bd4e8c730e1882bd2a1604cbae60f,,,PENDENTE; nao recalculado,False,False,,0.09420800345804535,0.6174674455544586,0.3935285645814558,True,CALCULADO_MOTOR_V6_FRACIONARIO_PROVISORIO
maintain,2020,2020-06-30,2026-06-30,B00,central,SANB4,0.047619047619047616,0.4147699823485418,0.39173015123846855,0.4381119741483468,APROXIMACAO_CAIXA_V9,Barsi_Graham_Comparacao_Final_v9/scripts/compute_maintenance.py,5363502d869091c6601c8c90c3efdc5f9c8bd4e8c730e1882bd2a1604cbae60f,,,PENDENTE; nao recalculado,False,False,,0.11115234190383336,,,False,PRESERVADO_V9_OU_CENARIO_V12
maintain,2020,2020-06-30,2026-06-30,B00,central,BRSR6,0.047619047619047616,0.7032214905027141,0.6667794379244296,0.7402916218617224,APROXIMACAO_CAIXA_V9,Barsi_Graham_Comparacao_Final_v9/scripts/compute_maintenance.py,5363502d869091c6601c8c90c3efdc5f9c8bd4e8c730e1882bd2a1604cbae60f,,,PENDENTE; nao recalculado,False,False,,0.17652443504289653,,,False,PRESERVADO_V9_OU_CENARIO_V12
maintain,2020,2020-06-30,2026-06-30,B00,conservative,BBAS3,0.058823529411764705,0.9998836930878323,0.9601828761696718,1.0402184000975314,APROXIMACAO_CAIXA_V9,Barsi_Graham_Comparacao_Final_v9/scripts/compute_maintenance.py,5363502d869091c6601c8c90c3efdc5f9c8bd4e8c730e1882bd2a1604cbae60f,,,PENDENTE; nao recalculado,False,False,,0.2372629824099947,,,False,PRESERVADO_V9_OU_CENARIO_V12
maintain,2020,2020-06-30,2026-06-30,B00,conservative,PSSA3,0.058823529411764705,1.8093353004384873,1.77610697464582,1.8428766567790058,APROXIMACAO_CAIXA_V9,Barsi_Graham_Comparacao_Final_v9/scripts/compute_maintenance.py,5363502d869091c6601c8c90c3efdc5f9c8bd4e8c730e1882bd2a1604cbae60f,,,PENDENTE; nao recalculado,False,False,,0.19730209612069685,1.8827149873395954,0.4316452170653416,True,CALCULADO_MOTOR_V6_FRACIONARIO_PROVISORIO
maintain,2020,2020-06-30,2026-06-30,B00,conservative,EGIE3,0.058823529411764705,0.592642611956087,0.572548819839303,0.6129390754547108,APROXIMACAO_CAIXA_V9,Barsi_Graham_Comparacao_Final_v9/scripts/compute_maintenance.py,5363502d869091c6601c8c90c3efdc5f9c8bd4e8c730e1882bd2a1604cbae60f,,,PENDENTE; nao recalculado,False,False,,0.11939096175661056,,,False,PRESERVADO_V9_OU_CENARIO_V12
maintain,2020,2020-06-30,2026-06-30,B00,conservative,TIMP3,0.058823529411764705,1.2480243878824968,1.2120164692365765,1.2844970124027197,APROXIMACAO_CAIXA_V9,Barsi_Graham_Comparacao_Final_v9/scripts/compute_maintenance.py,5363502d869091c6601c8c90c3efdc5f9c8bd4e8c730e1882bd2a1604cbae60f,,,PENDENTE; nao recalculado,False,False,,0.21454485011895838,1.260400320329766,0.07279960263099529,True,CALCULADO_MOTOR_V6_FRACIONARIO_PROVISORIO
maintain,2020,2020-06-30,2026-06-30,B00,conservative,VIVT4,0.058823529411764705,1.0708014488011428,1.0402179177191266,1.1017497640602154,APROXIMACAO_CAIXA_V9,Barsi_Graham_Comparacao_Final_v9/scripts/compute_maintenance.py,5363502d869091c6601c8c90c3efdc5f9c8bd4e8c730e1882bd2a1604cbae60f,,,PENDENTE; nao recalculado,False,False,,0.18204891328866235,1.1168920898879562,0.2711214181577257,True,CALCULADO_MOTOR_V6_FRACIONARIO_PROVISORIO
maintain,2020,2020-06-30,2026-06-30,B00,conservative,EQTL3,0.058823529411764705,0.9054543096835053,0.897473294708218,0.9134611503348598,APROXIMACAO_CAIXA_V9,Barsi_Graham_Comparacao_Final_v9/scripts/compute_maintenance.py,5363502d869091c6601c8c90c3efdc5f9c8bd4e8c730e1882bd2a1604cbae60f,,,PENDENTE; nao recalculado,False,False,,0.047099062655026384,,,False,PRESERVADO_V9_OU_CENARIO_V12
maintain,2020,2020-06-30,2026-06-30,B00,conservative,ENBR3,0.058823529411764705,0.7020825763839207,0.6901757352357876,0.7140321491837063,CHECKPOINT_EVENTOS_V6_HERDADO,runtime/Barsi_Graham_Retomada_v8/herdado_v7/herdado_v6/checkpoints/casos_v6/ENBR3_2020-06-30_2026-06-30.json,0dcf05bd36216083f8ece38f937a4b4dda6978f15aaeaae885cda0299b92dc4d,0.7020825763839207,0.0,MESMA_CLASSE_E_MOTOR_GRAHAM; cobertura documental herdada parcial,True,False,-0.07029160470462112,0.07029160470462112,,,False,PRESERVADO_V9_OU_CENARIO_V12
maintain,2020,2020-06-30,2026-06-30,B00,conservative,TIET4,0.058823529411764705,-0.34680711816681853,-0.3477244563237042,-0.3458889759862316,APROXIMACAO_CAIXA_V9,Barsi_Graham_Comparacao_Final_v9/scripts/compute_maintenance.py,5363502d869091c6601c8c90c3efdc5f9c8bd4e8c730e1882bd2a1604cbae60f,,,PENDENTE; nao recalculado,False,False,,0.005400836356393794,,,False,PRESERVADO_V9_OU_CENARIO_V12
maintain,2020,2020-06-30,2026-06-30,B00,conservative,COCE5,0.058823529411764705,-0.3418032795351291,-0.3476348987537271,-0.3359315082312839,APROXIMACAO_CAIXA_V9,Barsi_Graham_Comparacao_Final_v9/scripts/compute_maintenance.py,5363502d869091c6601c8c90c3efdc5f9c8bd4e8c730e1882bd2a1604cbae60f,,,PENDENTE; nao recalculado,False,False,,0.03453983119908939,,,False,PRESERVADO_V9_OU_CENARIO_V12
maintain,2020,2020-06-30,2026-06-30,B00,conservative,BBSE3,0.058823529411764705,1.3211716618955562,1.2736870630710526,1.3694379314823037,APROXIMACAO_CAIXA_V9,Barsi_Graham_Comparacao_Final_v9/scripts/compute_maintenance.py,5363502d869091c6601c8c90c3efdc5f9c8bd4e8c730e1882bd2a1604cbae60f,1.4091227618692095,0.517359411609725,CATALOGO_CAIXA_RI_NOMINAL_VERIFICADO; estrutura e completude geral pendentes,True,False,0.2334401787465043,0.2839192328632206,,,False,PRESERVADO_V9_OU_CENARIO_V12
maintain,2020,2020-06-30,2026-06-30,B00,conservative,ABCB4,0.058823529411764705,1.6873512050769994,1.6340115591166913,1.741548327887939,APROXIMACAO_CAIXA_V9,Barsi_Graham_Comparacao_Final_v9/scripts/compute_maintenance.py,5363502d869091c6601c8c90c3efdc5f9c8bd4e8c730e1882bd2a1604cbae60f,,,PENDENTE; nao recalculado,False,False,,0.31880660477023215,,,False,PRESERVADO_V9_OU_CENARIO_V12
maintain,2020,2020-06-30,2026-06-30,B00,conservative,BBDC4,0.058823529411764705,0.5153901197219268,0.4905708767728716,0.5405305136358967,APROXIMACAO_CAIXA_V9,Barsi_Graham_Comparacao_Final_v9/scripts/compute_maintenance.py,5363502d869091c6601c8c90c3efdc5f9c8bd4e8c730e1882bd2a1604cbae60f,,,PENDENTE; nao recalculado,False,False,,0.14788467008217546,,,False,PRESERVADO_V9_OU_CENARIO_V12
maintain,2020,2020-06-30,2026-06-30,B00,conservative,ITUB4,0.058823529411764705,1.5163651274843337,1.4802390125448226,1.5529007143336075,APROXIMACAO_CAIXA_V9,Barsi_Graham_Comparacao_Final_v9/scripts/compute_maintenance.py,5363502d869091c6601c8c90c3efdc5f9c8bd4e8c730e1882bd2a1604cbae60f,,,PENDENTE; nao recalculado,False,False,,0.21491521676043426,,,False,PRESERVADO_V9_OU_CENARIO_V12
maintain,2020,2020-06-30,2026-06-30,B00,conservative,CPLE6,0.058823529411764705,3.339575194741867,3.2631378697311746,3.4170279224300213,APROXIMACAO_CAIXA_V9,Barsi_Graham_Comparacao_Final_v9/scripts/compute_maintenance.py,5363502d869091c6601c8c90c3efdc5f9c8bd4e8c730e1882bd2a1604cbae60f,,,PENDENTE; nao recalculado,False,False,,0.4556042805185544,,,False,PRESERVADO_V9_OU_CENARIO_V12
maintain,2020,2020-06-30,2026-06-30,B00,conservative,SAPR4,0.058823529411764705,0.5348264469923529,0.5152407808440052,0.5546101277185425,APROXIMACAO_CAIXA_V9,Barsi_Graham_Comparacao_Final_v9/scripts/compute_maintenance.py,5363502d869091c6601c8c90c3efdc5f9c8bd4e8c730e1882bd2a1604cbae60f,,,PENDENTE; nao recalculado,False,False,,0.11637459250699718,0.6174674455544586,0.486123520953563,True,CALCULADO_MOTOR_V6_FRACIONARIO_PROVISORIO
maintain,2020,2020-06-30,2026-06-30,B00,conservative,SANB4,0.058823529411764705,0.4147699823485418,0.39173015123846855,0.4381119741483468,APROXIMACAO_CAIXA_V9,Barsi_Graham_Comparacao_Final_v9/scripts/compute_maintenance.py,5363502d869091c6601c8c90c3efdc5f9c8bd4e8c730e1882bd2a1604cbae60f,,,PENDENTE; nao recalculado,False,False,,0.13730583411650002,,,False,PRESERVADO_V9_OU_CENARIO_V12
maintain,2020,2020-06-30,2026-06-30,B00,conservative,BRSR6,0.058823529411764705,0.7032214905027141,0.6667794379244296,0.7402916218617224,APROXIMACAO_CAIXA_V9,Barsi_Graham_Comparacao_Final_v9/scripts/compute_maintenance.py,5363502d869091c6601c8c90c3efdc5f9c8bd4e8c730e1882bd2a1604cbae60f,,,PENDENTE; nao recalculado,False,False,,0.21805959622946042,,,False,PRESERVADO_V9_OU_CENARIO_V12
maintain,2020,2020-06-30,2026-06-30,B00S,central,BBAS3,0.03333333333333333,0.9998836930878323,0.9601828761696718,1.0402184000975314,APROXIMACAO_CAIXA_V9,Barsi_Graham_Comparacao_Final_v9/scripts/compute_maintenance.py,5363502d869091c6601c8c90c3efdc5f9c8bd4e8c730e1882bd2a1604cbae60f,,,PENDENTE; nao recalculado,False,False,,0.13444902336566367,,,False,PRESERVADO_V9_OU_CENARIO_V12
maintain,2020,2020-06-30,2026-06-30,B00S,central,ABCB4,0.03333333333333333,1.6873512050769994,1.6340115591166913,1.741548327887939,APROXIMACAO_CAIXA_V9,Barsi_Graham_Comparacao_Final_v9/scripts/compute_maintenance.py,5363502d869091c6601c8c90c3efdc5f9c8bd4e8c730e1882bd2a1604cbae60f,,,PENDENTE; nao recalculado,False,False,,0.18065707603646491,,,False,PRESERVADO_V9_OU_CENARIO_V12
maintain,2020,2020-06-30,2026-06-30,B00S,central,BBDC4,0.03333333333333333,0.5153901197219268,0.4905708767728716,0.5405305136358967,APROXIMACAO_CAIXA_V9,Barsi_Graham_Comparacao_Final_v9/scripts/compute_maintenance.py,5363502d869091c6601c8c90c3efdc5f9c8bd4e8c730e1882bd2a1604cbae60f,,,PENDENTE; nao recalculado,False,False,,0.0838013130465661,,,False,PRESERVADO_V9_OU_CENARIO_V12
maintain,2020,2020-06-30,2026-06-30,B00S,central,ITUB4,0.03333333333333333,1.5163651274843337,1.4802390125448226,1.5529007143336075,APROXIMACAO_CAIXA_V9,Barsi_Graham_Comparacao_Final_v9/scripts/compute_maintenance.py,5363502d869091c6601c8c90c3efdc5f9c8bd4e8c730e1882bd2a1604cbae60f,,,PENDENTE; nao recalculado,False,False,,0.12178528949757943,,,False,PRESERVADO_V9_OU_CENARIO_V12
maintain,2020,2020-06-30,2026-06-30,B00S,central,SANB4,0.03333333333333333,0.4147699823485418,0.39173015123846855,0.4381119741483468,APROXIMACAO_CAIXA_V9,Barsi_Graham_Comparacao_Final_v9/scripts/compute_maintenance.py,5363502d869091c6601c8c90c3efdc5f9c8bd4e8c730e1882bd2a1604cbae60f,,,PENDENTE; nao recalculado,False,False,,0.07780663933268336,,,False,PRESERVADO_V9_OU_CENARIO_V12
maintain,2020,2020-06-30,2026-06-30,B00S,central,BRSR6,0.03333333333333333,0.7032214905027141,0.6667794379244296,0.7402916218617224,APROXIMACAO_CAIXA_V9,Barsi_Graham_Comparacao_Final_v9/scripts/compute_maintenance.py,5363502d869091c6601c8c90c3efdc5f9c8bd4e8c730e1882bd2a1604cbae60f,,,PENDENTE; nao recalculado,False,False,,0.12356710453002759,,,False,PRESERVADO_V9_OU_CENARIO_V12
maintain,2020,2020-06-30,2026-06-30,B00S,central,NEOE3,0.022222222222222223,1.272561548295862,1.2480418794491017,1.297291711112532,APROXIMACAO_CAIXA_V9,Barsi_Graham_Comparacao_Final_v9/scripts/compute_maintenance.py,5363502d869091c6601c8c90c3efdc5f9c8bd4e8c730e1882bd2a1604cbae60f,,,PENDENTE; nao recalculado,False,False,,0.05495591737037743,,,False,PRESERVADO_V9_OU_CENARIO_V12
maintain,2020,2020-06-30,2026-06-30,B00S,central,EGIE3,0.022222222222222223,0.592642611956087,0.572548819839303,0.6129390754547108,APROXIMACAO_CAIXA_V9,Barsi_Graham_Comparacao_Final_v9/scripts/compute_maintenance.py,5363502d869091c6601c8c90c3efdc5f9c8bd4e8c730e1882bd2a1604cbae60f,,,PENDENTE; nao recalculado,False,False,,0.045103252219163996,,,False,PRESERVADO_V9_OU_CENARIO_V12
maintain,2020,2020-06-30,2026-06-30,B00S,central,TRPL4,0.022222222222222223,1.1775137905711754,1.1399994207597373,1.215541257262303,APROXIMACAO_CAIXA_V9,Barsi_Graham_Comparacao_Final_v9/scripts/compute_maintenance.py,5363502d869091c6601c8c90c3efdc5f9c8bd4e8c730e1882bd2a1604cbae60f,,,PENDENTE; nao recalculado,False,False,,0.084505481535839,,,False,PRESERVADO_V9_OU_CENARIO_V12
maintain,2020,2020-06-30,2026-06-30,B00S,central,EQTL3,0.022222222222222223,0.9054543096835053,0.897473294708218,0.9134611503348598,APROXIMACAO_CAIXA_V9,Barsi_Graham_Comparacao_Final_v9/scripts/compute_maintenance.py,5363502d869091c6601c8c90c3efdc5f9c8bd4e8c730e1882bd2a1604cbae60f,,,PENDENTE; nao recalculado,False,False,,0.01779297922523219,,,False,PRESERVADO_V9_OU_CENARIO_V12
maintain,2020,2020-06-30,2026-06-30,B00S,central,ENBR3,0.022222222222222223,0.7020825763839207,0.6901757352357876,0.7140321491837063,CHECKPOINT_EVENTOS_V6_HERDADO,runtime/Barsi_Graham_Retomada_v8/herdado_v7/herdado_v6/checkpoints/casos_v6/ENBR3_2020-06-30_2026-06-30.json,0dcf05bd36216083f8ece38f937a4b4dda6978f15aaeaae885cda0299b92dc4d,0.7020825763839207,0.0,MESMA_CLASSE_E_MOTOR_GRAHAM; cobertura documental herdada parcial,True,False,-0.02655460622174576,0.02655460622174576,,,False,PRESERVADO_V9_OU_CENARIO_V12
maintain,2020,2020-06-30,2026-06-30,B00S,central,TIET4,0.022222222222222223,-0.34680711816681853,-0.3477244563237042,-0.3458889759862316,APROXIMACAO_CAIXA_V9,Barsi_Graham_Comparacao_Final_v9/scripts/compute_maintenance.py,5363502d869091c6601c8c90c3efdc5f9c8bd4e8c730e1882bd2a1604cbae60f,,,PENDENTE; nao recalculado,False,False,,0.002040315956859878,,,False,PRESERVADO_V9_OU_CENARIO_V12
maintain,2020,2020-06-30,2026-06-30,B00S,central,COCE5,0.022222222222222223,-0.3418032795351291,-0.3476348987537271,-0.3359315082312839,APROXIMACAO_CAIXA_V9,Barsi_Graham_Comparacao_Final_v9/scripts/compute_maintenance.py,5363502d869091c6601c8c90c3efdc5f9c8bd4e8c730e1882bd2a1604cbae60f,,,PENDENTE; nao recalculado,False,False,,0.01304838067521155,,,False,PRESERVADO_V9_OU_CENARIO_V12
maintain,2020,2020-06-30,2026-06-30,B00S,central,CMIG4,0.022222222222222223,2.521756169521088,2.438797347337503,2.606306058328092,APROXIMACAO_CAIXA_V9,Barsi_Graham_Comparacao_Final_v9/scripts/compute_maintenance.py,5363502d869091c6601c8c90c3efdc5f9c8bd4e8c730e1882bd2a1604cbae60f,,,PENDENTE; nao recalculado,False,False,,0.1878886417933422,,,False,PRESERVADO_V9_OU_CENARIO_V12
maintain,2020,2020-06-30,2026-06-30,B00S,central,CPLE6,0.022222222222222223,3.339575194741867,3.2631378697311746,3.4170279224300213,APROXIMACAO_CAIXA_V9,Barsi_Graham_Comparacao_Final_v9/scripts/compute_maintenance.py,5363502d869091c6601c8c90c3efdc5f9c8bd4e8c730e1882bd2a1604cbae60f,,,PENDENTE; nao recalculado,False,False,,0.1721171726403428,,,False,PRESERVADO_V9_OU_CENARIO_V12
maintain,2020,2020-06-30,2026-06-30,B00S,central,SBSP3,0.1,2.186918729441825,2.1553924673272205,2.2186396772732686,APROXIMACAO_CAIXA_V9,Barsi_Graham_Comparacao_Final_v9/scripts/compute_maintenance.py,5363502d869091c6601c8c90c3efdc5f9c8bd4e8c730e1882bd2a1604cbae60f,2.026263541383608,-1.6065518805821721,MESMA_CLASSE_E_MOTOR_GRAHAM; cobertura documental herdada parcial,True,False,-1.9237613588966074,0.31720947831443524,,,False,PRESERVADO_V9_OU_CENARIO_V12
maintain,2020,2020-06-30,2026-06-30,B00S,central,SAPR4,0.1,0.5348264469923529,0.5152407808440052,0.5546101277185425,APROXIMACAO_CAIXA_V9,Barsi_Graham_Comparacao_Final_v9/scripts/compute_maintenance.py,5363502d869091c6601c8c90c3efdc5f9c8bd4e8c730e1882bd2a1604cbae60f,,,PENDENTE; nao recalculado,False,False,,0.19783680726189523,0.6174674455544586,0.8264099856210572,True,CALCULADO_MOTOR_V6_FRACIONARIO_PROVISORIO
maintain,2020,2020-06-30,2026-06-30,B00S,central,PSSA3,0.1,1.8093353004384873,1.77610697464582,1.8428766567790058,APROXIMACAO_CAIXA_V9,Barsi_Graham_Comparacao_Final_v9/scripts/compute_maintenance.py,5363502d869091c6601c8c90c3efdc5f9c8bd4e8c730e1882bd2a1604cbae60f,,,PENDENTE; nao recalculado,False,False,,0.3354135634051847,1.8827149873395954,0.7337968690110808,True,CALCULADO_MOTOR_V6_FRACIONARIO_PROVISORIO
maintain,2020,2020-06-30,2026-06-30,B00S,central,BBSE3,0.1,1.3211716618955562,1.2736870630710526,1.3694379314823037,APROXIMACAO_CAIXA_V9,Barsi_Graham_Comparacao_Final_v9/scripts/compute_maintenance.py,5363502d869091c6601c8c90c3efdc5f9c8bd4e8c730e1882bd2a1604cbae60f,1.4091227618692095,0.8795109997365325,CATALOGO_CAIXA_RI_NOMINAL_VERIFICADO; estrutura e completude geral pendentes,True,False,0.39684830386905734,0.4826626958674751,,,False,PRESERVADO_V9_OU_CENARIO_V12
maintain,2020,2020-06-30,2026-06-30,B00S,central,TIMP3,0.1,1.2480243878824968,1.2120164692365765,1.2844970124027197,APROXIMACAO_CAIXA_V9,Barsi_Graham_Comparacao_Final_v9/scripts/compute_maintenance.py,5363502d869091c6601c8c90c3efdc5f9c8bd4e8c730e1882bd2a1604cbae60f,,,PENDENTE; nao recalculado,False,False,,0.3647262452022293,1.260400320329766,0.123759324472692,True,CALCULADO_MOTOR_V6_FRACIONARIO_PROVISORIO
maintain,2020,2020-06-30,2026-06-30,B00S,central,VIVT4,0.1,1.0708014488011428,1.0402179177191266,1.1017497640602154,APROXIMACAO_CAIXA_V9,Barsi_Graham_Comparacao_Final_v9/scripts/compute_maintenance.py,5363502d869091c6601c8c90c3efdc5f9c8bd4e8c730e1882bd2a1604cbae60f,,,PENDENTE; nao recalculado,False,False,,0.309483152590726,1.1168920898879562,0.4609064108681338,True,CALCULADO_MOTOR_V6_FRACIONARIO_PROVISORIO
maintain,2020,2020-06-30,2026-06-30,B00S,conservative,BBAS3,0.03333333333333333,0.9998836930878323,0.9601828761696718,1.0402184000975314,APROXIMACAO_CAIXA_V9,Barsi_Graham_Comparacao_Final_v9/scripts/compute_maintenance.py,5363502d869091c6601c8c90c3efdc5f9c8bd4e8c730e1882bd2a1604cbae60f,,,PENDENTE; nao recalculado,False,False,,0.13444902336566367,,,False,PRESERVADO_V9_OU_CENARIO_V12
maintain,2020,2020-06-30,2026-06-30,B00S,conservative,ABCB4,0.03333333333333333,1.6873512050769994,1.6340115591166913,1.741548327887939,APROXIMACAO_CAIXA_V9,Barsi_Graham_Comparacao_Final_v9/scripts/compute_maintenance.py,5363502d869091c6601c8c90c3efdc5f9c8bd4e8c730e1882bd2a1604cbae60f,,,PENDENTE; nao recalculado,False,False,,0.18065707603646491,,,False,PRESERVADO_V9_OU_CENARIO_V12
maintain,2020,2020-06-30,2026-06-30,B00S,conservative,BBDC4,0.03333333333333333,0.5153901197219268,0.4905708767728716,0.5405305136358967,APROXIMACAO_CAIXA_V9,Barsi_Graham_Comparacao_Final_v9/scripts/compute_maintenance.py,5363502d869091c6601c8c90c3efdc5f9c8bd4e8c730e1882bd2a1604cbae60f,,,PENDENTE; nao recalculado,False,False,,0.0838013130465661,,,False,PRESERVADO_V9_OU_CENARIO_V12
maintain,2020,2020-06-30,2026-06-30,B00S,conservative,ITUB4,0.03333333333333333,1.5163651274843337,1.4802390125448226,1.5529007143336075,APROXIMACAO_CAIXA_V9,Barsi_Graham_Comparacao_Final_v9/scripts/compute_maintenance.py,5363502d869091c6601c8c90c3efdc5f9c8bd4e8c730e1882bd2a1604cbae60f,,,PENDENTE; nao recalculado,False,False,,0.12178528949757943,,,False,PRESERVADO_V9_OU_CENARIO_V12
maintain,2020,2020-06-30,2026-06-30,B00S,conservative,SANB4,0.03333333333333333,0.4147699823485418,0.39173015123846855,0.4381119741483468,APROXIMACAO_CAIXA_V9,Barsi_Graham_Comparacao_Final_v9/scripts/compute_maintenance.py,5363502d869091c6601c8c90c3efdc5f9c8bd4e8c730e1882bd2a1604cbae60f,,,PENDENTE; nao recalculado,False,False,,0.07780663933268336,,,False,PRESERVADO_V9_OU_CENARIO_V12
maintain,2020,2020-06-30,2026-06-30,B00S,conservative,BRSR6,0.03333333333333333,0.7032214905027141,0.6667794379244296,0.7402916218617224,APROXIMACAO_CAIXA_V9,Barsi_Graham_Comparacao_Final_v9/scripts/compute_maintenance.py,5363502d869091c6601c8c90c3efdc5f9c8bd4e8c730e1882bd2a1604cbae60f,,,PENDENTE; nao recalculado,False,False,,0.12356710453002759,,,False,PRESERVADO_V9_OU_CENARIO_V12
maintain,2020,2020-06-30,2026-06-30,B00S,conservative,EGIE3,0.03333333333333333,0.592642611956087,0.572548819839303,0.6129390754547108,APROXIMACAO_CAIXA_V9,Barsi_Graham_Comparacao_Final_v9/scripts/compute_maintenance.py,5363502d869091c6601c8c90c3efdc5f9c8bd4e8c730e1882bd2a1604cbae60f,,,PENDENTE; nao recalculado,False,False,,0.06765487832874599,,,False,PRESERVADO_V9_OU_CENARIO_V12
maintain,2020,2020-06-30,2026-06-30,B00S,conservative,EQTL3,0.03333333333333333,0.9054543096835053,0.897473294708218,0.9134611503348598,APROXIMACAO_CAIXA_V9,Barsi_Graham_Comparacao_Final_v9/scripts/compute_maintenance.py,5363502d869091c6601c8c90c3efdc5f9c8bd4e8c730e1882bd2a1604cbae60f,,,PENDENTE; nao recalculado,False,False,,0.026689468837848285,,,False,PRESERVADO_V9_OU_CENARIO_V12
maintain,2020,2020-06-30,2026-06-30,B00S,conservative,ENBR3,0.03333333333333333,0.7020825763839207,0.6901757352357876,0.7140321491837063,CHECKPOINT_EVENTOS_V6_HERDADO,runtime/Barsi_Graham_Retomada_v8/herdado_v7/herdado_v6/checkpoints/casos_v6/ENBR3_2020-06-30_2026-06-30.json,0dcf05bd36216083f8ece38f937a4b4dda6978f15aaeaae885cda0299b92dc4d,0.7020825763839207,0.0,MESMA_CLASSE_E_MOTOR_GRAHAM; cobertura documental herdada parcial,True,False,-0.03983190933261864,0.03983190933261864,,,False,PRESERVADO_V9_OU_CENARIO_V12
maintain,2020,2020-06-30,2026-06-30,B00S,conservative,TIET4,0.03333333333333333,-0.34680711816681853,-0.3477244563237042,-0.3458889759862316,APROXIMACAO_CAIXA_V9,Barsi_Graham_Comparacao_Final_v9/scripts/compute_maintenance.py,5363502d869091c6601c8c90c3efdc5f9c8bd4e8c730e1882bd2a1604cbae60f,,,PENDENTE; nao recalculado,False,False,,0.0030604739352898167,,,False,PRESERVADO_V9_OU_CENARIO_V12
maintain,2020,2020-06-30,2026-06-30,B00S,conservative,COCE5,0.03333333333333333,-0.3418032795351291,-0.3476348987537271,-0.3359315082312839,APROXIMACAO_CAIXA_V9,Barsi_Graham_Comparacao_Final_v9/scripts/compute_maintenance.py,5363502d869091c6601c8c90c3efdc5f9c8bd4e8c730e1882bd2a1604cbae60f,,,PENDENTE; nao recalculado,False,False,,0.019572571012817324,,,False,PRESERVADO_V9_OU_CENARIO_V12
maintain,2020,2020-06-30,2026-06-30,B00S,conservative,CPLE6,0.03333333333333333,3.339575194741867,3.2631378697311746,3.4170279224300213,APROXIMACAO_CAIXA_V9,Barsi_Graham_Comparacao_Final_v9/scripts/compute_maintenance.py,5363502d869091c6601c8c90c3efdc5f9c8bd4e8c730e1882bd2a1604cbae60f,,,PENDENTE; nao recalculado,False,False,,0.2581757589605142,,,False,PRESERVADO_V9_OU_CENARIO_V12
maintain,2020,2020-06-30,2026-06-30,B00S,conservative,SAPR4,0.2,0.5348264469923529,0.5152407808440052,0.5546101277185425,APROXIMACAO_CAIXA_V9,Barsi_Graham_Comparacao_Final_v9/scripts/compute_maintenance.py,5363502d869091c6601c8c90c3efdc5f9c8bd4e8c730e1882bd2a1604cbae60f,,,PENDENTE; nao recalculado,False,False,,0.39567361452379046,0.6174674455544586,1.6528199712421143,True,CALCULADO_MOTOR_V6_FRACIONARIO_PROVISORIO
maintain,2020,2020-06-30,2026-06-30,B00S,conservative,PSSA3,0.1,1.8093353004384873,1.77610697464582,1.8428766567790058,APROXIMACAO_CAIXA_V9,Barsi_Graham_Comparacao_Final_v9/scripts/compute_maintenance.py,5363502d869091c6601c8c90c3efdc5f9c8bd4e8c730e1882bd2a1604cbae60f,,,PENDENTE; nao recalculado,False,False,,0.3354135634051847,1.8827149873395954,0.7337968690110808,True,CALCULADO_MOTOR_V6_FRACIONARIO_PROVISORIO
maintain,2020,2020-06-30,2026-06-30,B00S,conservative,BBSE3,0.1,1.3211716618955562,1.2736870630710526,1.3694379314823037,APROXIMACAO_CAIXA_V9,Barsi_Graham_Comparacao_Final_v9/scripts/compute_maintenance.py,5363502d869091c6601c8c90c3efdc5f9c8bd4e8c730e1882bd2a1604cbae60f,1.4091227618692095,0.8795109997365325,CATALOGO_CAIXA_RI_NOMINAL_VERIFICADO; estrutura e completude geral pendentes,True,False,0.39684830386905734,0.4826626958674751,,,False,PRESERVADO_V9_OU_CENARIO_V12
maintain,2020,2020-06-30,2026-06-30,B00S,conservative,TIMP3,0.1,1.2480243878824968,1.2120164692365765,1.2844970124027197,APROXIMACAO_CAIXA_V9,Barsi_Graham_Comparacao_Final_v9/scripts/compute_maintenance.py,5363502d869091c6601c8c90c3efdc5f9c8bd4e8c730e1882bd2a1604cbae60f,,,PENDENTE; nao recalculado,False,False,,0.3647262452022293,1.260400320329766,0.123759324472692,True,CALCULADO_MOTOR_V6_FRACIONARIO_PROVISORIO
maintain,2020,2020-06-30,2026-06-30,B00S,conservative,VIVT4,0.1,1.0708014488011428,1.0402179177191266,1.1017497640602154,APROXIMACAO_CAIXA_V9,Barsi_Graham_Comparacao_Final_v9/scripts/compute_maintenance.py,5363502d869091c6601c8c90c3efdc5f9c8bd4e8c730e1882bd2a1604cbae60f,,,PENDENTE; nao recalculado,False,False,,0.309483152590726,1.1168920898879562,0.4609064108681338,True,CALCULADO_MOTOR_V6_FRACIONARIO_PROVISORIO
maintain,2020,2020-06-30,2026-06-30,B06,central,VIVT4,0.14285714285714285,1.0708014488011428,1.0402179177191266,1.1017497640602154,APROXIMACAO_CAIXA_V9,Barsi_Graham_Comparacao_Final_v9/scripts/compute_maintenance.py,5363502d869091c6601c8c90c3efdc5f9c8bd4e8c730e1882bd2a1604cbae60f,,,PENDENTE; nao recalculado,False,False,,0.44211878941532284,1.1168920898879562,0.6584377298116196,True,CALCULADO_MOTOR_V6_FRACIONARIO_PROVISORIO
maintain,2020,2020-06-30,2026-06-30,B06,central,TIET4,0.14285714285714285,-0.34680711816681853,-0.3477244563237042,-0.3458889759862316,APROXIMACAO_CAIXA_V9,Barsi_Graham_Comparacao_Final_v9/scripts/compute_maintenance.py,5363502d869091c6601c8c90c3efdc5f9c8bd4e8c730e1882bd2a1604cbae60f,,,PENDENTE; nao recalculado,False,False,,0.013116316865527784,,,False,PRESERVADO_V9_OU_CENARIO_V12
maintain,2020,2020-06-30,2026-06-30,B06,central,BBSE3,0.14285714285714285,1.3211716618955562,1.2736870630710526,1.3694379314823037,APROXIMACAO_CAIXA_V9,Barsi_Graham_Comparacao_Final_v9/scripts/compute_maintenance.py,5363502d869091c6601c8c90c3efdc5f9c8bd4e8c730e1882bd2a1604cbae60f,1.4091227618692095,1.2564442853379034,CATALOGO_CAIXA_RI_NOMINAL_VERIFICADO; estrutura e completude geral pendentes,True,False,0.5669261483843676,0.6895181369535358,,,False,PRESERVADO_V9_OU_CENARIO_V12
maintain,2020,2020-06-30,2026-06-30,B06,central,ABCB4,0.14285714285714285,1.6873512050769994,1.6340115591166913,1.741548327887939,APROXIMACAO_CAIXA_V9,Barsi_Graham_Comparacao_Final_v9/scripts/compute_maintenance.py,5363502d869091c6601c8c90c3efdc5f9c8bd4e8c730e1882bd2a1604cbae60f,,,PENDENTE; nao recalculado,False,False,,0.7742446115848495,,,False,PRESERVADO_V9_OU_CENARIO_V12
maintain,2020,2020-06-30,2026-06-30,B06,central,ITUB4,0.14285714285714285,1.5163651274843337,1.4802390125448226,1.5529007143336075,APROXIMACAO_CAIXA_V9,Barsi_Graham_Comparacao_Final_v9/scripts/compute_maintenance.py,5363502d869091c6601c8c90c3efdc5f9c8bd4e8c730e1882bd2a1604cbae60f,,,PENDENTE; nao recalculado,False,False,,0.5219369549896261,,,False,PRESERVADO_V9_OU_CENARIO_V12
maintain,2020,2020-06-30,2026-06-30,B06,central,SAPR4,0.14285714285714285,0.5348264469923529,0.5152407808440052,0.5546101277185425,APROXIMACAO_CAIXA_V9,Barsi_Graham_Comparacao_Final_v9/scripts/compute_maintenance.py,5363502d869091c6601c8c90c3efdc5f9c8bd4e8c730e1882bd2a1604cbae60f,,,PENDENTE; nao recalculado,False,False,,0.28262401037413604,0.6174674455544586,1.1805856937443673,True,CALCULADO_MOTOR_V6_FRACIONARIO_PROVISORIO
maintain,2020,2020-06-30,2026-06-30,B06,central,BRSR6,0.14285714285714285,0.7032214905027141,0.6667794379244296,0.7402916218617224,APROXIMACAO_CAIXA_V9,Barsi_Graham_Comparacao_Final_v9/scripts/compute_maintenance.py,5363502d869091c6601c8c90c3efdc5f9c8bd4e8c730e1882bd2a1604cbae60f,,,PENDENTE; nao recalculado,False,False,,0.5295733051286896,,,False,PRESERVADO_V9_OU_CENARIO_V12
maintain,2020,2020-06-30,2026-06-30,B06,conservative,VIVT4,0.2,1.0708014488011428,1.0402179177191266,1.1017497640602154,APROXIMACAO_CAIXA_V9,Barsi_Graham_Comparacao_Final_v9/scripts/compute_maintenance.py,5363502d869091c6601c8c90c3efdc5f9c8bd4e8c730e1882bd2a1604cbae60f,,,PENDENTE; nao recalculado,False,False,,0.618966305181452,1.1168920898879562,0.9218128217362676,True,CALCULADO_MOTOR_V6_FRACIONARIO_PROVISORIO
maintain,2020,2020-06-30,2026-06-30,B06,conservative,ABCB4,0.2,1.6873512050769994,1.6340115591166913,1.741548327887939,APROXIMACAO_CAIXA_V9,Barsi_Graham_Comparacao_Final_v9/scripts/compute_maintenance.py,5363502d869091c6601c8c90c3efdc5f9c8bd4e8c730e1882bd2a1604cbae60f,,,PENDENTE; nao recalculado,False,False,,1.0839424562187894,,,False,PRESERVADO_V9_OU_CENARIO_V12
maintain,2020,2020-06-30,2026-06-30,B06,conservative,ITUB4,0.2,1.5163651274843337,1.4802390125448226,1.5529007143336075,APROXIMACAO_CAIXA_V9,Barsi_Graham_Comparacao_Final_v9/scripts/compute_maintenance.py,5363502d869091c6601c8c90c3efdc5f9c8bd4e8c730e1882bd2a1604cbae60f,,,PENDENTE; nao recalculado,False,False,,0.7307117369854765,,,False,PRESERVADO_V9_OU_CENARIO_V12
maintain,2020,2020-06-30,2026-06-30,B06,conservative,SAPR4,0.2,0.5348264469923529,0.5152407808440052,0.5546101277185425,APROXIMACAO_CAIXA_V9,Barsi_Graham_Comparacao_Final_v9/scripts/compute_maintenance.py,5363502d869091c6601c8c90c3efdc5f9c8bd4e8c730e1882bd2a1604cbae60f,,,PENDENTE; nao recalculado,False,False,,0.39567361452379046,0.6174674455544586,1.6528199712421143,True,CALCULADO_MOTOR_V6_FRACIONARIO_PROVISORIO
maintain,2020,2020-06-30,2026-06-30,B06,conservative,BRSR6,0.2,0.7032214905027141,0.6667794379244296,0.7402916218617224,APROXIMACAO_CAIXA_V9,Barsi_Graham_Comparacao_Final_v9/scripts/compute_maintenance.py,5363502d869091c6601c8c90c3efdc5f9c8bd4e8c730e1882bd2a1604cbae60f,,,PENDENTE; nao recalculado,False,False,,0.7414026271801655,,,False,PRESERVADO_V9_OU_CENARIO_V12
maintain,2020,2020-06-30,2026-06-30,B06S,central,ABCB4,0.06666666666666667,1.6873512050769994,1.6340115591166913,1.741548327887939,APROXIMACAO_CAIXA_V9,Barsi_Graham_Comparacao_Final_v9/scripts/compute_maintenance.py,5363502d869091c6601c8c90c3efdc5f9c8bd4e8c730e1882bd2a1604cbae60f,,,PENDENTE; nao recalculado,False,False,,0.36131415207292983,,,False,PRESERVADO_V9_OU_CENARIO_V12
maintain,2020,2020-06-30,2026-06-30,B06S,central,ITUB4,0.06666666666666667,1.5163651274843337,1.4802390125448226,1.5529007143336075,APROXIMACAO_CAIXA_V9,Barsi_Graham_Comparacao_Final_v9/scripts/compute_maintenance.py,5363502d869091c6601c8c90c3efdc5f9c8bd4e8c730e1882bd2a1604cbae60f,,,PENDENTE; nao recalculado,False,False,,0.24357057899515885,,,False,PRESERVADO_V9_OU_CENARIO_V12
maintain,2020,2020-06-30,2026-06-30,B06S,central,BRSR6,0.06666666666666667,0.7032214905027141,0.6667794379244296,0.7402916218617224,APROXIMACAO_CAIXA_V9,Barsi_Graham_Comparacao_Final_v9/scripts/compute_maintenance.py,5363502d869091c6601c8c90c3efdc5f9c8bd4e8c730e1882bd2a1604cbae60f,,,PENDENTE; nao recalculado,False,False,,0.24713420906005518,,,False,PRESERVADO_V9_OU_CENARIO_V12
maintain,2020,2020-06-30,2026-06-30,B06S,central,TIET4,0.2,-0.34680711816681853,-0.3477244563237042,-0.3458889759862316,APROXIMACAO_CAIXA_V9,Barsi_Graham_Comparacao_Final_v9/scripts/compute_maintenance.py,5363502d869091c6601c8c90c3efdc5f9c8bd4e8c730e1882bd2a1604cbae60f,,,PENDENTE; nao recalculado,False,False,,0.0183628436117389,,,False,PRESERVADO_V9_OU_CENARIO_V12
maintain,2020,2020-06-30,2026-06-30,B06S,central,SAPR4,0.2,0.5348264469923529,0.5152407808440052,0.5546101277185425,APROXIMACAO_CAIXA_V9,Barsi_Graham_Comparacao_Final_v9/scripts/compute_maintenance.py,5363502d869091c6601c8c90c3efdc5f9c8bd4e8c730e1882bd2a1604cbae60f,,,PENDENTE; nao recalculado,False,False,,0.39567361452379046,0.6174674455544586,1.6528199712421143,True,CALCULADO_MOTOR_V6_FRACIONARIO_PROVISORIO
maintain,2020,2020-06-30,2026-06-30,B06S,central,BBSE3,0.2,1.3211716618955562,1.2736870630710526,1.3694379314823037,APROXIMACAO_CAIXA_V9,Barsi_Graham_Comparacao_Final_v9/scripts/compute_maintenance.py,5363502d869091c6601c8c90c3efdc5f9c8bd4e8c730e1882bd2a1604cbae60f,1.4091227618692095,1.759021999473065,CATALOGO_CAIXA_RI_NOMINAL_VERIFICADO; estrutura e completude geral pendentes,True,False,0.7936966077381147,0.9653253917349502,,,False,PRESERVADO_V9_OU_CENARIO_V12
maintain,2020,2020-06-30,2026-06-30,B06S,central,VIVT4,0.2,1.0708014488011428,1.0402179177191266,1.1017497640602154,APROXIMACAO_CAIXA_V9,Barsi_Graham_Comparacao_Final_v9/scripts/compute_maintenance.py,5363502d869091c6601c8c90c3efdc5f9c8bd4e8c730e1882bd2a1604cbae60f,,,PENDENTE; nao recalculado,False,False,,0.618966305181452,1.1168920898879562,0.9218128217362676,True,CALCULADO_MOTOR_V6_FRACIONARIO_PROVISORIO
maintain,2020,2020-06-30,2026-06-30,B06S,conservative,ABCB4,0.1111111111111111,1.6873512050769994,1.6340115591166913,1.741548327887939,APROXIMACAO_CAIXA_V9,Barsi_Graham_Comparacao_Final_v9/scripts/compute_maintenance.py,5363502d869091c6601c8c90c3efdc5f9c8bd4e8c730e1882bd2a1604cbae60f,,,PENDENTE; nao recalculado,False,False,,0.602190253454883,,,False,PRESERVADO_V9_OU_CENARIO_V12
maintain,2020,2020-06-30,2026-06-30,B06S,conservative,ITUB4,0.1111111111111111,1.5163651274843337,1.4802390125448226,1.5529007143336075,APROXIMACAO_CAIXA_V9,Barsi_Graham_Comparacao_Final_v9/scripts/compute_maintenance.py,5363502d869091c6601c8c90c3efdc5f9c8bd4e8c730e1882bd2a1604cbae60f,,,PENDENTE; nao recalculado,False,False,,0.4059509649919314,,,False,PRESERVADO_V9_OU_CENARIO_V12
maintain,2020,2020-06-30,2026-06-30,B06S,conservative,BRSR6,0.1111111111111111,0.7032214905027141,0.6667794379244296,0.7402916218617224,APROXIMACAO_CAIXA_V9,Barsi_Graham_Comparacao_Final_v9/scripts/compute_maintenance.py,5363502d869091c6601c8c90c3efdc5f9c8bd4e8c730e1882bd2a1604cbae60f,,,PENDENTE; nao recalculado,False,False,,0.41189034843342526,,,False,PRESERVADO_V9_OU_CENARIO_V12
maintain,2020,2020-06-30,2026-06-30,B06S,conservative,SAPR4,0.3333333333333333,0.5348264469923529,0.5152407808440052,0.5546101277185425,APROXIMACAO_CAIXA_V9,Barsi_Graham_Comparacao_Final_v9/scripts/compute_maintenance.py,5363502d869091c6601c8c90c3efdc5f9c8bd4e8c730e1882bd2a1604cbae60f,,,PENDENTE; nao recalculado,False,False,,0.6594560242063173,0.6174674455544586,2.7546999520701902,True,CALCULADO_MOTOR_V6_FRACIONARIO_PROVISORIO
maintain,2020,2020-06-30,2026-06-30,B06S,conservative,VIVT4,0.3333333333333333,1.0708014488011428,1.0402179177191266,1.1017497640602154,APROXIMACAO_CAIXA_V9,Barsi_Graham_Comparacao_Final_v9/scripts/compute_maintenance.py,5363502d869091c6601c8c90c3efdc5f9c8bd4e8c730e1882bd2a1604cbae60f,,,PENDENTE; nao recalculado,False,False,,1.0316105086357532,1.1168920898879562,1.536354702893779,True,CALCULADO_MOTOR_V6_FRACIONARIO_PROVISORIO
maintain,2021,2021-06-30,2026-06-30,B00,central,BBAS3,0.05,0.8822538432289071,0.8448881626736768,0.9202161295093143,APROXIMACAO_CAIXA_V9,Barsi_Graham_Comparacao_Final_v9/scripts/compute_maintenance.py,5363502d869091c6601c8c90c3efdc5f9c8bd4e8c730e1882bd2a1604cbae60f,,,PENDENTE; nao recalculado,False,False,,0.18981143140203605,,,False,PRESERVADO_V9_OU_CENARIO_V12
maintain,2021,2021-06-30,2026-06-30,B00,central,NEOE3,0.05,1.4449826005303446,1.4186026049055611,1.4715890604699582,APROXIMACAO_CAIXA_V9,Barsi_Graham_Comparacao_Final_v9/scripts/compute_maintenance.py,5363502d869091c6601c8c90c3efdc5f9c8bd4e8c730e1882bd2a1604cbae60f,,,PENDENTE; nao recalculado,False,False,,0.13303229969806818,,,False,PRESERVADO_V9_OU_CENARIO_V12
maintain,2021,2021-06-30,2026-06-30,B00,central,PSSA3,0.05,1.5260370624224375,1.4961595385606818,1.55619605028937,APROXIMACAO_CAIXA_V9,Barsi_Graham_Comparacao_Final_v9/scripts/compute_maintenance.py,5363502d869091c6601c8c90c3efdc5f9c8bd4e8c730e1882bd2a1604cbae60f,,,PENDENTE; nao recalculado,False,False,,0.15079493933466193,1.5920134719081003,0.32988204742831373,True,CALCULADO_MOTOR_V6_FRACIONARIO_PROVISORIO
maintain,2021,2021-06-30,2026-06-30,B00,central,CPFE3,0.05,1.5332947022372538,1.4826956716251205,1.5847107184740574,APROXIMACAO_CAIXA_V9,Barsi_Graham_Comparacao_Final_v9/scripts/compute_maintenance.py,5363502d869091c6601c8c90c3efdc5f9c8bd4e8c730e1882bd2a1604cbae60f,,,PENDENTE; nao recalculado,False,False,,0.25708008118401793,,,False,PRESERVADO_V9_OU_CENARIO_V12
maintain,2021,2021-06-30,2026-06-30,B00,central,EGIE3,0.05,0.6162577374040012,0.5958660018452926,0.6368551494820933,APROXIMACAO_CAIXA_V9,Barsi_Graham_Comparacao_Final_v9/scripts/compute_maintenance.py,5363502d869091c6601c8c90c3efdc5f9c8bd4e8c730e1882bd2a1604cbae60f,,,PENDENTE; nao recalculado,False,False,,0.10298706039046035,,,False,PRESERVADO_V9_OU_CENARIO_V12
maintain,2021,2021-06-30,2026-06-30,B00,central,VIVT3,0.05,1.1963396156549617,1.1639020196020242,1.2291641101909443,APROXIMACAO_CAIXA_V9,Barsi_Graham_Comparacao_Final_v9/scripts/compute_maintenance.py,5363502d869091c6601c8c90c3efdc5f9c8bd4e8c730e1882bd2a1604cbae60f,,,PENDENTE; nao recalculado,False,False,,0.16412247267991287,1.245223644625046,0.2444201448504213,True,CALCULADO_MOTOR_V6_FRACIONARIO_PROVISORIO
maintain,2021,2021-06-30,2026-06-30,B00,central,TRPL4,0.05,0.6069791790169037,0.5792940219988585,0.6350429954060393,APROXIMACAO_CAIXA_V9,Barsi_Graham_Comparacao_Final_v9/scripts/compute_maintenance.py,5363502d869091c6601c8c90c3efdc5f9c8bd4e8c730e1882bd2a1604cbae60f,,,PENDENTE; nao recalculado,False,False,,0.14031908194567788,,,False,PRESERVADO_V9_OU_CENARIO_V12
maintain,2021,2021-06-30,2026-06-30,B00,central,EQTL3,0.05,0.7089949606813772,0.7018368177101328,0.7161762666064806,APROXIMACAO_CAIXA_V9,Barsi_Graham_Comparacao_Final_v9/scripts/compute_maintenance.py,5363502d869091c6601c8c90c3efdc5f9c8bd4e8c730e1882bd2a1604cbae60f,,,PENDENTE; nao recalculado,False,False,,0.03590652962551677,,,False,PRESERVADO_V9_OU_CENARIO_V12
maintain,2021,2021-06-30,2026-06-30,B00,central,ENBR3,0.05,0.5923331756935222,0.5811940814797953,0.6035122462441924,CHECKPOINT_EVENTOS_V6_HERDADO,runtime/Barsi_Graham_Retomada_v8/herdado_v7/herdado_v6/checkpoints/casos_v6/ENBR3_2021-06-30_2026-06-30.json,69f5da4a3235b225c89ab29e9464c38330e5ad537ceabed00d709afb34d2a7e2,0.5923331756935222,0.0,MESMA_CLASSE_E_MOTOR_GRAHAM; cobertura documental herdada parcial,True,False,-0.055895352753351224,0.055895352753351224,,,False,PRESERVADO_V9_OU_CENARIO_V12
maintain,2021,2021-06-30,2026-06-30,B00,central,TAEE4,0.05,0.7323217885608782,0.6940101040896123,0.77132049755685,APROXIMACAO_CAIXA_V9,Barsi_Graham_Comparacao_Final_v9/scripts/compute_maintenance.py,5363502d869091c6601c8c90c3efdc5f9c8bd4e8c730e1882bd2a1604cbae60f,,,PENDENTE; nao recalculado,False,False,,0.194993544979859,,,False,PRESERVADO_V9_OU_CENARIO_V12
maintain,2021,2021-06-30,2026-06-30,B00,central,CMIG4,0.05,1.4967665091805364,1.4379524406025848,1.5567085723350607,APROXIMACAO_CAIXA_V9,Barsi_Graham_Comparacao_Final_v9/scripts/compute_maintenance.py,5363502d869091c6601c8c90c3efdc5f9c8bd4e8c730e1882bd2a1604cbae60f,,,PENDENTE; nao recalculado,False,False,,0.2997103157726211,,,False,PRESERVADO_V9_OU_CENARIO_V12
maintain,2021,2021-06-30,2026-06-30,B00,central,CSMG3,0.05,4.963236876984957,4.862171382105414,5.065711144571155,CHECKPOINT_EVENTOS_V6_HERDADO,runtime/Barsi_Graham_Retomada_v8/herdado_v7/herdado_v6/checkpoints/casos_v6/CSMG3_2021-06-30_2026-06-30.json,cb9744b66981580988de0efd08283a31867b8f1e871cfabd32245a10e5f5e11c,4.963236876984957,0.0,MESMA_CLASSE_E_MOTOR_GRAHAM; cobertura documental herdada parcial,True,False,-0.5123713379309924,0.5123713379309924,,,False,PRESERVADO_V9_OU_CENARIO_V12
maintain,2021,2021-06-30,2026-06-30,B00,central,BBSE3,0.05,1.6102066428128272,1.5568092068033748,1.664483084132225,APROXIMACAO_CAIXA_V9,Barsi_Graham_Comparacao_Final_v9/scripts/compute_maintenance.py,5363502d869091c6601c8c90c3efdc5f9c8bd4e8c730e1882bd2a1604cbae60f,1.7091131263279014,0.4945324175753707,CATALOGO_CAIXA_RI_NOMINAL_VERIFICADO; estrutura e completude geral pendentes,True,False,0.22315021097838228,0.2713822065969884,,,False,PRESERVADO_V9_OU_CENARIO_V12
maintain,2021,2021-06-30,2026-06-30,B00,central,ABCB4,0.05,1.2721009717897966,1.2270033823149338,1.3179235405609737,APROXIMACAO_CAIXA_V9,Barsi_Graham_Comparacao_Final_v9/scripts/compute_maintenance.py,5363502d869091c6601c8c90c3efdc5f9c8bd4e8c730e1882bd2a1604cbae60f,,,PENDENTE; nao recalculado,False,False,,0.22911284385588537,,,False,PRESERVADO_V9_OU_CENARIO_V12
maintain,2021,2021-06-30,2026-06-30,B00,central,SBSP3,0.05,3.9806080321485178,3.9313378851375456,4.030182439583853,APROXIMACAO_CAIXA_V9,Barsi_Graham_Comparacao_Final_v9/scripts/compute_maintenance.py,5363502d869091c6601c8c90c3efdc5f9c8bd4e8c730e1882bd2a1604cbae60f,3.7295314945960305,-1.2553826877624363,MESMA_CLASSE_E_MOTOR_GRAHAM; cobertura documental herdada parcial,True,False,-1.5032547249391115,0.24787203717667516,,,False,PRESERVADO_V9_OU_CENARIO_V12
maintain,2021,2021-06-30,2026-06-30,B00,central,BBDC4,0.05,0.08695622554392957,0.06915392481247662,0.10498888084620339,APROXIMACAO_CAIXA_V9,Barsi_Graham_Comparacao_Final_v9/scripts/compute_maintenance.py,5363502d869091c6601c8c90c3efdc5f9c8bd4e8c730e1882bd2a1604cbae60f,,,PENDENTE; nao recalculado,False,False,,0.09016327651136913,,,False,PRESERVADO_V9_OU_CENARIO_V12
maintain,2021,2021-06-30,2026-06-30,B00,central,ITUB4,0.05,1.098214533975828,1.068091584569856,1.128678912335387,APROXIMACAO_CAIXA_V9,Barsi_Graham_Comparacao_Final_v9/scripts/compute_maintenance.py,5363502d869091c6601c8c90c3efdc5f9c8bd4e8c730e1882bd2a1604cbae60f,,,PENDENTE; nao recalculado,False,False,,0.15232189179779532,,,False,PRESERVADO_V9_OU_CENARIO_V12
maintain,2021,2021-06-30,2026-06-30,B00,central,CPLE6,0.05,2.8637509855055936,2.7956948333279983,2.9327112038462757,APROXIMACAO_CAIXA_V9,Barsi_Graham_Comparacao_Final_v9/scripts/compute_maintenance.py,5363502d869091c6601c8c90c3efdc5f9c8bd4e8c730e1882bd2a1604cbae60f,,,PENDENTE; nao recalculado,False,False,,0.34480109170341056,,,False,PRESERVADO_V9_OU_CENARIO_V12
maintain,2021,2021-06-30,2026-06-30,B00,central,SAPR4,0.05,1.2186481310366957,1.1903363296077507,1.2472461698274655,APROXIMACAO_CAIXA_V9,Barsi_Graham_Comparacao_Final_v9/scripts/compute_maintenance.py,5363502d869091c6601c8c90c3efdc5f9c8bd4e8c730e1882bd2a1604cbae60f,,,PENDENTE; nao recalculado,False,False,,0.14299019395384915,1.3381193018987938,0.5973558543104907,True,CALCULADO_MOTOR_V6_FRACIONARIO_PROVISORIO
maintain,2021,2021-06-30,2026-06-30,B00,central,SANB4,0.05,-0.07127269622458099,-0.08639721858034832,-0.05594982015323957,APROXIMACAO_CAIXA_V9,Barsi_Graham_Comparacao_Final_v9/scripts/compute_maintenance.py,5363502d869091c6601c8c90c3efdc5f9c8bd4e8c730e1882bd2a1604cbae60f,,,PENDENTE; nao recalculado,False,False,,0.07661438035670709,,,False,PRESERVADO_V9_OU_CENARIO_V12
maintain,2021,2021-06-30,2026-06-30,B00,conservative,BBAS3,0.05555555555555555,0.8822538432289071,0.8448881626736768,0.9202161295093143,APROXIMACAO_CAIXA_V9,Barsi_Graham_Comparacao_Final_v9/scripts/compute_maintenance.py,5363502d869091c6601c8c90c3efdc5f9c8bd4e8c730e1882bd2a1604cbae60f,,,PENDENTE; nao recalculado,False,False,,0.2109015904467067,,,False,PRESERVADO_V9_OU_CENARIO_V12
maintain,2021,2021-06-30,2026-06-30,B00,conservative,PSSA3,0.05555555555555555,1.5260370624224375,1.4961595385606818,1.55619605028937,APROXIMACAO_CAIXA_V9,Barsi_Graham_Comparacao_Final_v9/scripts/compute_maintenance.py,5363502d869091c6601c8c90c3efdc5f9c8bd4e8c730e1882bd2a1604cbae60f,,,PENDENTE; nao recalculado,False,False,,0.1675499325940688,1.5920134719081003,0.3665356082536819,True,CALCULADO_MOTOR_V6_FRACIONARIO_PROVISORIO
maintain,2021,2021-06-30,2026-06-30,B00,conservative,CPFE3,0.05555555555555555,1.5332947022372538,1.4826956716251205,1.5847107184740574,APROXIMACAO_CAIXA_V9,Barsi_Graham_Comparacao_Final_v9/scripts/compute_maintenance.py,5363502d869091c6601c8c90c3efdc5f9c8bd4e8c730e1882bd2a1604cbae60f,,,PENDENTE; nao recalculado,False,False,,0.2856445346489088,,,False,PRESERVADO_V9_OU_CENARIO_V12
maintain,2021,2021-06-30,2026-06-30,B00,conservative,EGIE3,0.05555555555555555,0.6162577374040012,0.5958660018452926,0.6368551494820933,APROXIMACAO_CAIXA_V9,Barsi_Graham_Comparacao_Final_v9/scripts/compute_maintenance.py,5363502d869091c6601c8c90c3efdc5f9c8bd4e8c730e1882bd2a1604cbae60f,,,PENDENTE; nao recalculado,False,False,,0.1144300671005115,,,False,PRESERVADO_V9_OU_CENARIO_V12
maintain,2021,2021-06-30,2026-06-30,B00,conservative,VIVT3,0.05555555555555555,1.1963396156549617,1.1639020196020242,1.2291641101909443,APROXIMACAO_CAIXA_V9,Barsi_Graham_Comparacao_Final_v9/scripts/compute_maintenance.py,5363502d869091c6601c8c90c3efdc5f9c8bd4e8c730e1882bd2a1604cbae60f,,,PENDENTE; nao recalculado,False,False,,0.18235830297768096,1.245223644625046,0.2715779387226903,True,CALCULADO_MOTOR_V6_FRACIONARIO_PROVISORIO
maintain,2021,2021-06-30,2026-06-30,B00,conservative,TRPL4,0.05555555555555555,0.6069791790169037,0.5792940219988585,0.6350429954060393,APROXIMACAO_CAIXA_V9,Barsi_Graham_Comparacao_Final_v9/scripts/compute_maintenance.py,5363502d869091c6601c8c90c3efdc5f9c8bd4e8c730e1882bd2a1604cbae60f,,,PENDENTE; nao recalculado,False,False,,0.1559100910507532,,,False,PRESERVADO_V9_OU_CENARIO_V12
maintain,2021,2021-06-30,2026-06-30,B00,conservative,EQTL3,0.05555555555555555,0.7089949606813772,0.7018368177101328,0.7161762666064806,APROXIMACAO_CAIXA_V9,Barsi_Graham_Comparacao_Final_v9/scripts/compute_maintenance.py,5363502d869091c6601c8c90c3efdc5f9c8bd4e8c730e1882bd2a1604cbae60f,,,PENDENTE; nao recalculado,False,False,,0.03989614402835197,,,False,PRESERVADO_V9_OU_CENARIO_V12
maintain,2021,2021-06-30,2026-06-30,B00,conservative,ENBR3,0.05555555555555555,0.5923331756935222,0.5811940814797953,0.6035122462441924,CHECKPOINT_EVENTOS_V6_HERDADO,runtime/Barsi_Graham_Retomada_v8/herdado_v7/herdado_v6/checkpoints/casos_v6/ENBR3_2021-06-30_2026-06-30.json,69f5da4a3235b225c89ab29e9464c38330e5ad537ceabed00d709afb34d2a7e2,0.5923331756935222,0.0,MESMA_CLASSE_E_MOTOR_GRAHAM; cobertura documental herdada parcial,True,False,-0.06210594750372358,0.06210594750372358,,,False,PRESERVADO_V9_OU_CENARIO_V12
maintain,2021,2021-06-30,2026-06-30,B00,conservative,TAEE4,0.05555555555555555,0.7323217885608782,0.6940101040896123,0.77132049755685,APROXIMACAO_CAIXA_V9,Barsi_Graham_Comparacao_Final_v9/scripts/compute_maintenance.py,5363502d869091c6601c8c90c3efdc5f9c8bd4e8c730e1882bd2a1604cbae60f,,,PENDENTE; nao recalculado,False,False,,0.21665949442206553,,,False,PRESERVADO_V9_OU_CENARIO_V12
maintain,2021,2021-06-30,2026-06-30,B00,conservative,CSMG3,0.05555555555555555,4.963236876984957,4.862171382105414,5.065711144571155,CHECKPOINT_EVENTOS_V6_HERDADO,runtime/Barsi_Graham_Retomada_v8/herdado_v7/herdado_v6/checkpoints/casos_v6/CSMG3_2021-06-30_2026-06-30.json,cb9744b66981580988de0efd08283a31867b8f1e871cfabd32245a10e5f5e11c,4.963236876984957,0.0,MESMA_CLASSE_E_MOTOR_GRAHAM; cobertura documental herdada parcial,True,False,-0.5693014865899916,0.5693014865899916,,,False,PRESERVADO_V9_OU_CENARIO_V12
maintain,2021,2021-06-30,2026-06-30,B00,conservative,BBSE3,0.05555555555555555,1.6102066428128272,1.5568092068033748,1.664483084132225,APROXIMACAO_CAIXA_V9,Barsi_Graham_Comparacao_Final_v9/scripts/compute_maintenance.py,5363502d869091c6601c8c90c3efdc5f9c8bd4e8c730e1882bd2a1604cbae60f,1.7091131263279014,0.5494804639726341,CATALOGO_CAIXA_RI_NOMINAL_VERIFICADO; estrutura e completude geral pendentes,True,False,0.24794467886486918,0.3015357851077649,,,False,PRESERVADO_V9_OU_CENARIO_V12
maintain,2021,2021-06-30,2026-06-30,B00,conservative,ABCB4,0.05555555555555555,1.2721009717897966,1.2270033823149338,1.3179235405609737,APROXIMACAO_CAIXA_V9,Barsi_Graham_Comparacao_Final_v9/scripts/compute_maintenance.py,5363502d869091c6601c8c90c3efdc5f9c8bd4e8c730e1882bd2a1604cbae60f,,,PENDENTE; nao recalculado,False,False,,0.2545698265065393,,,False,PRESERVADO_V9_OU_CENARIO_V12
maintain,2021,2021-06-30,2026-06-30,B00,conservative,SBSP3,0.05555555555555555,3.9806080321485178,3.9313378851375456,4.030182439583853,APROXIMACAO_CAIXA_V9,Barsi_Graham_Comparacao_Final_v9/scripts/compute_maintenance.py,5363502d869091c6601c8c90c3efdc5f9c8bd4e8c730e1882bd2a1604cbae60f,3.7295314945960305,-1.3948696530693736,MESMA_CLASSE_E_MOTOR_GRAHAM; cobertura documental herdada parcial,True,False,-1.670283027710124,0.27541337464075016,,,False,PRESERVADO_V9_OU_CENARIO_V12
maintain,2021,2021-06-30,2026-06-30,B00,conservative,BBDC4,0.05555555555555555,0.08695622554392957,0.06915392481247662,0.10498888084620339,APROXIMACAO_CAIXA_V9,Barsi_Graham_Comparacao_Final_v9/scripts/compute_maintenance.py,5363502d869091c6601c8c90c3efdc5f9c8bd4e8c730e1882bd2a1604cbae60f,,,PENDENTE; nao recalculado,False,False,,0.1001814183459657,,,False,PRESERVADO_V9_OU_CENARIO_V12
maintain,2021,2021-06-30,2026-06-30,B00,conservative,ITUB4,0.05555555555555555,1.098214533975828,1.068091584569856,1.128678912335387,APROXIMACAO_CAIXA_V9,Barsi_Graham_Comparacao_Final_v9/scripts/compute_maintenance.py,5363502d869091c6601c8c90c3efdc5f9c8bd4e8c730e1882bd2a1604cbae60f,,,PENDENTE; nao recalculado,False,False,,0.1692465464419948,,,False,PRESERVADO_V9_OU_CENARIO_V12
maintain,2021,2021-06-30,2026-06-30,B00,conservative,CPLE6,0.05555555555555555,2.8637509855055936,2.7956948333279983,2.9327112038462757,APROXIMACAO_CAIXA_V9,Barsi_Graham_Comparacao_Final_v9/scripts/compute_maintenance.py,5363502d869091c6601c8c90c3efdc5f9c8bd4e8c730e1882bd2a1604cbae60f,,,PENDENTE; nao recalculado,False,False,,0.3831123241149006,,,False,PRESERVADO_V9_OU_CENARIO_V12
maintain,2021,2021-06-30,2026-06-30,B00,conservative,SAPR4,0.05555555555555555,1.2186481310366957,1.1903363296077507,1.2472461698274655,APROXIMACAO_CAIXA_V9,Barsi_Graham_Comparacao_Final_v9/scripts/compute_maintenance.py,5363502d869091c6601c8c90c3efdc5f9c8bd4e8c730e1882bd2a1604cbae60f,,,PENDENTE; nao recalculado,False,False,,0.1588779932820546,1.3381193018987938,0.6637287270116563,True,CALCULADO_MOTOR_V6_FRACIONARIO_PROVISORIO
maintain,2021,2021-06-30,2026-06-30,B00,conservative,SANB4,0.05555555555555555,-0.07127269622458099,-0.08639721858034832,-0.05594982015323957,APROXIMACAO_CAIXA_V9,Barsi_Graham_Comparacao_Final_v9/scripts/compute_maintenance.py,5363502d869091c6601c8c90c3efdc5f9c8bd4e8c730e1882bd2a1604cbae60f,,,PENDENTE; nao recalculado,False,False,,0.08512708928523009,,,False,PRESERVADO_V9_OU_CENARIO_V12
maintain,2021,2021-06-30,2026-06-30,B00S,central,BBAS3,0.04,0.8822538432289071,0.8448881626736768,0.9202161295093143,APROXIMACAO_CAIXA_V9,Barsi_Graham_Comparacao_Final_v9/scripts/compute_maintenance.py,5363502d869091c6601c8c90c3efdc5f9c8bd4e8c730e1882bd2a1604cbae60f,,,PENDENTE; nao recalculado,False,False,,0.15184914512162884,,,False,PRESERVADO_V9_OU_CENARIO_V12
maintain,2021,2021-06-30,2026-06-30,B00S,central,ABCB4,0.04,1.2721009717897966,1.2270033823149338,1.3179235405609737,APROXIMACAO_CAIXA_V9,Barsi_Graham_Comparacao_Final_v9/scripts/compute_maintenance.py,5363502d869091c6601c8c90c3efdc5f9c8bd4e8c730e1882bd2a1604cbae60f,,,PENDENTE; nao recalculado,False,False,,0.1832902750847083,,,False,PRESERVADO_V9_OU_CENARIO_V12
maintain,2021,2021-06-30,2026-06-30,B00S,central,BBDC4,0.04,0.08695622554392957,0.06915392481247662,0.10498888084620339,APROXIMACAO_CAIXA_V9,Barsi_Graham_Comparacao_Final_v9/scripts/compute_maintenance.py,5363502d869091c6601c8c90c3efdc5f9c8bd4e8c730e1882bd2a1604cbae60f,,,PENDENTE; nao recalculado,False,False,,0.0721306212090953,,,False,PRESERVADO_V9_OU_CENARIO_V12
maintain,2021,2021-06-30,2026-06-30,B00S,central,ITUB4,0.04,1.098214533975828,1.068091584569856,1.128678912335387,APROXIMACAO_CAIXA_V9,Barsi_Graham_Comparacao_Final_v9/scripts/compute_maintenance.py,5363502d869091c6601c8c90c3efdc5f9c8bd4e8c730e1882bd2a1604cbae60f,,,PENDENTE; nao recalculado,False,False,,0.12185751343823625,,,False,PRESERVADO_V9_OU_CENARIO_V12
maintain,2021,2021-06-30,2026-06-30,B00S,central,SANB4,0.04,-0.07127269622458099,-0.08639721858034832,-0.05594982015323957,APROXIMACAO_CAIXA_V9,Barsi_Graham_Comparacao_Final_v9/scripts/compute_maintenance.py,5363502d869091c6601c8c90c3efdc5f9c8bd4e8c730e1882bd2a1604cbae60f,,,PENDENTE; nao recalculado,False,False,,0.06129150428536567,,,False,PRESERVADO_V9_OU_CENARIO_V12
maintain,2021,2021-06-30,2026-06-30,B00S,central,NEOE3,0.022222222222222223,1.4449826005303446,1.4186026049055611,1.4715890604699582,APROXIMACAO_CAIXA_V9,Barsi_Graham_Comparacao_Final_v9/scripts/compute_maintenance.py,5363502d869091c6601c8c90c3efdc5f9c8bd4e8c730e1882bd2a1604cbae60f,,,PENDENTE; nao recalculado,False,False,,0.059125466532474746,,,False,PRESERVADO_V9_OU_CENARIO_V12
maintain,2021,2021-06-30,2026-06-30,B00S,central,CPFE3,0.022222222222222223,1.5332947022372538,1.4826956716251205,1.5847107184740574,APROXIMACAO_CAIXA_V9,Barsi_Graham_Comparacao_Final_v9/scripts/compute_maintenance.py,5363502d869091c6601c8c90c3efdc5f9c8bd4e8c730e1882bd2a1604cbae60f,,,PENDENTE; nao recalculado,False,False,,0.11425781385956353,,,False,PRESERVADO_V9_OU_CENARIO_V12
maintain,2021,2021-06-30,2026-06-30,B00S,central,EGIE3,0.022222222222222223,0.6162577374040012,0.5958660018452926,0.6368551494820933,APROXIMACAO_CAIXA_V9,Barsi_Graham_Comparacao_Final_v9/scripts/compute_maintenance.py,5363502d869091c6601c8c90c3efdc5f9c8bd4e8c730e1882bd2a1604cbae60f,,,PENDENTE; nao recalculado,False,False,,0.0457720268402046,,,False,PRESERVADO_V9_OU_CENARIO_V12
maintain,2021,2021-06-30,2026-06-30,B00S,central,TRPL4,0.022222222222222223,0.6069791790169037,0.5792940219988585,0.6350429954060393,APROXIMACAO_CAIXA_V9,Barsi_Graham_Comparacao_Final_v9/scripts/compute_maintenance.py,5363502d869091c6601c8c90c3efdc5f9c8bd4e8c730e1882bd2a1604cbae60f,,,PENDENTE; nao recalculado,False,False,,0.062364036420301285,,,False,PRESERVADO_V9_OU_CENARIO_V12
maintain,2021,2021-06-30,2026-06-30,B00S,central,EQTL3,0.022222222222222223,0.7089949606813772,0.7018368177101328,0.7161762666064806,APROXIMACAO_CAIXA_V9,Barsi_Graham_Comparacao_Final_v9/scripts/compute_maintenance.py,5363502d869091c6601c8c90c3efdc5f9c8bd4e8c730e1882bd2a1604cbae60f,,,PENDENTE; nao recalculado,False,False,,0.015958457611340786,,,False,PRESERVADO_V9_OU_CENARIO_V12
maintain,2021,2021-06-30,2026-06-30,B00S,central,ENBR3,0.022222222222222223,0.5923331756935222,0.5811940814797953,0.6035122462441924,CHECKPOINT_EVENTOS_V6_HERDADO,runtime/Barsi_Graham_Retomada_v8/herdado_v7/herdado_v6/checkpoints/casos_v6/ENBR3_2021-06-30_2026-06-30.json,69f5da4a3235b225c89ab29e9464c38330e5ad537ceabed00d709afb34d2a7e2,0.5923331756935222,0.0,MESMA_CLASSE_E_MOTOR_GRAHAM; cobertura documental herdada parcial,True,False,-0.024842379001489435,0.024842379001489435,,,False,PRESERVADO_V9_OU_CENARIO_V12
maintain,2021,2021-06-30,2026-06-30,B00S,central,TAEE4,0.022222222222222223,0.7323217885608782,0.6940101040896123,0.77132049755685,APROXIMACAO_CAIXA_V9,Barsi_Graham_Comparacao_Final_v9/scripts/compute_maintenance.py,5363502d869091c6601c8c90c3efdc5f9c8bd4e8c730e1882bd2a1604cbae60f,,,PENDENTE; nao recalculado,False,False,,0.08666379776882623,,,False,PRESERVADO_V9_OU_CENARIO_V12
maintain,2021,2021-06-30,2026-06-30,B00S,central,CMIG4,0.022222222222222223,1.4967665091805364,1.4379524406025848,1.5567085723350607,APROXIMACAO_CAIXA_V9,Barsi_Graham_Comparacao_Final_v9/scripts/compute_maintenance.py,5363502d869091c6601c8c90c3efdc5f9c8bd4e8c730e1882bd2a1604cbae60f,,,PENDENTE; nao recalculado,False,False,,0.1332045847878316,,,False,PRESERVADO_V9_OU_CENARIO_V12
maintain,2021,2021-06-30,2026-06-30,B00S,central,CPLE6,0.022222222222222223,2.8637509855055936,2.7956948333279983,2.9327112038462757,APROXIMACAO_CAIXA_V9,Barsi_Graham_Comparacao_Final_v9/scripts/compute_maintenance.py,5363502d869091c6601c8c90c3efdc5f9c8bd4e8c730e1882bd2a1604cbae60f,,,PENDENTE; nao recalculado,False,False,,0.15324492964596026,,,False,PRESERVADO_V9_OU_CENARIO_V12
maintain,2021,2021-06-30,2026-06-30,B00S,central,CSMG3,0.06666666666666667,4.963236876984957,4.862171382105414,5.065711144571155,CHECKPOINT_EVENTOS_V6_HERDADO,runtime/Barsi_Graham_Retomada_v8/herdado_v7/herdado_v6/checkpoints/casos_v6/CSMG3_2021-06-30_2026-06-30.json,cb9744b66981580988de0efd08283a31867b8f1e871cfabd32245a10e5f5e11c,4.963236876984957,0.0,MESMA_CLASSE_E_MOTOR_GRAHAM; cobertura documental herdada parcial,True,False,-0.68316178390799,0.68316178390799,,,False,PRESERVADO_V9_OU_CENARIO_V12
maintain,2021,2021-06-30,2026-06-30,B00S,central,SBSP3,0.06666666666666667,3.9806080321485178,3.9313378851375456,4.030182439583853,APROXIMACAO_CAIXA_V9,Barsi_Graham_Comparacao_Final_v9/scripts/compute_maintenance.py,5363502d869091c6601c8c90c3efdc5f9c8bd4e8c730e1882bd2a1604cbae60f,3.7295314945960305,-1.6738435836832486,MESMA_CLASSE_E_MOTOR_GRAHAM; cobertura documental herdada parcial,True,False,-2.004339633252149,0.3304960495689002,,,False,PRESERVADO_V9_OU_CENARIO_V12
maintain,2021,2021-06-30,2026-06-30,B00S,central,SAPR4,0.06666666666666667,1.2186481310366957,1.1903363296077507,1.2472461698274655,APROXIMACAO_CAIXA_V9,Barsi_Graham_Comparacao_Final_v9/scripts/compute_maintenance.py,5363502d869091c6601c8c90c3efdc5f9c8bd4e8c730e1882bd2a1604cbae60f,,,PENDENTE; nao recalculado,False,False,,0.19065359193846554,1.3381193018987938,0.7964744724139876,True,CALCULADO_MOTOR_V6_FRACIONARIO_PROVISORIO
maintain,2021,2021-06-30,2026-06-30,B00S,central,PSSA3,0.1,1.5260370624224375,1.4961595385606818,1.55619605028937,APROXIMACAO_CAIXA_V9,Barsi_Graham_Comparacao_Final_v9/scripts/compute_maintenance.py,5363502d869091c6601c8c90c3efdc5f9c8bd4e8c730e1882bd2a1604cbae60f,,,PENDENTE; nao recalculado,False,False,,0.30158987866932385,1.5920134719081003,0.6597640948566275,True,CALCULADO_MOTOR_V6_FRACIONARIO_PROVISORIO
maintain,2021,2021-06-30,2026-06-30,B00S,central,BBSE3,0.1,1.6102066428128272,1.5568092068033748,1.664483084132225,APROXIMACAO_CAIXA_V9,Barsi_Graham_Comparacao_Final_v9/scripts/compute_maintenance.py,5363502d869091c6601c8c90c3efdc5f9c8bd4e8c730e1882bd2a1604cbae60f,1.7091131263279014,0.9890648351507414,CATALOGO_CAIXA_RI_NOMINAL_VERIFICADO; estrutura e completude geral pendentes,True,False,0.44630042195676456,0.5427644131939768,,,False,PRESERVADO_V9_OU_CENARIO_V12
maintain,2021,2021-06-30,2026-06-30,B00S,central,VIVT3,0.2,1.1963396156549617,1.1639020196020242,1.2291641101909443,APROXIMACAO_CAIXA_V9,Barsi_Graham_Comparacao_Final_v9/scripts/compute_maintenance.py,5363502d869091c6601c8c90c3efdc5f9c8bd4e8c730e1882bd2a1604cbae60f,,,PENDENTE; nao recalculado,False,False,,0.6564898907196515,1.245223644625046,0.9776805794016852,True,CALCULADO_MOTOR_V6_FRACIONARIO_PROVISORIO
maintain,2021,2021-06-30,2026-06-30,B00S,conservative,BBAS3,0.04,0.8822538432289071,0.8448881626736768,0.9202161295093143,APROXIMACAO_CAIXA_V9,Barsi_Graham_Comparacao_Final_v9/scripts/compute_maintenance.py,5363502d869091c6601c8c90c3efdc5f9c8bd4e8c730e1882bd2a1604cbae60f,,,PENDENTE; nao recalculado,False,False,,0.15184914512162884,,,False,PRESERVADO_V9_OU_CENARIO_V12
maintain,2021,2021-06-30,2026-06-30,B00S,conservative,ABCB4,0.04,1.2721009717897966,1.2270033823149338,1.3179235405609737,APROXIMACAO_CAIXA_V9,Barsi_Graham_Comparacao_Final_v9/scripts/compute_maintenance.py,5363502d869091c6601c8c90c3efdc5f9c8bd4e8c730e1882bd2a1604cbae60f,,,PENDENTE; nao recalculado,False,False,,0.1832902750847083,,,False,PRESERVADO_V9_OU_CENARIO_V12
maintain,2021,2021-06-30,2026-06-30,B00S,conservative,BBDC4,0.04,0.08695622554392957,0.06915392481247662,0.10498888084620339,APROXIMACAO_CAIXA_V9,Barsi_Graham_Comparacao_Final_v9/scripts/compute_maintenance.py,5363502d869091c6601c8c90c3efdc5f9c8bd4e8c730e1882bd2a1604cbae60f,,,PENDENTE; nao recalculado,False,False,,0.0721306212090953,,,False,PRESERVADO_V9_OU_CENARIO_V12
maintain,2021,2021-06-30,2026-06-30,B00S,conservative,ITUB4,0.04,1.098214533975828,1.068091584569856,1.128678912335387,APROXIMACAO_CAIXA_V9,Barsi_Graham_Comparacao_Final_v9/scripts/compute_maintenance.py,5363502d869091c6601c8c90c3efdc5f9c8bd4e8c730e1882bd2a1604cbae60f,,,PENDENTE; nao recalculado,False,False,,0.12185751343823625,,,False,PRESERVADO_V9_OU_CENARIO_V12
maintain,2021,2021-06-30,2026-06-30,B00S,conservative,SANB4,0.04,-0.07127269622458099,-0.08639721858034832,-0.05594982015323957,APROXIMACAO_CAIXA_V9,Barsi_Graham_Comparacao_Final_v9/scripts/compute_maintenance.py,5363502d869091c6601c8c90c3efdc5f9c8bd4e8c730e1882bd2a1604cbae60f,,,PENDENTE; nao recalculado,False,False,,0.06129150428536567,,,False,PRESERVADO_V9_OU_CENARIO_V12
maintain,2021,2021-06-30,2026-06-30,B00S,conservative,CPFE3,0.028571428571428574,1.5332947022372538,1.4826956716251205,1.5847107184740574,APROXIMACAO_CAIXA_V9,Barsi_Graham_Comparacao_Final_v9/scripts/compute_maintenance.py,5363502d869091c6601c8c90c3efdc5f9c8bd4e8c730e1882bd2a1604cbae60f,,,PENDENTE; nao recalculado,False,False,,0.14690290353372454,,,False,PRESERVADO_V9_OU_CENARIO_V12
maintain,2021,2021-06-30,2026-06-30,B00S,conservative,EGIE3,0.028571428571428574,0.6162577374040012,0.5958660018452926,0.6368551494820933,APROXIMACAO_CAIXA_V9,Barsi_Graham_Comparacao_Final_v9/scripts/compute_maintenance.py,5363502d869091c6601c8c90c3efdc5f9c8bd4e8c730e1882bd2a1604cbae60f,,,PENDENTE; nao recalculado,False,False,,0.058849748794548774,,,False,PRESERVADO_V9_OU_CENARIO_V12
maintain,2021,2021-06-30,2026-06-30,B00S,conservative,TRPL4,0.028571428571428574,0.6069791790169037,0.5792940219988585,0.6350429954060393,APROXIMACAO_CAIXA_V9,Barsi_Graham_Comparacao_Final_v9/scripts/compute_maintenance.py,5363502d869091c6601c8c90c3efdc5f9c8bd4e8c730e1882bd2a1604cbae60f,,,PENDENTE; nao recalculado,False,False,,0.08018233254038737,,,False,PRESERVADO_V9_OU_CENARIO_V12
maintain,2021,2021-06-30,2026-06-30,B00S,conservative,EQTL3,0.028571428571428574,0.7089949606813772,0.7018368177101328,0.7161762666064806,APROXIMACAO_CAIXA_V9,Barsi_Graham_Comparacao_Final_v9/scripts/compute_maintenance.py,5363502d869091c6601c8c90c3efdc5f9c8bd4e8c730e1882bd2a1604cbae60f,,,PENDENTE; nao recalculado,False,False,,0.020518016928866727,,,False,PRESERVADO_V9_OU_CENARIO_V12
maintain,2021,2021-06-30,2026-06-30,B00S,conservative,ENBR3,0.028571428571428574,0.5923331756935222,0.5811940814797953,0.6035122462441924,CHECKPOINT_EVENTOS_V6_HERDADO,runtime/Barsi_Graham_Retomada_v8/herdado_v7/herdado_v6/checkpoints/casos_v6/ENBR3_2021-06-30_2026-06-30.json,69f5da4a3235b225c89ab29e9464c38330e5ad537ceabed00d709afb34d2a7e2,0.5923331756935222,0.0,MESMA_CLASSE_E_MOTOR_GRAHAM; cobertura documental herdada parcial,True,False,-0.031940201573343555,0.031940201573343555,,,False,PRESERVADO_V9_OU_CENARIO_V12
maintain,2021,2021-06-30,2026-06-30,B00S,conservative,TAEE4,0.028571428571428574,0.7323217885608782,0.6940101040896123,0.77132049755685,APROXIMACAO_CAIXA_V9,Barsi_Graham_Comparacao_Final_v9/scripts/compute_maintenance.py,5363502d869091c6601c8c90c3efdc5f9c8bd4e8c730e1882bd2a1604cbae60f,,,PENDENTE; nao recalculado,False,False,,0.1114248828456337,,,False,PRESERVADO_V9_OU_CENARIO_V12
maintain,2021,2021-06-30,2026-06-30,B00S,conservative,CPLE6,0.028571428571428574,2.8637509855055936,2.7956948333279983,2.9327112038462757,APROXIMACAO_CAIXA_V9,Barsi_Graham_Comparacao_Final_v9/scripts/compute_maintenance.py,5363502d869091c6601c8c90c3efdc5f9c8bd4e8c730e1882bd2a1604cbae60f,,,PENDENTE; nao recalculado,False,False,,0.19702919525909174,,,False,PRESERVADO_V9_OU_CENARIO_V12
maintain,2021,2021-06-30,2026-06-30,B00S,conservative,CSMG3,0.06666666666666667,4.963236876984957,4.862171382105414,5.065711144571155,CHECKPOINT_EVENTOS_V6_HERDADO,runtime/Barsi_Graham_Retomada_v8/herdado_v7/herdado_v6/checkpoints/casos_v6/CSMG3_2021-06-30_2026-06-30.json,cb9744b66981580988de0efd08283a31867b8f1e871cfabd32245a10e5f5e11c,4.963236876984957,0.0,MESMA_CLASSE_E_MOTOR_GRAHAM; cobertura documental herdada parcial,True,False,-0.68316178390799,0.68316178390799,,,False,PRESERVADO_V9_OU_CENARIO_V12
maintain,2021,2021-06-30,2026-06-30,B00S,conservative,SBSP3,0.06666666666666667,3.9806080321485178,3.9313378851375456,4.030182439583853,APROXIMACAO_CAIXA_V9,Barsi_Graham_Comparacao_Final_v9/scripts/compute_maintenance.py,5363502d869091c6601c8c90c3efdc5f9c8bd4e8c730e1882bd2a1604cbae60f,3.7295314945960305,-1.6738435836832486,MESMA_CLASSE_E_MOTOR_GRAHAM; cobertura documental herdada parcial,True,False,-2.004339633252149,0.3304960495689002,,,False,PRESERVADO_V9_OU_CENARIO_V12
maintain,2021,2021-06-30,2026-06-30,B00S,conservative,SAPR4,0.06666666666666667,1.2186481310366957,1.1903363296077507,1.2472461698274655,APROXIMACAO_CAIXA_V9,Barsi_Graham_Comparacao_Final_v9/scripts/compute_maintenance.py,5363502d869091c6601c8c90c3efdc5f9c8bd4e8c730e1882bd2a1604cbae60f,,,PENDENTE; nao recalculado,False,False,,0.19065359193846554,1.3381193018987938,0.7964744724139876,True,CALCULADO_MOTOR_V6_FRACIONARIO_PROVISORIO
maintain,2021,2021-06-30,2026-06-30,B00S,conservative,PSSA3,0.1,1.5260370624224375,1.4961595385606818,1.55619605028937,APROXIMACAO_CAIXA_V9,Barsi_Graham_Comparacao_Final_v9/scripts/compute_maintenance.py,5363502d869091c6601c8c90c3efdc5f9c8bd4e8c730e1882bd2a1604cbae60f,,,PENDENTE; nao recalculado,False,False,,0.30158987866932385,1.5920134719081003,0.6597640948566275,True,CALCULADO_MOTOR_V6_FRACIONARIO_PROVISORIO
maintain,2021,2021-06-30,2026-06-30,B00S,conservative,BBSE3,0.1,1.6102066428128272,1.5568092068033748,1.664483084132225,APROXIMACAO_CAIXA_V9,Barsi_Graham_Comparacao_Final_v9/scripts/compute_maintenance.py,5363502d869091c6601c8c90c3efdc5f9c8bd4e8c730e1882bd2a1604cbae60f,1.7091131263279014,0.9890648351507414,CATALOGO_CAIXA_RI_NOMINAL_VERIFICADO; estrutura e completude geral pendentes,True,False,0.44630042195676456,0.5427644131939768,,,False,PRESERVADO_V9_OU_CENARIO_V12
maintain,2021,2021-06-30,2026-06-30,B00S,conservative,VIVT3,0.2,1.1963396156549617,1.1639020196020242,1.2291641101909443,APROXIMACAO_CAIXA_V9,Barsi_Graham_Comparacao_Final_v9/scripts/compute_maintenance.py,5363502d869091c6601c8c90c3efdc5f9c8bd4e8c730e1882bd2a1604cbae60f,,,PENDENTE; nao recalculado,False,False,,0.6564898907196515,1.245223644625046,0.9776805794016852,True,CALCULADO_MOTOR_V6_FRACIONARIO_PROVISORIO
maintain,2021,2021-06-30,2026-06-30,B06,central,VIVT3,0.25,1.1963396156549617,1.1639020196020242,1.2291641101909443,APROXIMACAO_CAIXA_V9,Barsi_Graham_Comparacao_Final_v9/scripts/compute_maintenance.py,5363502d869091c6601c8c90c3efdc5f9c8bd4e8c730e1882bd2a1604cbae60f,,,PENDENTE; nao recalculado,False,False,,0.8206123633995643,1.245223644625046,1.2221007242521065,True,CALCULADO_MOTOR_V6_FRACIONARIO_PROVISORIO
maintain,2021,2021-06-30,2026-06-30,B06,central,TAEE4,0.25,0.7323217885608782,0.6940101040896123,0.77132049755685,APROXIMACAO_CAIXA_V9,Barsi_Graham_Comparacao_Final_v9/scripts/compute_maintenance.py,5363502d869091c6601c8c90c3efdc5f9c8bd4e8c730e1882bd2a1604cbae60f,,,PENDENTE; nao recalculado,False,False,,0.974967724899295,,,False,PRESERVADO_V9_OU_CENARIO_V12
maintain,2021,2021-06-30,2026-06-30,B06,central,BBSE3,0.25,1.6102066428128272,1.5568092068033748,1.664483084132225,APROXIMACAO_CAIXA_V9,Barsi_Graham_Comparacao_Final_v9/scripts/compute_maintenance.py,5363502d869091c6601c8c90c3efdc5f9c8bd4e8c730e1882bd2a1604cbae60f,1.7091131263279014,2.4726620878768535,CATALOGO_CAIXA_RI_NOMINAL_VERIFICADO; estrutura e completude geral pendentes,True,False,1.1157510548919114,1.356911032984942,,,False,PRESERVADO_V9_OU_CENARIO_V12
maintain,2021,2021-06-30,2026-06-30,B06,central,ITUB4,0.25,1.098214533975828,1.068091584569856,1.128678912335387,APROXIMACAO_CAIXA_V9,Barsi_Graham_Comparacao_Final_v9/scripts/compute_maintenance.py,5363502d869091c6601c8c90c3efdc5f9c8bd4e8c730e1882bd2a1604cbae60f,,,PENDENTE; nao recalculado,False,False,,0.7616094589889766,,,False,PRESERVADO_V9_OU_CENARIO_V12
maintain,2021,2021-06-30,2026-06-30,B06,conservative,VIVT3,0.25,1.1963396156549617,1.1639020196020242,1.2291641101909443,APROXIMACAO_CAIXA_V9,Barsi_Graham_Comparacao_Final_v9/scripts/compute_maintenance.py,5363502d869091c6601c8c90c3efdc5f9c8bd4e8c730e1882bd2a1604cbae60f,,,PENDENTE; nao recalculado,False,False,,0.8206123633995643,1.245223644625046,1.2221007242521065,True,CALCULADO_MOTOR_V6_FRACIONARIO_PROVISORIO
maintain,2021,2021-06-30,2026-06-30,B06,conservative,TAEE4,0.25,0.7323217885608782,0.6940101040896123,0.77132049755685,APROXIMACAO_CAIXA_V9,Barsi_Graham_Comparacao_Final_v9/scripts/compute_maintenance.py,5363502d869091c6601c8c90c3efdc5f9c8bd4e8c730e1882bd2a1604cbae60f,,,PENDENTE; nao recalculado,False,False,,0.974967724899295,,,False,PRESERVADO_V9_OU_CENARIO_V12
maintain,2021,2021-06-30,2026-06-30,B06,conservative,BBSE3,0.25,1.6102066428128272,1.5568092068033748,1.664483084132225,APROXIMACAO_CAIXA_V9,Barsi_Graham_Comparacao_Final_v9/scripts/compute_maintenance.py,5363502d869091c6601c8c90c3efdc5f9c8bd4e8c730e1882bd2a1604cbae60f,1.7091131263279014,2.4726620878768535,CATALOGO_CAIXA_RI_NOMINAL_VERIFICADO; estrutura e completude geral pendentes,True,False,1.1157510548919114,1.356911032984942,,,False,PRESERVADO_V9_OU_CENARIO_V12
maintain,2021,2021-06-30,2026-06-30,B06,conservative,ITUB4,0.25,1.098214533975828,1.068091584569856,1.128678912335387,APROXIMACAO_CAIXA_V9,Barsi_Graham_Comparacao_Final_v9/scripts/compute_maintenance.py,5363502d869091c6601c8c90c3efdc5f9c8bd4e8c730e1882bd2a1604cbae60f,,,PENDENTE; nao recalculado,False,False,,0.7616094589889766,,,False,PRESERVADO_V9_OU_CENARIO_V12
maintain,2021,2021-06-30,2026-06-30,B06S,central,ITUB4,0.25,1.098214533975828,1.068091584569856,1.128678912335387,APROXIMACAO_CAIXA_V9,Barsi_Graham_Comparacao_Final_v9/scripts/compute_maintenance.py,5363502d869091c6601c8c90c3efdc5f9c8bd4e8c730e1882bd2a1604cbae60f,,,PENDENTE; nao recalculado,False,False,,0.7616094589889766,,,False,PRESERVADO_V9_OU_CENARIO_V12
maintain,2021,2021-06-30,2026-06-30,B06S,central,TAEE4,0.25,0.7323217885608782,0.6940101040896123,0.77132049755685,APROXIMACAO_CAIXA_V9,Barsi_Graham_Comparacao_Final_v9/scripts/compute_maintenance.py,5363502d869091c6601c8c90c3efdc5f9c8bd4e8c730e1882bd2a1604cbae60f,,,PENDENTE; nao recalculado,False,False,,0.974967724899295,,,False,PRESERVADO_V9_OU_CENARIO_V12
maintain,2021,2021-06-30,2026-06-30,B06S,central,BBSE3,0.25,1.6102066428128272,1.5568092068033748,1.664483084132225,APROXIMACAO_CAIXA_V9,Barsi_Graham_Comparacao_Final_v9/scripts/compute_maintenance.py,5363502d869091c6601c8c90c3efdc5f9c8bd4e8c730e1882bd2a1604cbae60f,1.7091131263279014,2.4726620878768535,CATALOGO_CAIXA_RI_NOMINAL_VERIFICADO; estrutura e completude geral pendentes,True,False,1.1157510548919114,1.356911032984942,,,False,PRESERVADO_V9_OU_CENARIO_V12
maintain,2021,2021-06-30,2026-06-30,B06S,central,VIVT3,0.25,1.1963396156549617,1.1639020196020242,1.2291641101909443,APROXIMACAO_CAIXA_V9,Barsi_Graham_Comparacao_Final_v9/scripts/compute_maintenance.py,5363502d869091c6601c8c90c3efdc5f9c8bd4e8c730e1882bd2a1604cbae60f,,,PENDENTE; nao recalculado,False,False,,0.8206123633995643,1.245223644625046,1.2221007242521065,True,CALCULADO_MOTOR_V6_FRACIONARIO_PROVISORIO
maintain,2021,2021-06-30,2026-06-30,B06S,conservative,ITUB4,0.25,1.098214533975828,1.068091584569856,1.128678912335387,APROXIMACAO_CAIXA_V9,Barsi_Graham_Comparacao_Final_v9/scripts/compute_maintenance.py,5363502d869091c6601c8c90c3efdc5f9c8bd4e8c730e1882bd2a1604cbae60f,,,PENDENTE; nao recalculado,False,False,,0.7616094589889766,,,False,PRESERVADO_V9_OU_CENARIO_V12
maintain,2021,2021-06-30,2026-06-30,B06S,conservative,TAEE4,0.25,0.7323217885608782,0.6940101040896123,0.77132049755685,APROXIMACAO_CAIXA_V9,Barsi_Graham_Comparacao_Final_v9/scripts/compute_maintenance.py,5363502d869091c6601c8c90c3efdc5f9c8bd4e8c730e1882bd2a1604cbae60f,,,PENDENTE; nao recalculado,False,False,,0.974967724899295,,,False,PRESERVADO_V9_OU_CENARIO_V12
maintain,2021,2021-06-30,2026-06-30,B06S,conservative,BBSE3,0.25,1.6102066428128272,1.5568092068033748,1.664483084132225,APROXIMACAO_CAIXA_V9,Barsi_Graham_Comparacao_Final_v9/scripts/compute_maintenance.py,5363502d869091c6601c8c90c3efdc5f9c8bd4e8c730e1882bd2a1604cbae60f,1.7091131263279014,2.4726620878768535,CATALOGO_CAIXA_RI_NOMINAL_VERIFICADO; estrutura e completude geral pendentes,True,False,1.1157510548919114,1.356911032984942,,,False,PRESERVADO_V9_OU_CENARIO_V12
maintain,2021,2021-06-30,2026-06-30,B06S,conservative,VIVT3,0.25,1.1963396156549617,1.1639020196020242,1.2291641101909443,APROXIMACAO_CAIXA_V9,Barsi_Graham_Comparacao_Final_v9/scripts/compute_maintenance.py,5363502d869091c6601c8c90c3efdc5f9c8bd4e8c730e1882bd2a1604cbae60f,,,PENDENTE; nao recalculado,False,False,,0.8206123633995643,1.245223644625046,1.2221007242521065,True,CALCULADO_MOTOR_V6_FRACIONARIO_PROVISORIO
maintain,2022,2022-06-30,2026-06-30,B00,central,BBAS3,0.05,0.6532528528299177,0.6275530911308882,0.6792504799845476,APROXIMACAO_CAIXA_V9,Barsi_Graham_Comparacao_Final_v9/scripts/compute_maintenance.py,5363502d869091c6601c8c90c3efdc5f9c8bd4e8c730e1882bd2a1604cbae60f,,,PENDENTE; nao recalculado,False,False,,0.12998813577314916,,,False,PRESERVADO_V9_OU_CENARIO_V12
maintain,2022,2022-06-30,2026-06-30,B00,central,NEOE3,0.05,1.7254514853978553,1.7017888016212623,1.7492656861549363,APROXIMACAO_CAIXA_V9,Barsi_Graham_Comparacao_Final_v9/scripts/compute_maintenance.py,5363502d869091c6601c8c90c3efdc5f9c8bd4e8c730e1882bd2a1604cbae60f,,,PENDENTE; nao recalculado,False,False,,0.1190710037854048,,,False,PRESERVADO_V9_OU_CENARIO_V12
maintain,2022,2022-06-30,2026-06-30,B00,central,PSSA3,0.05,2.5558036521713237,2.5251844018525196,2.5866197689207087,APROXIMACAO_CAIXA_V9,Barsi_Graham_Comparacao_Final_v9/scripts/compute_maintenance.py,5363502d869091c6601c8c90c3efdc5f9c8bd4e8c730e1882bd2a1604cbae60f,,,PENDENTE; nao recalculado,False,False,,0.15408058374692502,2.725520299060366,0.8485832344452127,True,CALCULADO_MOTOR_V6_FRACIONARIO_PROVISORIO
maintain,2022,2022-06-30,2026-06-30,B00,central,CPFE3,0.05,0.9845118972156821,0.9547512180283619,1.0146101184179002,APROXIMACAO_CAIXA_V9,Barsi_Graham_Comparacao_Final_v9/scripts/compute_maintenance.py,5363502d869091c6601c8c90c3efdc5f9c8bd4e8c730e1882bd2a1604cbae60f,,,PENDENTE; nao recalculado,False,False,,0.15049110601109028,,,False,PRESERVADO_V9_OU_CENARIO_V12
maintain,2022,2022-06-30,2026-06-30,B00,central,EGIE3,0.05,0.44835575539024375,0.4340023048972972,0.46281475560013274,APROXIMACAO_CAIXA_V9,Barsi_Graham_Comparacao_Final_v9/scripts/compute_maintenance.py,5363502d869091c6601c8c90c3efdc5f9c8bd4e8c730e1882bd2a1604cbae60f,,,PENDENTE; nao recalculado,False,False,,0.07229500104944497,,,False,PRESERVADO_V9_OU_CENARIO_V12
maintain,2022,2022-06-30,2026-06-30,B00,central,VIVT3,0.05,0.8332110584864394,0.8120052141428264,0.8546018717984742,APROXIMACAO_CAIXA_V9,Barsi_Graham_Comparacao_Final_v9/scripts/compute_maintenance.py,5363502d869091c6601c8c90c3efdc5f9c8bd4e8c730e1882bd2a1604cbae60f,,,PENDENTE; nao recalculado,False,False,,0.10695406656017425,0.8585659434431652,0.12677442478362888,True,CALCULADO_MOTOR_V6_FRACIONARIO_PROVISORIO
maintain,2022,2022-06-30,2026-06-30,B00,central,TRPL4,0.05,0.5939241209517152,0.5736976420819688,0.6143393664841408,APROXIMACAO_CAIXA_V9,Barsi_Graham_Comparacao_Final_v9/scripts/compute_maintenance.py,5363502d869091c6601c8c90c3efdc5f9c8bd4e8c730e1882bd2a1604cbae60f,,,PENDENTE; nao recalculado,False,False,,0.10207622766212787,,,False,PRESERVADO_V9_OU_CENARIO_V12
maintain,2022,2022-06-30,2026-06-30,B00,central,EQTL3,0.05,0.802001489153833,0.7970515660057604,0.8069615102250456,APROXIMACAO_CAIXA_V9,Barsi_Graham_Comparacao_Final_v9/scripts/compute_maintenance.py,5363502d869091c6601c8c90c3efdc5f9c8bd4e8c730e1882bd2a1604cbae60f,,,PENDENTE; nao recalculado,False,False,,0.02480010535606314,,,False,PRESERVADO_V9_OU_CENARIO_V12
maintain,2022,2022-06-30,2026-06-30,B00,central,ENBR3,0.05,0.24158087231404513,0.2371551889254664,0.24600655570262364,CHECKPOINT_EVENTOS_V6_HERDADO,runtime/Barsi_Graham_Retomada_v8/herdado_v7/herdado_v6/checkpoints/casos_v6/ENBR3_2022-06-30_2026-06-30.json,6d8fe8db47424e946853ef2ac1ac9474ff0b6aeb0ca9c8985c265a2b18d8eca4,0.24158087231404513,0.0,MESMA_CLASSE_E_MOTOR_GRAHAM; cobertura documental herdada parcial,True,False,-0.02212841694289258,0.02212841694289258,,,False,PRESERVADO_V9_OU_CENARIO_V12
maintain,2022,2022-06-30,2026-06-30,B00,central,TAEE4,0.05,0.4744942340347251,0.4496752620050002,0.49962952086136214,APROXIMACAO_CAIXA_V9,Barsi_Graham_Comparacao_Final_v9/scripts/compute_maintenance.py,5363502d869091c6601c8c90c3efdc5f9c8bd4e8c730e1882bd2a1604cbae60f,,,PENDENTE; nao recalculado,False,False,,0.12567643413318508,,,False,PRESERVADO_V9_OU_CENARIO_V12
maintain,2022,2022-06-30,2026-06-30,B00,central,CMIG4,0.05,1.008633736775916,0.9716735820525599,1.0461104073054268,APROXIMACAO_CAIXA_V9,Barsi_Graham_Comparacao_Final_v9/scripts/compute_maintenance.py,5363502d869091c6601c8c90c3efdc5f9c8bd4e8c730e1882bd2a1604cbae60f,,,PENDENTE; nao recalculado,False,False,,0.18738335264755435,,,False,PRESERVADO_V9_OU_CENARIO_V12
maintain,2022,2022-06-30,2026-06-30,B00,central,CSMG3,0.05,6.648590351769676,6.539362917127244,6.759009802617583,CHECKPOINT_EVENTOS_V6_HERDADO,runtime/Barsi_Graham_Retomada_v8/herdado_v7/herdado_v6/checkpoints/casos_v6/CSMG3_2022-06-30_2026-06-30.json,5577f6da7916a30d8a6dbaf1ca9ba3e976b3e6e61b7fd9c71da41a33a5512261,6.648590351769676,0.0,MESMA_CLASSE_E_MOTOR_GRAHAM; cobertura documental herdada parcial,True,False,-0.5520972542395342,0.5520972542395342,,,False,PRESERVADO_V9_OU_CENARIO_V12
maintain,2022,2022-06-30,2026-06-30,B00,central,BBSE3,0.05,1.1978083598744758,1.1586483817493463,1.2374965757861291,APROXIMACAO_CAIXA_V9,Barsi_Graham_Comparacao_Final_v9/scripts/compute_maintenance.py,5363502d869091c6601c8c90c3efdc5f9c8bd4e8c730e1882bd2a1604cbae60f,1.2609255507319936,0.3155859542875894,CATALOGO_CAIXA_RI_NOMINAL_VERIFICADO; estrutura e completude geral pendentes,True,False,0.11714487472932245,0.19844107955826695,,,False,PRESERVADO_V9_OU_CENARIO_V12
maintain,2022,2022-06-30,2026-06-30,B00,central,ABCB4,0.05,1.141875481999464,1.1076547761390145,1.1765087238984826,APROXIMACAO_CAIXA_V9,Barsi_Graham_Comparacao_Final_v9/scripts/compute_maintenance.py,5363502d869091c6601c8c90c3efdc5f9c8bd4e8c730e1882bd2a1604cbae60f,,,PENDENTE; nao recalculado,False,False,,0.17316620949509254,,,False,PRESERVADO_V9_OU_CENARIO_V12
maintain,2022,2022-06-30,2026-06-30,B00,central,SBSP3,0.05,3.2527664666843936,3.2139940941477745,3.2917377978852542,APROXIMACAO_CAIXA_V9,Barsi_Graham_Comparacao_Final_v9/scripts/compute_maintenance.py,5363502d869091c6601c8c90c3efdc5f9c8bd4e8c730e1882bd2a1604cbae60f,3.0175396844714992,-1.176133911064472,MESMA_CLASSE_E_MOTOR_GRAHAM; cobertura documental herdada parcial,True,False,-1.370990567068775,0.19485665600430302,,,False,PRESERVADO_V9_OU_CENARIO_V12
maintain,2022,2022-06-30,2026-06-30,B00,central,BBDC4,0.05,0.42555495546409206,0.40487671695350813,0.4464562932541436,APROXIMACAO_CAIXA_V9,Barsi_Graham_Comparacao_Final_v9/scripts/compute_maintenance.py,5363502d869091c6601c8c90c3efdc5f9c8bd4e8c730e1882bd2a1604cbae60f,,,PENDENTE; nao recalculado,False,False,,0.10450668895025772,,,False,PRESERVADO_V9_OU_CENARIO_V12
maintain,2022,2022-06-30,2026-06-30,B00,central,ITUB4,0.05,1.6456848588858892,1.6130286192868537,1.6786378745420047,APROXIMACAO_CAIXA_V9,Barsi_Graham_Comparacao_Final_v9/scripts/compute_maintenance.py,5363502d869091c6601c8c90c3efdc5f9c8bd4e8c730e1882bd2a1604cbae60f,,,PENDENTE; nao recalculado,False,False,,0.16476507828057763,,,False,PRESERVADO_V9_OU_CENARIO_V12
maintain,2022,2022-06-30,2026-06-30,B00,central,CPLE6,0.05,1.890015558028276,1.8589082269544437,1.9213666009606056,APROXIMACAO_CAIXA_V9,Barsi_Graham_Comparacao_Final_v9/scripts/compute_maintenance.py,5363502d869091c6601c8c90c3efdc5f9c8bd4e8c730e1882bd2a1604cbae60f,,,PENDENTE; nao recalculado,False,False,,0.156755214661648,,,False,PRESERVADO_V9_OU_CENARIO_V12
maintain,2022,2022-06-30,2026-06-30,B00,central,SAPR4,0.05,1.3156397232641064,1.2936462055361044,1.337786579663975,APROXIMACAO_CAIXA_V9,Barsi_Graham_Comparacao_Final_v9/scripts/compute_maintenance.py,5363502d869091c6601c8c90c3efdc5f9c8bd4e8c730e1882bd2a1604cbae60f,,,PENDENTE; nao recalculado,False,False,,0.11073428199934288,1.460008979163172,0.7218462794953284,True,CALCULADO_MOTOR_V6_FRACIONARIO_PROVISORIO
maintain,2022,2022-06-30,2026-06-30,B00,central,SANB4,0.05,0.1875889989076973,0.17298331110864362,0.20232987698474258,APROXIMACAO_CAIXA_V9,Barsi_Graham_Comparacao_Final_v9/scripts/compute_maintenance.py,5363502d869091c6601c8c90c3efdc5f9c8bd4e8c730e1882bd2a1604cbae60f,,,PENDENTE; nao recalculado,False,False,,0.07370439038522636,,,False,PRESERVADO_V9_OU_CENARIO_V12
maintain,2022,2022-06-30,2026-06-30,B00,conservative,BBAS3,0.05263157894736842,0.6532528528299177,0.6275530911308882,0.6792504799845476,APROXIMACAO_CAIXA_V9,Barsi_Graham_Comparacao_Final_v9/scripts/compute_maintenance.py,5363502d869091c6601c8c90c3efdc5f9c8bd4e8c730e1882bd2a1604cbae60f,,,PENDENTE; nao recalculado,False,False,,0.13682961660331489,,,False,PRESERVADO_V9_OU_CENARIO_V12
maintain,2022,2022-06-30,2026-06-30,B00,conservative,PSSA3,0.05263157894736842,2.5558036521713237,2.5251844018525196,2.5866197689207087,APROXIMACAO_CAIXA_V9,Barsi_Graham_Comparacao_Final_v9/scripts/compute_maintenance.py,5363502d869091c6601c8c90c3efdc5f9c8bd4e8c730e1882bd2a1604cbae60f,,,PENDENTE; nao recalculado,False,False,,0.1621900881546579,2.725520299060366,0.893245509942329,True,CALCULADO_MOTOR_V6_FRACIONARIO_PROVISORIO
maintain,2022,2022-06-30,2026-06-30,B00,conservative,CPFE3,0.05263157894736842,0.9845118972156821,0.9547512180283619,1.0146101184179002,APROXIMACAO_CAIXA_V9,Barsi_Graham_Comparacao_Final_v9/scripts/compute_maintenance.py,5363502d869091c6601c8c90c3efdc5f9c8bd4e8c730e1882bd2a1604cbae60f,,,PENDENTE; nao recalculado,False,False,,0.15841169053798976,,,False,PRESERVADO_V9_OU_CENARIO_V12
maintain,2022,2022-06-30,2026-06-30,B00,conservative,EGIE3,0.05263157894736842,0.44835575539024375,0.4340023048972972,0.46281475560013274,APROXIMACAO_CAIXA_V9,Barsi_Graham_Comparacao_Final_v9/scripts/compute_maintenance.py,5363502d869091c6601c8c90c3efdc5f9c8bd4e8c730e1882bd2a1604cbae60f,,,PENDENTE; nao recalculado,False,False,,0.07610000110467892,,,False,PRESERVADO_V9_OU_CENARIO_V12
maintain,2022,2022-06-30,2026-06-30,B00,conservative,VIVT3,0.05263157894736842,0.8332110584864394,0.8120052141428264,0.8546018717984742,APROXIMACAO_CAIXA_V9,Barsi_Graham_Comparacao_Final_v9/scripts/compute_maintenance.py,5363502d869091c6601c8c90c3efdc5f9c8bd4e8c730e1882bd2a1604cbae60f,,,PENDENTE; nao recalculado,False,False,,0.11258322795807815,0.8585659434431652,0.13344676293013566,True,CALCULADO_MOTOR_V6_FRACIONARIO_PROVISORIO
maintain,2022,2022-06-30,2026-06-30,B00,conservative,TRPL4,0.05263157894736842,0.5939241209517152,0.5736976420819688,0.6143393664841408,APROXIMACAO_CAIXA_V9,Barsi_Graham_Comparacao_Final_v9/scripts/compute_maintenance.py,5363502d869091c6601c8c90c3efdc5f9c8bd4e8c730e1882bd2a1604cbae60f,,,PENDENTE; nao recalculado,False,False,,0.1074486606969767,,,False,PRESERVADO_V9_OU_CENARIO_V12
maintain,2022,2022-06-30,2026-06-30,B00,conservative,EQTL3,0.05263157894736842,0.802001489153833,0.7970515660057604,0.8069615102250456,APROXIMACAO_CAIXA_V9,Barsi_Graham_Comparacao_Final_v9/scripts/compute_maintenance.py,5363502d869091c6601c8c90c3efdc5f9c8bd4e8c730e1882bd2a1604cbae60f,,,PENDENTE; nao recalculado,False,False,,0.02610537405901383,,,False,PRESERVADO_V9_OU_CENARIO_V12
maintain,2022,2022-06-30,2026-06-30,B00,conservative,ENBR3,0.05263157894736842,0.24158087231404513,0.2371551889254664,0.24600655570262364,CHECKPOINT_EVENTOS_V6_HERDADO,runtime/Barsi_Graham_Retomada_v8/herdado_v7/herdado_v6/checkpoints/casos_v6/ENBR3_2022-06-30_2026-06-30.json,6d8fe8db47424e946853ef2ac1ac9474ff0b6aeb0ca9c8985c265a2b18d8eca4,0.24158087231404513,0.0,MESMA_CLASSE_E_MOTOR_GRAHAM; cobertura documental herdada parcial,True,False,-0.023293070466202714,0.023293070466202714,,,False,PRESERVADO_V9_OU_CENARIO_V12
maintain,2022,2022-06-30,2026-06-30,B00,conservative,TAEE4,0.05263157894736842,0.4744942340347251,0.4496752620050002,0.49962952086136214,APROXIMACAO_CAIXA_V9,Barsi_Graham_Comparacao_Final_v9/scripts/compute_maintenance.py,5363502d869091c6601c8c90c3efdc5f9c8bd4e8c730e1882bd2a1604cbae60f,,,PENDENTE; nao recalculado,False,False,,0.13229098329808955,,,False,PRESERVADO_V9_OU_CENARIO_V12
maintain,2022,2022-06-30,2026-06-30,B00,conservative,CMIG4,0.05263157894736842,1.008633736775916,0.9716735820525599,1.0461104073054268,APROXIMACAO_CAIXA_V9,Barsi_Graham_Comparacao_Final_v9/scripts/compute_maintenance.py,5363502d869091c6601c8c90c3efdc5f9c8bd4e8c730e1882bd2a1604cbae60f,,,PENDENTE; nao recalculado,False,False,,0.19724563436584666,,,False,PRESERVADO_V9_OU_CENARIO_V12
maintain,2022,2022-06-30,2026-06-30,B00,conservative,CSMG3,0.05263157894736842,6.648590351769676,6.539362917127244,6.759009802617583,CHECKPOINT_EVENTOS_V6_HERDADO,runtime/Barsi_Graham_Retomada_v8/herdado_v7/herdado_v6/checkpoints/casos_v6/CSMG3_2022-06-30_2026-06-30.json,5577f6da7916a30d8a6dbaf1ca9ba3e976b3e6e61b7fd9c71da41a33a5512261,6.648590351769676,0.0,MESMA_CLASSE_E_MOTOR_GRAHAM; cobertura documental herdada parcial,True,False,-0.5811550044626674,0.5811550044626674,,,False,PRESERVADO_V9_OU_CENARIO_V12
maintain,2022,2022-06-30,2026-06-30,B00,conservative,BBSE3,0.05263157894736842,1.1978083598744758,1.1586483817493463,1.2374965757861291,APROXIMACAO_CAIXA_V9,Barsi_Graham_Comparacao_Final_v9/scripts/compute_maintenance.py,5363502d869091c6601c8c90c3efdc5f9c8bd4e8c730e1882bd2a1604cbae60f,1.2609255507319936,0.33219574135535723,CATALOGO_CAIXA_RI_NOMINAL_VERIFICADO; estrutura e completude geral pendentes,True,False,0.12331039445191835,0.20888534690343888,,,False,PRESERVADO_V9_OU_CENARIO_V12
maintain,2022,2022-06-30,2026-06-30,B00,conservative,ABCB4,0.05263157894736842,1.141875481999464,1.1076547761390145,1.1765087238984826,APROXIMACAO_CAIXA_V9,Barsi_Graham_Comparacao_Final_v9/scripts/compute_maintenance.py,5363502d869091c6601c8c90c3efdc5f9c8bd4e8c730e1882bd2a1604cbae60f,,,PENDENTE; nao recalculado,False,False,,0.18228022052115003,,,False,PRESERVADO_V9_OU_CENARIO_V12
maintain,2022,2022-06-30,2026-06-30,B00,conservative,SBSP3,0.05263157894736842,3.2527664666843936,3.2139940941477745,3.2917377978852542,APROXIMACAO_CAIXA_V9,Barsi_Graham_Comparacao_Final_v9/scripts/compute_maintenance.py,5363502d869091c6601c8c90c3efdc5f9c8bd4e8c730e1882bd2a1604cbae60f,3.0175396844714992,-1.2380356958573389,MESMA_CLASSE_E_MOTOR_GRAHAM; cobertura documental herdada parcial,True,False,-1.4431479653355526,0.20511226947821368,,,False,PRESERVADO_V9_OU_CENARIO_V12
maintain,2022,2022-06-30,2026-06-30,B00,conservative,BBDC4,0.05263157894736842,0.42555495546409206,0.40487671695350813,0.4464562932541436,APROXIMACAO_CAIXA_V9,Barsi_Graham_Comparacao_Final_v9/scripts/compute_maintenance.py,5363502d869091c6601c8c90c3efdc5f9c8bd4e8c730e1882bd2a1604cbae60f,,,PENDENTE; nao recalculado,False,False,,0.11000704100027127,,,False,PRESERVADO_V9_OU_CENARIO_V12
maintain,2022,2022-06-30,2026-06-30,B00,conservative,ITUB4,0.05263157894736842,1.6456848588858892,1.6130286192868537,1.6786378745420047,APROXIMACAO_CAIXA_V9,Barsi_Graham_Comparacao_Final_v9/scripts/compute_maintenance.py,5363502d869091c6601c8c90c3efdc5f9c8bd4e8c730e1882bd2a1604cbae60f,,,PENDENTE; nao recalculado,False,False,,0.17343692450587117,,,False,PRESERVADO_V9_OU_CENARIO_V12
maintain,2022,2022-06-30,2026-06-30,B00,conservative,CPLE6,0.05263157894736842,1.890015558028276,1.8589082269544437,1.9213666009606056,APROXIMACAO_CAIXA_V9,Barsi_Graham_Comparacao_Final_v9/scripts/compute_maintenance.py,5363502d869091c6601c8c90c3efdc5f9c8bd4e8c730e1882bd2a1604cbae60f,,,PENDENTE; nao recalculado,False,False,,0.1650054891175242,,,False,PRESERVADO_V9_OU_CENARIO_V12
maintain,2022,2022-06-30,2026-06-30,B00,conservative,SAPR4,0.05263157894736842,1.3156397232641064,1.2936462055361044,1.337786579663975,APROXIMACAO_CAIXA_V9,Barsi_Graham_Comparacao_Final_v9/scripts/compute_maintenance.py,5363502d869091c6601c8c90c3efdc5f9c8bd4e8c730e1882bd2a1604cbae60f,,,PENDENTE; nao recalculado,False,False,,0.11656240210457143,1.460008979163172,0.7598381889424509,True,CALCULADO_MOTOR_V6_FRACIONARIO_PROVISORIO
maintain,2022,2022-06-30,2026-06-30,B00,conservative,SANB4,0.05263157894736842,0.1875889989076973,0.17298331110864362,0.20232987698474258,APROXIMACAO_CAIXA_V9,Barsi_Graham_Comparacao_Final_v9/scripts/compute_maintenance.py,5363502d869091c6601c8c90c3efdc5f9c8bd4e8c730e1882bd2a1604cbae60f,,,PENDENTE; nao recalculado,False,False,,0.07758356882655405,,,False,PRESERVADO_V9_OU_CENARIO_V12
maintain,2022,2022-06-30,2026-06-30,B00S,central,BBAS3,0.04,0.6532528528299177,0.6275530911308882,0.6792504799845476,APROXIMACAO_CAIXA_V9,Barsi_Graham_Comparacao_Final_v9/scripts/compute_maintenance.py,5363502d869091c6601c8c90c3efdc5f9c8bd4e8c730e1882bd2a1604cbae60f,,,PENDENTE; nao recalculado,False,False,,0.10399050861851933,,,False,PRESERVADO_V9_OU_CENARIO_V12
maintain,2022,2022-06-30,2026-06-30,B00S,central,ABCB4,0.04,1.141875481999464,1.1076547761390145,1.1765087238984826,APROXIMACAO_CAIXA_V9,Barsi_Graham_Comparacao_Final_v9/scripts/compute_maintenance.py,5363502d869091c6601c8c90c3efdc5f9c8bd4e8c730e1882bd2a1604cbae60f,,,PENDENTE; nao recalculado,False,False,,0.13853296759607403,,,False,PRESERVADO_V9_OU_CENARIO_V12
maintain,2022,2022-06-30,2026-06-30,B00S,central,BBDC4,0.04,0.42555495546409206,0.40487671695350813,0.4464562932541436,APROXIMACAO_CAIXA_V9,Barsi_Graham_Comparacao_Final_v9/scripts/compute_maintenance.py,5363502d869091c6601c8c90c3efdc5f9c8bd4e8c730e1882bd2a1604cbae60f,,,PENDENTE; nao recalculado,False,False,,0.08360535116020618,,,False,PRESERVADO_V9_OU_CENARIO_V12
maintain,2022,2022-06-30,2026-06-30,B00S,central,ITUB4,0.04,1.6456848588858892,1.6130286192868537,1.6786378745420047,APROXIMACAO_CAIXA_V9,Barsi_Graham_Comparacao_Final_v9/scripts/compute_maintenance.py,5363502d869091c6601c8c90c3efdc5f9c8bd4e8c730e1882bd2a1604cbae60f,,,PENDENTE; nao recalculado,False,False,,0.1318120626244621,,,False,PRESERVADO_V9_OU_CENARIO_V12
maintain,2022,2022-06-30,2026-06-30,B00S,central,SANB4,0.04,0.1875889989076973,0.17298331110864362,0.20232987698474258,APROXIMACAO_CAIXA_V9,Barsi_Graham_Comparacao_Final_v9/scripts/compute_maintenance.py,5363502d869091c6601c8c90c3efdc5f9c8bd4e8c730e1882bd2a1604cbae60f,,,PENDENTE; nao recalculado,False,False,,0.05896351230818109,,,False,PRESERVADO_V9_OU_CENARIO_V12
maintain,2022,2022-06-30,2026-06-30,B00S,central,NEOE3,0.022222222222222223,1.7254514853978553,1.7017888016212623,1.7492656861549363,APROXIMACAO_CAIXA_V9,Barsi_Graham_Comparacao_Final_v9/scripts/compute_maintenance.py,5363502d869091c6601c8c90c3efdc5f9c8bd4e8c730e1882bd2a1604cbae60f,,,PENDENTE; nao recalculado,False,False,,0.052920446126846585,,,False,PRESERVADO_V9_OU_CENARIO_V12
maintain,2022,2022-06-30,2026-06-30,B00S,central,CPFE3,0.022222222222222223,0.9845118972156821,0.9547512180283619,1.0146101184179002,APROXIMACAO_CAIXA_V9,Barsi_Graham_Comparacao_Final_v9/scripts/compute_maintenance.py,5363502d869091c6601c8c90c3efdc5f9c8bd4e8c730e1882bd2a1604cbae60f,,,PENDENTE; nao recalculado,False,False,,0.06688493600492902,,,False,PRESERVADO_V9_OU_CENARIO_V12
maintain,2022,2022-06-30,2026-06-30,B00S,central,EGIE3,0.022222222222222223,0.44835575539024375,0.4340023048972972,0.46281475560013274,APROXIMACAO_CAIXA_V9,Barsi_Graham_Comparacao_Final_v9/scripts/compute_maintenance.py,5363502d869091c6601c8c90c3efdc5f9c8bd4e8c730e1882bd2a1604cbae60f,,,PENDENTE; nao recalculado,False,False,,0.0321311115775311,,,False,PRESERVADO_V9_OU_CENARIO_V12
maintain,2022,2022-06-30,2026-06-30,B00S,central,TRPL4,0.022222222222222223,0.5939241209517152,0.5736976420819688,0.6143393664841408,APROXIMACAO_CAIXA_V9,Barsi_Graham_Comparacao_Final_v9/scripts/compute_maintenance.py,5363502d869091c6601c8c90c3efdc5f9c8bd4e8c730e1882bd2a1604cbae60f,,,PENDENTE; nao recalculado,False,False,,0.045367212294279056,,,False,PRESERVADO_V9_OU_CENARIO_V12
maintain,2022,2022-06-30,2026-06-30,B00S,central,EQTL3,0.022222222222222223,0.802001489153833,0.7970515660057604,0.8069615102250456,APROXIMACAO_CAIXA_V9,Barsi_Graham_Comparacao_Final_v9/scripts/compute_maintenance.py,5363502d869091c6601c8c90c3efdc5f9c8bd4e8c730e1882bd2a1604cbae60f,,,PENDENTE; nao recalculado,False,False,,0.011022269047139174,,,False,PRESERVADO_V9_OU_CENARIO_V12
maintain,2022,2022-06-30,2026-06-30,B00S,central,ENBR3,0.022222222222222223,0.24158087231404513,0.2371551889254664,0.24600655570262364,CHECKPOINT_EVENTOS_V6_HERDADO,runtime/Barsi_Graham_Retomada_v8/herdado_v7/herdado_v6/checkpoints/casos_v6/ENBR3_2022-06-30_2026-06-30.json,6d8fe8db47424e946853ef2ac1ac9474ff0b6aeb0ca9c8985c265a2b18d8eca4,0.24158087231404513,0.0,MESMA_CLASSE_E_MOTOR_GRAHAM; cobertura documental herdada parcial,True,False,-0.009834851974618926,0.009834851974618926,,,False,PRESERVADO_V9_OU_CENARIO_V12
maintain,2022,2022-06-30,2026-06-30,B00S,central,TAEE4,0.022222222222222223,0.4744942340347251,0.4496752620050002,0.49962952086136214,APROXIMACAO_CAIXA_V9,Barsi_Graham_Comparacao_Final_v9/scripts/compute_maintenance.py,5363502d869091c6601c8c90c3efdc5f9c8bd4e8c730e1882bd2a1604cbae60f,,,PENDENTE; nao recalculado,False,False,,0.05585619294808226,,,False,PRESERVADO_V9_OU_CENARIO_V12
maintain,2022,2022-06-30,2026-06-30,B00S,central,CMIG4,0.022222222222222223,1.008633736775916,0.9716735820525599,1.0461104073054268,APROXIMACAO_CAIXA_V9,Barsi_Graham_Comparacao_Final_v9/scripts/compute_maintenance.py,5363502d869091c6601c8c90c3efdc5f9c8bd4e8c730e1882bd2a1604cbae60f,,,PENDENTE; nao recalculado,False,False,,0.08328149006557971,,,False,PRESERVADO_V9_OU_CENARIO_V12
maintain,2022,2022-06-30,2026-06-30,B00S,central,CPLE6,0.022222222222222223,1.890015558028276,1.8589082269544437,1.9213666009606056,APROXIMACAO_CAIXA_V9,Barsi_Graham_Comparacao_Final_v9/scripts/compute_maintenance.py,5363502d869091c6601c8c90c3efdc5f9c8bd4e8c730e1882bd2a1604cbae60f,,,PENDENTE; nao recalculado,False,False,,0.06966898429406577,,,False,PRESERVADO_V9_OU_CENARIO_V12
maintain,2022,2022-06-30,2026-06-30,B00S,central,CSMG3,0.06666666666666667,6.648590351769676,6.539362917127244,6.759009802617583,CHECKPOINT_EVENTOS_V6_HERDADO,runtime/Barsi_Graham_Retomada_v8/herdado_v7/herdado_v6/checkpoints/casos_v6/CSMG3_2022-06-30_2026-06-30.json,5577f6da7916a30d8a6dbaf1ca9ba3e976b3e6e61b7fd9c71da41a33a5512261,6.648590351769676,0.0,MESMA_CLASSE_E_MOTOR_GRAHAM; cobertura documental herdada parcial,True,False,-0.7361296723193789,0.7361296723193789,,,False,PRESERVADO_V9_OU_CENARIO_V12
maintain,2022,2022-06-30,2026-06-30,B00S,central,SBSP3,0.06666666666666667,3.2527664666843936,3.2139940941477745,3.2917377978852542,APROXIMACAO_CAIXA_V9,Barsi_Graham_Comparacao_Final_v9/scripts/compute_maintenance.py,5363502d869091c6601c8c90c3efdc5f9c8bd4e8c730e1882bd2a1604cbae60f,3.0175396844714992,-1.5681785480859627,MESMA_CLASSE_E_MOTOR_GRAHAM; cobertura documental herdada parcial,True,False,-1.8279874227583668,0.25980887467240404,,,False,PRESERVADO_V9_OU_CENARIO_V12
maintain,2022,2022-06-30,2026-06-30,B00S,central,SAPR4,0.06666666666666667,1.3156397232641064,1.2936462055361044,1.337786579663975,APROXIMACAO_CAIXA_V9,Barsi_Graham_Comparacao_Final_v9/scripts/compute_maintenance.py,5363502d869091c6601c8c90c3efdc5f9c8bd4e8c730e1882bd2a1604cbae60f,,,PENDENTE; nao recalculado,False,False,,0.1476457093324572,1.460008979163172,0.9624617059937712,True,CALCULADO_MOTOR_V6_FRACIONARIO_PROVISORIO
maintain,2022,2022-06-30,2026-06-30,B00S,central,PSSA3,0.1,2.5558036521713237,2.5251844018525196,2.5866197689207087,APROXIMACAO_CAIXA_V9,Barsi_Graham_Comparacao_Final_v9/scripts/compute_maintenance.py,5363502d869091c6601c8c90c3efdc5f9c8bd4e8c730e1882bd2a1604cbae60f,,,PENDENTE; nao recalculado,False,False,,0.30816116749385003,2.725520299060366,1.6971664688904253,True,CALCULADO_MOTOR_V6_FRACIONARIO_PROVISORIO
maintain,2022,2022-06-30,2026-06-30,B00S,central,BBSE3,0.1,1.1978083598744758,1.1586483817493463,1.2374965757861291,APROXIMACAO_CAIXA_V9,Barsi_Graham_Comparacao_Final_v9/scripts/compute_maintenance.py,5363502d869091c6601c8c90c3efdc5f9c8bd4e8c730e1882bd2a1604cbae60f,1.2609255507319936,0.6311719085751788,CATALOGO_CAIXA_RI_NOMINAL_VERIFICADO; estrutura e completude geral pendentes,True,False,0.2342897494586449,0.3968821591165339,,,False,PRESERVADO_V9_OU_CENARIO_V12
maintain,2022,2022-06-30,2026-06-30,B00S,central,VIVT3,0.2,0.8332110584864394,0.8120052141428264,0.8546018717984742,APROXIMACAO_CAIXA_V9,Barsi_Graham_Comparacao_Final_v9/scripts/compute_maintenance.py,5363502d869091c6601c8c90c3efdc5f9c8bd4e8c730e1882bd2a1604cbae60f,,,PENDENTE; nao recalculado,False,False,,0.427816266240697,0.8585659434431652,0.5070976991345155,True,CALCULADO_MOTOR_V6_FRACIONARIO_PROVISORIO
maintain,2022,2022-06-30,2026-06-30,B00S,conservative,BBAS3,0.04,0.6532528528299177,0.6275530911308882,0.6792504799845476,APROXIMACAO_CAIXA_V9,Barsi_Graham_Comparacao_Final_v9/scripts/compute_maintenance.py,5363502d869091c6601c8c90c3efdc5f9c8bd4e8c730e1882bd2a1604cbae60f,,,PENDENTE; nao recalculado,False,False,,0.10399050861851933,,,False,PRESERVADO_V9_OU_CENARIO_V12
maintain,2022,2022-06-30,2026-06-30,B00S,conservative,ABCB4,0.04,1.141875481999464,1.1076547761390145,1.1765087238984826,APROXIMACAO_CAIXA_V9,Barsi_Graham_Comparacao_Final_v9/scripts/compute_maintenance.py,5363502d869091c6601c8c90c3efdc5f9c8bd4e8c730e1882bd2a1604cbae60f,,,PENDENTE; nao recalculado,False,False,,0.13853296759607403,,,False,PRESERVADO_V9_OU_CENARIO_V12
maintain,2022,2022-06-30,2026-06-30,B00S,conservative,BBDC4,0.04,0.42555495546409206,0.40487671695350813,0.4464562932541436,APROXIMACAO_CAIXA_V9,Barsi_Graham_Comparacao_Final_v9/scripts/compute_maintenance.py,5363502d869091c6601c8c90c3efdc5f9c8bd4e8c730e1882bd2a1604cbae60f,,,PENDENTE; nao recalculado,False,False,,0.08360535116020618,,,False,PRESERVADO_V9_OU_CENARIO_V12
maintain,2022,2022-06-30,2026-06-30,B00S,conservative,ITUB4,0.04,1.6456848588858892,1.6130286192868537,1.6786378745420047,APROXIMACAO_CAIXA_V9,Barsi_Graham_Comparacao_Final_v9/scripts/compute_maintenance.py,5363502d869091c6601c8c90c3efdc5f9c8bd4e8c730e1882bd2a1604cbae60f,,,PENDENTE; nao recalculado,False,False,,0.1318120626244621,,,False,PRESERVADO_V9_OU_CENARIO_V12
maintain,2022,2022-06-30,2026-06-30,B00S,conservative,SANB4,0.04,0.1875889989076973,0.17298331110864362,0.20232987698474258,APROXIMACAO_CAIXA_V9,Barsi_Graham_Comparacao_Final_v9/scripts/compute_maintenance.py,5363502d869091c6601c8c90c3efdc5f9c8bd4e8c730e1882bd2a1604cbae60f,,,PENDENTE; nao recalculado,False,False,,0.05896351230818109,,,False,PRESERVADO_V9_OU_CENARIO_V12
maintain,2022,2022-06-30,2026-06-30,B00S,conservative,CPFE3,0.025,0.9845118972156821,0.9547512180283619,1.0146101184179002,APROXIMACAO_CAIXA_V9,Barsi_Graham_Comparacao_Final_v9/scripts/compute_maintenance.py,5363502d869091c6601c8c90c3efdc5f9c8bd4e8c730e1882bd2a1604cbae60f,,,PENDENTE; nao recalculado,False,False,,0.07524555300554514,,,False,PRESERVADO_V9_OU_CENARIO_V12
maintain,2022,2022-06-30,2026-06-30,B00S,conservative,EGIE3,0.025,0.44835575539024375,0.4340023048972972,0.46281475560013274,APROXIMACAO_CAIXA_V9,Barsi_Graham_Comparacao_Final_v9/scripts/compute_maintenance.py,5363502d869091c6601c8c90c3efdc5f9c8bd4e8c730e1882bd2a1604cbae60f,,,PENDENTE; nao recalculado,False,False,,0.03614750052472249,,,False,PRESERVADO_V9_OU_CENARIO_V12
maintain,2022,2022-06-30,2026-06-30,B00S,conservative,TRPL4,0.025,0.5939241209517152,0.5736976420819688,0.6143393664841408,APROXIMACAO_CAIXA_V9,Barsi_Graham_Comparacao_Final_v9/scripts/compute_maintenance.py,5363502d869091c6601c8c90c3efdc5f9c8bd4e8c730e1882bd2a1604cbae60f,,,PENDENTE; nao recalculado,False,False,,0.051038113831063936,,,False,PRESERVADO_V9_OU_CENARIO_V12
maintain,2022,2022-06-30,2026-06-30,B00S,conservative,EQTL3,0.025,0.802001489153833,0.7970515660057604,0.8069615102250456,APROXIMACAO_CAIXA_V9,Barsi_Graham_Comparacao_Final_v9/scripts/compute_maintenance.py,5363502d869091c6601c8c90c3efdc5f9c8bd4e8c730e1882bd2a1604cbae60f,,,PENDENTE; nao recalculado,False,False,,0.01240005267803157,,,False,PRESERVADO_V9_OU_CENARIO_V12
maintain,2022,2022-06-30,2026-06-30,B00S,conservative,ENBR3,0.025,0.24158087231404513,0.2371551889254664,0.24600655570262364,CHECKPOINT_EVENTOS_V6_HERDADO,runtime/Barsi_Graham_Retomada_v8/herdado_v7/herdado_v6/checkpoints/casos_v6/ENBR3_2022-06-30_2026-06-30.json,6d8fe8db47424e946853ef2ac1ac9474ff0b6aeb0ca9c8985c265a2b18d8eca4,0.24158087231404513,0.0,MESMA_CLASSE_E_MOTOR_GRAHAM; cobertura documental herdada parcial,True,False,-0.01106420847144629,0.01106420847144629,,,False,PRESERVADO_V9_OU_CENARIO_V12
maintain,2022,2022-06-30,2026-06-30,B00S,conservative,TAEE4,0.025,0.4744942340347251,0.4496752620050002,0.49962952086136214,APROXIMACAO_CAIXA_V9,Barsi_Graham_Comparacao_Final_v9/scripts/compute_maintenance.py,5363502d869091c6601c8c90c3efdc5f9c8bd4e8c730e1882bd2a1604cbae60f,,,PENDENTE; nao recalculado,False,False,,0.06283821706659254,,,False,PRESERVADO_V9_OU_CENARIO_V12
maintain,2022,2022-06-30,2026-06-30,B00S,conservative,CMIG4,0.025,1.008633736775916,0.9716735820525599,1.0461104073054268,APROXIMACAO_CAIXA_V9,Barsi_Graham_Comparacao_Final_v9/scripts/compute_maintenance.py,5363502d869091c6601c8c90c3efdc5f9c8bd4e8c730e1882bd2a1604cbae60f,,,PENDENTE; nao recalculado,False,False,,0.09369167632377717,,,False,PRESERVADO_V9_OU_CENARIO_V12
maintain,2022,2022-06-30,2026-06-30,B00S,conservative,CPLE6,0.025,1.890015558028276,1.8589082269544437,1.9213666009606056,APROXIMACAO_CAIXA_V9,Barsi_Graham_Comparacao_Final_v9/scripts/compute_maintenance.py,5363502d869091c6601c8c90c3efdc5f9c8bd4e8c730e1882bd2a1604cbae60f,,,PENDENTE; nao recalculado,False,False,,0.078377607330824,,,False,PRESERVADO_V9_OU_CENARIO_V12
maintain,2022,2022-06-30,2026-06-30,B00S,conservative,CSMG3,0.06666666666666667,6.648590351769676,6.539362917127244,6.759009802617583,CHECKPOINT_EVENTOS_V6_HERDADO,runtime/Barsi_Graham_Retomada_v8/herdado_v7/herdado_v6/checkpoints/casos_v6/CSMG3_2022-06-30_2026-06-30.json,5577f6da7916a30d8a6dbaf1ca9ba3e976b3e6e61b7fd9c71da41a33a5512261,6.648590351769676,0.0,MESMA_CLASSE_E_MOTOR_GRAHAM; cobertura documental herdada parcial,True,False,-0.7361296723193789,0.7361296723193789,,,False,PRESERVADO_V9_OU_CENARIO_V12
maintain,2022,2022-06-30,2026-06-30,B00S,conservative,SBSP3,0.06666666666666667,3.2527664666843936,3.2139940941477745,3.2917377978852542,APROXIMACAO_CAIXA_V9,Barsi_Graham_Comparacao_Final_v9/scripts/compute_maintenance.py,5363502d869091c6601c8c90c3efdc5f9c8bd4e8c730e1882bd2a1604cbae60f,3.0175396844714992,-1.5681785480859627,MESMA_CLASSE_E_MOTOR_GRAHAM; cobertura documental herdada parcial,True,False,-1.8279874227583668,0.25980887467240404,,,False,PRESERVADO_V9_OU_CENARIO_V12
maintain,2022,2022-06-30,2026-06-30,B00S,conservative,SAPR4,0.06666666666666667,1.3156397232641064,1.2936462055361044,1.337786579663975,APROXIMACAO_CAIXA_V9,Barsi_Graham_Comparacao_Final_v9/scripts/compute_maintenance.py,5363502d869091c6601c8c90c3efdc5f9c8bd4e8c730e1882bd2a1604cbae60f,,,PENDENTE; nao recalculado,False,False,,0.1476457093324572,1.460008979163172,0.9624617059937712,True,CALCULADO_MOTOR_V6_FRACIONARIO_PROVISORIO
maintain,2022,2022-06-30,2026-06-30,B00S,conservative,PSSA3,0.1,2.5558036521713237,2.5251844018525196,2.5866197689207087,APROXIMACAO_CAIXA_V9,Barsi_Graham_Comparacao_Final_v9/scripts/compute_maintenance.py,5363502d869091c6601c8c90c3efdc5f9c8bd4e8c730e1882bd2a1604cbae60f,,,PENDENTE; nao recalculado,False,False,,0.30816116749385003,2.725520299060366,1.6971664688904253,True,CALCULADO_MOTOR_V6_FRACIONARIO_PROVISORIO
maintain,2022,2022-06-30,2026-06-30,B00S,conservative,BBSE3,0.1,1.1978083598744758,1.1586483817493463,1.2374965757861291,APROXIMACAO_CAIXA_V9,Barsi_Graham_Comparacao_Final_v9/scripts/compute_maintenance.py,5363502d869091c6601c8c90c3efdc5f9c8bd4e8c730e1882bd2a1604cbae60f,1.2609255507319936,0.6311719085751788,CATALOGO_CAIXA_RI_NOMINAL_VERIFICADO; estrutura e completude geral pendentes,True,False,0.2342897494586449,0.3968821591165339,,,False,PRESERVADO_V9_OU_CENARIO_V12
maintain,2022,2022-06-30,2026-06-30,B00S,conservative,VIVT3,0.2,0.8332110584864394,0.8120052141428264,0.8546018717984742,APROXIMACAO_CAIXA_V9,Barsi_Graham_Comparacao_Final_v9/scripts/compute_maintenance.py,5363502d869091c6601c8c90c3efdc5f9c8bd4e8c730e1882bd2a1604cbae60f,,,PENDENTE; nao recalculado,False,False,,0.427816266240697,0.8585659434431652,0.5070976991345155,True,CALCULADO_MOTOR_V6_FRACIONARIO_PROVISORIO
maintain,2022,2022-06-30,2026-06-30,B06,central,PSSA3,0.125,2.5558036521713237,2.5251844018525196,2.5866197689207087,APROXIMACAO_CAIXA_V9,Barsi_Graham_Comparacao_Final_v9/scripts/compute_maintenance.py,5363502d869091c6601c8c90c3efdc5f9c8bd4e8c730e1882bd2a1604cbae60f,,,PENDENTE; nao recalculado,False,False,,0.38520145936731254,2.725520299060366,2.121458086113032,True,CALCULADO_MOTOR_V6_FRACIONARIO_PROVISORIO
maintain,2022,2022-06-30,2026-06-30,B06,central,VIVT3,0.125,0.8332110584864394,0.8120052141428264,0.8546018717984742,APROXIMACAO_CAIXA_V9,Barsi_Graham_Comparacao_Final_v9/scripts/compute_maintenance.py,5363502d869091c6601c8c90c3efdc5f9c8bd4e8c730e1882bd2a1604cbae60f,,,PENDENTE; nao recalculado,False,False,,0.26738516640043564,0.8585659434431652,0.3169360619590722,True,CALCULADO_MOTOR_V6_FRACIONARIO_PROVISORIO
maintain,2022,2022-06-30,2026-06-30,B06,central,TAEE4,0.125,0.4744942340347251,0.4496752620050002,0.49962952086136214,APROXIMACAO_CAIXA_V9,Barsi_Graham_Comparacao_Final_v9/scripts/compute_maintenance.py,5363502d869091c6601c8c90c3efdc5f9c8bd4e8c730e1882bd2a1604cbae60f,,,PENDENTE; nao recalculado,False,False,,0.3141910853329627,,,False,PRESERVADO_V9_OU_CENARIO_V12
maintain,2022,2022-06-30,2026-06-30,B06,central,BBSE3,0.125,1.1978083598744758,1.1586483817493463,1.2374965757861291,APROXIMACAO_CAIXA_V9,Barsi_Graham_Comparacao_Final_v9/scripts/compute_maintenance.py,5363502d869091c6601c8c90c3efdc5f9c8bd4e8c730e1882bd2a1604cbae60f,1.2609255507319936,0.7889648857189735,CATALOGO_CAIXA_RI_NOMINAL_VERIFICADO; estrutura e completude geral pendentes,True,False,0.2928621868233061,0.4961026988956674,,,False,PRESERVADO_V9_OU_CENARIO_V12
maintain,2022,2022-06-30,2026-06-30,B06,central,ITUB4,0.125,1.6456848588858892,1.6130286192868537,1.6786378745420047,APROXIMACAO_CAIXA_V9,Barsi_Graham_Comparacao_Final_v9/scripts/compute_maintenance.py,5363502d869091c6601c8c90c3efdc5f9c8bd4e8c730e1882bd2a1604cbae60f,,,PENDENTE; nao recalculado,False,False,,0.41191269570144406,,,False,PRESERVADO_V9_OU_CENARIO_V12
maintain,2022,2022-06-30,2026-06-30,B06,central,CPLE6,0.125,1.890015558028276,1.8589082269544437,1.9213666009606056,APROXIMACAO_CAIXA_V9,Barsi_Graham_Comparacao_Final_v9/scripts/compute_maintenance.py,5363502d869091c6601c8c90c3efdc5f9c8bd4e8c730e1882bd2a1604cbae60f,,,PENDENTE; nao recalculado,False,False,,0.39188803665412,,,False,PRESERVADO_V9_OU_CENARIO_V12
maintain,2022,2022-06-30,2026-06-30,B06,central,SAPR4,0.125,1.3156397232641064,1.2936462055361044,1.337786579663975,APROXIMACAO_CAIXA_V9,Barsi_Graham_Comparacao_Final_v9/scripts/compute_maintenance.py,5363502d869091c6601c8c90c3efdc5f9c8bd4e8c730e1882bd2a1604cbae60f,,,PENDENTE; nao recalculado,False,False,,0.2768357049983572,1.460008979163172,1.804615698738321,True,CALCULADO_MOTOR_V6_FRACIONARIO_PROVISORIO
maintain,2022,2022-06-30,2026-06-30,B06,central,SANB4,0.125,0.1875889989076973,0.17298331110864362,0.20232987698474258,APROXIMACAO_CAIXA_V9,Barsi_Graham_Comparacao_Final_v9/scripts/compute_maintenance.py,5363502d869091c6601c8c90c3efdc5f9c8bd4e8c730e1882bd2a1604cbae60f,,,PENDENTE; nao recalculado,False,False,,0.1842609759630659,,,False,PRESERVADO_V9_OU_CENARIO_V12
maintain,2022,2022-06-30,2026-06-30,B06,conservative,PSSA3,0.14285714285714285,2.5558036521713237,2.5251844018525196,2.5866197689207087,APROXIMACAO_CAIXA_V9,Barsi_Graham_Comparacao_Final_v9/scripts/compute_maintenance.py,5363502d869091c6601c8c90c3efdc5f9c8bd4e8c730e1882bd2a1604cbae60f,,,PENDENTE; nao recalculado,False,False,,0.44023023927692856,2.725520299060366,2.424523526986322,True,CALCULADO_MOTOR_V6_FRACIONARIO_PROVISORIO
maintain,2022,2022-06-30,2026-06-30,B06,conservative,VIVT3,0.14285714285714285,0.8332110584864394,0.8120052141428264,0.8546018717984742,APROXIMACAO_CAIXA_V9,Barsi_Graham_Comparacao_Final_v9/scripts/compute_maintenance.py,5363502d869091c6601c8c90c3efdc5f9c8bd4e8c730e1882bd2a1604cbae60f,,,PENDENTE; nao recalculado,False,False,,0.3055830473147836,0.8585659434431652,0.3622126422389396,True,CALCULADO_MOTOR_V6_FRACIONARIO_PROVISORIO
maintain,2022,2022-06-30,2026-06-30,B06,conservative,TAEE4,0.14285714285714285,0.4744942340347251,0.4496752620050002,0.49962952086136214,APROXIMACAO_CAIXA_V9,Barsi_Graham_Comparacao_Final_v9/scripts/compute_maintenance.py,5363502d869091c6601c8c90c3efdc5f9c8bd4e8c730e1882bd2a1604cbae60f,,,PENDENTE; nao recalculado,False,False,,0.35907552609481447,,,False,PRESERVADO_V9_OU_CENARIO_V12
maintain,2022,2022-06-30,2026-06-30,B06,conservative,BBSE3,0.14285714285714285,1.1978083598744758,1.1586483817493463,1.2374965757861291,APROXIMACAO_CAIXA_V9,Barsi_Graham_Comparacao_Final_v9/scripts/compute_maintenance.py,5363502d869091c6601c8c90c3efdc5f9c8bd4e8c730e1882bd2a1604cbae60f,1.2609255507319936,0.9016741551073982,CATALOGO_CAIXA_RI_NOMINAL_VERIFICADO; estrutura e completude geral pendentes,True,False,0.3346996420837784,0.5669745130236198,,,False,PRESERVADO_V9_OU_CENARIO_V12
maintain,2022,2022-06-30,2026-06-30,B06,conservative,ITUB4,0.14285714285714285,1.6456848588858892,1.6130286192868537,1.6786378745420047,APROXIMACAO_CAIXA_V9,Barsi_Graham_Comparacao_Final_v9/scripts/compute_maintenance.py,5363502d869091c6601c8c90c3efdc5f9c8bd4e8c730e1882bd2a1604cbae60f,,,PENDENTE; nao recalculado,False,False,,0.470757366515936,,,False,PRESERVADO_V9_OU_CENARIO_V12
maintain,2022,2022-06-30,2026-06-30,B06,conservative,SAPR4,0.14285714285714285,1.3156397232641064,1.2936462055361044,1.337786579663975,APROXIMACAO_CAIXA_V9,Barsi_Graham_Comparacao_Final_v9/scripts/compute_maintenance.py,5363502d869091c6601c8c90c3efdc5f9c8bd4e8c730e1882bd2a1604cbae60f,,,PENDENTE; nao recalculado,False,False,,0.3163836628552653,1.460008979163172,2.062417941415224,True,CALCULADO_MOTOR_V6_FRACIONARIO_PROVISORIO
maintain,2022,2022-06-30,2026-06-30,B06,conservative,SANB4,0.14285714285714285,0.1875889989076973,0.17298331110864362,0.20232987698474258,APROXIMACAO_CAIXA_V9,Barsi_Graham_Comparacao_Final_v9/scripts/compute_maintenance.py,5363502d869091c6601c8c90c3efdc5f9c8bd4e8c730e1882bd2a1604cbae60f,,,PENDENTE; nao recalculado,False,False,,0.21058397252921815,,,False,PRESERVADO_V9_OU_CENARIO_V12
maintain,2022,2022-06-30,2026-06-30,B06S,central,ITUB4,0.1,1.6456848588858892,1.6130286192868537,1.6786378745420047,APROXIMACAO_CAIXA_V9,Barsi_Graham_Comparacao_Final_v9/scripts/compute_maintenance.py,5363502d869091c6601c8c90c3efdc5f9c8bd4e8c730e1882bd2a1604cbae60f,,,PENDENTE; nao recalculado,False,False,,0.32953015656115525,,,False,PRESERVADO_V9_OU_CENARIO_V12
maintain,2022,2022-06-30,2026-06-30,B06S,central,SANB4,0.1,0.1875889989076973,0.17298331110864362,0.20232987698474258,APROXIMACAO_CAIXA_V9,Barsi_Graham_Comparacao_Final_v9/scripts/compute_maintenance.py,5363502d869091c6601c8c90c3efdc5f9c8bd4e8c730e1882bd2a1604cbae60f,,,PENDENTE; nao recalculado,False,False,,0.14740878077045272,,,False,PRESERVADO_V9_OU_CENARIO_V12
maintain,2022,2022-06-30,2026-06-30,B06S,central,TAEE4,0.1,0.4744942340347251,0.4496752620050002,0.49962952086136214,APROXIMACAO_CAIXA_V9,Barsi_Graham_Comparacao_Final_v9/scripts/compute_maintenance.py,5363502d869091c6601c8c90c3efdc5f9c8bd4e8c730e1882bd2a1604cbae60f,,,PENDENTE; nao recalculado,False,False,,0.25135286826637016,,,False,PRESERVADO_V9_OU_CENARIO_V12
maintain,2022,2022-06-30,2026-06-30,B06S,central,CPLE6,0.1,1.890015558028276,1.8589082269544437,1.9213666009606056,APROXIMACAO_CAIXA_V9,Barsi_Graham_Comparacao_Final_v9/scripts/compute_maintenance.py,5363502d869091c6601c8c90c3efdc5f9c8bd4e8c730e1882bd2a1604cbae60f,,,PENDENTE; nao recalculado,False,False,,0.313510429323296,,,False,PRESERVADO_V9_OU_CENARIO_V12
maintain,2022,2022-06-30,2026-06-30,B06S,central,SAPR4,0.2,1.3156397232641064,1.2936462055361044,1.337786579663975,APROXIMACAO_CAIXA_V9,Barsi_Graham_Comparacao_Final_v9/scripts/compute_maintenance.py,5363502d869091c6601c8c90c3efdc5f9c8bd4e8c730e1882bd2a1604cbae60f,,,PENDENTE; nao recalculado,False,False,,0.4429371279973715,1.460008979163172,2.8873851179813137,True,CALCULADO_MOTOR_V6_FRACIONARIO_PROVISORIO
maintain,2022,2022-06-30,2026-06-30,B06S,central,PSSA3,0.1,2.5558036521713237,2.5251844018525196,2.5866197689207087,APROXIMACAO_CAIXA_V9,Barsi_Graham_Comparacao_Final_v9/scripts/compute_maintenance.py,5363502d869091c6601c8c90c3efdc5f9c8bd4e8c730e1882bd2a1604cbae60f,,,PENDENTE; nao recalculado,False,False,,0.30816116749385003,2.725520299060366,1.6971664688904253,True,CALCULADO_MOTOR_V6_FRACIONARIO_PROVISORIO
maintain,2022,2022-06-30,2026-06-30,B06S,central,BBSE3,0.1,1.1978083598744758,1.1586483817493463,1.2374965757861291,APROXIMACAO_CAIXA_V9,Barsi_Graham_Comparacao_Final_v9/scripts/compute_maintenance.py,5363502d869091c6601c8c90c3efdc5f9c8bd4e8c730e1882bd2a1604cbae60f,1.2609255507319936,0.6311719085751788,CATALOGO_CAIXA_RI_NOMINAL_VERIFICADO; estrutura e completude geral pendentes,True,False,0.2342897494586449,0.3968821591165339,,,False,PRESERVADO_V9_OU_CENARIO_V12
maintain,2022,2022-06-30,2026-06-30,B06S,central,VIVT3,0.2,0.8332110584864394,0.8120052141428264,0.8546018717984742,APROXIMACAO_CAIXA_V9,Barsi_Graham_Comparacao_Final_v9/scripts/compute_maintenance.py,5363502d869091c6601c8c90c3efdc5f9c8bd4e8c730e1882bd2a1604cbae60f,,,PENDENTE; nao recalculado,False,False,,0.427816266240697,0.8585659434431652,0.5070976991345155,True,CALCULADO_MOTOR_V6_FRACIONARIO_PROVISORIO
maintain,2022,2022-06-30,2026-06-30,B06S,conservative,ITUB4,0.1,1.6456848588858892,1.6130286192868537,1.6786378745420047,APROXIMACAO_CAIXA_V9,Barsi_Graham_Comparacao_Final_v9/scripts/compute_maintenance.py,5363502d869091c6601c8c90c3efdc5f9c8bd4e8c730e1882bd2a1604cbae60f,,,PENDENTE; nao recalculado,False,False,,0.32953015656115525,,,False,PRESERVADO_V9_OU_CENARIO_V12
maintain,2022,2022-06-30,2026-06-30,B06S,conservative,SANB4,0.1,0.1875889989076973,0.17298331110864362,0.20232987698474258,APROXIMACAO_CAIXA_V9,Barsi_Graham_Comparacao_Final_v9/scripts/compute_maintenance.py,5363502d869091c6601c8c90c3efdc5f9c8bd4e8c730e1882bd2a1604cbae60f,,,PENDENTE; nao recalculado,False,False,,0.14740878077045272,,,False,PRESERVADO_V9_OU_CENARIO_V12
maintain,2022,2022-06-30,2026-06-30,B06S,conservative,TAEE4,0.2,0.4744942340347251,0.4496752620050002,0.49962952086136214,APROXIMACAO_CAIXA_V9,Barsi_Graham_Comparacao_Final_v9/scripts/compute_maintenance.py,5363502d869091c6601c8c90c3efdc5f9c8bd4e8c730e1882bd2a1604cbae60f,,,PENDENTE; nao recalculado,False,False,,0.5027057365327403,,,False,PRESERVADO_V9_OU_CENARIO_V12
maintain,2022,2022-06-30,2026-06-30,B06S,conservative,SAPR4,0.2,1.3156397232641064,1.2936462055361044,1.337786579663975,APROXIMACAO_CAIXA_V9,Barsi_Graham_Comparacao_Final_v9/scripts/compute_maintenance.py,5363502d869091c6601c8c90c3efdc5f9c8bd4e8c730e1882bd2a1604cbae60f,,,PENDENTE; nao recalculado,False,False,,0.4429371279973715,1.460008979163172,2.8873851179813137,True,CALCULADO_MOTOR_V6_FRACIONARIO_PROVISORIO
maintain,2022,2022-06-30,2026-06-30,B06S,conservative,PSSA3,0.1,2.5558036521713237,2.5251844018525196,2.5866197689207087,APROXIMACAO_CAIXA_V9,Barsi_Graham_Comparacao_Final_v9/scripts/compute_maintenance.py,5363502d869091c6601c8c90c3efdc5f9c8bd4e8c730e1882bd2a1604cbae60f,,,PENDENTE; nao recalculado,False,False,,0.30816116749385003,2.725520299060366,1.6971664688904253,True,CALCULADO_MOTOR_V6_FRACIONARIO_PROVISORIO
maintain,2022,2022-06-30,2026-06-30,B06S,conservative,BBSE3,0.1,1.1978083598744758,1.1586483817493463,1.2374965757861291,APROXIMACAO_CAIXA_V9,Barsi_Graham_Comparacao_Final_v9/scripts/compute_maintenance.py,5363502d869091c6601c8c90c3efdc5f9c8bd4e8c730e1882bd2a1604cbae60f,1.2609255507319936,0.6311719085751788,CATALOGO_CAIXA_RI_NOMINAL_VERIFICADO; estrutura e completude geral pendentes,True,False,0.2342897494586449,0.3968821591165339,,,False,PRESERVADO_V9_OU_CENARIO_V12
maintain,2022,2022-06-30,2026-06-30,B06S,conservative,VIVT3,0.2,0.8332110584864394,0.8120052141428264,0.8546018717984742,APROXIMACAO_CAIXA_V9,Barsi_Graham_Comparacao_Final_v9/scripts/compute_maintenance.py,5363502d869091c6601c8c90c3efdc5f9c8bd4e8c730e1882bd2a1604cbae60f,,,PENDENTE; nao recalculado,False,False,,0.427816266240697,0.8585659434431652,0.5070976991345155,True,CALCULADO_MOTOR_V6_FRACIONARIO_PROVISORIO
maintain,2023,2023-06-30,2026-06-30,B00,central,BBAS3,0.05263157894736842,0.02690907484183236,0.015044080636125834,0.03886291722882573,APROXIMACAO_CAIXA_V9,Barsi_Graham_Comparacao_Final_v9/scripts/compute_maintenance.py,5363502d869091c6601c8c90c3efdc5f9c8bd4e8c730e1882bd2a1604cbae60f,,,PENDENTE; nao recalculado,False,False,,0.06291495993154407,,,False,PRESERVADO_V9_OU_CENARIO_V12
maintain,2023,2023-06-30,2026-06-30,B00,central,NEOE3,0.05263157894736842,0.831039992891571,0.819148292132317,0.8429810098186026,APROXIMACAO_CAIXA_V9,Barsi_Graham_Comparacao_Final_v9/scripts/compute_maintenance.py,5363502d869091c6601c8c90c3efdc5f9c8bd4e8c730e1882bd2a1604cbae60f,,,PENDENTE; nao recalculado,False,False,,0.06284745751069228,,,False,PRESERVADO_V9_OU_CENARIO_V12
maintain,2023,2023-06-30,2026-06-30,B00,central,PSSA3,0.05263157894736842,1.1476304323265674,1.1337994078849638,1.161519790833896,APROXIMACAO_CAIXA_V9,Barsi_Graham_Comparacao_Final_v9/scripts/compute_maintenance.py,5363502d869091c6601c8c90c3efdc5f9c8bd4e8c730e1882bd2a1604cbae60f,,,PENDENTE; nao recalculado,False,False,,0.07310188688067647,1.2301951765151147,0.43455128520288056,True,CALCULADO_MOTOR_V6_FRACIONARIO_PROVISORIO
maintain,2023,2023-06-30,2026-06-30,B00,central,CPFE3,0.05263157894736842,0.6361864523420797,0.6182687130762825,0.6542353713316795,APROXIMACAO_CAIXA_V9,Barsi_Graham_Comparacao_Final_v9/scripts/compute_maintenance.py,5363502d869091c6601c8c90c3efdc5f9c8bd4e8c730e1882bd2a1604cbae60f,,,PENDENTE; nao recalculado,False,False,,0.09499431047157797,,,False,PRESERVADO_V9_OU_CENARIO_V12
maintain,2023,2023-06-30,2026-06-30,B00,central,VIVT3,0.05263157894736842,0.8825345846852688,0.8659639266279879,0.8992024582135767,APROXIMACAO_CAIXA_V9,Barsi_Graham_Comparacao_Final_v9/scripts/compute_maintenance.py,5363502d869091c6601c8c90c3efdc5f9c8bd4e8c730e1882bd2a1604cbae60f,,,PENDENTE; nao recalculado,False,False,,0.08772565014898892,0.900816592844256,0.09622109557361669,True,CALCULADO_MOTOR_V6_FRACIONARIO_PROVISORIO
maintain,2023,2023-06-30,2026-06-30,B00,central,TRPL4,0.05263157894736842,0.35636783826402785,0.3432189332241906,0.36959758475698523,APROXIMACAO_CAIXA_V9,Barsi_Graham_Comparacao_Final_v9/scripts/compute_maintenance.py,5363502d869091c6601c8c90c3efdc5f9c8bd4e8c730e1882bd2a1604cbae60f,,,PENDENTE; nao recalculado,False,False,,0.0696302446997757,,,False,PRESERVADO_V9_OU_CENARIO_V12
maintain,2023,2023-06-30,2026-06-30,B00,central,EQTL3,0.05263157894736842,0.26076624329219045,0.25825699581001293,0.26327874849180155,APROXIMACAO_CAIXA_V9,Barsi_Graham_Comparacao_Final_v9/scripts/compute_maintenance.py,5363502d869091c6601c8c90c3efdc5f9c8bd4e8c730e1882bd2a1604cbae60f,,,PENDENTE; nao recalculado,False,False,,0.013223711576900544,,,False,PRESERVADO_V9_OU_CENARIO_V12
maintain,2023,2023-06-30,2026-06-30,B00,central,ENBR3,0.05263157894736842,0.004657070279424191,0.004657070279424191,0.004657070279424191,APROXIMACAO_CAIXA_V9,Barsi_Graham_Comparacao_Final_v9/scripts/compute_maintenance.py,5363502d869091c6601c8c90c3efdc5f9c8bd4e8c730e1882bd2a1604cbae60f,0.004657070279424191,0.0,MESMA_CLASSE_E_MOTOR_GRAHAM; cobertura documental herdada parcial,True,False,0.0,0.0,,,False,PRESERVADO_V9_OU_CENARIO_V12
maintain,2023,2023-06-30,2026-06-30,B00,central,TAEE4,0.05263157894736842,0.3742137697552854,0.3574081916787295,0.39115688283491057,APROXIMACAO_CAIXA_V9,Barsi_Graham_Comparacao_Final_v9/scripts/compute_maintenance.py,5363502d869091c6601c8c90c3efdc5f9c8bd4e8c730e1882bd2a1604cbae60f,,,PENDENTE; nao recalculado,False,False,,0.08917427936644814,,,False,PRESERVADO_V9_OU_CENARIO_V12
maintain,2023,2023-06-30,2026-06-30,B00,central,CMIG4,0.05263157894736842,0.4609268954023058,0.44117173928498166,0.48086145329949326,APROXIMACAO_CAIXA_V9,Barsi_Graham_Comparacao_Final_v9/scripts/compute_maintenance.py,5363502d869091c6601c8c90c3efdc5f9c8bd4e8c730e1882bd2a1604cbae60f,,,PENDENTE; nao recalculado,False,False,,0.1049187257746708,,,False,PRESERVADO_V9_OU_CENARIO_V12
maintain,2023,2023-06-30,2026-06-30,B00,central,CSMG3,0.05263157894736842,2.8027813680423272,2.7604446518665817,2.845415199629863,CHECKPOINT_EVENTOS_V6_HERDADO,runtime/Barsi_Graham_Retomada_v8/herdado_v7/herdado_v6/checkpoints/casos_v6/CSMG3_2023-06-30_2026-06-30.json,35979c5b4b01c8753c1856bf5d98cfa5d9d819f2182516230e70747db2aa0aa3,2.8027813680423272,0.0,MESMA_CLASSE_E_MOTOR_GRAHAM; cobertura documental herdada parcial,True,False,-0.22438858730281916,0.22438858730281916,,,False,PRESERVADO_V9_OU_CENARIO_V12
maintain,2023,2023-06-30,2026-06-30,B00,central,BBSE3,0.05263157894736842,0.7046385629835648,0.6810473524139984,0.7284482568687116,APROXIMACAO_CAIXA_V9,Barsi_Graham_Comparacao_Final_v9/scripts/compute_maintenance.py,5363502d869091c6601c8c90c3efdc5f9c8bd4e8c730e1882bd2a1604cbae60f,0.7488758761088727,0.23282796381741044,CATALOGO_CAIXA_RI_NOMINAL_VERIFICADO; estrutura e completude geral pendentes,True,False,0.1075137854745322,0.12531417834287822,,,False,PRESERVADO_V9_OU_CENARIO_V12
maintain,2023,2023-06-30,2026-06-30,B00,central,ABCB4,0.05263157894736842,0.6170602461755934,0.5970004919127896,0.6372857517760324,APROXIMACAO_CAIXA_V9,Barsi_Graham_Comparacao_Final_v9/scripts/compute_maintenance.py,5363502d869091c6601c8c90c3efdc5f9c8bd4e8c730e1882bd2a1604cbae60f,,,PENDENTE; nao recalculado,False,False,,0.10645002947599477,,,False,PRESERVADO_V9_OU_CENARIO_V12
maintain,2023,2023-06-30,2026-06-30,B00,central,SBSP3,0.05263157894736842,2.1092357232653,2.0838548843162488,2.134713108247144,APROXIMACAO_CAIXA_V9,Barsi_Graham_Comparacao_Final_v9/scripts/compute_maintenance.py,5363502d869091c6601c8c90c3efdc5f9c8bd4e8c730e1882bd2a1604cbae60f,1.9113493683314275,-1.0415071312309079,MESMA_CLASSE_E_MOTOR_GRAHAM; cobertura documental herdada parcial,True,False,-1.1755986311353508,0.1340914999044429,,,False,PRESERVADO_V9_OU_CENARIO_V12
maintain,2023,2023-06-30,2026-06-30,B00,central,BBDC4,0.05263157894736842,0.40027670449058506,0.3841566166699555,0.41651793953498917,APROXIMACAO_CAIXA_V9,Barsi_Graham_Comparacao_Final_v9/scripts/compute_maintenance.py,5363502d869091c6601c8c90c3efdc5f9c8bd4e8c730e1882bd2a1604cbae60f,,,PENDENTE; nao recalculado,False,False,,0.08548018444423217,,,False,PRESERVADO_V9_OU_CENARIO_V12
maintain,2023,2023-06-30,2026-06-30,B00,central,ITUB4,0.05263157894736842,1.0291863571324744,1.0080035185435214,1.0505150156255958,APROXIMACAO_CAIXA_V9,Barsi_Graham_Comparacao_Final_v9/scripts/compute_maintenance.py,5363502d869091c6601c8c90c3efdc5f9c8bd4e8c730e1882bd2a1604cbae60f,,,PENDENTE; nao recalculado,False,False,,0.11225609733221777,,,False,PRESERVADO_V9_OU_CENARIO_V12
maintain,2023,2023-06-30,2026-06-30,B00,central,CPLE6,0.05263157894736842,1.21784340014979,1.2015156649302492,1.234245997935271,APROXIMACAO_CAIXA_V9,Barsi_Graham_Comparacao_Final_v9/scripts/compute_maintenance.py,5363502d869091c6601c8c90c3efdc5f9c8bd4e8c730e1882bd2a1604cbae60f,,,PENDENTE; nao recalculado,False,False,,0.08632946202884695,,,False,PRESERVADO_V9_OU_CENARIO_V12
maintain,2023,2023-06-30,2026-06-30,B00,central,SAPR4,0.05263157894736842,0.8405360242137345,0.8290250650194342,0.8520935635568316,APROXIMACAO_CAIXA_V9,Barsi_Graham_Comparacao_Final_v9/scripts/compute_maintenance.py,5363502d869091c6601c8c90c3efdc5f9c8bd4e8c730e1882bd2a1604cbae60f,,,PENDENTE; nao recalculado,False,False,,0.06082915443735321,0.9281166602940274,0.46095071621206773,True,CALCULADO_MOTOR_V6_FRACIONARIO_PROVISORIO
maintain,2023,2023-06-30,2026-06-30,B00,central,SANB4,0.05263157894736842,0.04329218077419861,0.033531632224367725,0.053113318766864204,APROXIMACAO_CAIXA_V9,Barsi_Graham_Comparacao_Final_v9/scripts/compute_maintenance.py,5363502d869091c6601c8c90c3efdc5f9c8bd4e8c730e1882bd2a1604cbae60f,,,PENDENTE; nao recalculado,False,False,,0.05169019996139787,,,False,PRESERVADO_V9_OU_CENARIO_V12
maintain,2023,2023-06-30,2026-06-30,B00,conservative,BBAS3,0.05263157894736842,0.02690907484183236,0.015044080636125834,0.03886291722882573,APROXIMACAO_CAIXA_V9,Barsi_Graham_Comparacao_Final_v9/scripts/compute_maintenance.py,5363502d869091c6601c8c90c3efdc5f9c8bd4e8c730e1882bd2a1604cbae60f,,,PENDENTE; nao recalculado,False,False,,0.06291495993154407,,,False,PRESERVADO_V9_OU_CENARIO_V12
maintain,2023,2023-06-30,2026-06-30,B00,conservative,NEOE3,0.05263157894736842,0.831039992891571,0.819148292132317,0.8429810098186026,APROXIMACAO_CAIXA_V9,Barsi_Graham_Comparacao_Final_v9/scripts/compute_maintenance.py,5363502d869091c6601c8c90c3efdc5f9c8bd4e8c730e1882bd2a1604cbae60f,,,PENDENTE; nao recalculado,False,False,,0.06284745751069228,,,False,PRESERVADO_V9_OU_CENARIO_V12
maintain,2023,2023-06-30,2026-06-30,B00,conservative,PSSA3,0.05263157894736842,1.1476304323265674,1.1337994078849638,1.161519790833896,APROXIMACAO_CAIXA_V9,Barsi_Graham_Comparacao_Final_v9/scripts/compute_maintenance.py,5363502d869091c6601c8c90c3efdc5f9c8bd4e8c730e1882bd2a1604cbae60f,,,PENDENTE; nao recalculado,False,False,,0.07310188688067647,1.2301951765151147,0.43455128520288056,True,CALCULADO_MOTOR_V6_FRACIONARIO_PROVISORIO
maintain,2023,2023-06-30,2026-06-30,B00,conservative,CPFE3,0.05263157894736842,0.6361864523420797,0.6182687130762825,0.6542353713316795,APROXIMACAO_CAIXA_V9,Barsi_Graham_Comparacao_Final_v9/scripts/compute_maintenance.py,5363502d869091c6601c8c90c3efdc5f9c8bd4e8c730e1882bd2a1604cbae60f,,,PENDENTE; nao recalculado,False,False,,0.09499431047157797,,,False,PRESERVADO_V9_OU_CENARIO_V12
maintain,2023,2023-06-30,2026-06-30,B00,conservative,VIVT3,0.05263157894736842,0.8825345846852688,0.8659639266279879,0.8992024582135767,APROXIMACAO_CAIXA_V9,Barsi_Graham_Comparacao_Final_v9/scripts/compute_maintenance.py,5363502d869091c6601c8c90c3efdc5f9c8bd4e8c730e1882bd2a1604cbae60f,,,PENDENTE; nao recalculado,False,False,,0.08772565014898892,0.900816592844256,0.09622109557361669,True,CALCULADO_MOTOR_V6_FRACIONARIO_PROVISORIO
maintain,2023,2023-06-30,2026-06-30,B00,conservative,TRPL4,0.05263157894736842,0.35636783826402785,0.3432189332241906,0.36959758475698523,APROXIMACAO_CAIXA_V9,Barsi_Graham_Comparacao_Final_v9/scripts/compute_maintenance.py,5363502d869091c6601c8c90c3efdc5f9c8bd4e8c730e1882bd2a1604cbae60f,,,PENDENTE; nao recalculado,False,False,,0.0696302446997757,,,False,PRESERVADO_V9_OU_CENARIO_V12
maintain,2023,2023-06-30,2026-06-30,B00,conservative,EQTL3,0.05263157894736842,0.26076624329219045,0.25825699581001293,0.26327874849180155,APROXIMACAO_CAIXA_V9,Barsi_Graham_Comparacao_Final_v9/scripts/compute_maintenance.py,5363502d869091c6601c8c90c3efdc5f9c8bd4e8c730e1882bd2a1604cbae60f,,,PENDENTE; nao recalculado,False,False,,0.013223711576900544,,,False,PRESERVADO_V9_OU_CENARIO_V12
maintain,2023,2023-06-30,2026-06-30,B00,conservative,ENBR3,0.05263157894736842,0.004657070279424191,0.004657070279424191,0.004657070279424191,APROXIMACAO_CAIXA_V9,Barsi_Graham_Comparacao_Final_v9/scripts/compute_maintenance.py,5363502d869091c6601c8c90c3efdc5f9c8bd4e8c730e1882bd2a1604cbae60f,0.004657070279424191,0.0,MESMA_CLASSE_E_MOTOR_GRAHAM; cobertura documental herdada parcial,True,False,0.0,0.0,,,False,PRESERVADO_V9_OU_CENARIO_V12
maintain,2023,2023-06-30,2026-06-30,B00,conservative,TAEE4,0.05263157894736842,0.3742137697552854,0.3574081916787295,0.39115688283491057,APROXIMACAO_CAIXA_V9,Barsi_Graham_Comparacao_Final_v9/scripts/compute_maintenance.py,5363502d869091c6601c8c90c3efdc5f9c8bd4e8c730e1882bd2a1604cbae60f,,,PENDENTE; nao recalculado,False,False,,0.08917427936644814,,,False,PRESERVADO_V9_OU_CENARIO_V12
maintain,2023,2023-06-30,2026-06-30,B00,conservative,CMIG4,0.05263157894736842,0.4609268954023058,0.44117173928498166,0.48086145329949326,APROXIMACAO_CAIXA_V9,Barsi_Graham_Comparacao_Final_v9/scripts/compute_maintenance.py,5363502d869091c6601c8c90c3efdc5f9c8bd4e8c730e1882bd2a1604cbae60f,,,PENDENTE; nao recalculado,False,False,,0.1049187257746708,,,False,PRESERVADO_V9_OU_CENARIO_V12
maintain,2023,2023-06-30,2026-06-30,B00,conservative,CSMG3,0.05263157894736842,2.8027813680423272,2.7604446518665817,2.845415199629863,CHECKPOINT_EVENTOS_V6_HERDADO,runtime/Barsi_Graham_Retomada_v8/herdado_v7/herdado_v6/checkpoints/casos_v6/CSMG3_2023-06-30_2026-06-30.json,35979c5b4b01c8753c1856bf5d98cfa5d9d819f2182516230e70747db2aa0aa3,2.8027813680423272,0.0,MESMA_CLASSE_E_MOTOR_GRAHAM; cobertura documental herdada parcial,True,False,-0.22438858730281916,0.22438858730281916,,,False,PRESERVADO_V9_OU_CENARIO_V12
maintain,2023,2023-06-30,2026-06-30,B00,conservative,BBSE3,0.05263157894736842,0.7046385629835648,0.6810473524139984,0.7284482568687116,APROXIMACAO_CAIXA_V9,Barsi_Graham_Comparacao_Final_v9/scripts/compute_maintenance.py,5363502d869091c6601c8c90c3efdc5f9c8bd4e8c730e1882bd2a1604cbae60f,0.7488758761088727,0.23282796381741044,CATALOGO_CAIXA_RI_NOMINAL_VERIFICADO; estrutura e completude geral pendentes,True,False,0.1075137854745322,0.12531417834287822,,,False,PRESERVADO_V9_OU_CENARIO_V12
maintain,2023,2023-06-30,2026-06-30,B00,conservative,ABCB4,0.05263157894736842,0.6170602461755934,0.5970004919127896,0.6372857517760324,APROXIMACAO_CAIXA_V9,Barsi_Graham_Comparacao_Final_v9/scripts/compute_maintenance.py,5363502d869091c6601c8c90c3efdc5f9c8bd4e8c730e1882bd2a1604cbae60f,,,PENDENTE; nao recalculado,False,False,,0.10645002947599477,,,False,PRESERVADO_V9_OU_CENARIO_V12
maintain,2023,2023-06-30,2026-06-30,B00,conservative,SBSP3,0.05263157894736842,2.1092357232653,2.0838548843162488,2.134713108247144,APROXIMACAO_CAIXA_V9,Barsi_Graham_Comparacao_Final_v9/scripts/compute_maintenance.py,5363502d869091c6601c8c90c3efdc5f9c8bd4e8c730e1882bd2a1604cbae60f,1.9113493683314275,-1.0415071312309079,MESMA_CLASSE_E_MOTOR_GRAHAM; cobertura documental herdada parcial,True,False,-1.1755986311353508,0.1340914999044429,,,False,PRESERVADO_V9_OU_CENARIO_V12
maintain,2023,2023-06-30,2026-06-30,B00,conservative,BBDC4,0.05263157894736842,0.40027670449058506,0.3841566166699555,0.41651793953498917,APROXIMACAO_CAIXA_V9,Barsi_Graham_Comparacao_Final_v9/scripts/compute_maintenance.py,5363502d869091c6601c8c90c3efdc5f9c8bd4e8c730e1882bd2a1604cbae60f,,,PENDENTE; nao recalculado,False,False,,0.08548018444423217,,,False,PRESERVADO_V9_OU_CENARIO_V12
maintain,2023,2023-06-30,2026-06-30,B00,conservative,ITUB4,0.05263157894736842,1.0291863571324744,1.0080035185435214,1.0505150156255958,APROXIMACAO_CAIXA_V9,Barsi_Graham_Comparacao_Final_v9/scripts/compute_maintenance.py,5363502d869091c6601c8c90c3efdc5f9c8bd4e8c730e1882bd2a1604cbae60f,,,PENDENTE; nao recalculado,False,False,,0.11225609733221777,,,False,PRESERVADO_V9_OU_CENARIO_V12
maintain,2023,2023-06-30,2026-06-30,B00,conservative,CPLE6,0.05263157894736842,1.21784340014979,1.2015156649302492,1.234245997935271,APROXIMACAO_CAIXA_V9,Barsi_Graham_Comparacao_Final_v9/scripts/compute_maintenance.py,5363502d869091c6601c8c90c3efdc5f9c8bd4e8c730e1882bd2a1604cbae60f,,,PENDENTE; nao recalculado,False,False,,0.08632946202884695,,,False,PRESERVADO_V9_OU_CENARIO_V12
maintain,2023,2023-06-30,2026-06-30,B00,conservative,SAPR4,0.05263157894736842,0.8405360242137345,0.8290250650194342,0.8520935635568316,APROXIMACAO_CAIXA_V9,Barsi_Graham_Comparacao_Final_v9/scripts/compute_maintenance.py,5363502d869091c6601c8c90c3efdc5f9c8bd4e8c730e1882bd2a1604cbae60f,,,PENDENTE; nao recalculado,False,False,,0.06082915443735321,0.9281166602940274,0.46095071621206773,True,CALCULADO_MOTOR_V6_FRACIONARIO_PROVISORIO
maintain,2023,2023-06-30,2026-06-30,B00,conservative,SANB4,0.05263157894736842,0.04329218077419861,0.033531632224367725,0.053113318766864204,APROXIMACAO_CAIXA_V9,Barsi_Graham_Comparacao_Final_v9/scripts/compute_maintenance.py,5363502d869091c6601c8c90c3efdc5f9c8bd4e8c730e1882bd2a1604cbae60f,,,PENDENTE; nao recalculado,False,False,,0.05169019996139787,,,False,PRESERVADO_V9_OU_CENARIO_V12
maintain,2023,2023-06-30,2026-06-30,B00S,central,BBAS3,0.04,0.02690907484183236,0.015044080636125834,0.03886291722882573,APROXIMACAO_CAIXA_V9,Barsi_Graham_Comparacao_Final_v9/scripts/compute_maintenance.py,5363502d869091c6601c8c90c3efdc5f9c8bd4e8c730e1882bd2a1604cbae60f,,,PENDENTE; nao recalculado,False,False,,0.047815369547973496,,,False,PRESERVADO_V9_OU_CENARIO_V12
maintain,2023,2023-06-30,2026-06-30,B00S,central,ABCB4,0.04,0.6170602461755934,0.5970004919127896,0.6372857517760324,APROXIMACAO_CAIXA_V9,Barsi_Graham_Comparacao_Final_v9/scripts/compute_maintenance.py,5363502d869091c6601c8c90c3efdc5f9c8bd4e8c730e1882bd2a1604cbae60f,,,PENDENTE; nao recalculado,False,False,,0.08090202240175604,,,False,PRESERVADO_V9_OU_CENARIO_V12
maintain,2023,2023-06-30,2026-06-30,B00S,central,BBDC4,0.04,0.40027670449058506,0.3841566166699555,0.41651793953498917,APROXIMACAO_CAIXA_V9,Barsi_Graham_Comparacao_Final_v9/scripts/compute_maintenance.py,5363502d869091c6601c8c90c3efdc5f9c8bd4e8c730e1882bd2a1604cbae60f,,,PENDENTE; nao recalculado,False,False,,0.06496494017761645,,,False,PRESERVADO_V9_OU_CENARIO_V12
maintain,2023,2023-06-30,2026-06-30,B00S,central,ITUB4,0.04,1.0291863571324744,1.0080035185435214,1.0505150156255958,APROXIMACAO_CAIXA_V9,Barsi_Graham_Comparacao_Final_v9/scripts/compute_maintenance.py,5363502d869091c6601c8c90c3efdc5f9c8bd4e8c730e1882bd2a1604cbae60f,,,PENDENTE; nao recalculado,False,False,,0.08531463397248551,,,False,PRESERVADO_V9_OU_CENARIO_V12
maintain,2023,2023-06-30,2026-06-30,B00S,central,SANB4,0.04,0.04329218077419861,0.033531632224367725,0.053113318766864204,APROXIMACAO_CAIXA_V9,Barsi_Graham_Comparacao_Final_v9/scripts/compute_maintenance.py,5363502d869091c6601c8c90c3efdc5f9c8bd4e8c730e1882bd2a1604cbae60f,,,PENDENTE; nao recalculado,False,False,,0.039284551970662385,,,False,PRESERVADO_V9_OU_CENARIO_V12
maintain,2023,2023-06-30,2026-06-30,B00S,central,NEOE3,0.025,0.831039992891571,0.819148292132317,0.8429810098186026,APROXIMACAO_CAIXA_V9,Barsi_Graham_Comparacao_Final_v9/scripts/compute_maintenance.py,5363502d869091c6601c8c90c3efdc5f9c8bd4e8c730e1882bd2a1604cbae60f,,,PENDENTE; nao recalculado,False,False,,0.029852542317578834,,,False,PRESERVADO_V9_OU_CENARIO_V12
maintain,2023,2023-06-30,2026-06-30,B00S,central,CPFE3,0.025,0.6361864523420797,0.6182687130762825,0.6542353713316795,APROXIMACAO_CAIXA_V9,Barsi_Graham_Comparacao_Final_v9/scripts/compute_maintenance.py,5363502d869091c6601c8c90c3efdc5f9c8bd4e8c730e1882bd2a1604cbae60f,,,PENDENTE; nao recalculado,False,False,,0.04512229747399954,,,False,PRESERVADO_V9_OU_CENARIO_V12
maintain,2023,2023-06-30,2026-06-30,B00S,central,TRPL4,0.025,0.35636783826402785,0.3432189332241906,0.36959758475698523,APROXIMACAO_CAIXA_V9,Barsi_Graham_Comparacao_Final_v9/scripts/compute_maintenance.py,5363502d869091c6601c8c90c3efdc5f9c8bd4e8c730e1882bd2a1604cbae60f,,,PENDENTE; nao recalculado,False,False,,0.03307436623239346,,,False,PRESERVADO_V9_OU_CENARIO_V12
maintain,2023,2023-06-30,2026-06-30,B00S,central,EQTL3,0.025,0.26076624329219045,0.25825699581001293,0.26327874849180155,APROXIMACAO_CAIXA_V9,Barsi_Graham_Comparacao_Final_v9/scripts/compute_maintenance.py,5363502d869091c6601c8c90c3efdc5f9c8bd4e8c730e1882bd2a1604cbae60f,,,PENDENTE; nao recalculado,False,False,,0.006281262999027759,,,False,PRESERVADO_V9_OU_CENARIO_V12
maintain,2023,2023-06-30,2026-06-30,B00S,central,ENBR3,0.025,0.004657070279424191,0.004657070279424191,0.004657070279424191,APROXIMACAO_CAIXA_V9,Barsi_Graham_Comparacao_Final_v9/scripts/compute_maintenance.py,5363502d869091c6601c8c90c3efdc5f9c8bd4e8c730e1882bd2a1604cbae60f,0.004657070279424191,0.0,MESMA_CLASSE_E_MOTOR_GRAHAM; cobertura documental herdada parcial,True,False,0.0,0.0,,,False,PRESERVADO_V9_OU_CENARIO_V12
maintain,2023,2023-06-30,2026-06-30,B00S,central,TAEE4,0.025,0.3742137697552854,0.3574081916787295,0.39115688283491057,APROXIMACAO_CAIXA_V9,Barsi_Graham_Comparacao_Final_v9/scripts/compute_maintenance.py,5363502d869091c6601c8c90c3efdc5f9c8bd4e8c730e1882bd2a1604cbae60f,,,PENDENTE; nao recalculado,False,False,,0.042357782699062874,,,False,PRESERVADO_V9_OU_CENARIO_V12
maintain,2023,2023-06-30,2026-06-30,B00S,central,CMIG4,0.025,0.4609268954023058,0.44117173928498166,0.48086145329949326,APROXIMACAO_CAIXA_V9,Barsi_Graham_Comparacao_Final_v9/scripts/compute_maintenance.py,5363502d869091c6601c8c90c3efdc5f9c8bd4e8c730e1882bd2a1604cbae60f,,,PENDENTE; nao recalculado,False,False,,0.04983639474296864,,,False,PRESERVADO_V9_OU_CENARIO_V12
maintain,2023,2023-06-30,2026-06-30,B00S,central,CPLE6,0.025,1.21784340014979,1.2015156649302492,1.234245997935271,APROXIMACAO_CAIXA_V9,Barsi_Graham_Comparacao_Final_v9/scripts/compute_maintenance.py,5363502d869091c6601c8c90c3efdc5f9c8bd4e8c730e1882bd2a1604cbae60f,,,PENDENTE; nao recalculado,False,False,,0.0410064944637023,,,False,PRESERVADO_V9_OU_CENARIO_V12
maintain,2023,2023-06-30,2026-06-30,B00S,central,CSMG3,0.06666666666666667,2.8027813680423272,2.7604446518665817,2.845415199629863,CHECKPOINT_EVENTOS_V6_HERDADO,runtime/Barsi_Graham_Retomada_v8/herdado_v7/herdado_v6/checkpoints/casos_v6/CSMG3_2023-06-30_2026-06-30.json,35979c5b4b01c8753c1856bf5d98cfa5d9d819f2182516230e70747db2aa0aa3,2.8027813680423272,0.0,MESMA_CLASSE_E_MOTOR_GRAHAM; cobertura documental herdada parcial,True,False,-0.2842255439169043,0.2842255439169043,,,False,PRESERVADO_V9_OU_CENARIO_V12
maintain,2023,2023-06-30,2026-06-30,B00S,central,SBSP3,0.06666666666666667,2.1092357232653,2.0838548843162488,2.134713108247144,APROXIMACAO_CAIXA_V9,Barsi_Graham_Comparacao_Final_v9/scripts/compute_maintenance.py,5363502d869091c6601c8c90c3efdc5f9c8bd4e8c730e1882bd2a1604cbae60f,1.9113493683314275,-1.3192423662258168,MESMA_CLASSE_E_MOTOR_GRAHAM; cobertura documental herdada parcial,True,False,-1.4890915994381113,0.16984923321229436,,,False,PRESERVADO_V9_OU_CENARIO_V12
maintain,2023,2023-06-30,2026-06-30,B00S,central,SAPR4,0.06666666666666667,0.8405360242137345,0.8290250650194342,0.8520935635568316,APROXIMACAO_CAIXA_V9,Barsi_Graham_Comparacao_Final_v9/scripts/compute_maintenance.py,5363502d869091c6601c8c90c3efdc5f9c8bd4e8c730e1882bd2a1604cbae60f,,,PENDENTE; nao recalculado,False,False,,0.07705026228731408,0.9281166602940274,0.5838709072019526,True,CALCULADO_MOTOR_V6_FRACIONARIO_PROVISORIO
maintain,2023,2023-06-30,2026-06-30,B00S,central,PSSA3,0.1,1.1476304323265674,1.1337994078849638,1.161519790833896,APROXIMACAO_CAIXA_V9,Barsi_Graham_Comparacao_Final_v9/scripts/compute_maintenance.py,5363502d869091c6601c8c90c3efdc5f9c8bd4e8c730e1882bd2a1604cbae60f,,,PENDENTE; nao recalculado,False,False,,0.1388935850732853,1.2301951765151147,0.8256474418854731,True,CALCULADO_MOTOR_V6_FRACIONARIO_PROVISORIO
maintain,2023,2023-06-30,2026-06-30,B00S,central,BBSE3,0.1,0.7046385629835648,0.6810473524139984,0.7284482568687116,APROXIMACAO_CAIXA_V9,Barsi_Graham_Comparacao_Final_v9/scripts/compute_maintenance.py,5363502d869091c6601c8c90c3efdc5f9c8bd4e8c730e1882bd2a1604cbae60f,0.7488758761088727,0.44237313125307987,CATALOGO_CAIXA_RI_NOMINAL_VERIFICADO; estrutura e completude geral pendentes,True,False,0.2042761924016112,0.23809693885146865,,,False,PRESERVADO_V9_OU_CENARIO_V12
maintain,2023,2023-06-30,2026-06-30,B00S,central,VIVT3,0.2,0.8825345846852688,0.8659639266279879,0.8992024582135767,APROXIMACAO_CAIXA_V9,Barsi_Graham_Comparacao_Final_v9/scripts/compute_maintenance.py,5363502d869091c6601c8c90c3efdc5f9c8bd4e8c730e1882bd2a1604cbae60f,,,PENDENTE; nao recalculado,False,False,,0.33335747056615794,0.900816592844256,0.36564016317974346,True,CALCULADO_MOTOR_V6_FRACIONARIO_PROVISORIO
maintain,2023,2023-06-30,2026-06-30,B00S,conservative,BBAS3,0.04,0.02690907484183236,0.015044080636125834,0.03886291722882573,APROXIMACAO_CAIXA_V9,Barsi_Graham_Comparacao_Final_v9/scripts/compute_maintenance.py,5363502d869091c6601c8c90c3efdc5f9c8bd4e8c730e1882bd2a1604cbae60f,,,PENDENTE; nao recalculado,False,False,,0.047815369547973496,,,False,PRESERVADO_V9_OU_CENARIO_V12
maintain,2023,2023-06-30,2026-06-30,B00S,conservative,ABCB4,0.04,0.6170602461755934,0.5970004919127896,0.6372857517760324,APROXIMACAO_CAIXA_V9,Barsi_Graham_Comparacao_Final_v9/scripts/compute_maintenance.py,5363502d869091c6601c8c90c3efdc5f9c8bd4e8c730e1882bd2a1604cbae60f,,,PENDENTE; nao recalculado,False,False,,0.08090202240175604,,,False,PRESERVADO_V9_OU_CENARIO_V12
maintain,2023,2023-06-30,2026-06-30,B00S,conservative,BBDC4,0.04,0.40027670449058506,0.3841566166699555,0.41651793953498917,APROXIMACAO_CAIXA_V9,Barsi_Graham_Comparacao_Final_v9/scripts/compute_maintenance.py,5363502d869091c6601c8c90c3efdc5f9c8bd4e8c730e1882bd2a1604cbae60f,,,PENDENTE; nao recalculado,False,False,,0.06496494017761645,,,False,PRESERVADO_V9_OU_CENARIO_V12
maintain,2023,2023-06-30,2026-06-30,B00S,conservative,ITUB4,0.04,1.0291863571324744,1.0080035185435214,1.0505150156255958,APROXIMACAO_CAIXA_V9,Barsi_Graham_Comparacao_Final_v9/scripts/compute_maintenance.py,5363502d869091c6601c8c90c3efdc5f9c8bd4e8c730e1882bd2a1604cbae60f,,,PENDENTE; nao recalculado,False,False,,0.08531463397248551,,,False,PRESERVADO_V9_OU_CENARIO_V12
maintain,2023,2023-06-30,2026-06-30,B00S,conservative,SANB4,0.04,0.04329218077419861,0.033531632224367725,0.053113318766864204,APROXIMACAO_CAIXA_V9,Barsi_Graham_Comparacao_Final_v9/scripts/compute_maintenance.py,5363502d869091c6601c8c90c3efdc5f9c8bd4e8c730e1882bd2a1604cbae60f,,,PENDENTE; nao recalculado,False,False,,0.039284551970662385,,,False,PRESERVADO_V9_OU_CENARIO_V12
maintain,2023,2023-06-30,2026-06-30,B00S,conservative,NEOE3,0.025,0.831039992891571,0.819148292132317,0.8429810098186026,APROXIMACAO_CAIXA_V9,Barsi_Graham_Comparacao_Final_v9/scripts/compute_maintenance.py,5363502d869091c6601c8c90c3efdc5f9c8bd4e8c730e1882bd2a1604cbae60f,,,PENDENTE; nao recalculado,False,False,,0.029852542317578834,,,False,PRESERVADO_V9_OU_CENARIO_V12
maintain,2023,2023-06-30,2026-06-30,B00S,conservative,CPFE3,0.025,0.6361864523420797,0.6182687130762825,0.6542353713316795,APROXIMACAO_CAIXA_V9,Barsi_Graham_Comparacao_Final_v9/scripts/compute_maintenance.py,5363502d869091c6601c8c90c3efdc5f9c8bd4e8c730e1882bd2a1604cbae60f,,,PENDENTE; nao recalculado,False,False,,0.04512229747399954,,,False,PRESERVADO_V9_OU_CENARIO_V12
maintain,2023,2023-06-30,2026-06-30,B00S,conservative,TRPL4,0.025,0.35636783826402785,0.3432189332241906,0.36959758475698523,APROXIMACAO_CAIXA_V9,Barsi_Graham_Comparacao_Final_v9/scripts/compute_maintenance.py,5363502d869091c6601c8c90c3efdc5f9c8bd4e8c730e1882bd2a1604cbae60f,,,PENDENTE; nao recalculado,False,False,,0.03307436623239346,,,False,PRESERVADO_V9_OU_CENARIO_V12
maintain,2023,2023-06-30,2026-06-30,B00S,conservative,EQTL3,0.025,0.26076624329219045,0.25825699581001293,0.26327874849180155,APROXIMACAO_CAIXA_V9,Barsi_Graham_Comparacao_Final_v9/scripts/compute_maintenance.py,5363502d869091c6601c8c90c3efdc5f9c8bd4e8c730e1882bd2a1604cbae60f,,,PENDENTE; nao recalculado,False,False,,0.006281262999027759,,,False,PRESERVADO_V9_OU_CENARIO_V12
maintain,2023,2023-06-30,2026-06-30,B00S,conservative,ENBR3,0.025,0.004657070279424191,0.004657070279424191,0.004657070279424191,APROXIMACAO_CAIXA_V9,Barsi_Graham_Comparacao_Final_v9/scripts/compute_maintenance.py,5363502d869091c6601c8c90c3efdc5f9c8bd4e8c730e1882bd2a1604cbae60f,0.004657070279424191,0.0,MESMA_CLASSE_E_MOTOR_GRAHAM; cobertura documental herdada parcial,True,False,0.0,0.0,,,False,PRESERVADO_V9_OU_CENARIO_V12
maintain,2023,2023-06-30,2026-06-30,B00S,conservative,TAEE4,0.025,0.3742137697552854,0.3574081916787295,0.39115688283491057,APROXIMACAO_CAIXA_V9,Barsi_Graham_Comparacao_Final_v9/scripts/compute_maintenance.py,5363502d869091c6601c8c90c3efdc5f9c8bd4e8c730e1882bd2a1604cbae60f,,,PENDENTE; nao recalculado,False,False,,0.042357782699062874,,,False,PRESERVADO_V9_OU_CENARIO_V12
maintain,2023,2023-06-30,2026-06-30,B00S,conservative,CMIG4,0.025,0.4609268954023058,0.44117173928498166,0.48086145329949326,APROXIMACAO_CAIXA_V9,Barsi_Graham_Comparacao_Final_v9/scripts/compute_maintenance.py,5363502d869091c6601c8c90c3efdc5f9c8bd4e8c730e1882bd2a1604cbae60f,,,PENDENTE; nao recalculado,False,False,,0.04983639474296864,,,False,PRESERVADO_V9_OU_CENARIO_V12
maintain,2023,2023-06-30,2026-06-30,B00S,conservative,CPLE6,0.025,1.21784340014979,1.2015156649302492,1.234245997935271,APROXIMACAO_CAIXA_V9,Barsi_Graham_Comparacao_Final_v9/scripts/compute_maintenance.py,5363502d869091c6601c8c90c3efdc5f9c8bd4e8c730e1882bd2a1604cbae60f,,,PENDENTE; nao recalculado,False,False,,0.0410064944637023,,,False,PRESERVADO_V9_OU_CENARIO_V12
maintain,2023,2023-06-30,2026-06-30,B00S,conservative,CSMG3,0.06666666666666667,2.8027813680423272,2.7604446518665817,2.845415199629863,CHECKPOINT_EVENTOS_V6_HERDADO,runtime/Barsi_Graham_Retomada_v8/herdado_v7/herdado_v6/checkpoints/casos_v6/CSMG3_2023-06-30_2026-06-30.json,35979c5b4b01c8753c1856bf5d98cfa5d9d819f2182516230e70747db2aa0aa3,2.8027813680423272,0.0,MESMA_CLASSE_E_MOTOR_GRAHAM; cobertura documental herdada parcial,True,False,-0.2842255439169043,0.2842255439169043,,,False,PRESERVADO_V9_OU_CENARIO_V12
maintain,2023,2023-06-30,2026-06-30,B00S,conservative,SBSP3,0.06666666666666667,2.1092357232653,2.0838548843162488,2.134713108247144,APROXIMACAO_CAIXA_V9,Barsi_Graham_Comparacao_Final_v9/scripts/compute_maintenance.py,5363502d869091c6601c8c90c3efdc5f9c8bd4e8c730e1882bd2a1604cbae60f,1.9113493683314275,-1.3192423662258168,MESMA_CLASSE_E_MOTOR_GRAHAM; cobertura documental herdada parcial,True,False,-1.4890915994381113,0.16984923321229436,,,False,PRESERVADO_V9_OU_CENARIO_V12
maintain,2023,2023-06-30,2026-06-30,B00S,conservative,SAPR4,0.06666666666666667,0.8405360242137345,0.8290250650194342,0.8520935635568316,APROXIMACAO_CAIXA_V9,Barsi_Graham_Comparacao_Final_v9/scripts/compute_maintenance.py,5363502d869091c6601c8c90c3efdc5f9c8bd4e8c730e1882bd2a1604cbae60f,,,PENDENTE; nao recalculado,False,False,,0.07705026228731408,0.9281166602940274,0.5838709072019526,True,CALCULADO_MOTOR_V6_FRACIONARIO_PROVISORIO
maintain,2023,2023-06-30,2026-06-30,B00S,conservative,PSSA3,0.1,1.1476304323265674,1.1337994078849638,1.161519790833896,APROXIMACAO_CAIXA_V9,Barsi_Graham_Comparacao_Final_v9/scripts/compute_maintenance.py,5363502d869091c6601c8c90c3efdc5f9c8bd4e8c730e1882bd2a1604cbae60f,,,PENDENTE; nao recalculado,False,False,,0.1388935850732853,1.2301951765151147,0.8256474418854731,True,CALCULADO_MOTOR_V6_FRACIONARIO_PROVISORIO
maintain,2023,2023-06-30,2026-06-30,B00S,conservative,BBSE3,0.1,0.7046385629835648,0.6810473524139984,0.7284482568687116,APROXIMACAO_CAIXA_V9,Barsi_Graham_Comparacao_Final_v9/scripts/compute_maintenance.py,5363502d869091c6601c8c90c3efdc5f9c8bd4e8c730e1882bd2a1604cbae60f,0.7488758761088727,0.44237313125307987,CATALOGO_CAIXA_RI_NOMINAL_VERIFICADO; estrutura e completude geral pendentes,True,False,0.2042761924016112,0.23809693885146865,,,False,PRESERVADO_V9_OU_CENARIO_V12
maintain,2023,2023-06-30,2026-06-30,B00S,conservative,VIVT3,0.2,0.8825345846852688,0.8659639266279879,0.8992024582135767,APROXIMACAO_CAIXA_V9,Barsi_Graham_Comparacao_Final_v9/scripts/compute_maintenance.py,5363502d869091c6601c8c90c3efdc5f9c8bd4e8c730e1882bd2a1604cbae60f,,,PENDENTE; nao recalculado,False,False,,0.33335747056615794,0.900816592844256,0.36564016317974346,True,CALCULADO_MOTOR_V6_FRACIONARIO_PROVISORIO
maintain,2023,2023-06-30,2026-06-30,B06,central,VIVT3,0.2,0.8825345846852688,0.8659639266279879,0.8992024582135767,APROXIMACAO_CAIXA_V9,Barsi_Graham_Comparacao_Final_v9/scripts/compute_maintenance.py,5363502d869091c6601c8c90c3efdc5f9c8bd4e8c730e1882bd2a1604cbae60f,,,PENDENTE; nao recalculado,False,False,,0.33335747056615794,0.900816592844256,0.36564016317974346,True,CALCULADO_MOTOR_V6_FRACIONARIO_PROVISORIO
maintain,2023,2023-06-30,2026-06-30,B06,central,TAEE4,0.2,0.3742137697552854,0.3574081916787295,0.39115688283491057,APROXIMACAO_CAIXA_V9,Barsi_Graham_Comparacao_Final_v9/scripts/compute_maintenance.py,5363502d869091c6601c8c90c3efdc5f9c8bd4e8c730e1882bd2a1604cbae60f,,,PENDENTE; nao recalculado,False,False,,0.338862261592503,,,False,PRESERVADO_V9_OU_CENARIO_V12
maintain,2023,2023-06-30,2026-06-30,B06,central,ITUB4,0.2,1.0291863571324744,1.0080035185435214,1.0505150156255958,APROXIMACAO_CAIXA_V9,Barsi_Graham_Comparacao_Final_v9/scripts/compute_maintenance.py,5363502d869091c6601c8c90c3efdc5f9c8bd4e8c730e1882bd2a1604cbae60f,,,PENDENTE; nao recalculado,False,False,,0.42657316986242755,,,False,PRESERVADO_V9_OU_CENARIO_V12
maintain,2023,2023-06-30,2026-06-30,B06,central,CPLE6,0.2,1.21784340014979,1.2015156649302492,1.234245997935271,APROXIMACAO_CAIXA_V9,Barsi_Graham_Comparacao_Final_v9/scripts/compute_maintenance.py,5363502d869091c6601c8c90c3efdc5f9c8bd4e8c730e1882bd2a1604cbae60f,,,PENDENTE; nao recalculado,False,False,,0.3280519557096184,,,False,PRESERVADO_V9_OU_CENARIO_V12
maintain,2023,2023-06-30,2026-06-30,B06,central,SANB4,0.2,0.04329218077419861,0.033531632224367725,0.053113318766864204,APROXIMACAO_CAIXA_V9,Barsi_Graham_Comparacao_Final_v9/scripts/compute_maintenance.py,5363502d869091c6601c8c90c3efdc5f9c8bd4e8c730e1882bd2a1604cbae60f,,,PENDENTE; nao recalculado,False,False,,0.19642275985331192,,,False,PRESERVADO_V9_OU_CENARIO_V12
maintain,2023,2023-06-30,2026-06-30,B06,conservative,VIVT3,0.25,0.8825345846852688,0.8659639266279879,0.8992024582135767,APROXIMACAO_CAIXA_V9,Barsi_Graham_Comparacao_Final_v9/scripts/compute_maintenance.py,5363502d869091c6601c8c90c3efdc5f9c8bd4e8c730e1882bd2a1604cbae60f,,,PENDENTE; nao recalculado,False,False,,0.41669683820769743,0.900816592844256,0.4570502039746793,True,CALCULADO_MOTOR_V6_FRACIONARIO_PROVISORIO
maintain,2023,2023-06-30,2026-06-30,B06,conservative,TAEE4,0.25,0.3742137697552854,0.3574081916787295,0.39115688283491057,APROXIMACAO_CAIXA_V9,Barsi_Graham_Comparacao_Final_v9/scripts/compute_maintenance.py,5363502d869091c6601c8c90c3efdc5f9c8bd4e8c730e1882bd2a1604cbae60f,,,PENDENTE; nao recalculado,False,False,,0.42357782699062874,,,False,PRESERVADO_V9_OU_CENARIO_V12
maintain,2023,2023-06-30,2026-06-30,B06,conservative,ITUB4,0.25,1.0291863571324744,1.0080035185435214,1.0505150156255958,APROXIMACAO_CAIXA_V9,Barsi_Graham_Comparacao_Final_v9/scripts/compute_maintenance.py,5363502d869091c6601c8c90c3efdc5f9c8bd4e8c730e1882bd2a1604cbae60f,,,PENDENTE; nao recalculado,False,False,,0.5332164623280344,,,False,PRESERVADO_V9_OU_CENARIO_V12
maintain,2023,2023-06-30,2026-06-30,B06,conservative,SANB4,0.25,0.04329218077419861,0.033531632224367725,0.053113318766864204,APROXIMACAO_CAIXA_V9,Barsi_Graham_Comparacao_Final_v9/scripts/compute_maintenance.py,5363502d869091c6601c8c90c3efdc5f9c8bd4e8c730e1882bd2a1604cbae60f,,,PENDENTE; nao recalculado,False,False,,0.2455284498166399,,,False,PRESERVADO_V9_OU_CENARIO_V12
maintain,2023,2023-06-30,2026-06-30,B06S,central,ITUB4,0.16666666666666666,1.0291863571324744,1.0080035185435214,1.0505150156255958,APROXIMACAO_CAIXA_V9,Barsi_Graham_Comparacao_Final_v9/scripts/compute_maintenance.py,5363502d869091c6601c8c90c3efdc5f9c8bd4e8c730e1882bd2a1604cbae60f,,,PENDENTE; nao recalculado,False,False,,0.3554776415520229,,,False,PRESERVADO_V9_OU_CENARIO_V12
maintain,2023,2023-06-30,2026-06-30,B06S,central,SANB4,0.16666666666666666,0.04329218077419861,0.033531632224367725,0.053113318766864204,APROXIMACAO_CAIXA_V9,Barsi_Graham_Comparacao_Final_v9/scripts/compute_maintenance.py,5363502d869091c6601c8c90c3efdc5f9c8bd4e8c730e1882bd2a1604cbae60f,,,PENDENTE; nao recalculado,False,False,,0.16368563321109325,,,False,PRESERVADO_V9_OU_CENARIO_V12
maintain,2023,2023-06-30,2026-06-30,B06S,central,TAEE4,0.16666666666666666,0.3742137697552854,0.3574081916787295,0.39115688283491057,APROXIMACAO_CAIXA_V9,Barsi_Graham_Comparacao_Final_v9/scripts/compute_maintenance.py,5363502d869091c6601c8c90c3efdc5f9c8bd4e8c730e1882bd2a1604cbae60f,,,PENDENTE; nao recalculado,False,False,,0.28238521799375244,,,False,PRESERVADO_V9_OU_CENARIO_V12
maintain,2023,2023-06-30,2026-06-30,B06S,central,CPLE6,0.16666666666666666,1.21784340014979,1.2015156649302492,1.234245997935271,APROXIMACAO_CAIXA_V9,Barsi_Graham_Comparacao_Final_v9/scripts/compute_maintenance.py,5363502d869091c6601c8c90c3efdc5f9c8bd4e8c730e1882bd2a1604cbae60f,,,PENDENTE; nao recalculado,False,False,,0.2733766297580153,,,False,PRESERVADO_V9_OU_CENARIO_V12
maintain,2023,2023-06-30,2026-06-30,B06S,central,VIVT3,0.3333333333333333,0.8825345846852688,0.8659639266279879,0.8992024582135767,APROXIMACAO_CAIXA_V9,Barsi_Graham_Comparacao_Final_v9/scripts/compute_maintenance.py,5363502d869091c6601c8c90c3efdc5f9c8bd4e8c730e1882bd2a1604cbae60f,,,PENDENTE; nao recalculado,False,False,,0.5555957842769298,0.900816592844256,0.609400271966239,True,CALCULADO_MOTOR_V6_FRACIONARIO_PROVISORIO
maintain,2023,2023-06-30,2026-06-30,B06S,conservative,ITUB4,0.16666666666666666,1.0291863571324744,1.0080035185435214,1.0505150156255958,APROXIMACAO_CAIXA_V9,Barsi_Graham_Comparacao_Final_v9/scripts/compute_maintenance.py,5363502d869091c6601c8c90c3efdc5f9c8bd4e8c730e1882bd2a1604cbae60f,,,PENDENTE; nao recalculado,False,False,,0.3554776415520229,,,False,PRESERVADO_V9_OU_CENARIO_V12
maintain,2023,2023-06-30,2026-06-30,B06S,conservative,SANB4,0.16666666666666666,0.04329218077419861,0.033531632224367725,0.053113318766864204,APROXIMACAO_CAIXA_V9,Barsi_Graham_Comparacao_Final_v9/scripts/compute_maintenance.py,5363502d869091c6601c8c90c3efdc5f9c8bd4e8c730e1882bd2a1604cbae60f,,,PENDENTE; nao recalculado,False,False,,0.16368563321109325,,,False,PRESERVADO_V9_OU_CENARIO_V12
maintain,2023,2023-06-30,2026-06-30,B06S,conservative,TAEE4,0.3333333333333333,0.3742137697552854,0.3574081916787295,0.39115688283491057,APROXIMACAO_CAIXA_V9,Barsi_Graham_Comparacao_Final_v9/scripts/compute_maintenance.py,5363502d869091c6601c8c90c3efdc5f9c8bd4e8c730e1882bd2a1604cbae60f,,,PENDENTE; nao recalculado,False,False,,0.5647704359875049,,,False,PRESERVADO_V9_OU_CENARIO_V12
maintain,2023,2023-06-30,2026-06-30,B06S,conservative,VIVT3,0.3333333333333333,0.8825345846852688,0.8659639266279879,0.8992024582135767,APROXIMACAO_CAIXA_V9,Barsi_Graham_Comparacao_Final_v9/scripts/compute_maintenance.py,5363502d869091c6601c8c90c3efdc5f9c8bd4e8c730e1882bd2a1604cbae60f,,,PENDENTE; nao recalculado,False,False,,0.5555957842769298,0.900816592844256,0.609400271966239,True,CALCULADO_MOTOR_V6_FRACIONARIO_PROVISORIO
maintain,2024,2024-06-28,2026-06-30,B00,central,BBAS3,0.05,-0.13885300553079294,-0.144818582500853,-0.13286859567828524,APROXIMACAO_CAIXA_V9,Barsi_Graham_Comparacao_Final_v9/scripts/compute_maintenance.py,5363502d869091c6601c8c90c3efdc5f9c8bd4e8c730e1882bd2a1604cbae60f,,,PENDENTE; nao recalculado,False,False,,0.029922049262538497,,,False,PRESERVADO_V9_OU_CENARIO_V12
maintain,2024,2024-06-28,2026-06-30,B00,central,ELET3,0.05,0.6856164432870191,0.6769793668860182,0.6942745773533916,APROXIMACAO_CAIXA_V9,Barsi_Graham_Comparacao_Final_v9/scripts/compute_maintenance.py,5363502d869091c6601c8c90c3efdc5f9c8bd4e8c730e1882bd2a1604cbae60f,,,PENDENTE; nao recalculado,False,False,,0.04329067033186251,,,False,PRESERVADO_V9_OU_CENARIO_V12
maintain,2024,2024-06-28,2026-06-30,B00,central,NEOE3,0.05,0.9738989539232767,0.9666893653778756,0.9811205419050657,APROXIMACAO_CAIXA_V9,Barsi_Graham_Comparacao_Final_v9/scripts/compute_maintenance.py,5363502d869091c6601c8c90c3efdc5f9c8bd4e8c730e1882bd2a1604cbae60f,,,PENDENTE; nao recalculado,False,False,,0.036107939908944786,,,False,PRESERVADO_V9_OU_CENARIO_V12
maintain,2024,2024-06-28,2026-06-30,B00,central,PSSA3,0.05,0.8623791210109806,0.8546088819705406,0.870164519335622,APROXIMACAO_CAIXA_V9,Barsi_Graham_Comparacao_Final_v9/scripts/compute_maintenance.py,5363502d869091c6601c8c90c3efdc5f9c8bd4e8c730e1882bd2a1604cbae60f,,,PENDENTE; nao recalculado,False,False,,0.03892699162320712,0.9429926041891743,0.4030674158909686,True,CALCULADO_MOTOR_V6_FRACIONARIO_PROVISORIO
maintain,2024,2024-06-28,2026-06-30,B00,central,CPFE3,0.05,0.5827975273148842,0.5716981852832155,0.5939355697541808,APROXIMACAO_CAIXA_V9,Barsi_Graham_Comparacao_Final_v9/scripts/compute_maintenance.py,5363502d869091c6601c8c90c3efdc5f9c8bd4e8c730e1882bd2a1604cbae60f,,,PENDENTE; nao recalculado,False,False,,0.05569021219648307,,,False,PRESERVADO_V9_OU_CENARIO_V12
maintain,2024,2024-06-28,2026-06-30,B00,central,EGIE3,0.05,0.19374570785759726,0.1890213708861621,0.19847905485723016,APROXIMACAO_CAIXA_V9,Barsi_Graham_Comparacao_Final_v9/scripts/compute_maintenance.py,5363502d869091c6601c8c90c3efdc5f9c8bd4e8c730e1882bd2a1604cbae60f,,,PENDENTE; nao recalculado,False,False,,0.023666734998164518,,,False,PRESERVADO_V9_OU_CENARIO_V12
maintain,2024,2024-06-28,2026-06-30,B00,central,VIVT3,0.05,0.7051793780540623,0.6944805025751979,0.7159117904682766,APROXIMACAO_CAIXA_V9,Barsi_Graham_Comparacao_Final_v9/scripts/compute_maintenance.py,5363502d869091c6601c8c90c3efdc5f9c8bd4e8c730e1882bd2a1604cbae60f,,,PENDENTE; nao recalculado,False,False,,0.05366206207107149,0.7208086736513799,0.07814647798658814,True,CALCULADO_MOTOR_V6_FRACIONARIO_PROVISORIO
maintain,2024,2024-06-28,2026-06-30,B00,central,TRPL4,0.05,0.2571262472909781,0.24745145536715896,0.2668369283927601,APROXIMACAO_CAIXA_V9,Barsi_Graham_Comparacao_Final_v9/scripts/compute_maintenance.py,5363502d869091c6601c8c90c3efdc5f9c8bd4e8c730e1882bd2a1604cbae60f,,,PENDENTE; nao recalculado,False,False,,0.04855340550890985,,,False,PRESERVADO_V9_OU_CENARIO_V12
maintain,2024,2024-06-28,2026-06-30,B00,central,EQTL3,0.05,0.30375151887564855,0.3019942843672969,0.3055098606239608,APROXIMACAO_CAIXA_V9,Barsi_Graham_Comparacao_Final_v9/scripts/compute_maintenance.py,5363502d869091c6601c8c90c3efdc5f9c8bd4e8c730e1882bd2a1604cbae60f,,,PENDENTE; nao recalculado,False,False,,0.00879170874156121,,,False,PRESERVADO_V9_OU_CENARIO_V12
maintain,2024,2024-06-28,2026-06-30,B00,central,TAEE4,0.05,0.38139483018202536,0.37037509410689595,0.39245816814680934,APROXIMACAO_CAIXA_V9,Barsi_Graham_Comparacao_Final_v9/scripts/compute_maintenance.py,5363502d869091c6601c8c90c3efdc5f9c8bd4e8c730e1882bd2a1604cbae60f,,,PENDENTE; nao recalculado,False,False,,0.05531668982391991,,,False,PRESERVADO_V9_OU_CENARIO_V12
maintain,2024,2024-06-28,2026-06-30,B00,central,CMIG4,0.05,0.3239178678425645,0.31218223580449767,0.3357055249480392,APROXIMACAO_CAIXA_V9,Barsi_Graham_Comparacao_Final_v9/scripts/compute_maintenance.py,5363502d869091c6601c8c90c3efdc5f9c8bd4e8c730e1882bd2a1604cbae60f,,,PENDENTE; nao recalculado,False,False,,0.05893828552737346,,,False,PRESERVADO_V9_OU_CENARIO_V12
maintain,2024,2024-06-28,2026-06-30,B00,central,CSMG3,0.05,2.231918761076557,2.213356958745434,2.250523571917277,CHECKPOINT_EVENTOS_V6_HERDADO,runtime/Barsi_Graham_Retomada_v8/herdado_v7/herdado_v6/checkpoints/casos_v6/CSMG3_2024-06-28_2026-06-30.json,973063970fa02a67179bb4e4e168dcfacf9e8fa46f2fdcc60d1cdae3ad310a76,2.231918761076557,0.0,MESMA_CLASSE_E_MOTOR_GRAHAM; cobertura documental herdada parcial,True,False,-0.09302405420359872,0.09302405420359872,,,False,PRESERVADO_V9_OU_CENARIO_V12
maintain,2024,2024-06-28,2026-06-30,B00,central,BBSE3,0.05,0.458187364173539,0.4441102541015136,0.47233209372407536,APROXIMACAO_CAIXA_V9,Barsi_Graham_Comparacao_Final_v9/scripts/compute_maintenance.py,5363502d869091c6601c8c90c3efdc5f9c8bd4e8c730e1882bd2a1604cbae60f,0.4935727226882862,0.1769267925737361,CATALOGO_CAIXA_RI_NOMINAL_VERIFICADO; estrutura e completude geral pendentes,True,False,0.10620314482105431,0.0707236477526818,,,False,PRESERVADO_V9_OU_CENARIO_V12
maintain,2024,2024-06-28,2026-06-30,B00,central,ABCB4,0.05,0.2983596014722987,0.28661683156749884,0.3101556250587536,APROXIMACAO_CAIXA_V9,Barsi_Graham_Comparacao_Final_v9/scripts/compute_maintenance.py,5363502d869091c6601c8c90c3efdc5f9c8bd4e8c730e1882bd2a1604cbae60f,,,PENDENTE; nao recalculado,False,False,,0.058980117932274645,,,False,PRESERVADO_V9_OU_CENARIO_V12
maintain,2024,2024-06-28,2026-06-30,B00,central,BBDC4,0.05,0.6709261027072013,0.6601533218901456,0.6817334364444121,APROXIMACAO_CAIXA_V9,Barsi_Graham_Comparacao_Final_v9/scripts/compute_maintenance.py,5363502d869091c6601c8c90c3efdc5f9c8bd4e8c730e1882bd2a1604cbae60f,,,PENDENTE; nao recalculado,False,False,,0.054036668686053835,,,False,PRESERVADO_V9_OU_CENARIO_V12
maintain,2024,2024-06-28,2026-06-30,B00,central,ITUB4,0.05,0.6840261722793091,0.6709232649017853,0.6971797489302118,APROXIMACAO_CAIXA_V9,Barsi_Graham_Comparacao_Final_v9/scripts/compute_maintenance.py,5363502d869091c6601c8c90c3efdc5f9c8bd4e8c730e1882bd2a1604cbae60f,,,PENDENTE; nao recalculado,False,False,,0.06576788325451388,,,False,PRESERVADO_V9_OU_CENARIO_V12
maintain,2024,2024-06-28,2026-06-30,B00,central,BMGB4,0.05,0.849775988211777,0.8334666539757596,0.8661529742646186,APROXIMACAO_CAIXA_V9,Barsi_Graham_Comparacao_Final_v9/scripts/compute_maintenance.py,5363502d869091c6601c8c90c3efdc5f9c8bd4e8c730e1882bd2a1604cbae60f,,,PENDENTE; nao recalculado,False,False,,0.08188493026420773,,,False,PRESERVADO_V9_OU_CENARIO_V12
maintain,2024,2024-06-28,2026-06-30,B00,central,CPLE6,0.05,0.8995683218557444,0.8892826499108974,0.9098777909644191,APROXIMACAO_CAIXA_V9,Barsi_Graham_Comparacao_Final_v9/scripts/compute_maintenance.py,5363502d869091c6601c8c90c3efdc5f9c8bd4e8c730e1882bd2a1604cbae60f,,,PENDENTE; nao recalculado,False,False,,0.05154734554337348,,,False,PRESERVADO_V9_OU_CENARIO_V12
maintain,2024,2024-06-28,2026-06-30,B00,central,SAPR4,0.05,0.37514000284329874,0.37016677553637645,0.3801216796342808,APROXIMACAO_CAIXA_V9,Barsi_Graham_Comparacao_Final_v9/scripts/compute_maintenance.py,5363502d869091c6601c8c90c3efdc5f9c8bd4e8c730e1882bd2a1604cbae60f,,,PENDENTE; nao recalculado,False,False,,0.02490838395491024,0.4268670478333918,0.2586352249504653,True,CALCULADO_MOTOR_V6_FRACIONARIO_PROVISORIO
maintain,2024,2024-06-28,2026-06-30,B00,central,SANB4,0.05,0.10617563857473011,0.09891216030599059,0.11346250574952221,APROXIMACAO_CAIXA_V9,Barsi_Graham_Comparacao_Final_v9/scripts/compute_maintenance.py,5363502d869091c6601c8c90c3efdc5f9c8bd4e8c730e1882bd2a1604cbae60f,,,PENDENTE; nao recalculado,False,False,,0.0364343358739605,,,False,PRESERVADO_V9_OU_CENARIO_V12
maintain,2024,2024-06-28,2026-06-30,B00,conservative,BBAS3,0.05263157894736842,-0.13885300553079294,-0.144818582500853,-0.13286859567828524,APROXIMACAO_CAIXA_V9,Barsi_Graham_Comparacao_Final_v9/scripts/compute_maintenance.py,5363502d869091c6601c8c90c3efdc5f9c8bd4e8c730e1882bd2a1604cbae60f,,,PENDENTE; nao recalculado,False,False,,0.03149689396056684,,,False,PRESERVADO_V9_OU_CENARIO_V12
maintain,2024,2024-06-28,2026-06-30,B00,conservative,ELET3,0.05263157894736842,0.6856164432870191,0.6769793668860182,0.6942745773533916,APROXIMACAO_CAIXA_V9,Barsi_Graham_Comparacao_Final_v9/scripts/compute_maintenance.py,5363502d869091c6601c8c90c3efdc5f9c8bd4e8c730e1882bd2a1604cbae60f,,,PENDENTE; nao recalculado,False,False,,0.04556912666511843,,,False,PRESERVADO_V9_OU_CENARIO_V12
maintain,2024,2024-06-28,2026-06-30,B00,conservative,NEOE3,0.05263157894736842,0.9738989539232767,0.9666893653778756,0.9811205419050657,APROXIMACAO_CAIXA_V9,Barsi_Graham_Comparacao_Final_v9/scripts/compute_maintenance.py,5363502d869091c6601c8c90c3efdc5f9c8bd4e8c730e1882bd2a1604cbae60f,,,PENDENTE; nao recalculado,False,False,,0.038008357798889246,,,False,PRESERVADO_V9_OU_CENARIO_V12
maintain,2024,2024-06-28,2026-06-30,B00,conservative,PSSA3,0.05263157894736842,0.8623791210109806,0.8546088819705406,0.870164519335622,APROXIMACAO_CAIXA_V9,Barsi_Graham_Comparacao_Final_v9/scripts/compute_maintenance.py,5363502d869091c6601c8c90c3efdc5f9c8bd4e8c730e1882bd2a1604cbae60f,,,PENDENTE; nao recalculado,False,False,,0.04097578065600749,0.9429926041891743,0.4242814904115459,True,CALCULADO_MOTOR_V6_FRACIONARIO_PROVISORIO
maintain,2024,2024-06-28,2026-06-30,B00,conservative,CPFE3,0.05263157894736842,0.5827975273148842,0.5716981852832155,0.5939355697541808,APROXIMACAO_CAIXA_V9,Barsi_Graham_Comparacao_Final_v9/scripts/compute_maintenance.py,5363502d869091c6601c8c90c3efdc5f9c8bd4e8c730e1882bd2a1604cbae60f,,,PENDENTE; nao recalculado,False,False,,0.05862127599629796,,,False,PRESERVADO_V9_OU_CENARIO_V12
maintain,2024,2024-06-28,2026-06-30,B00,conservative,EGIE3,0.05263157894736842,0.19374570785759726,0.1890213708861621,0.19847905485723016,APROXIMACAO_CAIXA_V9,Barsi_Graham_Comparacao_Final_v9/scripts/compute_maintenance.py,5363502d869091c6601c8c90c3efdc5f9c8bd4e8c730e1882bd2a1604cbae60f,,,PENDENTE; nao recalculado,False,False,,0.024912352629646858,,,False,PRESERVADO_V9_OU_CENARIO_V12
maintain,2024,2024-06-28,2026-06-30,B00,conservative,VIVT3,0.05263157894736842,0.7051793780540623,0.6944805025751979,0.7159117904682766,APROXIMACAO_CAIXA_V9,Barsi_Graham_Comparacao_Final_v9/scripts/compute_maintenance.py,5363502d869091c6601c8c90c3efdc5f9c8bd4e8c730e1882bd2a1604cbae60f,,,PENDENTE; nao recalculado,False,False,,0.05648638112744367,0.7208086736513799,0.08225945051219803,True,CALCULADO_MOTOR_V6_FRACIONARIO_PROVISORIO
maintain,2024,2024-06-28,2026-06-30,B00,conservative,TRPL4,0.05263157894736842,0.2571262472909781,0.24745145536715896,0.2668369283927601,APROXIMACAO_CAIXA_V9,Barsi_Graham_Comparacao_Final_v9/scripts/compute_maintenance.py,5363502d869091c6601c8c90c3efdc5f9c8bd4e8c730e1882bd2a1604cbae60f,,,PENDENTE; nao recalculado,False,False,,0.05110884790411563,,,False,PRESERVADO_V9_OU_CENARIO_V12
maintain,2024,2024-06-28,2026-06-30,B00,conservative,EQTL3,0.05263157894736842,0.30375151887564855,0.3019942843672969,0.3055098606239608,APROXIMACAO_CAIXA_V9,Barsi_Graham_Comparacao_Final_v9/scripts/compute_maintenance.py,5363502d869091c6601c8c90c3efdc5f9c8bd4e8c730e1882bd2a1604cbae60f,,,PENDENTE; nao recalculado,False,False,,0.009254430254274958,,,False,PRESERVADO_V9_OU_CENARIO_V12
maintain,2024,2024-06-28,2026-06-30,B00,conservative,TAEE4,0.05263157894736842,0.38139483018202536,0.37037509410689595,0.39245816814680934,APROXIMACAO_CAIXA_V9,Barsi_Graham_Comparacao_Final_v9/scripts/compute_maintenance.py,5363502d869091c6601c8c90c3efdc5f9c8bd4e8c730e1882bd2a1604cbae60f,,,PENDENTE; nao recalculado,False,False,,0.058228094551494636,,,False,PRESERVADO_V9_OU_CENARIO_V12
maintain,2024,2024-06-28,2026-06-30,B00,conservative,CMIG4,0.05263157894736842,0.3239178678425645,0.31218223580449767,0.3357055249480392,APROXIMACAO_CAIXA_V9,Barsi_Graham_Comparacao_Final_v9/scripts/compute_maintenance.py,5363502d869091c6601c8c90c3efdc5f9c8bd4e8c730e1882bd2a1604cbae60f,,,PENDENTE; nao recalculado,False,False,,0.06204030055512995,,,False,PRESERVADO_V9_OU_CENARIO_V12
maintain,2024,2024-06-28,2026-06-30,B00,conservative,CSMG3,0.05263157894736842,2.231918761076557,2.213356958745434,2.250523571917277,CHECKPOINT_EVENTOS_V6_HERDADO,runtime/Barsi_Graham_Retomada_v8/herdado_v7/herdado_v6/checkpoints/casos_v6/CSMG3_2024-06-28_2026-06-30.json,973063970fa02a67179bb4e4e168dcfacf9e8fa46f2fdcc60d1cdae3ad310a76,2.231918761076557,0.0,MESMA_CLASSE_E_MOTOR_GRAHAM; cobertura documental herdada parcial,True,False,-0.0979200570564197,0.0979200570564197,,,False,PRESERVADO_V9_OU_CENARIO_V12
maintain,2024,2024-06-28,2026-06-30,B00,conservative,BBSE3,0.05263157894736842,0.458187364173539,0.4441102541015136,0.47233209372407536,APROXIMACAO_CAIXA_V9,Barsi_Graham_Comparacao_Final_v9/scripts/compute_maintenance.py,5363502d869091c6601c8c90c3efdc5f9c8bd4e8c730e1882bd2a1604cbae60f,0.4935727226882862,0.18623872902498537,CATALOGO_CAIXA_RI_NOMINAL_VERIFICADO; estrutura e completude geral pendentes,True,False,0.11179278402216242,0.07444594500282295,,,False,PRESERVADO_V9_OU_CENARIO_V12
maintain,2024,2024-06-28,2026-06-30,B00,conservative,ABCB4,0.05263157894736842,0.2983596014722987,0.28661683156749884,0.3101556250587536,APROXIMACAO_CAIXA_V9,Barsi_Graham_Comparacao_Final_v9/scripts/compute_maintenance.py,5363502d869091c6601c8c90c3efdc5f9c8bd4e8c730e1882bd2a1604cbae60f,,,PENDENTE; nao recalculado,False,False,,0.06208433466555225,,,False,PRESERVADO_V9_OU_CENARIO_V12
maintain,2024,2024-06-28,2026-06-30,B00,conservative,BBDC4,0.05263157894736842,0.6709261027072013,0.6601533218901456,0.6817334364444121,APROXIMACAO_CAIXA_V9,Barsi_Graham_Comparacao_Final_v9/scripts/compute_maintenance.py,5363502d869091c6601c8c90c3efdc5f9c8bd4e8c730e1882bd2a1604cbae60f,,,PENDENTE; nao recalculado,False,False,,0.056880703880056664,,,False,PRESERVADO_V9_OU_CENARIO_V12
maintain,2024,2024-06-28,2026-06-30,B00,conservative,ITUB4,0.05263157894736842,0.6840261722793091,0.6709232649017853,0.6971797489302118,APROXIMACAO_CAIXA_V9,Barsi_Graham_Comparacao_Final_v9/scripts/compute_maintenance.py,5363502d869091c6601c8c90c3efdc5f9c8bd4e8c730e1882bd2a1604cbae60f,,,PENDENTE; nao recalculado,False,False,,0.06922935079422513,,,False,PRESERVADO_V9_OU_CENARIO_V12
maintain,2024,2024-06-28,2026-06-30,B00,conservative,CPLE6,0.05263157894736842,0.8995683218557444,0.8892826499108974,0.9098777909644191,APROXIMACAO_CAIXA_V9,Barsi_Graham_Comparacao_Final_v9/scripts/compute_maintenance.py,5363502d869091c6601c8c90c3efdc5f9c8bd4e8c730e1882bd2a1604cbae60f,,,PENDENTE; nao recalculado,False,False,,0.05426036372986681,,,False,PRESERVADO_V9_OU_CENARIO_V12
maintain,2024,2024-06-28,2026-06-30,B00,conservative,SAPR4,0.05263157894736842,0.37514000284329874,0.37016677553637645,0.3801216796342808,APROXIMACAO_CAIXA_V9,Barsi_Graham_Comparacao_Final_v9/scripts/compute_maintenance.py,5363502d869091c6601c8c90c3efdc5f9c8bd4e8c730e1882bd2a1604cbae60f,,,PENDENTE; nao recalculado,False,False,,0.026219351531484462,0.4268670478333918,0.2722476052110161,True,CALCULADO_MOTOR_V6_FRACIONARIO_PROVISORIO
maintain,2024,2024-06-28,2026-06-30,B00,conservative,SANB4,0.05263157894736842,0.10617563857473011,0.09891216030599059,0.11346250574952221,APROXIMACAO_CAIXA_V9,Barsi_Graham_Comparacao_Final_v9/scripts/compute_maintenance.py,5363502d869091c6601c8c90c3efdc5f9c8bd4e8c730e1882bd2a1604cbae60f,,,PENDENTE; nao recalculado,False,False,,0.03835193249890578,,,False,PRESERVADO_V9_OU_CENARIO_V12
maintain,2024,2024-06-28,2026-06-30,B00S,central,BBAS3,0.03333333333333333,-0.13885300553079294,-0.144818582500853,-0.13286859567828524,APROXIMACAO_CAIXA_V9,Barsi_Graham_Comparacao_Final_v9/scripts/compute_maintenance.py,5363502d869091c6601c8c90c3efdc5f9c8bd4e8c730e1882bd2a1604cbae60f,,,PENDENTE; nao recalculado,False,False,,0.01994803284169233,,,False,PRESERVADO_V9_OU_CENARIO_V12
maintain,2024,2024-06-28,2026-06-30,B00S,central,ABCB4,0.03333333333333333,0.2983596014722987,0.28661683156749884,0.3101556250587536,APROXIMACAO_CAIXA_V9,Barsi_Graham_Comparacao_Final_v9/scripts/compute_maintenance.py,5363502d869091c6601c8c90c3efdc5f9c8bd4e8c730e1882bd2a1604cbae60f,,,PENDENTE; nao recalculado,False,False,,0.03932007862151643,,,False,PRESERVADO_V9_OU_CENARIO_V12
maintain,2024,2024-06-28,2026-06-30,B00S,central,BBDC4,0.03333333333333333,0.6709261027072013,0.6601533218901456,0.6817334364444121,APROXIMACAO_CAIXA_V9,Barsi_Graham_Comparacao_Final_v9/scripts/compute_maintenance.py,5363502d869091c6601c8c90c3efdc5f9c8bd4e8c730e1882bd2a1604cbae60f,,,PENDENTE; nao recalculado,False,False,,0.03602444579070256,,,False,PRESERVADO_V9_OU_CENARIO_V12
maintain,2024,2024-06-28,2026-06-30,B00S,central,ITUB4,0.03333333333333333,0.6840261722793091,0.6709232649017853,0.6971797489302118,APROXIMACAO_CAIXA_V9,Barsi_Graham_Comparacao_Final_v9/scripts/compute_maintenance.py,5363502d869091c6601c8c90c3efdc5f9c8bd4e8c730e1882bd2a1604cbae60f,,,PENDENTE; nao recalculado,False,False,,0.04384525550300926,,,False,PRESERVADO_V9_OU_CENARIO_V12
maintain,2024,2024-06-28,2026-06-30,B00S,central,BMGB4,0.03333333333333333,0.849775988211777,0.8334666539757596,0.8661529742646186,APROXIMACAO_CAIXA_V9,Barsi_Graham_Comparacao_Final_v9/scripts/compute_maintenance.py,5363502d869091c6601c8c90c3efdc5f9c8bd4e8c730e1882bd2a1604cbae60f,,,PENDENTE; nao recalculado,False,False,,0.05458995350947182,,,False,PRESERVADO_V9_OU_CENARIO_V12
maintain,2024,2024-06-28,2026-06-30,B00S,central,SANB4,0.03333333333333333,0.10617563857473011,0.09891216030599059,0.11346250574952221,APROXIMACAO_CAIXA_V9,Barsi_Graham_Comparacao_Final_v9/scripts/compute_maintenance.py,5363502d869091c6601c8c90c3efdc5f9c8bd4e8c730e1882bd2a1604cbae60f,,,PENDENTE; nao recalculado,False,False,,0.024289557249307002,,,False,PRESERVADO_V9_OU_CENARIO_V12
maintain,2024,2024-06-28,2026-06-30,B00S,central,ELET3,0.022222222222222223,0.6856164432870191,0.6769793668860182,0.6942745773533916,APROXIMACAO_CAIXA_V9,Barsi_Graham_Comparacao_Final_v9/scripts/compute_maintenance.py,5363502d869091c6601c8c90c3efdc5f9c8bd4e8c730e1882bd2a1604cbae60f,,,PENDENTE; nao recalculado,False,False,,0.01924029792527223,,,False,PRESERVADO_V9_OU_CENARIO_V12
maintain,2024,2024-06-28,2026-06-30,B00S,central,NEOE3,0.022222222222222223,0.9738989539232767,0.9666893653778756,0.9811205419050657,APROXIMACAO_CAIXA_V9,Barsi_Graham_Comparacao_Final_v9/scripts/compute_maintenance.py,5363502d869091c6601c8c90c3efdc5f9c8bd4e8c730e1882bd2a1604cbae60f,,,PENDENTE; nao recalculado,False,False,,0.01604797329286435,,,False,PRESERVADO_V9_OU_CENARIO_V12
maintain,2024,2024-06-28,2026-06-30,B00S,central,CPFE3,0.022222222222222223,0.5827975273148842,0.5716981852832155,0.5939355697541808,APROXIMACAO_CAIXA_V9,Barsi_Graham_Comparacao_Final_v9/scripts/compute_maintenance.py,5363502d869091c6601c8c90c3efdc5f9c8bd4e8c730e1882bd2a1604cbae60f,,,PENDENTE; nao recalculado,False,False,,0.02475120542065914,,,False,PRESERVADO_V9_OU_CENARIO_V12
maintain,2024,2024-06-28,2026-06-30,B00S,central,EGIE3,0.022222222222222223,0.19374570785759726,0.1890213708861621,0.19847905485723016,APROXIMACAO_CAIXA_V9,Barsi_Graham_Comparacao_Final_v9/scripts/compute_maintenance.py,5363502d869091c6601c8c90c3efdc5f9c8bd4e8c730e1882bd2a1604cbae60f,,,PENDENTE; nao recalculado,False,False,,0.01051854888807312,,,False,PRESERVADO_V9_OU_CENARIO_V12
maintain,2024,2024-06-28,2026-06-30,B00S,central,TRPL4,0.022222222222222223,0.2571262472909781,0.24745145536715896,0.2668369283927601,APROXIMACAO_CAIXA_V9,Barsi_Graham_Comparacao_Final_v9/scripts/compute_maintenance.py,5363502d869091c6601c8c90c3efdc5f9c8bd4e8c730e1882bd2a1604cbae60f,,,PENDENTE; nao recalculado,False,False,,0.02157929133729327,,,False,PRESERVADO_V9_OU_CENARIO_V12
maintain,2024,2024-06-28,2026-06-30,B00S,central,EQTL3,0.022222222222222223,0.30375151887564855,0.3019942843672969,0.3055098606239608,APROXIMACAO_CAIXA_V9,Barsi_Graham_Comparacao_Final_v9/scripts/compute_maintenance.py,5363502d869091c6601c8c90c3efdc5f9c8bd4e8c730e1882bd2a1604cbae60f,,,PENDENTE; nao recalculado,False,False,,0.003907426107360538,,,False,PRESERVADO_V9_OU_CENARIO_V12
maintain,2024,2024-06-28,2026-06-30,B00S,central,TAEE4,0.022222222222222223,0.38139483018202536,0.37037509410689595,0.39245816814680934,APROXIMACAO_CAIXA_V9,Barsi_Graham_Comparacao_Final_v9/scripts/compute_maintenance.py,5363502d869091c6601c8c90c3efdc5f9c8bd4e8c730e1882bd2a1604cbae60f,,,PENDENTE; nao recalculado,False,False,,0.024585195477297737,,,False,PRESERVADO_V9_OU_CENARIO_V12
maintain,2024,2024-06-28,2026-06-30,B00S,central,CMIG4,0.022222222222222223,0.3239178678425645,0.31218223580449767,0.3357055249480392,APROXIMACAO_CAIXA_V9,Barsi_Graham_Comparacao_Final_v9/scripts/compute_maintenance.py,5363502d869091c6601c8c90c3efdc5f9c8bd4e8c730e1882bd2a1604cbae60f,,,PENDENTE; nao recalculado,False,False,,0.026194793567721537,,,False,PRESERVADO_V9_OU_CENARIO_V12
maintain,2024,2024-06-28,2026-06-30,B00S,central,CPLE6,0.022222222222222223,0.8995683218557444,0.8892826499108974,0.9098777909644191,APROXIMACAO_CAIXA_V9,Barsi_Graham_Comparacao_Final_v9/scripts/compute_maintenance.py,5363502d869091c6601c8c90c3efdc5f9c8bd4e8c730e1882bd2a1604cbae60f,,,PENDENTE; nao recalculado,False,False,,0.022909931352610435,,,False,PRESERVADO_V9_OU_CENARIO_V12
maintain,2024,2024-06-28,2026-06-30,B00S,central,CSMG3,0.1,2.231918761076557,2.213356958745434,2.250523571917277,CHECKPOINT_EVENTOS_V6_HERDADO,runtime/Barsi_Graham_Retomada_v8/herdado_v7/herdado_v6/checkpoints/casos_v6/CSMG3_2024-06-28_2026-06-30.json,973063970fa02a67179bb4e4e168dcfacf9e8fa46f2fdcc60d1cdae3ad310a76,2.231918761076557,0.0,MESMA_CLASSE_E_MOTOR_GRAHAM; cobertura documental herdada parcial,True,False,-0.18604810840719743,0.18604810840719743,,,False,PRESERVADO_V9_OU_CENARIO_V12
maintain,2024,2024-06-28,2026-06-30,B00S,central,SAPR4,0.1,0.37514000284329874,0.37016677553637645,0.3801216796342808,APROXIMACAO_CAIXA_V9,Barsi_Graham_Comparacao_Final_v9/scripts/compute_maintenance.py,5363502d869091c6601c8c90c3efdc5f9c8bd4e8c730e1882bd2a1604cbae60f,,,PENDENTE; nao recalculado,False,False,,0.04981676790982048,0.4268670478333918,0.5172704499009306,True,CALCULADO_MOTOR_V6_FRACIONARIO_PROVISORIO
maintain,2024,2024-06-28,2026-06-30,B00S,central,PSSA3,0.1,0.8623791210109806,0.8546088819705406,0.870164519335622,APROXIMACAO_CAIXA_V9,Barsi_Graham_Comparacao_Final_v9/scripts/compute_maintenance.py,5363502d869091c6601c8c90c3efdc5f9c8bd4e8c730e1882bd2a1604cbae60f,,,PENDENTE; nao recalculado,False,False,,0.07785398324641424,0.9429926041891743,0.8061348317819372,True,CALCULADO_MOTOR_V6_FRACIONARIO_PROVISORIO
maintain,2024,2024-06-28,2026-06-30,B00S,central,BBSE3,0.1,0.458187364173539,0.4441102541015136,0.47233209372407536,APROXIMACAO_CAIXA_V9,Barsi_Graham_Comparacao_Final_v9/scripts/compute_maintenance.py,5363502d869091c6601c8c90c3efdc5f9c8bd4e8c730e1882bd2a1604cbae60f,0.4935727226882862,0.3538535851474722,CATALOGO_CAIXA_RI_NOMINAL_VERIFICADO; estrutura e completude geral pendentes,True,False,0.21240628964210861,0.1414472955053636,,,False,PRESERVADO_V9_OU_CENARIO_V12
maintain,2024,2024-06-28,2026-06-30,B00S,central,VIVT3,0.2,0.7051793780540623,0.6944805025751979,0.7159117904682766,APROXIMACAO_CAIXA_V9,Barsi_Graham_Comparacao_Final_v9/scripts/compute_maintenance.py,5363502d869091c6601c8c90c3efdc5f9c8bd4e8c730e1882bd2a1604cbae60f,,,PENDENTE; nao recalculado,False,False,,0.21464824828428597,0.7208086736513799,0.31258591194635255,True,CALCULADO_MOTOR_V6_FRACIONARIO_PROVISORIO
maintain,2024,2024-06-28,2026-06-30,B00S,conservative,BBAS3,0.04,-0.13885300553079294,-0.144818582500853,-0.13286859567828524,APROXIMACAO_CAIXA_V9,Barsi_Graham_Comparacao_Final_v9/scripts/compute_maintenance.py,5363502d869091c6601c8c90c3efdc5f9c8bd4e8c730e1882bd2a1604cbae60f,,,PENDENTE; nao recalculado,False,False,,0.023937639410030798,,,False,PRESERVADO_V9_OU_CENARIO_V12
maintain,2024,2024-06-28,2026-06-30,B00S,conservative,ABCB4,0.04,0.2983596014722987,0.28661683156749884,0.3101556250587536,APROXIMACAO_CAIXA_V9,Barsi_Graham_Comparacao_Final_v9/scripts/compute_maintenance.py,5363502d869091c6601c8c90c3efdc5f9c8bd4e8c730e1882bd2a1604cbae60f,,,PENDENTE; nao recalculado,False,False,,0.047184094345819716,,,False,PRESERVADO_V9_OU_CENARIO_V12
maintain,2024,2024-06-28,2026-06-30,B00S,conservative,BBDC4,0.04,0.6709261027072013,0.6601533218901456,0.6817334364444121,APROXIMACAO_CAIXA_V9,Barsi_Graham_Comparacao_Final_v9/scripts/compute_maintenance.py,5363502d869091c6601c8c90c3efdc5f9c8bd4e8c730e1882bd2a1604cbae60f,,,PENDENTE; nao recalculado,False,False,,0.04322933494884307,,,False,PRESERVADO_V9_OU_CENARIO_V12
maintain,2024,2024-06-28,2026-06-30,B00S,conservative,ITUB4,0.04,0.6840261722793091,0.6709232649017853,0.6971797489302118,APROXIMACAO_CAIXA_V9,Barsi_Graham_Comparacao_Final_v9/scripts/compute_maintenance.py,5363502d869091c6601c8c90c3efdc5f9c8bd4e8c730e1882bd2a1604cbae60f,,,PENDENTE; nao recalculado,False,False,,0.052614306603611105,,,False,PRESERVADO_V9_OU_CENARIO_V12
maintain,2024,2024-06-28,2026-06-30,B00S,conservative,SANB4,0.04,0.10617563857473011,0.09891216030599059,0.11346250574952221,APROXIMACAO_CAIXA_V9,Barsi_Graham_Comparacao_Final_v9/scripts/compute_maintenance.py,5363502d869091c6601c8c90c3efdc5f9c8bd4e8c730e1882bd2a1604cbae60f,,,PENDENTE; nao recalculado,False,False,,0.0291474686991684,,,False,PRESERVADO_V9_OU_CENARIO_V12
maintain,2024,2024-06-28,2026-06-30,B00S,conservative,ELET3,0.022222222222222223,0.6856164432870191,0.6769793668860182,0.6942745773533916,APROXIMACAO_CAIXA_V9,Barsi_Graham_Comparacao_Final_v9/scripts/compute_maintenance.py,5363502d869091c6601c8c90c3efdc5f9c8bd4e8c730e1882bd2a1604cbae60f,,,PENDENTE; nao recalculado,False,False,,0.01924029792527223,,,False,PRESERVADO_V9_OU_CENARIO_V12
maintain,2024,2024-06-28,2026-06-30,B00S,conservative,NEOE3,0.022222222222222223,0.9738989539232767,0.9666893653778756,0.9811205419050657,APROXIMACAO_CAIXA_V9,Barsi_Graham_Comparacao_Final_v9/scripts/compute_maintenance.py,5363502d869091c6601c8c90c3efdc5f9c8bd4e8c730e1882bd2a1604cbae60f,,,PENDENTE; nao recalculado,False,False,,0.01604797329286435,,,False,PRESERVADO_V9_OU_CENARIO_V12
maintain,2024,2024-06-28,2026-06-30,B00S,conservative,CPFE3,0.022222222222222223,0.5827975273148842,0.5716981852832155,0.5939355697541808,APROXIMACAO_CAIXA_V9,Barsi_Graham_Comparacao_Final_v9/scripts/compute_maintenance.py,5363502d869091c6601c8c90c3efdc5f9c8bd4e8c730e1882bd2a1604cbae60f,,,PENDENTE; nao recalculado,False,False,,0.02475120542065914,,,False,PRESERVADO_V9_OU_CENARIO_V12
maintain,2024,2024-06-28,2026-06-30,B00S,conservative,EGIE3,0.022222222222222223,0.19374570785759726,0.1890213708861621,0.19847905485723016,APROXIMACAO_CAIXA_V9,Barsi_Graham_Comparacao_Final_v9/scripts/compute_maintenance.py,5363502d869091c6601c8c90c3efdc5f9c8bd4e8c730e1882bd2a1604cbae60f,,,PENDENTE; nao recalculado,False,False,,0.01051854888807312,,,False,PRESERVADO_V9_OU_CENARIO_V12
maintain,2024,2024-06-28,2026-06-30,B00S,conservative,TRPL4,0.022222222222222223,0.2571262472909781,0.24745145536715896,0.2668369283927601,APROXIMACAO_CAIXA_V9,Barsi_Graham_Comparacao_Final_v9/scripts/compute_maintenance.py,5363502d869091c6601c8c90c3efdc5f9c8bd4e8c730e1882bd2a1604cbae60f,,,PENDENTE; nao recalculado,False,False,,0.02157929133729327,,,False,PRESERVADO_V9_OU_CENARIO_V12
maintain,2024,2024-06-28,2026-06-30,B00S,conservative,EQTL3,0.022222222222222223,0.30375151887564855,0.3019942843672969,0.3055098606239608,APROXIMACAO_CAIXA_V9,Barsi_Graham_Comparacao_Final_v9/scripts/compute_maintenance.py,5363502d869091c6601c8c90c3efdc5f9c8bd4e8c730e1882bd2a1604cbae60f,,,PENDENTE; nao recalculado,False,False,,0.003907426107360538,,,False,PRESERVADO_V9_OU_CENARIO_V12
maintain,2024,2024-06-28,2026-06-30,B00S,conservative,TAEE4,0.022222222222222223,0.38139483018202536,0.37037509410689595,0.39245816814680934,APROXIMACAO_CAIXA_V9,Barsi_Graham_Comparacao_Final_v9/scripts/compute_maintenance.py,5363502d869091c6601c8c90c3efdc5f9c8bd4e8c730e1882bd2a1604cbae60f,,,PENDENTE; nao recalculado,False,False,,0.024585195477297737,,,False,PRESERVADO_V9_OU_CENARIO_V12
maintain,2024,2024-06-28,2026-06-30,B00S,conservative,CMIG4,0.022222222222222223,0.3239178678425645,0.31218223580449767,0.3357055249480392,APROXIMACAO_CAIXA_V9,Barsi_Graham_Comparacao_Final_v9/scripts/compute_maintenance.py,5363502d869091c6601c8c90c3efdc5f9c8bd4e8c730e1882bd2a1604cbae60f,,,PENDENTE; nao recalculado,False,False,,0.026194793567721537,,,False,PRESERVADO_V9_OU_CENARIO_V12
maintain,2024,2024-06-28,2026-06-30,B00S,conservative,CPLE6,0.022222222222222223,0.8995683218557444,0.8892826499108974,0.9098777909644191,APROXIMACAO_CAIXA_V9,Barsi_Graham_Comparacao_Final_v9/scripts/compute_maintenance.py,5363502d869091c6601c8c90c3efdc5f9c8bd4e8c730e1882bd2a1604cbae60f,,,PENDENTE; nao recalculado,False,False,,0.022909931352610435,,,False,PRESERVADO_V9_OU_CENARIO_V12
maintain,2024,2024-06-28,2026-06-30,B00S,conservative,CSMG3,0.1,2.231918761076557,2.213356958745434,2.250523571917277,CHECKPOINT_EVENTOS_V6_HERDADO,runtime/Barsi_Graham_Retomada_v8/herdado_v7/herdado_v6/checkpoints/casos_v6/CSMG3_2024-06-28_2026-06-30.json,973063970fa02a67179bb4e4e168dcfacf9e8fa46f2fdcc60d1cdae3ad310a76,2.231918761076557,0.0,MESMA_CLASSE_E_MOTOR_GRAHAM; cobertura documental herdada parcial,True,False,-0.18604810840719743,0.18604810840719743,,,False,PRESERVADO_V9_OU_CENARIO_V12
maintain,2024,2024-06-28,2026-06-30,B00S,conservative,SAPR4,0.1,0.37514000284329874,0.37016677553637645,0.3801216796342808,APROXIMACAO_CAIXA_V9,Barsi_Graham_Comparacao_Final_v9/scripts/compute_maintenance.py,5363502d869091c6601c8c90c3efdc5f9c8bd4e8c730e1882bd2a1604cbae60f,,,PENDENTE; nao recalculado,False,False,,0.04981676790982048,0.4268670478333918,0.5172704499009306,True,CALCULADO_MOTOR_V6_FRACIONARIO_PROVISORIO
maintain,2024,2024-06-28,2026-06-30,B00S,conservative,PSSA3,0.1,0.8623791210109806,0.8546088819705406,0.870164519335622,APROXIMACAO_CAIXA_V9,Barsi_Graham_Comparacao_Final_v9/scripts/compute_maintenance.py,5363502d869091c6601c8c90c3efdc5f9c8bd4e8c730e1882bd2a1604cbae60f,,,PENDENTE; nao recalculado,False,False,,0.07785398324641424,0.9429926041891743,0.8061348317819372,True,CALCULADO_MOTOR_V6_FRACIONARIO_PROVISORIO
maintain,2024,2024-06-28,2026-06-30,B00S,conservative,BBSE3,0.1,0.458187364173539,0.4441102541015136,0.47233209372407536,APROXIMACAO_CAIXA_V9,Barsi_Graham_Comparacao_Final_v9/scripts/compute_maintenance.py,5363502d869091c6601c8c90c3efdc5f9c8bd4e8c730e1882bd2a1604cbae60f,0.4935727226882862,0.3538535851474722,CATALOGO_CAIXA_RI_NOMINAL_VERIFICADO; estrutura e completude geral pendentes,True,False,0.21240628964210861,0.1414472955053636,,,False,PRESERVADO_V9_OU_CENARIO_V12
maintain,2024,2024-06-28,2026-06-30,B00S,conservative,VIVT3,0.2,0.7051793780540623,0.6944805025751979,0.7159117904682766,APROXIMACAO_CAIXA_V9,Barsi_Graham_Comparacao_Final_v9/scripts/compute_maintenance.py,5363502d869091c6601c8c90c3efdc5f9c8bd4e8c730e1882bd2a1604cbae60f,,,PENDENTE; nao recalculado,False,False,,0.21464824828428597,0.7208086736513799,0.31258591194635255,True,CALCULADO_MOTOR_V6_FRACIONARIO_PROVISORIO
maintain,2024,2024-06-28,2026-06-30,B06,central,CPFE3,0.1,0.5827975273148842,0.5716981852832155,0.5939355697541808,APROXIMACAO_CAIXA_V9,Barsi_Graham_Comparacao_Final_v9/scripts/compute_maintenance.py,5363502d869091c6601c8c90c3efdc5f9c8bd4e8c730e1882bd2a1604cbae60f,,,PENDENTE; nao recalculado,False,False,,0.11138042439296614,,,False,PRESERVADO_V9_OU_CENARIO_V12
maintain,2024,2024-06-28,2026-06-30,B06,central,VIVT3,0.1,0.7051793780540623,0.6944805025751979,0.7159117904682766,APROXIMACAO_CAIXA_V9,Barsi_Graham_Comparacao_Final_v9/scripts/compute_maintenance.py,5363502d869091c6601c8c90c3efdc5f9c8bd4e8c730e1882bd2a1604cbae60f,,,PENDENTE; nao recalculado,False,False,,0.10732412414214298,0.7208086736513799,0.15629295597317627,True,CALCULADO_MOTOR_V6_FRACIONARIO_PROVISORIO
maintain,2024,2024-06-28,2026-06-30,B06,central,TRPL4,0.1,0.2571262472909781,0.24745145536715896,0.2668369283927601,APROXIMACAO_CAIXA_V9,Barsi_Graham_Comparacao_Final_v9/scripts/compute_maintenance.py,5363502d869091c6601c8c90c3efdc5f9c8bd4e8c730e1882bd2a1604cbae60f,,,PENDENTE; nao recalculado,False,False,,0.0971068110178197,,,False,PRESERVADO_V9_OU_CENARIO_V12
maintain,2024,2024-06-28,2026-06-30,B06,central,TAEE4,0.1,0.38139483018202536,0.37037509410689595,0.39245816814680934,APROXIMACAO_CAIXA_V9,Barsi_Graham_Comparacao_Final_v9/scripts/compute_maintenance.py,5363502d869091c6601c8c90c3efdc5f9c8bd4e8c730e1882bd2a1604cbae60f,,,PENDENTE; nao recalculado,False,False,,0.11063337964783981,,,False,PRESERVADO_V9_OU_CENARIO_V12
maintain,2024,2024-06-28,2026-06-30,B06,central,CMIG4,0.1,0.3239178678425645,0.31218223580449767,0.3357055249480392,APROXIMACAO_CAIXA_V9,Barsi_Graham_Comparacao_Final_v9/scripts/compute_maintenance.py,5363502d869091c6601c8c90c3efdc5f9c8bd4e8c730e1882bd2a1604cbae60f,,,PENDENTE; nao recalculado,False,False,,0.11787657105474691,,,False,PRESERVADO_V9_OU_CENARIO_V12
maintain,2024,2024-06-28,2026-06-30,B06,central,BBSE3,0.1,0.458187364173539,0.4441102541015136,0.47233209372407536,APROXIMACAO_CAIXA_V9,Barsi_Graham_Comparacao_Final_v9/scripts/compute_maintenance.py,5363502d869091c6601c8c90c3efdc5f9c8bd4e8c730e1882bd2a1604cbae60f,0.4935727226882862,0.3538535851474722,CATALOGO_CAIXA_RI_NOMINAL_VERIFICADO; estrutura e completude geral pendentes,True,False,0.21240628964210861,0.1414472955053636,,,False,PRESERVADO_V9_OU_CENARIO_V12
maintain,2024,2024-06-28,2026-06-30,B06,central,BBDC4,0.1,0.6709261027072013,0.6601533218901456,0.6817334364444121,APROXIMACAO_CAIXA_V9,Barsi_Graham_Comparacao_Final_v9/scripts/compute_maintenance.py,5363502d869091c6601c8c90c3efdc5f9c8bd4e8c730e1882bd2a1604cbae60f,,,PENDENTE; nao recalculado,False,False,,0.10807333737210767,,,False,PRESERVADO_V9_OU_CENARIO_V12
maintain,2024,2024-06-28,2026-06-30,B06,central,BMGB4,0.1,0.849775988211777,0.8334666539757596,0.8661529742646186,APROXIMACAO_CAIXA_V9,Barsi_Graham_Comparacao_Final_v9/scripts/compute_maintenance.py,5363502d869091c6601c8c90c3efdc5f9c8bd4e8c730e1882bd2a1604cbae60f,,,PENDENTE; nao recalculado,False,False,,0.16376986052841547,,,False,PRESERVADO_V9_OU_CENARIO_V12
maintain,2024,2024-06-28,2026-06-30,B06,central,CPLE6,0.1,0.8995683218557444,0.8892826499108974,0.9098777909644191,APROXIMACAO_CAIXA_V9,Barsi_Graham_Comparacao_Final_v9/scripts/compute_maintenance.py,5363502d869091c6601c8c90c3efdc5f9c8bd4e8c730e1882bd2a1604cbae60f,,,PENDENTE; nao recalculado,False,False,,0.10309469108674696,,,False,PRESERVADO_V9_OU_CENARIO_V12
maintain,2024,2024-06-28,2026-06-30,B06,central,SANB4,0.1,0.10617563857473011,0.09891216030599059,0.11346250574952221,APROXIMACAO_CAIXA_V9,Barsi_Graham_Comparacao_Final_v9/scripts/compute_maintenance.py,5363502d869091c6601c8c90c3efdc5f9c8bd4e8c730e1882bd2a1604cbae60f,,,PENDENTE; nao recalculado,False,False,,0.072868671747921,,,False,PRESERVADO_V9_OU_CENARIO_V12
maintain,2024,2024-06-28,2026-06-30,B06,conservative,CPFE3,0.14285714285714285,0.5827975273148842,0.5716981852832155,0.5939355697541808,APROXIMACAO_CAIXA_V9,Barsi_Graham_Comparacao_Final_v9/scripts/compute_maintenance.py,5363502d869091c6601c8c90c3efdc5f9c8bd4e8c730e1882bd2a1604cbae60f,,,PENDENTE; nao recalculado,False,False,,0.1591148919899516,,,False,PRESERVADO_V9_OU_CENARIO_V12
maintain,2024,2024-06-28,2026-06-30,B06,conservative,VIVT3,0.14285714285714285,0.7051793780540623,0.6944805025751979,0.7159117904682766,APROXIMACAO_CAIXA_V9,Barsi_Graham_Comparacao_Final_v9/scripts/compute_maintenance.py,5363502d869091c6601c8c90c3efdc5f9c8bd4e8c730e1882bd2a1604cbae60f,,,PENDENTE; nao recalculado,False,False,,0.15332017734591855,0.7208086736513799,0.2232756513902518,True,CALCULADO_MOTOR_V6_FRACIONARIO_PROVISORIO
maintain,2024,2024-06-28,2026-06-30,B06,conservative,TRPL4,0.14285714285714285,0.2571262472909781,0.24745145536715896,0.2668369283927601,APROXIMACAO_CAIXA_V9,Barsi_Graham_Comparacao_Final_v9/scripts/compute_maintenance.py,5363502d869091c6601c8c90c3efdc5f9c8bd4e8c730e1882bd2a1604cbae60f,,,PENDENTE; nao recalculado,False,False,,0.13872401573974244,,,False,PRESERVADO_V9_OU_CENARIO_V12
maintain,2024,2024-06-28,2026-06-30,B06,conservative,TAEE4,0.14285714285714285,0.38139483018202536,0.37037509410689595,0.39245816814680934,APROXIMACAO_CAIXA_V9,Barsi_Graham_Comparacao_Final_v9/scripts/compute_maintenance.py,5363502d869091c6601c8c90c3efdc5f9c8bd4e8c730e1882bd2a1604cbae60f,,,PENDENTE; nao recalculado,False,False,,0.15804768521119972,,,False,PRESERVADO_V9_OU_CENARIO_V12
maintain,2024,2024-06-28,2026-06-30,B06,conservative,CMIG4,0.14285714285714285,0.3239178678425645,0.31218223580449767,0.3357055249480392,APROXIMACAO_CAIXA_V9,Barsi_Graham_Comparacao_Final_v9/scripts/compute_maintenance.py,5363502d869091c6601c8c90c3efdc5f9c8bd4e8c730e1882bd2a1604cbae60f,,,PENDENTE; nao recalculado,False,False,,0.1683951015067813,,,False,PRESERVADO_V9_OU_CENARIO_V12
maintain,2024,2024-06-28,2026-06-30,B06,conservative,BBSE3,0.14285714285714285,0.458187364173539,0.4441102541015136,0.47233209372407536,APROXIMACAO_CAIXA_V9,Barsi_Graham_Comparacao_Final_v9/scripts/compute_maintenance.py,5363502d869091c6601c8c90c3efdc5f9c8bd4e8c730e1882bd2a1604cbae60f,0.4935727226882862,0.505505121639246,CATALOGO_CAIXA_RI_NOMINAL_VERIFICADO; estrutura e completude geral pendentes,True,False,0.3034375566315837,0.2020675650076623,,,False,PRESERVADO_V9_OU_CENARIO_V12
maintain,2024,2024-06-28,2026-06-30,B06,conservative,SANB4,0.14285714285714285,0.10617563857473011,0.09891216030599059,0.11346250574952221,APROXIMACAO_CAIXA_V9,Barsi_Graham_Comparacao_Final_v9/scripts/compute_maintenance.py,5363502d869091c6601c8c90c3efdc5f9c8bd4e8c730e1882bd2a1604cbae60f,,,PENDENTE; nao recalculado,False,False,,0.10409810249702998,,,False,PRESERVADO_V9_OU_CENARIO_V12
maintain,2024,2024-06-28,2026-06-30,B06S,central,BBDC4,0.08333333333333333,0.6709261027072013,0.6601533218901456,0.6817334364444121,APROXIMACAO_CAIXA_V9,Barsi_Graham_Comparacao_Final_v9/scripts/compute_maintenance.py,5363502d869091c6601c8c90c3efdc5f9c8bd4e8c730e1882bd2a1604cbae60f,,,PENDENTE; nao recalculado,False,False,,0.09006111447675638,,,False,PRESERVADO_V9_OU_CENARIO_V12
maintain,2024,2024-06-28,2026-06-30,B06S,central,BMGB4,0.08333333333333333,0.849775988211777,0.8334666539757596,0.8661529742646186,APROXIMACAO_CAIXA_V9,Barsi_Graham_Comparacao_Final_v9/scripts/compute_maintenance.py,5363502d869091c6601c8c90c3efdc5f9c8bd4e8c730e1882bd2a1604cbae60f,,,PENDENTE; nao recalculado,False,False,,0.13647488377367953,,,False,PRESERVADO_V9_OU_CENARIO_V12
maintain,2024,2024-06-28,2026-06-30,B06S,central,SANB4,0.08333333333333333,0.10617563857473011,0.09891216030599059,0.11346250574952221,APROXIMACAO_CAIXA_V9,Barsi_Graham_Comparacao_Final_v9/scripts/compute_maintenance.py,5363502d869091c6601c8c90c3efdc5f9c8bd4e8c730e1882bd2a1604cbae60f,,,PENDENTE; nao recalculado,False,False,,0.06072389312326749,,,False,PRESERVADO_V9_OU_CENARIO_V12
maintain,2024,2024-06-28,2026-06-30,B06S,central,CPFE3,0.05,0.5827975273148842,0.5716981852832155,0.5939355697541808,APROXIMACAO_CAIXA_V9,Barsi_Graham_Comparacao_Final_v9/scripts/compute_maintenance.py,5363502d869091c6601c8c90c3efdc5f9c8bd4e8c730e1882bd2a1604cbae60f,,,PENDENTE; nao recalculado,False,False,,0.05569021219648307,,,False,PRESERVADO_V9_OU_CENARIO_V12
maintain,2024,2024-06-28,2026-06-30,B06S,central,TRPL4,0.05,0.2571262472909781,0.24745145536715896,0.2668369283927601,APROXIMACAO_CAIXA_V9,Barsi_Graham_Comparacao_Final_v9/scripts/compute_maintenance.py,5363502d869091c6601c8c90c3efdc5f9c8bd4e8c730e1882bd2a1604cbae60f,,,PENDENTE; nao recalculado,False,False,,0.04855340550890985,,,False,PRESERVADO_V9_OU_CENARIO_V12
maintain,2024,2024-06-28,2026-06-30,B06S,central,TAEE4,0.05,0.38139483018202536,0.37037509410689595,0.39245816814680934,APROXIMACAO_CAIXA_V9,Barsi_Graham_Comparacao_Final_v9/scripts/compute_maintenance.py,5363502d869091c6601c8c90c3efdc5f9c8bd4e8c730e1882bd2a1604cbae60f,,,PENDENTE; nao recalculado,False,False,,0.05531668982391991,,,False,PRESERVADO_V9_OU_CENARIO_V12
maintain,2024,2024-06-28,2026-06-30,B06S,central,CMIG4,0.05,0.3239178678425645,0.31218223580449767,0.3357055249480392,APROXIMACAO_CAIXA_V9,Barsi_Graham_Comparacao_Final_v9/scripts/compute_maintenance.py,5363502d869091c6601c8c90c3efdc5f9c8bd4e8c730e1882bd2a1604cbae60f,,,PENDENTE; nao recalculado,False,False,,0.05893828552737346,,,False,PRESERVADO_V9_OU_CENARIO_V12
maintain,2024,2024-06-28,2026-06-30,B06S,central,CPLE6,0.05,0.8995683218557444,0.8892826499108974,0.9098777909644191,APROXIMACAO_CAIXA_V9,Barsi_Graham_Comparacao_Final_v9/scripts/compute_maintenance.py,5363502d869091c6601c8c90c3efdc5f9c8bd4e8c730e1882bd2a1604cbae60f,,,PENDENTE; nao recalculado,False,False,,0.05154734554337348,,,False,PRESERVADO_V9_OU_CENARIO_V12
maintain,2024,2024-06-28,2026-06-30,B06S,central,BBSE3,0.25,0.458187364173539,0.4441102541015136,0.47233209372407536,APROXIMACAO_CAIXA_V9,Barsi_Graham_Comparacao_Final_v9/scripts/compute_maintenance.py,5363502d869091c6601c8c90c3efdc5f9c8bd4e8c730e1882bd2a1604cbae60f,0.4935727226882862,0.8846339628686806,CATALOGO_CAIXA_RI_NOMINAL_VERIFICADO; estrutura e completude geral pendentes,True,False,0.5310157241052715,0.35361823876340903,,,False,PRESERVADO_V9_OU_CENARIO_V12
maintain,2024,2024-06-28,2026-06-30,B06S,central,VIVT3,0.25,0.7051793780540623,0.6944805025751979,0.7159117904682766,APROXIMACAO_CAIXA_V9,Barsi_Graham_Comparacao_Final_v9/scripts/compute_maintenance.py,5363502d869091c6601c8c90c3efdc5f9c8bd4e8c730e1882bd2a1604cbae60f,,,PENDENTE; nao recalculado,False,False,,0.26831031035535746,0.7208086736513799,0.3907323899329407,True,CALCULADO_MOTOR_V6_FRACIONARIO_PROVISORIO
maintain,2024,2024-06-28,2026-06-30,B06S,conservative,SANB4,0.25,0.10617563857473011,0.09891216030599059,0.11346250574952221,APROXIMACAO_CAIXA_V9,Barsi_Graham_Comparacao_Final_v9/scripts/compute_maintenance.py,5363502d869091c6601c8c90c3efdc5f9c8bd4e8c730e1882bd2a1604cbae60f,,,PENDENTE; nao recalculado,False,False,,0.1821716793698025,,,False,PRESERVADO_V9_OU_CENARIO_V12
maintain,2024,2024-06-28,2026-06-30,B06S,conservative,CPFE3,0.0625,0.5827975273148842,0.5716981852832155,0.5939355697541808,APROXIMACAO_CAIXA_V9,Barsi_Graham_Comparacao_Final_v9/scripts/compute_maintenance.py,5363502d869091c6601c8c90c3efdc5f9c8bd4e8c730e1882bd2a1604cbae60f,,,PENDENTE; nao recalculado,False,False,,0.06961276524560384,,,False,PRESERVADO_V9_OU_CENARIO_V12
maintain,2024,2024-06-28,2026-06-30,B06S,conservative,TRPL4,0.0625,0.2571262472909781,0.24745145536715896,0.2668369283927601,APROXIMACAO_CAIXA_V9,Barsi_Graham_Comparacao_Final_v9/scripts/compute_maintenance.py,5363502d869091c6601c8c90c3efdc5f9c8bd4e8c730e1882bd2a1604cbae60f,,,PENDENTE; nao recalculado,False,False,,0.060691756886137316,,,False,PRESERVADO_V9_OU_CENARIO_V12
maintain,2024,2024-06-28,2026-06-30,B06S,conservative,TAEE4,0.0625,0.38139483018202536,0.37037509410689595,0.39245816814680934,APROXIMACAO_CAIXA_V9,Barsi_Graham_Comparacao_Final_v9/scripts/compute_maintenance.py,5363502d869091c6601c8c90c3efdc5f9c8bd4e8c730e1882bd2a1604cbae60f,,,PENDENTE; nao recalculado,False,False,,0.06914586227989988,,,False,PRESERVADO_V9_OU_CENARIO_V12
maintain,2024,2024-06-28,2026-06-30,B06S,conservative,CMIG4,0.0625,0.3239178678425645,0.31218223580449767,0.3357055249480392,APROXIMACAO_CAIXA_V9,Barsi_Graham_Comparacao_Final_v9/scripts/compute_maintenance.py,5363502d869091c6601c8c90c3efdc5f9c8bd4e8c730e1882bd2a1604cbae60f,,,PENDENTE; nao recalculado,False,False,,0.07367285690921682,,,False,PRESERVADO_V9_OU_CENARIO_V12
maintain,2024,2024-06-28,2026-06-30,B06S,conservative,BBSE3,0.25,0.458187364173539,0.4441102541015136,0.47233209372407536,APROXIMACAO_CAIXA_V9,Barsi_Graham_Comparacao_Final_v9/scripts/compute_maintenance.py,5363502d869091c6601c8c90c3efdc5f9c8bd4e8c730e1882bd2a1604cbae60f,0.4935727226882862,0.8846339628686806,CATALOGO_CAIXA_RI_NOMINAL_VERIFICADO; estrutura e completude geral pendentes,True,False,0.5310157241052715,0.35361823876340903,,,False,PRESERVADO_V9_OU_CENARIO_V12
maintain,2024,2024-06-28,2026-06-30,B06S,conservative,VIVT3,0.25,0.7051793780540623,0.6944805025751979,0.7159117904682766,APROXIMACAO_CAIXA_V9,Barsi_Graham_Comparacao_Final_v9/scripts/compute_maintenance.py,5363502d869091c6601c8c90c3efdc5f9c8bd4e8c730e1882bd2a1604cbae60f,,,PENDENTE; nao recalculado,False,False,,0.26831031035535746,0.7208086736513799,0.3907323899329407,True,CALCULADO_MOTOR_V6_FRACIONARIO_PROVISORIO
maintain,2025,2025-06-30,2026-06-30,B00,central,BBAS3,0.05263157894736842,-0.05284291534631058,-0.05513512901765516,-0.050550701674966114,APROXIMACAO_CAIXA_V9,Barsi_Graham_Comparacao_Final_v9/scripts/compute_maintenance.py,5363502d869091c6601c8c90c3efdc5f9c8bd4e8c730e1882bd2a1604cbae60f,,,PENDENTE; nao recalculado,False,False,,0.012064282480760354,,,False,PRESERVADO_V9_OU_CENARIO_V12
maintain,2025,2025-06-30,2026-06-30,B00,central,ELET3,0.05263157894736842,0.4427444071108899,0.43821036925161616,0.4472784449701641,APROXIMACAO_CAIXA_V9,Barsi_Graham_Comparacao_Final_v9/scripts/compute_maintenance.py,5363502d869091c6601c8c90c3efdc5f9c8bd4e8c730e1882bd2a1604cbae60f,,,PENDENTE; nao recalculado,False,False,,0.023863357154074723,,,False,PRESERVADO_V9_OU_CENARIO_V12
maintain,2025,2025-06-30,2026-06-30,B00,central,NEOE3,0.05263157894736842,0.36592586589984366,0.36417886837949953,0.367672863420188,APROXIMACAO_CAIXA_V9,Barsi_Graham_Comparacao_Final_v9/scripts/compute_maintenance.py,5363502d869091c6601c8c90c3efdc5f9c8bd4e8c730e1882bd2a1604cbae60f,,,PENDENTE; nao recalculado,False,False,,0.009194723791286058,,,False,PRESERVADO_V9_OU_CENARIO_V12
maintain,2025,2025-06-30,2026-06-30,B00,central,PSSA3,0.05263157894736842,0.011860507246376883,0.009202264492753631,0.014518750000000136,APROXIMACAO_CAIXA_V9,Barsi_Graham_Comparacao_Final_v9/scripts/compute_maintenance.py,5363502d869091c6601c8c90c3efdc5f9c8bd4e8c730e1882bd2a1604cbae60f,,,PENDENTE; nao recalculado,False,False,,0.013990751334859221,0.018168970234863524,0.03320243678150863,True,CALCULADO_MOTOR_V6_FRACIONARIO_PROVISORIO
maintain,2025,2025-06-30,2026-06-30,B00,central,CPFE3,0.05263157894736842,0.1872613803230545,0.1826951786588351,0.19182758198727368,APROXIMACAO_CAIXA_V9,Barsi_Graham_Comparacao_Final_v9/scripts/compute_maintenance.py,5363502d869091c6601c8c90c3efdc5f9c8bd4e8c730e1882bd2a1604cbae60f,,,PENDENTE; nao recalculado,False,False,,0.02403264033799564,,,False,PRESERVADO_V9_OU_CENARIO_V12
maintain,2025,2025-06-30,2026-06-30,B00,central,EGIE3,0.05263157894736842,0.10918564192909042,0.10741717683329677,0.11095410702488429,APROXIMACAO_CAIXA_V9,Barsi_Graham_Comparacao_Final_v9/scripts/compute_maintenance.py,5363502d869091c6601c8c90c3efdc5f9c8bd4e8c730e1882bd2a1604cbae60f,,,PENDENTE; nao recalculado,False,False,,0.00930771103049405,,,False,PRESERVADO_V9_OU_CENARIO_V12
maintain,2025,2025-06-30,2026-06-30,B00,central,VIVT3,0.05263157894736842,0.17771447070249247,0.1737818064098413,0.18164713499514407,APROXIMACAO_CAIXA_V9,Barsi_Graham_Comparacao_Final_v9/scripts/compute_maintenance.py,5363502d869091c6601c8c90c3efdc5f9c8bd4e8c730e1882bd2a1604cbae60f,,,PENDENTE; nao recalculado,False,False,,0.020698233119218944,0.1791078856891315,0.0073337630875738415,True,CALCULADO_MOTOR_V6_FRACIONARIO_PROVISORIO
maintain,2025,2025-06-30,2026-06-30,B00,central,EQTL3,0.05263157894736842,0.09384037819799773,0.09329185205784185,0.09438890433815339,APROXIMACAO_CAIXA_V9,Barsi_Graham_Comparacao_Final_v9/scripts/compute_maintenance.py,5363502d869091c6601c8c90c3efdc5f9c8bd4e8c730e1882bd2a1604cbae60f,,,PENDENTE; nao recalculado,False,False,,0.002886979685029781,,,False,PRESERVADO_V9_OU_CENARIO_V12
maintain,2025,2025-06-30,2026-06-30,B00,central,TAEE4,0.05263157894736842,0.2458808290155441,0.24144516407599315,0.25031649395509503,APROXIMACAO_CAIXA_V9,Barsi_Graham_Comparacao_Final_v9/scripts/compute_maintenance.py,5363502d869091c6601c8c90c3efdc5f9c8bd4e8c730e1882bd2a1604cbae60f,,,PENDENTE; nao recalculado,False,False,,0.02334560494500496,,,False,PRESERVADO_V9_OU_CENARIO_V12
maintain,2025,2025-06-30,2026-06-30,B00,central,CMIG4,0.05263157894736842,0.11164814814814794,0.1063898148148148,0.1169064814814813,APROXIMACAO_CAIXA_V9,Barsi_Graham_Comparacao_Final_v9/scripts/compute_maintenance.py,5363502d869091c6601c8c90c3efdc5f9c8bd4e8c730e1882bd2a1604cbae60f,,,PENDENTE; nao recalculado,False,False,,0.02767543859649139,,,False,PRESERVADO_V9_OU_CENARIO_V12
maintain,2025,2025-06-30,2026-06-30,B00,central,CSMG3,0.05263157894736842,1.249603148666703,1.246049162252688,1.2531571350807176,CHECKPOINT_EVENTOS_V6_HERDADO,runtime/Barsi_Graham_Retomada_v8/herdado_v7/herdado_v6/checkpoints/casos_v6/CSMG3_2025-06-30_2026-06-30.json,92e9383d975ed0ed705fb2a676dfc4df43179c8bb00c4082f26eeb8a311bbfe9,1.249603148666703,0.0,MESMA_CLASSE_E_MOTOR_GRAHAM; cobertura documental herdada parcial,True,False,-0.01870519165270847,0.01870519165270847,,,False,PRESERVADO_V9_OU_CENARIO_V12
maintain,2025,2025-06-30,2026-06-30,B00,central,BBSE3,0.05263157894736842,0.22421787709497232,0.21771368715083805,0.23072206703910636,APROXIMACAO_CAIXA_V9,Barsi_Graham_Comparacao_Final_v9/scripts/compute_maintenance.py,5363502d869091c6601c8c90c3efdc5f9c8bd4e8c730e1882bd2a1604cbae60f,0.2463195011539947,0.11632433715274938,CATALOGO_CAIXA_RI_NOMINAL_VERIFICADO; estrutura e completude geral pendentes,True,False,0.08209175849941232,0.034232578653337065,,,False,PRESERVADO_V9_OU_CENARIO_V12
maintain,2025,2025-06-30,2026-06-30,B00,central,ABCB4,0.05263157894736842,0.17226440375167473,0.16673291648057154,0.17779589102277793,APROXIMACAO_CAIXA_V9,Barsi_Graham_Comparacao_Final_v9/scripts/compute_maintenance.py,5363502d869091c6601c8c90c3efdc5f9c8bd4e8c730e1882bd2a1604cbae60f,,,PENDENTE; nao recalculado,False,False,,0.029113090900543138,,,False,PRESERVADO_V9_OU_CENARIO_V12
maintain,2025,2025-06-30,2026-06-30,B00,central,BBDC4,0.05263157894736842,0.1425609031491386,0.1392058823529414,0.1459159239453358,APROXIMACAO_CAIXA_V9,Barsi_Graham_Comparacao_Final_v9/scripts/compute_maintenance.py,5363502d869091c6601c8c90c3efdc5f9c8bd4e8c730e1882bd2a1604cbae60f,,,PENDENTE; nao recalculado,False,False,,0.017658004190511608,,,False,PRESERVADO_V9_OU_CENARIO_V12
maintain,2025,2025-06-30,2026-06-30,B00,central,ITUB4,0.05263157894736842,0.22776725304465484,0.2234560216508794,0.23207848443843004,APROXIMACAO_CAIXA_V9,Barsi_Graham_Comparacao_Final_v9/scripts/compute_maintenance.py,5363502d869091c6601c8c90c3efdc5f9c8bd4e8c730e1882bd2a1604cbae60f,,,PENDENTE; nao recalculado,False,False,,0.02269069154618529,,,False,PRESERVADO_V9_OU_CENARIO_V12
maintain,2025,2025-06-30,2026-06-30,B00,central,BMGB4,0.05263157894736842,0.5294037940379406,0.5243428184281844,0.5344647696476967,APROXIMACAO_CAIXA_V9,Barsi_Graham_Comparacao_Final_v9/scripts/compute_maintenance.py,5363502d869091c6601c8c90c3efdc5f9c8bd4e8c730e1882bd2a1604cbae60f,,,PENDENTE; nao recalculado,False,False,,0.02663671373555872,,,False,PRESERVADO_V9_OU_CENARIO_V12
maintain,2025,2025-06-30,2026-06-30,B00,central,CPLE6,0.05263157894736842,0.37046548956661307,0.3653246388443019,0.3756063402889247,APROXIMACAO_CAIXA_V9,Barsi_Graham_Comparacao_Final_v9/scripts/compute_maintenance.py,5363502d869091c6601c8c90c3efdc5f9c8bd4e8c730e1882bd2a1604cbae60f,,,PENDENTE; nao recalculado,False,False,,0.027057109064798048,,,False,PRESERVADO_V9_OU_CENARIO_V12
maintain,2025,2025-06-30,2026-06-30,B00,central,SAPR4,0.05263157894736842,-0.02788079470198679,-0.02920198675496677,-0.026559602649006475,APROXIMACAO_CAIXA_V9,Barsi_Graham_Comparacao_Final_v9/scripts/compute_maintenance.py,5363502d869091c6601c8c90c3efdc5f9c8bd4e8c730e1882bd2a1604cbae60f,,,PENDENTE; nao recalculado,False,False,,0.0069536423841069115,-0.003321192799032313,0.1292610626471288,True,CALCULADO_MOTOR_V6_FRACIONARIO_PROVISORIO
maintain,2025,2025-06-30,2026-06-30,B00,central,SANB4,0.05263157894736842,-0.022109020116807265,-0.025805645684620404,-0.018412394548994127,APROXIMACAO_CAIXA_V9,Barsi_Graham_Comparacao_Final_v9/scripts/compute_maintenance.py,5363502d869091c6601c8c90c3efdc5f9c8bd4e8c730e1882bd2a1604cbae60f,,,PENDENTE; nao recalculado,False,False,,0.019455924041121783,,,False,PRESERVADO_V9_OU_CENARIO_V12
maintain,2025,2025-06-30,2026-06-30,B00,conservative,BBAS3,0.05555555555555555,-0.05284291534631058,-0.05513512901765516,-0.050550701674966114,APROXIMACAO_CAIXA_V9,Barsi_Graham_Comparacao_Final_v9/scripts/compute_maintenance.py,5363502d869091c6601c8c90c3efdc5f9c8bd4e8c730e1882bd2a1604cbae60f,,,PENDENTE; nao recalculado,False,False,,0.012734520396358152,,,False,PRESERVADO_V9_OU_CENARIO_V12
maintain,2025,2025-06-30,2026-06-30,B00,conservative,ELET3,0.05555555555555555,0.4427444071108899,0.43821036925161616,0.4472784449701641,APROXIMACAO_CAIXA_V9,Barsi_Graham_Comparacao_Final_v9/scripts/compute_maintenance.py,5363502d869091c6601c8c90c3efdc5f9c8bd4e8c730e1882bd2a1604cbae60f,,,PENDENTE; nao recalculado,False,False,,0.02518909921818999,,,False,PRESERVADO_V9_OU_CENARIO_V12
maintain,2025,2025-06-30,2026-06-30,B00,conservative,NEOE3,0.05555555555555555,0.36592586589984366,0.36417886837949953,0.367672863420188,APROXIMACAO_CAIXA_V9,Barsi_Graham_Comparacao_Final_v9/scripts/compute_maintenance.py,5363502d869091c6601c8c90c3efdc5f9c8bd4e8c730e1882bd2a1604cbae60f,,,PENDENTE; nao recalculado,False,False,,0.00970554177969084,,,False,PRESERVADO_V9_OU_CENARIO_V12
maintain,2025,2025-06-30,2026-06-30,B00,conservative,PSSA3,0.05555555555555555,0.011860507246376883,0.009202264492753631,0.014518750000000136,APROXIMACAO_CAIXA_V9,Barsi_Graham_Comparacao_Final_v9/scripts/compute_maintenance.py,5363502d869091c6601c8c90c3efdc5f9c8bd4e8c730e1882bd2a1604cbae60f,,,PENDENTE; nao recalculado,False,False,,0.014768015297906957,0.018168970234863524,0.035047016602703554,True,CALCULADO_MOTOR_V6_FRACIONARIO_PROVISORIO
maintain,2025,2025-06-30,2026-06-30,B00,conservative,CPFE3,0.05555555555555555,0.1872613803230545,0.1826951786588351,0.19182758198727368,APROXIMACAO_CAIXA_V9,Barsi_Graham_Comparacao_Final_v9/scripts/compute_maintenance.py,5363502d869091c6601c8c90c3efdc5f9c8bd4e8c730e1882bd2a1604cbae60f,,,PENDENTE; nao recalculado,False,False,,0.025367787023439843,,,False,PRESERVADO_V9_OU_CENARIO_V12
maintain,2025,2025-06-30,2026-06-30,B00,conservative,EGIE3,0.05555555555555555,0.10918564192909042,0.10741717683329677,0.11095410702488429,APROXIMACAO_CAIXA_V9,Barsi_Graham_Comparacao_Final_v9/scripts/compute_maintenance.py,5363502d869091c6601c8c90c3efdc5f9c8bd4e8c730e1882bd2a1604cbae60f,,,PENDENTE; nao recalculado,False,False,,0.00982480608774372,,,False,PRESERVADO_V9_OU_CENARIO_V12
maintain,2025,2025-06-30,2026-06-30,B00,conservative,VIVT3,0.05555555555555555,0.17771447070249247,0.1737818064098413,0.18164713499514407,APROXIMACAO_CAIXA_V9,Barsi_Graham_Comparacao_Final_v9/scripts/compute_maintenance.py,5363502d869091c6601c8c90c3efdc5f9c8bd4e8c730e1882bd2a1604cbae60f,,,PENDENTE; nao recalculado,False,False,,0.021848134959175553,0.1791078856891315,0.007741194370216833,True,CALCULADO_MOTOR_V6_FRACIONARIO_PROVISORIO
maintain,2025,2025-06-30,2026-06-30,B00,conservative,EQTL3,0.05555555555555555,0.09384037819799773,0.09329185205784185,0.09438890433815339,APROXIMACAO_CAIXA_V9,Barsi_Graham_Comparacao_Final_v9/scripts/compute_maintenance.py,5363502d869091c6601c8c90c3efdc5f9c8bd4e8c730e1882bd2a1604cbae60f,,,PENDENTE; nao recalculado,False,False,,0.0030473674453092136,,,False,PRESERVADO_V9_OU_CENARIO_V12
maintain,2025,2025-06-30,2026-06-30,B00,conservative,TAEE4,0.05555555555555555,0.2458808290155441,0.24144516407599315,0.25031649395509503,APROXIMACAO_CAIXA_V9,Barsi_Graham_Comparacao_Final_v9/scripts/compute_maintenance.py,5363502d869091c6601c8c90c3efdc5f9c8bd4e8c730e1882bd2a1604cbae60f,,,PENDENTE; nao recalculado,False,False,,0.024642582997505238,,,False,PRESERVADO_V9_OU_CENARIO_V12
maintain,2025,2025-06-30,2026-06-30,B00,conservative,CMIG4,0.05555555555555555,0.11164814814814794,0.1063898148148148,0.1169064814814813,APROXIMACAO_CAIXA_V9,Barsi_Graham_Comparacao_Final_v9/scripts/compute_maintenance.py,5363502d869091c6601c8c90c3efdc5f9c8bd4e8c730e1882bd2a1604cbae60f,,,PENDENTE; nao recalculado,False,False,,0.02921296296296314,,,False,PRESERVADO_V9_OU_CENARIO_V12
maintain,2025,2025-06-30,2026-06-30,B00,conservative,CSMG3,0.05555555555555555,1.249603148666703,1.246049162252688,1.2531571350807176,CHECKPOINT_EVENTOS_V6_HERDADO,runtime/Barsi_Graham_Retomada_v8/herdado_v7/herdado_v6/checkpoints/casos_v6/CSMG3_2025-06-30_2026-06-30.json,92e9383d975ed0ed705fb2a676dfc4df43179c8bb00c4082f26eeb8a311bbfe9,1.249603148666703,0.0,MESMA_CLASSE_E_MOTOR_GRAHAM; cobertura documental herdada parcial,True,False,-0.01974436896674783,0.01974436896674783,,,False,PRESERVADO_V9_OU_CENARIO_V12
maintain,2025,2025-06-30,2026-06-30,B00,conservative,BBSE3,0.05555555555555555,0.22421787709497232,0.21771368715083805,0.23072206703910636,APROXIMACAO_CAIXA_V9,Barsi_Graham_Comparacao_Final_v9/scripts/compute_maintenance.py,5363502d869091c6601c8c90c3efdc5f9c8bd4e8c730e1882bd2a1604cbae60f,0.2463195011539947,0.12278680032790214,CATALOGO_CAIXA_RI_NOMINAL_VERIFICADO; estrutura e completude geral pendentes,True,False,0.08665241174937968,0.036134388578522456,,,False,PRESERVADO_V9_OU_CENARIO_V12
maintain,2025,2025-06-30,2026-06-30,B00,conservative,ABCB4,0.05555555555555555,0.17226440375167473,0.16673291648057154,0.17779589102277793,APROXIMACAO_CAIXA_V9,Barsi_Graham_Comparacao_Final_v9/scripts/compute_maintenance.py,5363502d869091c6601c8c90c3efdc5f9c8bd4e8c730e1882bd2a1604cbae60f,,,PENDENTE; nao recalculado,False,False,,0.030730484839462203,,,False,PRESERVADO_V9_OU_CENARIO_V12
maintain,2025,2025-06-30,2026-06-30,B00,conservative,BBDC4,0.05555555555555555,0.1425609031491386,0.1392058823529414,0.1459159239453358,APROXIMACAO_CAIXA_V9,Barsi_Graham_Comparacao_Final_v9/scripts/compute_maintenance.py,5363502d869091c6601c8c90c3efdc5f9c8bd4e8c730e1882bd2a1604cbae60f,,,PENDENTE; nao recalculado,False,False,,0.01863900442331781,,,False,PRESERVADO_V9_OU_CENARIO_V12
maintain,2025,2025-06-30,2026-06-30,B00,conservative,ITUB4,0.05555555555555555,0.22776725304465484,0.2234560216508794,0.23207848443843004,APROXIMACAO_CAIXA_V9,Barsi_Graham_Comparacao_Final_v9/scripts/compute_maintenance.py,5363502d869091c6601c8c90c3efdc5f9c8bd4e8c730e1882bd2a1604cbae60f,,,PENDENTE; nao recalculado,False,False,,0.023951285520973364,,,False,PRESERVADO_V9_OU_CENARIO_V12
maintain,2025,2025-06-30,2026-06-30,B00,conservative,CPLE6,0.05555555555555555,0.37046548956661307,0.3653246388443019,0.3756063402889247,APROXIMACAO_CAIXA_V9,Barsi_Graham_Comparacao_Final_v9/scripts/compute_maintenance.py,5363502d869091c6601c8c90c3efdc5f9c8bd4e8c730e1882bd2a1604cbae60f,,,PENDENTE; nao recalculado,False,False,,0.028560281790620163,,,False,PRESERVADO_V9_OU_CENARIO_V12
maintain,2025,2025-06-30,2026-06-30,B00,conservative,SAPR4,0.05555555555555555,-0.02788079470198679,-0.02920198675496677,-0.026559602649006475,APROXIMACAO_CAIXA_V9,Barsi_Graham_Comparacao_Final_v9/scripts/compute_maintenance.py,5363502d869091c6601c8c90c3efdc5f9c8bd4e8c730e1882bd2a1604cbae60f,,,PENDENTE; nao recalculado,False,False,,0.00733995584989063,-0.003321192799032313,0.13644223279419151,True,CALCULADO_MOTOR_V6_FRACIONARIO_PROVISORIO
maintain,2025,2025-06-30,2026-06-30,B00,conservative,SANB4,0.05555555555555555,-0.022109020116807265,-0.025805645684620404,-0.018412394548994127,APROXIMACAO_CAIXA_V9,Barsi_Graham_Comparacao_Final_v9/scripts/compute_maintenance.py,5363502d869091c6601c8c90c3efdc5f9c8bd4e8c730e1882bd2a1604cbae60f,,,PENDENTE; nao recalculado,False,False,,0.020536808710072994,,,False,PRESERVADO_V9_OU_CENARIO_V12
maintain,2025,2025-06-30,2026-06-30,B00S,central,BBAS3,0.03333333333333333,-0.05284291534631058,-0.05513512901765516,-0.050550701674966114,APROXIMACAO_CAIXA_V9,Barsi_Graham_Comparacao_Final_v9/scripts/compute_maintenance.py,5363502d869091c6601c8c90c3efdc5f9c8bd4e8c730e1882bd2a1604cbae60f,,,PENDENTE; nao recalculado,False,False,,0.007640712237814892,,,False,PRESERVADO_V9_OU_CENARIO_V12
maintain,2025,2025-06-30,2026-06-30,B00S,central,ABCB4,0.03333333333333333,0.17226440375167473,0.16673291648057154,0.17779589102277793,APROXIMACAO_CAIXA_V9,Barsi_Graham_Comparacao_Final_v9/scripts/compute_maintenance.py,5363502d869091c6601c8c90c3efdc5f9c8bd4e8c730e1882bd2a1604cbae60f,,,PENDENTE; nao recalculado,False,False,,0.018438290903677323,,,False,PRESERVADO_V9_OU_CENARIO_V12
maintain,2025,2025-06-30,2026-06-30,B00S,central,BBDC4,0.03333333333333333,0.1425609031491386,0.1392058823529414,0.1459159239453358,APROXIMACAO_CAIXA_V9,Barsi_Graham_Comparacao_Final_v9/scripts/compute_maintenance.py,5363502d869091c6601c8c90c3efdc5f9c8bd4e8c730e1882bd2a1604cbae60f,,,PENDENTE; nao recalculado,False,False,,0.011183402653990687,,,False,PRESERVADO_V9_OU_CENARIO_V12
maintain,2025,2025-06-30,2026-06-30,B00S,central,ITUB4,0.03333333333333333,0.22776725304465484,0.2234560216508794,0.23207848443843004,APROXIMACAO_CAIXA_V9,Barsi_Graham_Comparacao_Final_v9/scripts/compute_maintenance.py,5363502d869091c6601c8c90c3efdc5f9c8bd4e8c730e1882bd2a1604cbae60f,,,PENDENTE; nao recalculado,False,False,,0.014370771312584019,,,False,PRESERVADO_V9_OU_CENARIO_V12
maintain,2025,2025-06-30,2026-06-30,B00S,central,BMGB4,0.03333333333333333,0.5294037940379406,0.5243428184281844,0.5344647696476967,APROXIMACAO_CAIXA_V9,Barsi_Graham_Comparacao_Final_v9/scripts/compute_maintenance.py,5363502d869091c6601c8c90c3efdc5f9c8bd4e8c730e1882bd2a1604cbae60f,,,PENDENTE; nao recalculado,False,False,,0.016869918699187192,,,False,PRESERVADO_V9_OU_CENARIO_V12
maintain,2025,2025-06-30,2026-06-30,B00S,central,SANB4,0.03333333333333333,-0.022109020116807265,-0.025805645684620404,-0.018412394548994127,APROXIMACAO_CAIXA_V9,Barsi_Graham_Comparacao_Final_v9/scripts/compute_maintenance.py,5363502d869091c6601c8c90c3efdc5f9c8bd4e8c730e1882bd2a1604cbae60f,,,PENDENTE; nao recalculado,False,False,,0.012322085226043797,,,False,PRESERVADO_V9_OU_CENARIO_V12
maintain,2025,2025-06-30,2026-06-30,B00S,central,ELET3,0.025,0.4427444071108899,0.43821036925161616,0.4472784449701641,APROXIMACAO_CAIXA_V9,Barsi_Graham_Comparacao_Final_v9/scripts/compute_maintenance.py,5363502d869091c6601c8c90c3efdc5f9c8bd4e8c730e1882bd2a1604cbae60f,,,PENDENTE; nao recalculado,False,False,,0.011335094648185495,,,False,PRESERVADO_V9_OU_CENARIO_V12
maintain,2025,2025-06-30,2026-06-30,B00S,central,NEOE3,0.025,0.36592586589984366,0.36417886837949953,0.367672863420188,APROXIMACAO_CAIXA_V9,Barsi_Graham_Comparacao_Final_v9/scripts/compute_maintenance.py,5363502d869091c6601c8c90c3efdc5f9c8bd4e8c730e1882bd2a1604cbae60f,,,PENDENTE; nao recalculado,False,False,,0.004367493800860878,,,False,PRESERVADO_V9_OU_CENARIO_V12
maintain,2025,2025-06-30,2026-06-30,B00S,central,CPFE3,0.025,0.1872613803230545,0.1826951786588351,0.19182758198727368,APROXIMACAO_CAIXA_V9,Barsi_Graham_Comparacao_Final_v9/scripts/compute_maintenance.py,5363502d869091c6601c8c90c3efdc5f9c8bd4e8c730e1882bd2a1604cbae60f,,,PENDENTE; nao recalculado,False,False,,0.011415504160547929,,,False,PRESERVADO_V9_OU_CENARIO_V12
maintain,2025,2025-06-30,2026-06-30,B00S,central,EGIE3,0.025,0.10918564192909042,0.10741717683329677,0.11095410702488429,APROXIMACAO_CAIXA_V9,Barsi_Graham_Comparacao_Final_v9/scripts/compute_maintenance.py,5363502d869091c6601c8c90c3efdc5f9c8bd4e8c730e1882bd2a1604cbae60f,,,PENDENTE; nao recalculado,False,False,,0.004421162739484674,,,False,PRESERVADO_V9_OU_CENARIO_V12
maintain,2025,2025-06-30,2026-06-30,B00S,central,EQTL3,0.025,0.09384037819799773,0.09329185205784185,0.09438890433815339,APROXIMACAO_CAIXA_V9,Barsi_Graham_Comparacao_Final_v9/scripts/compute_maintenance.py,5363502d869091c6601c8c90c3efdc5f9c8bd4e8c730e1882bd2a1604cbae60f,,,PENDENTE; nao recalculado,False,False,,0.0013713153503891462,,,False,PRESERVADO_V9_OU_CENARIO_V12
maintain,2025,2025-06-30,2026-06-30,B00S,central,TAEE4,0.025,0.2458808290155441,0.24144516407599315,0.25031649395509503,APROXIMACAO_CAIXA_V9,Barsi_Graham_Comparacao_Final_v9/scripts/compute_maintenance.py,5363502d869091c6601c8c90c3efdc5f9c8bd4e8c730e1882bd2a1604cbae60f,,,PENDENTE; nao recalculado,False,False,,0.011089162348877357,,,False,PRESERVADO_V9_OU_CENARIO_V12
maintain,2025,2025-06-30,2026-06-30,B00S,central,CMIG4,0.025,0.11164814814814794,0.1063898148148148,0.1169064814814813,APROXIMACAO_CAIXA_V9,Barsi_Graham_Comparacao_Final_v9/scripts/compute_maintenance.py,5363502d869091c6601c8c90c3efdc5f9c8bd4e8c730e1882bd2a1604cbae60f,,,PENDENTE; nao recalculado,False,False,,0.013145833333333412,,,False,PRESERVADO_V9_OU_CENARIO_V12
maintain,2025,2025-06-30,2026-06-30,B00S,central,CPLE6,0.025,0.37046548956661307,0.3653246388443019,0.3756063402889247,APROXIMACAO_CAIXA_V9,Barsi_Graham_Comparacao_Final_v9/scripts/compute_maintenance.py,5363502d869091c6601c8c90c3efdc5f9c8bd4e8c730e1882bd2a1604cbae60f,,,PENDENTE; nao recalculado,False,False,,0.012852126805779074,,,False,PRESERVADO_V9_OU_CENARIO_V12
maintain,2025,2025-06-30,2026-06-30,B00S,central,CSMG3,0.1,1.249603148666703,1.246049162252688,1.2531571350807176,CHECKPOINT_EVENTOS_V6_HERDADO,runtime/Barsi_Graham_Retomada_v8/herdado_v7/herdado_v6/checkpoints/casos_v6/CSMG3_2025-06-30_2026-06-30.json,92e9383d975ed0ed705fb2a676dfc4df43179c8bb00c4082f26eeb8a311bbfe9,1.249603148666703,0.0,MESMA_CLASSE_E_MOTOR_GRAHAM; cobertura documental herdada parcial,True,False,-0.035539864140146094,0.035539864140146094,,,False,PRESERVADO_V9_OU_CENARIO_V12
maintain,2025,2025-06-30,2026-06-30,B00S,central,SAPR4,0.1,-0.02788079470198679,-0.02920198675496677,-0.026559602649006475,APROXIMACAO_CAIXA_V9,Barsi_Graham_Comparacao_Final_v9/scripts/compute_maintenance.py,5363502d869091c6601c8c90c3efdc5f9c8bd4e8c730e1882bd2a1604cbae60f,,,PENDENTE; nao recalculado,False,False,,0.013211920529803134,-0.003321192799032313,0.24559601902954475,True,CALCULADO_MOTOR_V6_FRACIONARIO_PROVISORIO
maintain,2025,2025-06-30,2026-06-30,B00S,central,PSSA3,0.1,0.011860507246376883,0.009202264492753631,0.014518750000000136,APROXIMACAO_CAIXA_V9,Barsi_Graham_Comparacao_Final_v9/scripts/compute_maintenance.py,5363502d869091c6601c8c90c3efdc5f9c8bd4e8c730e1882bd2a1604cbae60f,,,PENDENTE; nao recalculado,False,False,,0.026582427536232522,0.018168970234863524,0.0630846298848664,True,CALCULADO_MOTOR_V6_FRACIONARIO_PROVISORIO
maintain,2025,2025-06-30,2026-06-30,B00S,central,BBSE3,0.1,0.22421787709497232,0.21771368715083805,0.23072206703910636,APROXIMACAO_CAIXA_V9,Barsi_Graham_Comparacao_Final_v9/scripts/compute_maintenance.py,5363502d869091c6601c8c90c3efdc5f9c8bd4e8c730e1882bd2a1604cbae60f,0.2463195011539947,0.22101624059022384,CATALOGO_CAIXA_RI_NOMINAL_VERIFICADO; estrutura e completude geral pendentes,True,False,0.15597434114888342,0.06504189944134042,,,False,PRESERVADO_V9_OU_CENARIO_V12
maintain,2025,2025-06-30,2026-06-30,B00S,central,VIVT3,0.2,0.17771447070249247,0.1737818064098413,0.18164713499514407,APROXIMACAO_CAIXA_V9,Barsi_Graham_Comparacao_Final_v9/scripts/compute_maintenance.py,5363502d869091c6601c8c90c3efdc5f9c8bd4e8c730e1882bd2a1604cbae60f,,,PENDENTE; nao recalculado,False,False,,0.078653285853032,0.1791078856891315,0.0278682997327806,True,CALCULADO_MOTOR_V6_FRACIONARIO_PROVISORIO
maintain,2025,2025-06-30,2026-06-30,B00S,conservative,BBAS3,0.04,-0.05284291534631058,-0.05513512901765516,-0.050550701674966114,APROXIMACAO_CAIXA_V9,Barsi_Graham_Comparacao_Final_v9/scripts/compute_maintenance.py,5363502d869091c6601c8c90c3efdc5f9c8bd4e8c730e1882bd2a1604cbae60f,,,PENDENTE; nao recalculado,False,False,,0.00916885468537787,,,False,PRESERVADO_V9_OU_CENARIO_V12
maintain,2025,2025-06-30,2026-06-30,B00S,conservative,ABCB4,0.04,0.17226440375167473,0.16673291648057154,0.17779589102277793,APROXIMACAO_CAIXA_V9,Barsi_Graham_Comparacao_Final_v9/scripts/compute_maintenance.py,5363502d869091c6601c8c90c3efdc5f9c8bd4e8c730e1882bd2a1604cbae60f,,,PENDENTE; nao recalculado,False,False,,0.022125949084412788,,,False,PRESERVADO_V9_OU_CENARIO_V12
maintain,2025,2025-06-30,2026-06-30,B00S,conservative,BBDC4,0.04,0.1425609031491386,0.1392058823529414,0.1459159239453358,APROXIMACAO_CAIXA_V9,Barsi_Graham_Comparacao_Final_v9/scripts/compute_maintenance.py,5363502d869091c6601c8c90c3efdc5f9c8bd4e8c730e1882bd2a1604cbae60f,,,PENDENTE; nao recalculado,False,False,,0.013420083184788822,,,False,PRESERVADO_V9_OU_CENARIO_V12
maintain,2025,2025-06-30,2026-06-30,B00S,conservative,ITUB4,0.04,0.22776725304465484,0.2234560216508794,0.23207848443843004,APROXIMACAO_CAIXA_V9,Barsi_Graham_Comparacao_Final_v9/scripts/compute_maintenance.py,5363502d869091c6601c8c90c3efdc5f9c8bd4e8c730e1882bd2a1604cbae60f,,,PENDENTE; nao recalculado,False,False,,0.017244925575100822,,,False,PRESERVADO_V9_OU_CENARIO_V12
maintain,2025,2025-06-30,2026-06-30,B00S,conservative,SANB4,0.04,-0.022109020116807265,-0.025805645684620404,-0.018412394548994127,APROXIMACAO_CAIXA_V9,Barsi_Graham_Comparacao_Final_v9/scripts/compute_maintenance.py,5363502d869091c6601c8c90c3efdc5f9c8bd4e8c730e1882bd2a1604cbae60f,,,PENDENTE; nao recalculado,False,False,,0.014786502271252555,,,False,PRESERVADO_V9_OU_CENARIO_V12
maintain,2025,2025-06-30,2026-06-30,B00S,conservative,ELET3,0.025,0.4427444071108899,0.43821036925161616,0.4472784449701641,APROXIMACAO_CAIXA_V9,Barsi_Graham_Comparacao_Final_v9/scripts/compute_maintenance.py,5363502d869091c6601c8c90c3efdc5f9c8bd4e8c730e1882bd2a1604cbae60f,,,PENDENTE; nao recalculado,False,False,,0.011335094648185495,,,False,PRESERVADO_V9_OU_CENARIO_V12
maintain,2025,2025-06-30,2026-06-30,B00S,conservative,NEOE3,0.025,0.36592586589984366,0.36417886837949953,0.367672863420188,APROXIMACAO_CAIXA_V9,Barsi_Graham_Comparacao_Final_v9/scripts/compute_maintenance.py,5363502d869091c6601c8c90c3efdc5f9c8bd4e8c730e1882bd2a1604cbae60f,,,PENDENTE; nao recalculado,False,False,,0.004367493800860878,,,False,PRESERVADO_V9_OU_CENARIO_V12
maintain,2025,2025-06-30,2026-06-30,B00S,conservative,CPFE3,0.025,0.1872613803230545,0.1826951786588351,0.19182758198727368,APROXIMACAO_CAIXA_V9,Barsi_Graham_Comparacao_Final_v9/scripts/compute_maintenance.py,5363502d869091c6601c8c90c3efdc5f9c8bd4e8c730e1882bd2a1604cbae60f,,,PENDENTE; nao recalculado,False,False,,0.011415504160547929,,,False,PRESERVADO_V9_OU_CENARIO_V12
maintain,2025,2025-06-30,2026-06-30,B00S,conservative,EGIE3,0.025,0.10918564192909042,0.10741717683329677,0.11095410702488429,APROXIMACAO_CAIXA_V9,Barsi_Graham_Comparacao_Final_v9/scripts/compute_maintenance.py,5363502d869091c6601c8c90c3efdc5f9c8bd4e8c730e1882bd2a1604cbae60f,,,PENDENTE; nao recalculado,False,False,,0.004421162739484674,,,False,PRESERVADO_V9_OU_CENARIO_V12
maintain,2025,2025-06-30,2026-06-30,B00S,conservative,EQTL3,0.025,0.09384037819799773,0.09329185205784185,0.09438890433815339,APROXIMACAO_CAIXA_V9,Barsi_Graham_Comparacao_Final_v9/scripts/compute_maintenance.py,5363502d869091c6601c8c90c3efdc5f9c8bd4e8c730e1882bd2a1604cbae60f,,,PENDENTE; nao recalculado,False,False,,0.0013713153503891462,,,False,PRESERVADO_V9_OU_CENARIO_V12
maintain,2025,2025-06-30,2026-06-30,B00S,conservative,TAEE4,0.025,0.2458808290155441,0.24144516407599315,0.25031649395509503,APROXIMACAO_CAIXA_V9,Barsi_Graham_Comparacao_Final_v9/scripts/compute_maintenance.py,5363502d869091c6601c8c90c3efdc5f9c8bd4e8c730e1882bd2a1604cbae60f,,,PENDENTE; nao recalculado,False,False,,0.011089162348877357,,,False,PRESERVADO_V9_OU_CENARIO_V12
maintain,2025,2025-06-30,2026-06-30,B00S,conservative,CMIG4,0.025,0.11164814814814794,0.1063898148148148,0.1169064814814813,APROXIMACAO_CAIXA_V9,Barsi_Graham_Comparacao_Final_v9/scripts/compute_maintenance.py,5363502d869091c6601c8c90c3efdc5f9c8bd4e8c730e1882bd2a1604cbae60f,,,PENDENTE; nao recalculado,False,False,,0.013145833333333412,,,False,PRESERVADO_V9_OU_CENARIO_V12
maintain,2025,2025-06-30,2026-06-30,B00S,conservative,CPLE6,0.025,0.37046548956661307,0.3653246388443019,0.3756063402889247,APROXIMACAO_CAIXA_V9,Barsi_Graham_Comparacao_Final_v9/scripts/compute_maintenance.py,5363502d869091c6601c8c90c3efdc5f9c8bd4e8c730e1882bd2a1604cbae60f,,,PENDENTE; nao recalculado,False,False,,0.012852126805779074,,,False,PRESERVADO_V9_OU_CENARIO_V12
maintain,2025,2025-06-30,2026-06-30,B00S,conservative,CSMG3,0.1,1.249603148666703,1.246049162252688,1.2531571350807176,CHECKPOINT_EVENTOS_V6_HERDADO,runtime/Barsi_Graham_Retomada_v8/herdado_v7/herdado_v6/checkpoints/casos_v6/CSMG3_2025-06-30_2026-06-30.json,92e9383d975ed0ed705fb2a676dfc4df43179c8bb00c4082f26eeb8a311bbfe9,1.249603148666703,0.0,MESMA_CLASSE_E_MOTOR_GRAHAM; cobertura documental herdada parcial,True,False,-0.035539864140146094,0.035539864140146094,,,False,PRESERVADO_V9_OU_CENARIO_V12
maintain,2025,2025-06-30,2026-06-30,B00S,conservative,SAPR4,0.1,-0.02788079470198679,-0.02920198675496677,-0.026559602649006475,APROXIMACAO_CAIXA_V9,Barsi_Graham_Comparacao_Final_v9/scripts/compute_maintenance.py,5363502d869091c6601c8c90c3efdc5f9c8bd4e8c730e1882bd2a1604cbae60f,,,PENDENTE; nao recalculado,False,False,,0.013211920529803134,-0.003321192799032313,0.24559601902954475,True,CALCULADO_MOTOR_V6_FRACIONARIO_PROVISORIO
maintain,2025,2025-06-30,2026-06-30,B00S,conservative,PSSA3,0.1,0.011860507246376883,0.009202264492753631,0.014518750000000136,APROXIMACAO_CAIXA_V9,Barsi_Graham_Comparacao_Final_v9/scripts/compute_maintenance.py,5363502d869091c6601c8c90c3efdc5f9c8bd4e8c730e1882bd2a1604cbae60f,,,PENDENTE; nao recalculado,False,False,,0.026582427536232522,0.018168970234863524,0.0630846298848664,True,CALCULADO_MOTOR_V6_FRACIONARIO_PROVISORIO
maintain,2025,2025-06-30,2026-06-30,B00S,conservative,BBSE3,0.1,0.22421787709497232,0.21771368715083805,0.23072206703910636,APROXIMACAO_CAIXA_V9,Barsi_Graham_Comparacao_Final_v9/scripts/compute_maintenance.py,5363502d869091c6601c8c90c3efdc5f9c8bd4e8c730e1882bd2a1604cbae60f,0.2463195011539947,0.22101624059022384,CATALOGO_CAIXA_RI_NOMINAL_VERIFICADO; estrutura e completude geral pendentes,True,False,0.15597434114888342,0.06504189944134042,,,False,PRESERVADO_V9_OU_CENARIO_V12
maintain,2025,2025-06-30,2026-06-30,B00S,conservative,VIVT3,0.2,0.17771447070249247,0.1737818064098413,0.18164713499514407,APROXIMACAO_CAIXA_V9,Barsi_Graham_Comparacao_Final_v9/scripts/compute_maintenance.py,5363502d869091c6601c8c90c3efdc5f9c8bd4e8c730e1882bd2a1604cbae60f,,,PENDENTE; nao recalculado,False,False,,0.078653285853032,0.1791078856891315,0.0278682997327806,True,CALCULADO_MOTOR_V6_FRACIONARIO_PROVISORIO
maintain,2025,2025-06-30,2026-06-30,B06,central,BBAS3,0.14285714285714285,-0.05284291534631058,-0.05513512901765516,-0.050550701674966114,APROXIMACAO_CAIXA_V9,Barsi_Graham_Comparacao_Final_v9/scripts/compute_maintenance.py,5363502d869091c6601c8c90c3efdc5f9c8bd4e8c730e1882bd2a1604cbae60f,,,PENDENTE; nao recalculado,False,False,,0.032745909590635246,,,False,PRESERVADO_V9_OU_CENARIO_V12
maintain,2025,2025-06-30,2026-06-30,B06,central,CPFE3,0.14285714285714285,0.1872613803230545,0.1826951786588351,0.19182758198727368,APROXIMACAO_CAIXA_V9,Barsi_Graham_Comparacao_Final_v9/scripts/compute_maintenance.py,5363502d869091c6601c8c90c3efdc5f9c8bd4e8c730e1882bd2a1604cbae60f,,,PENDENTE; nao recalculado,False,False,,0.06523145234598816,,,False,PRESERVADO_V9_OU_CENARIO_V12
maintain,2025,2025-06-30,2026-06-30,B06,central,TAEE4,0.14285714285714285,0.2458808290155441,0.24144516407599315,0.25031649395509503,APROXIMACAO_CAIXA_V9,Barsi_Graham_Comparacao_Final_v9/scripts/compute_maintenance.py,5363502d869091c6601c8c90c3efdc5f9c8bd4e8c730e1882bd2a1604cbae60f,,,PENDENTE; nao recalculado,False,False,,0.0633666419935849,,,False,PRESERVADO_V9_OU_CENARIO_V12
maintain,2025,2025-06-30,2026-06-30,B06,central,CMIG4,0.14285714285714285,0.11164814814814794,0.1063898148148148,0.1169064814814813,APROXIMACAO_CAIXA_V9,Barsi_Graham_Comparacao_Final_v9/scripts/compute_maintenance.py,5363502d869091c6601c8c90c3efdc5f9c8bd4e8c730e1882bd2a1604cbae60f,,,PENDENTE; nao recalculado,False,False,,0.07511904761904806,,,False,PRESERVADO_V9_OU_CENARIO_V12
maintain,2025,2025-06-30,2026-06-30,B06,central,BBSE3,0.14285714285714285,0.22421787709497232,0.21771368715083805,0.23072206703910636,APROXIMACAO_CAIXA_V9,Barsi_Graham_Comparacao_Final_v9/scripts/compute_maintenance.py,5363502d869091c6601c8c90c3efdc5f9c8bd4e8c730e1882bd2a1604cbae60f,0.2463195011539947,0.3157374865574626,CATALOGO_CAIXA_RI_NOMINAL_VERIFICADO; estrutura e completude geral pendentes,True,False,0.22282048735554774,0.09291699920191489,,,False,PRESERVADO_V9_OU_CENARIO_V12
maintain,2025,2025-06-30,2026-06-30,B06,central,BMGB4,0.14285714285714285,0.5294037940379406,0.5243428184281844,0.5344647696476967,APROXIMACAO_CAIXA_V9,Barsi_Graham_Comparacao_Final_v9/scripts/compute_maintenance.py,5363502d869091c6601c8c90c3efdc5f9c8bd4e8c730e1882bd2a1604cbae60f,,,PENDENTE; nao recalculado,False,False,,0.0722996515679451,,,False,PRESERVADO_V9_OU_CENARIO_V12
maintain,2025,2025-06-30,2026-06-30,B06,central,SANB4,0.14285714285714285,-0.022109020116807265,-0.025805645684620404,-0.018412394548994127,APROXIMACAO_CAIXA_V9,Barsi_Graham_Comparacao_Final_v9/scripts/compute_maintenance.py,5363502d869091c6601c8c90c3efdc5f9c8bd4e8c730e1882bd2a1604cbae60f,,,PENDENTE; nao recalculado,False,False,,0.05280893668304484,,,False,PRESERVADO_V9_OU_CENARIO_V12
maintain,2025,2025-06-30,2026-06-30,B06,conservative,BBAS3,0.16666666666666666,-0.05284291534631058,-0.05513512901765516,-0.050550701674966114,APROXIMACAO_CAIXA_V9,Barsi_Graham_Comparacao_Final_v9/scripts/compute_maintenance.py,5363502d869091c6601c8c90c3efdc5f9c8bd4e8c730e1882bd2a1604cbae60f,,,PENDENTE; nao recalculado,False,False,,0.038203561189074454,,,False,PRESERVADO_V9_OU_CENARIO_V12
maintain,2025,2025-06-30,2026-06-30,B06,conservative,CPFE3,0.16666666666666666,0.1872613803230545,0.1826951786588351,0.19182758198727368,APROXIMACAO_CAIXA_V9,Barsi_Graham_Comparacao_Final_v9/scripts/compute_maintenance.py,5363502d869091c6601c8c90c3efdc5f9c8bd4e8c730e1882bd2a1604cbae60f,,,PENDENTE; nao recalculado,False,False,,0.07610336107031952,,,False,PRESERVADO_V9_OU_CENARIO_V12
maintain,2025,2025-06-30,2026-06-30,B06,conservative,TAEE4,0.16666666666666666,0.2458808290155441,0.24144516407599315,0.25031649395509503,APROXIMACAO_CAIXA_V9,Barsi_Graham_Comparacao_Final_v9/scripts/compute_maintenance.py,5363502d869091c6601c8c90c3efdc5f9c8bd4e8c730e1882bd2a1604cbae60f,,,PENDENTE; nao recalculado,False,False,,0.07392774899251571,,,False,PRESERVADO_V9_OU_CENARIO_V12
maintain,2025,2025-06-30,2026-06-30,B06,conservative,CMIG4,0.16666666666666666,0.11164814814814794,0.1063898148148148,0.1169064814814813,APROXIMACAO_CAIXA_V9,Barsi_Graham_Comparacao_Final_v9/scripts/compute_maintenance.py,5363502d869091c6601c8c90c3efdc5f9c8bd4e8c730e1882bd2a1604cbae60f,,,PENDENTE; nao recalculado,False,False,,0.0876388888888894,,,False,PRESERVADO_V9_OU_CENARIO_V12
maintain,2025,2025-06-30,2026-06-30,B06,conservative,BBSE3,0.16666666666666666,0.22421787709497232,0.21771368715083805,0.23072206703910636,APROXIMACAO_CAIXA_V9,Barsi_Graham_Comparacao_Final_v9/scripts/compute_maintenance.py,5363502d869091c6601c8c90c3efdc5f9c8bd4e8c730e1882bd2a1604cbae60f,0.2463195011539947,0.36836040098370637,CATALOGO_CAIXA_RI_NOMINAL_VERIFICADO; estrutura e completude geral pendentes,True,False,0.259957235248139,0.10840316573556735,,,False,PRESERVADO_V9_OU_CENARIO_V12
maintain,2025,2025-06-30,2026-06-30,B06,conservative,SANB4,0.16666666666666666,-0.022109020116807265,-0.025805645684620404,-0.018412394548994127,APROXIMACAO_CAIXA_V9,Barsi_Graham_Comparacao_Final_v9/scripts/compute_maintenance.py,5363502d869091c6601c8c90c3efdc5f9c8bd4e8c730e1882bd2a1604cbae60f,,,PENDENTE; nao recalculado,False,False,,0.06161042613021897,,,False,PRESERVADO_V9_OU_CENARIO_V12
maintain,2025,2025-06-30,2026-06-30,B06S,central,BBAS3,0.1111111111111111,-0.05284291534631058,-0.05513512901765516,-0.050550701674966114,APROXIMACAO_CAIXA_V9,Barsi_Graham_Comparacao_Final_v9/scripts/compute_maintenance.py,5363502d869091c6601c8c90c3efdc5f9c8bd4e8c730e1882bd2a1604cbae60f,,,PENDENTE; nao recalculado,False,False,,0.025469040792716304,,,False,PRESERVADO_V9_OU_CENARIO_V12
maintain,2025,2025-06-30,2026-06-30,B06S,central,BMGB4,0.1111111111111111,0.5294037940379406,0.5243428184281844,0.5344647696476967,APROXIMACAO_CAIXA_V9,Barsi_Graham_Comparacao_Final_v9/scripts/compute_maintenance.py,5363502d869091c6601c8c90c3efdc5f9c8bd4e8c730e1882bd2a1604cbae60f,,,PENDENTE; nao recalculado,False,False,,0.05623306233062397,,,False,PRESERVADO_V9_OU_CENARIO_V12
maintain,2025,2025-06-30,2026-06-30,B06S,central,SANB4,0.1111111111111111,-0.022109020116807265,-0.025805645684620404,-0.018412394548994127,APROXIMACAO_CAIXA_V9,Barsi_Graham_Comparacao_Final_v9/scripts/compute_maintenance.py,5363502d869091c6601c8c90c3efdc5f9c8bd4e8c730e1882bd2a1604cbae60f,,,PENDENTE; nao recalculado,False,False,,0.04107361742014599,,,False,PRESERVADO_V9_OU_CENARIO_V12
maintain,2025,2025-06-30,2026-06-30,B06S,central,CPFE3,0.1111111111111111,0.1872613803230545,0.1826951786588351,0.19182758198727368,APROXIMACAO_CAIXA_V9,Barsi_Graham_Comparacao_Final_v9/scripts/compute_maintenance.py,5363502d869091c6601c8c90c3efdc5f9c8bd4e8c730e1882bd2a1604cbae60f,,,PENDENTE; nao recalculado,False,False,,0.050735574046879686,,,False,PRESERVADO_V9_OU_CENARIO_V12
maintain,2025,2025-06-30,2026-06-30,B06S,central,TAEE4,0.1111111111111111,0.2458808290155441,0.24144516407599315,0.25031649395509503,APROXIMACAO_CAIXA_V9,Barsi_Graham_Comparacao_Final_v9/scripts/compute_maintenance.py,5363502d869091c6601c8c90c3efdc5f9c8bd4e8c730e1882bd2a1604cbae60f,,,PENDENTE; nao recalculado,False,False,,0.049285165995010476,,,False,PRESERVADO_V9_OU_CENARIO_V12
maintain,2025,2025-06-30,2026-06-30,B06S,central,CMIG4,0.1111111111111111,0.11164814814814794,0.1063898148148148,0.1169064814814813,APROXIMACAO_CAIXA_V9,Barsi_Graham_Comparacao_Final_v9/scripts/compute_maintenance.py,5363502d869091c6601c8c90c3efdc5f9c8bd4e8c730e1882bd2a1604cbae60f,,,PENDENTE; nao recalculado,False,False,,0.05842592592592628,,,False,PRESERVADO_V9_OU_CENARIO_V12
maintain,2025,2025-06-30,2026-06-30,B06S,central,BBSE3,0.3333333333333333,0.22421787709497232,0.21771368715083805,0.23072206703910636,APROXIMACAO_CAIXA_V9,Barsi_Graham_Comparacao_Final_v9/scripts/compute_maintenance.py,5363502d869091c6601c8c90c3efdc5f9c8bd4e8c730e1882bd2a1604cbae60f,0.2463195011539947,0.7367208019674127,CATALOGO_CAIXA_RI_NOMINAL_VERIFICADO; estrutura e completude geral pendentes,True,False,0.519914470496278,0.2168063314711347,,,False,PRESERVADO_V9_OU_CENARIO_V12
maintain,2025,2025-06-30,2026-06-30,B06S,conservative,BBAS3,0.16666666666666666,-0.05284291534631058,-0.05513512901765516,-0.050550701674966114,APROXIMACAO_CAIXA_V9,Barsi_Graham_Comparacao_Final_v9/scripts/compute_maintenance.py,5363502d869091c6601c8c90c3efdc5f9c8bd4e8c730e1882bd2a1604cbae60f,,,PENDENTE; nao recalculado,False,False,,0.038203561189074454,,,False,PRESERVADO_V9_OU_CENARIO_V12
maintain,2025,2025-06-30,2026-06-30,B06S,conservative,SANB4,0.16666666666666666,-0.022109020116807265,-0.025805645684620404,-0.018412394548994127,APROXIMACAO_CAIXA_V9,Barsi_Graham_Comparacao_Final_v9/scripts/compute_maintenance.py,5363502d869091c6601c8c90c3efdc5f9c8bd4e8c730e1882bd2a1604cbae60f,,,PENDENTE; nao recalculado,False,False,,0.06161042613021897,,,False,PRESERVADO_V9_OU_CENARIO_V12
maintain,2025,2025-06-30,2026-06-30,B06S,conservative,CPFE3,0.1111111111111111,0.1872613803230545,0.1826951786588351,0.19182758198727368,APROXIMACAO_CAIXA_V9,Barsi_Graham_Comparacao_Final_v9/scripts/compute_maintenance.py,5363502d869091c6601c8c90c3efdc5f9c8bd4e8c730e1882bd2a1604cbae60f,,,PENDENTE; nao recalculado,False,False,,0.050735574046879686,,,False,PRESERVADO_V9_OU_CENARIO_V12
maintain,2025,2025-06-30,2026-06-30,B06S,conservative,TAEE4,0.1111111111111111,0.2458808290155441,0.24144516407599315,0.25031649395509503,APROXIMACAO_CAIXA_V9,Barsi_Graham_Comparacao_Final_v9/scripts/compute_maintenance.py,5363502d869091c6601c8c90c3efdc5f9c8bd4e8c730e1882bd2a1604cbae60f,,,PENDENTE; nao recalculado,False,False,,0.049285165995010476,,,False,PRESERVADO_V9_OU_CENARIO_V12
maintain,2025,2025-06-30,2026-06-30,B06S,conservative,CMIG4,0.1111111111111111,0.11164814814814794,0.1063898148148148,0.1169064814814813,APROXIMACAO_CAIXA_V9,Barsi_Graham_Comparacao_Final_v9/scripts/compute_maintenance.py,5363502d869091c6601c8c90c3efdc5f9c8bd4e8c730e1882bd2a1604cbae60f,,,PENDENTE; nao recalculado,False,False,,0.05842592592592628,,,False,PRESERVADO_V9_OU_CENARIO_V12
maintain,2025,2025-06-30,2026-06-30,B06S,conservative,BBSE3,0.3333333333333333,0.22421787709497232,0.21771368715083805,0.23072206703910636,APROXIMACAO_CAIXA_V9,Barsi_Graham_Comparacao_Final_v9/scripts/compute_maintenance.py,5363502d869091c6601c8c90c3efdc5f9c8bd4e8c730e1882bd2a1604cbae60f,0.2463195011539947,0.7367208019674127,CATALOGO_CAIXA_RI_NOMINAL_VERIFICADO; estrutura e completude geral pendentes,True,False,0.519914470496278,0.2168063314711347,,,False,PRESERVADO_V9_OU_CENARIO_V12
