year,formation,ticker,cnpj,price,legacy_classified_same_year,classification_source,sector,concessionaria,ON_negociavel,F1_non,F1_con,F1_margin_2pct,lc_last,F2_R00_non,F2_R03_non,F2_con,F3_R00,F3_R03_calc,F3_R03,F3_R03_source,positive_years,nonpositive_years,exception_support,F4_strong,F4_any,F4_effective,F4_source,F4_strong_years,F4_missing_strong,F5_growth,growth,growth_early_avg_ind,growth_late_avg_ind,F6,F6_basis,pe_x_pb,pe_x_pb_alt_capital,shares_used,capital_resolved,capital_mode,treasury,gross_reference,R00,R03,R00_if_non,R00_if_con,R03_if_non,R03_if_con,legacy_R00,legacy_R03,legacy_F3,legacy_triage,legacy_F4,legacy_F5,legacy_growth,legacy_F6,legacy_pe_x_pb,treasury_pct_needed_for_F6,growth_restated_pit,F5_restated_pit,F5_source_refyears,F6_final,F6_final_reason,R00_final,R03_final
2023,2023-06-30,AALR3,42771949000135,23.8,True,same_year,Serviços médicos,False,True,True,True,False,0.7138736034929811,False,False,True,,,,reconstructed,,,,False,False,False,strong_incomplete,3,2013;2014;2016;2017;2018;2021;2022,,,,,,gross_reference_minus_treasury,,,117966249.0,True,cap_is_gross,326567.0,118292816.0,False,False,False,False,False,False,0.0,0.0,0.0,0.0,0.0,-1.0,,-1.0,,,,False,incompleto,False,gross_reference_minus_treasury,False,False
2023,2023-06-30,ABEV3,07526557000100,15.41,True,same_year,Bebidas e Fumo,False,True,True,True,False,0.9328122631229018,False,False,True,True,True,True,reconstructed,10.0,,True,True,True,True,strong_10of10,10,,False,0.1317899067994203,11341417.333333334,12836101.666666666,False,gross_reference_minus_treasury,49.6888603351393,,15745974284.0,True,cap_is_gross,7859000.0,15753833284.0,False,False,False,False,False,False,0.0,0.0,1.0,0.0,1.0,0.0,0.1310467736182932,0.0,49.68885854272735,0.3270826265298859,0.1310467736182932,False,2013:2014;2014:2015;2015:2016;2020:2021;2021:2022;2022:2022,False,gross_reference_minus_treasury,False,False
2023,2023-06-30,AERI3,12528708000107,1.33,False,nearest_year_2022,"Máquinas, Equipamentos, Veículos e Peças",False,False,True,True,False,1.94935772215564,False,True,False,,,,reconstructed,,,,False,False,False,strong_incomplete,4,2013;2014;2015;2016;2017;2018,,,,,,gross_reference_minus_treasury,,,747791412.0,True,cap_is_gross,18422044.0,766213456.0,False,False,False,False,False,False,,,,,,,,,,,,False,incompleto,False,gross_reference_minus_treasury,False,False
2023,2023-06-30,AESB3,37663076000107,12.25,False,nearest_year_2024,Energia Elétrica,True,True,True,True,False,2.5965815449069582,True,True,False,,,,reconstructed,,,,False,False,False,strong_incomplete,2,2013;2014;2015;2016;2017;2018;2019;2020,,,,,False,gross_reference_minus_treasury,82.70988801003622,,601927311.0,True,cap_is_gross,0.0,601927311.0,False,False,False,False,False,False,,,,,,,,,,0.4784300729578864,,False,incompleto,False,gross_reference_minus_treasury,False,False
2023,2023-06-30,AFLT3,10338320000100,9.29,False,missing,,,False,False,True,False,3.3372884652791286,True,True,True,True,True,True,reconstructed,10.0,,True,True,True,True,strong_10of10,10,,True,2.315347670860252,15685.333333333334,52002.333333333336,False,gross_reference_minus_treasury,35.1374091546403,,63084700.0,True,cap_is_gross,0.0,63084700.0,,,False,False,False,False,,,,,,,,,,0.1997855468476228,2.315347670860252,True,2013:2014;2014:2015;2015:2016;2020:2021;2021:2022;2022:2022,False,gross_reference_minus_treasury,False,False
2023,2023-06-30,AGRO3,07628528000159,24.51,False,missing,,,True,True,True,False,3.282197713194792,True,True,True,False,False,False,reconstructed,9.0,2014,False,True,True,True,strong_10of10,10,,True,3.879826685357462,65391.66666666666,319100.0,True,gross_reference_minus_treasury,5.088452658582942,,98805829.0,True,cap_is_gross,3571179.0,102377008.0,,,False,False,False,False,,,,,,,,,,,3.879826685357462,True,2013:2014;2014:2015;2015:2016;2020:2021;2021:2022;2022:2022,True,gross_reference_minus_treasury,False,False
2023,2023-06-30,AGXY3,21240146000184,6.1,False,missing,,,False,True,True,False,1.141423817252078,False,False,False,,,,reconstructed,,,,False,False,False,strong_incomplete,1,2013;2014;2015;2016;2017;2018;2019;2020;2021,,,,,False,gross_reference_minus_treasury,25.124432818343703,,167429310.0,True,cap_is_gross,3395679.0,170824989.0,,,False,False,False,False,,,,,,,,,,0.0536688716989449,,False,incompleto,False,gross_reference_minus_treasury,False,False
2023,2023-06-30,ALLD3,20247322000147,7.13,False,nearest_year_2022,Comércio (Atacado e Varejo),False,False,True,True,False,1.6783113003831711,False,True,True,,,,reconstructed,,,,False,False,False,strong_incomplete,4,2013;2014;2015;2016;2017;2018,,,,,True,gross_reference_minus_treasury,3.868006539283666,,93220582.0,True,cap_is_gross,0.0,93220582.0,False,False,False,False,False,False,,,,,,,,,,,,False,incompleto,True,gross_reference_minus_treasury,False,False
2023,2023-06-30,ALPA3,61079117000105,10.5,True,same_year,Têxtil e Vestuário,False,False,True,True,False,2.524405223038852,True,True,True,True,True,True,reconstructed,10.0,,True,True,True,True,strong_10of10,10,,False,0.1029466327178958,287492.0,317088.3333333333,False,gross_reference_minus_treasury,71.69909179221936,,674415366.0,True,cap_is_gross,8646856.0,683062222.0,False,False,False,False,False,False,0.0,0.0,-1.0,0.0,-1.0,-1.0,0.1029466327178958,-1.0,,0.4398111868659334,0.10294663271789584,False,2013:2014;2014:2015;2015:2016;2020:2021;2021:2022;2022:2022,False,gross_reference_minus_treasury,False,False
2023,2023-06-30,ALPK3,60537263000166,4.95,False,missing,,,False,True,True,False,0.3022066827192664,False,False,False,,,,reconstructed,,,,False,False,False,strong_incomplete,0,2013;2014;2015;2016;2017;2018;2019;2020;2021;2022,,,,,,gross_reference_minus_treasury,,,214277623.0,True,cap_is_gross,148900.0,214426523.0,,,False,False,False,False,,,,,,,,,,,,False,incompleto,False,gross_reference_minus_treasury,False,False
2023,2023-06-30,ALSO3,05878397000132,24.65,True,same_year,Comércio (Atacado e Varejo),False,True,True,True,False,3.2152090640871283,True,True,True,True,True,True,reconstructed,10.0,,True,True,True,True,strong_10of10,10,,False,0.2495083743021413,160013.33333333334,199938.0,False,gross_reference_minus_treasury,194.13963721951967,,582186594.0,True,cap_is_ex_treasury,10287080.0,592473674.0,False,False,False,False,False,False,0.0,0.0,1.0,0.0,0.0,0.0,0.2495083743021413,0.0,181.97367734781403,0.6595650401209299,0.24950837430214134,False,2013:2014;2014:2015;2015:2016;2020:2021;2021:2022;2022:2022,False,gross_reference_minus_treasury,False,False
2023,2023-06-30,ALUP3,08364948000138,10.0,False,missing,,,False,True,True,False,2.1004829577104167,True,True,False,True,True,True,reconstructed,10.0,,True,True,True,True,strong_10of10,10,,True,2.4531651591717387,287268.3333333333,991985.0,True,gross_reference_minus_treasury,13.079854627497092,,914275704.0,False,cap_is_gross,0.0,914275704.0,,,False,False,False,False,,,,,,,,,,,2.4531651591717387,True,2013:2014;2014:2015;2015:2016;2020:2021;2021:2022;2022:2022,True,gross_reference_minus_treasury,False,False
2023,2023-06-30,AMAR3,61189288000189,0.88,False,nearest_year_2021,Comércio (Atacado e Varejo),False,False,True,True,False,1.090812200810029,False,False,True,False,False,False,reconstructed,3.0,2015;2016;2017;2019;2020;2021;2022,False,False,False,False,strong_incomplete,4,2017;2018;2019;2020;2021;2022,False,-11.150491985399142,33605.333333333336,-341110.6666666667,,gross_reference_minus_treasury,,,342645570.0,True,cap_is_gross,190000.0,342835570.0,False,False,False,False,False,False,,,,,,,,,,,-11.361599349309632,False,2013:2014;2014:2015;2015:2016;2020:2021;2021:2022;2022:2022,False,gross_reference_minus_treasury,False,False
2023,2023-06-30,AMBP3,12648266000124,21.78,True,same_year,"Saneamento, Serv. Água e Gás",True,True,True,True,False,2.4113256188116097,True,True,False,,,,reconstructed,,,,False,False,False,strong_incomplete,2,2013;2014;2015;2016;2017;2018;2019;2020,,,,,False,gross_reference_minus_treasury,89.88721549059417,,112935588.0,True,cap_is_gross,0.0,112935588.0,False,False,False,False,False,False,0.0,0.0,-1.0,0.0,-1.0,-1.0,,0.0,89.88721549059417,0.4996864149358168,,False,incompleto,False,gross_reference_minus_treasury,False,False
2023,2023-06-30,ANIM3,09288252000132,4.19,True,same_year,Educação,False,True,True,True,False,1.3064321051299492,False,False,False,False,False,False,reconstructed,7.0,2019;2020;2021,False,False,True,False,strong_incomplete,8,2021;2022,False,-1.8637665445300236,89153.33333333333,-77007.66666666667,,gross_reference_minus_treasury,,,377050853.0,True,cap_is_gross,26817952.0,403868805.0,False,False,False,False,False,False,0.0,0.0,0.0,0.0,0.0,0.0,-1.8637665445300236,-1.0,,,-1.8637665445300233,False,2013:2014;2014:2015;2015:2016;2020:2021;2021:2022;2022:2022,False,gross_reference_minus_treasury,False,False
2023,2023-06-30,APER3,11721921000160,28.12,False,missing,,,False,False,True,False,1.312124024382916,False,False,True,False,False,False,reconstructed,5.0,2015;2016;2017;2018;2020,False,False,False,False,strong_incomplete,6,2017;2018;2019;2021,True,8.696428571428573,1045.3333333333333,10136.0,False,gross_reference_minus_treasury,24.023712347590248,,19561702.0,True,cap_is_ex_treasury,2.0,19561704.0,,,False,False,False,False,,,,,,,,,,0.0322321297538417,8.696428571428573,True,2013:2014;2014:2015;2015:2016;2020:2021;2021:2022;2022:2022,False,gross_reference_minus_treasury,False,False
2023,2023-06-30,ARML3,00242184000104,14.98,False,nearest_year_2024,Serviços Transporte e Logística,False,True,,,False,,,,,,,,reconstructed,,,,False,False,False,strong_incomplete,4,2013;2014;2015;2016;2017;2018,,,,,,gross_reference_minus_treasury,,,345329241.0,True,cap_is_gross,686800.0,346016041.0,False,False,False,False,False,False,,,,,,,,,,,,False,incompleto,False,gross_reference_minus_treasury,False,False
2023,2023-06-30,ARZZ3,16590234000176,79.07,True,same_year,Têxtil e Vestuário,False,True,True,True,False,1.457443620976421,False,False,True,True,True,True,reconstructed,10.0,,True,True,True,True,strong_10of10,10,,True,1.386584832492638,114323.33333333331,272842.3333333333,False,gross_reference_minus_treasury,67.3470496416942,,110186077.0,True,cap_is_gross,0.0,110186077.0,False,False,False,False,False,False,0.0,0.0,1.0,0.0,1.0,1.0,1.386584832492638,0.0,67.3470496416942,0.4219944990633053,1.386584832492638,True,2013:2014;2014:2015;2015:2016;2020:2021;2021:2022;2022:2022,False,gross_reference_minus_treasury,False,False
2023,2023-06-30,ASAI3,06057223000171,13.75,True,same_year,Comércio (Atacado e Varejo),False,True,True,True,False,0.8637305068226121,False,False,False,,,,reconstructed,,,,False,False,False,strong_incomplete,4,2013;2014;2015;2016;2017;2018,,,,,False,gross_reference_minus_treasury,72.409499699316,,1349225264.0,True,cap_is_gross,0.0,1349225264.0,False,False,False,False,False,False,0.0,0.0,-1.0,0.0,-1.0,-1.0,,0.0,72.52017593504897,0.4425659599422117,,False,incompleto,False,gross_reference_minus_treasury,False,False
2023,2023-06-30,ATOM3,00359742000108,2.64,False,missing,,,False,False,False,False,10.552243392747387,True,True,True,False,False,False,reconstructed,6.0,2013;2014;2015;2016,False,False,False,False,strong_incomplete,2,2013;2014;2015;2016;2017;2018;2019;2020,,,-887.6666666666666,9474.666666666666,True,gross_reference_minus_treasury,12.944627292612848,,20898994.0,False,cap_is_gross,0.0,20898994.0,,,False,False,False,False,,,,,,,,,,,,False,incompleto,True,gross_reference_minus_treasury,False,False
2023,2023-06-30,AURE3,28594234000123,14.33,True,same_year,Energia Elétrica,True,True,True,True,False,1.4928530670606648,False,False,True,,,,reconstructed,,,,False,False,False,strong_incomplete,1,2013;2014;2015;2016;2017;2018;2019;2020;2021,,,,,True,gross_reference_minus_treasury,5.033945693956245,,1000000000.0,True,cap_is_gross,0.0,1000000000.0,False,False,False,False,False,False,0.0,0.0,-1.0,0.0,0.0,-1.0,,1.0,5.033945693956245,,,False,incompleto,True,gross_reference_minus_treasury,False,False
2023,2023-06-30,AVLL3,16811931000100,7.04,False,missing,,,False,False,True,False,0.5546541045101632,False,False,True,,,,reconstructed,,,,False,False,False,strong_incomplete,0,2013;2014;2015;2016;2017;2018;2019;2020;2021;2022,,,,,,gross_reference_minus_treasury,,,22208904.0,True,cap_is_gross,206890.0,22415794.0,,,False,False,False,False,,,,,,,,,,,,False,incompleto,False,gross_reference_minus_treasury,False,False
2023,2023-06-30,AZEV3,61351532000168,1.97,False,missing,,,False,False,True,False,0.7859618527655211,False,False,True,False,False,False,reconstructed,4.0,2016;2017;2018;2019;2020;2022,False,False,False,False,strong_incomplete,4,2013;2018;2019;2020;2021;2022,True,3.5815101887735965,5332.666666666667,24431.666666666668,,gross_reference_minus_treasury,,,77180469.0,True,cap_is_gross,0.0,77180469.0,,,False,False,False,False,,,,,,,,,,,3.5815101887735965,True,2013:2014;2014:2015;2015:2016;2020:2021;2021:2022;2022:2022,False,gross_reference_minus_treasury,False,False
2023,2023-06-30,B3SA3,09346601000125,14.61,False,missing,,,True,True,True,False,1.840618104913519,False,True,True,True,True,True,reconstructed,10.0,,True,True,True,True,strong_10of10,10,,True,2.073468946140954,1420269.0,4365152.666666667,False,gross_reference_minus_treasury,74.61498984661169,,5472295687.0,False,cap_is_gross,346704313.0,5819000000.0,,,False,False,False,False,,,,,,,,,,0.4508661482323358,2.073468946140954,True,2013:2014;2014:2015;2015:2016;2020:2021;2021:2022;2022:2022,False,gross_reference_minus_treasury,False,False
2023,2023-06-30,BAHI3,45987245000192,8.5,False,missing,,,False,False,True,False,0.1858021872893701,False,False,True,False,False,False,reconstructed,2.0,2013;2015;2017;2018;2019;2020;2021;2022,False,False,False,False,strong_incomplete,6,2019;2020;2021;2022,False,-159.28336079077428,404.6666666666667,-64052.0,,gross_reference_minus_treasury,,,23897724.0,True,cap_is_gross,0.0,23897724.0,,,False,False,False,False,,,,,,,,,,,-80.49682954121597,False,2013:2014;2014:2015;2015:2016;2020:2021;2021:2022;2022:2022,False,gross_reference_minus_treasury,False,False
2023,2023-06-30,BALM3,61374161000130,11.59,False,missing,,,False,False,False,False,2.5144877839691384,True,True,True,True,True,True,reconstructed,10.0,,True,True,True,True,strong_10of10,10,,False,0.0161658887592375,13712.0,13933.666666666666,True,gross_reference_minus_treasury,13.144229025929013,,9784510.0,True,cap_is_gross,15490.0,9800000.0,,,False,False,False,False,,,,,,,,,,,0.016165888759237523,False,2013:2014;2014:2015;2015:2016;2020:2020;2021:2022;2022:2022,True,gross_reference_minus_treasury,False,False
2023,2023-06-30,BAZA3,04902979000144,70.94,False,missing,,,False,True,True,False,,,,False,True,True,True,reconstructed,10.0,,True,True,True,True,strong_10of10,10,,,,0.0,708573.6666666666,True,gross_reference_minus_treasury,3.935782356841324,,56058315.0,True,cap_is_gross,0.0,56058315.0,,,False,False,False,False,,,,,,,,,,,,False,incompleto,True,gross_reference_minus_treasury,False,False
2023,2023-06-30,BBAS3,00000000000191,49.4,False,missing,,,True,True,True,False,,,,,True,True,True,reconstructed,10.0,,True,True,True,True,strong_10of10,10,,,,0.0,20961148.0,False,gross_reference_minus_treasury,25.95078553857157,,2853826290.0,True,cap_is_gross,11590730.0,2865417020.0,,,False,False,False,False,,,,,,,,,,0.0688578104394818,,False,incompleto,False,gross_reference_minus_treasury,False,False
2023,2023-06-30,BBDC3,60746948000112,14.64,False,missing,,,True,True,True,False,,,,,True,True,True,reconstructed,10.0,,True,True,True,True,strong_10of10,10,,,,0.0,19741479.0,False,gross_reference_minus_treasury,51.331317277715776,,10642170028.0,True,cap_is_gross,16318000.0,10658488028.0,,,False,False,False,False,,,,,,,,,,0.3379358768532543,,False,incompleto,False,gross_reference_minus_treasury,False,False
2023,2023-06-30,BBSE3,17344597000194,30.77,False,missing,,,True,False,True,False,1.1095438839316991,False,False,True,True,True,True,reconstructed,10.0,,True,True,True,True,strong_10of10,10,,True,0.3640501497997557,3379289.0,4609519.666666667,False,gross_reference_minus_treasury,82.21410185211164,,1996750349.0,True,cap_is_gross,3249651.0,2000000000.0,,,False,False,False,False,,,,,,,,,,0.4768597920224053,0.3640501497997557,True,2013:2014;2014:2015;2015:2016;2020:2021;2021:2022;2022:2022,False,gross_reference_minus_treasury,False,False
2023,2023-06-30,BEEF3,67620377000114,10.63,True,same_year,Alimentos,False,True,True,True,False,1.5974333007656702,False,True,False,False,False,False,reconstructed,5.0,2013;2014;2015;2017;2018,False,False,False,False,strong_incomplete,7,2014;2015;2019,,,-510969.6666666667,649501.3333333334,False,gross_reference_minus_treasury,116.89920271450008,,584930207.0,True,cap_is_gross,22353200.0,607283407.0,False,False,False,False,False,False,0.0,0.0,0.0,0.0,0.0,-1.0,,0.0,116.89920271450008,0.5612819684867664,,False,incompleto,False,gross_reference_minus_treasury,False,False
2023,2023-06-30,BEES3,28127603000178,9.1,False,missing,,,False,True,True,False,,,,,True,True,True,reconstructed,10.0,,True,True,True,True,strong_10of10,10,,,,0.0,270810.0,False,gross_reference_minus_treasury,136.65682494793992,,315912860.0,True,cap_is_gross,0.0,315912860.0,,,False,False,False,False,,,,,,,,,,0.594234054011096,,False,incompleto,False,gross_reference_minus_treasury,False,False
2023,2023-06-30,BGIP3,13009717000146,24.0,False,missing,,,False,True,True,False,0.7507097425124565,False,False,False,True,True,True,reconstructed,10.0,,True,True,True,True,strong_10of10,10,,,,0.0,0.0,,gross_reference_minus_treasury,,,15285090.0,True,cap_is_gross,0.0,15285090.0,,,False,False,False,False,,,,,,,,,,,,False,incompleto,False,gross_reference_minus_treasury,False,False
2023,2023-06-30,BIOM3,04752991000110,5.7,False,missing,,,False,False,True,False,1.9848039109649789,False,True,True,False,False,False,reconstructed,1.0,2013;2014;2016;2017;2018;2019;2020;2021;2022,False,False,False,False,strong_incomplete,0,2013;2014;2015;2016;2017;2018;2019;2020;2021;2022,,,-4830.0,-81195.66666666667,,gross_reference_minus_treasury,,,81287824.0,True,cap_is_gross,0.0,81287824.0,,,False,False,False,False,,,,,,,,,,,,False,incompleto,False,gross_reference_minus_treasury,False,False
2023,2023-06-30,BLAU3,58430828000160,18.61,True,same_year,Farmacêutico e Higiene,False,True,True,True,False,4.521159323440569,True,True,True,,,,reconstructed,,,,False,False,False,strong_incomplete,6,2013;2014;2015;2016,,,,,True,gross_reference_minus_treasury,16.5414729412564,,177830739.0,True,cap_is_gross,1563200.0,179393939.0,False,False,False,False,False,False,0.0,0.0,-1.0,0.0,-1.0,-1.0,,1.0,16.56942547923104,,,False,incompleto,True,gross_reference_minus_treasury,False,False
2023,2023-06-30,BMIN3,34169557000172,21.75,False,missing,,,False,False,False,False,,,,True,False,False,False,reconstructed,9.0,2017,False,True,True,True,strong_10of10,10,,,,0.0,3253.0,True,gross_reference_minus_treasury,3.420911300645373,,710143.0,False,cap_is_gross,0.0,710143.0,,,False,False,False,False,,,,,,,,,,,,False,incompleto,True,gross_reference_minus_treasury,False,False
2023,2023-06-30,BMKS3,56992423000190,354.99,False,missing,,,False,False,False,False,15.383477981356476,True,True,True,True,True,True,reconstructed,10.0,,True,True,True,True,strong_10of10,10,,False,0.2546233274677114,10039.666666666666,12596.0,True,gross_reference_minus_treasury,4.879882124044522,,454750.0,True,cap_is_gross,0.0,454750.0,,,False,False,False,False,,,,,,,,,,,0.25462332746771144,False,2013:2014;2014:2015;2015:2016;2020:2021;2021:2022;2022:2022,True,gross_reference_minus_treasury,False,False
2023,2023-06-30,BMOB3,09042817000105,14.19,True,same_year,Comunicação e Informática,False,True,True,True,False,3.395957560951135,True,True,True,,,,reconstructed,,,,False,False,False,strong_incomplete,2,2013;2014;2015;2016;2017;2018;2019;2020,,,,,True,gross_reference_minus_treasury,16.866895640664808,,87103692.0,True,cap_is_gross,3805400.0,90909092.0,False,False,False,False,False,False,0.0,0.0,0.0,0.0,0.0,-1.0,,1.0,16.866895640664808,,,False,incompleto,True,gross_reference_minus_treasury,False,False
2023,2023-06-30,BOAS3,11725176000127,7.94,True,same_year,Comunicação e Informática,False,True,True,True,False,4.107833900174648,True,True,True,,,,reconstructed,,,,False,False,False,strong_incomplete,2,2013;2014;2015;2016;2017;2018;2019;2020,,,,,False,gross_reference_minus_treasury,27.14097693811712,,530949057.0,True,cap_is_gross,1664688.0,532613745.0,False,False,False,False,False,False,0.0,0.0,-1.0,0.0,-1.0,-1.0,,0.0,27.14097693811712,0.0895029960706988,,False,incompleto,False,gross_reference_minus_treasury,False,False
2023,2023-06-30,BPAC3,30306294000145,15.16,False,missing,,,False,,,False,,,,,,,,reconstructed,,,,True,True,True,strong_10of10,10,,,,,,,gross_upper_bound,,,11506119928.0,False,no_itr_composition,,11506119928.0,,,False,False,False,False,,,,,,,,,,,,False,incompleto,False,gross_upper_bound,False,False
2023,2023-06-30,BRAP3,03847461000192,20.91,False,missing,,,True,False,True,False,1.1127106861811782,False,False,True,False,False,False,reconstructed,7.0,2013;2015;2019,False,True,True,True,strong_10of10,10,,,,-845509.0,4424662.666666667,True,gross_reference_minus_treasury,2.424047819443268,,393096610.0,True,cap_is_gross,0.0,393096610.0,,,False,False,False,False,,,,,,,,,,,,False,incompleto,True,gross_reference_minus_treasury,False,False
2023,2023-06-30,BRFS3,01838723000127,8.91,True,same_year,Alimentos,False,True,True,True,False,1.188645551501419,False,False,True,False,False,False,reconstructed,6.0,2016;2017;2018;2022,False,False,False,False,strong_incomplete,5,2018;2019;2020;2021;2022,False,-1.2130741614306548,2132878.6666666665,-454461.3333333333,,gross_reference_minus_treasury,,,1078116849.0,True,cap_is_ex_treasury,4356397.0,1082473246.0,False,False,False,False,False,False,0.0,0.0,0.0,0.0,0.0,0.0,-1.2130741614306548,-1.0,,,-1.2130741614306548,False,2013:2014;2014:2015;2015:2016;2020:2021;2021:2022;2022:2022,False,gross_reference_minus_treasury,False,False
2023,2023-06-30,BRGE3,17193806000146,9.9,False,missing,,,False,False,True,False,2.333118204892135,True,True,True,True,True,True,reconstructed,10.0,,True,True,True,True,strong_10of10,10,,False,-0.0717896737408931,52616.66666666666,48839.333333333336,True,gross_reference_minus_treasury,4.907825314826554,,73646388.0,True,cap_is_gross,0.0,73646388.0,,,False,False,False,False,,,,,,,,,,,-0.07178967374089318,False,2013:2014;2014:2015;2015:2016;2020:2021;2021:2022;2022:2022,True,gross_reference_minus_treasury,False,False
2023,2023-06-30,BRIT3,19796586000170,2.75,False,nearest_year_2024,Telecomunicações,False,False,True,True,False,1.7426873430939105,False,True,True,,,,reconstructed,,,,False,False,False,strong_incomplete,3,2013;2014;2015;2016;2017;2018;2019,,,,,True,gross_reference_minus_treasury,17.953697079313816,,445744916.0,True,cap_is_gross,3350000.0,449094916.0,False,False,False,False,False,False,,,,,,,,,,,,False,incompleto,True,gross_reference_minus_treasury,False,False
2023,2023-06-30,BRKM3,42150391000170,28.46,True,same_year,Petroquímicos e Borracha,False,False,True,True,False,1.424738643355596,False,False,False,False,False,False,reconstructed,6.0,2016;2019;2020;2022,False,True,True,True,strong_10of10,10,,True,0.5413021768372324,1504690.6666666667,2319183.0,,gross_reference_minus_treasury,,,796542426.0,True,cap_is_ex_treasury,665408.0,797207834.0,False,False,False,False,False,False,0.0,0.0,-1.0,0.0,-1.0,-1.0,0.5901220917197445,-1.0,,,0.5901220917197445,True,2013:2014;2014:2015;2015:2016;2020:2021;2021:2022;2022:2022,False,gross_reference_minus_treasury,False,False
2023,2023-06-30,BRPR3,06977751000149,81.24,True,same_year,Sem Setor Principal,False,True,False,True,False,12.93294377178654,True,True,True,False,False,False,reconstructed,8.0,2015;2022,False,True,True,True,strong_10of10,10,,,,-141356.0,-428318.3333333333,,gross_reference_minus_treasury,,,11610812.0,True,cap_is_gross,0.0,11610812.0,False,False,False,False,False,False,0.0,0.0,0.0,0.0,1.0,-1.0,,-1.0,,,,False,incompleto,False,gross_reference_minus_treasury,False,False
2023,2023-06-30,BRSR3,92702067000196,14.88,False,missing,,,False,True,True,False,,,,,True,True,True,reconstructed,10.0,,True,True,True,True,strong_10of10,10,,,,0.0,796981.6666666666,True,gross_reference_minus_treasury,19.70482125275088,,408756477.0,True,cap_is_gross,218000.0,408974477.0,,,False,False,False,False,,,,,,,,,,,,False,incompleto,True,gross_reference_minus_treasury,False,False
2023,2023-06-30,BSLI3,00000208000100,13.52,False,missing,,,False,,,False,,,,,,,,reconstructed,,,,True,True,True,strong_10of10,10,,,,,,,gross_upper_bound,,,363046500.0,False,no_itr_composition,,363046500.0,,,False,False,False,False,,,,,,,,,,,,False,incompleto,False,gross_upper_bound,False,False
2023,2023-06-30,CAMB3,61088894000108,9.25,False,missing,,,False,False,True,False,1.6978421272448838,False,True,False,False,False,False,reconstructed,8.0,2015;2016,False,False,False,False,strong_incomplete,1,2013;2014;2015;2016;2017;2018;2019;2020;2021,,,-4377.666666666667,35454.0,True,gross_reference_minus_treasury,15.439072004120632,,41924673.0,True,cap_is_gross,350407.0,42275080.0,,,False,False,False,False,,,,,,,,,,,,False,incompleto,True,gross_reference_minus_treasury,False,False
2023,2023-06-30,CAML3,64904295000103,7.06,False,missing,,,True,True,True,False,2.4579788839533623,True,True,False,,,,reconstructed,,,,False,False,False,strong_incomplete,6,2013;2014;2015;2016,,,,,True,gross_upper_bound_safe_pass,4.696467351492398,,360000000.0,False,no_itr_composition,,360000000.0,,,False,False,False,False,,,,,,,,,,,,False,incompleto,True,gross_upper_bound_safe_pass,False,False
2023,2023-06-30,CASH3,14110585000107,7.81,False,nearest_year_2024,Comunicação e Informática,False,True,,,False,,,,,,,,reconstructed,,,,False,False,False,strong_incomplete,1,2013;2014;2015;2016;2017;2018;2019;2020;2022,,,,,,gross_reference_minus_treasury,,,865180443.0,True,cap_is_gross,0.0,865180443.0,False,False,False,False,False,False,,,,,,,,,,,,False,incompleto,False,gross_reference_minus_treasury,False,False
2023,2023-06-30,CBAV3,61409892000173,5.04,True,same_year,Extração Mineral,False,True,True,True,False,1.9511771188779488,False,True,True,,,,reconstructed,,,,False,False,False,strong_incomplete,2,2013;2014;2015;2016;2017;2018;2019;2021,,,,,True,gross_reference_minus_treasury,2.039977664807647,,595833333.0,True,cap_is_gross,0.0,595833333.0,False,False,False,False,False,False,0.0,0.0,0.0,0.0,0.0,-1.0,,1.0,2.039977664807647,,,False,incompleto,True,gross_reference_minus_treasury,False,False
2023,2023-06-30,CCRO3,02846056000197,14.05,True,same_year,Serviços Transporte e Logística,False,True,True,True,False,1.1722586989189376,False,False,False,True,True,True,reconstructed,10.0,,True,True,True,True,strong_10of10,10,,True,0.4172857011366517,1180602.0,1673250.3333333333,True,gross_reference_minus_treasury,16.998960706335026,,2019998000.0,True,cap_is_gross,2000.0,2020000000.0,False,False,False,False,False,False,0.0,0.0,1.0,0.0,1.0,1.0,0.4044404342230427,1.0,16.998960706335026,,0.41728570113665175,True,2013:2014;2014:2015;2015:2016;2020:2021;2021:2022;2022:2022,True,gross_reference_minus_treasury,False,False
2023,2023-06-30,CEAB3,45242914000105,5.43,True,same_year,Têxtil e Vestuário,False,True,True,True,False,1.2917311075184572,False,False,True,,,,reconstructed,,,,False,False,False,strong_incomplete,4,2013;2014;2015;2016;2017;2022,,,,,False,gross_reference_minus_treasury,1104.4356406178883,,305594568.0,True,cap_is_gross,2650500.0,308245068.0,False,False,False,False,False,False,0.0,0.0,0.0,0.0,0.0,-1.0,,0.0,1104.4356406178883,0.8572680981899947,,False,incompleto,False,gross_reference_minus_treasury,False,False
2023,2023-06-30,CEBR3,00070698000111,13.3,False,missing,,,False,False,True,False,4.620395112223396,True,True,True,False,False,False,reconstructed,8.0,2013;2014,False,False,False,False,strong_incomplete,9,2015,,,-45687.333333333336,626472.3333333334,True,gross_reference_minus_treasury,4.79079601890174,,72081915.0,True,cap_is_gross,0.0,72081915.0,,,False,False,False,False,,,,,,,,,,,,False,incompleto,True,gross_reference_minus_treasury,False,False
2023,2023-06-30,CEDO3,17245234000100,11.34,False,missing,,,False,,,False,,,,,,,,reconstructed,,,,False,False,False,strong_incomplete,3,2016;2017;2018;2019;2020;2021;2022,,,,,,gross_reference_minus_treasury,,,10000000.0,True,cap_is_gross,0.0,10000000.0,,,False,False,False,False,,,,,,,,,,,,False,incompleto,False,gross_reference_minus_treasury,False,False
2023,2023-06-30,CEEB3,15139629000194,41.0,False,missing,,,False,True,True,False,0.9390031369815268,False,False,False,True,True,True,reconstructed,10.0,,True,True,True,True,strong_10of10,10,,True,2.408574458415392,435666.0,1485000.0,True,gross_reference_minus_treasury,12.466910218832718,,262096087.0,True,cap_is_gross,0.0,262096087.0,,,False,False,False,False,,,,,,,,,,,2.3829987417219045,True,2013:2014;2014:2015;2015:2015;2020:2021;2021:2022;2022:2022,True,gross_reference_minus_treasury,False,False
2023,2023-06-30,CEED3,08467115000100,26.0,False,missing,,,False,True,True,False,1.1495495988956053,False,False,True,False,False,False,reconstructed,0.0,2013;2014;2015;2016;2017;2018;2019;2020;2021;2022,False,False,False,False,strong_incomplete,0,2013;2014;2015;2016;2017;2018;2019;2020;2021;2022,,,-396032.3333333333,-761101.3333333334,,gross_reference_minus_treasury,,,68254930.0,True,cap_is_gross,0.0,68254930.0,,,False,False,False,False,,,,,,,,,,,,False,incompleto,False,gross_reference_minus_treasury,False,False
2023,2023-06-30,CGRA3,92012467000170,28.5,False,missing,,,False,True,True,False,2.450084229197265,True,True,True,True,True,True,reconstructed,10.0,,True,True,True,True,strong_10of10,10,,False,-0.5445087113445413,52171491.0,23763659.666666668,True,gross_reference_minus_treasury,3.057877012703711,,19316303.0,True,cap_is_gross,0.0,19316303.0,,,False,False,False,False,,,,,,,,,,,-0.9976697426569618,False,2013:2014;2014:2015;2015:2016;2020:2021;2021:2022;2022:2022,True,gross_reference_minus_treasury,False,False
2023,2023-06-30,CIEL3,01027058000191,4.59,False,missing,,,True,True,True,False,1.149638403157167,False,False,True,False,False,False,reconstructed,8.0,2020;2021,False,True,True,True,strong_10of10,10,,False,-0.6778007043999692,3134961.333333333,1010082.3333333334,True,gross_reference_minus_treasury,8.943699291412297,,2698435941.0,True,cap_is_gross,18379120.0,2716815061.0,,,False,False,False,False,,,,,,,,,,,-0.6778007043999692,False,2013:2014;2014:2015;2015:2016;2020:2021;2021:2022;2022:2022,True,gross_reference_minus_treasury,False,False
2023,2023-06-30,CLSA3,03802115000198,6.7,True,same_year,Comunicação e Informática,False,True,False,True,True,4.983351613025226,True,True,True,,,,reconstructed,,,,False,False,False,strong_incomplete,3,2013;2014;2015;2016;2017;2018;2019,,,,,,gross_reference_minus_treasury,,,187926060.0,True,cap_is_gross,0.0,187926060.0,False,False,False,False,False,False,0.0,0.0,0.0,0.0,0.0,-1.0,,-1.0,,,,False,incompleto,False,gross_reference_minus_treasury,False,False
2023,2023-06-30,CLSC3,83878892000155,58.9,False,missing,,,False,True,True,False,0.9790273589397402,False,False,True,False,False,False,reconstructed,9.0,2016,False,True,True,True,strong_10of10,10,,True,0.92548448082905,280867.6666666667,540806.3333333334,True,gross_reference_minus_treasury,3.3116850586252684,,38571591.0,True,cap_is_gross,0.0,38571591.0,,,False,False,False,False,,,,,,,,,,,0.9254844808290499,True,2013:2014;2014:2015;2015:2016;2020:2021;2021:2022;2022:2022,True,gross_reference_minus_treasury,False,False
2023,2023-06-30,CMIG3,17155730000164,19.32,True,same_year,Energia Elétrica,True,True,True,True,False,1.2016946986473576,False,False,True,True,True,True,reconstructed,10.0,,True,True,True,True,strong_10of10,10,,False,0.2295041195343572,2902998.0,3569248.0,True,gross_reference_minus_treasury,20.28115764701768,,2200524688.0,True,cap_is_gross,846000.0,2201370688.0,False,False,False,False,False,False,0.0,0.0,1.0,0.0,1.0,0.0,0.2295041195343572,1.0,20.281163398120285,,0.22950411953435723,False,2013:2014;2014:2015;2015:2016;2020:2021;2021:2022;2022:2022,True,gross_reference_minus_treasury,False,False
2023,2023-06-30,CMIN3,08902291000115,4.18,True,same_year,Extração Mineral,False,True,True,True,False,2.0713942788686968,True,True,True,,,,reconstructed,,,,False,False,False,strong_incomplete,4,2013;2014;2015;2016;2017;2018,,,,,True,gross_reference_minus_treasury,15.640089148298168,,5485338838.0,True,cap_is_gross,0.0,5485338838.0,False,False,False,False,False,False,0.0,0.0,0.0,0.0,-1.0,-1.0,,-1.0,,,,False,incompleto,True,gross_reference_minus_treasury,False,False
2023,2023-06-30,COGN3,02800026000140,3.26,False,nearest_year_2022,Educação,False,True,,,False,,,,,,,,reconstructed,,,,False,False,False,strong_incomplete,8,2021;2022,,,,,,gross_reference_minus_treasury,,,1867836812.0,True,cap_is_gross,8769398.0,1876606210.0,False,False,False,False,False,False,,,,,,,,,,,,False,incompleto,False,gross_reference_minus_treasury,False,False
2023,2023-06-30,CPFE3,02429144000193,34.39,True,same_year,Energia Elétrica,True,True,True,True,False,1.020220547218622,False,False,False,True,True,True,reconstructed,10.0,,True,True,True,True,strong_10of10,10,,True,3.903000723959273,917178.6666666666,4496927.666666667,True,gross_reference_minus_treasury,18.940721521649213,,1152254440.0,True,cap_is_gross,0.0,1152254440.0,False,False,False,False,False,False,0.0,0.0,1.0,0.0,1.0,1.0,3.903001087392642,1.0,18.940721521649213,,3.903001087392642,True,2013:2014;2014:2015;2015:2016;2020:2021;2021:2022;2022:2022,True,gross_reference_minus_treasury,False,False
2023,2023-06-30,CPLE3,76483817000120,8.23,True,same_year,Energia Elétrica,True,True,True,True,False,1.3033078430991714,False,False,True,True,True,True,reconstructed,10.0,,True,True,True,True,strong_10of10,10,,True,1.8718149783593685,1157082.6666666667,3322927.333333333,True,gross_reference_minus_treasury,21.911614507275928,,2736553750.0,True,cap_is_gross,0.0,2736553750.0,True,True,False,True,False,True,1.0,1.0,1.0,1.0,1.0,1.0,1.8718149783593685,1.0,21.911614507275928,,1.8718149783593683,True,2013:2014;2014:2015;2015:2016;2020:2021;2021:2022;2022:2022,True,gross_reference_minus_treasury,True,True
2023,2023-06-30,CRFB3,75315333000109,11.2,True,same_year,Comércio (Atacado e Varejo),False,True,True,True,False,0.9148635634028892,False,False,True,,,,reconstructed,,,,False,False,False,strong_incomplete,7,2013;2014;2015,,,,,True,gross_reference_minus_treasury,15.809820528877584,,2107764631.0,True,cap_is_gross,0.0,2107764631.0,False,False,False,False,False,False,0.0,0.0,-1.0,0.0,-1.0,-1.0,,1.0,15.764862782856651,,,False,incompleto,True,gross_reference_minus_treasury,False,False
2023,2023-06-30,CRIV3,17167412000113,5.31,False,missing,,,False,True,True,False,,,,,False,False,False,reconstructed,8.0,2021;2022,False,True,True,True,strong_10of10,10,,,,0.0,57509.0,False,gross_reference_minus_treasury,227.5968875656424,,102652556.0,True,cap_is_gross,290000.0,102942556.0,,,False,False,False,False,,,,,,,,,,0.6855814940403668,,False,incompleto,False,gross_reference_minus_treasury,False,False
2023,2023-06-30,CSAN3,50746577000115,17.86,True,same_year,"Agricultura (Açúcar, Álcool e Cana)",False,True,True,True,False,1.6190396977177102,False,True,False,True,True,True,reconstructed,10.0,,True,True,True,True,strong_10of10,10,,True,5.833836229843967,397585.6666666667,2717035.333333333,False,gross_reference_minus_treasury,45.75870321816665,,1866630241.0,True,cap_is_gross,7440691.0,1874070932.0,False,False,False,False,False,False,0.0,0.0,-1.0,0.0,1.0,-1.0,,0.0,45.75870321816665,0.2987798215667452,6.368184788887213,True,2013:2014;2014:2015;2015:2016;2020:2021;2021:2022;2022:2022,False,gross_reference_minus_treasury,False,False
2023,2023-06-30,CSED3,62984091000102,3.85,False,nearest_year_2022,Educação,False,True,True,True,False,1.7073595631377696,False,True,True,,,,reconstructed,,,,False,False,False,strong_incomplete,4,2013;2014;2015;2016;2017;2018,,,,,False,gross_reference_minus_treasury,204.8508916786161,,358200784.0,True,cap_is_gross,8847968.0,367048752.0,False,False,False,False,False,False,,,,,,,,,,0.6685848711834551,,False,incompleto,False,gross_reference_minus_treasury,False,False
2023,2023-06-30,CSMG3,17281106000103,21.15,True,same_year,"Saneamento, Serv. Água e Gás",True,True,True,True,False,1.264559050184114,False,False,True,False,False,True,legacy_earnings_fallback,9.0,2015,False,True,True,True,strong_10of10,10,,True,2.0253240888614763,242114.66666666663,732475.3333333334,True,gross_reference_minus_treasury,10.512153277683431,,379181069.0,True,cap_is_gross,1072000.0,380253069.0,False,True,False,False,False,True,0.0,1.0,0.0,1.0,1.0,1.0,2.0253240888614763,1.0,10.512149451867382,,2.0253240888614763,True,2013:2014;2014:2015;2015:2016;2020:2021;2021:2022;2022:2022,True,gross_reference_minus_treasury,False,True
2023,2023-06-30,CSNA3,33042730000104,12.13,True,same_year,Metalurgia e Siderurgia,False,True,True,True,False,1.362055524600337,False,False,False,False,False,False,reconstructed,8.0,2014;2016,False,False,True,False,strong_incomplete,9,2018,True,7.709429659675505,673866.6666666666,5868994.333333333,True,gross_reference_minus_treasury,8.542843349067622,,1326093947.0,True,cap_is_gross,0.0,1326093947.0,False,False,False,False,False,False,0.0,0.0,0.0,0.0,0.0,-1.0,,1.0,8.542843349067622,,,False,incompleto,True,gross_reference_minus_treasury,False,False
2023,2023-06-30,CSRN3,08324196000181,23.99,False,missing,,,False,True,True,False,1.0532646048109966,False,False,False,True,True,True,reconstructed,10.0,,True,True,True,True,strong_10of10,10,,True,1.407232278075008,201614.66666666663,485333.3333333333,True,gross_reference_minus_treasury,19.91632735631041,,168074028.0,True,cap_is_gross,0.0,168074028.0,,,False,False,False,False,,,,,,,,,,,1.4034890208753588,True,2013:2014;2014:2015;2015:2016;2020:2021;2021:2022;2022:2022,True,gross_reference_minus_treasury,False,False
2023,2023-06-30,CSUD3,01896779000138,13.15,False,missing,,,False,,,False,,,,,,,,reconstructed,,,,True,True,True,strong_10of10,10,,,,,,,gross_reference_minus_treasury,,,41233000.0,True,cap_is_gross,567000.0,41800000.0,,,False,False,False,False,,,,,,,,,,,,False,incompleto,False,gross_reference_minus_treasury,False,False
2023,2023-06-30,CTKA3,82640558000104,18.0,False,missing,,,False,True,True,False,1.5706488362095437,False,True,False,False,False,False,reconstructed,2.0,2013;2014;2015;2016;2017;2018;2019;2022,False,False,False,False,strong_incomplete,2,2015;2016;2017;2018;2019;2020;2021;2022,,,-65272.66666666666,38949.333333333336,,gross_reference_minus_treasury,,,6205375.0,True,cap_is_gross,0.0,6205375.0,,,False,False,False,False,,,,,,,,,,,,False,incompleto,False,gross_reference_minus_treasury,False,False
2023,2023-06-30,CTNM3,22677520000176,10.04,False,missing,,,False,,,False,,,,,,,,reconstructed,,,,False,False,False,strong_incomplete,3,2016;2017;2018;2019;2020;2021;2022,,,,,,gross_upper_bound,,,30636457.0,False,no_itr_composition,,30636457.0,,,False,False,False,False,,,,,,,,,,,,False,incompleto,False,gross_upper_bound,False,False
2023,2023-06-30,CTSA3,21255567000189,4.1,False,missing,,,False,False,True,False,0.7839407502131287,False,False,True,False,False,False,reconstructed,7.0,2015;2016;2020,False,True,True,True,strong_10of10,10,,True,0.9319118320361044,5096.333333333333,9845.666666666666,,gross_above_limit_needs_review,108.13410213845822,,111299130.0,False,no_itr_composition,,111299130.0,,,False,False,False,False,,,,,,,,,,0.5438476466578397,0.9319118320361044,True,2013:2014;2014:2015;2015:2016;2020:2021;2021:2022;2022:2022,False,gross_above_limit_needs_review,False,False
2023,2023-06-30,CURY3,08797760000183,16.05,False,nearest_year_2022,"Construção Civil, Mat. Constr. e Decoração",False,True,,,False,,,,,,,,reconstructed,,,,False,False,False,strong_incomplete,3,2013;2014;2015;2016;2017;2018;2022,,,,,,gross_reference_minus_treasury,,,289884288.0,True,cap_is_gross,1990800.0,291875088.0,False,False,False,False,False,False,,,,,,,,,,,,False,incompleto,False,gross_reference_minus_treasury,False,False
2023,2023-06-30,CVCB3,10760260000119,3.51,True,same_year,Hospedagem e Turismo,False,True,True,True,False,0.6268988418394483,False,False,True,False,False,False,reconstructed,6.0,2019;2020;2021;2022,False,False,False,False,strong_incomplete,8,2013;2022,False,-5.914539625951918,142869.33333333334,-702137.0,,gross_reference_minus_treasury,,,277238983.0,True,cap_is_gross,8326.0,277247309.0,False,False,False,False,False,False,0.0,0.0,0.0,0.0,0.0,0.0,-5.914539625951918,-1.0,,,-5.914539625951918,False,2013:2014;2014:2015;2015:2016;2020:2021;2021:2022;2022:2022,False,gross_reference_minus_treasury,False,False
2023,2023-06-30,CXSE3,22543331000100,10.3,False,missing,,,True,False,True,False,2.0394682913998032,True,True,True,,,,reconstructed,,,,False,False,False,strong_incomplete,7,2013;2014;2015,,,,,,gross_above_limit_needs_review,29.695085412235777,,3000000000.0,False,no_itr_composition,,3000000000.0,,,False,False,False,False,,,,,,,,,,0.1295396978218836,,False,incompleto,False,gross_above_limit_needs_review,False,False
2023,2023-06-30,CYRE3,73178600000118,20.13,True,same_year,"Construção Civil, Mat. Constr. e Decoração",False,True,True,True,False,2.47632002489558,True,True,True,False,False,False,reconstructed,9.0,2017,False,True,True,True,strong_10of10,10,,True,0.9054941905147932,609377.0,1161164.3333333333,True,gross_reference_minus_treasury,9.887720050627076,,374920799.0,True,cap_is_gross,24822000.0,399742799.0,False,False,False,False,False,False,0.0,0.0,0.0,0.0,1.0,1.0,0.9054941905147932,1.0,9.887730652504956,,0.9054941905147933,True,2013:2014;2014:2015;2015:2016;2020:2021;2021:2022;2022:2022,True,gross_reference_minus_treasury,False,False
2023,2023-06-30,DASA3,61486650000183,11.83,True,same_year,Serviços médicos,False,True,True,True,False,1.25236968073676,False,False,True,False,False,False,reconstructed,7.0,2020;2021;2022,False,True,True,True,strong_10of10,10,,False,-4.219399080887774,79134.33333333333,-254765.0,,gross_reference_minus_treasury,,,554658067.0,True,cap_is_ex_treasury,5920197.0,560578264.0,False,False,False,False,False,False,0.0,0.0,0.0,0.0,1.0,0.0,-4.219399080887774,-1.0,,,-4.219399080887774,False,2013:2014;2014:2015;2015:2016;2020:2021;2021:2022;2022:2022,False,gross_reference_minus_treasury,False,False
2023,2023-06-30,DESK3,08170849000115,11.46,False,nearest_year_2024,Telecomunicações,False,False,,,False,,,,,,,,reconstructed,,,,False,False,False,strong_incomplete,1,2013;2014;2015;2016;2017;2018;2019;2020;2021,,,,,,gross_reference_minus_treasury,,,115208296.0,True,cap_is_gross,0.0,115208296.0,False,False,False,False,False,False,,,,,,,,,,,,False,incompleto,False,gross_reference_minus_treasury,False,False
2023,2023-06-30,DEXP3,02193750000152,9.46,False,nearest_year_2022,Petroquímicos e Borracha,False,False,True,True,False,2.720329242260676,True,True,True,False,False,False,reconstructed,7.0,2013;2014;2015,False,False,False,False,strong_incomplete,4,2013;2014;2015;2016;2017;2018,,,-51309.333333333336,153653.33333333334,True,gross_reference_minus_treasury,9.174814349162538,,93648154.0,True,cap_is_gross,365381.0,94013535.0,False,False,False,False,False,False,,,,,,,,,,,,False,incompleto,True,gross_reference_minus_treasury,False,False
2023,2023-06-30,DIRR3,16614075000100,19.65,False,nearest_year_2022,"Construção Civil, Mat. Constr. e Decoração",False,True,,,False,,,,,,,,reconstructed,,,,True,True,True,strong_10of10,10,,,,,,,gross_reference_minus_treasury,,,148985192.0,True,cap_is_gross,1014808.0,150000000.0,False,False,False,False,False,False,,,,,,,,,,,,False,incompleto,False,gross_reference_minus_treasury,False,False
2023,2023-06-30,DMVF3,12108897000150,4.7,False,missing,,,False,True,True,False,1.1997735285190634,False,False,True,,,,reconstructed,,,,False,False,False,strong_incomplete,0,2013;2014;2015;2016;2017;2018;2019;2020;2021;2022,,,,,True,gross_reference_minus_treasury,5.864062497681182,,50602842.0,True,cap_is_gross,0.0,50602842.0,,,False,False,False,False,,,,,,,,,,,,False,incompleto,True,gross_reference_minus_treasury,False,False
2023,2023-06-30,DOTZ3,18174270000184,1.6,False,missing,,,False,False,True,False,0.6931470443906554,False,False,True,,,,reconstructed,,,,False,False,False,strong_incomplete,0,2013;2014;2015;2016;2017;2018;2019;2020;2021;2022,,,,,,gross_reference_minus_treasury,,,132068352.0,True,cap_is_gross,0.0,132068352.0,,,False,False,False,False,,,,,,,,,,,,False,incompleto,False,gross_reference_minus_treasury,False,False
2023,2023-06-30,DXCO3,97837181000147,8.35,True,same_year,"Construção Civil, Mat. Constr. e Decoração",False,True,True,True,False,1.584694571383066,False,True,True,True,True,True,reconstructed,10.0,,True,True,True,True,strong_10of10,10,,True,1.6834624590634557,364588.6666666667,978360.0,True,gross_reference_minus_treasury,9.83881432885198,,791428246.0,False,cap_is_gross,29138000.0,820566246.0,False,True,False,True,True,True,0.0,1.0,1.0,0.0,1.0,1.0,1.6834624590634557,1.0,10.253153663059662,,1.6834624590634557,True,2013:2014;2014:2015;2015:2016;2020:2021;2021:2022;2022:2022,True,gross_reference_minus_treasury,False,True
2023,2023-06-30,EALT3,82643537000134,8.02,False,missing,,,False,False,True,False,0.9926446757669808,False,False,False,False,False,False,reconstructed,9.0,2016,False,True,True,True,strong_10of10,10,,True,5.11851254035262,5369.333333333333,32852.333333333336,True,gross_reference_minus_treasury,0.0409142327901285,,2250000.0,False,cap_is_gross,0.0,2250000.0,,,False,False,False,False,,,,,,,,,,,5.11851254035262,True,2013:2014;2014:2015;2015:2016;2020:2021;2021:2022;2022:2022,True,gross_reference_minus_treasury,False,False
2023,2023-06-30,ECOR3,04149454000180,6.5,True,same_year,Serviços Transporte e Logística,False,True,True,True,False,0.6261086193172987,False,False,False,False,False,False,reconstructed,7.0,2016;2019;2020,False,False,False,False,strong_incomplete,8,2020;2021,False,-0.8020391857152782,326241.3333333333,64583.0,False,gross_reference_minus_treasury,36.120291961499774,,695621224.0,True,cap_is_gross,713000.0,696334224.0,False,False,False,False,False,False,0.0,0.0,0.0,0.0,0.0,0.0,-0.8020391857152782,0.0,36.12026869900053,0.2107481055276727,-0.8020391857152782,False,2013:2014;2014:2015;2015:2016;2020:2021;2021:2022;2022:2022,False,gross_reference_minus_treasury,False,False
2023,2023-06-30,EGIE3,02474103000119,45.69,False,nearest_year_2022,Energia Elétrica,True,True,,,False,,,,,,,,reconstructed,,,,True,True,True,strong_10of10,10,,,,,,,gross_reference_minus_treasury,,,815927740.0,True,cap_is_gross,0.0,815927740.0,False,False,False,False,False,False,,,,,,,,,,,,False,incompleto,False,gross_reference_minus_treasury,False,False
2023,2023-06-30,ELET3,00001180000126,39.75,True,same_year,Energia Elétrica,True,True,True,True,False,1.876758054460828,False,True,True,False,False,False,reconstructed,6.0,2013;2014;2015;2017,False,False,True,False,strong_incomplete,8,2016;2018,,,-7919775.0,5206735.333333333,True,gross_reference_minus_treasury,18.840070586576964,,2188615250.0,False,cap_is_gross,7991000.0,2196606250.0,False,False,False,False,False,False,0.0,0.0,0.0,0.0,0.0,-1.0,,1.0,20.790380072697666,,,False,incompleto,True,gross_reference_minus_treasury,False,False
2023,2023-06-30,ELMD3,09347516000181,16.3,True,same_year,Comunicação e Informática,False,True,True,True,False,0.7401594805531734,False,False,False,,,,reconstructed,,,,False,False,False,strong_incomplete,2,2013;2014;2015;2016;2017;2018;2021;2022,,,,,False,gross_reference_minus_treasury,200.5625782482261,,138848939.0,True,cap_is_gross,1134814.0,139983753.0,False,False,False,False,False,False,0.0,0.0,0.0,0.0,0.0,-1.0,,0.0,200.5625782482261,0.6650605466973079,,False,incompleto,False,gross_reference_minus_treasury,False,False
2023,2023-06-30,EMBR3,07689002000189,18.54,True,same_year,"Máquinas, Equipamentos, Veículos e Peças",False,True,True,True,False,1.7893105416988548,False,True,False,False,False,False,reconstructed,5.0,2018;2019;2020;2021;2022,False,False,False,False,strong_incomplete,8,2021;2022,False,-3.668591523615257,605124.3333333334,-1614829.6666666667,,gross_reference_minus_treasury,,,734633044.0,True,cap_is_gross,5832000.0,740465044.0,False,False,False,False,False,False,0.0,0.0,0.0,0.0,0.0,0.0,-3.6685885836259726,-1.0,,,-3.6685885836259726,False,2013:2014;2014:2015;2015:2016;2020:2021;2021:2022;2022:2022,False,gross_reference_minus_treasury,False,False
2023,2023-06-30,ENAT3,11669021000110,13.74,True,same_year,Petróleo e Gás,False,True,True,True,False,1.721664558342421,False,True,True,True,True,True,reconstructed,10.0,,True,True,True,True,strong_10of10,10,,True,3.319197806647769,150637.0,650631.0,True,gross_reference_minus_treasury,8.31775928020221,,263475228.0,True,cap_is_gross,2331677.0,265806905.0,False,True,False,True,True,True,0.0,1.0,1.0,0.0,1.0,1.0,3.060691104268953,1.0,8.31775928020221,,3.0606995520919362,True,2013:2014;2014:2015;2015:2016;2020:2021;2021:2022;2022:2022,True,gross_reference_minus_treasury,False,True
2023,2023-06-30,ENBR3,03983431000103,23.62,True,same_year,Energia Elétrica,True,True,True,True,False,1.125866619464308,False,False,False,True,True,True,reconstructed,10.0,,True,True,True,True,strong_10of10,10,,True,0.9659903589040107,795068.6666666666,1563097.3333333333,True,gross_reference_minus_treasury,16.312467609537478,,565982268.0,True,cap_is_gross,15183000.0,581165268.0,False,False,False,False,False,False,0.0,0.0,1.0,0.0,1.0,1.0,0.9659907781550108,1.0,16.312436191122508,,0.9659903589040109,True,2013:2014;2014:2015;2015:2016;2020:2021;2021:2022;2022:2022,True,gross_reference_minus_treasury,False,False
2023,2023-06-30,ENEV3,04423567000121,12.27,True,same_year,Energia Elétrica,True,True,True,True,False,1.110767270229425,False,False,True,False,False,False,reconstructed,7.0,2013;2014;2016,False,False,False,False,strong_incomplete,0,2013;2014;2015;2016;2017;2018;2019;2020;2021;2022,,,-772333.0,852226.6666666666,False,gross_reference_minus_treasury,73.32557888373434,,1582204378.0,True,cap_is_gross,2368000.0,1584572378.0,False,False,False,False,False,False,0.0,0.0,0.0,0.0,0.0,-1.0,,0.0,73.32554384772271,0.4460590022672652,,False,incompleto,False,gross_reference_minus_treasury,False,False
2023,2023-06-30,ENGI3,00864214000106,14.57,False,missing,,,False,True,True,False,1.1133753954667265,False,False,False,,,,reconstructed,,,,True,True,True,strong_10of10,10,,,,,,False,gross_reference_minus_treasury,37.50778662671543,,2039086540.0,True,cap_is_gross,0.0,2039086540.0,,,False,False,False,False,,,,,,,,,,0.225483738171595,6.679977093587817,True,2013:2014;2014:2015;2015:2016;2020:2020;2021:2022;2022:2022,False,gross_reference_minus_treasury,False,False
2023,2023-06-30,ENJU3,16922038000151,1.35,False,nearest_year_2021,Comércio (Atacado e Varejo),False,False,False,True,False,8.316359570453539,True,True,True,,,,reconstructed,,,,False,False,False,strong_incomplete,0,2013;2014;2015;2016;2017;2018;2019;2020;2021;2022,,,,,,gross_reference_minus_treasury,,,200243184.0,True,cap_is_gross,0.0,200243184.0,False,False,False,False,False,False,,,,,,,,,,,,False,incompleto,False,gross_reference_minus_treasury,False,False
2023,2023-06-30,ENMT3,03467321000199,70.0,False,missing,,,False,True,True,False,1.107238006828343,False,False,False,False,False,False,reconstructed,9.0,2013,False,True,True,True,strong_10of10,10,,,,-77563.66666666667,1000688.3333333334,False,gross_reference_minus_treasury,63.65046268386247,,218941939.0,True,cap_is_gross,0.0,218941939.0,,,False,False,False,False,,,,,,,,,,0.4054471344875031,,False,incompleto,False,gross_reference_minus_treasury,False,False
2023,2023-06-30,EPAR3,42331462000131,12.47,False,missing,,,False,True,True,False,1.4802519295921746,False,False,False,False,False,False,reconstructed,7.0,2014;2017;2018,False,False,False,False,strong_incomplete,0,2013;2014;2015;2016;2017;2018;2019;2020;2021;2022,True,2.0029590436997844,17010.0,51080.333333333336,True,gross_reference_minus_treasury,4.711732230544413,,14860568.0,True,cap_is_gross,0.0,14860568.0,,,False,False,False,False,,,,,,,,,,,1.3911028585694671,True,2013:2014;2014:2015;2015:2016;2020:2021;2021:2022;2022:2022,True,gross_reference_minus_treasury,False,False
2023,2023-06-30,EQPA3,04895728000180,5.8,False,missing,,,False,True,True,False,1.3569441231319814,False,False,False,False,False,False,reconstructed,9.0,2013,False,False,False,False,strong_incomplete,7,2013;2014;2015,True,4.1840994194667145,212218.66666666663,1100162.6666666667,False,gross_reference_minus_treasury,36.49611296782585,,2209074007.0,True,cap_is_gross,0.0,2209074007.0,,,False,False,False,False,,,,,,,,,,0.2148223066322669,4.1840994194667145,True,2013:2014;2014:2015;2015:2016;2020:2021;2021:2022;2022:2022,False,gross_reference_minus_treasury,False,False
2023,2023-06-30,EQTL3,03220438000173,32.15,True,same_year,Energia Elétrica,True,True,True,True,False,0.9814229499939118,False,False,False,True,True,True,reconstructed,10.0,,True,True,True,True,strong_10of10,10,,True,4.309714662925984,504958.3333333333,2681184.6666666665,False,gross_reference_minus_treasury,57.74866234201789,,1129315455.0,True,cap_is_gross,0.0,1129315455.0,False,False,False,False,False,False,0.0,0.0,1.0,0.0,1.0,1.0,4.309714662925984,0.0,57.74866234201789,0.375804986939704,4.309714662925984,True,2013:2014;2014:2015;2015:2016;2020:2021;2021:2022;2022:2022,False,gross_reference_minus_treasury,False,False
2023,2023-06-30,ESPA3,26659061000159,1.82,False,nearest_year_2022,Serviços médicos,False,False,True,True,False,1.74011566193203,False,True,True,,,,reconstructed,,,,False,False,False,strong_incomplete,4,2013;2014;2015;2016;2017;2018,,,,,,gross_reference_minus_treasury,,,361423066.0,True,cap_is_gross,0.0,361423066.0,False,False,False,False,False,False,,,,,,,,,,,,False,incompleto,False,gross_reference_minus_treasury,False,False
2023,2023-06-30,EUCA3,56643018000166,16.0,False,nearest_year_2024,"Construção Civil, Mat. Constr. e Decoração",False,False,True,True,False,1.516628753488403,False,True,True,True,True,True,reconstructed,10.0,,True,True,True,True,strong_10of10,10,,True,5.545450959353699,42250.66666666666,276549.6666666667,True,gross_reference_minus_treasury,4.19793927688216,,92193256.0,True,cap_is_gross,426000.0,92619256.0,False,False,False,False,False,False,,,,,,,,,,,5.545450959353699,True,2013:2014;2014:2015;2015:2016;2020:2021;2021:2022;2022:2022,True,gross_reference_minus_treasury,False,False
2023,2023-06-30,EVEN3,43470988000165,6.81,True,same_year,"Construção Civil, Mat. Constr. e Decoração",False,True,True,True,False,2.4801140646320863,True,True,True,False,False,False,reconstructed,8.0,2017;2018,False,False,False,False,strong_incomplete,8,2018;2019,False,-0.4498196851086288,212221.3333333333,116760.0,True,gross_reference_minus_treasury,9.918809727431976,,206650824.0,True,cap_is_gross,5349176.0,212000000.0,False,False,False,False,False,False,0.0,0.0,0.0,0.0,0.0,0.0,-0.4498196851086288,1.0,9.918809727431976,,-0.4498196851086288,False,2013:2014;2014:2015;2015:2016;2020:2021;2021:2022;2022:2022,True,gross_reference_minus_treasury,False,False
2023,2023-06-30,EZTC3,08312229000173,18.42,False,nearest_year_2022,"Construção Civil, Mat. Constr. e Decoração",False,True,,,False,,,,,,,,reconstructed,,,,True,True,True,strong_10of10,10,,,,,,,gross_reference_minus_treasury,,,218125703.0,True,cap_is_gross,2863400.0,220989103.0,False,False,False,False,False,False,,,,,,,,,,,,False,incompleto,False,gross_reference_minus_treasury,False,False
2023,2023-06-30,FHER3,22266175000188,14.83,True,same_year,Petroquímicos e Borracha,False,True,True,True,False,1.508675845006095,False,True,True,False,False,False,reconstructed,4.0,2013;2015;2017;2018;2020;2022,False,False,False,False,strong_incomplete,0,2013;2014;2015;2016;2017;2018;2019;2020;2021;2022,,,-120636.0,105818.66666666669,,gross_reference_minus_treasury,,,53857284.0,True,cap_is_gross,0.0,53857284.0,False,False,False,False,False,False,0.0,0.0,0.0,0.0,0.0,-1.0,,-1.0,,,,False,incompleto,False,gross_reference_minus_treasury,False,False
2023,2023-06-30,FIEI3,07820907000146,15.0,False,missing,,,False,False,False,False,1.6898971925662316,False,True,True,False,False,False,reconstructed,0.0,2013;2014;2015;2016;2017;2018;2019;2020;2021;2022,False,False,False,False,strong_incomplete,1,2014;2015;2016;2017;2018;2019;2020;2021;2022,,,-34821.0,-9980.333333333334,,gross_reference_minus_treasury,,,2422153.0,True,cap_is_gross,0.0,2422153.0,,,False,False,False,False,,,,,,,,,,,,False,incompleto,False,gross_reference_minus_treasury,False,False
2023,2023-06-30,FIQE3,02255187000108,4.11,False,nearest_year_2022,Telecomunicações,False,False,True,True,False,1.847780077009718,False,True,True,,,,reconstructed,,,,False,False,False,strong_incomplete,3,2013;2014;2015;2016;2017;2018;2019,,,,,True,gross_reference_minus_treasury,16.21447713466876,,353049609.0,True,cap_is_gross,9000000.0,362049609.0,False,False,False,False,False,False,,,,,,,,,,,,False,incompleto,True,gross_reference_minus_treasury,False,False
2023,2023-06-30,FLRY3,60840055000131,16.05,True,same_year,Serviços médicos,False,True,True,True,False,1.9377167003609816,False,True,False,True,True,True,reconstructed,10.0,,True,True,True,True,strong_10of10,10,,True,2.597476090102561,84762.66666666667,304931.6666666667,False,gross_reference_minus_treasury,84.61064558821526,,520762580.0,False,cap_is_ex_treasury,366644.0,521129224.0,False,False,False,False,False,False,0.0,0.0,1.0,0.0,1.0,1.0,2.597476090102561,0.0,46.28655184980108,0.4843218208709537,2.597476090102561,True,2013:2014;2014:2015;2015:2016;2020:2021;2021:2022;2022:2022,False,gross_reference_minus_treasury,False,False
2023,2023-06-30,FRAS3,88610126000129,12.8,True,same_year,"Máquinas, Equipamentos, Veículos e Peças",False,True,True,True,False,2.655454075158388,True,True,True,True,True,True,reconstructed,10.0,,True,True,True,True,strong_10of10,10,,True,3.4068373700403907,45719.333333333336,201477.66666666663,False,gross_reference_minus_treasury,32.33038625761056,,267016343.0,True,cap_is_gross,3000000.0,270016343.0,False,False,False,False,False,False,0.0,0.0,1.0,0.0,1.0,1.0,3.4068373700403907,0.0,32.33030319666201,0.1657699830087713,3.4068373700403907,True,2013:2014;2014:2015;2015:2016;2020:2021;2021:2022;2022:2022,False,gross_reference_minus_treasury,False,False
2023,2023-06-30,FRIO3,04821041000108,45.02,False,missing,,,False,True,True,False,0.6812169659846065,False,False,False,False,False,False,reconstructed,2.0,2013;2014;2015;2017;2018;2020;2021;2022,False,False,False,False,strong_incomplete,0,2013;2014;2015;2016;2017;2018;2019;2020;2021;2022,,,-67559.66666666667,-141312.0,,gross_reference_minus_treasury,,,4106754.0,True,cap_is_gross,0.0,4106754.0,,,False,False,False,False,,,,,,,,,,,,False,incompleto,False,gross_reference_minus_treasury,False,False
2023,2023-06-30,GEPA3,02998301000181,25.7,False,missing,,,False,True,True,False,0.4239657081930901,False,False,True,False,False,False,reconstructed,9.0,2021,False,True,True,True,strong_10of10,10,,False,0.0561966708630579,295492.0,312097.6666666667,True,gross_reference_minus_treasury,12.938752043750558,,94433283.0,True,cap_is_gross,0.0,94433283.0,,,False,False,False,False,,,,,,,,,,,0.05619667086305791,False,2013:2014;2014:2015;2015:2016;2020:2021;2021:2022;2022:2022,True,gross_reference_minus_treasury,False,False
2023,2023-06-30,GFSA3,01545826000107,6.92,False,nearest_year_2021,"Construção Civil, Mat. Constr. e Decoração",False,True,True,True,False,2.1041281237641973,True,True,True,False,False,False,reconstructed,3.0,2014;2016;2017;2018;2019;2020;2022,False,False,False,False,strong_incomplete,5,2018;2019;2020;2021;2022,False,-1.0872203375130511,299781.0,-26147.0,,gross_reference_minus_treasury,,,337412727.0,False,cap_is_ex_treasury,33000.0,337445727.0,False,False,False,False,False,False,,,,,,,,,,,-1.0872203375130511,False,2013:2014;2014:2015;2015:2016;2020:2021;2021:2022;2022:2022,False,gross_reference_minus_treasury,False,False
2023,2023-06-30,GGBR3,33611500000119,22.6,True,same_year,Metalurgia e Siderurgia,False,True,True,True,False,2.321800106532321,True,True,True,False,False,False,reconstructed,7.0,2015;2016;2017,False,True,True,True,strong_10of10,10,,,,-521611.3333333333,9761795.333333334,True,gross_reference_minus_treasury,2.965597888389403,,1749090403.0,True,cap_is_gross,7976647.0,1757067050.0,False,False,False,False,False,False,0.0,0.0,0.0,0.0,1.0,-1.0,,1.0,2.965597888389403,,,False,incompleto,True,gross_reference_minus_treasury,False,False
2023,2023-06-30,GGPS3,09229201000130,16.89,False,nearest_year_2022,Sem Setor Principal,False,True,,,False,,,,,,,,reconstructed,,,,False,False,False,strong_incomplete,2,2013;2014;2015;2016;2017;2018;2019;2022,,,,,,gross_reference_minus_treasury,,,672170267.0,True,cap_is_gross,0.0,672170267.0,False,False,False,False,False,False,,,,,,,,,,,,False,incompleto,False,gross_reference_minus_treasury,False,False
2023,2023-06-30,GMAT3,24990777000109,7.92,False,nearest_year_2022,Comércio (Atacado e Varejo),False,True,,,False,,,,,,,,reconstructed,,,,False,False,False,strong_incomplete,0,2013;2014;2015;2016;2017;2018;2019;2020;2021;2022,,,,,,gross_reference_minus_treasury,,,2209346079.0,True,cap_is_gross,0.0,2209346079.0,False,False,False,False,False,False,,,,,,,,,,,,False,incompleto,False,gross_reference_minus_treasury,False,False
2023,2023-06-30,GOAU3,92690783000109,11.59,True,same_year,Metalurgia e Siderurgia,False,True,True,True,False,2.387735970145847,True,True,True,False,False,False,reconstructed,7.0,2015;2016;2017,False,True,True,True,strong_10of10,10,,,,-540595.0,3226968.333333333,True,gross_reference_minus_treasury,2.3247192470599383,,1032705804.0,True,cap_is_gross,1135000.0,1033840804.0,False,False,False,False,False,False,0.0,0.0,0.0,0.0,0.0,-1.0,,1.0,2.3247192470599383,,,False,incompleto,True,gross_reference_minus_treasury,False,False
2023,2023-06-30,GRND3,89850341000160,7.48,True,same_year,Têxtil e Vestuário,False,True,True,True,False,7.275728526573541,True,True,True,True,True,True,reconstructed,10.0,,True,True,True,True,strong_10of10,10,,False,0.0672749349664103,491669.0,524746.0,True,gross_reference_minus_treasury,18.369637436728997,,902157000.0,True,cap_is_gross,3000.0,902160000.0,False,False,False,False,False,False,0.0,0.0,1.0,0.0,1.0,0.0,0.0672749349664103,1.0,18.369637436728997,,0.06727493496641035,False,2013:2014;2014:2015;2015:2016;2020:2021;2021:2022;2022:2022,True,gross_reference_minus_treasury,False,False
2023,2023-06-30,GUAR3,08402943000152,7.72,True,same_year,Têxtil e Vestuário,False,True,True,True,False,1.617714910737685,False,True,True,False,False,False,reconstructed,9.0,2020,False,True,True,True,strong_10of10,10,,False,-0.6179146524647277,416969.6666666667,159318.0,False,gross_reference_minus_treasury,54.2878188291088,,499197440.0,True,cap_is_gross,2560.0,499200000.0,False,False,False,False,False,False,0.0,0.0,0.0,0.0,1.0,0.0,-0.6179146524647277,0.0,54.2878188291088,0.3562161724948567,-0.6179146524647277,False,2013:2014;2014:2015;2015:2016;2020:2021;2021:2022;2022:2022,False,gross_reference_minus_treasury,False,False
2023,2023-06-30,HAGA3,30540991000166,3.21,False,missing,,,False,True,True,False,1.716516736115062,False,True,False,False,False,False,reconstructed,9.0,2017,False,False,False,False,strong_incomplete,0,2013;2014;2015;2016;2017;2018;2019;2020;2021;2022,True,0.7236794129567887,3702532.6666666665,6381979.333333333,,gross_reference_minus_treasury,,,11900000.0,True,cap_is_gross,0.0,11900000.0,,,False,False,False,False,,,,,,,,,,,0.7236794129567887,True,2013:2014;2014:2015;2015:2016;2020:2021;2021:2022;2022:2022,False,gross_reference_minus_treasury,False,False
2023,2023-06-30,HAPV3,05197443000138,4.38,True,same_year,Serviços médicos,False,True,True,True,False,1.0611914469481338,False,False,True,,,,reconstructed,,,,False,False,False,strong_incomplete,6,2013;2014;2015;2016,,,,,,gross_upper_bound,,,7144255743.0,False,no_itr_composition,,7144255743.0,False,False,False,False,False,False,0.0,0.0,0.0,0.0,-1.0,-1.0,,-1.0,,,,False,incompleto,False,gross_upper_bound,False,False
2023,2023-06-30,HBOR3,49263189000102,3.63,False,nearest_year_2021,"Construção Civil, Mat. Constr. e Decoração",False,True,True,True,False,3.036224316659529,True,True,True,False,False,False,reconstructed,6.0,2016;2017;2018;2019,False,False,False,False,strong_incomplete,7,2018;2019;2020,False,-0.6941504168729475,194583.66666666663,59513.333333333336,True,gross_reference_minus_treasury,3.312023699993947,,132694072.0,True,cap_is_gross,1157000.0,133851072.0,False,False,False,False,False,False,,,,,,,,,,,-0.6941504168729475,False,2013:2014;2014:2015;2015:2016;2020:2021;2021:2022;2022:2022,True,gross_reference_minus_treasury,False,False
2023,2023-06-30,HBRE3,14785152000151,5.62,False,nearest_year_2024,"Construção Civil, Mat. Constr. e Decoração",False,False,False,True,False,1.1950928764595663,False,False,True,,,,reconstructed,,,,False,False,False,strong_incomplete,0,2013;2014;2015;2016;2017;2018;2019;2020;2021;2022,,,,,True,gross_reference_minus_treasury,2.7662923020080057,,103188981.0,True,cap_is_gross,0.0,103188981.0,False,False,False,False,False,False,,,,,,,,,,,,False,incompleto,True,gross_reference_minus_treasury,False,False
2023,2023-06-30,HBSA3,12648327000153,3.18,True,same_year,Serviços Transporte e Logística,False,True,True,True,False,1.8624924524976816,False,True,False,False,False,False,reconstructed,3.0,2013;2014;2015;2016;2020;2021;2022,False,False,False,False,strong_incomplete,3,2013;2014;2015;2016;2017;2018;2022,,,-35106.666666666664,-150946.66666666666,,gross_reference_minus_treasury,,,760382643.0,True,cap_is_gross,0.0,760382643.0,False,False,False,False,False,False,0.0,0.0,0.0,0.0,0.0,-1.0,,-1.0,,,,False,incompleto,False,gross_reference_minus_treasury,False,False
2023,2023-06-30,HYPE3,02932074000191,46.01,True,same_year,Farmacêutico e Higiene,False,True,True,True,False,1.632498238342921,False,True,False,True,True,True,reconstructed,10.0,,True,False,True,False,strong_incomplete,9,2015,True,2.5447059720870118,406429.6666666667,1440673.6666666667,False,gross_reference_minus_treasury,46.92565285094937,,632766400.0,True,cap_is_gross,654423.0,633420823.0,False,False,False,False,False,False,0.0,0.0,1.0,0.0,0.0,1.0,2.5447059720870118,0.0,46.92565285094937,0.307553702667521,2.5447059720870113,True,2013:2014;2014:2015;2015:2016;2020:2021;2021:2022;2022:2022,False,gross_reference_minus_treasury,False,False
2023,2023-06-30,IFCM3,38456921000136,1.71,False,nearest_year_2022,Comércio (Atacado e Varejo),False,False,True,True,False,0.9918939363065176,False,False,True,,,,reconstructed,,,,False,False,False,strong_incomplete,0,2013;2014;2015;2016;2017;2018;2019;2020;2021;2022,,,,,,gross_reference_minus_treasury,,,386660978.0,False,cap_is_gross,0.0,386660978.0,False,False,False,False,False,False,,,,,,,,,,,,False,incompleto,False,gross_reference_minus_treasury,False,False
2023,2023-06-30,IGTI3,60543816000193,2.83,False,missing,,,False,True,True,False,1.2747012544735707,False,False,True,False,False,False,reconstructed,8.0,2014;2015,False,False,True,False,strong_incomplete,9,2016,,,-95508.0,107697.33333333331,False,gross_reference_minus_treasury,392.90322768035145,,1232779065.0,True,cap_is_gross,327845.0,1233106910.0,,,False,False,False,False,,,,,,,,,,0.7606968249707202,,False,incompleto,False,gross_reference_minus_treasury,False,False
2023,2023-06-30,INEP3,76627504000106,5.1,False,missing,,,True,False,True,False,0.0897950876741969,False,False,True,False,False,False,reconstructed,1.0,2013;2014;2015;2016;2017;2018;2019;2020;2022,False,False,False,False,strong_incomplete,1,2013;2014;2015;2016;2017;2018;2020;2021;2022,,,-377497.3333333333,130120.0,,gross_reference_minus_treasury,,,177565820.0,False,cap_is_gross,0.0,177565820.0,,,False,False,False,False,,,,,,,,,,,,False,incompleto,False,gross_reference_minus_treasury,False,False
2023,2023-06-30,INTB3,82901000000127,25.89,True,same_year,Comércio (Atacado e Varejo),False,True,True,True,False,2.188389391516351,True,True,True,,,,reconstructed,,,,False,False,False,strong_incomplete,4,2013;2014;2015;2016;2017;2018,,,,,,gross_above_limit_needs_review,67.1423202838078,,327611110.0,False,invalid_itr_composition,,327611110.0,False,False,False,False,False,False,0.0,0.0,-1.0,0.0,-1.0,-1.0,,0.0,67.1423202838078,0.4211139469336455,,False,incompleto,False,gross_above_limit_needs_review,False,False
2023,2023-06-30,IRBR3,33376989000191,43.55,False,missing,,,True,True,True,False,0.7816760692928671,False,False,False,,,,reconstructed,,,,False,False,False,strong_incomplete,7,2013;2014;2015,,,,,,gross_upper_bound,,,82263012.0,False,no_itr_composition,,82263012.0,,,False,False,False,False,,,,,,,,,,,,False,incompleto,False,gross_upper_bound,False,False
2023,2023-06-30,ITSA3,61532644000115,9.74,False,nearest_year_2020,Sem Setor Principal,False,True,True,True,False,1.588802826470988,False,True,True,True,True,True,reconstructed,10.0,,True,True,True,True,strong_10of10,10,,True,0.4650531654580236,7492333.333333333,10976666.666666666,True,gross_reference_minus_treasury,8.969713027114581,,9701409715.0,True,cap_is_gross,0.0,9701409715.0,False,True,False,True,True,True,,,,,,,,,,,0.46505316545802367,True,2013:2014;2014:2015;2015:2016;2020:2021;2021:2022;2022:2022,True,gross_reference_minus_treasury,False,True
2023,2023-06-30,ITUB3,60872504000123,24.52,False,missing,,,True,True,True,False,,,,True,True,True,True,reconstructed,10.0,,True,True,True,True,strong_10of10,10,,,,0.0,0.0,,gross_reference_minus_treasury,,,9799579348.0,True,cap_is_gross,4556000.0,9804135348.0,,,False,False,False,False,,,,,,,,,,,,False,incompleto,False,gross_reference_minus_treasury,False,False
2023,2023-06-30,JALL3,02635522000195,7.52,False,missing,,,True,True,True,False,2.712551866938037,True,True,False,,,,reconstructed,,,,False,False,False,strong_incomplete,3,2013;2014;2015;2016;2017;2018;2019,,,,,True,gross_upper_bound_safe_pass,8.824550563768499,,289935249.0,False,no_itr_composition,,289935249.0,,,False,False,False,False,,,,,,,,,,,,False,incompleto,True,gross_upper_bound_safe_pass,False,False
2023,2023-06-30,JBSS3,49115815000105,17.46,True,same_year,Alimentos,False,True,,,False,,,,,,,True,legacy_earnings_fallback,,,,False,False,True,legacy_f4_fallback,0,2013;2014;2015;2016;2017;2018;2019;2020;2021;2022,,,,,,,,,,False,no_itr_composition,,,False,False,False,False,False,False,0.0,0.0,1.0,0.0,1.0,1.0,4.332510317402591,1.0,2.09369476085054,,,False,incompleto,False,,False,False
2023,2023-06-30,JHSF3,08294224000165,5.09,True,same_year,"Construção Civil, Mat. Constr. e Decoração",False,True,True,True,False,4.207241285789929,True,True,True,False,False,False,reconstructed,8.0,2016;2017,False,False,True,False,strong_incomplete,7,2016;2017;2018,True,3.8718849547081264,152566.0,743284.0,True,gross_reference_minus_treasury,4.176177508363215,,677920515.0,True,cap_is_gross,1408026.0,679328541.0,False,False,False,False,False,False,0.0,0.0,0.0,0.0,0.0,1.0,3.8265122906562894,1.0,3.9318374286755295,,3.816330855717089,True,2013:2014;2014:2015;2015:2016;2020:2021;2021:2022;2022:2022,True,gross_reference_minus_treasury,False,False
2023,2023-06-30,JSLG3,52548435000179,8.85,True,same_year,Serviços Transporte e Logística,False,True,True,True,False,1.3683775620636296,False,False,False,False,False,False,reconstructed,9.0,2016,False,True,True,True,strong_10of10,10,,True,2.0337423457039603,70929.66666666667,215182.3333333333,False,gross_reference_minus_treasury,23.115397214998428,,284527006.0,True,cap_is_gross,1904072.0,286431078.0,False,False,False,False,False,False,0.0,0.0,0.0,0.0,0.0,1.0,2.0337423457039603,0.0,23.097443965612896,0.0134012095772769,2.0337423457039603,True,2013:2014;2014:2015;2015:2016;2020:2021;2021:2022;2022:2022,False,gross_reference_minus_treasury,False,False
2023,2023-06-30,KEPL3,91983056000169,9.46,False,nearest_year_2022,Metalurgia e Siderurgia,False,True,True,True,False,1.5892429605974547,False,True,True,False,False,False,reconstructed,8.0,2016;2017,False,False,True,False,strong_incomplete,9,2018,True,2.0084370134166427,67006.33333333333,201584.3333333333,True,gross_reference_minus_treasury,12.578676298571173,,179188130.0,False,cap_is_ex_treasury,532000.0,179720130.0,False,False,False,False,False,False,,,,,,,,,,,2.0084370134166427,True,2013:2014;2014:2015;2015:2016;2020:2021;2021:2022;2022:2022,True,gross_reference_minus_treasury,False,False
2023,2023-06-30,KLBN3,89637490000145,4.37,True,same_year,Papel e Celulose,False,True,True,True,False,1.935080125353039,False,True,False,,,,reconstructed,,,,False,False,True,legacy_f4_fallback,9,2021,,,,,True,gross_reference_minus_treasury,13.554690238450927,,5501851541.0,True,cap_is_gross,116041215.0,5617892756.0,False,False,False,False,False,False,0.0,0.0,0.0,0.0,1.0,-1.0,,1.0,12.88882239922408,,,False,incompleto,True,gross_reference_minus_treasury,False,False
2023,2023-06-30,KRSA3,13270520000166,0.93,False,missing,,,False,True,True,False,2.1028303177693326,True,True,False,,,,reconstructed,,,,False,False,False,strong_incomplete,2,2013;2014;2015;2016;2017;2018;2019;2020,,,,,,gross_reference_minus_treasury,,,767954067.0,True,cap_is_gross,5394000.0,773348067.0,,,False,False,False,False,,,,,,,,,,,,False,incompleto,False,gross_reference_minus_treasury,False,False
2023,2023-06-30,LAND3,40337136000106,24.44,False,missing,,,False,False,True,False,0.5130476867765004,False,False,True,,,,reconstructed,,,,False,False,False,strong_incomplete,1,2013;2014;2015;2016;2017;2018;2019;2020;2021,,,,,False,gross_reference_minus_treasury,51.28336586561396,,96206962.0,True,cap_is_gross,20000.0,96226962.0,,,False,False,False,False,,,,,,,,,,0.337626424738795,,False,incompleto,False,gross_reference_minus_treasury,False,False
2023,2023-06-30,LAVV3,26462693000128,7.06,True,same_year,"Construção Civil, Mat. Constr. e Decoração",False,True,True,True,False,4.532755931859057,True,True,True,,,,reconstructed,,,,False,False,False,strong_incomplete,4,2013;2014;2015;2016;2017;2018,,,,,True,gross_reference_minus_treasury,15.422921158304904,,204091252.0,False,cap_is_ex_treasury,4100000.0,208191252.0,False,False,False,False,False,False,0.0,0.0,-1.0,0.0,0.0,-1.0,,1.0,14.142287605316833,,,False,incompleto,True,gross_reference_minus_treasury,False,False
2023,2023-06-30,LEVE3,60476884000187,46.54,True,same_year,"Máquinas, Equipamentos, Veículos e Peças",False,True,True,True,False,1.847752007213748,False,True,True,True,True,True,reconstructed,10.0,,True,True,True,True,strong_10of10,10,,True,1.0579796302392197,203537.0,418875.0,False,gross_reference_minus_treasury,39.76056990871917,,128308500.0,True,cap_is_gross,0.0,128308500.0,False,False,False,False,False,False,0.0,0.0,1.0,0.0,1.0,1.0,1.0579796302392197,0.0,39.76056990871917,0.2477452153932952,1.0579796302392195,True,2013:2014;2014:2015;2015:2016;2020:2021;2021:2022;2022:2022,False,gross_reference_minus_treasury,False,False
2023,2023-06-30,LJQQ3,96418264021802,6.09,True,same_year,Comércio (Atacado e Varejo),False,True,True,True,False,1.8911780164374388,False,True,True,,,,reconstructed,,,,False,False,False,strong_incomplete,3,2013;2014;2015;2016;2017;2018;2019,,,,,,gross_reference_minus_treasury,,,187290269.0,True,cap_is_gross,0.0,187290269.0,False,False,False,False,False,False,0.0,0.0,0.0,0.0,0.0,-1.0,,-1.0,,,,False,incompleto,False,gross_reference_minus_treasury,False,False
2023,2023-06-30,LOGG3,09041168000110,23.39,True,same_year,"Construção Civil, Mat. Constr. e Decoração",False,True,False,True,False,1.3513817175947254,False,False,True,True,True,True,reconstructed,10.0,,True,True,True,True,strong_10of10,10,,True,1.794290192356326,106763.66666666669,298328.6666666667,True,gross_reference_minus_treasury,3.945828377468468,,99907154.0,True,cap_is_gross,2252000.0,102159154.0,False,False,False,True,False,True,0.0,0.0,1.0,0.0,1.0,1.0,1.794290192356326,1.0,3.94581621303224,,1.7942901923563261,True,2013:2014;2014:2015;2015:2016;2020:2021;2021:2022;2022:2022,True,gross_reference_minus_treasury,False,False
2023,2023-06-30,LOGN3,42278291000124,51.32,True,same_year,Serviços Transporte e Logística,False,True,True,True,False,1.56888830076603,False,True,True,False,False,False,reconstructed,7.0,2014;2015;2017,False,False,False,False,strong_incomplete,0,2013;2014;2015;2016;2017;2018;2019;2020;2021;2022,,,-150964.66666666666,172381.0,False,gross_reference_minus_treasury,82.8579019039936,,105840046.0,True,cap_is_gross,1218772.0,107058818.0,False,False,False,False,False,False,0.0,0.0,0.0,0.0,0.0,-1.0,,0.0,81.94896092877589,0.4788961365526616,,False,incompleto,False,gross_reference_minus_treasury,False,False
2023,2023-06-30,LPSB3,08078847000109,2.65,False,missing,,,False,False,True,False,1.4737794656499874,False,False,True,False,False,False,reconstructed,4.0,2014;2015;2016;2017;2018;2019,False,False,False,False,strong_incomplete,5,2017;2018;2019;2020;2021,,,-70312.66666666667,16874.0,False,gross_reference_minus_treasury,58.098823515290455,,137287631.0,True,cap_is_gross,10267000.0,147554631.0,,,False,False,False,False,,,,,,,,,,0.3776888390496083,,False,incompleto,False,gross_reference_minus_treasury,False,False
2023,2023-06-30,LREN3,92754738000162,20.0,True,same_year,Comércio (Atacado e Varejo),False,True,True,True,False,1.863339204368404,False,True,True,True,True,True,reconstructed,10.0,,True,True,True,True,strong_10of10,10,,True,1.072555228852779,485887.3333333333,1007028.3333333334,False,gross_reference_minus_treasury,28.03218099455747,,955590993.0,True,cap_is_gross,7636000.0,963226993.0,False,False,False,False,False,False,0.0,0.0,0.0,0.0,1.0,1.0,2.4376450802435987,0.0,28.03218140524629,0.1040932374873543,1.0725552288527793,True,2013:2014;2014:2015;2015:2016;2020:2021;2021:2022;2022:2022,False,gross_reference_minus_treasury,False,False
2023,2023-06-30,LUPA3,89463822000112,3.16,False,missing,,,False,False,True,False,1.527922461019806,False,True,True,False,False,False,reconstructed,3.0,2013;2014;2015;2017;2018;2019;2021,False,False,False,False,strong_incomplete,0,2013;2014;2015;2016;2017;2018;2019;2020;2021;2022,,,-361644.6666666667,11368.0,True,gross_reference_minus_treasury,1.0113968489363516,,32297168.0,False,cap_is_gross,0.0,32297168.0,,,False,False,False,False,,,,,,,,,,,,False,incompleto,True,gross_reference_minus_treasury,False,False
2023,2023-06-30,LWSA3,02351877000152,8.58,True,same_year,Comunicação e Informática,False,True,True,True,False,1.9749569280450292,False,True,True,,,,reconstructed,,,,False,False,False,strong_incomplete,4,2013;2014;2015;2016;2017;2022,,,,,False,gross_reference_minus_treasury,285.2174152915435,,591041626.0,True,cap_is_gross,3048472.0,594090098.0,False,False,False,False,False,False,0.0,0.0,0.0,0.0,0.0,-1.0,,0.0,285.2174152915435,0.7191313679183373,,False,incompleto,False,gross_reference_minus_treasury,False,False
2023,2023-06-30,MATD3,16676520000159,10.66,False,nearest_year_2024,Serviços médicos,False,True,True,True,False,2.616287015174784,True,True,True,,,,reconstructed,,,,False,False,False,strong_incomplete,3,2013;2014;2015;2016;2017;2018;2019,,,,,False,gross_reference_minus_treasury,99.06874409044892,,382043421.0,True,cap_is_gross,286400.0,382329821.0,False,False,False,False,False,False,,,,,,,,,,0.5234341366983432,,False,incompleto,False,gross_reference_minus_treasury,False,False
2023,2023-06-30,MBLY3,31553627000101,4.53,False,missing,,,True,True,True,False,2.848712345382114,True,True,True,,,,reconstructed,,,,False,False,False,strong_incomplete,0,2013;2014;2015;2016;2017;2018;2019;2020;2021;2022,,,,,,gross_reference_minus_treasury,,,106489904.0,True,cap_is_gross,0.0,106489904.0,,,False,False,False,False,,,,,,,,,,,,False,incompleto,False,gross_reference_minus_treasury,False,False
2023,2023-06-30,MDIA3,07206816000115,42.57,False,nearest_year_2022,Alimentos,False,True,,,False,,,,,,,,reconstructed,,,,True,True,True,strong_10of10,10,,,,,,,gross_reference_minus_treasury,,,336180854.0,True,cap_is_gross,2819146.0,339000000.0,False,False,False,False,False,False,,,,,,,,,,,,False,incompleto,False,gross_reference_minus_treasury,False,False
2023,2023-06-30,MDNE3,12049631000184,9.19,True,same_year,"Construção Civil, Mat. Constr. e Decoração",False,True,True,True,False,2.781250979531705,True,True,True,False,False,False,reconstructed,6.0,2016;2018;2019;2020,False,False,False,False,strong_incomplete,0,2013;2014;2015;2016;2017;2018;2019;2020;2021;2022,False,-0.5701014249871644,68819.33333333333,29585.33333333333,True,gross_reference_minus_treasury,4.653838312384504,,83048875.0,True,cap_is_gross,1860500.0,84909375.0,False,False,False,False,False,False,0.0,0.0,0.0,0.0,0.0,0.0,-0.5718888674512831,1.0,4.653838312384504,,-0.5718888674512831,False,2013:2014;2014:2015;2015:2016;2020:2021;2021:2022;2022:2022,True,gross_reference_minus_treasury,False,False
2023,2023-06-30,MEAL3,17314329000120,2.58,True,same_year,Alimentos,False,True,True,True,False,0.9252726995054852,False,False,True,False,False,False,reconstructed,4.0,2014;2015;2016;2019;2020;2021,False,False,False,False,strong_incomplete,6,2016;2017;2021;2022,,,-26957.33333333333,-160452.66666666666,True,gross_reference_minus_treasury,6.600054754114741,,285443030.0,True,cap_is_gross,926500.0,286369530.0,False,False,False,False,False,False,0.0,0.0,0.0,0.0,0.0,-1.0,,1.0,6.600054754114741,,,False,incompleto,True,gross_reference_minus_treasury,False,False
2023,2023-06-30,MEGA3,42500384000151,11.3,False,missing,,,True,,,False,,,,,,,,reconstructed,,,,False,False,False,strong_incomplete,0,2013;2014;2015;2016;2017;2018;2019;2020;2021;2022,,,,,,gross_reference_minus_treasury,,,622730556.0,True,cap_is_gross,0.0,622730556.0,,,False,False,False,False,,,,,,,,,,,,False,incompleto,False,gross_reference_minus_treasury,False,False
2023,2023-06-30,MELK3,12181987000177,4.25,False,nearest_year_2021,"Construção Civil, Mat. Constr. e Decoração",False,False,,,False,,,,,,,,reconstructed,,,,False,False,False,strong_incomplete,4,2013;2014;2015;2016;2017;2018,,,,,,gross_reference_minus_treasury,,,203884441.0,True,cap_is_gross,4084900.0,207969341.0,False,False,False,False,False,False,,,,,,,,,,,,False,incompleto,False,gross_reference_minus_treasury,False,False
2023,2023-06-30,MGLU3,47960950000121,3.37,True,same_year,Comércio (Atacado e Varejo),False,True,True,True,False,1.4790161751643724,False,False,True,False,False,False,reconstructed,8.0,2015;2022,False,True,True,True,strong_10of10,10,,True,1.7347997533336723,58919.0,161131.66666666666,,gross_reference_minus_treasury,,,6677393137.0,True,cap_is_gross,71533711.0,6748926848.0,False,False,False,False,False,False,0.0,0.0,0.0,0.0,0.0,1.0,1.7347997533336723,-1.0,,,1.7347997533336725,True,2013:2014;2014:2015;2015:2016;2020:2021;2021:2022;2022:2022,False,gross_reference_minus_treasury,False,False
2023,2023-06-30,MILS3,27093558000115,11.27,True,same_year,Serviços Transporte e Logística,False,True,True,True,False,2.8350702397770364,True,True,True,False,False,False,reconstructed,4.0,2015;2016;2017;2018;2019;2020,False,False,False,False,strong_incomplete,6,2017;2018;2019;2020,True,1.259839348765632,46353.0,104750.33333333331,False,gross_reference_minus_treasury,27.495745283336404,,240807856.0,True,cap_is_gross,5501000.0,246308856.0,False,False,False,False,False,False,0.0,0.0,0.0,0.0,0.0,-1.0,,0.0,27.49577816755016,0.0953959847638169,1.2598393487656319,True,2013:2014;2014:2015;2015:2016;2020:2021;2021:2022;2022:2022,False,gross_reference_minus_treasury,False,False
2023,2023-06-30,MLAS3,59717553000102,2.49,True,same_year,Comunicação e Informática,False,True,True,True,False,2.5064031626292147,True,True,True,,,,reconstructed,,,,False,False,False,strong_incomplete,4,2013;2014;2015;2016;2018;2019,,,,,True,gross_reference_minus_treasury,11.227461793590331,,812647340.0,True,cap_is_gross,7891885.0,820539225.0,False,False,False,False,False,False,0.0,0.0,-1.0,0.0,-1.0,-1.0,,1.0,11.227461793590331,,,False,incompleto,True,gross_reference_minus_treasury,False,False
2023,2023-06-30,MNDL3,88610191000154,56.05,False,missing,,,False,True,True,False,0.7627410146204733,False,False,False,False,False,False,reconstructed,3.0,2014;2015;2016;2017;2019;2020;2021,False,False,False,False,strong_incomplete,0,2013;2014;2015;2016;2017;2018;2019;2020;2021;2022,,,-25441.33333333333,100130.0,True,gross_reference_minus_treasury,0.1381744879206642,,2479480.0,True,cap_is_gross,780.0,2480260.0,,,False,False,False,False,,,,,,,,,,,,False,incompleto,True,gross_reference_minus_treasury,False,False
2023,2023-06-30,MNPR3,90076886000140,12.2,False,missing,,,False,False,True,False,0.3009175467619102,False,False,True,False,False,False,reconstructed,3.0,2013;2014;2015;2016;2017;2018;2019,False,False,False,False,strong_incomplete,0,2013;2014;2015;2016;2017;2018;2019;2020;2021;2022,,,-23391.33333333333,18953.666666666668,,gross_reference_minus_treasury,,,7100100.0,True,cap_is_gross,0.0,7100100.0,,,False,False,False,False,,,,,,,,,,,,False,incompleto,False,gross_reference_minus_treasury,False,False
2023,2023-06-30,MOAR3,33102476000192,420.51,False,missing,,,False,False,True,False,2.9360750702937093,True,True,True,False,False,False,reconstructed,9.0,2020,False,True,True,True,strong_10of10,10,,True,1.103930090312093,128775.66666666669,270935.0,False,gross_reference_minus_treasury,112.84361926162636,,12251221.0,True,cap_is_gross,0.0,12251221.0,,,False,False,False,False,,,,,,,,,,0.5534678270328224,1.103930090312093,True,2013:2014;2014:2015;2015:2016;2020:2021;2021:2022;2022:2022,False,gross_reference_minus_treasury,False,False
2023,2023-06-30,MODL3,30723886000162,3.08,False,missing,,,True,True,True,False,,,,,,,,reconstructed,,,,False,False,False,strong_incomplete,2,2013;2014;2015;2016;2017;2018;2019;2020,,,,,,gross_reference_minus_treasury,,,685529155.0,True,cap_is_gross,18670845.0,704200000.0,,,False,False,False,False,,,,,,,,,,,,False,incompleto,False,gross_reference_minus_treasury,False,False
2023,2023-06-30,MOVI3,21314559000166,10.53,False,nearest_year_2022,Serviços Transporte e Logística,False,True,,,False,,,,,,,,reconstructed,,,,False,False,False,strong_incomplete,7,2013;2014;2015,,,,,,gross_reference_minus_treasury,,,361648991.0,True,cap_is_gross,653095.0,362302086.0,False,False,False,False,False,False,,,,,,,,,,,,False,incompleto,False,gross_reference_minus_treasury,False,False
2023,2023-06-30,MRFG3,03853896000140,7.27,False,nearest_year_2022,Alimentos,False,True,True,True,False,1.2517900040029113,False,False,False,False,False,False,reconstructed,5.0,2013;2014;2015;2016;2017,False,False,False,False,strong_incomplete,3,2014;2015;2016;2017;2018;2019;2020,,,-746362.3333333334,3936526.3333333335,True,gross_reference_minus_treasury,1.0398436347932871,,675650905.0,False,cap_is_ex_treasury,15719008.0,691369913.0,False,False,False,False,False,False,,,,,,,,,,,,False,incompleto,True,gross_reference_minus_treasury,False,False
2023,2023-06-30,MRVE3,08343492000120,11.57,False,nearest_year_2024,"Construção Civil, Mat. Constr. e Decoração",False,True,,,False,,,,,,,,reconstructed,,,,True,True,True,strong_10of10,10,,,,,,,gross_upper_bound,,,483783557.0,False,no_itr_composition,,483783557.0,False,False,False,False,False,False,,,,,,,,,,,,False,incompleto,False,gross_upper_bound,False,False
2023,2023-06-30,MTRE3,07882930000165,6.98,True,same_year,"Construção Civil, Mat. Constr. e Decoração",False,True,True,True,False,2.836429130239942,True,True,True,,,,reconstructed,,,,False,False,False,strong_incomplete,5,2013;2014;2015;2016;2017,,,,,True,gross_reference_minus_treasury,15.73649480478324,,105774820.0,True,cap_is_gross,0.0,105774820.0,False,False,False,False,False,False,0.0,0.0,0.0,0.0,0.0,-1.0,,1.0,15.73649480478324,,,False,incompleto,True,gross_reference_minus_treasury,False,False
2023,2023-06-30,MULT3,07816890000153,27.67,True,same_year,"Construção Civil, Mat. Constr. e Decoração",False,True,True,True,False,1.373883535624942,False,False,True,True,True,True,reconstructed,10.0,,True,True,True,True,strong_10of10,10,,True,1.148246355761006,339417.0,729151.3333333334,,gross_above_limit_needs_review,54.58640007995393,,600760875.0,False,no_itr_composition,,600760875.0,False,False,False,False,False,False,0.0,0.0,1.0,0.0,1.0,1.0,1.154637214586899,0.0,51.79621026927676,0.3579792981018201,1.1482463557610059,True,2013:2014;2014:2015;2015:2016;2020:2021;2021:2022;2022:2022,False,"manual_fail: 15.478.895 ações em tesouraria; produto permanece >22,5",False,False
2023,2023-06-30,MYPK3,61156113000175,12.49,True,same_year,"Máquinas, Equipamentos, Veículos e Peças",False,True,True,True,False,1.65385051745185,False,True,False,False,False,False,reconstructed,9.0,2020,False,True,True,True,strong_10of10,10,,False,0.1283672844659653,95824.0,108124.66666666669,True,gross_reference_minus_treasury,3.248771819159517,,150896601.0,True,cap_is_gross,2823000.0,153719601.0,False,False,False,False,False,False,0.0,0.0,0.0,0.0,0.0,0.0,0.1283672844659653,1.0,3.226736927836196,,0.12836728446596535,False,2013:2014;2014:2015;2015:2016;2020:2021;2021:2022;2022:2022,True,gross_reference_minus_treasury,False,False
2023,2023-06-30,NEOE3,01083200000118,21.23,True,same_year,Energia Elétrica,True,True,True,True,False,1.172241529105126,False,False,False,True,True,True,reconstructed,10.0,,True,True,True,True,strong_10of10,10,,True,5.16804044680723,614403.6666666666,3789666.6666666665,True,gross_reference_minus_treasury,5.317852712116474,,1213796848.0,True,cap_is_ex_treasury,400.0,1213797248.0,False,False,False,False,False,False,0.0,0.0,1.0,0.0,1.0,1.0,5.051040729337456,1.0,5.263669529830575,,5.00718495038749,True,2013:2014;2014:2015;2015:2016;2020:2021;2021:2022;2022:2022,True,gross_reference_minus_treasury,False,False
2023,2023-06-30,NGRD3,10139870000108,1.88,False,nearest_year_2021,Comunicação e Informática,False,False,False,True,False,2.637281192419058,True,True,True,,,,reconstructed,,,,False,False,False,strong_incomplete,2,2013;2014;2015;2016;2017;2018;2019;2020,,,,,False,gross_reference_minus_treasury,28.32167786789747,,228523689.0,True,cap_is_gross,10138641.0,238662330.0,False,False,False,False,False,False,,,,,,,,,,0.1086838623847653,,False,incompleto,False,gross_reference_minus_treasury,False,False
2023,2023-06-30,NINJ3,14127813000151,3.68,False,missing,,,False,False,True,False,15.502844394868935,True,True,True,,,,reconstructed,,,,False,False,False,strong_incomplete,0,2013;2014;2015;2016;2017;2018;2019;2020;2021;2022,,,,,,gross_reference_minus_treasury,,,50797017.0,True,cap_is_gross,0.0,50797017.0,,,False,False,False,False,,,,,,,,,,,,False,incompleto,False,gross_reference_minus_treasury,False,False
2023,2023-06-30,NTCO3,32785497000197,16.74,True,same_year,Farmacêutico e Higiene,False,True,True,True,False,1.2087034449583696,False,False,True,,,,reconstructed,,,,False,False,False,strong_incomplete,1,2013;2014;2015;2016;2017;2018;2019;2020;2021,,,,,,gross_reference_minus_treasury,,,1373384570.0,True,cap_is_gross,9768000.0,1383152570.0,False,False,False,False,False,False,0.0,0.0,0.0,0.0,0.0,-1.0,,-1.0,,,,False,incompleto,False,gross_reference_minus_treasury,False,False
2023,2023-06-30,ODPV3,58119199000151,12.55,True,same_year,Serviços médicos,False,True,True,True,False,0.6951305830816047,False,False,True,True,True,True,reconstructed,10.0,,True,True,True,True,strong_10of10,10,,True,0.9770863906344722,201248.66666666663,397886.0,False,gross_reference_minus_treasury,84.67505730879279,,536525523.0,False,cap_is_gross,15970140.0,552495663.0,False,False,False,False,False,False,0.0,0.0,1.0,0.0,1.0,1.0,0.9770863906344722,0.0,89.79093058455358,0.4845179945670957,0.9770863906344722,True,2013:2014;2014:2015;2015:2016;2020:2021;2021:2022;2022:2022,False,gross_reference_minus_treasury,False,False
2023,2023-06-30,OFSA3,20258278000170,27.01,False,missing,,,False,True,True,False,3.2491240242844754,True,True,True,,,,reconstructed,,,,False,False,False,strong_incomplete,0,2013;2014;2015;2016;2017;2018;2019;2020;2021;2022,,,,,True,gross_reference_minus_treasury,22.080816471495623,,53949006.0,True,cap_is_gross,0.0,53949006.0,,,False,False,False,False,,,,,,,,,,,,False,incompleto,True,gross_reference_minus_treasury,False,False
2023,2023-06-30,ONCO3,12104241000402,10.1,True,same_year,Serviços médicos,False,True,True,True,False,1.5010144540453114,False,True,True,,,,reconstructed,,,,False,False,False,strong_incomplete,0,2013;2014;2015;2016;2017;2018;2019;2020;2021;2022,,,,,False,gross_reference_minus_treasury,258.4265311404955,,498185317.0,True,cap_is_gross,0.0,498185317.0,False,False,False,False,False,False,0.0,0.0,0.0,0.0,0.0,-1.0,,0.0,255.07043364232143,0.7049315943783327,,False,incompleto,False,gross_reference_minus_treasury,False,False
2023,2023-06-30,OPCT3,09114805000130,4.64,True,same_year,Petróleo e Gás,False,True,True,True,False,0.8099619343231954,False,False,True,,,,reconstructed,,,,False,False,False,strong_incomplete,3,2013;2014;2015;2016;2017;2018;2022,,,,,,gross_reference_minus_treasury,,,197699479.0,True,cap_is_gross,2260075.0,199959554.0,False,False,False,False,False,False,0.0,0.0,0.0,0.0,0.0,-1.0,,-1.0,,,,False,incompleto,False,gross_reference_minus_treasury,False,False
2023,2023-06-30,ORVR3,11421994000136,37.29,False,nearest_year_2022,"Saneamento, Serv. Água e Gás",True,True,,,False,,,,,,,,reconstructed,,,,False,False,False,strong_incomplete,0,2013;2014;2015;2016;2017;2018;2019;2020;2021;2022,,,,,,gross_reference_minus_treasury,,,80270889.0,True,cap_is_gross,0.0,80270889.0,False,False,False,False,False,False,,,,,,,,,,,,False,incompleto,False,gross_reference_minus_treasury,False,False
2023,2023-06-30,OSXB3,09112685000132,4.96,False,missing,,,False,False,True,False,0.0470491708705378,False,False,False,False,False,False,reconstructed,1.0,2013;2014;2015;2016;2017;2018;2019;2020;2022,False,False,False,False,strong_incomplete,0,2013;2014;2015;2016;2017;2018;2019;2020;2021;2022,,,-2429300.333333333,-345129.0,,gross_reference_minus_treasury,,,3148038.0,True,cap_is_gross,0.0,3148038.0,,,False,False,False,False,,,,,,,,,,,,False,incompleto,False,gross_reference_minus_treasury,False,False
2023,2023-06-30,PCAR3,47508411000156,18.71,True,same_year,Comércio (Atacado e Varejo),False,True,True,True,False,1.6092297289682764,False,True,True,False,False,False,reconstructed,7.0,2015;2016;2022,False,True,True,True,strong_10of10,10,,False,0.0856059625235989,862498.3333333334,936333.3333333334,,gross_reference_minus_treasury,,,269979069.0,True,cap_is_gross,160000.0,270139069.0,False,False,False,False,False,False,0.0,0.0,0.0,0.0,1.0,0.0,0.1129160063391441,-1.0,,,0.11291600633914411,False,2013:2014;2014:2015;2015:2016;2020:2021;2021:2022;2022:2022,False,gross_reference_minus_treasury,False,False
2023,2023-06-30,PDGR3,02950811000189,6.15,False,missing,,,False,,,False,,,,,,,,reconstructed,,,,False,False,False,strong_incomplete,0,2013;2014;2015;2016;2017;2018;2019;2020;2021;2022,,,,,,gross_reference_minus_treasury,,,3203864.0,True,cap_is_gross,18000.0,3221864.0,,,False,False,False,False,,,,,,,,,,,,False,incompleto,False,gross_reference_minus_treasury,False,False
2023,2023-06-30,PDTC3,02365069000144,2.73,False,missing,,,False,False,True,False,1.8735201140519435,False,True,True,False,False,False,reconstructed,7.0,2013;2014;2015,False,False,False,False,strong_incomplete,0,2013;2014;2015;2016;2017;2018;2019;2020;2021;2022,,,-77083.0,17505.0,False,gross_reference_minus_treasury,34.65878689604118,,78449779.0,True,cap_is_gross,0.0,78449779.0,,,False,False,False,False,,,,,,,,,,0.1942791908981967,,False,incompleto,False,gross_reference_minus_treasury,False,False
2023,2023-06-30,PETR3,33000167000101,33.1,True,same_year,Petróleo e Gás,False,True,True,True,False,0.9958529539305324,False,False,True,False,False,False,reconstructed,7.0,2014;2015;2016,False,False,False,False,strong_incomplete,8,2016;2017,,,-11040144.666666666,100701333.33333331,True,gross_reference_minus_treasury,2.729954833760793,,13044201261.0,True,cap_is_gross,295669.0,13044496930.0,False,False,False,False,False,False,0.0,0.0,0.0,0.0,0.0,-1.0,,1.0,2.729954833760793,,,False,incompleto,True,gross_reference_minus_treasury,False,False
2023,2023-06-30,PETZ3,18328118000109,6.58,False,nearest_year_2024,Comércio (Atacado e Varejo),False,True,True,True,False,1.4774997185345349,False,False,True,,,,reconstructed,,,,False,False,False,strong_incomplete,4,2013;2014;2015;2016;2017;2018,,,,,False,gross_reference_minus_treasury,99.44976708388458,,462471247.0,True,cap_is_gross,15.0,462471262.0,False,False,False,False,False,False,,,,,,,,,,0.524347948846547,,False,incompleto,False,gross_reference_minus_treasury,False,False
2023,2023-06-30,PFRM3,45453214000151,3.94,False,nearest_year_2024,Comércio (Atacado e Varejo),False,False,,,False,,,,,,,,reconstructed,,,,False,False,False,strong_incomplete,6,2017;2018;2019;2020,,,,,,gross_reference_minus_treasury,,,122610773.0,True,cap_is_gross,1202000.0,123812773.0,False,False,False,False,False,False,,,,,,,,,,,,False,incompleto,False,gross_reference_minus_treasury,False,False
2023,2023-06-30,PGMN3,06626253000151,4.05,False,nearest_year_2022,Comércio (Atacado e Varejo),False,True,True,True,False,1.406050779679953,False,False,True,False,False,False,reconstructed,9.0,2019,False,False,False,False,strong_incomplete,8,2021;2022,True,1.0424381994451202,85544.0,174718.33333333334,True,gross_reference_minus_treasury,5.665113949792708,,461081000.0,False,cap_is_ex_treasury,2749085.0,463830085.0,False,False,False,False,False,False,,,,,,,,,,,1.0424381994451202,True,2013:2014;2014:2015;2015:2016;2020:2021;2021:2022;2022:2022,True,gross_reference_minus_treasury,False,False
2023,2023-06-30,PLAS3,51928174000150,7.8,False,missing,,,False,True,True,False,0.3937955667021247,False,False,True,False,False,False,reconstructed,0.0,2013;2014;2015;2016;2017;2018;2019;2020;2021;2022,False,False,False,False,strong_incomplete,1,2014;2015;2016;2017;2018;2019;2020;2021;2022,,,-117350.0,-112121.33333333331,,gross_reference_minus_treasury,,,12425418.0,True,cap_is_gross,0.0,12425418.0,,,False,False,False,False,,,,,,,,,,,,False,incompleto,False,gross_reference_minus_treasury,False,False
2023,2023-06-30,PLPL3,24230275000180,9.53,False,nearest_year_2024,"Construção Civil, Mat. Constr. e Decoração",False,True,,,False,,,,,,,,reconstructed,,,,False,False,False,strong_incomplete,3,2013;2014;2015;2016;2017;2018;2019,,,,,,gross_upper_bound,,,204256000.0,False,no_itr_composition,,204256000.0,False,False,False,False,False,False,,,,,,,,,,,,False,incompleto,False,gross_upper_bound,False,False
2023,2023-06-30,PNVL3,92665611000177,12.8,False,nearest_year_2022,Comércio (Atacado e Varejo),False,True,,,False,,,,,,,,reconstructed,,,,True,True,True,strong_10of10,10,,,,,,,gross_reference_minus_treasury,,,148478666.0,True,cap_is_gross,1898815.0,150377481.0,False,False,False,False,False,False,,,,,,,,,,,,False,incompleto,False,gross_reference_minus_treasury,False,False
2023,2023-06-30,POMO3,88611835000129,4.28,True,same_year,"Máquinas, Equipamentos, Veículos e Peças",False,False,True,True,False,1.8112115169869616,False,True,True,True,True,True,reconstructed,10.0,,True,True,True,True,strong_10of10,10,,True,0.5382813937538682,199270.0,306533.3333333333,True,gross_reference_minus_treasury,11.424182144448842,,941137513.0,True,cap_is_gross,5755369.0,946892882.0,False,False,False,False,False,False,0.0,0.0,-1.0,0.0,-1.0,-1.0,0.5382813937538682,-1.0,,,0.5382813937538682,True,2013:2014;2014:2015;2015:2016;2020:2021;2021:2022;2022:2022,True,gross_reference_minus_treasury,False,False
2023,2023-06-30,PORT3,33130691000105,13.5,True,same_year,Serviços Transporte e Logística,False,True,True,True,False,1.0827827848956244,False,False,False,,,,reconstructed,,,,False,False,False,strong_incomplete,3,2013;2014;2015;2016;2017;2018;2019,,,,,False,gross_reference_minus_treasury,45.78944482390593,,439049200.0,True,cap_is_ex_treasury,939700.0,439988900.0,False,False,False,False,False,False,0.0,0.0,-1.0,0.0,-1.0,-1.0,,0.0,45.58942255239073,0.2990152497715732,,False,incompleto,False,gross_reference_minus_treasury,False,False
2023,2023-06-30,POSI3,81243735000148,9.22,True,same_year,Comunicação e Informática,False,True,True,True,False,1.934376750001269,False,True,False,False,False,False,reconstructed,7.0,2015;2017;2018,False,False,True,False,strong_incomplete,9,2019,,,-13673.333333333334,231448.66666666663,True,gross_reference_minus_treasury,1.485021420757994,,85978000.0,False,cap_is_gross,1822000.0,87800000.0,False,False,False,False,False,False,0.0,0.0,0.0,0.0,0.0,-1.0,,1.0,3.936204100168664,,,False,incompleto,True,gross_reference_minus_treasury,False,False
2023,2023-06-30,PRIO3,10629105000168,37.08,True,same_year,Petróleo e Gás,False,True,True,True,False,7.640216928399361,True,True,True,False,False,False,reconstructed,8.0,2013;2014,False,False,False,False,strong_incomplete,0,2013;2014;2015;2016;2017;2018;2019;2020;2021;2022,,,-1043507.3333333334,1737628.0,False,gross_reference_minus_treasury,29.09720150778876,,847012709.0,True,cap_is_gross,40216438.0,887229147.0,False,False,False,False,False,False,0.0,0.0,0.0,0.0,0.0,-1.0,,0.0,29.09720150778876,0.1206421432478306,,False,incompleto,False,gross_reference_minus_treasury,False,False
2023,2023-06-30,PRNR3,18593815000197,9.55,False,nearest_year_2025,"Construção Civil, Mat. Constr. e Decoração",False,True,True,True,False,1.3657196224172397,False,False,True,,,,reconstructed,,,,False,False,False,strong_incomplete,7,2013;2014;2015,,,,,False,gross_reference_minus_treasury,28.78763325286795,,37108257.0,True,cap_is_gross,1800000.0,38908257.0,False,False,False,False,False,False,,,,,,,,,,0.1159266921805638,,False,incompleto,False,gross_reference_minus_treasury,False,False
2023,2023-06-30,PSSA3,02149205000169,28.12,False,missing,,,True,True,True,False,1.085238960567628,False,False,True,True,True,True,reconstructed,10.0,,True,True,True,True,strong_10of10,10,,True,0.3304543749940976,1094184.3333333333,1455762.3333333333,,gross_above_limit_needs_review,27.52534722683821,,646586060.0,False,no_itr_composition,,646586060.0,,,False,False,False,False,,,,,,,,,,0.0958825406674939,0.3304543749940976,True,2013:2014;2014:2015;2015:2016;2020:2021;2021:2022;2022:2022,False,"manual_fail: tesouraria ~1%; muito abaixo dos 9,59% necessários",False,False
2023,2023-06-30,PTBL3,83475913000191,6.96,True,same_year,"Construção Civil, Mat. Constr. e Decoração",False,True,True,True,False,1.1671673154468225,False,False,False,True,True,True,reconstructed,10.0,,True,True,True,True,strong_10of10,10,,True,1.1024757831386405,78870.66666666667,165823.66666666666,True,gross_reference_minus_treasury,13.461352335891403,,140986886.0,True,cap_is_gross,0.0,140986886.0,False,False,False,False,False,False,0.0,0.0,1.0,0.0,1.0,1.0,1.1024757831386405,1.0,13.461374105218049,,1.1024757831386403,True,2013:2014;2014:2015;2015:2016;2020:2021;2021:2022;2022:2022,True,gross_reference_minus_treasury,False,False
2023,2023-06-30,PTNT3,88613658000110,9.26,False,missing,,,False,True,True,False,1.6047606549172126,False,True,False,True,True,True,reconstructed,10.0,,True,True,True,True,strong_10of10,10,,True,3.338473046280458,9099276.0,39476963.66666666,True,gross_reference_minus_treasury,8.724649762503972e-06,,48046488.0,True,cap_is_gross,0.0,48046488.0,,,False,False,False,False,,,,,,,,,,,3.338473046280458,True,2013:2014;2014:2015;2015:2016;2020:2021;2021:2022;2022:2022,True,gross_reference_minus_treasury,False,False
2023,2023-06-30,QUAL3,11992680000193,4.84,False,missing,,,True,True,True,False,1.7758935667935989,False,True,False,False,False,False,reconstructed,9.0,2013,False,False,False,False,strong_incomplete,8,2013;2014,True,1.6765593292328025,105948.33333333331,283577.0,True,gross_reference_minus_treasury,14.533691005226803,,278454229.0,True,cap_is_gross,5560096.0,284014325.0,,,False,False,False,False,,,,,,,,,,,1.6462541020576387,True,2013:2014;2014:2015;2015:2016;2020:2021;2021:2022;2022:2022,True,gross_reference_minus_treasury,False,False
2023,2023-06-30,RADL3,61585865000151,29.6,True,same_year,Comércio (Atacado e Varejo),False,True,True,True,False,1.5041330776885422,False,True,True,True,True,True,reconstructed,10.0,,True,True,True,True,strong_10of10,10,,True,2.3694046125959702,220859.0,744163.3333333334,False,gross_reference_minus_treasury,484.1165212308163,,1714521775.0,False,cap_is_ex_treasury,3485425.0,1718007200.0,False,False,False,False,False,False,0.0,0.0,0.0,0.0,1.0,1.0,4.060144019256966,0.0,484.0377921882679,0.7844161084892137,2.3694046125959702,True,2013:2014;2014:2015;2015:2016;2020:2021;2021:2022;2022:2022,False,gross_reference_minus_treasury,False,False
2023,2023-06-30,RAIL3,02387241000160,22.2,True,same_year,Serviços Transporte e Logística,False,True,True,True,False,1.7142659567719154,False,True,True,False,False,False,reconstructed,6.0,2014;2015;2016;2017,False,False,False,False,strong_incomplete,4,2016;2017;2018;2019;2020;2021,,,-1066918.0,320880.3333333333,False,gross_reference_minus_treasury,216.2107460807676,,1852505795.0,True,cap_is_gross,1652996.0,1854158791.0,False,False,False,False,False,False,0.0,0.0,0.0,0.0,0.0,-1.0,,0.0,216.2107460807676,0.6774087217809979,,False,incompleto,False,gross_reference_minus_treasury,False,False
2023,2023-06-30,RANI3,92791243000103,9.27,True,same_year,Embalagens,False,True,True,True,False,2.606554566550064,True,True,False,False,False,False,reconstructed,7.0,2016;2017;2019,False,True,True,True,strong_10of10,10,,True,5.075448659243906,41494.0,252094.66666666663,True,gross_reference_minus_treasury,11.82265628381492,,241956319.0,True,cap_is_gross,4403000.0,246359319.0,False,False,False,False,False,False,0.0,0.0,0.0,0.0,1.0,1.0,5.075448659243906,1.0,11.822625109387369,,5.075448659243906,True,2013:2014;2014:2015;2015:2016;2020:2021;2021:2022;2022:2022,True,gross_reference_minus_treasury,False,False
2023,2023-06-30,RAPT3,89086144000116,10.0,True,same_year,"Máquinas, Equipamentos, Veículos e Peças",False,False,True,True,False,2.007177984063394,True,True,False,False,False,False,reconstructed,8.0,2015;2016,False,True,True,True,strong_10of10,10,,True,3.4479012585174225,137463.33333333334,611423.3333333334,True,gross_reference_minus_treasury,8.324059932103477,,328293533.0,True,cap_is_gross,1037000.0,329330533.0,False,False,False,False,False,False,0.0,0.0,-1.0,0.0,-1.0,-1.0,3.4479012585174225,-1.0,,,3.4479012585174225,True,2013:2014;2014:2015;2015:2016;2020:2021;2021:2022;2022:2022,True,gross_reference_minus_treasury,False,False
2023,2023-06-30,RCSL3,91333666000117,1.87,False,missing,,,False,False,False,False,1.3151498905419292,False,False,True,False,False,False,reconstructed,0.0,2013;2014;2015;2016;2017;2018;2019;2020;2021;2022,False,False,False,False,strong_incomplete,0,2013;2014;2015;2016;2017;2018;2019;2020;2021;2022,,,-22507.33333333333,-5289.0,,gross_reference_minus_treasury,,,37911977.0,True,cap_is_gross,0.0,37911977.0,,,False,False,False,False,,,,,,,,,,,,False,incompleto,False,gross_reference_minus_treasury,False,False
2023,2023-06-30,RDNI3,67010660000124,6.24,False,missing,,,False,,,False,,,,,,,,reconstructed,,,,False,False,False,strong_incomplete,8,2018;2019,,,,,,gross_reference_minus_treasury,,,42202808.0,True,cap_is_gross,1567000.0,43769808.0,,,False,False,False,False,,,,,,,,,,,,False,incompleto,False,gross_reference_minus_treasury,False,False
2023,2023-06-30,RDOR3,06047087000139,32.92,True,same_year,Serviços médicos,False,True,True,True,False,2.489141295387989,True,True,False,,,,reconstructed,,,,False,False,False,strong_incomplete,4,2013;2014;2015;2016;2017;2020,,,,,,gross_above_limit_needs_review,217.90662989587872,,2289292590.0,False,no_itr_composition,,2289292590.0,False,False,False,False,False,False,0.0,0.0,-1.0,0.0,0.0,-1.0,,0.0,211.04457722996025,0.678666475878377,,False,incompleto,False,gross_above_limit_needs_review,False,False
2023,2023-06-30,RECV3,03342704000130,19.17,True,same_year,Petróleo e Gás,False,True,True,True,False,1.5327401037972008,False,True,True,,,,reconstructed,,,,False,False,False,strong_incomplete,1,2013;2014;2015;2016;2017;2018;2019;2020;2021,,,,,True,gross_reference_minus_treasury,7.16366951003104,,292701558.0,True,cap_is_gross,482244.0,293183802.0,False,False,False,False,False,False,0.0,0.0,0.0,0.0,0.0,-1.0,,1.0,7.16366951003104,,,False,incompleto,True,gross_reference_minus_treasury,False,False
2023,2023-06-30,REDE3,61584140000149,5.74,False,missing,,,False,True,True,False,1.3066325689303102,False,False,False,False,False,False,reconstructed,9.0,2013,False,False,False,False,strong_incomplete,7,2013;2014;2015,True,0.9767531575038086,660147.0,1304947.6666666667,False,gross_reference_minus_treasury,25.639012769711787,,2110323374.0,True,cap_is_gross,0.0,2110323374.0,,,False,False,False,False,,,,,,,,,,0.0632135297216284,0.9001707195518573,True,2013:2014;2014:2015;2015:2016;2020:2021;2021:2022;2022:2022,False,gross_reference_minus_treasury,False,False
2023,2023-06-30,RENT3,16670085000155,68.5,True,same_year,Serviços Transporte e Logística,False,True,True,True,False,1.040234208902423,False,False,False,True,True,True,reconstructed,10.0,,True,True,True,True,strong_10of10,10,,True,3.122538751920893,399120.0,1645387.6666666667,False,gross_reference_minus_treasury,119.53966663800092,,982844930.0,True,cap_is_gross,5591000.0,988435930.0,False,False,False,False,False,False,0.0,0.0,1.0,0.0,1.0,1.0,3.122538751920893,0.0,119.53968366566563,0.5661543584330095,3.122538751920893,True,2013:2014;2014:2015;2015:2016;2020:2021;2021:2022;2022:2022,False,gross_reference_minus_treasury,False,False
2023,2023-06-30,ROMI3,56720428000163,16.81,True,same_year,"Máquinas, Equipamentos, Veículos e Peças",False,True,True,True,False,2.323226511130774,True,True,True,False,False,False,reconstructed,9.0,2016,False,True,True,True,strong_10of10,10,,True,38.94062205466541,4951.333333333333,197759.3333333333,True,gross_reference_minus_treasury,9.465691994841404,,88734045.0,True,cap_is_gross,0.0,88734045.0,False,False,False,False,False,False,0.0,0.0,0.0,0.0,0.0,1.0,38.94062205466541,1.0,11.4534873137581,,38.94062205466541,True,2013:2014;2014:2015;2015:2016;2020:2021;2021:2022;2022:2022,True,gross_reference_minus_treasury,False,False
2023,2023-06-30,RRRP3,12091809000155,29.85,True,same_year,Petróleo e Gás,False,True,True,True,False,1.761891675126334,False,True,True,,,,reconstructed,,,,False,False,False,strong_incomplete,0,2013;2014;2015;2016;2017;2018;2019;2020;2021;2022,,,,,False,gross_reference_minus_treasury,57.37501960179781,,203087632.0,True,cap_is_gross,0.0,203087632.0,False,False,False,False,False,False,0.0,0.0,0.0,0.0,0.0,-1.0,,0.0,57.37501960179781,0.3737758158875632,,False,incompleto,False,gross_reference_minus_treasury,False,False
2023,2023-06-30,SANB3,90400888000142,14.45,False,missing,,,True,True,True,False,,,,,True,True,True,reconstructed,10.0,,True,True,True,True,strong_10of10,10,,,,0.0,13803393.666666666,,gross_reference_minus_treasury,,,7445955051.0,True,cap_is_gross,52576000.0,7498531051.0,,,False,False,False,False,,,,,,,,,,,,False,incompleto,False,gross_reference_minus_treasury,False,False
2023,2023-06-30,SAPR3,76484013000145,4.26,True,same_year,"Saneamento, Serv. Água e Gás",True,True,True,True,False,1.5155505020071696,False,True,True,True,True,True,reconstructed,10.0,,True,True,True,True,strong_10of10,10,,True,1.6331637282708362,420978.0,1108504.0,True,gross_reference_minus_treasury,4.095933951135201,,1511205519.0,True,cap_is_gross,0.0,1511205519.0,True,True,False,True,True,True,1.0,1.0,1.0,1.0,1.0,1.0,1.6331637282708362,1.0,4.095933951135201,,1.6331637282708362,True,2013:2014;2014:2014;2015:2016;2020:2021;2021:2022;2022:2022,True,gross_reference_minus_treasury,True,True
2023,2023-06-30,SBFG3,13217485000111,13.29,True,same_year,Comércio (Atacado e Varejo),False,True,True,True,False,1.5352676660545703,False,True,True,,,,reconstructed,,,,False,False,False,strong_incomplete,1,2013;2014;2015;2016;2017;2018;2019;2020;2021,,,,,True,gross_reference_minus_treasury,21.22446460904072,,243596138.0,True,cap_is_gross,0.0,243596138.0,False,False,False,False,False,False,0.0,0.0,0.0,0.0,0.0,-1.0,,1.0,21.22446460904072,,,False,incompleto,True,gross_reference_minus_treasury,False,False
2023,2023-06-30,SBSP3,43776517000180,56.57,True,same_year,"Saneamento, Serv. Água e Gás",True,True,True,True,False,1.0942300996403669,False,False,True,True,True,True,reconstructed,10.0,,True,True,True,True,strong_10of10,10,,True,0.9032990456524448,1120940.3333333333,2133484.6666666665,True,gross_reference_minus_treasury,17.524080753722743,,683509869.0,True,cap_is_gross,0.0,683509869.0,True,True,False,True,False,True,1.0,1.0,1.0,1.0,1.0,1.0,0.903299045652445,1.0,17.524080753722743,,0.9032990456524448,True,2013:2014;2014:2015;2015:2016;2020:2021;2021:2022;2022:2022,True,gross_reference_minus_treasury,True,True
2023,2023-06-30,SCAR3,29780061000109,21.45,False,missing,,,False,,,False,,,,,,,,reconstructed,,,,True,True,True,strong_10of10,10,,,,,,,gross_reference_minus_treasury,,,56861319.0,True,cap_is_gross,876000.0,57737319.0,,,False,False,False,False,,,,,,,,,,,,False,incompleto,False,gross_reference_minus_treasury,False,False
2023,2023-06-30,SEER3,04986320000113,5.0,True,same_year,Educação,False,True,True,True,False,1.3629123530721967,False,False,True,False,False,False,reconstructed,9.0,2022,False,True,True,True,strong_10of10,10,,False,-1.009426991199982,163749.66666666666,-1543.6666666666667,,gross_reference_minus_treasury,,,128334760.0,True,cap_is_gross,386800.0,128721560.0,False,False,False,False,False,False,0.0,0.0,0.0,0.0,0.0,0.0,-0.6640522423455315,-1.0,,,-1.009426991199982,False,2013:2014;2014:2015;2015:2016;2020:2021;2021:2022;2022:2022,False,gross_reference_minus_treasury,False,False
2023,2023-06-30,SEQL3,01599101000193,1.49,False,nearest_year_2022,Serviços Transporte e Logística,False,False,True,True,False,1.1432622328894395,False,False,True,,,,reconstructed,,,,False,False,False,strong_incomplete,3,2013;2014;2015;2016;2017;2018;2022,,,,,,gross_reference_minus_treasury,,,140702013.0,True,cap_is_gross,0.0,140702013.0,False,False,False,False,False,False,,,,,,,,,,,,False,incompleto,False,gross_reference_minus_treasury,False,False
2023,2023-06-30,SGPS3,07718269000157,3.15,False,nearest_year_2021,Têxtil e Vestuário,False,False,,,False,,,,,,,,reconstructed,,,,False,False,False,strong_incomplete,0,2013;2014;2015;2016;2017;2018;2019;2020;2021;2022,,,,,,gross_upper_bound,,,50000000.0,False,no_itr_composition,,50000000.0,False,False,False,False,False,False,,,,,,,,,,,,False,incompleto,False,gross_upper_bound,False,False
2023,2023-06-30,SHOW3,02860694000162,2.95,False,missing,,,False,False,True,False,1.1207674222029649,False,False,True,False,False,False,reconstructed,4.0,2013;2014;2019;2020;2021;2022,False,False,False,False,strong_incomplete,6,2014;2015;2021;2022,,,-20845.666666666668,-61234.66666666666,,gross_reference_minus_treasury,,,67412629.0,True,cap_is_gross,0.0,67412629.0,,,False,False,False,False,,,,,,,,,,,,False,incompleto,False,gross_reference_minus_treasury,False,False
2023,2023-06-30,SIMH3,07415333000120,8.99,True,same_year,Serviços Transporte e Logística,False,True,True,True,False,1.5496457881218766,False,True,False,,,,reconstructed,,,,False,False,False,strong_incomplete,2,2013;2014;2015;2016;2017;2018;2019;2020,,,,,False,gross_reference_minus_treasury,39.70331968515644,,826123045.0,True,cap_is_gross,12217698.0,838340743.0,False,False,False,False,False,False,0.0,0.0,-1.0,0.0,0.0,-1.0,,0.0,39.70977591850219,0.2472030536661806,,False,incompleto,False,gross_reference_minus_treasury,False,False
2023,2023-06-30,SLCE3,89096457000155,38.22,True,same_year,"Agricultura (Açúcar, Álcool e Cana)",False,True,True,True,False,1.532278432748181,False,True,False,True,True,True,reconstructed,10.0,,True,True,True,True,strong_10of10,10,,True,8.854051937244536,95333.0,939416.3333333334,True,gross_reference_minus_treasury,10.462858745227368,,204325974.0,True,cap_is_gross,8096625.0,212422599.0,False,True,False,False,True,False,0.0,1.0,1.0,0.0,1.0,1.0,8.854017482517483,1.0,12.657890851722394,,8.854051937244536,True,2013:2014;2014:2015;2015:2016;2020:2021;2021:2022;2022:2022,True,gross_reference_minus_treasury,False,True
2023,2023-06-30,SMFT3,07594978000178,21.5,True,same_year,Brinquedos e Lazer,False,True,True,True,False,2.010514699365596,True,True,True,,,,reconstructed,,,,False,False,False,strong_incomplete,3,2013;2014;2015;2017;2018;2021;2022,,,,,,gross_reference_minus_treasury,,,586242289.0,True,cap_is_gross,0.0,586242289.0,False,False,False,False,False,False,0.0,0.0,0.0,0.0,0.0,-1.0,,-1.0,,,,False,incompleto,False,gross_reference_minus_treasury,False,False
2023,2023-06-30,SMTO3,51466860000156,34.15,False,missing,,,True,True,True,False,2.553288077772746,True,True,False,True,True,True,reconstructed,10.0,,True,True,True,True,strong_10of10,10,,True,5.167907872123788,164669.66666666666,1015667.3333333334,True,gross_upper_bound_safe_pass,18.557366678139697,,354011329.0,False,no_itr_composition,,354011329.0,,,True,False,True,False,,,,,,,,,,,5.167907872123788,True,2013:2014;2014:2015;2015:2016;2020:2021;2021:2022;2022:2022,True,gross_upper_bound_safe_pass,False,False
2023,2023-06-30,SNSY3,14807945000124,5.2,False,missing,,,False,True,True,False,0.8981670570984067,False,False,False,False,False,False,reconstructed,0.0,2013;2014;2015;2016;2017;2018;2019;2020;2021;2022,False,False,False,False,strong_incomplete,0,2013;2014;2015;2016;2017;2018;2019;2020;2021;2022,,,-100141.0,-194842.66666666663,,gross_reference_minus_treasury,,,7716400.0,True,cap_is_gross,0.0,7716400.0,,,False,False,False,False,,,,,,,,,,,,False,incompleto,False,gross_reference_minus_treasury,False,False
2023,2023-06-30,SOJA3,10807374000177,10.81,False,nearest_year_2022,Alimentos,False,True,True,True,False,3.2827288901053784,True,True,True,,,,reconstructed,,,,False,False,False,strong_incomplete,2,2013;2014;2015;2016;2017;2018;2019;2020,,,,,True,gross_reference_minus_treasury,11.523198502360922,,117140326.0,True,cap_is_gross,0.0,117140326.0,False,False,False,False,False,False,,,,,,,,,,,,False,incompleto,True,gross_reference_minus_treasury,False,False
2023,2023-06-30,SOMA3,10285590000108,12.0,True,same_year,Têxtil e Vestuário,False,True,True,True,False,1.9324176088163327,False,True,True,,,,reconstructed,,,,False,False,False,strong_incomplete,3,2013;2014;2015;2016;2017;2018;2019,,,,,False,gross_reference_minus_treasury,35.72834276896815,,784747373.0,True,cap_is_gross,0.0,784747373.0,False,False,False,False,False,False,0.0,0.0,0.0,0.0,0.0,-1.0,,0.0,35.72834276896815,0.2064307647621521,,False,incompleto,False,gross_reference_minus_treasury,False,False
2023,2023-06-30,SQIA3,04065791000199,22.11,True,same_year,Comunicação e Informática,False,True,True,True,False,0.901170929923685,False,False,True,False,False,False,reconstructed,9.0,2019,False,False,True,False,strong_incomplete,9,2013,False,-0.9984626004453324,9088940.666666666,13973.333333333334,False,gross_reference_minus_treasury,320.3959126828157,,84581288.0,True,cap_is_gross,3360684.0,87941972.0,False,False,False,False,False,False,0.0,0.0,0.0,0.0,0.0,1.0,0.5374971043560022,0.0,320.3959126828157,0.7349988396937115,-0.9976014039111077,False,2013:2014;2014:2015;2015:2016;2020:2021;2021:2022;2022:2022,False,gross_reference_minus_treasury,False,False
2023,2023-06-30,STBP3,02762121000104,10.16,False,nearest_year_2022,Serviços Transporte e Logística,False,True,,,False,,,,,,,,reconstructed,,,,True,True,True,strong_10of10,10,,,,,,,gross_reference_minus_treasury,,,864169369.0,True,cap_is_gross,1000.0,864170369.0,False,False,False,False,False,False,,,,,,,,,,,,False,incompleto,False,gross_reference_minus_treasury,False,False
2023,2023-06-30,SUZB3,16404287000155,44.22,True,same_year,Papel e Celulose,False,True,True,True,False,2.5615000762806086,True,True,False,False,False,False,reconstructed,5.0,2013;2014;2015;2019;2020,False,True,True,True,strong_10of10,10,,,,-469106.3333333333,7094391.666666667,True,gross_reference_minus_treasury,4.572897347225476,,1344536084.0,True,cap_is_ex_treasury,16727500.0,1361263584.0,False,False,False,False,False,False,0.0,0.0,0.0,0.0,0.0,-1.0,,1.0,4.323713633541854,,,False,incompleto,True,gross_reference_minus_treasury,False,False
2023,2023-06-30,SYNE3,08801621000186,3.98,True,same_year,"Construção Civil, Mat. Constr. e Decoração",False,True,False,True,False,4.835898086746835,True,True,True,False,False,False,reconstructed,9.0,2022,False,True,True,True,strong_10of10,10,,True,3.739044820094089,90056.33333333333,426781.0,,gross_reference_minus_treasury,,,152644445.0,True,cap_is_gross,0.0,152644445.0,False,False,False,False,False,False,0.0,0.0,0.0,0.0,0.0,-1.0,,-1.0,,,3.7390448200940893,True,2013:2014;2014:2015;2015:2016;2020:2021;2021:2022;2022:2022,False,gross_reference_minus_treasury,False,False
2023,2023-06-30,TAEE3,07859971000130,12.59,True,same_year,Energia Elétrica,True,True,True,True,False,3.024587941267742,True,True,False,True,True,True,reconstructed,10.0,,True,True,True,True,strong_10of10,10,,True,1.18898903631904,902373.3333333334,1975285.3333333333,True,gross_reference_minus_treasury,17.780337999939196,,1033496721.0,True,cap_is_gross,0.0,1033496721.0,False,False,True,False,True,False,0.0,0.0,1.0,0.0,1.0,1.0,1.18898903631904,1.0,17.78034759980511,,1.18898903631904,True,2013:2014;2014:2015;2015:2016;2020:2021;2021:2022;2022:2022,True,gross_reference_minus_treasury,False,False
2023,2023-06-30,TASA3,92781335000102,15.34,True,same_year,"Máquinas, Equipamentos, Veículos e Peças",False,False,True,True,False,1.469572409594399,False,False,True,False,False,False,reconstructed,4.0,2013;2014;2015;2016;2017;2018,False,False,False,False,strong_incomplete,5,2017;2018;2019;2020;2021,,,-173180.66666666666,472882.3333333333,True,gross_reference_minus_treasury,7.085433879309712,,126634434.0,True,cap_is_gross,0.0,126634434.0,False,False,False,False,False,False,0.0,0.0,-1.0,0.0,-1.0,-1.0,,-1.0,,,,False,incompleto,True,gross_reference_minus_treasury,False,False
2023,2023-06-30,TCSA3,08065557000112,3.48,False,nearest_year_2021,"Construção Civil, Mat. Constr. e Decoração",False,False,False,True,False,3.636172441171005,True,True,True,False,False,False,reconstructed,4.0,2016;2017;2018;2019;2020;2021,False,False,False,False,strong_incomplete,5,2018;2019;2020;2021;2022,False,-1.5675973213820418,204682.66666666663,-116177.33333333331,False,gross_reference_minus_treasury,106.46782140769012,,73619230.0,True,cap_is_gross,0.0,73619230.0,False,False,False,False,False,False,,,,,,,,,,0.5402919854139404,-1.5675973213820418,False,2013:2014;2014:2015;2015:2016;2020:2021;2021:2022;2022:2022,False,gross_reference_minus_treasury,False,False
2023,2023-06-30,TECN3,09295063000197,3.48,False,missing,,,True,False,True,False,4.837352262314857,True,True,True,False,False,False,reconstructed,6.0,2016;2017;2019;2020,False,False,False,False,strong_incomplete,8,2018;2019,False,-0.5978298173008985,33023.333333333336,13281.0,True,gross_reference_minus_treasury,3.780668860156663,,67443863.0,False,cap_is_gross,3462352.0,70906215.0,,,False,False,False,False,,,,,,,,,,,-0.5978298173008985,False,2013:2014;2014:2015;2015:2016;2020:2021;2021:2022;2022:2022,True,gross_reference_minus_treasury,False,False
2023,2023-06-30,TELB3,00336701000104,17.05,False,missing,,,False,False,True,False,4.753229793386502,True,True,True,False,False,False,reconstructed,0.0,2013;2014;2015;2016;2017;2018;2019;2020;2021;2022,False,False,False,False,strong_incomplete,0,2013;2014;2015;2016;2017;2018;2019;2020;2021;2022,,,-166245.66666666666,-120252.33333333331,,gross_reference_minus_treasury,,,86382897.0,True,cap_is_gross,193.0,86383090.0,,,False,False,False,False,,,,,,,,,,,,False,incompleto,False,gross_reference_minus_treasury,False,False
2023,2023-06-30,TEND3,71476527000135,11.5,True,same_year,"Construção Civil, Mat. Constr. e Decoração",False,True,True,True,False,1.3567230451827266,False,False,True,False,False,False,reconstructed,6.0,2013;2014;2021;2022,False,False,False,False,strong_incomplete,5,2013;2014;2015;2016;2017,,,-67416.66666666667,-179488.0,,gross_reference_minus_treasury,,,101269246.0,True,cap_is_gross,3075000.0,104344246.0,False,False,False,False,False,False,0.0,0.0,0.0,0.0,0.0,-1.0,,-1.0,,,,False,incompleto,False,gross_reference_minus_treasury,False,False
2023,2023-06-30,TGMA3,02351144000118,21.9,True,same_year,Serviços Transporte e Logística,False,True,True,True,False,2.2994903584132467,True,True,True,False,False,False,reconstructed,9.0,2014,False,True,True,True,strong_10of10,10,,True,8.362370964199428,12141.333333333334,113671.66666666669,True,gross_reference_minus_treasury,17.085039351833956,,65937772.0,True,cap_is_gross,65143.0,66002915.0,False,False,False,False,False,False,0.0,0.0,0.0,0.0,0.0,1.0,8.362370964199428,1.0,17.085039351833956,,8.362370964199428,True,2013:2014;2014:2015;2015:2016;2020:2021;2021:2022;2022:2022,True,gross_reference_minus_treasury,False,False
2023,2023-06-30,TIMS3,02421421000111,14.62,False,nearest_year_2022,Telecomunicações,False,True,True,True,False,0.7900905541382081,False,False,True,,,,reconstructed,,,,False,False,False,strong_incomplete,5,2013;2014;2015;2016;2017,,,,,False,gross_reference_minus_treasury,29.51945399761084,,2420792151.0,True,cap_is_gross,12247.0,2420804398.0,False,False,False,False,False,False,,,,,,,,,,0.1269540563148681,,False,incompleto,False,gross_reference_minus_treasury,False,False
2023,2023-06-30,TOTS3,53113791000122,29.98,True,same_year,Comunicação e Informática,False,True,True,True,False,1.8673493855290455,False,True,True,True,True,True,reconstructed,10.0,,True,True,True,True,strong_10of10,10,,True,0.705703809539193,227000.3333333333,387195.3333333333,False,gross_reference_minus_treasury,151.6394714499572,,601751750.0,True,cap_is_gross,15431431.0,617183181.0,False,False,False,False,False,False,0.0,0.0,1.0,0.0,1.0,1.0,0.705703809539193,0.0,151.6394714499572,0.6148010203466794,0.705703809539193,True,2013:2014;2014:2015;2015:2016;2020:2020;2021:2022;2022:2022,False,gross_reference_minus_treasury,False,False
2023,2023-06-30,TPIS3,03014553000191,3.93,False,missing,,,False,True,True,False,0.2845934353331599,False,False,True,False,False,False,reconstructed,4.0,2013;2014;2016;2017;2018;2019,False,False,True,False,strong_incomplete,8,2017;2020,,,-153768.33333333334,69428.66666666667,False,gross_reference_minus_treasury,60.862333969549816,,173507000.0,True,cap_is_gross,2493000.0,176000000.0,,,False,False,False,False,,,,,,,,,,0.3919812703636425,,False,incompleto,False,gross_reference_minus_treasury,False,False
2023,2023-06-30,TRAD3,26345998000150,1.63,False,missing,,,False,False,True,False,4.229650106945397,True,True,True,,,,reconstructed,,,,False,False,False,strong_incomplete,2,2013;2014;2015;2016;2017;2018;2019;2020,,,,,,gross_reference_minus_treasury,,,279971138.0,True,cap_is_gross,176000.0,280147138.0,,,False,False,False,False,,,,,,,,,,,,False,incompleto,False,gross_reference_minus_treasury,False,False
2023,2023-06-30,TRIS3,08811643000127,5.56,True,same_year,"Construção Civil, Mat. Constr. e Decoração",False,True,True,True,False,3.995811291117626,True,True,True,True,True,True,reconstructed,10.0,,True,True,True,True,strong_10of10,10,,True,4.119829223366128,23344.33333333333,119519.0,True,gross_reference_minus_treasury,11.96651701252678,,182112538.0,True,cap_is_gross,4505000.0,186617538.0,True,True,True,True,True,True,1.0,1.0,1.0,1.0,1.0,1.0,4.119829223366128,1.0,11.966577728147277,,4.119829223366128,True,2013:2014;2014:2015;2015:2016;2020:2021;2021:2022;2022:2022,True,gross_reference_minus_treasury,True,True
2023,2023-06-30,TRPL3,02998611000104,32.1,True,same_year,Energia Elétrica,True,False,True,True,False,3.610920820878559,True,True,False,True,True,True,reconstructed,10.0,,True,True,True,True,strong_10of10,10,,True,8.449670116754833,304855.3333333333,2880782.333333333,True,gross_reference_minus_treasury,12.222985972745866,,658883304.0,True,cap_is_gross,0.0,658883304.0,False,False,False,False,False,False,0.0,0.0,-1.0,0.0,-1.0,-1.0,8.449670116754833,-1.0,,,8.449670116754833,True,2013:2014;2014:2015;2015:2016;2020:2021;2021:2022;2022:2022,True,gross_reference_minus_treasury,False,False
2023,2023-06-30,TTEN3,94813102000170,12.85,False,nearest_year_2022,"Agricultura (Açúcar, Álcool e Cana)",False,True,True,True,False,1.5541912816435248,False,True,True,,,,reconstructed,,,,False,False,False,strong_incomplete,3,2013;2014;2015;2016;2017;2018;2019,,,,,False,gross_reference_minus_treasury,25.4702040424476,,498297647.0,True,cap_is_gross,0.0,498297647.0,False,False,False,False,False,False,,,,,,,,,,0.0601142892505577,,False,incompleto,False,gross_reference_minus_treasury,False,False
2023,2023-06-30,TUPY3,84683374000149,26.22,True,same_year,Metalurgia e Siderurgia,False,True,True,True,False,1.8955828979056704,False,True,False,False,False,False,reconstructed,8.0,2016;2020,False,True,True,True,strong_10of10,10,,True,0.6081272004428053,131886.33333333334,212090.0,True,gross_reference_minus_treasury,9.22861456851854,,144015500.0,True,cap_is_gross,162000.0,144177500.0,False,False,False,False,False,False,0.0,0.0,0.0,0.0,1.0,1.0,0.6081272004428055,1.0,9.228678649333377,,0.6081272004428053,True,2013:2014;2014:2015;2015:2016;2020:2021;2021:2022;2022:2022,True,gross_reference_minus_treasury,False,False
2023,2023-06-30,UCAS3,90441460000148,2.8,False,missing,,,False,False,True,False,1.3519099512107668,False,False,True,False,False,False,reconstructed,7.0,2014;2016;2017,False,False,False,False,strong_incomplete,9,2018,True,2.0204867655494554,8135.333333333333,24572.666666666668,True,gross_reference_minus_treasury,5.506534453158753,,66086364.0,True,cap_is_gross,0.0,66086364.0,,,False,False,False,False,,,,,,,,,,,2.0204867655494554,True,2013:2014;2014:2015;2015:2016;2020:2021;2021:2022;2022:2022,True,gross_reference_minus_treasury,False,False
2023,2023-06-30,UGPA3,33256439000139,18.89,True,same_year,Petróleo e Gás,False,True,True,True,False,1.4541934469098683,False,False,False,True,True,True,reconstructed,10.0,,True,True,True,True,strong_10of10,10,,False,-0.1071709235771145,1323390.6666666667,1181561.6666666667,True,gross_reference_minus_treasury,20.296631719767788,,1095147387.0,True,cap_is_gross,20056904.0,1115204291.0,False,False,False,False,False,False,0.0,0.0,1.0,0.0,1.0,0.0,-0.1071709235771145,1.0,20.296631719767788,,-0.10717092357711455,False,2013:2014;2014:2015;2015:2016;2020:2021;2021:2022;2022:2022,True,gross_reference_minus_treasury,False,False
2023,2023-06-30,UNIP3,33958695000178,74.61,True,same_year,Petroquímicos e Borracha,False,True,True,True,False,1.7402502331520486,False,True,True,True,True,True,reconstructed,10.0,,True,True,True,True,strong_10of10,10,,True,6.163348886846245,171165.33333333334,1226117.0,True,gross_reference_minus_treasury,19.406514449330015,,103499066.0,True,cap_is_gross,377092.0,103876158.0,False,True,False,True,True,True,0.0,0.0,0.0,0.0,1.0,-1.0,,1.0,19.406514449330015,,6.163348886846245,True,2013:2014;2014:2015;2015:2016;2020:2021;2021:2022;2022:2022,True,gross_reference_minus_treasury,False,True
2023,2023-06-30,USIM3,60894730000105,7.29,True,same_year,Metalurgia e Siderurgia,False,True,True,True,False,3.7752777589248727,True,True,True,False,False,False,reconstructed,8.0,2015;2016,False,True,True,True,strong_10of10,10,,,,-1082743.6666666667,3786284.0,True,gross_reference_minus_treasury,2.152624459374514,,1230942660.0,True,cap_is_gross,22136448.0,1253079108.0,False,False,False,False,False,False,0.0,0.0,0.0,0.0,0.0,-1.0,,1.0,2.152624459374514,,,False,incompleto,True,gross_reference_minus_treasury,False,False
2023,2023-06-30,VALE3,33592510000154,64.22,True,same_year,Extração Mineral,False,True,True,True,False,1.117704682800298,False,False,True,False,False,False,reconstructed,7.0,2013;2015;2019,False,True,True,True,strong_10of10,10,,,,-14380904.0,81288237.66666667,True,gross_reference_minus_treasury,4.529784477741283,,4439999580.0,True,cap_is_gross,99008000.0,4539007580.0,False,False,False,False,False,False,0.0,0.0,0.0,0.0,0.0,-1.0,,1.0,4.529783294284044,,,False,incompleto,True,gross_reference_minus_treasury,False,False
2023,2023-06-30,VAMO3,23373000000132,12.11,True,same_year,Serviços Transporte e Logística,False,True,True,True,False,0.9686298488140922,False,False,False,,,,reconstructed,,,,False,False,False,strong_incomplete,4,2013;2014;2015;2016;2017;2018,,,,,False,gross_reference_minus_treasury,62.39446526759774,,1017433046.0,True,cap_is_gross,7964924.0,1025397970.0,False,False,False,False,False,False,0.0,0.0,0.0,0.0,0.0,-1.0,,-1.0,,0.3994927908558318,,False,incompleto,False,gross_reference_minus_treasury,False,False
2023,2023-06-30,VBBR3,34274233000102,18.05,True,same_year,Comércio (Atacado e Varejo),False,True,True,True,False,2.311305070656692,True,True,False,,,,reconstructed,,,,False,False,False,strong_incomplete,7,2013;2014;2015,,,,,True,gross_reference_minus_treasury,20.88993537540457,,1114904000.0,True,cap_is_gross,50096000.0,1165000000.0,False,False,False,False,False,False,0.0,0.0,0.0,0.0,-1.0,-1.0,,1.0,20.88993537540457,,,False,incompleto,True,gross_reference_minus_treasury,False,False
2023,2023-06-30,VIIA3,33041260065290,2.15,True,same_year,Comércio (Atacado e Varejo),False,True,True,True,False,0.8669873417721519,False,False,True,False,False,False,reconstructed,5.0,2016;2018;2019;2021;2022,False,False,False,False,strong_incomplete,7,2020;2021;2022,False,-0.8271405446825116,703847.3333333334,121666.66666666669,,gross_reference_minus_treasury,,,1581468289.0,True,cap_is_gross,16963000.0,1598431289.0,False,False,False,False,False,False,0.0,0.0,0.0,0.0,0.0,0.0,-0.8215158924205379,-1.0,,,-0.8215158924205379,False,2013:2014;2014:2015;2015:2016;2020:2021;2021:2022;2022:2022,False,gross_reference_minus_treasury,False,False
2023,2023-06-30,VITT3,45365558000109,11.83,True,same_year,"Agricultura (Açúcar, Álcool e Cana)",False,True,True,True,False,2.211262465723524,True,True,True,,,,reconstructed,,,,False,False,False,strong_incomplete,2,2013;2014;2015;2016;2017;2018;2019;2020,,,,,False,gross_reference_minus_treasury,30.941958878903915,,138401107.0,True,cap_is_gross,4648000.0,143049107.0,False,False,False,False,False,False,0.0,0.0,-1.0,0.0,-1.0,-1.0,,0.0,30.941958878903915,0.1472585832033812,,False,incompleto,False,gross_reference_minus_treasury,False,False
2023,2023-06-30,VIVA3,33839910000111,28.48,True,same_year,Comércio (Atacado e Varejo),False,True,True,True,False,2.424804030639919,True,True,True,,,,reconstructed,,,,False,False,False,strong_incomplete,4,2013;2014;2015;2016;2017;2018,,,,,True,gross_reference_minus_treasury,7.507673977413192e-05,,235323269.0,True,cap_is_gross,874500.0,236197769.0,False,False,False,False,False,False,0.0,0.0,0.0,0.0,-1.0,-1.0,,-1.0,,,,False,incompleto,True,gross_reference_minus_treasury,False,False
2023,2023-06-30,VIVR3,67571414000141,3.09,False,missing,,,True,False,True,False,0.5118109052270711,False,False,True,False,False,False,reconstructed,0.0,2013;2014;2015;2016;2017;2018;2019;2020;2021;2022,False,False,False,False,strong_incomplete,0,2013;2014;2015;2016;2017;2018;2019;2020;2021;2022,,,-258534.0,-83882.33333333333,,gross_upper_bound,,,234784492.0,False,no_itr_composition,,234784492.0,,,False,False,False,False,,,,,,,,,,,,False,incompleto,False,gross_upper_bound,False,False
2023,2023-06-30,VIVT3,02558157000162,43.27,True,same_year,Telecomunicações,False,True,True,True,False,0.7795827108907605,False,False,True,True,True,True,reconstructed,10.0,,True,True,True,True,strong_10of10,10,,False,0.2503178826081955,4024284.3333333335,5031634.666666667,True,gross_reference_minus_treasury,18.799373769613904,,1675025571.0,True,cap_is_ex_treasury,1912700.0,1676938271.0,False,False,False,False,False,False,0.0,0.0,1.0,0.0,1.0,0.0,0.2503178826081955,1.0,18.500202557309365,,0.25031788260819554,False,2013:2014;2014:2015;2015:2016;2020:2021;2021:2022;2022:2022,True,gross_reference_minus_treasury,False,False
2023,2023-06-30,VLID3,33113309000147,14.65,True,same_year,Gráficas e Editoras,False,True,True,True,False,1.867970823792109,False,True,True,False,False,False,reconstructed,9.0,2020,False,True,True,True,strong_10of10,10,,False,-1.3531710725098078,111644.66666666669,-39429.66666666666,False,gross_reference_minus_treasury,45.50827534714702,,80076005.0,True,cap_is_gross,1994382.0,82070387.0,False,False,False,False,False,False,0.0,0.0,0.0,0.0,0.0,0.0,-1.3531710725098078,0.0,45.24267963848409,0.2968530933746498,-1.3531710725098078,False,2013:2014;2014:2015;2015:2016;2020:2021;2021:2022;2022:2022,False,gross_reference_minus_treasury,False,False
2023,2023-06-30,VSTE3,49669856000143,18.4,False,missing,,,False,,,False,,,,,,,,reconstructed,,,,False,False,False,strong_incomplete,7,2017;2021;2022,,,,,,gross_reference_minus_treasury,,,113426924.0,True,cap_is_gross,0.0,113426924.0,,,False,False,False,False,,,,,,,,,,,,False,incompleto,False,gross_reference_minus_treasury,False,False
2023,2023-06-30,VULC3,50926955000142,17.3,True,same_year,Têxtil e Vestuário,False,True,True,True,False,2.7950667665547897,True,True,True,False,False,False,reconstructed,7.0,2013;2014;2015,False,False,False,False,strong_incomplete,4,2013;2014;2015;2016;2019;2020,,,-83133.0,271773.6666666667,True,gross_reference_minus_treasury,22.40177087787316,,245349244.0,True,cap_is_gross,567000.0,245916244.0,False,False,False,False,False,False,0.0,0.0,0.0,0.0,0.0,-1.0,,1.0,22.401726320740742,,,False,incompleto,True,gross_reference_minus_treasury,False,False
2023,2023-06-30,VVEO3,12420164000157,19.86,True,same_year,Comércio (Atacado e Varejo),False,True,True,True,False,1.751918581723682,False,True,True,,,,reconstructed,,,,False,False,False,strong_incomplete,2,2013;2014;2015;2016;2017;2018;2019;2020,,,,,False,gross_reference_minus_treasury,53.46357844533223,,283349760.0,True,cap_is_gross,2773600.0,286123360.0,False,False,False,False,False,False,0.0,0.0,-1.0,0.0,0.0,-1.0,,0.0,53.46357844533223,0.3512725913947756,,False,incompleto,False,gross_reference_minus_treasury,False,False
2023,2023-06-30,WEGE3,84429695000111,37.75,True,same_year,"Máquinas, Equipamentos, Veículos e Peças",False,True,True,True,False,1.914980565391167,False,True,True,True,True,True,reconstructed,10.0,,True,True,True,True,strong_10of10,10,,True,2.4306089718636628,984752.6666666666,3378301.333333333,False,gross_reference_minus_treasury,401.96003275386624,,4196212328.0,True,cap_is_gross,1105670.0,4197317998.0,False,False,False,False,False,False,0.0,0.0,1.0,0.0,1.0,1.0,2.4306089718636628,0.0,401.96003275386624,0.7634081269024444,2.4306089718636628,True,2013:2014;2014:2015;2015:2016;2020:2021;2021:2022;2022:2022,False,gross_reference_minus_treasury,False,False
2023,2023-06-30,WEST3,14776142000150,1.9,False,missing,,,False,,,False,,,,,,,,reconstructed,,,,False,False,False,strong_incomplete,0,2013;2014;2015;2016;2017;2018;2019;2020;2021;2022,,,,,,gross_reference_minus_treasury,,,110404337.0,True,cap_is_gross,0.0,110404337.0,,,False,False,False,False,,,,,,,,,,,,False,incompleto,False,gross_reference_minus_treasury,False,False
2023,2023-06-30,WHRL3,59105999000186,4.6,False,missing,,,False,True,True,False,1.0410367272268397,False,False,True,True,True,True,reconstructed,10.0,,True,True,True,True,strong_10of10,10,,False,0.1663825464872406,602835.6666666666,703137.0,False,gross_reference_minus_treasury,52.68875413437234,,1502786006.0,True,cap_is_gross,0.0,1502786006.0,,,False,False,False,False,,,,,,,,,,0.3465200091104444,0.1663825464872406,False,2013:2014;2014:2015;2015:2016;2020:2021;2021:2022;2022:2022,False,gross_reference_minus_treasury,False,False
2023,2023-06-30,WIZC3,42278473000103,6.3,False,missing,,,False,True,True,False,1.0045648613634697,False,False,False,,,,reconstructed,,,,False,False,False,strong_incomplete,9,2013,,,,,True,gross_reference_minus_treasury,19.84627809744274,,159907282.0,True,cap_is_gross,0.0,159907282.0,,,False,False,False,False,,,,,,,,,,,1.1554957551924954,True,2013:2014;2014:2015;2015:2016;2020:2021;2021:2022;2022:2022,True,gross_reference_minus_treasury,False,False
2023,2023-06-30,YDUQ3,08807432000110,19.82,True,same_year,Educação,False,True,True,True,False,1.8963887140882492,False,True,False,False,False,False,reconstructed,9.0,2022,False,True,True,True,strong_10of10,10,,False,-0.8284817830940603,385008.6666666667,66036.0,,gross_reference_minus_treasury,,,290478851.0,True,cap_is_gross,18610000.0,309088851.0,False,False,False,False,False,False,0.0,0.0,0.0,0.0,1.0,0.0,-0.8216257244755458,-1.0,,,-0.8216257244755458,False,2013:2014;2014:2015;2015:2016;2020:2021;2021:2022;2022:2022,False,gross_reference_minus_treasury,False,False
2023,2023-06-30,ZAMP3,13574594000196,4.55,True,same_year,Alimentos,False,True,True,True,False,1.069262544805736,False,False,True,,,,reconstructed,,,,False,False,False,strong_incomplete,3,2013;2014;2015;2016;2017;2018;2022,,,,,,gross_reference_minus_treasury,,,266772979.0,True,cap_is_gross,8582468.0,275355447.0,False,False,False,False,False,False,0.0,0.0,0.0,0.0,0.0,-1.0,,-1.0,,,,False,incompleto,False,gross_reference_minus_treasury,False,False
