portfolio,date,phase,nav,cash,external_capital,tax_liability,tax_restricted_cash,cash_available,tax_paid,active_lineages,physical_securities,maximum_lineage_weight,hhi,twr_cumulative_pct,valuation_status
V0,2014-06-30,INITIAL,100000.0,0.0,100000.0,0.0,0.0,0.0,0.0,20,20,0.05,0.05000000000000001,0.0,EXACT_B3_CLOSE
V0,2014-07-01,BEFORE_DEPOSIT,,0.0,100000.0,0.0,0.0,0.0,0.0,20,21,,,,MISSING_EXACT_CLOSE:ABCB2
V0,2014-07-01,AFTER_DEPOSIT,,2500.0,102500.0,0.0,0.0,2500.0,0.0,20,21,,,,MISSING_EXACT_CLOSE:ABCB2
V0,2014-07-31,MONTH_END,103482.205631865,2509.258385462185,102500.0,9.258385462184874,9.258385462184874,2500.0,0.0,20,20,0.055292686649139784,0.04783809647147389,,EXACT_B3_CLOSE
V0,2014-08-01,BEFORE_DEPOSIT,104171.60779509612,2509.258385462185,102500.0,9.258385462184874,9.258385462184874,2500.0,0.0,20,20,0.05593786704271942,0.047849440702663615,,EXACT_B3_CLOSE
V0,2014-08-01,AFTER_DEPOSIT,106671.60779509612,9.258385462185288,105000.0,9.258385462184874,9.258385462184874,4.1389114358025836e-13,0.0,20,20,0.05462688401267619,0.05003564497127445,,EXACT_B3_CLOSE
V0,2014-08-29,MONTH_END,118802.33805274754,9.258385462185288,105000.0,9.258385462184874,9.258385462184874,4.1389114358025836e-13,0.0,20,20,0.06048741657287371,0.0503285589622463,,EXACT_B3_CLOSE
V0,2014-09-01,BEFORE_DEPOSIT,118781.47082224887,9.258385462185288,105000.0,9.258385462184874,9.258385462184874,4.1389114358025836e-13,0.0,20,20,0.06229927907757404,0.05040796611748238,,EXACT_B3_CLOSE
V0,2014-09-01,AFTER_DEPOSIT,121281.47082224887,9.258385462184833,107500.0,9.258385462184874,9.258385462184874,0.0,0.0,20,20,0.06101509117452493,0.05027878607838107,,EXACT_B3_CLOSE
V0,2014-09-30,MONTH_END,110037.62659308374,9.258385462184833,107500.0,9.258385462184874,9.258385462184874,0.0,0.0,20,20,0.06280565444204429,0.05059293513437328,,EXACT_B3_CLOSE
V0,2014-10-01,BEFORE_DEPOSIT,107322.37321985574,9.258385462184833,107500.0,9.258385462184874,9.258385462184874,0.0,0.0,20,20,0.06017109069366772,0.050451667098947155,,EXACT_B3_CLOSE
V0,2014-10-01,AFTER_DEPOSIT,109822.37321985574,9.258385462184833,110000.0,9.258385462184874,9.258385462184874,0.0,0.0,20,20,0.058801354069664656,0.05028623834620223,,EXACT_B3_CLOSE
V0,2014-10-31,MONTH_END,113172.40034279943,9.258385462184833,110000.0,9.258385462184874,9.258385462184874,0.0,0.0,20,20,0.06371923958199087,0.050584944705947155,,EXACT_B3_CLOSE
V0,2014-11-03,BEFORE_DEPOSIT,112242.55500130892,9.258385462184833,110000.0,9.258385462184874,9.258385462184874,0.0,0.0,20,20,0.06377948961335272,0.05060037947734928,,EXACT_B3_CLOSE
V0,2014-11-03,AFTER_DEPOSIT,114742.55500130892,9.258385462184833,112500.0,9.258385462184874,9.258385462184874,0.0,0.0,20,20,0.06238986809035663,0.05038139101865962,,EXACT_B3_CLOSE
V0,2014-11-28,MONTH_END,119321.48686692258,9.258385462184833,112500.0,9.258385462184874,9.258385462184874,0.0,0.0,20,20,0.06291311448548757,0.050535973281670074,,EXACT_B3_CLOSE
V0,2014-12-01,BEFORE_DEPOSIT,114537.56930611901,9.258385462184833,112500.0,9.258385462184874,9.258385462184874,0.0,0.0,20,20,0.06520462833648394,0.05061404987723695,,EXACT_B3_CLOSE
V0,2014-12-01,AFTER_DEPOSIT,117037.56930611901,9.258385462184833,115000.0,9.258385462184874,9.258385462184874,0.0,0.0,20,20,0.06381181428704957,0.05038044152484764,,EXACT_B3_CLOSE
V0,2014-12-30,MONTH_END,115961.72065110022,9.258385462184833,115000.0,9.258385462184874,9.258385462184874,0.0,0.0,20,20,0.06890330480310224,0.050685769321960616,,EXACT_B3_CLOSE
V0,2015-01-02,BEFORE_DEPOSIT,,9.258385462184833,115000.0,9.258385462184874,9.258385462184874,0.0,0.0,20,21,,,,MISSING_EXACT_CLOSE:ABCB2
V0,2015-01-02,AFTER_DEPOSIT,,2509.258385462185,117500.0,9.258385462184874,9.258385462184874,2500.0,0.0,20,21,,,,MISSING_EXACT_CLOSE:ABCB2
V0,2015-01-30,MONTH_END,107050.49935360951,2512.338937337126,117500.0,12.338937337125879,12.338937337125879,2500.0,0.0,20,20,0.07055636808277697,0.04892233724351008,,EXACT_B3_CLOSE
V0,2015-02-02,BEFORE_DEPOSIT,108788.03817732284,2512.338937337126,117500.0,12.338937337125879,12.338937337125879,2500.0,0.0,20,20,0.06865074287851772,0.04895893665599967,,EXACT_B3_CLOSE
V0,2015-02-02,AFTER_DEPOSIT,111288.03817732284,12.338937337125572,120000.0,12.338937337125879,12.338937337125879,0.0,0.0,20,20,0.06710855685379123,0.050556921093472235,,EXACT_B3_CLOSE
V0,2015-02-27,MONTH_END,120250.63922125187,0.0,120000.0,0.0,0.0,0.0,12.338937337125879,20,20,0.06724631696389934,0.050608882033035395,,EXACT_B3_CLOSE
V0,2015-03-02,BEFORE_DEPOSIT,119300.73336552836,0.0,120000.0,0.0,0.0,0.0,12.338937337125879,20,20,0.06713621049007751,0.05061961761434382,,EXACT_B3_CLOSE
V0,2015-03-02,AFTER_DEPOSIT,121800.73336552836,0.0,122500.0,0.0,0.0,0.0,12.338937337125879,20,20,0.06575821775072759,0.05041970310444416,,EXACT_B3_CLOSE
V0,2015-03-31,MONTH_END,123252.57078690678,0.0,122500.0,0.0,0.0,0.0,12.338937337125879,20,20,0.062484257199173235,0.05061055106093227,,EXACT_B3_CLOSE
V0,2015-04-01,BEFORE_DEPOSIT,126132.41183176519,0.0,122500.0,0.0,0.0,0.0,12.338937337125879,20,20,0.06258406425602102,0.05064262076256399,,EXACT_B3_CLOSE
V0,2015-04-01,AFTER_DEPOSIT,128632.41183176519,0.0,125000.0,0.0,0.0,0.0,12.338937337125879,20,20,0.06136772882071345,0.05042405847826177,,EXACT_B3_CLOSE
V0,2015-04-30,MONTH_END,133383.64427227012,0.0,125000.0,0.0,0.0,0.0,12.338937337125879,20,20,0.0613469474574388,0.05057227071943893,,EXACT_B3_CLOSE
V0,2015-05-04,BEFORE_DEPOSIT,135116.48806608943,0.0,125000.0,0.0,0.0,0.0,12.338937337125879,20,20,0.060845173384753634,0.050552231061155535,,EXACT_B3_CLOSE
V0,2015-05-04,AFTER_DEPOSIT,137616.48806608943,0.0,127500.0,0.0,0.0,0.0,12.338937337125879,20,20,0.05973983393306793,0.050341090819030286,,EXACT_B3_CLOSE
V0,2015-05-29,MONTH_END,128856.87087911053,0.0,127500.0,0.0,0.0,0.0,12.338937337125879,20,20,0.061033421231366534,0.05061064210409669,,EXACT_B3_CLOSE
V0,2015-06-01,BEFORE_DEPOSIT,130093.97737758065,0.0,127500.0,0.0,0.0,0.0,12.338937337125879,20,20,0.06234219164002976,0.050685904777303184,,EXACT_B3_CLOSE
V0,2015-06-01,AFTER_DEPOSIT,132593.97737758065,0.0,130000.0,0.0,0.0,0.0,12.338937337125879,20,20,0.061166757565401665,0.05047514901606986,,EXACT_B3_CLOSE
V0,2015-06-30,MONTH_END,131664.3021515787,0.0,130000.0,0.0,0.0,0.0,12.338937337125879,20,20,0.06419411410582407,0.05083357915268079,,EXACT_B3_CLOSE
V0,2015-06-30,AFTER_JUNE_REVIEW,131664.3021515787,0.0,130000.0,0.0,0.0,0.0,12.338937337125879,19,19,0.06419411410582407,0.05301038977825627,,EXACT_B3_CLOSE
V0,2015-07-01,BEFORE_DEPOSIT,131441.62047343573,0.0,130000.0,0.0,0.0,0.0,12.338937337125879,19,19,0.06363498845922266,0.0530676939497298,,EXACT_B3_CLOSE
V0,2015-07-01,AFTER_DEPOSIT,133941.62047343573,0.0,132500.0,0.0,0.0,0.0,12.338937337125879,19,19,0.062447251065978204,0.0529460141473187,,EXACT_B3_CLOSE
V0,2015-07-31,MONTH_END,131576.1896677972,0.0,132500.0,0.0,0.0,0.0,12.338937337125879,19,19,0.06542322594452753,0.053418907138606295,,EXACT_B3_CLOSE
V0,2015-08-03,BEFORE_DEPOSIT,131335.97077918844,0.0,132500.0,0.0,0.0,0.0,12.338937337125879,19,19,0.06589445875895482,0.05344912689109754,,EXACT_B3_CLOSE
V0,2015-08-03,AFTER_DEPOSIT,133835.97077918844,0.0,135000.0,0.0,0.0,0.0,12.338937337125879,19,19,0.064663577808652,0.05319323703431658,,EXACT_B3_CLOSE
V0,2015-08-31,MONTH_END,116619.13587201695,0.0,135000.0,0.0,0.0,0.0,12.338937337125879,19,19,0.06979758572293655,0.05369943507940901,,EXACT_B3_CLOSE
V0,2015-09-01,BEFORE_DEPOSIT,113262.64725303558,0.0,135000.0,0.0,0.0,0.0,12.338937337125879,19,19,0.06891817870262726,0.0536570410158213,,EXACT_B3_CLOSE
V0,2015-09-01,AFTER_DEPOSIT,115762.64725303558,0.0,137500.0,0.0,0.0,0.0,12.338937337125879,19,19,0.06742982774620898,0.053347045434431854,,EXACT_B3_CLOSE
V0,2015-09-30,MONTH_END,115871.03292711388,0.0,137500.0,0.0,0.0,0.0,12.338937337125879,19,19,0.06923099751380442,0.05400447438263574,,EXACT_B3_CLOSE
V0,2015-10-01,BEFORE_DEPOSIT,115149.10703964744,0.0,137500.0,0.0,0.0,0.0,12.338937337125879,19,19,0.06882837691223542,0.05395147182650211,,EXACT_B3_CLOSE
V0,2015-10-01,AFTER_DEPOSIT,117649.10703964744,0.0,140000.0,0.0,0.0,0.0,12.338937337125879,19,19,0.06736579936608711,0.053568167935611324,,EXACT_B3_CLOSE
V0,2015-10-30,MONTH_END,122487.39048626332,0.0,140000.0,0.0,0.0,0.0,12.338937337125879,19,19,0.0712700219095682,0.05365117716906258,,EXACT_B3_CLOSE
V0,2015-11-03,BEFORE_DEPOSIT,127303.23973782184,0.0,140000.0,0.0,0.0,0.0,12.338937337125879,19,19,0.06965501503532004,0.053586286719962274,,EXACT_B3_CLOSE
V0,2015-11-03,AFTER_DEPOSIT,129803.23973782184,0.0,142500.0,0.0,0.0,0.0,12.338937337125879,19,19,0.06831346502516603,0.05333228717348074,,EXACT_B3_CLOSE
V0,2015-11-30,MONTH_END,125397.2187273283,0.0,142500.0,0.0,0.0,0.0,12.338937337125879,19,19,0.07228956923991722,0.05426739553897669,,EXACT_B3_CLOSE
V0,2015-12-01,BEFORE_DEPOSIT,125241.42858002958,0.0,142500.0,0.0,0.0,0.0,12.338937337125879,19,19,0.07242376038464093,0.05429398040871249,,EXACT_B3_CLOSE
V0,2015-12-01,AFTER_DEPOSIT,127741.42858002958,0.0,145000.0,0.0,0.0,0.0,12.338937337125879,19,19,0.0710063705607267,0.053937158595822675,,EXACT_B3_CLOSE
V0,2015-12-30,MONTH_END,124167.80162742341,0.0,145000.0,0.0,0.0,0.0,12.338937337125879,19,19,0.07462892878441856,0.054358710689205225,,EXACT_B3_CLOSE
V0,2016-01-04,BEFORE_DEPOSIT,119625.07380706871,0.0,145000.0,0.0,0.0,0.0,12.338937337125879,19,19,0.0752593999318665,0.05435275286874127,,EXACT_B3_CLOSE
V0,2016-01-04,AFTER_DEPOSIT,122125.07380706871,0.0,147500.0,0.0,0.0,0.0,12.338937337125879,19,19,0.0737187785511425,0.053974378367040186,,EXACT_B3_CLOSE
V0,2016-01-29,MONTH_END,121315.3305502873,0.0,147500.0,0.0,0.0,0.0,12.338937337125879,19,19,0.07633352631368999,0.05492546019541516,,EXACT_B3_CLOSE
V0,2016-02-01,BEFORE_DEPOSIT,123933.34796760182,0.0,147500.0,0.0,0.0,0.0,12.338937337125879,19,19,0.07493372045905373,0.054666933507118515,,EXACT_B3_CLOSE
V0,2016-02-01,AFTER_DEPOSIT,126433.34796760182,0.0,150000.0,0.0,0.0,0.0,12.338937337125879,19,19,0.07345203620281117,0.05427557851081565,,EXACT_B3_CLOSE
V0,2016-02-29,MONTH_END,131494.42157202357,0.0,150000.0,0.0,0.0,0.0,12.338937337125879,19,19,0.07201277577897382,0.054554549064567116,,EXACT_B3_CLOSE
V0,2016-03-01,BEFORE_DEPOSIT,134505.23643323593,0.0,150000.0,0.0,0.0,0.0,12.338937337125879,19,19,0.07064435938099688,0.05425506929649466,,EXACT_B3_CLOSE
V0,2016-03-01,AFTER_DEPOSIT,137005.23643323593,0.0,152500.0,0.0,0.0,0.0,12.338937337125879,19,19,0.06935527800680753,0.053912159964666674,,EXACT_B3_CLOSE
V0,2016-03-31,MONTH_END,159218.2010104566,0.0,152500.0,0.0,0.0,0.0,12.338937337125879,19,19,0.06511704407191041,0.053576900045357825,,EXACT_B3_CLOSE
V0,2016-04-01,BEFORE_DEPOSIT,160330.4585450058,0.0,152500.0,0.0,0.0,0.0,12.338937337125879,19,19,0.06490737145570233,0.053575119461437566,,EXACT_B3_CLOSE
V0,2016-04-01,AFTER_DEPOSIT,162830.4585450058,0.0,155000.0,0.0,0.0,0.0,12.338937337125879,19,19,0.06391082308207968,0.05334959845520977,,EXACT_B3_CLOSE
V0,2016-04-29,MONTH_END,168509.934013049,0.0,155000.0,0.0,0.0,0.0,12.338937337125879,19,19,0.07073897055320419,0.05408837260893133,,EXACT_B3_CLOSE
V0,2016-05-02,BEFORE_DEPOSIT,167254.75067508596,0.0,155000.0,0.0,0.0,0.0,12.338937337125879,19,19,0.0710709470668236,0.05405487071045776,,EXACT_B3_CLOSE
V0,2016-05-02,AFTER_DEPOSIT,169754.75067508596,0.0,157500.0,0.0,0.0,0.0,12.338937337125879,19,19,0.07002427610792279,0.05379581386318143,,EXACT_B3_CLOSE
V0,2016-05-31,MONTH_END,164750.8285304875,0.0,157500.0,0.0,0.0,0.0,12.338937337125879,19,19,0.08645047678142329,0.05552358161667227,,EXACT_B3_CLOSE
V0,2016-06-01,BEFORE_DEPOSIT,164783.281555768,0.0,157500.0,0.0,0.0,0.0,12.338937337125879,19,19,0.08592461975928861,0.055582142200973315,,EXACT_B3_CLOSE
V0,2016-06-01,AFTER_DEPOSIT,167283.281555768,0.0,160000.0,0.0,0.0,0.0,12.338937337125879,19,19,0.08464050130225913,0.05522578963585714,,EXACT_B3_CLOSE
V0,2016-06-30,MONTH_END,183717.73824760364,0.0,160000.0,0.0,0.0,0.0,12.338937337125879,19,19,0.09006088230862412,0.055362950377315964,,EXACT_B3_CLOSE
V0,2016-06-30,AFTER_JUNE_REVIEW,183717.73824760364,0.0,160000.0,0.0,0.0,0.0,12.338937337125879,18,18,0.0697347198585007,0.056021743377759746,,EXACT_B3_CLOSE
V0,2016-07-01,BEFORE_DEPOSIT,183852.3742324672,0.0,160000.0,0.0,0.0,0.0,12.338937337125879,18,18,0.06905928725615891,0.0560045131595667,,EXACT_B3_CLOSE
V0,2016-07-01,AFTER_DEPOSIT,186352.3742324672,0.0,162500.0,0.0,0.0,0.0,12.338937337125879,18,18,0.06813282619629055,0.055923083795691206,,EXACT_B3_CLOSE
V0,2016-07-29,MONTH_END,213039.64182677428,0.0,162500.0,0.0,0.0,0.0,12.338937337125879,18,18,0.06639093743054146,0.05599118158540959,,EXACT_B3_CLOSE
V0,2016-08-01,BEFORE_DEPOSIT,211501.03366741515,0.0,162500.0,0.0,0.0,0.0,12.338937337125879,18,18,0.06515845085911676,0.05591051268598426,,EXACT_B3_CLOSE
V0,2016-08-01,AFTER_DEPOSIT,214001.03366741515,0.0,165000.0,0.0,0.0,0.0,12.338937337125879,18,18,0.06439725768001767,0.05582067259586315,,EXACT_B3_CLOSE
V0,2016-08-31,MONTH_END,215544.2923297567,0.0,165000.0,0.0,0.0,0.0,12.338937337125879,18,18,0.06390765460582004,0.055911024567021086,,EXACT_B3_CLOSE
V0,2016-09-01,BEFORE_DEPOSIT,218007.21818503726,0.0,165000.0,0.0,0.0,0.0,12.338937337125879,18,18,0.06410682593626228,0.055911405149972344,,EXACT_B3_CLOSE
V0,2016-09-01,AFTER_DEPOSIT,220507.21818503726,0.0,167500.0,0.0,0.0,0.0,12.338937337125879,18,18,0.06338001496762465,0.05582077506418151,,EXACT_B3_CLOSE
V0,2016-09-30,MONTH_END,217558.24376973498,0.0,167500.0,0.0,0.0,0.0,12.338937337125879,18,18,0.06560239702976912,0.05586916282742038,,EXACT_B3_CLOSE
V0,2016-10-03,BEFORE_DEPOSIT,220242.01504135382,0.0,167500.0,0.0,0.0,0.0,12.338937337125879,18,18,0.0643541081399568,0.0558708713772992,,EXACT_B3_CLOSE
V0,2016-10-03,AFTER_DEPOSIT,222742.01504135382,0.0,170000.0,0.0,0.0,0.0,12.338937337125879,18,18,0.06363181391845565,0.05578758092025279,,EXACT_B3_CLOSE
V0,2016-10-31,MONTH_END,245050.41719930046,0.0,170000.0,0.0,0.0,0.0,12.338937337125879,18,18,0.06935154032026594,0.05630566228723083,,EXACT_B3_CLOSE
V0,2016-11-01,BEFORE_DEPOSIT,238915.371625003,0.0,170000.0,0.0,0.0,0.0,12.338937337125879,18,18,0.06784020208286876,0.056221074248032674,,EXACT_B3_CLOSE
V0,2016-11-01,AFTER_DEPOSIT,241415.371625003,0.0,172500.0,0.0,0.0,0.0,12.338937337125879,18,18,0.06713767637348428,0.05610091752529936,,EXACT_B3_CLOSE
V0,2016-11-30,MONTH_END,223813.3319982278,0.0,172500.0,0.0,0.0,0.0,12.338937337125879,18,18,0.07415323417371586,0.05621844543013278,,EXACT_B3_CLOSE
V0,2016-12-01,BEFORE_DEPOSIT,213104.6534266525,0.0,172500.0,0.0,0.0,0.0,12.338937337125879,18,18,0.07274217931271534,0.05619173273778209,,EXACT_B3_CLOSE
V0,2016-12-01,AFTER_DEPOSIT,215604.6534266525,0.0,175000.0,0.0,0.0,0.0,12.338937337125879,18,18,0.0718987121361423,0.056061387539903626,,EXACT_B3_CLOSE
V0,2016-12-29,MONTH_END,224685.18687218687,0.0,175000.0,0.0,0.0,0.0,12.338937337125879,18,18,0.07301903322824486,0.056337167668571726,,EXACT_B3_CLOSE
V0,2017-01-02,BEFORE_DEPOSIT,224433.21163797937,0.0,175000.0,0.0,0.0,0.0,12.338937337125879,18,18,0.07166970091051898,0.05633836683123172,,EXACT_B3_CLOSE
V0,2017-01-02,AFTER_DEPOSIT,226933.21163797937,0.0,177500.0,0.0,0.0,0.0,12.338937337125879,18,18,0.07088015472209183,0.05621128668797731,,EXACT_B3_CLOSE
V0,2017-01-31,MONTH_END,253577.3504129462,0.0,177500.0,0.0,0.0,0.0,12.338937337125879,18,18,0.07791656078393813,0.05694511136614759,,EXACT_B3_CLOSE
V0,2017-02-01,BEFORE_DEPOSIT,253561.4171612103,0.0,177500.0,0.0,0.0,0.0,12.338937337125879,18,18,0.07792145689231007,0.056992364914796555,,EXACT_B3_CLOSE
V0,2017-02-01,AFTER_DEPOSIT,256061.4171612103,0.0,180000.0,0.0,0.0,0.0,12.338937337125879,18,18,0.0771606876815854,0.056838839113252965,,EXACT_B3_CLOSE
V0,2017-02-24,MONTH_END,271876.5559714308,0.0,180000.0,0.0,0.0,0.0,12.338937337125879,18,18,0.07668650334845625,0.05711986863294278,,EXACT_B3_CLOSE
V0,2017-03-01,BEFORE_DEPOSIT,273242.72942351684,0.0,180000.0,0.0,0.0,0.0,12.338937337125879,18,18,0.07758857326731125,0.057192310577621204,,EXACT_B3_CLOSE
V0,2017-03-01,AFTER_DEPOSIT,275742.72942351684,0.0,182500.0,0.0,0.0,0.0,12.338937337125879,18,18,0.07688512250516856,0.057038127158219654,,EXACT_B3_CLOSE
V0,2017-03-31,MONTH_END,266804.41093298735,0.0,182500.0,0.0,0.0,0.0,12.338937337125879,18,18,0.07414085855400536,0.056837084628547585,,EXACT_B3_CLOSE
V0,2017-04-03,BEFORE_DEPOSIT,268659.1407750119,0.0,182500.0,0.0,0.0,0.0,12.338937337125879,18,18,0.07566215777320752,0.05689227459032108,,EXACT_B3_CLOSE
V0,2017-04-03,AFTER_DEPOSIT,271159.1407750119,0.0,185000.0,0.0,0.0,0.0,12.338937337125879,18,18,0.07496457703190415,0.05674623765837549,,EXACT_B3_CLOSE
V0,2017-04-28,MONTH_END,264163.14734750433,0.0,185000.0,0.0,0.0,0.0,12.338937337125879,18,18,0.07434024113707176,0.05688088512840649,,EXACT_B3_CLOSE
V0,2017-05-02,BEFORE_DEPOSIT,270058.3128209114,0.0,185000.0,0.0,0.0,0.0,12.338937337125879,18,18,0.07404866270511899,0.056978429846289265,,EXACT_B3_CLOSE
V0,2017-05-02,AFTER_DEPOSIT,272558.3128209114,0.0,187500.0,0.0,0.0,0.0,12.338937337125879,18,18,0.07336946251912271,0.05682796621280606,,EXACT_B3_CLOSE
V0,2017-05-31,MONTH_END,259846.33923422286,0.0,187500.0,0.0,0.0,0.0,12.338937337125879,18,18,0.0736383100447163,0.056499947105815136,,EXACT_B3_CLOSE
V0,2017-06-01,BEFORE_DEPOSIT,257081.14097608608,0.0,187500.0,0.0,0.0,0.0,12.338937337125879,18,18,0.07282220178216268,0.056364053992339846,,EXACT_B3_CLOSE
V0,2017-06-01,AFTER_DEPOSIT,259581.14097608608,0.0,190000.0,0.0,0.0,0.0,12.338937337125879,18,18,0.07212085844200002,0.056247630025357515,,EXACT_B3_CLOSE
V0,2017-06-30,MONTH_END,262198.88980899844,0.0,190000.0,0.0,0.0,0.0,12.338937337125879,18,18,0.07681672057742293,0.056389611049443365,,EXACT_B3_CLOSE
V0,2017-06-30,AFTER_JUNE_REVIEW,261116.5244438241,1081.3583022316052,190000.0,1081.3583022316036,1081.3583022316036,1.5916157281026244e-12,13.346000279834296,18,18,0.06492144618418375,0.05586537481138124,,EXACT_B3_CLOSE
V0,2017-07-03,BEFORE_DEPOSIT,263113.71113364224,1081.3583022316052,190000.0,1081.3583022316036,1081.3583022316036,1.5916157281026244e-12,13.346000279834296,18,18,0.06516414142597071,0.05585498942591201,,EXACT_B3_CLOSE
V0,2017-07-03,AFTER_DEPOSIT,265613.71113364224,1081.3583022316034,192500.0,1081.3583022316036,1081.3583022316036,0.0,13.346000279834296,18,18,0.06455080579329715,0.05575117908159365,,EXACT_B3_CLOSE
V0,2017-07-31,MONTH_END,276502.5438035903,0.0,192500.0,0.0,0.0,0.0,1094.7043025114378,18,18,0.06826095686626595,0.055922063457080444,,EXACT_B3_CLOSE
V0,2017-08-01,BEFORE_DEPOSIT,278886.6738572275,0.0,192500.0,0.0,0.0,0.0,1094.7043025114378,18,18,0.06864885769806355,0.05593553736690668,,EXACT_B3_CLOSE
V0,2017-08-01,AFTER_DEPOSIT,281386.6738572275,0.0,195000.0,0.0,0.0,0.0,1094.7043025114378,18,18,0.06803894201907074,0.05585003140864731,,EXACT_B3_CLOSE
V0,2017-08-31,MONTH_END,294971.0287058499,0.0,195000.0,0.0,0.0,0.0,1094.7043025114378,18,18,0.07496845434028952,0.0562231583744771,,EXACT_B3_CLOSE
V0,2017-09-01,BEFORE_DEPOSIT,298566.56149854825,0.0,195000.0,0.0,0.0,0.0,1094.7043025114378,18,18,0.07612301419780539,0.056302448065071266,,EXACT_B3_CLOSE
V0,2017-09-01,AFTER_DEPOSIT,301066.56149854825,0.0,197500.0,0.0,0.0,0.0,1094.7043025114378,18,18,0.07549090303093496,0.056200215733987334,,EXACT_B3_CLOSE
V0,2017-09-29,MONTH_END,305555.3904375887,0.0,197500.0,0.0,0.0,0.0,1094.7043025114378,18,18,0.07545120707749368,0.05640808834473726,,EXACT_B3_CLOSE
V0,2017-10-02,BEFORE_DEPOSIT,305517.6457642657,0.0,197500.0,0.0,0.0,0.0,1094.7043025114378,18,18,0.07400607394000139,0.05636945191196168,,EXACT_B3_CLOSE
V0,2017-10-02,AFTER_DEPOSIT,308017.6457642657,0.0,200000.0,0.0,0.0,0.0,1094.7043025114378,18,18,0.07340540970081166,0.056273303343635506,,EXACT_B3_CLOSE
V0,2017-10-31,MONTH_END,298145.3389226808,54.13123171098528,200000.0,54.131231710985276,54.131231710985276,7.105427357601002e-15,1094.7043025114378,18,18,0.06890873538920361,0.056222457078026346,,EXACT_B3_CLOSE
V0,2017-11-01,BEFORE_DEPOSIT,295390.6911176013,54.13123171098528,200000.0,54.131231710985276,54.131231710985276,7.105427357601002e-15,1094.7043025114378,18,18,0.06866276265376123,0.05619898300954297,,EXACT_B3_CLOSE
V0,2017-11-01,AFTER_DEPOSIT,297890.6911176013,54.1312317109855,202500.0,54.131231710985276,54.131231710985276,2.2737367544323206e-13,1094.7043025114378,18,18,0.06808652139563263,0.056095353179141945,,EXACT_B3_CLOSE
V0,2017-11-30,MONTH_END,284666.8910615965,0.0,202500.0,0.0,0.0,0.0,1148.8355342224231,18,18,0.06431485064339947,0.056167939809832396,,EXACT_B3_CLOSE
V0,2017-12-01,BEFORE_DEPOSIT,284920.44046480354,0.0,202500.0,0.0,0.0,0.0,1148.8355342224231,18,18,0.06488366040786528,0.05627540597393031,,EXACT_B3_CLOSE
V0,2017-12-01,AFTER_DEPOSIT,287420.44046480354,0.0,205000.0,0.0,0.0,0.0,1148.8355342224231,18,18,0.06431929848998168,0.05613143791706965,,EXACT_B3_CLOSE
V0,2017-12-28,MONTH_END,301348.8831697639,0.0,205000.0,0.0,0.0,0.0,1148.8355342224231,18,18,0.06744782132621646,0.05631752540141484,,EXACT_B3_CLOSE
V0,2018-01-02,BEFORE_DEPOSIT,304082.4323165638,0.0,205000.0,0.0,0.0,0.0,1148.8355342224231,18,18,0.06735173956067422,0.0563445316676249,,EXACT_B3_CLOSE
V0,2018-01-02,AFTER_DEPOSIT,306582.4323165638,0.0,207500.0,0.0,0.0,0.0,1148.8355342224231,18,18,0.06680252560986367,0.056199134630803206,,EXACT_B3_CLOSE
V0,2018-01-31,MONTH_END,331452.8167492292,0.0,207500.0,0.0,0.0,0.0,1148.8355342224231,18,18,0.07209162730737358,0.05693661455735641,,EXACT_B3_CLOSE
V0,2018-02-01,BEFORE_DEPOSIT,332888.7386597488,0.0,207500.0,0.0,0.0,0.0,1148.8355342224231,18,18,0.0719796474219648,0.056872513676590894,,EXACT_B3_CLOSE
V0,2018-02-01,AFTER_DEPOSIT,335388.7386597488,0.0,210000.0,0.0,0.0,0.0,1148.8355342224231,18,18,0.07144310848128954,0.05673185328712775,,EXACT_B3_CLOSE
V0,2018-02-28,MONTH_END,341035.5363894686,0.0,210000.0,0.0,0.0,0.0,1148.8355342224231,18,18,0.07380937465060065,0.05707601903203184,,EXACT_B3_CLOSE
V0,2018-03-01,BEFORE_DEPOSIT,342175.3273650813,0.0,210000.0,0.0,0.0,0.0,1148.8355342224231,18,18,0.07409148236150351,0.057099192789137825,,EXACT_B3_CLOSE
V0,2018-03-01,AFTER_DEPOSIT,344675.3273650813,0.0,212500.0,0.0,0.0,0.0,1148.8355342224231,18,18,0.07355408182483103,0.05695154783684529,,EXACT_B3_CLOSE
V0,2018-03-29,MONTH_END,350233.4069412067,0.0,212500.0,0.0,0.0,0.0,1148.8355342224231,18,18,0.07846747119469129,0.05719399520026781,,EXACT_B3_CLOSE
V0,2018-04-02,BEFORE_DEPOSIT,345870.917382114,0.0,212500.0,0.0,0.0,0.0,1148.8355342224231,18,18,0.07785001043130206,0.057091804691228626,,EXACT_B3_CLOSE
V0,2018-04-02,AFTER_DEPOSIT,348370.917382114,0.0,215000.0,0.0,0.0,0.0,1148.8355342224231,18,18,0.07729133857792005,0.056966506969917945,,EXACT_B3_CLOSE
V0,2018-04-30,MONTH_END,351430.4552412355,0.0,215000.0,0.0,0.0,0.0,1148.8355342224231,18,18,0.07750576699908944,0.05688162522812474,,EXACT_B3_CLOSE
V0,2018-05-02,BEFORE_DEPOSIT,346161.2419756997,0.0,215000.0,0.0,0.0,0.0,1148.8355342224231,18,18,0.07551305939082116,0.05682942781980793,,EXACT_B3_CLOSE
V0,2018-05-02,AFTER_DEPOSIT,348661.2419756997,0.0,217500.0,0.0,0.0,0.0,1148.8355342224231,18,18,0.0749716093363003,0.05671833704140748,,EXACT_B3_CLOSE
V0,2018-05-30,MONTH_END,313307.6252857057,0.0,217500.0,0.0,0.0,0.0,1148.8355342224231,18,18,0.07208473579813447,0.05665929811050243,,EXACT_B3_CLOSE
V0,2018-06-01,BEFORE_DEPOSIT,320166.7218264987,0.0,217500.0,0.0,0.0,0.0,1148.8355342224231,18,18,0.07264675337082448,0.05673539868655139,,EXACT_B3_CLOSE
V0,2018-06-01,AFTER_DEPOSIT,322666.7218264987,0.0,220000.0,0.0,0.0,0.0,1148.8355342224231,18,18,0.0720838912250197,0.05659639616828398,,EXACT_B3_CLOSE
V0,2018-06-29,MONTH_END,300889.1735002207,0.0,220000.0,0.0,0.0,0.0,1148.8355342224231,18,18,0.07170405355962656,0.0565374276049491,,EXACT_B3_CLOSE
V0,2018-06-29,AFTER_JUNE_REVIEW,300889.1735002207,0.0,220000.0,0.0,0.0,0.0,1148.8355342224231,19,18,0.07170405355962656,0.0565374276049491,,EXACT_B3_CLOSE
V0,2018-07-02,BEFORE_DEPOSIT,301388.6965162346,0.0,220000.0,0.0,0.0,0.0,1148.8355342224231,19,18,0.07003666162813126,0.056422949981288356,,EXACT_B3_CLOSE
V0,2018-07-02,AFTER_DEPOSIT,303888.6965162346,0.0,222500.0,0.0,0.0,0.0,1148.8355342224231,19,19,0.06946049128656354,0.055779457758927585,,EXACT_B3_CLOSE
V0,2018-07-31,MONTH_END,320147.74640414247,0.0,222500.0,0.0,0.0,0.0,1148.8355342224231,19,19,0.08216759060232734,0.05658271964564524,,EXACT_B3_CLOSE
V0,2018-08-01,BEFORE_DEPOSIT,322230.1350414521,0.0,222500.0,0.0,0.0,0.0,1148.8355342224231,19,19,0.08061613121152268,0.05645883469224235,,EXACT_B3_CLOSE
V0,2018-08-01,AFTER_DEPOSIT,324730.1350414521,0.0,225000.0,0.0,0.0,0.0,1148.8355342224231,19,19,0.07999549177501618,0.055988684872320595,,EXACT_B3_CLOSE
V0,2018-08-31,MONTH_END,315519.0581035707,0.0,225000.0,0.0,0.0,0.0,1148.8355342224231,19,19,0.09224818515895239,0.056675500160447784,,EXACT_B3_CLOSE
V0,2018-09-03,BEFORE_DEPOSIT,315020.14751059766,0.0,225000.0,0.0,0.0,0.0,1148.8355342224231,19,19,0.09441456561529997,0.05686360800511318,,EXACT_B3_CLOSE
V0,2018-09-03,AFTER_DEPOSIT,317520.14751059766,0.0,227500.0,0.0,0.0,0.0,1148.8355342224231,19,19,0.09367119101092035,0.0564245565458653,,EXACT_B3_CLOSE
V0,2018-09-28,MONTH_END,319293.20506837696,0.0,227500.0,0.0,0.0,0.0,1148.8355342224231,19,19,0.09848296128768692,0.056864804052740366,,EXACT_B3_CLOSE
V0,2018-10-01,BEFORE_DEPOSIT,315862.018771139,0.0,227500.0,0.0,0.0,0.0,1148.8355342224231,19,19,0.09948561130147575,0.056959181844896574,,EXACT_B3_CLOSE
V0,2018-10-01,AFTER_DEPOSIT,318362.018771139,0.0,230000.0,0.0,0.0,0.0,1148.8355342224231,19,19,0.09870438108684866,0.05657070828651814,,EXACT_B3_CLOSE
V0,2018-10-31,MONTH_END,373548.1541867094,0.0,230000.0,0.0,0.0,0.0,1148.8355342224231,19,19,0.07720793436482226,0.05606648722144605,,EXACT_B3_CLOSE
V0,2018-11-01,BEFORE_DEPOSIT,380708.80650352023,0.0,230000.0,0.0,0.0,0.0,1148.8355342224231,19,19,0.07953100032790852,0.056085558380786875,,EXACT_B3_CLOSE
V0,2018-11-01,AFTER_DEPOSIT,383208.80650352023,0.0,232500.0,0.0,0.0,0.0,1148.8355342224231,19,19,0.07901215134154542,0.055808019967308456,,EXACT_B3_CLOSE
V0,2018-11-30,MONTH_END,402500.0238707587,0.0,232500.0,0.0,0.0,0.0,1148.8355342224231,19,19,0.07632263204587446,0.05607901355562814,,EXACT_B3_CLOSE
V0,2018-12-03,BEFORE_DEPOSIT,405001.1814406449,0.0,232500.0,0.0,0.0,0.0,1148.8355342224231,19,19,0.07574704885934186,0.05601317137672217,,EXACT_B3_CLOSE
V0,2018-12-03,AFTER_DEPOSIT,407501.1814406449,0.0,235000.0,0.0,0.0,0.0,1148.8355342224231,19,19,0.0752823443854091,0.055765181697901386,,EXACT_B3_CLOSE
V0,2018-12-28,MONTH_END,417196.68416178745,0.0,235000.0,0.0,0.0,0.0,1148.8355342224231,19,19,0.07878881999809904,0.05595330328829629,,EXACT_B3_CLOSE
V0,2019-01-02,BEFORE_DEPOSIT,429064.816831258,0.0,235000.0,0.0,0.0,0.0,1148.8355342224231,19,19,0.07904153166953963,0.05596745112527659,,EXACT_B3_CLOSE
V0,2019-01-02,AFTER_DEPOSIT,431564.816831258,0.0,237500.0,0.0,0.0,0.0,1148.8355342224231,19,19,0.0785836541469354,0.05574303831654918,,EXACT_B3_CLOSE
V0,2019-01-31,MONTH_END,479483.01628827315,0.0,237500.0,0.0,0.0,0.0,1148.8355342224231,19,19,0.06956089691010241,0.05498092348001932,,EXACT_B3_CLOSE
V0,2019-02-01,BEFORE_DEPOSIT,480684.7493852939,0.0,237500.0,0.0,0.0,0.0,1148.8355342224231,19,19,0.06804428889863996,0.05492488158089894,,EXACT_B3_CLOSE
V0,2019-02-01,AFTER_DEPOSIT,483184.7493852939,0.0,240000.0,0.0,0.0,0.0,1148.8355342224231,19,19,0.067692227451206,0.054728551598989345,,EXACT_B3_CLOSE
V0,2019-02-28,MONTH_END,472337.87149366643,0.0,240000.0,0.0,0.0,0.0,1148.8355342224231,19,19,0.07512038066414291,0.055427034877787086,,EXACT_B3_CLOSE
V0,2019-03-01,BEFORE_DEPOSIT,470394.0322158316,0.0,240000.0,0.0,0.0,0.0,1148.8355342224231,19,19,0.0757928732729723,0.05544996962332635,,EXACT_B3_CLOSE
V0,2019-03-01,AFTER_DEPOSIT,472894.0322158316,0.0,242500.0,0.0,0.0,0.0,1148.8355342224231,19,19,0.07539218692407806,0.0552435144204163,,EXACT_B3_CLOSE
V0,2019-03-29,MONTH_END,472351.8191439416,0.0,242500.0,0.0,0.0,0.0,1148.8355342224231,19,19,0.07360637078743981,0.055079622510838165,,EXACT_B3_CLOSE
V0,2019-04-01,BEFORE_DEPOSIT,474091.24446959293,0.0,242500.0,0.0,0.0,0.0,1148.8355342224231,19,19,0.07330599462328917,0.05508807151900552,,EXACT_B3_CLOSE
V0,2019-04-01,AFTER_DEPOSIT,476591.24446959293,0.0,245000.0,0.0,0.0,0.0,1148.8355342224231,19,19,0.07292146177950563,0.05489732422015893,,EXACT_B3_CLOSE
V0,2019-04-30,MONTH_END,492021.31120357936,0.0,245000.0,0.0,0.0,0.0,1148.8355342224231,19,19,0.07133569135052238,0.055110019253519944,,EXACT_B3_CLOSE
V0,2019-05-02,BEFORE_DEPOSIT,491633.2833582043,0.0,245000.0,0.0,0.0,0.0,1148.8355342224231,19,19,0.07128610486489806,0.05511237181240669,,EXACT_B3_CLOSE
V0,2019-05-02,AFTER_DEPOSIT,494133.2833582043,0.0,247500.0,0.0,0.0,0.0,1148.8355342224231,19,19,0.07092544253316628,0.054941073780298354,,EXACT_B3_CLOSE
V0,2019-05-31,MONTH_END,509635.77316146775,0.0,247500.0,0.0,0.0,0.0,1148.8355342224231,19,19,0.07170528449058437,0.055113822346099926,,EXACT_B3_CLOSE
V0,2019-06-03,BEFORE_DEPOSIT,511598.39328744926,0.0,247500.0,0.0,0.0,0.0,1148.8355342224231,19,19,0.07070102163974165,0.05507449196563619,,EXACT_B3_CLOSE
V0,2019-06-03,AFTER_DEPOSIT,514098.39328744926,0.0,250000.0,0.0,0.0,0.0,1148.8355342224231,19,19,0.07035721088987898,0.05491487114619163,,EXACT_B3_CLOSE
V0,2019-06-28,MONTH_END,525681.5662808381,0.0,250000.0,0.0,0.0,0.0,1148.8355342224231,19,19,0.07038552462313098,0.054698009172244315,,EXACT_B3_CLOSE
V0,2019-06-28,AFTER_JUNE_REVIEW,525681.5662808381,0.0,250000.0,0.0,0.0,0.0,1148.8355342224231,20,19,0.07038552462313098,0.054698009172244315,,EXACT_B3_CLOSE
V0,2019-07-01,BEFORE_DEPOSIT,524429.2880389832,0.0,250000.0,0.0,0.0,0.0,1148.8355342224231,20,19,0.06995839210588044,0.05470982627822098,,EXACT_B3_CLOSE
V0,2019-07-01,AFTER_DEPOSIT,526929.2880389832,0.0,252500.0,0.0,0.0,0.0,1148.8355342224231,20,20,0.06962647663973584,0.05439500134967008,,EXACT_B3_CLOSE
V0,2019-07-31,MONTH_END,536197.9927656363,0.0,252500.0,0.0,0.0,0.0,1148.8355342224231,20,20,0.06978597799939293,0.05422706608328911,,EXACT_B3_CLOSE
V0,2019-08-01,BEFORE_DEPOSIT,540221.5045148162,0.0,252500.0,0.0,0.0,0.0,1148.8355342224231,20,20,0.07046410938945637,0.05435501182292868,,EXACT_B3_CLOSE
V0,2019-08-01,AFTER_DEPOSIT,542721.5045148162,0.0,255000.0,0.0,0.0,0.0,1148.8355342224231,20,20,0.07013952252122249,0.05406507776057041,,EXACT_B3_CLOSE
V0,2019-08-30,MONTH_END,544589.6036425582,0.0,255000.0,0.0,0.0,0.0,1148.8355342224231,20,20,0.0728346785639833,0.054082833444312646,,EXACT_B3_CLOSE
V0,2019-09-02,BEFORE_DEPOSIT,545240.0924585188,0.0,255000.0,0.0,0.0,0.0,1148.8355342224231,20,20,0.0756241843934155,0.054172922767483936,,EXACT_B3_CLOSE
V0,2019-09-02,AFTER_DEPOSIT,547740.0924585188,0.0,257500.0,0.0,0.0,0.0,1148.8355342224231,20,20,0.07527901984623958,0.05390713324186184,,EXACT_B3_CLOSE
V0,2019-09-30,MONTH_END,545112.0989281925,0.0,257500.0,0.0,0.0,0.0,1148.8355342224231,20,20,0.06928723594809155,0.05344453129946541,,EXACT_B3_CLOSE
V0,2019-10-01,BEFORE_DEPOSIT,541581.1487676792,0.0,257500.0,0.0,0.0,0.0,1148.8355342224231,20,20,0.06962650886002479,0.05353462263124851,,EXACT_B3_CLOSE
V0,2019-10-01,AFTER_DEPOSIT,544081.1487676792,0.0,260000.0,0.0,0.0,0.0,1148.8355342224231,20,20,0.069306581818729,0.05328526522567307,,EXACT_B3_CLOSE
V0,2019-10-31,MONTH_END,556679.164667184,0.0,260000.0,0.0,0.0,0.0,1148.8355342224231,20,20,0.07613530385532355,0.05368221144890894,,EXACT_B3_CLOSE
V0,2019-11-01,BEFORE_DEPOSIT,559659.2488479404,0.0,260000.0,0.0,0.0,0.0,1148.8355342224231,20,20,0.07768878077937515,0.05372501385159395,,EXACT_B3_CLOSE
V0,2019-11-01,AFTER_DEPOSIT,562159.2488479404,0.0,262500.0,0.0,0.0,0.0,1148.8355342224231,20,20,0.07734328801669897,0.05349694669445793,,EXACT_B3_CLOSE
V0,2019-11-29,MONTH_END,571430.760967117,0.0,262500.0,0.0,0.0,0.0,1148.8355342224231,20,20,0.08426878754683795,0.05381501937710356,,EXACT_B3_CLOSE
V0,2019-12-02,BEFORE_DEPOSIT,571080.8836687733,0.0,262500.0,0.0,0.0,0.0,1148.8355342224231,20,20,0.08332056867348038,0.053727101405377585,,EXACT_B3_CLOSE
V0,2019-12-02,AFTER_DEPOSIT,573580.8836687733,0.0,265000.0,0.0,0.0,0.0,1148.8355342224231,20,20,0.08295740904313957,0.053508904072272476,,EXACT_B3_CLOSE
V0,2019-12-30,MONTH_END,632183.3008422068,0.0,265000.0,0.0,0.0,0.0,1148.8355342224231,20,20,0.08624763094012243,0.05375232120862327,,EXACT_B3_CLOSE
V0,2020-01-02,BEFORE_DEPOSIT,638512.4435644315,0.0,265000.0,0.0,0.0,0.0,1148.8355342224231,20,20,0.0849105510791674,0.053599044780743385,,EXACT_B3_CLOSE
V0,2020-01-02,AFTER_DEPOSIT,641012.4435644315,0.0,267500.0,0.0,0.0,0.0,1148.8355342224231,20,20,0.08457939311206533,0.05340705490829438,,EXACT_B3_CLOSE
V0,2020-01-31,MONTH_END,639628.1835949188,0.0,267500.0,0.0,0.0,0.0,1148.8355342224231,20,20,0.09061237778116658,0.053982139716274205,,EXACT_B3_CLOSE
V0,2020-02-03,BEFORE_DEPOSIT,647922.9290334933,0.0,267500.0,0.0,0.0,0.0,1148.8355342224231,20,20,0.09137736965954964,0.054162608098466486,,EXACT_B3_CLOSE
V0,2020-02-03,AFTER_DEPOSIT,650422.9290334933,0.0,270000.0,0.0,0.0,0.0,1148.8355342224231,20,20,0.09102614676448914,0.053972789351162426,,EXACT_B3_CLOSE
V0,2020-02-28,MONTH_END,611209.1272471438,0.0,270000.0,0.0,0.0,0.0,1148.8355342224231,20,20,0.09261698303821055,0.05434093669150868,,EXACT_B3_CLOSE
V0,2020-03-02,BEFORE_DEPOSIT,631299.4070997395,0.0,270000.0,0.0,0.0,0.0,1148.8355342224231,20,20,0.09154523920194549,0.05462488559732872,,EXACT_B3_CLOSE
V0,2020-03-02,AFTER_DEPOSIT,633799.4070997395,0.0,272500.0,0.0,0.0,0.0,1148.8355342224231,20,20,0.09118414214909064,0.054426854571972744,,EXACT_B3_CLOSE
V0,2020-03-31,MONTH_END,451352.7324863752,0.0,272500.0,0.0,0.0,0.0,1148.8355342224231,20,20,0.09357039103026794,0.05520114647721353,,EXACT_B3_CLOSE
V0,2020-04-01,BEFORE_DEPOSIT,437072.62439597526,0.0,272500.0,0.0,0.0,0.0,1148.8355342224231,20,20,0.09223866114684139,0.055291066965418224,,EXACT_B3_CLOSE
V0,2020-04-01,AFTER_DEPOSIT,439572.62439597526,0.0,275000.0,0.0,0.0,0.0,1148.8355342224231,20,20,0.09171406830354509,0.054968216222052946,,EXACT_B3_CLOSE
V0,2020-04-30,MONTH_END,470448.05762254796,0.0,275000.0,0.0,0.0,0.0,1148.8355342224231,20,20,0.09128259090773237,0.05476616930540429,,EXACT_B3_CLOSE
V0,2020-05-04,BEFORE_DEPOSIT,464999.1503858918,0.0,275000.0,0.0,0.0,0.0,1148.8355342224231,20,20,0.09301433371434825,0.05514773663499916,,EXACT_B3_CLOSE
V0,2020-05-04,AFTER_DEPOSIT,467499.1503858918,0.0,277500.0,0.0,0.0,0.0,1148.8355342224231,20,20,0.09251692995630094,0.05484921791237547,,EXACT_B3_CLOSE
V0,2020-05-29,MONTH_END,507246.4074469671,0.0,277500.0,0.0,0.0,0.0,1148.8355342224231,20,20,0.09851116805564383,0.05598516633673541,,EXACT_B3_CLOSE
V0,2020-06-01,BEFORE_DEPOSIT,509597.49123864673,0.0,277500.0,0.0,0.0,0.0,1148.8355342224231,20,20,0.09649210660570813,0.05566009073159612,,EXACT_B3_CLOSE
V0,2020-06-01,AFTER_DEPOSIT,512097.49123864673,0.0,280000.0,0.0,0.0,0.0,1148.8355342224231,20,20,0.09602104343777347,0.05538297967868256,,EXACT_B3_CLOSE
V0,2020-06-30,MONTH_END,536731.9584373027,0.0,280000.0,0.0,0.0,0.0,1148.8355342224231,20,20,0.08945192667051584,0.05510704645381993,,EXACT_B3_CLOSE
V0,2020-06-30,AFTER_JUNE_REVIEW,536731.9584373027,0.0,280000.0,0.0,0.0,0.0,1148.8355342224231,23,20,0.08945192667051584,0.05510704645381993,,EXACT_B3_CLOSE
V0,2020-07-01,BEFORE_DEPOSIT,544877.8071048887,0.0,280000.0,0.0,0.0,0.0,1148.8355342224231,23,20,0.08817258369552108,0.05510054292357605,,EXACT_B3_CLOSE
V0,2020-07-01,AFTER_DEPOSIT,547377.8071048887,0.0,282500.0,0.0,0.0,0.0,1148.8355342224231,23,23,0.08776987928117028,0.054758627244892305,,EXACT_B3_CLOSE
V0,2020-07-31,MONTH_END,571011.0533554057,78.27626921104206,282500.0,78.27626921104206,78.27626921104206,0.0,1148.8355342224231,23,23,0.09176846582471683,0.05516721044110637,,EXACT_B3_CLOSE
V0,2020-08-03,BEFORE_DEPOSIT,564679.4462145247,78.27626921104206,282500.0,78.27626921104206,78.27626921104206,0.0,1148.8355342224231,23,23,0.08828198978699274,0.05485870387165781,,EXACT_B3_CLOSE
V0,2020-08-03,AFTER_DEPOSIT,567179.4462145247,78.27626921104184,285000.0,78.27626921104206,78.27626921104206,0.0,1148.8355342224231,23,23,0.08789286254350655,0.05453963157105825,,EXACT_B3_CLOSE
V0,2020-08-31,MONTH_END,532120.5164851728,0.0,285000.0,0.0,0.0,0.0,1227.1118034334652,23,23,0.09165130188995249,0.05452855743883889,,EXACT_B3_CLOSE
V0,2020-09-01,BEFORE_DEPOSIT,542867.5971913803,0.0,285000.0,0.0,0.0,0.0,1227.1118034334652,23,23,0.09201810573445111,0.05457616641917703,,EXACT_B3_CLOSE
V0,2020-09-01,AFTER_DEPOSIT,545367.5971913803,0.0,287500.0,0.0,0.0,0.0,1227.1118034334652,23,23,0.09159628884338378,0.05426508736257416,,EXACT_B3_CLOSE
V0,2020-09-30,MONTH_END,507067.9984355728,0.0,287500.0,0.0,0.0,0.0,1227.1118034334652,23,23,0.09653754873331395,0.054847030407712584,,EXACT_B3_CLOSE
V0,2020-10-01,BEFORE_DEPOSIT,511173.4022353251,0.0,287500.0,0.0,0.0,0.0,1227.1118034334652,23,23,0.09574678050602776,0.05478874016090518,,EXACT_B3_CLOSE
V0,2020-10-01,AFTER_DEPOSIT,513673.4022353251,0.0,290000.0,0.0,0.0,0.0,1227.1118034334652,23,23,0.09528078995595561,0.05446866584443113,,EXACT_B3_CLOSE
V0,2020-10-30,MONTH_END,503097.69556145405,0.0,290000.0,0.0,0.0,0.0,1227.1118034334652,23,23,0.09690712240759758,0.05447941856301933,,EXACT_B3_CLOSE
V0,2020-11-03,BEFORE_DEPOSIT,511869.9503582469,0.0,290000.0,0.0,0.0,0.0,1227.1118034334652,23,23,0.10024309344262346,0.05473408499541967,,EXACT_B3_CLOSE
V0,2020-11-03,AFTER_DEPOSIT,514369.9503582469,0.0,292500.0,0.0,0.0,0.0,1227.1118034334652,23,23,0.09975588042904827,0.05441932255736988,,EXACT_B3_CLOSE
V0,2020-11-30,MONTH_END,565002.7715712836,0.0,292500.0,0.0,0.0,0.0,1227.1118034334652,23,23,0.09538499538512607,0.05393419003651706,,EXACT_B3_CLOSE
V0,2020-12-01,BEFORE_DEPOSIT,575250.8792099983,0.0,292500.0,0.0,0.0,0.0,1227.1118034334652,23,23,0.09597742086398336,0.053866897931981454,,EXACT_B3_CLOSE
V0,2020-12-01,AFTER_DEPOSIT,577750.8792099983,0.0,295000.0,0.0,0.0,0.0,1227.1118034334652,23,23,0.09556211461211223,0.053594118543582335,,EXACT_B3_CLOSE
V0,2020-12-30,MONTH_END,611630.6902710864,0.0,295000.0,0.0,0.0,0.0,1227.1118034334652,23,23,0.10084310310976267,0.05400527651642153,,EXACT_B3_CLOSE
V0,2021-01-04,BEFORE_DEPOSIT,602880.0541333715,0.0,295000.0,0.0,0.0,0.0,1227.1118034334652,23,23,0.10054572662878143,0.053974409777728445,,EXACT_B3_CLOSE
V0,2021-01-04,AFTER_DEPOSIT,605380.0541333715,0.0,297500.0,0.0,0.0,0.0,1227.1118034334652,23,23,0.10013050925441354,0.05371666736072483,,EXACT_B3_CLOSE
V0,2021-01-29,MONTH_END,575577.7936805901,0.0,297500.0,0.0,0.0,0.0,1227.1118034334652,23,23,0.09334646957087676,0.053382634370221865,,EXACT_B3_CLOSE
V0,2021-02-01,BEFORE_DEPOSIT,583145.8051276084,0.0,297500.0,0.0,0.0,0.0,1227.1118034334652,23,23,0.09230439372279114,0.05325754547527741,,EXACT_B3_CLOSE
V0,2021-02-01,AFTER_DEPOSIT,585645.8051276084,0.0,300000.0,0.0,0.0,0.0,1227.1118034334652,23,23,0.09191036548543922,0.05300160916648156,,EXACT_B3_CLOSE
V0,2021-02-26,MONTH_END,531824.4095319725,0.0,300000.0,0.0,0.0,0.0,1227.1118034334652,23,23,0.09065732126146323,0.05290339929990862,,EXACT_B3_CLOSE
V0,2021-03-01,BEFORE_DEPOSIT,523563.6525280683,0.0,300000.0,0.0,0.0,0.0,1227.1118034334652,23,23,0.0927322268594212,0.05313670751431126,,EXACT_B3_CLOSE
V0,2021-03-01,AFTER_DEPOSIT,526063.6525280683,0.0,302500.0,0.0,0.0,0.0,1227.1118034334652,23,23,0.0922915376651869,0.05285548185650804,,EXACT_B3_CLOSE
V0,2021-03-31,MONTH_END,580998.4486639248,0.0,302500.0,0.0,0.0,0.0,1227.1118034334652,23,23,0.10100348032079805,0.05429598466697465,,EXACT_B3_CLOSE
V0,2021-04-01,BEFORE_DEPOSIT,569795.4346176453,0.0,302500.0,0.0,0.0,0.0,1227.1118034334652,23,23,0.09329477691224873,0.053623152929203693,,EXACT_B3_CLOSE
V0,2021-04-01,AFTER_DEPOSIT,572295.4346176453,0.0,305000.0,0.0,0.0,0.0,1227.1118034334652,23,23,0.09288723051545378,0.05336872605101323,,EXACT_B3_CLOSE
V0,2021-04-30,MONTH_END,572997.6895640123,0.0,305000.0,0.0,0.0,0.0,1227.1118034334652,23,23,0.09247511086559206,0.05346166714967699,,EXACT_B3_CLOSE
V0,2021-05-03,BEFORE_DEPOSIT,573989.2849797759,0.0,305000.0,0.0,0.0,0.0,1227.1118034334652,23,23,0.09039826340521165,0.0532376278903938,,EXACT_B3_CLOSE
V0,2021-05-03,AFTER_DEPOSIT,576489.2849797759,0.0,307500.0,0.0,0.0,0.0,1227.1118034334652,23,23,0.09000624283448941,0.05299089523652427,,EXACT_B3_CLOSE
V0,2021-05-31,MONTH_END,598148.6155498862,0.0,307500.0,0.0,0.0,0.0,1227.1118034334652,23,23,0.09028486959576988,0.05287353331077962,,EXACT_B3_CLOSE
V0,2021-06-01,BEFORE_DEPOSIT,607060.1841595396,0.0,307500.0,0.0,0.0,0.0,1227.1118034334652,23,23,0.08882006389749295,0.052740921659577444,,EXACT_B3_CLOSE
V0,2021-06-01,AFTER_DEPOSIT,609560.1841595396,0.0,310000.0,0.0,0.0,0.0,1227.1118034334652,23,23,0.08845578459330923,0.05250856370496655,,EXACT_B3_CLOSE
V0,2021-06-30,MONTH_END,578525.8014087087,0.0,310000.0,0.0,0.0,0.0,1227.1118034334652,23,23,0.08676315958664961,0.05214644586573617,,EXACT_B3_CLOSE
V0,2021-06-30,AFTER_JUNE_REVIEW,578525.8014087087,0.0,310000.0,0.0,0.0,0.0,1227.1118034334652,23,23,0.08677590013799887,0.053203057541978425,,EXACT_B3_CLOSE
V0,2021-07-01,BEFORE_DEPOSIT,573014.1979925509,0.0,310000.0,0.0,0.0,0.0,1227.1118034334652,23,23,0.08761056418178051,0.05318849505692584,,EXACT_B3_CLOSE
V0,2021-07-01,AFTER_DEPOSIT,575514.1979925509,0.0,312500.0,0.0,0.0,0.0,1227.1118034334652,23,23,0.08722998901748667,0.05300440282321381,,EXACT_B3_CLOSE
V0,2021-07-30,MONTH_END,568425.1609920583,0.0,312500.0,0.0,0.0,0.0,1227.1118034334652,23,23,0.09114761207509664,0.05351174376627906,,EXACT_B3_CLOSE
V0,2021-08-02,BEFORE_DEPOSIT,575562.0112613402,0.0,312500.0,0.0,0.0,0.0,1227.1118034334652,23,23,0.09340040735905758,0.053769369815885294,,EXACT_B3_CLOSE
V0,2021-08-02,AFTER_DEPOSIT,578062.0112613402,0.0,315000.0,0.0,0.0,0.0,1227.1118034334652,23,23,0.0929964696951932,0.05358221255752679,,EXACT_B3_CLOSE
V0,2021-08-31,MONTH_END,601697.4293471721,0.0,315000.0,0.0,0.0,0.0,1227.1118034334652,23,23,0.09623767276840298,0.05433264456744666,,EXACT_B3_CLOSE
V0,2021-09-01,BEFORE_DEPOSIT,610319.9957445612,0.0,315000.0,0.0,0.0,0.0,1227.1118034334652,23,23,0.09848450728259406,0.05471209029636301,,EXACT_B3_CLOSE
V0,2021-09-01,AFTER_DEPOSIT,612819.9957445612,0.0,317500.0,0.0,0.0,0.0,1227.1118034334652,23,23,0.0980827396021721,0.054520298089136596,,EXACT_B3_CLOSE
V0,2021-09-30,MONTH_END,586554.543984469,0.0,317500.0,0.0,0.0,0.0,1227.1118034334652,23,23,0.1050727605105185,0.05554678204245966,,EXACT_B3_CLOSE
V0,2021-10-01,BEFORE_DEPOSIT,593267.9237442142,0.0,317500.0,0.0,0.0,0.0,1227.1118034334652,23,23,0.10479747603740217,0.05540302504866886,,EXACT_B3_CLOSE
V0,2021-10-01,AFTER_DEPOSIT,595767.9237442142,0.0,320000.0,0.0,0.0,0.0,1227.1118034334652,23,23,0.10435771807183908,0.05520177163077123,,EXACT_B3_CLOSE
V0,2021-10-29,MONTH_END,566763.4344994205,0.0,320000.0,0.0,0.0,0.0,1227.1118034334652,23,24,0.09550204289206338,0.053886429529175335,,EXACT_B3_CLOSE
V0,2021-11-01,BEFORE_DEPOSIT,575156.1720976527,0.0,320000.0,0.0,0.0,0.0,1227.1118034334652,23,24,0.09458536834638047,0.05373812174865804,,EXACT_B3_CLOSE
V0,2021-11-01,AFTER_DEPOSIT,577656.1720976527,0.0,322500.0,0.0,0.0,0.0,1227.1118034334652,23,24,0.0941760185769367,0.053555288149551336,,EXACT_B3_CLOSE
V0,2021-11-30,MONTH_END,584698.7909226044,0.0,322500.0,0.0,0.0,0.0,1227.1118034334652,23,24,0.09601275990397844,0.05375955723005748,,EXACT_B3_CLOSE
V0,2021-12-01,BEFORE_DEPOSIT,582266.6211073465,0.0,322500.0,0.0,0.0,0.0,1227.1118034334652,23,24,0.09594273489251848,0.053777584040530936,,EXACT_B3_CLOSE
V0,2021-12-01,AFTER_DEPOSIT,584766.6211073465,0.0,325000.0,0.0,0.0,0.0,1227.1118034334652,23,24,0.09553255957030687,0.053596083966987,,EXACT_B3_CLOSE
V0,2021-12-30,MONTH_END,589267.0524408688,0.0,325000.0,0.0,0.0,0.0,1227.1118034334652,23,24,0.09992323517569444,0.0547264387805351,,EXACT_B3_CLOSE
V0,2022-01-03,BEFORE_DEPOSIT,583505.7785344255,0.0,325000.0,0.0,0.0,0.0,1227.1118034334652,23,24,0.10243340060747015,0.05493702432962386,,EXACT_B3_CLOSE
V0,2022-01-03,AFTER_DEPOSIT,586005.7785344255,0.0,327500.0,0.0,0.0,0.0,1227.1118034334652,23,24,0.10199640235438273,0.05474586460982803,,EXACT_B3_CLOSE
V0,2022-01-31,MONTH_END,624326.0316282155,0.0,327500.0,0.0,0.0,0.0,1227.1118034334652,23,24,0.10690272602863969,0.05453118983889613,,EXACT_B3_CLOSE
V0,2022-02-01,BEFORE_DEPOSIT,623555.5852112278,0.0,327500.0,0.0,0.0,0.0,1227.1118034334652,23,24,0.10718388535689169,0.05461872574316125,,EXACT_B3_CLOSE
V0,2022-02-01,AFTER_DEPOSIT,626055.5852112278,0.0,330000.0,0.0,0.0,0.0,1227.1118034334652,23,24,0.10675587270159076,0.054449565956013045,,EXACT_B3_CLOSE
V0,2022-02-25,MONTH_END,630739.0958971537,0.0,330000.0,0.0,0.0,0.0,1227.1118034334652,23,24,0.10213139466057979,0.05414905309846624,,EXACT_B3_CLOSE
V0,2022-03-02,BEFORE_DEPOSIT,632882.7270349931,0.0,330000.0,0.0,0.0,0.0,1227.1118034334652,23,24,0.10428236814591331,0.054553936664446495,,EXACT_B3_CLOSE
V0,2022-03-02,AFTER_DEPOSIT,635382.7270349931,0.0,332500.0,0.0,0.0,0.0,1227.1118034334652,23,24,0.10387205494526752,0.05439126161381277,,EXACT_B3_CLOSE
V0,2022-03-31,MONTH_END,686682.3645553172,0.0,332500.0,0.0,0.0,0.0,1227.1118034334652,23,24,0.10233912058012,0.05454742088635042,,EXACT_B3_CLOSE
V0,2022-04-01,BEFORE_DEPOSIT,697627.2362027131,0.0,332500.0,0.0,0.0,0.0,1227.1118034334652,23,24,0.10153302439194208,0.054508879271865276,,EXACT_B3_CLOSE
V0,2022-04-01,AFTER_DEPOSIT,700127.2362027131,0.0,335000.0,0.0,0.0,0.0,1227.1118034334652,23,24,0.10117047234732147,0.05436160335949726,,EXACT_B3_CLOSE
V0,2022-04-29,MONTH_END,666120.5414719273,0.0,335000.0,0.0,0.0,0.0,1227.1118034334652,23,24,0.10382355329694302,0.05454812499603121,,EXACT_B3_CLOSE
V0,2022-05-02,BEFORE_DEPOSIT,660359.1731884347,0.0,335000.0,0.0,0.0,0.0,1227.1118034334652,23,24,0.10287541949163685,0.0544921841434654,,EXACT_B3_CLOSE
V0,2022-05-02,AFTER_DEPOSIT,662859.1731884347,0.0,337500.0,0.0,0.0,0.0,1227.1118034334652,23,24,0.10248742071432193,0.05433995415232546,,EXACT_B3_CLOSE
V0,2022-05-31,MONTH_END,687125.2992520091,0.0,337500.0,0.0,0.0,0.0,1227.1118034334652,23,24,0.10731331447791752,0.05479472216750707,,EXACT_B3_CLOSE
V0,2022-06-01,BEFORE_DEPOSIT,683355.5939442146,0.0,337500.0,0.0,0.0,0.0,1227.1118034334652,23,24,0.10731965816509456,0.05472016425082768,,EXACT_B3_CLOSE
V0,2022-06-01,AFTER_DEPOSIT,685855.5939442146,0.0,340000.0,0.0,0.0,0.0,1227.1118034334652,23,24,0.10692846919210712,0.05457096537042845,,EXACT_B3_CLOSE
V0,2022-06-30,MONTH_END,635901.930190006,0.0,340000.0,0.0,0.0,0.0,1227.1118034334652,23,24,0.10746143122031115,0.055013278313039406,,EXACT_B3_CLOSE
V0,2022-06-30,AFTER_JUNE_REVIEW,635901.930190006,0.0,340000.0,0.0,0.0,0.0,1227.1118034334652,23,24,0.10746143122031115,0.055013278313039406,,EXACT_B3_CLOSE
V0,2022-07-01,BEFORE_DEPOSIT,644954.9581298312,0.0,340000.0,0.0,0.0,0.0,1227.1118034334652,23,24,0.10827996252711167,0.05515143327679043,,EXACT_B3_CLOSE
V0,2022-07-01,AFTER_DEPOSIT,647454.9581298312,0.0,342500.0,0.0,0.0,0.0,1227.1118034334652,23,24,0.1078618640896548,0.05498843365044825,,EXACT_B3_CLOSE
V0,2022-07-29,MONTH_END,668243.565862087,0.0,342500.0,0.0,0.0,0.0,1227.1118034334652,23,24,0.10465607663878781,0.05481756080794487,,EXACT_B3_CLOSE
V0,2022-08-01,BEFORE_DEPOSIT,666760.3099425262,0.0,342500.0,0.0,0.0,0.0,1227.1118034334652,23,24,0.10338833516577671,0.05467709401765142,,EXACT_B3_CLOSE
V0,2022-08-01,AFTER_DEPOSIT,669260.3099425262,0.0,345000.0,0.0,0.0,0.0,1227.1118034334652,23,24,0.10300213142102359,0.05452264711606127,,EXACT_B3_CLOSE
V0,2022-08-31,MONTH_END,695749.5297273454,0.0,345000.0,0.0,0.0,0.0,1227.1118034334652,23,24,0.10023096613667132,0.05431127328099638,,EXACT_B3_CLOSE
V0,2022-09-01,BEFORE_DEPOSIT,701094.0817968501,0.0,345000.0,0.0,0.0,0.0,1227.1118034334652,23,24,0.10132208254719485,0.05437257271411253,,EXACT_B3_CLOSE
V0,2022-09-01,AFTER_DEPOSIT,703594.0817968501,0.0,347500.0,0.0,0.0,0.0,1227.1118034334652,23,24,0.10096206643432322,0.05422632655731859,,EXACT_B3_CLOSE
V0,2022-09-30,MONTH_END,689919.6056251545,0.0,347500.0,0.0,0.0,0.0,1227.1118034334652,23,24,0.09542220918285385,0.05337922848288508,,EXACT_B3_CLOSE
V0,2022-10-03,BEFORE_DEPOSIT,733394.9109110704,0.0,347500.0,0.0,0.0,0.0,1227.1118034334652,23,24,0.09331259551996145,0.05372094091684041,,EXACT_B3_CLOSE
V0,2022-10-03,AFTER_DEPOSIT,735894.9109110704,0.0,350000.0,0.0,0.0,0.0,1227.1118034334652,23,24,0.09299559171229672,0.05358693572427336,,EXACT_B3_CLOSE
V0,2022-10-31,MONTH_END,742138.9608778432,0.0,350000.0,0.0,0.0,0.0,1227.1118034334652,23,24,0.09976278117724378,0.054307027101584915,,EXACT_B3_CLOSE
V0,2022-11-01,BEFORE_DEPOSIT,754904.1236366262,0.0,350000.0,0.0,0.0,0.0,1227.1118034334652,23,24,0.10682313124780984,0.05512676631967609,,EXACT_B3_CLOSE
V0,2022-11-01,AFTER_DEPOSIT,757404.1236366262,0.0,352500.0,0.0,0.0,0.0,1227.1118034334652,23,24,0.10647053503162177,0.05498940316282333,,EXACT_B3_CLOSE
V0,2022-11-30,MONTH_END,726565.7282342865,0.0,352500.0,0.0,0.0,0.0,1227.1118034334652,23,24,0.11313874204439389,0.0562292920513117,,EXACT_B3_CLOSE
V0,2022-12-01,BEFORE_DEPOSIT,723149.7805938895,0.0,352500.0,0.0,0.0,0.0,1227.1118034334652,23,24,0.11423591480242777,0.0562561383313309,,EXACT_B3_CLOSE
V0,2022-12-01,AFTER_DEPOSIT,725649.7805938895,0.0,355000.0,0.0,0.0,0.0,1227.1118034334652,23,24,0.11384235058640563,0.05610084422407639,,EXACT_B3_CLOSE
V0,2022-12-29,MONTH_END,717106.7554502839,0.0,355000.0,0.0,0.0,0.0,1227.1118034334652,23,24,0.11221930201744941,0.05606495103368897,,EXACT_B3_CLOSE
V0,2023-01-02,BEFORE_DEPOSIT,697965.090472458,0.0,355000.0,0.0,0.0,0.0,1227.1118034334652,23,24,0.11136136626667555,0.05582707234668599,,EXACT_B3_CLOSE
V0,2023-01-02,AFTER_DEPOSIT,700465.090472458,0.0,357500.0,0.0,0.0,0.0,1227.1118034334652,23,24,0.1109639111765455,0.055672336762574,,EXACT_B3_CLOSE
V0,2023-01-31,MONTH_END,739018.2669481572,0.0,357500.0,0.0,0.0,0.0,1227.1118034334652,23,24,0.10696476438118656,0.05513023987150725,,EXACT_B3_CLOSE
V0,2023-02-01,BEFORE_DEPOSIT,732945.9483924342,0.0,357500.0,0.0,0.0,0.0,1227.1118034334652,23,24,0.10826736014680306,0.05540188801950513,,EXACT_B3_CLOSE
V0,2023-02-01,AFTER_DEPOSIT,735445.9483924342,0.0,360000.0,0.0,0.0,0.0,1227.1118034334652,23,24,0.10789932711737561,0.0552558189338476,,EXACT_B3_CLOSE
V0,2023-02-28,MONTH_END,706439.373977658,0.0,360000.0,0.0,0.0,0.0,1227.1118034334652,23,24,0.10152876732770998,0.05387216051753933,,EXACT_B3_CLOSE
V0,2023-03-01,BEFORE_DEPOSIT,703035.6607537352,0.0,360000.0,0.0,0.0,0.0,1227.1118034334652,23,24,0.10144147529433849,0.053826945686760656,,EXACT_B3_CLOSE
V0,2023-03-01,AFTER_DEPOSIT,705535.6607537352,0.0,362500.0,0.0,0.0,0.0,1227.1118034334652,23,24,0.10108202686055569,0.05369564857550165,,EXACT_B3_CLOSE
V0,2023-03-31,MONTH_END,717827.3224515737,0.0,362500.0,0.0,0.0,0.0,1227.1118034334652,23,24,0.0983590621553543,0.05391532788132096,,EXACT_B3_CLOSE
V0,2023-04-03,BEFORE_DEPOSIT,713575.9289658522,0.0,362500.0,0.0,0.0,0.0,1227.1118034334652,23,24,0.0998005056862232,0.054270053320277956,,EXACT_B3_CLOSE
V0,2023-04-03,AFTER_DEPOSIT,716075.9289658522,0.0,365000.0,0.0,0.0,0.0,1227.1118034334652,23,24,0.09945207718287177,0.05413417390666756,,EXACT_B3_CLOSE
V0,2023-04-28,MONTH_END,761346.2387393162,0.0,365000.0,0.0,0.0,0.0,1227.1118034334652,23,24,0.10716847607944979,0.0545966176565444,,EXACT_B3_CLOSE
V0,2023-05-02,BEFORE_DEPOSIT,755370.0095819951,0.0,365000.0,0.0,0.0,0.0,1227.1118034334652,23,24,0.10801635640745766,0.05478977373951064,,EXACT_B3_CLOSE
V0,2023-05-02,AFTER_DEPOSIT,757870.0095819951,0.0,367500.0,0.0,0.0,0.0,1227.1118034334652,23,24,0.10766004082879056,0.0546580143917225,,EXACT_B3_CLOSE
V0,2023-05-31,MONTH_END,780148.5838931303,0.0,367500.0,0.0,0.0,0.0,1227.1118034334652,23,24,0.09676125090554276,0.05293923607404947,,EXACT_B3_CLOSE
V0,2023-06-01,BEFORE_DEPOSIT,781687.239050696,0.0,367500.0,0.0,0.0,0.0,1227.1118034334652,23,24,0.09696123621894359,0.05289698424595306,,EXACT_B3_CLOSE
V0,2023-06-01,AFTER_DEPOSIT,784187.239050696,0.0,370000.0,0.0,0.0,0.0,1227.1118034334652,23,24,0.09665212242764956,0.05279842518782017,,EXACT_B3_CLOSE
V0,2023-06-30,MONTH_END,860457.1950101547,0.0,370000.0,0.0,0.0,0.0,1227.1118034334652,23,24,0.09801671733442831,0.052962488356776825,,EXACT_B3_CLOSE
V0,2023-06-30,AFTER_JUNE_REVIEW,860457.1950101547,0.0,370000.0,0.0,0.0,0.0,1227.1118034334652,23,24,0.09801671733442831,0.052962488356776825,,EXACT_B3_CLOSE
V0,2023-07-03,BEFORE_DEPOSIT,860341.1850368698,0.0,370000.0,0.0,0.0,0.0,1227.1118034334652,23,24,0.09661092418487216,0.052813224886437714,,EXACT_B3_CLOSE
V0,2023-07-03,AFTER_DEPOSIT,862841.1850368698,0.0,372500.0,0.0,0.0,0.0,1227.1118034334652,23,24,0.09633100325081075,0.052723086611324015,,EXACT_B3_CLOSE
V0,2023-07-31,MONTH_END,861807.9863402442,0.0,372500.0,0.0,0.0,0.0,1227.1118034334652,23,24,0.09868943360391413,0.0532811798087553,,EXACT_B3_CLOSE
V0,2023-08-01,BEFORE_DEPOSIT,858594.2791465538,0.0,372500.0,0.0,0.0,0.0,1227.1118034334652,23,24,0.0998882668052026,0.05333955790178347,,EXACT_B3_CLOSE
V0,2023-08-01,AFTER_DEPOSIT,861094.2791465538,0.0,375000.0,0.0,0.0,0.0,1227.1118034334652,23,24,0.09959826294260522,0.05324313660857145,,EXACT_B3_CLOSE
V0,2023-08-31,MONTH_END,,0.0,375000.0,0.0,0.0,0.0,1227.1118034334652,23,24,,,,MISSING_EXACT_CLOSE:ENBR3
V0,2023-09-01,BEFORE_DEPOSIT,,0.0,375000.0,0.0,0.0,0.0,1227.1118034334652,23,24,,,,MISSING_EXACT_CLOSE:ENBR3
V0,2023-09-01,AFTER_DEPOSIT,,2500.0,377500.0,0.0,0.0,2500.0,1227.1118034334652,23,24,,,,MISSING_EXACT_CLOSE:ENBR3
V0,2023-09-29,MONTH_END,854422.8827820309,2755.336774342104,377500.0,2755.3367743421027,2755.3367743421027,1.3642420526593924e-12,1227.1118034334652,22,23,0.10668663865282893,0.05606922169890256,,EXACT_B3_CLOSE
V0,2023-10-02,BEFORE_DEPOSIT,848605.4564883057,2755.336774342104,377500.0,2755.3367743421027,2755.3367743421027,1.3642420526593924e-12,1227.1118034334652,22,23,0.1055588299677199,0.0559416447634316,,EXACT_B3_CLOSE
V0,2023-10-02,AFTER_DEPOSIT,851105.4564883057,2755.3367743421027,380000.0,2755.3367743421027,2755.3367743421027,0.0,1227.1118034334652,22,23,0.1052487660703409,0.05585268410707741,,EXACT_B3_CLOSE
V0,2023-10-31,MONTH_END,826503.1906480578,0.0,380000.0,0.0,0.0,0.0,3982.4485777755676,22,23,0.10536758308708301,0.05570944226879802,,EXACT_B3_CLOSE
V0,2023-11-01,BEFORE_DEPOSIT,844062.9961729442,0.0,380000.0,0.0,0.0,0.0,3982.4485777755676,22,23,0.10575798851628682,0.055903377973515536,,EXACT_B3_CLOSE
V0,2023-11-01,AFTER_DEPOSIT,846562.9961729442,0.0,382500.0,0.0,0.0,0.0,3982.4485777755676,22,23,0.105445672749491,0.05581323038911851,,EXACT_B3_CLOSE
V0,2023-11-30,MONTH_END,925386.9867843785,0.0,382500.0,0.0,0.0,0.0,3982.4485777755676,22,23,0.10611025065645172,0.05530318034412329,,EXACT_B3_CLOSE
V0,2023-12-01,BEFORE_DEPOSIT,929121.6759920607,0.0,382500.0,0.0,0.0,0.0,3982.4485777755676,22,23,0.10467828308226614,0.05514757512633911,,EXACT_B3_CLOSE
V0,2023-12-01,AFTER_DEPOSIT,931621.6759920607,0.0,385000.0,0.0,0.0,0.0,3982.4485777755676,22,23,0.10439737967002319,0.055076697507653274,,EXACT_B3_CLOSE
V0,2023-12-28,MONTH_END,1006618.6766167503,0.0,385000.0,0.0,0.0,0.0,3982.4485777755676,22,23,0.10682781937720338,0.05554254866534693,,EXACT_B3_CLOSE
V0,2024-01-02,BEFORE_DEPOSIT,989552.0035971701,0.0,385000.0,0.0,0.0,0.0,3982.4485777755676,22,23,0.10646748906618309,0.05547859985814953,,EXACT_B3_CLOSE
V0,2024-01-02,AFTER_DEPOSIT,992052.0035971701,0.0,387500.0,0.0,0.0,0.0,3982.4485777755676,22,23,0.10619918788670829,0.05541159720296035,,EXACT_B3_CLOSE
V0,2024-01-31,MONTH_END,989228.9929968043,0.0,387500.0,0.0,0.0,0.0,3982.4485777755676,22,23,0.10629239698582373,0.05604554179724074,,EXACT_B3_CLOSE
V0,2024-02-01,BEFORE_DEPOSIT,997513.4195724502,0.0,387500.0,0.0,0.0,0.0,3982.4485777755676,22,23,0.10655425615577281,0.05612772373779606,,EXACT_B3_CLOSE
V0,2024-02-01,AFTER_DEPOSIT,1000013.4195724502,0.0,390000.0,0.0,0.0,0.0,3982.4485777755676,22,23,0.10628787409011681,0.05605298006802185,,EXACT_B3_CLOSE
V0,2024-02-29,MONTH_END,996927.2609149754,0.0,390000.0,0.0,0.0,0.0,3982.4485777755676,22,23,0.1064086702180098,0.05593166629220268,,EXACT_B3_CLOSE
V0,2024-03-01,BEFORE_DEPOSIT,994168.8565799436,0.0,390000.0,0.0,0.0,0.0,3982.4485777755676,22,23,0.1051378055870561,0.05586090149249059,,EXACT_B3_CLOSE
V0,2024-03-01,AFTER_DEPOSIT,996668.8565799436,0.0,392500.0,0.0,0.0,0.0,3982.4485777755676,22,23,0.1048740825739085,0.055785714165851465,,EXACT_B3_CLOSE
V0,2024-03-28,MONTH_END,992238.2469164393,0.0,392500.0,0.0,0.0,0.0,3982.4485777755676,22,23,0.10063491883265885,0.05578413345085279,,EXACT_B3_CLOSE
V0,2024-04-01,BEFORE_DEPOSIT,986830.9541650234,0.0,392500.0,0.0,0.0,0.0,3982.4485777755676,22,23,0.10045005986899234,0.05586143462272226,,EXACT_B3_CLOSE
V0,2024-04-01,AFTER_DEPOSIT,989330.9541650234,0.0,395000.0,0.0,0.0,0.0,3982.4485777755676,22,23,0.100196226560113,0.05578072145920565,,EXACT_B3_CLOSE
V0,2024-04-30,MONTH_END,967613.6569210627,0.0,395000.0,0.0,0.0,0.0,3982.4485777755676,22,23,0.09799379288333114,0.055700371692312386,,EXACT_B3_CLOSE
V0,2024-05-02,BEFORE_DEPOSIT,983917.169846511,0.0,395000.0,0.0,0.0,0.0,3982.4485777755676,22,23,0.09944454676922629,0.055983719901094735,,EXACT_B3_CLOSE
V0,2024-05-02,AFTER_DEPOSIT,986417.169846511,0.0,397500.0,0.0,0.0,0.0,3982.4485777755676,22,23,0.09919251205762274,0.05590173469528159,,EXACT_B3_CLOSE
V0,2024-05-31,MONTH_END,961212.1298663274,0.0,397500.0,0.0,0.0,0.0,3982.4485777755676,22,23,0.09853789477646652,0.05559813006202602,,EXACT_B3_CLOSE
V0,2024-06-03,BEFORE_DEPOSIT,970412.396994084,0.0,397500.0,0.0,0.0,0.0,3982.4485777755676,22,23,0.10050599063412341,0.055789245580804926,,EXACT_B3_CLOSE
V0,2024-06-03,AFTER_DEPOSIT,972912.396994084,0.0,400000.0,0.0,0.0,0.0,3982.4485777755676,22,23,0.1002477299958978,0.05571172483824342,,EXACT_B3_CLOSE
V0,2024-06-28,MONTH_END,981810.6419595219,0.0,400000.0,0.0,0.0,0.0,3982.4485777755676,22,23,0.09880794957165999,0.055541360526433554,,EXACT_B3_CLOSE
V0,2024-06-28,AFTER_JUNE_REVIEW,981810.6419595219,0.0,400000.0,0.0,0.0,0.0,3982.4485777755676,24,23,0.09880794957165999,0.055541360526433554,,EXACT_B3_CLOSE
V0,2024-07-01,BEFORE_DEPOSIT,987948.7730156397,0.0,400000.0,0.0,0.0,0.0,3982.4485777755676,24,23,0.09872198027617843,0.055969621656228125,,EXACT_B3_CLOSE
V0,2024-07-01,AFTER_DEPOSIT,990448.7730156397,0.0,402500.0,0.0,0.0,0.0,3982.4485777755676,24,25,0.09847279530325045,0.055817375355128374,,EXACT_B3_CLOSE
V0,2024-07-31,MONTH_END,1028045.2922261806,0.0,402500.0,0.0,0.0,0.0,3982.4485777755676,24,25,0.10238010986546221,0.05675752472973475,,EXACT_B3_CLOSE
V0,2024-08-01,BEFORE_DEPOSIT,1033130.83244168,0.0,402500.0,0.0,0.0,0.0,3982.4485777755676,24,25,0.10318872510163445,0.05698096315492693,,EXACT_B3_CLOSE
V0,2024-08-01,AFTER_DEPOSIT,1035630.83244168,0.0,405000.0,0.0,0.0,0.0,3982.4485777755676,24,25,0.10293962879755293,0.056831142827582795,,EXACT_B3_CLOSE
V0,2024-08-30,MONTH_END,1100309.0043935697,0.0,405000.0,0.0,0.0,0.0,3982.4485777755676,24,25,0.0988795121558249,0.0562246496720367,,EXACT_B3_CLOSE
V0,2024-09-02,BEFORE_DEPOSIT,1102104.3374096055,0.0,405000.0,0.0,0.0,0.0,3982.4485777755676,24,25,0.09985421956966913,0.05632275966962522,,EXACT_B3_CLOSE
V0,2024-09-02,AFTER_DEPOSIT,1104604.3374096055,0.0,407500.0,0.0,0.0,0.0,3982.4485777755676,24,25,0.09962822412454024,0.05618728039073963,,EXACT_B3_CLOSE
V0,2024-09-30,MONTH_END,1084778.5786035089,0.0,407500.0,0.0,0.0,0.0,3982.4485777755676,24,25,0.09798729236464476,0.055990101052188664,,EXACT_B3_CLOSE
V0,2024-10-01,BEFORE_DEPOSIT,1082316.9201489629,0.0,407500.0,0.0,0.0,0.0,3982.4485777755676,24,25,0.09858938250070126,0.05603784461090183,,EXACT_B3_CLOSE
V0,2024-10-01,AFTER_DEPOSIT,1084816.9201489629,0.0,410000.0,0.0,0.0,0.0,3982.4485777755676,24,25,0.09836217968732894,0.05590021965563253,,EXACT_B3_CLOSE
V0,2024-10-31,MONTH_END,1055202.4832682454,0.0,410000.0,0.0,0.0,0.0,3982.4485777755676,24,25,0.0986097406314006,0.05676409282016646,,EXACT_B3_CLOSE
V0,2024-11-01,BEFORE_DEPOSIT,1041311.9695147519,0.0,410000.0,0.0,0.0,0.0,3982.4485777755676,24,25,0.09737862669252592,0.056439747108502775,,EXACT_B3_CLOSE
V0,2024-11-01,AFTER_DEPOSIT,1043811.9695147519,0.0,412500.0,0.0,0.0,0.0,3982.4485777755676,24,25,0.09714539832013575,0.05629651383555812,,EXACT_B3_CLOSE
V0,2024-11-29,MONTH_END,1045540.7576395929,0.0,412500.0,0.0,0.0,0.0,3982.4485777755676,24,25,0.09850649721744442,0.05779624089582132,,EXACT_B3_CLOSE
V0,2024-12-02,BEFORE_DEPOSIT,1037963.3723134086,0.0,412500.0,0.0,0.0,0.0,3982.4485777755676,24,25,0.09912342952746209,0.05790079568815846,,EXACT_B3_CLOSE
V0,2024-12-02,AFTER_DEPOSIT,1040463.3723134086,0.0,415000.0,0.0,0.0,0.0,3982.4485777755676,24,25,0.09888525816995657,0.05774505291738796,,EXACT_B3_CLOSE
V0,2024-12-30,MONTH_END,997546.0814326325,0.0,415000.0,0.0,0.0,0.0,3982.4485777755676,24,25,0.09950646956970613,0.05760536919655362,,EXACT_B3_CLOSE
V0,2025-01-02,BEFORE_DEPOSIT,991581.3056897158,0.0,415000.0,0.0,0.0,0.0,3982.4485777755676,24,25,0.09944861604007507,0.05757317277263444,,EXACT_B3_CLOSE
V0,2025-01-02,AFTER_DEPOSIT,994081.3056897158,0.0,417500.0,0.0,0.0,0.0,3982.4485777755676,24,25,0.09919851422377778,0.05741526118136129,,EXACT_B3_CLOSE
V0,2025-01-31,MONTH_END,1054106.3396793574,0.0,417500.0,0.0,0.0,0.0,3982.4485777755676,24,25,0.09982757004746366,0.05711595207149651,,EXACT_B3_CLOSE
V0,2025-02-03,BEFORE_DEPOSIT,1061309.5267256368,0.0,417500.0,0.0,0.0,0.0,3982.4485777755676,24,25,0.09996776510149494,0.057445722001070496,,EXACT_B3_CLOSE
V0,2025-02-03,AFTER_DEPOSIT,1063809.5267256368,0.0,420000.0,0.0,0.0,0.0,3982.4485777755676,24,25,0.0997328363793176,0.0572990628677376,,EXACT_B3_CLOSE
V0,2025-02-28,MONTH_END,1061729.3051522516,0.0,420000.0,0.0,0.0,0.0,3982.4485777755676,24,25,0.10084782564604589,0.05725862816649952,,EXACT_B3_CLOSE
V0,2025-03-05,BEFORE_DEPOSIT,1067276.9836566218,0.0,420000.0,0.0,0.0,0.0,3982.4485777755676,24,25,0.09951046117339561,0.05703018640427971,,EXACT_B3_CLOSE
V0,2025-03-05,AFTER_DEPOSIT,1069776.9836566218,0.0,422500.0,0.0,0.0,0.0,3982.4485777755676,24,25,0.09927791162640205,0.056885869603765876,,EXACT_B3_CLOSE
V0,2025-03-31,MONTH_END,1102456.174401394,0.0,422500.0,0.0,0.0,0.0,3982.4485777755676,24,25,0.10243599406592051,0.05707783767653139,,EXACT_B3_CLOSE
V0,2025-04-01,BEFORE_DEPOSIT,1110695.731019915,0.0,422500.0,0.0,0.0,0.0,3982.4485777755676,24,25,0.1030434872510914,0.05714500964166235,,EXACT_B3_CLOSE
V0,2025-04-01,AFTER_DEPOSIT,1113195.731019915,0.0,425000.0,0.0,0.0,0.0,3982.4485777755676,24,25,0.10281207357338021,0.05701098232836212,,EXACT_B3_CLOSE
V0,2025-04-30,MONTH_END,1222007.9410550785,0.0,425000.0,0.0,0.0,0.0,3982.4485777755676,24,25,0.10633493334019459,0.05778775188429738,,EXACT_B3_CLOSE
V0,2025-05-02,BEFORE_DEPOSIT,1217293.310573094,0.0,425000.0,0.0,0.0,0.0,3982.4485777755676,24,25,0.10878357200455506,0.05806154652892453,,EXACT_B3_CLOSE
V0,2025-05-02,AFTER_DEPOSIT,1219793.310573094,0.0,427500.0,0.0,0.0,0.0,3982.4485777755676,24,25,0.10856061707632741,0.05793807712381892,,EXACT_B3_CLOSE
V0,2025-05-30,MONTH_END,1265528.6945960333,0.0,427500.0,0.0,0.0,0.0,3982.4485777755676,24,25,0.11283018547795692,0.058555164988446574,,EXACT_B3_CLOSE
V0,2025-06-02,BEFORE_DEPOSIT,1258812.9417776659,0.0,427500.0,0.0,0.0,0.0,3982.4485777755676,24,25,0.11244732387720592,0.05831874022392129,,EXACT_B3_CLOSE
V0,2025-06-02,AFTER_DEPOSIT,1261312.9417776659,0.0,430000.0,0.0,0.0,0.0,3982.4485777755676,24,25,0.11222444634984399,0.05820033978522651,,EXACT_B3_CLOSE
V0,2025-06-30,MONTH_END,1306617.409123304,0.0,430000.0,0.0,0.0,0.0,3982.4485777755676,24,25,0.10747075155407039,0.057951866753224446,,EXACT_B3_CLOSE
V0,2025-06-30,AFTER_JUNE_REVIEW,1306616.2166729413,0.0,430000.0,0.0,0.0,0.0,3983.6410281380618,23,24,0.10747084963454347,0.05873653296589469,,EXACT_B3_CLOSE
V0,2025-07-01,BEFORE_DEPOSIT,1314561.4785946053,0.0,430000.0,0.0,0.0,0.0,3983.6410281380618,23,24,0.10647836604541826,0.05868911588818256,,EXACT_B3_CLOSE
V0,2025-07-01,AFTER_DEPOSIT,1317061.4785946053,0.0,432500.0,0.0,0.0,0.0,3983.6410281380618,23,24,0.10627625253785625,0.058585225883660184,,EXACT_B3_CLOSE
V0,2025-07-31,MONTH_END,1230224.4459513118,0.0,432500.0,0.0,0.0,0.0,3983.6410281380618,23,24,0.10864782090400504,0.05838678555349738,,EXACT_B3_CLOSE
V0,2025-08-01,BEFORE_DEPOSIT,1227585.4029092984,0.0,432500.0,0.0,0.0,0.0,3983.6410281380618,23,24,0.10952402911093057,0.058690755093547785,,EXACT_B3_CLOSE
V0,2025-08-01,AFTER_DEPOSIT,1230085.4029092984,0.0,435000.0,0.0,0.0,0.0,3983.6410281380618,23,24,0.10930143475111641,0.05858040357271239,,EXACT_B3_CLOSE
V0,2025-08-29,MONTH_END,1310918.644443818,0.0,435000.0,0.0,0.0,0.0,3983.6410281380618,23,24,0.10333546816962448,0.05789615304640349,,EXACT_B3_CLOSE
V0,2025-09-01,BEFORE_DEPOSIT,1303154.231761197,0.0,435000.0,0.0,0.0,0.0,3983.6410281380618,23,24,0.10351874917152792,0.05785776263278557,,EXACT_B3_CLOSE
V0,2025-09-01,AFTER_DEPOSIT,1305654.231761197,0.0,437500.0,0.0,0.0,0.0,3983.6410281380618,23,24,0.10332053676074308,0.05776037370391771,,EXACT_B3_CLOSE
V0,2025-09-30,MONTH_END,1373877.7202026176,0.0,437500.0,0.0,0.0,0.0,3983.6410281380618,23,24,0.10565461364667376,0.05819810793272509,,EXACT_B3_CLOSE
V0,2025-10-01,BEFORE_DEPOSIT,1362347.1556842462,0.0,437500.0,0.0,0.0,0.0,3983.6410281380618,23,24,0.10638339926685758,0.05816941889871728,,EXACT_B3_CLOSE
V0,2025-10-01,AFTER_DEPOSIT,1364847.1556842462,0.0,440000.0,0.0,0.0,0.0,3983.6410281380618,23,24,0.10618853605667357,0.05807769834519497,,EXACT_B3_CLOSE
V0,2025-10-31,MONTH_END,1398134.0420020865,0.0,440000.0,0.0,0.0,0.0,3983.6410281380618,23,24,0.11220471556076703,0.058256318709646406,,EXACT_B3_CLOSE
V0,2025-11-03,BEFORE_DEPOSIT,1412086.5765530658,0.0,440000.0,0.0,0.0,0.0,3983.6410281380618,23,24,0.11293168269988561,0.058332076422503425,,EXACT_B3_CLOSE
V0,2025-11-03,AFTER_DEPOSIT,1414586.5765530658,0.0,442500.0,0.0,0.0,0.0,3983.6410281380618,23,24,0.11273209844577961,0.05824525414658729,,EXACT_B3_CLOSE
V0,2025-11-28,MONTH_END,1497232.698176444,0.0,442500.0,0.0,0.0,0.0,3983.6410281380618,23,24,0.10801480399846007,0.0573084245513513,,EXACT_B3_CLOSE
V0,2025-12-01,BEFORE_DEPOSIT,1484641.8736161839,0.0,442500.0,0.0,0.0,0.0,3983.6410281380618,23,24,0.10862720677255795,0.0572775364619479,,EXACT_B3_CLOSE
V0,2025-12-01,AFTER_DEPOSIT,1487141.8736161839,0.0,445000.0,0.0,0.0,0.0,3983.6410281380618,23,24,0.10844459607363986,0.057201200660554195,,EXACT_B3_CLOSE
V0,2025-12-30,MONTH_END,1506003.065802464,876.6392154929795,445000.0,876.6392154929795,876.6392154929795,0.0,3983.6410281380618,23,25,0.1032505397770692,0.05660421781332145,,EXACT_B3_CLOSE
V0,2026-01-02,BEFORE_DEPOSIT,1501283.7277389725,876.6392154929795,445000.0,876.6392154929795,876.6392154929795,0.0,3983.6410281380618,23,25,0.10266365280955629,0.05656339090468987,,EXACT_B3_CLOSE
V0,2026-01-02,AFTER_DEPOSIT,1503783.7277389725,876.6392154929795,447500.0,876.6392154929795,876.6392154929795,0.0,3983.6410281380618,23,25,0.10249297724811116,0.05648976037269811,,EXACT_B3_CLOSE
V0,2026-01-30,MONTH_END,1632282.06599868,0.0,447500.0,0.0,0.0,0.0,4860.280243631041,23,25,0.10251348654765005,0.05618419856849878,,EXACT_B3_CLOSE
V0,2026-02-02,BEFORE_DEPOSIT,1647938.2422352387,0.0,447500.0,0.0,0.0,0.0,4860.280243631041,23,25,0.10161660160350244,0.05604531291397145,,EXACT_B3_CLOSE
V0,2026-02-02,AFTER_DEPOSIT,1650438.2422352387,0.0,450000.0,0.0,0.0,0.0,4860.280243631041,23,25,0.10146267793795244,0.055978944976083245,,EXACT_B3_CLOSE
V0,2026-02-27,MONTH_END,1713731.6348066286,0.0,450000.0,0.0,0.0,0.0,4860.280243631041,23,25,0.10860553511263464,0.057217888729285994,,EXACT_B3_CLOSE
V0,2026-03-02,BEFORE_DEPOSIT,1706425.892013943,0.0,450000.0,0.0,0.0,0.0,4860.280243631041,23,25,0.10959130988840717,0.057265478925452945,,EXACT_B3_CLOSE
V0,2026-03-02,AFTER_DEPOSIT,1708925.892013943,0.0,452500.0,0.0,0.0,0.0,4860.280243631041,23,25,0.10943098797158131,0.057197616464106316,,EXACT_B3_CLOSE
V0,2026-03-31,MONTH_END,1703463.23788802,0.0,452500.0,0.0,0.0,0.0,4860.280243631041,23,25,0.11499897346358542,0.059134357244906406,,EXACT_B3_CLOSE
V0,2026-04-01,BEFORE_DEPOSIT,1716818.9730630815,0.0,452500.0,0.0,0.0,0.0,4860.280243631041,23,25,0.11706234343288703,0.059102030584223794,,EXACT_B3_CLOSE
V0,2026-04-01,AFTER_DEPOSIT,1719318.9730630815,0.0,455000.0,0.0,0.0,0.0,4860.280243631041,23,25,0.11689212728151122,0.059027014980461416,,EXACT_B3_CLOSE
V0,2026-04-30,MONTH_END,1707831.2831165162,0.0,455000.0,0.0,0.0,0.0,4860.280243631041,23,25,0.1199658317012764,0.06021155142298092,,EXACT_B3_CLOSE
V0,2026-05-04,BEFORE_DEPOSIT,1696255.475013067,0.0,455000.0,0.0,0.0,0.0,4860.280243631041,23,25,0.12055662287732537,0.06031382473074374,,EXACT_B3_CLOSE
V0,2026-05-04,AFTER_DEPOSIT,1698755.475013067,0.0,457500.0,0.0,0.0,0.0,4860.280243631041,23,25,0.12037920384225737,0.06023578788325975,,EXACT_B3_CLOSE
V0,2026-05-29,MONTH_END,1566225.4343987626,3256.9118160001744,457500.0,3256.9118160001763,3256.9118160001763,0.0,4860.280243631041,22,24,0.11978777882185893,0.06002044770150827,,EXACT_B3_CLOSE
V0,2026-06-01,BEFORE_DEPOSIT,1548434.0969379775,3256.9118160001744,457500.0,3256.9118160001763,3256.9118160001763,0.0,4860.280243631041,22,24,0.1199158704198024,0.059893740505554544,,EXACT_B3_CLOSE
V0,2026-06-01,AFTER_DEPOSIT,1550934.0969379775,3256.9118160001763,460000.0,3256.9118160001763,3256.9118160001763,0.0,4860.280243631041,22,24,0.11972257421421804,0.05982201374717068,,EXACT_B3_CLOSE
V0,2026-06-30,MONTH_END,1622666.0386220592,0.0,460000.0,0.0,0.0,0.0,8117.1920596312175,22,24,0.11927411293368019,0.06018035664078983,,EXACT_B3_CLOSE
BH padrão,2014-06-30,INITIAL,100000.0,0.0,100000.0,0.0,0.0,0.0,0.0,8,8,0.12500000000000003,0.125,0.0,EXACT_B3_CLOSE
BH padrão,2014-07-01,BEFORE_DEPOSIT,100258.86644191296,0.0,100000.0,0.0,0.0,0.0,0.0,8,8,0.1277531714894816,0.12501292724872037,0.2588664419129527,EXACT_B3_CLOSE
BH padrão,2014-07-01,AFTER_DEPOSIT,102758.86644191296,0.0,102500.0,0.0,0.0,0.0,0.0,8,8,0.12500000000000003,0.125,0.2588664419129527,EXACT_B3_CLOSE
BH padrão,2014-07-31,MONTH_END,106250.68615933007,0.0,102500.0,0.0,0.0,0.0,0.0,8,8,0.1404324089024317,0.1255546954334777,3.6657343727270364,EXACT_B3_CLOSE
BH padrão,2014-08-01,BEFORE_DEPOSIT,106753.11141164138,0.0,102500.0,0.0,0.0,0.0,0.0,8,8,0.14234442003587236,0.12561670032274516,4.1559362211193385,EXACT_B3_CLOSE
BH padrão,2014-08-01,AFTER_DEPOSIT,109253.11141164138,0.0,105000.0,0.0,0.0,0.0,0.0,8,8,0.13908720341758424,0.12531641695931178,4.1559362211193385,EXACT_B3_CLOSE
BH padrão,2014-08-29,MONTH_END,120594.87942277882,0.0,105000.0,0.0,0.0,0.0,0.0,8,8,0.1358918718516575,0.12553539354619514,14.968557027421504,EXACT_B3_CLOSE
BH padrão,2014-09-01,BEFORE_DEPOSIT,119410.46818782238,0.0,105000.0,0.0,0.0,0.0,0.0,8,8,0.13716699765389984,0.12557433285396338,13.839404187253002,EXACT_B3_CLOSE
BH padrão,2014-09-01,AFTER_DEPOSIT,121910.46818782238,0.0,107500.0,0.0,0.0,0.0,0.0,8,8,0.13435413425314222,0.125267343523689,13.839404187253002,EXACT_B3_CLOSE
BH padrão,2014-09-30,MONTH_END,110052.5776043264,0.0,107500.0,0.0,0.0,0.0,0.0,8,8,0.13643371655936684,0.12547958386290814,2.766563445938708,EXACT_B3_CLOSE
BH padrão,2014-10-01,BEFORE_DEPOSIT,107549.5667390679,0.0,107500.0,0.0,0.0,0.0,0.0,8,8,0.13934226711014314,0.12565776949204405,0.4292640342405063,EXACT_B3_CLOSE
BH padrão,2014-10-01,AFTER_DEPOSIT,110049.5667390679,0.0,110000.0,0.0,0.0,0.0,0.0,8,8,0.13617682377313006,0.12531320631810391,0.4292640342405063,EXACT_B3_CLOSE
BH padrão,2014-10-31,MONTH_END,116503.72976210137,0.0,110000.0,0.0,0.0,0.0,0.0,8,8,0.13841873554319437,0.12568447463308535,6.31921763939316,EXACT_B3_CLOSE
BH padrão,2014-11-03,BEFORE_DEPOSIT,116106.76538233683,0.0,110000.0,0.0,0.0,0.0,0.0,8,8,0.14074470020012955,0.12574942154750557,5.956955054551849,EXACT_B3_CLOSE
BH padrão,2014-11-03,AFTER_DEPOSIT,118606.76538233683,0.0,112500.0,0.0,0.0,0.0,0.0,8,8,0.13777807557828717,0.12532570068353693,5.956955054551849,EXACT_B3_CLOSE
BH padrão,2014-11-28,MONTH_END,123583.22913218122,0.0,112500.0,0.0,0.0,0.0,0.0,8,8,0.14157140392821374,0.12554038020165545,10.402662212765911,EXACT_B3_CLOSE
BH padrão,2014-12-01,BEFORE_DEPOSIT,119186.96528201792,0.0,112500.0,0.0,0.0,0.0,0.0,8,8,0.14589090968527746,0.12583328355929518,6.475274684085575,EXACT_B3_CLOSE
BH padrão,2014-12-01,AFTER_DEPOSIT,121686.96528201792,0.0,115000.0,0.0,0.0,0.0,0.0,8,8,0.14289365132348075,0.12545970790834626,6.475274684085575,EXACT_B3_CLOSE
BH padrão,2014-12-30,MONTH_END,120153.79092652343,0.0,115000.0,0.0,0.0,0.0,0.0,8,8,0.1517318849519289,0.1260447886151333,5.133757453694154,EXACT_B3_CLOSE
BH padrão,2015-01-02,BEFORE_DEPOSIT,117599.38142840171,0.0,115000.0,0.0,0.0,0.0,0.0,8,8,0.15288727439261235,0.1262953180712239,2.8986663546778146,EXACT_B3_CLOSE
BH padrão,2015-01-02,AFTER_DEPOSIT,120099.38142840171,0.0,117500.0,0.0,0.0,0.0,0.0,8,8,0.14970475853419893,0.12591858911819007,2.8986663546778146,EXACT_B3_CLOSE
BH padrão,2015-01-30,MONTH_END,121241.25351425409,0.0,117500.0,0.0,0.0,0.0,0.0,8,8,0.15333683561060021,0.12652268380700965,3.876998743940696,EXACT_B3_CLOSE
BH padrão,2015-02-02,BEFORE_DEPOSIT,122861.09306627227,0.0,117500.0,0.0,0.0,0.0,0.0,8,8,0.1516078735119553,0.12628712047343307,5.264843773855321,EXACT_B3_CLOSE
BH padrão,2015-02-02,AFTER_DEPOSIT,125361.09306627227,0.0,120000.0,0.0,0.0,0.0,0.0,8,8,0.148584449940022,0.12591483259646086,5.264843773855321,EXACT_B3_CLOSE
BH padrão,2015-02-27,MONTH_END,133269.6672047492,0.0,120000.0,0.0,0.0,0.0,0.0,8,8,0.15427232588180892,0.12610410079617995,11.90561884049124,EXACT_B3_CLOSE
BH padrão,2015-03-02,BEFORE_DEPOSIT,131286.34004330667,0.0,120000.0,0.0,0.0,0.0,0.0,8,8,0.15385548031264737,0.12616663424425872,10.240232725109166,EXACT_B3_CLOSE
BH padrão,2015-03-02,AFTER_DEPOSIT,133786.34004330667,0.0,122500.0,0.0,0.0,0.0,0.0,8,8,0.15098045808947338,0.12585088052230736,10.240232725109166,EXACT_B3_CLOSE
BH padrão,2015-03-31,MONTH_END,136117.3106065688,0.0,122500.0,0.0,0.0,0.0,0.0,8,8,0.15234240208690458,0.12600633860292113,12.160957496309388,EXACT_B3_CLOSE
BH padrão,2015-04-01,BEFORE_DEPOSIT,139238.60115099972,0.0,122500.0,0.0,0.0,0.0,0.0,8,8,0.1486673667374129,0.12577085092876378,14.732907636431047,EXACT_B3_CLOSE
BH padrão,2015-04-01,AFTER_DEPOSIT,141738.60115099972,0.0,125000.0,0.0,0.0,0.0,0.0,8,8,0.14604515645859423,0.12555398377991875,14.732907636431047,EXACT_B3_CLOSE
BH padrão,2015-04-30,MONTH_END,148568.56894365296,0.0,125000.0,0.0,0.0,0.0,0.0,8,8,0.1666711036413936,0.1270591002768102,20.261550204869128,EXACT_B3_CLOSE
BH padrão,2015-05-04,BEFORE_DEPOSIT,150500.5939869638,0.0,125000.0,0.0,0.0,0.0,0.0,8,8,0.1647720356273349,0.12695070205587583,21.825463274741352,EXACT_B3_CLOSE
BH padrão,2015-05-04,AFTER_DEPOSIT,153000.5939869638,0.0,127500.0,0.0,0.0,0.0,0.0,8,8,0.16207969255640908,0.12664172443295352,21.825463274741352,EXACT_B3_CLOSE
BH padrão,2015-05-29,MONTH_END,148902.7044828676,0.0,127500.0,0.0,0.0,0.0,0.0,8,8,0.17320182929717456,0.12828083631687187,18.562552495925956,EXACT_B3_CLOSE
BH padrão,2015-06-01,BEFORE_DEPOSIT,150634.72385679412,0.0,127500.0,0.0,0.0,0.0,0.0,8,8,0.17443073782090035,0.12839921115485567,19.94165866232036,EXACT_B3_CLOSE
BH padrão,2015-06-01,AFTER_DEPOSIT,153134.72385679412,0.0,130000.0,0.0,0.0,0.0,0.0,8,8,0.17158306987486316,0.12783064216475873,19.94165866232036,EXACT_B3_CLOSE
BH padrão,2015-06-30,MONTH_END,154349.34286748475,0.0,130000.0,0.0,0.0,0.0,0.0,8,8,0.18853227535356312,0.130715763704646,20.893000168125788,EXACT_B3_CLOSE
BH padrão,2015-07-01,BEFORE_DEPOSIT,154970.05158548322,0.0,130000.0,0.0,0.0,0.0,0.0,8,8,0.19105667914650895,0.13121534837012463,21.37916575688226,EXACT_B3_CLOSE
BH padrão,2015-07-01,AFTER_DEPOSIT,157470.05158548322,0.0,132500.0,0.0,0.0,0.0,0.0,8,8,0.1880234566825728,0.1304593671676771,21.37916575688226,EXACT_B3_CLOSE
BH padrão,2015-07-31,MONTH_END,153789.492107811,0.0,132500.0,0.0,0.0,0.0,0.0,8,8,0.20541171168866726,0.13387479453458653,18.54216129526929,EXACT_B3_CLOSE
BH padrão,2015-08-03,BEFORE_DEPOSIT,151476.6822752388,0.0,132500.0,0.0,0.0,0.0,0.0,8,8,0.20131043484091007,0.13317552508730324,16.75942911727457,EXACT_B3_CLOSE
BH padrão,2015-08-03,AFTER_DEPOSIT,153976.6822752388,0.0,135000.0,0.0,0.0,0.0,0.0,8,8,0.19804191340204277,0.13219505289643158,16.75942911727457,EXACT_B3_CLOSE
BH padrão,2015-08-31,MONTH_END,138883.71555431662,0.0,135000.0,0.0,0.0,0.0,0.0,8,8,0.20754007103447586,0.1347269260745672,5.314539202898971,EXACT_B3_CLOSE
BH padrão,2015-09-01,BEFORE_DEPOSIT,135498.55536361295,0.0,135000.0,0.0,0.0,0.0,0.0,8,8,0.20945647308573276,0.13493005824419807,2.747596172976019,EXACT_B3_CLOSE
BH padrão,2015-09-01,AFTER_DEPOSIT,137998.55536361295,0.0,137500.0,0.0,0.0,0.0,0.0,8,8,0.20566193203901972,0.13364560431428754,2.747596172976019,EXACT_B3_CLOSE
BH padrão,2015-09-30,MONTH_END,133578.25606557302,0.0,137500.0,0.0,0.0,0.0,0.0,8,8,0.2131527710440124,0.13549689559323327,-0.543562390546537,EXACT_B3_CLOSE
BH padrão,2015-10-01,BEFORE_DEPOSIT,133502.91305636562,0.0,137500.0,0.0,0.0,0.0,0.0,8,8,0.2163821606625821,0.13632592877850222,-0.5996594494186436,EXACT_B3_CLOSE
BH padrão,2015-10-01,AFTER_DEPOSIT,136002.91305636562,0.0,140000.0,0.0,0.0,0.0,0.0,8,8,0.2124046326118979,0.13499172226323,-0.5996594494186436,EXACT_B3_CLOSE
BH padrão,2015-10-30,MONTH_END,138362.21066309474,0.0,140000.0,0.0,0.0,0.0,0.0,8,8,0.21046694959246146,0.13432539454397666,1.1246785099591206,EXACT_B3_CLOSE
BH padrão,2015-11-03,BEFORE_DEPOSIT,146864.49409038125,0.0,140000.0,0.0,0.0,0.0,0.0,8,8,0.20428213928576383,0.1338952242379651,7.338735614600567,EXACT_B3_CLOSE
BH padrão,2015-11-03,AFTER_DEPOSIT,149364.49409038125,0.0,142500.0,0.0,0.0,0.0,0.0,8,8,0.20086295086803063,0.13286798367758032,7.338735614600567,EXACT_B3_CLOSE
BH padrão,2015-11-30,MONTH_END,146977.0388477693,0.0,142500.0,0.0,0.0,0.0,0.0,8,8,0.19644622745861356,0.1331356533726285,5.623023800765159,EXACT_B3_CLOSE
BH padrão,2015-12-01,BEFORE_DEPOSIT,148557.9236074595,0.0,142500.0,0.0,0.0,0.0,0.0,8,8,0.19896341450839258,0.13403887035842915,6.759104850622011,EXACT_B3_CLOSE
BH padrão,2015-12-01,AFTER_DEPOSIT,151057.9236074595,0.0,145000.0,0.0,0.0,0.0,0.0,8,8,0.19567058137265086,0.13282592455689485,6.759104850622011,EXACT_B3_CLOSE
BH padrão,2015-12-30,MONTH_END,142931.9865114683,0.0,145000.0,0.0,0.0,0.0,0.0,8,8,0.1813684297118732,0.13070651867621777,1.0161570480636817,EXACT_B3_CLOSE
BH padrão,2016-01-04,BEFORE_DEPOSIT,139161.22260967383,0.0,145000.0,0.0,0.0,0.0,0.0,8,8,0.1846027397434112,0.1312350804219098,-1.6488033137953995,EXACT_B3_CLOSE
BH padrão,2016-01-04,AFTER_DEPOSIT,141661.22260967383,0.0,147500.0,0.0,0.0,0.0,0.0,8,8,0.1813449191425673,0.13020259215843588,-1.6488033137953995,EXACT_B3_CLOSE
BH padrão,2016-01-29,MONTH_END,149747.4945912315,0.0,147500.0,0.0,0.0,0.0,0.0,8,8,0.2023889019517309,0.13380150267428964,3.965256140623108,EXACT_B3_CLOSE
BH padrão,2016-02-01,BEFORE_DEPOSIT,153411.48179048538,0.0,147500.0,0.0,0.0,0.0,0.0,8,8,0.20169868246901432,0.13356617360376405,6.509054076650145,EXACT_B3_CLOSE
BH padrão,2016-02-01,AFTER_DEPOSIT,155911.48179048538,0.0,150000.0,0.0,0.0,0.0,0.0,8,8,0.19846449663239873,0.1326728643305861,6.509054076650145,EXACT_B3_CLOSE
BH padrão,2016-02-29,MONTH_END,159585.49169209675,0.0,150000.0,0.0,0.0,0.0,0.0,8,8,0.21065236468254447,0.13595703234467743,9.018909763960758,EXACT_B3_CLOSE
BH padrão,2016-03-01,BEFORE_DEPOSIT,163337.3295399856,0.0,150000.0,0.0,0.0,0.0,0.0,8,8,0.20805032573143414,0.13537986021480608,11.581932676953176,EXACT_B3_CLOSE
BH padrão,2016-03-01,AFTER_DEPOSIT,165837.3295399856,0.0,152500.0,0.0,0.0,0.0,0.0,8,8,0.2049139642392939,0.13438642684613686,11.581932676953176,EXACT_B3_CLOSE
BH padrão,2016-03-31,MONTH_END,188188.7831981296,0.0,152500.0,0.0,0.0,0.0,0.0,8,8,0.20323700044448478,0.13361833700567027,26.620877191033276,EXACT_B3_CLOSE
BH padrão,2016-04-01,BEFORE_DEPOSIT,190100.26411556112,0.0,152500.0,0.0,0.0,0.0,0.0,8,8,0.2040841382437566,0.1337003346331355,27.90699736454161,EXACT_B3_CLOSE
BH padrão,2016-04-01,AFTER_DEPOSIT,192600.26411556112,0.0,155000.0,0.0,0.0,0.0,0.0,8,8,0.2014350746614592,0.13295598751385423,27.90699736454161,EXACT_B3_CLOSE
BH padrão,2016-04-29,MONTH_END,199637.60238543645,0.0,155000.0,0.0,0.0,0.0,0.0,8,8,0.20200498529347197,0.1339350813719324,32.58053616612007,EXACT_B3_CLOSE
BH padrão,2016-05-02,BEFORE_DEPOSIT,198985.69478988374,0.0,155000.0,0.0,0.0,0.0,0.0,8,8,0.2019303500100166,0.1339543779321989,32.1476003989279,EXACT_B3_CLOSE
BH padrão,2016-05-02,AFTER_DEPOSIT,201485.69478988374,0.0,157500.0,0.0,0.0,0.0,0.0,8,8,0.19942483280418474,0.13319773749674246,32.1476003989279,EXACT_B3_CLOSE
BH padrão,2016-05-31,MONTH_END,190613.59630809826,0.0,157500.0,0.0,0.0,0.0,0.0,8,8,0.2219468123791698,0.13792968186297414,25.016961535622784,EXACT_B3_CLOSE
BH padrão,2016-06-01,BEFORE_DEPOSIT,193762.44874043146,0.0,157500.0,0.0,0.0,0.0,0.0,8,8,0.22616749911939282,0.13877798280150833,27.08218653026617,EXACT_B3_CLOSE
BH padrão,2016-06-01,AFTER_DEPOSIT,196262.44874043146,0.0,160000.0,0.0,0.0,0.0,0.0,8,8,0.22328656722729012,0.13777835571456648,27.08218653026617,EXACT_B3_CLOSE
BH padrão,2016-06-30,MONTH_END,203605.61958639452,0.0,160000.0,0.0,0.0,0.0,0.0,8,8,0.22775940805752093,0.13764188249008488,31.836973873231035,EXACT_B3_CLOSE
BH padrão,2016-07-01,BEFORE_DEPOSIT,204366.61511393843,0.0,160000.0,0.0,0.0,0.0,0.0,8,8,0.22428784547747746,0.13689911704969016,32.329727205316175,EXACT_B3_CLOSE
BH padrão,2016-07-01,AFTER_DEPOSIT,206866.61511393843,0.0,162500.0,0.0,0.0,0.0,0.0,8,8,0.22157730848055865,0.1361474495502922,32.329727205316175,EXACT_B3_CLOSE
BH padrão,2016-07-29,MONTH_END,231331.04164749582,0.0,162500.0,0.0,0.0,0.0,0.0,8,8,0.21043118203290587,0.13390908850309385,47.97928422850748,EXACT_B3_CLOSE
BH padrão,2016-08-01,BEFORE_DEPOSIT,230530.20560522864,0.0,162500.0,0.0,0.0,0.0,0.0,8,8,0.211098478100105,0.13396672838786663,47.46700043176708,EXACT_B3_CLOSE
BH padrão,2016-08-01,AFTER_DEPOSIT,233030.20560522864,0.0,165000.0,0.0,0.0,0.0,0.0,8,8,0.20883376656247585,0.13341270273503672,47.46700043176708,EXACT_B3_CLOSE
BH padrão,2016-08-31,MONTH_END,227156.68231860883,0.0,165000.0,0.0,0.0,0.0,0.0,8,8,0.192958896033769,0.1305254561275003,43.75009661324973,EXACT_B3_CLOSE
BH padrão,2016-09-01,BEFORE_DEPOSIT,230087.29495867598,0.0,165000.0,0.0,0.0,0.0,0.0,8,8,0.19008622059958316,0.1300783824893987,45.60465728848793,EXACT_B3_CLOSE
BH padrão,2016-09-01,AFTER_DEPOSIT,232587.29495867598,0.0,167500.0,0.0,0.0,0.0,0.0,8,8,0.18804304987702333,0.12971148203866467,45.60465728848793,EXACT_B3_CLOSE
BH padrão,2016-09-30,MONTH_END,237549.70203465593,0.0,167500.0,0.0,0.0,0.0,0.0,8,8,0.20538203433356592,0.13263610443838306,48.71123102353396,EXACT_B3_CLOSE
BH padrão,2016-10-03,BEFORE_DEPOSIT,241549.41770700924,0.0,167500.0,0.0,0.0,0.0,0.0,8,8,0.20316968243750078,0.13227767331806758,51.21513920058152,EXACT_B3_CLOSE
BH padrão,2016-10-03,AFTER_DEPOSIT,244049.41770700924,0.0,170000.0,0.0,0.0,0.0,0.0,8,8,0.2010884473709884,0.131840418124395,51.21513920058152,EXACT_B3_CLOSE
BH padrão,2016-10-31,MONTH_END,257438.53124935215,0.0,170000.0,0.0,0.0,0.0,0.0,8,8,0.20261054303044737,0.13267068304963725,59.511150258917375,EXACT_B3_CLOSE
BH padrão,2016-11-01,BEFORE_DEPOSIT,249091.9798653975,0.0,170000.0,0.0,0.0,0.0,0.0,8,8,0.20505557650381065,0.13312174066326055,54.3395545172519,EXACT_B3_CLOSE
BH padrão,2016-11-01,AFTER_DEPOSIT,251591.9798653975,0.0,172500.0,0.0,0.0,0.0,0.0,8,8,0.20301799588803032,0.13260060228847625,54.3395545172519,EXACT_B3_CLOSE
BH padrão,2016-11-30,MONTH_END,232977.09837689754,0.0,172500.0,0.0,0.0,0.0,0.0,8,8,0.2037574920415043,0.13286239389738994,42.920221842722306,EXACT_B3_CLOSE
BH padrão,2016-12-01,BEFORE_DEPOSIT,221241.59365987295,0.0,172500.0,0.0,0.0,0.0,0.0,8,8,0.2082773275948498,0.13382017342981792,35.721055275371036,EXACT_B3_CLOSE
BH padrão,2016-12-01,AFTER_DEPOSIT,223741.59365987295,0.0,175000.0,0.0,0.0,0.0,0.0,8,8,0.20595011918236897,0.13319213761839002,35.721055275371036,EXACT_B3_CLOSE
BH padrão,2016-12-29,MONTH_END,234099.67299466114,0.0,175000.0,0.0,0.0,0.0,0.0,8,8,0.1929071103401416,0.1306792579504162,42.00423863411902,EXACT_B3_CLOSE
BH padrão,2017-01-02,BEFORE_DEPOSIT,232251.88643383648,0.0,175000.0,0.0,0.0,0.0,0.0,8,8,0.19266237402831374,0.13066523049640008,40.88337622379756,EXACT_B3_CLOSE
BH padrão,2017-01-02,AFTER_DEPOSIT,234751.88643383648,0.0,177500.0,0.0,0.0,0.0,0.0,8,8,0.1906106080451401,0.13023343959121247,40.88337622379756,EXACT_B3_CLOSE
BH padrão,2017-01-31,MONTH_END,253878.31107713122,0.0,177500.0,0.0,0.0,0.0,0.0,8,8,0.19040760433649362,0.13077493364157772,52.3618581213088,EXACT_B3_CLOSE
BH padrão,2017-02-01,BEFORE_DEPOSIT,251462.65334843105,0.0,177500.0,0.0,0.0,0.0,0.0,8,8,0.18563318899059156,0.13010652463661393,50.91213168123476,EXACT_B3_CLOSE
BH padrão,2017-02-01,AFTER_DEPOSIT,253962.65334843105,0.0,180000.0,0.0,0.0,0.0,0.0,8,8,0.18380582198856324,0.12965534473990586,50.91213168123476,EXACT_B3_CLOSE
BH padrão,2017-02-24,MONTH_END,267994.5453609955,0.0,180000.0,0.0,0.0,0.0,0.0,8,8,0.16357957657697225,0.1277175932941727,59.250297577744426,EXACT_B3_CLOSE
BH padrão,2017-03-01,BEFORE_DEPOSIT,268834.04904382396,0.0,180000.0,0.0,0.0,0.0,0.0,8,8,0.1594999122889494,0.12726524745998258,59.74915553445379,EXACT_B3_CLOSE
BH padrão,2017-03-01,AFTER_DEPOSIT,271334.04904382396,0.0,182500.0,0.0,0.0,0.0,0.0,8,8,0.15803032237891948,0.12694185714706485,59.74915553445379,EXACT_B3_CLOSE
BH padrão,2017-03-31,MONTH_END,267656.4419145209,0.0,182500.0,0.0,0.0,0.0,0.0,8,8,0.16221066473987378,0.12715605351573914,57.58394760952152,EXACT_B3_CLOSE
BH padrão,2017-04-03,BEFORE_DEPOSIT,268678.7783476812,0.0,182500.0,0.0,0.0,0.0,0.0,8,8,0.16200658648454616,0.12712666675366824,58.185852834630516,EXACT_B3_CLOSE
BH padrão,2017-04-03,AFTER_DEPOSIT,271178.7783476812,0.0,185000.0,0.0,0.0,0.0,0.0,8,8,0.16051304606564182,0.12682889428370422,58.185852834630516,EXACT_B3_CLOSE
BH padrão,2017-04-28,MONTH_END,274408.9445635613,0.0,185000.0,0.0,0.0,0.0,0.0,8,8,0.18189665254625342,0.1292457157901586,60.07009540246702,EXACT_B3_CLOSE
BH padrão,2017-05-02,BEFORE_DEPOSIT,281167.8067863978,0.0,185000.0,0.0,0.0,0.0,0.0,8,8,0.18239320616400745,0.12928029460487844,64.01272097009306,EXACT_B3_CLOSE
BH padrão,2017-05-02,AFTER_DEPOSIT,283667.8067863978,0.0,187500.0,0.0,0.0,0.0,0.0,8,8,0.18078575193585325,0.12893449966251305,64.01272097009306,EXACT_B3_CLOSE
BH padrão,2017-05-31,MONTH_END,269655.27003055124,0.0,187500.0,0.0,0.0,0.0,0.0,8,8,0.19758983576813552,0.13158029139906902,55.91087005138653,EXACT_B3_CLOSE
BH padrão,2017-06-01,BEFORE_DEPOSIT,268802.6524500187,0.0,187500.0,0.0,0.0,0.0,0.0,8,8,0.19912506539228342,0.13194919432699737,55.417898603853246,EXACT_B3_CLOSE
BH padrão,2017-06-01,AFTER_DEPOSIT,271302.6524500187,0.0,190000.0,0.0,0.0,0.0,0.0,8,8,0.1972901675061582,0.13150304405158278,55.417898603853246,EXACT_B3_CLOSE
BH padrão,2017-06-30,MONTH_END,271295.4272826081,0.0,190000.0,0.0,0.0,0.0,0.0,8,8,0.1916380103314446,0.13020789142303385,55.41375960880153,EXACT_B3_CLOSE
BH padrão,2017-07-03,BEFORE_DEPOSIT,273450.5061834839,0.0,190000.0,0.0,0.0,0.0,0.0,8,8,0.19037176670385128,0.1300171752342274,56.64831382740183,EXACT_B3_CLOSE
BH padrão,2017-07-03,AFTER_DEPOSIT,275950.5061834839,0.0,192500.0,0.0,0.0,0.0,0.0,8,8,0.18864707547808787,0.12972989867279341,56.64831382740183,EXACT_B3_CLOSE
BH padrão,2017-07-31,MONTH_END,281688.7212065412,0.0,192500.0,0.0,0.0,0.0,0.0,8,8,0.18164514406420554,0.12884913636632805,59.90571574404591,EXACT_B3_CLOSE
BH padrão,2017-08-01,BEFORE_DEPOSIT,285445.4284632163,0.0,192500.0,0.0,0.0,0.0,0.0,8,8,0.1821122188321494,0.12893747265410171,62.038278809213935,EXACT_B3_CLOSE
BH padrão,2017-08-01,AFTER_DEPOSIT,287945.4284632163,0.0,195000.0,0.0,0.0,0.0,0.0,8,8,0.18053108399868378,0.12867834195292416,62.038278809213935,EXACT_B3_CLOSE
BH padrão,2017-08-31,MONTH_END,298630.6863740342,0.0,195000.0,0.0,0.0,0.0,0.0,8,8,0.17220913795811368,0.12799468409061082,68.05129596229804,EXACT_B3_CLOSE
BH padrão,2017-09-01,BEFORE_DEPOSIT,302771.7188845787,0.0,195000.0,0.0,0.0,0.0,0.0,8,8,0.17262144542280394,0.1280904575459028,70.38161870464134,EXACT_B3_CLOSE
BH padrão,2017-09-01,AFTER_DEPOSIT,305271.7188845787,0.0,197500.0,0.0,0.0,0.0,0.0,8,8,0.17120777495528128,0.12782543483759096,70.38161870464134,EXACT_B3_CLOSE
BH padrão,2017-09-29,MONTH_END,313884.69984441734,0.0,197500.0,0.0,0.0,0.0,0.0,8,8,0.17756179635104988,0.12891922212492243,75.18879063387077,EXACT_B3_CLOSE
BH padrão,2017-10-02,BEFORE_DEPOSIT,314646.9096136435,0.0,197500.0,0.0,0.0,0.0,0.0,8,8,0.17864318906865312,0.129142359339418,75.6142035569799,EXACT_B3_CLOSE
BH padrão,2017-10-02,AFTER_DEPOSIT,317146.9096136435,0.0,200000.0,0.0,0.0,0.0,0.0,8,8,0.17723498372553403,0.12878228265995856,75.6142035569799,EXACT_B3_CLOSE
BH padrão,2017-10-31,MONTH_END,320489.7689612941,116.40932393052434,200000.0,116.40932393052434,116.40932393052434,0.0,0.0,8,8,0.18134539393607765,0.12922608102388225,77.46524975716464,EXACT_B3_CLOSE
BH padrão,2017-11-01,BEFORE_DEPOSIT,317491.08336328686,116.40932393052434,200000.0,116.40932393052434,116.40932393052434,0.0,0.0,8,8,0.1847200158559921,0.12982268686959955,75.80478337061413,EXACT_B3_CLOSE
BH padrão,2017-11-01,AFTER_DEPOSIT,319991.08336328686,116.40932393052435,202500.0,116.40932393052434,116.40932393052434,1.4210854715202004e-14,0.0,8,8,0.18327685051905146,0.12947124081667927,75.80478337061413,EXACT_B3_CLOSE
BH padrão,2017-11-30,MONTH_END,319232.862956322,0.0,202500.0,0.0,0.0,0.0,116.40932393052434,8,8,0.20484883232930068,0.1335932691201864,75.38821309311581,EXACT_B3_CLOSE
BH padrão,2017-12-01,BEFORE_DEPOSIT,320912.2566595316,0.0,202500.0,0.0,0.0,0.0,116.40932393052434,8,8,0.20303581355767028,0.13298062042775574,76.31088082211484,EXACT_B3_CLOSE
BH padrão,2017-12-01,AFTER_DEPOSIT,323412.2566595316,0.0,205000.0,0.0,0.0,0.0,116.40932393052434,8,8,0.20146633211891166,0.13253479487507017,76.31088082211484,EXACT_B3_CLOSE
BH padrão,2017-12-28,MONTH_END,336487.6720387472,0.0,205000.0,0.0,0.0,0.0,116.40932393052434,8,8,0.20309881718407727,0.13339525380703543,83.4390522353938,EXACT_B3_CLOSE
BH padrão,2018-01-02,BEFORE_DEPOSIT,341801.355185631,0.0,205000.0,0.0,0.0,0.0,116.40932393052434,8,8,0.19700110463780593,0.13252208472852348,86.33585078506346,EXACT_B3_CLOSE
BH padrão,2018-01-02,AFTER_DEPOSIT,344301.355185631,0.0,207500.0,0.0,0.0,0.0,116.40932393052434,8,8,0.19557066367619838,0.1320603380205815,86.33585078506346,EXACT_B3_CLOSE
BH padrão,2018-01-31,MONTH_END,353914.3219634767,0.0,207500.0,0.0,0.0,0.0,116.40932393052434,8,8,0.17759573096248904,0.13030314228576975,91.5383872146766,EXACT_B3_CLOSE
BH padrão,2018-02-01,BEFORE_DEPOSIT,352924.16715491295,0.0,207500.0,0.0,0.0,0.0,116.40932393052434,8,8,0.1744025938896608,0.12979969714412315,91.00251555491164,EXACT_B3_CLOSE
BH padrão,2018-02-01,AFTER_DEPOSIT,355424.16715491295,0.0,210000.0,0.0,0.0,0.0,116.40932393052434,8,8,0.17317587234111143,0.12938164652734283,91.00251555491164,EXACT_B3_CLOSE
BH padrão,2018-02-28,MONTH_END,346689.5007352419,0.0,210000.0,0.0,0.0,0.0,116.40932393052434,8,8,0.1669312775962902,0.1294106368805437,86.30856558509142,EXACT_B3_CLOSE
BH padrão,2018-03-01,BEFORE_DEPOSIT,348219.9174789596,0.0,210000.0,0.0,0.0,0.0,116.40932393052434,8,8,0.16934028076697832,0.12985486054278908,87.13100107178701,EXACT_B3_CLOSE
BH padrão,2018-03-01,AFTER_DEPOSIT,350719.9174789596,0.0,212500.0,0.0,0.0,0.0,116.40932393052434,8,8,0.16813319020605275,0.1293379849558791,87.13100107178701,EXACT_B3_CLOSE
BH padrão,2018-03-29,MONTH_END,350936.05432841426,0.0,212500.0,0.0,0.0,0.0,116.40932393052434,8,8,0.15900537741047618,0.12856789732015605,87.2463235926683,EXACT_B3_CLOSE
BH padrão,2018-04-02,BEFORE_DEPOSIT,345836.55540260207,0.0,212500.0,0.0,0.0,0.0,116.40932393052434,8,8,0.1605518540331186,0.12888444921756378,84.52542212288228,EXACT_B3_CLOSE
BH padrão,2018-04-02,AFTER_DEPOSIT,348336.55540260207,0.0,215000.0,0.0,0.0,0.0,116.40932393052434,8,8,0.1593995786578888,0.12840485230489568,84.52542212288228,EXACT_B3_CLOSE
BH padrão,2018-04-30,MONTH_END,339874.9532504107,0.0,215000.0,0.0,0.0,0.0,116.40932393052434,8,8,0.15096671800057637,0.12785686998405313,80.04303092749257,EXACT_B3_CLOSE
BH padrão,2018-05-02,BEFORE_DEPOSIT,332828.5581876024,0.0,215000.0,0.0,0.0,0.0,116.40932393052434,8,8,0.14793180450891888,0.12749560990735184,76.31032184702728,EXACT_B3_CLOSE
BH padrão,2018-05-02,AFTER_DEPOSIT,335328.5581876024,0.0,217500.0,0.0,0.0,0.0,116.40932393052434,8,8,0.14682891749782992,0.12709845202562015,76.31032184702728,EXACT_B3_CLOSE
BH padrão,2018-05-30,MONTH_END,311250.6502757124,0.0,217500.0,0.0,0.0,0.0,116.40932393052434,8,8,0.14924740932957464,0.1274604393066227,63.65054805295216,EXACT_B3_CLOSE
BH padrão,2018-06-01,BEFORE_DEPOSIT,315578.9151972159,0.0,217500.0,0.0,0.0,0.0,116.40932393052434,8,8,0.15325203342427332,0.12772191515664158,65.9262796085167,EXACT_B3_CLOSE
BH padrão,2018-06-01,AFTER_DEPOSIT,318078.9151972159,0.0,220000.0,0.0,0.0,0.0,116.40932393052434,8,8,0.152047520753815,0.12721116190525755,65.9262796085167,EXACT_B3_CLOSE
BH padrão,2018-06-29,MONTH_END,302916.7233556829,0.0,220000.0,0.0,0.0,0.0,116.40932393052434,8,8,0.16390535676299248,0.12773723805936973,58.01690252385101,EXACT_B3_CLOSE
BH padrão,2018-07-02,BEFORE_DEPOSIT,302839.7817944663,0.0,220000.0,0.0,0.0,0.0,116.40932393052434,8,8,0.16730495028307085,0.12817479775250132,57.97676585841995,EXACT_B3_CLOSE
BH padrão,2018-07-02,AFTER_DEPOSIT,305339.7817944663,0.0,222500.0,0.0,0.0,0.0,116.40932393052434,8,8,0.1659351242707197,0.127730557165036,57.97676585841995,EXACT_B3_CLOSE
BH padrão,2018-07-31,MONTH_END,336958.99122310505,0.0,222500.0,0.0,0.0,0.0,116.40932393052434,8,8,0.165010146647843,0.12817277458944978,74.33591963517468,EXACT_B3_CLOSE
BH padrão,2018-08-01,BEFORE_DEPOSIT,337539.1481886154,0.0,222500.0,0.0,0.0,0.0,116.40932393052434,8,8,0.1680494156988178,0.12853446989008754,74.63608137814484,EXACT_B3_CLOSE
BH padrão,2018-08-01,AFTER_DEPOSIT,340039.1481886154,0.0,225000.0,0.0,0.0,0.0,116.40932393052434,8,8,0.16681390048980424,0.1281252877483274,74.63608137814484,EXACT_B3_CLOSE
BH padrão,2018-08-31,MONTH_END,331626.94469049724,0.0,225000.0,0.0,0.0,0.0,116.40932393052434,8,8,0.17361579523472742,0.12952652254849228,70.31577219465048,EXACT_B3_CLOSE
BH padrão,2018-09-03,BEFORE_DEPOSIT,329490.8081602693,0.0,225000.0,0.0,0.0,0.0,116.40932393052434,8,8,0.17303934518167471,0.12939182735924531,69.21870288685187,EXACT_B3_CLOSE
BH padrão,2018-09-03,AFTER_DEPOSIT,331990.8081602693,0.0,227500.0,0.0,0.0,0.0,116.40932393052434,8,8,0.17173630198794462,0.1289599059302658,69.21870288685187,EXACT_B3_CLOSE
BH padrão,2018-09-28,MONTH_END,330104.0507272826,0.0,227500.0,0.0,0.0,0.0,116.40932393052434,8,8,0.16441412026128155,0.12918399274231576,68.25700564215586,EXACT_B3_CLOSE
BH padrão,2018-10-01,BEFORE_DEPOSIT,326551.4315555069,0.0,227500.0,0.0,0.0,0.0,116.40932393052434,8,8,0.16360983976010562,0.129007584376145,66.44620367619109,EXACT_B3_CLOSE
BH padrão,2018-10-01,AFTER_DEPOSIT,329051.4315555069,0.0,230000.0,0.0,0.0,0.0,116.40932393052434,8,8,0.16236679821651864,0.12854850330256118,66.44620367619109,EXACT_B3_CLOSE
BH padrão,2018-10-31,MONTH_END,371361.9723585213,0.0,230000.0,0.0,0.0,0.0,116.40932393052434,8,8,0.15665226028629325,0.1267793434614976,87.84841687689666,EXACT_B3_CLOSE
BH padrão,2018-11-01,BEFORE_DEPOSIT,376923.47154690087,0.0,230000.0,0.0,0.0,0.0,116.40932393052434,8,8,0.1537811459459589,0.1266607189982849,90.66162580985291,EXACT_B3_CLOSE
BH padrão,2018-11-01,AFTER_DEPOSIT,379423.47154690087,0.0,232500.0,0.0,0.0,0.0,116.40932393052434,8,8,0.15276789058962184,0.12643941583318052,90.66162580985291,EXACT_B3_CLOSE
BH padrão,2018-11-30,MONTH_END,407798.0400769182,0.0,232500.0,0.0,0.0,0.0,116.40932393052434,8,8,0.1643837937784678,0.12734602487931496,104.91994605959914,EXACT_B3_CLOSE
BH padrão,2018-12-03,BEFORE_DEPOSIT,407379.8735170895,0.0,232500.0,0.0,0.0,0.0,116.40932393052434,8,8,0.1637757282861405,0.1271854060074136,104.70981589598223,EXACT_B3_CLOSE
BH padrão,2018-12-03,AFTER_DEPOSIT,409879.8735170895,0.0,235000.0,0.0,0.0,0.0,116.40932393052434,8,8,0.16277680312008627,0.1270059832938295,104.70981589598223,EXACT_B3_CLOSE
BH padrão,2018-12-28,MONTH_END,403170.00384957023,0.0,235000.0,0.0,0.0,0.0,116.40932393052434,8,8,0.18329161966184113,0.12994413712967706,101.35864821717537,EXACT_B3_CLOSE
BH padrão,2019-01-02,BEFORE_DEPOSIT,416985.95834111224,0.0,235000.0,0.0,0.0,0.0,116.40932393052434,8,8,0.18284462502910467,0.12999557501157924,108.25886870402712,EXACT_B3_CLOSE
BH padrão,2019-01-02,AFTER_DEPOSIT,419485.95834111224,0.0,237500.0,0.0,0.0,0.0,116.40932393052434,8,8,0.1817549304791835,0.12971770908043168,108.25886870402712,EXACT_B3_CLOSE
BH padrão,2019-01-31,MONTH_END,456345.636577974,0.0,237500.0,0.0,0.0,0.0,116.40932393052434,8,8,0.16181674558519824,0.12817086030061903,126.55830099196348,EXACT_B3_CLOSE
BH padrão,2019-02-01,BEFORE_DEPOSIT,457433.43386564346,0.0,237500.0,0.0,0.0,0.0,116.40932393052434,8,8,0.15980013509911534,0.12798135709768313,127.09835108900424,EXACT_B3_CLOSE
BH padrão,2019-02-01,AFTER_DEPOSIT,459933.43386564346,0.0,240000.0,0.0,0.0,0.0,116.40932393052434,8,8,0.15893153040910601,0.12773587970718941,127.09835108900424,EXACT_B3_CLOSE
BH padrão,2019-02-28,MONTH_END,447338.4032469311,0.0,240000.0,0.0,0.0,0.0,116.40932393052434,8,8,0.17163027576899675,0.12932042523612955,120.87938444119004,EXACT_B3_CLOSE
BH padrão,2019-03-01,BEFORE_DEPOSIT,440072.154644206,0.0,240000.0,0.0,0.0,0.0,116.40932393052434,8,8,0.17034485560070936,0.1290881917173007,117.29157595679163,EXACT_B3_CLOSE
BH padrão,2019-03-01,AFTER_DEPOSIT,442572.154644206,0.0,242500.0,0.0,0.0,0.0,116.40932393052434,8,8,0.16938261219128353,0.12878290715196034,117.29157595679163,EXACT_B3_CLOSE
BH padrão,2019-03-29,MONTH_END,436075.0038541167,0.0,242500.0,0.0,0.0,0.0,116.40932393052434,8,8,0.1699500115257046,0.12985690574005132,114.1016415707425,EXACT_B3_CLOSE
BH padrão,2019-04-01,BEFORE_DEPOSIT,437260.2971230306,0.0,242500.0,0.0,0.0,0.0,116.40932393052434,8,8,0.16936738868527174,0.12987113667158517,114.68359016301287,EXACT_B3_CLOSE
BH padrão,2019-04-01,AFTER_DEPOSIT,439760.2971230306,0.0,245000.0,0.0,0.0,0.0,116.40932393052434,8,8,0.1684045494419766,0.12954877843527124,114.68359016301287,EXACT_B3_CLOSE
BH padrão,2019-04-30,MONTH_END,452345.58946836053,0.0,245000.0,0.0,0.0,0.0,116.40932393052434,8,8,0.17373795879887446,0.1298325943197116,120.82751848401503,EXACT_B3_CLOSE
BH padrão,2019-05-02,BEFORE_DEPOSIT,452021.4242701988,0.0,245000.0,0.0,0.0,0.0,116.40932393052434,8,8,0.17398050710645604,0.12960163334288669,120.66926647945131,EXACT_B3_CLOSE
BH padrão,2019-05-02,AFTER_DEPOSIT,454521.4242701988,0.0,247500.0,0.0,0.0,0.0,116.40932393052434,8,8,0.17302356372702235,0.12931826449413658,120.66926647945131,EXACT_B3_CLOSE
BH padrão,2019-05-31,MONTH_END,477385.83269857813,0.0,247500.0,0.0,0.0,0.0,116.40932393052434,8,8,0.17015258334322084,0.1288392091610182,131.769892251885,EXACT_B3_CLOSE
BH padrão,2019-06-03,BEFORE_DEPOSIT,477562.03771247575,0.0,247500.0,0.0,0.0,0.0,116.40932393052434,8,8,0.16939838055760625,0.12892925738028482,131.85543944304158,EXACT_B3_CLOSE
BH padrão,2019-06-03,AFTER_DEPOSIT,480062.03771247575,0.0,250000.0,0.0,0.0,0.0,116.40932393052434,8,8,0.16851621134170242,0.12871173851190829,131.85543944304158,EXACT_B3_CLOSE
BH padrão,2019-06-28,MONTH_END,491949.4272021707,0.0,250000.0,0.0,0.0,0.0,116.40932393052434,8,8,0.1661222139664843,0.12780196510738445,137.59668890133466,EXACT_B3_CLOSE
BH padrão,2019-07-01,BEFORE_DEPOSIT,492429.2401311618,0.0,250000.0,0.0,0.0,0.0,116.40932393052434,8,8,0.16718968380641822,0.12806883658654045,137.82842402880232,EXACT_B3_CLOSE
BH padrão,2019-07-01,AFTER_DEPOSIT,494929.2401311618,0.0,252500.0,0.0,0.0,0.0,116.40932393052434,8,8,0.16634517074146923,0.12784062545444846,137.82842402880232,EXACT_B3_CLOSE
BH padrão,2019-07-31,MONTH_END,509063.1908842938,0.0,252500.0,0.0,0.0,0.0,116.40932393052434,8,8,0.1528619622146714,0.127219871443345,144.62021356224602,EXACT_B3_CLOSE
BH padrão,2019-08-01,BEFORE_DEPOSIT,513769.6166881573,0.0,252500.0,0.0,0.0,0.0,116.40932393052434,8,8,0.1539253205930595,0.12714460831812413,146.88179307903658,EXACT_B3_CLOSE
BH padrão,2019-08-01,AFTER_DEPOSIT,516269.6166881573,0.0,255000.0,0.0,0.0,0.0,116.40932393052434,8,8,0.1531799478478044,0.1269600722916364,146.88179307903658,EXACT_B3_CLOSE
BH padrão,2019-08-30,MONTH_END,519467.30099987815,0.0,255000.0,0.0,0.0,0.0,116.40932393052434,8,8,0.15636871181067227,0.1272617495312732,148.41093601338667,EXACT_B3_CLOSE
BH padrão,2019-09-02,BEFORE_DEPOSIT,518068.12043787155,0.0,255000.0,0.0,0.0,0.0,116.40932393052434,8,8,0.15827820481295857,0.12727286344468794,147.74184336329924,EXACT_B3_CLOSE
BH padrão,2019-09-02,AFTER_DEPOSIT,520568.12043787155,0.0,257500.0,0.0,0.0,0.0,116.40932393052434,8,8,0.1575180823688497,0.12709935421829965,147.74184336329924,EXACT_B3_CLOSE
BH padrão,2019-09-30,MONTH_END,536765.965523366,0.0,257500.0,0.0,0.0,0.0,116.40932393052434,8,8,0.14692068195664273,0.12659164503787776,155.4505059618044,EXACT_B3_CLOSE
BH padrão,2019-10-01,BEFORE_DEPOSIT,534178.1885691184,0.0,257500.0,0.0,0.0,0.0,116.40932393052434,8,8,0.1493838221822355,0.12683680914784445,154.21896563559483,EXACT_B3_CLOSE
BH padrão,2019-10-01,AFTER_DEPOSIT,536678.1885691184,0.0,260000.0,0.0,0.0,0.0,116.40932393052434,8,8,0.1486879497517734,0.1266691843075369,154.21896563559483,EXACT_B3_CLOSE
BH padrão,2019-10-31,MONTH_END,558416.0873587719,0.0,260000.0,0.0,0.0,0.0,116.40932393052434,8,8,0.15846122787020495,0.12678446543235564,164.51598582963473,EXACT_B3_CLOSE
BH padrão,2019-11-01,BEFORE_DEPOSIT,564766.4855611707,0.0,260000.0,0.0,0.0,0.0,116.40932393052434,8,8,0.16090978883850218,0.12690480314259658,167.5241044690231,EXACT_B3_CLOSE
BH padrão,2019-11-01,AFTER_DEPOSIT,567266.4855611707,0.0,262500.0,0.0,0.0,0.0,116.40932393052434,8,8,0.16020064334456682,0.12677767112524357,167.5241044690231,EXACT_B3_CLOSE
BH padrão,2019-11-29,MONTH_END,571472.1783771977,0.0,262500.0,0.0,0.0,0.0,116.40932393052434,8,8,0.15904981550039948,0.12775623348123674,169.50751831933434,EXACT_B3_CLOSE
BH padrão,2019-12-02,BEFORE_DEPOSIT,569407.1699016043,0.0,262500.0,0.0,0.0,0.0,116.40932393052434,8,8,0.15540250201035855,0.12732983553991248,168.5336558451436,EXACT_B3_CLOSE
BH padrão,2019-12-02,AFTER_DEPOSIT,571907.1699016043,0.0,265000.0,0.0,0.0,0.0,116.40932393052434,8,8,0.15472318502418972,0.1271603907569236,168.5336558451436,EXACT_B3_CLOSE
BH padrão,2019-12-30,MONTH_END,621961.0340321062,0.0,265000.0,0.0,0.0,0.0,116.40932393052434,8,8,0.15433425716575702,0.12727121348235468,192.0359790044289,EXACT_B3_CLOSE
BH padrão,2020-01-02,BEFORE_DEPOSIT,633386.6289393667,0.0,265000.0,0.0,0.0,0.0,116.40932393052434,8,8,0.15408627745639372,0.1272739042110154,197.40076009500376,EXACT_B3_CLOSE
BH padrão,2020-01-02,AFTER_DEPOSIT,635886.6289393667,0.0,267500.0,0.0,0.0,0.0,116.40932393052434,8,8,0.15348048441702206,0.1271214192546925,197.40076009500376,EXACT_B3_CLOSE
BH padrão,2020-01-31,MONTH_END,639014.4494078265,0.0,267500.0,0.0,0.0,0.0,116.40932393052434,8,8,0.1708019052492576,0.1304577788678119,198.86362492408853,EXACT_B3_CLOSE
BH padrão,2020-02-03,BEFORE_DEPOSIT,647529.1572055653,0.0,267500.0,0.0,0.0,0.0,116.40932393052434,8,8,0.17394493933273036,0.1306481188267502,202.845908016372,EXACT_B3_CLOSE
BH padrão,2020-02-03,AFTER_DEPOSIT,650029.1572055653,0.0,270000.0,0.0,0.0,0.0,116.40932393052434,8,8,0.17327595034429596,0.1304016861682949,202.845908016372,EXACT_B3_CLOSE
BH padrão,2020-02-28,MONTH_END,621639.5794184022,0.0,270000.0,0.0,0.0,0.0,116.40932393052434,8,8,0.19292660015120933,0.13294754115647547,189.61932061202282,EXACT_B3_CLOSE
BH padrão,2020-03-02,BEFORE_DEPOSIT,652605.8025670904,0.0,270000.0,0.0,0.0,0.0,116.40932393052434,8,8,0.2001264460362216,0.13418030878901152,204.04635648164054,EXACT_B3_CLOSE
BH padrão,2020-03-02,AFTER_DEPOSIT,655105.8025670904,0.0,272500.0,0.0,0.0,0.0,116.40932393052434,8,8,0.199362728002997,0.13391571986919504,204.04635648164054,EXACT_B3_CLOSE
BH padrão,2020-03-31,MONTH_END,475451.9634985282,0.0,272500.0,0.0,0.0,0.0,116.40932393052434,8,8,0.19641178617435942,0.13594046961464235,120.66578652990162,EXACT_B3_CLOSE
BH padrão,2020-04-01,BEFORE_DEPOSIT,461687.33256827586,0.0,272500.0,0.0,0.0,0.0,116.40932393052434,8,8,0.1953987760217144,0.13709769433379804,114.27737435852703,EXACT_B3_CLOSE
BH padrão,2020-04-01,AFTER_DEPOSIT,464187.33256827586,0.0,275000.0,0.0,0.0,0.0,116.40932393052434,8,8,0.1943464057699208,0.13664463144463143,114.27737435852703,EXACT_B3_CLOSE
BH padrão,2020-04-30,MONTH_END,506859.2051216798,0.0,275000.0,0.0,0.0,0.0,116.40932393052434,8,8,0.21920152514697808,0.13976490028019867,133.97549226948956,EXACT_B3_CLOSE
BH padrão,2020-05-04,BEFORE_DEPOSIT,499419.83944178064,0.0,275000.0,0.0,0.0,0.0,116.40932393052434,8,8,0.22190975207807487,0.1408889381124581,130.5413448188,EXACT_B3_CLOSE
BH padrão,2020-05-04,AFTER_DEPOSIT,501919.83944178064,0.0,277500.0,0.0,0.0,0.0,116.40932393052434,8,8,0.22080444733297416,0.1404148818122919,130.5413448188,EXACT_B3_CLOSE
BH padrão,2020-05-29,MONTH_END,547433.3457899024,0.0,277500.0,0.0,0.0,0.0,116.40932393052434,8,8,0.2125589840755596,0.13834751210148072,151.4465654065829,EXACT_B3_CLOSE
BH padrão,2020-06-01,BEFORE_DEPOSIT,551904.5076308495,0.0,277500.0,0.0,0.0,0.0,116.40932393052434,8,8,0.21250028175893768,0.1379080587336318,153.50025522458424,EXACT_B3_CLOSE
BH padrão,2020-06-01,AFTER_DEPOSIT,554404.5076308495,0.0,280000.0,0.0,0.0,0.0,116.40932393052434,8,8,0.21154204513372055,0.13750621231387258,153.50025522458424,EXACT_B3_CLOSE
BH padrão,2020-06-30,MONTH_END,586908.1756761736,0.0,280000.0,0.0,0.0,0.0,116.40932393052434,8,8,0.24006096060904514,0.14330100793725317,168.36248673932369,EXACT_B3_CLOSE
BH padrão,2020-07-01,BEFORE_DEPOSIT,602995.4898022134,0.0,280000.0,0.0,0.0,0.0,116.40932393052434,8,8,0.24279764423325964,0.14433386710693233,175.7183761318114,EXACT_B3_CLOSE
BH padrão,2020-07-01,AFTER_DEPOSIT,605495.4898022134,0.0,282500.0,0.0,0.0,0.0,116.40932393052434,8,8,0.24179516920114763,0.14392555833278553,175.7183761318114,EXACT_B3_CLOSE
BH padrão,2020-07-31,MONTH_END,673905.1359925081,0.0,282500.0,0.0,0.0,0.0,116.40932393052434,8,8,0.2787280961457665,0.15529375444499244,206.86938696015145,EXACT_B3_CLOSE
BH padrão,2020-08-03,BEFORE_DEPOSIT,665759.2107629004,0.0,282500.0,0.0,0.0,0.0,116.40932393052434,8,8,0.2788709575398162,0.15484567731651488,203.16005912166952,EXACT_B3_CLOSE
BH padrão,2020-08-03,AFTER_DEPOSIT,668259.2107629004,0.0,285000.0,0.0,0.0,0.0,116.40932393052434,8,8,0.2778276836385802,0.1543733099911115,203.16005912166952,EXACT_B3_CLOSE
BH padrão,2020-08-31,MONTH_END,619899.8942816827,0.0,285000.0,0.0,0.0,0.0,116.40932393052434,8,8,0.29072829807646494,0.1591043165700617,181.2215463299153,EXACT_B3_CLOSE
BH padrão,2020-09-01,BEFORE_DEPOSIT,640197.0885465147,0.0,285000.0,0.0,0.0,0.0,116.40932393052434,8,8,0.2915741678277514,0.1595114025127706,190.42949814595644,EXACT_B3_CLOSE
BH padrão,2020-09-01,AFTER_DEPOSIT,642697.0885465147,0.0,287500.0,0.0,0.0,0.0,116.40932393052434,8,8,0.2904399859051012,0.158970505809877,190.42949814595644,EXACT_B3_CLOSE
BH padrão,2020-09-30,MONTH_END,615346.063852051,0.0,287500.0,0.0,0.0,0.0,116.40932393052434,8,8,0.2979379551831359,0.16338753299149467,178.06979632475262,EXACT_B3_CLOSE
BH padrão,2020-10-01,BEFORE_DEPOSIT,625137.1321121941,0.0,287500.0,0.0,0.0,0.0,116.40932393052434,8,8,0.29862812802099403,0.16396980698933777,182.4942990831782,EXACT_B3_CLOSE
BH padrão,2020-10-01,AFTER_DEPOSIT,627637.1321121941,0.0,290000.0,0.0,0.0,0.0,116.40932393052434,8,8,0.2974386344715285,0.16335636174701476,182.4942990831782,EXACT_B3_CLOSE
BH padrão,2020-10-30,MONTH_END,643511.1732429106,0.0,290000.0,0.0,0.0,0.0,116.40932393052434,8,8,0.32882501923208657,0.17669457267331465,189.63907413456522,EXACT_B3_CLOSE
BH padrão,2020-11-03,BEFORE_DEPOSIT,648006.9718689385,0.0,290000.0,0.0,0.0,0.0,116.40932393052434,8,8,0.33295999553666816,0.1780737518633453,191.66259603392257,EXACT_B3_CLOSE
BH padrão,2020-11-03,AFTER_DEPOSIT,650506.9718689385,0.0,292500.0,0.0,0.0,0.0,116.40932393052434,8,8,0.33168037821535007,0.1773558242095,191.66259603392257,EXACT_B3_CLOSE
BH padrão,2020-11-30,MONTH_END,704146.0903295531,0.0,292500.0,0.0,0.0,0.0,116.40932393052434,8,8,0.2915532412449894,0.15990194692308624,215.71233756743214,EXACT_B3_CLOSE
BH padrão,2020-12-01,BEFORE_DEPOSIT,710781.432696688,0.0,292500.0,0.0,0.0,0.0,116.40932393052434,8,8,0.28894928888967647,0.15818251849808324,218.68737283079338,EXACT_B3_CLOSE
BH padrão,2020-12-01,AFTER_DEPOSIT,713281.432696688,0.0,295000.0,0.0,0.0,0.0,116.40932393052434,8,8,0.2879365424629356,0.15771971656221004,218.68737283079338,EXACT_B3_CLOSE
BH padrão,2020-12-30,MONTH_END,747665.2327884207,0.0,295000.0,0.0,0.0,0.0,116.40932393052434,8,8,0.2828266872007986,0.1556645871349762,234.04972830070383,EXACT_B3_CLOSE
BH padrão,2021-01-04,BEFORE_DEPOSIT,736491.7830448274,0.0,295000.0,0.0,0.0,0.0,116.40932393052434,8,8,0.2828717717519519,0.15591437151494647,229.0575370266645,EXACT_B3_CLOSE
BH padrão,2021-01-04,AFTER_DEPOSIT,738991.7830448274,0.0,297500.0,0.0,0.0,0.0,116.40932393052434,8,8,0.28191482007047836,0.1554764702262416,229.0575370266645,EXACT_B3_CLOSE
BH padrão,2021-01-29,MONTH_END,743449.6979460882,0.0,297500.0,0.0,0.0,0.0,116.40932393052434,8,8,0.3146609669053946,0.1688944286160354,231.0425530056505,EXACT_B3_CLOSE
BH padrão,2021-02-01,BEFORE_DEPOSIT,755150.0195705482,0.0,297500.0,0.0,0.0,0.0,116.40932393052434,8,8,0.31255847357313554,0.16793605935645362,236.2524607536113,EXACT_B3_CLOSE
BH padrão,2021-02-01,AFTER_DEPOSIT,757650.0195705482,0.0,300000.0,0.0,0.0,0.0,116.40932393052434,8,8,0.3115271317084897,0.16739809784332876,236.2524607536113,EXACT_B3_CLOSE
BH padrão,2021-02-26,MONTH_END,695538.7019348578,0.0,300000.0,0.0,0.0,0.0,116.40932393052434,8,8,0.31329529924460064,0.1679874641654023,208.68685281303715,EXACT_B3_CLOSE
BH padrão,2021-03-01,BEFORE_DEPOSIT,682124.5776210795,0.0,300000.0,0.0,0.0,0.0,116.40932393052434,8,8,0.3206815798025957,0.1712780785913263,202.73353374373988,EXACT_B3_CLOSE
BH padrão,2021-03-01,AFTER_DEPOSIT,684624.5776210795,0.0,302500.0,0.0,0.0,0.0,116.40932393052434,8,8,0.319510567286083,0.17066347028142287,202.73353374373988,EXACT_B3_CLOSE
BH padrão,2021-03-31,MONTH_END,727438.2690923903,0.0,302500.0,0.0,0.0,0.0,116.40932393052434,8,8,0.28757859168842415,0.1574982493815426,221.66528193887666,EXACT_B3_CLOSE
BH padrão,2021-04-01,BEFORE_DEPOSIT,719274.7721856817,0.0,302500.0,0.0,0.0,0.0,116.40932393052434,8,8,0.29279289235250455,0.15937111602529966,218.05547249431734,EXACT_B3_CLOSE
BH padrão,2021-04-01,AFTER_DEPOSIT,721774.7721856817,0.0,305000.0,0.0,0.0,0.0,116.40932393052434,8,8,0.2917787501864315,0.1589037236876832,218.05547249431734,EXACT_B3_CLOSE
BH padrão,2021-04-30,MONTH_END,725080.3503507037,0.0,305000.0,0.0,0.0,0.0,116.40932393052434,8,8,0.2709460153282681,0.15259799301821417,219.5121003312245,EXACT_B3_CLOSE
BH padrão,2021-05-03,BEFORE_DEPOSIT,731384.730605281,0.0,305000.0,0.0,0.0,0.0,116.40932393052434,8,8,0.2643139777998159,0.15037217141973025,222.29017282409012,EXACT_B3_CLOSE
BH padrão,2021-05-03,AFTER_DEPOSIT,733884.730605281,0.0,307500.0,0.0,0.0,0.0,116.40932393052434,8,8,0.2634135844315623,0.1499740277674031,222.29017282409012,EXACT_B3_CLOSE
BH padrão,2021-05-31,MONTH_END,767652.2026942921,0.0,307500.0,0.0,0.0,0.0,116.40932393052434,8,8,0.24963357781225237,0.1462435869918772,237.1193741435183,EXACT_B3_CLOSE
BH padrão,2021-06-01,BEFORE_DEPOSIT,775766.1028150504,0.0,307500.0,0.0,0.0,0.0,116.40932393052434,8,8,0.24731194628691522,0.14536977735676823,240.68264527199622,EXACT_B3_CLOSE
BH padrão,2021-06-01,AFTER_DEPOSIT,778266.1028150504,0.0,310000.0,0.0,0.0,0.0,116.40932393052434,8,8,0.2465175138126228,0.14503773580572907,240.68264527199622,EXACT_B3_CLOSE
BH padrão,2021-06-30,MONTH_END,734359.6755882294,0.0,310000.0,0.0,0.0,0.0,116.40932393052434,8,8,0.2575912661678235,0.14692982633607515,221.46279525158428,EXACT_B3_CLOSE
BH padrão,2021-07-01,BEFORE_DEPOSIT,733568.9906999355,0.0,310000.0,0.0,0.0,0.0,116.40932393052434,8,8,0.26215524754019526,0.14823539845175138,221.11667633628494,EXACT_B3_CLOSE
BH padrão,2021-07-01,AFTER_DEPOSIT,736068.9906999355,0.0,312500.0,0.0,0.0,0.0,116.40932393052434,8,8,0.26126485801539373,0.1478828862129664,221.11667633628494,EXACT_B3_CLOSE
BH padrão,2021-07-30,MONTH_END,746152.6431742703,0.0,312500.0,0.0,0.0,0.0,116.40932393052434,8,8,0.2687206940922911,0.15058999374406606,225.51575985807472,EXACT_B3_CLOSE
BH padrão,2021-08-02,BEFORE_DEPOSIT,756513.0373117694,0.0,312500.0,0.0,0.0,0.0,116.40932393052434,8,8,0.27319126707830454,0.1520573311469289,230.03557440399672,EXACT_B3_CLOSE
BH padrão,2021-08-02,AFTER_DEPOSIT,759013.0373117694,0.0,315000.0,0.0,0.0,0.0,116.40932393052434,8,8,0.2722914430514147,0.1516765490832052,230.03557440399672,EXACT_B3_CLOSE
BH padrão,2021-08-31,MONTH_END,757439.5320668722,0.0,315000.0,0.0,0.0,0.0,116.40932393052434,8,8,0.2647421153253,0.15019706774043828,229.3513796908642,EXACT_B3_CLOSE
BH padrão,2021-09-01,BEFORE_DEPOSIT,769222.840513197,0.0,315000.0,0.0,0.0,0.0,116.40932393052434,8,8,0.26603822845355496,0.15096663981069866,234.47502155245306,EXACT_B3_CLOSE
BH padrão,2021-09-01,AFTER_DEPOSIT,771722.840513197,0.0,317500.0,0.0,0.0,0.0,116.40932393052434,8,8,0.26517639628244594,0.15057695160905266,234.47502155245306,EXACT_B3_CLOSE
BH padrão,2021-09-30,MONTH_END,756497.3481733184,0.0,317500.0,0.0,0.0,0.0,116.40932393052434,8,8,0.2955601895508658,0.16138361650663338,227.87608912336873,EXACT_B3_CLOSE
BH padrão,2021-10-01,BEFORE_DEPOSIT,765520.8597019619,0.0,317500.0,0.0,0.0,0.0,116.40932393052434,8,8,0.29605614273772063,0.16145040625631696,231.78699995116637,EXACT_B3_CLOSE
BH padrão,2021-10-01,AFTER_DEPOSIT,768020.8597019619,0.0,320000.0,0.0,0.0,0.0,116.40932393052434,8,8,0.2950924444898221,0.16097128137052216,231.78699995116637,EXACT_B3_CLOSE
BH padrão,2021-10-29,MONTH_END,721215.0730268139,0.0,320000.0,0.0,0.0,0.0,116.40932393052434,8,9,0.2894451010890228,0.15887901555535527,211.56677891794078,EXACT_B3_CLOSE
BH padrão,2021-11-01,BEFORE_DEPOSIT,728394.8040910653,0.0,320000.0,0.0,0.0,0.0,116.40932393052434,8,9,0.28628223392953356,0.15769348452788634,214.66844132745996,EXACT_B3_CLOSE
BH padrão,2021-11-01,AFTER_DEPOSIT,730894.8040910653,0.0,322500.0,0.0,0.0,0.0,116.40932393052434,8,9,0.2853030156058873,0.15721949315656233,214.66844132745996,EXACT_B3_CLOSE
BH padrão,2021-11-30,MONTH_END,694544.2714848273,0.0,322500.0,0.0,0.0,0.0,116.40932393052434,8,9,0.2618120588457996,0.14943117762602737,199.01863047560613,EXACT_B3_CLOSE
BH padrão,2021-12-01,BEFORE_DEPOSIT,688165.1886404844,0.0,322500.0,0.0,0.0,0.0,116.40932393052434,8,9,0.26637059799217805,0.15078752426888686,196.27227621984647,EXACT_B3_CLOSE
BH padrão,2021-12-01,AFTER_DEPOSIT,690665.1886404844,0.0,325000.0,0.0,0.0,0.0,116.40932393052434,8,9,0.2654064166407315,0.15035890213022188,196.27227621984647,EXACT_B3_CLOSE
BH padrão,2021-12-30,MONTH_END,708604.8003815537,0.0,325000.0,0.0,0.0,0.0,116.40932393052434,8,9,0.2628356498974094,0.15089404821591412,203.96776991555313,EXACT_B3_CLOSE
BH padrão,2022-01-03,BEFORE_DEPOSIT,696880.7147703962,0.0,325000.0,0.0,0.0,0.0,116.40932393052434,8,9,0.25947802933143493,0.1493338011825389,198.9385291376137,EXACT_B3_CLOSE
BH padrão,2022-01-03,AFTER_DEPOSIT,699380.7147703962,0.0,327500.0,0.0,0.0,0.0,116.40932393052434,8,9,0.25855050150627673,0.1489170515067409,198.9385291376137,EXACT_B3_CLOSE
BH padrão,2022-01-31,MONTH_END,743739.4944773451,0.0,327500.0,0.0,0.0,0.0,116.40932393052434,8,9,0.2441928284866904,0.14313074654204336,217.89894380144682,EXACT_B3_CLOSE
BH padrão,2022-02-01,BEFORE_DEPOSIT,743065.9036916493,0.0,327500.0,0.0,0.0,0.0,116.40932393052434,8,9,0.24365419542186897,0.1430119668068952,217.6110287439339,EXACT_B3_CLOSE
BH padrão,2022-02-01,AFTER_DEPOSIT,745565.9036916493,0.0,330000.0,0.0,0.0,0.0,116.40932393052434,8,9,0.24283718449696137,0.1427088267125598,217.6110287439339,EXACT_B3_CLOSE
BH padrão,2022-02-25,MONTH_END,720803.6249788813,0.0,330000.0,0.0,0.0,0.0,116.40932393052434,8,9,0.2319404865118043,0.14039875661153667,207.06229954767633,EXACT_B3_CLOSE
BH padrão,2022-03-02,BEFORE_DEPOSIT,724715.3483867088,0.0,330000.0,0.0,0.0,0.0,116.40932393052434,8,9,0.23735813193557928,0.14203263839007976,208.72869347686498,EXACT_B3_CLOSE
BH padrão,2022-03-02,AFTER_DEPOSIT,727215.3483867088,0.0,332500.0,0.0,0.0,0.0,116.40932393052434,8,9,0.2365421489792853,0.14171205138056234,208.72869347686498,EXACT_B3_CLOSE
BH padrão,2022-03-31,MONTH_END,817327.5753028279,0.0,332500.0,0.0,0.0,0.0,116.40932393052434,8,9,0.24287171031958024,0.14347745550136995,246.98452807087077,EXACT_B3_CLOSE
BH padrão,2022-04-01,BEFORE_DEPOSIT,827340.0429541507,0.0,332500.0,0.0,0.0,0.0,116.40932393052434,8,9,0.24344167043713888,0.1435454636180094,251.2351755074654,EXACT_B3_CLOSE
BH padrão,2022-04-01,AFTER_DEPOSIT,829840.0429541507,0.0,335000.0,0.0,0.0,0.0,116.40932393052434,8,9,0.24270827105341394,0.14326148926210286,251.2351755074654,EXACT_B3_CLOSE
BH padrão,2022-04-29,MONTH_END,745575.1764083521,0.0,335000.0,0.0,0.0,0.0,116.40932393052434,8,9,0.2298244296365279,0.14102411172018944,215.5695247093128,EXACT_B3_CLOSE
BH padrão,2022-05-02,BEFORE_DEPOSIT,733742.5853545975,0.0,335000.0,0.0,0.0,0.0,116.40932393052434,8,9,0.22453080659008326,0.13986462254130672,210.56130387113953,EXACT_B3_CLOSE
BH padrão,2022-05-02,AFTER_DEPOSIT,736242.5853545975,0.0,337500.0,0.0,0.0,0.0,116.40932393052434,8,9,0.2237683853071513,0.13956851283028193,210.56130387113953,EXACT_B3_CLOSE
BH padrão,2022-05-31,MONTH_END,757061.2442147736,0.0,337500.0,0.0,0.0,0.0,116.40932393052434,8,9,0.1907702234460349,0.13342645292567884,219.34301518352007,EXACT_B3_CLOSE
BH padrão,2022-06-01,BEFORE_DEPOSIT,761723.1684184719,0.0,337500.0,0.0,0.0,0.0,116.40932393052434,8,9,0.19588040400235998,0.13419026871796877,221.30950460976217,EXACT_B3_CLOSE
BH padrão,2022-06-01,AFTER_DEPOSIT,764223.1684184719,0.0,340000.0,0.0,0.0,0.0,116.40932393052434,8,9,0.1952396212699818,0.13396629235096896,221.30950460976217,EXACT_B3_CLOSE
BH padrão,2022-06-30,MONTH_END,716007.459657544,0.0,340000.0,0.0,0.0,0.0,116.40932393052434,8,9,0.21064627392441657,0.13695436177819806,201.03772257462356,EXACT_B3_CLOSE
BH padrão,2022-07-01,BEFORE_DEPOSIT,715771.3806871261,0.0,340000.0,0.0,0.0,0.0,116.40932393052434,8,9,0.2111140786863563,0.13714038556064317,200.93846568191412,EXACT_B3_CLOSE
BH padrão,2022-07-01,AFTER_DEPOSIT,718271.3806871261,0.0,342500.0,0.0,0.0,0.0,116.40932393052434,8,9,0.21037927954092606,0.1368584075230329,200.93846568191412,EXACT_B3_CLOSE
BH padrão,2022-07-29,MONTH_END,769190.3758443693,0.0,342500.0,0.0,0.0,0.0,116.40932393052434,8,9,0.20890484143753163,0.13723895647066453,222.27230229117256,EXACT_B3_CLOSE
BH padrão,2022-08-01,BEFORE_DEPOSIT,769535.6734252174,0.0,342500.0,0.0,0.0,0.0,116.40932393052434,8,9,0.2076195997959622,0.13690501933229912,222.41697368833263,EXACT_B3_CLOSE
BH padrão,2022-08-01,AFTER_DEPOSIT,772035.6734252174,0.0,345000.0,0.0,0.0,0.0,116.40932393052434,8,9,0.2069472875993158,0.13662315747288828,222.41697368833263,EXACT_B3_CLOSE
BH padrão,2022-08-31,MONTH_END,797237.6171247141,0.0,345000.0,0.0,0.0,0.0,116.40932393052434,8,9,0.2033524936757895,0.13617335188581547,232.941790997105,EXACT_B3_CLOSE
BH padrão,2022-09-01,BEFORE_DEPOSIT,804019.6032427687,0.0,345000.0,0.0,0.0,0.0,116.40932393052434,8,9,0.20227867066442182,0.1358951826396911,235.77407908306643,EXACT_B3_CLOSE
BH padrão,2022-09-01,AFTER_DEPOSIT,806519.6032427687,0.0,347500.0,0.0,0.0,0.0,116.40932393052434,8,9,0.20165165964742013,0.13566058212998355,235.77407908306643,EXACT_B3_CLOSE
BH padrão,2022-09-30,MONTH_END,815737.8609099429,0.0,347500.0,0.0,0.0,0.0,116.40932393052434,8,9,0.22611372442514205,0.1394657994729662,239.61186798057216,EXACT_B3_CLOSE
BH padrão,2022-10-03,BEFORE_DEPOSIT,863881.1082865751,0.0,347500.0,0.0,0.0,0.0,116.40932393052434,8,9,0.2230788442765201,0.13918932231542827,259.6550938202931,EXACT_B3_CLOSE
BH padrão,2022-10-03,AFTER_DEPOSIT,866381.1082865751,0.0,350000.0,0.0,0.0,0.0,116.40932393052434,8,9,0.2224351355144555,0.13894099499793125,259.6550938202931,EXACT_B3_CLOSE
BH padrão,2022-10-31,MONTH_END,915073.6518317431,0.0,350000.0,0.0,0.0,0.0,116.40932393052434,8,9,0.2526184592625732,0.14694786729256257,279.86850931329735,EXACT_B3_CLOSE
BH padrão,2022-11-01,BEFORE_DEPOSIT,910215.6372577288,0.0,350000.0,0.0,0.0,0.0,116.40932393052434,8,9,0.2484813588498828,0.1458015177709729,277.8518336601857,EXACT_B3_CLOSE
BH padrão,2022-11-01,AFTER_DEPOSIT,912715.6372577288,0.0,352500.0,0.0,0.0,0.0,116.40932393052434,8,9,0.24780074884193867,0.1454959241344264,277.8518336601857,EXACT_B3_CLOSE
BH padrão,2022-11-30,MONTH_END,847880.8483363155,0.0,352500.0,0.0,0.0,0.0,116.40932393052434,8,9,0.2639741816368272,0.15147099291810737,251.01111473426522,EXACT_B3_CLOSE
BH padrão,2022-12-01,BEFORE_DEPOSIT,839324.8024062887,0.0,352500.0,0.0,0.0,0.0,116.40932393052434,8,9,0.2619472032251295,0.1507928245936424,247.46902833673755,EXACT_B3_CLOSE
BH padrão,2022-12-01,AFTER_DEPOSIT,841824.8024062887,0.0,355000.0,0.0,0.0,0.0,116.40932393052434,8,9,0.26116928838323966,0.1504085783631819,247.46902833673755,EXACT_B3_CLOSE
BH padrão,2022-12-29,MONTH_END,841970.729905448,0.0,355000.0,0.0,0.0,0.0,116.40932393052434,8,9,0.2628615036604151,0.1519804861845541,247.5292609245582,EXACT_B3_CLOSE
BH padrão,2023-01-02,BEFORE_DEPOSIT,823788.8208476626,0.0,355000.0,0.0,0.0,0.0,116.40932393052434,8,9,0.26580279591733363,0.1530059035282877,240.0245518027111,EXACT_B3_CLOSE
BH padrão,2023-01-02,AFTER_DEPOSIT,826288.8208476626,0.0,357500.0,0.0,0.0,0.0,116.40932393052434,8,9,0.26499858923677894,0.15258013806792498,240.0245518027111,EXACT_B3_CLOSE
BH padrão,2023-01-31,MONTH_END,862494.8082038842,0.0,357500.0,0.0,0.0,0.0,116.40932393052434,8,9,0.25480729495779003,0.14958278929094956,254.92360926635257,EXACT_B3_CLOSE
BH padrão,2023-02-01,BEFORE_DEPOSIT,857141.7933990288,0.0,357500.0,0.0,0.0,0.0,116.40932393052434,8,9,0.25740436306537273,0.15046340429160968,252.72080025588215,EXACT_B3_CLOSE
BH padrão,2023-02-01,AFTER_DEPOSIT,859641.7933990288,0.0,360000.0,0.0,0.0,0.0,116.40932393052434,8,9,0.2566557827699465,0.15007059589376975,252.72080025588215,EXACT_B3_CLOSE
BH padrão,2023-02-28,MONTH_END,829827.539966219,0.0,360000.0,0.0,0.0,0.0,116.40932393052434,8,9,0.2728080801552628,0.1541212048052022,240.48767314340006,EXACT_B3_CLOSE
BH padrão,2023-03-01,BEFORE_DEPOSIT,826658.4213271335,0.0,360000.0,0.0,0.0,0.0,116.40932393052434,8,9,0.2753924359425885,0.1550316765859766,239.18734773918234,EXACT_B3_CLOSE
BH padrão,2023-03-01,AFTER_DEPOSIT,829158.4213271335,0.0,362500.0,0.0,0.0,0.0,116.40932393052434,8,9,0.27456209873301823,0.15460826141848288,239.18734773918234,EXACT_B3_CLOSE
BH padrão,2023-03-31,MONTH_END,863895.7071322647,0.0,362500.0,0.0,0.0,0.0,116.40932393052434,8,9,0.27171518202061173,0.15421512001293394,253.39747639112517,EXACT_B3_CLOSE
BH padrão,2023-04-03,BEFORE_DEPOSIT,848654.9132658577,0.0,362500.0,0.0,0.0,0.0,116.40932393052434,8,9,0.27004661287940857,0.15418585998749162,247.162860283974,EXACT_B3_CLOSE
BH padrão,2023-04-03,AFTER_DEPOSIT,851154.9132658577,0.0,365000.0,0.0,0.0,0.0,116.40932393052434,8,9,0.26925343584233064,0.15378792108017736,247.162860283974,EXACT_B3_CLOSE
BH padrão,2023-04-28,MONTH_END,902826.6201538529,0.0,365000.0,0.0,0.0,0.0,116.40932393052434,8,9,0.2636532399674057,0.15215047301056883,268.23833935295096,EXACT_B3_CLOSE
BH padrão,2023-05-02,BEFORE_DEPOSIT,898036.8512625856,0.0,365000.0,0.0,0.0,0.0,116.40932393052434,8,9,0.2631256611856946,0.15231062236036455,266.2847233396082,EXACT_B3_CLOSE
BH padrão,2023-05-02,AFTER_DEPOSIT,900536.8512625856,0.0,367500.0,0.0,0.0,0.0,116.40932393052434,8,9,0.26239519229700675,0.1519416541494258,266.2847233396082,EXACT_B3_CLOSE
BH padrão,2023-05-31,MONTH_END,915093.7218759462,0.0,367500.0,0.0,0.0,0.0,116.40932393052434,8,9,0.23791516214418645,0.14365346229126222,272.2055907842104,EXACT_B3_CLOSE
BH padrão,2023-06-01,BEFORE_DEPOSIT,921519.1384282146,0.0,367500.0,0.0,0.0,0.0,116.40932393052434,8,9,0.2336179354882657,0.14246721092314196,274.81906731311614,EXACT_B3_CLOSE
BH padrão,2023-06-01,AFTER_DEPOSIT,924019.1384282146,0.0,370000.0,0.0,0.0,0.0,116.40932393052434,8,9,0.23298586542128186,0.1421916545927785,274.81906731311614,EXACT_B3_CLOSE
BH padrão,2023-06-30,MONTH_END,976902.6388547935,0.0,370000.0,0.0,0.0,0.0,116.40932393052434,8,9,0.2240500247961029,0.14051988756769682,296.27072722122205,EXACT_B3_CLOSE
BH padrão,2023-07-03,BEFORE_DEPOSIT,975482.5418536515,0.0,370000.0,0.0,0.0,0.0,116.40932393052434,8,9,0.22401956999942324,0.14024445218946094,295.69467915974184,EXACT_B3_CLOSE
BH padrão,2023-07-03,AFTER_DEPOSIT,977982.5418536515,0.0,372500.0,0.0,0.0,0.0,116.40932393052434,8,9,0.22344691261441815,0.1399975349288607,295.69467915974184,EXACT_B3_CLOSE
BH padrão,2023-07-31,MONTH_END,975924.0406328354,0.0,372500.0,0.0,0.0,0.0,116.40932393052434,8,9,0.23799578220406678,0.1435749724683045,294.86180337181935,EXACT_B3_CLOSE
BH padrão,2023-08-01,BEFORE_DEPOSIT,975787.6001917307,0.0,372500.0,0.0,0.0,0.0,116.40932393052434,8,9,0.2376713010850508,0.14343463526381472,294.8065991588024,EXACT_B3_CLOSE
BH padrão,2023-08-01,AFTER_DEPOSIT,978287.6001917307,0.0,375000.0,0.0,0.0,0.0,116.40932393052434,8,9,0.23706393546721388,0.14316994172773773,294.8065991588024,EXACT_B3_CLOSE
BH padrão,2023-08-31,MONTH_END,914389.4416815357,0.0,375000.0,0.0,0.0,0.0,116.40932393052434,8,9,0.2283052907681167,0.14184374778269418,269.01927991957666,EXACT_B3_CLOSE
BH padrão,2023-09-01,BEFORE_DEPOSIT,921055.4413998681,0.0,375000.0,0.0,0.0,0.0,116.40932393052434,8,9,0.22709515375037825,0.14155724113545218,271.70947110494234,EXACT_B3_CLOSE
BH padrão,2023-09-01,AFTER_DEPOSIT,923555.4413998681,0.0,377500.0,0.0,0.0,0.0,116.40932393052434,8,9,0.22648042304886734,0.14128633268827442,271.70947110494234,EXACT_B3_CLOSE
BH padrão,2023-09-29,MONTH_END,916302.9159224597,0.0,377500.0,0.0,0.0,0.0,116.40932393052434,8,9,0.23068626370987788,0.14270878278967386,268.7904991747933,EXACT_B3_CLOSE
BH padrão,2023-10-02,BEFORE_DEPOSIT,907065.5804909421,0.0,377500.0,0.0,0.0,0.0,116.40932393052434,8,9,0.23226451402065193,0.14330241270525973,265.07268764583523,EXACT_B3_CLOSE
BH padrão,2023-10-02,AFTER_DEPOSIT,909565.5804909421,0.0,380000.0,0.0,0.0,0.0,116.40932393052434,8,9,0.23162611993724982,0.14301197140663988,265.07268764583523,EXACT_B3_CLOSE
BH padrão,2023-10-31,MONTH_END,853354.3042435376,0.0,380000.0,0.0,0.0,0.0,116.40932393052434,8,9,0.2254391763557784,0.14164612034508,242.5111460310282,EXACT_B3_CLOSE
BH padrão,2023-11-01,BEFORE_DEPOSIT,860778.2300566718,0.0,380000.0,0.0,0.0,0.0,116.40932393052434,8,9,0.22396877481717428,0.1416547284615811,245.49088999629714,EXACT_B3_CLOSE
BH padrão,2023-11-01,AFTER_DEPOSIT,863278.2300566718,0.0,382500.0,0.0,0.0,0.0,116.40932393052434,8,9,0.2233201751912968,0.14136585955424358,245.49088999629714,EXACT_B3_CLOSE
BH padrão,2023-11-30,MONTH_END,921252.2084803219,0.0,382500.0,0.0,0.0,0.0,116.40932393052434,8,9,0.2162886883460493,0.13721702854152665,268.6925423777062,EXACT_B3_CLOSE
BH padrão,2023-12-01,BEFORE_DEPOSIT,927322.9730629812,0.0,382500.0,0.0,0.0,0.0,116.40932393052434,8,9,0.21858069718524895,0.13749462208533794,271.12211118367884,EXACT_B3_CLOSE
BH padrão,2023-12-01,AFTER_DEPOSIT,929822.9730629812,0.0,385000.0,0.0,0.0,0.0,116.40932393052434,8,9,0.21799300279739892,0.13727561604173155,271.12211118367884,EXACT_B3_CLOSE
BH padrão,2023-12-28,MONTH_END,986912.5789988076,0.0,385000.0,0.0,0.0,0.0,116.40932393052434,8,9,0.21839599044781569,0.13742224246015947,293.9084002896086,EXACT_B3_CLOSE
BH padrão,2024-01-02,BEFORE_DEPOSIT,974314.0596054654,0.0,385000.0,0.0,0.0,0.0,116.40932393052434,8,9,0.21918220458994245,0.1376772251711714,288.8799279346574,EXACT_B3_CLOSE
BH padrão,2024-01-02,AFTER_DEPOSIT,976814.0596054654,0.0,387500.0,0.0,0.0,0.0,116.40932393052434,8,9,0.21862124264832566,0.13746702984053225,288.8799279346574,EXACT_B3_CLOSE
BH padrão,2024-01-31,MONTH_END,902841.5622911414,0.0,387500.0,0.0,0.0,0.0,116.40932393052434,8,9,0.20917403402356338,0.13649599534786827,259.43070047742805,EXACT_B3_CLOSE
BH padrão,2024-02-01,BEFORE_DEPOSIT,906350.237719926,0.0,387500.0,0.0,0.0,0.0,116.40932393052434,8,9,0.2102327256305418,0.13685768895972933,260.8275409860946,EXACT_B3_CLOSE
BH padrão,2024-02-01,AFTER_DEPOSIT,908850.237719926,0.0,390000.0,0.0,0.0,0.0,116.40932393052434,8,9,0.2096544325386074,0.13663196080250134,260.8275409860946,EXACT_B3_CLOSE
BH padrão,2024-02-29,MONTH_END,954212.2544570194,0.0,390000.0,0.0,0.0,0.0,116.40932393052434,8,9,0.22636327402990447,0.14071074849196866,278.83696022163144,EXACT_B3_CLOSE
BH padrão,2024-03-01,BEFORE_DEPOSIT,960703.9404658435,0.0,390000.0,0.0,0.0,0.0,116.40932393052434,8,9,0.22851044498715864,0.14119134219243226,281.4142595413679,EXACT_B3_CLOSE
BH padrão,2024-03-01,AFTER_DEPOSIT,963203.9404658435,0.0,392500.0,0.0,0.0,0.0,116.40932393052434,8,9,0.22791734513730585,0.1409270048375621,281.4142595413679,EXACT_B3_CLOSE
BH padrão,2024-03-28,MONTH_END,980521.0405579595,0.0,392500.0,0.0,0.0,0.0,116.40932393052434,8,9,0.22969514188286452,0.14199315410714577,288.2715704716406,EXACT_B3_CLOSE
BH padrão,2024-04-01,BEFORE_DEPOSIT,968927.1941963646,0.0,392500.0,0.0,0.0,0.0,116.40932393052434,8,9,0.23116576291576882,0.14262612542144906,283.6805818559738,EXACT_B3_CLOSE
BH padrão,2024-04-01,AFTER_DEPOSIT,971427.1941963646,0.0,395000.0,0.0,0.0,0.0,116.40932393052434,8,9,0.23057085018248105,0.14235514089520954,283.6805818559738,EXACT_B3_CLOSE
BH padrão,2024-04-30,MONTH_END,957414.0534165726,0.0,395000.0,0.0,0.0,0.0,116.40932393052434,8,9,0.2435521984915526,0.14626051414908023,278.1458695891753,EXACT_B3_CLOSE
BH padrão,2024-05-02,BEFORE_DEPOSIT,967881.8059952613,0.0,395000.0,0.0,0.0,0.0,116.40932393052434,8,9,0.23665411545568546,0.14556108346149335,282.2802745390369,EXACT_B3_CLOSE
BH padrão,2024-05-02,AFTER_DEPOSIT,970381.8059952613,0.0,397500.0,0.0,0.0,0.0,116.40932393052434,8,9,0.23604442215250937,0.14527171569962155,282.2802745390369,EXACT_B3_CLOSE
BH padrão,2024-05-31,MONTH_END,940947.5114354538,0.0,397500.0,0.0,0.0,0.0,116.40932393052434,8,9,0.23528265254561498,0.14543476415693898,270.6846838801153,EXACT_B3_CLOSE
BH padrão,2024-06-03,BEFORE_DEPOSIT,950742.40520435,0.0,397500.0,0.0,0.0,0.0,116.40932393052434,8,9,0.2315564128808937,0.1446418746240221,274.54336574731497,EXACT_B3_CLOSE
BH padrão,2024-06-03,AFTER_DEPOSIT,953242.40520435,0.0,400000.0,0.0,0.0,0.0,116.40932393052434,8,9,0.23094912660298403,0.144337115490824,274.54336574731497,EXACT_B3_CLOSE
BH padrão,2024-06-28,MONTH_END,983840.7724483176,0.0,400000.0,0.0,0.0,0.0,116.40932393052434,8,9,0.2528308548489594,0.14955315831324226,286.56592726090105,EXACT_B3_CLOSE
BH padrão,2024-07-01,BEFORE_DEPOSIT,986135.1759676182,0.0,400000.0,0.0,0.0,0.0,116.40932393052434,8,9,0.2513025355249771,0.14973716044692498,287.46743312321854,EXACT_B3_CLOSE
BH padrão,2024-07-01,AFTER_DEPOSIT,988635.1759676182,0.0,402500.0,0.0,0.0,0.0,116.40932393052434,8,9,0.2506670570855239,0.14940792063353522,287.46743312321854,EXACT_B3_CLOSE
BH padrão,2024-07-31,MONTH_END,1072469.5749982568,0.0,402500.0,0.0,0.0,0.0,116.40932393052434,8,9,0.27891672477760726,0.15860655772864496,320.32394095284997,EXACT_B3_CLOSE
BH padrão,2024-08-01,BEFORE_DEPOSIT,1084344.2874706874,0.0,402500.0,0.0,0.0,0.0,116.40932393052434,8,9,0.2877331928425388,0.1616154339535077,324.97789670175985,EXACT_B3_CLOSE
BH padrão,2024-08-01,AFTER_DEPOSIT,1086844.2874706874,0.0,405000.0,0.0,0.0,0.0,116.40932393052434,8,9,0.28707133815884683,0.16124871795272314,324.97789670175985,EXACT_B3_CLOSE
BH padrão,2024-08-30,MONTH_END,1156928.2699622125,0.0,405000.0,0.0,0.0,0.0,116.40932393052434,8,9,0.2774279761193235,0.15834232469429455,352.38213833516363,EXACT_B3_CLOSE
BH padrão,2024-09-02,BEFORE_DEPOSIT,1142140.8740162752,0.0,405000.0,0.0,0.0,0.0,116.40932393052434,8,9,0.27167847955675956,0.15670169870726428,346.5999701816874,EXACT_B3_CLOSE
BH padrão,2024-09-02,AFTER_DEPOSIT,1144640.8740162752,0.0,407500.0,0.0,0.0,0.0,116.40932393052434,8,9,0.2710851089945947,0.1563895924778741,346.5999701816874,EXACT_B3_CLOSE
BH padrão,2024-09-30,MONTH_END,1121250.1925463711,0.0,407500.0,0.0,0.0,0.0,116.40932393052434,8,9,0.28789478729913215,0.16306449913674942,337.47372116846196,EXACT_B3_CLOSE
BH padrão,2024-10-01,BEFORE_DEPOSIT,1134676.201811771,0.0,407500.0,0.0,0.0,0.0,116.40932393052434,8,9,0.2922817671809389,0.1644415506920145,342.71209372154743,EXACT_B3_CLOSE
BH padrão,2024-10-01,AFTER_DEPOSIT,1137176.201811771,0.0,410000.0,0.0,0.0,0.0,116.40932393052434,8,9,0.29163920676084903,0.1640796387453235,342.71209372154743,EXACT_B3_CLOSE
BH padrão,2024-10-31,MONTH_END,1099366.297659376,0.0,410000.0,0.0,0.0,0.0,116.40932393052434,8,9,0.29211401111444574,0.1655747174102969,327.99238554963085,EXACT_B3_CLOSE
BH padrão,2024-11-01,BEFORE_DEPOSIT,1098105.9509847937,0.0,410000.0,0.0,0.0,0.0,116.40932393052434,8,9,0.2956380673336996,0.16695700990250695,327.5017221728997,EXACT_B3_CLOSE
BH padrão,2024-11-01,AFTER_DEPOSIT,1100605.9509847937,0.0,412500.0,0.0,0.0,0.0,116.40932393052434,8,9,0.2949665325599026,0.16656042840953636,327.5017221728997,EXACT_B3_CLOSE
BH padrão,2024-11-29,MONTH_END,1064254.8125642964,0.0,412500.0,0.0,0.0,0.0,116.40932393052434,8,9,0.30080329741418244,0.17223677588377267,313.3820690274637,EXACT_B3_CLOSE
BH padrão,2024-12-02,BEFORE_DEPOSIT,1053277.9845473997,0.0,412500.0,0.0,0.0,0.0,116.40932393052434,8,9,0.3034310180600489,0.17294051912523467,309.11840601799116,EXACT_B3_CLOSE
BH padrão,2024-12-02,AFTER_DEPOSIT,1055777.9845473997,0.0,415000.0,0.0,0.0,0.0,116.40932393052434,8,9,0.302712517052969,0.17248068487678667,309.11840601799116,EXACT_B3_CLOSE
BH padrão,2024-12-30,MONTH_END,1011793.3480249206,0.0,415000.0,0.0,0.0,0.0,116.40932393052434,8,9,0.3099921861316493,0.17589019425541536,292.0741745159756,EXACT_B3_CLOSE
BH padrão,2025-01-02,BEFORE_DEPOSIT,1008840.6015570896,0.0,415000.0,0.0,0.0,0.0,116.40932393052434,8,9,0.31060491354908515,0.1761475763050471,290.92997285049745,EXACT_B3_CLOSE
BH padrão,2025-01-02,AFTER_DEPOSIT,1011340.6015570896,0.0,417500.0,0.0,0.0,0.0,116.40932393052434,8,9,0.30983710863481867,0.17564815119756974,290.92997285049745,EXACT_B3_CLOSE
BH padrão,2025-01-31,MONTH_END,1049525.3914171413,0.0,417500.0,0.0,0.0,0.0,116.40932393052434,8,9,0.31170297525830737,0.17493080187677626,305.69016228648866,EXACT_B3_CLOSE
BH padrão,2025-02-03,BEFORE_DEPOSIT,1043049.4731013189,0.0,417500.0,0.0,0.0,0.0,116.40932393052434,8,9,0.3071420861127639,0.1736761056719503,303.18691998860334,EXACT_B3_CLOSE
BH padrão,2025-02-03,AFTER_DEPOSIT,1045549.4731013189,0.0,420000.0,0.0,0.0,0.0,116.40932393052434,8,9,0.3064076825909446,0.1732098700220684,303.18691998860334,EXACT_B3_CLOSE
BH padrão,2025-02-28,MONTH_END,999166.2326619665,0.0,420000.0,0.0,0.0,0.0,116.40932393052434,8,9,0.2880331733653986,0.16731859484701905,285.3005202218263,EXACT_B3_CLOSE
BH padrão,2025-03-05,BEFORE_DEPOSIT,1003476.6127833833,0.0,420000.0,0.0,0.0,0.0,116.40932393052434,8,9,0.28402780280093626,0.1655892921925564,286.962697794332,EXACT_B3_CLOSE
BH padrão,2025-03-05,AFTER_DEPOSIT,1005976.6127833833,0.0,422500.0,0.0,0.0,0.0,116.40932393052434,8,9,0.2833219518915024,0.16515072518197435,286.962697794332,EXACT_B3_CLOSE
BH padrão,2025-03-31,MONTH_END,1003422.65821381,0.0,422500.0,0.0,0.0,0.0,116.40932393052434,8,9,0.27037539546026557,0.1581733679362502,285.98028414999106,EXACT_B3_CLOSE
BH padrão,2025-04-01,BEFORE_DEPOSIT,1000957.1552853495,0.0,422500.0,0.0,0.0,0.0,116.40932393052434,8,9,0.27146038206676226,0.1581104097048746,285.0318946422299,EXACT_B3_CLOSE
BH padrão,2025-04-01,AFTER_DEPOSIT,1003457.1552853495,0.0,425000.0,0.0,0.0,0.0,116.40932393052434,8,9,0.27078406923009324,0.15772367042321125,285.0318946422299,EXACT_B3_CLOSE
BH padrão,2025-04-30,MONTH_END,1082889.3756768892,0.0,425000.0,0.0,0.0,0.0,116.40932393052434,8,9,0.24699305744536015,0.15005223134123424,315.5104638087397,EXACT_B3_CLOSE
BH padrão,2025-05-02,BEFORE_DEPOSIT,1074045.6927434097,0.0,425000.0,0.0,0.0,0.0,116.40932393052434,8,9,0.24779951354408672,0.15001826568471466,312.1170952154145,EXACT_B3_CLOSE
BH padrão,2025-05-02,AFTER_DEPOSIT,1076545.6927434097,0.0,427500.0,0.0,0.0,0.0,116.40932393052434,8,9,0.24722406301928687,0.1497135286803846,312.1170952154145,EXACT_B3_CLOSE
BH padrão,2025-05-30,MONTH_END,1083041.7660646804,0.0,427500.0,0.0,0.0,0.0,116.40932393052434,8,9,0.23428952009280934,0.14828626298300795,314.60388503354676,EXACT_B3_CLOSE
BH padrão,2025-06-02,BEFORE_DEPOSIT,1071174.8026662273,0.0,427500.0,0.0,0.0,0.0,116.40932393052434,8,9,0.2340883320710622,0.1481604111080192,310.0610416430955,EXACT_B3_CLOSE
BH padrão,2025-06-02,AFTER_DEPOSIT,1073674.8026662273,0.0,430000.0,0.0,0.0,0.0,116.40932393052434,8,9,0.23354326867875347,0.14785159844750326,310.0610416430955,EXACT_B3_CLOSE
BH padrão,2025-06-30,MONTH_END,1116170.9807913406,0.0,430000.0,0.0,0.0,0.0,116.40932393052434,8,9,0.230163021559998,0.14605493714629023,326.29130710574844,EXACT_B3_CLOSE
BH padrão,2025-07-01,BEFORE_DEPOSIT,1123337.755281962,0.0,430000.0,0.0,0.0,0.0,116.40932393052434,8,9,0.22719777375719802,0.14552696824777103,329.0284627189262,EXACT_B3_CLOSE
BH padrão,2025-07-01,AFTER_DEPOSIT,1125837.755281962,0.0,432500.0,0.0,0.0,0.0,116.40932393052434,8,9,0.22669326550836003,0.145250369330242,329.0284627189262,EXACT_B3_CLOSE
BH padrão,2025-07-31,MONTH_END,1022805.2834503299,0.0,432500.0,0.0,0.0,0.0,116.40932393052434,8,9,0.21890011843608004,0.14475421685149759,289.7653781468641,EXACT_B3_CLOSE
BH padrão,2025-08-01,BEFORE_DEPOSIT,1026641.4613982228,0.0,432500.0,0.0,0.0,0.0,116.40932393052434,8,9,0.21849353488376067,0.14437276870682647,291.2272491135991,EXACT_B3_CLOSE
BH padrão,2025-08-01,AFTER_DEPOSIT,1029141.4613982228,0.0,435000.0,0.0,0.0,0.0,116.40932393052434,8,9,0.21796276835875128,0.1440808493047392,291.2272491135991,EXACT_B3_CLOSE
BH padrão,2025-08-29,MONTH_END,1103594.5459860638,0.0,435000.0,0.0,0.0,0.0,116.40932393052434,8,9,0.20588218804621886,0.1415749704585667,319.5305257416234,EXACT_B3_CLOSE
BH padrão,2025-09-01,BEFORE_DEPOSIT,1101330.0593883411,0.0,435000.0,0.0,0.0,0.0,116.40932393052434,8,9,0.20712722629130542,0.1418394910148708,318.6696830921805,EXACT_B3_CLOSE
BH padrão,2025-09-01,AFTER_DEPOSIT,1103830.0593883411,0.0,437500.0,0.0,0.0,0.0,116.40932393052434,8,9,0.20665811597733627,0.14159042854817563,318.6696830921805,EXACT_B3_CLOSE
BH padrão,2025-09-30,MONTH_END,1119329.9989158418,0.0,437500.0,0.0,0.0,0.0,116.40932393052434,8,9,0.1978183617409983,0.140162878668619,324.54862678893267,EXACT_B3_CLOSE
BH padrão,2025-10-01,BEFORE_DEPOSIT,1103245.5565639755,0.0,437500.0,0.0,0.0,0.0,116.40932393052434,8,9,0.19631425948627718,0.13919410870240087,318.4479880856328,EXACT_B3_CLOSE
BH padrão,2025-10-01,AFTER_DEPOSIT,1105745.5565639755,0.0,440000.0,0.0,0.0,0.0,116.40932393052434,8,9,0.19587040904907463,0.13895997141935026,318.4479880856328,EXACT_B3_CLOSE
BH padrão,2025-10-31,MONTH_END,1188612.1489826536,0.0,440000.0,0.0,0.0,0.0,116.40932393052434,8,9,0.21434051291292364,0.1413291232042769,349.80724489771455,EXACT_B3_CLOSE
BH padrão,2025-11-03,BEFORE_DEPOSIT,1200644.4324793445,0.0,440000.0,0.0,0.0,0.0,116.40932393052434,8,9,0.21572063618930323,0.14185278221668823,354.360629527097,EXACT_B3_CLOSE
BH padrão,2025-11-03,AFTER_DEPOSIT,1203144.4324793445,0.0,442500.0,0.0,0.0,0.0,116.40932393052434,8,9,0.21527239275658258,0.14162935757447587,354.360629527097,EXACT_B3_CLOSE
BH padrão,2025-11-28,MONTH_END,1259792.548057814,0.0,442500.0,0.0,0.0,0.0,116.40932393052434,8,9,0.21255756911956572,0.1396278693202272,375.753467129077,EXACT_B3_CLOSE
BH padrão,2025-12-01,BEFORE_DEPOSIT,1253630.669406877,0.0,442500.0,0.0,0.0,0.0,116.40932393052434,8,9,0.2180916071803943,0.14057867334516613,373.42646881754445,EXACT_B3_CLOSE
BH padrão,2025-12-01,AFTER_DEPOSIT,1256130.669406877,0.0,445000.0,0.0,0.0,0.0,116.40932393052434,8,9,0.2176575528011565,0.1403800135185399,373.42646881754445,EXACT_B3_CLOSE
BH padrão,2025-12-30,MONTH_END,1276377.6362608538,0.0,445000.0,0.0,0.0,0.0,116.40932393052434,8,9,0.2342947226882686,0.1451579720334856,381.0574026490305,EXACT_B3_CLOSE
BH padrão,2026-01-02,BEFORE_DEPOSIT,1272307.8238450754,0.0,445000.0,0.0,0.0,0.0,116.40932393052434,8,9,0.2337844053150004,0.14504640052055914,379.52352009391257,EXACT_B3_CLOSE
BH padrão,2026-01-02,AFTER_DEPOSIT,1274807.8238450754,0.0,447500.0,0.0,0.0,0.0,116.40932393052434,8,9,0.23332593541674965,0.14481742959489557,379.52352009391257,EXACT_B3_CLOSE
BH padrão,2026-01-30,MONTH_END,1386441.9911769864,0.0,447500.0,0.0,0.0,0.0,116.40932393052434,8,9,0.22996790612609158,0.14398228637751564,421.51511120314336,EXACT_B3_CLOSE
BH padrão,2026-02-02,BEFORE_DEPOSIT,1403299.6113224013,0.0,447500.0,0.0,0.0,0.0,116.40932393052434,8,9,0.22821572464020645,0.14344489120109943,427.85616528308594,EXACT_B3_CLOSE
BH padrão,2026-02-02,AFTER_DEPOSIT,1405799.6113224013,0.0,450000.0,0.0,0.0,0.0,116.40932393052434,8,9,0.2278098778132438,0.14324108545371994,427.85616528308594,EXACT_B3_CLOSE
BH padrão,2026-02-27,MONTH_END,1390914.0393235744,0.0,450000.0,0.0,0.0,0.0,116.40932393052434,8,9,0.22027566251272485,0.14318591474243558,422.2668615942375,EXACT_B3_CLOSE
BH padrão,2026-03-02,BEFORE_DEPOSIT,1371944.0666457296,0.0,450000.0,0.0,0.0,0.0,116.40932393052434,8,9,0.21878310765329023,0.1428676405641152,415.1439281742796,EXACT_B3_CLOSE
BH padrão,2026-03-02,AFTER_DEPOSIT,1374444.0666457296,0.0,452500.0,0.0,0.0,0.0,116.40932393052434,8,9,0.21838515928827015,0.14265222850723533,415.1439281742796,EXACT_B3_CLOSE
BH padrão,2026-03-31,MONTH_END,1368537.675513485,0.0,452500.0,0.0,0.0,0.0,116.40932393052434,8,9,0.23026517774016841,0.14629928220559343,412.93020292853447,EXACT_B3_CLOSE
BH padrão,2026-04-01,BEFORE_DEPOSIT,1371334.044228857,0.0,452500.0,0.0,0.0,0.0,116.40932393052434,8,9,0.22979563033705244,0.14628951581910485,413.97828658622444,EXACT_B3_CLOSE
BH padrão,2026-04-01,AFTER_DEPOSIT,1373834.044228857,0.0,455000.0,0.0,0.0,0.0,116.40932393052434,8,9,0.22937746550975333,0.14606307143741548,413.97828658622444,EXACT_B3_CLOSE
BH padrão,2026-04-30,MONTH_END,1336025.4381932593,0.0,455000.0,0.0,0.0,0.0,116.40932393052434,8,9,0.20743127765376976,0.14170199002579129,399.83334482268134,EXACT_B3_CLOSE
BH padrão,2026-05-04,BEFORE_DEPOSIT,1316688.9782781592,0.0,455000.0,0.0,0.0,0.0,116.40932393052434,8,9,0.20813160709707196,0.1415707274069406,392.59919556167296,EXACT_B3_CLOSE
BH padrão,2026-05-04,AFTER_DEPOSIT,1319188.9782781592,0.0,457500.0,0.0,0.0,0.0,116.40932393052434,8,9,0.207737176104765,0.14135776905801187,392.59919556167296,EXACT_B3_CLOSE
BH padrão,2026-05-29,MONTH_END,1233014.1039430546,0.0,457500.0,0.0,0.0,0.0,116.40932393052434,8,9,0.22095317446176221,0.1432806883300881,360.42058091731224,EXACT_B3_CLOSE
BH padrão,2026-06-01,BEFORE_DEPOSIT,1215305.0315059558,0.0,457500.0,0.0,0.0,0.0,116.40932393052434,8,9,0.21858122724567555,0.14325913068820337,353.8078249132071,EXACT_B3_CLOSE
BH padrão,2026-06-01,AFTER_DEPOSIT,1217805.0315059558,0.0,460000.0,0.0,0.0,0.0,116.40932393052434,8,9,0.2181325075787528,0.14301470918024972,353.8078249132071,EXACT_B3_CLOSE
BH padrão,2026-06-30,MONTH_END,1270555.50632277,0.0,460000.0,0.0,0.0,0.0,116.40932393052434,8,9,0.22861386458594393,0.1462534158821104,373.4649766086263,EXACT_B3_CLOSE
BESST-10 BH,2014-06-30,INITIAL,100000.0,0.0,100000.0,0.0,0.0,0.0,0.0,10,10,0.10000000000000002,0.10000000000000002,0.0,EXACT_B3_CLOSE
BESST-10 BH,2014-07-01,BEFORE_DEPOSIT,100046.2814538,0.0,100000.0,0.0,0.0,0.0,0.0,10,10,0.10183610794012675,0.10002344257921342,0.04628145379999005,EXACT_B3_CLOSE
BESST-10 BH,2014-07-01,AFTER_DEPOSIT,102546.2814538,0.0,102500.0,0.0,0.0,0.0,0.0,10,10,0.1,0.1,0.04628145379999005,EXACT_B3_CLOSE
BESST-10 BH,2014-07-31,MONTH_END,103200.75230138046,0.0,102500.0,0.0,0.0,0.0,0.0,10,10,0.11542684483713046,0.10076001695028093,0.6847968021097328,EXACT_B3_CLOSE
BESST-10 BH,2014-08-01,BEFORE_DEPOSIT,104001.14693282454,0.0,102500.0,0.0,0.0,0.0,0.0,10,10,0.11664696916631376,0.10079951459353823,1.4656784239132747,EXACT_B3_CLOSE
BESST-10 BH,2014-08-01,AFTER_DEPOSIT,106501.14693282454,0.0,105000.0,0.0,0.0,0.0,0.0,10,10,0.11390880688999835,0.10038979551545275,1.4656784239132747,EXACT_B3_CLOSE
BESST-10 BH,2014-08-29,MONTH_END,114969.03135927832,0.0,105000.0,0.0,0.0,0.0,0.0,10,10,0.11379733064968797,0.100697379041208,9.533193778347538,EXACT_B3_CLOSE
BESST-10 BH,2014-09-01,BEFORE_DEPOSIT,113678.5222407548,0.0,105000.0,0.0,0.0,0.0,0.0,10,10,0.11502817071659707,0.10073643239573377,8.303701073392666,EXACT_B3_CLOSE
BESST-10 BH,2014-09-01,AFTER_DEPOSIT,116178.5222407548,0.0,107500.0,0.0,0.0,0.0,0.0,10,10,0.11255292467933414,0.1004492847084473,8.303701073392666,EXACT_B3_CLOSE
BESST-10 BH,2014-09-30,MONTH_END,104504.26894037095,0.0,107500.0,0.0,0.0,0.0,0.0,10,10,0.11149011507755986,0.10066030556724863,-2.5792471283387797,EXACT_B3_CLOSE
BESST-10 BH,2014-10-01,BEFORE_DEPOSIT,102597.45067818061,0.0,107500.0,0.0,0.0,0.0,0.0,10,10,0.11130927788952698,0.1005276453458556,-4.35681729437678,EXACT_B3_CLOSE
BESST-10 BH,2014-10-01,AFTER_DEPOSIT,105097.45067818061,0.0,110000.0,0.0,0.0,0.0,0.0,10,10,0.1086615143812006,0.1001859519721065,-4.35681729437678,EXACT_B3_CLOSE
BESST-10 BH,2014-10-31,MONTH_END,109000.89840570862,0.0,110000.0,0.0,0.0,0.0,0.0,10,10,0.11231562918368394,0.1008747439451937,-0.8045126306888695,EXACT_B3_CLOSE
BESST-10 BH,2014-11-03,BEFORE_DEPOSIT,108178.77716209857,0.0,110000.0,0.0,0.0,0.0,0.0,10,10,0.11225436550536284,0.1010036824250052,-1.5526781837196801,EXACT_B3_CLOSE
BESST-10 BH,2014-11-03,AFTER_DEPOSIT,110678.77716209857,0.0,112500.0,0.0,0.0,0.0,0.0,10,10,0.10971877628980445,0.10049017546440117,-1.5526781837196801,EXACT_B3_CLOSE
BESST-10 BH,2014-11-28,MONTH_END,112920.35117133358,0.0,112500.0,0.0,0.0,0.0,0.0,10,10,0.11312029496933054,0.10104412643044786,0.4411725211807438,EXACT_B3_CLOSE
BESST-10 BH,2014-12-01,BEFORE_DEPOSIT,107690.06049628592,0.0,112500.0,0.0,0.0,0.0,0.0,10,10,0.11277631658692566,0.10109413911278703,-4.211102490179197,EXACT_B3_CLOSE
BESST-10 BH,2014-12-01,AFTER_DEPOSIT,110190.06049628592,0.0,115000.0,0.0,0.0,0.0,0.0,10,10,0.11021763942314629,0.10054651360235344,-4.211102490179197,EXACT_B3_CLOSE
BESST-10 BH,2014-12-30,MONTH_END,108649.88720723253,0.0,115000.0,0.0,0.0,0.0,0.0,10,10,0.10579585271078218,0.10024666728191968,-5.5499846059347435,EXACT_B3_CLOSE
BESST-10 BH,2015-01-02,BEFORE_DEPOSIT,106714.7514855781,0.0,115000.0,0.0,0.0,0.0,0.0,10,10,0.1073619452356221,0.10028836254246362,-7.232209994270889,EXACT_B3_CLOSE
BESST-10 BH,2015-01-02,AFTER_DEPOSIT,109214.7514855781,0.0,117500.0,0.0,0.0,0.0,0.0,10,10,0.10490435723182118,0.10007879562563599,-7.232209994270889,EXACT_B3_CLOSE
BESST-10 BH,2015-01-30,MONTH_END,101202.83968810615,0.0,117500.0,0.0,0.0,0.0,0.0,10,10,0.12187253496737206,0.1017869275623739,-14.037585102142181,EXACT_B3_CLOSE
BESST-10 BH,2015-02-02,BEFORE_DEPOSIT,102737.96717518126,0.0,117500.0,0.0,0.0,0.0,0.0,10,10,0.1241255323423717,0.10203399125761932,-12.733636849585729,EXACT_B3_CLOSE
BESST-10 BH,2015-02-02,AFTER_DEPOSIT,105237.96717518126,0.0,120000.0,0.0,0.0,0.0,0.0,10,10,0.12117684529352957,0.10106089733933088,-12.733636849585729,EXACT_B3_CLOSE
BESST-10 BH,2015-02-27,MONTH_END,116397.8254473802,0.0,120000.0,0.0,0.0,0.0,0.0,10,10,0.11817859322383345,0.10063519772484927,-3.479559914901831,EXACT_B3_CLOSE
BESST-10 BH,2015-03-02,BEFORE_DEPOSIT,115462.62872023995,0.0,120000.0,0.0,0.0,0.0,0.0,10,10,0.11933843825219234,0.10068853358402093,-4.255052062824516,EXACT_B3_CLOSE
BESST-10 BH,2015-03-02,AFTER_DEPOSIT,117962.62872023995,0.0,122500.0,0.0,0.0,0.0,0.0,10,10,0.11680928051073476,0.10040555397619791,-4.255052062824516,EXACT_B3_CLOSE
BESST-10 BH,2015-03-31,MONTH_END,118021.17557801446,0.0,122500.0,0.0,0.0,0.0,0.0,10,10,0.11628165844014193,0.10081558584767981,-4.207532217681031,EXACT_B3_CLOSE
BESST-10 BH,2015-04-01,BEFORE_DEPOSIT,120040.7578927924,0.0,122500.0,0.0,0.0,0.0,0.0,10,10,0.11512479749489371,0.10088943225227971,-2.5683282962269183,EXACT_B3_CLOSE
BESST-10 BH,2015-04-01,AFTER_DEPOSIT,122540.7578927924,0.0,125000.0,0.0,0.0,0.0,0.0,10,10,0.11277609328670664,0.10041355644167935,-2.5683282962269183,EXACT_B3_CLOSE
BESST-10 BH,2015-04-30,MONTH_END,125132.79735367035,0.0,125000.0,0.0,0.0,0.0,0.0,10,10,0.11562455953625454,0.10083009353847142,-0.5074079776466123,EXACT_B3_CLOSE
BESST-10 BH,2015-05-04,BEFORE_DEPOSIT,127338.58742612631,0.0,125000.0,0.0,0.0,0.0,0.0,10,10,0.11606353898704315,0.10085257151783321,1.2464069805976585,EXACT_B3_CLOSE
BESST-10 BH,2015-05-04,AFTER_DEPOSIT,129838.58742612631,0.0,127500.0,0.0,0.0,0.0,0.0,10,10,0.11382877308871035,0.10039198134400969,1.2464069805976585,EXACT_B3_CLOSE
BESST-10 BH,2015-05-29,MONTH_END,120611.26409169531,0.0,127500.0,0.0,0.0,0.0,0.0,10,10,0.11524862771228556,0.10078793994630562,-5.948937270901633,EXACT_B3_CLOSE
BESST-10 BH,2015-06-01,BEFORE_DEPOSIT,121365.82033937836,0.0,127500.0,0.0,0.0,0.0,0.0,10,10,0.11228637579249692,0.10075648980127347,-5.360544325036143,EXACT_B3_CLOSE
BESST-10 BH,2015-06-01,AFTER_DEPOSIT,123865.82033937836,0.0,130000.0,0.0,0.0,0.0,0.0,10,10,0.11002008523137109,0.10042632847251388,-5.360544325036143,EXACT_B3_CLOSE
BESST-10 BH,2015-06-30,MONTH_END,121278.85365259644,0.0,130000.0,0.0,0.0,0.0,0.0,10,10,0.13104195543105088,0.1015574372275263,-7.337111536358054,EXACT_B3_CLOSE
BESST-10 BH,2015-07-01,BEFORE_DEPOSIT,120747.23577094206,0.0,130000.0,0.0,0.0,0.0,0.0,10,10,0.13025184202904158,0.10155066299730005,-7.7432932159287375,EXACT_B3_CLOSE
BESST-10 BH,2015-07-01,AFTER_DEPOSIT,123247.23577094206,0.0,132500.0,0.0,0.0,0.0,0.0,10,10,0.12760975757955506,0.10106021837513132,-7.7432932159287375,EXACT_B3_CLOSE
BESST-10 BH,2015-07-31,MONTH_END,118330.83230467231,0.0,132500.0,0.0,0.0,0.0,0.0,10,10,0.12629367233555264,0.10180007168085191,-11.42346656977834,EXACT_B3_CLOSE
BESST-10 BH,2015-08-03,BEFORE_DEPOSIT,117490.52230450745,0.0,132500.0,0.0,0.0,0.0,0.0,10,10,0.12827516089086088,0.10187192223628944,-12.052480541637411,EXACT_B3_CLOSE
BESST-10 BH,2015-08-03,AFTER_DEPOSIT,119990.52230450745,0.0,135000.0,0.0,0.0,0.0,0.0,10,10,0.1256025506207487,0.10122333813129138,-12.052480541637411,EXACT_B3_CLOSE
BESST-10 BH,2015-08-31,MONTH_END,106056.9193879542,0.0,135000.0,0.0,0.0,0.0,0.0,10,10,0.12045904527682097,0.10186304331282313,-22.265168928132006,EXACT_B3_CLOSE
BESST-10 BH,2015-09-01,BEFORE_DEPOSIT,103216.70567039028,0.0,135000.0,0.0,0.0,0.0,0.0,10,10,0.12120749450681968,0.10176133968036584,-24.346914605990243,EXACT_B3_CLOSE
BESST-10 BH,2015-09-01,AFTER_DEPOSIT,105716.70567039028,0.0,137500.0,0.0,0.0,0.0,0.0,10,10,0.11834116667012168,0.10096373190196781,-24.346914605990243,EXACT_B3_CLOSE
BESST-10 BH,2015-09-30,MONTH_END,104914.8932168622,0.0,137500.0,0.0,0.0,0.0,0.0,10,10,0.11612642832177168,0.1013331082096132,-24.920708365756738,EXACT_B3_CLOSE
BESST-10 BH,2015-10-01,BEFORE_DEPOSIT,104975.4924112756,0.0,137500.0,0.0,0.0,0.0,0.0,10,10,0.11344668059554723,0.101190315264468,-24.877342314944872,EXACT_B3_CLOSE
BESST-10 BH,2015-10-01,AFTER_DEPOSIT,107475.4924112756,0.0,140000.0,0.0,0.0,0.0,0.0,10,10,0.1108077840887645,0.10064074994084846,-24.877342314944872,EXACT_B3_CLOSE
BESST-10 BH,2015-10-30,MONTH_END,112724.59226540985,0.0,140000.0,0.0,0.0,0.0,0.0,10,10,0.11276743804996597,0.10086931663988999,-21.208353946993654,EXACT_B3_CLOSE
BESST-10 BH,2015-11-03,BEFORE_DEPOSIT,118105.48087036339,0.0,140000.0,0.0,0.0,0.0,0.0,10,10,0.1127116624517379,0.10081906056080678,-17.44724856713191,EXACT_B3_CLOSE
BESST-10 BH,2015-11-03,AFTER_DEPOSIT,120605.48087036339,0.0,142500.0,0.0,0.0,0.0,0.0,10,10,0.11037529138389046,0.10046137533754337,-17.44724856713191,EXACT_B3_CLOSE
BESST-10 BH,2015-11-30,MONTH_END,117669.97057780132,0.0,142500.0,0.0,0.0,0.0,0.0,10,10,0.1333485447517422,0.10233560762358035,-19.456563979347575,EXACT_B3_CLOSE
BESST-10 BH,2015-12-01,BEFORE_DEPOSIT,118359.5306735294,0.0,142500.0,0.0,0.0,0.0,0.0,10,10,0.13265274256386406,0.10256479517333325,-18.984569814821562,EXACT_B3_CLOSE
BESST-10 BH,2015-12-01,AFTER_DEPOSIT,120859.5306735294,0.0,145000.0,0.0,0.0,0.0,0.0,10,10,0.1299087979650266,0.10192117235892231,-18.984569814821562,EXACT_B3_CLOSE
BESST-10 BH,2015-12-30,MONTH_END,114115.45393871785,0.0,145000.0,0.0,0.0,0.0,0.0,10,10,0.13035371248020994,0.10214153854263741,-23.50530785531999,EXACT_B3_CLOSE
BESST-10 BH,2016-01-04,BEFORE_DEPOSIT,110423.31609573893,0.0,145000.0,0.0,0.0,0.0,0.0,10,10,0.1268902459010321,0.10192786418276399,-25.980248259150528,EXACT_B3_CLOSE
BESST-10 BH,2016-01-04,AFTER_DEPOSIT,112923.31609573893,0.0,147500.0,0.0,0.0,0.0,0.0,10,10,0.12408103319173094,0.10138271624718832,-25.980248259150528,EXACT_B3_CLOSE
BESST-10 BH,2016-01-29,MONTH_END,112216.42416973796,0.0,147500.0,0.0,0.0,0.0,0.0,10,10,0.1392216249933138,0.10232712144020321,-26.443606639680574,EXACT_B3_CLOSE
BESST-10 BH,2016-02-01,BEFORE_DEPOSIT,114791.8748531457,0.0,147500.0,0.0,0.0,0.0,0.0,10,10,0.1362257443919284,0.10214686365225964,-24.755432515879438,EXACT_B3_CLOSE
BESST-10 BH,2016-02-01,AFTER_DEPOSIT,117291.8748531457,0.0,150000.0,0.0,0.0,0.0,0.0,10,10,0.13332218128147236,0.10165714389670574,-24.755432515879438,EXACT_B3_CLOSE
BESST-10 BH,2016-02-29,MONTH_END,121675.91563979787,0.0,150000.0,0.0,0.0,0.0,0.0,10,10,0.1361669980321957,0.10245280815987529,-21.943001959735597,EXACT_B3_CLOSE
BESST-10 BH,2016-03-01,BEFORE_DEPOSIT,125480.05357777642,0.0,150000.0,0.0,0.0,0.0,0.0,10,10,0.13379082060686748,0.10213094529133171,-19.502588127562515,EXACT_B3_CLOSE
BESST-10 BH,2016-03-01,AFTER_DEPOSIT,127980.05357777642,0.0,152500.0,0.0,0.0,0.0,0.0,10,10,0.13117731137502536,0.10161034122485962,-19.502588127562515,EXACT_B3_CLOSE
BESST-10 BH,2016-03-31,MONTH_END,147846.13788639367,0.0,152500.0,0.0,0.0,0.0,0.0,10,10,0.12138577369789062,0.10141282787782945,-7.0071380462615185,EXACT_B3_CLOSE
BESST-10 BH,2016-04-01,BEFORE_DEPOSIT,148827.65278030012,0.0,152500.0,0.0,0.0,0.0,0.0,10,10,0.121036625944602,0.1012541463387128,-6.389780837345327,EXACT_B3_CLOSE
BESST-10 BH,2016-04-01,AFTER_DEPOSIT,151327.65278030012,0.0,155000.0,0.0,0.0,0.0,0.0,10,10,0.11903704715445972,0.10095348075069766,-6.389780837345327,EXACT_B3_CLOSE
BESST-10 BH,2016-04-29,MONTH_END,154277.94733731158,0.0,155000.0,0.0,0.0,0.0,0.0,10,10,0.13374291244857536,0.10277781832699608,-4.564749423706804,EXACT_B3_CLOSE
BESST-10 BH,2016-05-02,BEFORE_DEPOSIT,153638.09946479072,0.0,155000.0,0.0,0.0,0.0,0.0,10,10,0.13392511353528785,0.10261911618815772,-4.960554806774454,EXACT_B3_CLOSE
BESST-10 BH,2016-05-02,AFTER_DEPOSIT,156138.09946479072,0.0,157500.0,0.0,0.0,0.0,0.0,10,10,0.1317807760226251,0.10220155597726314,-4.960554806774454,EXACT_B3_CLOSE
BESST-10 BH,2016-05-31,MONTH_END,150660.6602585381,0.0,157500.0,0.0,0.0,0.0,0.0,10,10,0.16363851068117533,0.1059955618230874,-8.294608346725873,EXACT_B3_CLOSE
BESST-10 BH,2016-06-01,BEFORE_DEPOSIT,150779.39529284058,0.0,157500.0,0.0,0.0,0.0,0.0,10,10,0.16254707298338733,0.10614415124719329,-8.222335712283746,EXACT_B3_CLOSE
BESST-10 BH,2016-06-01,AFTER_DEPOSIT,153279.39529284058,0.0,160000.0,0.0,0.0,0.0,0.0,10,10,0.15989591637044465,0.10547837403888227,-8.222335712283746,EXACT_B3_CLOSE
BESST-10 BH,2016-06-30,MONTH_END,167499.75311979378,0.0,160000.0,0.0,0.0,0.0,0.0,10,10,0.17098716067840264,0.10741413361837489,0.2922544203292521,EXACT_B3_CLOSE
BESST-10 BH,2016-07-01,BEFORE_DEPOSIT,168017.84304516547,0.0,160000.0,0.0,0.0,0.0,0.0,10,10,0.17017197569488657,0.10723532036607028,0.6024662602883479,EXACT_B3_CLOSE
BESST-10 BH,2016-07-01,AFTER_DEPOSIT,170517.84304516547,0.0,162500.0,0.0,0.0,0.0,0.0,10,10,0.16767704653298923,0.10659448706395004,0.6024662602883479,EXACT_B3_CLOSE
BESST-10 BH,2016-07-29,MONTH_END,190356.89466996363,0.0,162500.0,0.0,0.0,0.0,0.0,10,10,0.16773793390512987,0.1064285992624538,12.307150568259729,EXACT_B3_CLOSE
BESST-10 BH,2016-08-01,BEFORE_DEPOSIT,189839.98444879858,0.0,162500.0,0.0,0.0,0.0,0.0,10,10,0.16615593985502716,0.1058927041578866,12.002182817344774,EXACT_B3_CLOSE
BESST-10 BH,2016-08-01,AFTER_DEPOSIT,192339.98444879858,0.0,165000.0,0.0,0.0,0.0,0.0,10,10,0.16399627528591545,0.10538614151584881,12.002182817344774,EXACT_B3_CLOSE
BESST-10 BH,2016-08-31,MONTH_END,191037.88955313846,0.0,165000.0,0.0,0.0,0.0,0.0,10,10,0.1683230184251802,0.10615687408150665,11.243955291397988,EXACT_B3_CLOSE
BESST-10 BH,2016-09-01,BEFORE_DEPOSIT,192857.10427318898,0.0,165000.0,0.0,0.0,0.0,0.0,10,10,0.1657247163666075,0.10566353293061737,12.303308707917292,EXACT_B3_CLOSE
BESST-10 BH,2016-09-01,AFTER_DEPOSIT,195357.10427318898,0.0,167500.0,0.0,0.0,0.0,0.0,10,10,0.16360392433061813,0.10516645173549291,12.303308707917292,EXACT_B3_CLOSE
BESST-10 BH,2016-09-30,MONTH_END,193672.79219971295,0.0,167500.0,0.0,0.0,0.0,0.0,10,10,0.164473293482037,0.10547024246257192,11.33506227812,EXACT_B3_CLOSE
BESST-10 BH,2016-10-03,BEFORE_DEPOSIT,196716.68983013983,0.0,167500.0,0.0,0.0,0.0,0.0,10,10,0.16286947005820865,0.10531095388627093,13.084882314288727,EXACT_B3_CLOSE
BESST-10 BH,2016-10-03,AFTER_DEPOSIT,199216.68983013983,0.0,170000.0,0.0,0.0,0.0,0.0,10,10,0.16082559674873495,0.10485516708062179,13.084882314288727,EXACT_B3_CLOSE
BESST-10 BH,2016-10-31,MONTH_END,213316.23736683314,0.0,170000.0,0.0,0.0,0.0,0.0,10,10,0.15220543490296062,0.10426697011928811,21.088457091237235,EXACT_B3_CLOSE
BESST-10 BH,2016-11-01,BEFORE_DEPOSIT,207919.1811565694,0.0,170000.0,0.0,0.0,0.0,0.0,10,10,0.15526585602836332,0.10455116726981754,18.02483091161511,EXACT_B3_CLOSE
BESST-10 BH,2016-11-01,AFTER_DEPOSIT,210419.1811565694,0.0,172500.0,0.0,0.0,0.0,0.0,10,10,0.15342113522896964,0.10410551885367393,18.02483091161511,EXACT_B3_CLOSE
BESST-10 BH,2016-11-30,MONTH_END,199201.66405323852,0.0,172500.0,0.0,0.0,0.0,0.0,10,10,0.1680625240685168,0.10590065308727566,11.732887600688269,EXACT_B3_CLOSE
BESST-10 BH,2016-12-01,BEFORE_DEPOSIT,189600.91163887596,0.0,172500.0,0.0,0.0,0.0,0.0,10,10,0.17201459489338475,0.10648658886169601,6.3477930760295065,EXACT_B3_CLOSE
BESST-10 BH,2016-12-01,AFTER_DEPOSIT,192100.91163887596,0.0,175000.0,0.0,0.0,0.0,0.0,10,10,0.16977599808733798,0.10596801285369895,6.3477930760295065,EXACT_B3_CLOSE
BESST-10 BH,2016-12-29,MONTH_END,199867.00563501127,0.0,175000.0,0.0,0.0,0.0,0.0,10,10,0.17934472233917262,0.10752424927376801,10.647132159139039,EXACT_B3_CLOSE
BESST-10 BH,2017-01-02,BEFORE_DEPOSIT,199135.1142982649,0.0,175000.0,0.0,0.0,0.0,0.0,10,10,0.18148336097040385,0.10787310793596733,10.24195433998969,EXACT_B3_CLOSE
BESST-10 BH,2017-01-02,AFTER_DEPOSIT,201635.1142982649,0.0,177500.0,0.0,0.0,0.0,0.0,10,10,0.17923321518600008,0.10735534037791226,10.24195433998969,EXACT_B3_CLOSE
BESST-10 BH,2017-01-31,MONTH_END,222224.69349607997,0.0,177500.0,0.0,0.0,0.0,0.0,10,10,0.19073305399563195,0.11008539681913831,21.49909800618426,EXACT_B3_CLOSE
BESST-10 BH,2017-02-01,BEFORE_DEPOSIT,223581.08834866062,0.0,177500.0,0.0,0.0,0.0,0.0,10,10,0.19620846002490286,0.11119603542200321,22.240693139182778,EXACT_B3_CLOSE
BESST-10 BH,2017-02-01,AFTER_DEPOSIT,226081.08834866062,0.0,180000.0,0.0,0.0,0.0,0.0,10,10,0.19403879093119353,0.11055223177495359,22.240693139182778,EXACT_B3_CLOSE
BESST-10 BH,2017-02-24,MONTH_END,244771.2711175682,0.0,180000.0,0.0,0.0,0.0,0.0,10,10,0.20698645533050816,0.1137679864653744,32.346363247448636,EXACT_B3_CLOSE
BESST-10 BH,2017-03-01,BEFORE_DEPOSIT,246010.7758298986,0.0,180000.0,0.0,0.0,0.0,0.0,10,10,0.20953630669461298,0.114417075708775,33.01655603664329,EXACT_B3_CLOSE
BESST-10 BH,2017-03-01,AFTER_DEPOSIT,248510.7758298986,0.0,182500.0,0.0,0.0,0.0,0.0,10,10,0.2074283869676427,0.11372564556512371,33.01655603664329,EXACT_B3_CLOSE
BESST-10 BH,2017-03-31,MONTH_END,237863.81832083108,0.0,182500.0,0.0,0.0,0.0,0.0,10,10,0.18468078867328633,0.10876005327619641,27.317722191731786,EXACT_B3_CLOSE
BESST-10 BH,2017-04-03,BEFORE_DEPOSIT,239861.26182036585,0.0,182500.0,0.0,0.0,0.0,0.0,10,10,0.18459308656674442,0.10877438788725982,28.3868631748486,EXACT_B3_CLOSE
BESST-10 BH,2017-04-03,AFTER_DEPOSIT,242361.26182036585,0.0,185000.0,0.0,0.0,0.0,0.0,10,10,0.182688975683055,0.1082496474615271,28.3868631748486,EXACT_B3_CLOSE
BESST-10 BH,2017-04-28,MONTH_END,229957.45090801577,0.0,185000.0,0.0,0.0,0.0,0.0,10,10,0.15559041968616855,0.10397258059296824,21.816149841828782,EXACT_B3_CLOSE
BESST-10 BH,2017-05-02,BEFORE_DEPOSIT,234477.66907374654,0.0,185000.0,0.0,0.0,0.0,0.0,10,10,0.1568296138828333,0.10418238398731543,24.210660527262817,EXACT_B3_CLOSE
BESST-10 BH,2017-05-02,AFTER_DEPOSIT,236977.66907374654,0.0,187500.0,0.0,0.0,0.0,0.0,10,10,0.1551751371709999,0.10381248851990896,24.210660527262817,EXACT_B3_CLOSE
BESST-10 BH,2017-05-31,MONTH_END,225052.89832722745,0.0,187500.0,0.0,0.0,0.0,0.0,10,10,0.15412342585003821,0.10364023857490992,17.960351555743735,EXACT_B3_CLOSE
BESST-10 BH,2017-06-01,BEFORE_DEPOSIT,224383.97842483877,0.0,187500.0,0.0,0.0,0.0,0.0,10,10,0.15320980342022417,0.10353093581521335,17.609740533024663,EXACT_B3_CLOSE
BESST-10 BH,2017-06-01,AFTER_DEPOSIT,226883.97842483877,0.0,190000.0,0.0,0.0,0.0,0.0,10,10,0.15152160793277838,0.10321045134966102,17.609740533024663,EXACT_B3_CLOSE
BESST-10 BH,2017-06-30,MONTH_END,235188.1375592388,0.0,190000.0,0.0,0.0,0.0,0.0,10,10,0.17036758080097394,0.10579435448608879,21.914363573938388,EXACT_B3_CLOSE
BESST-10 BH,2017-07-03,BEFORE_DEPOSIT,239887.4431282141,0.0,190000.0,0.0,0.0,0.0,0.0,10,10,0.1810189179255135,0.10760514626322018,24.350340377984402,EXACT_B3_CLOSE
BESST-10 BH,2017-07-03,AFTER_DEPOSIT,242387.4431282141,0.0,192500.0,0.0,0.0,0.0,0.0,10,10,0.17915187692300413,0.10720445045924946,24.350340377984402,EXACT_B3_CLOSE
BESST-10 BH,2017-07-31,MONTH_END,248654.5574598535,0.0,192500.0,0.0,0.0,0.0,0.0,10,10,0.17072884682854478,0.1060129509740121,27.56551435840744,EXACT_B3_CLOSE
BESST-10 BH,2017-08-01,BEFORE_DEPOSIT,251210.8823416797,0.0,192500.0,0.0,0.0,0.0,0.0,10,10,0.17226128242533834,0.1062735855918003,28.876967893579454,EXACT_B3_CLOSE
BESST-10 BH,2017-08-01,AFTER_DEPOSIT,253710.8823416797,0.0,195000.0,0.0,0.0,0.0,0.0,10,10,0.17056386526258782,0.1058994654678796,28.876967893579454,EXACT_B3_CLOSE
BESST-10 BH,2017-08-31,MONTH_END,262049.97355911764,0.0,195000.0,0.0,0.0,0.0,0.0,10,10,0.16479205927136273,0.10515965240907878,33.112958014192515,EXACT_B3_CLOSE
BESST-10 BH,2017-09-01,BEFORE_DEPOSIT,264205.79593055905,0.0,195000.0,0.0,0.0,0.0,0.0,10,10,0.1637507288229296,0.10500768712280423,34.20804643919097,EXACT_B3_CLOSE
BESST-10 BH,2017-09-01,AFTER_DEPOSIT,266705.79593055905,0.0,197500.0,0.0,0.0,0.0,0.0,10,10,0.16221579096892094,0.10467573981667189,34.20804643919097,EXACT_B3_CLOSE
BESST-10 BH,2017-09-29,MONTH_END,271830.1237474936,0.0,197500.0,0.0,0.0,0.0,0.0,10,10,0.15887529520899638,0.10452801615783162,36.78664066593156,EXACT_B3_CLOSE
BESST-10 BH,2017-10-02,BEFORE_DEPOSIT,271015.7145220105,0.0,197500.0,0.0,0.0,0.0,0.0,10,10,0.15548059741867565,0.10418512065410344,36.37682478333033,EXACT_B3_CLOSE
BESST-10 BH,2017-10-02,AFTER_DEPOSIT,273515.7145220105,0.0,200000.0,0.0,0.0,0.0,0.0,10,10,0.15405946703051504,0.10383737542954524,36.37682478333033,EXACT_B3_CLOSE
BESST-10 BH,2017-10-31,MONTH_END,266391.9520559562,81.22512980789152,200000.0,81.22512980789152,81.22512980789152,0.0,0.0,10,10,0.1492400225237495,0.1033629992027274,32.82486760482251,EXACT_B3_CLOSE
BESST-10 BH,2017-11-01,BEFORE_DEPOSIT,264660.57425207447,81.22512980789152,200000.0,81.22512980789152,81.22512980789152,0.0,0.0,10,10,0.1542576860094015,0.10392065030766465,31.96159067096749,EXACT_B3_CLOSE
BESST-10 BH,2017-11-01,AFTER_DEPOSIT,267160.57425207447,81.22512980789134,202500.0,81.22512980789152,81.22512980789152,0.0,0.0,10,10,0.15281419377218378,0.10359728230412636,31.96159067096749,EXACT_B3_CLOSE
BESST-10 BH,2017-11-30,MONTH_END,265712.33166044735,0.0,202500.0,0.0,0.0,0.0,81.22512980789152,10,10,0.15886529138416872,0.10466145714622772,31.246244117294353,EXACT_B3_CLOSE
BESST-10 BH,2017-12-01,BEFORE_DEPOSIT,266772.80170382827,0.0,202500.0,0.0,0.0,0.0,81.22512980789152,10,10,0.15629937496822724,0.10424448589433016,31.77005386794798,EXACT_B3_CLOSE
BESST-10 BH,2017-12-01,AFTER_DEPOSIT,269272.80170382827,0.0,205000.0,0.0,0.0,0.0,81.22512980789152,10,10,0.15484825017972986,0.10390199481920166,31.77005386794798,EXACT_B3_CLOSE
BESST-10 BH,2017-12-28,MONTH_END,281379.55291467067,0.0,205000.0,0.0,0.0,0.0,81.22512980789152,10,10,0.15915289429176158,0.10467827316958321,37.694555893864504,EXACT_B3_CLOSE
BESST-10 BH,2018-01-02,BEFORE_DEPOSIT,284619.573911553,0.0,205000.0,0.0,0.0,0.0,81.22512980789152,10,10,0.159009202569555,0.10466920905997709,39.28007711468966,EXACT_B3_CLOSE
BESST-10 BH,2018-01-02,AFTER_DEPOSIT,287119.573911553,0.0,207500.0,0.0,0.0,0.0,81.22512980789152,10,10,0.15762468182438857,0.10433245769886272,39.28007711468966,EXACT_B3_CLOSE
BESST-10 BH,2018-01-31,MONTH_END,313507.73729494505,0.0,207500.0,0.0,0.0,0.0,81.22512980789152,10,10,0.1484723916446854,0.1037498497742595,52.08082553069997,EXACT_B3_CLOSE
BESST-10 BH,2018-02-01,BEFORE_DEPOSIT,315582.80376030173,0.0,207500.0,0.0,0.0,0.0,81.22512980789152,10,10,0.14808481050554342,0.10365165767110529,53.087428505814515,EXACT_B3_CLOSE
BESST-10 BH,2018-02-01,AFTER_DEPOSIT,318082.80376030173,0.0,210000.0,0.0,0.0,0.0,81.22512980789152,10,10,0.14692092480695396,0.10335147451450359,53.087428505814515,EXACT_B3_CLOSE
BESST-10 BH,2018-02-28,MONTH_END,318729.90238223155,0.0,210000.0,0.0,0.0,0.0,81.22512980789152,10,10,0.14382008637526295,0.10306808255468346,53.39886522244868,EXACT_B3_CLOSE
BESST-10 BH,2018-03-01,BEFORE_DEPOSIT,319846.56432130607,0.0,210000.0,0.0,0.0,0.0,81.22512980789152,10,10,0.14400121676846822,0.1030623525740867,53.93629416466857,EXACT_B3_CLOSE
BESST-10 BH,2018-03-01,AFTER_DEPOSIT,322346.56432130607,0.0,212500.0,0.0,0.0,0.0,81.22512980789152,10,10,0.14288439691751323,0.10278929026674231,53.93629416466857,EXACT_B3_CLOSE
BESST-10 BH,2018-03-29,MONTH_END,329198.7128711571,0.0,212500.0,0.0,0.0,0.0,81.22512980789152,10,10,0.15389987096689747,0.10426758563300481,57.20853116539701,EXACT_B3_CLOSE
BESST-10 BH,2018-04-02,BEFORE_DEPOSIT,324125.6888244801,0.0,212500.0,0.0,0.0,0.0,81.22512980789152,10,10,0.15442303442048472,0.1042764532557581,54.78591337327654,EXACT_B3_CLOSE
BESST-10 BH,2018-04-02,AFTER_DEPOSIT,326625.6888244801,0.0,215000.0,0.0,0.0,0.0,81.22512980789152,10,10,0.15324107721607552,0.10398769424831798,54.78591337327654,EXACT_B3_CLOSE
BESST-10 BH,2018-04-30,MONTH_END,332177.75983598514,0.0,215000.0,0.0,0.0,0.0,81.22512980789152,10,10,0.15987917910367497,0.10509006307160398,57.4170058195627,EXACT_B3_CLOSE
BESST-10 BH,2018-05-02,BEFORE_DEPOSIT,328407.21739239356,0.0,215000.0,0.0,0.0,0.0,81.22512980789152,10,10,0.15930833000160247,0.10506425184970708,55.63016884986662,EXACT_B3_CLOSE
BESST-10 BH,2018-05-02,AFTER_DEPOSIT,330907.21739239356,0.0,217500.0,0.0,0.0,0.0,81.22512980789152,10,10,0.1581047575073473,0.10476796451647334,55.63016884986662,EXACT_B3_CLOSE
BESST-10 BH,2018-05-30,MONTH_END,300048.227828779,0.0,217500.0,0.0,0.0,0.0,81.22512980789152,10,10,0.15871552721268503,0.10494107454257695,41.1167659867715,EXACT_B3_CLOSE
BESST-10 BH,2018-06-01,BEFORE_DEPOSIT,304320.7800167846,0.0,217500.0,0.0,0.0,0.0,81.22512980789152,10,10,0.158696876891528,0.10522984339386293,43.12620544136849,EXACT_B3_CLOSE
BESST-10 BH,2018-06-01,AFTER_DEPOSIT,306820.7800167846,0.0,220000.0,0.0,0.0,0.0,81.22512980789152,10,10,0.15740380217798638,0.1048764112294818,43.12620544136849,EXACT_B3_CLOSE
BESST-10 BH,2018-06-29,MONTH_END,287804.6320144926,0.0,220000.0,0.0,0.0,0.0,81.22512980789152,10,10,0.15867349111443338,0.1051779896936017,34.255524956394076,EXACT_B3_CLOSE
BESST-10 BH,2018-07-02,BEFORE_DEPOSIT,287578.65997871256,0.0,220000.0,0.0,0.0,0.0,81.22512980789152,10,10,0.1613919020257609,0.10543389240407332,34.15011319120891,EXACT_B3_CLOSE
BESST-10 BH,2018-07-02,AFTER_DEPOSIT,290078.65997871256,0.0,222500.0,0.0,0.0,0.0,81.22512980789152,10,10,0.16000096980381112,0.1050588764353509,34.15011319120891,EXACT_B3_CLOSE
BESST-10 BH,2018-07-31,MONTH_END,307380.0999854567,0.0,222500.0,0.0,0.0,0.0,81.22512980789152,10,10,0.14733695739667732,0.10478391832505016,42.15135718291088,EXACT_B3_CLOSE
BESST-10 BH,2018-08-01,BEFORE_DEPOSIT,308904.34399710386,0.0,222500.0,0.0,0.0,0.0,81.22512980789152,10,10,0.14848401447856147,0.10469306142308409,42.85626083459106,EXACT_B3_CLOSE
BESST-10 BH,2018-08-01,AFTER_DEPOSIT,311404.34399710386,0.0,225000.0,0.0,0.0,0.0,81.22512980789152,10,10,0.1472919629116769,0.10433611834352856,42.85626083459106,EXACT_B3_CLOSE
BESST-10 BH,2018-08-31,MONTH_END,308820.31756966276,0.0,225000.0,0.0,0.0,0.0,81.22512980789152,10,10,0.1509757891011835,0.1063275147206804,41.670842710412835,EXACT_B3_CLOSE
BESST-10 BH,2018-09-03,BEFORE_DEPOSIT,306921.85367579164,0.0,225000.0,0.0,0.0,0.0,81.22512980789152,10,10,0.1508214712354824,0.10684380795085961,40.799925337434814,EXACT_B3_CLOSE
BESST-10 BH,2018-09-03,AFTER_DEPOSIT,309421.85367579164,0.0,227500.0,0.0,0.0,0.0,81.22512980789152,10,10,0.1496028964205187,0.10644945089340715,40.799925337434814,EXACT_B3_CLOSE
BESST-10 BH,2018-09-28,MONTH_END,309452.78326215374,0.0,227500.0,0.0,0.0,0.0,81.22512980789152,10,10,0.1564437133465653,0.10656915970393892,40.81399959689247,EXACT_B3_CLOSE
BESST-10 BH,2018-10-01,BEFORE_DEPOSIT,306724.43089695263,0.0,227500.0,0.0,0.0,0.0,81.22512980789152,10,10,0.15772881625125426,0.10679441245714259,39.572484801634864,EXACT_B3_CLOSE
BESST-10 BH,2018-10-01,AFTER_DEPOSIT,309224.43089695263,0.0,230000.0,0.0,0.0,0.0,81.22512980789152,10,10,0.1564536193352656,0.10642067640614919,39.572484801634864,EXACT_B3_CLOSE
BESST-10 BH,2018-10-31,MONTH_END,358725.6869250524,0.0,230000.0,0.0,0.0,0.0,81.22512980789152,10,10,0.16094423371296337,0.1065371628267378,61.915523107512385,EXACT_B3_CLOSE
BESST-10 BH,2018-11-01,BEFORE_DEPOSIT,364988.8530760276,0.0,230000.0,0.0,0.0,0.0,81.22512980789152,10,10,0.1535572316133258,0.10566097899219488,64.74248493546837,EXACT_B3_CLOSE
BESST-10 BH,2018-11-01,AFTER_DEPOSIT,367488.8530760276,0.0,232500.0,0.0,0.0,0.0,81.22512980789152,10,10,0.15251259290981145,0.1053449294483134,64.74248493546837,EXACT_B3_CLOSE
BESST-10 BH,2018-11-30,MONTH_END,382722.5212936271,0.0,232500.0,0.0,0.0,0.0,81.22512980789152,10,10,0.1506471323651322,0.1054594431590825,71.57162365857029,EXACT_B3_CLOSE
BESST-10 BH,2018-12-03,BEFORE_DEPOSIT,382945.99414273334,0.0,232500.0,0.0,0.0,0.0,81.22512980789152,10,10,0.1510000535417758,0.1055619328543633,71.67180485364383,EXACT_B3_CLOSE
BESST-10 BH,2018-12-03,AFTER_DEPOSIT,385445.99414273334,0.0,235000.0,0.0,0.0,0.0,81.22512980789152,10,10,0.15002066825929536,0.10523770810453831,71.67180485364383,EXACT_B3_CLOSE
BESST-10 BH,2018-12-28,MONTH_END,406347.2790683461,0.0,235000.0,0.0,0.0,0.0,81.22512980789152,10,10,0.17041589168308147,0.10826132206993168,80.98092042746264,EXACT_B3_CLOSE
BESST-10 BH,2019-01-02,BEFORE_DEPOSIT,420335.9406275562,0.0,235000.0,0.0,0.0,0.0,81.22512980789152,10,10,0.17082234727545656,0.10819053067832439,87.21125830578838,EXACT_B3_CLOSE
BESST-10 BH,2019-01-02,AFTER_DEPOSIT,422835.9406275562,0.0,237500.0,0.0,0.0,0.0,81.22512980789152,10,10,0.16981236721663087,0.10786873837995953,87.21125830578838,EXACT_B3_CLOSE
BESST-10 BH,2019-01-31,MONTH_END,449993.47073292057,0.0,237500.0,0.0,0.0,0.0,81.22512980789152,10,10,0.1490848256391427,0.10464462706493693,99.23529622450656,EXACT_B3_CLOSE
BESST-10 BH,2019-02-01,BEFORE_DEPOSIT,453103.77061312203,0.0,237500.0,0.0,0.0,0.0,81.22512980789152,10,10,0.14960142114046365,0.10458787717950348,100.61238624532325,EXACT_B3_CLOSE
BESST-10 BH,2019-02-01,AFTER_DEPOSIT,455603.77061312203,0.0,240000.0,0.0,0.0,0.0,81.22512980789152,10,10,0.14878052461375613,0.10430610309289609,100.61238624532325,EXACT_B3_CLOSE
BESST-10 BH,2019-02-28,MONTH_END,440898.68547060963,0.0,240000.0,0.0,0.0,0.0,81.22512980789152,10,10,0.1581331925411206,0.10637693322999034,94.13741301055367,EXACT_B3_CLOSE
BESST-10 BH,2019-03-01,BEFORE_DEPOSIT,435790.9263135363,0.0,240000.0,0.0,0.0,0.0,81.22512980789152,10,10,0.1594701162066426,0.10646764220648836,91.88835402781537,EXACT_B3_CLOSE
BESST-10 BH,2019-03-01,AFTER_DEPOSIT,438290.9263135363,0.0,242500.0,0.0,0.0,0.0,81.22512980789152,10,10,0.1585605028275342,0.10613811062022996,91.88835402781537,EXACT_B3_CLOSE
BESST-10 BH,2019-03-29,MONTH_END,443097.3068254663,0.0,242500.0,0.0,0.0,0.0,81.22512980789152,10,10,0.15808616358080108,0.10598522124566864,93.9926377122233,EXACT_B3_CLOSE
BESST-10 BH,2019-04-01,BEFORE_DEPOSIT,444956.94191488967,0.0,242500.0,0.0,0.0,0.0,81.22512980789152,10,10,0.15928147143541538,0.10619686037533496,94.8068054144918,EXACT_B3_CLOSE
BESST-10 BH,2019-04-01,AFTER_DEPOSIT,447456.94191488967,0.0,245000.0,0.0,0.0,0.0,81.22512980789152,10,10,0.15839154518489298,0.10587317472808863,94.8068054144918,EXACT_B3_CLOSE
BESST-10 BH,2019-04-30,MONTH_END,468815.6102988362,0.0,245000.0,0.0,0.0,0.0,81.22512980789152,10,10,0.16881540585244043,0.10779587049239664,104.1056084188165,EXACT_B3_CLOSE
BESST-10 BH,2019-05-02,BEFORE_DEPOSIT,465634.8830046027,0.0,245000.0,0.0,0.0,0.0,81.22512980789152,10,10,0.16713576539126904,0.10750544309875844,102.72083311410758,EXACT_B3_CLOSE
BESST-10 BH,2019-05-02,AFTER_DEPOSIT,468134.8830046027,0.0,247500.0,0.0,0.0,0.0,81.22512980789152,10,10,0.16624320337837997,0.10718369728237939,102.72083311410758,EXACT_B3_CLOSE
BESST-10 BH,2019-05-31,MONTH_END,468102.2483930436,0.0,247500.0,0.0,0.0,0.0,81.22512980789152,10,10,0.15226341720737155,0.10555226819045799,102.70670104259617,EXACT_B3_CLOSE
BESST-10 BH,2019-06-03,BEFORE_DEPOSIT,470821.10575513955,0.0,247500.0,0.0,0.0,0.0,81.22512980789152,10,10,0.15104307447103738,0.10530226205096936,103.88407331194082,EXACT_B3_CLOSE
BESST-10 BH,2019-06-03,AFTER_DEPOSIT,473321.10575513955,0.0,250000.0,0.0,0.0,0.0,81.22512980789152,10,10,0.15024529114469456,0.10502601632318385,103.88407331194082,EXACT_B3_CLOSE
BESST-10 BH,2019-06-28,MONTH_END,485411.65824676235,0.0,250000.0,0.0,0.0,0.0,81.22512980789152,10,10,0.1588103678015538,0.10565622038586425,109.09210452079874,EXACT_B3_CLOSE
BESST-10 BH,2019-07-01,BEFORE_DEPOSIT,486666.78251475206,0.0,250000.0,0.0,0.0,0.0,81.22512980789152,10,10,0.1592750211092263,0.10587037756690373,109.63275196955794,EXACT_B3_CLOSE
BESST-10 BH,2019-07-01,AFTER_DEPOSIT,489166.78251475206,0.0,252500.0,0.0,0.0,0.0,81.22512980789152,10,10,0.15846100926908047,0.10561995767955265,109.63275196955794,EXACT_B3_CLOSE
BESST-10 BH,2019-07-31,MONTH_END,496774.7864689471,0.0,252500.0,0.0,0.0,0.0,81.22512980789152,10,10,0.15601106437413503,0.1053721679134797,112.893167154976,EXACT_B3_CLOSE
BESST-10 BH,2019-08-01,BEFORE_DEPOSIT,501753.0166847972,0.0,252500.0,0.0,0.0,0.0,81.22512980789152,10,10,0.1581070375206516,0.10587618926615079,115.02659104512985,EXACT_B3_CLOSE
BESST-10 BH,2019-08-01,AFTER_DEPOSIT,504253.0166847972,0.0,255000.0,0.0,0.0,0.0,81.22512980789152,10,10,0.1573231699368733,0.10563946468715528,115.02659104512985,EXACT_B3_CLOSE
BESST-10 BH,2019-08-30,MONTH_END,502084.24132475734,0.0,255000.0,0.0,0.0,0.0,81.22512980789152,10,10,0.1588501182620499,0.10551857737551379,114.10176886860026,EXACT_B3_CLOSE
BESST-10 BH,2019-09-02,BEFORE_DEPOSIT,503481.1709166605,0.0,255000.0,0.0,0.0,0.0,81.22512980789152,10,10,0.15982538277621722,0.10574562469590276,114.69745595055731,EXACT_B3_CLOSE
BESST-10 BH,2019-09-02,AFTER_DEPOSIT,505981.1709166605,0.0,257500.0,0.0,0.0,0.0,81.22512980789152,10,10,0.15903570229024838,0.10551510251113547,114.69745595055731,EXACT_B3_CLOSE
BESST-10 BH,2019-09-30,MONTH_END,506925.13888818916,0.0,257500.0,0.0,0.0,0.0,81.22512980789152,10,10,0.15521216212139605,0.1045809704236839,115.09799955501366,EXACT_B3_CLOSE
BESST-10 BH,2019-10-01,BEFORE_DEPOSIT,502960.75326737796,0.0,257500.0,0.0,0.0,0.0,81.22512980789152,10,10,0.15586034416932235,0.10483303233647497,113.41583516606386,EXACT_B3_CLOSE
BESST-10 BH,2019-10-01,AFTER_DEPOSIT,505460.75326737796,0.0,260000.0,0.0,0.0,0.0,81.22512980789152,10,10,0.15508946164698104,0.10461794951848412,113.41583516606386,EXACT_B3_CLOSE
BESST-10 BH,2019-10-31,MONTH_END,512330.0552320416,0.0,260000.0,0.0,0.0,0.0,81.22512980789152,10,10,0.1524453320231854,0.10433436439849794,116.31619450419248,EXACT_B3_CLOSE
BESST-10 BH,2019-11-01,BEFORE_DEPOSIT,515802.1600982526,0.0,260000.0,0.0,0.0,0.0,81.22512980789152,10,10,0.15480695580076223,0.10461520334716748,117.78218796662574,EXACT_B3_CLOSE
BESST-10 BH,2019-11-01,AFTER_DEPOSIT,518302.1600982526,0.0,262500.0,0.0,0.0,0.0,81.22512980789152,10,10,0.15406025355003547,0.10441044963424197,117.78218796662574,EXACT_B3_CLOSE
BESST-10 BH,2019-11-29,MONTH_END,526884.738113193,0.0,262500.0,0.0,0.0,0.0,81.22512980789152,10,10,0.15043056397795387,0.10387101137813215,121.38844848873829,EXACT_B3_CLOSE
BESST-10 BH,2019-12-02,BEFORE_DEPOSIT,527789.1926813235,0.0,262500.0,0.0,0.0,0.0,81.22512980789152,10,10,0.14909839072309947,0.1037231830930304,121.76848567539898,EXACT_B3_CLOSE
BESST-10 BH,2019-12-02,AFTER_DEPOSIT,530289.1926813235,0.0,265000.0,0.0,0.0,0.0,81.22512980789152,10,10,0.14839547996807725,0.1035677247993478,121.76848567539898,EXACT_B3_CLOSE
BESST-10 BH,2019-12-30,MONTH_END,565757.8500589536,0.0,265000.0,0.0,0.0,0.0,81.22512980789152,10,10,0.1390717721942807,0.10253681809646122,136.60158154862293,EXACT_B3_CLOSE
BESST-10 BH,2020-01-02,BEFORE_DEPOSIT,572505.6809916195,0.0,265000.0,0.0,0.0,0.0,81.22512980789152,10,10,0.13708897247344365,0.10229690246133251,139.42354410826763,EXACT_B3_CLOSE
BESST-10 BH,2020-01-02,AFTER_DEPOSIT,575005.6809916195,0.0,267500.0,0.0,0.0,0.0,81.22512980789152,10,10,0.13649293935148812,0.10217872133292441,139.42354410826763,EXACT_B3_CLOSE
BESST-10 BH,2020-01-31,MONTH_END,569238.7554365442,0.0,267500.0,0.0,0.0,0.0,81.22512980789152,10,10,0.13702189593846242,0.10316646040973222,137.02228478049275,EXACT_B3_CLOSE
BESST-10 BH,2020-02-03,BEFORE_DEPOSIT,573954.4045181297,0.0,267500.0,0.0,0.0,0.0,81.22512980789152,10,10,0.1367631075809179,0.103201219629189,138.98580871287726,EXACT_B3_CLOSE
BESST-10 BH,2020-02-03,AFTER_DEPOSIT,576454.4045181297,0.0,270000.0,0.0,0.0,0.0,81.22512980789152,10,10,0.13616998561624472,0.10300259495362664,138.98580871287726,EXACT_B3_CLOSE
BESST-10 BH,2020-02-28,MONTH_END,535211.9388591767,0.0,270000.0,0.0,0.0,0.0,81.22512980789152,10,10,0.13040314699168115,0.10244160791682615,121.88755439897866,EXACT_B3_CLOSE
BESST-10 BH,2020-03-02,BEFORE_DEPOSIT,544435.3002966256,0.0,270000.0,0.0,0.0,0.0,81.22512980789152,10,10,0.12987317870696244,0.10257347030912396,125.71136505061635,EXACT_B3_CLOSE
BESST-10 BH,2020-03-02,AFTER_DEPOSIT,546935.3002966256,0.0,272500.0,0.0,0.0,0.0,81.22512980789152,10,10,0.12927953820397917,0.10239360842914923,125.71136505061635,EXACT_B3_CLOSE
BESST-10 BH,2020-03-31,MONTH_END,396756.1479400949,0.0,272500.0,0.0,0.0,0.0,81.22512980789152,10,10,0.12036035759877536,0.10194613206610209,63.73485436982244,EXACT_B3_CLOSE
BESST-10 BH,2020-04-01,BEFORE_DEPOSIT,386293.1440746499,0.0,272500.0,0.0,0.0,0.0,81.22512980789152,10,10,0.1184519158954483,0.10247169161208751,59.41694165927211,EXACT_B3_CLOSE
BESST-10 BH,2020-04-01,AFTER_DEPOSIT,388793.1440746499,0.0,275000.0,0.0,0.0,0.0,81.22512980789152,10,10,0.11769025177083153,0.10218506647726448,59.41694165927211,EXACT_B3_CLOSE
BESST-10 BH,2020-04-30,MONTH_END,414559.03300512006,0.0,275000.0,0.0,0.0,0.0,81.22512980789152,10,10,0.13518816752909438,0.10255613105160578,69.9817349819635,EXACT_B3_CLOSE
BESST-10 BH,2020-05-04,BEFORE_DEPOSIT,410112.47768222436,0.0,275000.0,0.0,0.0,0.0,81.22512980789152,10,10,0.13440482012854973,0.1029956086519427,68.15851288739208,EXACT_B3_CLOSE
BESST-10 BH,2020-05-04,AFTER_DEPOSIT,412612.47768222436,0.0,277500.0,0.0,0.0,0.0,81.22512980789152,10,10,0.1335904675132123,0.10272232365391996,68.15851288739208,EXACT_B3_CLOSE
BESST-10 BH,2020-05-29,MONTH_END,459187.1738786923,0.0,277500.0,0.0,0.0,0.0,81.22512980789152,10,10,0.14671343687179805,0.10534314323842657,87.13983816038089,EXACT_B3_CLOSE
BESST-10 BH,2020-06-01,BEFORE_DEPOSIT,460510.92674664233,0.0,277500.0,0.0,0.0,0.0,81.22512980789152,10,10,0.14553108912230778,0.10486978931848528,87.67932818006065,EXACT_B3_CLOSE
BESST-10 BH,2020-06-01,AFTER_DEPOSIT,463010.92674664233,0.0,280000.0,0.0,0.0,0.0,81.22512980789152,10,10,0.14474530264991886,0.10459902566321126,87.67932818006065,EXACT_B3_CLOSE
BESST-10 BH,2020-06-30,MONTH_END,482909.9269768033,0.0,280000.0,0.0,0.0,0.0,81.22512980789152,10,10,0.1415964756959309,0.10435052426328238,95.74529547999666,EXACT_B3_CLOSE
BESST-10 BH,2020-07-01,BEFORE_DEPOSIT,491376.27749900677,0.0,280000.0,0.0,0.0,0.0,81.22512980789152,10,10,0.14030388005054764,0.10424340235271239,99.1770913326538,EXACT_B3_CLOSE
BESST-10 BH,2020-07-01,AFTER_DEPOSIT,493876.27749900677,0.0,282500.0,0.0,0.0,0.0,81.22512980789152,10,10,0.1395936622974241,0.10402262760842294,99.1770913326538,EXACT_B3_CLOSE
BESST-10 BH,2020-07-31,MONTH_END,513014.3760831578,0.0,282500.0,0.0,0.0,0.0,81.22512980789152,10,10,0.13353516681885358,0.10301250407367264,106.89536204800807,EXACT_B3_CLOSE
BESST-10 BH,2020-08-03,BEFORE_DEPOSIT,509721.8363974054,0.0,282500.0,0.0,0.0,0.0,81.22512980789152,10,10,0.13282957736677364,0.10286454034036767,105.5675022021648,EXACT_B3_CLOSE
BESST-10 BH,2020-08-03,AFTER_DEPOSIT,512221.8363974054,0.0,285000.0,0.0,0.0,0.0,81.22512980789152,10,10,0.13218127633815585,0.10267271420600459,105.5675022021648,EXACT_B3_CLOSE
BESST-10 BH,2020-08-31,MONTH_END,466485.50320735946,0.0,285000.0,0.0,0.0,0.0,81.22512980789152,10,10,0.11982311009430949,0.10168860555965134,87.21236170309929,EXACT_B3_CLOSE
BESST-10 BH,2020-09-01,BEFORE_DEPOSIT,479164.61932365,0.0,285000.0,0.0,0.0,0.0,81.22512980789152,10,10,0.11996090683342309,0.10174077328508202,92.30080980302544,EXACT_B3_CLOSE
BESST-10 BH,2020-09-01,AFTER_DEPOSIT,481664.61932365,0.0,287500.0,0.0,0.0,0.0,81.22512980789152,10,10,0.11933826972234635,0.10154870208758368,92.30080980302544,EXACT_B3_CLOSE
BESST-10 BH,2020-09-30,MONTH_END,443171.0460986809,0.0,287500.0,0.0,0.0,0.0,81.22512980789152,10,10,0.1250913394817059,0.10193662772898743,76.93255353839064,EXACT_B3_CLOSE
BESST-10 BH,2020-10-01,BEFORE_DEPOSIT,447817.8788448059,0.0,287500.0,0.0,0.0,0.0,81.22512980789152,10,10,0.12628348662624905,0.10203919049357779,78.78776495365678,EXACT_B3_CLOSE
BESST-10 BH,2020-10-01,AFTER_DEPOSIT,450317.8788448059,0.0,290000.0,0.0,0.0,0.0,81.22512980789152,10,10,0.12558240694143727,0.10184304483140982,78.78776495365678,EXACT_B3_CLOSE
BESST-10 BH,2020-10-30,MONTH_END,433188.0400308116,0.0,290000.0,0.0,0.0,0.0,81.22512980789152,10,10,0.11721148063312517,0.1009511691040792,71.98677894033905,EXACT_B3_CLOSE
BESST-10 BH,2020-11-03,BEFORE_DEPOSIT,442517.2935960953,0.0,290000.0,0.0,0.0,0.0,81.22512980789152,10,10,0.12350678173451744,0.10116259445348649,75.69073224084266,EXACT_B3_CLOSE
BESST-10 BH,2020-11-03,AFTER_DEPOSIT,445017.2935960953,0.0,292500.0,0.0,0.0,0.0,81.22512980789152,10,10,0.12281295037385007,0.10104607781374861,75.69073224084266,EXACT_B3_CLOSE
BESST-10 BH,2020-11-30,MONTH_END,494356.96918187384,0.0,292500.0,0.0,0.0,0.0,81.22512980789152,10,10,0.12245136396564668,0.10104584275458646,95.16980385656002,EXACT_B3_CLOSE
BESST-10 BH,2020-12-01,BEFORE_DEPOSIT,506963.85349515313,0.0,292500.0,0.0,0.0,0.0,81.22512980789152,10,10,0.12181693962222913,0.10105116682952432,100.14694242656338,EXACT_B3_CLOSE
BESST-10 BH,2020-12-01,AFTER_DEPOSIT,509463.85349515313,0.0,295000.0,0.0,0.0,0.0,81.22512980789152,10,10,0.12121916934477711,0.10096345327667113,100.14694242656338,EXACT_B3_CLOSE
BESST-10 BH,2020-12-30,MONTH_END,536910.5862403634,0.0,295000.0,0.0,0.0,0.0,81.22512980789152,10,10,0.12443064708560701,0.10152651263645801,110.92961052139643,EXACT_B3_CLOSE
BESST-10 BH,2021-01-04,BEFORE_DEPOSIT,527967.7523550468,0.0,295000.0,0.0,0.0,0.0,81.22512980789152,10,10,0.12599817832943308,0.10168609475028342,107.41634682958514,EXACT_B3_CLOSE
BESST-10 BH,2021-01-04,AFTER_DEPOSIT,530467.7523550468,0.0,297500.0,0.0,0.0,0.0,81.22512980789152,10,10,0.12540437136487181,0.10158287671773611,107.41634682958514,EXACT_B3_CLOSE
BESST-10 BH,2021-01-29,MONTH_END,507606.8077483595,0.0,297500.0,0.0,0.0,0.0,81.22512980789152,10,10,0.12447147568811402,0.10155264283021075,98.47756856391048,EXACT_B3_CLOSE
BESST-10 BH,2021-02-01,BEFORE_DEPOSIT,516818.4254612299,0.0,297500.0,0.0,0.0,0.0,81.22512980789152,10,10,0.12568423133340473,0.10166692573893597,102.0793710974516,EXACT_B3_CLOSE
BESST-10 BH,2021-02-01,AFTER_DEPOSIT,519318.4254612299,0.0,300000.0,0.0,0.0,0.0,81.22512980789152,10,10,0.12507918717758754,0.1015772793015477,102.0793710974516,EXACT_B3_CLOSE
BESST-10 BH,2021-02-26,MONTH_END,472457.7278330466,0.0,300000.0,0.0,0.0,0.0,81.22512980789152,10,10,0.12441961486950708,0.10124500340437347,83.84473923843218,EXACT_B3_CLOSE
BESST-10 BH,2021-03-01,BEFORE_DEPOSIT,459974.4036407513,0.0,300000.0,0.0,0.0,0.0,81.22512980789152,10,10,0.12248248631646814,0.10111404826672614,78.98717559673361,EXACT_B3_CLOSE
BESST-10 BH,2021-03-01,AFTER_DEPOSIT,462474.4036407513,0.0,302500.0,0.0,0.0,0.0,81.22512980789152,10,10,0.12182038217971893,0.10101645881983846,78.98717559673361,EXACT_B3_CLOSE
BESST-10 BH,2021-03-31,MONTH_END,503176.17042850616,0.0,302500.0,0.0,0.0,0.0,81.22512980789152,10,10,0.12546094907208055,0.10154909538453945,94.73960258898767,EXACT_B3_CLOSE
BESST-10 BH,2021-04-01,BEFORE_DEPOSIT,496364.9045086734,0.0,302500.0,0.0,0.0,0.0,81.22512980789152,10,10,0.12768792246581817,0.10160518999354809,92.10350156451635,EXACT_B3_CLOSE
BESST-10 BH,2021-04-01,AFTER_DEPOSIT,498864.9045086734,0.0,305000.0,0.0,0.0,0.0,81.22512980789152,10,10,0.12704803017578237,0.10149334146388779,92.10350156451635,EXACT_B3_CLOSE
BESST-10 BH,2021-04-30,MONTH_END,514873.333371168,0.0,305000.0,0.0,0.0,0.0,81.22512980789152,10,10,0.1364957097032873,0.10277063896889818,98.26804673744346,EXACT_B3_CLOSE
BESST-10 BH,2021-05-03,BEFORE_DEPOSIT,521604.3215877413,0.0,305000.0,0.0,0.0,0.0,81.22512980789152,10,10,0.1436311081141188,0.10353099137061264,100.86002383125555,EXACT_B3_CLOSE
BESST-10 BH,2021-05-03,AFTER_DEPOSIT,524104.3215877413,0.0,307500.0,0.0,0.0,0.0,81.22512980789152,10,10,0.14294598159351027,0.10336372997273056,100.86002383125555,EXACT_B3_CLOSE
BESST-10 BH,2021-05-31,MONTH_END,541581.1508794236,0.0,307500.0,0.0,0.0,0.0,81.22512980789152,10,10,0.1354769050473113,0.10368486165339014,107.55792003899441,EXACT_B3_CLOSE
BESST-10 BH,2021-06-01,BEFORE_DEPOSIT,549910.4123118346,0.0,307500.0,0.0,0.0,0.0,81.22512980789152,10,10,0.13329120739929254,0.10340070874352279,110.75006248258754,EXACT_B3_CLOSE
BESST-10 BH,2021-06-01,AFTER_DEPOSIT,552410.4123118346,0.0,310000.0,0.0,0.0,0.0,81.22512980789152,10,10,0.1326879819511992,0.10323557362608671,110.75006248258754,EXACT_B3_CLOSE
BESST-10 BH,2021-06-30,MONTH_END,518668.2407540442,0.0,310000.0,0.0,0.0,0.0,81.22512980789152,10,10,0.1259588997030999,0.10241796173966751,97.87708868337486,EXACT_B3_CLOSE
BESST-10 BH,2021-07-01,BEFORE_DEPOSIT,513773.3895328648,0.0,310000.0,0.0,0.0,0.0,81.22512980789152,10,10,0.12390825612714479,0.10216890054001232,96.00965429453099,EXACT_B3_CLOSE
BESST-10 BH,2021-07-01,AFTER_DEPOSIT,516273.3895328648,0.0,312500.0,0.0,0.0,0.0,81.22512980789152,10,10,0.12330824333044002,0.10201250770055359,96.00965429453099,EXACT_B3_CLOSE
BESST-10 BH,2021-07-30,MONTH_END,503421.94770161255,0.0,312500.0,0.0,0.0,0.0,81.22512980789152,10,10,0.126987852242479,0.1020753641688809,91.13044354766433,EXACT_B3_CLOSE
BESST-10 BH,2021-08-02,BEFORE_DEPOSIT,506956.06485242007,0.0,312500.0,0.0,0.0,0.0,81.22512980789152,10,10,0.12536329335073465,0.10213019177651991,92.47221535889976,EXACT_B3_CLOSE
BESST-10 BH,2021-08-02,AFTER_DEPOSIT,509456.06485242007,0.0,315000.0,0.0,0.0,0.0,81.22512980789152,10,10,0.12474811128696311,0.1019638773307148,92.47221535889976,EXACT_B3_CLOSE
BESST-10 BH,2021-08-31,MONTH_END,524724.9616369721,0.0,315000.0,0.0,0.0,0.0,81.22512980789152,10,10,0.13785217456614468,0.10302515128829154,98.24079599413164,EXACT_B3_CLOSE
BESST-10 BH,2021-09-01,BEFORE_DEPOSIT,529142.7476094988,0.0,315000.0,0.0,0.0,0.0,81.22512980789152,10,10,0.14135577460278875,0.10331936299684964,99.90983305498202,EXACT_B3_CLOSE
BESST-10 BH,2021-09-01,AFTER_DEPOSIT,531642.7476094988,0.0,317500.0,0.0,0.0,0.0,81.22512980789152,10,10,0.14069106237244994,0.10312666755052001,99.90983305498202,EXACT_B3_CLOSE
BESST-10 BH,2021-09-30,MONTH_END,515466.7452641931,0.0,317500.0,0.0,0.0,0.0,81.22512980789152,10,10,0.14572934579485344,0.10317001768616196,93.82728618890062,EXACT_B3_CLOSE
BESST-10 BH,2021-10-01,BEFORE_DEPOSIT,519786.400644039,0.0,317500.0,0.0,0.0,0.0,81.22512980789152,10,10,0.14606336945078632,0.10309619094228734,95.45157541267524,EXACT_B3_CLOSE
BESST-10 BH,2021-10-01,AFTER_DEPOSIT,522286.400644039,0.0,320000.0,0.0,0.0,0.0,81.22512980789152,10,10,0.14536421583856002,0.10295010795326685,95.45157541267524,EXACT_B3_CLOSE
BESST-10 BH,2021-10-29,MONTH_END,506933.6477529079,0.0,320000.0,0.0,0.0,0.0,81.22512980789152,10,11,0.13603627809980914,0.10216139642471223,89.70622241134716,EXACT_B3_CLOSE
BESST-10 BH,2021-11-01,BEFORE_DEPOSIT,516735.59727829974,0.0,320000.0,0.0,0.0,0.0,81.22512980789152,10,11,0.1350100294187851,0.10215517663664879,93.37433721290232,EXACT_B3_CLOSE
BESST-10 BH,2021-11-01,AFTER_DEPOSIT,519235.59727829974,0.0,322500.0,0.0,0.0,0.0,81.22512980789152,10,11,0.13435998717338402,0.1020354218937611,93.37433721290232,EXACT_B3_CLOSE
BESST-10 BH,2021-11-30,MONTH_END,514298.68028416764,0.0,322500.0,0.0,0.0,0.0,81.22512980789152,10,11,0.13679491443138153,0.10242858628780194,91.53572472828154,EXACT_B3_CLOSE
BESST-10 BH,2021-12-01,BEFORE_DEPOSIT,510095.91939276265,0.0,322500.0,0.0,0.0,0.0,81.22512980789152,10,11,0.13603264702951456,0.10238627444278241,89.9705275305167,EXACT_B3_CLOSE
BESST-10 BH,2021-12-01,AFTER_DEPOSIT,512595.91939276265,0.0,325000.0,0.0,0.0,0.0,81.22512980789152,10,11,0.13536919731267588,0.10224233349801044,89.9705275305167,EXACT_B3_CLOSE
BESST-10 BH,2021-12-30,MONTH_END,518126.99797249975,0.0,325000.0,0.0,0.0,0.0,81.22512980789152,10,11,0.1412838008733639,0.1026580662562003,92.02037201006338,EXACT_B3_CLOSE
BESST-10 BH,2022-01-03,BEFORE_DEPOSIT,511348.24024965457,0.0,325000.0,0.0,0.0,0.0,81.22512980789152,10,11,0.1406452269487109,0.10246250142767041,89.508131604139,EXACT_B3_CLOSE
BESST-10 BH,2022-01-03,AFTER_DEPOSIT,513848.24024965457,0.0,327500.0,0.0,0.0,0.0,81.22512980789152,10,11,0.13996095279959453,0.10231762315673078,89.508131604139,EXACT_B3_CLOSE
BESST-10 BH,2022-01-31,MONTH_END,544245.8298264325,0.0,327500.0,0.0,0.0,0.0,81.22512980789152,10,11,0.134708660267413,0.1019297587763988,100.71881591662364,EXACT_B3_CLOSE
BESST-10 BH,2022-02-01,BEFORE_DEPOSIT,544767.2495612011,0.0,327500.0,0.0,0.0,0.0,81.22512980789152,10,11,0.13591219744520935,0.10201788539536628,100.91111642867658,EXACT_B3_CLOSE
BESST-10 BH,2022-02-01,AFTER_DEPOSIT,547267.2495612011,0.0,330000.0,0.0,0.0,0.0,81.22512980789152,10,11,0.13529132986381204,0.10187972179788315,100.91111642867658,EXACT_B3_CLOSE
BESST-10 BH,2022-02-25,MONTH_END,555007.262854479,0.0,330000.0,0.0,0.0,0.0,81.22512980789152,10,11,0.12877667401793547,0.10148305054180058,103.752606967663,EXACT_B3_CLOSE
BESST-10 BH,2022-03-02,BEFORE_DEPOSIT,553737.4132777213,0.0,330000.0,0.0,0.0,0.0,81.22512980789152,10,11,0.1328029762762884,0.10170329542263154,103.28642358766457,EXACT_B3_CLOSE
BESST-10 BH,2022-03-02,AFTER_DEPOSIT,556237.4132777213,0.0,332500.0,0.0,0.0,0.0,81.22512980789152,10,11,0.13220609546107262,0.10159366830815977,103.28642358766457,EXACT_B3_CLOSE
BESST-10 BH,2022-03-31,MONTH_END,601587.8899126037,0.0,332500.0,0.0,0.0,0.0,81.22512980789152,10,11,0.14257014529409262,0.10248953164480605,119.86052662898268,EXACT_B3_CLOSE
BESST-10 BH,2022-04-01,BEFORE_DEPOSIT,615958.6650206437,0.0,332500.0,0.0,0.0,0.0,81.22512980789152,10,11,0.13979316297176106,0.10245291385519076,125.11257082119434,EXACT_B3_CLOSE
BESST-10 BH,2022-04-01,AFTER_DEPOSIT,618458.6650206437,0.0,335000.0,0.0,0.0,0.0,81.22512980789152,10,11,0.13922807604324702,0.10232556558238907,125.11257082119434,EXACT_B3_CLOSE
BESST-10 BH,2022-04-29,MONTH_END,581316.9859489892,0.0,335000.0,0.0,0.0,0.0,81.22512980789152,10,11,0.14230349418936633,0.1027525230644895,111.5933829864555,EXACT_B3_CLOSE
BESST-10 BH,2022-05-02,BEFORE_DEPOSIT,576497.3556462117,0.0,335000.0,0.0,0.0,0.0,81.22512980789152,10,11,0.14279300603675626,0.10273081390717473,109.83908730069652,EXACT_B3_CLOSE
BESST-10 BH,2022-05-02,AFTER_DEPOSIT,578997.3556462117,0.0,337500.0,0.0,0.0,0.0,81.22512980789152,10,11,0.14217645310847307,0.1025894714590929,109.83908730069652,EXACT_B3_CLOSE
BESST-10 BH,2022-05-31,MONTH_END,610835.2174337836,0.0,337500.0,0.0,0.0,0.0,81.22512980789152,10,11,0.14577747037254662,0.10267950723919356,121.3777027951549,EXACT_B3_CLOSE
BESST-10 BH,2022-06-01,BEFORE_DEPOSIT,604653.5089322422,0.0,337500.0,0.0,0.0,0.0,81.22512980789152,10,11,0.14410758042535793,0.10247620549603302,119.13734011081299,EXACT_B3_CLOSE
BESST-10 BH,2022-06-01,AFTER_DEPOSIT,607153.5089322422,0.0,340000.0,0.0,0.0,0.0,81.22512980789152,10,11,0.14351420668088763,0.10236498079721755,119.13734011081299,EXACT_B3_CLOSE
BESST-10 BH,2022-06-30,MONTH_END,552221.601350875,0.0,340000.0,0.0,0.0,0.0,81.22512980789152,10,11,0.1458361954078203,0.10309040122065503,99.31099975783778,EXACT_B3_CLOSE
BESST-10 BH,2022-07-01,BEFORE_DEPOSIT,559396.7532954068,0.0,340000.0,0.0,0.0,0.0,81.22512980789152,10,11,0.14535256651624462,0.10304230979986335,101.90069690836694,EXACT_B3_CLOSE
BESST-10 BH,2022-07-01,AFTER_DEPOSIT,561896.7532954068,0.0,342500.0,0.0,0.0,0.0,81.22512980789152,10,11,0.14470586155815499,0.10288116557335997,101.90069690836694,EXACT_B3_CLOSE
BESST-10 BH,2022-07-29,MONTH_END,579324.8734027004,0.0,342500.0,0.0,0.0,0.0,81.22512980789152,10,11,0.15053084488317228,0.10380865141925852,108.16296764552385,EXACT_B3_CLOSE
BESST-10 BH,2022-08-01,BEFORE_DEPOSIT,579473.8457602254,0.0,342500.0,0.0,0.0,0.0,81.22512980789152,10,11,0.14942102761876794,0.10368427745853502,108.21649638123549,EXACT_B3_CLOSE
BESST-10 BH,2022-08-01,AFTER_DEPOSIT,581973.8457602254,0.0,345000.0,0.0,0.0,0.0,81.22512980789152,10,11,0.14877915587183582,0.10353444738197036,108.21649638123549,EXACT_B3_CLOSE
BESST-10 BH,2022-08-31,MONTH_END,607264.6998211909,0.0,345000.0,0.0,0.0,0.0,81.22512980789152,10,11,0.15459259854048413,0.10412225411729066,117.26496661993582,EXACT_B3_CLOSE
BESST-10 BH,2022-09-01,BEFORE_DEPOSIT,612319.0862594409,0.0,345000.0,0.0,0.0,0.0,81.22512980789152,10,11,0.15356993003037944,0.10402645355257131,119.07330670806213,EXACT_B3_CLOSE
BESST-10 BH,2022-09-01,AFTER_DEPOSIT,614819.0862594409,0.0,347500.0,0.0,0.0,0.0,81.22512980789152,10,11,0.15294547832799046,0.10388413646298687,119.07330670806213,EXACT_B3_CLOSE
BESST-10 BH,2022-09-30,MONTH_END,602522.8531955683,0.0,347500.0,0.0,0.0,0.0,81.22512980789152,10,11,0.14121229682238226,0.10249190976185868,114.69189354513563,EXACT_B3_CLOSE
BESST-10 BH,2022-10-03,BEFORE_DEPOSIT,651998.1489199336,0.0,347500.0,0.0,0.0,0.0,81.22512980789152,10,11,0.14444388749407616,0.10348800242066225,132.3210089661267,EXACT_B3_CLOSE
BESST-10 BH,2022-10-03,AFTER_DEPOSIT,654498.1489199336,0.0,350000.0,0.0,0.0,0.0,81.22512980789152,10,11,0.14389215221517415,0.103351094276854,132.3210089661267,EXACT_B3_CLOSE
BESST-10 BH,2022-10-31,MONTH_END,659307.7564274919,0.0,350000.0,0.0,0.0,0.0,81.22512980789152,10,11,0.13636598354991472,0.10290760651094367,134.02822978979273,EXACT_B3_CLOSE
BESST-10 BH,2022-11-01,BEFORE_DEPOSIT,664349.2515709912,0.0,350000.0,0.0,0.0,0.0,81.22512980789152,10,11,0.13997311938250126,0.10323327053761872,135.81776157130872,EXACT_B3_CLOSE
BESST-10 BH,2022-11-01,AFTER_DEPOSIT,666849.2515709912,0.0,352500.0,0.0,0.0,0.0,81.22512980789152,10,11,0.1394483639034603,0.10309555842070918,135.81776157130872,EXACT_B3_CLOSE
BESST-10 BH,2022-11-30,MONTH_END,644891.0444123591,0.0,352500.0,0.0,0.0,0.0,81.22512980789152,10,11,0.14076325850142926,0.10455060779926248,128.05268535945297,EXACT_B3_CLOSE
BESST-10 BH,2022-12-01,BEFORE_DEPOSIT,645144.4885589562,0.0,352500.0,0.0,0.0,0.0,81.22512980789152,10,11,0.13813403374950886,0.10438454137588088,128.14231076008596,EXACT_B3_CLOSE
BESST-10 BH,2022-12-01,AFTER_DEPOSIT,647644.4885589562,0.0,355000.0,0.0,0.0,0.0,81.22512980789152,10,11,0.13760081669837304,0.10419224836526546,128.14231076008596,EXACT_B3_CLOSE
BESST-10 BH,2022-12-29,MONTH_END,640018.9260261211,0.0,355000.0,0.0,0.0,0.0,81.22512980789152,10,11,0.14284107924439327,0.10489249329198315,125.45609403498501,EXACT_B3_CLOSE
BESST-10 BH,2023-01-02,BEFORE_DEPOSIT,622871.3217010007,0.0,355000.0,0.0,0.0,0.0,81.22512980789152,10,11,0.14374315199768445,0.10489533586982472,119.41559783090669,EXACT_B3_CLOSE
BESST-10 BH,2023-01-02,AFTER_DEPOSIT,625371.3217010007,0.0,357500.0,0.0,0.0,0.0,81.22512980789152,10,11,0.14316852078655573,0.10469810469263717,119.41559783090669,EXACT_B3_CLOSE
BESST-10 BH,2023-01-31,MONTH_END,660175.6498479759,0.0,357500.0,0.0,0.0,0.0,81.22512980789152,10,11,0.14245767915159419,0.1052749162033921,131.62692285089665,EXACT_B3_CLOSE
BESST-10 BH,2023-02-01,BEFORE_DEPOSIT,651269.186664055,0.0,357500.0,0.0,0.0,0.0,81.22512980789152,10,11,0.14390183157961234,0.10539581750394048,128.50203228389154,EXACT_B3_CLOSE
BESST-10 BH,2023-02-01,AFTER_DEPOSIT,653769.186664055,0.0,360000.0,0.0,0.0,0.0,81.22512980789152,10,11,0.14335155391849355,0.10518656695602219,128.50203228389154,EXACT_B3_CLOSE
BESST-10 BH,2023-02-28,MONTH_END,639288.6092473568,0.0,360000.0,0.0,0.0,0.0,81.22512980789152,10,11,0.1345318347284429,0.104318576661965,123.44085559362324,EXACT_B3_CLOSE
BESST-10 BH,2023-03-01,BEFORE_DEPOSIT,640366.4026001848,0.0,360000.0,0.0,0.0,0.0,81.22512980789152,10,11,0.133792789686872,0.10432954215136096,123.81756036424716,EXACT_B3_CLOSE
BESST-10 BH,2023-03-01,AFTER_DEPOSIT,642866.4026001848,0.0,362500.0,0.0,0.0,0.0,81.22512980789152,10,11,0.13327249188803805,0.10412607610745091,123.81756036424716,EXACT_B3_CLOSE
BESST-10 BH,2023-03-31,MONTH_END,650269.1767110376,0.0,362500.0,0.0,0.0,0.0,81.22512980789152,10,11,0.14564762293978067,0.10485622317244939,126.39487788265717,EXACT_B3_CLOSE
BESST-10 BH,2023-04-03,BEFORE_DEPOSIT,645028.8159568108,0.0,362500.0,0.0,0.0,0.0,81.22512980789152,10,11,0.14862777895374596,0.10546514187577777,124.57041675870416,EXACT_B3_CLOSE
BESST-10 BH,2023-04-03,AFTER_DEPOSIT,647528.8159568108,0.0,365000.0,0.0,0.0,0.0,81.22512980789152,10,11,0.1480539520626055,0.10526075875964833,124.57041675870416,EXACT_B3_CLOSE
BESST-10 BH,2023-04-28,MONTH_END,689415.5993211686,0.0,365000.0,0.0,0.0,0.0,81.22512980789152,10,11,0.14898410690776565,0.10510587891568639,139.09723342695693,EXACT_B3_CLOSE
BESST-10 BH,2023-05-02,BEFORE_DEPOSIT,685077.8151955688,0.0,365000.0,0.0,0.0,0.0,81.22512980789152,10,11,0.15004884504792024,0.10538540189104295,137.59284016307447,EXACT_B3_CLOSE
BESST-10 BH,2023-05-02,AFTER_DEPOSIT,687577.8151955688,0.0,367500.0,0.0,0.0,0.0,81.22512980789152,10,11,0.1495032746349,0.10520378393453404,137.59284016307447,EXACT_B3_CLOSE
BESST-10 BH,2023-05-31,MONTH_END,709027.1369481462,0.0,367500.0,0.0,0.0,0.0,81.22512980789152,10,11,0.13723885767390032,0.10416922214189354,145.00466346821835,EXACT_B3_CLOSE
BESST-10 BH,2023-06-01,BEFORE_DEPOSIT,710897.8563763681,0.0,367500.0,0.0,0.0,0.0,81.22512980789152,10,11,0.13769664171985402,0.10412865612482272,145.65109145393382,EXACT_B3_CLOSE
BESST-10 BH,2023-06-01,AFTER_DEPOSIT,713397.8563763681,0.0,370000.0,0.0,0.0,0.0,81.22512980789152,10,11,0.13721410367853137,0.10398768014200047,145.65109145393382,EXACT_B3_CLOSE
BESST-10 BH,2023-06-30,MONTH_END,771681.5567016474,0.0,370000.0,0.0,0.0,0.0,81.22512980789152,10,11,0.13966109230333898,0.10406470465002517,165.72047415659975,EXACT_B3_CLOSE
BESST-10 BH,2023-07-03,BEFORE_DEPOSIT,772834.0126213662,0.0,370000.0,0.0,0.0,0.0,81.22512980789152,10,11,0.13912751098646087,0.10392964183851305,166.1173103006968,EXACT_B3_CLOSE
BESST-10 BH,2023-07-03,AFTER_DEPOSIT,775334.0126213662,0.0,372500.0,0.0,0.0,0.0,81.22512980789152,10,11,0.13867890590554846,0.10379356065552173,166.1173103006968,EXACT_B3_CLOSE
BESST-10 BH,2023-07-31,MONTH_END,768844.6645994682,0.0,372500.0,0.0,0.0,0.0,81.22512980789152,10,11,0.1381053797602332,0.10356529467034378,163.88997625745785,EXACT_B3_CLOSE
BESST-10 BH,2023-08-01,BEFORE_DEPOSIT,757128.4844339227,0.0,372500.0,0.0,0.0,0.0,81.22512980789152,10,11,0.13979973611762658,0.1030146080764941,159.8686405467853,EXACT_B3_CLOSE
BESST-10 BH,2023-08-01,AFTER_DEPOSIT,759628.4844339227,0.0,375000.0,0.0,0.0,0.0,81.22512980789152,10,11,0.13933964365472412,0.10289436133611171,159.8686405467853,EXACT_B3_CLOSE
BESST-10 BH,2023-08-31,MONTH_END,741342.6626300304,0.0,375000.0,0.0,0.0,0.0,81.22512980789152,10,11,0.13938520223344536,0.10327477199324227,153.6130672621692,EXACT_B3_CLOSE
BESST-10 BH,2023-09-01,BEFORE_DEPOSIT,750345.4612292155,0.0,375000.0,0.0,0.0,0.0,81.22512980789152,10,11,0.13916479010461646,0.10345789877429845,156.69292153439304,EXACT_B3_CLOSE
BESST-10 BH,2023-09-01,AFTER_DEPOSIT,752845.4612292155,0.0,377500.0,0.0,0.0,0.0,81.22512980789152,10,11,0.13870266076575655,0.1033215814411314,156.69292153439304,EXACT_B3_CLOSE
BESST-10 BH,2023-09-29,MONTH_END,754131.6625861636,0.0,377500.0,0.0,0.0,0.0,81.22512980789152,10,11,0.13895993907197535,0.10332525608673866,157.13146941838696,EXACT_B3_CLOSE
BESST-10 BH,2023-10-02,BEFORE_DEPOSIT,752467.8371056365,0.0,377500.0,0.0,0.0,0.0,81.22512980789152,10,11,0.13881831445898427,0.10336075975753523,156.56416544231922,EXACT_B3_CLOSE
BESST-10 BH,2023-10-02,AFTER_DEPOSIT,754967.8371056365,0.0,380000.0,0.0,0.0,0.0,81.22512980789152,10,11,0.13835863158364756,0.10321545805385036,156.56416544231922,EXACT_B3_CLOSE
BESST-10 BH,2023-10-31,MONTH_END,734860.7181564106,0.0,380000.0,0.0,0.0,0.0,81.22512980789152,10,11,0.1349050082385897,0.10262404872444333,149.73107144928898,EXACT_B3_CLOSE
BESST-10 BH,2023-11-01,BEFORE_DEPOSIT,755947.8277449477,0.0,380000.0,0.0,0.0,0.0,81.22512980789152,10,11,0.13672710022286563,0.10285931778469179,156.8972001335454,EXACT_B3_CLOSE
BESST-10 BH,2023-11-01,AFTER_DEPOSIT,758447.8277449477,0.0,382500.0,0.0,0.0,0.0,81.22512980789152,10,11,0.13627641958531478,0.10271891171529329,156.8972001335454,EXACT_B3_CLOSE
BESST-10 BH,2023-11-30,MONTH_END,816154.5342281112,0.0,382500.0,0.0,0.0,0.0,81.22512980789152,10,11,0.11453553055047468,0.1013795514037664,176.44329253719883,EXACT_B3_CLOSE
BESST-10 BH,2023-12-01,BEFORE_DEPOSIT,820567.2742373167,0.0,382500.0,0.0,0.0,0.0,81.22512980789152,10,11,0.11716266898566272,0.10148209648216529,177.93795111727903,EXACT_B3_CLOSE
BESST-10 BH,2023-12-01,AFTER_DEPOSIT,823067.2742373167,0.0,385000.0,0.0,0.0,0.0,81.22512980789152,10,11,0.11680679689399734,0.101384448904979,177.93795111727903,EXACT_B3_CLOSE
BESST-10 BH,2023-12-28,MONTH_END,882792.2969295789,0.0,385000.0,0.0,0.0,0.0,81.22512980789152,10,11,0.12313421609713715,0.10180285530628891,198.10623013542167,EXACT_B3_CLOSE
BESST-10 BH,2024-01-02,BEFORE_DEPOSIT,871675.8781547477,0.0,385000.0,0.0,0.0,0.0,81.22512980789152,10,11,0.12299959290462718,0.1017915541229156,194.35237579720703,EXACT_B3_CLOSE
BESST-10 BH,2024-01-02,AFTER_DEPOSIT,874175.8781547477,0.0,387500.0,0.0,0.0,0.0,81.22512980789152,10,11,0.12264783419113963,0.10169963314093483,194.35237579720703,EXACT_B3_CLOSE
BESST-10 BH,2024-01-31,MONTH_END,866656.8131184018,0.0,387500.0,0.0,0.0,0.0,81.22512980789152,10,11,0.13087741218346677,0.10329063677317209,191.82055730103212,EXACT_B3_CLOSE
BESST-10 BH,2024-02-01,BEFORE_DEPOSIT,871192.7659116869,0.0,387500.0,0.0,0.0,0.0,81.22512980789152,10,11,0.13007413646016686,0.10331065384308222,193.34790267233865,EXACT_B3_CLOSE
BESST-10 BH,2024-02-01,AFTER_DEPOSIT,873692.7659116869,0.0,390000.0,0.0,0.0,0.0,81.22512980789152,10,11,0.12970194001556073,0.10318152834967491,193.34790267233865,EXACT_B3_CLOSE
BESST-10 BH,2024-02-29,MONTH_END,885953.9808313829,0.0,390000.0,0.0,0.0,0.0,81.22512980789152,10,11,0.12383307155091783,0.1030932775741443,197.46468356058875,EXACT_B3_CLOSE
BESST-10 BH,2024-03-01,BEFORE_DEPOSIT,887028.9479474737,0.0,390000.0,0.0,0.0,0.0,81.22512980789152,10,11,0.12493957771215132,0.10329506630846799,197.8256106063998,EXACT_B3_CLOSE
BESST-10 BH,2024-03-01,AFTER_DEPOSIT,889528.9479474737,0.0,392500.0,0.0,0.0,0.0,81.22512980789152,10,11,0.12458843799376318,0.10314172456249036,197.8256106063998,EXACT_B3_CLOSE
BESST-10 BH,2024-03-28,MONTH_END,912812.4802759,0.0,392500.0,0.0,0.0,0.0,81.22512980789152,10,11,0.13184981113802455,0.10411016619993745,205.62123350185266,EXACT_B3_CLOSE
BESST-10 BH,2024-04-01,BEFORE_DEPOSIT,907280.6877704901,0.0,392500.0,0.0,0.0,0.0,81.22512980789152,10,11,0.13094834054437604,0.10414946161011628,203.76911898160785,EXACT_B3_CLOSE
BESST-10 BH,2024-04-01,AFTER_DEPOSIT,909780.6877704901,0.0,395000.0,0.0,0.0,0.0,81.22512980789152,10,11,0.13058850563497254,0.10399924563154708,203.76911898160785,EXACT_B3_CLOSE
BESST-10 BH,2024-04-30,MONTH_END,892159.8358145813,0.0,395000.0,0.0,0.0,0.0,81.22512980789152,10,11,0.12740186699157552,0.10379178564670036,197.8856453639506,EXACT_B3_CLOSE
BESST-10 BH,2024-05-02,BEFORE_DEPOSIT,906840.4878064151,0.0,395000.0,0.0,0.0,0.0,81.22512980789152,10,11,0.1313486131131319,0.10395136454369339,202.78740771347188,EXACT_B3_CLOSE
BESST-10 BH,2024-05-02,AFTER_DEPOSIT,909340.4878064151,0.0,397500.0,0.0,0.0,0.0,81.22512980789152,10,11,0.13098750356485372,0.10381306553867088,202.78740771347188,EXACT_B3_CLOSE
BESST-10 BH,2024-05-31,MONTH_END,875744.566258256,0.0,397500.0,0.0,0.0,0.0,81.22512980789152,10,11,0.13199104568179326,0.10420574423474274,191.60081464770946,EXACT_B3_CLOSE
BESST-10 BH,2024-06-03,BEFORE_DEPOSIT,880564.1797928831,0.0,397500.0,0.0,0.0,0.0,81.22512980789152,10,11,0.13240390189892579,0.10422069294177105,193.20562418593954,EXACT_B3_CLOSE
BESST-10 BH,2024-06-03,AFTER_DEPOSIT,883064.1797928831,0.0,400000.0,0.0,0.0,0.0,81.22512980789152,10,11,0.13202905965945805,0.10406996238022997,193.20562418593954,EXACT_B3_CLOSE
BESST-10 BH,2024-06-28,MONTH_END,900198.2560327568,0.0,400000.0,0.0,0.0,0.0,81.22512980789152,10,11,0.1355904608746599,0.10410324479585308,198.89468692194578,EXACT_B3_CLOSE
BESST-10 BH,2024-07-01,BEFORE_DEPOSIT,902941.8336870632,0.0,400000.0,0.0,0.0,0.0,81.22512980789152,10,11,0.1304279928715417,0.10407906498795419,199.80564267922966,EXACT_B3_CLOSE
BESST-10 BH,2024-07-01,AFTER_DEPOSIT,905441.8336870632,0.0,402500.0,0.0,0.0,0.0,81.22512980789152,10,11,0.13006787036554807,0.10393357859586347,199.80564267922966,EXACT_B3_CLOSE
BESST-10 BH,2024-07-31,MONTH_END,962768.0954031014,0.0,402500.0,0.0,0.0,0.0,81.22512980789152,10,11,0.133332871117976,0.10502421621713352,218.78724491665687,EXACT_B3_CLOSE
BESST-10 BH,2024-08-01,BEFORE_DEPOSIT,960033.4170069728,0.0,402500.0,0.0,0.0,0.0,81.22512980789152,10,11,0.13130058473642398,0.1044549970971691,217.88175106429782,EXACT_B3_CLOSE
BESST-10 BH,2024-08-01,AFTER_DEPOSIT,962533.4170069728,0.0,405000.0,0.0,0.0,0.0,81.22512980789152,10,11,0.1309595560967516,0.10431706749242421,217.88175106429782,EXACT_B3_CLOSE
BESST-10 BH,2024-08-30,MONTH_END,1052209.6783164367,0.0,405000.0,0.0,0.0,0.0,81.22512980789152,10,11,0.13312495611430686,0.10451642939404904,247.49781059041126,EXACT_B3_CLOSE
BESST-10 BH,2024-09-02,BEFORE_DEPOSIT,1052360.0956034507,0.0,405000.0,0.0,0.0,0.0,81.22512980789152,10,11,0.13379263110941583,0.1045775405838106,247.5474866948888,EXACT_B3_CLOSE
BESST-10 BH,2024-09-02,AFTER_DEPOSIT,1054860.0956034507,0.0,407500.0,0.0,0.0,0.0,81.22512980789152,10,11,0.1334755449108122,0.10446642243992345,247.5474866948888,EXACT_B3_CLOSE
BESST-10 BH,2024-09-30,MONTH_END,1050361.75205841,0.0,407500.0,0.0,0.0,0.0,81.22512980789152,10,11,0.13167482073860914,0.10413639100118154,246.06540580104794,EXACT_B3_CLOSE
BESST-10 BH,2024-10-01,BEFORE_DEPOSIT,1049795.2151770785,0.0,407500.0,0.0,0.0,0.0,81.22512980789152,10,11,0.131977014048121,0.10413850453231255,245.87874742801117,EXACT_B3_CLOSE
BESST-10 BH,2024-10-01,AFTER_DEPOSIT,1052295.2151770785,0.0,410000.0,0.0,0.0,0.0,81.22512980789152,10,11,0.1316634684476454,0.10402354624582996,245.87874742801117,EXACT_B3_CLOSE
BESST-10 BH,2024-10-31,MONTH_END,1034763.1091690655,0.0,410000.0,0.0,0.0,0.0,81.22512980789152,10,11,0.1333080301361085,0.10488610329077444,240.11612228407165,EXACT_B3_CLOSE
BESST-10 BH,2024-11-01,BEFORE_DEPOSIT,1028547.4512443871,0.0,410000.0,0.0,0.0,0.0,81.22512980789152,10,11,0.13412896713880545,0.10498737800164461,238.07309866634384,EXACT_B3_CLOSE
BESST-10 BH,2024-11-01,AFTER_DEPOSIT,1031047.4512443871,0.0,412500.0,0.0,0.0,0.0,81.22512980789152,10,11,0.13380374212860607,0.10486321091536283,238.07309866634384,EXACT_B3_CLOSE
BESST-10 BH,2024-11-29,MONTH_END,1024184.6800591879,0.0,412500.0,0.0,0.0,0.0,81.22512980789152,10,11,0.14678807211463668,0.10787359838641866,235.82284498770062,EXACT_B3_CLOSE
BESST-10 BH,2024-12-02,BEFORE_DEPOSIT,1013706.3675723302,0.0,412500.0,0.0,0.0,0.0,81.22512980789152,10,11,0.14719512174209462,0.10782779095353676,232.3870811274139,EXACT_B3_CLOSE
BESST-10 BH,2024-12-02,AFTER_DEPOSIT,1016206.3675723302,0.0,415000.0,0.0,0.0,0.0,81.22512980789152,10,11,0.1468330025740812,0.10766410911487738,232.3870811274139,EXACT_B3_CLOSE
BESST-10 BH,2024-12-30,MONTH_END,967412.0567432671,0.0,415000.0,0.0,0.0,0.0,81.22512980789152,10,11,0.14056276102929294,0.10666007595494618,216.42713532345135,EXACT_B3_CLOSE
BESST-10 BH,2025-01-02,BEFORE_DEPOSIT,966735.0783301506,0.0,415000.0,0.0,0.0,0.0,81.22512980789152,10,11,0.14028137012256345,0.10649154414875456,216.20570502552906,EXACT_B3_CLOSE
BESST-10 BH,2025-01-02,AFTER_DEPOSIT,969235.0783301506,0.0,417500.0,0.0,0.0,0.0,81.22512980789152,10,11,0.13991953486386582,0.10632376662501762,216.20570502552906,EXACT_B3_CLOSE
BESST-10 BH,2025-01-31,MONTH_END,1034417.9616003056,0.0,417500.0,0.0,0.0,0.0,81.22512980789152,10,11,0.1304732045235115,0.10581555980496633,237.47113383723303,EXACT_B3_CLOSE
BESST-10 BH,2025-02-03,BEFORE_DEPOSIT,1043448.257076253,0.0,417500.0,0.0,0.0,0.0,81.22512980789152,10,11,0.1312583330578646,0.10625381924195293,240.41720028839805,EXACT_B3_CLOSE
BESST-10 BH,2025-02-03,AFTER_DEPOSIT,1045948.257076253,0.0,420000.0,0.0,0.0,0.0,81.22512980789152,10,11,0.13094460259326024,0.10609584921513664,240.41720028839805,EXACT_B3_CLOSE
BESST-10 BH,2025-02-28,MONTH_END,1038724.1750412999,0.0,420000.0,0.0,0.0,0.0,81.22512980789152,10,11,0.13509940733256817,0.1063810576462956,238.06603065418818,EXACT_B3_CLOSE
BESST-10 BH,2025-03-05,BEFORE_DEPOSIT,1044290.35420602,0.0,420000.0,0.0,0.0,0.0,81.22512980789152,10,11,0.13328210336707763,0.10611557830388202,239.87761465438936,EXACT_B3_CLOSE
BESST-10 BH,2025-03-05,AFTER_DEPOSIT,1046790.35420602,0.0,422500.0,0.0,0.0,0.0,81.22512980789152,10,11,0.1329637920098141,0.10595642446230576,239.87761465438936,EXACT_B3_CLOSE
BESST-10 BH,2025-03-31,MONTH_END,1070402.4362331945,0.0,422500.0,0.0,0.0,0.0,81.22512980789152,10,11,0.13401477975077714,0.10443522386480948,247.54411452628293,EXACT_B3_CLOSE
BESST-10 BH,2025-04-01,BEFORE_DEPOSIT,1076777.4164442576,0.0,422500.0,0.0,0.0,0.0,81.22512980789152,10,11,0.1336784873655026,0.10431954509891374,249.61397795108348,EXACT_B3_CLOSE
BESST-10 BH,2025-04-01,AFTER_DEPOSIT,1079277.4164442576,0.0,425000.0,0.0,0.0,0.0,81.22512980789152,10,11,0.1333688392497153,0.10418552178519845,249.61397795108348,EXACT_B3_CLOSE
BESST-10 BH,2025-04-30,MONTH_END,1182570.1347050467,0.0,425000.0,0.0,0.0,0.0,81.22512980789152,10,11,0.13988000045005633,0.10447365173035585,283.0739369702484,EXACT_B3_CLOSE
BESST-10 BH,2025-05-02,BEFORE_DEPOSIT,1167620.289376371,0.0,425000.0,0.0,0.0,0.0,81.22512980789152,10,11,0.141807812365946,0.10461304032197179,278.2311830911472,EXACT_B3_CLOSE
BESST-10 BH,2025-05-02,AFTER_DEPOSIT,1170120.289376371,0.0,427500.0,0.0,0.0,0.0,81.22512980789152,10,11,0.14150483536936403,0.10448528903717348,278.2311830911472,EXACT_B3_CLOSE
BESST-10 BH,2025-05-30,MONTH_END,1246437.2195423597,0.0,427500.0,0.0,0.0,0.0,81.22512980789152,10,11,0.13677938140299736,0.10461026813326649,302.89996547928143,EXACT_B3_CLOSE
BESST-10 BH,2025-06-02,BEFORE_DEPOSIT,1239449.8882665192,0.0,427500.0,0.0,0.0,0.0,81.22512980789152,10,11,0.13540600225810764,0.10453984156607146,300.64137155598536,EXACT_B3_CLOSE
BESST-10 BH,2025-06-02,AFTER_DEPOSIT,1241949.8882665192,0.0,430000.0,0.0,0.0,0.0,81.22512980789152,10,11,0.13513343489541177,0.10443689479107675,300.64137155598536,EXACT_B3_CLOSE
BESST-10 BH,2025-06-30,MONTH_END,1322318.409322798,0.0,430000.0,0.0,0.0,0.0,81.22512980789152,10,11,0.13261290365241224,0.10495837475668006,326.56750175666207,EXACT_B3_CLOSE
BESST-10 BH,2025-07-01,BEFORE_DEPOSIT,1331153.8573126232,0.0,430000.0,0.0,0.0,0.0,81.22512980789152,10,11,0.13152244419338918,0.1047582863620347,329.4177343098419,EXACT_B3_CLOSE
BESST-10 BH,2025-07-01,AFTER_DEPOSIT,1333653.8573126232,0.0,432500.0,0.0,0.0,0.0,81.22512980789152,10,11,0.13127589887829066,0.10466404560431984,329.4177343098419,EXACT_B3_CLOSE
BESST-10 BH,2025-07-31,MONTH_END,1244592.365535501,0.0,432500.0,0.0,0.0,0.0,81.22512980789152,10,11,0.1302659017271035,0.10460141153942627,300.7411899400373,EXACT_B3_CLOSE
BESST-10 BH,2025-08-01,BEFORE_DEPOSIT,1246245.5983648272,0.0,432500.0,0.0,0.0,0.0,81.22512980789152,10,11,0.12994217474203135,0.10466511626912461,301.2735075964992,EXACT_B3_CLOSE
BESST-10 BH,2025-08-01,AFTER_DEPOSIT,1248745.5983648272,0.0,435000.0,0.0,0.0,0.0,81.22512980789152,10,11,0.1296820293310842,0.10455745958420044,301.2735075964992,EXACT_B3_CLOSE
BESST-10 BH,2025-08-29,MONTH_END,1348788.83309975,0.0,435000.0,0.0,0.0,0.0,81.22512980789152,10,11,0.1389348880794753,0.105309630502491,333.4215285912879,EXACT_B3_CLOSE
BESST-10 BH,2025-09-01,BEFORE_DEPOSIT,1340976.9880198077,0.0,435000.0,0.0,0.0,0.0,81.22512980789152,10,11,0.13745336220450294,0.10527303705526816,330.911260302748,EXACT_B3_CLOSE
BESST-10 BH,2025-09-01,AFTER_DEPOSIT,1343476.9880198077,0.0,437500.0,0.0,0.0,0.0,81.22512980789152,10,11,0.13719758305191934,0.10515919192708141,330.911260302748,EXACT_B3_CLOSE
BESST-10 BH,2025-09-30,MONTH_END,1413980.591193056,0.0,437500.0,0.0,0.0,0.0,81.22512980789152,10,11,0.15496523484700203,0.1069945619365836,353.5248195748339,EXACT_B3_CLOSE
BESST-10 BH,2025-10-01,BEFORE_DEPOSIT,1399781.951623968,0.0,437500.0,0.0,0.0,0.0,81.22512980789152,10,11,0.1556747808836121,0.10697518562887179,348.97070087696306,EXACT_B3_CLOSE
BESST-10 BH,2025-10-01,AFTER_DEPOSIT,1402281.951623968,0.0,440000.0,0.0,0.0,0.0,81.22512980789152,10,11,0.15539724258130544,0.10686450030443667,348.97070087696306,EXACT_B3_CLOSE
BESST-10 BH,2025-10-31,MONTH_END,1432610.430554929,0.0,440000.0,0.0,0.0,0.0,81.22512980789152,10,11,0.16758429460426935,0.10859364761111227,358.681015144644,EXACT_B3_CLOSE
BESST-10 BH,2025-11-03,BEFORE_DEPOSIT,1441702.302015682,0.0,440000.0,0.0,0.0,0.0,81.22512980789152,10,11,0.16626305106758332,0.10839462073085011,361.5919731708028,EXACT_B3_CLOSE
BESST-10 BH,2025-11-03,AFTER_DEPOSIT,1444202.302015682,0.0,442500.0,0.0,0.0,0.0,81.22512980789152,10,11,0.1659752398467531,0.10827731364209967,361.5919731708028,EXACT_B3_CLOSE
BESST-10 BH,2025-11-28,MONTH_END,1518886.5754166127,0.0,442500.0,0.0,0.0,0.0,81.22512980789152,10,11,0.17412679237452597,0.10933897723077181,385.4623555097924,EXACT_B3_CLOSE
BESST-10 BH,2025-12-01,BEFORE_DEPOSIT,1512990.2246758344,0.0,442500.0,0.0,0.0,0.0,81.22512980789152,10,11,0.17959227865657354,0.11017235975547279,383.57778008075155,EXACT_B3_CLOSE
BESST-10 BH,2025-12-01,AFTER_DEPOSIT,1515490.2246758344,0.0,445000.0,0.0,0.0,0.0,81.22512980789152,10,11,0.17929601762543593,0.11006207479752492,383.57778008075155,EXACT_B3_CLOSE
BESST-10 BH,2025-12-30,MONTH_END,1524048.5858277753,0.0,445000.0,0.0,0.0,0.0,81.22512980789152,10,11,0.18686956752809689,0.11140217887521213,386.3086675649451,EXACT_B3_CLOSE
BESST-10 BH,2026-01-02,BEFORE_DEPOSIT,1517594.8659706018,0.0,445000.0,0.0,0.0,0.0,81.22512980789152,10,11,0.18574145911796114,0.11122336773708161,384.2493500774552,EXACT_B3_CLOSE
BESST-10 BH,2026-01-02,AFTER_DEPOSIT,1520094.8659706018,0.0,447500.0,0.0,0.0,0.0,81.22512980789152,10,11,0.18543598236240458,0.11111183500244882,384.2493500774552,EXACT_B3_CLOSE
BESST-10 BH,2026-01-30,MONTH_END,1681916.0580839878,0.0,447500.0,0.0,0.0,0.0,81.22512980789152,10,11,0.19720430089923927,0.11310240962609693,435.7999531772368,EXACT_B3_CLOSE
BESST-10 BH,2026-02-02,BEFORE_DEPOSIT,1709234.697277431,0.0,447500.0,0.0,0.0,0.0,81.22512980789152,10,11,0.19871875385227036,0.11342291966981959,444.5027213863632,EXACT_B3_CLOSE
BESST-10 BH,2026-02-02,AFTER_DEPOSIT,1711734.697277431,0.0,450000.0,0.0,0.0,0.0,81.22512980789152,10,11,0.19842852378015646,0.11331748676389802,444.5027213863632,EXACT_B3_CLOSE
BESST-10 BH,2026-02-27,MONTH_END,1791585.696641772,0.0,450000.0,0.0,0.0,0.0,81.22512980789152,10,11,0.19798158698275561,0.1138536568177662,469.9033202808411,EXACT_B3_CLOSE
BESST-10 BH,2026-03-02,BEFORE_DEPOSIT,1780199.8654729216,0.0,450000.0,0.0,0.0,0.0,81.22512980789152,10,11,0.20157907699066624,0.11458836789961546,466.2814879568569,EXACT_B3_CLOSE
BESST-10 BH,2026-03-02,AFTER_DEPOSIT,1782699.8654729216,0.0,452500.0,0.0,0.0,0.0,81.22512980789152,10,11,0.20129638908439718,0.11447779184525228,466.2814879568569,EXACT_B3_CLOSE
BESST-10 BH,2026-03-31,MONTH_END,1795012.1109365467,0.0,452500.0,0.0,0.0,0.0,81.22512980789152,10,11,0.21023253548852702,0.11732866796397104,470.19252021543736,EXACT_B3_CLOSE
BESST-10 BH,2026-04-01,BEFORE_DEPOSIT,1798574.412447486,0.0,452500.0,0.0,0.0,0.0,81.22512980789152,10,11,0.20941614755085405,0.1168979390268244,471.3240990298165,EXACT_B3_CLOSE
BESST-10 BH,2026-04-01,AFTER_DEPOSIT,1801074.412447486,0.0,455000.0,0.0,0.0,0.0,81.22512980789152,10,11,0.20912546529738418,0.11677720351338206,471.3240990298165,EXACT_B3_CLOSE
BESST-10 BH,2026-04-30,MONTH_END,1773551.2755591772,0.0,455000.0,0.0,0.0,0.0,81.22512980789152,10,11,0.19927971316575804,0.11521943420568911,462.59340401993126,EXACT_B3_CLOSE
BESST-10 BH,2026-05-04,BEFORE_DEPOSIT,1762784.8900872504,0.0,455000.0,0.0,0.0,0.0,81.22512980789152,10,11,0.20194379486294464,0.11577513444007784,459.178167293983,EXACT_B3_CLOSE
BESST-10 BH,2026-05-04,AFTER_DEPOSIT,1765284.8900872504,0.0,457500.0,0.0,0.0,0.0,81.22512980789152,10,11,0.20165780165584682,0.11566179597645646,459.178167293983,EXACT_B3_CLOSE
BESST-10 BH,2026-05-29,MONTH_END,1638198.2772458396,0.0,457500.0,0.0,0.0,0.0,81.22512980789152,10,11,0.21043503639196648,0.11626044848390979,418.92174202500127,EXACT_B3_CLOSE
BESST-10 BH,2026-06-01,BEFORE_DEPOSIT,1620323.595106961,0.0,457500.0,0.0,0.0,0.0,81.22512980789152,10,11,0.21069791831721474,0.11619135223517961,413.25969163556715,EXACT_B3_CLOSE
BESST-10 BH,2026-06-01,AFTER_DEPOSIT,1622823.595106961,0.0,460000.0,0.0,0.0,0.0,81.22512980789152,10,11,0.210373332947997,0.11607398359822231,413.25969163556715,EXACT_B3_CLOSE
BESST-10 BH,2026-06-30,MONTH_END,1755973.9833072012,0.0,460000.0,0.0,0.0,0.0,81.22512980789152,10,11,0.22465167586516985,0.12012838671629392,455.37192576555395,EXACT_B3_CLOSE
V10,2014-06-30,INITIAL,100000.0,0.0,100000.0,0.0,0.0,0.0,0.0,9,9,0.11111111111111112,0.11111111111111112,0.0,EXACT_B3_CLOSE
V10,2014-07-01,BEFORE_DEPOSIT,99842.49110704452,0.0,100000.0,0.0,0.0,0.0,0.0,9,9,0.1133821861054487,0.11113554176186388,-0.15750889295547132,EXACT_B3_CLOSE
V10,2014-07-01,AFTER_DEPOSIT,102342.49110704452,0.0,102500.0,0.0,0.0,0.0,0.0,9,9,0.11111111111111112,0.11111111111111109,-0.15750889295547132,EXACT_B3_CLOSE
V10,2014-07-31,MONTH_END,103051.03248249053,0.0,102500.0,0.0,0.0,0.0,0.0,9,9,0.12818313770418419,0.11204807480117222,0.5337243886630816,EXACT_B3_CLOSE
V10,2014-08-01,BEFORE_DEPOSIT,103663.3395296511,0.0,102500.0,0.0,0.0,0.0,0.0,9,9,0.129771686906409,0.11209888703288236,1.1310741331300944,EXACT_B3_CLOSE
V10,2014-08-01,AFTER_DEPOSIT,106163.3395296511,0.0,105000.0,0.0,0.0,0.0,0.0,9,9,0.12671574293645307,0.1116179394245718,1.1310741331300944,EXACT_B3_CLOSE
V10,2014-08-29,MONTH_END,114899.80501484308,0.0,105000.0,0.0,0.0,0.0,0.0,9,9,0.12626622993016515,0.11198919264035305,9.45342102386364,EXACT_B3_CLOSE
V10,2014-09-01,BEFORE_DEPOSIT,113699.69014861321,0.0,105000.0,0.0,0.0,0.0,0.0,9,9,0.1275313360209374,0.11202965301279236,8.31019299389888,EXACT_B3_CLOSE
V10,2014-09-01,AFTER_DEPOSIT,116199.69014861321,0.0,107500.0,0.0,0.0,0.0,0.0,9,9,0.12478753920319566,0.11166619494676984,8.31019299389888,EXACT_B3_CLOSE
V10,2014-09-30,MONTH_END,104292.41849216884,0.0,107500.0,0.0,0.0,0.0,0.0,9,9,0.12379162369424065,0.11193539395942011,-2.788622239522498,EXACT_B3_CLOSE
V10,2014-10-01,BEFORE_DEPOSIT,102353.63513166162,0.0,107500.0,0.0,0.0,0.0,0.0,9,9,0.12363409845789412,0.11177088514032663,-4.595769915057013,EXACT_B3_CLOSE
V10,2014-10-01,AFTER_DEPOSIT,104853.63513166162,0.0,110000.0,0.0,0.0,0.0,0.0,9,9,0.12068632038842972,0.11135082430661944,-4.595769915057013,EXACT_B3_CLOSE
V10,2014-10-31,MONTH_END,108695.55484974913,0.0,110000.0,0.0,0.0,0.0,0.0,9,9,0.12480503051567644,0.11221955708329474,-1.1000838351986286,EXACT_B3_CLOSE
V10,2014-11-03,BEFORE_DEPOSIT,107877.01432687277,0.0,110000.0,0.0,0.0,0.0,0.0,9,9,0.12473547695897114,0.11237947938108275,-1.844857521683474,EXACT_B3_CLOSE
V10,2014-11-03,AFTER_DEPOSIT,110377.01432687277,0.0,112500.0,0.0,0.0,0.0,0.0,9,9,0.12191026290241093,0.11175352940452907,-1.844857521683474,EXACT_B3_CLOSE
V10,2014-11-28,MONTH_END,112588.77841427099,0.0,112500.0,0.0,0.0,0.0,0.0,9,9,0.12571619985249785,0.11245381747965041,0.12200143396903229,EXACT_B3_CLOSE
V10,2014-12-01,BEFORE_DEPOSIT,107364.5752395472,0.0,112500.0,0.0,0.0,0.0,0.0,9,9,0.12534474158755662,0.11251595550288065,-4.523734003593393,EXACT_B3_CLOSE
V10,2014-12-01,AFTER_DEPOSIT,109864.5752395472,0.0,115000.0,0.0,0.0,0.0,0.0,9,9,0.1224924859511457,0.11183488587818166,-4.523734003593393,EXACT_B3_CLOSE
V10,2014-12-30,MONTH_END,108105.19461449365,0.0,115000.0,0.0,0.0,0.0,0.0,9,9,0.11782161270820743,0.1114501813365753,-6.052699024213338,EXACT_B3_CLOSE
V10,2015-01-02,BEFORE_DEPOSIT,106595.44959618933,0.0,115000.0,0.0,0.0,0.0,0.0,9,9,0.11909945278547815,0.11147866392674238,-7.364721727073498,EXACT_B3_CLOSE
V10,2015-01-02,AFTER_DEPOSIT,109095.44959618933,0.0,117500.0,0.0,0.0,0.0,0.0,9,9,0.11637020392069236,0.11120624481574476,-7.364721727073498,EXACT_B3_CLOSE
V10,2015-01-30,MONTH_END,100654.02217002327,0.0,117500.0,0.0,0.0,0.0,0.0,9,9,0.13578162814705533,0.11335219759864318,-14.53251819831074,EXACT_B3_CLOSE
V10,2015-02-02,BEFORE_DEPOSIT,102121.78279154998,0.0,117500.0,0.0,0.0,0.0,0.0,9,9,0.138371709768217,0.11365937809665003,-13.286211279768834,EXACT_B3_CLOSE
V10,2015-02-02,AFTER_DEPOSIT,104621.78279154998,0.0,120000.0,0.0,0.0,0.0,0.0,9,9,0.13506523510117968,0.11253134786720474,-13.286211279768834,EXACT_B3_CLOSE
V10,2015-02-27,MONTH_END,115981.06830193574,0.0,120000.0,0.0,0.0,0.0,0.0,9,9,0.1314226381369506,0.1119420942780388,-3.8712820224179434,EXACT_B3_CLOSE
V10,2015-03-02,BEFORE_DEPOSIT,114847.37411700819,0.0,120000.0,0.0,0.0,0.0,0.0,9,9,0.13294570877729758,0.11201812416939458,-4.810923036001413,EXACT_B3_CLOSE
V10,2015-03-02,AFTER_DEPOSIT,117347.37411700819,0.0,122500.0,0.0,0.0,0.0,0.0,9,9,0.13011339766301702,0.11165744660347712,-4.810923036001413,EXACT_B3_CLOSE
V10,2015-03-31,MONTH_END,117354.86396620772,0.0,122500.0,0.0,0.0,0.0,0.0,9,9,0.129098159973603,0.11215381364182841,-4.804847469016915,EXACT_B3_CLOSE
V10,2015-04-01,BEFORE_DEPOSIT,119305.80894829531,0.0,122500.0,0.0,0.0,0.0,0.0,9,9,0.12787510741813665,0.11224759580985538,-3.2222926530285245,EXACT_B3_CLOSE
V10,2015-04-01,AFTER_DEPOSIT,121805.80894829531,0.0,125000.0,0.0,0.0,0.0,0.0,9,9,0.1252505382674072,0.11165055342388033,-3.2222926530285245,EXACT_B3_CLOSE
V10,2015-04-30,MONTH_END,123983.24979335803,0.0,125000.0,0.0,0.0,0.0,0.0,9,9,0.1288273941824237,0.11218560914053709,-1.4922624131877282,EXACT_B3_CLOSE
V10,2015-05-04,BEFORE_DEPOSIT,126516.74223012786,0.0,125000.0,0.0,0.0,0.0,0.0,9,9,0.12896083297816785,0.11219868561740859,0.5206595626069843,EXACT_B3_CLOSE
V10,2015-05-04,AFTER_DEPOSIT,129016.74223012786,0.0,127500.0,0.0,0.0,0.0,0.0,9,9,0.1264619163501976,0.11161608705796135,0.5206595626069843,EXACT_B3_CLOSE
V10,2015-05-29,MONTH_END,119498.1320512962,0.0,127500.0,0.0,0.0,0.0,0.0,9,9,0.12841403981029495,0.11209953367420233,-6.895563764353351,EXACT_B3_CLOSE
V10,2015-06-01,BEFORE_DEPOSIT,120230.21628636426,0.0,127500.0,0.0,0.0,0.0,0.0,9,9,0.12512953343838482,0.1120556332552533,-6.325175852735132,EXACT_B3_CLOSE
V10,2015-06-01,AFTER_DEPOSIT,122730.21628636426,0.0,130000.0,0.0,0.0,0.0,0.0,9,9,0.1225806596315787,0.11166216335559548,-6.325175852735132,EXACT_B3_CLOSE
V10,2015-06-30,MONTH_END,119692.13837730655,0.0,130000.0,0.0,0.0,0.0,0.0,9,9,0.1465817207626064,0.11308666213175396,-8.644013238409087,EXACT_B3_CLOSE
V10,2015-06-30,AFTER_JUNE_REVIEW,119692.13837730655,0.0,130000.0,0.0,0.0,0.0,0.0,9,9,0.1465817207626064,0.11308666213175396,-8.644013238409087,EXACT_B3_CLOSE
V10,2015-07-01,BEFORE_DEPOSIT,119047.15518095208,0.0,130000.0,0.0,0.0,0.0,0.0,9,9,0.14584516723776558,0.11307389809413455,-9.136301847723294,EXACT_B3_CLOSE
V10,2015-07-01,AFTER_DEPOSIT,121547.15518095208,0.0,132500.0,0.0,0.0,0.0,0.0,9,9,0.14284540210503502,0.11249061907542304,-9.136301847723294,EXACT_B3_CLOSE
V10,2015-07-31,MONTH_END,116963.83535400734,0.0,132500.0,0.0,0.0,0.0,0.0,9,9,0.14105156318022186,0.11341485118162942,-12.562604904103791,EXACT_B3_CLOSE
V10,2015-08-03,BEFORE_DEPOSIT,116194.22379707232,0.0,132500.0,0.0,0.0,0.0,0.0,9,9,0.14318939585755064,0.11350290120119222,-13.13793512964252,EXACT_B3_CLOSE
V10,2015-08-03,AFTER_DEPOSIT,118694.22379707232,0.0,135000.0,0.0,0.0,0.0,0.0,9,9,0.14017346569522116,0.11271372091134417,-13.13793512964252,EXACT_B3_CLOSE
V10,2015-08-31,MONTH_END,104702.69411880444,0.0,135000.0,0.0,0.0,0.0,0.0,9,9,0.13470091985524346,0.11352851469299055,-23.377128914059973,EXACT_B3_CLOSE
V10,2015-09-01,BEFORE_DEPOSIT,101963.47330647278,0.0,135000.0,0.0,0.0,0.0,0.0,9,9,0.13545181852388608,0.11340061601325307,-25.381728365350675,EXACT_B3_CLOSE
V10,2015-09-01,AFTER_DEPOSIT,104463.47330647278,0.0,137500.0,0.0,0.0,0.0,0.0,9,9,0.13221021133247812,0.1124150717319106,-25.381728365350675,EXACT_B3_CLOSE
V10,2015-09-30,MONTH_END,104758.54744294376,0.0,137500.0,0.0,0.0,0.0,0.0,9,9,0.12788705503188597,0.11257220888018006,-25.170956873932283,EXACT_B3_CLOSE
V10,2015-10-01,BEFORE_DEPOSIT,104729.50047256952,0.0,137500.0,0.0,0.0,0.0,0.0,9,9,0.12504275232602977,0.112443380902072,-25.191705128388552,EXACT_B3_CLOSE
V10,2015-10-01,AFTER_DEPOSIT,107229.50047256952,0.0,140000.0,0.0,0.0,0.0,0.0,9,9,0.12212744562929621,0.11177675236838736,-25.191705128388552,EXACT_B3_CLOSE
V10,2015-10-30,MONTH_END,112326.0059076407,0.0,140000.0,0.0,0.0,0.0,0.0,9,9,0.1249315314659156,0.11207158888454323,-21.63614551353139,EXACT_B3_CLOSE
V10,2015-11-03,BEFORE_DEPOSIT,117531.37067769503,0.0,140000.0,0.0,0.0,0.0,0.0,9,9,0.12269008172616208,0.11201278829339198,-18.00464055532136,EXACT_B3_CLOSE
V10,2015-11-03,AFTER_DEPOSIT,120031.37067769503,0.0,142500.0,0.0,0.0,0.0,0.0,9,9,0.12013470638900114,0.11158338966726253,-18.00464055532136,EXACT_B3_CLOSE
V10,2015-11-30,MONTH_END,117744.69262195243,0.0,142500.0,0.0,0.0,0.0,0.0,9,9,0.1443566962403746,0.11359122338918091,-19.566707105559587,EXACT_B3_CLOSE
V10,2015-12-01,BEFORE_DEPOSIT,118182.42851831822,0.0,142500.0,0.0,0.0,0.0,0.0,9,9,0.1439099780081659,0.11393795310118705,-19.267682675848384,EXACT_B3_CLOSE
V10,2015-12-01,AFTER_DEPOSIT,120682.42851831822,0.0,145000.0,0.0,0.0,0.0,0.0,9,9,0.14092880710004316,0.11317670449503936,-19.267682675848384,EXACT_B3_CLOSE
V10,2015-12-30,MONTH_END,114341.37832278573,0.0,145000.0,0.0,0.0,0.0,0.0,9,9,0.14092524306913398,0.1133292899426985,-23.509623137598357,EXACT_B3_CLOSE
V10,2016-01-04,BEFORE_DEPOSIT,110982.27133659212,0.0,145000.0,0.0,0.0,0.0,0.0,9,9,0.13676021174430766,0.11300212187822348,-25.756748046043455,EXACT_B3_CLOSE
V10,2016-01-04,AFTER_DEPOSIT,113482.27133659212,0.0,147500.0,0.0,0.0,0.0,0.0,9,9,0.13374740167861307,0.1124090941251997,-25.756748046043455,EXACT_B3_CLOSE
V10,2016-01-29,MONTH_END,112562.23055822158,0.0,147500.0,0.0,0.0,0.0,0.0,9,9,0.15223830420111872,0.11361924399157727,-26.35866426178326,EXACT_B3_CLOSE
V10,2016-02-01,BEFORE_DEPOSIT,115229.34432410369,0.0,147500.0,0.0,0.0,0.0,0.0,9,9,0.14885408322300991,0.11339402451069028,-24.613764402289505,EXACT_B3_CLOSE
V10,2016-02-01,AFTER_DEPOSIT,117729.34432410369,0.0,150000.0,0.0,0.0,0.0,0.0,9,9,0.14569314479942494,0.1128391481299444,-24.613764402289505,EXACT_B3_CLOSE
V10,2016-02-29,MONTH_END,122228.17932084977,0.0,150000.0,0.0,0.0,0.0,0.0,9,9,0.14868208667452276,0.11373242097890304,-21.73300228705799,EXACT_B3_CLOSE
V10,2016-03-01,BEFORE_DEPOSIT,125771.31372281205,0.0,150000.0,0.0,0.0,0.0,0.0,9,9,0.14641073464132623,0.11341655327873146,-19.464208841259488,EXACT_B3_CLOSE
V10,2016-03-01,AFTER_DEPOSIT,128271.31372281205,0.0,152500.0,0.0,0.0,0.0,0.0,9,9,0.14355719844542913,0.11280907330950263,-19.464208841259488,EXACT_B3_CLOSE
V10,2016-03-31,MONTH_END,148037.84773026715,0.0,152500.0,0.0,0.0,0.0,0.0,9,9,0.13131954267406531,0.11261095899798722,-7.0536907873429815,EXACT_B3_CLOSE
V10,2016-04-01,BEFORE_DEPOSIT,149263.07333807726,0.0,152500.0,0.0,0.0,0.0,0.0,9,9,0.1307291419234718,0.11239505827287449,-6.284426710994895,EXACT_B3_CLOSE
V10,2016-04-01,AFTER_DEPOSIT,151763.07333807726,0.0,155000.0,0.0,0.0,0.0,0.0,9,9,0.1285756348310012,0.11204800826745044,-6.284426710994895,EXACT_B3_CLOSE
V10,2016-04-29,MONTH_END,154624.80913758714,0.0,155000.0,0.0,0.0,0.0,0.0,9,9,0.14455056743657718,0.11408805475673557,-4.517269489189668,EXACT_B3_CLOSE
V10,2016-05-02,BEFORE_DEPOSIT,154183.34679200785,0.0,155000.0,0.0,0.0,0.0,0.0,9,9,0.14455989697124597,0.1138698369549763,-4.789877943219256,EXACT_B3_CLOSE
V10,2016-05-02,AFTER_DEPOSIT,156683.34679200785,0.0,157500.0,0.0,0.0,0.0,0.0,9,9,0.14225333568169257,0.11339451142627495,-4.789877943219256,EXACT_B3_CLOSE
V10,2016-05-31,MONTH_END,151702.38745619776,0.0,157500.0,0.0,0.0,0.0,0.0,9,9,0.17604241511376947,0.11751523278815691,-7.816605135560096,EXACT_B3_CLOSE
V10,2016-06-01,BEFORE_DEPOSIT,151912.2583150701,0.0,157500.0,0.0,0.0,0.0,0.0,9,9,0.17476428310347533,0.1176718097345758,-7.689075117223676,EXACT_B3_CLOSE
V10,2016-06-01,AFTER_DEPOSIT,154412.2583150701,0.0,160000.0,0.0,0.0,0.0,0.0,9,9,0.17193477518405098,0.1169206397319378,-7.689075117223676,EXACT_B3_CLOSE
V10,2016-06-30,MONTH_END,169527.85178847416,0.0,160000.0,0.0,0.0,0.0,0.0,9,9,0.18300416006475667,0.11888266128434284,1.3473474369680938,EXACT_B3_CLOSE
V10,2016-06-30,AFTER_JUNE_REVIEW,168680.90360822302,845.3969651449224,160000.0,845.3969651449222,845.3969651449222,2.2737367544323206e-13,1.5512151062066137,8,8,0.13990093863099587,0.12525606091996136,0.8410238412906113,EXACT_B3_CLOSE
V10,2016-07-01,BEFORE_DEPOSIT,169887.7935245765,845.3969651449224,160000.0,845.3969651449222,845.3969651449222,2.2737367544323206e-13,1.5512151062066137,8,8,0.1387160076917558,0.125230209330595,1.5625282453189504,EXACT_B3_CLOSE
V10,2016-07-01,AFTER_DEPOSIT,172387.7935245765,845.3969651449224,162500.0,845.3969651449222,845.3969651449222,2.2737367544323206e-13,1.5512151062066137,8,8,0.13670432222297027,0.12515950689463612,1.5625282453189504,EXACT_B3_CLOSE
V10,2016-07-29,MONTH_END,193206.25131883138,0.0,162500.0,0.0,0.0,0.0,846.9481802511289,8,8,0.13712187361920786,0.12533549717249884,13.82775401637424,EXACT_B3_CLOSE
V10,2016-08-01,BEFORE_DEPOSIT,193355.81093885217,0.0,162500.0,0.0,0.0,0.0,846.9481802511289,8,8,0.13626214830516806,0.12525210281912114,13.915867291810734,EXACT_B3_CLOSE
V10,2016-08-01,AFTER_DEPOSIT,195855.81093885217,0.0,165000.0,0.0,0.0,0.0,846.9481802511289,8,8,0.13452283115583274,0.12516062053030574,13.915867291810734,EXACT_B3_CLOSE
V10,2016-08-31,MONTH_END,193911.06646302834,0.0,165000.0,0.0,0.0,0.0,846.9481802511289,8,8,0.13278668464670357,0.12530526877601944,12.784743060354597,EXACT_B3_CLOSE
V10,2016-09-01,BEFORE_DEPOSIT,196158.1258449529,0.0,165000.0,0.0,0.0,0.0,846.9481802511289,8,8,0.13550414011791032,0.12535816881278808,14.091703099584961,EXACT_B3_CLOSE
V10,2016-09-01,AFTER_DEPOSIT,198658.1258449529,0.0,167500.0,0.0,0.0,0.0,846.9481802511289,8,8,0.13379889725983982,0.125212946243803,14.091703099584961,EXACT_B3_CLOSE
V10,2016-09-30,MONTH_END,196368.4841452306,0.0,167500.0,0.0,0.0,0.0,846.9481802511289,8,8,0.1299717902011665,0.12517099787060504,12.776734885231477,EXACT_B3_CLOSE
V10,2016-10-03,BEFORE_DEPOSIT,199750.97741134232,0.0,167500.0,0.0,0.0,0.0,846.9481802511289,8,8,0.13081050136717345,0.12521863510426548,14.719340634742872,EXACT_B3_CLOSE
V10,2016-10-03,AFTER_DEPOSIT,202250.97741134232,0.0,170000.0,0.0,0.0,0.0,846.9481802511289,8,8,0.12919356849691682,0.125079783393585,14.719340634742872,EXACT_B3_CLOSE
V10,2016-10-31,MONTH_END,219200.00269883024,0.0,170000.0,0.0,0.0,0.0,846.9481802511289,8,8,0.1385193555770837,0.12562273443281288,24.333044510337377,EXACT_B3_CLOSE
V10,2016-11-01,BEFORE_DEPOSIT,213043.3148126487,0.0,170000.0,0.0,0.0,0.0,846.9481802511289,8,8,0.13830981740992757,0.1255723038757791,20.84089241378564,EXACT_B3_CLOSE
V10,2016-11-01,AFTER_DEPOSIT,215543.3148126487,0.0,172500.0,0.0,0.0,0.0,846.9481802511289,8,8,0.13670561760523697,0.12533787038457472,20.84089241378564,EXACT_B3_CLOSE
V10,2016-11-30,MONTH_END,201352.06353267602,0.0,172500.0,0.0,0.0,0.0,846.9481802511289,8,8,0.13915125058484498,0.12539778354399708,12.884795651374992,EXACT_B3_CLOSE
V10,2016-12-01,BEFORE_DEPOSIT,190677.4531173745,0.0,172500.0,0.0,0.0,0.0,846.9481802511289,8,8,0.14028288572564335,0.12546069817511024,6.900247024219763,EXACT_B3_CLOSE
V10,2016-12-01,AFTER_DEPOSIT,193177.4531173745,0.0,175000.0,0.0,0.0,0.0,846.9481802511289,8,8,0.138467419124057,0.1252810860721102,6.900247024219763,EXACT_B3_CLOSE
V10,2016-12-29,MONTH_END,198135.45007637911,0.0,175000.0,0.0,0.0,0.0,846.9481802511289,8,8,0.13716508736807154,0.12523262324989345,9.643895887531407,EXACT_B3_CLOSE
V10,2017-01-02,BEFORE_DEPOSIT,197195.9193271748,0.0,175000.0,0.0,0.0,0.0,846.9481802511289,8,8,0.13657681157774051,0.12522450977924995,9.123979781609016,EXACT_B3_CLOSE
V10,2017-01-02,AFTER_DEPOSIT,199695.9193271748,0.0,177500.0,0.0,0.0,0.0,846.9481802511289,8,8,0.13486700183253014,0.125136879701959,9.123979781609016,EXACT_B3_CLOSE
V10,2017-01-31,MONTH_END,218687.24531728262,0.0,177500.0,0.0,0.0,0.0,846.9481802511289,8,8,0.13678156178415962,0.1256967341771124,19.501803626747805,EXACT_B3_CLOSE
V10,2017-02-01,BEFORE_DEPOSIT,218735.40242000713,0.0,177500.0,0.0,0.0,0.0,846.9481802511289,8,8,0.13820195317821288,0.12564462897523596,19.52811911041796,EXACT_B3_CLOSE
V10,2017-02-01,AFTER_DEPOSIT,221235.40242000713,0.0,180000.0,0.0,0.0,0.0,846.9481802511289,8,8,0.13664024614956288,0.12540161421670493,19.52811911041796,EXACT_B3_CLOSE
V10,2017-02-24,MONTH_END,236476.6725930465,0.0,180000.0,0.0,0.0,0.0,846.9481802511289,8,8,0.14525159632538506,0.12607186169492898,27.762607518283943,EXACT_B3_CLOSE
V10,2017-03-01,BEFORE_DEPOSIT,237068.85335869342,0.0,180000.0,0.0,0.0,0.0,846.9481802511289,8,8,0.14502430512834083,0.12604559458214368,28.082548415251086,EXACT_B3_CLOSE
V10,2017-03-01,AFTER_DEPOSIT,239568.85335869342,0.0,182500.0,0.0,0.0,0.0,846.9481802511289,8,8,0.14351091656493684,0.12581802227605268,28.082548415251086,EXACT_B3_CLOSE
V10,2017-03-31,MONTH_END,234854.44830857738,0.0,182500.0,0.0,0.0,0.0,846.9481802511289,8,8,0.14119275797581307,0.12574706484505066,25.5620495915726,EXACT_B3_CLOSE
V10,2017-04-03,BEFORE_DEPOSIT,236997.53430558066,0.0,182500.0,0.0,0.0,0.0,846.9481802511289,8,8,0.13896695849451,0.12570088845712793,26.707824228470976,EXACT_B3_CLOSE
V10,2017-04-03,AFTER_DEPOSIT,239497.53430558066,0.0,185000.0,0.0,0.0,0.0,846.9481802511289,8,8,0.13751634900392126,0.12551433465436168,26.707824228470976,EXACT_B3_CLOSE
V10,2017-04-28,MONTH_END,233943.02882200296,0.0,185000.0,0.0,0.0,0.0,846.9481802511289,8,8,0.13961717758481618,0.12570200999052297,23.769174749135423,EXACT_B3_CLOSE
V10,2017-05-02,BEFORE_DEPOSIT,238690.73520048225,0.0,185000.0,0.0,0.0,0.0,846.9481802511289,8,8,0.13870731947068685,0.12570184501666257,26.28098159105967,EXACT_B3_CLOSE
V10,2017-05-02,AFTER_DEPOSIT,241190.73520048225,0.0,187500.0,0.0,0.0,0.0,846.9481802511289,8,8,0.13726958473187742,0.1254970266004146,26.28098159105967,EXACT_B3_CLOSE
V10,2017-05-31,MONTH_END,228948.79933397938,0.0,187500.0,0.0,0.0,0.0,846.9481802511289,8,8,0.14151785633277292,0.12578928108045268,19.87143324538303,EXACT_B3_CLOSE
V10,2017-06-01,BEFORE_DEPOSIT,227718.5618246616,0.0,187500.0,0.0,0.0,0.0,846.9481802511289,8,8,0.1413986574718845,0.12576411678698735,19.227313975471372,EXACT_B3_CLOSE
V10,2017-06-01,AFTER_DEPOSIT,230218.5618246616,0.0,190000.0,0.0,0.0,0.0,846.9481802511289,8,8,0.13986317466425172,0.125538702983912,19.227313975471372,EXACT_B3_CLOSE
V10,2017-06-30,MONTH_END,234602.89117920824,0.0,190000.0,0.0,0.0,0.0,846.9481802511289,8,8,0.1328467498759335,0.12523377221080093,21.497903316241086,EXACT_B3_CLOSE
V10,2017-06-30,AFTER_JUNE_REVIEW,234602.89117920824,0.0,190000.0,0.0,0.0,0.0,846.9481802511289,9,8,0.1328467498759335,0.12523377221080093,21.497903316241086,EXACT_B3_CLOSE
V10,2017-07-03,BEFORE_DEPOSIT,236920.17402834754,0.0,190000.0,0.0,0.0,0.0,846.9481802511289,9,8,0.1332941934343396,0.12523138221923377,22.697995123063897,EXACT_B3_CLOSE
V10,2017-07-03,AFTER_DEPOSIT,239420.17402834754,0.0,192500.0,0.0,0.0,0.0,846.9481802511289,9,9,0.13190234963947878,0.122738764179021,22.697995123063897,EXACT_B3_CLOSE
V10,2017-07-31,MONTH_END,249562.0776401946,0.0,192500.0,0.0,0.0,0.0,846.9481802511289,9,9,0.1357264960317359,0.12299201704760618,27.89551552816416,EXACT_B3_CLOSE
V10,2017-08-01,BEFORE_DEPOSIT,251834.1870950646,0.0,192500.0,0.0,0.0,0.0,846.9481802511289,9,9,0.13538681965693825,0.12297933118539561,29.05992565335145,EXACT_B3_CLOSE
V10,2017-08-01,AFTER_DEPOSIT,254334.1870950646,0.0,195000.0,0.0,0.0,0.0,846.9481802511289,9,9,0.13405602314464776,0.12086215133826321,29.05992565335145,EXACT_B3_CLOSE
V10,2017-08-31,MONTH_END,265315.8819190633,0.0,195000.0,0.0,0.0,0.0,846.9481802511289,9,9,0.1353466321844392,0.12148537874124318,34.63250216664302,EXACT_B3_CLOSE
V10,2017-09-01,BEFORE_DEPOSIT,267737.540864087,0.0,195000.0,0.0,0.0,0.0,846.9481802511289,9,9,0.13412243560203066,0.12139983810912645,35.86135435899778,EXACT_B3_CLOSE
V10,2017-09-01,AFTER_DEPOSIT,270237.540864087,0.0,197500.0,0.0,0.0,0.0,846.9481802511289,9,9,0.1328816528154018,0.11959940141076654,35.86135435899778,EXACT_B3_CLOSE
V10,2017-09-29,MONTH_END,276772.5407280766,0.0,197500.0,0.0,0.0,0.0,846.9481802511289,9,9,0.14037981478321462,0.12025409456475174,39.146811773310276,EXACT_B3_CLOSE
V10,2017-10-02,BEFORE_DEPOSIT,277442.68648929324,0.0,197500.0,0.0,0.0,0.0,846.9481802511289,9,9,0.1408586006310372,0.12030401534301292,39.483726142963405,EXACT_B3_CLOSE
V10,2017-10-02,AFTER_DEPOSIT,279942.68648929324,0.0,200000.0,0.0,0.0,0.0,846.9481802511289,9,9,0.13960067706820442,0.11888324568656307,39.483726142963405,EXACT_B3_CLOSE
V10,2017-10-31,MONTH_END,274593.9499324102,101.32171385868321,200000.0,101.32171385868321,101.32171385868321,0.0,846.9481802511289,9,9,0.14062788283624994,0.1190981386077439,36.818674540911054,EXACT_B3_CLOSE
V10,2017-11-01,BEFORE_DEPOSIT,271136.5730053734,101.32171385868321,200000.0,101.32171385868321,101.32171385868321,0.0,846.9481802511289,9,9,0.14030766741717363,0.11908294831594352,35.096008296217974,EXACT_B3_CLOSE
V10,2017-11-01,AFTER_DEPOSIT,273636.5730053734,101.32171385868332,202500.0,101.32171385868321,101.32171385868321,1.1368683772161603e-13,846.9481802511289,9,9,0.139025787715603,0.117856361926229,35.096008296217974,EXACT_B3_CLOSE
V10,2017-11-30,MONTH_END,270522.3553318061,0.0,202500.0,0.0,0.0,0.0,948.2698941098121,9,9,0.1397903431662254,0.11835238724875702,33.55850045490973,EXACT_B3_CLOSE
V10,2017-12-01,BEFORE_DEPOSIT,271898.52881953766,0.0,202500.0,0.0,0.0,0.0,948.2698941098121,9,9,0.14159486774216407,0.11853572802780242,34.23792551448306,EXACT_B3_CLOSE
V10,2017-12-01,AFTER_DEPOSIT,274398.52881953766,0.0,205000.0,0.0,0.0,0.0,948.2698941098121,9,9,0.1403048201209969,0.11738509829532588,34.23792551448306,EXACT_B3_CLOSE
V10,2017-12-28,MONTH_END,286394.8168928048,0.0,205000.0,0.0,0.0,0.0,948.2698941098121,9,9,0.14659004070120846,0.11718038972852236,40.106604299887884,EXACT_B3_CLOSE
V10,2018-01-02,BEFORE_DEPOSIT,289598.50306062866,0.0,205000.0,0.0,0.0,0.0,948.2698941098121,9,9,0.14607501590358662,0.11729422147083583,41.673872852741354,EXACT_B3_CLOSE
V10,2018-01-02,AFTER_DEPOSIT,292098.50306062866,0.0,207500.0,0.0,0.0,0.0,948.2698941098121,9,9,0.14482479539258605,0.11644496192835889,41.673872852741354,EXACT_B3_CLOSE
V10,2018-01-31,MONTH_END,320712.16122899903,0.0,207500.0,0.0,0.0,0.0,948.2698941098121,9,9,0.1450636049785534,0.11851742288993143,55.55209450304572,EXACT_B3_CLOSE
V10,2018-02-01,BEFORE_DEPOSIT,322443.03773002827,0.0,207500.0,0.0,0.0,0.0,948.2698941098121,9,9,0.14924898246572552,0.1185222623878033,56.39160574586683,EXACT_B3_CLOSE
V10,2018-02-01,AFTER_DEPOSIT,324943.03773002827,0.0,210000.0,0.0,0.0,0.0,948.2698941098121,9,9,0.14810071211418682,0.11776709748934,56.39160574586683,EXACT_B3_CLOSE
V10,2018-02-28,MONTH_END,329267.42148500367,0.0,210000.0,0.0,0.0,0.0,948.2698941098121,9,9,0.14644348775901447,0.11777607037766745,58.4728853572916,EXACT_B3_CLOSE
V10,2018-03-01,BEFORE_DEPOSIT,330064.30475934653,0.0,210000.0,0.0,0.0,0.0,948.2698941098121,9,9,0.14455851742216885,0.11776907568167887,58.856416747091835,EXACT_B3_CLOSE
V10,2018-03-01,AFTER_DEPOSIT,332564.30475934653,0.0,212500.0,0.0,0.0,0.0,948.2698941098121,9,9,0.14347182144071965,0.1170369796358942,58.856416747091835,EXACT_B3_CLOSE
V10,2018-03-29,MONTH_END,336822.73239172384,0.0,212500.0,0.0,0.0,0.0,948.2698941098121,9,9,0.15181876919846438,0.11753597769634047,60.89054532004792,EXACT_B3_CLOSE
V10,2018-04-02,BEFORE_DEPOSIT,331720.7931789312,0.0,212500.0,0.0,0.0,0.0,948.2698941098121,9,9,0.149471834014822,0.11730000606585536,58.45349549176824,EXACT_B3_CLOSE
V10,2018-04-02,AFTER_DEPOSIT,334220.7931789312,0.0,215000.0,0.0,0.0,0.0,948.2698941098121,9,9,0.14835377196523253,0.11671205646081903,58.45349549176824,EXACT_B3_CLOSE
V10,2018-04-30,MONTH_END,338722.40094724717,0.0,215000.0,0.0,0.0,0.0,948.2698941098121,9,9,0.15132222027460812,0.11723409530994922,60.5876998883232,EXACT_B3_CLOSE
V10,2018-05-02,BEFORE_DEPOSIT,334829.8962023713,0.0,215000.0,0.0,0.0,0.0,948.2698941098121,9,9,0.15019487862391823,0.11752171083964741,58.74227017350091,EXACT_B3_CLOSE
V10,2018-05-02,AFTER_DEPOSIT,337329.8962023713,0.0,217500.0,0.0,0.0,0.0,948.2698941098121,9,9,0.14908176294461736,0.11695516098461142,58.74227017350091,EXACT_B3_CLOSE
V10,2018-05-30,MONTH_END,302835.73186866223,0.0,217500.0,0.0,0.0,0.0,948.2698941098121,9,9,0.15355222646661423,0.11752764407765119,42.509846022201245,EXACT_B3_CLOSE
V10,2018-06-01,BEFORE_DEPOSIT,307827.8236763322,0.0,217500.0,0.0,0.0,0.0,948.2698941098121,9,9,0.1561081083013852,0.11811349607984215,44.85904778399426,EXACT_B3_CLOSE
V10,2018-06-01,AFTER_DEPOSIT,310327.8236763322,0.0,220000.0,0.0,0.0,0.0,948.2698941098121,9,9,0.15485050185756047,0.11743409483428364,44.85904778399426,EXACT_B3_CLOSE
V10,2018-06-29,MONTH_END,291731.6289188682,0.0,220000.0,0.0,0.0,0.0,948.2698941098121,9,9,0.15529083151120937,0.11729572200767692,36.17846273989724,EXACT_B3_CLOSE
V10,2018-06-29,AFTER_JUNE_REVIEW,291731.6289188682,0.0,220000.0,0.0,0.0,0.0,948.2698941098121,10,9,0.15529083151120937,0.11729572200767692,36.17846273989724,EXACT_B3_CLOSE
V10,2018-07-02,BEFORE_DEPOSIT,290443.7524949146,0.0,220000.0,0.0,0.0,0.0,948.2698941098121,10,9,0.15260523114814348,0.11697455891058138,35.57729024357621,EXACT_B3_CLOSE
V10,2018-07-02,AFTER_DEPOSIT,292943.7524949146,0.0,222500.0,0.0,0.0,0.0,948.2698941098121,10,10,0.1513028887202162,0.11544129275037532,35.57729024357621,EXACT_B3_CLOSE
V10,2018-07-31,MONTH_END,315314.39298074256,0.0,222500.0,0.0,0.0,0.0,948.2698941098121,10,10,0.17518070484288506,0.11839990878483135,45.930645767464526,EXACT_B3_CLOSE
V10,2018-08-01,BEFORE_DEPOSIT,316342.35655207915,0.0,222500.0,0.0,0.0,0.0,948.2698941098121,10,10,0.17242880698580929,0.1180050631109369,46.406397560373456,EXACT_B3_CLOSE
V10,2018-08-01,AFTER_DEPOSIT,318842.35655207915,0.0,225000.0,0.0,0.0,0.0,948.2698941098121,10,10,0.17107681591998578,0.11669651831206082,46.406397560373456,EXACT_B3_CLOSE
V10,2018-08-31,MONTH_END,316176.0799622484,0.0,225000.0,0.0,0.0,0.0,948.2698941098121,10,10,0.19330072377464597,0.11994650060439559,45.18209362962229,EXACT_B3_CLOSE
V10,2018-09-03,BEFORE_DEPOSIT,314965.46523962426,0.0,225000.0,0.0,0.0,0.0,948.2698941098121,10,10,0.19828664080311595,0.12086442141094754,44.62620217815512,EXACT_B3_CLOSE
V10,2018-09-03,AFTER_DEPOSIT,317465.46523962426,0.0,227500.0,0.0,0.0,0.0,948.2698941098121,10,10,0.19672515882700992,0.11958077411810629,44.62620217815512,EXACT_B3_CLOSE
V10,2018-09-28,MONTH_END,320403.4059280187,0.0,227500.0,0.0,0.0,0.0,948.2698941098121,10,10,0.20607851416776227,0.12157156869380654,45.96462556750376,EXACT_B3_CLOSE
V10,2018-10-01,BEFORE_DEPOSIT,317591.90630480717,0.0,227500.0,0.0,0.0,0.0,948.2698941098121,10,10,0.2077625737691025,0.12192391197748824,44.683804320936105,EXACT_B3_CLOSE
V10,2018-10-01,AFTER_DEPOSIT,320091.90630480717,0.0,230000.0,0.0,0.0,0.0,948.2698941098121,10,10,0.2061398947066455,0.12070253259022566,44.683804320936105,EXACT_B3_CLOSE
V10,2018-10-31,MONTH_END,361626.49221620423,0.0,230000.0,0.0,0.0,0.0,948.2698941098121,10,10,0.16746627204527342,0.1142865512401035,63.4577307532816,EXACT_B3_CLOSE
V10,2018-11-01,BEFORE_DEPOSIT,371160.903455909,0.0,230000.0,0.0,0.0,0.0,948.2698941098121,10,10,0.17129560014586526,0.1147361262456836,67.76735203063804,EXACT_B3_CLOSE
V10,2018-11-01,AFTER_DEPOSIT,373660.903455909,0.0,232500.0,0.0,0.0,0.0,948.2698941098121,10,10,0.17014953697360405,0.11379381188173993,67.76735203063804,EXACT_B3_CLOSE
V10,2018-11-30,MONTH_END,388374.78552351607,0.0,232500.0,0.0,0.0,0.0,948.2698941098121,10,10,0.1534910396984328,0.1131840523335813,74.37363331332729,EXACT_B3_CLOSE
V10,2018-12-03,BEFORE_DEPOSIT,389446.7354901015,0.0,232500.0,0.0,0.0,0.0,948.2698941098121,10,10,0.15702366378904192,0.11331048872704537,74.85492050644835,EXACT_B3_CLOSE
V10,2018-12-03,AFTER_DEPOSIT,391946.7354901015,0.0,235000.0,0.0,0.0,0.0,948.2698941098121,10,10,0.15602210127065091,0.11247186832597221,74.85492050644835,EXACT_B3_CLOSE
V10,2018-12-28,MONTH_END,401377.5155229531,0.0,235000.0,0.0,0.0,0.0,948.2698941098121,10,10,0.15033355894275655,0.1124864400732798,79.06217150165331,EXACT_B3_CLOSE
V10,2019-01-02,BEFORE_DEPOSIT,415303.5791024078,0.0,235000.0,0.0,0.0,0.0,948.2698941098121,10,10,0.1499049978838977,0.11189008225624501,85.27485429669804,EXACT_B3_CLOSE
V10,2019-01-02,AFTER_DEPOSIT,417803.5791024078,0.0,237500.0,0.0,0.0,0.0,948.2698941098121,10,10,0.14900801539390834,0.1111465024328864,85.27485429669804,EXACT_B3_CLOSE
V10,2019-01-31,MONTH_END,459058.6601791121,0.0,237500.0,0.0,0.0,0.0,948.2698941098121,10,10,0.14042400717681225,0.1094434481577201,103.56940589413983,EXACT_B3_CLOSE
V10,2019-02-01,BEFORE_DEPOSIT,462448.56867555925,0.0,237500.0,0.0,0.0,0.0,948.2698941098121,10,10,0.1406126137156218,0.10920118568361543,105.07265965780479,EXACT_B3_CLOSE
V10,2019-02-01,AFTER_DEPOSIT,464948.56867555925,0.0,240000.0,0.0,0.0,0.0,948.2698941098121,10,10,0.13985654829683705,0.1085760189359284,105.07265965780479,EXACT_B3_CLOSE
V10,2019-02-28,MONTH_END,449182.1802915304,0.0,240000.0,0.0,0.0,0.0,948.2698941098121,10,10,0.14340924507910321,0.11005018306283945,98.1186535226297,EXACT_B3_CLOSE
V10,2019-03-01,BEFORE_DEPOSIT,443513.6270768326,0.0,240000.0,0.0,0.0,0.0,948.2698941098121,10,10,0.14433504487105478,0.1099655897208853,95.61845164554627,EXACT_B3_CLOSE
V10,2019-03-01,AFTER_DEPOSIT,446013.6270768326,0.0,242500.0,0.0,0.0,0.0,948.2698941098121,10,10,0.14352601664798778,0.1093166423322887,95.61845164554627,EXACT_B3_CLOSE
V10,2019-03-29,MONTH_END,451456.3650880144,0.0,242500.0,0.0,0.0,0.0,948.2698941098121,10,10,0.13705981496049482,0.1087217640334179,98.00559840031646,EXACT_B3_CLOSE
V10,2019-04-01,BEFORE_DEPOSIT,452689.350616507,0.0,242500.0,0.0,0.0,0.0,948.2698941098121,10,10,0.13732051691084807,0.1088223363385119,98.54637721365873,EXACT_B3_CLOSE
V10,2019-04-01,AFTER_DEPOSIT,455189.350616507,0.0,245000.0,0.0,0.0,0.0,948.2698941098121,10,10,0.13656632243812555,0.10820571582892409,98.54637721365873,EXACT_B3_CLOSE
V10,2019-04-30,MONTH_END,469492.52546827093,0.0,245000.0,0.0,0.0,0.0,948.2698941098121,10,10,0.136683015008325,0.10833089965557331,104.78519529150914,EXACT_B3_CLOSE
V10,2019-05-02,BEFORE_DEPOSIT,467522.6449850815,0.0,245000.0,0.0,0.0,0.0,948.2698941098121,10,10,0.1373520412657358,0.10830983964011784,103.92596465935257,EXACT_B3_CLOSE
V10,2019-05-02,AFTER_DEPOSIT,470022.6449850815,0.0,247500.0,0.0,0.0,0.0,948.2698941098121,10,10,0.1366214805005726,0.10776009588802041,103.92596465935257,EXACT_B3_CLOSE
V10,2019-05-31,MONTH_END,473936.5074100527,0.0,247500.0,0.0,0.0,0.0,948.2698941098121,10,10,0.13994779732952978,0.10802824294569571,105.62404916458226,EXACT_B3_CLOSE
V10,2019-06-03,BEFORE_DEPOSIT,477714.319062643,0.0,247500.0,0.0,0.0,0.0,948.2698941098121,10,10,0.13827668181329586,0.10788473228578478,107.26310612018972,EXACT_B3_CLOSE
V10,2019-06-03,AFTER_DEPOSIT,480214.319062643,0.0,250000.0,0.0,0.0,0.0,948.2698941098121,10,10,0.1375568121825693,0.10738808551696462,107.26310612018972,EXACT_B3_CLOSE
V10,2019-06-28,MONTH_END,487621.8450383256,0.0,250000.0,0.0,0.0,0.0,948.2698941098121,10,10,0.13684948706092667,0.10622630018706744,110.4602345302355,EXACT_B3_CLOSE
V10,2019-06-28,AFTER_JUNE_REVIEW,487621.8450383256,0.0,250000.0,0.0,0.0,0.0,948.2698941098121,10,10,0.13684948706092667,0.10622630018706744,110.4602345302355,EXACT_B3_CLOSE
V10,2019-07-01,BEFORE_DEPOSIT,488269.8725144969,0.0,250000.0,0.0,0.0,0.0,948.2698941098121,10,10,0.13768021615706147,0.10630708472356555,110.73992670564725,EXACT_B3_CLOSE
V10,2019-07-01,AFTER_DEPOSIT,490769.8725144969,0.0,252500.0,0.0,0.0,0.0,948.2698941098121,10,10,0.13697886801067036,0.10587160962415079,110.73992670564725,EXACT_B3_CLOSE
V10,2019-07-31,MONTH_END,503539.7604053655,0.0,252500.0,0.0,0.0,0.0,948.2698941098121,10,10,0.12618726114179693,0.1054853669501107,116.22340356288139,EXACT_B3_CLOSE
V10,2019-08-01,BEFORE_DEPOSIT,507766.98402067035,0.0,252500.0,0.0,0.0,0.0,948.2698941098121,10,10,0.12717219959955878,0.10577826536092022,118.03860218192743,EXACT_B3_CLOSE
V10,2019-08-01,AFTER_DEPOSIT,510266.98402067035,0.0,255000.0,0.0,0.0,0.0,948.2698941098121,10,10,0.12654913263862444,0.10537437331544096,118.03860218192743,EXACT_B3_CLOSE
V10,2019-08-30,MONTH_END,511917.55207980494,0.0,255000.0,0.0,0.0,0.0,948.2698941098121,10,10,0.12956455588720925,0.10520893168688929,118.74389483007035,EXACT_B3_CLOSE
V10,2019-09-02,BEFORE_DEPOSIT,510967.693444558,0.0,255000.0,0.0,0.0,0.0,948.2698941098121,10,10,0.13185323861506318,0.10542096311961849,118.33801740592706,EXACT_B3_CLOSE
V10,2019-09-02,AFTER_DEPOSIT,513467.693444558,0.0,257500.0,0.0,0.0,0.0,948.2698941098121,10,10,0.13121126424988677,0.10504465664417072,118.33801740592706,EXACT_B3_CLOSE
V10,2019-09-30,MONTH_END,514201.5907738726,0.0,257500.0,0.0,0.0,0.0,948.2698941098121,10,10,0.13536847192037235,0.10457443838415126,118.65008706465692,EXACT_B3_CLOSE
V10,2019-10-01,BEFORE_DEPOSIT,511088.75681087613,0.0,257500.0,0.0,0.0,0.0,948.2698941098121,10,10,0.13371839283530593,0.10470975084172439,117.32644001797495,EXACT_B3_CLOSE
V10,2019-10-01,AFTER_DEPOSIT,513588.75681087613,0.0,260000.0,0.0,0.0,0.0,948.2698941098121,10,10,0.1330674907708525,0.10437294098638349,117.32644001797495,EXACT_B3_CLOSE
V10,2019-10-31,MONTH_END,526117.887882353,0.0,260000.0,0.0,0.0,0.0,948.2698941098121,10,10,0.13041684623432037,0.10431752244765297,122.62817494922729,EXACT_B3_CLOSE
V10,2019-11-01,BEFORE_DEPOSIT,528557.2557588613,0.0,260000.0,0.0,0.0,0.0,948.2698941098121,10,10,0.13117190443734209,0.10432506861843567,123.66039991417325,EXACT_B3_CLOSE
V10,2019-11-01,AFTER_DEPOSIT,531057.2557588613,0.0,262500.0,0.0,0.0,0.0,948.2698941098121,10,10,0.1305544008489112,0.1039827634489103,123.66039991417325,EXACT_B3_CLOSE
V10,2019-11-29,MONTH_END,541559.374841497,0.0,262500.0,0.0,0.0,0.0,948.2698941098121,10,10,0.13243721562327262,0.10385463875483236,128.08347883550738,EXACT_B3_CLOSE
V10,2019-12-02,BEFORE_DEPOSIT,542935.1915338249,0.0,262500.0,0.0,0.0,0.0,948.2698941098121,10,10,0.1308686666968557,0.10376760606825558,128.6629186384245,EXACT_B3_CLOSE
V10,2019-12-02,AFTER_DEPOSIT,545435.1915338249,0.0,265000.0,0.0,0.0,0.0,948.2698941098121,10,10,0.13026883069100118,0.1034681289652553,128.6629186384245,EXACT_B3_CLOSE
V10,2019-12-30,MONTH_END,591560.1298292447,0.0,265000.0,0.0,0.0,0.0,948.2698941098121,10,10,0.12677992430610535,0.10327553519389279,147.99988694622363,EXACT_B3_CLOSE
V10,2020-01-02,BEFORE_DEPOSIT,598499.0706275252,0.0,265000.0,0.0,0.0,0.0,948.2698941098121,10,10,0.1281062577114909,0.1032883838253539,150.90890066558438,EXACT_B3_CLOSE
V10,2020-01-02,AFTER_DEPOSIT,600999.0706275252,0.0,267500.0,0.0,0.0,0.0,948.2698941098121,10,10,0.1275733689601916,0.10302609089766024,150.90890066558438,EXACT_B3_CLOSE
V10,2020-01-31,MONTH_END,595474.092174492,0.0,267500.0,0.0,0.0,0.0,948.2698941098121,10,10,0.1327518313694716,0.10449224574066661,148.60229764803864,EXACT_B3_CLOSE
V10,2020-02-03,BEFORE_DEPOSIT,600387.2803671136,0.0,267500.0,0.0,0.0,0.0,948.2698941098121,10,10,0.13025185777140214,0.10443059814059977,150.65348659062164,EXACT_B3_CLOSE
V10,2020-02-03,AFTER_DEPOSIT,602887.2803671136,0.0,270000.0,0.0,0.0,0.0,948.2698941098121,10,10,0.12971174081250691,0.10414918073783724,150.65348659062164,EXACT_B3_CLOSE
V10,2020-02-28,MONTH_END,566101.2179900113,0.0,270000.0,0.0,0.0,0.0,948.2698941098121,10,10,0.12876510908640987,0.10388501466644028,135.3594920197855,EXACT_B3_CLOSE
V10,2020-03-02,BEFORE_DEPOSIT,578880.7093642424,0.0,270000.0,0.0,0.0,0.0,948.2698941098121,10,10,0.12718210129261395,0.10410114717791376,140.6726312650773,EXACT_B3_CLOSE
V10,2020-03-02,AFTER_DEPOSIT,581380.7093642424,0.0,272500.0,0.0,0.0,0.0,948.2698941098121,10,10,0.12663520448625237,0.10382505324117906,140.6726312650773,EXACT_B3_CLOSE
V10,2020-03-31,MONTH_END,422116.0711588622,0.0,272500.0,0.0,0.0,0.0,948.2698941098121,10,10,0.1272075035483372,0.10351769560898637,74.74227112931509,EXACT_B3_CLOSE
V10,2020-04-01,BEFORE_DEPOSIT,411496.7040885608,0.0,272500.0,0.0,0.0,0.0,948.2698941098121,10,10,0.12757058253374748,0.10413668895662143,70.3461998906013,EXACT_B3_CLOSE
V10,2020-04-01,AFTER_DEPOSIT,413996.7040885608,0.0,275000.0,0.0,0.0,0.0,948.2698941098121,10,10,0.12680022264154373,0.10377019870100634,70.3461998906013,EXACT_B3_CLOSE
V10,2020-04-30,MONTH_END,433412.54053168383,0.0,275000.0,0.0,0.0,0.0,948.2698941098121,10,10,0.12777822728732427,0.10310970111021917,78.3351860905396,EXACT_B3_CLOSE
V10,2020-05-04,BEFORE_DEPOSIT,429219.6553053273,0.0,275000.0,0.0,0.0,0.0,948.2698941098121,10,10,0.12216060826053057,0.10347088168845078,76.60994997674078,EXACT_B3_CLOSE
V10,2020-05-04,AFTER_DEPOSIT,431719.6553053273,0.0,277500.0,0.0,0.0,0.0,948.2698941098121,10,10,0.12145320122705804,0.10313049302870843,76.60994997674078,EXACT_B3_CLOSE
V10,2020-05-29,MONTH_END,473109.39813820086,0.0,277500.0,0.0,0.0,0.0,948.2698941098121,10,10,0.13522466923477175,0.10484941894281136,93.54186475392223,EXACT_B3_CLOSE
V10,2020-06-01,BEFORE_DEPOSIT,476062.1083099159,0.0,277500.0,0.0,0.0,0.0,948.2698941098121,10,10,0.1339653820958677,0.10433097332349257,94.74977361170538,EXACT_B3_CLOSE
V10,2020-06-01,AFTER_DEPOSIT,478562.1083099159,0.0,280000.0,0.0,0.0,0.0,948.2698941098121,10,10,0.13326554930630052,0.10400513262997882,94.74977361170538,EXACT_B3_CLOSE
V10,2020-06-30,MONTH_END,506113.917584198,0.0,280000.0,0.0,0.0,0.0,948.2698941098121,10,10,0.13427194341616688,0.10425700988303246,105.96192042731683,EXACT_B3_CLOSE
V10,2020-06-30,AFTER_JUNE_REVIEW,506113.917584198,0.0,280000.0,0.0,0.0,0.0,948.2698941098121,10,10,0.13427194341616688,0.10425700988303246,105.96192042731683,EXACT_B3_CLOSE
V10,2020-07-01,BEFORE_DEPOSIT,515134.7711689129,0.0,280000.0,0.0,0.0,0.0,948.2698941098121,10,10,0.13466420488390637,0.10428009018965209,109.63293650423083,EXACT_B3_CLOSE
V10,2020-07-01,AFTER_DEPOSIT,517634.7711689129,0.0,282500.0,0.0,0.0,0.0,948.2698941098121,10,10,0.1340138225468591,0.10400023630889431,109.63293650423083,EXACT_B3_CLOSE
V10,2020-07-31,MONTH_END,542587.3363234148,0.0,282500.0,0.0,0.0,0.0,948.2698941098121,10,10,0.13208353116263732,0.10399442897488305,119.7382845179261,EXACT_B3_CLOSE
V10,2020-08-03,BEFORE_DEPOSIT,539226.3393061261,0.0,282500.0,0.0,0.0,0.0,948.2698941098121,10,10,0.13135604619071672,0.10386108228747717,118.37714010962999,EXACT_B3_CLOSE
V10,2020-08-03,AFTER_DEPOSIT,541726.3393061261,0.0,285000.0,0.0,0.0,0.0,948.2698941098121,10,10,0.13074985429704322,0.10360083170384125,118.37714010962999,EXACT_B3_CLOSE
V10,2020-08-31,MONTH_END,494185.07547543023,0.0,285000.0,0.0,0.0,0.0,948.2698941098121,10,10,0.13234389085617068,0.1032875498331274,99.21262016798838,EXACT_B3_CLOSE
V10,2020-09-01,BEFORE_DEPOSIT,506533.5914956228,0.0,285000.0,0.0,0.0,0.0,948.2698941098121,10,10,0.1309983756952872,0.1032989144494193,104.19047230001061,EXACT_B3_CLOSE
V10,2020-09-01,AFTER_DEPOSIT,509033.5914956228,0.0,287500.0,0.0,0.0,0.0,948.2698941098121,10,10,0.1303550076647492,0.10305783616851294,104.19047230001061,EXACT_B3_CLOSE
V10,2020-09-30,MONTH_END,467226.30171193724,0.0,287500.0,0.0,0.0,0.0,948.2698941098121,10,10,0.12777220813343337,0.10305625431435796,87.42016403522182,EXACT_B3_CLOSE
V10,2020-10-01,BEFORE_DEPOSIT,471455.5632021518,0.0,287500.0,0.0,0.0,0.0,948.2698941098121,10,10,0.12935535691024877,0.10317584408173328,89.11666288243903,EXACT_B3_CLOSE
V10,2020-10-01,AFTER_DEPOSIT,473955.5632021518,0.0,290000.0,0.0,0.0,0.0,948.2698941098121,10,10,0.12867303895180823,0.10291993001138075,89.11666288243903,EXACT_B3_CLOSE
V10,2020-10-30,MONTH_END,458245.0254475727,0.0,290000.0,0.0,0.0,0.0,948.2698941098121,10,10,0.12803542746395377,0.10239953905825776,82.84788010423728,EXACT_B3_CLOSE
V10,2020-11-03,BEFORE_DEPOSIT,464136.24729277537,0.0,290000.0,0.0,0.0,0.0,948.2698941098121,10,10,0.1298642538432495,0.10231545890710295,85.19858194670023,EXACT_B3_CLOSE
V10,2020-11-03,AFTER_DEPOSIT,466636.24729277537,0.0,292500.0,0.0,0.0,0.0,948.2698941098121,10,10,0.12916850713156205,0.10212993139881467,85.19858194670023,EXACT_B3_CLOSE
V10,2020-11-30,MONTH_END,513781.2149558472,0.0,292500.0,0.0,0.0,0.0,948.2698941098121,10,10,0.12147587151438721,0.10149025949832706,103.9094755126813,EXACT_B3_CLOSE
V10,2020-12-01,BEFORE_DEPOSIT,528180.9782302635,0.0,292500.0,0.0,0.0,0.0,948.2698941098121,10,10,0.12115794714907631,0.10153252229156089,109.62445319446621,EXACT_B3_CLOSE
V10,2020-12-01,AFTER_DEPOSIT,530680.9782302635,0.0,295000.0,0.0,0.0,0.0,948.2698941098121,10,10,0.12058718075589825,0.10137615170492437,109.62445319446621,EXACT_B3_CLOSE
V10,2020-12-30,MONTH_END,553655.5656576279,0.0,295000.0,0.0,0.0,0.0,948.2698941098121,10,10,0.12995308664334942,0.10189909448723974,118.69965190026952,EXACT_B3_CLOSE
V10,2021-01-04,BEFORE_DEPOSIT,543834.9403846911,0.0,295000.0,0.0,0.0,0.0,948.2698941098121,10,10,0.13107795891843826,0.10193963951439096,114.82040375059515,EXACT_B3_CLOSE
V10,2021-01-04,AFTER_DEPOSIT,546334.9403846911,0.0,297500.0,0.0,0.0,0.0,948.2698941098121,10,10,0.1304781530611278,0.10179666052956783,114.82040375059515,EXACT_B3_CLOSE
V10,2021-01-29,MONTH_END,519749.1962678912,0.0,297500.0,0.0,0.0,0.0,948.2698941098121,10,10,0.1328844331572236,0.10241727154646392,104.3668159182673,EXACT_B3_CLOSE
V10,2021-02-01,BEFORE_DEPOSIT,528792.7121652417,0.0,297500.0,0.0,0.0,0.0,948.2698941098121,10,10,0.13480664981608176,0.10256576335327842,107.92275128463035,EXACT_B3_CLOSE
V10,2021-02-01,AFTER_DEPOSIT,531292.7121652417,0.0,300000.0,0.0,0.0,0.0,948.2698941098121,10,10,0.1341723165816455,0.10240568748444248,107.92275128463035,EXACT_B3_CLOSE
V10,2021-02-26,MONTH_END,482818.3496644687,0.0,300000.0,0.0,0.0,0.0,948.2698941098121,10,10,0.12488054340804164,0.10188244062419093,88.95218649586567,EXACT_B3_CLOSE
V10,2021-03-01,BEFORE_DEPOSIT,471682.54672289605,0.0,300000.0,0.0,0.0,0.0,948.2698941098121,10,10,0.12323295655783792,0.10185930375343755,84.5941617528966,EXACT_B3_CLOSE
V10,2021-03-01,AFTER_DEPOSIT,474182.54672289605,0.0,302500.0,0.0,0.0,0.0,948.2698941098121,10,10,0.12258324392390871,0.10169930037678811,84.5941617528966,EXACT_B3_CLOSE
V10,2021-03-31,MONTH_END,516057.2766863542,0.0,302500.0,0.0,0.0,0.0,948.2698941098121,10,10,0.12728987996336008,0.10204044823722004,100.89554342469111,EXACT_B3_CLOSE
V10,2021-04-01,BEFORE_DEPOSIT,508737.3962205386,0.0,302500.0,0.0,0.0,0.0,948.2698941098121,10,10,0.12654488685012985,0.10193501881283869,98.04599274414223,EXACT_B3_CLOSE
V10,2021-04-01,AFTER_DEPOSIT,511237.3962205386,0.0,305000.0,0.0,0.0,0.0,948.2698941098121,10,10,0.1259260701918335,0.1017703547986038,98.04599274414223,EXACT_B3_CLOSE
V10,2021-04-30,MONTH_END,520365.4538927033,0.0,305000.0,0.0,0.0,0.0,948.2698941098121,10,10,0.13408339590832305,0.10307537438601021,101.5820706149594,EXACT_B3_CLOSE
V10,2021-05-03,BEFORE_DEPOSIT,522216.4351034011,0.0,305000.0,0.0,0.0,0.0,948.2698941098121,10,10,0.13614535423310895,0.10338594033949215,102.29911403575262,EXACT_B3_CLOSE
V10,2021-05-03,AFTER_DEPOSIT,524716.4351034011,0.0,307500.0,0.0,0.0,0.0,948.2698941098121,10,10,0.13549669266504563,0.10317735304125882,102.29911403575262,EXACT_B3_CLOSE
V10,2021-05-31,MONTH_END,543864.97257343,0.0,307500.0,0.0,0.0,0.0,948.2698941098121,10,10,0.14671572784873674,0.10467239076940867,109.68163896944164,EXACT_B3_CLOSE
V10,2021-06-01,BEFORE_DEPOSIT,553271.2387311978,0.0,307500.0,0.0,0.0,0.0,948.2698941098121,10,10,0.14538960122993558,0.10458026676866375,113.30812974197846,EXACT_B3_CLOSE
V10,2021-06-01,AFTER_DEPOSIT,555771.2387311978,0.0,310000.0,0.0,0.0,0.0,948.2698941098121,10,10,0.14473560192636487,0.10436472614891791,113.30812974197846,EXACT_B3_CLOSE
V10,2021-06-30,MONTH_END,529333.6130563989,0.0,310000.0,0.0,0.0,0.0,948.2698941098121,10,10,0.1346478179091774,0.10369972997386182,103.16122019627349,EXACT_B3_CLOSE
V10,2021-06-30,AFTER_JUNE_REVIEW,529333.6130563989,0.0,310000.0,0.0,0.0,0.0,948.2698941098121,10,10,0.1346478179091774,0.10369972997386182,103.16122019627349,EXACT_B3_CLOSE
V10,2021-07-01,BEFORE_DEPOSIT,526294.834221945,0.0,310000.0,0.0,0.0,0.0,948.2698941098121,10,10,0.1334215788406836,0.10373198290579384,101.99491977497664,EXACT_B3_CLOSE
V10,2021-07-01,AFTER_DEPOSIT,528794.834221945,0.0,312500.0,0.0,0.0,0.0,948.2698941098121,10,10,0.1327907974383038,0.10353436087700058,101.99491977497664,EXACT_B3_CLOSE
V10,2021-07-30,MONTH_END,518913.97453593824,0.0,312500.0,0.0,0.0,0.0,948.2698941098121,10,10,0.1352000810348818,0.10381238133636055,98.220519326229,EXACT_B3_CLOSE
V10,2021-08-02,BEFORE_DEPOSIT,522625.1073715508,0.0,312500.0,0.0,0.0,0.0,948.2698941098121,10,10,0.13546101389511775,0.10413283163086716,99.63813903597301,EXACT_B3_CLOSE
V10,2021-08-02,AFTER_DEPOSIT,525125.1073715508,0.0,315000.0,0.0,0.0,0.0,948.2698941098121,10,10,0.13481611512721675,0.10391006663389225,99.63813903597301,EXACT_B3_CLOSE
V10,2021-08-31,MONTH_END,542103.3572465271,0.0,315000.0,0.0,0.0,0.0,948.2698941098121,10,10,0.14643377006775288,0.10568319580027956,106.0928031941843,EXACT_B3_CLOSE
V10,2021-09-01,BEFORE_DEPOSIT,545225.7070037441,0.0,315000.0,0.0,0.0,0.0,948.2698941098121,10,10,0.15055253531681778,0.10593709498752218,107.27983479141696,EXACT_B3_CLOSE
V10,2021-09-01,AFTER_DEPOSIT,547725.7070037441,0.0,317500.0,0.0,0.0,0.0,948.2698941098121,10,10,0.14986536410414825,0.10568104796339821,107.27983479141696,EXACT_B3_CLOSE
V10,2021-09-30,MONTH_END,528843.9674010195,0.0,317500.0,0.0,0.0,0.0,948.2698941098121,10,10,0.15588276768192433,0.10507746360664677,100.1342803370949,EXACT_B3_CLOSE
V10,2021-10-01,BEFORE_DEPOSIT,533693.6636212802,0.0,317500.0,0.0,0.0,0.0,948.2698941098121,10,10,0.15611771132454474,0.10507391461858115,101.96958625476533,EXACT_B3_CLOSE
V10,2021-10-01,AFTER_DEPOSIT,536193.6636212802,0.0,320000.0,0.0,0.0,0.0,948.2698941098121,10,10,0.15538981335634527,0.1048625686001865,101.96958625476533,EXACT_B3_CLOSE
V10,2021-10-29,MONTH_END,517987.84202896524,0.0,320000.0,0.0,0.0,0.0,948.2698941098121,10,11,0.1461047341586448,0.10357200098880773,95.11194786046858,EXACT_B3_CLOSE
V10,2021-11-01,BEFORE_DEPOSIT,527170.4837570069,0.0,320000.0,0.0,0.0,0.0,948.2698941098121,10,11,0.14523166664040277,0.10347502281481391,98.57079953359886,EXACT_B3_CLOSE
V10,2021-11-01,AFTER_DEPOSIT,529670.4837570069,0.0,322500.0,0.0,0.0,0.0,948.2698941098121,10,11,0.14454618542569422,0.10330261357683075,98.57079953359886,EXACT_B3_CLOSE
V10,2021-11-30,MONTH_END,529910.800455885,0.0,322500.0,0.0,0.0,0.0,948.2698941098121,10,11,0.1457003468542483,0.1037796303406521,98.6608930549501,EXACT_B3_CLOSE
V10,2021-12-01,BEFORE_DEPOSIT,526182.1689883908,0.0,322500.0,0.0,0.0,0.0,948.2698941098121,10,11,0.1447227700085527,0.10362619785397767,97.2630478769165,EXACT_B3_CLOSE
V10,2021-12-01,AFTER_DEPOSIT,528682.1689883908,0.0,325000.0,0.0,0.0,0.0,948.2698941098121,10,11,0.14403841379938892,0.10343249398177802,97.2630478769165,EXACT_B3_CLOSE
V10,2021-12-30,MONTH_END,534553.5310977561,0.0,325000.0,0.0,0.0,0.0,948.2698941098121,10,11,0.15028491317129475,0.10378076502410206,99.45378335622839,EXACT_B3_CLOSE
V10,2022-01-03,BEFORE_DEPOSIT,528522.1721425753,0.0,325000.0,0.0,0.0,0.0,948.2698941098121,10,11,0.1493332605412462,0.10351960880113235,97.20334950366387,EXACT_B3_CLOSE
V10,2022-01-03,AFTER_DEPOSIT,531022.1721425753,0.0,327500.0,0.0,0.0,0.0,948.2698941098121,10,11,0.14863021428265633,0.10333719561572129,97.20334950366387,EXACT_B3_CLOSE
V10,2022-01-31,MONTH_END,561700.6393079329,0.0,327500.0,0.0,0.0,0.0,948.2698941098121,10,11,0.14323979924935004,0.10256748144191816,108.59627582581064,EXACT_B3_CLOSE
V10,2022-02-01,BEFORE_DEPOSIT,562409.4406596026,0.0,327500.0,0.0,0.0,0.0,948.2698941098121,10,11,0.14447570342724533,0.10270948128447627,108.85950024093817,EXACT_B3_CLOSE
V10,2022-02-01,AFTER_DEPOSIT,564909.4406596026,0.0,330000.0,0.0,0.0,0.0,948.2698941098121,10,11,0.1438363279228346,0.10257628824052918,108.85950024093817,EXACT_B3_CLOSE
V10,2022-02-25,MONTH_END,567969.3647521691,0.0,330000.0,0.0,0.0,0.0,948.2698941098121,10,11,0.1380984976954863,0.10202155578753046,109.99082177807237,EXACT_B3_CLOSE
V10,2022-03-02,BEFORE_DEPOSIT,568223.3502238896,0.0,330000.0,0.0,0.0,0.0,948.2698941098121,10,11,0.14202689557447912,0.10232869281509413,110.08472581803682,EXACT_B3_CLOSE
V10,2022-03-02,AFTER_DEPOSIT,570723.3502238896,0.0,332500.0,0.0,0.0,0.0,948.2698941098121,10,11,0.14140476010587266,0.10221414781045214,110.08472581803682,EXACT_B3_CLOSE
V10,2022-03-31,MONTH_END,619643.8735025378,0.0,332500.0,0.0,0.0,0.0,948.2698941098121,10,11,0.1519020070690893,0.10340440101138296,128.09249563477542,EXACT_B3_CLOSE
V10,2022-04-01,BEFORE_DEPOSIT,631955.2631044837,0.0,332500.0,0.0,0.0,0.0,948.2698941098121,10,11,0.14953028470412583,0.10333754380239091,132.62434965467702,EXACT_B3_CLOSE
V10,2022-04-01,AFTER_DEPOSIT,634455.2631044837,0.0,335000.0,0.0,0.0,0.0,948.2698941098121,10,11,0.14894107734231574,0.10321312841550372,132.62434965467702,EXACT_B3_CLOSE
V10,2022-04-29,MONTH_END,596229.2563628589,0.0,335000.0,0.0,0.0,0.0,948.2698941098121,10,11,0.15226261685688913,0.10372429545469644,118.60870430459447,EXACT_B3_CLOSE
V10,2022-05-02,BEFORE_DEPOSIT,593566.9680804684,0.0,335000.0,0.0,0.0,0.0,948.2698941098121,10,11,0.1521992548807534,0.10369797980278038,117.63257073569005,EXACT_B3_CLOSE
V10,2022-05-02,AFTER_DEPOSIT,596066.9680804684,0.0,337500.0,0.0,0.0,0.0,948.2698941098121,10,11,0.1515609069138677,0.10355443657501401,117.63257073569005,EXACT_B3_CLOSE
V10,2022-05-31,MONTH_END,628932.1490520904,0.0,337500.0,0.0,0.0,0.0,948.2698941098121,10,11,0.15537769617880595,0.10379035823765116,129.6321181113503,EXACT_B3_CLOSE
V10,2022-06-01,BEFORE_DEPOSIT,622200.5456498745,0.0,337500.0,0.0,0.0,0.0,948.2698941098121,10,11,0.15368837235132876,0.10349371546786629,127.17431348192218,EXACT_B3_CLOSE
V10,2022-06-01,AFTER_DEPOSIT,624700.5456498745,0.0,340000.0,0.0,0.0,0.0,948.2698941098121,10,11,0.1530733241757607,0.10337975912749711,127.17431348192218,EXACT_B3_CLOSE
V10,2022-06-30,MONTH_END,572477.9091014339,0.0,340000.0,0.0,0.0,0.0,948.2698941098121,10,11,0.15438246788950571,0.10388972113899075,108.183387847679,EXACT_B3_CLOSE
V10,2022-06-30,AFTER_JUNE_REVIEW,572477.9091014339,0.0,340000.0,0.0,0.0,0.0,948.2698941098121,10,11,0.15438246788950571,0.10388972113899075,108.183387847679,EXACT_B3_CLOSE
V10,2022-07-01,BEFORE_DEPOSIT,580011.8193060412,0.0,340000.0,0.0,0.0,0.0,948.2698941098121,10,11,0.15384514566397886,0.10382905769686716,110.92311793193184,EXACT_B3_CLOSE
V10,2022-07-01,AFTER_DEPOSIT,582511.8193060412,0.0,342500.0,0.0,0.0,0.0,948.2698941098121,10,11,0.15318487946608755,0.10367715293615247,110.92311793193184,EXACT_B3_CLOSE
V10,2022-07-29,MONTH_END,599695.9090747376,0.0,342500.0,0.0,0.0,0.0,948.2698941098121,10,11,0.15958592427530666,0.10475429863292603,117.145346688,EXACT_B3_CLOSE
V10,2022-08-01,BEFORE_DEPOSIT,598609.1460887326,0.0,342500.0,0.0,0.0,0.0,948.2698941098121,10,11,0.1587377443658303,0.10466712421803887,116.75183804171319,EXACT_B3_CLOSE
V10,2022-08-01,AFTER_DEPOSIT,601109.1460887326,0.0,345000.0,0.0,0.0,0.0,948.2698941098121,10,11,0.15807755750376581,0.10451677016778274,116.75183804171319,EXACT_B3_CLOSE
V10,2022-08-31,MONTH_END,619442.3824133048,0.0,345000.0,0.0,0.0,0.0,948.2698941098121,10,11,0.16631974558624935,0.10577666540787231,123.36255540720398,EXACT_B3_CLOSE
V10,2022-09-01,BEFORE_DEPOSIT,624094.9539785883,0.0,345000.0,0.0,0.0,0.0,948.2698941098121,10,11,0.1653527061422039,0.1057048605096021,125.04020986473066,EXACT_B3_CLOSE
V10,2022-09-01,AFTER_DEPOSIT,626594.9539785883,0.0,347500.0,0.0,0.0,0.0,948.2698941098121,10,11,0.16469297889299653,0.1055260466273842,125.04020986473066,EXACT_B3_CLOSE
V10,2022-09-30,MONTH_END,614090.2378218098,0.0,347500.0,0.0,0.0,0.0,948.2698941098121,10,11,0.15205189684058265,0.10376374417150928,120.54916835481694,EXACT_B3_CLOSE
V10,2022-10-03,BEFORE_DEPOSIT,656643.8239415676,0.0,347500.0,0.0,0.0,0.0,948.2698941098121,10,11,0.15739598945320754,0.10491206458541547,135.8321959152566,EXACT_B3_CLOSE
V10,2022-10-03,AFTER_DEPOSIT,659143.8239415676,0.0,350000.0,0.0,0.0,0.0,948.2698941098121,10,11,0.15679901811047386,0.10475985681246365,135.8321959152566,EXACT_B3_CLOSE
V10,2022-10-31,MONTH_END,667529.8114612174,0.0,350000.0,0.0,0.0,0.0,948.2698941098121,10,11,0.14780923298691212,0.10397815803257013,138.8325818399107,EXACT_B3_CLOSE
V10,2022-11-01,BEFORE_DEPOSIT,674424.6482241005,0.0,350000.0,0.0,0.0,0.0,948.2698941098121,10,11,0.15131627866606817,0.10431400125700581,141.29945543442398,EXACT_B3_CLOSE
V10,2022-11-01,AFTER_DEPOSIT,676924.6482241005,0.0,352500.0,0.0,0.0,0.0,948.2698941098121,10,11,0.15075744143409914,0.10416607941163182,141.29945543442398,EXACT_B3_CLOSE
V10,2022-11-30,MONTH_END,650163.6106197775,0.0,352500.0,0.0,0.0,0.0,948.2698941098121,10,11,0.15322548121384194,0.10571848097595675,131.76010150821637,EXACT_B3_CLOSE
V10,2022-12-01,BEFORE_DEPOSIT,649026.515258184,0.0,352500.0,0.0,0.0,0.0,948.2698941098121,10,11,0.15068611663314035,0.10554911905658541,131.35476763206145,EXACT_B3_CLOSE
V10,2022-12-01,AFTER_DEPOSIT,651526.515258184,0.0,355000.0,0.0,0.0,0.0,948.2698941098121,10,11,0.15010791254971395,0.10534952845596651,131.35476763206145,EXACT_B3_CLOSE
V10,2022-12-29,MONTH_END,643010.2223174811,0.0,355000.0,0.0,0.0,0.0,948.2698941098121,10,11,0.15602926305169681,0.10607360142246586,128.3306620458105,EXACT_B3_CLOSE
V10,2023-01-02,BEFORE_DEPOSIT,626573.2033960907,0.0,355000.0,0.0,0.0,0.0,948.2698941098121,10,11,0.15681647116799088,0.10602522781448237,122.49393460024348,EXACT_B3_CLOSE
V10,2023-01-02,AFTER_DEPOSIT,629073.2033960907,0.0,357500.0,0.0,0.0,0.0,948.2698941098121,10,11,0.15619326678445725,0.1058225336270217,122.49393460024348,EXACT_B3_CLOSE
V10,2023-01-31,MONTH_END,669251.3796958656,0.0,357500.0,0.0,0.0,0.0,948.2698941098121,10,11,0.15421765181986813,0.10653813634386215,136.7043642954511,EXACT_B3_CLOSE
V10,2023-02-01,BEFORE_DEPOSIT,659327.2982515364,0.0,357500.0,0.0,0.0,0.0,948.2698941098121,10,11,0.15599252584456264,0.10669449170868715,133.19436273136955,EXACT_B3_CLOSE
V10,2023-02-01,AFTER_DEPOSIT,661827.2982515364,0.0,360000.0,0.0,0.0,0.0,948.2698941098121,10,11,0.15540327648050395,0.10648254089509512,133.19436273136955,EXACT_B3_CLOSE
V10,2023-02-28,MONTH_END,647902.0906659027,0.0,360000.0,0.0,0.0,0.0,948.2698941098121,10,11,0.14567688451693703,0.10551306999054733,128.28782606022773,EXACT_B3_CLOSE
V10,2023-03-01,BEFORE_DEPOSIT,645608.5801634031,0.0,360000.0,0.0,0.0,0.0,948.2698941098121,10,11,0.1456364046076439,0.10545653874646939,127.4797093181999,EXACT_B3_CLOSE
V10,2023-03-01,AFTER_DEPOSIT,648108.5801634031,0.0,362500.0,0.0,0.0,0.0,948.2698941098121,10,11,0.14507462989479053,0.10524946380430025,127.4797093181999,EXACT_B3_CLOSE
V10,2023-03-31,MONTH_END,650983.8075675424,0.0,362500.0,0.0,0.0,0.0,948.2698941098121,10,11,0.15966303425294698,0.10595875169584468,128.48888573421408,EXACT_B3_CLOSE
V10,2023-04-03,BEFORE_DEPOSIT,644285.2573283134,0.0,362500.0,0.0,0.0,0.0,948.2698941098121,10,11,0.16329726299339398,0.10648772365563604,126.13776077165149,EXACT_B3_CLOSE
V10,2023-04-03,AFTER_DEPOSIT,646785.2573283134,0.0,365000.0,0.0,0.0,0.0,948.2698941098121,10,11,0.16266607489369947,0.10627754963767092,126.13776077165149,EXACT_B3_CLOSE
V10,2023-04-28,MONTH_END,688086.2525894161,0.0,365000.0,0.0,0.0,0.0,948.2698941098121,10,11,0.16381594128854757,0.10627773337339431,140.57797022318735,EXACT_B3_CLOSE
V10,2023-05-02,BEFORE_DEPOSIT,682792.6208771878,0.0,365000.0,0.0,0.0,0.0,948.2698941098121,10,11,0.1652196648795283,0.10656911899929412,138.72713950589804,EXACT_B3_CLOSE
V10,2023-05-02,AFTER_DEPOSIT,685292.6208771878,0.0,367500.0,0.0,0.0,0.0,948.2698941098121,10,11,0.16461693088004337,0.106379997830424,138.72713950589804,EXACT_B3_CLOSE
V10,2023-05-31,MONTH_END,697090.2577535947,0.0,367500.0,0.0,0.0,0.0,948.2698941098121,10,11,0.1531894770503825,0.1040121593886377,142.83694022260335,EXACT_B3_CLOSE
V10,2023-06-01,BEFORE_DEPOSIT,698775.2538295167,0.0,367500.0,0.0,0.0,0.0,948.2698941098121,10,11,0.1537343908341863,0.10392591289718242,143.42392201845087,EXACT_B3_CLOSE
V10,2023-06-01,AFTER_DEPOSIT,701275.2538295167,0.0,370000.0,0.0,0.0,0.0,948.2698941098121,10,11,0.15318633787639735,0.10379383586128998,143.42392201845087,EXACT_B3_CLOSE
V10,2023-06-30,MONTH_END,760599.0674302706,0.0,370000.0,0.0,0.0,0.0,948.2698941098121,10,11,0.15550192203496896,0.10426635718996982,164.01617206139574,EXACT_B3_CLOSE
V10,2023-06-30,AFTER_JUNE_REVIEW,760599.0674302706,0.0,370000.0,0.0,0.0,0.0,948.2698941098121,10,11,0.15550192203496896,0.10426635718996982,164.01617206139574,EXACT_B3_CLOSE
V10,2023-07-03,BEFORE_DEPOSIT,762735.2356512159,0.0,370000.0,0.0,0.0,0.0,948.2698941098121,10,11,0.15470467152413434,0.10422020033255697,164.75767041542161,EXACT_B3_CLOSE
V10,2023-07-03,AFTER_DEPOSIT,765235.2356512159,0.0,372500.0,0.0,0.0,0.0,948.2698941098121,10,11,0.15419925611617655,0.10409403239922776,164.75767041542161,EXACT_B3_CLOSE
V10,2023-07-31,MONTH_END,761370.2597109014,0.0,372500.0,0.0,0.0,0.0,948.2698941098121,10,11,0.15304927886769693,0.10405426567031452,163.42045804137496,EXACT_B3_CLOSE
V10,2023-08-01,BEFORE_DEPOSIT,757694.6517787474,0.0,372500.0,0.0,0.0,0.0,948.2698941098121,10,11,0.15330619690209188,0.10391830115094106,162.14876360267158,EXACT_B3_CLOSE
V10,2023-08-01,AFTER_DEPOSIT,760194.6517787474,0.0,375000.0,0.0,0.0,0.0,948.2698941098121,10,11,0.15280202932953865,0.10380013036635119,162.14876360267158,EXACT_B3_CLOSE
V10,2023-08-31,MONTH_END,749872.4328858233,0.0,375000.0,0.0,0.0,0.0,948.2698941098121,10,11,0.1512259320158875,0.10393429667972191,158.5892056472392,EXACT_B3_CLOSE
V10,2023-09-01,BEFORE_DEPOSIT,757419.1264607246,0.0,375000.0,0.0,0.0,0.0,948.2698941098121,10,11,0.15129771041140247,0.10399086568358643,161.19163962295784,EXACT_B3_CLOSE
V10,2023-09-01,AFTER_DEPOSIT,759919.1264607246,0.0,377500.0,0.0,0.0,0.0,948.2698941098121,10,11,0.1507999676084411,0.10384560436159147,161.19163962295784,EXACT_B3_CLOSE
V10,2023-09-29,MONTH_END,764440.4157273571,0.0,377500.0,0.0,0.0,0.0,948.2698941098121,10,11,0.1504427090177674,0.1040582843015728,162.74565098501097,EXACT_B3_CLOSE
V10,2023-10-02,BEFORE_DEPOSIT,763237.1241659212,0.0,377500.0,0.0,0.0,0.0,948.2698941098121,10,11,0.15019421896161633,0.10409074298953153,162.33206790105874,EXACT_B3_CLOSE
V10,2023-10-02,AFTER_DEPOSIT,765737.1241659212,0.0,380000.0,0.0,0.0,0.0,948.2698941098121,10,11,0.14970386067082164,0.10394044526421667,162.33206790105874,EXACT_B3_CLOSE
V10,2023-10-31,MONTH_END,747617.0956981775,0.0,380000.0,0.0,0.0,0.0,948.2698941098121,10,11,0.14552307958558774,0.10332351397938959,156.12437026128845,EXACT_B3_CLOSE
V10,2023-11-01,BEFORE_DEPOSIT,767961.966860564,0.0,380000.0,0.0,0.0,0.0,948.2698941098121,10,11,0.1477014331276665,0.10357993950388751,163.0942714908036,EXACT_B3_CLOSE
V10,2023-11-01,AFTER_DEPOSIT,770461.966860564,0.0,382500.0,0.0,0.0,0.0,948.2698941098121,10,11,0.14722217055702494,0.10343669116578073,163.0942714908036,EXACT_B3_CLOSE
V10,2023-11-30,MONTH_END,831351.5402090306,0.0,382500.0,0.0,0.0,0.0,948.2698941098121,10,11,0.12339737433237682,0.10149380189586882,183.88659951028635,EXACT_B3_CLOSE
V10,2023-12-01,BEFORE_DEPOSIT,833841.2696140724,0.0,382500.0,0.0,0.0,0.0,948.2698941098121,10,11,0.12225096692504761,0.10152093352114541,184.73678235149498,EXACT_B3_CLOSE
V10,2023-12-01,AFTER_DEPOSIT,836341.2696140724,0.0,385000.0,0.0,0.0,0.0,948.2698941098121,10,11,0.12188553306638648,0.10142452193833229,184.73678235149498,EXACT_B3_CLOSE
V10,2023-12-28,MONTH_END,894057.5248560131,0.0,385000.0,0.0,0.0,0.0,948.2698941098121,10,11,0.12224027360400254,0.10157518040707705,204.3865848950801,EXACT_B3_CLOSE
V10,2024-01-02,BEFORE_DEPOSIT,882891.1808012505,0.0,385000.0,0.0,0.0,0.0,948.2698941098121,10,11,0.12227671531901688,0.10156191704337672,200.5849443539527,EXACT_B3_CLOSE
V10,2024-01-02,AFTER_DEPOSIT,885391.1808012505,0.0,387500.0,0.0,0.0,0.0,948.2698941098121,10,11,0.12193145347891034,0.10147506240408331,200.5849443539527,EXACT_B3_CLOSE
V10,2024-01-31,MONTH_END,869932.35267468,0.0,387500.0,0.0,0.0,0.0,948.2698941098121,10,11,0.12734143361161934,0.1026387212470087,195.3367658166451,EXACT_B3_CLOSE
V10,2024-02-01,BEFORE_DEPOSIT,875455.7987343391,0.0,387500.0,0.0,0.0,0.0,948.2698941098121,10,11,0.12744748685285434,0.10273969403768278,197.21194230641115,EXACT_B3_CLOSE
V10,2024-02-01,AFTER_DEPOSIT,877955.7987343391,0.0,390000.0,0.0,0.0,0.0,948.2698941098121,10,11,0.12708457710547133,0.10262099711487134,197.21194230641115,EXACT_B3_CLOSE
V10,2024-02-29,MONTH_END,887679.1477883207,0.0,390000.0,0.0,0.0,0.0,948.2698941098121,10,11,0.1283736886606798,0.10288397704283044,200.50356070248884,EXACT_B3_CLOSE
V10,2024-03-01,BEFORE_DEPOSIT,887567.5045241434,0.0,390000.0,0.0,0.0,0.0,948.2698941098121,10,11,0.1295696927030993,0.10307059547124098,200.4657664178114,EXACT_B3_CLOSE
V10,2024-03-01,AFTER_DEPOSIT,890067.5045241434,0.0,392500.0,0.0,0.0,0.0,948.2698941098121,10,11,0.1292057604955855,0.10292064183971722,200.4657664178114,EXACT_B3_CLOSE
V10,2024-03-28,MONTH_END,904720.2983083741,0.0,392500.0,0.0,0.0,0.0,948.2698941098121,10,11,0.13308477909583008,0.10369130069062604,205.412203505069,EXACT_B3_CLOSE
V10,2024-04-01,BEFORE_DEPOSIT,899710.6467912309,0.0,392500.0,0.0,0.0,0.0,948.2698941098121,10,11,0.1352109441062311,0.10384232106716255,203.72106347924665,EXACT_B3_CLOSE
V10,2024-04-01,AFTER_DEPOSIT,902210.6467912309,0.0,395000.0,0.0,0.0,0.0,948.2698941098121,10,11,0.13483627843201434,0.10370164002138926,203.72106347924665,EXACT_B3_CLOSE
V10,2024-04-30,MONTH_END,890302.6129845702,0.0,395000.0,0.0,0.0,0.0,948.2698941098121,10,11,0.13806250738340747,0.10382733761061978,199.7123314779464,EXACT_B3_CLOSE
V10,2024-05-02,BEFORE_DEPOSIT,908048.616747833,0.0,395000.0,0.0,0.0,0.0,948.2698941098121,10,11,0.14395451381580962,0.10421356978924855,205.68636332367353,EXACT_B3_CLOSE
V10,2024-05-02,AFTER_DEPOSIT,910548.616747833,0.0,397500.0,0.0,0.0,0.0,948.2698941098121,10,11,0.14355927266347565,0.10408053310059981,205.68636332367353,EXACT_B3_CLOSE
V10,2024-05-31,MONTH_END,877978.7682758012,0.0,397500.0,0.0,0.0,0.0,948.2698941098121,10,11,0.1425797693320692,0.10404960694027464,194.75212175733247,EXACT_B3_CLOSE
V10,2024-06-03,BEFORE_DEPOSIT,882675.1492454521,0.0,397500.0,0.0,0.0,0.0,948.2698941098121,10,11,0.14495690040839176,0.10414422833199795,196.32877520887754,EXACT_B3_CLOSE
V10,2024-06-03,AFTER_DEPOSIT,885175.1492454521,0.0,400000.0,0.0,0.0,0.0,948.2698941098121,10,11,0.144547498663065,0.1039976843463629,196.32877520887754,EXACT_B3_CLOSE
V10,2024-06-28,MONTH_END,896250.8616234866,0.0,400000.0,0.0,0.0,0.0,948.2698941098121,10,11,0.13982187257340553,0.10359621979575,200.0365750565647,EXACT_B3_CLOSE
V10,2024-06-28,AFTER_JUNE_REVIEW,896250.8616234866,0.0,400000.0,0.0,0.0,0.0,948.2698941098121,10,11,0.13982187257340553,0.10359621979575,200.0365750565647,EXACT_B3_CLOSE
V10,2024-07-01,BEFORE_DEPOSIT,903295.6583448711,0.0,400000.0,0.0,0.0,0.0,948.2698941098121,10,11,0.14307990979873356,0.1040934154791739,202.39495123310212,EXACT_B3_CLOSE
V10,2024-07-01,AFTER_DEPOSIT,905795.6583448711,0.0,402500.0,0.0,0.0,0.0,948.2698941098121,10,11,0.14268500861853753,0.1039513153311592,202.39495123310212,EXACT_B3_CLOSE
V10,2024-07-31,MONTH_END,955453.2940471548,0.0,402500.0,0.0,0.0,0.0,948.2698941098121,10,11,0.1440219782356857,0.10474846647905983,218.97288267735502,EXACT_B3_CLOSE
V10,2024-08-01,BEFORE_DEPOSIT,963110.2357423065,0.0,402500.0,0.0,0.0,0.0,948.2698941098121,10,11,0.14274540872126767,0.1046387553890505,221.52911099349745,EXACT_B3_CLOSE
V10,2024-08-01,AFTER_DEPOSIT,965610.2357423065,0.0,405000.0,0.0,0.0,0.0,948.2698941098121,10,11,0.14237583566933246,0.10450053733900977,221.52911099349745,EXACT_B3_CLOSE
V10,2024-08-30,MONTH_END,1042751.7719003531,0.0,405000.0,0.0,0.0,0.0,948.2698941098121,10,11,0.14742082190927494,0.10446156545706894,247.2157168552323,EXACT_B3_CLOSE
V10,2024-09-02,BEFORE_DEPOSIT,1042757.7184939748,0.0,405000.0,0.0,0.0,0.0,948.2698941098121,10,11,0.14818053140816403,0.10457235669957166,247.21769695329857,EXACT_B3_CLOSE
V10,2024-09-02,AFTER_DEPOSIT,1045257.7184939748,0.0,407500.0,0.0,0.0,0.0,948.2698941098121,10,11,0.14782611993435624,0.10447125302533941,247.21769695329857,EXACT_B3_CLOSE
V10,2024-09-30,MONTH_END,1045077.8580672335,0.0,407500.0,0.0,0.0,0.0,948.2698941098121,10,11,0.14523489769239048,0.1041836912964568,247.1579502305132,EXACT_B3_CLOSE
V10,2024-10-01,BEFORE_DEPOSIT,1042465.1824254151,0.0,407500.0,0.0,0.0,0.0,948.2698941098121,10,11,0.1458543289286723,0.10416527496660317,246.29006166754218,EXACT_B3_CLOSE
V10,2024-10-01,AFTER_DEPOSIT,1044965.1824254151,0.0,410000.0,0.0,0.0,0.0,948.2698941098121,10,11,0.14550538350115547,0.10406105991969754,246.29006166754218,EXACT_B3_CLOSE
V10,2024-10-31,MONTH_END,1022232.9691774915,0.0,410000.0,0.0,0.0,0.0,948.2698941098121,10,11,0.14808987250039574,0.10508548946943293,238.75685418861733,EXACT_B3_CLOSE
V10,2024-11-01,BEFORE_DEPOSIT,1010464.7355156656,0.0,410000.0,0.0,0.0,0.0,948.2698941098121,10,11,0.14968281707071704,0.10515622584997923,234.85698993571185,EXACT_B3_CLOSE
V10,2024-11-01,AFTER_DEPOSIT,1012964.7355156656,0.0,412500.0,0.0,0.0,0.0,948.2698941098121,10,11,0.14931339943004637,0.10504574913978289,234.85698993571185,EXACT_B3_CLOSE
V10,2024-11-29,MONTH_END,1006873.395266831,0.0,412500.0,0.0,0.0,0.0,948.2698941098121,10,11,0.1573572923581732,0.10721740261244032,232.8433681492035,EXACT_B3_CLOSE
V10,2024-12-02,BEFORE_DEPOSIT,1000560.5447737661,0.0,412500.0,0.0,0.0,0.0,948.2698941098121,10,11,0.15502342594060092,0.10707906643843598,230.75652145068958,EXACT_B3_CLOSE
V10,2024-12-02,AFTER_DEPOSIT,1003060.5447737661,0.0,415000.0,0.0,0.0,0.0,948.2698941098121,10,11,0.15463704989693058,0.1069275936638675,230.75652145068958,EXACT_B3_CLOSE
V10,2024-12-30,MONTH_END,965596.5325366327,0.0,415000.0,0.0,0.0,0.0,948.2698941098121,10,11,0.1545482430664085,0.10710713193905136,218.4028640052807,EXACT_B3_CLOSE
V10,2025-01-02,BEFORE_DEPOSIT,964194.0493467024,0.0,415000.0,0.0,0.0,0.0,948.2698941098121,10,11,0.15435511456471523,0.10704307797358203,217.94039893902783,EXACT_B3_CLOSE
V10,2025-01-02,AFTER_DEPOSIT,966694.0493467024,0.0,417500.0,0.0,0.0,0.0,948.2698941098121,10,11,0.1539559316105297,0.10688183726407599,217.94039893902783,EXACT_B3_CLOSE
V10,2025-01-31,MONTH_END,1018212.7314464567,0.0,417500.0,0.0,0.0,0.0,948.2698941098121,10,11,0.1445831698453529,0.1061933821692485,234.88461241657893,EXACT_B3_CLOSE
V10,2025-02-03,BEFORE_DEPOSIT,1027840.6001395469,0.0,417500.0,0.0,0.0,0.0,948.2698941098121,10,11,0.14623456208503044,0.1066477242040467,238.05116590398515,EXACT_B3_CLOSE
V10,2025-02-03,AFTER_DEPOSIT,1030340.6001395469,0.0,420000.0,0.0,0.0,0.0,948.2698941098121,10,11,0.1458797411596364,0.10650192082032688,238.05116590398515,EXACT_B3_CLOSE
V10,2025-02-28,MONTH_END,1020757.1606748389,0.0,420000.0,0.0,0.0,0.0,948.2698941098121,10,11,0.1464598011007174,0.10634549980012827,234.90687276055664,EXACT_B3_CLOSE
V10,2025-03-05,BEFORE_DEPOSIT,1030409.9427812478,0.0,420000.0,0.0,0.0,0.0,948.2698941098121,10,11,0.14547885182957668,0.10611000080780081,238.07391698345407,EXACT_B3_CLOSE
V10,2025-03-05,AFTER_DEPOSIT,1032909.9427812478,0.0,422500.0,0.0,0.0,0.0,948.2698941098121,10,11,0.14512674259477287,0.10596219602609203,238.07391698345407,EXACT_B3_CLOSE
V10,2025-03-31,MONTH_END,1071426.9480976602,0.0,422500.0,0.0,0.0,0.0,948.2698941098121,10,11,0.13607277661893175,0.10502295166344586,250.68062577621646,EXACT_B3_CLOSE
V10,2025-04-01,BEFORE_DEPOSIT,1083674.9025568806,0.0,422500.0,0.0,0.0,0.0,948.2698941098121,10,11,0.13499648855017865,0.10478637786763012,254.68941082858433,EXACT_B3_CLOSE
V10,2025-04-01,AFTER_DEPOSIT,1086174.9025568806,0.0,425000.0,0.0,0.0,0.0,948.2698941098121,10,11,0.1346857731943175,0.10466092499868611,254.68941082858433,EXACT_B3_CLOSE
V10,2025-04-30,MONTH_END,1188156.5699008193,0.0,425000.0,0.0,0.0,0.0,948.2698941098121,10,11,0.1414955835229601,0.10497698823897769,287.9914300709633,EXACT_B3_CLOSE
V10,2025-05-02,BEFORE_DEPOSIT,1173804.9975088043,0.0,425000.0,0.0,0.0,0.0,948.2698941098121,10,11,0.14336391837596868,0.10512556712951467,283.30493736688334,EXACT_B3_CLOSE
V10,2025-05-02,AFTER_DEPOSIT,1176304.9975088043,0.0,427500.0,0.0,0.0,0.0,948.2698941098121,10,11,0.1430592271634864,0.10500606564632085,283.30493736688334,EXACT_B3_CLOSE
V10,2025-05-30,MONTH_END,1247251.4300980943,0.0,427500.0,0.0,0.0,0.0,948.2698941098121,10,11,0.13892201052804892,0.10516472853398426,306.42319152514483,EXACT_B3_CLOSE
V10,2025-06-02,BEFORE_DEPOSIT,1240072.7341278,0.0,427500.0,0.0,0.0,0.0,948.2698941098121,10,11,0.13780043651613694,0.10508807782836216,304.08397710788313,EXACT_B3_CLOSE
V10,2025-06-02,AFTER_DEPOSIT,1242572.7341278,0.0,430000.0,0.0,0.0,0.0,948.2698941098121,10,11,0.1375231882860507,0.10499075700532777,304.08397710788313,EXACT_B3_CLOSE
V10,2025-06-30,MONTH_END,1315130.77004202,0.0,430000.0,0.0,0.0,0.0,948.2698941098121,10,11,0.1381524248542298,0.10468196551755272,327.6798109114752,EXACT_B3_CLOSE
V10,2025-06-30,AFTER_JUNE_REVIEW,1315130.77004202,0.0,430000.0,0.0,0.0,0.0,948.2698941098121,10,11,0.1381524248542298,0.10468196551755272,327.6798109114752,EXACT_B3_CLOSE
V10,2025-07-01,BEFORE_DEPOSIT,1326528.7923008369,0.0,430000.0,0.0,0.0,0.0,948.2698941098121,10,11,0.1358984281431798,0.10453466989891022,331.38644154886794,EXACT_B3_CLOSE
V10,2025-07-01,AFTER_DEPOSIT,1329028.7923008369,0.0,432500.0,0.0,0.0,0.0,948.2698941098121,10,11,0.13564279329739906,0.10444403352311633,331.38644154886794,EXACT_B3_CLOSE
V10,2025-07-31,MONTH_END,1236509.9990197108,0.0,432500.0,0.0,0.0,0.0,948.2698941098121,10,11,0.1381256743908737,0.10449388838694242,301.35597626387954,EXACT_B3_CLOSE
V10,2025-08-01,BEFORE_DEPOSIT,1237919.4106657375,0.0,432500.0,0.0,0.0,0.0,948.2698941098121,10,11,0.1389787818363761,0.10460065780815651,301.8134539936166,EXACT_B3_CLOSE
V10,2025-08-01,AFTER_DEPOSIT,1240419.4106657375,0.0,435000.0,0.0,0.0,0.0,948.2698941098121,10,11,0.1386986774203992,0.10449699481896146,301.8134539936166,EXACT_B3_CLOSE
V10,2025-08-29,MONTH_END,1318853.3030440803,0.0,435000.0,0.0,0.0,0.0,948.2698941098121,10,11,0.13709925935429104,0.10457272382566998,327.2208226108094,EXACT_B3_CLOSE
V10,2025-09-01,BEFORE_DEPOSIT,1311712.904848349,0.0,435000.0,0.0,0.0,0.0,948.2698941098121,10,11,0.1368552500791691,0.10468118769866058,324.90780812776717,EXACT_B3_CLOSE
V10,2025-09-01,AFTER_DEPOSIT,1314212.904848349,0.0,437500.0,0.0,0.0,0.0,948.2698941098121,10,11,0.13659491317033515,0.10457738769812744,324.90780812776717,EXACT_B3_CLOSE
V10,2025-09-30,MONTH_END,1362947.9061549492,0.0,437500.0,0.0,0.0,0.0,948.2698941098121,10,11,0.14314777386174657,0.10455159463999511,340.6646786530044,EXACT_B3_CLOSE
V10,2025-10-01,BEFORE_DEPOSIT,1347048.694719842,0.0,437500.0,0.0,0.0,0.0,948.2698941098121,10,11,0.14371958843765548,0.10439381112370413,335.5241880544655,EXACT_B3_CLOSE
V10,2025-10-01,AFTER_DEPOSIT,1349548.694719842,0.0,440000.0,0.0,0.0,0.0,948.2698941098121,10,11,0.1434533520487798,0.10429950256658602,335.5241880544655,EXACT_B3_CLOSE
V10,2025-10-31,MONTH_END,1352696.958299269,0.0,440000.0,0.0,0.0,0.0,948.2698941098121,10,11,0.143861539654786,0.1046208751583542,336.54019062226917,EXACT_B3_CLOSE
V10,2025-11-03,BEFORE_DEPOSIT,1360899.8101871456,0.0,440000.0,0.0,0.0,0.0,948.2698941098121,10,11,0.1445889025077788,0.10464102328212382,339.1874018138151,EXACT_B3_CLOSE
V10,2025-11-03,AFTER_DEPOSIT,1363399.8101871456,0.0,442500.0,0.0,0.0,0.0,948.2698941098121,10,11,0.14432377686116468,0.10454815413026262,339.1874018138151,EXACT_B3_CLOSE
V10,2025-11-28,MONTH_END,1425181.6050656133,0.0,442500.0,0.0,0.0,0.0,948.2698941098121,10,11,0.14603234783568447,0.10414648225199866,359.08896390098005,EXACT_B3_CLOSE
V10,2025-12-01,BEFORE_DEPOSIT,1409052.0704748863,0.0,442500.0,0.0,0.0,0.0,948.2698941098121,10,11,0.146383990464167,0.10409242960169644,353.89321109506244,EXACT_B3_CLOSE
V10,2025-12-01,AFTER_DEPOSIT,1411552.0704748863,0.0,445000.0,0.0,0.0,0.0,948.2698941098121,10,11,0.14612472976538365,0.10400798850355938,353.89321109506244,EXACT_B3_CLOSE
V10,2025-12-30,MONTH_END,1418706.8763467046,0.0,445000.0,0.0,0.0,0.0,948.2698941098121,10,11,0.1456432208651713,0.10400174913212461,356.19388273151776,EXACT_B3_CLOSE
V10,2026-01-02,BEFORE_DEPOSIT,1416612.682597306,0.0,445000.0,0.0,0.0,0.0,948.2698941098121,10,11,0.14550861505159796,0.10403361813311231,355.52048190879793,EXACT_B3_CLOSE
V10,2026-01-02,AFTER_DEPOSIT,1419112.682597306,0.0,447500.0,0.0,0.0,0.0,948.2698941098121,10,11,0.14525227773456179,0.10395294325126724,355.52048190879793,EXACT_B3_CLOSE
V10,2026-01-30,MONTH_END,1552087.5540224733,0.0,447500.0,0.0,0.0,0.0,948.2698941098121,10,11,0.14094175228481093,0.1034195828556917,398.20403921623483,EXACT_B3_CLOSE
V10,2026-02-02,BEFORE_DEPOSIT,1569179.6988418642,0.0,447500.0,0.0,0.0,0.0,948.2698941098121,10,11,0.14169676555330102,0.10341574049621816,403.69044078283497,EXACT_B3_CLOSE
V10,2026-02-02,AFTER_DEPOSIT,1571679.6988418642,0.0,450000.0,0.0,0.0,0.0,948.2698941098121,10,11,0.14147137490013914,0.10333867753263562,403.69044078283497,EXACT_B3_CLOSE
V10,2026-02-27,MONTH_END,1636459.7290142693,0.0,450000.0,0.0,0.0,0.0,948.2698941098121,10,11,0.1456681997884408,0.10407781741589303,424.451084300409,EXACT_B3_CLOSE
V10,2026-03-02,BEFORE_DEPOSIT,1620528.508756286,0.0,450000.0,0.0,0.0,0.0,948.2698941098121,10,11,0.1461634846943678,0.10402853497243011,419.3454617235792,EXACT_B3_CLOSE
V10,2026-03-02,AFTER_DEPOSIT,1623028.508756286,0.0,452500.0,0.0,0.0,0.0,948.2698941098121,10,11,0.145938344649221,0.10393961862118492,419.3454617235792,EXACT_B3_CLOSE
V10,2026-03-31,MONTH_END,1616016.1228350224,0.0,452500.0,0.0,0.0,0.0,948.2698941098121,10,11,0.15277612927693834,0.10510840613460731,417.1016004577945,EXACT_B3_CLOSE
V10,2026-04-01,BEFORE_DEPOSIT,1623957.063509912,0.0,452500.0,0.0,0.0,0.0,948.2698941098121,10,11,0.15000189128514513,0.10478276915970193,419.64258570794294,EXACT_B3_CLOSE
V10,2026-04-01,AFTER_DEPOSIT,1626457.063509912,0.0,455000.0,0.0,0.0,0.0,948.2698941098121,10,11,0.14977132588220507,0.10469373596626445,419.64258570794294,EXACT_B3_CLOSE
V10,2026-04-30,MONTH_END,1606915.9708660974,0.0,455000.0,0.0,0.0,0.0,948.2698941098121,10,11,0.1609330668698571,0.10566471937490302,413.3993321128698,EXACT_B3_CLOSE
V10,2026-05-04,BEFORE_DEPOSIT,1594817.295255229,0.0,455000.0,0.0,0.0,0.0,948.2698941098121,10,11,0.16063757290282124,0.10558526784342327,409.53388296015385,EXACT_B3_CLOSE
V10,2026-05-04,AFTER_DEPOSIT,1597317.295255229,0.0,457500.0,0.0,0.0,0.0,948.2698941098121,10,11,0.16038615514540389,0.10550679823722367,409.53388296015385,EXACT_B3_CLOSE
V10,2026-05-29,MONTH_END,1467651.7429360333,0.0,457500.0,0.0,0.0,0.0,948.2698941098121,10,11,0.14856404637942866,0.10369479673955735,368.1714106726326,EXACT_B3_CLOSE
V10,2026-06-01,BEFORE_DEPOSIT,1448597.5057635857,0.0,457500.0,0.0,0.0,0.0,948.2698941098121,10,11,0.14691006636961082,0.10359186834858847,362.0932322905663,EXACT_B3_CLOSE
V10,2026-06-01,AFTER_DEPOSIT,1451097.5057635857,0.0,460000.0,0.0,0.0,0.0,948.2698941098121,10,11,0.14665696472450065,0.10353012258409008,362.0932322905663,EXACT_B3_CLOSE
V10,2026-06-30,MONTH_END,1532250.3231552748,0.0,460000.0,0.0,0.0,0.0,948.2698941098121,10,11,0.15090492009889325,0.10422382741696208,387.93585661392535,EXACT_B3_CLOSE
VVAL,2014-06-30,INITIAL,100000.0,0.0,100000.0,0.0,0.0,0.0,0.0,10,10,0.1,0.10000000000000002,0.0,EXACT_B3_CLOSE
VVAL,2014-07-01,BEFORE_DEPOSIT,99611.58877916199,0.0,100000.0,0.0,0.0,0.0,0.0,10,10,0.10228050814172737,0.10002575986383998,-0.38841122083801416,EXACT_B3_CLOSE
VVAL,2014-07-01,AFTER_DEPOSIT,102111.58877916199,0.0,102500.0,0.0,0.0,0.0,0.0,10,10,0.1,0.1,-0.38841122083801416,EXACT_B3_CLOSE
VVAL,2014-07-31,MONTH_END,100417.85633468228,0.0,102500.0,0.0,0.0,0.0,0.0,10,10,0.10988011593886976,0.10046351894259758,-2.0406759811711472,EXACT_B3_CLOSE
VVAL,2014-08-01,BEFORE_DEPOSIT,101168.70284622327,0.0,102500.0,0.0,0.0,0.0,0.0,10,10,0.11224888998106183,0.10055751339373507,-1.308212459272129,EXACT_B3_CLOSE
VVAL,2014-08-01,AFTER_DEPOSIT,103668.70284622327,0.0,105000.0,0.0,0.0,0.0,0.0,10,10,0.10954197634899956,0.10022828533585461,-1.308212459272129,EXACT_B3_CLOSE
VVAL,2014-08-29,MONTH_END,114633.43521805608,0.0,105000.0,0.0,0.0,0.0,0.0,10,10,0.11364668107162573,0.1004634356917857,9.130126286868446,EXACT_B3_CLOSE
VVAL,2014-09-01,BEFORE_DEPOSIT,113824.42484034954,0.0,105000.0,0.0,0.0,0.0,0.0,10,10,0.11414615224657824,0.10053636684587436,8.359954787440182,EXACT_B3_CLOSE
VVAL,2014-09-01,AFTER_DEPOSIT,116324.42484034954,0.0,107500.0,0.0,0.0,0.0,0.0,10,10,0.11169296684713959,0.10026245578684083,8.359954787440182,EXACT_B3_CLOSE
VVAL,2014-09-30,MONTH_END,103667.7577759664,0.0,107500.0,0.0,0.0,0.0,0.0,10,10,0.12107720784886489,0.10081603803911784,-3.4301389331050425,EXACT_B3_CLOSE
VVAL,2014-10-01,BEFORE_DEPOSIT,101938.14308935471,0.0,107500.0,0.0,0.0,0.0,0.0,10,10,0.11941761573285307,0.100685125562772,-5.0413308173388405,EXACT_B3_CLOSE
VVAL,2014-10-01,AFTER_DEPOSIT,104438.14308935471,0.0,110000.0,0.0,0.0,0.0,0.0,10,10,0.11655904289250005,0.10037563017872755,-5.0413308173388405,EXACT_B3_CLOSE
VVAL,2014-10-31,MONTH_END,104338.19976388264,0.0,110000.0,0.0,0.0,0.0,0.0,10,10,0.11422379947697764,0.10049430636994666,-5.13220264730232,EXACT_B3_CLOSE
VVAL,2014-11-03,BEFORE_DEPOSIT,103435.9327252906,0.0,110000.0,0.0,0.0,0.0,0.0,10,10,0.11379998431118664,0.10066311240930989,-5.9525741581092255,EXACT_B3_CLOSE
VVAL,2014-11-03,AFTER_DEPOSIT,105935.9327252906,0.0,112500.0,0.0,0.0,0.0,0.0,10,10,0.11111439922726878,0.10027202385553774,-5.9525741581092255,EXACT_B3_CLOSE
VVAL,2014-11-28,MONTH_END,109459.62497088309,0.0,112500.0,0.0,0.0,0.0,0.0,10,10,0.11547863579192365,0.10075125057453296,-2.824323180073607,EXACT_B3_CLOSE
VVAL,2014-12-01,BEFORE_DEPOSIT,104961.35433249976,0.0,112500.0,0.0,0.0,0.0,0.0,10,10,0.11412619347233538,0.10078333945535325,-6.817781899856179,EXACT_B3_CLOSE
VVAL,2014-12-01,AFTER_DEPOSIT,107461.35433249976,0.0,115000.0,0.0,0.0,0.0,0.0,10,10,0.11147114147291581,0.10029245211979226,-6.817781899856179,EXACT_B3_CLOSE
VVAL,2014-12-30,MONTH_END,105520.06806700373,0.0,115000.0,0.0,0.0,0.0,0.0,10,10,0.11023127317478028,0.10048908335522987,-8.501115981302398,EXACT_B3_CLOSE
VVAL,2015-01-02,BEFORE_DEPOSIT,103026.4903990517,0.0,115000.0,0.0,0.0,0.0,0.0,10,10,0.10881225586515965,0.10042513476887016,-10.663354672114068,EXACT_B3_CLOSE
VVAL,2015-01-02,AFTER_DEPOSIT,105526.4903990517,0.0,117500.0,0.0,0.0,0.0,0.0,10,10,0.10623441366995154,0.10015931742417794,-10.663354672114068,EXACT_B3_CLOSE
VVAL,2015-01-30,MONTH_END,94441.74169591138,0.0,117500.0,0.0,0.0,0.0,0.0,10,10,0.11632146572549797,0.10147981796464178,-20.047484284464844,EXACT_B3_CLOSE
VVAL,2015-02-02,BEFORE_DEPOSIT,96669.56742771083,0.0,117500.0,0.0,0.0,0.0,0.0,10,10,0.11481994205310266,0.1016747160350329,-18.1614509623911,EXACT_B3_CLOSE
VVAL,2015-02-02,AFTER_DEPOSIT,99169.56742771083,0.0,120000.0,0.0,0.0,0.0,0.0,10,10,0.11192540633435002,0.10081161895665226,-18.1614509623911,EXACT_B3_CLOSE
VVAL,2015-02-27,MONTH_END,107261.49706338054,0.0,120000.0,0.0,0.0,0.0,0.0,10,10,0.11474724503656354,0.10079394842784767,-11.483678763975835,EXACT_B3_CLOSE
VVAL,2015-03-02,BEFORE_DEPOSIT,105864.24901913847,0.0,120000.0,0.0,0.0,0.0,0.0,10,10,0.11468478081214412,0.10074498071257158,-12.636741700039977,EXACT_B3_CLOSE
VVAL,2015-03-02,AFTER_DEPOSIT,108364.24901913847,0.0,122500.0,0.0,0.0,0.0,0.0,10,10,0.11203896399870666,0.10030415731712972,-12.636741700039977,EXACT_B3_CLOSE
VVAL,2015-03-31,MONTH_END,114015.29826481803,0.0,122500.0,0.0,0.0,0.0,0.0,10,10,0.11649963976060235,0.1009125150529228,-8.08086575954502,EXACT_B3_CLOSE
VVAL,2015-04-01,BEFORE_DEPOSIT,116793.162734506,0.0,122500.0,0.0,0.0,0.0,0.0,10,10,0.11452406257186305,0.10100273066392937,-5.841351405094319,EXACT_B3_CLOSE
VVAL,2015-04-01,AFTER_DEPOSIT,119293.162734506,0.0,125000.0,0.0,0.0,0.0,0.0,10,10,0.11212400753210476,0.10051375803658796,-5.841351405094319,EXACT_B3_CLOSE
VVAL,2015-04-30,MONTH_END,123699.0898781038,0.0,125000.0,0.0,0.0,0.0,0.0,10,10,0.11415431163552725,0.10103744872052431,-2.3637326033188133,EXACT_B3_CLOSE
VVAL,2015-05-04,BEFORE_DEPOSIT,126086.30680638684,0.0,125000.0,0.0,0.0,0.0,0.0,10,10,0.11344999198185694,0.10078935660623434,-0.47949117055314794,EXACT_B3_CLOSE
VVAL,2015-05-04,AFTER_DEPOSIT,128586.30680638684,0.0,127500.0,0.0,0.0,0.0,0.0,10,10,0.11124427516022291,0.10047528117952456,-0.47949117055314794,EXACT_B3_CLOSE
VVAL,2015-05-29,MONTH_END,119990.57043102312,0.0,127500.0,0.0,0.0,0.0,0.0,10,10,0.1121225769846797,0.10084879008391354,-7.132237322816792,EXACT_B3_CLOSE
VVAL,2015-06-01,BEFORE_DEPOSIT,121522.51857768185,0.0,127500.0,0.0,0.0,0.0,0.0,10,10,0.11389705408034925,0.10084731198960864,-5.9465725126020885,EXACT_B3_CLOSE
VVAL,2015-06-01,AFTER_DEPOSIT,124022.51857768185,0.0,130000.0,0.0,0.0,0.0,0.0,10,10,0.11160115944390447,0.10044932324420673,-5.9465725126020885,EXACT_B3_CLOSE
VVAL,2015-06-30,MONTH_END,124174.78210673276,0.0,130000.0,0.0,0.0,0.0,0.0,10,10,0.12387355417541088,0.10159209796879577,-5.831102298379697,EXACT_B3_CLOSE
VVAL,2015-06-30,AFTER_JUNE_REVIEW,124174.78210673276,0.0,130000.0,0.0,0.0,0.0,0.0,12,10,0.12387355417541088,0.10159209796879577,-5.831102298379697,EXACT_B3_CLOSE
VVAL,2015-07-01,BEFORE_DEPOSIT,123419.34502579426,0.0,130000.0,0.0,0.0,0.0,0.0,12,10,0.12333728684128512,0.10163669055724898,-6.403993798473184,EXACT_B3_CLOSE
VVAL,2015-07-01,AFTER_DEPOSIT,125919.34502579426,0.0,132500.0,0.0,0.0,0.0,0.0,12,12,0.12088855096960432,0.09797723378249734,-6.403993798473184,EXACT_B3_CLOSE
VVAL,2015-07-31,MONTH_END,125621.3415589795,0.0,132500.0,0.0,0.0,0.0,0.0,12,12,0.12811513004152897,0.09907927630380886,-6.6255001470199915,EXACT_B3_CLOSE
VVAL,2015-08-03,BEFORE_DEPOSIT,125630.59668379997,0.0,132500.0,0.0,0.0,0.0,0.0,12,12,0.12879284885069603,0.0991573771754036,-6.6186208011981496,EXACT_B3_CLOSE
VVAL,2015-08-03,AFTER_DEPOSIT,128130.59668379997,0.0,135000.0,0.0,0.0,0.0,0.0,12,12,0.12627992742162217,0.09606420158355378,-6.6186208011981496,EXACT_B3_CLOSE
VVAL,2015-08-31,MONTH_END,109889.58001552508,0.0,135000.0,0.0,0.0,0.0,0.0,12,12,0.1258063134356909,0.0965525198915691,-19.91264532428232,EXACT_B3_CLOSE
VVAL,2015-09-01,BEFORE_DEPOSIT,107139.60923338858,0.0,135000.0,0.0,0.0,0.0,0.0,12,12,0.12661815013250702,0.09648901675539749,-21.91681974505736,EXACT_B3_CLOSE
VVAL,2015-09-01,AFTER_DEPOSIT,109639.60923338858,0.0,137500.0,0.0,0.0,0.0,0.0,12,12,0.12373100580989783,0.09339810243679737,-21.91681974505736,EXACT_B3_CLOSE
VVAL,2015-09-30,MONTH_END,112188.80050664494,0.0,137500.0,0.0,0.0,0.0,0.0,12,12,0.12619603810333915,0.0934382908197736,-20.101335696128565,EXACT_B3_CLOSE
VVAL,2015-10-01,BEFORE_DEPOSIT,111131.8472395927,0.0,137500.0,0.0,0.0,0.0,0.0,12,12,0.1268414021671064,0.09343971961421382,-20.85407709177336,EXACT_B3_CLOSE
VVAL,2015-10-01,AFTER_DEPOSIT,113631.8472395927,0.0,140000.0,0.0,0.0,0.0,0.0,12,12,0.12405078040814517,0.09092068498234898,-20.85407709177336,EXACT_B3_CLOSE
VVAL,2015-10-30,MONTH_END,117839.24957913507,0.0,140000.0,0.0,0.0,0.0,0.0,12,12,0.11805176065133516,0.09067658653248137,-17.923571698270568,EXACT_B3_CLOSE
VVAL,2015-11-03,BEFORE_DEPOSIT,122867.41268839577,0.0,140000.0,0.0,0.0,0.0,0.0,12,12,0.11884155518824077,0.09043033442451964,-14.421396740431147,EXACT_B3_CLOSE
VVAL,2015-11-03,AFTER_DEPOSIT,125367.41268839577,0.0,142500.0,0.0,0.0,0.0,0.0,12,12,0.11647168983328555,0.08859727087663662,-14.421396740431147,EXACT_B3_CLOSE
VVAL,2015-11-30,MONTH_END,122187.46500229697,0.0,142500.0,0.0,0.0,0.0,0.0,12,12,0.11980567805459807,0.08959183186487533,-16.59210023968285,EXACT_B3_CLOSE
VVAL,2015-12-01,BEFORE_DEPOSIT,122847.16667723711,0.0,142500.0,0.0,0.0,0.0,0.0,12,12,0.12147126745676505,0.08997613859318153,-16.141773103637547,EXACT_B3_CLOSE
VVAL,2015-12-01,AFTER_DEPOSIT,125347.16667723711,0.0,145000.0,0.0,0.0,0.0,0.0,12,12,0.11904857074417106,0.08858230428605043,-16.141773103637547,EXACT_B3_CLOSE
VVAL,2015-12-30,MONTH_END,120047.74343259205,0.0,145000.0,0.0,0.0,0.0,0.0,12,12,0.12400349719404234,0.0891570786099874,-19.687128364946428,EXACT_B3_CLOSE
VVAL,2016-01-04,BEFORE_DEPOSIT,115074.88213007107,0.0,145000.0,0.0,0.0,0.0,0.0,12,12,0.12108903685023834,0.08919048461792792,-23.014011153647495,EXACT_B3_CLOSE
VVAL,2016-01-04,AFTER_DEPOSIT,117574.88213007107,0.0,147500.0,0.0,0.0,0.0,0.0,12,12,0.11851431522057343,0.08786963556512031,-23.014011153647495,EXACT_B3_CLOSE
VVAL,2016-01-29,MONTH_END,117565.04288871407,0.0,147500.0,0.0,0.0,0.0,0.0,12,12,0.12746350620842783,0.09005600330983554,-23.02045371783844,EXACT_B3_CLOSE
VVAL,2016-02-01,BEFORE_DEPOSIT,119665.239283725,0.0,147500.0,0.0,0.0,0.0,0.0,12,12,0.12553641202240695,0.08950742534552798,-21.645281629104463,EXACT_B3_CLOSE
VVAL,2016-02-01,AFTER_DEPOSIT,122165.239283725,0.0,150000.0,0.0,0.0,0.0,0.0,12,12,0.12296742405253829,0.08835994772729876,-21.645281629104463,EXACT_B3_CLOSE
VVAL,2016-02-29,MONTH_END,126218.43726319792,0.0,150000.0,0.0,0.0,0.0,0.0,12,12,0.12470017195616284,0.08934387904372397,-19.045628994319397,EXACT_B3_CLOSE
VVAL,2016-03-01,BEFORE_DEPOSIT,129020.32937417761,0.0,150000.0,0.0,0.0,0.0,0.0,12,12,0.12218376008482966,0.08875820857993158,-17.248542781018006,EXACT_B3_CLOSE
VVAL,2016-03-01,AFTER_DEPOSIT,131520.3293741776,0.0,152500.0,0.0,0.0,0.0,0.0,12,12,0.11986123396536537,0.08780113762603703,-17.248542781018006,EXACT_B3_CLOSE
VVAL,2016-03-31,MONTH_END,148787.3218805404,0.0,152500.0,0.0,0.0,0.0,0.0,12,12,0.1098591879810278,0.08566367863131506,-6.384299979240904,EXACT_B3_CLOSE
VVAL,2016-04-01,BEFORE_DEPOSIT,150172.56076848455,0.0,152500.0,0.0,0.0,0.0,0.0,12,12,0.10870964156998886,0.08553685499763784,-5.512719615055117,EXACT_B3_CLOSE
VVAL,2016-04-01,AFTER_DEPOSIT,152672.56076848455,0.0,155000.0,0.0,0.0,0.0,0.0,12,12,0.10692953057586532,0.08504968664211021,-5.512719615055117,EXACT_B3_CLOSE
VVAL,2016-04-29,MONTH_END,160382.03104110487,0.0,155000.0,0.0,0.0,0.0,0.0,12,12,0.11328282415503242,0.08589209909509075,-0.7414177150817269,EXACT_B3_CLOSE
VVAL,2016-05-02,BEFORE_DEPOSIT,158767.2598130717,0.0,155000.0,0.0,0.0,0.0,0.0,12,12,0.11348136277867053,0.08607653959912763,-1.7407809340695968,EXACT_B3_CLOSE
VVAL,2016-05-02,AFTER_DEPOSIT,161267.2598130717,0.0,157500.0,0.0,0.0,0.0,0.0,12,12,0.11172215010726083,0.08561742743606936,-1.7407809340695968,EXACT_B3_CLOSE
VVAL,2016-05-31,MONTH_END,153516.69110121057,0.0,157500.0,0.0,0.0,0.0,0.0,12,12,0.12714063676825965,0.08815696544895868,-6.4631581222667105,EXACT_B3_CLOSE
VVAL,2016-06-01,BEFORE_DEPOSIT,153861.58768323308,0.0,157500.0,0.0,0.0,0.0,0.0,12,12,0.12610884259061703,0.08832616419804556,-6.25301460741241,EXACT_B3_CLOSE
VVAL,2016-06-01,AFTER_DEPOSIT,156361.58768323308,0.0,160000.0,0.0,0.0,0.0,0.0,12,12,0.12409254107342317,0.08768822258383153,-6.25301460741241,EXACT_B3_CLOSE
VVAL,2016-06-30,MONTH_END,174190.2618898262,0.0,160000.0,0.0,0.0,0.0,0.0,12,12,0.1301692487932728,0.0883294194942492,4.43621210855496,EXACT_B3_CLOSE
VVAL,2016-06-30,AFTER_JUNE_REVIEW,173887.07656057924,302.0516184700682,160000.0,302.0516184700666,302.0516184700666,1.5916157281026244e-12,1.1337107768651067,12,12,0.1150914192865207,0.08534122865218292,4.254436577535525,EXACT_B3_CLOSE
VVAL,2016-07-01,BEFORE_DEPOSIT,173811.93510781793,302.0516184700682,160000.0,302.0516184700666,302.0516184700666,1.5916157281026244e-12,1.1337107768651067,12,12,0.11498279649015399,0.08529471945006221,4.209385329471571,EXACT_B3_CLOSE
VVAL,2016-07-01,AFTER_DEPOSIT,176311.93510781793,302.0516184700664,162500.0,302.0516184700666,302.0516184700666,0.0,1.1337107768651067,12,12,0.11335240776434481,0.08494806306190646,4.209385329471571,EXACT_B3_CLOSE
VVAL,2016-07-29,MONTH_END,199704.00646601425,0.0,162500.0,0.0,0.0,0.0,303.1853292469317,12,12,0.10614017230715779,0.08438460720769918,18.035297774537163,EXACT_B3_CLOSE
VVAL,2016-08-01,BEFORE_DEPOSIT,198481.60532581818,0.0,162500.0,0.0,0.0,0.0,303.1853292469317,12,12,0.10332653119716062,0.08407917919589415,17.312796082476556,EXACT_B3_CLOSE
VVAL,2016-08-01,AFTER_DEPOSIT,200981.60532581818,0.0,165000.0,0.0,0.0,0.0,303.1853292469317,12,12,0.10204125771367871,0.08392497147935406,17.312796082476556,EXACT_B3_CLOSE
VVAL,2016-08-31,MONTH_END,204710.82046089464,0.0,165000.0,0.0,0.0,0.0,303.1853292469317,12,12,0.0988040249739314,0.08416609739074868,19.489535859132666,EXACT_B3_CLOSE
VVAL,2016-09-01,BEFORE_DEPOSIT,206865.9854882212,0.0,165000.0,0.0,0.0,0.0,303.1853292469317,12,12,0.09704277171541797,0.08406550380484176,20.747503895386423,EXACT_B3_CLOSE
VVAL,2016-09-01,AFTER_DEPOSIT,209365.9854882212,0.0,167500.0,0.0,0.0,0.0,303.1853292469317,12,12,0.09588400216303435,0.08389489326106239,20.747503895386423,EXACT_B3_CLOSE
VVAL,2016-09-30,MONTH_END,209849.02430117805,0.0,167500.0,0.0,0.0,0.0,303.1853292469317,12,12,0.09900839226686389,0.0841113291831892,21.02608654487039,EXACT_B3_CLOSE
VVAL,2016-10-03,BEFORE_DEPOSIT,212509.2319017298,0.0,167500.0,0.0,0.0,0.0,303.1853292469317,12,12,0.09974445565044635,0.0840663531285725,22.560306283865337,EXACT_B3_CLOSE
VVAL,2016-10-03,AFTER_DEPOSIT,215009.2319017298,0.0,170000.0,0.0,0.0,0.0,303.1853292469317,12,12,0.09858468619812773,0.0839031083537218,22.560306283865337,EXACT_B3_CLOSE
VVAL,2016-10-31,MONTH_END,237745.1528459126,0.0,170000.0,0.0,0.0,0.0,303.1853292469317,12,12,0.09987504451245348,0.08443076047562642,35.520314604988855,EXACT_B3_CLOSE
VVAL,2016-11-01,BEFORE_DEPOSIT,232146.44510490078,0.0,170000.0,0.0,0.0,0.0,303.1853292469317,12,12,0.09756940344129875,0.08435093462544278,32.328919847363395,EXACT_B3_CLOSE
VVAL,2016-11-01,AFTER_DEPOSIT,234646.44510490078,0.0,172500.0,0.0,0.0,0.0,303.1853292469317,12,12,0.09652986709335111,0.0841369622620301,32.328919847363395,EXACT_B3_CLOSE
VVAL,2016-11-30,MONTH_END,217025.33948083306,0.0,172500.0,0.0,0.0,0.0,303.1853292469317,12,12,0.10686858706132484,0.0845184760609053,22.39149304037835,EXACT_B3_CLOSE
VVAL,2016-12-01,BEFORE_DEPOSIT,206442.88037347412,0.0,172500.0,0.0,0.0,0.0,303.1853292469317,12,12,0.104935827829417,0.08438683896125294,16.42351265022306,EXACT_B3_CLOSE
VVAL,2016-12-01,AFTER_DEPOSIT,208942.88037347412,0.0,175000.0,0.0,0.0,0.0,303.1853292469317,12,12,0.10368027143474769,0.08415471226803495,16.42351265022306,EXACT_B3_CLOSE
VVAL,2016-12-29,MONTH_END,216669.2091723483,0.0,175000.0,0.0,0.0,0.0,303.1853292469317,12,12,0.10581756971375315,0.08483631799775998,20.728643014309434,EXACT_B3_CLOSE
VVAL,2017-01-02,BEFORE_DEPOSIT,216328.57197447872,0.0,175000.0,0.0,0.0,0.0,303.1853292469317,12,12,0.1039090309053177,0.08475582927177609,20.53883908777976,EXACT_B3_CLOSE
VVAL,2017-01-02,AFTER_DEPOSIT,218828.57197447872,0.0,177500.0,0.0,0.0,0.0,303.1853292469317,12,12,0.1027219255153799,0.08451508422448609,20.53883908777976,EXACT_B3_CLOSE
VVAL,2017-01-31,MONTH_END,243490.4396913618,0.0,177500.0,0.0,0.0,0.0,303.1853292469317,12,12,0.10428487841620307,0.08530953808295472,34.12350436940568,EXACT_B3_CLOSE
VVAL,2017-02-01,BEFORE_DEPOSIT,243371.1182310502,0.0,177500.0,0.0,0.0,0.0,303.1853292469317,12,12,0.10483907441150342,0.08540721941272675,34.05777771326366,EXACT_B3_CLOSE
VVAL,2017-02-01,AFTER_DEPOSIT,245871.1182310502,0.0,180000.0,0.0,0.0,0.0,303.1853292469317,12,12,0.10377307817772674,0.08513927380733793,34.05777771326366,EXACT_B3_CLOSE
VVAL,2017-02-24,MONTH_END,260520.92363397268,0.0,180000.0,0.0,0.0,0.0,303.1853292469317,12,12,0.10937260836671368,0.08545960521299367,42.04537857658266,EXACT_B3_CLOSE
VVAL,2017-03-01,BEFORE_DEPOSIT,261439.25867954278,0.0,180000.0,0.0,0.0,0.0,303.1853292469317,12,12,0.10796299594924146,0.08553152537115907,42.54608787619891,EXACT_B3_CLOSE
VVAL,2017-03-01,AFTER_DEPOSIT,263939.2586795428,0.0,182500.0,0.0,0.0,0.0,303.1853292469317,12,12,0.1069403838102841,0.08529499248932296,42.54608787619891,EXACT_B3_CLOSE
VVAL,2017-03-31,MONTH_END,252234.38501075475,0.0,182500.0,0.0,0.0,0.0,303.1853292469317,12,12,0.10959501177139441,0.08515433988499918,36.224618463432904,EXACT_B3_CLOSE
VVAL,2017-04-03,BEFORE_DEPOSIT,254601.14361857917,0.0,182500.0,0.0,0.0,0.0,303.1853292469317,12,12,0.10889773920337706,0.0851928464950501,37.50283748314418,EXACT_B3_CLOSE
VVAL,2017-04-03,AFTER_DEPOSIT,257101.14361857917,0.0,185000.0,0.0,0.0,0.0,303.1853292469317,12,12,0.10783883940940209,0.084955646098521,37.50283748314418,EXACT_B3_CLOSE
VVAL,2017-04-28,MONTH_END,251700.78644907402,0.0,185000.0,0.0,0.0,0.0,303.1853292469317,12,12,0.11082145740344133,0.08542181865203805,34.614618380816786,EXACT_B3_CLOSE
VVAL,2017-05-02,BEFORE_DEPOSIT,257207.1476378584,0.0,185000.0,0.0,0.0,0.0,303.1853292469317,12,12,0.1104342969111117,0.08551825026277016,37.55953055432373,EXACT_B3_CLOSE
VVAL,2017-05-02,AFTER_DEPOSIT,259707.1476378584,0.0,187500.0,0.0,0.0,0.0,303.1853292469317,12,12,0.10937123128204107,0.08526072797827913,37.55953055432373,EXACT_B3_CLOSE
VVAL,2017-05-31,MONTH_END,249117.26429837002,0.0,187500.0,0.0,0.0,0.0,303.1853292469317,12,12,0.10910102326307394,0.08458416596941135,31.95036887335072,EXACT_B3_CLOSE
VVAL,2017-06-01,BEFORE_DEPOSIT,247179.70688938646,0.0,187500.0,0.0,0.0,0.0,303.1853292469317,12,12,0.10758047202647544,0.08443151309856751,30.92409951562982,EXACT_B3_CLOSE
VVAL,2017-06-01,AFTER_DEPOSIT,249679.70688938646,0.0,190000.0,0.0,0.0,0.0,303.1853292469317,12,12,0.1065032872467555,0.08426011608128445,30.92409951562982,EXACT_B3_CLOSE
VVAL,2017-06-30,MONTH_END,252011.61933346503,0.0,190000.0,0.0,0.0,0.0,303.1853292469317,12,12,0.11352154157008214,0.08477902397806551,32.14688025617889,EXACT_B3_CLOSE
VVAL,2017-06-30,AFTER_JUNE_REVIEW,250716.86168845394,1293.3272076350877,190000.0,1293.3272076350895,1293.3272076350895,0.0,304.6157666229471,12,12,0.09034400408258995,0.0835023638067307,31.46795051504798,EXACT_B3_CLOSE
VVAL,2017-07-03,BEFORE_DEPOSIT,252939.15442258437,1293.3272076350877,190000.0,1293.3272076350895,1293.3272076350895,0.0,304.6157666229471,12,12,0.09014423723909823,0.08349054340120227,32.63325016515151,EXACT_B3_CLOSE
VVAL,2017-07-03,AFTER_DEPOSIT,255439.15442258437,1293.3272076350895,192500.0,1293.3272076350895,1293.3272076350895,0.0,304.6157666229471,12,12,0.08926198959148458,0.08342098243730241,32.63325016515151,EXACT_B3_CLOSE
VVAL,2017-07-31,MONTH_END,264708.86351690145,0.0,192500.0,0.0,0.0,0.0,1597.9429742580367,12,12,0.09067676300441654,0.08358529924404508,37.446418483234666,EXACT_B3_CLOSE
VVAL,2017-08-01,BEFORE_DEPOSIT,267755.07056546275,0.0,192500.0,0.0,0.0,0.0,1597.9429742580367,12,12,0.09044674378380266,0.08359675316772704,39.02811938746753,EXACT_B3_CLOSE
VVAL,2017-08-01,AFTER_DEPOSIT,270255.07056546275,0.0,195000.0,0.0,0.0,0.0,1597.9429742580367,12,12,0.08961006434986496,0.08351626831935374,39.02811938746753,EXACT_B3_CLOSE
VVAL,2017-08-31,MONTH_END,284675.57891663036,0.0,195000.0,0.0,0.0,0.0,1597.9429742580367,12,12,0.09756892340047725,0.08385703795675181,46.44650436903064,EXACT_B3_CLOSE
VVAL,2017-09-01,BEFORE_DEPOSIT,288674.8568185872,0.0,195000.0,0.0,0.0,0.0,1597.9429742580367,12,12,0.09888991181964737,0.08396332767794444,48.50386478951623,EXACT_B3_CLOSE
VVAL,2017-09-01,AFTER_DEPOSIT,291174.8568185872,0.0,197500.0,0.0,0.0,0.0,1597.9429742580367,12,12,0.09804085231550498,0.08383228383460088,48.50386478951623,EXACT_B3_CLOSE
VVAL,2017-09-29,MONTH_END,298214.64375635894,0.0,197500.0,0.0,0.0,0.0,1597.9429742580367,12,12,0.097561862844457,0.0840638152413577,52.094269465855426,EXACT_B3_CLOSE
VVAL,2017-10-02,BEFORE_DEPOSIT,298197.58898609254,0.0,197500.0,0.0,0.0,0.0,1597.9429742580367,12,12,0.09770722412205124,0.08404762260528019,52.0855712584438,EXACT_B3_CLOSE
VVAL,2017-10-02,AFTER_DEPOSIT,300697.58898609254,0.0,200000.0,0.0,0.0,0.0,1597.9429742580367,12,12,0.09689488618103627,0.0839259282116304,52.0855712584438,EXACT_B3_CLOSE
VVAL,2017-10-31,MONTH_END,285939.3702446394,0.0,200000.0,0.0,0.0,0.0,1597.9429742580367,12,12,0.10040903868591182,0.0840269009863091,44.6212209933847,EXACT_B3_CLOSE
VVAL,2017-11-01,BEFORE_DEPOSIT,283850.2435656332,0.0,200000.0,0.0,0.0,0.0,1597.9429742580367,12,12,0.09985579382974653,0.08394827056367073,43.56459122299232,EXACT_B3_CLOSE
VVAL,2017-11-01,AFTER_DEPOSIT,286350.2435656332,0.0,202500.0,0.0,0.0,0.0,1597.9429742580367,12,12,0.09898399612681513,0.08382811315092126,43.56459122299232,EXACT_B3_CLOSE
VVAL,2017-11-30,MONTH_END,273502.29966470913,0.0,202500.0,0.0,0.0,0.0,1597.9429742580367,12,12,0.0946403968285885,0.08409409699366421,37.12314458329591,EXACT_B3_CLOSE
VVAL,2017-12-01,BEFORE_DEPOSIT,273231.06508332293,0.0,202500.0,0.0,0.0,0.0,1597.9429742580367,12,12,0.09666446214215485,0.08429494686256662,36.987158382210936,EXACT_B3_CLOSE
VVAL,2017-12-01,AFTER_DEPOSIT,275731.06508332293,0.0,205000.0,0.0,0.0,0.0,1597.9429742580367,12,12,0.09578802424321024,0.08407104201210143,36.987158382210936,EXACT_B3_CLOSE
VVAL,2017-12-28,MONTH_END,287409.6791547083,0.0,205000.0,0.0,0.0,0.0,1597.9429742580367,12,12,0.09317043570384616,0.08420979054221192,42.78926180134559,EXACT_B3_CLOSE
VVAL,2018-01-02,BEFORE_DEPOSIT,290557.6047832968,0.0,205000.0,0.0,0.0,0.0,1597.9429742580367,12,12,0.09537593861406414,0.08428532663812115,44.35319652349441,EXACT_B3_CLOSE
VVAL,2018-01-02,AFTER_DEPOSIT,293057.6047832968,0.0,207500.0,0.0,0.0,0.0,1597.9429742580367,12,12,0.09456231070390812,0.08403968194909991,44.35319652349441,EXACT_B3_CLOSE
VVAL,2018-01-31,MONTH_END,318532.3463428136,0.0,207500.0,0.0,0.0,0.0,1597.9429742580367,12,12,0.10483286715214275,0.0854755391845731,56.90144749771977,EXACT_B3_CLOSE
VVAL,2018-02-01,BEFORE_DEPOSIT,319437.7419430401,0.0,207500.0,0.0,0.0,0.0,1597.9429742580367,12,12,0.10482552662624674,0.08544024282788189,57.34742380707934,EXACT_B3_CLOSE
VVAL,2018-02-01,AFTER_DEPOSIT,321937.7419430401,0.0,210000.0,0.0,0.0,0.0,1597.9429742580367,12,12,0.10401150645270653,0.08521694217225922,57.34742380707934,EXACT_B3_CLOSE
VVAL,2018-02-28,MONTH_END,328637.92791597603,0.0,210000.0,0.0,0.0,0.0,1597.9429742580367,12,12,0.10703798850774715,0.08557763741289139,60.62214703619462,EXACT_B3_CLOSE
VVAL,2018-03-01,BEFORE_DEPOSIT,330468.85474550293,0.0,210000.0,0.0,0.0,0.0,1597.9429742580367,12,12,0.10720891516285318,0.08559231600457844,61.517014528482285,EXACT_B3_CLOSE
VVAL,2018-03-01,AFTER_DEPOSIT,332968.85474550293,0.0,212500.0,0.0,0.0,0.0,1597.9429742580367,12,12,0.10640396814127066,0.08534347029718416,61.517014528482285,EXACT_B3_CLOSE
VVAL,2018-03-29,MONTH_END,339785.3290444976,0.0,212500.0,0.0,0.0,0.0,1597.9429742580367,12,12,0.10324399033878051,0.08549331629037114,64.82355975844156,EXACT_B3_CLOSE
VVAL,2018-04-02,BEFORE_DEPOSIT,335120.56697656325,0.0,212500.0,0.0,0.0,0.0,1597.9429742580367,12,12,0.10189377279729747,0.0853570554385972,62.560770215334486,EXACT_B3_CLOSE
VVAL,2018-04-02,AFTER_DEPOSIT,337620.56697656325,0.0,215000.0,0.0,0.0,0.0,1597.9429742580367,12,12,0.10113927364378196,0.08515544449288609,62.560770215334486,EXACT_B3_CLOSE
VVAL,2018-04-30,MONTH_END,335323.22032251355,0.0,215000.0,0.0,0.0,0.0,1597.9429742580367,12,12,0.10301151856419635,0.08473883192113238,61.45462184031602,EXACT_B3_CLOSE
VVAL,2018-05-02,BEFORE_DEPOSIT,330587.6703606434,0.0,215000.0,0.0,0.0,0.0,1597.9429742580367,12,12,0.1043602821018433,0.08478311022605961,59.17450408538008,EXACT_B3_CLOSE
VVAL,2018-05-02,AFTER_DEPOSIT,333087.6703606434,0.0,217500.0,0.0,0.0,0.0,1597.9429742580367,12,12,0.10357700271785372,0.08461574444477699,59.17450408538008,EXACT_B3_CLOSE
VVAL,2018-05-30,MONTH_END,296972.43007945444,0.0,217500.0,0.0,0.0,0.0,1597.9429742580367,12,12,0.10742111250806406,0.08482421818853418,41.915908306501805,EXACT_B3_CLOSE
VVAL,2018-06-01,BEFORE_DEPOSIT,304303.9676411003,0.0,217500.0,0.0,0.0,0.0,1597.9429742580367,12,12,0.10833486886903347,0.08487934311440593,45.4194719607637,EXACT_B3_CLOSE
VVAL,2018-06-01,AFTER_DEPOSIT,306803.9676411003,0.0,220000.0,0.0,0.0,0.0,1597.9429742580367,12,12,0.10745209941121013,0.08465648065634986,45.4194719607637,EXACT_B3_CLOSE
VVAL,2018-06-29,MONTH_END,284423.55732009263,0.0,220000.0,0.0,0.0,0.0,1597.9429742580367,12,12,0.10927135095313878,0.08467569967430617,34.81156660618454,EXACT_B3_CLOSE
VVAL,2018-06-29,AFTER_JUNE_REVIEW,284423.55732009263,0.0,220000.0,0.0,0.0,0.0,1597.9429742580367,13,12,0.10927135095313878,0.08467569967430617,34.81156660618454,EXACT_B3_CLOSE
VVAL,2018-07-02,BEFORE_DEPOSIT,283879.85014476447,0.0,220000.0,0.0,0.0,0.0,1597.9429742580367,13,12,0.10711232266809755,0.0845117510009523,34.55385934462139,EXACT_B3_CLOSE
VVAL,2018-07-02,AFTER_DEPOSIT,286379.85014476447,0.0,222500.0,0.0,0.0,0.0,1597.9429742580367,13,13,0.10617726803162476,0.08331712421356484,34.55385934462139,EXACT_B3_CLOSE
VVAL,2018-07-31,MONTH_END,306869.78913049266,0.0,222500.0,0.0,0.0,0.0,1597.9429742580367,13,13,0.12348621342709024,0.08506627868495939,44.180934597548195,EXACT_B3_CLOSE
VVAL,2018-08-01,BEFORE_DEPOSIT,309641.6794690318,0.0,222500.0,0.0,0.0,0.0,1597.9429742580367,13,13,0.12085101393851774,0.08480229358771631,45.48329069048551,EXACT_B3_CLOSE
VVAL,2018-08-01,AFTER_DEPOSIT,312141.6794690318,0.0,225000.0,0.0,0.0,0.0,1597.9429742580367,13,13,0.11988309598741226,0.08393797393595218,45.48329069048551,EXACT_B3_CLOSE
VVAL,2018-08-31,MONTH_END,307326.6982382007,0.0,225000.0,0.0,0.0,0.0,1597.9429742580367,13,13,0.13642838704471374,0.08541297218656786,43.239119661272674,EXACT_B3_CLOSE
VVAL,2018-09-03,BEFORE_DEPOSIT,307541.6938981114,0.0,225000.0,0.0,0.0,0.0,1597.9429742580367,13,13,0.13931405550568407,0.08580400856008145,43.33932504281988,EXACT_B3_CLOSE
VVAL,2018-09-03,AFTER_DEPOSIT,310041.6938981114,0.0,227500.0,0.0,0.0,0.0,1597.9429742580367,13,13,0.13819070614455375,0.08497467425411002,43.33932504281988,EXACT_B3_CLOSE
VVAL,2018-09-28,MONTH_END,313930.9682980023,0.0,227500.0,0.0,0.0,0.0,1597.9429742580367,13,13,0.14429066096041815,0.08583390233571696,45.13742503504186,EXACT_B3_CLOSE
VVAL,2018-10-01,BEFORE_DEPOSIT,310804.30897928786,0.0,227500.0,0.0,0.0,0.0,1597.9429742580367,13,13,0.14564388515419677,0.0860026772362699,43.6918993357446,EXACT_B3_CLOSE
VVAL,2018-10-01,AFTER_DEPOSIT,313304.30897928786,0.0,230000.0,0.0,0.0,0.0,1597.9429742580367,13,13,0.14448172522709035,0.08525749744733045,43.6918993357446,EXACT_B3_CLOSE
VVAL,2018-10-31,MONTH_END,363767.86779693246,0.0,230000.0,0.0,0.0,0.0,1597.9429742580367,13,13,0.11421043898779229,0.08311858015108418,66.83618559651154,EXACT_B3_CLOSE
VVAL,2018-11-01,BEFORE_DEPOSIT,371009.35031691013,0.0,230000.0,0.0,0.0,0.0,1597.9429742580367,13,13,0.11756177105897529,0.08334940627219374,70.15737316872259,EXACT_B3_CLOSE
VVAL,2018-11-01,AFTER_DEPOSIT,373509.35031691013,0.0,232500.0,0.0,0.0,0.0,1597.9429742580367,13,13,0.11677489804656457,0.08279944218287445,70.15737316872259,EXACT_B3_CLOSE
VVAL,2018-11-30,MONTH_END,390738.9491926634,0.0,232500.0,0.0,0.0,0.0,1597.9429742580367,13,13,0.10466220835034057,0.08261636030458802,78.00655628277711,EXACT_B3_CLOSE
VVAL,2018-12-03,BEFORE_DEPOSIT,392944.39272214327,0.0,232500.0,0.0,0.0,0.0,1597.9429742580367,13,13,0.1067639473133655,0.0826161720850875,79.01127671970818,EXACT_B3_CLOSE
VVAL,2018-12-03,AFTER_DEPOSIT,395444.39272214327,0.0,235000.0,0.0,0.0,0.0,1597.9429742580367,13,13,0.10608898549017193,0.0821366698080022,79.01127671970818,EXACT_B3_CLOSE
VVAL,2018-12-28,MONTH_END,402230.4175373649,0.0,235000.0,0.0,0.0,0.0,1597.9429742580367,13,13,0.10224062337727195,0.08187216273512109,82.083200328644,EXACT_B3_CLOSE
VVAL,2019-01-02,BEFORE_DEPOSIT,414551.0895953048,0.0,235000.0,0.0,0.0,0.0,1597.9429742580367,13,13,0.10283326380594322,0.08182882785935305,87.66056917171765,EXACT_B3_CLOSE
VVAL,2019-01-02,AFTER_DEPOSIT,417051.0895953048,0.0,237500.0,0.0,0.0,0.0,1597.9429742580367,13,13,0.10221683295147806,0.08138583561549849,87.66056917171765,EXACT_B3_CLOSE
VVAL,2019-01-31,MONTH_END,471320.8124639745,0.0,237500.0,0.0,0.0,0.0,1597.9429742580367,13,13,0.09651422029462746,0.08064626331287715,112.08032813268454,EXACT_B3_CLOSE
VVAL,2019-02-01,BEFORE_DEPOSIT,473189.3970320319,0.0,237500.0,0.0,0.0,0.0,1597.9429742580367,13,13,0.09659651989225128,0.08065892391202409,112.92113553574734,EXACT_B3_CLOSE
VVAL,2019-02-01,AFTER_DEPOSIT,475689.3970320319,0.0,240000.0,0.0,0.0,0.0,1597.9429742580367,13,13,0.09608885396310221,0.08026906918876024,112.92113553574734,EXACT_B3_CLOSE
VVAL,2019-02-28,MONTH_END,466303.1460766983,0.0,240000.0,0.0,0.0,0.0,1597.9429742580367,13,13,0.09649797656839564,0.08083107092781232,108.71979906639875,EXACT_B3_CLOSE
VVAL,2019-03-01,BEFORE_DEPOSIT,464126.3676993273,0.0,240000.0,0.0,0.0,0.0,1597.9429742580367,13,13,0.09805195272120407,0.08092920849717286,107.74546134348269,EXACT_B3_CLOSE
VVAL,2019-03-01,AFTER_DEPOSIT,466626.3676993273,0.0,242500.0,0.0,0.0,0.0,1597.9429742580367,13,13,0.09752662903876493,0.0805328973697522,107.74546134348269,EXACT_B3_CLOSE
VVAL,2019-03-29,MONTH_END,466084.3338918531,0.0,242500.0,0.0,0.0,0.0,1597.9429742580367,13,13,0.09460029615648723,0.0804720183835168,107.504143940112,EXACT_B3_CLOSE
VVAL,2019-04-01,BEFORE_DEPOSIT,467592.8084314847,0.0,242500.0,0.0,0.0,0.0,1597.9429742580367,13,13,0.09425613049658677,0.08053350184244479,108.1757278043196,EXACT_B3_CLOSE
VVAL,2019-04-01,AFTER_DEPOSIT,470092.8084314847,0.0,245000.0,0.0,0.0,0.0,1597.9429742580367,13,13,0.09375486708218204,0.08016566407451672,108.1757278043196,EXACT_B3_CLOSE
VVAL,2019-04-30,MONTH_END,485470.8076576613,0.0,245000.0,0.0,0.0,0.0,1597.9429742580367,13,13,0.09267785418233357,0.08037441796229483,114.9857153720196,EXACT_B3_CLOSE
VVAL,2019-05-02,BEFORE_DEPOSIT,485696.0912925693,0.0,245000.0,0.0,0.0,0.0,1597.9429742580367,13,13,0.09409633921249747,0.08031588856965449,115.08547989472278,EXACT_B3_CLOSE
VVAL,2019-05-02,AFTER_DEPOSIT,488196.0912925693,0.0,247500.0,0.0,0.0,0.0,1597.9429742580367,13,13,0.09361448191739212,0.08000510581310334,115.08547989472278,EXACT_B3_CLOSE
VVAL,2019-05-31,MONTH_END,505846.23116371164,0.0,247500.0,0.0,0.0,0.0,1597.9429742580367,13,13,0.10362501169007525,0.08013279245418349,122.86163556680614,EXACT_B3_CLOSE
VVAL,2019-06-03,BEFORE_DEPOSIT,507525.76353199984,0.0,247500.0,0.0,0.0,0.0,1597.9429742580367,13,13,0.10222775205893816,0.080120124328806,123.60159033472647,EXACT_B3_CLOSE
VVAL,2019-06-03,AFTER_DEPOSIT,510025.76353199984,0.0,250000.0,0.0,0.0,0.0,1597.9429742580367,13,13,0.10172666094076113,0.07984697763148393,123.60159033472647,EXACT_B3_CLOSE
VVAL,2019-06-28,MONTH_END,516236.0100388938,0.0,250000.0,0.0,0.0,0.0,1597.9429742580367,13,13,0.10280869525925364,0.07959353717959888,126.3242390607355,EXACT_B3_CLOSE
VVAL,2019-06-28,AFTER_JUNE_REVIEW,516236.0100388938,0.0,250000.0,0.0,0.0,0.0,1597.9429742580367,13,13,0.10280869525925364,0.07959353717959888,126.3242390607355,EXACT_B3_CLOSE
VVAL,2019-07-01,BEFORE_DEPOSIT,516180.93223868834,0.0,250000.0,0.0,0.0,0.0,1597.9429742580367,13,13,0.10195225650668188,0.07951702181212861,126.30009227326187,EXACT_B3_CLOSE
VVAL,2019-07-01,AFTER_DEPOSIT,518680.93223868834,0.0,252500.0,0.0,0.0,0.0,1597.9429742580367,13,13,0.10146085490422349,0.07928979633536823,126.30009227326187,EXACT_B3_CLOSE
VVAL,2019-07-31,MONTH_END,530709.6615894742,0.0,252500.0,0.0,0.0,0.0,1597.9429742580367,13,13,0.10113661220912637,0.07943287895149616,131.54821764826653,EXACT_B3_CLOSE
VVAL,2019-08-01,BEFORE_DEPOSIT,535157.3741528735,0.0,252500.0,0.0,0.0,0.0,1597.9429742580367,13,13,0.10203058201005752,0.07959426012440998,133.4887512228438,EXACT_B3_CLOSE
VVAL,2019-08-01,AFTER_DEPOSIT,537657.3741528735,0.0,255000.0,0.0,0.0,0.0,1597.9429742580367,13,13,0.1015561600690825,0.07938608541095854,133.4887512228438,EXACT_B3_CLOSE
VVAL,2019-08-30,MONTH_END,534055.4950032956,0.0,255000.0,0.0,0.0,0.0,1597.9429742580367,13,13,0.10653522050590633,0.07968776193972904,131.92456126633925,EXACT_B3_CLOSE
VVAL,2019-09-02,BEFORE_DEPOSIT,533762.808804656,0.0,255000.0,0.0,0.0,0.0,1597.9429742580367,13,13,0.11080828147452777,0.07987182271241003,131.79745627660822,EXACT_B3_CLOSE
VVAL,2019-09-02,AFTER_DEPOSIT,536262.808804656,0.0,257500.0,0.0,0.0,0.0,1597.9429742580367,13,13,0.11029170508858781,0.0796705444533517,131.79745627660822,EXACT_B3_CLOSE
VVAL,2019-09-30,MONTH_END,534463.2061670984,0.0,257500.0,0.0,0.0,0.0,1597.9429742580367,13,13,0.10136622851397874,0.07880249714616969,131.0195852274777,EXACT_B3_CLOSE
VVAL,2019-10-01,BEFORE_DEPOSIT,531423.890133978,0.0,257500.0,0.0,0.0,0.0,1597.9429742580367,13,13,0.10178156575845408,0.0788950965695328,129.705853016832,EXACT_B3_CLOSE
VVAL,2019-10-01,AFTER_DEPOSIT,533923.890133978,0.0,260000.0,0.0,0.0,0.0,1597.9429742580367,13,13,0.10130499237580907,0.0787346185620611,129.705853016832,EXACT_B3_CLOSE
VVAL,2019-10-31,MONTH_END,555696.0541634432,0.0,260000.0,0.0,0.0,0.0,1597.9429742580367,13,13,0.1094021311423672,0.07962778965242973,139.07271897436715,EXACT_B3_CLOSE
VVAL,2019-11-01,BEFORE_DEPOSIT,559661.7767401256,0.0,260000.0,0.0,0.0,0.0,1597.9429742580367,13,13,0.11143673703193803,0.07981749280755994,140.77886043785622,EXACT_B3_CLOSE
VVAL,2019-11-01,AFTER_DEPOSIT,562161.7767401256,0.0,262500.0,0.0,0.0,0.0,1597.9429742580367,13,13,0.11094116466450432,0.07965204435626211,140.77886043785622,EXACT_B3_CLOSE
VVAL,2019-11-29,MONTH_END,570491.7732576133,0.0,262500.0,0.0,0.0,0.0,1597.9429742580367,13,13,0.12107459292638426,0.0806873538380559,144.34667161235942,EXACT_B3_CLOSE
VVAL,2019-12-02,BEFORE_DEPOSIT,570282.8242088469,0.0,262500.0,0.0,0.0,0.0,1597.9429742580367,13,13,0.11968276097816401,0.08054343353656979,144.25717688693842,EXACT_B3_CLOSE
VVAL,2019-12-02,AFTER_DEPOSIT,572782.8242088469,0.0,265000.0,0.0,0.0,0.0,1597.9429742580367,13,13,0.11916038689535402,0.0803848094809406,144.25717688693842,EXACT_B3_CLOSE
VVAL,2019-12-30,MONTH_END,636972.6598005721,0.0,265000.0,0.0,0.0,0.0,1597.9429742580367,13,13,0.12278390609212718,0.08066933240807186,171.6302533197519,EXACT_B3_CLOSE
VVAL,2020-01-02,BEFORE_DEPOSIT,641981.8116246515,0.0,265000.0,0.0,0.0,0.0,1597.9429742580367,13,13,0.12113798455401,0.08039472621295604,173.76635313181885,EXACT_B3_CLOSE
VVAL,2020-01-02,AFTER_DEPOSIT,644481.8116246515,0.0,267500.0,0.0,0.0,0.0,1597.9429742580367,13,13,0.12066807996411692,0.08025159232363088,173.76635313181885,EXACT_B3_CLOSE
VVAL,2020-01-31,MONTH_END,630474.5696962218,0.0,267500.0,0.0,0.0,0.0,1597.9429742580367,13,13,0.13186197842714278,0.0821047145577269,167.81628367909912,EXACT_B3_CLOSE
VVAL,2020-02-03,BEFORE_DEPOSIT,636893.7931981904,0.0,267500.0,0.0,0.0,0.0,1597.9429742580367,13,13,0.13334201943502463,0.08228983057006194,170.54307499636204,EXACT_B3_CLOSE
VVAL,2020-02-03,AFTER_DEPOSIT,639393.7931981904,0.0,270000.0,0.0,0.0,0.0,1597.9429742580367,13,13,0.1328206583393528,0.08210399829420134,170.54307499636204,EXACT_B3_CLOSE
VVAL,2020-02-28,MONTH_END,603889.5441709674,0.0,270000.0,0.0,0.0,0.0,1597.9429742580367,13,13,0.1344605841054295,0.08236256648041256,155.52036315673655,EXACT_B3_CLOSE
VVAL,2020-03-02,BEFORE_DEPOSIT,626962.5315866413,0.0,270000.0,0.0,0.0,0.0,1597.9429742580367,13,13,0.1322213541622903,0.08263117326574922,165.28310566564593,EXACT_B3_CLOSE
VVAL,2020-03-02,AFTER_DEPOSIT,629462.5315866413,0.0,272500.0,0.0,0.0,0.0,1597.9429742580367,13,13,0.13169621824264705,0.08243751777444122,165.28310566564593,EXACT_B3_CLOSE
VVAL,2020-03-31,MONTH_END,446638.4622902473,0.0,272500.0,0.0,0.0,0.0,1597.9429742580367,13,13,0.13563458522772104,0.08305294661410442,88.23302808417684,EXACT_B3_CLOSE
VVAL,2020-04-01,BEFORE_DEPOSIT,430645.7391114755,0.0,272500.0,0.0,0.0,0.0,1597.9429742580367,13,13,0.13428221134001195,0.08323334473631182,81.49299343553534,EXACT_B3_CLOSE
VVAL,2020-04-01,AFTER_DEPOSIT,433145.7391114755,0.0,275000.0,0.0,0.0,0.0,1597.9429742580367,13,13,0.13350717075196722,0.082926789477314,81.49299343553534,EXACT_B3_CLOSE
VVAL,2020-04-30,MONTH_END,467561.84769638017,0.0,275000.0,0.0,0.0,0.0,1597.9429742580367,13,13,0.13174453676573977,0.08260641505978948,95.91373455211647,EXACT_B3_CLOSE
VVAL,2020-05-04,BEFORE_DEPOSIT,460468.86470746173,0.0,275000.0,0.0,0.0,0.0,1597.9429742580367,13,13,0.13473294776872927,0.08329257084035206,92.9416939689934,EXACT_B3_CLOSE
VVAL,2020-05-04,AFTER_DEPOSIT,462968.86470746173,0.0,277500.0,0.0,0.0,0.0,1597.9429742580367,13,13,0.13400539912539955,0.08299519183535545,92.9416939689934,EXACT_B3_CLOSE
VVAL,2020-05-29,MONTH_END,505729.8617914501,0.0,277500.0,0.0,0.0,0.0,1597.9429742580367,13,13,0.14172872922091978,0.08468222972281376,110.76228589670572,EXACT_B3_CLOSE
VVAL,2020-06-01,BEFORE_DEPOSIT,508770.362559251,0.0,277500.0,0.0,0.0,0.0,1597.9429742580367,13,13,0.1386338575187942,0.08397725292831411,112.02941077998317,EXACT_B3_CLOSE
VVAL,2020-06-01,AFTER_DEPOSIT,511270.362559251,0.0,280000.0,0.0,0.0,0.0,1597.9429742580367,13,13,0.13795596834473353,0.08370493925688115,112.02941077998317,EXACT_B3_CLOSE
VVAL,2020-06-30,MONTH_END,535034.3758176914,0.0,280000.0,0.0,0.0,0.0,1597.9429742580367,13,13,0.12871747471997474,0.083297961467503,121.88460696959393,EXACT_B3_CLOSE
VVAL,2020-06-30,AFTER_JUNE_REVIEW,535034.3758176914,0.0,280000.0,0.0,0.0,0.0,1597.9429742580367,13,13,0.12871747471997474,0.083297961467503,121.88460696959393,EXACT_B3_CLOSE
VVAL,2020-07-01,BEFORE_DEPOSIT,543568.4566452994,0.0,280000.0,0.0,0.0,0.0,1597.9429742580367,13,13,0.12677992270688443,0.08300415020344284,125.42378362041492,EXACT_B3_CLOSE
VVAL,2020-07-01,AFTER_DEPOSIT,546068.4566452994,0.0,282500.0,0.0,0.0,0.0,1597.9429742580367,13,13,0.12619950132764135,0.08277572079129493,125.42378362041492,EXACT_B3_CLOSE
VVAL,2020-07-31,MONTH_END,564565.7556485723,0.0,282500.0,0.0,0.0,0.0,1597.9429742580367,13,13,0.13313599775100282,0.08318898158722877,133.05969643928037,EXACT_B3_CLOSE
VVAL,2020-08-03,BEFORE_DEPOSIT,559297.0674945561,0.0,282500.0,0.0,0.0,0.0,1597.9429742580367,13,13,0.12785084240115074,0.08245428695233208,130.88471708652517,EXACT_B3_CLOSE
VVAL,2020-08-03,AFTER_DEPOSIT,561797.0674945561,0.0,285000.0,0.0,0.0,0.0,1597.9429742580367,13,13,0.1272819054584424,0.08224591366262643,130.88471708652517,EXACT_B3_CLOSE
VVAL,2020-08-31,MONTH_END,527062.2357811563,0.0,285000.0,0.0,0.0,0.0,1597.9429742580367,13,13,0.13272684934104498,0.08249166789296218,116.6095592809461,EXACT_B3_CLOSE
VVAL,2020-09-01,BEFORE_DEPOSIT,536858.1420840841,0.0,285000.0,0.0,0.0,0.0,1597.9429742580367,13,13,0.13346878520782657,0.08251615195217515,120.63543479048585,EXACT_B3_CLOSE
VVAL,2020-09-01,AFTER_DEPOSIT,539358.1420840841,0.0,287500.0,0.0,0.0,0.0,1597.9429742580367,13,13,0.13285013882616584,0.08229489661434372,120.63543479048585,EXACT_B3_CLOSE
VVAL,2020-09-30,MONTH_END,504110.24238273146,0.0,287500.0,0.0,0.0,0.0,1597.9429742580367,13,13,0.13928648898427382,0.08350506251910775,106.21656341494815,EXACT_B3_CLOSE
VVAL,2020-10-01,BEFORE_DEPOSIT,507996.26415690687,0.0,287500.0,0.0,0.0,0.0,1597.9429742580367,13,13,0.13819869826223274,0.08342296062691865,107.80621978026694,EXACT_B3_CLOSE
VVAL,2020-10-01,AFTER_DEPOSIT,510496.26415690687,0.0,290000.0,0.0,0.0,0.0,1597.9429742580367,13,13,0.13752191222105345,0.08317122462450878,107.80621978026694,EXACT_B3_CLOSE
VVAL,2020-10-30,MONTH_END,500000.77672317816,0.0,290000.0,0.0,0.0,0.0,1597.9429742580367,13,13,0.13986510947505465,0.08300455564815744,103.53385243599958,EXACT_B3_CLOSE
VVAL,2020-11-03,BEFORE_DEPOSIT,510232.59358700836,0.0,290000.0,0.0,0.0,0.0,1597.9429742580367,13,13,0.1442507035725816,0.08346062615275272,107.69888817326994,EXACT_B3_CLOSE
VVAL,2020-11-03,AFTER_DEPOSIT,512732.59358700836,0.0,292500.0,0.0,0.0,0.0,1597.9429742580367,13,13,0.1435473608098199,0.08323383059661793,107.69888817326994,EXACT_B3_CLOSE
VVAL,2020-11-30,MONTH_END,556058.1804595211,0.0,292500.0,0.0,0.0,0.0,1597.9429742580367,13,13,0.1390216535707024,0.08221080437976362,125.24931569714121,EXACT_B3_CLOSE
VVAL,2020-12-01,BEFORE_DEPOSIT,567225.0000927445,0.0,292500.0,0.0,0.0,0.0,1597.9429742580367,13,13,0.13961852493110308,0.0821763671567925,129.77279645740686,EXACT_B3_CLOSE
VVAL,2020-12-01,AFTER_DEPOSIT,569725.0000927445,0.0,295000.0,0.0,0.0,0.0,1597.9429742580367,13,13,0.13900586739936244,0.08201539396105165,129.77279645740686,EXACT_B3_CLOSE
VVAL,2020-12-30,MONTH_END,599390.3360330866,0.0,295000.0,0.0,0.0,0.0,1597.9429742580367,13,13,0.1476038810101317,0.08304725629934523,141.73696723409955,EXACT_B3_CLOSE
VVAL,2021-01-04,BEFORE_DEPOSIT,588289.9550865411,0.0,295000.0,0.0,0.0,0.0,1597.9429742580367,13,13,0.1478002411691,0.08307989688133566,137.2601309158494,EXACT_B3_CLOSE
VVAL,2021-01-04,AFTER_DEPOSIT,590789.9550865411,0.0,297500.0,0.0,0.0,0.0,1597.9429742580367,13,13,0.14717480635975458,0.08293667170097366,137.2601309158494,EXACT_B3_CLOSE
VVAL,2021-01-29,MONTH_END,559789.0412167043,0.0,297500.0,0.0,0.0,0.0,1597.9429742580367,13,13,0.13767325421566418,0.08211879258871455,124.81022241632007,EXACT_B3_CLOSE
VVAL,2021-02-01,BEFORE_DEPOSIT,566187.424982897,0.0,297500.0,0.0,0.0,0.0,1597.9429742580367,13,13,0.13636764903407608,0.08189895608471369,127.37980126062247,EXACT_B3_CLOSE
VVAL,2021-02-01,AFTER_DEPOSIT,568687.424982897,0.0,300000.0,0.0,0.0,0.0,1597.9429742580367,13,13,0.1357681648401088,0.08175363970799705,127.37980126062247,EXACT_B3_CLOSE
VVAL,2021-02-26,MONTH_END,514510.4186441843,0.0,300000.0,0.0,0.0,0.0,1597.9429742580367,13,13,0.1344153967760568,0.08175665161502914,105.7180651415893,EXACT_B3_CLOSE
VVAL,2021-03-01,BEFORE_DEPOSIT,505698.3429105926,0.0,300000.0,0.0,0.0,0.0,1597.9429742580367,13,13,0.13771482359735288,0.0824145260740981,102.19470953185717,EXACT_B3_CLOSE
VVAL,2021-03-01,AFTER_DEPOSIT,508198.3429105926,0.0,302500.0,0.0,0.0,0.0,1597.9429742580367,13,13,0.13703735767524547,0.08224020231525905,102.19470953185717,EXACT_B3_CLOSE
VVAL,2021-03-31,MONTH_END,566583.9929036035,0.0,302500.0,0.0,0.0,0.0,1597.9429742580367,13,13,0.1485658710734088,0.08411909810135265,125.42435934447451,EXACT_B3_CLOSE
VVAL,2021-04-01,BEFORE_DEPOSIT,552020.3765881736,0.0,302500.0,0.0,0.0,0.0,1597.9429742580367,13,13,0.13813165955844733,0.08259774880022758,119.62999536885283,EXACT_B3_CLOSE
VVAL,2021-04-01,AFTER_DEPOSIT,554520.3765881736,0.0,305000.0,0.0,0.0,0.0,1597.9429742580367,13,13,0.13750890670124696,0.08241622832124514,119.62999536885283,EXACT_B3_CLOSE
VVAL,2021-04-30,MONTH_END,545583.1638656091,0.0,305000.0,0.0,0.0,0.0,1597.9429742580367,13,13,0.1393120921403482,0.0821000700692769,116.09021563894571,EXACT_B3_CLOSE
VVAL,2021-05-03,BEFORE_DEPOSIT,547462.9832140453,0.0,305000.0,0.0,0.0,0.0,1597.9429742580367,13,13,0.13595060857308866,0.08191647690441325,116.83475945053941,EXACT_B3_CLOSE
VVAL,2021-05-03,AFTER_DEPOSIT,549962.9832140453,0.0,307500.0,0.0,0.0,0.0,1597.9429742580367,13,13,0.13533260966805974,0.08173307612594134,116.83475945053941,EXACT_B3_CLOSE
VVAL,2021-05-31,MONTH_END,567516.5308159724,0.0,307500.0,0.0,0.0,0.0,1597.9429742580367,13,13,0.13649527049540955,0.08157296105039241,123.75562392313259,EXACT_B3_CLOSE
VVAL,2021-06-01,BEFORE_DEPOSIT,576246.4440029446,0.0,307500.0,0.0,0.0,0.0,1597.9429742580367,13,13,0.13421671807859553,0.08132540356155984,127.19758035237922,EXACT_B3_CLOSE
VVAL,2021-06-01,AFTER_DEPOSIT,578746.4440029446,0.0,310000.0,0.0,0.0,0.0,1597.9429742580367,13,13,0.13363694467579812,0.08117951951250074,127.19758035237922,EXACT_B3_CLOSE
VVAL,2021-06-30,MONTH_END,554658.0295499908,0.0,310000.0,0.0,0.0,0.0,1597.9429742580367,13,13,0.12980900768980078,0.08077154107607007,117.7412294150272,EXACT_B3_CLOSE
VVAL,2021-06-30,AFTER_JUNE_REVIEW,554658.0295499908,0.0,310000.0,0.0,0.0,0.0,1597.9429742580367,14,13,0.12980900768980078,0.08077154107607007,117.7412294150272,EXACT_B3_CLOSE
VVAL,2021-07-01,BEFORE_DEPOSIT,551897.4187081091,0.0,310000.0,0.0,0.0,0.0,1597.9429742580367,14,13,0.13045831703942812,0.08090775006884925,116.65750076309465,EXACT_B3_CLOSE
VVAL,2021-07-01,AFTER_DEPOSIT,554397.4187081091,0.0,312500.0,0.0,0.0,0.0,1597.9429742580367,14,14,0.1298700282386639,0.0803855155018354,116.65750076309465,EXACT_B3_CLOSE
VVAL,2021-07-30,MONTH_END,544441.4327074541,0.0,312500.0,0.0,0.0,0.0,1597.9429742580367,14,14,0.1364820996518632,0.08138195033398324,112.76671958023718,EXACT_B3_CLOSE
VVAL,2021-08-02,BEFORE_DEPOSIT,551764.820413782,0.0,312500.0,0.0,0.0,0.0,1597.9429742580367,14,14,0.13973176964980394,0.0819806859287225,115.62868614795593,EXACT_B3_CLOSE
VVAL,2021-08-02,AFTER_DEPOSIT,554264.820413782,0.0,315000.0,0.0,0.0,0.0,1597.9429742580367,14,14,0.1391015123950431,0.08148982255384365,115.62868614795593,EXACT_B3_CLOSE
VVAL,2021-08-31,MONTH_END,570549.9613523509,0.0,315000.0,0.0,0.0,0.0,1597.9429742580367,14,14,0.14555859755836376,0.08290149060405043,121.96418393707482,EXACT_B3_CLOSE
VVAL,2021-09-01,BEFORE_DEPOSIT,576805.9772062846,0.0,315000.0,0.0,0.0,0.0,1597.9429742580367,14,14,0.14945279371048836,0.08343948799538542,124.39799613193401,EXACT_B3_CLOSE
VVAL,2021-09-01,AFTER_DEPOSIT,579305.9772062846,0.0,317500.0,0.0,0.0,0.0,1597.9429742580367,14,14,0.14880782887501737,0.08298266142852516,124.39799613193401,EXACT_B3_CLOSE
VVAL,2021-09-30,MONTH_END,553373.2191367276,0.0,317500.0,0.0,0.0,0.0,1597.9429742580367,14,14,0.15973080599164147,0.08402133264232231,114.35277102818775,EXACT_B3_CLOSE
VVAL,2021-10-01,BEFORE_DEPOSIT,559757.6342299025,0.0,317500.0,0.0,0.0,0.0,1597.9429742580367,14,14,0.15929785950152503,0.08390207883290252,116.8258163785774,EXACT_B3_CLOSE
VVAL,2021-10-01,AFTER_DEPOSIT,562257.6342299025,0.0,320000.0,0.0,0.0,0.0,1597.9429742580367,14,14,0.1585895638297388,0.08343530327693569,116.8258163785774,EXACT_B3_CLOSE
VVAL,2021-10-29,MONTH_END,533698.7614612255,0.0,320000.0,0.0,0.0,0.0,1597.9429742580367,14,15,0.14545430000946355,0.08132550224271987,105.8125361206728,EXACT_B3_CLOSE
VVAL,2021-11-01,BEFORE_DEPOSIT,541843.2685605186,0.0,320000.0,0.0,0.0,0.0,1597.9429742580367,14,15,0.14399398013779904,0.08105484586731106,108.95333722909011,EXACT_B3_CLOSE
VVAL,2021-11-01,AFTER_DEPOSIT,544343.2685605186,0.0,322500.0,0.0,0.0,0.0,1597.9429742580367,14,15,0.14333266039502632,0.0806296221586476,108.95333722909011,EXACT_B3_CLOSE
VVAL,2021-11-30,MONTH_END,540356.8043483731,0.0,322500.0,0.0,0.0,0.0,1597.9429742580367,14,15,0.1490008683492075,0.08204137251263606,107.42308040590034,EXACT_B3_CLOSE
VVAL,2021-12-01,BEFORE_DEPOSIT,537038.2689022042,0.0,322500.0,0.0,0.0,0.0,1597.9429742580367,14,15,0.14918907761163158,0.0820883836334528,106.14921684178627,EXACT_B3_CLOSE
VVAL,2021-12-01,AFTER_DEPOSIT,539538.2689022042,0.0,325000.0,0.0,0.0,0.0,1597.9429742580367,14,15,0.148497796352217,0.08165733120805639,106.14921684178627,EXACT_B3_CLOSE
VVAL,2021-12-30,MONTH_END,543975.6005466171,0.0,325000.0,0.0,0.0,0.0,1597.9429742580367,14,15,0.155241381870593,0.08273942056940278,107.84465254317635,EXACT_B3_CLOSE
VVAL,2022-01-03,BEFORE_DEPOSIT,540516.4219647102,0.0,325000.0,0.0,0.0,0.0,1597.9429742580367,14,15,0.1585937737574869,0.08333639022326823,106.5229539785371,EXACT_B3_CLOSE
VVAL,2022-01-03,AFTER_DEPOSIT,543016.4219647102,0.0,327500.0,0.0,0.0,0.0,1597.9429742580367,14,15,0.15786362192716255,0.0829226053343806,106.5229539785371,EXACT_B3_CLOSE
VVAL,2022-01-31,MONTH_END,592873.8187031614,0.0,327500.0,0.0,0.0,0.0,1597.9429742580367,14,15,0.16145303954148335,0.08346266912549331,125.4849898131992,EXACT_B3_CLOSE
VVAL,2022-02-01,BEFORE_DEPOSIT,591478.3187027156,0.0,327500.0,0.0,0.0,0.0,1597.9429742580367,14,15,0.16205935806830762,0.08360741041870923,124.95424567598441,EXACT_B3_CLOSE
VVAL,2022-02-01,AFTER_DEPOSIT,593978.3187027156,0.0,330000.0,0.0,0.0,0.0,1597.9429742580367,14,15,0.16137726516623732,0.08324165919600135,124.95424567598441,EXACT_B3_CLOSE
VVAL,2022-02-25,MONTH_END,595151.8317908103,0.0,330000.0,0.0,0.0,0.0,1597.9429742580367,14,15,0.15523495267399356,0.08204441985948292,125.3986840388186,EXACT_B3_CLOSE
VVAL,2022-03-02,BEFORE_DEPOSIT,597129.6878448905,0.0,330000.0,0.0,0.0,0.0,1597.9429742580367,14,15,0.15851623131831558,0.0826987450705627,126.14774692999116,EXACT_B3_CLOSE
VVAL,2022-03-02,AFTER_DEPOSIT,599629.6878448905,0.0,332500.0,0.0,0.0,0.0,1597.9429742580367,14,15,0.15785533912713656,0.08235790490510775,126.14774692999116,EXACT_B3_CLOSE
VVAL,2022-03-31,MONTH_END,642622.8384536525,0.0,332500.0,0.0,0.0,0.0,1597.9429742580367,14,15,0.15683742129087738,0.0824386707979037,142.36242799179396,EXACT_B3_CLOSE
VVAL,2022-04-01,BEFORE_DEPOSIT,654349.6273443669,0.0,332500.0,0.0,0.0,0.0,1597.9429742580367,14,15,0.15524912657860418,0.08226167336870936,146.78513577314175,EXACT_B3_CLOSE
VVAL,2022-04-01,AFTER_DEPOSIT,656849.6273443669,0.0,335000.0,0.0,0.0,0.0,1597.9429742580367,14,15,0.1546582412369839,0.08197069456821937,146.78513577314175,EXACT_B3_CLOSE
VVAL,2022-04-29,MONTH_END,623757.5015788232,0.0,335000.0,0.0,0.0,0.0,1597.9429742580367,14,15,0.1590161401530728,0.08303555405764873,134.3520850259118,EXACT_B3_CLOSE
VVAL,2022-05-02,BEFORE_DEPOSIT,614617.3690814966,0.0,335000.0,0.0,0.0,0.0,1597.9429742580367,14,15,0.15852409388997468,0.08285426262407725,130.9180435871478,EXACT_B3_CLOSE
VVAL,2022-05-02,AFTER_DEPOSIT,617117.3690814966,0.0,337500.0,0.0,0.0,0.0,1597.9429742580367,14,15,0.15788189800539798,0.0825484400554805,130.9180435871478,EXACT_B3_CLOSE
VVAL,2022-05-31,MONTH_END,652605.5210310337,0.0,337500.0,0.0,0.0,0.0,1597.9429742580367,14,15,0.162049269908346,0.0833776629392092,144.19729163506378,EXACT_B3_CLOSE
VVAL,2022-06-01,BEFORE_DEPOSIT,649993.8779287671,0.0,337500.0,0.0,0.0,0.0,1597.9429742580367,14,15,0.16181733443389404,0.08336005625020892,143.22004557793062,EXACT_B3_CLOSE
VVAL,2022-06-01,AFTER_DEPOSIT,652493.8779287671,0.0,340000.0,0.0,0.0,0.0,1597.9429742580367,14,15,0.16119733882969176,0.08306386695574196,143.22004557793062,EXACT_B3_CLOSE
VVAL,2022-06-30,MONTH_END,602097.5296463224,0.0,340000.0,0.0,0.0,0.0,1597.9429742580367,14,15,0.16277368398555886,0.08371609188381579,124.43457870868345,EXACT_B3_CLOSE
VVAL,2022-06-30,AFTER_JUNE_REVIEW,602097.5296463224,0.0,340000.0,0.0,0.0,0.0,1597.9429742580367,15,15,0.16277368398555886,0.08371609188381579,124.43457870868345,EXACT_B3_CLOSE
VVAL,2022-07-01,BEFORE_DEPOSIT,609888.1576553751,0.0,340000.0,0.0,0.0,0.0,1597.9429742580367,15,15,0.16422359554557173,0.0840338547863435,127.33857055218904,EXACT_B3_CLOSE
VVAL,2022-07-01,AFTER_DEPOSIT,612388.1576553751,0.0,342500.0,0.0,0.0,0.0,1597.9429742580367,15,16,0.16355317273655495,0.08354614470705009,127.33857055218904,EXACT_B3_CLOSE
VVAL,2022-07-29,MONTH_END,636558.3247548167,0.0,342500.0,0.0,0.0,0.0,1597.9429742580367,15,16,0.15756846639870165,0.08258963957690188,136.3113293648878,EXACT_B3_CLOSE
VVAL,2022-08-01,BEFORE_DEPOSIT,634399.0030294263,0.0,342500.0,0.0,0.0,0.0,1597.9429742580367,15,16,0.15584291556528165,0.08225252563716604,135.50971831432142,EXACT_B3_CLOSE
VVAL,2022-08-01,AFTER_DEPOSIT,636899.0030294263,0.0,345000.0,0.0,0.0,0.0,1597.9429742580367,15,16,0.15523119017858764,0.08181302806872223,135.50971831432142,EXACT_B3_CLOSE
VVAL,2022-08-31,MONTH_END,668269.0081327362,0.0,345000.0,0.0,0.0,0.0,1597.9429742580367,15,16,0.14966208523746424,0.08094684877286844,147.1095811344207,EXACT_B3_CLOSE
VVAL,2022-09-01,BEFORE_DEPOSIT,677099.2593886848,0.0,345000.0,0.0,0.0,0.0,1597.9429742580367,15,16,0.15046529619921187,0.08111365280132414,150.3747926923622,EXACT_B3_CLOSE
VVAL,2022-09-01,AFTER_DEPOSIT,679599.2593886848,0.0,347500.0,0.0,0.0,0.0,1597.9429742580367,15,16,0.1499117887677347,0.08071330567936238,150.3747926923622,EXACT_B3_CLOSE
VVAL,2022-09-30,MONTH_END,658730.9084141281,0.0,347500.0,0.0,0.0,0.0,1597.9429742580367,15,16,0.1433336586461709,0.07925994555879759,142.68657205806372,EXACT_B3_CLOSE
VVAL,2022-10-03,BEFORE_DEPOSIT,699763.602634348,0.0,347500.0,0.0,0.0,0.0,1597.9429742580367,15,16,0.1402604044047938,0.07889372623169333,157.80364607935962,EXACT_B3_CLOSE
VVAL,2022-10-03,AFTER_DEPOSIT,702263.602634348,0.0,350000.0,0.0,0.0,0.0,1597.9429742580367,15,16,0.1397610890341885,0.07852533098696743,157.80364607935962,EXACT_B3_CLOSE
VVAL,2022-10-31,MONTH_END,710213.1794256129,0.0,350000.0,0.0,0.0,0.0,1597.9429742580367,15,16,0.14951106219888904,0.08004100562618728,160.72196602914497,EXACT_B3_CLOSE
VVAL,2022-11-01,BEFORE_DEPOSIT,724826.893975398,0.0,350000.0,0.0,0.0,0.0,1597.9429742580367,15,16,0.15956259004229634,0.08167454823655172,166.08671635874344,EXACT_B3_CLOSE
VVAL,2022-11-01,AFTER_DEPOSIT,727326.893975398,0.0,352500.0,0.0,0.0,0.0,1597.9429742580367,15,16,0.15901413448756577,0.08130733797267481,166.08671635874344,EXACT_B3_CLOSE
VVAL,2022-11-30,MONTH_END,702320.2178541445,0.0,352500.0,0.0,0.0,0.0,1597.9429742580367,15,16,0.1678646920022083,0.08350838545846748,156.9382242690559,EXACT_B3_CLOSE
VVAL,2022-12-01,BEFORE_DEPOSIT,700801.6540462198,0.0,352500.0,0.0,0.0,0.0,1597.9429742580367,15,16,0.16906125125936713,0.08378131469823663,156.38266986761838,EXACT_B3_CLOSE
VVAL,2022-12-01,AFTER_DEPOSIT,703301.6540462198,0.0,355000.0,0.0,0.0,0.0,1597.9429742580367,15,16,0.1684602955731167,0.083409741314159,156.38266986761838,EXACT_B3_CLOSE
VVAL,2022-12-29,MONTH_END,687972.0582258484,0.0,355000.0,0.0,0.0,0.0,1597.9429742580367,15,16,0.16776016768291308,0.08328903184517536,150.7943953600768,EXACT_B3_CLOSE
VVAL,2023-01-02,BEFORE_DEPOSIT,669163.2469727633,0.0,355000.0,0.0,0.0,0.0,1597.9429742580367,15,16,0.16658828095214587,0.08291863057146545,143.9378022917131,EXACT_B3_CLOSE
VVAL,2023-01-02,AFTER_DEPOSIT,671663.2469727633,0.0,357500.0,0.0,0.0,0.0,1597.9429742580367,15,16,0.1659682221589077,0.08254580113549831,143.9378022917131,EXACT_B3_CLOSE
VVAL,2023-01-31,MONTH_END,712974.2014934663,0.0,357500.0,0.0,0.0,0.0,1597.9429742580367,15,16,0.1590121725292078,0.08196546853162616,158.94130814345107,EXACT_B3_CLOSE
VVAL,2023-02-01,BEFORE_DEPOSIT,708416.56006247,0.0,357500.0,0.0,0.0,0.0,1597.9429742580367,15,16,0.16065308357871522,0.08221073106966531,157.2860425928619,EXACT_B3_CLOSE
VVAL,2023-02-01,AFTER_DEPOSIT,710916.56006247,0.0,360000.0,0.0,0.0,0.0,1597.9429742580367,15,16,0.160088133018397,0.08186472227019813,157.2860425928619,EXACT_B3_CLOSE
VVAL,2023-02-28,MONTH_END,687065.4951723731,0.0,360000.0,0.0,0.0,0.0,1597.9429742580367,15,16,0.1497180445930225,0.0799973903915018,148.65416307009576,EXACT_B3_CLOSE
VVAL,2023-03-01,BEFORE_DEPOSIT,684136.6107985087,0.0,360000.0,0.0,0.0,0.0,1597.9429742580367,15,16,0.1495059076936175,0.0797772311589251,147.59417781711838,EXACT_B3_CLOSE
VVAL,2023-03-01,AFTER_DEPOSIT,686636.6107985087,0.0,362500.0,0.0,0.0,0.0,1597.9429742580367,15,16,0.1489615662423229,0.07944207986392232,147.59417781711838,EXACT_B3_CLOSE
VVAL,2023-03-31,MONTH_END,694134.8723603471,0.0,362500.0,0.0,0.0,0.0,1597.9429742580367,15,16,0.14588101456904098,0.07873295373940827,150.29797466870494,EXACT_B3_CLOSE
VVAL,2023-04-03,BEFORE_DEPOSIT,689472.7955419676,0.0,362500.0,0.0,0.0,0.0,1597.9429742580367,15,16,0.1481371800005699,0.07912228974395118,148.6168771877178,EXACT_B3_CLOSE
VVAL,2023-04-03,AFTER_DEPOSIT,691972.7955419676,0.0,365000.0,0.0,0.0,0.0,1597.9429742580367,15,16,0.14760198128699714,0.07880321445981474,148.6168771877178,EXACT_B3_CLOSE
VVAL,2023-04-28,MONTH_END,737975.9840038919,0.0,365000.0,0.0,0.0,0.0,1597.9429742580367,15,16,0.15856791196795267,0.08054919761211396,165.14522791156935,EXACT_B3_CLOSE
VVAL,2023-05-02,BEFORE_DEPOSIT,730971.1622618181,0.0,365000.0,0.0,0.0,0.0,1597.9429742580367,15,16,0.16008745201917912,0.0808258407938703,162.62848604253816,EXACT_B3_CLOSE
VVAL,2023-05-02,AFTER_DEPOSIT,733471.1622618181,0.0,367500.0,0.0,0.0,0.0,1597.9429742580367,15,16,0.15954180189598438,0.08052013017999704,162.62848604253816,EXACT_B3_CLOSE
VVAL,2023-05-31,MONTH_END,762007.8423247193,0.0,367500.0,0.0,0.0,0.0,1597.9429742580367,15,16,0.14207826080309927,0.07668762604888683,172.84639980275873,EXACT_B3_CLOSE
VVAL,2023-06-01,BEFORE_DEPOSIT,764451.2664286143,0.0,367500.0,0.0,0.0,0.0,1597.9429742580367,15,16,0.14219673879169106,0.07664974106023352,173.72129823937473,EXACT_B3_CLOSE
VVAL,2023-06-01,AFTER_DEPOSIT,766951.2664286143,0.0,370000.0,0.0,0.0,0.0,1597.9429742580367,15,16,0.14173322583781772,0.07639101552699422,173.72129823937473,EXACT_B3_CLOSE
VVAL,2023-06-30,MONTH_END,838724.6296823464,0.0,370000.0,0.0,0.0,0.0,1597.9429742580367,15,16,0.14421761260472574,0.07698983400728218,199.33687386818994,EXACT_B3_CLOSE
VVAL,2023-06-30,AFTER_JUNE_REVIEW,838724.6296823464,0.0,370000.0,0.0,0.0,0.0,1597.9429742580367,15,16,0.14421761260472574,0.07698983400728218,199.33687386818994,EXACT_B3_CLOSE
VVAL,2023-07-03,BEFORE_DEPOSIT,841077.1522577744,0.0,370000.0,0.0,0.0,0.0,1597.9429742580367,15,16,0.1417324808117019,0.07661823252904275,200.1764781059952,EXACT_B3_CLOSE
VVAL,2023-07-03,AFTER_DEPOSIT,843577.1522577744,0.0,372500.0,0.0,0.0,0.0,1597.9429742580367,15,16,0.14131244667364953,0.07637888328947447,200.1764781059952,EXACT_B3_CLOSE
VVAL,2023-07-31,MONTH_END,840278.0245924325,0.0,372500.0,0.0,0.0,0.0,1597.9429742580367,15,16,0.14516651121624036,0.07713662248141905,199.00252440092646,EXACT_B3_CLOSE
VVAL,2023-08-01,BEFORE_DEPOSIT,834028.5552810224,0.0,372500.0,0.0,0.0,0.0,1597.9429742580367,15,16,0.14747887714288122,0.07757512243855061,196.77872817445237,EXACT_B3_CLOSE
VVAL,2023-08-01,AFTER_DEPOSIT,836528.5552810224,0.0,375000.0,0.0,0.0,0.0,1597.9429742580367,15,16,0.14703813045165398,0.07732515474743024,196.77872817445237,EXACT_B3_CLOSE
VVAL,2023-08-31,MONTH_END,,0.0,375000.0,0.0,0.0,0.0,1597.9429742580367,15,16,,,196.77872817445237,MISSING_EXACT_CLOSE:ENBR3
VVAL,2023-09-01,BEFORE_DEPOSIT,,0.0,375000.0,0.0,0.0,0.0,1597.9429742580367,15,16,,,,MISSING_EXACT_CLOSE:ENBR3
VVAL,2023-09-01,AFTER_DEPOSIT,,2500.0,377500.0,0.0,0.0,2500.0,1597.9429742580367,15,16,,,,MISSING_EXACT_CLOSE:ENBR3
VVAL,2023-09-29,MONTH_END,824427.0150096533,4200.227258019491,377500.0,4200.227258019494,4200.227258019494,0.0,1597.9429742580367,14,15,0.1585765493024278,0.08126189248492681,,EXACT_B3_CLOSE
VVAL,2023-10-02,BEFORE_DEPOSIT,817616.3903019328,4200.227258019491,377500.0,4200.227258019494,4200.227258019494,0.0,1597.9429742580367,14,15,0.15712998652920407,0.08107900288347243,,EXACT_B3_CLOSE
VVAL,2023-10-02,AFTER_DEPOSIT,820116.3903019328,4200.227258019494,380000.0,4200.227258019494,4200.227258019494,0.0,1597.9429742580367,14,15,0.15665099967932733,0.08090844475010296,,EXACT_B3_CLOSE
VVAL,2023-10-31,MONTH_END,797152.34246103,0.0,380000.0,0.0,0.0,0.0,5798.17023227753,14,15,0.15668178142401498,0.08107011485351054,,EXACT_B3_CLOSE
VVAL,2023-11-01,BEFORE_DEPOSIT,810606.4993490926,0.0,380000.0,0.0,0.0,0.0,5798.17023227753,14,15,0.15793785527641002,0.0812279780023592,,EXACT_B3_CLOSE
VVAL,2023-11-01,AFTER_DEPOSIT,813106.4993490926,0.0,382500.0,0.0,0.0,0.0,5798.17023227753,14,15,0.15745225512623645,0.08106195554944007,,EXACT_B3_CLOSE
VVAL,2023-11-30,MONTH_END,903392.5840744936,0.0,382500.0,0.0,0.0,0.0,5798.17023227753,14,15,0.1558879269776396,0.08085349898055261,,EXACT_B3_CLOSE
VVAL,2023-12-01,BEFORE_DEPOSIT,906326.1347682804,0.0,382500.0,0.0,0.0,0.0,5798.17023227753,14,15,0.1539050796238532,0.0805092709884826,,EXACT_B3_CLOSE
VVAL,2023-12-01,AFTER_DEPOSIT,908826.1347682804,0.0,385000.0,0.0,0.0,0.0,5798.17023227753,14,15,0.15348171734988236,0.08037137167632052,,EXACT_B3_CLOSE
VVAL,2023-12-28,MONTH_END,981225.3472294174,0.0,385000.0,0.0,0.0,0.0,5798.17023227753,14,15,0.15717695229782028,0.08082547209558329,,EXACT_B3_CLOSE
VVAL,2024-01-02,BEFORE_DEPOSIT,966261.0345494876,0.0,385000.0,0.0,0.0,0.0,5798.17023227753,14,15,0.15637576316853738,0.08069216846488313,,EXACT_B3_CLOSE
VVAL,2024-01-02,AFTER_DEPOSIT,968761.0345494876,0.0,387500.0,0.0,0.0,0.0,5798.17023227753,14,15,0.15597221740856249,0.08056587105570226,,EXACT_B3_CLOSE
VVAL,2024-01-31,MONTH_END,961956.5159874572,0.0,387500.0,0.0,0.0,0.0,5798.17023227753,14,15,0.15676599782022407,0.0813747133274264,,EXACT_B3_CLOSE
VVAL,2024-02-01,BEFORE_DEPOSIT,966035.190542022,0.0,387500.0,0.0,0.0,0.0,5798.17023227753,14,15,0.1577992286738751,0.08165013849923478,,EXACT_B3_CLOSE
VVAL,2024-02-01,AFTER_DEPOSIT,968535.190542022,0.0,390000.0,0.0,0.0,0.0,5798.17023227753,14,15,0.15739191454059728,0.08150947293547743,,EXACT_B3_CLOSE
VVAL,2024-02-29,MONTH_END,965386.4134498572,0.0,390000.0,0.0,0.0,0.0,5798.17023227753,14,15,0.15759686713054913,0.0818987128695305,,EXACT_B3_CLOSE
VVAL,2024-03-01,BEFORE_DEPOSIT,961180.8222372665,0.0,390000.0,0.0,0.0,0.0,5798.17023227753,14,15,0.15596323687746816,0.08161005368397695,,EXACT_B3_CLOSE
VVAL,2024-03-01,AFTER_DEPOSIT,963680.8222372665,0.0,392500.0,0.0,0.0,0.0,5798.17023227753,14,15,0.15555863393923758,0.08146235928380956,,EXACT_B3_CLOSE
VVAL,2024-03-28,MONTH_END,963700.472703167,0.0,392500.0,0.0,0.0,0.0,5798.17023227753,14,15,0.14860412556475808,0.08053770985787079,,EXACT_B3_CLOSE
VVAL,2024-04-01,BEFORE_DEPOSIT,951127.278474657,0.0,392500.0,0.0,0.0,0.0,5798.17023227753,14,15,0.14947294819258866,0.08079729375906178,,EXACT_B3_CLOSE
VVAL,2024-04-01,AFTER_DEPOSIT,953627.278474657,0.0,395000.0,0.0,0.0,0.0,5798.17023227753,14,15,0.14908109449993928,0.08064848617796985,,EXACT_B3_CLOSE
VVAL,2024-04-30,MONTH_END,933225.6230721312,0.0,395000.0,0.0,0.0,0.0,5798.17023227753,14,15,0.14572101141393196,0.07985251440589469,,EXACT_B3_CLOSE
VVAL,2024-05-02,BEFORE_DEPOSIT,944295.3526979765,0.0,395000.0,0.0,0.0,0.0,5798.17023227753,14,15,0.14860722832023865,0.08023069044833075,,EXACT_B3_CLOSE
VVAL,2024-05-02,AFTER_DEPOSIT,946795.3526979765,0.0,397500.0,0.0,0.0,0.0,5798.17023227753,14,15,0.1482148329945308,0.0800948282897475,,EXACT_B3_CLOSE
VVAL,2024-05-31,MONTH_END,938559.9593885698,0.0,397500.0,0.0,0.0,0.0,5798.17023227753,14,15,0.14473340324433134,0.07935220432098201,,EXACT_B3_CLOSE
VVAL,2024-06-03,BEFORE_DEPOSIT,946538.0800566521,0.0,397500.0,0.0,0.0,0.0,5798.17023227753,14,15,0.1477809548569461,0.07973229077622966,,EXACT_B3_CLOSE
VVAL,2024-06-03,AFTER_DEPOSIT,949038.0800566521,0.0,400000.0,0.0,0.0,0.0,5798.17023227753,14,15,0.1473916634313372,0.07959371638947137,,EXACT_B3_CLOSE
VVAL,2024-06-28,MONTH_END,957441.2349765601,0.0,400000.0,0.0,0.0,0.0,5798.17023227753,14,15,0.1453167810149158,0.07934922188613253,,EXACT_B3_CLOSE
VVAL,2024-06-28,AFTER_JUNE_REVIEW,957441.2349765601,0.0,400000.0,0.0,0.0,0.0,5798.17023227753,14,15,0.1453167810149158,0.07934922188613253,,EXACT_B3_CLOSE
VVAL,2024-07-01,BEFORE_DEPOSIT,954909.7969827893,0.0,400000.0,0.0,0.0,0.0,5798.17023227753,14,15,0.14648535570711463,0.07965801550570659,,EXACT_B3_CLOSE
VVAL,2024-07-01,AFTER_DEPOSIT,957409.7969827893,0.0,402500.0,0.0,0.0,0.0,5798.17023227753,14,15,0.14610285138094012,0.07952017090221737,,EXACT_B3_CLOSE
VVAL,2024-07-31,MONTH_END,999294.0134217622,0.0,402500.0,0.0,0.0,0.0,5798.17023227753,14,15,0.15105768640047063,0.0806987164352979,,EXACT_B3_CLOSE
VVAL,2024-08-01,BEFORE_DEPOSIT,998905.0824848431,0.0,402500.0,0.0,0.0,0.0,5798.17023227753,14,15,0.1530634934050749,0.08111636928749316,,EXACT_B3_CLOSE
VVAL,2024-08-01,AFTER_DEPOSIT,1001405.0824848431,0.0,405000.0,0.0,0.0,0.0,5798.17023227753,14,15,0.15268137158423975,0.0809783775414451,,EXACT_B3_CLOSE
VVAL,2024-08-30,MONTH_END,1076796.3940428372,0.0,405000.0,0.0,0.0,0.0,5798.17023227753,14,15,0.1449091016414368,0.0794392924818,,EXACT_B3_CLOSE
VVAL,2024-09-02,BEFORE_DEPOSIT,1078599.9339187865,0.0,405000.0,0.0,0.0,0.0,5798.17023227753,14,15,0.14633122843020122,0.07969440554683853,,EXACT_B3_CLOSE
VVAL,2024-09-02,AFTER_DEPOSIT,1081099.9339187865,0.0,407500.0,0.0,0.0,0.0,5798.17023227753,14,15,0.14599284336551116,0.07957854504735348,,EXACT_B3_CLOSE
VVAL,2024-09-30,MONTH_END,1056233.561386253,0.0,407500.0,0.0,0.0,0.0,5798.17023227753,14,15,0.14433084999139734,0.07952215780072218,,EXACT_B3_CLOSE
VVAL,2024-10-01,BEFORE_DEPOSIT,1054420.453209009,0.0,407500.0,0.0,0.0,0.0,5798.17023227753,14,15,0.14513730258197538,0.07961513969493413,,EXACT_B3_CLOSE
VVAL,2024-10-01,AFTER_DEPOSIT,1056920.453209009,0.0,410000.0,0.0,0.0,0.0,5798.17023227753,14,15,0.14479400024985256,0.07948958192349462,,EXACT_B3_CLOSE
VVAL,2024-10-31,MONTH_END,1024335.0650727462,0.0,410000.0,0.0,0.0,0.0,5798.17023227753,14,15,0.14568735406575548,0.08066806416776594,,EXACT_B3_CLOSE
VVAL,2024-11-01,BEFORE_DEPOSIT,1010693.3828626544,0.0,410000.0,0.0,0.0,0.0,5798.17023227753,14,15,0.14389090966096385,0.08031689830050157,,EXACT_B3_CLOSE
VVAL,2024-11-01,AFTER_DEPOSIT,1013193.3828626544,0.0,412500.0,0.0,0.0,0.0,5798.17023227753,14,15,0.14353586660577133,0.08016704382490117,,EXACT_B3_CLOSE
VVAL,2024-11-29,MONTH_END,1010036.9208929997,0.0,412500.0,0.0,0.0,0.0,5798.17023227753,14,15,0.14624359984099122,0.08142128936916014,,EXACT_B3_CLOSE
VVAL,2024-12-02,BEFORE_DEPOSIT,1003261.1502284732,0.0,412500.0,0.0,0.0,0.0,5798.17023227753,14,15,0.14707966340343895,0.08173506247054375,,EXACT_B3_CLOSE
VVAL,2024-12-02,AFTER_DEPOSIT,1005761.1502284732,0.0,415000.0,0.0,0.0,0.0,5798.17023227753,14,15,0.14671407048068083,0.08156544096117284,,EXACT_B3_CLOSE
VVAL,2024-12-30,MONTH_END,964615.3627099867,0.0,415000.0,0.0,0.0,0.0,5798.17023227753,14,15,0.14758369694508094,0.08177860262483552,,EXACT_B3_CLOSE
VVAL,2025-01-02,BEFORE_DEPOSIT,959050.8571483581,0.0,415000.0,0.0,0.0,0.0,5798.17023227753,14,15,0.1474666147920301,0.08179959565956102,,EXACT_B3_CLOSE
VVAL,2025-01-02,AFTER_DEPOSIT,961550.8571483581,0.0,417500.0,0.0,0.0,0.0,5798.17023227753,14,15,0.14708320653625317,0.08162175267465352,,EXACT_B3_CLOSE
VVAL,2025-01-31,MONTH_END,1027270.2743696695,0.0,417500.0,0.0,0.0,0.0,5798.17023227753,14,15,0.14691240838923064,0.08225612906201733,,EXACT_B3_CLOSE
VVAL,2025-02-03,BEFORE_DEPOSIT,1033792.1913222389,0.0,417500.0,0.0,0.0,0.0,5798.17023227753,14,15,0.14718958227180695,0.08248567423317746,,EXACT_B3_CLOSE
VVAL,2025-02-03,AFTER_DEPOSIT,1036292.1913222389,0.0,420000.0,0.0,0.0,0.0,5798.17023227753,14,15,0.14683449520393085,0.08231110539575559,,EXACT_B3_CLOSE
VVAL,2025-02-28,MONTH_END,1034349.784021859,0.0,420000.0,0.0,0.0,0.0,5798.17023227753,14,15,0.14846401114139562,0.08242130954617259,,EXACT_B3_CLOSE
VVAL,2025-03-05,BEFORE_DEPOSIT,1041660.8269117381,0.0,420000.0,0.0,0.0,0.0,5798.17023227753,14,15,0.14622708582451602,0.08201301393434622,,EXACT_B3_CLOSE
VVAL,2025-03-05,AFTER_DEPOSIT,1044160.8269117381,0.0,422500.0,0.0,0.0,0.0,5798.17023227753,14,15,0.14587697911189157,0.0818375798391771,,EXACT_B3_CLOSE
VVAL,2025-03-31,MONTH_END,1079307.4586756101,0.0,422500.0,0.0,0.0,0.0,5798.17023227753,14,15,0.15006417210637643,0.08305732601610304,,EXACT_B3_CLOSE
VVAL,2025-04-01,BEFORE_DEPOSIT,1089706.3966389152,0.0,422500.0,0.0,0.0,0.0,5798.17023227753,14,15,0.15063102272743864,0.08325484704569927,,EXACT_B3_CLOSE
VVAL,2025-04-01,AFTER_DEPOSIT,1092206.3966389152,0.0,425000.0,0.0,0.0,0.0,5798.17023227753,14,15,0.15028623665222662,0.0830819609788484,,EXACT_B3_CLOSE
VVAL,2025-04-30,MONTH_END,1198250.211719919,0.0,425000.0,0.0,0.0,0.0,5798.17023227753,14,15,0.15552877500833123,0.08377923177654494,,EXACT_B3_CLOSE
VVAL,2025-05-02,BEFORE_DEPOSIT,1195227.6183720643,0.0,425000.0,0.0,0.0,0.0,5798.17023227753,14,15,0.1588971856563962,0.08442202705568844,,EXACT_B3_CLOSE
VVAL,2025-05-02,AFTER_DEPOSIT,1197727.6183720643,0.0,427500.0,0.0,0.0,0.0,5798.17023227753,14,15,0.15856552179722852,0.08426582000564951,,EXACT_B3_CLOSE
VVAL,2025-05-30,MONTH_END,1254406.3872087926,0.0,427500.0,0.0,0.0,0.0,5798.17023227753,14,15,0.1632553102798087,0.08509145977205505,,EXACT_B3_CLOSE
VVAL,2025-06-02,BEFORE_DEPOSIT,1249501.9720502975,0.0,427500.0,0.0,0.0,0.0,5798.17023227753,14,15,0.1624731692337421,0.08487002778633523,,EXACT_B3_CLOSE
VVAL,2025-06-02,AFTER_DEPOSIT,1252001.9720502975,0.0,430000.0,0.0,0.0,0.0,5798.17023227753,14,15,0.16214874248989347,0.08472809011979779,,EXACT_B3_CLOSE
VVAL,2025-06-30,MONTH_END,1294977.5610036394,0.0,430000.0,0.0,0.0,0.0,5798.17023227753,14,15,0.15551946645980907,0.08392612393265168,,EXACT_B3_CLOSE
VVAL,2025-06-30,AFTER_JUNE_REVIEW,1294975.2638872925,0.0,430000.0,0.0,0.0,0.0,5800.467348624389,13,14,0.15551974233095398,0.08668491382595298,,EXACT_B3_CLOSE
VVAL,2025-07-01,BEFORE_DEPOSIT,1300787.1136620634,0.0,430000.0,0.0,0.0,0.0,5800.467348624389,13,14,0.154327857999998,0.08640872352049614,,EXACT_B3_CLOSE
VVAL,2025-07-01,AFTER_DEPOSIT,1303287.1136620634,0.0,432500.0,0.0,0.0,0.0,5800.467348624389,13,14,0.154031822198711,0.08630593496703742,,EXACT_B3_CLOSE
VVAL,2025-07-31,MONTH_END,1203917.5507655202,0.0,432500.0,0.0,0.0,0.0,5800.467348624389,13,14,0.15922706937377018,0.08728854022044504,,EXACT_B3_CLOSE
VVAL,2025-08-01,BEFORE_DEPOSIT,1198291.134720185,0.0,432500.0,0.0,0.0,0.0,5800.467348624389,13,14,0.16091890024684746,0.08786573722917117,,EXACT_B3_CLOSE
VVAL,2025-08-01,AFTER_DEPOSIT,1200791.134720185,0.0,435000.0,0.0,0.0,0.0,5800.467348624389,13,14,0.16058387341413283,0.087742527482294,,EXACT_B3_CLOSE
VVAL,2025-08-29,MONTH_END,1275550.2410196888,0.0,435000.0,0.0,0.0,0.0,5800.467348624389,13,14,0.15231260888454548,0.08628485056910026,,EXACT_B3_CLOSE
VVAL,2025-09-01,BEFORE_DEPOSIT,1266193.3134863551,0.0,435000.0,0.0,0.0,0.0,5800.467348624389,13,14,0.15279990812875885,0.08642980878868081,,EXACT_B3_CLOSE
VVAL,2025-09-01,AFTER_DEPOSIT,1268693.3134863551,0.0,437500.0,0.0,0.0,0.0,5800.467348624389,13,14,0.1524988111132223,0.08631955591955026,,EXACT_B3_CLOSE
VVAL,2025-09-30,MONTH_END,1343928.0575209453,0.0,437500.0,0.0,0.0,0.0,5800.467348624389,13,14,0.15490620006907269,0.0869062359216204,,EXACT_B3_CLOSE
VVAL,2025-10-01,BEFORE_DEPOSIT,1332798.1107950879,0.0,437500.0,0.0,0.0,0.0,5800.467348624389,13,14,0.15595724639282216,0.08705183540460051,,EXACT_B3_CLOSE
VVAL,2025-10-01,AFTER_DEPOSIT,1335298.1107950879,0.0,440000.0,0.0,0.0,0.0,5800.467348624389,13,14,0.15566525682672452,0.08694474076051853,,EXACT_B3_CLOSE
VVAL,2025-10-31,MONTH_END,1385399.0451661695,0.0,440000.0,0.0,0.0,0.0,5800.467348624389,13,14,0.16240272412642992,0.08791826949735039,,EXACT_B3_CLOSE
VVAL,2025-11-03,BEFORE_DEPOSIT,1398350.7096577338,0.0,440000.0,0.0,0.0,0.0,5800.467348624389,13,14,0.16355705843548912,0.0880877767201256,,EXACT_B3_CLOSE
VVAL,2025-11-03,AFTER_DEPOSIT,1400850.7096577338,0.0,442500.0,0.0,0.0,0.0,5800.467348624389,13,14,0.16326516962587526,0.08798349909107489,,EXACT_B3_CLOSE
VVAL,2025-11-28,MONTH_END,1475473.4772737366,0.0,442500.0,0.0,0.0,0.0,5800.467348624389,13,14,0.1571988817837556,0.08700191535770618,,EXACT_B3_CLOSE
VVAL,2025-12-01,BEFORE_DEPOSIT,1472315.8589153758,0.0,442500.0,0.0,0.0,0.0,5800.467348624389,13,14,0.15709689529539358,0.08714499690242627,,EXACT_B3_CLOSE
VVAL,2025-12-01,AFTER_DEPOSIT,1474815.8589153758,0.0,445000.0,0.0,0.0,0.0,5800.467348624389,13,14,0.15683059612599942,0.08704897275775811,,EXACT_B3_CLOSE
VVAL,2025-12-30,MONTH_END,1508636.6711347955,1252.770373587843,445000.0,1252.770373587843,1252.770373587843,0.0,5800.467348624389,13,14,0.14782599889605477,0.08570445514820202,,EXACT_B3_CLOSE
VVAL,2026-01-02,BEFORE_DEPOSIT,1504004.076482347,1252.770373587843,445000.0,1252.770373587843,1252.770373587843,0.0,5800.467348624389,13,14,0.14697645636165307,0.0855726891757834,,EXACT_B3_CLOSE
VVAL,2026-01-02,AFTER_DEPOSIT,1506504.076482347,1252.770373587843,447500.0,1252.770373587843,1252.770373587843,0.0,5800.467348624389,13,14,0.14673255317769215,0.08547905856838742,,EXACT_B3_CLOSE
VVAL,2026-01-30,MONTH_END,1656345.4057434115,0.0,447500.0,0.0,0.0,0.0,7053.237722212231,13,14,0.14489139763696374,0.0854373737527544,,EXACT_B3_CLOSE
VVAL,2026-02-02,BEFORE_DEPOSIT,1675904.698957451,0.0,447500.0,0.0,0.0,0.0,7053.237722212231,13,14,0.14330903636953835,0.08533307747650594,,EXACT_B3_CLOSE
VVAL,2026-02-02,AFTER_DEPOSIT,1678404.698957451,0.0,450000.0,0.0,0.0,0.0,7053.237722212231,13,14,0.14309557617656676,0.08525008113526467,,EXACT_B3_CLOSE
VVAL,2026-02-27,MONTH_END,1722712.4704652878,0.0,450000.0,0.0,0.0,0.0,7053.237722212231,13,14,0.15495274408651633,0.08788077066588958,,EXACT_B3_CLOSE
VVAL,2026-03-02,BEFORE_DEPOSIT,1719964.677432005,0.0,450000.0,0.0,0.0,0.0,7053.237722212231,13,14,0.15594136008679116,0.08814111044723191,,EXACT_B3_CLOSE
VVAL,2026-03-02,AFTER_DEPOSIT,1722464.677432005,0.0,452500.0,0.0,0.0,0.0,7053.237722212231,13,14,0.15571502545983196,0.08804850825442816,,EXACT_B3_CLOSE
VVAL,2026-03-31,MONTH_END,1701684.7747056137,0.0,452500.0,0.0,0.0,0.0,7053.237722212231,13,14,0.16510678156703223,0.0912701867562052,,EXACT_B3_CLOSE
VVAL,2026-04-01,BEFORE_DEPOSIT,1719058.4192938746,0.0,452500.0,0.0,0.0,0.0,7053.237722212231,13,14,0.16767502432729262,0.09142937928511695,,EXACT_B3_CLOSE
VVAL,2026-04-01,AFTER_DEPOSIT,1721558.4192938746,0.0,455000.0,0.0,0.0,0.0,7053.237722212231,13,14,0.16743153124792898,0.0913224220436059,,EXACT_B3_CLOSE
VVAL,2026-04-30,MONTH_END,1701230.6474492855,0.0,455000.0,0.0,0.0,0.0,7053.237722212231,13,14,0.17272556880118642,0.09255528816401805,,EXACT_B3_CLOSE
VVAL,2026-05-04,BEFORE_DEPOSIT,1690011.1165960468,0.0,455000.0,0.0,0.0,0.0,7053.237722212231,13,14,0.1735441867148081,0.09285829659349408,,EXACT_B3_CLOSE
VVAL,2026-05-04,AFTER_DEPOSIT,1692511.1165960468,0.0,457500.0,0.0,0.0,0.0,7053.237722212231,13,14,0.17328784543436818,0.09274579199483925,,EXACT_B3_CLOSE
VVAL,2026-05-29,MONTH_END,1585876.781143788,0.0,457500.0,0.0,0.0,0.0,7053.237722212231,13,14,0.16967374258507795,0.09130937944459283,,EXACT_B3_CLOSE
VVAL,2026-06-01,BEFORE_DEPOSIT,1565199.9363245673,0.0,457500.0,0.0,0.0,0.0,7053.237722212231,13,14,0.17014408842271114,0.09136009736535203,,EXACT_B3_CLOSE
VVAL,2026-06-01,AFTER_DEPOSIT,1567699.9363245673,0.0,460000.0,0.0,0.0,0.0,7053.237722212231,13,14,0.16987276084834507,0.09124641700262183,,EXACT_B3_CLOSE
VVAL,2026-06-30,MONTH_END,1663724.8640666904,0.0,460000.0,0.0,0.0,0.0,7053.237722212231,13,14,0.16684420643462788,0.09241109759159566,,EXACT_B3_CLOSE
