portfolio,closing_june,start,end,date,origin_ticker,ticker,index_units_before,index_units_after,event_ids
R03 B2,jun/2017,2016-06-30,2017-06-30,2016-08-03,GRND3,GRND3,0.003421711502399678,0.0034517449014873484,CONT_1261_GRND3_2016-08-03
R03 B2,jun/2017,2016-06-30,2017-06-30,2016-08-15,LINX3,LINX3,0.004412256507917444,0.004439680875656703,CONT_1955_LINX3_2016-08-15
R03 B2,jun/2017,2016-06-30,2017-06-30,2016-10-28,GRND3,GRND3,0.0034517449014873484,0.003494538458206205,CONT_1260_GRND3_2016-10-28
R03 B2,jun/2017,2016-06-30,2017-06-30,2016-11-07,HGTX3,HGTX3,0.004743588955603396,0.004806625418462617,CONT_1296_HGTX3_2016-11-07
R03 B2,jun/2017,2016-06-30,2017-06-30,2016-11-11,YDUQ3,YDUQ3,0.004191123369254128,0.00431003549315787,CONT_2815_YDUQ3_2016-11-11
R03 B2,jun/2017,2016-06-30,2017-06-30,2016-12-08,HGTX3,HGTX3,0.004806625418462617,0.004886026002906841,CONT_1295_HGTX3_2016-12-08
R03 B2,jun/2017,2016-06-30,2017-06-30,2016-12-22,YDUQ3,YDUQ3,0.00431003549315787,0.004442236604785563,CONT_2814_YDUQ3_2016-12-22
R03 B2,jun/2017,2016-06-30,2017-06-30,2016-12-29,ENBR3,ENBR3,0.005218902521479444,0.005430957767146388,CONT_1107_ENBR3_2016-12-29
R03 B2,jun/2017,2016-06-30,2017-06-30,2017-03-20,SEER3,SEER3,0.005700196659386529,0.005782511352408972,CONT_2330_SEER3_2017-03-20
R03 B2,jun/2017,2016-06-30,2017-06-30,2017-04-10,LINX3,LINX3,0.004439680875656703,0.00447199529052524,CONT_1954_LINX3_2017-04-10
R03 B2,jun/2017,2016-06-30,2017-06-30,2017-04-13,GRND3,GRND3,0.003494538458206205,0.003568969016925516,CONT_1258_GRND3_2017-04-13;CONT_1259_GRND3_2017-04-13
R03 B2,jun/2017,2016-06-30,2017-06-30,2017-04-20,TIMP3,TIMP3,0.010392025196279242,0.010453084559633457,TIMP_GROSS_2017-04-20
R03 B2,jun/2017,2016-06-30,2017-06-30,2017-04-20,YDUQ3,YDUQ3,0.004442236604785563,0.004517642404955629,CONT_2813_YDUQ3_2017-04-20
R03 B2,jun/2017,2016-06-30,2017-06-30,2017-05-02,EZTC3,EZTC3,0.005408007849812308,0.005696415274157613,CONT_1151_EZTC3_2017-05-02
R03 B2,jun/2017,2016-06-30,2017-06-30,2017-05-03,GRND3,GRND3,0.003568969016925516,0.0036142829223523615,CONT_1256_GRND3_2017-05-03;CONT_1257_GRND3_2017-05-03
R03 B2,jun/2017,2016-06-30,2017-06-30,2017-05-08,HGTX3,HGTX3,0.004886026002906841,0.0049863067919845554,CONT_1294_HGTX3_2017-05-08
R03 B2,jun/2017,2016-06-30,2017-06-30,2017-06-08,HGTX3,HGTX3,0.0049863067919845554,0.005051153103728121,CONT_1293_HGTX3_2017-06-08
R03 B2,jun/2018,2017-06-30,2018-06-29,2017-12-07,EZTC3,EZTC3,0.024312085806627654,0.02741798384986669,CONT_1150_EZTC3_2017-12-07
R03 B2,jun/2018,2017-06-30,2018-06-29,2017-12-27,ENBR3,ENBR3,0.023179123166465372,0.023385225271462747,CONT_1106_ENBR3_2017-12-27
R03 B2,jun/2018,2017-06-30,2018-06-29,2018-04-10,ENBR3,ENBR3,0.023385225271462747,0.024210081546918075,CONT_1105_ENBR3_2018-04-10
R03 B2,jun/2018,2017-06-30,2018-06-29,2018-04-30,EZTC3,EZTC3,0.02741798384986669,0.028122516150076573,CONT_1149_EZTC3_2018-04-30
R03 B2,jun/2019,2018-06-29,2019-06-28,2018-09-14,SEER3,SEER3,0.010030622827909641,0.01013541810003101,CONT_2328_SEER3_2018-09-14
R03 B2,jun/2019,2018-06-29,2019-06-28,2018-09-27,GUAR3,GUAR3,0.0016723016980330237,0.0016798028506768232,CONT_2181_GUAR3_2018-09-27
R03 B2,jun/2019,2018-06-29,2019-06-28,2018-12-21,GUAR3,GUAR3,0.0016798028506768232,0.0017069734997625457,CONT_2180_GUAR3_2018-12-21
R03 B2,jun/2019,2018-06-29,2019-06-28,2019-01-02,ENBR3,ENBR3,0.009684032618767227,0.010178564279008309,CONT_1104_ENBR3_2019-01-02
R03 B2,jun/2019,2018-06-29,2019-06-28,2019-03-28,GUAR3,GUAR3,0.0017069734997625457,0.001712437289668913,CONT_2179_GUAR3_2019-03-28
R03 B2,jun/2019,2018-06-29,2019-06-28,2019-04-17,ENBR3,ENBR3,0.010178564279008309,0.010215268743683883,CONT_1103_ENBR3_2019-04-17
R03 B2,jun/2019,2018-06-29,2019-06-28,2019-04-29,EZTC3,EZTC3,0.011249006460030627,0.01132151962986895,CONT_1148_EZTC3_2019-04-29
R03 B2,jun/2019,2018-06-29,2019-06-28,2019-04-30,SBSP3,SBSP3,0.006778961069613472,0.006946127364925855,CONT_2260_SBSP3_2019-04-30
R03 B2,jun/2019,2018-06-29,2019-06-28,2019-05-02,GUAR3,GUAR3,0.001712437289668913,0.01373037252695056,CONT_2178_GUAR3_2019-05-02;GUAR_SPLIT_20190502
R03 B2,jun/2019,2018-06-29,2019-06-28,2019-05-02,SEER3,SEER3,0.01013541810003101,0.010263493531031634,CONT_2327_SEER3_2019-05-02
R03 B2,jun/2019,2018-06-29,2019-06-28,2019-05-15,SEER3,SEER3,0.010263493531031634,0.01118336067803756,CONT_2326_SEER3_2019-05-15
R03 B2,jun/2019,2018-06-29,2019-06-28,2019-06-28,GUAR3,GUAR3,0.01373037252695056,0.013758036936368272,CONT_2177_GUAR3_2019-06-28
R03 B2,jun/2020,2019-06-28,2020-06-30,2019-07-01,VIVT3,VIVT3,0.01346436845767729,0.013638366385399496,CONT_2742_VIVT3_2019-07-01
R03 B2,jun/2020,2019-06-28,2020-06-30,2019-10-01,GUAR3,GUAR3,0.013758036936368272,0.013778379031394937,CONT_2176_GUAR3_2019-10-01
R03 B2,jun/2020,2019-06-28,2020-06-30,2020-01-02,ENBR3,ENBR3,0.010215268743683883,0.010397198314624993,CONT_1102_ENBR3_2020-01-02
R03 B2,jun/2020,2019-06-28,2020-06-30,2020-01-02,GUAR3,GUAR3,0.013778379031394937,0.014046911083514158,CONT_2175_GUAR3_2020-01-02
R03 B2,jun/2020,2019-06-28,2020-06-30,2020-01-02,VIVT3,VIVT3,0.013638366385399496,0.013850331741057353,CONT_2740_VIVT3_2020-01-02;CONT_2741_VIVT3_2020-01-02
R03 B2,jun/2020,2019-06-28,2020-06-30,2020-03-02,VIVT3,VIVT3,0.013850331741057353,0.013890736905845484,CONT_2739_VIVT3_2020-03-02
R03 B2,jun/2020,2019-06-28,2020-06-30,2020-04-01,ENBR3,ENBR3,0.010397198314624993,0.010527506990053163,CONT_1101_ENBR3_2020-04-01
R03 B2,jun/2020,2019-06-28,2020-06-30,2020-04-01,VIVT3,VIVT3,0.013890736905845484,0.01391383386894044,CONT_2738_VIVT3_2020-04-01
R03 B2,jun/2020,2019-06-28,2020-06-30,2020-04-29,SBSP3,SBSP3,0.006946127364925854,0.007178063662362027,CONT_2259_SBSP3_2020-04-29
R03 B2,jun/2020,2019-06-28,2020-06-30,2020-05-29,VIVT3,VIVT3,0.01391383386894044,0.014276193501136972,CONT_2737_VIVT3_2020-05-29
R03 B2,jun/2021,2020-06-30,2021-06-30,2020-07-01,SAPR3,SAPR3,0.02582954547444788,0.026195390922067928,CONT_2434_SAPR3_2020-07-01
R03 B2,jun/2021,2020-06-30,2021-06-30,2020-07-31,SLCE3,SLCE3,0.007234461677377139,0.007357251986500997,CONT_2500_SLCE3_2020-07-31
R03 B2,jun/2021,2020-06-30,2021-06-30,2020-08-18,ITSA3,ITSA3,0.015577855436687998,0.015604484249400285,CONT_2406_ITSA3_2020-08-18
R03 B2,jun/2021,2020-06-30,2021-06-30,2020-09-01,ITSA3,ITSA3,0.015604484249400285,0.015633651509679537,CONT_2407_ITSA3_2020-09-01
R03 B2,jun/2021,2020-06-30,2021-06-30,2020-11-16,SLCE3,SLCE3,0.007357251986500997,0.007413645246131955,CONT_2501_SLCE3_2020-11-16
R03 B2,jun/2021,2020-06-30,2021-06-30,2020-11-18,SEER3,SEER3,0.011382219705740031,0.01151294838123989,CONT_2493_SEER3_2020-11-18
R03 B2,jun/2021,2020-06-30,2021-06-30,2020-12-01,ITSA3,ITSA3,0.015633651509679537,0.01566042146089474,CONT_2408_ITSA3_2020-12-01
R03 B2,jun/2021,2020-06-30,2021-06-30,2020-12-11,ITSA3,ITSA3,0.01566042146089474,0.015794080725504308,CONT_2409_ITSA3_2020-12-11
R03 B2,jun/2021,2020-06-30,2021-06-30,2020-12-29,CPLE3,CPLE3,0.0028248394372286647,0.0029406571966422235,CONT_2359_CPLE3_2020-12-29
R03 B2,jun/2021,2020-06-30,2021-06-30,2021-01-04,SAPR3,SAPR3,0.026195390922067928,0.02661457415295536,CONT_2435_SAPR3_2021-01-04
R03 B2,jun/2021,2020-06-30,2021-06-30,2021-01-05,ENBR3,ENBR3,0.006015749381931394,0.006101182014337941,CONT_2385_ENBR3_2021-01-05
R03 B2,jun/2021,2020-06-30,2021-06-30,2021-01-05,LEVE3,LEVE3,0.009532847324740395,0.00978693442867844,CONT_2484_LEVE3_2021-01-05
R03 B2,jun/2021,2020-06-30,2021-06-30,2021-01-05,SEER3,SEER3,0.01151294838123989,0.01160467450314565,CONT_2494_SEER3_2021-01-05
R03 B2,jun/2021,2020-06-30,2021-06-30,2021-01-26,ITSA3,ITSA3,0.015794080725504308,0.015822523745338983,CONT_2410_ITSA3_2021-01-26
R03 B2,jun/2021,2020-06-30,2021-06-30,2021-03-01,ITSA3,ITSA3,0.015822523745338983,0.015852547509561637,CONT_2411_ITSA3_2021-03-01
R03 B2,jun/2021,2020-06-30,2021-06-30,2021-03-10,ITSA3,ITSA3,0.015852547509561637,0.015874332432628112,CONT_2412_ITSA3_2021-03-10
R03 B2,jun/2021,2020-06-30,2021-06-30,2021-03-12,CPLE3,CPLE3,0.0029406571966422235,0.029406571966422233,CONT_2562_CPLE3_2021-03-12
R03 B2,jun/2021,2020-06-30,2021-06-30,2021-03-26,ITSA3,ITSA3,0.015874332432628112,0.01590139965897436,CONT_2413_ITSA3_2021-03-26
R03 B2,jun/2021,2020-06-30,2021-06-30,2021-04-01,CPLE3,CPLE3,0.029406571966422233,0.03185849035247627,CONT_2360_CPLE3_2021-04-01;CONT_2361_CPLE3_2021-04-01;CONT_2362_CPLE3_2021-04-01
R03 B2,jun/2021,2020-06-30,2021-06-30,2021-04-12,ENBR3,ENBR3,0.006101182014337941,0.00633581237095885,CONT_2386_ENBR3_2021-04-12
R03 B2,jun/2021,2020-06-30,2021-06-30,2021-04-28,ITSA3,ITSA3,0.01590139965897436,0.01593173616987255,CONT_2414_ITSA3_2021-04-28
R03 B2,jun/2021,2020-06-30,2021-06-30,2021-04-30,CPLE3,CPLE3,0.03185849035247627,0.03227739920608323,CONT_2363_CPLE3_2021-04-30
R03 B2,jun/2021,2020-06-30,2021-06-30,2021-04-30,LEVE3,LEVE3,0.00978693442867844,0.009927137739493204,CONT_2485_LEVE3_2021-04-30
R03 B2,jun/2021,2020-06-30,2021-06-30,2021-04-30,SBSP3,SBSP3,0.004101771870692485,0.004139922759597313,CONT_2436_SBSP3_2021-04-30
R03 B2,jun/2021,2020-06-30,2021-06-30,2021-04-30,SLCE3,SLCE3,0.007413645246131955,0.007575124801069842,CONT_2502_SLCE3_2021-04-30
R03 B2,jun/2021,2020-06-30,2021-06-30,2021-05-03,ENAT3,ENAT3,0.01651192413792074,0.016731016347629798,CONT_2543_ENAT3_2021-05-03
R03 B2,jun/2021,2020-06-30,2021-06-30,2021-05-03,SEER3,SEER3,0.01160467450314565,0.011685042417714252,CONT_2495_SEER3_2021-05-03
R03 B2,jun/2021,2020-06-30,2021-06-30,2021-05-25,ITSA3,ITSA3,0.01593173616987255,0.015956942012136148,CONT_2415_ITSA3_2021-05-25
R03 B2,jun/2021,2020-06-30,2021-06-30,2021-06-01,ITSA3,ITSA3,0.015956942012136148,0.01598347059403496,CONT_2416_ITSA3_2021-06-01
R03 B2,jun/2022,2021-06-30,2022-06-30,2021-07-01,SAPR3,SAPR3,0.02661457415295536,0.027236646417467734,CONT_2431_SAPR3_2021-07-01
R03 B2,jun/2022,2021-06-30,2022-06-30,2021-09-27,CSMG3,CSMG3,0.10158683952840922,0.10460897358955373,CONT_2381_CSMG3_2021-09-27;CONT_2382_CSMG3_2021-09-27
R03 B2,jun/2022,2021-06-30,2022-06-30,2021-10-01,CPLE3,CPLE3,0.03227739920608323,0.03493799278385447,CONT_2364_CPLE3_2021-10-01;CONT_2365_CPLE3_2021-10-01
R03 B2,jun/2022,2021-06-30,2022-06-30,2022-01-03,CPLE3,CPLE3,0.03493799278385447,0.03550849842824248,CONT_2366_CPLE3_2022-01-03
R03 B2,jun/2022,2021-06-30,2022-06-30,2022-01-03,SAPR3,SAPR3,0.027236646417467734,0.028059263704191227,CONT_2432_SAPR3_2022-01-03
R03 B2,jun/2022,2021-06-30,2022-06-30,2022-01-05,ENBR3,ENBR3,0.00633581237095885,0.0065881042395655905,CONT_2387_ENBR3_2022-01-05
R03 B2,jun/2022,2021-06-30,2022-06-30,2022-03-23,CSMG3,CSMG3,0.10460897358955373,0.10525431234458273,CONT_2383_CSMG3_2022-03-23
R03 B2,jun/2022,2021-06-30,2022-06-30,2022-04-06,ENBR3,ENBR3,0.0065881042395655905,0.007004511266485738,CONT_2388_ENBR3_2022-04-06
R03 B2,jun/2022,2021-06-30,2022-06-30,2022-04-29,SAPR3,SAPR3,0.028059263704191227,0.028138676272991086,CONT_2433_SAPR3_2022-04-29
R03 B2,jun/2022,2021-06-30,2022-06-30,2022-05-02,CPLE3,CPLE3,0.03550849842824248,0.03832983910481407,CONT_2367_CPLE3_2022-05-02
R03 B2,jun/2022,2021-06-30,2022-06-30,2022-06-22,CSMG3,CSMG3,0.10525431234458273,0.10649691998633382,CONT_2384_CSMG3_2022-06-22
R03 B2,jun/2023,2022-06-30,2023-06-30,2022-07-01,SAPR3,SAPR3,0.00803962179228317,0.008253857013820712,CONT_2429_SAPR3_2022-07-01
R03 B2,jun/2023,2022-06-30,2023-06-30,2022-07-20,FRAS3,FRAS3,0.012515254380827559,0.01262067087665096,CONT_2482_FRAS3_2022-07-20
R03 B2,jun/2023,2022-06-30,2023-06-30,2022-07-27,UNIP3,UNIP3,0.0014538820878628508,0.0014740696193008937,CONT_2568_UNIP3_2022-07-27
R03 B2,jun/2023,2022-06-30,2023-06-30,2022-08-12,GRND3,GRND3,0.017446585054354206,0.01751318795249502,CONT_2399_GRND3_2022-08-12;CONT_2400_GRND3_2022-08-12
R03 B2,jun/2023,2022-06-30,2023-06-30,2022-08-17,UNIP3,UNIP3,0.0014740696193008937,0.00155173317435572,CONT_2569_UNIP3_2022-08-17
R03 B2,jun/2023,2022-06-30,2023-06-30,2022-08-19,ITSA3,ITSA3,0.013843057893014684,0.01392959512403175,CONT_2574_ITSA3_2022-08-19;CONT_2641_ITSA3_2022-08-19
R03 B2,jun/2023,2022-06-30,2023-06-30,2022-09-01,ITSA3,ITSA3,0.01392959512403175,0.013965105027441381,CONT_2575_ITSA3_2022-09-01
R03 B2,jun/2023,2022-06-30,2023-06-30,2022-09-21,CSMG3,CSMG3,0.03042769142466682,0.03077215968464435,CONT_2455_CSMG3_2022-09-21
R03 B2,jun/2023,2022-06-30,2023-06-30,2022-11-04,GRND3,GRND3,0.01751318795249502,0.017757790909004974,CONT_2401_GRND3_2022-11-04;CONT_2402_GRND3_2022-11-04
R03 B2,jun/2023,2022-06-30,2023-06-30,2022-11-11,ITSA3,ITSA3,0.013965105027441381,0.01536161553018552,CONT_2649_ITSA3_2022-11-11
R03 B2,jun/2023,2022-06-30,2023-06-30,2022-11-17,UNIP3,UNIP3,0.00155173317435572,0.001632761839401546,CONT_2570_UNIP3_2022-11-17
R03 B2,jun/2023,2022-06-30,2023-06-30,2022-11-21,ITSA3,ITSA3,0.01536161553018552,0.015448715383257662,CONT_2576_ITSA3_2022-11-21
R03 B2,jun/2023,2022-06-30,2023-06-30,2022-11-22,CPLE3,CPLE3,0.010951382601375452,0.011431933889363774,CONT_2368_CPLE3_2022-11-22;CONT_2369_CPLE3_2022-11-22
R03 B2,jun/2023,2022-06-30,2023-06-30,2022-12-01,ITSA3,ITSA3,0.015448715383257662,0.015488881189733945,CONT_2577_ITSA3_2022-12-01
R03 B2,jun/2023,2022-06-30,2023-06-30,2022-12-09,ITSA3,ITSA3,0.015488881189733945,0.01581989356999842,CONT_2578_ITSA3_2022-12-09;CONT_2642_ITSA3_2022-12-09
R03 B2,jun/2023,2022-06-30,2023-06-30,2022-12-22,FRAS3,FRAS3,0.01262067087665096,0.012840034930627148,CONT_2483_FRAS3_2022-12-22
R03 B2,jun/2023,2022-06-30,2023-06-30,2023-01-02,LEVE3,LEVE3,0.005288895771112983,0.005444787459285326,CONT_2489_LEVE3_2023-01-02
R03 B2,jun/2023,2022-06-30,2023-06-30,2023-01-02,SAPR3,SAPR3,0.008253857013820712,0.008695221903465715,CONT_2430_SAPR3_2023-01-02
R03 B2,jun/2023,2022-06-30,2023-06-30,2023-01-03,ENBR3,ENBR3,0.00200128893328164,0.0021215377838158527,CONT_2389_ENBR3_2023-01-03
R03 B2,jun/2023,2022-06-30,2023-06-30,2023-03-01,ITSA3,ITSA3,0.01581989356999842,0.015864633255786315,CONT_2579_ITSA3_2023-03-01
R03 B2,jun/2023,2022-06-30,2023-06-30,2023-03-23,CSMG3,CSMG3,0.03077215968464435,0.032788745113812356,CONT_2456_CSMG3_2023-03-23;CONT_2457_CSMG3_2023-03-23
R03 B2,jun/2023,2022-06-30,2023-06-30,2023-03-24,ITSA3,ITSA3,0.015864633255786315,0.016015474110727554,CONT_2580_ITSA3_2023-03-24
R03 B2,jun/2023,2022-06-30,2023-06-30,2023-04-12,ENBR3,ENBR3,0.0021215377838158527,0.0021475967063248535,CONT_2390_ENBR3_2023-04-12
R03 B2,jun/2023,2022-06-30,2023-06-30,2023-04-24,UNIP3,UNIP3,0.001632761839401546,0.0016785780924941439,CONT_2571_UNIP3_2023-04-24;CONT_2644_UNIP3_2023-04-24
R03 B2,jun/2023,2022-06-30,2023-06-30,2023-04-27,TRIS3,TRIS3,0.035967593235222896,0.037437102276934024,CONT_2444_TRIS3_2023-04-27;CONT_2445_TRIS3_2023-04-27
R03 B2,jun/2023,2022-06-30,2023-06-30,2023-04-28,LEVE3,LEVE3,0.005444787459285326,0.00611186713776303,CONT_2490_LEVE3_2023-04-28;CONT_2491_LEVE3_2023-04-28;CONT_2492_LEVE3_2023-04-28
R03 B2,jun/2023,2022-06-30,2023-06-30,2023-05-02,ENAT3,ENAT3,0.006980619973369954,0.007080248231791028,CONT_2545_ENAT3_2023-05-02
R03 B2,jun/2023,2022-06-30,2023-06-30,2023-05-02,SBSP3,SBSP3,0.002908453709559167,0.002991888667594183,CONT_2438_SBSP3_2023-05-02
R03 B2,jun/2023,2022-06-30,2023-06-30,2023-05-03,GRND3,GRND3,0.017757790909004974,0.021055863854202477,CONT_2403_GRND3_2023-05-03;CONT_2404_GRND3_2023-05-03
R03 B2,jun/2023,2022-06-30,2023-06-30,2023-05-19,CSAN3,CSAN3,0.0067389831281379165,0.006920516250317105,CONT_2567_CSAN3_2023-05-19
R03 B2,jun/2023,2022-06-30,2023-06-30,2023-05-23,GRND3,GRND3,0.021055863854202477,0.021282995030771586,CONT_2405_GRND3_2023-05-23
R03 B2,jun/2023,2022-06-30,2023-06-30,2023-06-01,ITSA3,ITSA3,0.016015474110727554,0.016057484824003848,CONT_2581_ITSA3_2023-06-01
R03 B2,jun/2023,2022-06-30,2023-06-30,2023-06-22,CSMG3,CSMG3,0.032788745113812356,0.03333428579819564,CONT_2458_CSMG3_2023-06-22
R03 B2,jun/2023,2022-06-30,2023-06-30,2023-06-23,ITSA3,ITSA3,0.016057484824003848,0.016245506959507026,CONT_2582_ITSA3_2023-06-23
R03 B2,jun/2024,2023-06-30,2024-06-28,2023-07-03,SAPR3,SAPR3,0.008695221903465715,0.00904636879318324,CONT_2427_SAPR3_2023-07-03
R03 B2,jun/2024,2023-06-30,2024-06-28,2023-07-26,ITSA3,ITSA3,0.016245506959507026,0.016329171320348487,CONT_2583_ITSA3_2023-07-26
R03 B2,jun/2024,2023-06-30,2024-06-28,2023-08-18,ITSA3,ITSA1,0,0.00022709916437492594,CONT_2584_ITSA3_2023-08-18;CONT_3048_ITSA3_2023-08-18
R03 B2,jun/2024,2023-06-30,2024-06-28,2023-08-18,ITSA3,ITSA3,0.016329171320348487,0.016369958712766974,CONT_2584_ITSA3_2023-08-18;CONT_3048_ITSA3_2023-08-18
R03 B2,jun/2024,2023-06-30,2024-06-28,2023-08-24,ITSA3,ITSA1,0.00022709916437492594,0,CONT_3049_ITSA1_2023-08-24
R03 B2,jun/2024,2023-06-30,2024-06-28,2023-08-24,ITSA3,ITSA3,0.016369958712766974,0.01643851695106884,CONT_3049_ITSA1_2023-08-24
R03 B2,jun/2024,2023-06-30,2024-06-28,2023-09-22,CSMG3,CSMG3,0.03333428579819564,0.03397811709102222,CONT_2459_CSMG3_2023-09-22
R03 B2,jun/2024,2023-06-30,2024-06-28,2023-09-22,ITSA3,ITSA3,0.01643851695106884,0.016648966096651202,CONT_2585_ITSA3_2023-09-22
R03 B2,jun/2024,2023-06-30,2024-06-28,2023-10-02,CPLE3,CPLE3,0.011431933889363774,0.011861019432632718,CONT_2370_CPLE3_2023-10-02;CONT_2371_CPLE3_2023-10-02
R03 B2,jun/2024,2023-06-30,2024-06-28,2023-10-20,ITSA3,ITSA3,0.016648966096651202,0.016746179447442305,CONT_2586_ITSA3_2023-10-20
R03 B2,jun/2024,2023-06-30,2024-06-28,2023-11-28,ITSA3,ITSA3,0.016746179447442305,0.01758348841981442,CONT_2650_ITSA3_2023-11-28
R03 B2,jun/2024,2023-06-30,2024-06-28,2023-12-01,ITSA3,ITSA3,0.01758348841981442,0.017625748960240776,CONT_2587_ITSA3_2023-12-01
R03 B2,jun/2024,2023-06-30,2024-06-28,2023-12-14,CSMG3,CSMG3,0.03397811709102222,0.03565366298836752,CONT_2460_CSMG3_2023-12-14
R03 B2,jun/2024,2023-06-30,2024-06-28,2023-12-14,SLCE3,SLCE3,0.011792019265349393,0.023584038530698785,CONT_2564_SLCE3_2023-12-14
R03 B2,jun/2024,2023-06-30,2024-06-28,2023-12-19,ITSA3,ITSA3,0.017625748960240776,0.017764311778799502,CONT_2588_ITSA3_2023-12-19
R03 B2,jun/2024,2023-06-30,2024-06-28,2023-12-19,UNIP3,UNIP3,0.001678578092494144,0.0017123670815567536,CONT_2572_UNIP3_2023-12-19
R03 B2,jun/2024,2023-06-30,2024-06-28,2023-12-20,DXCO3,DXCO3,0.053974967224150155,0.0554114662200642,CONT_2496_DXCO3_2023-12-20
R03 B2,jun/2024,2023-06-30,2024-06-28,2023-12-22,CSMG3,CSMG3,0.03565366298836752,0.03607301783241332,CONT_2461_CSMG3_2023-12-22
R03 B2,jun/2024,2023-06-30,2024-06-28,2023-12-28,SLCE3,SLCE3,0.023584038530698785,0.023652368842740218,CONT_2503_SLCE3_2023-12-28
R03 B2,jun/2024,2023-06-30,2024-06-28,2024-01-02,SAPR3,SAPR3,0.00904636879318324,0.009238880554941414,CONT_2428_SAPR3_2024-01-02
R03 B2,jun/2024,2023-06-30,2024-06-28,2024-02-23,ITSA3,ITSA3,0.017764311778799502,0.018282078577007966,CONT_2589_ITSA3_2024-02-23
R03 B2,jun/2024,2023-06-30,2024-06-28,2024-03-01,ITSA3,ITSA3,0.018282078577007966,0.0183236407188319,CONT_2590_ITSA3_2024-03-01
R03 B2,jun/2024,2023-06-30,2024-06-28,2024-03-13,DXCO3,DXCO3,0.0554114662200642,0.055880152434897606,CONT_2497_DXCO3_2024-03-13
R03 B2,jun/2024,2023-06-30,2024-06-28,2024-03-20,UNIP3,UNIP3,0.0017123670815567536,0.001748504386271468,CONT_2573_UNIP3_2024-03-20;CONT_2645_UNIP3_2024-03-20
R03 B2,jun/2024,2023-06-30,2024-06-28,2024-03-22,ITSA3,ITSA3,0.0183236407188319,0.018446972915977883,CONT_2591_ITSA3_2024-03-22
R03 B2,jun/2024,2023-06-30,2024-06-28,2024-03-26,CSMG3,CSMG3,0.03607301783241332,0.03755591520584634,CONT_2462_CSMG3_2024-03-26;CONT_2463_CSMG3_2024-03-26;CONT_2464_CSMG3_2024-03-26
R03 B2,jun/2024,2023-06-30,2024-06-28,2024-04-19,UNIP3,UNIP3,0.001748504386271468,0.001923354824898615,CONT_2656_UNIP3_2024-04-19
R03 B2,jun/2024,2023-06-30,2024-06-28,2024-04-23,CPLE3,CPLE3,0.011861019432632718,0.01191946755355436,CONT_2372_CPLE3_2024-04-23
R03 B2,jun/2024,2023-06-30,2024-06-28,2024-04-25,TRIS3,TRIS3,0.037437102276934024,0.03876638486265604,CONT_2446_TRIS3_2024-04-25;CONT_2447_TRIS3_2024-04-25
R03 B2,jun/2024,2023-06-30,2024-06-28,2024-04-26,SBSP3,SBSP3,0.002991888667594183,0.003044252172294094,CONT_2439_SBSP3_2024-04-26
R03 B2,jun/2024,2023-06-30,2024-06-28,2024-04-29,CSMG3,CSMG3,0.03755591520584634,0.038987197158817516,CONT_2465_CSMG3_2024-04-29
R03 B2,jun/2024,2023-06-30,2024-06-28,2024-04-30,TRIS3,TRIS3,0.03876638486265604,0.03907280642784031,CONT_2448_TRIS3_2024-04-30;CONT_2449_TRIS3_2024-04-30
R03 B2,jun/2024,2023-06-30,2024-06-28,2024-05-02,SLCE3,SLCE3,0.023652368842740218,0.024735736750215676,CONT_2504_SLCE3_2024-05-02
R03 B2,jun/2024,2023-06-30,2024-06-28,2024-06-03,ITSA3,ITSA3,0.018446972915977883,0.01849139953309421,CONT_2592_ITSA3_2024-06-03
R03 B2,jun/2024,2023-06-30,2024-06-28,2024-06-21,ITSA3,ITSA3,0.01849139953309421,0.018671738336788098,CONT_2593_ITSA3_2024-06-21
R03 B2,jun/2024,2023-06-30,2024-06-28,2024-06-26,CSMG3,CSMG3,0.038987197158817516,0.03971037681216272,CONT_2466_CSMG3_2024-06-26;CONT_2467_CSMG3_2024-06-26
R03 B2,jun/2025,2024-06-28,2025-06-30,2024-07-01,SAPR3,SAPR3,0.00607491944816904,0.006243770791774721,CONT_2425_SAPR3_2024-07-01
R03 B2,jun/2025,2024-06-28,2025-06-30,2024-08-06,KLBN3,KLBN3,0.04681723920462542,0.04757620850412025,CONT_2506_KLBN3_2024-08-06
R03 B2,jun/2025,2024-06-28,2025-06-30,2024-08-26,CMIG3,CMIG3,0.01651246325465921,0.01710595509938767,CONT_2347_CMIG3_2024-08-26
R03 B2,jun/2025,2024-06-28,2025-06-30,2024-08-29,POMO3,POMO3,0.040846619629946464,0.041749307356575116,CONT_2417_POMO3_2024-08-29;CONT_2418_POMO3_2024-08-29
R03 B2,jun/2025,2024-06-28,2025-06-30,2024-09-02,ITSA3,ITSA3,0.012277386386666707,0.0123038649167295,CONT_2594_ITSA3_2024-09-02
R03 B2,jun/2025,2024-06-28,2025-06-30,2024-09-18,CSMG3,CSMG3,0.02611110068538579,0.02647120670837011,CONT_2468_CSMG3_2024-09-18;CONT_2469_CSMG3_2024-09-18
R03 B2,jun/2025,2024-06-28,2025-06-30,2024-09-20,ITSA3,ITSA3,0.0123038649167295,0.012358448515443498,CONT_2595_ITSA3_2024-09-20
R03 B2,jun/2025,2024-06-28,2025-06-30,2024-09-24,CMIG3,CMIG3,0.01710595509938767,0.017305809538636738,CONT_2348_CMIG3_2024-09-24
R03 B2,jun/2025,2024-06-28,2025-06-30,2024-09-25,LREN3,LREN3,0.016168453603520476,0.01631945461238213,CONT_2531_LREN3_2024-09-25
R03 B2,jun/2025,2024-06-28,2025-06-30,2024-10-01,CPLE3,CPLE3,0.007837508540380346,0.007970687360999401,CONT_2373_CPLE3_2024-10-01;CONT_2374_CPLE3_2024-10-01
R03 B2,jun/2025,2024-06-28,2025-06-30,2024-10-03,PNVL3,PNVL3,0.020866835674450416,0.021049939072038306,CONT_2511_PNVL3_2024-10-03;CONT_2512_PNVL3_2024-10-03
R03 B2,jun/2025,2024-06-28,2025-06-30,2024-10-07,ALOS3,ALOS3,0.009554086220262098,0.009594325502523192,CONT_2612_ALOS3_2024-10-07
R03 B2,jun/2025,2024-06-28,2025-06-30,2024-10-22,ALOS3,ALOS3,0.009594325502523192,0.009636295854989839,CONT_2613_ALOS3_2024-10-22
R03 B2,jun/2025,2024-06-28,2025-06-30,2024-11-12,KLBN3,KLBN3,0.04757620850412025,0.048393406747407275,CONT_2507_KLBN3_2024-11-12
R03 B2,jun/2025,2024-06-28,2025-06-30,2024-11-19,ALOS3,ALOS3,0.009636295854989839,0.009679166097345081,CONT_2614_ALOS3_2024-11-19
R03 B2,jun/2025,2024-06-28,2025-06-30,2024-11-27,POMO3,POMO3,0.041749307356575116,0.042591512404114094,CONT_2419_POMO3_2024-11-27;CONT_2420_POMO3_2024-11-27
R03 B2,jun/2025,2024-06-28,2025-06-30,2024-12-02,ITSA3,ITSA3,0.012358448515443498,0.012388364988112646,CONT_2596_ITSA3_2024-12-02
R03 B2,jun/2025,2024-06-28,2025-06-30,2024-12-03,ITSA3,ITSA3,0.012388364988112646,0.01300778323751828,CONT_2651_ITSA3_2024-12-03
R03 B2,jun/2025,2024-06-28,2025-06-30,2024-12-12,CPLE3,CPLE3,0.007970687360999401,0.008152886193572491,CONT_2375_CPLE3_2024-12-12;CONT_2376_CPLE3_2024-12-12
R03 B2,jun/2025,2024-06-28,2025-06-30,2024-12-12,ITSA3,ITSA3,0.01300778323751828,0.01308887253001826,CONT_2597_ITSA3_2024-12-12
R03 B2,jun/2025,2024-06-28,2025-06-30,2024-12-12,LREN3,LREN3,0.01631945461238213,0.017951400073620345,CONT_2565_LREN3_2024-12-12
R03 B2,jun/2025,2024-06-28,2025-06-30,2024-12-17,KLBN3,KLBN3,0.048393406747407275,0.04880747383922378,CONT_2508_KLBN3_2024-12-17
R03 B2,jun/2025,2024-06-28,2025-06-30,2024-12-17,PNVL3,PNVL3,0.021049939072038306,0.02127296169200584,CONT_2513_PNVL3_2024-12-17;CONT_2514_PNVL3_2024-12-17;CONT_2515_PNVL3_2024-12-17;CONT_2516_PNVL3_2024-12-17
R03 B2,jun/2025,2024-06-28,2025-06-30,2024-12-19,DXCO3,DXCO3,0.03674335031984432,0.037024630395622225,CONT_2498_DXCO3_2024-12-19
R03 B2,jun/2025,2024-06-28,2025-06-30,2024-12-23,ALOS3,ALOS3,0.009679166097345081,0.009742280589591609,CONT_2615_ALOS3_2024-12-23
R03 B2,jun/2025,2024-06-28,2025-06-30,2024-12-26,CMIG3,CMIG3,0.017305809538636738,0.017537113804582134,CONT_2349_CMIG3_2024-12-26
R03 B2,jun/2025,2024-06-28,2025-06-30,2024-12-26,CSMG3,CSMG3,0.02647120670837011,0.026949680152370585,CONT_2470_CSMG3_2024-12-26
R03 B2,jun/2025,2024-06-28,2025-06-30,2024-12-27,LREN3,LREN3,0.017951400073620345,0.018202045395384763,CONT_2532_LREN3_2024-12-27
R03 B2,jun/2025,2024-06-28,2025-06-30,2025-01-02,SAPR3,SAPR3,0.006243770791774721,0.006419992187338905,CONT_2426_SAPR3_2025-01-02
R03 B2,jun/2025,2024-06-28,2025-06-30,2025-01-24,ALOS3,ALOS3,0.009742280589591609,0.00979159396621289,CONT_2616_ALOS3_2025-01-24;CONT_2646_ALOS3_2025-01-24
R03 B2,jun/2025,2024-06-28,2025-06-30,2025-02-18,ITSA3,ITSA1,0,0.0001801902935038067,CONT_2598_ITSA3_2025-02-18;CONT_2599_ITSA3_2025-02-18;CONT_2643_ITSA3_2025-02-18;CONT_3050_ITSA3_2025-02-18
R03 B2,jun/2025,2024-06-28,2025-06-30,2025-02-18,ITSA3,ITSA3,0.01308887253001826,0.01392819299250021,CONT_2598_ITSA3_2025-02-18;CONT_2599_ITSA3_2025-02-18;CONT_2643_ITSA3_2025-02-18;CONT_3050_ITSA3_2025-02-18
R03 B2,jun/2025,2024-06-28,2025-06-30,2025-02-21,ALOS3,ALOS3,0.00979159396621289,0.009838277866452695,CONT_2617_ALOS3_2025-02-21
R03 B2,jun/2025,2024-06-28,2025-06-30,2025-02-27,POMO3,POMO3,0.042591512404114094,0.04436294962887833,CONT_2421_POMO3_2025-02-27
R03 B2,jun/2025,2024-06-28,2025-06-30,2025-03-05,ITSA3,ITSA3,0.01392819299250021,0.013964167022908227,CONT_2600_ITSA3_2025-03-05
R03 B2,jun/2025,2024-06-28,2025-06-30,2025-03-06,CSMG3,CSMG3,0.026949680152370585,0.02751981193773924,CONT_2471_CSMG3_2025-03-06;CONT_2472_CSMG3_2025-03-06
R03 B2,jun/2025,2024-06-28,2025-06-30,2025-03-06,KLBN3,KLBN3,0.04880747383922378,0.04891399448218993,CONT_2509_KLBN3_2025-03-06
R03 B2,jun/2025,2024-06-28,2025-06-30,2025-03-10,ITSA3,ITSA1,0.0001801902935038067,0,CONT_3051_ITSA1_2025-03-10
R03 B2,jun/2025,2024-06-28,2025-06-30,2025-03-10,ITSA3,ITSA3,0.013964167022908227,0.014013468015229548,CONT_3051_ITSA1_2025-03-10
R03 B2,jun/2025,2024-06-28,2025-06-30,2025-03-18,DXCO3,DXCO3,0.037024630395622225,0.03707344150366827,CONT_2499_DXCO3_2025-03-18
R03 B2,jun/2025,2024-06-28,2025-06-30,2025-03-24,ALOS3,ALOS3,0.009838277866452695,0.009890204830087615,CONT_2618_ALOS3_2025-03-24
R03 B2,jun/2025,2024-06-28,2025-06-30,2025-03-26,CMIG3,CMIG3,0.017537113804582134,0.017762425028317434,CONT_2350_CMIG3_2025-03-26
R03 B2,jun/2025,2024-06-28,2025-06-30,2025-03-26,LREN3,LREN3,0.018202045395384763,0.018472628960473778,CONT_2533_LREN3_2025-03-26
R03 B2,jun/2025,2024-06-28,2025-06-30,2025-03-27,CSMG3,CSMG3,0.02751981193773924,0.02756774074998315,CONT_2473_CSMG3_2025-03-27
R03 B2,jun/2025,2024-06-28,2025-06-30,2025-03-27,PNVL3,PNVL3,0.02127296169200584,0.021483636736585637,CONT_2517_PNVL3_2025-03-27
R03 B2,jun/2025,2024-06-28,2025-06-30,2025-04-23,ALOS3,ALOS3,0.009890204830087615,0.00993926626218408,CONT_2619_ALOS3_2025-04-23
R03 B2,jun/2025,2024-06-28,2025-06-30,2025-04-25,CPLE3,CPLE3,0.008152886193572491,0.008469856894872597,CONT_2377_CPLE3_2025-04-25
R03 B2,jun/2025,2024-06-28,2025-06-30,2025-04-28,TRIS3,TRIS3,0.025691873625974873,0.02683956662783423,CONT_2450_TRIS3_2025-04-28
R03 B2,jun/2025,2024-06-28,2025-06-30,2025-05-02,CMIG3,CMIG3,0.017762425028317434,0.01855364174987561,CONT_2351_CMIG3_2025-05-02
R03 B2,jun/2025,2024-06-28,2025-06-30,2025-05-02,POMO3,POMO3,0.04436294962887833,0.045057397275002575,CONT_2422_POMO3_2025-05-02
R03 B2,jun/2025,2024-06-28,2025-06-30,2025-05-06,SLCE3,SLCE3,0.01626469866723239,0.016724628802292356,CONT_2505_SLCE3_2025-05-06
R03 B2,jun/2025,2024-06-28,2025-06-30,2025-05-14,KLBN3,KLBN3,0.04891399448218993,0.049470787850725846,CONT_2510_KLBN3_2025-05-14
R03 B2,jun/2025,2024-06-28,2025-06-30,2025-05-23,ALOS3,ALOS3,0.00993926626218408,0.0099859649254676,CONT_2620_ALOS3_2025-05-23
R03 B2,jun/2025,2024-06-28,2025-06-30,2025-06-02,ITSA3,ITSA3,0.014013468015229548,0.014043635434777978,CONT_2601_ITSA3_2025-06-02
R03 B2,jun/2025,2024-06-28,2025-06-30,2025-06-18,ALOS3,ALOS3,0.0099859649254676,0.010032918551340189,CONT_2621_ALOS3_2025-06-18
R03 B2,jun/2025,2024-06-28,2025-06-30,2025-06-23,ITSA3,ITSA3,0.014043635434777978,0.014121640966187319,CONT_2602_ITSA3_2025-06-23
R03 B2,jun/2025,2024-06-28,2025-06-30,2025-06-24,CMIG3,CMIG3,0.01855364174987561,0.01880894635554818,CONT_2352_CMIG3_2025-06-24
R03 B2,jun/2025,2024-06-28,2025-06-30,2025-06-24,CSMG3,CSMG3,0.02756774074998315,0.028017261100930536,CONT_2474_CSMG3_2025-06-24
R03 B2,jun/2026,2025-06-30,2026-06-30,2025-07-01,SAPR3,SAPR3,0.006419992187338905,0.0066354649358733595,CONT_2423_SAPR3_2025-07-01
R03 B2,jun/2026,2025-06-30,2026-06-30,2025-07-04,PNVL3,PNVL3,0.021483636736585637,0.02168738201655249,CONT_2518_PNVL3_2025-07-04;CONT_2519_PNVL3_2025-07-04
R03 B2,jun/2026,2025-06-30,2026-06-30,2025-07-23,ALOS3,ALOS3,0.010032918551340189,0.010080548956147158,CONT_2622_ALOS3_2025-07-23
R03 B2,jun/2026,2025-06-30,2026-06-30,2025-08-08,TGMA3,TGMA3,0.007549870884094859,0.007832912419599665,CONT_2634_TGMA3_2025-08-08;CONT_2635_TGMA3_2025-08-08
R03 B2,jun/2026,2025-06-30,2026-06-30,2025-08-13,FLRY3,FLRY3,0.02036493590241255,0.020816985813049776,CONT_2394_FLRY3_2025-08-13
R03 B2,jun/2026,2025-06-30,2026-06-30,2025-08-19,ITSA3,ITSA3,0.014121640966187319,0.014370476326909047,CONT_2603_ITSA3_2025-08-19
R03 B2,jun/2026,2025-06-30,2026-06-30,2025-08-22,ALOS3,ALOS3,0.010080548956147158,0.010125248280774416,CONT_2623_ALOS3_2025-08-22
R03 B2,jun/2026,2025-06-30,2026-06-30,2025-08-22,UGPA3,UGPA3,0.015116959261654015,0.015369048632331959,CONT_2534_UGPA3_2025-08-22
R03 B2,jun/2026,2025-06-30,2026-06-30,2025-08-27,POMO3,POMO3,0.045057397275002575,0.04607442471007445,CONT_2536_POMO3_2025-08-27;CONT_2537_POMO3_2025-08-27
R03 B2,jun/2026,2025-06-30,2026-06-30,2025-09-01,ITSA3,ITSA3,0.014370476326909047,0.014400505645091464,CONT_2604_ITSA3_2025-09-01
R03 B2,jun/2026,2025-06-30,2026-06-30,2025-09-23,CSMG3,CSMG3,0.028017261100930536,0.028391010340196917,CONT_2475_CSMG3_2025-09-23
R03 B2,jun/2026,2025-06-30,2026-06-30,2025-09-24,ALOS3,ALOS3,0.010125248280774416,0.010165783122856441,CONT_2624_ALOS3_2025-09-24
R03 B2,jun/2026,2025-06-30,2026-06-30,2025-09-30,CMIG3,CMIG3,0.01880894635554818,0.019083541517698227,CONT_2353_CMIG3_2025-09-30
R03 B2,jun/2026,2025-06-30,2026-06-30,2025-10-06,PNVL3,PNVL3,0.02168738201655249,0.021734199844266132,CONT_2520_PNVL3_2025-10-06
R03 B2,jun/2026,2025-06-30,2026-06-30,2025-10-22,ALOS3,ALOS3,0.010165783122856441,0.010208523469556134,CONT_2625_ALOS3_2025-10-22
R03 B2,jun/2026,2025-06-30,2026-06-30,2025-11-07,TGMA3,TGMA3,0.007832912419599665,0.008041017734500012,CONT_2636_TGMA3_2025-11-07;CONT_2637_TGMA3_2025-11-07
R03 B2,jun/2026,2025-06-30,2026-06-30,2025-11-19,ALOS3,ALOS3,0.010208523469556134,0.010318520728665622,CONT_2626_ALOS3_2025-11-19;CONT_2647_ALOS3_2025-11-19
R03 B2,jun/2026,2025-06-30,2026-06-30,2025-11-19,TRIS3,TRIS3,0.02683956662783423,0.028684334561451676,CONT_2451_TRIS3_2025-11-19
R03 B2,jun/2026,2025-06-30,2026-06-30,2025-11-25,POMO3,POMO3,0.04607442471007445,0.052134804351534496,CONT_2538_POMO3_2025-11-25;CONT_2539_POMO3_2025-11-25
R03 B2,jun/2026,2025-06-30,2026-06-30,2025-12-01,ITSA3,ITSA3,0.014400505645091464,0.014428233689082968,CONT_2605_ITSA3_2025-12-01
R03 B2,jun/2026,2025-06-30,2026-06-30,2025-12-03,FLRY3,FLRY3,0.020816985813049776,0.022048281496357965,CONT_2395_FLRY3_2025-12-03;CONT_2396_FLRY3_2025-12-03;CONT_2397_FLRY3_2025-12-03;CONT_2398_FLRY3_2025-12-03
R03 B2,jun/2026,2025-06-30,2026-06-30,2025-12-03,TGMA3,TGMA3,0.008041017734500012,0.008369575448382809,CONT_2638_TGMA3_2025-12-03
R03 B2,jun/2026,2025-06-30,2026-06-30,2025-12-08,UGPA3,UGPA3,0.015369048632331959,0.01610972567485398,CONT_2535_UGPA3_2025-12-08
R03 B2,jun/2026,2025-06-30,2026-06-30,2025-12-10,ITSA3,ITSA3,0.014428233689082968,0.015420411058168187,CONT_2606_ITSA3_2025-12-10;CONT_2607_ITSA3_2025-12-10
R03 B2,jun/2026,2025-06-30,2026-06-30,2025-12-15,TRIS3,TRIS3,0.028684334561451676,0.0372919003489279,CONT_2563_TRIS3_2025-12-15
R03 B2,jun/2026,2025-06-30,2026-06-30,2025-12-17,CSMG3,CSMG3,0.028391010340196917,0.028740238299931147,CONT_2476_CSMG3_2025-12-17;CONT_2477_CSMG3_2025-12-17
R03 B2,jun/2026,2025-06-30,2026-06-30,2025-12-19,ITSA3,ITSA3,0.015420411058168187,0.015728819279331552,CONT_2652_ITSA3_2025-12-19
R03 B2,jun/2026,2025-06-30,2026-06-30,2025-12-22,ALOS3,ALOS3,0.010318520728665622,0.010428745447112983,CONT_2627_ALOS3_2025-12-22
R03 B2,jun/2026,2025-06-30,2026-06-30,2025-12-23,CMIG3,CMIG3,0.019083541517698227,0.019281114860865426,CONT_2354_CMIG3_2025-12-23
R03 B2,jun/2026,2025-06-30,2026-06-30,2025-12-23,CSMG3,CSMG3,0.028740238299931147,0.02897819807368285,CONT_2478_CSMG3_2025-12-23
R03 B2,jun/2026,2025-06-30,2026-06-30,2025-12-26,CMIG3,CMIG3,0.019281114860865426,0.01959448608614655,CONT_2355_CMIG3_2025-12-26
R03 B2,jun/2026,2025-06-30,2026-06-30,2025-12-26,POMO3,POMO3,0.052134804351534496,0.05734828478668795,CONT_2566_POMO3_2025-12-26
R03 B2,jun/2026,2025-06-30,2026-06-30,2025-12-26,SBSP3,SBSP3,0.0022257321031596694,0.0023356168538864013,CONT_2639_SBSP3_2025-12-26;CONT_2653_SBSP3_2025-12-26
R03 B2,jun/2026,2025-06-30,2026-06-30,2025-12-29,TRIS3,TRIS3,0.0372919003489279,0.03990132413144177,CONT_2452_TRIS3_2025-12-29;CONT_2453_TRIS3_2025-12-29;CONT_2454_TRIS3_2025-12-29
R03 B2,jun/2026,2025-06-30,2026-06-30,2026-01-02,CPLE3,CPLE3,0.008469856894872597,0.009045372014660736,CONT_2378_CPLE3_2026-01-02;CONT_2379_CPLE3_2026-01-02
R03 B2,jun/2026,2025-06-30,2026-06-30,2026-01-02,SAPR3,SAPR3,0.0066354649358733595,0.00671147828688126,CONT_2424_SAPR3_2026-01-02
R03 B2,jun/2026,2025-06-30,2026-06-30,2026-01-16,PNVL3,PNVL3,0.021734199844266132,0.02199358754270805,CONT_2521_PNVL3_2026-01-16;CONT_2522_PNVL3_2026-01-16;CONT_2523_PNVL3_2026-01-16
R03 B2,jun/2026,2025-06-30,2026-06-30,2026-01-22,ALOS3,ALOS3,0.010428745447112983,0.010532493645700532,CONT_2628_ALOS3_2026-01-22
R03 B2,jun/2026,2025-06-30,2026-06-30,2026-02-20,ALOS3,ALOS3,0.010532493645700532,0.010629122920713815,CONT_2629_ALOS3_2026-02-20
R03 B2,jun/2026,2025-06-30,2026-06-30,2026-03-02,ITSA3,ITSA3,0.015728819279331552,0.015755690731155316,CONT_2608_ITSA3_2026-03-02
R03 B2,jun/2026,2025-06-30,2026-06-30,2026-03-09,CSMG3,CSMG3,0.02897819807368285,0.028979187787010967,CONT_2479_CSMG3_2026-03-09
R03 B2,jun/2026,2025-06-30,2026-06-30,2026-03-20,ITSA3,ITSA3,0.015755690731155316,0.015895100351659818,CONT_2609_ITSA3_2026-03-20
R03 B2,jun/2026,2025-06-30,2026-06-30,2026-03-20,SBSP3,SBSP3,0.0023356168538864013,0.002352484888255896,CONT_2640_SBSP3_2026-03-20;CONT_2654_SBSP3_2026-03-20
R03 B2,jun/2026,2025-06-30,2026-06-30,2026-03-24,CSMG3,CSMG3,0.028979187787010967,0.029227240505494037,CONT_2480_CSMG3_2026-03-24
R03 B2,jun/2026,2025-06-30,2026-06-30,2026-03-25,CMIG3,CMIG3,0.01959448608614655,0.0198659760224692,CONT_2356_CMIG3_2026-03-25
R03 B2,jun/2026,2025-06-30,2026-06-30,2026-03-27,PNVL3,PNVL3,0.02199358754270805,0.022128026748821347,CONT_2524_PNVL3_2026-03-27;CONT_2525_PNVL3_2026-03-27;CONT_2526_PNVL3_2026-03-27
R03 B2,jun/2026,2025-06-30,2026-06-30,2026-03-30,ALOS3,ALOS3,0.010629122920713815,0.010736286084976647,CONT_2630_ALOS3_2026-03-30
R03 B2,jun/2026,2025-06-30,2026-06-30,2026-04-23,ALOS3,ALOS3,0.010736286084976647,0.010834571604137987,CONT_2631_ALOS3_2026-04-23
R03 B2,jun/2026,2025-06-30,2026-06-30,2026-04-27,POMO3,POMO3,0.05734828478668795,0.05813705569394822,CONT_2540_POMO3_2026-04-27
R03 B2,jun/2026,2025-06-30,2026-06-30,2026-04-29,SBSP3,SBSP3,0.002352484888255896,0.01176242444127948,CONT_2655_SBSP3_2026-04-29
R03 B2,jun/2026,2025-06-30,2026-06-30,2026-04-30,CPLE3,CPLE3,0.009045372014660736,0.009180599445061567,CONT_2380_CPLE3_2026-04-30
R03 B2,jun/2026,2025-06-30,2026-06-30,2026-05-04,CMIG3,CMIG3,0.0198659760224692,0.020150375801808614,CONT_2357_CMIG3_2026-05-04
R03 B2,jun/2026,2025-06-30,2026-06-30,2026-05-20,ALOS3,ALOS3,0.010834571604137987,0.010944935122668888,CONT_2632_ALOS3_2026-05-20
R03 B2,jun/2026,2025-06-30,2026-06-30,2026-06-01,ITSA3,ITSA3,0.015895100351659818,0.015924925194560367,CONT_2610_ITSA3_2026-06-01
R03 B2,jun/2026,2025-06-30,2026-06-30,2026-06-19,ITSA3,ITSA3,0.015924925194560367,0.01609528485943241,CONT_2611_ITSA3_2026-06-19
R03 B2,jun/2026,2025-06-30,2026-06-30,2026-06-23,ALOS3,ALOS3,0.010944935122668888,0.011063540827860053,CONT_2633_ALOS3_2026-06-23
R03 B2,jun/2026,2025-06-30,2026-06-30,2026-06-24,CMIG3,CMIG3,0.020150375801808614,0.020439519451790934,CONT_2358_CMIG3_2026-06-24
R03 B2,jun/2026,2025-06-30,2026-06-30,2026-06-24,CSMG3,CSMG3,0.029227240505494037,0.02941573993904693,CONT_2481_CSMG3_2026-06-24
R03 B2,jun/2026,2025-06-30,2026-06-30,2026-06-29,PNVL3,PNVL3,0.022128026748821347,0.02236643714106696,CONT_2527_PNVL3_2026-06-29;CONT_2528_PNVL3_2026-06-29;CONT_2529_PNVL3_2026-06-29;CONT_2530_PNVL3_2026-06-29
B00S B2,jun/2016,2015-06-30,2016-06-30,2015-07-01,ABCB4,ABCB4,0.003196452330869486,0.0033111840128071065,CONT_26_ABCB4_2015-07-01
B00S B2,jun/2016,2015-06-30,2016-06-30,2015-07-01,ITUB4,ITUB4,0.001333759253647664,0.0013343408347175686,ITUB4_2015-07-01_DISTRIBUTION_280
B00S B2,jun/2016,2015-06-30,2016-06-30,2015-07-02,BBDC4,BBDC4,0.0015915683732159373,0.0015926144316119268,BBDC4_2015-07-02_DISTRIBUTION_317
B00S B2,jun/2016,2015-06-30,2016-06-30,2015-07-14,ITUB4,ITUB4,0.0013343408347175686,0.0014677749181893256,ITUB4_2015-07-14_SHARES_662
B00S B2,jun/2016,2015-06-30,2016-06-30,2015-08-03,ITUB4,ITUB4,0.0014677749181893256,0.0014685107679143538,ITUB4_2015-08-03_DISTRIBUTION_279
B00S B2,jun/2016,2015-06-30,2016-06-30,2015-08-03,VIVT4,VIVT4,0.002521278279388896,0.002529037428577156,CONT_2802_VIVT4_2015-08-03
B00S B2,jun/2016,2015-06-30,2016-06-30,2015-08-04,BBDC4,BBDC4,0.0015926144316119268,0.0015937753826165552,BBDC4_2015-08-04_DISTRIBUTION_316
B00S B2,jun/2016,2015-06-30,2016-06-30,2015-08-10,GETI4,GETI4,0.0011392110432560866,0.0011638254285446,GETI_DIST_20150810
B00S B2,jun/2016,2015-06-30,2016-06-30,2015-08-12,CSMG3,CSMG3,0.0025591184484714275,0.0025613004824651796,CONT_994_CSMG3_2015-08-12
B00S B2,jun/2016,2015-06-30,2016-06-30,2015-08-13,ITUB4,ITUB4,0.0014685107679143538,0.0014875409074536184,ITUB4_2015-08-13_DISTRIBUTION_278
B00S B2,jun/2016,2015-06-30,2016-06-30,2015-08-21,TBLE3,TBLE3,0.0006558907355929514,0.0006652357834718447,TBLE3_2015-08-21_DISTRIBUTION_368
B00S B2,jun/2016,2015-06-30,2016-06-30,2015-08-24,BBAS3,BBAS3,0.0017793750167579684,0.001792003618552841,CONT_253_BBAS3_2015-08-24;CONT_254_BBAS3_2015-08-24
B00S B2,jun/2016,2015-06-30,2016-06-30,2015-09-01,ITUB4,ITUB4,0.0014875409074536184,0.0014884017528861726,ITUB4_2015-09-01_DISTRIBUTION_277
B00S B2,jun/2016,2015-06-30,2016-06-30,2015-09-01,VIVT4,VIVT4,0.002529037428577156,0.0025382259145702393,CONT_2801_VIVT4_2015-09-01
B00S B2,jun/2016,2015-06-30,2016-06-30,2015-09-02,BBDC4,BBDC4,0.0015937753826165552,0.0015951029323739761,BBDC4_2015-09-02_DISTRIBUTION_315
B00S B2,jun/2016,2015-06-30,2016-06-30,2015-09-10,BRSR6,BRSR6,0.004052486422614932,0.004186414791761146,CONT_695_BRSR6_2015-09-10
B00S B2,jun/2016,2015-06-30,2016-06-30,2015-09-14,BBAS3,BBAS3,0.001792003618552841,0.0018199200579880142,CONT_252_BBAS3_2015-09-14
B00S B2,jun/2016,2015-06-30,2016-06-30,2015-10-01,ITUB4,ITUB4,0.0014884017528861726,0.0014892323342214884,ITUB4_2015-10-01_DISTRIBUTION_276
B00S B2,jun/2016,2015-06-30,2016-06-30,2015-10-01,VIVT4,VIVT4,0.0025382259145702393,0.0025443335717749535,CONT_2800_VIVT4_2015-10-01
B00S B2,jun/2016,2015-06-30,2016-06-30,2015-10-02,BBDC4,BBDC4,0.0015951029323739761,0.0015964475247096997,BBDC4_2015-10-02_DISTRIBUTION_314
B00S B2,jun/2016,2015-06-30,2016-06-30,2015-10-29,PSSA3,PSSA3,0.006735316563766448,0.006898578137354036,CONT_2161_PSSA3_2015-10-29
B00S B2,jun/2016,2015-06-30,2016-06-30,2015-11-03,ITUB4,ITUB4,0.0014892323342214884,0.001490025604285882,ITUB4_2015-11-03_DISTRIBUTION_275
B00S B2,jun/2016,2015-06-30,2016-06-30,2015-11-03,VIVT4,VIVT4,0.0025443335717749535,0.0025476215737557104,CONT_2799_VIVT4_2015-11-03
B00S B2,jun/2016,2015-06-30,2016-06-30,2015-11-04,BBDC4,BBDC4,0.0015964475247096997,0.001597846706550803,BBDC4_2015-11-04_DISTRIBUTION_313
B00S B2,jun/2016,2015-06-30,2016-06-30,2015-11-12,CSMG3,CSMG3,0.0025613004824651796,0.0025648385805504786,CONT_993_CSMG3_2015-11-12
B00S B2,jun/2016,2015-06-30,2016-06-30,2015-11-24,BBAS3,BBAS3,0.0018199200579880142,0.0018366324786582367,CONT_251_BBAS3_2015-11-24
B00S B2,jun/2016,2015-06-30,2016-06-30,2015-11-24,TBLE3,TBLE3,0.0006652357834718447,0.0006742552313565351,TBLE3_2015-11-24_DISTRIBUTION_367
B00S B2,jun/2016,2015-06-30,2016-06-30,2015-11-26,TRPL4,TRPL4,0.000788611141561957,0.0008132940664014315,CONT_1398_TRPL4_2015-11-26
B00S B2,jun/2016,2015-06-30,2016-06-30,2015-12-01,ITUB4,ITUB4,0.001490025604285882,0.0014908241174714585,ITUB4_2015-12-01_DISTRIBUTION_274
B00S B2,jun/2016,2015-06-30,2016-06-30,2015-12-01,VIVT4,VIVT4,0.0025476215737557104,0.0025574559151928158,CONT_2798_VIVT4_2015-12-01
B00S B2,jun/2016,2015-06-30,2016-06-30,2015-12-02,BBDC4,BBDC4,0.001597846706550803,0.0015992925261057902,BBDC4_2015-12-02_DISTRIBUTION_312
B00S B2,jun/2016,2015-06-30,2016-06-30,2015-12-04,BRSR6,BRSR6,0.004186414791761146,0.004369851135793535,CONT_694_BRSR6_2015-12-04
B00S B2,jun/2016,2015-06-30,2016-06-30,2015-12-10,ITUB4,ITUB4,0.0014908241174714585,0.0015016429452683869,ITUB4_2015-12-10_DISTRIBUTION_273
B00S B2,jun/2016,2015-06-30,2016-06-30,2015-12-14,BBAS3,BBAS3,0.0018366324786582367,0.0018669292847068595,CONT_250_BBAS3_2015-12-14
B00S B2,jun/2016,2015-06-30,2016-06-30,2015-12-14,PSSA3,PSSA3,0.006898578137354036,0.006967398053480021,CONT_2160_PSSA3_2015-12-14
B00S B2,jun/2016,2015-06-30,2016-06-30,2015-12-17,BBDC4,BBDC4,0.0015992925261057902,0.0016650455269518328,BBDC4_2015-12-17_DISTRIBUTION_311
B00S B2,jun/2016,2015-06-30,2016-06-30,2015-12-22,ENBR3,ENBR3,0.001972487317839809,0.0019775265814676213,CONT_1109_ENBR3_2015-12-22
B00S B2,jun/2016,2015-06-30,2016-06-30,2015-12-28,EQTL3,EQTL3,0.0008370604749123239,0.0008454671080893487,CONT_1127_EQTL3_2015-12-28
B00S B2,jun/2016,2015-06-30,2016-06-30,2016-01-04,ABCB4,ABCB4,0.0033111840128071065,0.003499755975733407,CONT_25_ABCB4_2016-01-04
B00S B2,jun/2016,2015-06-30,2016-06-30,2016-01-04,CMIG4,CMIG4,0.0014134864957624205,0.0014531807467620202,CMIG4_2016-01-04_DISTRIBUTION_640
B00S B2,jun/2016,2015-06-30,2016-06-30,2016-01-04,GETI4,GETI4,0.0011638254285446,0,GETI_TIET_20160104
B00S B2,jun/2016,2015-06-30,2016-06-30,2016-01-04,GETI4,TIET11,0,0.0011638254285446,GETI_TIET_20160104
B00S B2,jun/2016,2015-06-30,2016-06-30,2016-01-04,ITUB4,ITUB4,0.0015016429452683869,0.0015025392701461834,ITUB4_2016-01-04_DISTRIBUTION_272
B00S B2,jun/2016,2015-06-30,2016-06-30,2016-01-04,VIVT4,VIVT4,0.0025574559151928158,0.0025707875558859403,CONT_2797_VIVT4_2016-01-04
B00S B2,jun/2016,2015-06-30,2016-06-30,2016-01-05,BBDC4,BBDC4,0.0016650455269518328,0.0016667040004872773,BBDC4_2016-01-05_DISTRIBUTION_310
B00S B2,jun/2016,2015-06-30,2016-06-30,2016-02-01,ITUB4,ITUB4,0.0015025392701461834,0.0015034241578200033,ITUB4_2016-02-01_DISTRIBUTION_271
B00S B2,jun/2016,2015-06-30,2016-06-30,2016-02-02,BBDC4,BBDC4,0.0016667040004872773,0.0016684757310233434,BBDC4_2016-02-02_DISTRIBUTION_309
B00S B2,jun/2016,2015-06-30,2016-06-30,2016-02-19,ITUB4,ITUB4,0.0015034241578200033,0.0015439614783341116,ITUB4_2016-02-19_DISTRIBUTION_269;ITUB4_2016-02-19_DISTRIBUTION_270
B00S B2,jun/2016,2015-06-30,2016-06-30,2016-03-01,ITUB4,ITUB4,0.0015439614783341116,0.0015448327884234649,ITUB4_2016-03-01_DISTRIBUTION_268
B00S B2,jun/2016,2015-06-30,2016-06-30,2016-03-01,VIVT4,VIVT4,0.0025707875558859403,0.0025788228022107238,CONT_2796_VIVT4_2016-03-01
B00S B2,jun/2016,2015-06-30,2016-06-30,2016-03-02,BBDC4,BBDC4,0.0016684757310233434,0.0016698890796089374,BBDC4_2016-03-02_DISTRIBUTION_308
B00S B2,jun/2016,2015-06-30,2016-06-30,2016-03-03,BBAS3,BBAS3,0.0018669292847068595,0.0018771089322255268,CONT_248_BBAS3_2016-03-03;CONT_249_BBAS3_2016-03-03
B00S B2,jun/2016,2015-06-30,2016-06-30,2016-03-11,BRSR6,BRSR6,0.004369851135793535,0.004483569969032147,CONT_693_BRSR6_2016-03-11
B00S B2,jun/2016,2015-06-30,2016-06-30,2016-03-14,BBAS3,BBAS3,0.0018771089322255268,0.0018854193660408094,CONT_247_BBAS3_2016-03-14
B00S B2,jun/2016,2015-06-30,2016-06-30,2016-03-30,PSSA3,PSSA3,0.006967398053480021,0.007002875495497775,CONT_2159_PSSA3_2016-03-30
B00S B2,jun/2016,2015-06-30,2016-06-30,2016-04-01,ITUB4,ITUB4,0.0015448327884234649,0.0015455705309203242,ITUB4_2016-04-01_DISTRIBUTION_267
B00S B2,jun/2016,2015-06-30,2016-06-30,2016-04-01,VIVT4,VIVT4,0.0025788228022107238,0.002590694649136745,CONT_2795_VIVT4_2016-04-01
B00S B2,jun/2016,2015-06-30,2016-06-30,2016-04-04,BBDC4,BBDC4,0.0016698890796089374,0.0016710816210593238,BBDC4_2016-04-04_DISTRIBUTION_307
B00S B2,jun/2016,2015-06-30,2016-06-30,2016-04-06,SBSP3,SBSP3,0.00444043073194355,0.004483196935699159,CONT_2263_SBSP3_2016-04-06
B00S B2,jun/2016,2015-06-30,2016-06-30,2016-04-13,TIMP3,TIMP3,0.008068759905093625,0.008274300946886536,TIMP_GROSS_2016-04-13
B00S B2,jun/2016,2015-06-30,2016-06-30,2016-04-14,ENBR3,ENBR3,0.0019775265814676213,0.002077411881351903,CONT_1108_ENBR3_2016-04-14
B00S B2,jun/2016,2015-06-30,2016-06-30,2016-04-18,BBDC4,BBDC4,0.0016710816210593238,0.0018381897831652562,BBDC4_2016-04-18_SHARES_668
B00S B2,jun/2016,2015-06-30,2016-06-30,2016-04-18,EQTL3,EQTL3,0.0008454671080893487,0.0008590531061179786,CONT_1126_EQTL3_2016-04-18
B00S B2,jun/2016,2015-06-30,2016-06-30,2016-04-29,CPLE6,CPLE6,0.0006489463738186793,0.0006777083831306367,CONT_923_CPLE6_2016-04-29;CONT_924_CPLE6_2016-04-29
B00S B2,jun/2016,2015-06-30,2016-06-30,2016-04-29,GETI4,TIET11,0.0011638254285446,0.001264098730976552,CONT_2619_TIET11_2016-04-29
B00S B2,jun/2016,2015-06-30,2016-06-30,2016-04-29,VIVT4,VIVT4,0.002590694649136745,0.002638787760933571,CONT_2794_VIVT4_2016-04-29
B00S B2,jun/2016,2015-06-30,2016-06-30,2016-05-02,CMIG4,CMIG4,0.0014531807467620202,0.0015278732827241944,CMIG4_2016-05-02_DISTRIBUTION_641
B00S B2,jun/2016,2015-06-30,2016-06-30,2016-05-02,CPFE3,CPFE3,0.0010620251550568177,0.0010998767930175209,CONT_847_CPFE3_2016-05-02;CPFE_BONUS_20160502
B00S B2,jun/2016,2015-06-30,2016-06-30,2016-05-02,ITUB4,ITUB4,0.0015455705309203242,0.0015462961508878924,ITUB4_2016-05-02_DISTRIBUTION_266
B00S B2,jun/2016,2015-06-30,2016-06-30,2016-05-02,VIVT4,VIVT4,0.002638787760933571,0.0026470276916463185,CONT_2793_VIVT4_2016-05-02
B00S B2,jun/2016,2015-06-30,2016-06-30,2016-05-03,BBDC4,BBDC4,0.0018381897831652562,0.0018395939417820562,BBDC4_2016-05-03_DISTRIBUTION_306
B00S B2,jun/2016,2015-06-30,2016-06-30,2016-05-09,GETI4,TIET11,0.001264098730976552,0.001285343132475185,CONT_2618_TIET11_2016-05-09
B00S B2,jun/2016,2015-06-30,2016-06-30,2016-05-11,TBLE3,TBLE3,0.0006742552313565351,0.000680172759583452,TBLE3_2016-05-11_DISTRIBUTION_366
B00S B2,jun/2016,2015-06-30,2016-06-30,2016-05-12,CSMG3,CSMG3,0.0025648385805504786,0.002585888711361537,CONT_992_CSMG3_2016-05-12
B00S B2,jun/2016,2015-06-30,2016-06-30,2016-05-24,BBAS3,BBAS3,0.0018854193660408094,0.001901192087247195,CONT_246_BBAS3_2016-05-24
B00S B2,jun/2016,2015-06-30,2016-06-30,2016-06-01,ITUB4,ITUB4,0.0015462961508878924,0.0015470832035605533,ITUB4_2016-06-01_DISTRIBUTION_265
B00S B2,jun/2016,2015-06-30,2016-06-30,2016-06-02,BBDC4,BBDC4,0.0018395939417820562,0.0018410513924577503,BBDC4_2016-06-02_DISTRIBUTION_305
B00S B2,jun/2016,2015-06-30,2016-06-30,2016-06-14,BBAS3,BBAS3,0.001901192087247195,0.0019174490050884259,CONT_245_BBAS3_2016-06-14
B00S B2,jun/2016,2015-06-30,2016-06-30,2016-06-14,BRSR6,BRSR6,0.004483569969032147,0.00459769028152922,CONT_692_BRSR6_2016-06-14
B00S B2,jun/2016,2015-06-30,2016-06-30,2016-06-22,TRPL4,TRPL4,0.0008132940664014315,0.0008221815698813968,CONT_1397_TRPL4_2016-06-22
B00S B2,jun/2016,2015-06-30,2016-06-30,2016-06-23,BBDC4,BBDC4,0.0018410513924577503,0.0018547691116321942,BBDC4_2016-06-23_DISTRIBUTION_304
B00S B2,jun/2017,2016-06-30,2017-06-30,2016-07-01,ABCB4,ABCB4,0.003865366950219949,0.004035641957351825,CONT_24_ABCB4_2016-07-01
B00S B2,jun/2017,2016-06-30,2017-06-30,2016-07-01,ITUB4,ITUB4,0.00170870321409486,0.001709532413325252,ITUB4_2016-07-01_DISTRIBUTION_264
B00S B2,jun/2017,2016-06-30,2017-06-30,2016-07-01,VIVT4,VIVT4,0.002923556221219831,0.0029301062240294218,CONT_2792_VIVT4_2016-07-01
B00S B2,jun/2017,2016-06-30,2017-06-30,2016-07-04,BBDC4,BBDC4,0.0020485323188538856,0.0020500442017586146,BBDC4_2016-07-04_DISTRIBUTION_303
B00S B2,jun/2017,2016-06-30,2017-06-30,2016-08-01,ITUB4,ITUB4,0.001709532413325252,0.0017102994784224663,ITUB4_2016-08-01_DISTRIBUTION_263
B00S B2,jun/2017,2016-06-30,2017-06-30,2016-08-02,BBDC4,BBDC4,0.0020500442017586146,0.0020514319719038138,BBDC4_2016-08-02_DISTRIBUTION_302
B00S B2,jun/2017,2016-06-30,2017-06-30,2016-08-09,TBLE3,TBLE3,0.0007512287495366925,0.0007690783852249576,TBLE3_2016-08-09_DISTRIBUTION_365
B00S B2,jun/2017,2016-06-30,2017-06-30,2016-08-15,ITUB4,ITUB4,0.0017102994784224663,0.0017290882860185723,ITUB4_2016-08-15_DISTRIBUTION_262
B00S B2,jun/2017,2016-06-30,2017-06-30,2016-08-23,BBAS3,BBAS3,0.002117760227967821,0.002130887470866028,CONT_243_BBAS3_2016-08-23;CONT_244_BBAS3_2016-08-23
B00S B2,jun/2017,2016-06-30,2017-06-30,2016-09-01,ITUB4,ITUB4,0.0017290882860185723,0.0017298049570406856,ITUB4_2016-09-01_DISTRIBUTION_261
B00S B2,jun/2017,2016-06-30,2017-06-30,2016-09-02,BBDC4,BBDC4,0.0020514319719038138,0.0020527474680120724,BBDC4_2016-09-02_DISTRIBUTION_301
B00S B2,jun/2017,2016-06-30,2017-06-30,2016-09-08,BRSR6,BRSR6,0.005077999776211899,0.005161412202300103,CONT_691_BRSR6_2016-09-08
B00S B2,jun/2017,2016-06-30,2017-06-30,2016-09-13,BBAS3,BBAS3,0.002130887470866028,0.002143149229759025,CONT_242_BBAS3_2016-09-13
B00S B2,jun/2017,2016-06-30,2017-06-30,2016-10-03,BBDC4,BBDC4,0.0020527474680120724,0.0020960374805817352,BBDC4_2016-10-03_DISTRIBUTION_300
B00S B2,jun/2017,2016-06-30,2017-06-30,2016-10-03,ITUB4,ITUB4,0.0017298049570406856,0.001730518769265049,ITUB4_2016-10-03_DISTRIBUTION_260
B00S B2,jun/2017,2016-06-30,2017-06-30,2016-10-03,VIVT4,VIVT4,0.0029301062240294218,0.0029549938680936277,CONT_2791_VIVT4_2016-10-03
B00S B2,jun/2017,2016-06-30,2017-06-30,2016-10-04,BBDC4,BBDC4,0.0020960374805817352,0.0020973544312721617,BBDC4_2016-10-04_DISTRIBUTION_299
B00S B2,jun/2017,2016-06-30,2017-06-30,2016-10-18,ITUB4,ITUB4,0.001730518769265049,0.0019035706461915539,ITUB4_2016-10-18_SHARES_663
B00S B2,jun/2017,2016-06-30,2017-06-30,2016-10-28,PSSA3,PSSA3,0.007734448825715557,0.008010864974864237,CONT_2158_PSSA3_2016-10-28
B00S B2,jun/2017,2016-06-30,2017-06-30,2016-11-01,ITUB4,ITUB4,0.0019035706461915539,0.0019043371847067988,ITUB4_2016-11-01_DISTRIBUTION_259
B00S B2,jun/2017,2016-06-30,2017-06-30,2016-11-03,BBDC4,BBDC4,0.0020973544312721617,0.0020986110431994963,BBDC4_2016-11-03_DISTRIBUTION_298
B00S B2,jun/2017,2016-06-30,2017-06-30,2016-11-11,TBLE3,TBLE3,0.0007690783852249576,0.0007835757712339813,TBLE3_2016-11-11_DISTRIBUTION_364
B00S B2,jun/2017,2016-06-30,2017-06-30,2016-11-22,BBAS3,BBAS3,0.002143149229759025,0.0021513881824522683,CONT_241_BBAS3_2016-11-22
B00S B2,jun/2017,2016-06-30,2017-06-30,2016-12-01,ITUB4,ITUB4,0.0019043371847067988,0.0019051823047591834,ITUB4_2016-12-01_DISTRIBUTION_258
B00S B2,jun/2017,2016-06-30,2017-06-30,2016-12-02,BBDC4,BBDC4,0.0020986110431994963,0.002100007282460015,BBDC4_2016-12-02_DISTRIBUTION_297
B00S B2,jun/2017,2016-06-30,2017-06-30,2016-12-05,TRPL4,TRPL4,0.0009080728740333153,0.0009204586616037044,CONT_1396_TRPL4_2016-12-05
B00S B2,jun/2017,2016-06-30,2017-06-30,2016-12-13,BBAS3,BBAS3,0.0021513881824522683,0.0021577760528022835,CONT_240_BBAS3_2016-12-13
B00S B2,jun/2017,2016-06-30,2017-06-30,2016-12-15,BRSR6,BRSR6,0.005161412202300103,0.005181500819712441,CONT_690_BRSR6_2016-12-15
B00S B2,jun/2017,2016-06-30,2017-06-30,2016-12-21,PSSA3,PSSA3,0.008010864974864237,0.008042165219805802,CONT_2157_PSSA3_2016-12-21
B00S B2,jun/2017,2016-06-30,2017-06-30,2016-12-22,BBDC4,BBDC4,0.002100007282460015,0.0021221765771635725,BBDC4_2016-12-22_DISTRIBUTION_296
B00S B2,jun/2017,2016-06-30,2017-06-30,2016-12-23,ITUB4,ITUB4,0.0019051823047591834,0.0019328417731442613,ITUB4_2016-12-23_DISTRIBUTION_257
B00S B2,jun/2017,2016-06-30,2017-06-30,2016-12-27,CMIG4,CMIG4,0.0016874864796619278,0.0017565406512394291,CMIG4_2016-12-27_DISTRIBUTION_642
B00S B2,jun/2017,2016-06-30,2017-06-30,2016-12-27,EQTL3,EQTL3,0.0009487962897688522,0.0009537899544518461,CONT_1125_EQTL3_2016-12-27
B00S B2,jun/2017,2016-06-30,2017-06-30,2016-12-29,ENBR3,ENBR3,0.00229443403592993,0.0023876618306919975,CONT_1107_ENBR3_2016-12-29
B00S B2,jun/2017,2016-06-30,2017-06-30,2017-01-02,ABCB4,ABCB4,0.004035641957351825,0.004199068780418138,CONT_23_ABCB4_2017-01-02
B00S B2,jun/2017,2016-06-30,2017-06-30,2017-01-02,ITUB4,ITUB4,0.0019328417731442613,0.001933706450346682,ITUB4_2017-01-02_DISTRIBUTION_256
B00S B2,jun/2017,2016-06-30,2017-06-30,2017-01-02,VIVT4,VIVT4,0.0029549938680936277,0.002979735295942284,CONT_2790_VIVT4_2017-01-02
B00S B2,jun/2017,2016-06-30,2017-06-30,2017-01-03,BBDC4,BBDC4,0.0021221765771635725,0.0021235188403374377,BBDC4_2017-01-03_DISTRIBUTION_623
B00S B2,jun/2017,2016-06-30,2017-06-30,2017-01-13,CPFE3,CPFE3,0.001214778240117986,0.0012252894389727553,CONT_846_CPFE3_2017-01-13
B00S B2,jun/2017,2016-06-30,2017-06-30,2017-02-01,ITUB4,ITUB4,0.001933706450346682,0.001934477465677761,ITUB4_2017-02-01_DISTRIBUTION_255
B00S B2,jun/2017,2016-06-30,2017-06-30,2017-02-02,BBDC4,BBDC4,0.0021235188403374377,0.002124810294324723,BBDC4_2017-02-02_DISTRIBUTION_624
B00S B2,jun/2017,2016-06-30,2017-06-30,2017-02-21,ITUB4,ITUB4,0.001934477465677761,0.0019711970208035026,ITUB4_2017-02-21_DISTRIBUTION_254
B00S B2,jun/2017,2016-06-30,2017-06-30,2017-03-01,ITUB4,ITUB4,0.0019711970208035026,0.001971937144841351,ITUB4_2017-03-01_DISTRIBUTION_253
B00S B2,jun/2017,2016-06-30,2017-06-30,2017-03-01,VIVT4,VIVT4,0.002979735295942284,0.0029868831249925077,CONT_2789_VIVT4_2017-03-01
B00S B2,jun/2017,2016-06-30,2017-06-30,2017-03-02,BBAS3,BBAS3,0.0021577760528022835,0.002159456811992852,CONT_238_BBAS3_2017-03-02;CONT_239_BBAS3_2017-03-02
B00S B2,jun/2017,2016-06-30,2017-06-30,2017-03-02,BBDC4,BBDC4,0.002124810294324723,0.002126032047945815,BBDC4_2017-03-02_DISTRIBUTION_625
B00S B2,jun/2017,2016-06-30,2017-06-30,2017-03-14,BBAS3,BBAS3,0.002159456811992852,0.002164049268326942,CONT_237_BBAS3_2017-03-14
B00S B2,jun/2017,2016-06-30,2017-06-30,2017-03-14,BRSR6,BRSR6,0.005181500819712441,0.005247546025191969,CONT_689_BRSR6_2017-03-14
B00S B2,jun/2017,2016-06-30,2017-06-30,2017-04-03,ITUB4,ITUB4,0.001971937144841351,0.001972705033137629,ITUB4_2017-04-03_DISTRIBUTION_252
B00S B2,jun/2017,2016-06-30,2017-06-30,2017-04-03,VIVT4,VIVT4,0.0029868831249925077,0.003000561388797082,CONT_2788_VIVT4_2017-04-03
B00S B2,jun/2017,2016-06-30,2017-06-30,2017-04-04,BBDC4,BBDC4,0.002126032047945815,0.00212726308401654,BBDC4_2017-04-04_DISTRIBUTION_626
B00S B2,jun/2017,2016-06-30,2017-06-30,2017-04-11,SBSP3,SBSP3,0.004951545589674258,0.005136239773155358,CONT_2262_SBSP3_2017-04-11
B00S B2,jun/2017,2016-06-30,2017-06-30,2017-04-20,TIMP3,TIMP3,0.00913869699431443,0.009192392304883895,TIMP_GROSS_2017-04-20
B00S B2,jun/2017,2016-06-30,2017-06-30,2017-04-27,VIVT4,VIVT4,0.003000561388797082,0.003075591489245232,CONT_2787_VIVT4_2017-04-27
B00S B2,jun/2017,2016-06-30,2017-06-30,2017-04-28,EQTL3,EQTL3,0.0009537899544518461,0.0009638768398326804,CONT_1124_EQTL3_2017-04-28
B00S B2,jun/2017,2016-06-30,2017-06-30,2017-05-02,BBDC4,BBDC4,0.00212726308401654,0.0023399893924181945,BBDC4_2017-05-02_SHARES_669
B00S B2,jun/2017,2016-06-30,2017-06-30,2017-05-02,CPLE6,CPLE6,0.0007485069256839263,0.0008000907316950134,CONT_921_CPLE6_2017-05-02;CONT_922_CPLE6_2017-05-02
B00S B2,jun/2017,2016-06-30,2017-06-30,2017-05-02,ITUB4,ITUB4,0.001972705033137629,0.00197344387397401,ITUB4_2017-05-02_DISTRIBUTION_251
B00S B2,jun/2017,2016-06-30,2017-06-30,2017-05-03,BBDC4,BBDC4,0.0023399893924181945,0.0023414147809184566,BBDC4_2017-05-03_DISTRIBUTION_627
B00S B2,jun/2017,2016-06-30,2017-06-30,2017-05-05,BRSR6,BRSR6,0.005247546025191969,0.005261670327000829,CONT_688_BRSR6_2017-05-05
B00S B2,jun/2017,2016-06-30,2017-06-30,2017-05-15,CMIG4,CMIG4,0.0017565406512394291,0.0018046105688103785,CMIG4_2017-05-15_DISTRIBUTION_643
B00S B2,jun/2017,2016-06-30,2017-06-30,2017-05-16,BRSR6,BRSR6,0.005261670327000829,0.005328722100669882,CONT_687_BRSR6_2017-05-16
B00S B2,jun/2017,2016-06-30,2017-06-30,2017-05-23,BBAS3,BBAS3,0.002164049268326942,0.002178646959992004,CONT_236_BBAS3_2017-05-23
B00S B2,jun/2017,2016-06-30,2017-06-30,2017-05-30,TBLE3,TBLE3,0.0007835757712339813,0.0007984099344037142,TBLE3_2017-05-30_DISTRIBUTION_363
B00S B2,jun/2017,2016-06-30,2017-06-30,2017-06-01,ITUB4,ITUB4,0.00197344387397401,0.001974286505858713,ITUB4_2017-06-01_DISTRIBUTION_250
B00S B2,jun/2017,2016-06-30,2017-06-30,2017-06-02,BBDC4,BBDC4,0.0023414147809184566,0.0023430620889739887,BBDC4_2017-06-02_DISTRIBUTION_628
B00S B2,jun/2017,2016-06-30,2017-06-30,2017-06-02,TRPL4,TRPL4,0.0009204586616037044,0.0009322366379476839,CONT_1395_TRPL4_2017-06-02
B00S B2,jun/2017,2016-06-30,2017-06-30,2017-06-13,BBAS3,BBAS3,0.002178646959992004,0.002184894547709839,CONT_235_BBAS3_2017-06-13
B00S B2,jun/2018,2017-06-30,2018-06-29,2017-07-03,ABCB4,ABCB4,0.003856167456664546,0.003988857939334867,CONT_22_ABCB4_2017-07-03
B00S B2,jun/2018,2017-06-30,2018-06-29,2017-07-03,BBDC4,BBDC4,0.002151724643945038,0.0021640308062990526,BBDC4_2017-07-03_DISTRIBUTION_629
B00S B2,jun/2018,2017-06-30,2018-06-29,2017-07-03,ITUB4,ITUB4,0.0018130637463066785,0.0018137971863335016,ITUB4_2017-07-03_DISTRIBUTION_249
B00S B2,jun/2018,2017-06-30,2018-06-29,2017-07-03,PSSA3,PSSA3,0.007385431728662105,0.007570319225243592,CONT_2156_PSSA3_2017-07-03
B00S B2,jun/2018,2017-06-30,2018-06-29,2017-07-03,SAPR4,SAPR4,0.011368918980599631,0.011712670535895274,CONT_2241_SAPR4_2017-07-03
B00S B2,jun/2018,2017-06-30,2018-06-29,2017-07-03,VIVT4,VIVT4,0.002824434757089381,0.0028280532316715904,CONT_2786_VIVT4_2017-07-03
B00S B2,jun/2018,2017-06-30,2018-06-29,2017-07-04,BBDC4,BBDC4,0.0021640308062990526,0.002165485876150918,BBDC4_2017-07-04_DISTRIBUTION_630
B00S B2,jun/2018,2017-06-30,2018-06-29,2017-08-01,ITUB4,ITUB4,0.0018137971863335016,0.0018145038605619432,ITUB4_2017-08-01_DISTRIBUTION_248
B00S B2,jun/2018,2017-06-30,2018-06-29,2017-08-02,BBDC4,BBDC4,0.002165485876150918,0.002166813062226246,BBDC4_2017-08-02_DISTRIBUTION_631
B00S B2,jun/2018,2017-06-30,2018-06-29,2017-08-10,TBLE3,TBLE3,0.0007332107586527063,0.000764094081439589,TBLE3_2017-08-10_DISTRIBUTION_362
B00S B2,jun/2018,2017-06-30,2018-06-29,2017-08-15,BRSR6,BRSR6,0.004893571842889924,0.004957427285060439,CONT_686_BRSR6_2017-08-15
B00S B2,jun/2018,2017-06-30,2018-06-29,2017-08-15,ITUB4,ITUB4,0.0018145038605619432,0.0018327265396549262,ITUB4_2017-08-15_DISTRIBUTION_247
B00S B2,jun/2018,2017-06-30,2018-06-29,2017-08-22,BBAS3,BBAS3,0.0020064732662663123,0.0020192875547725437,CONT_233_BBAS3_2017-08-22;CONT_234_BBAS3_2017-08-22
B00S B2,jun/2018,2017-06-30,2018-06-29,2017-09-01,ITUB4,ITUB4,0.0018327265396549262,0.0018333941185304683,ITUB4_2017-09-01_DISTRIBUTION_246
B00S B2,jun/2018,2017-06-30,2018-06-29,2017-09-04,BBDC4,BBDC4,0.002166813062226246,0.0021680134962114854,BBDC4_2017-09-04_DISTRIBUTION_632
B00S B2,jun/2018,2017-06-30,2018-06-29,2017-09-12,BBAS3,BBAS3,0.0020192875547725437,0.0020239027779065375,CONT_232_BBAS3_2017-09-12
B00S B2,jun/2018,2017-06-30,2018-06-29,2017-10-02,ITUB4,ITUB4,0.0018333941185304683,0.0018340276341208383,ITUB4_2017-10-02_DISTRIBUTION_245
B00S B2,jun/2018,2017-06-30,2018-06-29,2017-10-02,VIVT4,VIVT4,0.0028280532316715904,0.002838547833091866,CONT_2785_VIVT4_2017-10-02
B00S B2,jun/2018,2017-06-30,2018-06-29,2017-10-03,BBDC4,BBDC4,0.0021680134962114854,0.002169128337458099,BBDC4_2017-10-03_DISTRIBUTION_633
B00S B2,jun/2018,2017-06-30,2018-06-29,2017-10-27,CMIG4,CMIG2,0,0.00026329666116772614,CMIG4_2017-10-27_RIGHT_684
B00S B2,jun/2018,2017-06-30,2018-06-29,2017-10-30,CMIG4,CMIG2,0.00026329666116772614,0,CMIG2_2017-10-30_RIGHT_REINVEST_685
B00S B2,jun/2018,2017-06-30,2018-06-29,2017-10-30,CMIG4,CMIG4,0.0016572437631532481,0.0016980885016164467,CMIG2_2017-10-30_RIGHT_REINVEST_685
B00S B2,jun/2018,2017-06-30,2018-06-29,2017-10-31,PSSA3,PSSA3,0.007570319225243592,0.007729124993667135,CONT_2155_PSSA3_2017-10-31
B00S B2,jun/2018,2017-06-30,2018-06-29,2017-11-01,ITUB4,ITUB4,0.0018340276341208383,0.0018346932623451745,ITUB4_2017-11-01_DISTRIBUTION_244
B00S B2,jun/2018,2017-06-30,2018-06-29,2017-11-03,BBDC4,BBDC4,0.002169128337458099,0.002170341745356087,BBDC4_2017-11-03_DISTRIBUTION_634
B00S B2,jun/2018,2017-06-30,2018-06-29,2017-11-10,TBLE3,TBLE3,0.000764094081439589,0.000777783223161876,TBLE3_2017-11-10_DISTRIBUTION_361
B00S B2,jun/2018,2017-06-30,2018-06-29,2017-11-14,BRSR6,BRSR6,0.004957427285060439,0.004983090528682743,CONT_685_BRSR6_2017-11-14
B00S B2,jun/2018,2017-06-30,2018-06-29,2017-11-16,TIMP3,TIMP3,0.00844172979978124,0.008498223899464346,TIMP_GROSS_2017-11-16
B00S B2,jun/2018,2017-06-30,2018-06-29,2017-11-21,TRPL4,TRPL4,0.0008561090025313315,0.0008867348006962444,CONT_1394_TRPL4_2017-11-21
B00S B2,jun/2018,2017-06-30,2018-06-29,2017-11-22,BBAS3,BBAS3,0.0020239027779065375,0.0020377026931262723,CONT_231_BBAS3_2017-11-22
B00S B2,jun/2018,2017-06-30,2018-06-29,2017-12-01,ITUB4,ITUB4,0.0018346932623451745,0.0018353607471604833,ITUB4_2017-12-01_DISTRIBUTION_243
B00S B2,jun/2018,2017-06-30,2018-06-29,2017-12-04,BBDC4,BBDC4,0.002170341745356087,0.002171585533338052,BBDC4_2017-12-04_DISTRIBUTION_635
B00S B2,jun/2018,2017-06-30,2018-06-29,2017-12-12,BBAS3,BBAS3,0.0020377026931262723,0.0020430799637885535,CONT_230_BBAS3_2017-12-12
B00S B2,jun/2018,2017-06-30,2018-06-29,2017-12-15,ITUB4,ITUB4,0.0018353607471604833,0.0018418151065658056,ITUB4_2017-12-15_DISTRIBUTION_242
B00S B2,jun/2018,2017-06-30,2018-06-29,2017-12-26,BBDC4,BBDC4,0.002171585533338052,0.002225690094040568,BBDC4_2017-12-26_DISTRIBUTION_636
B00S B2,jun/2018,2017-06-30,2018-06-29,2017-12-27,ENBR3,ENBR3,0.00219268231374808,0.0022121790150343395,CONT_1106_ENBR3_2017-12-27
B00S B2,jun/2018,2017-06-30,2018-06-29,2017-12-27,VIVT4,VIVT4,0.002838547833091866,0.0028911156560633847,CONT_2784_VIVT4_2017-12-27
B00S B2,jun/2018,2017-06-30,2018-06-29,2018-01-02,ABCB4,ABCB4,0.003988857939334867,0.0041168478322013416,CONT_21_ABCB4_2018-01-02
B00S B2,jun/2018,2017-06-30,2018-06-29,2018-01-02,CPLE6,CPLE6,0.000734754299888845,0.0007658173336451831,CONT_920_CPLE6_2018-01-02
B00S B2,jun/2018,2017-06-30,2018-06-29,2018-01-02,ITUB4,ITUB4,0.0018418151065658056,0.0018424447151938477,ITUB4_2018-01-02_DISTRIBUTION_241
B00S B2,jun/2018,2017-06-30,2018-06-29,2018-01-02,SAPR4,SAPR4,0.011712670535895274,0.012051327279454615,CONT_2240_SAPR4_2018-01-02
B00S B2,jun/2018,2017-06-30,2018-06-29,2018-01-03,BBDC4,BBDC4,0.002225690094040568,0.002226905754501927,BBDC4_2018-01-03_DISTRIBUTION_609
B00S B2,jun/2018,2017-06-30,2018-06-29,2018-01-04,EQTL3,EQTL3,0.0008851654250886848,0.0008866633973465272,CONT_1123_EQTL3_2018-01-04
B00S B2,jun/2018,2017-06-30,2018-06-29,2018-01-05,BRSR6,BRSR6,0.004983090528682743,0.005084383688948338,CONT_684_BRSR6_2018-01-05
B00S B2,jun/2018,2017-06-30,2018-06-29,2018-02-01,ITUB4,ITUB4,0.0018424447151938477,0.0018429710277196125,ITUB4_2018-02-01_DISTRIBUTION_240
B00S B2,jun/2018,2017-06-30,2018-06-29,2018-02-02,BBDC4,BBDC4,0.002226905754501927,0.0022280055752034542,BBDC4_2018-02-02_DISTRIBUTION_610
B00S B2,jun/2018,2017-06-30,2018-06-29,2018-02-16,ITUB4,ITUB4,0.0018429710277196125,0.0019195687179254055,ITUB4_2018-02-16_DISTRIBUTION_238;ITUB4_2018-02-16_DISTRIBUTION_239
B00S B2,jun/2018,2017-06-30,2018-06-29,2018-02-27,BRSR6,BRSR6,0.005084383688948338,0.005142712766232431,CONT_683_BRSR6_2018-02-27
B00S B2,jun/2018,2017-06-30,2018-06-29,2018-03-01,ITUB4,ITUB4,0.0019195687179254055,0.001920132081861404,ITUB4_2018-03-01_DISTRIBUTION_237
B00S B2,jun/2018,2017-06-30,2018-06-29,2018-03-02,BBAS3,BBAS3,0.0020430799637885535,0.0020549739308814625,CONT_228_BBAS3_2018-03-02;CONT_229_BBAS3_2018-03-02
B00S B2,jun/2018,2017-06-30,2018-06-29,2018-03-02,BBDC4,BBDC4,0.0022280055752034542,0.002229083494128503,BBDC4_2018-03-02_DISTRIBUTION_611
B00S B2,jun/2018,2017-06-30,2018-06-29,2018-03-13,BBAS3,BBAS3,0.0020549739308814625,0.0020588925334309453,CONT_227_BBAS3_2018-03-13
B00S B2,jun/2018,2017-06-30,2018-06-29,2018-04-02,BBDC4,BBDC4,0.002229083494128503,0.0024519918435413537,BBDC4_2018-04-02_SHARES_670
B00S B2,jun/2018,2017-06-30,2018-06-29,2018-04-02,ITUB4,ITUB4,0.001920132081861404,0.0019206962734623426,ITUB4_2018-04-02_DISTRIBUTION_236
B00S B2,jun/2018,2017-06-30,2018-06-29,2018-04-02,PSSA3,PSSA3,0.007729124993667135,0.007743126392395876,CONT_2154_PSSA3_2018-04-02
B00S B2,jun/2018,2017-06-30,2018-06-29,2018-04-03,BBDC4,BBDC4,0.0024519918435413537,0.002453285672153722,BBDC4_2018-04-03_DISTRIBUTION_612
B00S B2,jun/2018,2017-06-30,2018-06-29,2018-04-10,ENBR3,ENBR3,0.0022121790150343395,0.0022902081860942565,CONT_1105_ENBR3_2018-04-10
B00S B2,jun/2018,2017-06-30,2018-06-29,2018-04-13,VIVT4,VIVT4,0.0028911156560633847,0.0029715983792187373,CONT_2783_VIVT4_2018-04-13
B00S B2,jun/2018,2017-06-30,2018-06-29,2018-04-18,TRPL4,TRPL4,0.0008867348006962444,0.0008938122162824782,CONT_1393_TRPL4_2018-04-18
B00S B2,jun/2018,2017-06-30,2018-06-29,2018-04-20,TIMP3,TIMP3,0.008498223899464346,0.00852149477239497,TIMP_GROSS_2018-04-20
B00S B2,jun/2018,2017-06-30,2018-06-29,2018-04-24,TBLE3,TBLE3,0.000777783223161876,0.0007985704846286123,TBLE3_2018-04-24_DISTRIBUTION_360
B00S B2,jun/2018,2017-06-30,2018-06-29,2018-04-27,SAPR4,SAPR4,0.012051327279454615,0.012066620998210114,CONT_2239_SAPR4_2018-04-27
B00S B2,jun/2018,2017-06-30,2018-06-29,2018-04-30,CPFE3,CPFE3,0.001125230737251938,0.0011380348079112815,CONT_845_CPFE3_2018-04-30
B00S B2,jun/2018,2017-06-30,2018-06-29,2018-04-30,EQTL3,EQTL3,0.0008866633973465272,0.0009003843669932698,CONT_1122_EQTL3_2018-04-30
B00S B2,jun/2018,2017-06-30,2018-06-29,2018-04-30,SBSP3,SBSP3,0.004716807868266331,0.004854958287570673,CONT_2261_SBSP3_2018-04-30
B00S B2,jun/2018,2017-06-30,2018-06-29,2018-05-02,CMIG4,CMIG4,0.0016980885016164467,0.0018079894972342263,CMIG4_2018-05-02_DISTRIBUTION_644
B00S B2,jun/2018,2017-06-30,2018-06-29,2018-05-02,ITUB4,ITUB4,0.0019206962734623426,0.0019212878636903083,ITUB4_2018-05-02_DISTRIBUTION_235
B00S B2,jun/2018,2017-06-30,2018-06-29,2018-05-03,BBDC4,BBDC4,0.002453285672153722,0.002454697580769177,BBDC4_2018-05-03_DISTRIBUTION_613
B00S B2,jun/2018,2017-06-30,2018-06-29,2018-05-04,BRSR6,BRSR6,0.005142712766232431,0.005156425571015113,CONT_682_BRSR6_2018-05-04
B00S B2,jun/2018,2017-06-30,2018-06-29,2018-05-14,TIMP3,TIMP3,0.00852149477239497,0.008580740453579351,TIMP_GROSS_2018-05-14
B00S B2,jun/2018,2017-06-30,2018-06-29,2018-05-15,BRSR6,BRSR6,0.005156425571015113,0.005220408482056997,CONT_681_BRSR6_2018-05-15
B00S B2,jun/2018,2017-06-30,2018-06-29,2018-05-22,BBAS3,BBAS3,0.0020588925334309453,0.002072488523144219,CONT_226_BBAS3_2018-05-22
B00S B2,jun/2018,2017-06-30,2018-06-29,2018-05-29,PSSA3,PSSA3,0.007743126392395876,0.008028867253582088,CONT_2153_PSSA3_2018-05-29
B00S B2,jun/2018,2017-06-30,2018-06-29,2018-06-01,ITUB4,ITUB4,0.0019212878636903083,0.0019219455386778792,ITUB4_2018-06-01_DISTRIBUTION_234
B00S B2,jun/2018,2017-06-30,2018-06-29,2018-06-04,BBDC4,BBDC4,0.002454697580769177,0.002456241412978254,BBDC4_2018-06-04_DISTRIBUTION_614
B00S B2,jun/2018,2017-06-30,2018-06-29,2018-06-06,TRPL4,TRPL4,0.0008938122162824782,0.0009576759016298016,CONT_1392_TRPL4_2018-06-06
B00S B2,jun/2018,2017-06-30,2018-06-29,2018-06-12,BBAS3,BBAS3,0.002072488523144219,0.0020784167552968347,CONT_225_BBAS3_2018-06-12
B00S B2,jun/2018,2017-06-30,2018-06-29,2018-06-18,CPLE6,CPLE6,0.0007658173336451831,0.0007690171909296569,CONT_919_CPLE6_2018-06-18
B00S B2,jun/2018,2017-06-30,2018-06-29,2018-06-28,PSSA3,PSSA3,0.008028867253582088,0.008173922881247733,CONT_2152_PSSA3_2018-06-28
B00S B2,jun/2019,2018-06-29,2019-06-28,2018-07-02,ABCB4,ABCB4,0.003705163048981208,0.0038395343079771684,CONT_20_ABCB4_2018-07-02
B00S B2,jun/2019,2018-06-29,2019-06-28,2018-07-02,BBDC4,BBDC4,0.002210617271680429,0.0022264131398949264,BBDC4_2018-07-02_DISTRIBUTION_615
B00S B2,jun/2019,2018-06-29,2019-06-28,2018-07-02,ITUB4,ITUB4,0.0017297509848100915,0.0017303940149159687,ITUB4_2018-07-02_DISTRIBUTION_233
B00S B2,jun/2019,2018-06-29,2019-06-28,2018-07-02,VIVT4,VIVT4,0.0026744385412968636,0.002688948393153658,CONT_2782_VIVT4_2018-07-02
B00S B2,jun/2019,2018-06-29,2019-06-28,2018-07-03,BBDC4,BBDC4,0.0022264131398949264,0.0022279349613677146,BBDC4_2018-07-03_DISTRIBUTION_616
B00S B2,jun/2019,2018-06-29,2019-06-28,2018-07-03,SAPR4,SAPR4,0.010859958898389102,0.011258773255685665,CONT_2238_SAPR4_2018-07-03
B00S B2,jun/2019,2018-06-29,2019-06-28,2018-07-26,TIMP3,TIMP3,0.007722666408221416,0.007783444247633363,TIMP_GROSS_2018-07-26
B00S B2,jun/2019,2018-06-29,2019-06-28,2018-08-01,ITUB4,ITUB4,0.0017303940149159687,0.0017309638482908038,ITUB4_2018-08-01_DISTRIBUTION_232
B00S B2,jun/2019,2018-06-29,2019-06-28,2018-08-02,BBDC4,BBDC4,0.0022279349613677146,0.0022293021877699258,BBDC4_2018-08-02_DISTRIBUTION_617
B00S B2,jun/2019,2018-06-29,2019-06-28,2018-08-10,BBSE3,BBSE3,0.0055831516855245015,0.005584878627574382,CONT_271_BBSE3_2018-08-10
B00S B2,jun/2019,2018-06-29,2019-06-28,2018-08-16,BRSR6,BRSR6,0.004698367633851298,0.004761609856141439,CONT_680_BRSR6_2018-08-16
B00S B2,jun/2019,2018-06-29,2019-06-28,2018-08-20,ITUB4,ITUB4,0.0017309638482908038,0.0017614561623077207,ITUB4_2018-08-20_DISTRIBUTION_230;ITUB4_2018-08-20_DISTRIBUTION_231
B00S B2,jun/2019,2018-06-29,2019-06-28,2018-08-21,TBLE3,TBLE3,0.000718713436165751,0.0007543996465079037,TBLE3_2018-08-21_DISTRIBUTION_359
B00S B2,jun/2019,2018-06-29,2019-06-28,2018-08-22,BBAS3,BBAS3,0.0018705750797671514,0.0018873891829111979,CONT_223_BBAS3_2018-08-22;CONT_224_BBAS3_2018-08-22
B00S B2,jun/2019,2018-06-29,2019-06-28,2018-09-03,ITUB4,ITUB4,0.0017614561623077207,0.0017620902358002721,ITUB4_2018-09-03_DISTRIBUTION_229
B00S B2,jun/2019,2018-06-29,2019-06-28,2018-09-04,BBDC4,BBDC4,0.0022293021877699258,0.002230841510303267,BBDC4_2018-09-04_DISTRIBUTION_618
B00S B2,jun/2019,2018-06-29,2019-06-28,2018-09-12,BBAS3,BBAS3,0.0018873891829111979,0.0018932227431054899,CONT_222_BBAS3_2018-09-12
B00S B2,jun/2019,2018-06-29,2019-06-28,2018-09-18,VIVT4,VIVT4,0.002688948393153658,0.002807644790741733,CONT_2781_VIVT4_2018-09-18
B00S B2,jun/2019,2018-06-29,2019-06-28,2018-10-01,ITUB4,ITUB4,0.0017620902358002721,0.001762696181548484,ITUB4_2018-10-01_DISTRIBUTION_228
B00S B2,jun/2019,2018-06-29,2019-06-28,2018-10-02,BBDC4,BBDC4,0.002230841510303267,0.0022322525033555097,BBDC4_2018-10-02_DISTRIBUTION_619
B00S B2,jun/2019,2018-06-29,2019-06-28,2018-10-30,BRSR6,BRSR6,0.004761609856141439,0.004804042213252934,CONT_679_BRSR6_2018-10-30
B00S B2,jun/2019,2018-06-29,2019-06-28,2018-11-01,ITUB4,ITUB4,0.001762696181548484,0.0017632256257359734,ITUB4_2018-11-01_DISTRIBUTION_227
B00S B2,jun/2019,2018-06-29,2019-06-28,2018-11-05,BBDC4,BBDC4,0.0022322525033555097,0.002233396656918204,BBDC4_2018-11-05_DISTRIBUTION_620
B00S B2,jun/2019,2018-06-29,2019-06-28,2018-11-07,PSSA3,PSSA3,0.00735653059312296,0.007463264284935977,CONT_2151_PSSA3_2018-11-07
B00S B2,jun/2019,2018-06-29,2019-06-28,2018-11-13,TBLE3,TBLE3,0.0007543996465079037,0.0007732079149324339,TBLE3_2018-11-13_DISTRIBUTION_358
B00S B2,jun/2019,2018-06-29,2019-06-28,2018-11-21,ITUB4,ITUB4,0.0017632256257359734,0.00264483843860396,ITUB4_2018-11-21_SHARES_664
B00S B2,jun/2019,2018-06-29,2019-06-28,2018-11-22,BBAS3,BBAS3,0.0018932227431054899,0.0019109791539860814,CONT_221_BBAS3_2018-11-22
B00S B2,jun/2019,2018-06-29,2019-06-28,2018-11-27,PSSA3,PSSA3,0.007463264284935977,0.007593223779527019,CONT_2150_PSSA3_2018-11-27
B00S B2,jun/2019,2018-06-29,2019-06-28,2018-12-03,ITUB4,ITUB4,0.00264483843860396,0.002645954404189869,ITUB4_2018-12-03_DISTRIBUTION_226
B00S B2,jun/2019,2018-06-29,2019-06-28,2018-12-04,BBDC4,BBDC4,0.002233396656918204,0.0022345213457448036,BBDC4_2018-12-04_DISTRIBUTION_621
B00S B2,jun/2019,2018-06-29,2019-06-28,2018-12-07,BRSR6,BRSR6,0.004804042213252934,0.004820642784873798,CONT_678_BRSR6_2018-12-07
B00S B2,jun/2019,2018-06-29,2019-06-28,2018-12-07,TRPL4,TRPL4,0.0008619083114668215,0.0009590274348051936,CONT_1390_TRPL4_2018-12-07;CONT_1391_TRPL4_2018-12-07
B00S B2,jun/2019,2018-06-29,2019-06-28,2018-12-12,BBAS3,BBAS3,0.0019109791539860814,0.0019165667301354068,CONT_220_BBAS3_2018-12-12
B00S B2,jun/2019,2018-06-29,2019-06-28,2018-12-12,BBSE3,BBSE3,0.005584878627574382,0.005862950719197708,CONT_270_BBSE3_2018-12-12
B00S B2,jun/2019,2018-06-29,2019-06-28,2018-12-12,TBLE3,TBLE3,0.0007732079149324339,0.0009665098936655423,TBLE3_2018-12-12_SHARES_675
B00S B2,jun/2019,2018-06-29,2019-06-28,2018-12-18,ITUB4,ITUB4,0.002645954404189869,0.0026467530122959173,ITUB4_2018-12-18_DISTRIBUTION_225
B00S B2,jun/2019,2018-06-29,2019-06-28,2018-12-18,VIVT4,VIVT4,0.002807644790741733,0.0028553870469089295,CONT_2780_VIVT4_2018-12-18
B00S B2,jun/2019,2018-06-29,2019-06-28,2018-12-26,BBDC4,BBDC4,0.0022345213457448036,0.002279102049358484,BBDC4_2018-12-26_DISTRIBUTION_622
B00S B2,jun/2019,2018-06-29,2019-06-28,2018-12-26,CMIG4,CMIG4,0.0016271905475108036,0.0016449300001274813,CMIG4_2018-12-26_DISTRIBUTION_645
B00S B2,jun/2019,2018-06-29,2019-06-28,2018-12-27,BRSR6,BRSR6,0.004820642784873798,0.00484520147474211,CONT_677_BRSR6_2018-12-27
B00S B2,jun/2019,2018-06-29,2019-06-28,2018-12-27,TBLE3,TBLE3,0.0009665098936655423,0.0009808124380241013,TBLE3_2018-12-27_DISTRIBUTION_357
B00S B2,jun/2019,2018-06-29,2019-06-28,2018-12-28,CPLE6,CPLE6,0.0006921154718366913,0.0007164176736906756,CONT_918_CPLE6_2018-12-28
B00S B2,jun/2019,2018-06-29,2019-06-28,2019-01-02,ABCB4,ABCB4,0.0038395343079771684,0.00396041684255659,CONT_19_ABCB4_2019-01-02
B00S B2,jun/2019,2018-06-29,2019-06-28,2019-01-02,ENBR3,ENBR3,0.002061187367484831,0.0021664454196866395,CONT_1104_ENBR3_2019-01-02
B00S B2,jun/2019,2018-06-29,2019-06-28,2019-01-02,ITUB4,ITUB4,0.0026467530122959173,0.0026478260202738753,ITUB4_2019-01-02_DISTRIBUTION_224
B00S B2,jun/2019,2018-06-29,2019-06-28,2019-01-02,SAPR4,SAPR4,0.011258773255685665,0.011609922409867041,CONT_2237_SAPR4_2019-01-02
B00S B2,jun/2019,2018-06-29,2019-06-28,2019-01-03,BBDC4,BBDC4,0.002279102049358484,0.002280162508556083,BBDC4_2019-01-03_DISTRIBUTION_594
B00S B2,jun/2019,2018-06-29,2019-06-28,2019-01-03,TIMP3,TIMP3,0.007783444247633363,0.007885959656190558,TIMP_GROSS_2019-01-03
B00S B2,jun/2019,2018-06-29,2019-06-28,2019-02-01,ITUB4,ITUB4,0.0026478260202738753,0.0026488494005960633,ITUB4_2019-02-01_DISTRIBUTION_223
B00S B2,jun/2019,2018-06-29,2019-06-28,2019-02-04,BBDC4,BBDC4,0.002280162508556083,0.0022811098623570208,BBDC4_2019-02-04_DISTRIBUTION_595
B00S B2,jun/2019,2018-06-29,2019-06-28,2019-02-15,BBSE3,BBSE3,0.005862950719197708,0.005864370090850111,CONT_269_BBSE3_2019-02-15
B00S B2,jun/2019,2018-06-29,2019-06-28,2019-02-22,BBAS3,BBAS3,0.0019165667301354068,0.001937934113584807,CONT_218_BBAS3_2019-02-22;CONT_219_BBAS3_2019-02-22
B00S B2,jun/2019,2018-06-29,2019-06-28,2019-02-22,ITUB4,ITUB4,0.0026488494005960633,0.00277891469808687,ITUB4_2019-02-22_DISTRIBUTION_221;ITUB4_2019-02-22_DISTRIBUTION_222
B00S B2,jun/2019,2018-06-29,2019-06-28,2019-03-01,ITUB4,ITUB4,0.00277891469808687,0.0027801111309362185,ITUB4_2019-03-01_DISTRIBUTION_220
B00S B2,jun/2019,2018-06-29,2019-06-28,2019-03-01,VIVT4,VIVT4,0.0028553870469089295,0.0028818854255379285,CONT_2779_VIVT4_2019-03-01
B00S B2,jun/2019,2018-06-29,2019-06-28,2019-03-06,BBDC4,BBDC4,0.0022811098623570208,0.002282135297655439,BBDC4_2019-03-06_DISTRIBUTION_596
B00S B2,jun/2019,2018-06-29,2019-06-28,2019-03-08,BRSR6,BRSR6,0.00484520147474211,0.004906665253440029,CONT_676_BRSR6_2019-03-08
B00S B2,jun/2019,2018-06-29,2019-06-28,2019-03-12,BBAS3,BBAS3,0.001937934113584807,0.0019436063865942784,CONT_217_BBAS3_2019-03-12
B00S B2,jun/2019,2018-06-29,2019-06-28,2019-04-01,BBDC4,BBDC4,0.002282135297655439,0.002738562357186527,BBDC4_2019-04-01_SHARES_671
B00S B2,jun/2019,2018-06-29,2019-06-28,2019-04-01,ITUB4,ITUB4,0.0027801111309362185,0.002781331905730248,ITUB4_2019-04-01_DISTRIBUTION_219
B00S B2,jun/2019,2018-06-29,2019-06-28,2019-04-01,PSSA3,PSSA3,0.007593223779527019,0.0077028542829655836,CONT_2149_PSSA3_2019-04-01
B00S B2,jun/2019,2018-06-29,2019-06-28,2019-04-02,BBDC4,BBDC4,0.002738562357186527,0.0027400224217457346,BBDC4_2019-04-02_DISTRIBUTION_597
B00S B2,jun/2019,2018-06-29,2019-06-28,2019-04-05,TRPL4,TRPL4,0.0009590274348051936,0.0038361097392207743,CONT_2635_TRPL4_2019-04-05
B00S B2,jun/2019,2018-06-29,2019-06-28,2019-04-12,VIVT4,VIVT4,0.0028818854255379285,0.002975292097523643,CONT_2778_VIVT4_2019-04-12
B00S B2,jun/2019,2018-06-29,2019-06-28,2019-04-17,ENBR3,ENBR3,0.0021664454196866395,0.00217425774146393,CONT_1103_ENBR3_2019-04-17
B00S B2,jun/2019,2018-06-29,2019-06-28,2019-04-25,SAPR4,SAPR4,0.011609922409867041,0.011769409161838829,CONT_2236_SAPR4_2019-04-25
B00S B2,jun/2019,2018-06-29,2019-06-28,2019-04-30,CPLE6,CPLE6,0.0007164176736906756,0.0007230047168695777,CONT_917_CPLE6_2019-04-30
B00S B2,jun/2019,2018-06-29,2019-06-28,2019-04-30,SBSP3,SBSP3,0.004369462458813606,0.004477211543702222,CONT_2260_SBSP3_2019-04-30
B00S B2,jun/2019,2018-06-29,2019-06-28,2019-05-02,BRSR6,BRSR6,0.004906665253440029,0.004913472136144795,CONT_675_BRSR6_2019-05-02
B00S B2,jun/2019,2018-06-29,2019-06-28,2019-05-02,CPFE3,CPFE3,0.0010242313271201532,0.0010407408163695953,CONT_844_CPFE3_2019-05-02
B00S B2,jun/2019,2018-06-29,2019-06-28,2019-05-02,EQTL3,EQTL3,0.0008103459302939429,0.000819838268564957,CONT_1121_EQTL3_2019-05-02
B00S B2,jun/2019,2018-06-29,2019-06-28,2019-05-02,ITUB4,ITUB4,0.002781331905730248,0.0027825575220224324,ITUB4_2019-05-02_DISTRIBUTION_218
B00S B2,jun/2019,2018-06-29,2019-06-28,2019-05-02,VIVT4,VIVT4,0.002975292097523643,0.002997858686474703,CONT_2777_VIVT4_2019-05-02
B00S B2,jun/2019,2018-06-29,2019-06-28,2019-05-03,BBDC4,BBDC4,0.0027400224217457346,0.002741468233817713,BBDC4_2019-05-03_DISTRIBUTION_598
B00S B2,jun/2019,2018-06-29,2019-06-28,2019-05-06,CMIG4,CMIG4,0.0016449300001274813,0.001697858706215397,CMIG4_2019-05-06_DISTRIBUTION_646
B00S B2,jun/2019,2018-06-29,2019-06-28,2019-05-07,TBLE3,TBLE3,0.0009808124380241013,0.0009829973469434458,TBLE3_2019-05-07_DISTRIBUTION_356
B00S B2,jun/2019,2018-06-29,2019-06-28,2019-05-17,BRSR6,BRSR6,0.004913472136144795,0.004979047634594954,CONT_674_BRSR6_2019-05-17
B00S B2,jun/2019,2018-06-29,2019-06-28,2019-05-22,BBAS3,BBAS3,0.0019436063865942784,0.001960121814631442,CONT_216_BBAS3_2019-05-22
B00S B2,jun/2019,2018-06-29,2019-06-28,2019-06-03,ITUB4,ITUB4,0.0027825575220224324,0.0027837473271202185,ITUB4_2019-06-03_DISTRIBUTION_217
B00S B2,jun/2019,2018-06-29,2019-06-28,2019-06-04,BBDC4,BBDC4,0.002741468233817713,0.002742872250986843,BBDC4_2019-06-04_DISTRIBUTION_600
B00S B2,jun/2019,2018-06-29,2019-06-28,2019-06-06,BRSR6,BRSR6,0.004979047634594954,0.0049953577030100995,CONT_673_BRSR6_2019-06-06
B00S B2,jun/2019,2018-06-29,2019-06-28,2019-06-12,BBAS3,BBAS3,0.001960121814631442,0.001966537574949526,CONT_215_BBAS3_2019-06-12
B00S B2,jun/2019,2018-06-29,2019-06-28,2019-06-26,PSSA3,PSSA3,0.0077028542829655836,0.007807896456000752,CONT_2148_PSSA3_2019-06-26
B00S B2,jun/2020,2019-06-28,2020-06-30,2019-07-01,BBDC4,BBDC4,0.002560014100921053,0.0025729257506232977,BBDC4_2019-07-01_DISTRIBUTION_599
B00S B2,jun/2020,2019-06-28,2020-06-30,2019-07-01,ITUB4,ITUB4,0.002598164171978871,0.0025992443400104587,ITUB4_2019-07-01_DISTRIBUTION_216
B00S B2,jun/2020,2019-06-28,2020-06-30,2019-07-01,SAPR4,SAPR4,0.010984781884382908,0.011256771295551304,CONT_2235_SAPR4_2019-07-01
B00S B2,jun/2020,2019-06-28,2020-06-30,2019-07-01,VIVT4,VIVT4,0.0027980014407097227,0.002831830846921145,CONT_2776_VIVT4_2019-07-01
B00S B2,jun/2020,2019-06-28,2020-06-30,2019-07-02,BBDC4,BBDC4,0.0025729257506232977,0.002574219701714982,BBDC4_2019-07-02_DISTRIBUTION_601
B00S B2,jun/2020,2019-06-28,2020-06-30,2019-07-05,ABCB4,ABCB4,0.0036963890530528174,0.003806006107729556,CONT_18_ABCB4_2019-07-05
B00S B2,jun/2020,2019-06-28,2020-06-30,2019-08-01,ITUB4,ITUB4,0.0025992443400104587,0.002600362134308055,ITUB4_2019-08-01_DISTRIBUTION_215
B00S B2,jun/2020,2019-06-28,2020-06-30,2019-08-02,BBDC4,BBDC4,0.002574219701714982,0.002575644594572744,BBDC4_2019-08-02_DISTRIBUTION_602
B00S B2,jun/2020,2019-06-28,2020-06-30,2019-08-05,TRPL4,TRPL4,0.003580369089939389,0.003664342113602162,CONT_1389_TRPL4_2019-08-05
B00S B2,jun/2020,2019-06-28,2020-06-30,2019-08-12,BBSE3,BBSE3,0.0054734120847934374,0.005474733464732259,CONT_268_BBSE3_2019-08-12
B00S B2,jun/2020,2019-06-28,2020-06-30,2019-08-12,TIMP3,TIMP3,0.0073602290124445205,0.007453173577070424,TIMP_GROSS_2019-08-12
B00S B2,jun/2020,2019-06-28,2020-06-30,2019-08-13,BRSR6,BRSR6,0.004662333856142759,0.0047183748839589494,CONT_672_BRSR6_2019-08-13
B00S B2,jun/2020,2019-06-28,2020-06-30,2019-08-16,ITUB4,ITUB4,0.002600362134308055,0.0026599320022407187,ITUB4_2019-08-16_DISTRIBUTION_214
B00S B2,jun/2020,2019-06-28,2020-06-30,2019-08-22,BBAS3,BBAS3,0.001835435069952891,0.001852988952418457,CONT_213_BBAS3_2019-08-22;CONT_214_BBAS3_2019-08-22
B00S B2,jun/2020,2019-06-28,2020-06-30,2019-09-02,ITUB4,ITUB4,0.0026599320022407187,0.0026611230165700804,ITUB4_2019-09-02_DISTRIBUTION_213
B00S B2,jun/2020,2019-06-28,2020-06-30,2019-09-03,BBDC4,BBDC4,0.002575644594572744,0.0025771689976991914,BBDC4_2019-09-03_DISTRIBUTION_603
B00S B2,jun/2020,2019-06-28,2020-06-30,2019-09-12,BBAS3,BBAS3,0.001852988952418457,0.0018619819623577891,CONT_212_BBAS3_2019-09-12
B00S B2,jun/2020,2019-06-28,2020-06-30,2019-09-26,IRBR3,IRBR3,0.001401479427022083,0.004204438281066249,IRBR_SPLIT_20190926
B00S B2,jun/2020,2019-06-28,2020-06-30,2019-10-01,ITUB4,ITUB4,0.0026611230165700804,0.0026622894936375423,ITUB4_2019-10-01_DISTRIBUTION_212
B00S B2,jun/2020,2019-06-28,2020-06-30,2019-10-02,BBDC4,BBDC4,0.0025771689976991914,0.0025786900331421793,BBDC4_2019-10-02_DISTRIBUTION_605
B00S B2,jun/2020,2019-06-28,2020-06-30,2019-10-08,TIMP3,TIMP3,0.007453173577070424,0.007555742383266184,TIMP_GROSS_2019-10-08
B00S B2,jun/2020,2019-06-28,2020-06-30,2019-10-18,BBDC4,BBDC4,0.0025786900331421793,0.0026583264183223493,BBDC4_2019-10-18_DISTRIBUTION_604
B00S B2,jun/2020,2019-06-28,2020-06-30,2019-10-30,PSSA3,PSSA3,0.007287370025600702,0.007369979897284387,CONT_2147_PSSA3_2019-10-30
B00S B2,jun/2020,2019-06-28,2020-06-30,2019-11-01,ITUB4,ITUB4,0.0026622894936375423,0.0026633881000310655,ITUB4_2019-11-01_DISTRIBUTION_211
B00S B2,jun/2020,2019-06-28,2020-06-30,2019-11-04,BBDC4,BBDC4,0.0026583264183223493,0.0026597721401924357,BBDC4_2019-11-04_DISTRIBUTION_606
B00S B2,jun/2020,2019-06-28,2020-06-30,2019-11-11,TRPL4,TRPL4,0.003664342113602162,0.003792188549671579,CONT_1387_TRPL4_2019-11-11;CONT_1388_TRPL4_2019-11-11
B00S B2,jun/2020,2019-06-28,2020-06-30,2019-11-12,BRSR6,BRSR6,0.0047183748839589494,0.004776515452258653,CONT_671_BRSR6_2019-11-12
B00S B2,jun/2020,2019-06-28,2020-06-30,2019-11-19,IRBR3,IRBR3,0.004204438281066249,0.00422878247435063,CONT_1354_IRBR3_2019-11-19
B00S B2,jun/2020,2019-06-28,2020-06-30,2019-11-22,BBAS3,BBAS3,0.0018619819623577891,0.0018765210400668582,CONT_211_BBAS3_2019-11-22
B00S B2,jun/2020,2019-06-28,2020-06-30,2019-11-28,EQTL3,EQTL3,0.0007651823839939598,0.0038259119199697987,CONT_1110_EQTL3_2019-11-28
B00S B2,jun/2020,2019-06-28,2020-06-30,2019-12-02,ITUB4,ITUB4,0.0026633881000310655,0.0026645204929307384,ITUB4_2019-12-02_DISTRIBUTION_210
B00S B2,jun/2020,2019-06-28,2020-06-30,2019-12-03,BBDC4,BBDC4,0.0026597721401924357,0.00266127017130979,BBDC4_2019-12-03_DISTRIBUTION_607
B00S B2,jun/2020,2019-06-28,2020-06-30,2019-12-03,TBLE3,TBLE3,0.0009174641904805495,0.0009479694107244046,TBLE3_2019-12-03_DISTRIBUTION_354;TBLE3_2019-12-03_DISTRIBUTION_355
B00S B2,jun/2020,2019-06-28,2020-06-30,2019-12-12,BBAS3,BBAS3,0.0018765210400668582,0.0018832802758700863,CONT_210_BBAS3_2019-12-12
B00S B2,jun/2020,2019-06-28,2020-06-30,2019-12-13,ITUB4,ITUB4,0.0026645204929307384,0.0026672767416146955,ITUB4_2019-12-13_DISTRIBUTION_209
B00S B2,jun/2020,2019-06-28,2020-06-30,2019-12-16,TRPL4,TRPL4,0.003792188549671579,0.0038197507889975867,CONT_1386_TRPL4_2019-12-16
B00S B2,jun/2020,2019-06-28,2020-06-30,2019-12-20,BBDC4,BBDC4,0.00266127017130979,0.00270255882431507,BBDC4_2019-12-20_DISTRIBUTION_608
B00S B2,jun/2020,2019-06-28,2020-06-30,2019-12-26,CMIG4,CMIG4,0.0015846681258010371,0.001616420791376638,CMIG4_2019-12-26_DISTRIBUTION_647
B00S B2,jun/2020,2019-06-28,2020-06-30,2019-12-26,CPLE6,CPLE6,0.0006748044024116058,0.0006996950713194065,CONT_916_CPLE6_2019-12-26
B00S B2,jun/2020,2019-06-28,2020-06-30,2020-01-02,ABCB4,ABCB4,0.003806006107729556,0.0038980627086603547,CONT_17_ABCB4_2020-01-02
B00S B2,jun/2020,2019-06-28,2020-06-30,2020-01-02,ENBR3,ENBR3,0.0020293072253663347,0.0020654483198477565,CONT_1102_ENBR3_2020-01-02
B00S B2,jun/2020,2019-06-28,2020-06-30,2020-01-02,ITUB4,ITUB4,0.0026672767416146955,0.002668328783453355,ITUB4_2020-01-02_DISTRIBUTION_208
B00S B2,jun/2020,2019-06-28,2020-06-30,2020-01-02,SAPR4,SAPR4,0.011256771295551304,0.011432843296011356,CONT_2234_SAPR4_2020-01-02
B00S B2,jun/2020,2019-06-28,2020-06-30,2020-01-02,VIVT4,VIVT4,0.002831830846921145,0.002872653185045452,CONT_2774_VIVT4_2020-01-02;CONT_2775_VIVT4_2020-01-02
B00S B2,jun/2020,2019-06-28,2020-06-30,2020-01-03,BBDC4,BBDC4,0.00270255882431507,0.0027039259407507575,BBDC4_2020-01-03_DISTRIBUTION_580
B00S B2,jun/2020,2019-06-28,2020-06-30,2020-01-20,TIMP3,TIMP3,0.007555742383266184,0.007603216482805304,TIMP_GROSS_2020-01-20
B00S B2,jun/2020,2019-06-28,2020-06-30,2020-02-03,ITUB4,ITUB4,0.002668328783453355,0.0026695453467284855,ITUB4_2020-02-03_DISTRIBUTION_207
B00S B2,jun/2020,2019-06-28,2020-06-30,2020-02-04,BBDC4,BBDC4,0.0027039259407507575,0.0027054759854116604,BBDC4_2020-02-04_DISTRIBUTION_582
B00S B2,jun/2020,2019-06-28,2020-06-30,2020-02-14,BBSE3,BBSE3,0.005474733464732259,0.005776158878108788,CONT_267_BBSE3_2020-02-14
B00S B2,jun/2020,2019-06-28,2020-06-30,2020-02-18,BBDC4,BBDC4,0.0027054759854116604,0.0027108781097020165,BBDC4_2020-02-18_DISTRIBUTION_581
B00S B2,jun/2020,2019-06-28,2020-06-30,2020-02-21,ITUB4,ITUB4,0.0026695453467284855,0.002751780086647444,ITUB4_2020-02-21_DISTRIBUTION_205;ITUB4_2020-02-21_DISTRIBUTION_206
B00S B2,jun/2020,2019-06-28,2020-06-30,2020-02-26,BBAS3,BBAS3,0.0018832802758700863,0.0019015543996043366,CONT_208_BBAS3_2020-02-26;CONT_209_BBAS3_2020-02-26
B00S B2,jun/2020,2019-06-28,2020-06-30,2020-03-02,ITUB4,ITUB4,0.002751780086647444,0.002753074838883947,ITUB4_2020-03-02_DISTRIBUTION_204
B00S B2,jun/2020,2019-06-28,2020-06-30,2020-03-02,VIVT4,VIVT4,0.002872653185045452,0.002881247825537962,CONT_2773_VIVT4_2020-03-02
B00S B2,jun/2020,2019-06-28,2020-06-30,2020-03-03,BBDC4,BBDC4,0.0027108781097020165,0.0027125858917190775,BBDC4_2020-03-03_DISTRIBUTION_583
B00S B2,jun/2020,2019-06-28,2020-06-30,2020-03-11,BRSR6,BRSR6,0.004776515452258653,0.0048502166498299686,CONT_670_BRSR6_2020-03-11
B00S B2,jun/2020,2019-06-28,2020-06-30,2020-03-12,BBAS3,BBAS3,0.0019015543996043366,0.0019125937916725628,CONT_207_BBAS3_2020-03-12
B00S B2,jun/2020,2019-06-28,2020-06-30,2020-03-30,SAPR4,SAPR4,0.011432843296011356,0.03429852988803407,CONT_2193_SAPR4_2020-03-30
B00S B2,jun/2020,2019-06-28,2020-06-30,2020-04-01,ENBR3,ENBR3,0.0020654483198477565,0.0020913347006380617,CONT_1101_ENBR3_2020-04-01
B00S B2,jun/2020,2019-06-28,2020-06-30,2020-04-01,ITUB4,ITUB4,0.002753074838883947,0.002755004564238305,ITUB4_2020-04-01_DISTRIBUTION_203
B00S B2,jun/2020,2019-06-28,2020-06-30,2020-04-01,PSSA3,PSSA3,0.007369979897284387,0.0075390642610735,CONT_2146_PSSA3_2020-04-01
B00S B2,jun/2020,2019-06-28,2020-06-30,2020-04-01,VIVT4,VIVT4,0.002881247825537962,0.0028864125811415113,CONT_2772_VIVT4_2020-04-01
B00S B2,jun/2020,2019-06-28,2020-06-30,2020-04-02,BBDC4,BBDC4,0.0027125858917190775,0.0027151658816534866,BBDC4_2020-04-02_DISTRIBUTION_584
B00S B2,jun/2020,2019-06-28,2020-06-30,2020-04-14,BBDC4,BBDC4,0.0027151658816534866,0.0029866824698188354,BBDC4_2020-04-14_SHARES_672
B00S B2,jun/2020,2019-06-28,2020-06-30,2020-04-17,TRPL4,TRPL4,0.0038197507889975867,0.00386535673452458,CONT_1385_TRPL4_2020-04-17
B00S B2,jun/2020,2019-06-28,2020-06-30,2020-04-29,SBSP3,SBSP3,0.004178730774122074,0.004318261665626655,CONT_2259_SBSP3_2020-04-29
B00S B2,jun/2020,2019-06-28,2020-06-30,2020-05-04,ITUB4,ITUB4,0.002755004564238305,0.002756892415698496,ITUB4_2020-05-04_DISTRIBUTION_202
B00S B2,jun/2020,2019-06-28,2020-06-30,2020-05-05,BBDC4,BBDC4,0.0029866824698188354,0.0029897792856335053,BBDC4_2020-05-05_DISTRIBUTION_585
B00S B2,jun/2020,2019-06-28,2020-06-30,2020-05-29,VIVT4,VIVT4,0.0028864125811415113,0.002968539574125115,CONT_2771_VIVT4_2020-05-29
B00S B2,jun/2020,2019-06-28,2020-06-30,2020-06-01,ITUB4,ITUB4,0.002756892415698496,0.0027586402342207055,ITUB4_2020-06-01_DISTRIBUTION_201
B00S B2,jun/2020,2019-06-28,2020-06-30,2020-06-02,BBDC4,BBDC4,0.0029897792856335053,0.002992523866712221,BBDC4_2020-06-02_DISTRIBUTION_586
B00S B2,jun/2020,2019-06-28,2020-06-30,2020-06-10,BRSR6,BRSR6,0.0048502166498299686,0.00491162350793517,CONT_669_BRSR6_2020-06-10
B00S B2,jun/2020,2019-06-28,2020-06-30,2020-06-30,PSSA3,PSSA3,0.0075390642610735,0.007628300611468566,CONT_2145_PSSA3_2020-06-30
B00S B2,jun/2021,2020-06-30,2021-06-30,2020-07-01,ITUB4,ITUB4,0.0025211835427588944,0.0025226324988179513,ITUB4_2020-07-01_DISTRIBUTION_200
B00S B2,jun/2021,2020-06-30,2021-06-30,2020-07-01,SAPR4,SAPR4,0.031346200211918356,0.03186358585144927,CONT_2731_SAPR4_2020-07-01
B00S B2,jun/2021,2020-06-30,2021-06-30,2020-07-01,VIVT4,VIVT4,0.002713015284657797,0.002744039373658371,CONT_2732_VIVT4_2020-07-01
B00S B2,jun/2021,2020-06-30,2021-06-30,2020-07-02,BBDC4,BBDC4,0.0027349350707195005,0.002737381787862089,BBDC4_2020-07-02_DISTRIBUTION_587
B00S B2,jun/2021,2020-06-30,2021-06-30,2020-07-07,TRPL4,TRPL4,0.003532636719020593,0.0035581679256929356,CONT_1384_TRPL4_2020-07-07
B00S B2,jun/2021,2020-06-30,2021-06-30,2020-07-14,IRBR3,IRBR3,0.003864779701239966,0.0042232200959257836,IRBR_RIGHT_REALIZE_20200714;IRBR_RIGHT_20200714
B00S B2,jun/2021,2020-06-30,2021-06-30,2020-07-20,EQTL3,EQTL3,0.003496587213155692,0.003542628244694588,CONT_1120_EQTL3_2020-07-20
B00S B2,jun/2021,2020-06-30,2021-06-30,2020-08-03,CMIG4,CMIG4,0.0014772834263918895,0.00157066711095824,CMIG4_2020-08-03_DISTRIBUTION_648;CMIG4_2020-08-03_SHARES_677
B00S B2,jun/2021,2020-06-30,2021-06-30,2020-08-03,ITUB4,ITUB4,0.0025226324988179513,0.002524019576804838,ITUB4_2020-08-03_DISTRIBUTION_199
B00S B2,jun/2021,2020-06-30,2021-06-30,2020-08-03,TIET4,TIET4,0.014290773682574998,0.014531489307202099,CONT_2570_TIET4_2020-08-03
B00S B2,jun/2021,2020-06-30,2021-06-30,2020-08-04,BBDC4,BBDC4,0.002737381787862089,0.002739773191940577,BBDC4_2020-08-04_DISTRIBUTION_588
B00S B2,jun/2021,2020-06-30,2021-06-30,2020-08-07,SANB4,SANB4,0.0045826953581253145,0.00461545139846012,CONT_2295_SANB4_2020-08-07
B00S B2,jun/2021,2020-06-30,2021-06-30,2020-08-10,TBLE3,TBLE3,0.0008663706298883783,0.0008822519958780713,TBLE3_2020-08-10_DISTRIBUTION_353
B00S B2,jun/2021,2020-06-30,2021-06-30,2020-08-11,TIET4,TIET4,0.014531489307202099,0.014864057236898636,CONT_2569_TIET4_2020-08-11
B00S B2,jun/2021,2020-06-30,2021-06-30,2020-08-13,ABCB4,ABCB4,0.003562527446603745,0.0036051254914721185,CONT_16_ABCB4_2020-08-13
B00S B2,jun/2021,2020-06-30,2021-06-30,2020-08-13,BBSE3,BBSE3,0.005278961904201482,0.005449457827147812,CONT_2559_BBSE3_2020-08-13
B00S B2,jun/2021,2020-06-30,2021-06-30,2020-08-17,IRBR3,IRBR3,0.0042232200959257836,0.004240751836189755,CONT_1352_IRBR3_2020-08-17;CONT_1353_IRBR3_2020-08-17
B00S B2,jun/2021,2020-06-30,2021-06-30,2020-08-18,ITUB4,ITUB4,0.002524019576804838,0.002529527853851578,ITUB4_2020-08-18_DISTRIBUTION_198
B00S B2,jun/2021,2020-06-30,2021-06-30,2020-08-24,BBAS3,BBAS3,0.0017479626127869757,0.0017710694936549712,CONT_205_BBAS3_2020-08-24;CONT_206_BBAS3_2020-08-24
B00S B2,jun/2021,2020-06-30,2021-06-30,2020-09-01,ITUB4,ITUB4,0.002529527853851578,0.0025310867247557594,ITUB4_2020-09-01_DISTRIBUTION_197
B00S B2,jun/2021,2020-06-30,2021-06-30,2020-09-02,BBDC4,BBDC4,0.002739773191940577,0.0027422346821404063,BBDC4_2020-09-02_DISTRIBUTION_589
B00S B2,jun/2021,2020-06-30,2021-06-30,2020-09-14,BBAS3,BBAS3,0.0017710694936549712,0.0017766991970001086,CONT_204_BBAS3_2020-09-14
B00S B2,jun/2021,2020-06-30,2021-06-30,2020-09-28,CMIG4,CMIG4,0.00157066711095824,0.0015828386404635692,CMIG4_2020-09-28_DISTRIBUTION_649
B00S B2,jun/2021,2020-06-30,2021-06-30,2020-09-29,VIVT4,VIVT4,0.002744039373658371,0.0027690018803298868,CONT_2733_VIVT4_2020-09-29
B00S B2,jun/2021,2020-06-30,2021-06-30,2020-10-01,ITUB4,ITUB4,0.0025310867247557594,0.0025327726173344158,ITUB4_2020-10-01_DISTRIBUTION_196
B00S B2,jun/2021,2020-06-30,2021-06-30,2020-10-02,BBDC4,BBDC4,0.0027422346821404063,0.0027448840395399372,BBDC4_2020-10-02_DISTRIBUTION_590
B00S B2,jun/2021,2020-06-30,2021-06-30,2020-10-13,TIMP3,TIMP3,0.006948751066083477,0,CONT_2860_TIMP3_2020-10-13
B00S B2,jun/2021,2020-06-30,2021-06-30,2020-10-13,TIMP3,TIMS3,0,0.006948751066083477,CONT_2860_TIMP3_2020-10-13
B00S B2,jun/2021,2020-06-30,2021-06-30,2020-10-20,TIMP3,TIMS3,0.006948751066083477,0.00706052796408081,CONT_2734_TIMS3_2020-10-20
B00S B2,jun/2021,2020-06-30,2021-06-30,2020-11-03,ITUB4,ITUB4,0.0025327726173344158,0.0025343529663052985,ITUB4_2020-11-03_DISTRIBUTION_195
B00S B2,jun/2021,2020-06-30,2021-06-30,2020-11-03,PSSA3,PSSA3,0.006971676017146597,0.00705255272892558,CONT_2735_PSSA3_2020-11-03
B00S B2,jun/2021,2020-06-30,2021-06-30,2020-11-04,BBDC4,BBDC4,0.0027448840395399372,0.002747402591299,BBDC4_2020-11-04_DISTRIBUTION_591
B00S B2,jun/2021,2020-06-30,2021-06-30,2020-11-05,SANB4,SANB4,0.00461545139846012,0.004652837876690171,CONT_2294_SANB4_2020-11-05
B00S B2,jun/2021,2020-06-30,2021-06-30,2020-11-05,TRPL4,TRPL4,0.0035581679256929356,0.0036323869302140963,CONT_1383_TRPL4_2020-11-05
B00S B2,jun/2021,2020-06-30,2021-06-30,2020-11-11,TIET4,TIET4,0.014864057236898636,0.015019071163455194,CONT_2568_TIET4_2020-11-11
B00S B2,jun/2021,2020-06-30,2021-06-30,2020-11-17,BBAS3,BBAS3,0.0017766991970001086,0.0017868177451853253,CONT_203_BBAS3_2020-11-17
B00S B2,jun/2021,2020-06-30,2021-06-30,2020-11-23,VIVT4,VIVT3,0,0.0027690018803298868,CONT_2861_VIVT4_2020-11-23
B00S B2,jun/2021,2020-06-30,2021-06-30,2020-11-23,VIVT4,VIVT4,0.0027690018803298868,0,CONT_2861_VIVT4_2020-11-23
B00S B2,jun/2021,2020-06-30,2021-06-30,2020-11-30,VIVT4,VIVT3,0.0027690018803298868,0.002783660698875535,CONT_2736_VIVT3_2020-11-30
B00S B2,jun/2021,2020-06-30,2021-06-30,2020-12-01,ITUB4,ITUB4,0.0025343529663052985,0.0025356307913303264,ITUB4_2020-12-01_DISTRIBUTION_194
B00S B2,jun/2021,2020-06-30,2021-06-30,2020-12-02,BBDC4,BBDC4,0.002747402591299,0.00274941383510363,BBDC4_2020-12-02_DISTRIBUTION_592
B00S B2,jun/2021,2020-06-30,2021-06-30,2020-12-11,BRSR6,BRSR6,0.004488843526177307,0.0045217241129019824,CONT_668_BRSR6_2020-12-11
B00S B2,jun/2021,2020-06-30,2021-06-30,2020-12-11,ITUB4,ITUB4,0.0025356307913303264,0.002540812227286029,ITUB4_2020-12-11_DISTRIBUTION_193
B00S B2,jun/2021,2020-06-30,2021-06-30,2020-12-14,BBAS3,BBAS3,0.0017868177451853253,0.001792247104611583,CONT_202_BBAS3_2020-12-14
B00S B2,jun/2021,2020-06-30,2021-06-30,2020-12-15,TIET4,TIET4,0.015019071163455194,0.01510131003866175,CONT_2567_TIET4_2020-12-15
B00S B2,jun/2021,2020-06-30,2021-06-30,2020-12-17,TRPL4,TRPL4,0.0036323869302140963,0.003741586572748694,CONT_1381_TRPL4_2020-12-17;CONT_1382_TRPL4_2020-12-17
B00S B2,jun/2021,2020-06-30,2021-06-30,2020-12-21,TBLE3,TBLE3,0.0008822519958780713,0.0009003846089903437,TBLE3_2020-12-21_DISTRIBUTION_351;TBLE3_2020-12-21_DISTRIBUTION_352
B00S B2,jun/2021,2020-06-30,2021-06-30,2020-12-21,TIMP3,TIMS3,0.00706052796408081,0.007179705215167043,CONT_2737_TIMS3_2020-12-21
B00S B2,jun/2021,2020-06-30,2021-06-30,2020-12-29,BBDC4,BBDC4,0.00274941383510363,0.002790887074681966,BBDC4_2020-12-29_DISTRIBUTION_593
B00S B2,jun/2021,2020-06-30,2021-06-30,2020-12-29,CPLE6,CPLE6,0.0006394671102367693,0.0006667135099289172,CONT_915_CPLE6_2020-12-29
B00S B2,jun/2021,2020-06-30,2021-06-30,2020-12-29,VIVT4,VIVT3,0.002783660698875535,0.002836922207985878,CONT_2738_VIVT3_2020-12-29;CONT_2739_VIVT3_2020-12-29
B00S B2,jun/2021,2020-06-30,2021-06-30,2020-12-30,BRSR6,BRSR6,0.0045217241129019824,0.0045369008469559055,CONT_667_BRSR6_2020-12-30
B00S B2,jun/2021,2020-06-30,2021-06-30,2021-01-04,BRSR6,BRSR6,0.0045369008469559055,0.0045613827430214665,CONT_666_BRSR6_2021-01-04
B00S B2,jun/2021,2020-06-30,2021-06-30,2021-01-04,CMIG4,CMIG4,0.0015828386404635692,0.0016148013984171568,CMIG4_2021-01-04_DISTRIBUTION_650
B00S B2,jun/2021,2020-06-30,2021-06-30,2021-01-04,ITUB4,ITUB4,0.002540812227286029,0.002542045631279857,ITUB4_2021-01-04_DISTRIBUTION_192
B00S B2,jun/2021,2020-06-30,2021-06-30,2021-01-04,SAPR4,SAPR4,0.03186358585144927,0.032501200679353304,CONT_2740_SAPR4_2021-01-04
B00S B2,jun/2021,2020-06-30,2021-06-30,2021-01-05,BBDC4,BBDC4,0.002790887074681966,0.0027929044670317814,BBDC4_2021-01-05_DISTRIBUTION_564
B00S B2,jun/2021,2020-06-30,2021-06-30,2021-01-05,ENBR3,ENBR3,0.0019113179617416694,0.0019384615334682364,CONT_2385_ENBR3_2021-01-05
B00S B2,jun/2021,2020-06-30,2021-06-30,2021-01-07,ABCB4,ABCB4,0.0036051254914721185,0.0036801947500845924,CONT_15_ABCB4_2021-01-07
B00S B2,jun/2021,2020-06-30,2021-06-30,2021-01-07,NEOE3,NEOE3,0.00227217322149728,0.0023011432112675506,CONT_2057_NEOE3_2021-01-07
B00S B2,jun/2021,2020-06-30,2021-06-30,2021-01-11,SANB4,SANB4,0.004652837876690171,0.004671573287849652,CONT_2293_SANB4_2021-01-11
B00S B2,jun/2021,2020-06-30,2021-06-30,2021-01-26,ITUB4,ITUB4,0.002542045631279857,0.002546559224514016,ITUB4_2021-01-26_DISTRIBUTION_191
B00S B2,jun/2021,2020-06-30,2021-06-30,2021-02-01,ITUB4,ITUB4,0.002546559224514016,0.002547872786699976,ITUB4_2021-02-01_DISTRIBUTION_190
B00S B2,jun/2021,2020-06-30,2021-06-30,2021-02-02,BBDC4,BBDC4,0.0027929044670317814,0.0027950132942827634,BBDC4_2021-02-02_DISTRIBUTION_565
B00S B2,jun/2021,2020-06-30,2021-06-30,2021-02-12,BBSE3,BBSE3,0.005449457827147812,0.005541833535039653,CONT_2558_BBSE3_2021-02-12
B00S B2,jun/2021,2020-06-30,2021-06-30,2021-02-17,SANB4,SANB4,0.004671573287849652,0.004687364976016449,CONT_2292_SANB4_2021-02-17
B00S B2,jun/2021,2020-06-30,2021-06-30,2021-02-18,BBDC4,BBDC4,0.0027950132942827634,0.002797461739729705,BBDC4_2021-02-18_DISTRIBUTION_566
B00S B2,jun/2021,2020-06-30,2021-06-30,2021-02-23,BBAS3,BBAS3,0.001792247104611583,0.0018179183275588095,CONT_200_BBAS3_2021-02-23;CONT_201_BBAS3_2021-02-23
B00S B2,jun/2021,2020-06-30,2021-06-30,2021-02-26,ITUB4,ITUB4,0.002547872786699976,0.002562530484441607,ITUB4_2021-02-26_DISTRIBUTION_188;ITUB4_2021-02-26_DISTRIBUTION_189
B00S B2,jun/2021,2020-06-30,2021-06-30,2021-02-26,TRPL4,TRPL4,0.003741586572748694,0.0038677916968131625,CONT_1380_TRPL4_2021-02-26
B00S B2,jun/2021,2020-06-30,2021-06-30,2021-03-01,ITUB4,ITUB4,0.002562530484441607,0.0025640822792444584,ITUB4_2021-03-01_DISTRIBUTION_187
B00S B2,jun/2021,2020-06-30,2021-06-30,2021-03-01,VIVT4,VIVT3,0.002836922207985878,0.002842745110816762,CONT_2741_VIVT3_2021-03-01
B00S B2,jun/2021,2020-06-30,2021-06-30,2021-03-02,BBDC4,BBDC4,0.002797461739729705,0.0027997878265919388,BBDC4_2021-03-02_DISTRIBUTION_567
B00S B2,jun/2021,2020-06-30,2021-06-30,2021-03-02,TIET4,TIET4,0.01510131003866175,0.015120448390377477,CONT_2566_TIET4_2021-03-02
B00S B2,jun/2021,2020-06-30,2021-06-30,2021-03-08,BRSR6,BRSR6,0.0045613827430214665,0.004647508027574792,CONT_665_BRSR6_2021-03-08
B00S B2,jun/2021,2020-06-30,2021-06-30,2021-03-12,BBAS3,BBAS3,0.0018179183275588095,0.0018267482150322845,CONT_199_BBAS3_2021-03-12
B00S B2,jun/2021,2020-06-30,2021-06-30,2021-03-12,CPLE6,CPLE6,0.0006667135099289172,0.006667135099289172,CPLE6_SPLIT_20210312
B00S B2,jun/2021,2020-06-30,2021-06-30,2021-03-26,ITUB4,ITUB4,0.0025640822792444584,0.002568708040791339,ITUB4_2021-03-26_DISTRIBUTION_186
B00S B2,jun/2021,2020-06-30,2021-06-30,2021-03-29,TIET4,AESB3,0,0.0030240896780754957,TIET_AESB_20210329_TIET4
B00S B2,jun/2021,2020-06-30,2021-06-30,2021-03-29,TIET4,TIET4,0.015120448390377477,0,TIET_AESB_20210329_TIET4
B00S B2,jun/2021,2020-06-30,2021-06-30,2021-03-31,TRPL4,TRPL4,0.0038677916968131625,0.003989332737221267,CONT_1379_TRPL4_2021-03-31
B00S B2,jun/2021,2020-06-30,2021-06-30,2021-04-01,ABCB4,ABCB4,0.0036801947500845924,0.0037359870263670137,CONT_14_ABCB4_2021-04-01
B00S B2,jun/2021,2020-06-30,2021-06-30,2021-04-01,CPLE6,CPLE6,0.006667135099289172,0.006770748060473043,CONT_913_CPLE6_2021-04-01;CONT_914_CPLE6_2021-04-01
B00S B2,jun/2021,2020-06-30,2021-06-30,2021-04-01,ITUB4,ITUB4,0.002568708040791339,0.0025701298349098583,ITUB4_2021-04-01_DISTRIBUTION_185
B00S B2,jun/2021,2020-06-30,2021-06-30,2021-04-01,PSSA3,PSSA3,0.00705255272892558,0.00731129496803797,CONT_2742_PSSA3_2021-04-01;CONT_2743_PSSA3_2021-04-01;CONT_2744_PSSA3_2021-04-01
B00S B2,jun/2021,2020-06-30,2021-06-30,2021-04-01,VIVT4,VIVT3,0.002842745110816762,0.0028530559145674814,CONT_2745_VIVT3_2021-04-01
B00S B2,jun/2021,2020-06-30,2021-06-30,2021-04-05,BBDC4,BBDC4,0.0027997878265919388,0.002801830327139809,BBDC4_2021-04-05_DISTRIBUTION_568
B00S B2,jun/2021,2020-06-30,2021-06-30,2021-04-12,ENBR3,ENBR3,0.0019384615334682364,0.0020130080590143886,CONT_2386_ENBR3_2021-04-12
B00S B2,jun/2021,2020-06-30,2021-06-30,2021-04-13,NEOE3,NEOE3,0.0023011432112675506,0.002324717548989794,CONT_2056_NEOE3_2021-04-13
B00S B2,jun/2021,2020-06-30,2021-06-30,2021-04-16,VIVT4,VIVT3,0.0028530559145674814,0.0029139317423350066,CONT_2746_VIVT3_2021-04-16
B00S B2,jun/2021,2020-06-30,2021-06-30,2021-04-19,BBDC4,BBDC4,0.002801830327139809,0.00308201335985379,BBDC4_2021-04-19_SHARES_673
B00S B2,jun/2021,2020-06-30,2021-06-30,2021-04-27,COCE5,COCE5,0.0007623083347083347,0.0007914982474586999,CONT_827_COCE5_2021-04-27
B00S B2,jun/2021,2020-06-30,2021-06-30,2021-04-28,ITUB4,ITUB4,0.0025701298349098583,0.002575275561002581,ITUB4_2021-04-28_DISTRIBUTION_184
B00S B2,jun/2021,2020-06-30,2021-06-30,2021-04-30,CPLE6,CPLE6,0.006770748060473043,0.0068567903699011164,CONT_912_CPLE6_2021-04-30
B00S B2,jun/2021,2020-06-30,2021-06-30,2021-04-30,SBSP3,SBSP3,0.003946556752725702,0.003983263974135462,CONT_2436_SBSP3_2021-04-30
B00S B2,jun/2021,2020-06-30,2021-06-30,2021-05-03,BRSR6,BRSR6,0.004647508027574792,0.004668822596505899,CONT_664_BRSR6_2021-05-03
B00S B2,jun/2021,2020-06-30,2021-06-30,2021-05-03,CMIG4,CMIG4,0.0016148013984171568,0.0018820871998915436,CMIG4_2021-05-03_DISTRIBUTION_651;CMIG4_2021-05-03_SHARES_678
B00S B2,jun/2021,2020-06-30,2021-06-30,2021-05-03,EQTL3,EQTL3,0.003542628244694588,0.0036501616484121303,CONT_1119_EQTL3_2021-05-03
B00S B2,jun/2021,2020-06-30,2021-06-30,2021-05-03,ITUB4,ITUB4,0.002575275561002581,0.0025766601177558083,ITUB4_2021-05-03_DISTRIBUTION_183
B00S B2,jun/2021,2020-06-30,2021-06-30,2021-05-03,VIVT4,VIVT3,0.0029139317423350066,0.0029251938366226817,CONT_2747_VIVT3_2021-05-03
B00S B2,jun/2021,2020-06-30,2021-06-30,2021-05-04,BBDC4,BBDC4,0.00308201335985379,0.003084470528544491,BBDC4_2021-05-04_DISTRIBUTION_569
B00S B2,jun/2021,2020-06-30,2021-06-30,2021-05-10,SANB4,SANB4,0.004687364976016449,0.004785804059167446,CONT_2291_SANB4_2021-05-10
B00S B2,jun/2021,2020-06-30,2021-06-30,2021-05-11,TIET4,AESB3,0.0030240896780754957,0.0030603707725301984,CONT_30_AESB3_2021-05-11
B00S B2,jun/2021,2020-06-30,2021-06-30,2021-05-12,TBLE3,TBLE3,0.0009003846089903437,0.0009178209311865074,TBLE3_2021-05-12_DISTRIBUTION_350
B00S B2,jun/2021,2020-06-30,2021-06-30,2021-05-24,BBAS3,BBAS3,0.0018267482150322845,0.0018497740255465536,CONT_197_BBAS3_2021-05-24;CONT_198_BBAS3_2021-05-24
B00S B2,jun/2021,2020-06-30,2021-06-30,2021-05-25,ITUB4,ITUB4,0.0025766601177558083,0.002580990683760616,ITUB4_2021-05-25_DISTRIBUTION_182
B00S B2,jun/2021,2020-06-30,2021-06-30,2021-06-01,ITUB4,ITUB4,0.002580990683760616,0.0025822558752722634,ITUB4_2021-06-01_DISTRIBUTION_181
B00S B2,jun/2021,2020-06-30,2021-06-30,2021-06-02,BBDC4,BBDC4,0.003084470528544491,0.0030865518670631703,BBDC4_2021-06-02_DISTRIBUTION_570
B00S B2,jun/2021,2020-06-30,2021-06-30,2021-06-04,BRSR6,BRSR6,0.004668822596505899,0.004748309898348244,CONT_663_BRSR6_2021-06-04
B00S B2,jun/2021,2020-06-30,2021-06-30,2021-06-14,BBAS3,BBAS3,0.0018497740255465536,0.0018585253480496522,CONT_196_BBAS3_2021-06-14
B00S B2,jun/2021,2020-06-30,2021-06-30,2021-06-22,TIMP3,TIMS3,0.007179705215167043,0.007265894212836456,CONT_2748_TIMS3_2021-06-22
B00S B2,jun/2022,2021-06-30,2022-06-30,2021-07-01,ABCB4,ABCB4,0.0035723455540216525,0.003623747898064408,CONT_13_ABCB4_2021-07-01
B00S B2,jun/2022,2021-06-30,2022-06-30,2021-07-01,ITUB4,ITUB4,0.0024691494457210537,0.002470396910917612,ITUB4_2021-07-01_DISTRIBUTION_180
B00S B2,jun/2022,2021-06-30,2022-06-30,2021-07-01,SAPR4,SAPR4,0.031077602499106582,0.03186873797522405,CONT_2749_SAPR4_2021-07-01
B00S B2,jun/2022,2021-06-30,2022-06-30,2021-07-01,VIVT3,VIVT3,0.002797066243314094,0.0028221941570062002,CONT_2750_VIVT3_2021-07-01
B00S B2,jun/2022,2021-06-30,2022-06-30,2021-07-02,BBDC4,BBDC4,0.0029513565656791333,0.0029535104667223894,BBDC4_2021-07-02_DISTRIBUTION_571
B00S B2,jun/2022,2021-06-30,2022-06-30,2021-07-02,NEOE3,NEOE3,0.002222891659387142,0.002240786734750535,CONT_2055_NEOE3_2021-07-02
B00S B2,jun/2022,2021-06-30,2022-06-30,2021-07-05,BBDC4,BBDC4,0.0029535104667223894,0.003017163639901355,BBDC4_2021-07-05_DISTRIBUTION_572
B00S B2,jun/2022,2021-06-30,2022-06-30,2021-07-07,TRPL4,TRPL4,0.003814594367364222,0.003892017383622863,CONT_1378_TRPL4_2021-07-07
B00S B2,jun/2022,2021-06-30,2022-06-30,2021-07-30,PSSA3,PSSA3,0.006991049992646712,0.00708463085486643,CONT_2751_PSSA3_2021-07-30
B00S B2,jun/2022,2021-06-30,2022-06-30,2021-08-02,ITUB4,ITUB4,0.002470396910917612,0.0024716130564267605,ITUB4_2021-08-02_DISTRIBUTION_179
B00S B2,jun/2022,2021-06-30,2022-06-30,2021-08-03,BBDC4,BBDC4,0.003017163639901355,0.0030194984728454362,BBDC4_2021-08-03_DISTRIBUTION_573
B00S B2,jun/2022,2021-06-30,2022-06-30,2021-08-05,SANB4,SANB4,0.004576179128172937,0.004682967697214649,CONT_2290_SANB4_2021-08-05
B00S B2,jun/2022,2021-06-30,2022-06-30,2021-08-10,AESB3,AESB3,0.002926322239811778,0.0029395389114055186,CONT_29_AESB3_2021-08-10
B00S B2,jun/2022,2021-06-30,2022-06-30,2021-08-12,BBSE3,BBSE3,0.005299093452494811,0.005431158777191986,CONT_2557_BBSE3_2021-08-12
B00S B2,jun/2022,2021-06-30,2022-06-30,2021-08-16,ITUB4,ITUB4,0.0024716130564267605,0.0024800722620885716,ITUB4_2021-08-16_DISTRIBUTION_178
B00S B2,jun/2022,2021-06-30,2022-06-30,2021-08-17,TBLE3,TBLE3,0.0008776190869432733,0.0009005521800975833,TBLE3_2021-08-17_DISTRIBUTION_349
B00S B2,jun/2022,2021-06-30,2022-06-30,2021-08-24,BBAS3,BBAS3,0.0017771193307911375,0.0017973464826719935,CONT_194_BBAS3_2021-08-24;CONT_195_BBAS3_2021-08-24
B00S B2,jun/2022,2021-06-30,2022-06-30,2021-09-01,CPFE3,CPFE3,0.001592084147474487,0.0016793168162827128,CONT_841_CPFE3_2021-09-01
B00S B2,jun/2022,2021-06-30,2022-06-30,2021-09-01,ITUB4,ITUB4,0.0024800722620885716,0.0024812699788925425,ITUB4_2021-09-01_DISTRIBUTION_177
B00S B2,jun/2022,2021-06-30,2022-06-30,2021-09-02,BBDC4,BBDC4,0.0030194984728454362,0.0030220700350895133,BBDC4_2021-09-02_DISTRIBUTION_574
B00S B2,jun/2022,2021-06-30,2022-06-30,2021-09-14,BBAS3,BBAS3,0.0017973464826719935,0.0018087060843480864,CONT_193_BBAS3_2021-09-14
B00S B2,jun/2022,2021-06-30,2022-06-30,2021-09-27,CSMG3,CSMG3,0.00829754378473953,0.008544389634183311,CONT_2381_CSMG3_2021-09-27;CONT_2382_CSMG3_2021-09-27
B00S B2,jun/2022,2021-06-30,2022-06-30,2021-09-30,TIMS3,TIMS3,0.0069476378542081395,0.006981228811674241,CONT_2752_TIMS3_2021-09-30
B00S B2,jun/2022,2021-06-30,2022-06-30,2021-10-01,CPLE6,CPLE6,0.0065564533334566315,0.007080999865878771,CONT_910_CPLE6_2021-10-01;CONT_911_CPLE6_2021-10-01
B00S B2,jun/2022,2021-06-30,2022-06-30,2021-10-01,ITUB4,ITUB4,0.0024812699788925425,0.0024825244126533575,ITUB4_2021-10-01_DISTRIBUTION_176
B00S B2,jun/2022,2021-06-30,2022-06-30,2021-10-01,VIVT3,VIVT3,0.0028221941570062002,0.0028457259446210454,CONT_2753_VIVT3_2021-10-01
B00S B2,jun/2022,2021-06-30,2022-06-30,2021-10-04,BBDC4,BBDC4,0.0030220700350895133,0.003024836229093394,BBDC4_2021-10-04_DISTRIBUTION_575
B00S B2,jun/2022,2021-06-30,2022-06-30,2021-10-04,ITUB4,XPBR31,0,5.7316141217884694e-05,ITUB4_2021-10-04_SPINOFF_686
B00S B2,jun/2022,2021-06-30,2022-06-30,2021-10-07,ABCB4,ABCB4,0.003623747898064408,0.0036783394248404433,CONT_12_ABCB4_2021-10-07
B00S B2,jun/2022,2021-06-30,2022-06-30,2021-10-21,PSSA3,PSSA3,0.00708463085486643,0.01416926170973286,CONT_2862_PSSA3_2021-10-21
B00S B2,jun/2022,2021-06-30,2022-06-30,2021-11-01,ITUB4,ITUB4,0.0024825244126533575,0.002484333519006922,ITUB4_2021-11-01_DISTRIBUTION_175
B00S B2,jun/2022,2021-06-30,2022-06-30,2021-11-01,PSSA3,PSSA3,0.01416926170973286,0.014337174554828015,CONT_2754_PSSA3_2021-11-01
B00S B2,jun/2022,2021-06-30,2022-06-30,2021-11-03,BBDC4,BBDC4,0.003024836229093394,0.0030276497432945373,BBDC4_2021-11-03_DISTRIBUTION_576
B00S B2,jun/2022,2021-06-30,2022-06-30,2021-11-04,TRPL4,TRPL4,0.003892017383622863,0.0041118326538719325,CONT_1376_TRPL4_2021-11-04;CONT_1377_TRPL4_2021-11-04
B00S B2,jun/2022,2021-06-30,2022-06-30,2021-11-05,SANB4,SANB4,0.004682967697214649,0.0047909499373453715,CONT_2289_SANB4_2021-11-05
B00S B2,jun/2022,2021-06-30,2022-06-30,2021-11-22,ITUB4,ITUB4,0.002484333519006922,0.0025141129896361384,ITUB4_2021-11-22_DISTRIBUTION_174
B00S B2,jun/2022,2021-06-30,2022-06-30,2021-11-23,BBAS3,BBAS3,0.0018087060843480864,0.00183269036459331,CONT_192_BBAS3_2021-11-23
B00S B2,jun/2022,2021-06-30,2022-06-30,2021-12-01,ITUB4,ITUB4,0.0025141129896361384,0.0025161100235815514,ITUB4_2021-12-01_DISTRIBUTION_173
B00S B2,jun/2022,2021-06-30,2022-06-30,2021-12-02,BBDC4,BBDC4,0.0030276497432945373,0.0030304090648890576,BBDC4_2021-12-02_DISTRIBUTION_577
B00S B2,jun/2022,2021-06-30,2022-06-30,2021-12-07,TAEE4,TAEE4,0.003469067563444409,0.0036159728547657134,CONT_2412_TAEE4_2021-12-07;CONT_2413_TAEE4_2021-12-07
B00S B2,jun/2022,2021-06-30,2022-06-30,2021-12-10,CPFE3,CPFE3,0.0016793168162827128,0.0017235677373184097,CONT_840_CPFE3_2021-12-10
B00S B2,jun/2022,2021-06-30,2022-06-30,2021-12-14,BBAS3,BBAS3,0.00183269036459331,0.001842693634245417,CONT_191_BBAS3_2021-12-14
B00S B2,jun/2022,2021-06-30,2022-06-30,2021-12-21,BBDC4,BBDC4,0.0030304090648890576,0.0030681709779597456,BBDC4_2021-12-21_DISTRIBUTION_578;BBDC4_2021-12-21_DISTRIBUTION_579
B00S B2,jun/2022,2021-06-30,2022-06-30,2021-12-21,TIMS3,TIMS3,0.006981228811674241,0.007107122801215966,CONT_2755_TIMS3_2021-12-21
B00S B2,jun/2022,2021-06-30,2022-06-30,2021-12-22,CMIG4,CMIG4,0.0017996491404713782,0.0018768248601485613,CMIG4_2021-12-22_DISTRIBUTION_652
B00S B2,jun/2022,2021-06-30,2022-06-30,2021-12-23,TRPL4,TRPL4,0.0041118326538719325,0.004141294180496477,CONT_1375_TRPL4_2021-12-23
B00S B2,jun/2022,2021-06-30,2022-06-30,2021-12-28,VIVT3,VIVT3,0.0028457259446210454,0.0029272501704190167,CONT_2756_VIVT3_2021-12-28;CONT_2757_VIVT3_2021-12-28
B00S B2,jun/2022,2021-06-30,2022-06-30,2021-12-30,TBLE3,TBLE3,0.0009005521800975833,0.0009022762867469851,TBLE3_2021-12-30_DISTRIBUTION_348
B00S B2,jun/2022,2021-06-30,2022-06-30,2022-01-03,ABCB4,ABCB4,0.0036783394248404433,0.003737949812947182,CONT_11_ABCB4_2022-01-03
B00S B2,jun/2022,2021-06-30,2022-06-30,2022-01-03,CPLE6,CPLE6,0.007080999865878771,0.007199089733679356,CONT_909_CPLE6_2022-01-03
B00S B2,jun/2022,2021-06-30,2022-06-30,2022-01-03,ITUB4,ITUB4,0.0025161100235815514,0.0025181746140936954,ITUB4_2022-01-03_DISTRIBUTION_172
B00S B2,jun/2022,2021-06-30,2022-06-30,2022-01-03,SAPR4,SAPR4,0.03186873797522405,0.03290161442988972,CONT_2758_SAPR4_2022-01-03
B00S B2,jun/2022,2021-06-30,2022-06-30,2022-01-04,BBDC4,BBDC4,0.0030681709779597456,0.0030711112788832876,BBDC4_2022-01-04_DISTRIBUTION_550
B00S B2,jun/2022,2021-06-30,2022-06-30,2022-01-05,ENBR3,ENBR3,0.0019248354823176962,0.0020014823765376706,CONT_2387_ENBR3_2022-01-05
B00S B2,jun/2022,2021-06-30,2022-06-30,2022-01-06,NEOE3,NEOE3,0.002240786734750535,0.002260504720371247,CONT_2054_NEOE3_2022-01-06
B00S B2,jun/2022,2021-06-30,2022-06-30,2022-01-10,SANB4,SANB4,0.0047909499373453715,0.004801189430726528,CONT_2288_SANB4_2022-01-10
B00S B2,jun/2022,2021-06-30,2022-06-30,2022-02-01,ITUB4,ITUB4,0.0025181746140936954,0.002519918269720951,ITUB4_2022-02-01_DISTRIBUTION_171
B00S B2,jun/2022,2021-06-30,2022-06-30,2022-02-02,BBDC4,BBDC4,0.0030711112788832876,0.00307370699157525,BBDC4_2022-02-02_DISTRIBUTION_551
B00S B2,jun/2022,2021-06-30,2022-06-30,2022-02-11,BBSE3,BBSE3,0.005431158777191986,0.005650016928926955,CONT_2556_BBSE3_2022-02-11
B00S B2,jun/2022,2021-06-30,2022-06-30,2022-02-11,SANB4,SANB4,0.004801189430726528,0.004922084627366126,CONT_2286_SANB4_2022-02-11;CONT_2287_SANB4_2022-02-11
B00S B2,jun/2022,2021-06-30,2022-06-30,2022-02-22,ITUB4,ITUB4,0.002519918269720951,0.0025212550496651995,ITUB4_2022-02-22_DISTRIBUTION_170
B00S B2,jun/2022,2021-06-30,2022-06-30,2022-02-25,TBLE3,TBLE3,0.0009022762867469851,0.0009199903307934487,TBLE3_2022-02-25_DISTRIBUTION_347
B00S B2,jun/2022,2021-06-30,2022-06-30,2022-03-02,ITUB4,ITUB4,0.0025212550496651995,0.0025230329222831215,ITUB4_2022-03-02_DISTRIBUTION_169
B00S B2,jun/2022,2021-06-30,2022-06-30,2022-03-02,VIVT3,VIVT3,0.0029272501704190167,0.0029336463464703583,CONT_2759_VIVT3_2022-03-02
B00S B2,jun/2022,2021-06-30,2022-06-30,2022-03-03,BBAS3,BBAS3,0.001842693634245417,0.001867201647056012,CONT_189_BBAS3_2022-03-03;CONT_190_BBAS3_2022-03-03
B00S B2,jun/2022,2021-06-30,2022-06-30,2022-03-03,BBDC4,BBDC4,0.00307370699157525,0.003076550628975889,BBDC4_2022-03-03_DISTRIBUTION_552
B00S B2,jun/2022,2021-06-30,2022-06-30,2022-03-15,BBAS3,BBAS3,0.001867201647056012,0.0018791049879597827,CONT_188_BBAS3_2022-03-15
B00S B2,jun/2022,2021-06-30,2022-06-30,2022-03-23,CSMG3,CSMG3,0.008544389634183311,0.008597100463663786,CONT_2383_CSMG3_2022-03-23
B00S B2,jun/2022,2021-06-30,2022-06-30,2022-03-29,CMIG4,CMIG4,0.0018768248601485613,0.0018953800710280852,CMIG4_2022-03-29_DISTRIBUTION_653
B00S B2,jun/2022,2021-06-30,2022-06-30,2022-03-29,TIMS3,TIMS3,0.007107122801215966,0.007149224660371544,CONT_2760_TIMS3_2022-03-29
B00S B2,jun/2022,2021-06-30,2022-06-30,2022-04-01,ABCB4,ABCB4,0.003737949812947182,0.0038072202860941606,CONT_10_ABCB4_2022-04-01
B00S B2,jun/2022,2021-06-30,2022-06-30,2022-04-01,ITUB4,ITUB4,0.0025230329222831215,0.002524649898720242,ITUB4_2022-04-01_DISTRIBUTION_168
B00S B2,jun/2022,2021-06-30,2022-06-30,2022-04-01,PSSA3,PSSA3,0.014337174554828015,0.01464400777505873,CONT_2761_PSSA3_2022-04-01;CONT_2762_PSSA3_2022-04-01
B00S B2,jun/2022,2021-06-30,2022-06-30,2022-04-01,VIVT3,VIVT3,0.0029336463464703583,0.002941678028013705,CONT_2763_VIVT3_2022-04-01
B00S B2,jun/2022,2021-06-30,2022-06-30,2022-04-04,BBDC4,BBDC4,0.003076550628975889,0.003079219900149353,BBDC4_2022-04-04_DISTRIBUTION_553
B00S B2,jun/2022,2021-06-30,2022-06-30,2022-04-06,ENBR3,ENBR3,0.0020014823765376706,0.0021279878621129986,CONT_2388_ENBR3_2022-04-06
B00S B2,jun/2022,2021-06-30,2022-06-30,2022-04-19,BBDC4,BBDC4,0.003079219900149353,0.0033871418901642884,BBDC4_2022-04-19_SHARES_674
B00S B2,jun/2022,2021-06-30,2022-06-30,2022-04-22,SANB4,SANB4,0.004922084627366126,0.004986675971764033,CONT_2284_SANB4_2022-04-22;CONT_2285_SANB4_2022-04-22
B00S B2,jun/2022,2021-06-30,2022-06-30,2022-04-26,NEOE3,NEOE3,0.002260504720371247,0.0023300063239545693,CONT_2053_NEOE3_2022-04-26
B00S B2,jun/2022,2021-06-30,2022-06-30,2022-04-27,VIVT3,VIVT3,0.002941678028013705,0.003010480047531085,CONT_2764_VIVT3_2022-04-27
B00S B2,jun/2022,2021-06-30,2022-06-30,2022-04-29,SAPR4,SAPR4,0.03290161442988972,0.03300351813323287,CONT_2765_SAPR4_2022-04-29
B00S B2,jun/2022,2021-06-30,2022-06-30,2022-04-29,SBSP3,SBSP3,0.0038087914246144276,0.0038894235305201993,CONT_2437_SBSP3_2022-04-29
B00S B2,jun/2022,2021-06-30,2022-06-30,2022-05-02,CMIG4,CMIG4,0.0018953800710280852,0.002569131885158597,CMIG4_2022-05-02_DISTRIBUTION_654;CMIG4_2022-05-02_SHARES_679
B00S B2,jun/2022,2021-06-30,2022-06-30,2022-05-02,CPFE3,CPFE3,0.0017235677373184097,0.001810342428199057,CONT_839_CPFE3_2022-05-02
B00S B2,jun/2022,2021-06-30,2022-06-30,2022-05-02,CPLE6,CPLE6,0.007199089733679356,0.007748611160150019,CONT_908_CPLE6_2022-05-02
B00S B2,jun/2022,2021-06-30,2022-06-30,2022-05-02,EQTL3,EQTL3,0.003490279448011241,0.003579953428209041,CONT_1118_EQTL3_2022-05-02
B00S B2,jun/2022,2021-06-30,2022-06-30,2022-05-02,ITUB4,ITUB4,0.002524649898720242,0.0025265261122239223,ITUB4_2022-05-02_DISTRIBUTION_167
B00S B2,jun/2022,2021-06-30,2022-06-30,2022-05-02,VIVT3,VIVT3,0.003010480047531085,0.0030156556693488514,CONT_2766_VIVT3_2022-05-02
B00S B2,jun/2022,2021-06-30,2022-06-30,2022-05-03,BBDC4,BBDC4,0.0033871418901642884,0.003390698634515244,BBDC4_2022-05-03_DISTRIBUTION_554
B00S B2,jun/2022,2021-06-30,2022-06-30,2022-05-10,TAEE4,TAEE4,0.0036159728547657134,0.0037842854861158378,CONT_2411_TAEE4_2022-05-10
B00S B2,jun/2022,2021-06-30,2022-06-30,2022-05-12,TBLE3,TBLE3,0.0009199903307934487,0.0009348244615602712,TBLE3_2022-05-12_DISTRIBUTION_346
B00S B2,jun/2022,2021-06-30,2022-06-30,2022-05-24,BBAS3,BBAS3,0.0018791049879597827,0.0019125645461734995,CONT_186_BBAS3_2022-05-24;CONT_187_BBAS3_2022-05-24
B00S B2,jun/2022,2021-06-30,2022-06-30,2022-06-01,ITUB4,ITUB4,0.0025265261122239223,0.0025282558711797313,ITUB4_2022-06-01_DISTRIBUTION_166
B00S B2,jun/2022,2021-06-30,2022-06-30,2022-06-02,BBDC4,BBDC4,0.003390698634515244,0.003393910709351314,BBDC4_2022-06-02_DISTRIBUTION_555
B00S B2,jun/2022,2021-06-30,2022-06-30,2022-06-14,BBAS3,BBAS3,0.0019125645461734995,0.001926845162627884,CONT_185_BBAS3_2022-06-14
B00S B2,jun/2022,2021-06-30,2022-06-30,2022-06-21,BBDC4,BBDC4,0.003393910709351314,0.0034297061566925,BBDC4_2022-06-21_DISTRIBUTION_556
B00S B2,jun/2022,2021-06-30,2022-06-30,2022-06-22,CSMG3,CSMG3,0.008597100463663786,0.008698595808558321,CONT_2384_CSMG3_2022-06-22
B00S B2,jun/2022,2021-06-30,2022-06-30,2022-06-24,TIMS3,TIMS3,0.007149224660371544,0.007212718648470514,CONT_2767_TIMS3_2022-06-24
B00S B2,jun/2022,2021-06-30,2022-06-30,2022-06-27,CMIG4,CMIG4,0.002569131885158597,0.002607829596769868,CMIG4_2022-06-27_DISTRIBUTION_655
B00S B2,jun/2023,2022-06-30,2023-06-30,2022-07-01,ABCB4,ABCB4,0.0038072202860941606,0.0038924168239647993,CONT_9_ABCB4_2022-07-01
B00S B2,jun/2023,2022-06-30,2023-06-30,2022-07-01,ITUB4,ITUB4,0.0025282558711797313,0.0025302087690408396,ITUB4_2022-07-01_DISTRIBUTION_165
B00S B2,jun/2023,2022-06-30,2023-06-30,2022-07-01,SAPR4,SAPR4,0.03300351813323287,0.03393711564790034,CONT_2768_SAPR4_2022-07-01
B00S B2,jun/2023,2022-06-30,2023-06-30,2022-07-01,VIVT3,VIVT3,0.0030156556693488514,0.0030338772670722904,CONT_2769_VIVT3_2022-07-01
B00S B2,jun/2023,2022-06-30,2023-06-30,2022-07-04,BBDC4,BBDC4,0.0034297061566925,0.0034335052237823636,BBDC4_2022-07-04_DISTRIBUTION_557
B00S B2,jun/2023,2022-06-30,2023-06-30,2022-07-06,NEOE3,NEOE3,0.0023300063239545693,0.002353545174020278,CONT_2052_NEOE3_2022-07-06
B00S B2,jun/2023,2022-06-30,2023-06-30,2022-08-01,ITUB4,ITUB4,0.0025302087690408396,0.002532111546406565,ITUB4_2022-08-01_DISTRIBUTION_164
B00S B2,jun/2023,2022-06-30,2023-06-30,2022-08-02,BBDC4,BBDC4,0.0034335052237823636,0.0034371922699522432,BBDC4_2022-08-02_DISTRIBUTION_558
B00S B2,jun/2023,2022-06-30,2023-06-30,2022-08-10,AESB3,AESB3,0.002939538911405518,0.0029707499020661873,CONT_28_AESB3_2022-08-10
B00S B2,jun/2023,2022-06-30,2023-06-30,2022-08-15,SANB4,SANB4,0.004986675971764033,0.005062753633148594,CONT_2283_SANB4_2022-08-15
B00S B2,jun/2023,2022-06-30,2023-06-30,2022-08-16,TAEE4,TAEE4,0.0037842854861158378,0.003917198914948413,CONT_2409_TAEE4_2022-08-16;CONT_2410_TAEE4_2022-08-16
B00S B2,jun/2023,2022-06-30,2023-06-30,2022-08-17,TBLE3,TBLE3,0.0009348244615602712,0.0009503229019534966,TBLE3_2022-08-17_DISTRIBUTION_345
B00S B2,jun/2023,2022-06-30,2023-06-30,2022-08-18,BBSE3,BBSE3,0.005650016928926955,0.0058541909478429695,CONT_2555_BBSE3_2022-08-18
B00S B2,jun/2023,2022-06-30,2023-06-30,2022-08-19,ITUB4,ITUB4,0.002532111546406565,0.0025612441360827517,ITUB4_2022-08-19_DISTRIBUTION_163
B00S B2,jun/2023,2022-06-30,2023-06-30,2022-08-23,BBAS3,BBAS3,0.0019268451626278842,0.001953915491626147,CONT_183_BBAS3_2022-08-23;CONT_184_BBAS3_2022-08-23
B00S B2,jun/2023,2022-06-30,2023-06-30,2022-08-31,PSSA3,PSSA3,0.01464400777505873,0.015076393706908197,CONT_2770_PSSA3_2022-08-31
B00S B2,jun/2023,2022-06-30,2023-06-30,2022-09-01,ITUB4,ITUB4,0.0025612441360827517,0.0025629702131733153,ITUB4_2022-09-01_DISTRIBUTION_162
B00S B2,jun/2023,2022-06-30,2023-06-30,2022-09-01,VIVT3,VIVT3,0.0030338772670722904,0.003047094417934493,CONT_2771_VIVT3_2022-09-01
B00S B2,jun/2023,2022-06-30,2023-06-30,2022-09-02,BBDC4,BBDC4,0.0034371922699522432,0.0034405697980112084,BBDC4_2022-09-02_DISTRIBUTION_559
B00S B2,jun/2023,2022-06-30,2023-06-30,2022-09-13,BBAS3,BBAS3,0.001953915491626147,0.001967213752647693,CONT_182_BBAS3_2022-09-13
B00S B2,jun/2023,2022-06-30,2023-06-30,2022-09-21,CSMG3,CSMG3,0.008698595808558321,0.00879707157264448,CONT_2455_CSMG3_2022-09-21
B00S B2,jun/2023,2022-06-30,2023-06-30,2022-09-22,TIMS3,TIMS3,0.007212718648470514,0.007329471320902444,CONT_2772_TIMS3_2022-09-22;CONT_2773_TIMS3_2022-09-22
B00S B2,jun/2023,2022-06-30,2023-06-30,2022-09-26,CMIG4,CMIG4,0.002607829596769868,0.0026578570312365216,CMIG4_2022-09-26_DISTRIBUTION_656
B00S B2,jun/2023,2022-06-30,2023-06-30,2022-10-03,ABCB4,ABCB4,0.0038924168239647993,0.00395687496167181,CONT_8_ABCB4_2022-10-03
B00S B2,jun/2023,2022-06-30,2023-06-30,2022-10-03,ITUB4,ITUB4,0.0025629702131733153,0.002564490765249366,ITUB4_2022-10-03_DISTRIBUTION_161
B00S B2,jun/2023,2022-06-30,2023-06-30,2022-10-04,BBDC4,BBDC4,0.0034405697980112084,0.0034436521471504166,BBDC4_2022-10-04_DISTRIBUTION_560
B00S B2,jun/2023,2022-06-30,2023-06-30,2022-10-24,SANB4,SANB4,0.005062753633148594,0.005139063827042379,CONT_2281_SANB4_2022-10-24;CONT_2282_SANB4_2022-10-24
B00S B2,jun/2023,2022-06-30,2023-06-30,2022-11-01,ITUB4,ITUB4,0.002564490765249366,0.0025659767554662622,ITUB4_2022-11-01_DISTRIBUTION_160
B00S B2,jun/2023,2022-06-30,2023-06-30,2022-11-01,PSSA3,PSSA3,0.015076393706908197,0.015132919595745788,CONT_2774_PSSA3_2022-11-01
B00S B2,jun/2023,2022-06-30,2023-06-30,2022-11-03,BBDC4,BBDC4,0.0034436521471504166,0.0034469842553480003,BBDC4_2022-11-03_DISTRIBUTION_561
B00S B2,jun/2023,2022-06-30,2023-06-30,2022-11-16,TAEE4,TAEE4,0.003917198914948413,0.003993664663138812,CONT_2407_TAEE4_2022-11-16;CONT_2408_TAEE4_2022-11-16
B00S B2,jun/2023,2022-06-30,2023-06-30,2022-11-22,BBAS3,BBAS3,0.001967213752647693,0.0020137174225189434,CONT_180_BBAS3_2022-11-22;CONT_181_BBAS3_2022-11-22
B00S B2,jun/2023,2022-06-30,2023-06-30,2022-11-22,CPLE6,CPLE6,0.007748611160150019,0.007879101609139587,CONT_907_CPLE6_2022-11-22
B00S B2,jun/2023,2022-06-30,2023-06-30,2022-11-22,TBLE3,TBLE3,0.0009503229019534966,0.0009641698671967531,TBLE3_2022-11-22_DISTRIBUTION_344
B00S B2,jun/2023,2022-06-30,2023-06-30,2022-12-01,ITUB4,ITUB4,0.0025659767554662622,0.0025677199998748066,ITUB4_2022-12-01_DISTRIBUTION_159
B00S B2,jun/2023,2022-06-30,2023-06-30,2022-12-02,BBDC4,BBDC4,0.0034469842553480003,0.003451239679412492,BBDC4_2022-12-02_DISTRIBUTION_562
B00S B2,jun/2023,2022-06-30,2023-06-30,2022-12-09,ITUB4,ITUB4,0.0025677199998748066,0.002619030074249617,ITUB4_2022-12-09_DISTRIBUTION_158
B00S B2,jun/2023,2022-06-30,2023-06-30,2022-12-13,BBAS3,BBAS3,0.0020137174225189434,0.0020355564071213163,CONT_179_BBAS3_2022-12-13
B00S B2,jun/2023,2022-06-30,2023-06-30,2022-12-22,CMIG4,CMIG4,0.0026578570312365216,0.0027017448196734895,CMIG4_2022-12-22_DISTRIBUTION_657
B00S B2,jun/2023,2022-06-30,2023-06-30,2022-12-22,TIMS3,TIMS3,0.007329471320902444,0.007441654612333029,CONT_2775_TIMS3_2022-12-22
B00S B2,jun/2023,2022-06-30,2023-06-30,2022-12-23,TBLE3,TBLE3,0.0009641698671967531,0.0009703745684961745,TBLE3_2022-12-23_DISTRIBUTION_343
B00S B2,jun/2023,2022-06-30,2023-06-30,2022-12-27,TRPL4,TRPL4,0.004141294180496477,0.004335800259300022,CONT_1374_TRPL4_2022-12-27
B00S B2,jun/2023,2022-06-30,2023-06-30,2022-12-28,CMIG4,CMIG4,0.0027017448196734895,0.0027584085817724284,CMIG4_2022-12-28_DISTRIBUTION_658
B00S B2,jun/2023,2022-06-30,2023-06-30,2023-01-02,ABCB4,ABCB4,0.00395687496167181,0.004035629331538328,CONT_7_ABCB4_2023-01-02
B00S B2,jun/2023,2022-06-30,2023-06-30,2023-01-02,ITUB4,ITUB4,0.002619030074249617,0.0026209176153198705,ITUB4_2023-01-02_DISTRIBUTION_157
B00S B2,jun/2023,2022-06-30,2023-06-30,2023-01-02,SAPR4,SAPR4,0.03393711564790034,0.035806040692516895,CONT_2776_SAPR4_2023-01-02
B00S B2,jun/2023,2022-06-30,2023-06-30,2023-01-02,VIVT3,VIVT3,0.003047094417934493,0.003133418181088098,CONT_2777_VIVT3_2023-01-02;CONT_2778_VIVT3_2023-01-02
B00S B2,jun/2023,2022-06-30,2023-06-30,2023-01-03,BBDC4,BBDC4,0.003451239679412492,0.003455917294678926,BBDC4_2023-01-03_DISTRIBUTION_535
B00S B2,jun/2023,2022-06-30,2023-06-30,2023-01-03,ENBR3,ENBR3,0.0021279878621129986,0.0022558495067333227,CONT_2389_ENBR3_2023-01-03
B00S B2,jun/2023,2022-06-30,2023-06-30,2023-01-05,NEOE3,NEOE3,0.002353545174020278,0.0023947653847171363,CONT_2051_NEOE3_2023-01-05
B00S B2,jun/2023,2022-06-30,2023-06-30,2023-01-09,BBDC4,BBDC4,0.003455917294678926,0.0035943926956457195,BBDC4_2023-01-09_DISTRIBUTION_563
B00S B2,jun/2023,2022-06-30,2023-06-30,2023-01-11,TAEE4,TAEE4,0.003993664663138812,0.00414690120233938,CONT_2406_TAEE4_2023-01-11
B00S B2,jun/2023,2022-06-30,2023-06-30,2023-01-27,SANB4,SANB4,0.005139063827042379,0.005220376552220815,CONT_2280_SANB4_2023-01-27
B00S B2,jun/2023,2022-06-30,2023-06-30,2023-02-01,ITUB4,ITUB4,0.0026209176153198705,0.0026227694646357392,ITUB4_2023-02-01_DISTRIBUTION_156
B00S B2,jun/2023,2022-06-30,2023-06-30,2023-02-02,BBDC4,BBDC4,0.0035943926956457195,0.003599285300729713,BBDC4_2023-02-02_DISTRIBUTION_536
B00S B2,jun/2023,2022-06-30,2023-06-30,2023-02-15,BBSE3,BBSE3,0.0058541909478429695,0.00616246145183325,CONT_2554_BBSE3_2023-02-15
B00S B2,jun/2023,2022-06-30,2023-06-30,2023-02-24,BBAS3,BBAS3,0.0020355564071213163,0.002065033335539715,CONT_177_BBAS3_2023-02-24;CONT_178_BBAS3_2023-02-24
B00S B2,jun/2023,2022-06-30,2023-06-30,2023-03-01,ITUB4,ITUB4,0.0026227694646357392,0.002624621139877772,ITUB4_2023-03-01_DISTRIBUTION_155
B00S B2,jun/2023,2022-06-30,2023-06-30,2023-03-01,VIVT3,VIVT3,0.003133418181088098,0.003138562969178023,CONT_2779_VIVT3_2023-03-01
B00S B2,jun/2023,2022-06-30,2023-06-30,2023-03-02,BBDC4,BBDC4,0.003599285300729713,0.0036046250779867774,BBDC4_2023-03-02_DISTRIBUTION_537
B00S B2,jun/2023,2022-06-30,2023-06-30,2023-03-14,BBAS3,BBAS3,0.002065033335539715,0.0020844139829263417,CONT_176_BBAS3_2023-03-14
B00S B2,jun/2023,2022-06-30,2023-06-30,2023-03-23,CSMG3,CSMG3,0.00879707157264448,0.00937356820253801,CONT_2456_CSMG3_2023-03-23;CONT_2457_CSMG3_2023-03-23
B00S B2,jun/2023,2022-06-30,2023-06-30,2023-03-24,ITUB4,ITUB4,0.002624621139877772,0.0026542357281055056,ITUB4_2023-03-24_DISTRIBUTION_154
B00S B2,jun/2023,2022-06-30,2023-06-30,2023-03-28,CMIG4,CMIG4,0.0027584085817724284,0.0027827128386529046,CMIG4_2023-03-28_DISTRIBUTION_392
B00S B2,jun/2023,2022-06-30,2023-06-30,2023-04-03,ITUB4,ITUB4,0.0026542357281055056,0.002656185260381871,ITUB4_2023-04-03_DISTRIBUTION_153
B00S B2,jun/2023,2022-06-30,2023-06-30,2023-04-03,VIVT3,VIVT3,0.003138562969178023,0.0031529323468806538,CONT_2780_VIVT3_2023-04-03
B00S B2,jun/2023,2022-06-30,2023-06-30,2023-04-04,BBDC4,BBDC4,0.0036046250779867774,0.0036098422459784943,BBDC4_2023-04-04_DISTRIBUTION_538
B00S B2,jun/2023,2022-06-30,2023-06-30,2023-04-11,TIMS3,TIMS3,0.007441654612333029,0.007583534195605482,CONT_2781_TIMS3_2023-04-11
B00S B2,jun/2023,2022-06-30,2023-06-30,2023-04-12,ENBR3,ENBR3,0.0022558495067333227,0.002283558184814087,CONT_2390_ENBR3_2023-04-12
B00S B2,jun/2023,2022-06-30,2023-06-30,2023-04-14,VIVT3,VIVT3,0.0031529323468806538,0.0031917232531319642,CONT_2782_VIVT3_2023-04-14
B00S B2,jun/2023,2022-06-30,2023-06-30,2023-04-25,SANB4,SANB4,0.005220376552220815,0.005297705555816499,CONT_2279_SANB4_2023-04-25
B00S B2,jun/2023,2022-06-30,2023-06-30,2023-04-26,TIMS3,TIMS3,0.007583534195605482,0.00763540700103882,CONT_2783_TIMS3_2023-04-26
B00S B2,jun/2023,2022-06-30,2023-06-30,2023-04-28,CMIG4,CMIG4,0.0027827128386529046,0.0027954513387059127,CMIG4_2023-04-28_DISTRIBUTION_391
B00S B2,jun/2023,2022-06-30,2023-06-30,2023-04-28,NEOE3,NEOE3,0.0023947653847171363,0.002485261603409972,CONT_2050_NEOE3_2023-04-28
B00S B2,jun/2023,2022-06-30,2023-06-30,2023-05-02,CPFE3,CPFE3,0.001810342428199057,0.0018818504090984697,CONT_838_CPFE3_2023-05-02
B00S B2,jun/2023,2022-06-30,2023-06-30,2023-05-02,EQTL3,EQTL3,0.003579953428209041,0.00362688165666871,CONT_1117_EQTL3_2023-05-02
B00S B2,jun/2023,2022-06-30,2023-06-30,2023-05-02,ITUB4,ITUB4,0.002656185260381871,0.002658068058367644,ITUB4_2023-05-02_DISTRIBUTION_152
B00S B2,jun/2023,2022-06-30,2023-06-30,2023-05-02,SBSP3,SBSP3,0.0038894235305201993,0.004000999619210482,CONT_2438_SBSP3_2023-05-02
B00S B2,jun/2023,2022-06-30,2023-06-30,2023-05-03,BBDC4,BBDC4,0.0036098422459784943,0.003614823778133954,BBDC4_2023-05-03_DISTRIBUTION_539
B00S B2,jun/2023,2022-06-30,2023-06-30,2023-05-04,TAEE4,TAEE4,0.00414690120233938,0.004155713848095726,CONT_2405_TAEE4_2023-05-04
B00S B2,jun/2023,2022-06-30,2023-06-30,2023-05-09,TBLE3,TBLE3,0.0009703745684961745,0.0010110946987272067,TBLE3_2023-05-09_DISTRIBUTION_342
B00S B2,jun/2023,2022-06-30,2023-06-30,2023-06-01,ITUB4,ITUB4,0.002658068058367644,0.002659825170773269,ITUB4_2023-06-01_DISTRIBUTION_151
B00S B2,jun/2023,2022-06-30,2023-06-30,2023-06-01,VIVT3,VIVT3,0.0031917232531319642,0.003206893518616442,CONT_2784_VIVT3_2023-06-01
B00S B2,jun/2023,2022-06-30,2023-06-30,2023-06-02,BBAS3,BBAS3,0.0020844139829263417,0.0021205290144655593,CONT_174_BBAS3_2023-06-02;CONT_175_BBAS3_2023-06-02
B00S B2,jun/2023,2022-06-30,2023-06-30,2023-06-02,BBDC4,BBDC4,0.003614823778133954,0.0036190999995029532,BBDC4_2023-06-02_DISTRIBUTION_540
B00S B2,jun/2023,2022-06-30,2023-06-30,2023-06-13,BBAS3,BBAS3,0.0021205290144655593,0.00213529819547329,CONT_173_BBAS3_2023-06-13
B00S B2,jun/2023,2022-06-30,2023-06-30,2023-06-20,ITUB4,ITUB4,0.002659825170773269,0.0026844535241452067,ITUB4_2023-06-20_DISTRIBUTION_150
B00S B2,jun/2023,2022-06-30,2023-06-30,2023-06-22,CSMG3,CSMG3,0.00937356820253801,0.00952952607145236,CONT_2458_CSMG3_2023-06-22
B00S B2,jun/2023,2022-06-30,2023-06-30,2023-06-23,TIMS3,TIMS3,0.00763540700103882,0.007698358644293241,CONT_2785_TIMS3_2023-06-23
B00S B2,jun/2023,2022-06-30,2023-06-30,2023-06-26,CMIG4,CMIG4,0.0027954513387059127,0.0028168935347019737,CMIG4_2023-06-26_DISTRIBUTION_390
B00S B2,jun/2023,2022-06-30,2023-06-30,2023-06-27,BBDC4,BBDC4,0.0036190999995029532,0.0036626302250043112,BBDC4_2023-06-27_DISTRIBUTION_541
B00S B2,jun/2023,2022-06-30,2023-06-30,2023-06-30,PSSA3,PSSA3,0.015132919595745788,0.015450112915322332,CONT_2786_PSSA3_2023-06-30
B00S B2,jun/2024,2023-06-30,2024-06-28,2023-07-03,ABCB4,ABCB4,0.004035629331538328,0.00422100219533866,CONT_6_ABCB4_2023-07-03
B00S B2,jun/2024,2023-06-30,2024-06-28,2023-07-03,ITUB4,ITUB4,0.0026844535241452067,0.0026860895947495287,ITUB4_2023-07-03_DISTRIBUTION_149
B00S B2,jun/2024,2023-06-30,2024-06-28,2023-07-03,NEOE3,NEOE3,0.002485261603409972,0.0025237464047992513,CONT_2049_NEOE3_2023-07-03
B00S B2,jun/2024,2023-06-30,2024-06-28,2023-07-03,SAPR4,SAPR4,0.035806040692516895,0.03735171598350573,CONT_2787_SAPR4_2023-07-03
B00S B2,jun/2024,2023-06-30,2024-06-28,2023-07-04,BBDC4,BBDC4,0.0036626302250043112,0.0036668320211927685,BBDC4_2023-07-04_DISTRIBUTION_542
B00S B2,jun/2024,2023-06-30,2024-06-28,2023-07-21,SANB4,SANB4,0.005297705555816499,0.0053685460315066914,CONT_2278_SANB4_2023-07-21
B00S B2,jun/2024,2023-06-30,2024-06-28,2023-08-01,ITUB4,ITUB4,0.0026860895947495287,0.0026877409176804703,ITUB4_2023-08-01_DISTRIBUTION_148
B00S B2,jun/2024,2023-06-30,2024-06-28,2023-08-01,VIVT3,VIVT3,0.003206893518616442,0.0032253678393647724,CONT_2788_VIVT3_2023-08-01
B00S B2,jun/2024,2023-06-30,2024-06-28,2023-08-02,BBDC4,BBDC4,0.0036668320211927685,0.0036710058326647073,BBDC4_2023-08-02_DISTRIBUTION_543
B00S B2,jun/2024,2023-06-30,2024-06-28,2023-08-08,TAEE4,TAEE4,0.004155713848095726,0.004262162376572789,CONT_2403_TAEE4_2023-08-08;CONT_2404_TAEE4_2023-08-08
B00S B2,jun/2024,2023-06-30,2024-06-28,2023-08-17,BBSE3,BBSE3,0.00616246145183325,0.006496480317922682,CONT_2553_BBSE3_2023-08-17
B00S B2,jun/2024,2023-06-30,2024-06-28,2023-08-18,CPFE3,CPFE3,0.0018818504090984697,0.0019246915233715617,CONT_837_CPFE3_2023-08-18
B00S B2,jun/2024,2023-06-30,2024-06-28,2023-08-22,BBAS3,BBAS3,0.00213529819547329,0.0021650723244019364,CONT_171_BBAS3_2023-08-22;CONT_172_BBAS3_2023-08-22
B00S B2,jun/2024,2023-06-30,2024-06-28,2023-08-22,TBLE3,TBLE3,0.0010110946987272067,0.0010341422358818614,TBLE3_2023-08-22_DISTRIBUTION_341
B00S B2,jun/2024,2023-06-30,2024-06-28,2023-09-01,ITUB4,ITUB4,0.0026877409176804703,0.0026894566004000745,ITUB4_2023-09-01_DISTRIBUTION_147
B00S B2,jun/2024,2023-06-30,2024-06-28,2023-09-01,VIVT3,VIVT3,0.0032253678393647724,0.0032377469994668397,CONT_2789_VIVT3_2023-09-01
B00S B2,jun/2024,2023-06-30,2024-06-28,2023-09-04,BBDC4,BBDC4,0.0036710058326647073,0.0036756807745783114,BBDC4_2023-09-04_DISTRIBUTION_544
B00S B2,jun/2024,2023-06-30,2024-06-28,2023-09-11,XPBR31,XPBR31,5.731614121788471e-05,5.865471528303154e-05,XPBR31_2023-09-11_DISTRIBUTION_687
B00S B2,jun/2024,2023-06-30,2024-06-28,2023-09-12,BBAS3,BBAS3,0.0021650723244019364,0.00218036960008322,CONT_170_BBAS3_2023-09-12
B00S B2,jun/2024,2023-06-30,2024-06-28,2023-09-13,ENBR3,ABCB4,0,9.559748273370738e-05,EDP_REDEMPTION_20230913
B00S B2,jun/2024,2023-06-30,2024-06-28,2023-09-13,ENBR3,AESB3,0,6.728170214707733e-05,EDP_REDEMPTION_20230913
B00S B2,jun/2024,2023-06-30,2024-06-28,2023-09-13,ENBR3,BBAS3,0,4.938112693408175e-05,EDP_REDEMPTION_20230913
B00S B2,jun/2024,2023-06-30,2024-06-28,2023-09-13,ENBR3,BBDC4,0,8.32470141262691e-05,EDP_REDEMPTION_20230913
B00S B2,jun/2024,2023-06-30,2024-06-28,2023-09-13,ENBR3,BBSE3,0,0.0001471326325554435,EDP_REDEMPTION_20230913
B00S B2,jun/2024,2023-06-30,2024-06-28,2023-09-13,ENBR3,CMIG4,0,6.379715493721943e-05,EDP_REDEMPTION_20230913
B00S B2,jun/2024,2023-06-30,2024-06-28,2023-09-13,ENBR3,CPFE3,0,4.359051622299937e-05,EDP_REDEMPTION_20230913
B00S B2,jun/2024,2023-06-30,2024-06-28,2023-09-13,ENBR3,CPLE6,0,0.00017844631326386105,EDP_REDEMPTION_20230913
B00S B2,jun/2024,2023-06-30,2024-06-28,2023-09-13,ENBR3,CSMG3,0,0.00021582521446734048,EDP_REDEMPTION_20230913
B00S B2,jun/2024,2023-06-30,2024-06-28,2023-09-13,ENBR3,ENBR3,0.002283558184814087,0,EDP_REDEMPTION_20230913
B00S B2,jun/2024,2023-06-30,2024-06-28,2023-09-13,ENBR3,EQTL3,0,8.214180910246338e-05,EDP_REDEMPTION_20230913
B00S B2,jun/2024,2023-06-30,2024-06-28,2023-09-13,ENBR3,ITUB4,0,6.091095645572707e-05,EDP_REDEMPTION_20230913
B00S B2,jun/2024,2023-06-30,2024-06-28,2023-09-13,ENBR3,NEOE3,0,5.715794311206119e-05,EDP_REDEMPTION_20230913
B00S B2,jun/2024,2023-06-30,2024-06-28,2023-09-13,ENBR3,PSSA3,0,0.0003499149809226418,EDP_REDEMPTION_20230913
B00S B2,jun/2024,2023-06-30,2024-06-28,2023-09-13,ENBR3,SANB4,0,0.00012158711670864164,EDP_REDEMPTION_20230913
B00S B2,jun/2024,2023-06-30,2024-06-28,2023-09-13,ENBR3,SAPR4,0,0.0008459436547440705,EDP_REDEMPTION_20230913
B00S B2,jun/2024,2023-06-30,2024-06-28,2023-09-13,ENBR3,SBSP3,0,9.061485266163342e-05,EDP_REDEMPTION_20230913
B00S B2,jun/2024,2023-06-30,2024-06-28,2023-09-13,ENBR3,TAEE4,0,9.652968071246969e-05,EDP_REDEMPTION_20230913
B00S B2,jun/2024,2023-06-30,2024-06-28,2023-09-13,ENBR3,TBLE3,0,2.342130848642734e-05,EDP_REDEMPTION_20230913
B00S B2,jun/2024,2023-06-30,2024-06-28,2023-09-13,ENBR3,TIMS3,0,0.00017435283696095393,EDP_REDEMPTION_20230913
B00S B2,jun/2024,2023-06-30,2024-06-28,2023-09-13,ENBR3,TRPL4,0,9.819743540597291e-05,EDP_REDEMPTION_20230913
B00S B2,jun/2024,2023-06-30,2024-06-28,2023-09-13,ENBR3,VIVT3,0,7.332866664211971e-05,EDP_REDEMPTION_20230913
B00S B2,jun/2024,2023-06-30,2024-06-28,2023-09-13,ENBR3,XPBR31,0,1.3284151185025028e-06,EDP_REDEMPTION_20230913
B00S B2,jun/2024,2023-06-30,2024-06-28,2023-09-19,ENBR3,ITUB4,6.091095645572707e-05,6.151490787596003e-05,ITUB4_2023-09-19_DISTRIBUTION_146
B00S B2,jun/2024,2023-06-30,2024-06-28,2023-09-19,ITUB4,ITUB4,0.0026894566004000745,0.002716123414188283,ITUB4_2023-09-19_DISTRIBUTION_146
B00S B2,jun/2024,2023-06-30,2024-06-28,2023-09-22,CSMG3,CSMG3,0.00952952607145236,0.009713583024937167,CONT_2459_CSMG3_2023-09-22
B00S B2,jun/2024,2023-06-30,2024-06-28,2023-09-22,ENBR3,CSMG3,0.00021582521446734048,0.00021999374616159394,CONT_2459_CSMG3_2023-09-22;CONT_2790_TIMS3_2023-09-22
B00S B2,jun/2024,2023-06-30,2024-06-28,2023-09-22,ENBR3,TIMS3,0.00017435283696095393,0.00017638282626704574,CONT_2459_CSMG3_2023-09-22;CONT_2790_TIMS3_2023-09-22
B00S B2,jun/2024,2023-06-30,2024-06-28,2023-09-22,TIMS3,TIMS3,0.007698358644293241,0.007787990599785164,CONT_2790_TIMS3_2023-09-22
B00S B2,jun/2024,2023-06-30,2024-06-28,2023-09-25,ENBR3,VIVT3,7.332866664211971e-05,7.352987446978633e-05,CONT_2791_VIVT3_2023-09-25
B00S B2,jun/2024,2023-06-30,2024-06-28,2023-09-25,VIVT3,VIVT3,0.0032377469994668397,0.0032466311108264026,CONT_2791_VIVT3_2023-09-25
B00S B2,jun/2024,2023-06-30,2024-06-28,2023-09-26,CMIG4,CMIG4,0.0028168935347019732,0.002838329789296961,CMIG4_2023-09-26_DISTRIBUTION_389
B00S B2,jun/2024,2023-06-30,2024-06-28,2023-09-26,ENBR3,CMIG4,6.379715493721943e-05,6.428264437401306e-05,CMIG4_2023-09-26_DISTRIBUTION_389
B00S B2,jun/2024,2023-06-30,2024-06-28,2023-09-29,ENBR3,PSSA3,0.0003499149809226418,0.0003537973204498581,CONT_2792_PSSA3_2023-09-29
B00S B2,jun/2024,2023-06-30,2024-06-28,2023-09-29,PSSA3,PSSA3,0.015450112915322332,0.015621533366978765,CONT_2792_PSSA3_2023-09-29
B00S B2,jun/2024,2023-06-30,2024-06-28,2023-10-02,CPLE6,CPLE6,0.007879101609139587,0.0080388032566037,CONT_906_CPLE6_2023-10-02
B00S B2,jun/2024,2023-06-30,2024-06-28,2023-10-02,ENBR3,CPLE6,0.00017844631326386105,0.00018206324468902235,CONT_906_CPLE6_2023-10-02;ITUB4_2023-10-02_DISTRIBUTION_145
B00S B2,jun/2024,2023-06-30,2024-06-28,2023-10-02,ENBR3,ITUB4,6.151490787596003e-05,6.155520995925665e-05,CONT_906_CPLE6_2023-10-02;ITUB4_2023-10-02_DISTRIBUTION_145
B00S B2,jun/2024,2023-06-30,2024-06-28,2023-10-02,ITUB4,ITUB4,0.002716123414188283,0.002717902908555782,ITUB4_2023-10-02_DISTRIBUTION_145
B00S B2,jun/2024,2023-06-30,2024-06-28,2023-10-03,BBDC4,BBDC4,0.0036756807745783114,0.003680694817758944,BBDC4_2023-10-03_DISTRIBUTION_545
B00S B2,jun/2024,2023-06-30,2024-06-28,2023-10-03,ENBR3,BBDC4,8.32470141262691e-05,8.336057244351326e-05,BBDC4_2023-10-03_DISTRIBUTION_545
B00S B2,jun/2024,2023-06-30,2024-06-28,2023-10-20,ENBR3,SANB4,0.00012158711670864164,0.00012344331440473862,CONT_2276_SANB4_2023-10-20;CONT_2277_SANB4_2023-10-20
B00S B2,jun/2024,2023-06-30,2024-06-28,2023-10-20,SANB4,SANB4,0.0053685460315066914,0.00545050440871661,CONT_2276_SANB4_2023-10-20;CONT_2277_SANB4_2023-10-20
B00S B2,jun/2024,2023-06-30,2024-06-28,2023-10-24,ENBR3,VIVT3,7.352987446978633e-05,7.367522510062625e-05,CONT_2793_VIVT3_2023-10-24
B00S B2,jun/2024,2023-06-30,2024-06-28,2023-10-24,VIVT3,VIVT3,0.0032466311108264026,0.003253048908809412,CONT_2793_VIVT3_2023-10-24
B00S B2,jun/2024,2023-06-30,2024-06-28,2023-11-01,ENBR3,ITUB4,6.155520995925665e-05,6.159518234541489e-05,ITUB4_2023-11-01_DISTRIBUTION_144
B00S B2,jun/2024,2023-06-30,2024-06-28,2023-11-01,ITUB4,ITUB4,0.002717902908555782,0.0027196678455070704,ITUB4_2023-11-01_DISTRIBUTION_144
B00S B2,jun/2024,2023-06-30,2024-06-28,2023-11-03,BBDC4,BBDC4,0.003680694817758944,0.003685423354059165,BBDC4_2023-11-03_DISTRIBUTION_546
B00S B2,jun/2024,2023-06-30,2024-06-28,2023-11-03,ENBR3,BBDC4,8.336057244351326e-05,8.346766458571004e-05,BBDC4_2023-11-03_DISTRIBUTION_546
B00S B2,jun/2024,2023-06-30,2024-06-28,2023-11-14,ENBR3,TAEE4,9.652968071246969e-05,9.811785623999832e-05,CONT_2401_TAEE4_2023-11-14;CONT_2402_TAEE4_2023-11-14
B00S B2,jun/2024,2023-06-30,2024-06-28,2023-11-14,TAEE4,TAEE4,0.004262162376572789,0.004332286528345227,CONT_2401_TAEE4_2023-11-14;CONT_2402_TAEE4_2023-11-14
B00S B2,jun/2024,2023-06-30,2024-06-28,2023-11-22,BBAS3,BBAS3,0.00218036960008322,0.002214166856768752,CONT_168_BBAS3_2023-11-22;CONT_169_BBAS3_2023-11-22
B00S B2,jun/2024,2023-06-30,2024-06-28,2023-11-22,ENBR3,BBAS3,4.938112693408175e-05,5.0146569005163784e-05,CONT_168_BBAS3_2023-11-22;CONT_169_BBAS3_2023-11-22
B00S B2,jun/2024,2023-06-30,2024-06-28,2023-12-01,ENBR3,ITUB4,6.159518234541489e-05,6.162969520155446e-05,ITUB4_2023-12-01_DISTRIBUTION_143
B00S B2,jun/2024,2023-06-30,2024-06-28,2023-12-01,ITUB4,ITUB4,0.0027196678455070704,0.002721191722887172,ITUB4_2023-12-01_DISTRIBUTION_143
B00S B2,jun/2024,2023-06-30,2024-06-28,2023-12-04,BBDC4,BBDC4,0.003685423354059165,0.003689745369153566,BBDC4_2023-12-04_DISTRIBUTION_547
B00S B2,jun/2024,2023-06-30,2024-06-28,2023-12-04,ENBR3,BBDC4,8.346766458571004e-05,8.356554981396652e-05,BBDC4_2023-12-04_DISTRIBUTION_547
B00S B2,jun/2024,2023-06-30,2024-06-28,2023-12-07,ENBR3,ITUB4,6.162969520155446e-05,6.211158406435118e-05,ITUB4_2023-12-07_DISTRIBUTION_142
B00S B2,jun/2024,2023-06-30,2024-06-28,2023-12-07,ITUB4,ITUB4,0.002721191722887172,0.0027424689980790323,ITUB4_2023-12-07_DISTRIBUTION_142
B00S B2,jun/2024,2023-06-30,2024-06-28,2023-12-12,BBAS3,BBAS3,0.002214166856768752,0.0022286034975542903,CONT_167_BBAS3_2023-12-12
B00S B2,jun/2024,2023-06-30,2024-06-28,2023-12-12,ENBR3,BBAS3,5.0146569005163784e-05,5.0473530815264786e-05,CONT_167_BBAS3_2023-12-12;XPBR31_2023-12-12_DISTRIBUTION_688
B00S B2,jun/2024,2023-06-30,2024-06-28,2023-12-12,ENBR3,XPBR31,1.3284151185025028e-06,1.3711238655865438e-06,CONT_167_BBAS3_2023-12-12;XPBR31_2023-12-12_DISTRIBUTION_688
B00S B2,jun/2024,2023-06-30,2024-06-28,2023-12-12,XPBR31,XPBR31,5.865471528303154e-05,6.054047325538385e-05,XPBR31_2023-12-12_DISTRIBUTION_688
B00S B2,jun/2024,2023-06-30,2024-06-28,2023-12-14,CSMG3,CSMG3,0.009713583024937167,0.01019258408736675,CONT_2460_CSMG3_2023-12-14
B00S B2,jun/2024,2023-06-30,2024-06-28,2023-12-14,ENBR3,CSMG3,0.00021999374616159394,0.00023084218775814368,CONT_2460_CSMG3_2023-12-14;CONT_1373_TRPL4_2023-12-14
B00S B2,jun/2024,2023-06-30,2024-06-28,2023-12-14,ENBR3,TRPL4,9.819743540597291e-05,0.00010630305096134725,CONT_2460_CSMG3_2023-12-14;CONT_1373_TRPL4_2023-12-14
B00S B2,jun/2024,2023-06-30,2024-06-28,2023-12-14,TRPL4,TRPL4,0.004335800259300022,0.004693694840573788,CONT_1373_TRPL4_2023-12-14
B00S B2,jun/2024,2023-06-30,2024-06-28,2023-12-22,BBDC4,BBDC4,0.003689745369153566,0.003840786503117082,BBDC4_2023-12-22_DISTRIBUTION_548;BBDC4_2023-12-22_DISTRIBUTION_549
B00S B2,jun/2024,2023-06-30,2024-06-28,2023-12-22,CMIG4,CMIG4,0.002838329789296961,0.002915800053963997,CMIG4_2023-12-22_DISTRIBUTION_388
B00S B2,jun/2024,2023-06-30,2024-06-28,2023-12-22,CSMG3,CSMG3,0.01019258408736675,0.010312468249388921,CONT_2461_CSMG3_2023-12-22
B00S B2,jun/2024,2023-06-30,2024-06-28,2023-12-22,ENBR3,BBDC4,8.356554981396652e-05,8.698633746769062e-05,BBDC4_2023-12-22_DISTRIBUTION_548;BBDC4_2023-12-22_DISTRIBUTION_549;CMIG4_2023-12-22_DISTRIBUTION_388;CONT_2461_CSMG3_2023-12-22;TBLE3_2023-12-22_DISTRIBUTION_340;CONT_2794_TIMS3_2023-12-22
B00S B2,jun/2024,2023-06-30,2024-06-28,2023-12-22,ENBR3,CMIG4,6.428264437401306e-05,6.6037195057986e-05,BBDC4_2023-12-22_DISTRIBUTION_548;BBDC4_2023-12-22_DISTRIBUTION_549;CMIG4_2023-12-22_DISTRIBUTION_388;CONT_2461_CSMG3_2023-12-22;TBLE3_2023-12-22_DISTRIBUTION_340;CONT_2794_TIMS3_2023-12-22
B00S B2,jun/2024,2023-06-30,2024-06-28,2023-12-22,ENBR3,CSMG3,0.00023084218775814368,0.0002335573306504207,BBDC4_2023-12-22_DISTRIBUTION_548;BBDC4_2023-12-22_DISTRIBUTION_549;CMIG4_2023-12-22_DISTRIBUTION_388;CONT_2461_CSMG3_2023-12-22;TBLE3_2023-12-22_DISTRIBUTION_340;CONT_2794_TIMS3_2023-12-22
B00S B2,jun/2024,2023-06-30,2024-06-28,2023-12-22,ENBR3,TBLE3,2.342130848642734e-05,2.351469514231118e-05,BBDC4_2023-12-22_DISTRIBUTION_548;BBDC4_2023-12-22_DISTRIBUTION_549;CMIG4_2023-12-22_DISTRIBUTION_388;CONT_2461_CSMG3_2023-12-22;TBLE3_2023-12-22_DISTRIBUTION_340;CONT_2794_TIMS3_2023-12-22
B00S B2,jun/2024,2023-06-30,2024-06-28,2023-12-22,ENBR3,TIMS3,0.00017638282626704574,0.00017905069464926483,BBDC4_2023-12-22_DISTRIBUTION_548;BBDC4_2023-12-22_DISTRIBUTION_549;CMIG4_2023-12-22_DISTRIBUTION_388;CONT_2461_CSMG3_2023-12-22;TBLE3_2023-12-22_DISTRIBUTION_340;CONT_2794_TIMS3_2023-12-22
B00S B2,jun/2024,2023-06-30,2024-06-28,2023-12-22,TBLE3,TBLE3,0.0010341422358818614,0.0010382656214379335,TBLE3_2023-12-22_DISTRIBUTION_340
B00S B2,jun/2024,2023-06-30,2024-06-28,2023-12-22,TIMS3,TIMS3,0.007787990599785164,0.007905787407569212,CONT_2794_TIMS3_2023-12-22
B00S B2,jun/2024,2023-06-30,2024-06-28,2023-12-27,ENBR3,VIVT3,7.367522510062625e-05,7.438037133383257e-05,CONT_2795_VIVT3_2023-12-27
B00S B2,jun/2024,2023-06-30,2024-06-28,2023-12-27,VIVT3,VIVT3,0.003253048908809412,0.003284183868782047,CONT_2795_VIVT3_2023-12-27
B00S B2,jun/2024,2023-06-30,2024-06-28,2023-12-28,ENBR3,PSSA3,0.0003537973204498581,0.00036032448333301367,CONT_2796_PSSA3_2023-12-28
B00S B2,jun/2024,2023-06-30,2024-06-28,2023-12-28,PSSA3,PSSA3,0.015621533366978765,0.015909733098512263,CONT_2796_PSSA3_2023-12-28
B00S B2,jun/2024,2023-06-30,2024-06-28,2024-01-02,ABCB4,ABCB4,0.00422100219533866,0.004357705107346787,CONT_5_ABCB4_2024-01-02
B00S B2,jun/2024,2023-06-30,2024-06-28,2024-01-02,ENBR3,ABCB4,9.559748273370738e-05,9.869353757224221e-05,CONT_5_ABCB4_2024-01-02;ITUB4_2024-01-02_DISTRIBUTION_141;CONT_2797_SAPR4_2024-01-02
B00S B2,jun/2024,2023-06-30,2024-06-28,2024-01-02,ENBR3,ITUB4,6.211158406435118e-05,6.214428900047098e-05,CONT_5_ABCB4_2024-01-02;ITUB4_2024-01-02_DISTRIBUTION_141;CONT_2797_SAPR4_2024-01-02
B00S B2,jun/2024,2023-06-30,2024-06-28,2024-01-02,ENBR3,SAPR4,0.0008459436547440705,0.0008644975361786244,CONT_5_ABCB4_2024-01-02;ITUB4_2024-01-02_DISTRIBUTION_141;CONT_2797_SAPR4_2024-01-02
B00S B2,jun/2024,2023-06-30,2024-06-28,2024-01-02,ITUB4,ITUB4,0.0027424689980790323,0.0027439130487298706,ITUB4_2024-01-02_DISTRIBUTION_141
B00S B2,jun/2024,2023-06-30,2024-06-28,2024-01-02,SAPR4,SAPR4,0.03735171598350573,0.038170942306498555,CONT_2797_SAPR4_2024-01-02
B00S B2,jun/2024,2023-06-30,2024-06-28,2024-01-03,BBDC4,BBDC4,0.003840786503117082,0.003845137439851794,BBDC4_2024-01-03_DISTRIBUTION_520
B00S B2,jun/2024,2023-06-30,2024-06-28,2024-01-03,ENBR3,BBDC4,8.698633746769062e-05,8.708487771479861e-05,BBDC4_2024-01-03_DISTRIBUTION_520
B00S B2,jun/2024,2023-06-30,2024-06-28,2024-01-04,ENBR3,TAEE4,9.811785623999832e-05,9.98523201775867e-05,CONT_2400_TAEE4_2024-01-04
B00S B2,jun/2024,2023-06-30,2024-06-28,2024-01-04,TAEE4,TAEE4,0.004332286528345227,0.004408869884715498,CONT_2400_TAEE4_2024-01-04
B00S B2,jun/2024,2023-06-30,2024-06-28,2024-01-05,ENBR3,NEOE3,5.715794311206119e-05,5.831469286864524e-05,CONT_2048_NEOE3_2024-01-05
B00S B2,jun/2024,2023-06-30,2024-06-28,2024-01-05,NEOE3,NEOE3,0.0025237464047992513,0.002574821423956394,CONT_2048_NEOE3_2024-01-05
B00S B2,jun/2024,2023-06-30,2024-06-28,2024-01-22,ENBR3,SANB4,0.00012344331440473862,0.0001250816137899277,CONT_2275_SANB4_2024-01-22
B00S B2,jun/2024,2023-06-30,2024-06-28,2024-01-22,SANB4,SANB4,0.00545050440871661,0.005522841724551253,CONT_2275_SANB4_2024-01-22
B00S B2,jun/2024,2023-06-30,2024-06-28,2024-02-01,ENBR3,ITUB4,6.214428900047098e-05,6.21778419738836e-05,ITUB4_2024-02-01_DISTRIBUTION_140
B00S B2,jun/2024,2023-06-30,2024-06-28,2024-02-01,ITUB4,ITUB4,0.0027439130487298706,0.002745394543538989,ITUB4_2024-02-01_DISTRIBUTION_140
B00S B2,jun/2024,2023-06-30,2024-06-28,2024-02-02,BBDC4,BBDC4,0.003845137439851794,0.003849899890798265,BBDC4_2024-02-02_DISTRIBUTION_521
B00S B2,jun/2024,2023-06-30,2024-06-28,2024-02-02,ENBR3,BBDC4,8.708487771479861e-05,8.719273795771158e-05,BBDC4_2024-02-02_DISTRIBUTION_521
B00S B2,jun/2024,2023-06-30,2024-06-28,2024-02-09,BBSE3,BBSE3,0.006496480317922682,0.006742525457884429,CONT_2552_BBSE3_2024-02-09
B00S B2,jun/2024,2023-06-30,2024-06-28,2024-02-09,ENBR3,BBSE3,0.0001471326325554435,0.00015270507600150017,CONT_2552_BBSE3_2024-02-09
B00S B2,jun/2024,2023-06-30,2024-06-28,2024-02-22,BBAS3,BBAS3,0.0022286034975542903,0.0022525595325170187,CONT_165_BBAS3_2024-02-22;CONT_166_BBAS3_2024-02-22
B00S B2,jun/2024,2023-06-30,2024-06-28,2024-02-22,ENBR3,BBAS3,5.0473530815264786e-05,5.101608837215176e-05,CONT_165_BBAS3_2024-02-22;CONT_166_BBAS3_2024-02-22;ITUB4_2024-02-22_DISTRIBUTION_139
B00S B2,jun/2024,2023-06-30,2024-06-28,2024-02-22,ENBR3,ITUB4,6.21778419738836e-05,6.422578824000964e-05,CONT_165_BBAS3_2024-02-22;CONT_166_BBAS3_2024-02-22;ITUB4_2024-02-22_DISTRIBUTION_139
B00S B2,jun/2024,2023-06-30,2024-06-28,2024-02-22,ITUB4,ITUB4,0.002745394543538989,0.00283581936894295,ITUB4_2024-02-22_DISTRIBUTION_139
B00S B2,jun/2024,2023-06-30,2024-06-28,2024-03-01,ENBR3,ITUB4,6.422578824000964e-05,6.4259060478414e-05,ITUB4_2024-03-01_DISTRIBUTION_138
B00S B2,jun/2024,2023-06-30,2024-06-28,2024-03-01,ITUB4,ITUB4,0.00283581936894295,0.0028372884682051113,ITUB4_2024-03-01_DISTRIBUTION_138
B00S B2,jun/2024,2023-06-30,2024-06-28,2024-03-04,BBDC4,BBDC4,0.003849899890798265,0.0038552516208420025,BBDC4_2024-03-04_DISTRIBUTION_522
B00S B2,jun/2024,2023-06-30,2024-06-28,2024-03-04,ENBR3,BBDC4,8.719273795771158e-05,8.73139442250328e-05,BBDC4_2024-03-04_DISTRIBUTION_522
B00S B2,jun/2024,2023-06-30,2024-06-28,2024-03-12,BBAS3,BBAS3,0.0022525595325170187,0.002268594812920115,CONT_164_BBAS3_2024-03-12
B00S B2,jun/2024,2023-06-30,2024-06-28,2024-03-12,ENBR3,BBAS3,5.101608837215176e-05,5.1379256257531685e-05,CONT_164_BBAS3_2024-03-12
B00S B2,jun/2024,2023-06-30,2024-06-28,2024-03-22,ENBR3,ITUB4,6.4259060478414e-05,6.471985053842825e-05,ITUB4_2024-03-22_DISTRIBUTION_137
B00S B2,jun/2024,2023-06-30,2024-06-28,2024-03-22,ITUB4,ITUB4,0.0028372884682051113,0.0028576341488578986,ITUB4_2024-03-22_DISTRIBUTION_137
B00S B2,jun/2024,2023-06-30,2024-06-28,2024-03-25,ENBR3,TIMS3,0.00017905069464926483,0.00017987636738393687,CONT_2798_TIMS3_2024-03-25
B00S B2,jun/2024,2023-06-30,2024-06-28,2024-03-25,TIMS3,TIMS3,0.007905787407569212,0.007942244083268404,CONT_2798_TIMS3_2024-03-25
B00S B2,jun/2024,2023-06-30,2024-06-28,2024-03-26,CSMG3,CSMG3,0.010312468249388921,0.010736395411559683,CONT_2462_CSMG3_2024-03-26;CONT_2463_CSMG3_2024-03-26;CONT_2464_CSMG3_2024-03-26
B00S B2,jun/2024,2023-06-30,2024-06-28,2024-03-26,ENBR3,CSMG3,0.0002335573306504207,0.00024315845561802274,CONT_2462_CSMG3_2024-03-26;CONT_2463_CSMG3_2024-03-26;CONT_2464_CSMG3_2024-03-26
B00S B2,jun/2024,2023-06-30,2024-06-28,2024-03-27,CMIG4,CMIG4,0.002915800053963997,0.00293611414007099,CMIG4_2024-03-27_DISTRIBUTION_387
B00S B2,jun/2024,2023-06-30,2024-06-28,2024-03-27,ENBR3,CMIG4,6.6037195057986e-05,6.649726956304285e-05,CMIG4_2024-03-27_DISTRIBUTION_387
B00S B2,jun/2024,2023-06-30,2024-06-28,2024-04-01,ENBR3,ITUB4,6.471985053842825e-05,6.475401038777045e-05,ITUB4_2024-04-01_DISTRIBUTION_136;CONT_2799_PSSA3_2024-04-01;CONT_2800_PSSA3_2024-04-01;CONT_2801_VIVT3_2024-04-01
B00S B2,jun/2024,2023-06-30,2024-06-28,2024-04-01,ENBR3,PSSA3,0.00036032448333301367,0.00036491265438142666,ITUB4_2024-04-01_DISTRIBUTION_136;CONT_2799_PSSA3_2024-04-01;CONT_2800_PSSA3_2024-04-01;CONT_2801_VIVT3_2024-04-01
B00S B2,jun/2024,2023-06-30,2024-06-28,2024-04-01,ENBR3,VIVT3,7.438037133383257e-05,7.46461174078765e-05,ITUB4_2024-04-01_DISTRIBUTION_136;CONT_2799_PSSA3_2024-04-01;CONT_2800_PSSA3_2024-04-01;CONT_2801_VIVT3_2024-04-01
B00S B2,jun/2024,2023-06-30,2024-06-28,2024-04-01,ITUB4,ITUB4,0.0028576341488578986,0.0028591424396093145,ITUB4_2024-04-01_DISTRIBUTION_136
B00S B2,jun/2024,2023-06-30,2024-06-28,2024-04-01,PSSA3,PSSA3,0.015909733098512263,0.01611231876828233,CONT_2799_PSSA3_2024-04-01;CONT_2800_PSSA3_2024-04-01
B00S B2,jun/2024,2023-06-30,2024-06-28,2024-04-01,VIVT3,VIVT3,0.003284183868782047,0.0032959175957575438,CONT_2801_VIVT3_2024-04-01
B00S B2,jun/2024,2023-06-30,2024-06-28,2024-04-02,BBDC4,BBDC4,0.0038552516208420025,0.0038604068472798047,BBDC4_2024-04-02_DISTRIBUTION_523
B00S B2,jun/2024,2023-06-30,2024-06-28,2024-04-02,ENBR3,BBDC4,8.73139442250328e-05,8.743070006821157e-05,BBDC4_2024-04-02_DISTRIBUTION_523
B00S B2,jun/2024,2023-06-30,2024-06-28,2024-04-10,ENBR3,TIMS3,0.00017987636738393687,0.00018534916514293895,CONT_2802_TIMS3_2024-04-10;CONT_2803_TIMS3_2024-04-10;CONT_2804_TIMS3_2024-04-10
B00S B2,jun/2024,2023-06-30,2024-06-28,2024-04-10,TIMS3,TIMS3,0.007942244083268404,0.00818388947700477,CONT_2802_TIMS3_2024-04-10;CONT_2803_TIMS3_2024-04-10;CONT_2804_TIMS3_2024-04-10
B00S B2,jun/2024,2023-06-30,2024-06-28,2024-04-11,ENBR3,VIVT3,7.46461174078765e-05,7.601821136696906e-05,CONT_2805_VIVT3_2024-04-11
B00S B2,jun/2024,2023-06-30,2024-06-28,2024-04-11,VIVT3,VIVT3,0.0032959175957575438,0.0033565009024296814,CONT_2805_VIVT3_2024-04-11
B00S B2,jun/2024,2023-06-30,2024-06-28,2024-04-16,BBAS3,BBAS3,0.002268594812920115,0.00453718962584023,CONT_146_BBAS3_2024-04-16
B00S B2,jun/2024,2023-06-30,2024-06-28,2024-04-16,ENBR3,BBAS3,5.1379256257531685e-05,0.00010275851251506337,CONT_146_BBAS3_2024-04-16
B00S B2,jun/2024,2023-06-30,2024-06-28,2024-04-22,ENBR3,NEOE3,5.831469286864524e-05,5.906335330668309e-05,CONT_2047_NEOE3_2024-04-22;CONT_2274_SANB4_2024-04-22
B00S B2,jun/2024,2023-06-30,2024-06-28,2024-04-22,ENBR3,SANB4,0.0001250816137899277,0.00012694221805430357,CONT_2047_NEOE3_2024-04-22;CONT_2274_SANB4_2024-04-22
B00S B2,jun/2024,2023-06-30,2024-06-28,2024-04-22,NEOE3,NEOE3,0.002574821423956394,0.002607877706006452,CONT_2047_NEOE3_2024-04-22
B00S B2,jun/2024,2023-06-30,2024-06-28,2024-04-22,SANB4,SANB4,0.005522841724551253,0.005604994668959463,CONT_2274_SANB4_2024-04-22
B00S B2,jun/2024,2023-06-30,2024-06-28,2024-04-23,AESB3,AESB3,0.0029707499020661873,0.002994842622364606,CONT_27_AESB3_2024-04-23
B00S B2,jun/2024,2023-06-30,2024-06-28,2024-04-23,CPLE6,CPLE6,0.0080388032566037,0.008078644202021344,CONT_905_CPLE6_2024-04-23
B00S B2,jun/2024,2023-06-30,2024-06-28,2024-04-23,ENBR3,AESB3,6.728170214707733e-05,6.782735536073346e-05,CONT_27_AESB3_2024-04-23;CONT_905_CPLE6_2024-04-23
B00S B2,jun/2024,2023-06-30,2024-06-28,2024-04-23,ENBR3,CPLE6,0.00018206324468902235,0.0001829655645446869,CONT_27_AESB3_2024-04-23;CONT_905_CPLE6_2024-04-23
B00S B2,jun/2024,2023-06-30,2024-06-28,2024-04-26,ENBR3,SBSP3,9.061485266163342e-05,9.220077773786449e-05,CONT_2439_SBSP3_2024-04-26
B00S B2,jun/2024,2023-06-30,2024-06-28,2024-04-26,SBSP3,SBSP3,0.004000999619210482,0.004071024404769544,CONT_2439_SBSP3_2024-04-26
B00S B2,jun/2024,2023-06-30,2024-06-28,2024-04-29,CPFE3,CPFE3,0.0019246915233715617,0.0020884405320179896,CONT_836_CPFE3_2024-04-29
B00S B2,jun/2024,2023-06-30,2024-06-28,2024-04-29,CSMG3,CSMG3,0.010736395411559683,0.011145566880509418,CONT_2465_CSMG3_2024-04-29
B00S B2,jun/2024,2023-06-30,2024-06-28,2024-04-29,ENBR3,CPFE3,4.359051622299937e-05,4.729911249997492e-05,CONT_836_CPFE3_2024-04-29;CONT_2465_CSMG3_2024-04-29
B00S B2,jun/2024,2023-06-30,2024-06-28,2024-04-29,ENBR3,CSMG3,0.00024315845561802274,0.00025242539285895676,CONT_836_CPFE3_2024-04-29;CONT_2465_CSMG3_2024-04-29
B00S B2,jun/2024,2023-06-30,2024-06-28,2024-04-30,CMIG4,CMIG4,0.00293611414007099,0.0038533520813527527,CMIG4_2024-04-30_DISTRIBUTION_386;CMIG4_2024-04-30_SHARES_680
B00S B2,jun/2024,2023-06-30,2024-06-28,2024-04-30,ENBR3,CMIG4,6.649726956304285e-05,8.727092335341938e-05,CMIG4_2024-04-30_DISTRIBUTION_386;CMIG4_2024-04-30_SHARES_680;CONT_2806_VIVT3_2024-04-30
B00S B2,jun/2024,2023-06-30,2024-06-28,2024-04-30,ENBR3,VIVT3,7.601821136696906e-05,7.638769486104031e-05,CMIG4_2024-04-30_DISTRIBUTION_386;CMIG4_2024-04-30_SHARES_680;CONT_2806_VIVT3_2024-04-30
B00S B2,jun/2024,2023-06-30,2024-06-28,2024-04-30,VIVT3,VIVT3,0.0033565009024296814,0.003372815041620569,CONT_2806_VIVT3_2024-04-30
B00S B2,jun/2024,2023-06-30,2024-06-28,2024-05-02,ENBR3,EQTL3,8.214180910246338e-05,8.33657586913242e-05,CONT_1116_EQTL3_2024-05-02;ITUB4_2024-05-02_DISTRIBUTION_135
B00S B2,jun/2024,2023-06-30,2024-06-28,2024-05-02,ENBR3,ITUB4,6.475401038777045e-05,6.478995089982529e-05,CONT_1116_EQTL3_2024-05-02;ITUB4_2024-05-02_DISTRIBUTION_135
B00S B2,jun/2024,2023-06-30,2024-06-28,2024-05-02,EQTL3,EQTL3,0.00362688165666871,0.003680923810853422,CONT_1116_EQTL3_2024-05-02
B00S B2,jun/2024,2023-06-30,2024-06-28,2024-05-02,ITUB4,ITUB4,0.0028591424396093145,0.0028607293535734372,ITUB4_2024-05-02_DISTRIBUTION_135
B00S B2,jun/2024,2023-06-30,2024-06-28,2024-05-03,BBDC4,BBDC4,0.0038604068472798047,0.0038657225571919547,BBDC4_2024-05-03_DISTRIBUTION_524
B00S B2,jun/2024,2023-06-30,2024-06-28,2024-05-03,ENBR3,BBDC4,8.743070006821157e-05,8.755109054967242e-05,BBDC4_2024-05-03_DISTRIBUTION_524
B00S B2,jun/2024,2023-06-30,2024-06-28,2024-05-06,ENBR3,TAEE4,9.98523201775867e-05,0.00010302102796904104,CONT_2399_TAEE4_2024-05-06
B00S B2,jun/2024,2023-06-30,2024-06-28,2024-05-06,TAEE4,TAEE4,0.004408869884715498,0.004548780708323403,CONT_2399_TAEE4_2024-05-06
B00S B2,jun/2024,2023-06-30,2024-06-28,2024-05-07,ENBR3,TBLE3,2.351469514231118e-05,2.4201486095967647e-05,TBLE3_2024-05-07_DISTRIBUTION_339
B00S B2,jun/2024,2023-06-30,2024-06-28,2024-05-07,TBLE3,TBLE3,0.0010382656214379335,0.0010685901241363764,TBLE3_2024-05-07_DISTRIBUTION_339
B00S B2,jun/2024,2023-06-30,2024-06-28,2024-05-14,ENBR3,TAEE4,0.00010302102796904104,0.00010425654914011085,CONT_2398_TAEE4_2024-05-14
B00S B2,jun/2024,2023-06-30,2024-06-28,2024-05-14,TAEE4,TAEE4,0.004548780708323403,0.004603333793052633,CONT_2398_TAEE4_2024-05-14
B00S B2,jun/2024,2023-06-30,2024-06-28,2024-06-03,ENBR3,ITUB4,6.478995089982529e-05,6.482631155589467e-05,ITUB4_2024-06-03_DISTRIBUTION_134
B00S B2,jun/2024,2023-06-30,2024-06-28,2024-06-03,ITUB4,ITUB4,0.0028607293535734372,0.0028623348185365717,ITUB4_2024-06-03_DISTRIBUTION_134
B00S B2,jun/2024,2023-06-30,2024-06-28,2024-06-04,BBDC4,BBDC4,0.0038657225571919547,0.0038714308332362902,BBDC4_2024-06-04_DISTRIBUTION_525
B00S B2,jun/2024,2023-06-30,2024-06-28,2024-06-04,ENBR3,BBDC4,8.755109054967242e-05,8.768037188982197e-05,BBDC4_2024-06-04_DISTRIBUTION_525
B00S B2,jun/2024,2023-06-30,2024-06-28,2024-06-12,BBAS3,BBAS3,0.00453718962584023,0.0046154787383361024,CONT_162_BBAS3_2024-06-12;CONT_163_BBAS3_2024-06-12
B00S B2,jun/2024,2023-06-30,2024-06-28,2024-06-12,ENBR3,BBAS3,0.00010275851251506337,0.00010453160850831503,CONT_162_BBAS3_2024-06-12;CONT_163_BBAS3_2024-06-12
B00S B2,jun/2024,2023-06-30,2024-06-28,2024-06-14,BBAS3,BBAS3,0.0046154787383361024,0.004651118338662625,CONT_161_BBAS3_2024-06-14
B00S B2,jun/2024,2023-06-30,2024-06-28,2024-06-14,ENBR3,BBAS3,0.00010453160850831503,0.00010533877607639008,CONT_161_BBAS3_2024-06-14
B00S B2,jun/2024,2023-06-30,2024-06-28,2024-06-18,BBDC4,BBDC4,0.0038714308332362902,0.003994971219784604,BBDC4_2024-06-18_DISTRIBUTION_526
B00S B2,jun/2024,2023-06-30,2024-06-28,2024-06-18,ENBR3,BBDC4,8.768037188982197e-05,9.04783211500735e-05,BBDC4_2024-06-18_DISTRIBUTION_526
B00S B2,jun/2024,2023-06-30,2024-06-28,2024-06-21,ENBR3,ITUB4,6.482631155589467e-05,6.533670691977577e-05,ITUB4_2024-06-21_DISTRIBUTION_133
B00S B2,jun/2024,2023-06-30,2024-06-28,2024-06-21,ITUB4,ITUB4,0.0028623348185365717,0.0028848707670764925,ITUB4_2024-06-21_DISTRIBUTION_133
B00S B2,jun/2024,2023-06-30,2024-06-28,2024-06-24,CMIG4,CMIG4,0.0038533520813527527,0.003880862540650976,CMIG4_2024-06-24_DISTRIBUTION_385
B00S B2,jun/2024,2023-06-30,2024-06-28,2024-06-24,ENBR3,CMIG4,8.727092335341938e-05,8.789398170213631e-05,CMIG4_2024-06-24_DISTRIBUTION_385;CONT_2807_TIMS3_2024-06-24
B00S B2,jun/2024,2023-06-30,2024-06-28,2024-06-24,ENBR3,TIMS3,0.00018534916514293895,0.00018680461642390527,CMIG4_2024-06-24_DISTRIBUTION_385;CONT_2807_TIMS3_2024-06-24
B00S B2,jun/2024,2023-06-30,2024-06-28,2024-06-24,TIMS3,TIMS3,0.00818388947700477,0.008248153334969319,CONT_2807_TIMS3_2024-06-24
B00S B2,jun/2024,2023-06-30,2024-06-28,2024-06-26,CSMG3,CSMG3,0.011145566880509418,0.011352307753933802,CONT_2466_CSMG3_2024-06-26;CONT_2467_CSMG3_2024-06-26
B00S B2,jun/2024,2023-06-30,2024-06-28,2024-06-26,ENBR3,CSMG3,0.00025242539285895676,0.0002571076711812388,CONT_2466_CSMG3_2024-06-26;CONT_2467_CSMG3_2024-06-26
B00S B2,jun/2024,2023-06-30,2024-06-28,2024-06-27,ENBR3,VIVT3,7.638769486104031e-05,7.656467191480311e-05,CONT_2808_VIVT3_2024-06-27
B00S B2,jun/2024,2023-06-30,2024-06-28,2024-06-27,VIVT3,VIVT3,0.003372815041620569,0.003380629269684902,CONT_2808_VIVT3_2024-06-27
B00S B2,jun/2025,2024-06-28,2025-06-30,2024-07-01,ABCB4,ABCB4,0.004456398644919029,0.004622036532166835,CONT_4_ABCB4_2024-07-01
B00S B2,jun/2025,2024-06-28,2025-06-30,2024-07-01,ITUB4,ITUB4,0.0029502074739962683,0.0029518225844775347,ITUB4_2024-07-01_DISTRIBUTION_132
B00S B2,jun/2025,2024-06-28,2025-06-30,2024-07-01,PSSA3,PSSA3,0.01647723142266375,0.01664926971002846,CONT_2809_PSSA3_2024-07-01
B00S B2,jun/2025,2024-06-28,2025-06-30,2024-07-01,SAPR4,SAPR4,0.03903543984267717,0.040150843287143426,CONT_2810_SAPR4_2024-07-01
B00S B2,jun/2025,2024-06-28,2025-06-30,2024-07-02,BBDC4,BBDC4,0.004085449540934676,0.004091788103871583,BBDC4_2024-07-02_DISTRIBUTION_527
B00S B2,jun/2025,2024-06-28,2025-06-30,2024-07-02,NEOE3,NEOE3,0.0026669410593131346,0.0026909798630536377,CONT_2046_NEOE3_2024-07-02
B00S B2,jun/2025,2024-06-28,2025-06-30,2024-07-22,SANB4,SANB4,0.005731936887013766,0.005812448711540655,CONT_2273_SANB4_2024-07-22
B00S B2,jun/2025,2024-06-28,2025-06-30,2024-07-23,BMGB4,BMGB4,0.05459772453631144,0.05588961435632557,CONT_610_BMGB4_2024-07-23
B00S B2,jun/2025,2024-06-28,2025-06-30,2024-07-29,VIVT3,VIVT3,0.003457193941599705,0.00348554107989952,CONT_2811_VIVT3_2024-07-29
B00S B2,jun/2025,2024-06-28,2025-06-30,2024-08-01,ITUB4,ITUB4,0.0029518225844775347,0.0029533838571360912,ITUB4_2024-08-01_DISTRIBUTION_131
B00S B2,jun/2025,2024-06-28,2025-06-30,2024-08-02,BBDC4,BBDC4,0.004091788103871583,0.004097925724246242,BBDC4_2024-08-02_DISTRIBUTION_528
B00S B2,jun/2025,2024-06-28,2025-06-30,2024-08-16,TAEE4,TAEE4,0.004707590342192743,0.004795645251098868,CONT_2396_TAEE4_2024-08-16;CONT_2397_TAEE4_2024-08-16
B00S B2,jun/2025,2024-06-28,2025-06-30,2024-08-19,BBSE3,BBSE3,0.006895230533885929,0.007161267570004365,CONT_2551_BBSE3_2024-08-19
B00S B2,jun/2025,2024-06-28,2025-06-30,2024-08-22,BBAS3,BBAS3,0.004756457114739014,0.004810812013545753,CONT_159_BBAS3_2024-08-22;CONT_160_BBAS3_2024-08-22
B00S B2,jun/2025,2024-06-28,2025-06-30,2024-08-22,TBLE3,TBLE3,0.0010927916102323441,0.001119945058906962,TBLE3_2024-08-22_DISTRIBUTION_338
B00S B2,jun/2025,2024-06-28,2025-06-30,2024-08-26,CMIG4,CMIG4,0.0039687565223531125,0.00414005487483892,CMIG4_2024-08-26_DISTRIBUTION_384
B00S B2,jun/2025,2024-06-28,2025-06-30,2024-08-27,VIVT3,VIVT3,0.00348554107989952,0.00350192625034759,CONT_2812_VIVT3_2024-08-27
B00S B2,jun/2025,2024-06-28,2025-06-30,2024-09-02,ITUB4,ITUB4,0.0029533838571360912,0.0029548163172921356,ITUB4_2024-09-02_DISTRIBUTION_130
B00S B2,jun/2025,2024-06-28,2025-06-30,2024-09-03,BBDC4,BBDC4,0.004097925724246242,0.004102862699351877,BBDC4_2024-09-03_DISTRIBUTION_529
B00S B2,jun/2025,2024-06-28,2025-06-30,2024-09-12,BBAS3,BBAS3,0.004810812013545753,0.00484261176688419,CONT_158_BBAS3_2024-09-12
B00S B2,jun/2025,2024-06-28,2025-06-30,2024-09-18,CSMG3,CSMG3,0.011609415425115042,0.011769524356112763,CONT_2468_CSMG3_2024-09-18;CONT_2469_CSMG3_2024-09-18
B00S B2,jun/2025,2024-06-28,2025-06-30,2024-09-20,ITUB4,ITUB4,0.0029548163172921356,0.0029772656843473654,ITUB4_2024-09-20_DISTRIBUTION_129
B00S B2,jun/2025,2024-06-28,2025-06-30,2024-09-24,CMIG4,CMIG4,0.00414005487483892,0.004170237851867801,CMIG4_2024-09-24_DISTRIBUTION_383
B00S B2,jun/2025,2024-06-28,2025-06-30,2024-09-24,TIMS3,TIMS3,0.008434957951393226,0.008490598107811383,CONT_2813_TIMS3_2024-09-24
B00S B2,jun/2025,2024-06-28,2025-06-30,2024-09-30,PSSA3,PSSA3,0.01664926971002846,0.016836413326941337,CONT_2814_PSSA3_2024-09-30
B00S B2,jun/2025,2024-06-28,2025-06-30,2024-10-01,BBDC4,BBDC4,0.004102862699351877,0.004158031467823073,BBDC4_2024-10-01_DISTRIBUTION_530
B00S B2,jun/2025,2024-06-28,2025-06-30,2024-10-01,CPLE6,CPLE6,0.00826160976656603,0.008400683397710057,CONT_903_CPLE6_2024-10-01;CONT_904_CPLE6_2024-10-01
B00S B2,jun/2025,2024-06-28,2025-06-30,2024-10-01,ITUB4,ITUB4,0.0029772656843473654,0.0029787459305256397,ITUB4_2024-10-01_DISTRIBUTION_128
B00S B2,jun/2025,2024-06-28,2025-06-30,2024-10-02,BBDC4,BBDC4,0.004158031467823073,0.004163222116041358,BBDC4_2024-10-02_DISTRIBUTION_531
B00S B2,jun/2025,2024-06-28,2025-06-30,2024-10-18,SANB4,SANB4,0.005812448711540655,0.005894414298703461,CONT_2271_SANB4_2024-10-18;CONT_2272_SANB4_2024-10-18
B00S B2,jun/2025,2024-06-28,2025-06-30,2024-10-22,BMGB4,BMGB4,0.05588961435632557,0.057010074405473864,CONT_609_BMGB4_2024-10-22
B00S B2,jun/2025,2024-06-28,2025-06-30,2024-11-01,AESB3,AESB3,0.0030626699777253396,0,AESB_AURE_20241101
B00S B2,jun/2025,2024-06-28,2025-06-30,2024-11-01,AESB3,AURE3,0,0.002422198075040162,AESB_AURE_20241101
B00S B2,jun/2025,2024-06-28,2025-06-30,2024-11-01,ITUB4,ITUB4,0.0029787459305256397,0.0029802562685225884,ITUB4_2024-11-01_DISTRIBUTION_127
B00S B2,jun/2025,2024-06-28,2025-06-30,2024-11-04,BBDC4,BBDC4,0.004163222116041358,0.004168820723020554,BBDC4_2024-11-04_DISTRIBUTION_532
B00S B2,jun/2025,2024-06-28,2025-06-30,2024-11-12,TAEE4,TAEE4,0.004795645251098868,0.004889784918847824,CONT_2394_TAEE4_2024-11-12;CONT_2395_TAEE4_2024-11-12
B00S B2,jun/2025,2024-06-28,2025-06-30,2024-11-26,BBAS3,BBAS3,0.00484261176688419,0.004933786472315536,CONT_157_BBAS3_2024-11-26
B00S B2,jun/2025,2024-06-28,2025-06-30,2024-12-02,ITUB4,ITUB4,0.0029802562685225884,0.0029818939249092453,ITUB4_2024-12-02_DISTRIBUTION_126
B00S B2,jun/2025,2024-06-28,2025-06-30,2024-12-03,BBDC4,BBDC4,0.004168820723020554,0.004175251826839624,BBDC4_2024-12-03_DISTRIBUTION_533
B00S B2,jun/2025,2024-06-28,2025-06-30,2024-12-05,BMGB4,BMGB4,0.057010074405473864,0.0587088594508895,CONT_608_BMGB4_2024-12-05
B00S B2,jun/2025,2024-06-28,2025-06-30,2024-12-10,ITUB4,ITUB4,0.0029818939249092453,0.003009964763870137,ITUB4_2024-12-10_DISTRIBUTION_125
B00S B2,jun/2025,2024-06-28,2025-06-30,2024-12-10,XPBR31,XPBR31,6.19115971209704e-05,6.503047111634542e-05,XPBR31_2024-12-10_DISTRIBUTION_689
B00S B2,jun/2025,2024-06-28,2025-06-30,2024-12-12,BBAS3,BBAS3,0.004933786472315536,0.004968827493329999,CONT_156_BBAS3_2024-12-12
B00S B2,jun/2025,2024-06-28,2025-06-30,2024-12-12,CPLE6,CPLE6,0.008400683397710057,0.008591939190764813,CONT_902_CPLE6_2024-12-12
B00S B2,jun/2025,2024-06-28,2025-06-30,2024-12-18,NEOE3,NEOE3,0.0026909798630536377,0.002726192069695224,CONT_2045_NEOE3_2024-12-18
B00S B2,jun/2025,2024-06-28,2025-06-30,2024-12-20,TBLE3,TBLE3,0.001119945058906962,0.0011292647441271079,TBLE3_2024-12-20_DISTRIBUTION_337
B00S B2,jun/2025,2024-06-28,2025-06-30,2024-12-26,CMIG4,CMIG4,0.004170237851867801,0.004207186444407914,CMIG4_2024-12-26_DISTRIBUTION_382
B00S B2,jun/2025,2024-06-28,2025-06-30,2024-12-26,CSMG3,CSMG3,0.011769524356112763,0.01198226134672136,CONT_2470_CSMG3_2024-12-26
B00S B2,jun/2025,2024-06-28,2025-06-30,2024-12-26,TIMS3,TIMS3,0.008490598107811383,0.00864937000008422,CONT_2815_TIMS3_2024-12-26
B00S B2,jun/2025,2024-06-28,2025-06-30,2024-12-27,VIVT3,VIVT3,0.00350192625034759,0.003556704937940202,CONT_2816_VIVT3_2024-12-27
B00S B2,jun/2025,2024-06-28,2025-06-30,2024-12-30,ABCB4,ABCB4,0.004622036532166835,0.004827885906463235,CONT_3_ABCB4_2024-12-30
B00S B2,jun/2025,2024-06-28,2025-06-30,2024-12-30,ELET3,ELET3,0.0034824768974346483,0.0035705308199955425,CONT_88_ELET3_2024-12-30
B00S B2,jun/2025,2024-06-28,2025-06-30,2025-01-02,BBDC4,BBDC4,0.004175251826839624,0.004282920440378948,BBDC4_2025-01-02_DISTRIBUTION_534
B00S B2,jun/2025,2024-06-28,2025-06-30,2025-01-02,ITUB4,ITUB4,0.003009964763870137,0.0030117026074449587,ITUB4_2025-01-02_DISTRIBUTION_124
B00S B2,jun/2025,2024-06-28,2025-06-30,2025-01-02,PSSA3,PSSA3,0.016836413326941337,0.017032133764386913,CONT_2817_PSSA3_2025-01-02
B00S B2,jun/2025,2024-06-28,2025-06-30,2025-01-02,SAPR4,SAPR4,0.040150843287143426,0.0413763539352859,CONT_2818_SAPR4_2025-01-02
B00S B2,jun/2025,2024-06-28,2025-06-30,2025-01-03,BBDC4,BBDC4,0.004282920440378948,0.004290176475853804,BBDC4_2025-01-03_DISTRIBUTION_504
B00S B2,jun/2025,2024-06-28,2025-06-30,2025-01-10,TRPL4,TRPL4,0.004799997891535135,0.004967062656716653,CONT_1372_TRPL4_2025-01-10
B00S B2,jun/2025,2024-06-28,2025-06-30,2025-01-14,EQTL3,EQTL3,0.003764289569544746,0.0037766374057674407,CONT_1115_EQTL3_2025-01-14
B00S B2,jun/2025,2024-06-28,2025-06-30,2025-01-23,SANB4,SANB4,0.005894414298703461,0.005990681208431249,CONT_2270_SANB4_2025-01-23
B00S B2,jun/2025,2024-06-28,2025-06-30,2025-02-03,ITUB4,ITUB4,0.0030117026074449587,0.003013290318048943,ITUB4_2025-02-03_DISTRIBUTION_123
B00S B2,jun/2025,2024-06-28,2025-06-30,2025-02-04,BBDC4,BBDC4,0.004290176475853804,0.004296943331980622,BBDC4_2025-02-04_DISTRIBUTION_505
B00S B2,jun/2025,2024-06-28,2025-06-30,2025-02-12,TRPL4,TRPL4,0.004967062656716653,0.0051348945640756006,CONT_1371_TRPL4_2025-02-12
B00S B2,jun/2025,2024-06-28,2025-06-30,2025-02-18,ITUB4,ITUB4,0.003013290318048943,0.0031570905223021724,ITUB4_2025-02-18_DISTRIBUTION_121;ITUB4_2025-02-18_DISTRIBUTION_122
B00S B2,jun/2025,2024-06-28,2025-06-30,2025-02-18,TIMS3,TIMS3,0.00864937000008422,0.008690370910902523,CONT_2819_TIMS3_2025-02-18
B00S B2,jun/2025,2024-06-28,2025-06-30,2025-02-21,BBSE3,BBSE3,0.007161267570004365,0.007600715517653039,CONT_2550_BBSE3_2025-02-21
B00S B2,jun/2025,2024-06-28,2025-06-30,2025-02-25,VIVT3,VIVT3,0.003556704937940202,0.003564081152976672,CONT_2820_VIVT3_2025-02-25
B00S B2,jun/2025,2024-06-28,2025-06-30,2025-02-28,VIVT3,VIVT3,0.003564081152976672,0.0036550168502961135,CONT_2821_VIVT3_2025-02-28
B00S B2,jun/2025,2024-06-28,2025-06-30,2025-03-05,ITUB4,ITUB4,0.0031570905223021724,0.003158810357108303,ITUB4_2025-03-05_DISTRIBUTION_120
B00S B2,jun/2025,2024-06-28,2025-06-30,2025-03-06,BBDC4,BBDC4,0.004296943331980622,0.004304002524968341,BBDC4_2025-03-06_DISTRIBUTION_506
B00S B2,jun/2025,2024-06-28,2025-06-30,2025-03-06,CSMG3,CSMG3,0.01198226134672136,0.012235751110449005,CONT_2471_CSMG3_2025-03-06;CONT_2472_CSMG3_2025-03-06
B00S B2,jun/2025,2024-06-28,2025-06-30,2025-03-12,BBAS3,BBAS3,0.004968827493329999,0.0049979024097362755,CONT_154_BBAS3_2025-03-12;CONT_155_BBAS3_2025-03-12
B00S B2,jun/2025,2024-06-28,2025-06-30,2025-03-12,TRPL4,TRPL4,0.0051348945640756006,0.005315130050370269,CONT_1370_TRPL4_2025-03-12
B00S B2,jun/2025,2024-06-28,2025-06-30,2025-03-18,ITUB4,ITUB4,0.003158810357108303,0.003474691392819134,ITUB4_2025-03-18_SHARES_665
B00S B2,jun/2025,2024-06-28,2025-06-30,2025-03-25,VIVT3,VIVT3,0.0036550168502961135,0.003664212387372705,CONT_2822_VIVT3_2025-03-25
B00S B2,jun/2025,2024-06-28,2025-06-30,2025-03-26,CMIG4,CMIG4,0.004207186444407914,0.004245219620518302,CMIG4_2025-03-26_DISTRIBUTION_381
B00S B2,jun/2025,2024-06-28,2025-06-30,2025-03-27,CSMG3,CSMG3,0.012235751110449005,0.012257061031423854,CONT_2473_CSMG3_2025-03-27
B00S B2,jun/2025,2024-06-28,2025-06-30,2025-03-31,PSSA3,PSSA3,0.017032133764386913,0.0174743484541085,CONT_2823_PSSA3_2025-03-31;CONT_2824_PSSA3_2025-03-31;CONT_2825_PSSA3_2025-03-31
B00S B2,jun/2025,2024-06-28,2025-06-30,2025-04-01,BBDC4,BBDC4,0.004304002524968341,0.004382698669496089,BBDC4_2025-04-01_DISTRIBUTION_507
B00S B2,jun/2025,2024-06-28,2025-06-30,2025-04-01,ITUB4,ITUB4,0.003474691392819134,0.003476644523490575,ITUB4_2025-04-01_DISTRIBUTION_119
B00S B2,jun/2025,2024-06-28,2025-06-30,2025-04-01,TIMS3,TIMS3,0.008690370910902523,0.008788571964468861,CONT_2826_TIMS3_2025-04-01
B00S B2,jun/2025,2024-06-28,2025-06-30,2025-04-02,BBDC4,BBDC4,0.004382698669496089,0.004389367544408538,BBDC4_2025-04-02_DISTRIBUTION_508
B00S B2,jun/2025,2024-06-28,2025-06-30,2025-04-03,BMGB4,BMGB4,0.0587088594508895,0.060278615051180665,CONT_607_BMGB4_2025-04-03
B00S B2,jun/2025,2024-06-28,2025-06-30,2025-04-04,TIMS3,TIMS3,0.008788571964468861,0.009229132132935436,CONT_2827_TIMS3_2025-04-04;CONT_2828_TIMS3_2025-04-04;CONT_2829_TIMS3_2025-04-04
B00S B2,jun/2025,2024-06-28,2025-06-30,2025-04-14,VIVT3,VIVT3,0.003664212387372705,0.0036748561575928418,CONT_2830_VIVT3_2025-04-14
B00S B2,jun/2025,2024-06-28,2025-06-30,2025-04-15,VIVT3,VIVT3,0.0036748561575928418,0.0073497123151856835,CONT_2863_VIVT3_2025-04-15
B00S B2,jun/2025,2024-06-28,2025-06-30,2025-04-22,NEOE3,NEOE3,0.002726192069695224,0.002773207698687786,CONT_2044_NEOE3_2025-04-22
B00S B2,jun/2025,2024-06-28,2025-06-30,2025-04-22,SANB4,SANB4,0.005990681208431249,0.006079749044315741,CONT_2269_SANB4_2025-04-22
B00S B2,jun/2025,2024-06-28,2025-06-30,2025-04-25,AESB3,AURE3,0.002422198075040162,0.0024377724166133904,CONT_78_AURE3_2025-04-25
B00S B2,jun/2025,2024-06-28,2025-06-30,2025-04-25,CPLE6,CPLE6,0.008591939190764813,0.008925831575564687,CONT_901_CPLE6_2025-04-25
B00S B2,jun/2025,2024-06-28,2025-06-30,2025-04-30,CPFE3,CPFE3,0.002135739644517964,0.0022920013375990157,CONT_835_CPFE3_2025-04-30
B00S B2,jun/2025,2024-06-28,2025-06-30,2025-04-30,ELET3,ELET3,0.0035705308199955425,0.0036432602234493846,CONT_87_ELET3_2025-04-30
B00S B2,jun/2025,2024-06-28,2025-06-30,2025-04-30,TAEE4,TAEE4,0.004889784918847824,0.0049336546013988266,CONT_2393_TAEE4_2025-04-30
B00S B2,jun/2025,2024-06-28,2025-06-30,2025-05-02,CMIG4,CMIG4,0.004245219620518302,0.004380592360521036,CMIG4_2025-05-02_DISTRIBUTION_380
B00S B2,jun/2025,2024-06-28,2025-06-30,2025-05-02,EQTL3,EQTL3,0.0037766374057674407,0.0038502943554819214,CONT_1113_EQTL3_2025-05-02;CONT_1114_EQTL3_2025-05-02
B00S B2,jun/2025,2024-06-28,2025-06-30,2025-05-02,ITUB4,ITUB4,0.003476644523490575,0.0034783745143515733,ITUB4_2025-05-02_DISTRIBUTION_118
B00S B2,jun/2025,2024-06-28,2025-06-30,2025-05-05,BBDC4,BBDC4,0.004389367544408538,0.004395629755745828,BBDC4_2025-05-05_DISTRIBUTION_509
B00S B2,jun/2025,2024-06-28,2025-06-30,2025-05-07,TBLE3,TBLE3,0.0011292647441271079,0.0011538861244737646,TBLE3_2025-05-07_DISTRIBUTION_336
B00S B2,jun/2025,2024-06-28,2025-06-30,2025-05-13,TAEE4,TAEE4,0.0049336546013988266,0.005010671253329053,CONT_2392_TAEE4_2025-05-13
B00S B2,jun/2025,2024-06-28,2025-06-30,2025-05-22,TIMS3,TIMS3,0.009229132132935436,0.009288530240948462,CONT_2831_TIMS3_2025-05-22
B00S B2,jun/2025,2024-06-28,2025-06-30,2025-05-23,VIVT3,VIVT3,0.0073497123151856835,0.007390716856597945,CONT_2832_VIVT3_2025-05-23
B00S B2,jun/2025,2024-06-28,2025-06-30,2025-06-02,ITUB4,ITUB4,0.0034783745143515733,0.0034800270933604107,ITUB4_2025-06-02_DISTRIBUTION_117
B00S B2,jun/2025,2024-06-28,2025-06-30,2025-06-03,BBAS3,BBAS3,0.0049979024097362755,0.005017573628665078,CONT_153_BBAS3_2025-06-03
B00S B2,jun/2025,2024-06-28,2025-06-30,2025-06-03,BBDC4,BBDC4,0.004395629755745828,0.004400684679082191,BBDC4_2025-06-03_DISTRIBUTION_510
B00S B2,jun/2025,2024-06-28,2025-06-30,2025-06-10,ITUB4,ITUB4,0.0034800270933604107,0.0035123236781351803,ITUB4_2025-06-10_DISTRIBUTION_116
B00S B2,jun/2025,2024-06-28,2025-06-30,2025-06-18,NEOE3,NEOE3,0.002773207698687786,0.002797392566963778,CONT_2043_NEOE3_2025-06-18
B00S B2,jun/2025,2024-06-28,2025-06-30,2025-06-24,CMIG4,CMIG4,0.004380592360521036,0.004424232371211438,CMIG4_2025-06-24_DISTRIBUTION_379
B00S B2,jun/2025,2024-06-28,2025-06-30,2025-06-24,CSMG3,CSMG3,0.012257061031423854,0.012456925011080314,CONT_2474_CSMG3_2025-06-24
B00S B2,jun/2025,2024-06-28,2025-06-30,2025-06-24,VIVT3,VIVT3,0.007390716856597945,0.007405704744364841,CONT_2833_VIVT3_2025-06-24
B00S B2,jun/2025,2024-06-28,2025-06-30,2025-06-27,PSSA3,PSSA3,0.0174743484541085,0.01763019464871147,CONT_2834_PSSA3_2025-06-27
B00S B2,jun/2026,2025-06-30,2026-06-30,2025-07-01,ABCB4,ABCB4,0.004858354218653228,0.0050992753456604156,CONT_2_ABCB4_2025-07-01
B00S B2,jun/2026,2025-06-30,2026-06-30,2025-07-01,BBDC4,BBDC4,0.004428456966424875,0.004507351839376882,BBDC4_2025-07-01_DISTRIBUTION_511
B00S B2,jun/2026,2025-06-30,2026-06-30,2025-07-01,ITUB4,ITUB4,0.0035344896067447326,0.0035361711092126314,ITUB4_2025-07-01_DISTRIBUTION_115
B00S B2,jun/2026,2025-06-30,2026-06-30,2025-07-01,SAPR4,SAPR4,0.04163747602752431,0.04325812315685007,CONT_2835_SAPR4_2025-07-01
B00S B2,jun/2026,2025-06-30,2026-06-30,2025-07-02,BBDC4,BBDC4,0.004507351839376882,0.004512579598560744,BBDC4_2025-07-02_DISTRIBUTION_512
B00S B2,jun/2026,2025-06-30,2026-06-30,2025-07-18,SANB4,SANB4,0.006118117741403434,0.006242653632817752,CONT_2268_SANB4_2025-07-18
B00S B2,jun/2026,2025-06-30,2026-06-30,2025-07-25,BMGB4,BMGB4,0.06065902745059158,0.062392142520608485,CONT_606_BMGB4_2025-07-25
B00S B2,jun/2026,2025-06-30,2026-06-30,2025-07-28,TIMS3,TIMS3,0.009347149239957645,0.00940961232012606,CONT_2836_TIMS3_2025-07-28
B00S B2,jun/2026,2025-06-30,2026-06-30,2025-07-28,VIVT3,VIVT3,0.0074524414172087786,0.007477462107182523,CONT_2837_VIVT3_2025-07-28
B00S B2,jun/2026,2025-06-30,2026-06-30,2025-08-01,ITUB4,ITUB4,0.0035361711092126314,0.0035379579234146815,ITUB4_2025-08-01_DISTRIBUTION_114
B00S B2,jun/2026,2025-06-30,2026-06-30,2025-08-04,BBDC4,BBDC4,0.004512579598560744,0.004518047372250398,BBDC4_2025-08-04_DISTRIBUTION_513
B00S B2,jun/2026,2025-06-30,2026-06-30,2025-08-15,BBSE3,BBSE3,0.007648682884269795,0.008101701181900794,CONT_2549_BBSE3_2025-08-15
B00S B2,jun/2026,2025-06-30,2026-06-30,2025-08-18,ELET3,ELET3,0.0036662524796932275,0.0038186281496870368,CONT_86_ELET3_2025-08-18
B00S B2,jun/2026,2025-06-30,2026-06-30,2025-08-19,ITUB4,ITUB4,0.0035379579234146815,0.003573366733917818,ITUB4_2025-08-19_DISTRIBUTION_113
B00S B2,jun/2026,2025-06-30,2026-06-30,2025-08-19,TAEE4,TAEE4,0.00504229310583047,0.005174021901819778,CONT_2390_TAEE4_2025-08-19;CONT_2391_TAEE4_2025-08-19
B00S B2,jun/2026,2025-06-30,2026-06-30,2025-08-22,TBLE3,TBLE3,0.001161168186095209,0.0011871847274615502,TBLE3_2025-08-22_DISTRIBUTION_335
B00S B2,jun/2026,2025-06-30,2026-06-30,2025-08-26,VIVT3,VIVT3,0.007477462107182523,0.0074943777052075755,CONT_2838_VIVT3_2025-08-26
B00S B2,jun/2026,2025-06-30,2026-06-30,2025-09-01,ITUB4,ITUB4,0.003573366733917818,0.0035749930857190983,ITUB4_2025-09-01_DISTRIBUTION_112
B00S B2,jun/2026,2025-06-30,2026-06-30,2025-09-02,BBDC4,BBDC4,0.004518047372250398,0.004523239927425528,BBDC4_2025-09-02_DISTRIBUTION_514
B00S B2,jun/2026,2025-06-30,2026-06-30,2025-09-23,CSMG3,CSMG3,0.012535539437253234,0.01270276307526657,CONT_2475_CSMG3_2025-09-23
B00S B2,jun/2026,2025-06-30,2026-06-30,2025-09-23,VIVT3,VIVT3,0.0074943777052075755,0.007522356947414523,CONT_2839_VIVT3_2025-09-23
B00S B2,jun/2026,2025-06-30,2026-06-30,2025-09-26,PSSA3,PSSA3,0.01774145706976582,0.017935285704921516,CONT_2840_PSSA3_2025-09-26
B00S B2,jun/2026,2025-06-30,2026-06-30,2025-09-29,TIMS3,TIMS3,0.00940961232012606,0.0094908604119227,CONT_2841_TIMS3_2025-09-29
B00S B2,jun/2026,2025-06-30,2026-06-30,2025-09-30,BBDC4,BBDC4,0.004523239927425528,0.004599222534458662,BBDC4_2025-09-30_DISTRIBUTION_515
B00S B2,jun/2026,2025-06-30,2026-06-30,2025-09-30,CMIG4,CMIG4,0.004452153265718635,0.004494358101916623,CMIG4_2025-09-30_DISTRIBUTION_378
B00S B2,jun/2026,2025-06-30,2026-06-30,2025-10-01,ITUB4,ITUB4,0.0035749930857190983,0.0035766384215199574,ITUB4_2025-10-01_DISTRIBUTION_111
B00S B2,jun/2026,2025-06-30,2026-06-30,2025-10-02,BBDC4,BBDC4,0.004599222534458662,0.004604328992571,BBDC4_2025-10-02_DISTRIBUTION_516
B00S B2,jun/2026,2025-06-30,2026-06-30,2025-10-22,SANB4,SANB4,0.006242653632817752,0.006359785054940578,CONT_2267_SANB4_2025-10-22
B00S B2,jun/2026,2025-06-30,2026-06-30,2025-10-28,VIVT3,VIVT3,0.007522356947414523,0.007548201518608403,CONT_2842_VIVT3_2025-10-28
B00S B2,jun/2026,2025-06-30,2026-06-30,2025-10-31,TRPL4,TRPL4,0.005348673312336816,0.005396600279545198,CONT_1369_TRPL4_2025-10-31
B00S B2,jun/2026,2025-06-30,2026-06-30,2025-11-03,ITUB4,ITUB4,0.0035766384215199574,0.0035782134631402126,ITUB4_2025-11-03_DISTRIBUTION_110
B00S B2,jun/2026,2025-06-30,2026-06-30,2025-11-04,BBDC4,BBDC4,0.004604328992571,0.0046090771590496515,BBDC4_2025-11-04_DISTRIBUTION_517
B00S B2,jun/2026,2025-06-30,2026-06-30,2025-11-06,EQTL3,EQTL3,0.0038745931837307714,0.003941079256208164,CONT_1112_EQTL3_2025-11-06
B00S B2,jun/2026,2025-06-30,2026-06-30,2025-11-10,CPLE6,CPLE5,0,0.008982161619038897,CPLE_PNB_PNA_20251110
B00S B2,jun/2026,2025-06-30,2026-06-30,2025-11-10,CPLE6,CPLE6,0.008982161619038897,0,CPLE_PNB_PNA_20251110
B00S B2,jun/2026,2025-06-30,2026-06-30,2025-11-12,BMGB4,BMGB4,0.062392142520608485,0.06392889479944121,CONT_605_BMGB4_2025-11-12
B00S B2,jun/2026,2025-06-30,2026-06-30,2025-11-17,ELET3,ELET3,0.0038186281496870368,0.003936817095435876,CONT_85_ELET3_2025-11-17
B00S B2,jun/2026,2025-06-30,2026-06-30,2025-11-17,TAEE4,TAEE4,0.005174021901819778,0.005281912957436855,CONT_2388_TAEE4_2025-11-17;CONT_2389_TAEE4_2025-11-17
B00S B2,jun/2026,2025-06-30,2026-06-30,2025-11-25,TRPL4,TRPL4,0.005396600279545198,0.0054409638040719575,CONT_1368_TRPL4_2025-11-25
B00S B2,jun/2026,2025-06-30,2026-06-30,2025-11-25,VIVT3,VIVT3,0.007548201518608403,0.007571265177051964,CONT_2843_VIVT3_2025-11-25
B00S B2,jun/2026,2025-06-30,2026-06-30,2025-11-27,TBLE3,TBLE3,0.0011871847274615502,0.0016620586184461703,TBLE3_2025-11-27_SHARES_676
B00S B2,jun/2026,2025-06-30,2026-06-30,2025-12-01,ITUB4,ITUB4,0.0035782134631402126,0.003579742651218286,ITUB4_2025-12-01_DISTRIBUTION_109
B00S B2,jun/2026,2025-06-30,2026-06-30,2025-12-02,BBAS3,BBAS3,0.0050492390413770455,0.0050653373250627125,CONT_152_BBAS3_2025-12-02
B00S B2,jun/2026,2025-06-30,2026-06-30,2025-12-02,BBDC4,BBDC4,0.0046090771590496515,0.0046135529194774524,BBDC4_2025-12-02_DISTRIBUTION_518
B00S B2,jun/2026,2025-06-30,2026-06-30,2025-12-03,BBAS3,BBAS3,0.0050653373250627125,0.0050757107720353235,CONT_151_BBAS3_2025-12-03
B00S B2,jun/2026,2025-06-30,2026-06-30,2025-12-10,ITUB4,ITUB4,0.003579742651218286,0.0037828706279012204,ITUB4_2025-12-10_DISTRIBUTION_107;ITUB4_2025-12-10_DISTRIBUTION_108
B00S B2,jun/2026,2025-06-30,2026-06-30,2025-12-10,XPBR31,XPBR31,6.544087201111028e-05,6.609455516078543e-05,XPBR31_2025-12-10_DISTRIBUTION_690
B00S B2,jun/2026,2025-06-30,2026-06-30,2025-12-12,BMGB4,BMGB4,0.06392889479944121,0.0653687347724016,CONT_604_BMGB4_2025-12-12
B00S B2,jun/2026,2025-06-30,2026-06-30,2025-12-17,CSMG3,CSMG3,0.01270276307526657,0.012859015352963141,CONT_2476_CSMG3_2025-12-17;CONT_2477_CSMG3_2025-12-17
B00S B2,jun/2026,2025-06-30,2026-06-30,2025-12-18,TRPL4,TRPL4,0.0054409638040719575,0.005486254644432756,CONT_1367_TRPL4_2025-12-18
B00S B2,jun/2026,2025-06-30,2026-06-30,2025-12-19,TBLE3,TBLE3,0.0016620586184461703,0.0016667522058379462,TBLE3_2025-12-19_DISTRIBUTION_334
B00S B2,jun/2026,2025-06-30,2026-06-30,2025-12-22,CPLE6,CPLE3,0,0.009529783730651269,CPLE_PNA_ON_20251222
B00S B2,jun/2026,2025-06-30,2026-06-30,2025-12-22,CPLE6,CPLE5,0.008982161619038897,0,CPLE_PNA_ON_20251222
B00S B2,jun/2026,2025-06-30,2026-06-30,2025-12-22,ELET3,AXIA7,0,0.0010347446912294743,AXIA_PNC_20251222
B00S B2,jun/2026,2025-06-30,2026-06-30,2025-12-22,TIMS3,TIMS3,0.0094908604119227,0.009820329369925457,CONT_2844_TIMS3_2025-12-22
B00S B2,jun/2026,2025-06-30,2026-06-30,2025-12-23,BMGB4,BMGB4,0.0653687347724016,0.06739172509062119,CONT_603_BMGB4_2025-12-23
B00S B2,jun/2026,2025-06-30,2026-06-30,2025-12-23,CMIG4,CMIG4,0.004494358101916623,0.004553157539698433,CMIG4_2025-12-23_DISTRIBUTION_377
B00S B2,jun/2026,2025-06-30,2026-06-30,2025-12-23,CSMG3,CSMG3,0.012859015352963141,0.012965483794599832,CONT_2478_CSMG3_2025-12-23
B00S B2,jun/2026,2025-06-30,2026-06-30,2025-12-23,TIMS3,TIMS3,0.009820329369925457,0.009900700996968534,CONT_2845_TIMS3_2025-12-23
B00S B2,jun/2026,2025-06-30,2026-06-30,2025-12-26,CMIG4,CMIG4,0.004553157539698433,0.004601637741613276,CMIG4_2025-12-26_DISTRIBUTION_376
B00S B2,jun/2026,2025-06-30,2026-06-30,2025-12-26,ITUB4,ITUB4,0.0037828706279012204,0.0038963567467382573,ITUB4_2025-12-26_SHARES_666
B00S B2,jun/2026,2025-06-30,2026-06-30,2025-12-29,PSSA3,PSSA3,0.017935285704921516,0.018138106034569914,CONT_2846_PSSA3_2025-12-29
B00S B2,jun/2026,2025-06-30,2026-06-30,2025-12-30,ABCB4,ABCB4,0.0050992753456604156,0.005428899389101418,CONT_1_ABCB4_2025-12-30
B00S B2,jun/2026,2025-06-30,2026-06-30,2025-12-30,BBDC4,BBDC4,0.0046135529194774524,0.00471153317300821,BBDC4_2025-12-30_DISTRIBUTION_519
B00S B2,jun/2026,2025-06-30,2026-06-30,2025-12-30,EQTL3,EQTL3,0.003941079256208164,0.003954723848860837,CONT_1111_EQTL3_2025-12-30
B00S B2,jun/2026,2025-06-30,2026-06-30,2025-12-30,TRPL4,TRPL4,0.005486254644432756,0.005536167409862187,CONT_1366_TRPL4_2025-12-30
B00S B2,jun/2026,2025-06-30,2026-06-30,2025-12-30,VIVT3,VIVT3,0.007571265177051964,0.007596317917097936,CONT_2847_VIVT3_2025-12-30
B00S B2,jun/2026,2025-06-30,2026-06-30,2026-01-02,CPLE6,CPLE3,0.009529783730651269,0.010177319420259082,CONT_2378_CPLE3_2026-01-02;CONT_2379_CPLE3_2026-01-02
B00S B2,jun/2026,2025-06-30,2026-06-30,2026-01-02,ITUB4,ITUB4,0.0038963567467382573,0.003898166288459054,ITUB4_2026-01-02_DISTRIBUTION_106
B00S B2,jun/2026,2025-06-30,2026-06-30,2026-01-02,NEOE3,NEOE3,0.002815046635783863,0.0028943532602790836,CONT_2041_NEOE3_2026-01-02;CONT_2042_NEOE3_2026-01-02
B00S B2,jun/2026,2025-06-30,2026-06-30,2026-01-02,SAPR4,SAPR4,0.04325812315685007,0.04388219664732314,CONT_2848_SAPR4_2026-01-02
B00S B2,jun/2026,2025-06-30,2026-06-30,2026-01-05,BBDC4,BBDC4,0.00471153317300821,0.004716245900580956,BBDC4_2026-01-05_DISTRIBUTION_497
B00S B2,jun/2026,2025-06-30,2026-06-30,2026-01-05,SANB4,SANB4,0.006359785054940578,0.0063916623952220055,CONT_2266_SANB4_2026-01-05
B00S B2,jun/2026,2025-06-30,2026-06-30,2026-01-21,SANB4,SANB4,0.0063916623952220055,0.006493309914845166,CONT_2265_SANB4_2026-01-21
B00S B2,jun/2026,2025-06-30,2026-06-30,2026-01-30,TRPL4,TRPL4,0.005536167409862187,0.005585955757064025,CONT_1365_TRPL4_2026-01-30
B00S B2,jun/2026,2025-06-30,2026-06-30,2026-02-02,ITUB4,ITUB4,0.003898166288459054,0.003899711111027859,ITUB4_2026-02-02_DISTRIBUTION_105
B00S B2,jun/2026,2025-06-30,2026-06-30,2026-02-03,BBDC4,BBDC4,0.004716245900580956,0.0047203736618891,BBDC4_2026-02-03_DISTRIBUTION_498
B00S B2,jun/2026,2025-06-30,2026-06-30,2026-02-13,BBSE3,BBSE3,0.008101701181900794,0.008712554362975095,CONT_2548_BBSE3_2026-02-13
B00S B2,jun/2026,2025-06-30,2026-06-30,2026-02-24,BBAS3,BBAS3,0.0050757107720353235,0.005117164635219509,CONT_149_BBAS3_2026-02-24;CONT_150_BBAS3_2026-02-24
B00S B2,jun/2026,2025-06-30,2026-06-30,2026-02-24,VIVT3,VIVT3,0.007596317917097936,0.007614487290977298,CONT_2849_VIVT3_2026-02-24
B00S B2,jun/2026,2025-06-30,2026-06-30,2026-02-27,TRPL4,TRPL4,0.005585955757064025,0.005635132776487766,CONT_1364_TRPL4_2026-02-27
B00S B2,jun/2026,2025-06-30,2026-06-30,2026-03-02,ITUB4,ITUB4,0.003899711111027859,0.003901255199604094,ITUB4_2026-03-02_DISTRIBUTION_104
B00S B2,jun/2026,2025-06-30,2026-06-30,2026-03-03,BBAS3,BBAS3,0.005117164635219509,0.005131092755339809,CONT_148_BBAS3_2026-03-03
B00S B2,jun/2026,2025-06-30,2026-06-30,2026-03-03,BBDC4,BBDC4,0.0047203736618891,0.004724807730633802,BBDC4_2026-03-03_DISTRIBUTION_499
B00S B2,jun/2026,2025-06-30,2026-06-30,2026-03-09,CSMG3,CSMG3,0.012965483794599832,0.0129659266141321,CONT_2479_CSMG3_2026-03-09
B00S B2,jun/2026,2025-06-30,2026-06-30,2026-03-13,TRPL4,TRPL4,0.005635132776487766,0.005663901065786113,CONT_1363_TRPL4_2026-03-13
B00S B2,jun/2026,2025-06-30,2026-06-30,2026-03-20,ITUB4,ITUB4,0.003901255199604094,0.003934012598257232,ITUB4_2026-03-20_DISTRIBUTION_103
B00S B2,jun/2026,2025-06-30,2026-06-30,2026-03-24,CSMG3,CSMG3,0.0129659266141321,0.013076910861445237,CONT_2480_CSMG3_2026-03-24
B00S B2,jun/2026,2025-06-30,2026-06-30,2026-03-24,TIMS3,TIMS3,0.009900700996968534,0.0099606823050026,CONT_2850_TIMS3_2026-03-24
B00S B2,jun/2026,2025-06-30,2026-06-30,2026-03-25,CMIG4,CMIG4,0.004601637741613276,0.004644108726726864,CMIG4_2026-03-25_DISTRIBUTION_375
B00S B2,jun/2026,2025-06-30,2026-06-30,2026-03-26,VIVT3,VIVT3,0.007614487290977298,0.007626353819348603,CONT_2851_VIVT3_2026-03-26
B00S B2,jun/2026,2025-06-30,2026-06-30,2026-03-31,PSSA3,PSSA3,0.018138106034569914,0.01833285199579011,CONT_2852_PSSA3_2026-03-31
B00S B2,jun/2026,2025-06-30,2026-06-30,2026-04-01,ITUB4,ITUB4,0.003934012598257232,0.003935644544802099,ITUB4_2026-04-01_DISTRIBUTION_102
B00S B2,jun/2026,2025-06-30,2026-06-30,2026-04-01,PSSA3,PSSA3,0.01833285199579011,0.018658724915413972,CONT_2853_PSSA3_2026-04-01
B00S B2,jun/2026,2025-06-30,2026-06-30,2026-04-02,BBDC4,BBDC4,0.004724807730633802,0.004729496659726401,BBDC4_2026-04-02_DISTRIBUTION_501
B00S B2,jun/2026,2025-06-30,2026-06-30,2026-04-06,TRPL4,TRPL4,0.005663901065786113,0.005691481063150252,CONT_1362_TRPL4_2026-04-06
B00S B2,jun/2026,2025-06-30,2026-06-30,2026-04-07,BBDC4,BBDC4,0.004729496659726401,0.00480270132044574,BBDC4_2026-04-07_DISTRIBUTION_500
B00S B2,jun/2026,2025-06-30,2026-06-30,2026-04-20,TRPL4,TRPL4,0.005691481063150252,0.005717568279514664,CONT_1361_TRPL4_2026-04-20
B00S B2,jun/2026,2025-06-30,2026-06-30,2026-04-22,SANB4,SANB4,0.006493309914845166,0.00661359134799219,CONT_2264_SANB4_2026-04-22
B00S B2,jun/2026,2025-06-30,2026-06-30,2026-04-28,VIVT3,VIVT3,0.007626353819348603,0.007648735036828387,CONT_2854_VIVT3_2026-04-28
B00S B2,jun/2026,2025-06-30,2026-06-30,2026-04-30,CPFE3,CPFE3,0.002306465932174534,0.002482363359707783,CONT_834_CPFE3_2026-04-30
B00S B2,jun/2026,2025-06-30,2026-06-30,2026-04-30,CPLE6,CPLE3,0.010177319420259082,0.010329469354097015,CONT_2380_CPLE3_2026-04-30
B00S B2,jun/2026,2025-06-30,2026-06-30,2026-04-30,TAEE4,TAEE4,0.005281912957436855,0.005375046020907461,CONT_2387_TAEE4_2026-04-30
B00S B2,jun/2026,2025-06-30,2026-06-30,2026-05-04,CMIG4,CMIG4,0.004644108726726864,0.004689168760844843,CMIG4_2026-05-04_DISTRIBUTION_374
B00S B2,jun/2026,2025-06-30,2026-06-30,2026-05-04,ITUB4,ITUB4,0.003935644544802099,0.003937332230866099,ITUB4_2026-05-04_DISTRIBUTION_101
B00S B2,jun/2026,2025-06-30,2026-06-30,2026-05-05,BBDC4,BBDC4,0.00480270132044574,0.004807450165690112,BBDC4_2026-05-05_DISTRIBUTION_502
B00S B2,jun/2026,2025-06-30,2026-06-30,2026-05-05,TBLE3,TBLE3,0.0016667522058379462,0.0016906610786151049,TBLE3_2026-05-05_DISTRIBUTION_333
B00S B2,jun/2026,2025-06-30,2026-06-30,2026-05-12,BMGB4,BMGB4,0.06739172509062119,0.06866567074450818,CONT_602_BMGB4_2026-05-12
B00S B2,jun/2026,2025-06-30,2026-06-30,2026-05-12,TAEE4,TAEE4,0.005375046020907461,0.00545006826184365,CONT_2386_TAEE4_2026-05-12
B00S B2,jun/2026,2025-06-30,2026-06-30,2026-05-15,NEOE3,ABCB4,0,0.00011519234832042844,NEOE_REDEMPTION_20260515
B00S B2,jun/2026,2025-06-30,2026-06-30,2026-05-15,NEOE3,AXIA7,0,2.1955586639550653e-05,NEOE_REDEMPTION_20260515
B00S B2,jun/2026,2025-06-30,2026-06-30,2026-05-15,NEOE3,BBAS3,0,0.00010887337958852134,NEOE_REDEMPTION_20260515
B00S B2,jun/2026,2025-06-30,2026-06-30,2026-05-15,NEOE3,BBDC4,0,0.00010200621421185297,NEOE_REDEMPTION_20260515
B00S B2,jun/2026,2025-06-30,2026-06-30,2026-05-15,NEOE3,BBSE3,0,0.00018486612571146086,NEOE_REDEMPTION_20260515
B00S B2,jun/2026,2025-06-30,2026-06-30,2026-05-15,NEOE3,BMGB4,0,0.0014569730059717408,NEOE_REDEMPTION_20260515
B00S B2,jun/2026,2025-06-30,2026-06-30,2026-05-15,NEOE3,CMIG4,0,9.949647663702915e-05,NEOE_REDEMPTION_20260515
B00S B2,jun/2026,2025-06-30,2026-06-30,2026-05-15,NEOE3,CPFE3,0,5.2671682470921204e-05,NEOE_REDEMPTION_20260515
B00S B2,jun/2026,2025-06-30,2026-06-30,2026-05-15,NEOE3,CPLE3,0,0.00021917441207162995,NEOE_REDEMPTION_20260515
B00S B2,jun/2026,2025-06-30,2026-06-30,2026-05-15,NEOE3,CSMG3,0,0.0002774706184334214,NEOE_REDEMPTION_20260515
B00S B2,jun/2026,2025-06-30,2026-06-30,2026-05-15,NEOE3,ELET3,0,8.353280722823045e-05,NEOE_REDEMPTION_20260515
B00S B2,jun/2026,2025-06-30,2026-06-30,2026-05-15,NEOE3,EQTL3,0,8.391275919086162e-05,NEOE_REDEMPTION_20260515
B00S B2,jun/2026,2025-06-30,2026-06-30,2026-05-15,NEOE3,ITUB4,0,8.354373755787141e-05,NEOE_REDEMPTION_20260515
B00S B2,jun/2026,2025-06-30,2026-06-30,2026-05-15,NEOE3,NEOE3,0.0028943532602790836,0,NEOE_REDEMPTION_20260515
B00S B2,jun/2026,2025-06-30,2026-06-30,2026-05-15,NEOE3,PSSA3,0,0.00039590756535040123,NEOE_REDEMPTION_20260515
B00S B2,jun/2026,2025-06-30,2026-06-30,2026-05-15,NEOE3,SANB4,0,0.00014032957025069973,NEOE_REDEMPTION_20260515
B00S B2,jun/2026,2025-06-30,2026-06-30,2026-05-15,NEOE3,SAPR4,0,0.0009311083000380786,NEOE_REDEMPTION_20260515
B00S B2,jun/2026,2025-06-30,2026-06-30,2026-05-15,NEOE3,TAEE4,0,0.00011564151710910949,NEOE_REDEMPTION_20260515
B00S B2,jun/2026,2025-06-30,2026-06-30,2026-05-15,NEOE3,TBLE3,0,3.587305748391431e-05,NEOE_REDEMPTION_20260515
B00S B2,jun/2026,2025-06-30,2026-06-30,2026-05-15,NEOE3,TIMS3,0,0.00021134935524692094,NEOE_REDEMPTION_20260515
B00S B2,jun/2026,2025-06-30,2026-06-30,2026-05-15,NEOE3,TRPL4,0,0.00012131742911314105,NEOE_REDEMPTION_20260515
B00S B2,jun/2026,2025-06-30,2026-06-30,2026-05-15,NEOE3,VIVT3,0,0.00016229362296559983,NEOE_REDEMPTION_20260515
B00S B2,jun/2026,2025-06-30,2026-06-30,2026-05-15,NEOE3,XPBR31,0,1.4024181467516855e-06,NEOE_REDEMPTION_20260515
B00S B2,jun/2026,2025-06-30,2026-06-30,2026-05-25,NEOE3,VIVT3,0.00016229362296559983,0.00016835044917742697,CONT_2855_VIVT3_2026-05-25
B00S B2,jun/2026,2025-06-30,2026-06-30,2026-05-25,VIVT3,VIVT3,0.007648735036828387,0.007934187157570077,CONT_2855_VIVT3_2026-05-25
B00S B2,jun/2026,2025-06-30,2026-06-30,2026-05-28,NEOE3,VIVT3,0.00016835044917742697,0.0001692911964691507,CONT_2856_VIVT3_2026-05-28
B00S B2,jun/2026,2025-06-30,2026-06-30,2026-05-28,VIVT3,VIVT3,0.007934187157570077,0.007978523630190039,CONT_2856_VIVT3_2026-05-28
B00S B2,jun/2026,2025-06-30,2026-06-30,2026-06-01,ITUB4,ITUB4,0.003937332230866099,0.003939151046278233,ITUB4_2026-06-01_DISTRIBUTION_100
B00S B2,jun/2026,2025-06-30,2026-06-30,2026-06-01,NEOE3,ITUB4,8.354373755787141e-05,8.358232984029715e-05,ITUB4_2026-06-01_DISTRIBUTION_100
B00S B2,jun/2026,2025-06-30,2026-06-30,2026-06-02,BBAS3,BBAS3,0.005131092755339809,0.005146489648242688,CONT_147_BBAS3_2026-06-02
B00S B2,jun/2026,2025-06-30,2026-06-30,2026-06-02,BBDC4,BBDC4,0.004807450165690112,0.004812589345896928,BBDC4_2026-06-02_DISTRIBUTION_503
B00S B2,jun/2026,2025-06-30,2026-06-30,2026-06-02,NEOE3,BBAS3,0.00010887337958852134,0.00010920007642395748,CONT_147_BBAS3_2026-06-02;BBDC4_2026-06-02_DISTRIBUTION_503
B00S B2,jun/2026,2025-06-30,2026-06-30,2026-06-02,NEOE3,BBDC4,0.00010200621421185297,0.00010211525919390834,CONT_147_BBAS3_2026-06-02;BBDC4_2026-06-02_DISTRIBUTION_503
B00S B2,jun/2026,2025-06-30,2026-06-30,2026-06-10,NEOE3,XPBR31,1.4024181467516855e-06,1.4210032390533515e-06,XPBR31_2026-06-10_DISTRIBUTION_691
B00S B2,jun/2026,2025-06-30,2026-06-30,2026-06-10,XPBR31,XPBR31,6.609455516078543e-05,6.697045184762306e-05,XPBR31_2026-06-10_DISTRIBUTION_691
B00S B2,jun/2026,2025-06-30,2026-06-30,2026-06-19,ITUB4,ITUB4,0.003939151046278233,0.003974904745315784,ITUB4_2026-06-19_DISTRIBUTION_99
B00S B2,jun/2026,2025-06-30,2026-06-30,2026-06-19,NEOE3,ITUB4,8.358232984029715e-05,8.434096474179217e-05,ITUB4_2026-06-19_DISTRIBUTION_99
B00S B2,jun/2026,2025-06-30,2026-06-30,2026-06-23,NEOE3,PSSA3,0.00039590756535040123,0.000399797637065453,CONT_2857_PSSA3_2026-06-23;CONT_2858_TIMS3_2026-06-23
B00S B2,jun/2026,2025-06-30,2026-06-30,2026-06-23,NEOE3,TIMS3,0.00021134935524692094,0.0002129364403148555,CONT_2857_PSSA3_2026-06-23;CONT_2858_TIMS3_2026-06-23
B00S B2,jun/2026,2025-06-30,2026-06-30,2026-06-23,PSSA3,PSSA3,0.018658724915413972,0.018842060078428962,CONT_2857_PSSA3_2026-06-23
B00S B2,jun/2026,2025-06-30,2026-06-30,2026-06-23,TIMS3,TIMS3,0.0099606823050026,0.010035480026217508,CONT_2858_TIMS3_2026-06-23
B00S B2,jun/2026,2025-06-30,2026-06-30,2026-06-24,CMIG4,CMIG4,0.004689168760844843,0.0047373738407016155,CMIG4_2026-06-24_DISTRIBUTION_373
B00S B2,jun/2026,2025-06-30,2026-06-30,2026-06-24,CSMG3,CSMG3,0.013076910861445237,0.013161249657971058,CONT_2481_CSMG3_2026-06-24
B00S B2,jun/2026,2025-06-30,2026-06-30,2026-06-24,NEOE3,CMIG4,9.949647663702915e-05,0.00010051930943456133,CMIG4_2026-06-24_DISTRIBUTION_373;CONT_2481_CSMG3_2026-06-24
B00S B2,jun/2026,2025-06-30,2026-06-30,2026-06-24,NEOE3,CSMG3,0.0002774706184334214,0.00027926014948382753,CMIG4_2026-06-24_DISTRIBUTION_373;CONT_2481_CSMG3_2026-06-24
B00S B2,jun/2026,2025-06-30,2026-06-30,2026-06-29,NEOE3,VIVT3,0.0001692911964691507,0.00016964539804750092,CONT_2859_VIVT3_2026-06-29
B00S B2,jun/2026,2025-06-30,2026-06-30,2026-06-29,VIVT3,VIVT3,0.007978523630190039,0.007995216793931916,CONT_2859_VIVT3_2026-06-29
B00S B2,jun/2026,2025-06-30,2026-06-30,2026-06-30,ABCB4,ABCB4,0.005428899389101418,0.005695662303971862,CONT_0_ABCB4_2026-06-30
B00S B2,jun/2026,2025-06-30,2026-06-30,2026-06-30,NEOE3,ABCB4,0.00011519234832042844,0.00012085262021097368,CONT_0_ABCB4_2026-06-30
B00S BH+entradas,jun/2016,2015-06-30,2016-06-30,2015-07-01,ABCB4,ABCB4,0.003118352548601947,0.00323028096039786,CONT_26_ABCB4_2015-07-01
B00S BH+entradas,jun/2016,2015-06-30,2016-06-30,2015-07-01,ITUB4,ITUB4,0.0013011711539281027,0.0013017385250708039,ITUB4_2015-07-01_DISTRIBUTION_280
B00S BH+entradas,jun/2016,2015-06-30,2016-06-30,2015-07-02,BBDC4,BBDC4,0.0015526811537158569,0.0015537016534848094,BBDC4_2015-07-02_DISTRIBUTION_317
B00S BH+entradas,jun/2016,2015-06-30,2016-06-30,2015-07-14,ITUB4,ITUB4,0.0013017385250708039,0.0014319123775778844,ITUB4_2015-07-14_SHARES_662
B00S BH+entradas,jun/2016,2015-06-30,2016-06-30,2015-08-03,ITUB4,ITUB4,0.0014319123775778844,0.0014326302480880337,ITUB4_2015-08-03_DISTRIBUTION_279
B00S BH+entradas,jun/2016,2015-06-30,2016-06-30,2015-08-03,VIVT4,VIVT4,0.002459675206896779,0.0024672447746993467,CONT_2802_VIVT4_2015-08-03
B00S BH+entradas,jun/2016,2015-06-30,2016-06-30,2015-08-04,BBDC4,BBDC4,0.0015537016534848094,0.0015548342386602937,BBDC4_2015-08-04_DISTRIBUTION_316
B00S BH+entradas,jun/2016,2015-06-30,2016-06-30,2015-08-10,GETI4,GETI4,0.00111137639245406,0.0011353893678253608,GETI_DIST_20150810
B00S BH+entradas,jun/2016,2015-06-30,2016-06-30,2015-08-12,CSMG3,CSMG3,0.002496590816918075,0.002498719536686501,CONT_994_CSMG3_2015-08-12
B00S BH+entradas,jun/2016,2015-06-30,2016-06-30,2015-08-13,ITUB4,ITUB4,0.0014326302480880337,0.0014511954190932195,ITUB4_2015-08-13_DISTRIBUTION_278
B00S BH+entradas,jun/2016,2015-06-30,2016-06-30,2015-08-21,TBLE3,TBLE3,0.0006398651802776397,0.0006489818980802254,TBLE3_2015-08-21_DISTRIBUTION_368
B00S BH+entradas,jun/2016,2015-06-30,2016-06-30,2015-08-24,BBAS3,BBAS3,0.0017358990668621995,0.001748219110621966,CONT_253_BBAS3_2015-08-24;CONT_254_BBAS3_2015-08-24
B00S BH+entradas,jun/2016,2015-06-30,2016-06-30,2015-09-01,ITUB4,ITUB4,0.0014511954190932195,0.0014520352312570467,ITUB4_2015-09-01_DISTRIBUTION_277
B00S BH+entradas,jun/2016,2015-06-30,2016-06-30,2015-09-01,VIVT4,VIVT4,0.0024672447746993467,0.0024762087559349216,CONT_2801_VIVT4_2015-09-01
B00S BH+entradas,jun/2016,2015-06-30,2016-06-30,2015-09-02,BBDC4,BBDC4,0.0015548342386602937,0.0015561293520362919,BBDC4_2015-09-02_DISTRIBUTION_315
B00S BH+entradas,jun/2016,2015-06-30,2016-06-30,2015-09-10,BRSR6,BRSR6,0.003953470928408487,0.004084126989574772,CONT_695_BRSR6_2015-09-10
B00S BH+entradas,jun/2016,2015-06-30,2016-06-30,2015-09-14,BBAS3,BBAS3,0.001748219110621966,0.0017754534601600004,CONT_252_BBAS3_2015-09-14
B00S BH+entradas,jun/2016,2015-06-30,2016-06-30,2015-10-01,ITUB4,ITUB4,0.0014520352312570467,0.0014528455187744892,ITUB4_2015-10-01_DISTRIBUTION_276
B00S BH+entradas,jun/2016,2015-06-30,2016-06-30,2015-10-01,VIVT4,VIVT4,0.0024762087559349216,0.0024821671831031836,CONT_2800_VIVT4_2015-10-01
B00S BH+entradas,jun/2016,2015-06-30,2016-06-30,2015-10-02,BBDC4,BBDC4,0.0015561293520362919,0.0015574410915846785,BBDC4_2015-10-02_DISTRIBUTION_314
B00S BH+entradas,jun/2016,2015-06-30,2016-06-30,2015-10-29,PSSA3,PSSA3,0.006570750756839485,0.006730023316348337,CONT_2161_PSSA3_2015-10-29
B00S BH+entradas,jun/2016,2015-06-30,2016-06-30,2015-11-03,ITUB4,ITUB4,0.0014528455187744892,0.0014536194066573592,ITUB4_2015-11-03_DISTRIBUTION_275
B00S BH+entradas,jun/2016,2015-06-30,2016-06-30,2015-11-03,VIVT4,VIVT4,0.0024821671831031836,0.002485374848444375,CONT_2799_VIVT4_2015-11-03
B00S BH+entradas,jun/2016,2015-06-30,2016-06-30,2015-11-04,BBDC4,BBDC4,0.0015574410915846785,0.0015588060868383308,BBDC4_2015-11-04_DISTRIBUTION_313
B00S BH+entradas,jun/2016,2015-06-30,2016-06-30,2015-11-12,CSMG3,CSMG3,0.002498719536686501,0.0025021711874666317,CONT_993_CSMG3_2015-11-12
B00S BH+entradas,jun/2016,2015-06-30,2016-06-30,2015-11-24,BBAS3,BBAS3,0.0017754534601600004,0.0017917575417466386,CONT_251_BBAS3_2015-11-24
B00S BH+entradas,jun/2016,2015-06-30,2016-06-30,2015-11-24,TBLE3,TBLE3,0.0006489818980802254,0.0006577809713611199,TBLE3_2015-11-24_DISTRIBUTION_367
B00S BH+entradas,jun/2016,2015-06-30,2016-06-30,2015-11-26,TRPL4,TRPL4,0.0007693427927569583,0.0007934226330338783,CONT_1398_TRPL4_2015-11-26
B00S BH+entradas,jun/2016,2015-06-30,2016-06-30,2015-12-01,ITUB4,ITUB4,0.0014536194066573592,0.0014543984095548176,ITUB4_2015-12-01_DISTRIBUTION_274
B00S BH+entradas,jun/2016,2015-06-30,2016-06-30,2015-12-01,VIVT4,VIVT4,0.002485374848444375,0.0024949689047636435,CONT_2798_VIVT4_2015-12-01
B00S BH+entradas,jun/2016,2015-06-30,2016-06-30,2015-12-02,BBDC4,BBDC4,0.0015588060868383308,0.0015602165802940198,BBDC4_2015-12-02_DISTRIBUTION_312
B00S BH+entradas,jun/2016,2015-06-30,2016-06-30,2015-12-04,BRSR6,BRSR6,0.004084126989574772,0.004263081383918588,CONT_694_BRSR6_2015-12-04
B00S BH+entradas,jun/2016,2015-06-30,2016-06-30,2015-12-10,ITUB4,ITUB4,0.0014543984095548176,0.0014649528980130453,ITUB4_2015-12-10_DISTRIBUTION_273
B00S BH+entradas,jun/2016,2015-06-30,2016-06-30,2015-12-14,BBAS3,BBAS3,0.0017917575417466386,0.001821314097758385,CONT_250_BBAS3_2015-12-14
B00S BH+entradas,jun/2016,2015-06-30,2016-06-30,2015-12-14,PSSA3,PSSA3,0.006730023316348337,0.0067971617368946125,CONT_2160_PSSA3_2015-12-14
B00S BH+entradas,jun/2016,2015-06-30,2016-06-30,2015-12-17,BBDC4,BBDC4,0.0015602165802940198,0.0016243630203289033,BBDC4_2015-12-17_DISTRIBUTION_311
B00S BH+entradas,jun/2016,2015-06-30,2016-06-30,2015-12-22,ENBR3,ENBR3,0.001924293002986108,0.001929209140926007,CONT_1109_ENBR3_2015-12-22
B00S BH+entradas,jun/2016,2015-06-30,2016-06-30,2015-12-28,EQTL3,EQTL3,0.0008166083504729669,0.0008248095821132979,CONT_1127_EQTL3_2015-12-28
B00S BH+entradas,jun/2016,2015-06-30,2016-06-30,2016-01-04,ABCB4,ABCB4,0.00323028096039786,0.003414245493673458,CONT_25_ABCB4_2016-01-04
B00S BH+entradas,jun/2016,2015-06-30,2016-06-30,2016-01-04,CMIG4,CMIG4,0.0013789503988242493,0.001417674789478865,CMIG4_2016-01-04_DISTRIBUTION_640
B00S BH+entradas,jun/2016,2015-06-30,2016-06-30,2016-01-04,GETI4,GETI4,0.0011353893678253608,0,GETI_TIET_20160104
B00S BH+entradas,jun/2016,2015-06-30,2016-06-30,2016-01-04,GETI4,TIET11,0,0.0011353893678253608,GETI_TIET_20160104
B00S BH+entradas,jun/2016,2015-06-30,2016-06-30,2016-01-04,ITUB4,ITUB4,0.0014649528980130453,0.001465827322743256,ITUB4_2016-01-04_DISTRIBUTION_272
B00S BH+entradas,jun/2016,2015-06-30,2016-06-30,2016-01-04,VIVT4,VIVT4,0.0024949689047636435,0.0025079748098825673,CONT_2797_VIVT4_2016-01-04
B00S BH+entradas,jun/2016,2015-06-30,2016-06-30,2016-01-05,BBDC4,BBDC4,0.0016243630203289033,0.0016259809719329664,BBDC4_2016-01-05_DISTRIBUTION_310
B00S BH+entradas,jun/2016,2015-06-30,2016-06-30,2016-02-01,ITUB4,ITUB4,0.001465827322743256,0.001466690589717781,ITUB4_2016-02-01_DISTRIBUTION_271
B00S BH+entradas,jun/2016,2015-06-30,2016-06-30,2016-02-02,BBDC4,BBDC4,0.0016259809719329664,0.0016277094132987962,BBDC4_2016-02-02_DISTRIBUTION_309
B00S BH+entradas,jun/2016,2015-06-30,2016-06-30,2016-02-19,ITUB4,ITUB4,0.001466690589717781,0.0015062374509419803,ITUB4_2016-02-19_DISTRIBUTION_269;ITUB4_2016-02-19_DISTRIBUTION_270
B00S BH+entradas,jun/2016,2015-06-30,2016-06-30,2016-03-01,ITUB4,ITUB4,0.0015062374509419803,0.0015070874720768234,ITUB4_2016-03-01_DISTRIBUTION_268
B00S BH+entradas,jun/2016,2015-06-30,2016-06-30,2016-03-01,VIVT4,VIVT4,0.0025079748098825673,0.0025158137288658258,CONT_2796_VIVT4_2016-03-01
B00S BH+entradas,jun/2016,2015-06-30,2016-06-30,2016-03-02,BBDC4,BBDC4,0.0016277094132987962,0.0016290882291570483,BBDC4_2016-03-02_DISTRIBUTION_308
B00S BH+entradas,jun/2016,2015-06-30,2016-06-30,2016-03-03,BBAS3,BBAS3,0.001821314097758385,0.001831245023202554,CONT_248_BBAS3_2016-03-03;CONT_249_BBAS3_2016-03-03
B00S BH+entradas,jun/2016,2015-06-30,2016-06-30,2016-03-11,BRSR6,BRSR6,0.004263081383918588,0.004374021694221042,CONT_693_BRSR6_2016-03-11
B00S BH+entradas,jun/2016,2015-06-30,2016-06-30,2016-03-14,BBAS3,BBAS3,0.001831245023202554,0.001839352405946105,CONT_247_BBAS3_2016-03-14
B00S BH+entradas,jun/2016,2015-06-30,2016-06-30,2016-03-30,PSSA3,PSSA3,0.0067971617368946125,0.006831772348999016,CONT_2159_PSSA3_2016-03-30
B00S BH+entradas,jun/2016,2015-06-30,2016-06-30,2016-04-01,ITUB4,ITUB4,0.0015070874720768234,0.001507807189112199,ITUB4_2016-04-01_DISTRIBUTION_267
B00S BH+entradas,jun/2016,2015-06-30,2016-06-30,2016-04-01,VIVT4,VIVT4,0.0025158137288658258,0.0025273955077526394,CONT_2795_VIVT4_2016-04-01
B00S BH+entradas,jun/2016,2015-06-30,2016-06-30,2016-04-04,BBDC4,BBDC4,0.0016290882291570483,0.0016302516329204056,BBDC4_2016-04-04_DISTRIBUTION_307
B00S BH+entradas,jun/2016,2015-06-30,2016-06-30,2016-04-06,SBSP3,SBSP3,0.004331936489752068,0.00437365777531213,CONT_2263_SBSP3_2016-04-06
B00S BH+entradas,jun/2016,2015-06-30,2016-06-30,2016-04-13,TIMP3,TIMP3,0.007871613717218066,0.008072132719277725,TIMP_GROSS_2016-04-13
B00S BH+entradas,jun/2016,2015-06-30,2016-06-30,2016-04-14,ENBR3,ENBR3,0.001929209140926007,0.0020266539163271446,CONT_1108_ENBR3_2016-04-14
B00S BH+entradas,jun/2016,2015-06-30,2016-06-30,2016-04-18,BBDC4,BBDC4,0.0016302516329204056,0.0017932767962124463,BBDC4_2016-04-18_SHARES_668
B00S BH+entradas,jun/2016,2015-06-30,2016-06-30,2016-04-18,EQTL3,EQTL3,0.0008248095821132979,0.0008380636297863175,CONT_1126_EQTL3_2016-04-18
B00S BH+entradas,jun/2016,2015-06-30,2016-06-30,2016-04-28,COCE5,COCE5,0.0005803584732410815,0.0005949429774918376,CONT_832_COCE5_2016-04-28
B00S BH+entradas,jun/2016,2015-06-30,2016-06-30,2016-04-29,CPLE6,CPLE6,0.0006330904919683276,0.0006611497513461948,CONT_923_CPLE6_2016-04-29;CONT_924_CPLE6_2016-04-29
B00S BH+entradas,jun/2016,2015-06-30,2016-06-30,2016-04-29,GETI4,TIET11,0.0011353893678253608,0.0012332126656032303,CONT_2619_TIET11_2016-04-29
B00S BH+entradas,jun/2016,2015-06-30,2016-06-30,2016-04-29,VIVT4,VIVT4,0.0025273955077526394,0.0025743135475724405,CONT_2794_VIVT4_2016-04-29
B00S BH+entradas,jun/2016,2015-06-30,2016-06-30,2016-05-02,CMIG4,CMIG4,0.001417674789478865,0.0014905423425563204,CMIG4_2016-05-02_DISTRIBUTION_641
B00S BH+entradas,jun/2016,2015-06-30,2016-06-30,2016-05-02,CPFE3,CPFE3,0.0010360764078874755,0.0010730032065647483,CONT_847_CPFE3_2016-05-02;CPFE_BONUS_20160502
B00S BH+entradas,jun/2016,2015-06-30,2016-06-30,2016-05-02,ITUB4,ITUB4,0.001507807189112199,0.0015085150798113127,ITUB4_2016-05-02_DISTRIBUTION_266
B00S BH+entradas,jun/2016,2015-06-30,2016-06-30,2016-05-02,VIVT4,VIVT4,0.0025743135475724405,0.002582352149834784,CONT_2793_VIVT4_2016-05-02
B00S BH+entradas,jun/2016,2015-06-30,2016-06-30,2016-05-03,BBDC4,BBDC4,0.0017932767962124463,0.0017946466466428918,BBDC4_2016-05-03_DISTRIBUTION_306
B00S BH+entradas,jun/2016,2015-06-30,2016-06-30,2016-05-09,GETI4,TIET11,0.0012332126656032303,0.0012539379969078788,CONT_2618_TIET11_2016-05-09
B00S BH+entradas,jun/2016,2015-06-30,2016-06-30,2016-05-11,TBLE3,TBLE3,0.0006577809713611199,0.0006635539150241997,TBLE3_2016-05-11_DISTRIBUTION_366
B00S BH+entradas,jun/2016,2015-06-30,2016-06-30,2016-05-12,CSMG3,CSMG3,0.0025021711874666317,0.002522706994751833,CONT_992_CSMG3_2016-05-12
B00S BH+entradas,jun/2016,2015-06-30,2016-06-30,2016-05-24,BBAS3,BBAS3,0.001839352405946105,0.0018547397479994562,CONT_246_BBAS3_2016-05-24
B00S BH+entradas,jun/2016,2015-06-30,2016-06-30,2016-06-01,ITUB4,ITUB4,0.0015085150798113127,0.00150928290221366,ITUB4_2016-06-01_DISTRIBUTION_265
B00S BH+entradas,jun/2016,2015-06-30,2016-06-30,2016-06-02,BBDC4,BBDC4,0.0017946466466428918,0.001796068487032977,BBDC4_2016-06-02_DISTRIBUTION_305
B00S BH+entradas,jun/2016,2015-06-30,2016-06-30,2016-06-14,BBAS3,BBAS3,0.0018547397479994562,0.0018705994561806275,CONT_245_BBAS3_2016-06-14
B00S BH+entradas,jun/2016,2015-06-30,2016-06-30,2016-06-14,BRSR6,BRSR6,0.004374021694221042,0.004485353674330909,CONT_692_BRSR6_2016-06-14
B00S BH+entradas,jun/2016,2015-06-30,2016-06-30,2016-06-22,TRPL4,TRPL4,0.0007934226330338783,0.0008020929857432895,CONT_1397_TRPL4_2016-06-22
B00S BH+entradas,jun/2016,2015-06-30,2016-06-30,2016-06-23,BBDC4,BBDC4,0.001796068487032977,0.0018094510374735138,BBDC4_2016-06-23_DISTRIBUTION_304
B00S BH+entradas,jun/2017,2016-06-30,2017-06-30,2016-07-01,ABCB4,ABCB4,0.0034142454936734574,0.003564647947896372,CONT_24_ABCB4_2016-07-01
B00S BH+entradas,jun/2017,2016-06-30,2017-06-30,2016-07-01,ITUB4,ITUB4,0.00150928290221366,0.0015100153267860704,ITUB4_2016-07-01_DISTRIBUTION_264
B00S BH+entradas,jun/2017,2016-06-30,2017-06-30,2016-07-01,VIVT4,VIVT4,0.002582352149834784,0.0025881377111706674,CONT_2792_VIVT4_2016-07-01
B00S BH+entradas,jun/2017,2016-06-30,2017-06-30,2016-07-04,BBDC4,BBDC4,0.0018094510374735138,0.0018107864706835843,BBDC4_2016-07-04_DISTRIBUTION_303
B00S BH+entradas,jun/2017,2016-06-30,2017-06-30,2016-08-01,ITUB4,ITUB4,0.0015100153267860704,0.0015106928688112511,ITUB4_2016-08-01_DISTRIBUTION_263
B00S BH+entradas,jun/2017,2016-06-30,2017-06-30,2016-08-02,BBDC4,BBDC4,0.0018107864706835843,0.0018120122761570415,BBDC4_2016-08-02_DISTRIBUTION_302
B00S BH+entradas,jun/2017,2016-06-30,2017-06-30,2016-08-09,TBLE3,TBLE3,0.0006635539150241997,0.000679320345222736,TBLE3_2016-08-09_DISTRIBUTION_365
B00S BH+entradas,jun/2017,2016-06-30,2017-06-30,2016-08-10,TIET11,TIET11,0.0012539379969078788,0.0012772801592150532,CONT_2617_TIET11_2016-08-10
B00S BH+entradas,jun/2017,2016-06-30,2017-06-30,2016-08-15,ITUB4,ITUB4,0.0015106928688112511,0.0015272888615055157,ITUB4_2016-08-15_DISTRIBUTION_262
B00S BH+entradas,jun/2017,2016-06-30,2017-06-30,2016-08-23,BBAS3,BBAS3,0.0018705994561806275,0.0018821946373074826,CONT_243_BBAS3_2016-08-23;CONT_244_BBAS3_2016-08-23
B00S BH+entradas,jun/2017,2016-06-30,2017-06-30,2016-08-23,CSMG3,CSMG3,0.002522706994751833,0.0025405627887700425,CONT_991_CSMG3_2016-08-23
B00S BH+entradas,jun/2017,2016-06-30,2017-06-30,2016-09-01,ITUB4,ITUB4,0.0015272888615055157,0.0015279218908761313,ITUB4_2016-09-01_DISTRIBUTION_261
B00S BH+entradas,jun/2017,2016-06-30,2017-06-30,2016-09-02,BBDC4,BBDC4,0.0018120122761570415,0.0018131742425931934,BBDC4_2016-09-02_DISTRIBUTION_301
B00S BH+entradas,jun/2017,2016-06-30,2017-06-30,2016-09-08,BRSR6,BRSR6,0.004485353674330909,0.004559031155293438,CONT_691_BRSR6_2016-09-08
B00S BH+entradas,jun/2017,2016-06-30,2017-06-30,2016-09-13,BBAS3,BBAS3,0.0018821946373074826,0.0018930253438313594,CONT_242_BBAS3_2016-09-13
B00S BH+entradas,jun/2017,2016-06-30,2017-06-30,2016-10-03,BBDC4,BBDC4,0.0018131742425931934,0.001851411939619249,BBDC4_2016-10-03_DISTRIBUTION_300
B00S BH+entradas,jun/2017,2016-06-30,2017-06-30,2016-10-03,ITUB4,ITUB4,0.0015279218908761313,0.0015285523950952,ITUB4_2016-10-03_DISTRIBUTION_260
B00S BH+entradas,jun/2017,2016-06-30,2017-06-30,2016-10-03,VIVT4,VIVT4,0.0025881377111706674,0.00261012075383872,CONT_2791_VIVT4_2016-10-03
B00S BH+entradas,jun/2017,2016-06-30,2017-06-30,2016-10-04,BBDC4,BBDC4,0.001851411939619249,0.0018525751908753615,BBDC4_2016-10-04_DISTRIBUTION_299
B00S BH+entradas,jun/2017,2016-06-30,2017-06-30,2016-10-18,ITUB4,ITUB4,0.0015285523950952,0.0016814076346047201,ITUB4_2016-10-18_SHARES_663
B00S BH+entradas,jun/2017,2016-06-30,2017-06-30,2016-10-28,PSSA3,PSSA3,0.006831772348999016,0.007075928364136402,CONT_2158_PSSA3_2016-10-28
B00S BH+entradas,jun/2017,2016-06-30,2017-06-30,2016-11-01,ITUB4,ITUB4,0.0016814076346047201,0.001682084711504561,ITUB4_2016-11-01_DISTRIBUTION_259
B00S BH+entradas,jun/2017,2016-06-30,2017-06-30,2016-11-03,BBDC4,BBDC4,0.0018525751908753615,0.0018536851454192516,BBDC4_2016-11-03_DISTRIBUTION_298
B00S BH+entradas,jun/2017,2016-06-30,2017-06-30,2016-11-09,TIET11,TIET11,0.0012772801592150532,0.0012972404056390296,CONT_2616_TIET11_2016-11-09
B00S BH+entradas,jun/2017,2016-06-30,2017-06-30,2016-11-11,TBLE3,TBLE3,0.000679320345222736,0.0006921257620146753,TBLE3_2016-11-11_DISTRIBUTION_364
B00S BH+entradas,jun/2017,2016-06-30,2017-06-30,2016-11-17,CSMG3,CSMG3,0.0025405627887700425,0.002560458216202939,CONT_990_CSMG3_2016-11-17
B00S BH+entradas,jun/2017,2016-06-30,2017-06-30,2016-11-22,BBAS3,BBAS3,0.0018930253438313594,0.0019003027401219997,CONT_241_BBAS3_2016-11-22
B00S BH+entradas,jun/2017,2016-06-30,2017-06-30,2016-12-01,ITUB4,ITUB4,0.001682084711504561,0.0016828311988025659,ITUB4_2016-12-01_DISTRIBUTION_258
B00S BH+entradas,jun/2017,2016-06-30,2017-06-30,2016-12-02,BBDC4,BBDC4,0.0018536851454192516,0.0018549184315896747,BBDC4_2016-12-02_DISTRIBUTION_297
B00S BH+entradas,jun/2017,2016-06-30,2017-06-30,2016-12-05,TRPL4,TRPL4,0.0008020929857432895,0.0008130332457347482,CONT_1396_TRPL4_2016-12-05
B00S BH+entradas,jun/2017,2016-06-30,2017-06-30,2016-12-12,TIET11,TIET11,0.0012972404056390296,0.0013117918874347586,CONT_2615_TIET11_2016-12-12
B00S BH+entradas,jun/2017,2016-06-30,2017-06-30,2016-12-13,BBAS3,BBAS3,0.0019003027401219997,0.0019059450912461199,CONT_240_BBAS3_2016-12-13
B00S BH+entradas,jun/2017,2016-06-30,2017-06-30,2016-12-15,BRSR6,BRSR6,0.004559031155293438,0.004576775258856568,CONT_690_BRSR6_2016-12-15
B00S BH+entradas,jun/2017,2016-06-30,2017-06-30,2016-12-21,PSSA3,PSSA3,0.007075928364136402,0.00710357560219139,CONT_2157_PSSA3_2016-12-21
B00S BH+entradas,jun/2017,2016-06-30,2017-06-30,2016-12-22,BBDC4,BBDC4,0.0018549184315896747,0.0018745003795688265,BBDC4_2016-12-22_DISTRIBUTION_296
B00S BH+entradas,jun/2017,2016-06-30,2017-06-30,2016-12-23,ITUB4,ITUB4,0.0016828311988025659,0.001707262570133503,ITUB4_2016-12-23_DISTRIBUTION_257
B00S BH+entradas,jun/2017,2016-06-30,2017-06-30,2016-12-27,CMIG4,CMIG4,0.0014905423425563204,0.0015515373003867593,CMIG4_2016-12-27_DISTRIBUTION_642
B00S BH+entradas,jun/2017,2016-06-30,2017-06-30,2016-12-27,EQTL3,EQTL3,0.0008380636297863176,0.0008424744909957193,CONT_1125_EQTL3_2016-12-27
B00S BH+entradas,jun/2017,2016-06-30,2017-06-30,2016-12-29,ENBR3,ENBR3,0.0020266539163271446,0.00210900122830315,CONT_1107_ENBR3_2016-12-29
B00S BH+entradas,jun/2017,2016-06-30,2017-06-30,2017-01-02,ABCB4,ABCB4,0.003564647947896372,0.003709001459835977,CONT_23_ABCB4_2017-01-02
B00S BH+entradas,jun/2017,2016-06-30,2017-06-30,2017-01-02,ITUB4,ITUB4,0.001707262570133503,0.0017080263320944933,ITUB4_2017-01-02_DISTRIBUTION_256
B00S BH+entradas,jun/2017,2016-06-30,2017-06-30,2017-01-02,VIVT4,VIVT4,0.00261012075383872,0.0026319746449769248,CONT_2790_VIVT4_2017-01-02
B00S BH+entradas,jun/2017,2016-06-30,2017-06-30,2017-01-03,BBDC4,BBDC4,0.0018745003795688265,0.0018756859891245847,BBDC4_2017-01-03_DISTRIBUTION_623
B00S BH+entradas,jun/2017,2016-06-30,2017-06-30,2017-01-13,CPFE3,CPFE3,0.0010730032065647483,0.0010822876584124467,CONT_846_CPFE3_2017-01-13
B00S BH+entradas,jun/2017,2016-06-30,2017-06-30,2017-02-01,ITUB4,ITUB4,0.0017080263320944933,0.0017087073633273858,ITUB4_2017-02-01_DISTRIBUTION_255
B00S BH+entradas,jun/2017,2016-06-30,2017-06-30,2017-02-02,BBDC4,BBDC4,0.0018756859891245847,0.0018768267193613672,BBDC4_2017-02-02_DISTRIBUTION_624
B00S BH+entradas,jun/2017,2016-06-30,2017-06-30,2017-02-21,ITUB4,ITUB4,0.0017087073633273858,0.0017411414316143884,ITUB4_2017-02-21_DISTRIBUTION_254
B00S BH+entradas,jun/2017,2016-06-30,2017-06-30,2017-03-01,ITUB4,ITUB4,0.0017411414316143884,0.0017417951768327667,ITUB4_2017-03-01_DISTRIBUTION_253
B00S BH+entradas,jun/2017,2016-06-30,2017-06-30,2017-03-01,VIVT4,VIVT4,0.0026319746449769248,0.0026382882611066653,CONT_2789_VIVT4_2017-03-01
B00S BH+entradas,jun/2017,2016-06-30,2017-06-30,2017-03-02,BBAS3,BBAS3,0.0019059450912461199,0.0019074296914318855,CONT_238_BBAS3_2017-03-02;CONT_239_BBAS3_2017-03-02
B00S BH+entradas,jun/2017,2016-06-30,2017-06-30,2017-03-02,BBDC4,BBDC4,0.0018768267193613672,0.0018779058838621545,BBDC4_2017-03-02_DISTRIBUTION_625
B00S BH+entradas,jun/2017,2016-06-30,2017-06-30,2017-03-14,BBAS3,BBAS3,0.0019074296914318855,0.0019114861687458099,CONT_237_BBAS3_2017-03-14
B00S BH+entradas,jun/2017,2016-06-30,2017-06-30,2017-03-14,BRSR6,BRSR6,0.004576775258856568,0.004635112422725159,CONT_689_BRSR6_2017-03-14
B00S BH+entradas,jun/2017,2016-06-30,2017-06-30,2017-03-17,CSMG3,CSMG3,0.002560458216202939,0.00257687705587495,CONT_989_CSMG3_2017-03-17
B00S BH+entradas,jun/2017,2016-06-30,2017-06-30,2017-03-23,CSMG3,CSMG3,0.00257687705587495,0.002591246257027713,CONT_988_CSMG3_2017-03-23
B00S BH+entradas,jun/2017,2016-06-30,2017-06-30,2017-04-03,ITUB4,ITUB4,0.0017417951768327667,0.0017424734459826237,ITUB4_2017-04-03_DISTRIBUTION_252
B00S BH+entradas,jun/2017,2016-06-30,2017-06-30,2017-04-03,VIVT4,VIVT4,0.0026382882611066653,0.0026503701542768304,CONT_2788_VIVT4_2017-04-03
B00S BH+entradas,jun/2017,2016-06-30,2017-06-30,2017-04-04,BBDC4,BBDC4,0.0018779058838621545,0.001878993247471134,BBDC4_2017-04-04_DISTRIBUTION_626
B00S BH+entradas,jun/2017,2016-06-30,2017-06-30,2017-04-11,SBSP3,SBSP3,0.00437365777531213,0.0045367965644048875,CONT_2262_SBSP3_2017-04-11
B00S BH+entradas,jun/2017,2016-06-30,2017-06-30,2017-04-20,TIMP3,TIMP3,0.008072132719277725,0.008119561326834055,TIMP_GROSS_2017-04-20
B00S BH+entradas,jun/2017,2016-06-30,2017-06-30,2017-04-24,TIET11,TIET11,0.0013117918874347586,0.0013201940449252575,CONT_2614_TIET11_2017-04-24
B00S BH+entradas,jun/2017,2016-06-30,2017-06-30,2017-04-26,COCE5,COCE5,0.0005949429774918376,0.0006209975685057541,CONT_831_COCE5_2017-04-26
B00S BH+entradas,jun/2017,2016-06-30,2017-06-30,2017-04-27,VIVT4,VIVT4,0.0026503701542768304,0.0027166435988537773,CONT_2787_VIVT4_2017-04-27
B00S BH+entradas,jun/2017,2016-06-30,2017-06-30,2017-04-28,EQTL3,EQTL3,0.0008424744909957193,0.0008513841503890544,CONT_1124_EQTL3_2017-04-28
B00S BH+entradas,jun/2017,2016-06-30,2017-06-30,2017-05-02,BBDC4,BBDC4,0.001878993247471134,0.0020668925722182475,BBDC4_2017-05-02_SHARES_669
B00S BH+entradas,jun/2017,2016-06-30,2017-06-30,2017-05-02,CPLE6,CPLE6,0.0006611497513461948,0.0007067132850256707,CONT_921_CPLE6_2017-05-02;CONT_922_CPLE6_2017-05-02
B00S BH+entradas,jun/2017,2016-06-30,2017-06-30,2017-05-02,ITUB4,ITUB4,0.0017424734459826237,0.0017431260577601452,ITUB4_2017-05-02_DISTRIBUTION_251
B00S BH+entradas,jun/2017,2016-06-30,2017-06-30,2017-05-03,BBDC4,BBDC4,0.0020668925722182475,0.002068151605662272,BBDC4_2017-05-03_DISTRIBUTION_627
B00S BH+entradas,jun/2017,2016-06-30,2017-06-30,2017-05-05,BRSR6,BRSR6,0.004635112422725159,0.004647588297441127,CONT_688_BRSR6_2017-05-05
B00S BH+entradas,jun/2017,2016-06-30,2017-06-30,2017-05-11,TIET11,TIET11,0.0013201940449252575,0.0013535012033359165,CONT_2613_TIET11_2017-05-11
B00S BH+entradas,jun/2017,2016-06-30,2017-06-30,2017-05-15,CMIG4,CMIG4,0.0015515373003867593,0.0015939970465276862,CMIG4_2017-05-15_DISTRIBUTION_643
B00S BH+entradas,jun/2017,2016-06-30,2017-06-30,2017-05-16,BRSR6,BRSR6,0.004647588297441127,0.004706814554363345,CONT_687_BRSR6_2017-05-16
B00S BH+entradas,jun/2017,2016-06-30,2017-06-30,2017-05-23,BBAS3,BBAS3,0.0019114861687458099,0.0019243801846639196,CONT_236_BBAS3_2017-05-23
B00S BH+entradas,jun/2017,2016-06-30,2017-06-30,2017-05-30,TBLE3,TBLE3,0.0006921257620146753,0.0007052286511858561,TBLE3_2017-05-30_DISTRIBUTION_363
B00S BH+entradas,jun/2017,2016-06-30,2017-06-30,2017-06-01,ITUB4,ITUB4,0.0017431260577601452,0.001743870347280965,ITUB4_2017-06-01_DISTRIBUTION_250
B00S BH+entradas,jun/2017,2016-06-30,2017-06-30,2017-06-02,BBDC4,BBDC4,0.002068151605662272,0.002069606658747199,BBDC4_2017-06-02_DISTRIBUTION_628
B00S BH+entradas,jun/2017,2016-06-30,2017-06-30,2017-06-02,TRPL4,TRPL4,0.0008130332457347482,0.0008234366312800032,CONT_1395_TRPL4_2017-06-02
B00S BH+entradas,jun/2017,2016-06-30,2017-06-30,2017-06-13,BBAS3,BBAS3,0.0019243801846639196,0.0019298986253415205,CONT_235_BBAS3_2017-06-13
B00S BH+entradas,jun/2017,2016-06-30,2017-06-30,2017-06-22,CSMG3,CSMG3,0.002591246257027713,0.002611699636612055,CONT_987_CSMG3_2017-06-22
B00S BH+entradas,jun/2018,2017-06-30,2018-06-29,2017-07-03,ABCB4,ABCB4,0.0033381013138523794,0.0034529651727265545,CONT_22_ABCB4_2017-07-03
B00S BH+entradas,jun/2018,2017-06-30,2018-06-29,2017-07-03,BBDC4,BBDC4,0.0018626459928724791,0.0018732988540835294,BBDC4_2017-07-03_DISTRIBUTION_629
B00S BH+entradas,jun/2018,2017-06-30,2018-06-29,2017-07-03,ITUB4,ITUB4,0.0015694833125528688,0.0015701182168055196,ITUB4_2017-07-03_DISTRIBUTION_249
B00S BH+entradas,jun/2018,2017-06-30,2018-06-29,2017-07-03,PSSA3,PSSA3,0.00639321804197225,0.0065532663806892036,CONT_2156_PSSA3_2017-07-03
B00S BH+entradas,jun/2018,2017-06-30,2018-06-29,2017-07-03,SAPR4,SAPR4,0.011433770190019586,0.011779482591736858,CONT_2241_SAPR4_2017-07-03
B00S BH+entradas,jun/2018,2017-06-30,2018-06-29,2017-07-03,VIVT4,VIVT4,0.0024449792389683997,0.0024481115808318576,CONT_2786_VIVT4_2017-07-03
B00S BH+entradas,jun/2018,2017-06-30,2018-06-29,2017-07-04,BBDC4,BBDC4,0.0018732988540835294,0.0018745584390571705,BBDC4_2017-07-04_DISTRIBUTION_630
B00S BH+entradas,jun/2018,2017-06-30,2018-06-29,2017-08-01,ITUB4,ITUB4,0.0015701182168055196,0.0015707299511757036,ITUB4_2017-08-01_DISTRIBUTION_248
B00S BH+entradas,jun/2018,2017-06-30,2018-06-29,2017-08-02,BBDC4,BBDC4,0.0018745584390571705,0.0018757073211095106,BBDC4_2017-08-02_DISTRIBUTION_631
B00S BH+entradas,jun/2018,2017-06-30,2018-06-29,2017-08-10,TBLE3,TBLE3,0.0006347057860672706,0.0006614400141653913,TBLE3_2017-08-10_DISTRIBUTION_362
B00S BH+entradas,jun/2018,2017-06-30,2018-06-29,2017-08-11,TIET11,TIET11,0.0012181510830023248,0.0012407004777546713,CONT_2612_TIET11_2017-08-11
B00S BH+entradas,jun/2018,2017-06-30,2018-06-29,2017-08-15,BRSR6,BRSR6,0.004236133098927011,0.004291409727289617,CONT_686_BRSR6_2017-08-15
B00S BH+entradas,jun/2018,2017-06-30,2018-06-29,2017-08-15,ITUB4,ITUB4,0.0015707299511757036,0.0015865044603757819,ITUB4_2017-08-15_DISTRIBUTION_247
B00S BH+entradas,jun/2018,2017-06-30,2018-06-29,2017-08-22,BBAS3,BBAS3,0.0017369087628073686,0.0017480014847338521,CONT_233_BBAS3_2017-08-22;CONT_234_BBAS3_2017-08-22
B00S BH+entradas,jun/2018,2017-06-30,2018-06-29,2017-09-01,ITUB4,ITUB4,0.0015865044603757819,0.0015870823517528008,ITUB4_2017-09-01_DISTRIBUTION_246
B00S BH+entradas,jun/2018,2017-06-30,2018-06-29,2017-09-04,BBDC4,BBDC4,0.0018757073211095106,0.001876746479887845,BBDC4_2017-09-04_DISTRIBUTION_632
B00S BH+entradas,jun/2018,2017-06-30,2018-06-29,2017-09-12,BBAS3,BBAS3,0.0017480014847338521,0.0017519966645543447,CONT_232_BBAS3_2017-09-12
B00S BH+entradas,jun/2018,2017-06-30,2018-06-29,2017-09-25,CSMG3,CSMG3,0.0023505296729508496,0.0023677374549626565,CONT_986_CSMG3_2017-09-25
B00S BH+entradas,jun/2018,2017-06-30,2018-06-29,2017-10-02,ITUB4,ITUB4,0.0015870823517528008,0.0015876307561590733,ITUB4_2017-10-02_DISTRIBUTION_245
B00S BH+entradas,jun/2018,2017-06-30,2018-06-29,2017-10-02,VIVT4,VIVT4,0.0024481115808318576,0.0024571962596439344,CONT_2785_VIVT4_2017-10-02
B00S BH+entradas,jun/2018,2017-06-30,2018-06-29,2017-10-03,BBDC4,BBDC4,0.001876746479887845,0.0018777115450910238,BBDC4_2017-10-03_DISTRIBUTION_633
B00S BH+entradas,jun/2018,2017-06-30,2018-06-29,2017-10-27,CMIG4,CMIG2,0,0.00022792343446027615,CMIG4_2017-10-27_RIGHT_684
B00S BH+entradas,jun/2018,2017-06-30,2018-06-29,2017-10-30,CMIG4,CMIG2,0.00022792343446027615,0,CMIG2_2017-10-30_RIGHT_REINVEST_685
B00S BH+entradas,jun/2018,2017-06-30,2018-06-29,2017-10-30,CMIG4,CMIG4,0.0014345973418749176,0.0014699546951693963,CMIG2_2017-10-30_RIGHT_REINVEST_685
B00S BH+entradas,jun/2018,2017-06-30,2018-06-29,2017-10-31,PSSA3,PSSA3,0.0065532663806892036,0.00669073700409426,CONT_2155_PSSA3_2017-10-31
B00S BH+entradas,jun/2018,2017-06-30,2018-06-29,2017-11-01,ITUB4,ITUB4,0.0015876307561590733,0.0015882069589498399,ITUB4_2017-11-01_DISTRIBUTION_244
B00S BH+entradas,jun/2018,2017-06-30,2018-06-29,2017-11-03,BBDC4,BBDC4,0.0018777115450910238,0.0018787619347704222,BBDC4_2017-11-03_DISTRIBUTION_634
B00S BH+entradas,jun/2018,2017-06-30,2018-06-29,2017-11-08,TIET11,TIET11,0.0012407004777546713,0.001250752147998886,CONT_2610_TIET11_2017-11-08;CONT_2611_TIET11_2017-11-08
B00S BH+entradas,jun/2018,2017-06-30,2018-06-29,2017-11-10,TBLE3,TBLE3,0.0006614400141653913,0.0006732900550368537,TBLE3_2017-11-10_DISTRIBUTION_361
B00S BH+entradas,jun/2018,2017-06-30,2018-06-29,2017-11-14,BRSR6,BRSR6,0.004291409727289617,0.004313625180382887,CONT_685_BRSR6_2017-11-14
B00S BH+entradas,jun/2018,2017-06-30,2018-06-29,2017-11-16,TIMP3,TIMP3,0.00730760519415065,0.0073565094573851625,TIMP_GROSS_2017-11-16
B00S BH+entradas,jun/2018,2017-06-30,2018-06-29,2017-11-21,CSMG3,CSMG3,0.0023677374549626565,0.0024218140029599105,CONT_985_CSMG3_2017-11-21
B00S BH+entradas,jun/2018,2017-06-30,2018-06-29,2017-11-21,TRPL4,TRPL4,0.0007410929681520028,0.000767604269396296,CONT_1394_TRPL4_2017-11-21
B00S BH+entradas,jun/2018,2017-06-30,2018-06-29,2017-11-22,BBAS3,BBAS3,0.0017519966645543447,0.001763942596789843,CONT_231_BBAS3_2017-11-22
B00S BH+entradas,jun/2018,2017-06-30,2018-06-29,2017-12-01,ITUB4,ITUB4,0.0015882069589498399,0.0015887847689033748,ITUB4_2017-12-01_DISTRIBUTION_243
B00S BH+entradas,jun/2018,2017-06-30,2018-06-29,2017-12-04,BBDC4,BBDC4,0.0018787619347704222,0.0018798386230479437,BBDC4_2017-12-04_DISTRIBUTION_635
B00S BH+entradas,jun/2018,2017-06-30,2018-06-29,2017-12-12,BBAS3,BBAS3,0.001763942596789843,0.0017685974450204816,CONT_230_BBAS3_2017-12-12
B00S BH+entradas,jun/2018,2017-06-30,2018-06-29,2017-12-13,TIET11,TIET11,0.001250752147998886,0.0012537787373542014,CONT_2609_TIET11_2017-12-13
B00S BH+entradas,jun/2018,2017-06-30,2018-06-29,2017-12-15,ITUB4,ITUB4,0.0015887847689033748,0.0015943720017850135,ITUB4_2017-12-15_DISTRIBUTION_242
B00S BH+entradas,jun/2018,2017-06-30,2018-06-29,2017-12-26,BBDC4,BBDC4,0.0018798386230479437,0.0019266743756951312,BBDC4_2017-12-26_DISTRIBUTION_636
B00S BH+entradas,jun/2018,2017-06-30,2018-06-29,2017-12-27,ENBR3,ENBR3,0.001898101105472835,0.0019149784752735086,CONT_1106_ENBR3_2017-12-27
B00S BH+entradas,jun/2018,2017-06-30,2018-06-29,2017-12-27,VIVT4,VIVT4,0.0024571962596439344,0.002502701731307078,CONT_2784_VIVT4_2017-12-27
B00S BH+entradas,jun/2018,2017-06-30,2018-06-29,2018-01-02,ABCB4,ABCB4,0.0034529651727265545,0.003563759953902099,CONT_21_ABCB4_2018-01-02
B00S BH+entradas,jun/2018,2017-06-30,2018-06-29,2018-01-02,CPLE6,CPLE6,0.0006360419565231036,0.000662931751885871,CONT_920_CPLE6_2018-01-02
B00S BH+entradas,jun/2018,2017-06-30,2018-06-29,2018-01-02,ITUB4,ITUB4,0.0015943720017850135,0.0015949170241192608,ITUB4_2018-01-02_DISTRIBUTION_241
B00S BH+entradas,jun/2018,2017-06-30,2018-06-29,2018-01-02,SAPR4,SAPR4,0.011779482591736858,0.012120071119614086,CONT_2240_SAPR4_2018-01-02
B00S BH+entradas,jun/2018,2017-06-30,2018-06-29,2018-01-03,BBDC4,BBDC4,0.0019266743756951312,0.001927726715311827,BBDC4_2018-01-03_DISTRIBUTION_609
B00S BH+entradas,jun/2018,2017-06-30,2018-06-29,2018-01-04,EQTL3,EQTL3,0.000766245735350149,0.00076754245890228,CONT_1123_EQTL3_2018-01-04
B00S BH+entradas,jun/2018,2017-06-30,2018-06-29,2018-01-05,BRSR6,BRSR6,0.004313625180382887,0.0044013098660628264,CONT_684_BRSR6_2018-01-05
B00S BH+entradas,jun/2018,2017-06-30,2018-06-29,2018-02-01,ITUB4,ITUB4,0.0015949170241192608,0.001595372627915905,ITUB4_2018-02-01_DISTRIBUTION_240
B00S BH+entradas,jun/2018,2017-06-30,2018-06-29,2018-02-02,BBDC4,BBDC4,0.001927726715311827,0.001928678777941375,BBDC4_2018-02-02_DISTRIBUTION_610
B00S BH+entradas,jun/2018,2017-06-30,2018-06-29,2018-02-16,ITUB4,ITUB4,0.001595372627915905,0.0016616796161853353,ITUB4_2018-02-16_DISTRIBUTION_238;ITUB4_2018-02-16_DISTRIBUTION_239
B00S BH+entradas,jun/2018,2017-06-30,2018-06-29,2018-02-27,BRSR6,BRSR6,0.0044013098660628264,0.004451802582394767,CONT_683_BRSR6_2018-02-27
B00S BH+entradas,jun/2018,2017-06-30,2018-06-29,2018-02-28,CSMG3,CSMG3,0.0024218140029599105,0.0024418546099702486,CONT_984_CSMG3_2018-02-28
B00S BH+entradas,jun/2018,2017-06-30,2018-06-29,2018-03-01,ITUB4,ITUB4,0.0016616796161853353,0.0016621672936308993,ITUB4_2018-03-01_DISTRIBUTION_237
B00S BH+entradas,jun/2018,2017-06-30,2018-06-29,2018-03-02,BBAS3,BBAS3,0.0017685974450204816,0.0017788934883396423,CONT_228_BBAS3_2018-03-02;CONT_229_BBAS3_2018-03-02
B00S BH+entradas,jun/2018,2017-06-30,2018-06-29,2018-03-02,BBDC4,BBDC4,0.001928678777941375,0.0019296118812415738,BBDC4_2018-03-02_DISTRIBUTION_611
B00S BH+entradas,jun/2018,2017-06-30,2018-06-29,2018-03-13,BBAS3,BBAS3,0.0017788934883396423,0.001782285636752774,CONT_227_BBAS3_2018-03-13
B00S BH+entradas,jun/2018,2017-06-30,2018-06-29,2018-03-27,CSMG3,CSMG3,0.0024418546099702486,0.0024726080858231904,CONT_983_CSMG3_2018-03-27
B00S BH+entradas,jun/2018,2017-06-30,2018-06-29,2018-04-02,BBDC4,BBDC4,0.0019296118812415738,0.0021225730693657315,BBDC4_2018-04-02_SHARES_670
B00S BH+entradas,jun/2018,2017-06-30,2018-06-29,2018-04-02,ITUB4,ITUB4,0.0016621672936308993,0.0016626556875467555,ITUB4_2018-04-02_DISTRIBUTION_236
B00S BH+entradas,jun/2018,2017-06-30,2018-06-29,2018-04-02,PSSA3,PSSA3,0.00669073700409426,0.006702857351049475,CONT_2154_PSSA3_2018-04-02
B00S BH+entradas,jun/2018,2017-06-30,2018-06-29,2018-04-03,BBDC4,BBDC4,0.0021225730693657315,0.002123693075444145,BBDC4_2018-04-03_DISTRIBUTION_612
B00S BH+entradas,jun/2018,2017-06-30,2018-06-29,2018-04-10,ENBR3,ENBR3,0.0019149784752735086,0.0019825246286397885,CONT_1105_ENBR3_2018-04-10
B00S BH+entradas,jun/2018,2017-06-30,2018-06-29,2018-04-13,VIVT4,VIVT4,0.002502701731307078,0.0025723718083788035,CONT_2783_VIVT4_2018-04-13
B00S BH+entradas,jun/2018,2017-06-30,2018-06-29,2018-04-18,TRPL4,TRPL4,0.000767604269396296,0.000773730852469408,CONT_1393_TRPL4_2018-04-18
B00S BH+entradas,jun/2018,2017-06-30,2018-06-29,2018-04-20,TIMP3,TIMP3,0.0073565094573851625,0.007376653948613092,TIMP_GROSS_2018-04-20
B00S BH+entradas,jun/2018,2017-06-30,2018-06-29,2018-04-24,TBLE3,TBLE3,0.0006732900550368537,0.0006912846015894365,TBLE3_2018-04-24_DISTRIBUTION_360
B00S BH+entradas,jun/2018,2017-06-30,2018-06-29,2018-04-27,COCE5,COCE5,0.0005588978116551787,0.0005700129638213091,CONT_830_COCE5_2018-04-27
B00S BH+entradas,jun/2018,2017-06-30,2018-06-29,2018-04-27,SAPR4,SAPR4,0.012120071119614086,0.01213545207763653,CONT_2239_SAPR4_2018-04-27
B00S BH+entradas,jun/2018,2017-06-30,2018-06-29,2018-04-30,CPFE3,CPFE3,0.000974058892571202,0.0009851427693921488,CONT_845_CPFE3_2018-04-30
B00S BH+entradas,jun/2018,2017-06-30,2018-06-29,2018-04-30,EQTL3,EQTL3,0.00076754245890228,0.0007794200516987134,CONT_1122_EQTL3_2018-04-30
B00S BH+entradas,jun/2018,2017-06-30,2018-06-29,2018-04-30,SBSP3,SBSP3,0.004083116907964399,0.004202707175081059,CONT_2261_SBSP3_2018-04-30
B00S BH+entradas,jun/2018,2017-06-30,2018-06-29,2018-04-30,TIET11,TIET11,0.0012537787373542014,0.001267105000401714,CONT_2608_TIET11_2018-04-30
B00S BH+entradas,jun/2018,2017-06-30,2018-06-29,2018-05-02,CMIG4,CMIG4,0.0014699546951693963,0.0015650907757437387,CMIG4_2018-05-02_DISTRIBUTION_644
B00S BH+entradas,jun/2018,2017-06-30,2018-06-29,2018-05-02,ITUB4,ITUB4,0.0016626556875467555,0.0016631677991548295,ITUB4_2018-05-02_DISTRIBUTION_235
B00S BH+entradas,jun/2018,2017-06-30,2018-06-29,2018-05-03,BBDC4,BBDC4,0.002123693075444145,0.0021249152977820636,BBDC4_2018-05-03_DISTRIBUTION_613
B00S BH+entradas,jun/2018,2017-06-30,2018-06-29,2018-05-04,BRSR6,BRSR6,0.004451802582394767,0.004463673107255549,CONT_682_BRSR6_2018-05-04
B00S BH+entradas,jun/2018,2017-06-30,2018-06-29,2018-05-08,CSMG3,CSMG3,0.0024726080858231904,0.0025867240157648485,CONT_982_CSMG3_2018-05-08
B00S BH+entradas,jun/2018,2017-06-30,2018-06-29,2018-05-11,TIET11,TIET11,0.001267105000401714,0.0012886148271854725,CONT_2607_TIET11_2018-05-11
B00S BH+entradas,jun/2018,2017-06-30,2018-06-29,2018-05-14,TIMP3,TIMP3,0.007376653948613092,0.007427940125477601,TIMP_GROSS_2018-05-14
B00S BH+entradas,jun/2018,2017-06-30,2018-06-29,2018-05-15,BRSR6,BRSR6,0.004463673107255549,0.004519060079375726,CONT_681_BRSR6_2018-05-15
B00S BH+entradas,jun/2018,2017-06-30,2018-06-29,2018-05-22,BBAS3,BBAS3,0.001782285636752774,0.001794055040347155,CONT_226_BBAS3_2018-05-22
B00S BH+entradas,jun/2018,2017-06-30,2018-06-29,2018-05-29,PSSA3,PSSA3,0.006702857351049475,0.00695020966519717,CONT_2153_PSSA3_2018-05-29
B00S BH+entradas,jun/2018,2017-06-30,2018-06-29,2018-06-01,ITUB4,ITUB4,0.0016631677991548295,0.0016637371172056584,ITUB4_2018-06-01_DISTRIBUTION_234
B00S BH+entradas,jun/2018,2017-06-30,2018-06-29,2018-06-04,BBDC4,BBDC4,0.0021249152977820636,0.0021262517201193717,BBDC4_2018-06-04_DISTRIBUTION_614
B00S BH+entradas,jun/2018,2017-06-30,2018-06-29,2018-06-06,TRPL4,TRPL4,0.000773730852469408,0.0008290146165592984,CONT_1392_TRPL4_2018-06-06
B00S BH+entradas,jun/2018,2017-06-30,2018-06-29,2018-06-12,BBAS3,BBAS3,0.001794055040347155,0.0017991868298142509,CONT_225_BBAS3_2018-06-12
B00S BH+entradas,jun/2018,2017-06-30,2018-06-29,2018-06-18,CPLE6,CPLE6,0.000662931751885871,0.0006657017166048516,CONT_919_CPLE6_2018-06-18
B00S BH+entradas,jun/2018,2017-06-30,2018-06-29,2018-06-26,CSMG3,CSMG3,0.0025867240157648485,0.002612340962231927,CONT_981_CSMG3_2018-06-26
B00S BH+entradas,jun/2018,2017-06-30,2018-06-29,2018-06-28,PSSA3,PSSA3,0.00695020966519717,0.007075777443758114,CONT_2152_PSSA3_2018-06-28
B00S BH+entradas,jun/2019,2018-06-29,2019-06-28,2018-07-02,ABCB4,ABCB4,0.003207383958511889,0.003323702785751407,CONT_20_ABCB4_2018-07-02
B00S BH+entradas,jun/2019,2018-06-29,2019-06-28,2018-07-02,BBDC4,BBDC4,0.0019136265481074345,0.0019273002822055543,BBDC4_2018-07-02_DISTRIBUTION_615
B00S BH+entradas,jun/2019,2018-06-29,2019-06-28,2018-07-02,ITUB4,ITUB4,0.0014973634054850926,0.0014979200461562767,ITUB4_2018-07-02_DISTRIBUTION_233
B00S BH+entradas,jun/2019,2018-06-29,2019-06-28,2018-07-02,VIVT4,VIVT4,0.002315134627540923,0.0023276951182590474,CONT_2782_VIVT4_2018-07-02
B00S BH+entradas,jun/2019,2018-06-29,2019-06-28,2018-07-03,BBDC4,BBDC4,0.0019273002822055543,0.0019286176508921716,BBDC4_2018-07-03_DISTRIBUTION_616
B00S BH+entradas,jun/2019,2018-06-29,2019-06-28,2018-07-03,SAPR4,SAPR4,0.010921906869872877,0.011322996165837651,CONT_2238_SAPR4_2018-07-03
B00S BH+entradas,jun/2019,2018-06-29,2019-06-28,2018-07-26,TIMP3,TIMP3,0.006685146112929841,0.006737758606519426,TIMP_GROSS_2018-07-26
B00S BH+entradas,jun/2019,2018-06-29,2019-06-28,2018-08-01,ITUB4,ITUB4,0.0014979200461562767,0.0014984133238882711,ITUB4_2018-08-01_DISTRIBUTION_232
B00S BH+entradas,jun/2019,2018-06-29,2019-06-28,2018-08-02,BBDC4,BBDC4,0.0019286176508921716,0.0019298011939568452,BBDC4_2018-08-02_DISTRIBUTION_617
B00S BH+entradas,jun/2019,2018-06-29,2019-06-28,2018-08-10,BBSE3,BBSE3,0.005533950494360679,0.005535662217836767,CONT_271_BBSE3_2018-08-10
B00S BH+entradas,jun/2019,2018-06-29,2019-06-28,2018-08-10,TIET11,TIET11,0.0011597533444669254,0.001190379782227626,CONT_2606_TIET11_2018-08-10
B00S BH+entradas,jun/2019,2018-06-29,2019-06-28,2018-08-16,BRSR6,BRSR6,0.004067154071438153,0.004121899864428239,CONT_680_BRSR6_2018-08-16
B00S BH+entradas,jun/2019,2018-06-29,2019-06-28,2018-08-20,ITUB4,ITUB4,0.0014984133238882711,0.0015248090742352519,ITUB4_2018-08-20_DISTRIBUTION_230;ITUB4_2018-08-20_DISTRIBUTION_231
B00S BH+entradas,jun/2019,2018-06-29,2019-06-28,2018-08-21,TBLE3,TBLE3,0.0006221561414304929,0.0006530480015398541,TBLE3_2018-08-21_DISTRIBUTION_359
B00S BH+entradas,jun/2019,2018-06-29,2019-06-28,2018-08-22,BBAS3,BBAS3,0.001619268146832826,0.0016338233186263607,CONT_223_BBAS3_2018-08-22;CONT_224_BBAS3_2018-08-22
B00S BH+entradas,jun/2019,2018-06-29,2019-06-28,2018-09-03,ITUB4,ITUB4,0.0015248090742352519,0.001525357961590988,ITUB4_2018-09-03_DISTRIBUTION_229
B00S BH+entradas,jun/2019,2018-06-29,2019-06-28,2018-09-04,BBDC4,BBDC4,0.0019298011939568452,0.0019311337124817108,BBDC4_2018-09-04_DISTRIBUTION_618
B00S BH+entradas,jun/2019,2018-06-29,2019-06-28,2018-09-12,BBAS3,BBAS3,0.0016338233186263607,0.0016388731550683307,CONT_222_BBAS3_2018-09-12
B00S BH+entradas,jun/2019,2018-06-29,2019-06-28,2018-09-18,VIVT4,VIVT4,0.0023276951182590474,0.0024304449612549774,CONT_2781_VIVT4_2018-09-18
B00S BH+entradas,jun/2019,2018-06-29,2019-06-28,2018-09-25,CSMG3,CSMG3,0.0023511068660087343,0.002376765865360771,CONT_980_CSMG3_2018-09-25
B00S BH+entradas,jun/2019,2018-06-29,2019-06-28,2018-10-01,ITUB4,ITUB4,0.001525357961590988,0.001525882500092223,ITUB4_2018-10-01_DISTRIBUTION_228
B00S BH+entradas,jun/2019,2018-06-29,2019-06-28,2018-10-02,BBDC4,BBDC4,0.0019311337124817108,0.001932355142259971,BBDC4_2018-10-02_DISTRIBUTION_619
B00S BH+entradas,jun/2019,2018-06-29,2019-06-28,2018-10-30,BRSR6,BRSR6,0.004121899864428239,0.004158631543904175,CONT_679_BRSR6_2018-10-30
B00S BH+entradas,jun/2019,2018-06-29,2019-06-28,2018-11-01,ITUB4,ITUB4,0.001525882500092223,0.001526340814819924,ITUB4_2018-11-01_DISTRIBUTION_227
B00S BH+entradas,jun/2019,2018-06-29,2019-06-28,2018-11-05,BBDC4,BBDC4,0.001932355142259971,0.001933345581745237,BBDC4_2018-11-05_DISTRIBUTION_620
B00S BH+entradas,jun/2019,2018-06-29,2019-06-28,2018-11-07,PSSA3,PSSA3,0.0063681996993823035,0.006460593995241418,CONT_2151_PSSA3_2018-11-07
B00S BH+entradas,jun/2019,2018-06-29,2019-06-28,2018-11-09,TIET11,TIET11,0.001190379782227626,0.0012020851557024695,CONT_2605_TIET11_2018-11-09
B00S BH+entradas,jun/2019,2018-06-29,2019-06-28,2018-11-13,TBLE3,TBLE3,0.0006530480015398541,0.0006693294276565296,TBLE3_2018-11-13_DISTRIBUTION_358
B00S BH+entradas,jun/2019,2018-06-29,2019-06-28,2018-11-21,ITUB4,ITUB4,0.001526340814819924,0.0022895112222298857,ITUB4_2018-11-21_SHARES_664
B00S BH+entradas,jun/2019,2018-06-29,2019-06-28,2018-11-22,BBAS3,BBAS3,0.0016388731550683307,0.0016542440379866453,CONT_221_BBAS3_2018-11-22
B00S BH+entradas,jun/2019,2018-06-29,2019-06-28,2018-11-27,PSSA3,PSSA3,0.006460593995241418,0.0065730937672345115,CONT_2150_PSSA3_2018-11-27
B00S BH+entradas,jun/2019,2018-06-29,2019-06-28,2018-12-03,ITUB4,ITUB4,0.0022895112222298857,0.0022904772607202782,ITUB4_2018-12-03_DISTRIBUTION_226
B00S BH+entradas,jun/2019,2018-06-29,2019-06-28,2018-12-04,BBDC4,BBDC4,0.001933345581745237,0.0019343191715314528,BBDC4_2018-12-04_DISTRIBUTION_621
B00S BH+entradas,jun/2019,2018-06-29,2019-06-28,2018-12-07,BRSR6,BRSR6,0.004158631543904175,0.004173001871583419,CONT_678_BRSR6_2018-12-07
B00S BH+entradas,jun/2019,2018-06-29,2019-06-28,2018-12-07,TRPL4,TRPL4,0.0007461131549033686,0.0008301845747416626,CONT_1390_TRPL4_2018-12-07;CONT_1391_TRPL4_2018-12-07
B00S BH+entradas,jun/2019,2018-06-29,2019-06-28,2018-12-12,BBAS3,BBAS3,0.0016542440379866453,0.0016590809377050632,CONT_220_BBAS3_2018-12-12
B00S BH+entradas,jun/2019,2018-06-29,2019-06-28,2018-12-12,BBSE3,BBSE3,0.005535662217836767,0.0058112838157411495,CONT_270_BBSE3_2018-12-12
B00S BH+entradas,jun/2019,2018-06-29,2019-06-28,2018-12-12,TBLE3,TBLE3,0.0006693294276565296,0.0008366617845706621,TBLE3_2018-12-12_SHARES_675
B00S BH+entradas,jun/2019,2018-06-29,2019-06-28,2018-12-12,TIET11,TIET11,0.0012020851557024695,0.00121605184989604,CONT_2604_TIET11_2018-12-12
B00S BH+entradas,jun/2019,2018-06-29,2019-06-28,2018-12-18,ITUB4,ITUB4,0.0022904772607202782,0.0022911685778889464,ITUB4_2018-12-18_DISTRIBUTION_225
B00S BH+entradas,jun/2019,2018-06-29,2019-06-28,2018-12-18,VIVT4,VIVT4,0.0024304449612549774,0.0024717731685563907,CONT_2780_VIVT4_2018-12-18
B00S BH+entradas,jun/2019,2018-06-29,2019-06-28,2018-12-26,BBDC4,BBDC4,0.0019343191715314528,0.0019729105727031254,BBDC4_2018-12-26_DISTRIBUTION_622
B00S BH+entradas,jun/2019,2018-06-29,2019-06-28,2018-12-26,CMIG4,CMIG4,0.0014085816981693649,0.0014239379011227434,CMIG4_2018-12-26_DISTRIBUTION_645
B00S BH+entradas,jun/2019,2018-06-29,2019-06-28,2018-12-27,BRSR6,BRSR6,0.004173001871583419,0.004194261164868056,CONT_677_BRSR6_2018-12-27
B00S BH+entradas,jun/2019,2018-06-29,2019-06-28,2018-12-27,TBLE3,TBLE3,0.0008366617845706621,0.0008490428190177589,TBLE3_2018-12-27_DISTRIBUTION_357
B00S BH+entradas,jun/2019,2018-06-29,2019-06-28,2018-12-28,CPLE6,CPLE6,0.0005991315449443665,0.0006201688087172575,CONT_918_CPLE6_2018-12-28
B00S BH+entradas,jun/2019,2018-06-29,2019-06-28,2019-01-02,ABCB4,ABCB4,0.003323702785751407,0.0034283450638775757,CONT_19_ABCB4_2019-01-02
B00S BH+entradas,jun/2019,2018-06-29,2019-06-28,2019-01-02,ENBR3,ENBR3,0.0017842721657758097,0.0018753890703960038,CONT_1104_ENBR3_2019-01-02
B00S BH+entradas,jun/2019,2018-06-29,2019-06-28,2019-01-02,ITUB4,ITUB4,0.0022911685778889464,0.0022920974300151176,ITUB4_2019-01-02_DISTRIBUTION_224
B00S BH+entradas,jun/2019,2018-06-29,2019-06-28,2019-01-02,SAPR4,SAPR4,0.011322996165837651,0.011676148364228799,CONT_2237_SAPR4_2019-01-02
B00S BH+entradas,jun/2019,2018-06-29,2019-06-28,2019-01-03,BBDC4,BBDC4,0.0019729105727031254,0.0019738285619451835,BBDC4_2019-01-03_DISTRIBUTION_594
B00S BH+entradas,jun/2019,2018-06-29,2019-06-28,2019-01-03,TIMP3,TIMP3,0.006737758606519426,0.006826501334588316,TIMP_GROSS_2019-01-03
B00S BH+entradas,jun/2019,2018-06-29,2019-06-28,2019-02-01,ITUB4,ITUB4,0.0022920974300151176,0.0022929833218329537,ITUB4_2019-02-01_DISTRIBUTION_223
B00S BH+entradas,jun/2019,2018-06-29,2019-06-28,2019-02-04,BBDC4,BBDC4,0.0019738285619451835,0.001974648641208631,BBDC4_2019-02-04_DISTRIBUTION_595
B00S BH+entradas,jun/2019,2018-06-29,2019-06-28,2019-02-15,BBSE3,BBSE3,0.0058112838157411495,0.0058126906792655385,CONT_269_BBSE3_2019-02-15
B00S BH+entradas,jun/2019,2018-06-29,2019-06-28,2019-02-22,BBAS3,BBAS3,0.0016590809377050632,0.0016775776683495684,CONT_218_BBAS3_2019-02-22;CONT_219_BBAS3_2019-02-22
B00S BH+entradas,jun/2019,2018-06-29,2019-06-28,2019-02-22,ITUB4,ITUB4,0.0022929833218329537,0.0024055746823793667,ITUB4_2019-02-22_DISTRIBUTION_221;ITUB4_2019-02-22_DISTRIBUTION_222
B00S BH+entradas,jun/2019,2018-06-29,2019-06-28,2019-03-01,ITUB4,ITUB4,0.0024055746823793667,0.002406610377564088,ITUB4_2019-03-01_DISTRIBUTION_220
B00S BH+entradas,jun/2019,2018-06-29,2019-06-28,2019-03-01,VIVT4,VIVT4,0.0024717731685563907,0.002494711558424171,CONT_2779_VIVT4_2019-03-01
B00S BH+entradas,jun/2019,2018-06-29,2019-06-28,2019-03-06,BBDC4,BBDC4,0.001974648641208631,0.0019755363119219466,BBDC4_2019-03-06_DISTRIBUTION_596
B00S BH+entradas,jun/2019,2018-06-29,2019-06-28,2019-03-08,BRSR6,BRSR6,0.004194261164868056,0.004247467443571348,CONT_676_BRSR6_2019-03-08
B00S BH+entradas,jun/2019,2018-06-29,2019-06-28,2019-03-11,CSMG3,CSMG3,0.002376765865360771,0.0024055089753153595,CONT_979_CSMG3_2019-03-11
B00S BH+entradas,jun/2019,2018-06-29,2019-06-28,2019-03-12,BBAS3,BBAS3,0.0016775776683495684,0.0016824878861236231,CONT_217_BBAS3_2019-03-12
B00S BH+entradas,jun/2019,2018-06-29,2019-06-28,2019-03-27,CSMG3,CSMG3,0.0024055089753153595,0.002422316680902873,CONT_978_CSMG3_2019-03-27
B00S BH+entradas,jun/2019,2018-06-29,2019-06-28,2019-04-01,BBDC4,BBDC4,0.0019755363119219466,0.002370643574306336,BBDC4_2019-04-01_SHARES_671
B00S BH+entradas,jun/2019,2018-06-29,2019-06-28,2019-04-01,ITUB4,ITUB4,0.002406610377564088,0.002407667144416063,ITUB4_2019-04-01_DISTRIBUTION_219
B00S BH+entradas,jun/2019,2018-06-29,2019-06-28,2019-04-01,PSSA3,PSSA3,0.0065730937672345115,0.00666799569555562,CONT_2149_PSSA3_2019-04-01
B00S BH+entradas,jun/2019,2018-06-29,2019-06-28,2019-04-02,BBDC4,BBDC4,0.002370643574306336,0.0023719074829612824,BBDC4_2019-04-02_DISTRIBUTION_597
B00S BH+entradas,jun/2019,2018-06-29,2019-06-28,2019-04-05,TRPL4,TRPL4,0.0008301845747416626,0.00332073829896665,CONT_2635_TRPL4_2019-04-05
B00S BH+entradas,jun/2019,2018-06-29,2019-06-28,2019-04-12,VIVT4,VIVT4,0.002494711558424171,0.00257556928516506,CONT_2778_VIVT4_2019-04-12
B00S BH+entradas,jun/2019,2018-06-29,2019-06-28,2019-04-17,ENBR3,ENBR3,0.0018753890703960038,0.0018821518269106206,CONT_1103_ENBR3_2019-04-17
B00S BH+entradas,jun/2019,2018-06-29,2019-06-28,2019-04-25,SAPR4,SAPR4,0.011676148364228799,0.01183654486925358,CONT_2236_SAPR4_2019-04-25
B00S BH+entradas,jun/2019,2018-06-29,2019-06-28,2019-04-26,TIET11,TIET11,0.00121605184989604,0.0012386532784423808,CONT_2603_TIET11_2019-04-26
B00S BH+entradas,jun/2019,2018-06-29,2019-06-28,2019-04-30,COCE5,COCE5,0.0005130116674391782,0.0005314653963284821,CONT_829_COCE5_2019-04-30
B00S BH+entradas,jun/2019,2018-06-29,2019-06-28,2019-04-30,CPLE6,CPLE6,0.0006201688087172575,0.0006258708996500289,CONT_917_CPLE6_2019-04-30
B00S BH+entradas,jun/2019,2018-06-29,2019-06-28,2019-04-30,SBSP3,SBSP3,0.0037824364575729527,0.003875709731069273,CONT_2260_SBSP3_2019-04-30
B00S BH+entradas,jun/2019,2018-06-29,2019-06-28,2019-05-02,BRSR6,BRSR6,0.004247467443571348,0.004253359839157217,CONT_675_BRSR6_2019-05-02
B00S BH+entradas,jun/2019,2018-06-29,2019-06-28,2019-05-02,CPFE3,CPFE3,0.000886628492452934,0.0009009199744422205,CONT_844_CPFE3_2019-05-02
B00S BH+entradas,jun/2019,2018-06-29,2019-06-28,2019-05-02,EQTL3,EQTL3,0.0007014780465288421,0.0007096951136583415,CONT_1121_EQTL3_2019-05-02
B00S BH+entradas,jun/2019,2018-06-29,2019-06-28,2019-05-02,ITUB4,ITUB4,0.002407667144416063,0.0024087281023234142,ITUB4_2019-05-02_DISTRIBUTION_218
B00S BH+entradas,jun/2019,2018-06-29,2019-06-28,2019-05-02,VIVT4,VIVT4,0.00257556928516506,0.0025951041111479177,CONT_2777_VIVT4_2019-05-02
B00S BH+entradas,jun/2019,2018-06-29,2019-06-28,2019-05-03,BBDC4,BBDC4,0.0023719074829612824,0.002373159053913865,BBDC4_2019-05-03_DISTRIBUTION_598
B00S BH+entradas,jun/2019,2018-06-29,2019-06-28,2019-05-06,CMIG4,CMIG4,0.0014239379011227434,0.0014697557721872435,CMIG4_2019-05-06_DISTRIBUTION_646
B00S BH+entradas,jun/2019,2018-06-29,2019-06-28,2019-05-07,TBLE3,TBLE3,0.0008490428190177589,0.0008509341910642986,TBLE3_2019-05-07_DISTRIBUTION_356
B00S BH+entradas,jun/2019,2018-06-29,2019-06-28,2019-05-10,TIET11,TIET11,0.0012386532784423808,0.0012572475237787111,CONT_2602_TIET11_2019-05-10
B00S BH+entradas,jun/2019,2018-06-29,2019-06-28,2019-05-17,BRSR6,BRSR6,0.004253359839157217,0.004310125438678753,CONT_674_BRSR6_2019-05-17
B00S BH+entradas,jun/2019,2018-06-29,2019-06-28,2019-05-22,BBAS3,BBAS3,0.0016824878861236231,0.0016967845090398324,CONT_216_BBAS3_2019-05-22
B00S BH+entradas,jun/2019,2018-06-29,2019-06-28,2019-06-03,ITUB4,ITUB4,0.0024087281023234142,0.0024097580601778854,ITUB4_2019-06-03_DISTRIBUTION_217
B00S BH+entradas,jun/2019,2018-06-29,2019-06-28,2019-06-04,BBDC4,BBDC4,0.002373159053913865,0.0023743744450008997,BBDC4_2019-06-04_DISTRIBUTION_600
B00S BH+entradas,jun/2019,2018-06-29,2019-06-28,2019-06-06,BRSR6,BRSR6,0.004310125438678753,0.00432424429150801,CONT_673_BRSR6_2019-06-06
B00S BH+entradas,jun/2019,2018-06-29,2019-06-28,2019-06-12,BBAS3,BBAS3,0.0016967845090398324,0.0017023383285219569,CONT_215_BBAS3_2019-06-12
B00S BH+entradas,jun/2019,2018-06-29,2019-06-28,2019-06-24,CSMG3,CSMG3,0.002422316680902873,0.002428403879251151,CONT_977_CSMG3_2019-06-24
B00S BH+entradas,jun/2019,2018-06-29,2019-06-28,2019-06-26,PSSA3,PSSA3,0.00666799569555562,0.006758925723817904,CONT_2148_PSSA3_2019-06-26
B00S BH+entradas,jun/2020,2019-06-28,2020-06-30,2019-07-01,BBDC4,BBDC4,0.002216082815334173,0.0022272598182313304,BBDC4_2019-07-01_DISTRIBUTION_599
B00S BH+entradas,jun/2020,2019-06-28,2020-06-30,2019-07-01,ITUB4,ITUB4,0.002249107522832693,0.0022500425730777734,ITUB4_2019-07-01_DISTRIBUTION_216
B00S BH+entradas,jun/2020,2019-06-28,2020-06-30,2019-07-01,SAPR4,SAPR4,0.011047441877970007,0.011320982786012802,CONT_2235_SAPR4_2019-07-01
B00S BH+entradas,jun/2020,2019-06-28,2020-06-30,2019-07-01,VIVT4,VIVT4,0.002422097170404723,0.002451381683224836,CONT_2776_VIVT4_2019-07-01
B00S BH+entradas,jun/2020,2019-06-28,2020-06-30,2019-07-02,BBDC4,BBDC4,0.0022272598182313304,0.002228379930334281,BBDC4_2019-07-02_DISTRIBUTION_601
B00S BH+entradas,jun/2020,2019-06-28,2020-06-30,2019-07-05,ABCB4,ABCB4,0.0031997887262857376,0.0032946790126514524,CONT_18_ABCB4_2019-07-05
B00S BH+entradas,jun/2020,2019-06-28,2020-06-30,2019-08-01,ITUB4,ITUB4,0.0022500425730777734,0.002251010194597159,ITUB4_2019-08-01_DISTRIBUTION_215
B00S BH+entradas,jun/2020,2019-06-28,2020-06-30,2019-08-02,BBDC4,BBDC4,0.002228379930334281,0.002229613392515072,BBDC4_2019-08-02_DISTRIBUTION_602
B00S BH+entradas,jun/2020,2019-06-28,2020-06-30,2019-08-05,TRPL4,TRPL4,0.003099355745702207,0.003172047210418658,CONT_1389_TRPL4_2019-08-05
B00S BH+entradas,jun/2020,2019-06-28,2020-06-30,2019-08-09,TIET11,TIET11,0.0011734310221934636,0.001181744048826995,CONT_2601_TIET11_2019-08-09
B00S BH+entradas,jun/2020,2019-06-28,2020-06-30,2019-08-12,BBSE3,BBSE3,0.005425177967314503,0.005426487702671441,CONT_268_BBSE3_2019-08-12
B00S BH+entradas,jun/2020,2019-06-28,2020-06-30,2019-08-12,TIMP3,TIMP3,0.006371401245615762,0.006451858947927665,TIMP_GROSS_2019-08-12
B00S BH+entradas,jun/2020,2019-06-28,2020-06-30,2019-08-13,BRSR6,BRSR6,0.004035961338740809,0.004084473399144086,CONT_672_BRSR6_2019-08-13
B00S BH+entradas,jun/2020,2019-06-28,2020-06-30,2019-08-16,ITUB4,ITUB4,0.002251010194597159,0.002302577004557232,ITUB4_2019-08-16_DISTRIBUTION_214
B00S BH+entradas,jun/2020,2019-06-28,2020-06-30,2019-08-22,BBAS3,BBAS3,0.0015888491066204933,0.0016040446702934982,CONT_213_BBAS3_2019-08-22;CONT_214_BBAS3_2019-08-22
B00S BH+entradas,jun/2020,2019-06-28,2020-06-30,2019-09-02,ITUB4,ITUB4,0.002302577004557232,0.002303608009186138,ITUB4_2019-09-02_DISTRIBUTION_213
B00S BH+entradas,jun/2020,2019-06-28,2020-06-30,2019-09-03,BBDC4,BBDC4,0.002229613392515072,0.0022309329960168442,BBDC4_2019-09-03_DISTRIBUTION_603
B00S BH+entradas,jun/2020,2019-06-28,2020-06-30,2019-09-12,BBAS3,BBAS3,0.0016040446702934982,0.001611829492563623,CONT_212_BBAS3_2019-09-12
B00S BH+entradas,jun/2020,2019-06-28,2020-06-30,2019-09-25,CSMG3,CSMG3,0.0022665102873010746,0.0022810099637659577,CONT_976_CSMG3_2019-09-25
B00S BH+entradas,jun/2020,2019-06-28,2020-06-30,2019-09-26,IRBR3,IRBR3,0.0013975149549374018,0.004192544864812206,IRBR_SPLIT_20190926
B00S BH+entradas,jun/2020,2019-06-28,2020-06-30,2019-10-01,ITUB4,ITUB4,0.002303608009186138,0.002304617773070936,ITUB4_2019-10-01_DISTRIBUTION_212
B00S BH+entradas,jun/2020,2019-06-28,2020-06-30,2019-10-02,BBDC4,BBDC4,0.0022309329960168442,0.002232249684274736,BBDC4_2019-10-02_DISTRIBUTION_605
B00S BH+entradas,jun/2020,2019-06-28,2020-06-30,2019-10-08,TIMP3,TIMP3,0.006451858947927665,0.006540647899800229,TIMP_GROSS_2019-10-08
B00S BH+entradas,jun/2020,2019-06-28,2020-06-30,2019-10-18,BBDC4,BBDC4,0.002232249684274736,0.0023011871266933586,BBDC4_2019-10-18_DISTRIBUTION_604
B00S BH+entradas,jun/2020,2019-06-28,2020-06-30,2019-10-30,PSSA3,PSSA3,0.006308330675563377,0.0063798421242500505,CONT_2147_PSSA3_2019-10-30
B00S BH+entradas,jun/2020,2019-06-28,2020-06-30,2019-11-01,ITUB4,ITUB4,0.002304617773070936,0.0023055687845316255,ITUB4_2019-11-01_DISTRIBUTION_211
B00S BH+entradas,jun/2020,2019-06-28,2020-06-30,2019-11-04,BBDC4,BBDC4,0.0023011871266933586,0.0023024386195624404,BBDC4_2019-11-04_DISTRIBUTION_606
B00S BH+entradas,jun/2020,2019-06-28,2020-06-30,2019-11-11,TIET11,TIET11,0.001181744048826995,0.0012079184901920758,CONT_2600_TIET11_2019-11-11
B00S BH+entradas,jun/2020,2019-06-28,2020-06-30,2019-11-11,TRPL4,TRPL4,0.003172047210418658,0.0032827178078474848,CONT_1387_TRPL4_2019-11-11;CONT_1388_TRPL4_2019-11-11
B00S BH+entradas,jun/2020,2019-06-28,2020-06-30,2019-11-12,BRSR6,BRSR6,0.004084473399144086,0.00413480293218704,CONT_671_BRSR6_2019-11-12
B00S BH+entradas,jun/2020,2019-06-28,2020-06-30,2019-11-19,IRBR3,IRBR3,0.004192544864812206,0.004216820193814429,CONT_1354_IRBR3_2019-11-19
B00S BH+entradas,jun/2020,2019-06-28,2020-06-30,2019-11-22,BBAS3,BBAS3,0.001611829492563623,0.001624415282716218,CONT_211_BBAS3_2019-11-22
B00S BH+entradas,jun/2020,2019-06-28,2020-06-30,2019-11-28,EQTL3,EQTL3,0.0006623821060811188,0.003311910530405594,CONT_1110_EQTL3_2019-11-28
B00S BH+entradas,jun/2020,2019-06-28,2020-06-30,2019-12-02,ITUB4,ITUB4,0.0023055687845316255,0.0023065490433685863,ITUB4_2019-12-02_DISTRIBUTION_210
B00S BH+entradas,jun/2020,2019-06-28,2020-06-30,2019-12-03,BBDC4,BBDC4,0.0023024386195624404,0.00230373539406646,BBDC4_2019-12-03_DISTRIBUTION_607
B00S BH+entradas,jun/2020,2019-06-28,2020-06-30,2019-12-03,TBLE3,TBLE3,0.0007942052449933454,0.0008206121676489937,TBLE3_2019-12-03_DISTRIBUTION_354;TBLE3_2019-12-03_DISTRIBUTION_355
B00S BH+entradas,jun/2020,2019-06-28,2020-06-30,2019-12-11,TIET11,TIET11,0.0012079184901920758,0.0012175965255302125,CONT_2599_TIET11_2019-12-11
B00S BH+entradas,jun/2020,2019-06-28,2020-06-30,2019-12-12,BBAS3,BBAS3,0.001624415282716218,0.0016302664326387657,CONT_210_BBAS3_2019-12-12
B00S BH+entradas,jun/2020,2019-06-28,2020-06-30,2019-12-13,ITUB4,ITUB4,0.0023065490433685863,0.00230893499715732,ITUB4_2019-12-13_DISTRIBUTION_209
B00S BH+entradas,jun/2020,2019-06-28,2020-06-30,2019-12-16,TRPL4,TRPL4,0.0032827178078474848,0.0033065771314740684,CONT_1386_TRPL4_2019-12-16
B00S BH+entradas,jun/2020,2019-06-28,2020-06-30,2019-12-20,BBDC4,BBDC4,0.00230373539406646,0.0023394770231302906,BBDC4_2019-12-20_DISTRIBUTION_608
B00S BH+entradas,jun/2020,2019-06-28,2020-06-30,2019-12-26,CMIG4,CMIG4,0.0013717720540414272,0.0013992588309688766,CMIG4_2019-12-26_DISTRIBUTION_647
B00S BH+entradas,jun/2020,2019-06-28,2020-06-30,2019-12-26,CPLE6,CPLE6,0.0005841461730066936,0.0006056928448038936,CONT_916_CPLE6_2019-12-26
B00S BH+entradas,jun/2020,2019-06-28,2020-06-30,2020-01-02,ABCB4,ABCB4,0.0032946790126514524,0.003374368046898342,CONT_17_ABCB4_2020-01-02
B00S BH+entradas,jun/2020,2019-06-28,2020-06-30,2020-01-02,ENBR3,ENBR3,0.0017566750384499126,0.00178796067018875,CONT_1102_ENBR3_2020-01-02
B00S BH+entradas,jun/2020,2019-06-28,2020-06-30,2020-01-02,ITUB4,ITUB4,0.00230893499715732,0.0023098456998908823,ITUB4_2020-01-02_DISTRIBUTION_208
B00S BH+entradas,jun/2020,2019-06-28,2020-06-30,2020-01-02,SAPR4,SAPR4,0.011320982786012802,0.011498059146007327,CONT_2234_SAPR4_2020-01-02
B00S BH+entradas,jun/2020,2019-06-28,2020-06-30,2020-01-02,VIVT4,VIVT4,0.002451381683224836,0.002486719645608125,CONT_2774_VIVT4_2020-01-02;CONT_2775_VIVT4_2020-01-02
B00S BH+entradas,jun/2020,2019-06-28,2020-06-30,2020-01-03,BBDC4,BBDC4,0.0023394770231302906,0.002340660471002159,BBDC4_2020-01-03_DISTRIBUTION_580
B00S BH+entradas,jun/2020,2019-06-28,2020-06-30,2020-01-20,TIMP3,TIMP3,0.006540647899800229,0.006581743976624281,TIMP_GROSS_2020-01-20
B00S BH+entradas,jun/2020,2019-06-28,2020-06-30,2020-02-03,ITUB4,ITUB4,0.0023098456998908823,0.00231089882103065,ITUB4_2020-02-03_DISTRIBUTION_207
B00S BH+entradas,jun/2020,2019-06-28,2020-06-30,2020-02-04,BBDC4,BBDC4,0.002340660471002159,0.0023420022711644287,BBDC4_2020-02-04_DISTRIBUTION_582
B00S BH+entradas,jun/2020,2019-06-28,2020-06-30,2020-02-14,BBSE3,BBSE3,0.005426487702671441,0.005725256822574227,CONT_267_BBSE3_2020-02-14
B00S BH+entradas,jun/2020,2019-06-28,2020-06-30,2020-02-18,BBDC4,BBDC4,0.0023420022711644287,0.0023466786340023715,BBDC4_2020-02-18_DISTRIBUTION_581
B00S BH+entradas,jun/2020,2019-06-28,2020-06-30,2020-02-21,ITUB4,ITUB4,0.00231089882103065,0.0023820855359367567,ITUB4_2020-02-21_DISTRIBUTION_205;ITUB4_2020-02-21_DISTRIBUTION_206
B00S BH+entradas,jun/2020,2019-06-28,2020-06-30,2020-02-26,BBAS3,BBAS3,0.0016302664326387657,0.0016460854750253652,CONT_208_BBAS3_2020-02-26;CONT_209_BBAS3_2020-02-26
B00S BH+entradas,jun/2020,2019-06-28,2020-06-30,2020-03-02,ITUB4,ITUB4,0.0023820855359367567,0.002383206341552787,ITUB4_2020-03-02_DISTRIBUTION_204
B00S BH+entradas,jun/2020,2019-06-28,2020-06-30,2020-03-02,VIVT4,VIVT4,0.002486719645608125,0.0024941596183381876,CONT_2773_VIVT4_2020-03-02
B00S BH+entradas,jun/2020,2019-06-28,2020-06-30,2020-03-03,BBDC4,BBDC4,0.0023466786340023715,0.00234815697991421,BBDC4_2020-03-03_DISTRIBUTION_583
B00S BH+entradas,jun/2020,2019-06-28,2020-06-30,2020-03-11,BRSR6,BRSR6,0.00413480293218704,0.004198602564129919,CONT_670_BRSR6_2020-03-11
B00S BH+entradas,jun/2020,2019-06-28,2020-06-30,2020-03-12,BBAS3,BBAS3,0.0016460854750253652,0.0016556417532682588,CONT_207_BBAS3_2020-03-12
B00S BH+entradas,jun/2020,2019-06-28,2020-06-30,2020-03-26,CSMG3,CSMG3,0.0022810099637659577,0.0023013701324092937,CONT_975_CSMG3_2020-03-26
B00S BH+entradas,jun/2020,2019-06-28,2020-06-30,2020-03-30,SAPR4,SAPR4,0.011498059146007327,0.03449417743802198,CONT_2193_SAPR4_2020-03-30
B00S BH+entradas,jun/2020,2019-06-28,2020-06-30,2020-04-01,ENBR3,ENBR3,0.00178796067018875,0.0018103692825475462,CONT_1101_ENBR3_2020-04-01
B00S BH+entradas,jun/2020,2019-06-28,2020-06-30,2020-04-01,ITUB4,ITUB4,0.002383206341552787,0.0023848768132875204,ITUB4_2020-04-01_DISTRIBUTION_203
B00S BH+entradas,jun/2020,2019-06-28,2020-06-30,2020-04-01,PSSA3,PSSA3,0.0063798421242500505,0.006526210440268292,CONT_2146_PSSA3_2020-04-01
B00S BH+entradas,jun/2020,2019-06-28,2020-06-30,2020-04-01,VIVT4,VIVT4,0.0024941596183381876,0.002498630502359611,CONT_2772_VIVT4_2020-04-01
B00S BH+entradas,jun/2020,2019-06-28,2020-06-30,2020-04-02,BBDC4,BBDC4,0.00234815697991421,0.002350390354861372,BBDC4_2020-04-02_DISTRIBUTION_584
B00S BH+entradas,jun/2020,2019-06-28,2020-06-30,2020-04-14,BBDC4,BBDC4,0.002350390354861372,0.0025854293903475093,BBDC4_2020-04-14_SHARES_672
B00S BH+entradas,jun/2020,2019-06-28,2020-06-30,2020-04-17,TRPL4,TRPL4,0.0033065771314740684,0.003346056035954741,CONT_1385_TRPL4_2020-04-17
B00S BH+entradas,jun/2020,2019-06-28,2020-06-30,2020-04-29,COCE5,COCE5,0.0004960343699065834,0.0005176299982162385,CONT_828_COCE5_2020-04-29
B00S BH+entradas,jun/2020,2019-06-28,2020-06-30,2020-04-29,SBSP3,SBSP3,0.0036173290823313213,0.0037381143587719113,CONT_2259_SBSP3_2020-04-29
B00S BH+entradas,jun/2020,2019-06-28,2020-06-30,2020-05-04,ITUB4,ITUB4,0.0023848768132875204,0.0023865110367776673,ITUB4_2020-05-04_DISTRIBUTION_202
B00S BH+entradas,jun/2020,2019-06-28,2020-06-30,2020-05-05,BBDC4,BBDC4,0.0025854293903475093,0.0025881101569521447,BBDC4_2020-05-05_DISTRIBUTION_585
B00S BH+entradas,jun/2020,2019-06-28,2020-06-30,2020-05-12,TIET11,TIET11,0.0012175965255302125,0.0012372329983920865,CONT_2598_TIET11_2020-05-12
B00S BH+entradas,jun/2020,2019-06-28,2020-06-30,2020-05-29,VIVT4,VIVT4,0.002498630502359611,0.0025697239458529705,CONT_2771_VIVT4_2020-05-29
B00S BH+entradas,jun/2020,2019-06-28,2020-06-30,2020-06-01,ITUB4,ITUB4,0.0023865110367776673,0.002388024040393545,ITUB4_2020-06-01_DISTRIBUTION_201
B00S BH+entradas,jun/2020,2019-06-28,2020-06-30,2020-06-02,BBDC4,BBDC4,0.0025881101569521447,0.0025904860106482804,BBDC4_2020-06-02_DISTRIBUTION_586
B00S BH+entradas,jun/2020,2019-06-28,2020-06-30,2020-06-10,BRSR6,BRSR6,0.004198602564129919,0.00425175956937518,CONT_669_BRSR6_2020-06-10
B00S BH+entradas,jun/2020,2019-06-28,2020-06-30,2020-06-24,CSMG3,CSMG3,0.0023013701324092937,0.0023145919213102273,CONT_974_CSMG3_2020-06-24
B00S BH+entradas,jun/2020,2019-06-28,2020-06-30,2020-06-30,PSSA3,PSSA3,0.006526210440268292,0.006603458117358232,CONT_2145_PSSA3_2020-06-30
B00S BH+entradas,jun/2021,2020-06-30,2021-06-30,2020-07-01,ITUB4,ITUB4,0.0022553560381494593,0.0022566522197805796,ITUB4_2020-07-01_DISTRIBUTION_200
B00S BH+entradas,jun/2021,2020-06-30,2021-06-30,2020-07-01,SAPR4,SAPR4,0.03257783424702076,0.03311554865873495,CONT_2731_SAPR4_2020-07-01
B00S BH+entradas,jun/2021,2020-06-30,2021-06-30,2020-07-01,VIVT4,VIVT4,0.0024269615044166942,0.002454714488389834,CONT_2732_VIVT4_2020-07-01
B00S BH+entradas,jun/2021,2020-06-30,2021-06-30,2020-07-02,BBDC4,BBDC4,0.0024465701211678205,0.0024487588623632126,BBDC4_2020-07-02_DISTRIBUTION_587
B00S BH+entradas,jun/2021,2020-06-30,2021-06-30,2020-07-07,TRPL4,TRPL4,0.003160164033957255,0.0031830032918506723,CONT_1384_TRPL4_2020-07-07
B00S BH+entradas,jun/2021,2020-06-30,2021-06-30,2020-07-14,IRBR3,IRBR3,0.003982552405269183,0.004351915672092294,IRBR_RIGHT_REALIZE_20200714;IRBR_RIGHT_20200714
B00S BH+entradas,jun/2021,2020-06-30,2021-06-30,2020-07-20,EQTL3,EQTL3,0.0031279155009386168,0.003169102077291661,CONT_1120_EQTL3_2020-07-20
B00S BH+entradas,jun/2021,2020-06-30,2021-06-30,2020-07-28,CPFE3,CPFE3,0.0007941442737675869,0.0008399850661505188,CONT_843_CPFE3_2020-07-28
B00S BH+entradas,jun/2021,2020-06-30,2021-06-30,2020-08-03,CMIG4,CMIG4,0.0013215222292483836,0.0014050597636164257,CMIG4_2020-08-03_DISTRIBUTION_648;CMIG4_2020-08-03_SHARES_677
B00S BH+entradas,jun/2021,2020-06-30,2021-06-30,2020-08-03,ITUB4,ITUB4,0.0022566522197805796,0.002257893047614037,ITUB4_2020-08-03_DISTRIBUTION_199
B00S BH+entradas,jun/2021,2020-06-30,2021-06-30,2020-08-03,TIET11,TIET11,0.0011684978318147483,0.0011881530485039296,CONT_2597_TIET11_2020-08-03
B00S BH+entradas,jun/2021,2020-06-30,2021-06-30,2020-08-04,BBDC4,BBDC4,0.0024487588623632126,0.0024508981225704134,BBDC4_2020-08-04_DISTRIBUTION_588
B00S BH+entradas,jun/2021,2020-06-30,2021-06-30,2020-08-07,SANB4,SANB4,0.004557679451110638,0.004590256683561622,CONT_2295_SANB4_2020-08-07
B00S BH+entradas,jun/2021,2020-06-30,2021-06-30,2020-08-10,TBLE3,TBLE3,0.0007750226027796052,0.0007892294758895733,TBLE3_2020-08-10_DISTRIBUTION_353
B00S BH+entradas,jun/2021,2020-06-30,2021-06-30,2020-08-11,TIET11,TIET11,0.0011881530485039296,0.0012153264649855202,CONT_2596_TIET11_2020-08-11
B00S BH+entradas,jun/2021,2020-06-30,2021-06-30,2020-08-13,ABCB4,ABCB4,0.0031869031554039896,0.0032250097652869476,CONT_16_ABCB4_2020-08-13
B00S BH+entradas,jun/2021,2020-06-30,2021-06-30,2020-08-13,BBSE3,BBSE3,0.00540718699909788,0.005581824239275888,CONT_2559_BBSE3_2020-08-13
B00S BH+entradas,jun/2021,2020-06-30,2021-06-30,2020-08-17,IRBR3,IRBR3,0.004351915672092294,0.00436998166284836,CONT_1352_IRBR3_2020-08-17;CONT_1353_IRBR3_2020-08-17
B00S BH+entradas,jun/2021,2020-06-30,2021-06-30,2020-08-18,ITUB4,ITUB4,0.002257893047614037,0.002262820545230323,ITUB4_2020-08-18_DISTRIBUTION_198
B00S BH+entradas,jun/2021,2020-06-30,2021-06-30,2020-08-24,BBAS3,BBAS3,0.0015636616558644667,0.0015843322030120997,CONT_205_BBAS3_2020-08-24;CONT_206_BBAS3_2020-08-24
B00S BH+entradas,jun/2021,2020-06-30,2021-06-30,2020-09-01,ITUB4,ITUB4,0.002262820545230323,0.00226421505255072,ITUB4_2020-09-01_DISTRIBUTION_197
B00S BH+entradas,jun/2021,2020-06-30,2021-06-30,2020-09-02,BBDC4,BBDC4,0.0024508981225704134,0.0024531000791875647,BBDC4_2020-09-02_DISTRIBUTION_589
B00S BH+entradas,jun/2021,2020-06-30,2021-06-30,2020-09-14,BBAS3,BBAS3,0.0015843322030120997,0.0015893683240311,CONT_204_BBAS3_2020-09-14
B00S BH+entradas,jun/2021,2020-06-30,2021-06-30,2020-09-23,CSMG3,CSMG3,0.002186003481237437,0.0022084211762748774,CONT_2686_CSMG3_2020-09-23
B00S BH+entradas,jun/2021,2020-06-30,2021-06-30,2020-09-28,CMIG4,CMIG4,0.0014050597636164257,0.0014159479564424503,CMIG4_2020-09-28_DISTRIBUTION_649
B00S BH+entradas,jun/2021,2020-06-30,2021-06-30,2020-09-29,VIVT4,VIVT4,0.002454714488389834,0.0024770450086372183,CONT_2733_VIVT4_2020-09-29
B00S BH+entradas,jun/2021,2020-06-30,2021-06-30,2020-10-01,ITUB4,ITUB4,0.00226421505255072,0.0022657231886869657,ITUB4_2020-10-01_DISTRIBUTION_196
B00S BH+entradas,jun/2021,2020-06-30,2021-06-30,2020-10-02,BBDC4,BBDC4,0.0024531000791875647,0.0024554700947405418,BBDC4_2020-10-02_DISTRIBUTION_590
B00S BH+entradas,jun/2021,2020-06-30,2021-06-30,2020-10-13,TIMP3,TIMP3,0.006216091533478487,0,CONT_2860_TIMP3_2020-10-13
B00S BH+entradas,jun/2021,2020-06-30,2021-06-30,2020-10-13,TIMP3,TIMS3,0,0.006216091533478487,CONT_2860_TIMP3_2020-10-13
B00S BH+entradas,jun/2021,2020-06-30,2021-06-30,2020-10-20,TIMP3,TIMS3,0.006216091533478487,0.006316082945269171,CONT_2734_TIMS3_2020-10-20
B00S BH+entradas,jun/2021,2020-06-30,2021-06-30,2020-11-03,ITUB4,ITUB4,0.0022657231886869657,0.0022671369094785757,ITUB4_2020-11-03_DISTRIBUTION_195
B00S BH+entradas,jun/2021,2020-06-30,2021-06-30,2020-11-03,PSSA3,PSSA3,0.006236599333060552,0.006308948599650163,CONT_2735_PSSA3_2020-11-03
B00S BH+entradas,jun/2021,2020-06-30,2021-06-30,2020-11-04,BBDC4,BBDC4,0.0024554700947405418,0.0024577230964839126,BBDC4_2020-11-04_DISTRIBUTION_591
B00S BH+entradas,jun/2021,2020-06-30,2021-06-30,2020-11-05,SANB4,SANB4,0.004590256683561622,0.004627439077385025,CONT_2294_SANB4_2020-11-05
B00S BH+entradas,jun/2021,2020-06-30,2021-06-30,2020-11-05,TRPL4,TRPL4,0.0031830032918506723,0.003249396823758734,CONT_1383_TRPL4_2020-11-05
B00S BH+entradas,jun/2021,2020-06-30,2021-06-30,2020-11-11,TIET11,TIET11,0.0012153264649855202,0.0012279443946916313,CONT_2595_TIET11_2020-11-11
B00S BH+entradas,jun/2021,2020-06-30,2021-06-30,2020-11-17,BBAS3,BBAS3,0.0015893683240311,0.0015984199969298776,CONT_203_BBAS3_2020-11-17
B00S BH+entradas,jun/2021,2020-06-30,2021-06-30,2020-11-20,CSMG3,CSMG3,0.0022084211762748774,0.002527803356079942,CONT_2687_CSMG3_2020-11-20
B00S BH+entradas,jun/2021,2020-06-30,2021-06-30,2020-11-23,VIVT4,VIVT3,0,0.0024770450086372183,CONT_2861_VIVT4_2020-11-23
B00S BH+entradas,jun/2021,2020-06-30,2021-06-30,2020-11-23,VIVT4,VIVT4,0.0024770450086372183,0,CONT_2861_VIVT4_2020-11-23
B00S BH+entradas,jun/2021,2020-06-30,2021-06-30,2020-11-26,CSMG3,CSMG3,0.002527803356079942,0.007583410068239826,CSMG_SPLIT_20201126
B00S BH+entradas,jun/2021,2020-06-30,2021-06-30,2020-11-30,VIVT4,VIVT3,0.0024770450086372183,0.0024901582367534416,CONT_2736_VIVT3_2020-11-30
B00S BH+entradas,jun/2021,2020-06-30,2021-06-30,2020-12-01,ITUB4,ITUB4,0.0022671369094785757,0.0022682800037186488,ITUB4_2020-12-01_DISTRIBUTION_194
B00S BH+entradas,jun/2021,2020-06-30,2021-06-30,2020-12-02,BBDC4,BBDC4,0.0024577230964839126,0.002459522279598522,BBDC4_2020-12-02_DISTRIBUTION_592
B00S BH+entradas,jun/2021,2020-06-30,2021-06-30,2020-12-11,BRSR6,BRSR6,0.004015550704409892,0.004044964441470164,CONT_668_BRSR6_2020-12-11
B00S BH+entradas,jun/2021,2020-06-30,2021-06-30,2020-12-11,ITUB4,ITUB4,0.0022682800037186488,0.0022729151215792826,ITUB4_2020-12-11_DISTRIBUTION_193
B00S BH+entradas,jun/2021,2020-06-30,2021-06-30,2020-12-14,BBAS3,BBAS3,0.0015984199969298776,0.0016032768978090156,CONT_202_BBAS3_2020-12-14
B00S BH+entradas,jun/2021,2020-06-30,2021-06-30,2020-12-15,TIET11,TIET11,0.0012279443946916313,0.0012346640412582127,CONT_2594_TIET11_2020-12-15
B00S BH+entradas,jun/2021,2020-06-30,2021-06-30,2020-12-17,TRPL4,TRPL4,0.003249396823758734,0.0033470827196791326,CONT_1381_TRPL4_2020-12-17;CONT_1382_TRPL4_2020-12-17
B00S BH+entradas,jun/2021,2020-06-30,2021-06-30,2020-12-21,TBLE3,TBLE3,0.0007892294758895733,0.0008054502300618143,TBLE3_2020-12-21_DISTRIBUTION_351;TBLE3_2020-12-21_DISTRIBUTION_352
B00S BH+entradas,jun/2021,2020-06-30,2021-06-30,2020-12-21,TIMP3,TIMS3,0.006316082945269171,0.006422694434789391,CONT_2737_TIMS3_2020-12-21
B00S BH+entradas,jun/2021,2020-06-30,2021-06-30,2020-12-29,BBDC4,BBDC4,0.002459522279598522,0.002496622680945051,BBDC4_2020-12-29_DISTRIBUTION_593
B00S BH+entradas,jun/2021,2020-06-30,2021-06-30,2020-12-29,CPLE6,CPLE6,0.0005720432423147885,0.0005964168474178407,CONT_915_CPLE6_2020-12-29
B00S BH+entradas,jun/2021,2020-06-30,2021-06-30,2020-12-29,VIVT4,VIVT3,0.0024901582367534416,0.0025378039809587664,CONT_2738_VIVT3_2020-12-29;CONT_2739_VIVT3_2020-12-29
B00S BH+entradas,jun/2021,2020-06-30,2021-06-30,2020-12-30,BRSR6,BRSR6,0.004044964441470164,0.004058540977334129,CONT_667_BRSR6_2020-12-30
B00S BH+entradas,jun/2021,2020-06-30,2021-06-30,2021-01-04,BRSR6,BRSR6,0.004058540977334129,0.004080441561397275,CONT_666_BRSR6_2021-01-04
B00S BH+entradas,jun/2021,2020-06-30,2021-06-30,2021-01-04,CMIG4,CMIG4,0.0014159479564424503,0.0014445406383808898,CMIG4_2021-01-04_DISTRIBUTION_650
B00S BH+entradas,jun/2021,2020-06-30,2021-06-30,2021-01-04,ITUB4,ITUB4,0.0022729151215792826,0.002274018478434418,ITUB4_2021-01-04_DISTRIBUTION_192
B00S BH+entradas,jun/2021,2020-06-30,2021-06-30,2021-01-04,SAPR4,SAPR4,0.03311554865873495,0.033778216224068826,CONT_2740_SAPR4_2021-01-04
B00S BH+entradas,jun/2021,2020-06-30,2021-06-30,2021-01-05,BBDC4,BBDC4,0.002496622680945051,0.002498427364317089,BBDC4_2021-01-05_DISTRIBUTION_564
B00S BH+entradas,jun/2021,2020-06-30,2021-06-30,2021-01-05,ENBR3,ENBR3,0.0017097932112949048,0.0017340748303647585,CONT_2385_ENBR3_2021-01-05
B00S BH+entradas,jun/2021,2020-06-30,2021-06-30,2021-01-07,ABCB4,ABCB4,0.0032250097652869476,0.0032921639025481225,CONT_15_ABCB4_2021-01-07
B00S BH+entradas,jun/2021,2020-06-30,2021-06-30,2021-01-07,NEOE3,NEOE3,0.002259769937056948,0.002288581786145006,CONT_2057_NEOE3_2021-01-07
B00S BH+entradas,jun/2021,2020-06-30,2021-06-30,2021-01-11,SANB4,SANB4,0.004627439077385025,0.004646072216133442,CONT_2293_SANB4_2021-01-11
B00S BH+entradas,jun/2021,2020-06-30,2021-06-30,2021-01-26,ITUB4,ITUB4,0.002274018478434418,0.0022780561692973657,ITUB4_2021-01-26_DISTRIBUTION_191
B00S BH+entradas,jun/2021,2020-06-30,2021-06-30,2021-02-01,ITUB4,ITUB4,0.0022780561692973657,0.00227923123265842,ITUB4_2021-02-01_DISTRIBUTION_190
B00S BH+entradas,jun/2021,2020-06-30,2021-06-30,2021-02-02,BBDC4,BBDC4,0.002498427364317089,0.002500313841915111,BBDC4_2021-02-02_DISTRIBUTION_565
B00S BH+entradas,jun/2021,2020-06-30,2021-06-30,2021-02-12,BBSE3,BBSE3,0.005581824239275888,0.005676443737542713,CONT_2558_BBSE3_2021-02-12
B00S BH+entradas,jun/2021,2020-06-30,2021-06-30,2021-02-17,SANB4,SANB4,0.004646072216133442,0.004661777701013328,CONT_2292_SANB4_2021-02-17
B00S BH+entradas,jun/2021,2020-06-30,2021-06-30,2021-02-18,BBDC4,BBDC4,0.002500313841915111,0.0025025041291866184,BBDC4_2021-02-18_DISTRIBUTION_566
B00S BH+entradas,jun/2021,2020-06-30,2021-06-30,2021-02-23,BBAS3,BBAS3,0.0016032768978090156,0.0016262414089994034,CONT_200_BBAS3_2021-02-23;CONT_201_BBAS3_2021-02-23
B00S BH+entradas,jun/2021,2020-06-30,2021-06-30,2021-02-26,ITUB4,ITUB4,0.00227923123265842,0.0022923434581454947,ITUB4_2021-02-26_DISTRIBUTION_188;ITUB4_2021-02-26_DISTRIBUTION_189
B00S BH+entradas,jun/2021,2020-06-30,2021-06-30,2021-02-26,TRPL4,TRPL4,0.0033470827196791326,0.0034599810802216284,CONT_1380_TRPL4_2021-02-26
B00S BH+entradas,jun/2021,2020-06-30,2021-06-30,2021-03-01,ITUB4,ITUB4,0.0022923434581454947,0.0022937316354515983,ITUB4_2021-03-01_DISTRIBUTION_187
B00S BH+entradas,jun/2021,2020-06-30,2021-06-30,2021-03-01,VIVT4,VIVT3,0.0025378039809587664,0.002543012930976273,CONT_2741_VIVT3_2021-03-01
B00S BH+entradas,jun/2021,2020-06-30,2021-06-30,2021-03-02,BBDC4,BBDC4,0.0025025041291866184,0.0025045849590671194,BBDC4_2021-03-02_DISTRIBUTION_567
B00S BH+entradas,jun/2021,2020-06-30,2021-06-30,2021-03-02,TIET11,TIET11,0.0012346640412582127,0.0012362188653912344,CONT_2593_TIET11_2021-03-02
B00S BH+entradas,jun/2021,2020-06-30,2021-06-30,2021-03-03,CSMG3,CSMG3,0.007583410068239826,0.007693926891984627,CONT_2688_CSMG3_2021-03-03
B00S BH+entradas,jun/2021,2020-06-30,2021-06-30,2021-03-08,BRSR6,BRSR6,0.004080441561397275,0.004157486003922124,CONT_665_BRSR6_2021-03-08
B00S BH+entradas,jun/2021,2020-06-30,2021-06-30,2021-03-12,BBAS3,BBAS3,0.0016262414089994034,0.0016341402944600352,CONT_199_BBAS3_2021-03-12
B00S BH+entradas,jun/2021,2020-06-30,2021-06-30,2021-03-12,CPLE6,CPLE6,0.0005964168474178407,0.005964168474178406,CPLE6_SPLIT_20210312
B00S BH+entradas,jun/2021,2020-06-30,2021-06-30,2021-03-25,CSMG3,CSMG3,0.007693926891984627,0.007782708224144148,CONT_2689_CSMG3_2021-03-25
B00S BH+entradas,jun/2021,2020-06-30,2021-06-30,2021-03-26,ITUB4,ITUB4,0.0022937316354515983,0.002297869667871237,ITUB4_2021-03-26_DISTRIBUTION_186
B00S BH+entradas,jun/2021,2020-06-30,2021-06-30,2021-03-29,TIET11,AESB3,0,0.0012362188653912344,TIET_AESB_20210329_UNIT
B00S BH+entradas,jun/2021,2020-06-30,2021-06-30,2021-03-29,TIET11,TIET11,0.0012362188653912344,0,TIET_AESB_20210329_UNIT
B00S BH+entradas,jun/2021,2020-06-30,2021-06-30,2021-03-31,TRPL4,TRPL4,0.0034599810802216284,0.0035687071268256858,CONT_1379_TRPL4_2021-03-31
B00S BH+entradas,jun/2021,2020-06-30,2021-06-30,2021-04-01,ABCB4,ABCB4,0.0032921639025481225,0.0033420735759461828,CONT_14_ABCB4_2021-04-01
B00S BH+entradas,jun/2021,2020-06-30,2021-06-30,2021-04-01,CPLE6,CPLE6,0.005964168474178406,0.006056856734939014,CONT_913_CPLE6_2021-04-01;CONT_914_CPLE6_2021-04-01
B00S BH+entradas,jun/2021,2020-06-30,2021-06-30,2021-04-01,ITUB4,ITUB4,0.002297869667871237,0.00229914155145124,ITUB4_2021-04-01_DISTRIBUTION_185
B00S BH+entradas,jun/2021,2020-06-30,2021-06-30,2021-04-01,PSSA3,PSSA3,0.006308948599650163,0.006540409681879767,CONT_2742_PSSA3_2021-04-01;CONT_2743_PSSA3_2021-04-01;CONT_2744_PSSA3_2021-04-01
B00S BH+entradas,jun/2021,2020-06-30,2021-06-30,2021-04-01,VIVT4,VIVT3,0.002543012930976273,0.0025522365884779845,CONT_2745_VIVT3_2021-04-01
B00S BH+entradas,jun/2021,2020-06-30,2021-06-30,2021-04-05,BBDC4,BBDC4,0.0025045849590671194,0.0025064121032894403,BBDC4_2021-04-05_DISTRIBUTION_568
B00S BH+entradas,jun/2021,2020-06-30,2021-06-30,2021-04-12,ENBR3,ENBR3,0.0017340748303647585,0.001800761350271832,CONT_2386_ENBR3_2021-04-12
B00S BH+entradas,jun/2021,2020-06-30,2021-06-30,2021-04-13,NEOE3,NEOE3,0.002288581786145006,0.002312027436840444,CONT_2056_NEOE3_2021-04-13
B00S BH+entradas,jun/2021,2020-06-30,2021-06-30,2021-04-16,VIVT4,VIVT3,0.0025522365884779845,0.0026066938159682897,CONT_2746_VIVT3_2021-04-16
B00S BH+entradas,jun/2021,2020-06-30,2021-06-30,2021-04-19,BBDC4,BBDC4,0.0025064121032894403,0.0027570533136183845,BBDC4_2021-04-19_SHARES_673
B00S BH+entradas,jun/2021,2020-06-30,2021-06-30,2021-04-27,COCE5,COCE5,0.0004888727760931141,0.0005075924371940868,CONT_827_COCE5_2021-04-27
B00S BH+entradas,jun/2021,2020-06-30,2021-06-30,2021-04-28,ITUB4,ITUB4,0.00229914155145124,0.002303744724610615,ITUB4_2021-04-28_DISTRIBUTION_184
B00S BH+entradas,jun/2021,2020-06-30,2021-06-30,2021-04-30,CPLE6,CPLE6,0.006056856734939014,0.006133826951035449,CONT_912_CPLE6_2021-04-30
B00S BH+entradas,jun/2021,2020-06-30,2021-06-30,2021-04-30,SBSP3,SBSP3,0.0035304413388401383,0.0035632782394648343,CONT_2436_SBSP3_2021-04-30
B00S BH+entradas,jun/2021,2020-06-30,2021-06-30,2021-05-03,BRSR6,BRSR6,0.004157486003922124,0.0041765532161754295,CONT_664_BRSR6_2021-05-03
B00S BH+entradas,jun/2021,2020-06-30,2021-06-30,2021-05-03,CMIG4,CMIG4,0.0014445406383808898,0.0016836444703879853,CMIG4_2021-05-03_DISTRIBUTION_651;CMIG4_2021-05-03_SHARES_678
B00S BH+entradas,jun/2021,2020-06-30,2021-06-30,2021-05-03,CPFE3,CPFE3,0.0008399850661505188,0.0008856426428173465,CONT_842_CPFE3_2021-05-03
B00S BH+entradas,jun/2021,2020-06-30,2021-06-30,2021-05-03,EQTL3,EQTL3,0.003169102077291661,0.003265297418592251,CONT_1119_EQTL3_2021-05-03
B00S BH+entradas,jun/2021,2020-06-30,2021-06-30,2021-05-03,ITUB4,ITUB4,0.002303744724610615,0.0023049832970432013,ITUB4_2021-05-03_DISTRIBUTION_183
B00S BH+entradas,jun/2021,2020-06-30,2021-06-30,2021-05-03,VIVT4,VIVT3,0.0026066938159682897,0.002616768462229911,CONT_2747_VIVT3_2021-05-03
B00S BH+entradas,jun/2021,2020-06-30,2021-06-30,2021-05-04,BBDC4,BBDC4,0.0027570533136183845,0.0027592514043758938,BBDC4_2021-05-04_DISTRIBUTION_569
B00S BH+entradas,jun/2021,2020-06-30,2021-06-30,2021-05-10,SANB4,SANB4,0.004661777701013328,0.004759679427268814,CONT_2291_SANB4_2021-05-10
B00S BH+entradas,jun/2021,2020-06-30,2021-06-30,2021-05-11,TIET11,AESB3,0.0012362188653912344,0.001251050228940773,CONT_30_AESB3_2021-05-11
B00S BH+entradas,jun/2021,2020-06-30,2021-06-30,2021-05-12,TBLE3,TBLE3,0.0008054502300618143,0.0008210481085507419,TBLE3_2021-05-12_DISTRIBUTION_350
B00S BH+entradas,jun/2021,2020-06-30,2021-06-30,2021-05-24,BBAS3,BBAS3,0.0016341402944600352,0.0016547383191162705,CONT_197_BBAS3_2021-05-24;CONT_198_BBAS3_2021-05-24
B00S BH+entradas,jun/2021,2020-06-30,2021-06-30,2021-05-25,ITUB4,ITUB4,0.0023049832970432013,0.002308857258625887,ITUB4_2021-05-25_DISTRIBUTION_182
B00S BH+entradas,jun/2021,2020-06-30,2021-06-30,2021-06-01,ITUB4,ITUB4,0.002308857258625887,0.002309989051399723,ITUB4_2021-06-01_DISTRIBUTION_181
B00S BH+entradas,jun/2021,2020-06-30,2021-06-30,2021-06-02,BBDC4,BBDC4,0.0027592514043758938,0.0027611132915871675,BBDC4_2021-06-02_DISTRIBUTION_570
B00S BH+entradas,jun/2021,2020-06-30,2021-06-30,2021-06-04,BRSR6,BRSR6,0.0041765532161754295,0.004247659568856983,CONT_663_BRSR6_2021-06-04
B00S BH+entradas,jun/2021,2020-06-30,2021-06-30,2021-06-14,BBAS3,BBAS3,0.0016547383191162705,0.001662566923307284,CONT_196_BBAS3_2021-06-14
B00S BH+entradas,jun/2021,2020-06-30,2021-06-30,2021-06-22,TIMP3,TIMS3,0.006422694434789391,0.006499795872673221,CONT_2748_TIMS3_2021-06-22
B00S BH+entradas,jun/2021,2020-06-30,2021-06-30,2021-06-23,CSMG3,CSMG3,0.007782708224144148,0.007851382917122842,CONT_2690_CSMG3_2021-06-23
B00S BH+entradas,jun/2022,2021-06-30,2022-06-30,2021-07-01,ABCB4,ABCB4,0.0032678052742584895,0.0033148255998210786,CONT_13_ABCB4_2021-07-01
B00S BH+entradas,jun/2022,2021-06-30,2022-06-30,2021-07-01,ITUB4,ITUB4,0.002258655961368618,0.002259797080917979,ITUB4_2021-07-01_DISTRIBUTION_180
B00S BH+entradas,jun/2022,2021-06-30,2022-06-30,2021-07-01,SAPR4,SAPR4,0.03302758919686729,0.03386836504194822,CONT_2749_SAPR4_2021-07-01
B00S BH+entradas,jun/2022,2021-06-30,2022-06-30,2021-07-01,VIVT3,VIVT3,0.002558618051958135,0.0025816038263331074,CONT_2750_VIVT3_2021-07-01
B00S BH+entradas,jun/2022,2021-06-30,2022-06-30,2021-07-02,BBDC4,BBDC4,0.002699755218440786,0.0027017255007337347,BBDC4_2021-07-02_DISTRIBUTION_571
B00S BH+entradas,jun/2022,2021-06-30,2022-06-30,2021-07-02,NEOE3,NEOE3,0.0022606490493551007,0.002278848085253929,CONT_2055_NEOE3_2021-07-02
B00S BH+entradas,jun/2022,2021-06-30,2022-06-30,2021-07-05,BBDC4,BBDC4,0.0027017255007337347,0.002759952279720259,BBDC4_2021-07-05_DISTRIBUTION_572
B00S BH+entradas,jun/2022,2021-06-30,2022-06-30,2021-07-07,TRPL4,TRPL4,0.0034894025240073375,0.0035602252753490055,CONT_1378_TRPL4_2021-07-07
B00S BH+entradas,jun/2022,2021-06-30,2022-06-30,2021-07-30,PSSA3,PSSA3,0.00639506724450466,0.006480670395293638,CONT_2751_PSSA3_2021-07-30
B00S BH+entradas,jun/2022,2021-06-30,2022-06-30,2021-08-02,ITUB4,ITUB4,0.002259797080917979,0.002260909550764181,ITUB4_2021-08-02_DISTRIBUTION_179
B00S BH+entradas,jun/2022,2021-06-30,2022-06-30,2021-08-03,BBDC4,BBDC4,0.002759952279720259,0.002762088069579835,BBDC4_2021-08-03_DISTRIBUTION_573
B00S BH+entradas,jun/2022,2021-06-30,2022-06-30,2021-08-05,SANB4,SANB4,0.004653908773329507,0.0047625112218864,CONT_2290_SANB4_2021-08-05
B00S BH+entradas,jun/2022,2021-06-30,2022-06-30,2021-08-10,AESB3,AESB3,0.0012232491127420891,0.0012287738911074021,CONT_29_AESB3_2021-08-10
B00S BH+entradas,jun/2022,2021-06-30,2022-06-30,2021-08-12,BBSE3,BBSE3,0.005550300543375098,0.005688626513656418,CONT_2557_BBSE3_2021-08-12
B00S BH+entradas,jun/2022,2021-06-30,2022-06-30,2021-08-16,ITUB4,ITUB4,0.002260909550764181,0.002268647614302459,ITUB4_2021-08-16_DISTRIBUTION_178
B00S BH+entradas,jun/2022,2021-06-30,2022-06-30,2021-08-17,TBLE3,TBLE3,0.000802802595027392,0.0008237806559768287,TBLE3_2021-08-17_DISTRIBUTION_349
B00S BH+entradas,jun/2022,2021-06-30,2022-06-30,2021-08-24,BBAS3,BBAS3,0.0016256209916782334,0.001644123791197467,CONT_194_BBAS3_2021-08-24;CONT_195_BBAS3_2021-08-24
B00S BH+entradas,jun/2022,2021-06-30,2022-06-30,2021-09-01,CPFE3,CPFE3,0.0008659616951991832,0.0009134090301140802,CONT_841_CPFE3_2021-09-01
B00S BH+entradas,jun/2022,2021-06-30,2022-06-30,2021-09-01,ITUB4,ITUB4,0.002268647614302459,0.00226974322647936,ITUB4_2021-09-01_DISTRIBUTION_177
B00S BH+entradas,jun/2022,2021-06-30,2022-06-30,2021-09-02,BBDC4,BBDC4,0.002762088069579835,0.0027644404077109596,BBDC4_2021-09-02_DISTRIBUTION_574
B00S BH+entradas,jun/2022,2021-06-30,2022-06-30,2021-09-06,BRSR6,BRSR6,0.004153267133993494,0.004242668223074203,CONT_662_BRSR6_2021-09-06
B00S BH+entradas,jun/2022,2021-06-30,2022-06-30,2021-09-14,BBAS3,BBAS3,0.001644123791197467,0.001654514993758715,CONT_193_BBAS3_2021-09-14
B00S BH+entradas,jun/2022,2021-06-30,2022-06-30,2021-09-27,CSMG3,CSMG3,0.007676907741186778,0.00790529012296583,CONT_2381_CSMG3_2021-09-27;CONT_2382_CSMG3_2021-09-27
B00S BH+entradas,jun/2022,2021-06-30,2022-06-30,2021-09-30,TIMS3,TIMS3,0.0063553559643915935,0.006386083313220305,CONT_2752_TIMS3_2021-09-30
B00S BH+entradas,jun/2022,2021-06-30,2022-06-30,2021-10-01,CPLE6,CPLE6,0.005997519685456883,0.006477348945902688,CONT_910_CPLE6_2021-10-01;CONT_911_CPLE6_2021-10-01
B00S BH+entradas,jun/2022,2021-06-30,2022-06-30,2021-10-01,ITUB4,ITUB4,0.00226974322647936,0.0022708907205271247,ITUB4_2021-10-01_DISTRIBUTION_176
B00S BH+entradas,jun/2022,2021-06-30,2022-06-30,2021-10-01,VIVT3,VIVT3,0.0025816038263331074,0.002603129543405453,CONT_2753_VIVT3_2021-10-01
B00S BH+entradas,jun/2022,2021-06-30,2022-06-30,2021-10-04,BBDC4,BBDC4,0.0027644404077109596,0.0027669707853630677,BBDC4_2021-10-04_DISTRIBUTION_575
B00S BH+entradas,jun/2022,2021-06-30,2022-06-30,2021-10-04,ITUB4,XPBR31,0,5.242997513527013e-05,ITUB4_2021-10-04_SPINOFF_686
B00S BH+entradas,jun/2022,2021-06-30,2022-06-30,2021-10-07,ABCB4,ABCB4,0.0033148255998210786,0.0033647632322339675,CONT_12_ABCB4_2021-10-07
B00S BH+entradas,jun/2022,2021-06-30,2022-06-30,2021-10-21,PSSA3,PSSA3,0.006480670395293638,0.012961340790587276,CONT_2862_PSSA3_2021-10-21
B00S BH+entradas,jun/2022,2021-06-30,2022-06-30,2021-11-01,COCE5,COCE5,0.0004963126052564404,0.0005109947424192476,CONT_826_COCE5_2021-11-01
B00S BH+entradas,jun/2022,2021-06-30,2022-06-30,2021-11-01,ITUB4,ITUB4,0.0022708907205271247,0.0022725456016673934,ITUB4_2021-11-01_DISTRIBUTION_175
B00S BH+entradas,jun/2022,2021-06-30,2022-06-30,2021-11-01,PSSA3,PSSA3,0.012961340790587276,0.013114939168045464,CONT_2754_PSSA3_2021-11-01
B00S BH+entradas,jun/2022,2021-06-30,2022-06-30,2021-11-03,BBDC4,BBDC4,0.0027669707853630677,0.0027695444491944816,BBDC4_2021-11-03_DISTRIBUTION_576
B00S BH+entradas,jun/2022,2021-06-30,2022-06-30,2021-11-04,TRPL4,TRPL4,0.0035602252753490055,0.003761301427871207,CONT_1376_TRPL4_2021-11-04;CONT_1377_TRPL4_2021-11-04
B00S BH+entradas,jun/2022,2021-06-30,2022-06-30,2021-11-05,SANB4,SANB4,0.0047625112218864,0.004872327616881581,CONT_2289_SANB4_2021-11-05
B00S BH+entradas,jun/2022,2021-06-30,2022-06-30,2021-11-22,ITUB4,ITUB4,0.0022725456016673934,0.002299786390587498,ITUB4_2021-11-22_DISTRIBUTION_174
B00S BH+entradas,jun/2022,2021-06-30,2022-06-30,2021-11-23,BBAS3,BBAS3,0.001654514993758715,0.0016764546287406674,CONT_192_BBAS3_2021-11-23
B00S BH+entradas,jun/2022,2021-06-30,2022-06-30,2021-12-01,ITUB4,ITUB4,0.002299786390587498,0.0023016131786070242,ITUB4_2021-12-01_DISTRIBUTION_173
B00S BH+entradas,jun/2022,2021-06-30,2022-06-30,2021-12-02,BBDC4,BBDC4,0.0027695444491944816,0.0027720685403059358,BBDC4_2021-12-02_DISTRIBUTION_577
B00S BH+entradas,jun/2022,2021-06-30,2022-06-30,2021-12-07,TAEE4,TAEE4,0.003421681686873513,0.003566580319092666,CONT_2412_TAEE4_2021-12-07;CONT_2413_TAEE4_2021-12-07
B00S BH+entradas,jun/2022,2021-06-30,2022-06-30,2021-12-10,CPFE3,CPFE3,0.0009134090301140802,0.0009374778600531155,CONT_840_CPFE3_2021-12-10
B00S BH+entradas,jun/2022,2021-06-30,2022-06-30,2021-12-14,BBAS3,BBAS3,0.0016764546287406674,0.0016856051257557686,CONT_191_BBAS3_2021-12-14
B00S BH+entradas,jun/2022,2021-06-30,2022-06-30,2021-12-16,BRSR6,BRSR6,0.004242668223074203,0.004317434650389399,CONT_661_BRSR6_2021-12-16
B00S BH+entradas,jun/2022,2021-06-30,2022-06-30,2021-12-21,BBDC4,BBDC4,0.0027720685403059358,0.0028066112733177427,BBDC4_2021-12-21_DISTRIBUTION_578;BBDC4_2021-12-21_DISTRIBUTION_579
B00S BH+entradas,jun/2022,2021-06-30,2022-06-30,2021-12-21,TIMS3,TIMS3,0.006386083313220305,0.0065012449169343555,CONT_2755_TIMS3_2021-12-21
B00S BH+entradas,jun/2022,2021-06-30,2022-06-30,2021-12-22,CMIG4,CMIG4,0.001646230148823808,0.0017168266854667648,CMIG4_2021-12-22_DISTRIBUTION_652
B00S BH+entradas,jun/2022,2021-06-30,2022-06-30,2021-12-23,TRPL4,TRPL4,0.003761301427871207,0.0037882513773191302,CONT_1375_TRPL4_2021-12-23
B00S BH+entradas,jun/2022,2021-06-30,2022-06-30,2021-12-28,VIVT3,VIVT3,0.002603129543405453,0.0026777038786744865,CONT_2756_VIVT3_2021-12-28;CONT_2757_VIVT3_2021-12-28
B00S BH+entradas,jun/2022,2021-06-30,2022-06-30,2021-12-30,TBLE3,TBLE3,0.0008237806559768287,0.0008253577835858744,TBLE3_2021-12-30_DISTRIBUTION_348
B00S BH+entradas,jun/2022,2021-06-30,2022-06-30,2022-01-03,ABCB4,ABCB4,0.0033647632322339675,0.0034192918711100423,CONT_11_ABCB4_2022-01-03
B00S BH+entradas,jun/2022,2021-06-30,2022-06-30,2022-01-03,CPLE6,CPLE6,0.006477348945902688,0.00658537172449442,CONT_909_CPLE6_2022-01-03
B00S BH+entradas,jun/2022,2021-06-30,2022-06-30,2022-01-03,ITUB4,ITUB4,0.0023016131786070242,0.002303501764037169,ITUB4_2022-01-03_DISTRIBUTION_172
B00S BH+entradas,jun/2022,2021-06-30,2022-06-30,2022-01-03,SAPR4,SAPR4,0.03386836504194822,0.034966050078520626,CONT_2758_SAPR4_2022-01-03
B00S BH+entradas,jun/2022,2021-06-30,2022-06-30,2022-01-04,BBDC4,BBDC4,0.0028066112733177427,0.0028093009153807957,BBDC4_2022-01-04_DISTRIBUTION_550
B00S BH+entradas,jun/2022,2021-06-30,2022-06-30,2022-01-05,ENBR3,ENBR3,0.0017607444313769024,0.0018308572246103555,CONT_2387_ENBR3_2022-01-05
B00S BH+entradas,jun/2022,2021-06-30,2022-06-30,2022-01-06,NEOE3,NEOE3,0.002278848085253929,0.0022989009948325046,CONT_2054_NEOE3_2022-01-06
B00S BH+entradas,jun/2022,2021-06-30,2022-06-30,2022-01-10,SANB4,SANB4,0.004872327616881581,0.004882741035313486,CONT_2288_SANB4_2022-01-10
B00S BH+entradas,jun/2022,2021-06-30,2022-06-30,2022-02-01,ITUB4,ITUB4,0.002303501764037169,0.0023050967740856293,ITUB4_2022-02-01_DISTRIBUTION_171
B00S BH+entradas,jun/2022,2021-06-30,2022-06-30,2022-02-02,BBDC4,BBDC4,0.0028093009153807957,0.0028116753451488527,BBDC4_2022-02-02_DISTRIBUTION_551
B00S BH+entradas,jun/2022,2021-06-30,2022-06-30,2022-02-11,BBSE3,BBSE3,0.005688626513656418,0.005917859783344231,CONT_2556_BBSE3_2022-02-11
B00S BH+entradas,jun/2022,2021-06-30,2022-06-30,2022-02-11,SANB4,SANB4,0.004882741035313486,0.005005689722533922,CONT_2286_SANB4_2022-02-11;CONT_2287_SANB4_2022-02-11
B00S BH+entradas,jun/2022,2021-06-30,2022-06-30,2022-02-22,ITUB4,ITUB4,0.0023050967740856293,0.0023063195943549115,ITUB4_2022-02-22_DISTRIBUTION_170
B00S BH+entradas,jun/2022,2021-06-30,2022-06-30,2022-02-25,TBLE3,TBLE3,0.0008253577835858744,0.0008415617161808929,TBLE3_2022-02-25_DISTRIBUTION_347
B00S BH+entradas,jun/2022,2021-06-30,2022-06-30,2022-03-02,ITUB4,ITUB4,0.0023063195943549115,0.0023079459044164524,ITUB4_2022-03-02_DISTRIBUTION_169
B00S BH+entradas,jun/2022,2021-06-30,2022-06-30,2022-03-02,VIVT3,VIVT3,0.0026777038786744865,0.002683554784618378,CONT_2759_VIVT3_2022-03-02
B00S BH+entradas,jun/2022,2021-06-30,2022-06-30,2022-03-03,BBAS3,BBAS3,0.0016856051257557686,0.0017080238454213108,CONT_189_BBAS3_2022-03-03;CONT_190_BBAS3_2022-03-03
B00S BH+entradas,jun/2022,2021-06-30,2022-06-30,2022-03-03,BBDC4,BBDC4,0.0028116753451488527,0.0028142765641953767,BBDC4_2022-03-03_DISTRIBUTION_552
B00S BH+entradas,jun/2022,2021-06-30,2022-06-30,2022-03-15,BBAS3,BBAS3,0.0017080238454213108,0.0017189124337726948,CONT_188_BBAS3_2022-03-15
B00S BH+entradas,jun/2022,2021-06-30,2022-06-30,2022-03-17,BRSR6,BRSR6,0.004317434650389399,0.004457256325148715,CONT_660_BRSR6_2022-03-17
B00S BH+entradas,jun/2022,2021-06-30,2022-06-30,2022-03-23,CSMG3,CSMG3,0.00790529012296583,0.007954058310923726,CONT_2383_CSMG3_2022-03-23
B00S BH+entradas,jun/2022,2021-06-30,2022-06-30,2022-03-29,CMIG4,CMIG4,0.0017168266854667648,0.0017338000759353396,CMIG4_2022-03-29_DISTRIBUTION_653
B00S BH+entradas,jun/2022,2021-06-30,2022-06-30,2022-03-29,TIMS3,TIMS3,0.0065012449169343555,0.00653975761827418,CONT_2760_TIMS3_2022-03-29
B00S BH+entradas,jun/2022,2021-06-30,2022-06-30,2022-04-01,ABCB4,ABCB4,0.0034192918711100423,0.003482657078668209,CONT_10_ABCB4_2022-04-01
B00S BH+entradas,jun/2022,2021-06-30,2022-06-30,2022-04-01,ITUB4,ITUB4,0.0023079459044164524,0.002309425034598477,ITUB4_2022-04-01_DISTRIBUTION_168
B00S BH+entradas,jun/2022,2021-06-30,2022-06-30,2022-04-01,PSSA3,PSSA3,0.013114939168045464,0.01339561504338425,CONT_2761_PSSA3_2022-04-01;CONT_2762_PSSA3_2022-04-01
B00S BH+entradas,jun/2022,2021-06-30,2022-06-30,2022-04-01,VIVT3,VIVT3,0.002683554784618378,0.00269090177020855,CONT_2763_VIVT3_2022-04-01
B00S BH+entradas,jun/2022,2021-06-30,2022-06-30,2022-04-04,BBDC4,BBDC4,0.0028142765641953767,0.0028167182816292487,BBDC4_2022-04-04_DISTRIBUTION_553
B00S BH+entradas,jun/2022,2021-06-30,2022-06-30,2022-04-06,ENBR3,ENBR3,0.0018308572246103555,0.0019465781946940864,CONT_2388_ENBR3_2022-04-06
B00S BH+entradas,jun/2022,2021-06-30,2022-06-30,2022-04-13,COCE5,COCE5,0.0005109947424192476,0.0005127007337790748,CONT_825_COCE5_2022-04-13
B00S BH+entradas,jun/2022,2021-06-30,2022-06-30,2022-04-19,BBDC4,BBDC4,0.0028167182816292487,0.003098390109792174,BBDC4_2022-04-19_SHARES_674
B00S BH+entradas,jun/2022,2021-06-30,2022-06-30,2022-04-22,SANB4,SANB4,0.005005689722533922,0.005071378196685628,CONT_2284_SANB4_2022-04-22;CONT_2285_SANB4_2022-04-22
B00S BH+entradas,jun/2022,2021-06-30,2022-06-30,2022-04-26,NEOE3,NEOE3,0.0022989009948325046,0.0023695831324012833,CONT_2053_NEOE3_2022-04-26
B00S BH+entradas,jun/2022,2021-06-30,2022-06-30,2022-04-27,VIVT3,VIVT3,0.00269090177020855,0.002753838459523339,CONT_2764_VIVT3_2022-04-27
B00S BH+entradas,jun/2022,2021-06-30,2022-06-30,2022-04-29,SAPR4,SAPR4,0.034966050078520626,0.03507434780360267,CONT_2765_SAPR4_2022-04-29
B00S BH+entradas,jun/2022,2021-06-30,2022-06-30,2022-04-29,SBSP3,SBSP3,0.0034840942785878378,0.0035578525466413917,CONT_2437_SBSP3_2022-04-29
B00S BH+entradas,jun/2022,2021-06-30,2022-06-30,2022-05-02,CMIG4,CMIG4,0.0017338000759353396,0.002350114958821826,CMIG4_2022-05-02_DISTRIBUTION_654;CMIG4_2022-05-02_SHARES_679
B00S BH+entradas,jun/2022,2021-06-30,2022-06-30,2022-05-02,CPFE3,CPFE3,0.0009374778600531155,0.000984676092969755,CONT_839_CPFE3_2022-05-02
B00S BH+entradas,jun/2022,2021-06-30,2022-06-30,2022-05-02,CPLE6,CPLE6,0.00658537172449442,0.007088046784502906,CONT_908_CPLE6_2022-05-02
B00S BH+entradas,jun/2022,2021-06-30,2022-06-30,2022-05-02,EQTL3,EQTL3,0.0031927352537346456,0.0032747645818113286,CONT_1118_EQTL3_2022-05-02
B00S BH+entradas,jun/2022,2021-06-30,2022-06-30,2022-05-02,ITUB4,ITUB4,0.002309425034598477,0.0023111413020452417,ITUB4_2022-05-02_DISTRIBUTION_167
B00S BH+entradas,jun/2022,2021-06-30,2022-06-30,2022-05-02,VIVT3,VIVT3,0.002753838459523339,0.002758572862737671,CONT_2766_VIVT3_2022-05-02
B00S BH+entradas,jun/2022,2021-06-30,2022-06-30,2022-05-03,BBDC4,BBDC4,0.003098390109792174,0.003101643643856413,BBDC4_2022-05-03_DISTRIBUTION_554
B00S BH+entradas,jun/2022,2021-06-30,2022-06-30,2022-05-03,BRSR6,BRSR6,0.004457256325148715,0.00447283919126329,CONT_659_BRSR6_2022-05-03
B00S BH+entradas,jun/2022,2021-06-30,2022-06-30,2022-05-10,TAEE4,TAEE4,0.003566580319092666,0.0037325938768650595,CONT_2411_TAEE4_2022-05-10
B00S BH+entradas,jun/2022,2021-06-30,2022-06-30,2022-05-12,TBLE3,TBLE3,0.0008415617161808929,0.0008551312463469462,TBLE3_2022-05-12_DISTRIBUTION_346
B00S BH+entradas,jun/2022,2021-06-30,2022-06-30,2022-05-24,BBAS3,BBAS3,0.0017189124337726948,0.001749519585055149,CONT_186_BBAS3_2022-05-24;CONT_187_BBAS3_2022-05-24
B00S BH+entradas,jun/2022,2021-06-30,2022-06-30,2022-06-01,ITUB4,ITUB4,0.0023111413020452417,0.0023127236001050204,ITUB4_2022-06-01_DISTRIBUTION_166
B00S BH+entradas,jun/2022,2021-06-30,2022-06-30,2022-06-02,BBDC4,BBDC4,0.003101643643856413,0.0031045818912717018,BBDC4_2022-06-02_DISTRIBUTION_555
B00S BH+entradas,jun/2022,2021-06-30,2022-06-30,2022-06-13,BRSR6,BRSR6,0.00447283919126329,0.004651786041400556,CONT_658_BRSR6_2022-06-13
B00S BH+entradas,jun/2022,2021-06-30,2022-06-30,2022-06-14,BBAS3,BBAS3,0.001749519585055149,0.00176258278766632,CONT_185_BBAS3_2022-06-14
B00S BH+entradas,jun/2022,2021-06-30,2022-06-30,2022-06-21,BBDC4,BBDC4,0.0031045818912717018,0.00313732579855813,BBDC4_2022-06-21_DISTRIBUTION_556
B00S BH+entradas,jun/2022,2021-06-30,2022-06-30,2022-06-22,CSMG3,CSMG3,0.007954058310923726,0.008047962051491903,CONT_2384_CSMG3_2022-06-22
B00S BH+entradas,jun/2022,2021-06-30,2022-06-30,2022-06-24,TIMS3,TIMS3,0.00653975761827418,0.006597838782611695,CONT_2767_TIMS3_2022-06-24
B00S BH+entradas,jun/2022,2021-06-30,2022-06-30,2022-06-27,CMIG4,CMIG4,0.002350114958821826,0.0023855137141193597,CMIG4_2022-06-27_DISTRIBUTION_655
B00S BH+entradas,jun/2023,2022-06-30,2023-06-30,2022-07-01,ABCB4,ABCB4,0.0034826570786682096,0.0035605906636454005,CONT_9_ABCB4_2022-07-01
B00S BH+entradas,jun/2023,2022-06-30,2023-06-30,2022-07-01,ITUB4,ITUB4,0.0023127236001050204,0.0023145100146145106,ITUB4_2022-07-01_DISTRIBUTION_165
B00S BH+entradas,jun/2023,2022-06-30,2023-06-30,2022-07-01,SAPR4,SAPR4,0.03507434780360267,0.03606652457111682,CONT_2768_SAPR4_2022-07-01
B00S BH+entradas,jun/2023,2022-06-30,2023-06-30,2022-07-01,VIVT3,VIVT3,0.002758572862737671,0.002775241080368252,CONT_2769_VIVT3_2022-07-01
B00S BH+entradas,jun/2023,2022-06-30,2023-06-30,2022-07-04,BBDC4,BBDC4,0.00313732579855813,0.003140800997495574,BBDC4_2022-07-04_DISTRIBUTION_557
B00S BH+entradas,jun/2023,2022-06-30,2023-06-30,2022-07-04,COCE5,COCE5,0.0005127007337790748,0.0005262068603905409,CONT_824_COCE5_2022-07-04
B00S BH+entradas,jun/2023,2022-06-30,2023-06-30,2022-07-06,NEOE3,NEOE3,0.0023695831324012833,0.0023935218065149052,CONT_2052_NEOE3_2022-07-06
B00S BH+entradas,jun/2023,2022-06-30,2023-06-30,2022-08-01,ITUB4,ITUB4,0.0023145100146145106,0.0023162505813702815,ITUB4_2022-08-01_DISTRIBUTION_164
B00S BH+entradas,jun/2023,2022-06-30,2023-06-30,2022-08-02,BBDC4,BBDC4,0.003140800997495574,0.003144173725228143,BBDC4_2022-08-02_DISTRIBUTION_558
B00S BH+entradas,jun/2023,2022-06-30,2023-06-30,2022-08-10,AESB3,AESB3,0.0012287738911074021,0.0012418205802635222,CONT_28_AESB3_2022-08-10
B00S BH+entradas,jun/2023,2022-06-30,2023-06-30,2022-08-15,SANB4,SANB4,0.005071378196685628,0.005148748091057171,CONT_2283_SANB4_2022-08-15
B00S BH+entradas,jun/2023,2022-06-30,2023-06-30,2022-08-16,TAEE4,TAEE4,0.0037325938768650595,0.003863691769038838,CONT_2409_TAEE4_2022-08-16;CONT_2410_TAEE4_2022-08-16
B00S BH+entradas,jun/2023,2022-06-30,2023-06-30,2022-08-17,TBLE3,TBLE3,0.0008551312463469462,0.0008693084541489033,TBLE3_2022-08-17_DISTRIBUTION_345
B00S BH+entradas,jun/2023,2022-06-30,2023-06-30,2022-08-18,BBSE3,BBSE3,0.005917859783344231,0.0061317128090158405,CONT_2555_BBSE3_2022-08-18
B00S BH+entradas,jun/2023,2022-06-30,2023-06-30,2022-08-19,ITUB4,ITUB4,0.0023162505813702815,0.00234289963554408,ITUB4_2022-08-19_DISTRIBUTION_163
B00S BH+entradas,jun/2023,2022-06-30,2023-06-30,2022-08-23,BBAS3,BBAS3,0.00176258278766632,0.0017873453876272472,CONT_183_BBAS3_2022-08-23;CONT_184_BBAS3_2022-08-23
B00S BH+entradas,jun/2023,2022-06-30,2023-06-30,2022-08-31,PSSA3,PSSA3,0.01339561504338425,0.013791140338248908,CONT_2770_PSSA3_2022-08-31
B00S BH+entradas,jun/2023,2022-06-30,2023-06-30,2022-09-01,ITUB4,ITUB4,0.00234289963554408,0.00234447856561538,ITUB4_2022-09-01_DISTRIBUTION_162
B00S BH+entradas,jun/2023,2022-06-30,2023-06-30,2022-09-01,VIVT3,VIVT3,0.002775241080368252,0.0027873314771803834,CONT_2771_VIVT3_2022-09-01
B00S BH+entradas,jun/2023,2022-06-30,2023-06-30,2022-09-02,BBDC4,BBDC4,0.003144173725228143,0.0031472633210799825,BBDC4_2022-09-02_DISTRIBUTION_559
B00S BH+entradas,jun/2023,2022-06-30,2023-06-30,2022-09-13,BBAS3,BBAS3,0.0017873453876272472,0.001799509980007106,CONT_182_BBAS3_2022-09-13
B00S BH+entradas,jun/2023,2022-06-30,2023-06-30,2022-09-13,BRSR6,BRSR6,0.004651786041400556,0.004696055274316164,CONT_657_BRSR6_2022-09-13
B00S BH+entradas,jun/2023,2022-06-30,2023-06-30,2022-09-21,CSMG3,CSMG3,0.008047962051491903,0.008139072068533657,CONT_2455_CSMG3_2022-09-21
B00S BH+entradas,jun/2023,2022-06-30,2023-06-30,2022-09-22,TIMS3,TIMS3,0.006597838782611695,0.006704638360924415,CONT_2772_TIMS3_2022-09-22;CONT_2773_TIMS3_2022-09-22
B00S BH+entradas,jun/2023,2022-06-30,2023-06-30,2022-09-26,CMIG4,CMIG4,0.0023855137141193597,0.0024312763403086736,CMIG4_2022-09-26_DISTRIBUTION_656
B00S BH+entradas,jun/2023,2022-06-30,2023-06-30,2022-10-03,ABCB4,ABCB4,0.0035605906636454005,0.00361955378442489,CONT_8_ABCB4_2022-10-03
B00S BH+entradas,jun/2023,2022-06-30,2023-06-30,2022-10-03,ITUB4,ITUB4,0.00234447856561538,0.002345869491554308,ITUB4_2022-10-03_DISTRIBUTION_161
B00S BH+entradas,jun/2023,2022-06-30,2023-06-30,2022-10-04,BBDC4,BBDC4,0.0031472633210799825,0.0031500829018349494,BBDC4_2022-10-04_DISTRIBUTION_560
B00S BH+entradas,jun/2023,2022-06-30,2023-06-30,2022-10-14,COCE5,COCE5,0.0005262068603905409,0.0005322083143801011,CONT_823_COCE5_2022-10-14
B00S BH+entradas,jun/2023,2022-06-30,2023-06-30,2022-10-24,SANB4,SANB4,0.005148748091057171,0.0052263544676673795,CONT_2281_SANB4_2022-10-24;CONT_2282_SANB4_2022-10-24
B00S BH+entradas,jun/2023,2022-06-30,2023-06-30,2022-11-01,ITUB4,ITUB4,0.002345869491554308,0.0023472288020114957,ITUB4_2022-11-01_DISTRIBUTION_160
B00S BH+entradas,jun/2023,2022-06-30,2023-06-30,2022-11-01,PSSA3,PSSA3,0.013791140338248908,0.013842847429537343,CONT_2774_PSSA3_2022-11-01
B00S BH+entradas,jun/2023,2022-06-30,2023-06-30,2022-11-03,BBDC4,BBDC4,0.0031500829018349494,0.0031531309498408896,BBDC4_2022-11-03_DISTRIBUTION_561
B00S BH+entradas,jun/2023,2022-06-30,2023-06-30,2022-11-16,TAEE4,TAEE4,0.003863691769038838,0.003939113030075446,CONT_2407_TAEE4_2022-11-16;CONT_2408_TAEE4_2022-11-16
B00S BH+entradas,jun/2023,2022-06-30,2023-06-30,2022-11-22,BBAS3,BBAS3,0.001799509980007106,0.0018420492403836866,CONT_180_BBAS3_2022-11-22;CONT_181_BBAS3_2022-11-22
B00S BH+entradas,jun/2023,2022-06-30,2023-06-30,2022-11-22,CPLE6,CPLE6,0.007088046784502906,0.007207413002300179,CONT_907_CPLE6_2022-11-22
B00S BH+entradas,jun/2023,2022-06-30,2023-06-30,2022-11-22,TBLE3,TBLE3,0.0008693084541489033,0.0008819749740502179,TBLE3_2022-11-22_DISTRIBUTION_344
B00S BH+entradas,jun/2023,2022-06-30,2023-06-30,2022-12-01,ITUB4,ITUB4,0.0023472288020114957,0.002348823435897389,ITUB4_2022-12-01_DISTRIBUTION_159
B00S BH+entradas,jun/2023,2022-06-30,2023-06-30,2022-12-02,BBDC4,BBDC4,0.0031531309498408896,0.0031570236015991994,BBDC4_2022-12-02_DISTRIBUTION_562
B00S BH+entradas,jun/2023,2022-06-30,2023-06-30,2022-12-09,ITUB4,ITUB4,0.002348823435897389,0.002395759357724951,ITUB4_2022-12-09_DISTRIBUTION_158
B00S BH+entradas,jun/2023,2022-06-30,2023-06-30,2022-12-13,BBAS3,BBAS3,0.0018420492403836866,0.0018620264648679596,CONT_179_BBAS3_2022-12-13
B00S BH+entradas,jun/2023,2022-06-30,2023-06-30,2022-12-15,BRSR6,BRSR6,0.004696055274316164,0.004708586564521531,CONT_656_BRSR6_2022-12-15
B00S BH+entradas,jun/2023,2022-06-30,2023-06-30,2022-12-22,CMIG4,CMIG4,0.0024312763403086736,0.0024714227215478597,CMIG4_2022-12-22_DISTRIBUTION_657
B00S BH+entradas,jun/2023,2022-06-30,2023-06-30,2022-12-22,TIMS3,TIMS3,0.006704638360924415,0.006807258095179361,CONT_2775_TIMS3_2022-12-22
B00S BH+entradas,jun/2023,2022-06-30,2023-06-30,2022-12-23,TBLE3,TBLE3,0.0008819749740502179,0.000887650728348013,TBLE3_2022-12-23_DISTRIBUTION_343
B00S BH+entradas,jun/2023,2022-06-30,2023-06-30,2022-12-27,TRPL4,TRPL4,0.0037882513773191302,0.003966175931530861,CONT_1374_TRPL4_2022-12-27
B00S BH+entradas,jun/2023,2022-06-30,2023-06-30,2022-12-28,CMIG4,CMIG4,0.0024714227215478597,0.0025232559324861984,CMIG4_2022-12-28_DISTRIBUTION_658
B00S BH+entradas,jun/2023,2022-06-30,2023-06-30,2023-01-02,ABCB4,ABCB4,0.00361955378442489,0.0036915943922913347,CONT_7_ABCB4_2023-01-02
B00S BH+entradas,jun/2023,2022-06-30,2023-06-30,2023-01-02,ITUB4,ITUB4,0.002395759357724951,0.002397485987070147,ITUB4_2023-01-02_DISTRIBUTION_157
B00S BH+entradas,jun/2023,2022-06-30,2023-06-30,2023-01-02,SAPR4,SAPR4,0.03606652457111682,0.03805271667248973,CONT_2776_SAPR4_2023-01-02
B00S BH+entradas,jun/2023,2022-06-30,2023-06-30,2023-01-02,VIVT3,VIVT3,0.0027873314771803834,0.0028662961921726445,CONT_2777_VIVT3_2023-01-02;CONT_2778_VIVT3_2023-01-02
B00S BH+entradas,jun/2023,2022-06-30,2023-06-30,2023-01-03,BBDC4,BBDC4,0.0031570236015991994,0.0031613024530169733,BBDC4_2023-01-03_DISTRIBUTION_535
B00S BH+entradas,jun/2023,2022-06-30,2023-06-30,2023-01-03,ENBR3,ENBR3,0.0019465781946940866,0.002063539712091328,CONT_2389_ENBR3_2023-01-03
B00S BH+entradas,jun/2023,2022-06-30,2023-06-30,2023-01-05,NEOE3,NEOE3,0.0023935218065149052,0.002435442171698947,CONT_2051_NEOE3_2023-01-05
B00S BH+entradas,jun/2023,2022-06-30,2023-06-30,2023-01-09,BBDC4,BBDC4,0.0031613024530169733,0.0032879729105053097,BBDC4_2023-01-09_DISTRIBUTION_563
B00S BH+entradas,jun/2023,2022-06-30,2023-06-30,2023-01-11,TAEE4,TAEE4,0.003939113030075446,0.004090256428223004,CONT_2406_TAEE4_2023-01-11
B00S BH+entradas,jun/2023,2022-06-30,2023-06-30,2023-01-25,IRBR3,IRBR3,0.004272870959229507,0.00014242903200280266,CONT_1347_IRBR3_2023-01-25
B00S BH+entradas,jun/2023,2022-06-30,2023-06-30,2023-01-27,SANB4,SANB4,0.0052263544676673795,0.005309048347100884,CONT_2280_SANB4_2023-01-27
B00S BH+entradas,jun/2023,2022-06-30,2023-06-30,2023-02-01,ITUB4,ITUB4,0.002397485987070147,0.0023991799673612514,ITUB4_2023-02-01_DISTRIBUTION_156
B00S BH+entradas,jun/2023,2022-06-30,2023-06-30,2023-02-02,BBDC4,BBDC4,0.0032879729105053097,0.003292448423989816,BBDC4_2023-02-02_DISTRIBUTION_536
B00S BH+entradas,jun/2023,2022-06-30,2023-06-30,2023-02-15,BBSE3,BBSE3,0.0061317128090158405,0.006454597083683281,CONT_2554_BBSE3_2023-02-15
B00S BH+entradas,jun/2023,2022-06-30,2023-06-30,2023-02-24,BBAS3,BBAS3,0.0018620264648679596,0.0018889905031162033,CONT_177_BBAS3_2023-02-24;CONT_178_BBAS3_2023-02-24
B00S BH+entradas,jun/2023,2022-06-30,2023-06-30,2023-03-01,ITUB4,ITUB4,0.0023991799673612514,0.0024008737884182083,ITUB4_2023-03-01_DISTRIBUTION_155
B00S BH+entradas,jun/2023,2022-06-30,2023-06-30,2023-03-01,VIVT3,VIVT3,0.0028662961921726445,0.002871002390215629,CONT_2779_VIVT3_2023-03-01
B00S BH+entradas,jun/2023,2022-06-30,2023-06-30,2023-03-02,BBDC4,BBDC4,0.003292448423989816,0.0032973329884923614,BBDC4_2023-03-02_DISTRIBUTION_537
B00S BH+entradas,jun/2023,2022-06-30,2023-06-30,2023-03-14,BBAS3,BBAS3,0.0018889905031162033,0.0019067189621330713,CONT_176_BBAS3_2023-03-14
B00S BH+entradas,jun/2023,2022-06-30,2023-06-30,2023-03-16,BRSR6,BRSR6,0.004708586564521531,0.00488480832353025,CONT_655_BRSR6_2023-03-16
B00S BH+entradas,jun/2023,2022-06-30,2023-06-30,2023-03-23,CSMG3,CSMG3,0.008139072068533657,0.0086724481561582,CONT_2456_CSMG3_2023-03-23;CONT_2457_CSMG3_2023-03-23
B00S BH+entradas,jun/2023,2022-06-30,2023-06-30,2023-03-24,ITUB4,ITUB4,0.0024008737884182083,0.0024279637510609977,ITUB4_2023-03-24_DISTRIBUTION_154
B00S BH+entradas,jun/2023,2022-06-30,2023-06-30,2023-03-28,CMIG4,CMIG4,0.0025232559324861984,0.002545488266290397,CMIG4_2023-03-28_DISTRIBUTION_392
B00S BH+entradas,jun/2023,2022-06-30,2023-06-30,2023-04-03,ITUB4,ITUB4,0.0024279637510609977,0.002429747086899792,ITUB4_2023-04-03_DISTRIBUTION_153
B00S BH+entradas,jun/2023,2022-06-30,2023-06-30,2023-04-03,VIVT3,VIVT3,0.002871002390215629,0.002884146787232767,CONT_2780_VIVT3_2023-04-03
B00S BH+entradas,jun/2023,2022-06-30,2023-06-30,2023-04-04,BBDC4,BBDC4,0.0032973329884923614,0.003302105396094653,BBDC4_2023-04-04_DISTRIBUTION_538
B00S BH+entradas,jun/2023,2022-06-30,2023-06-30,2023-04-11,TIMS3,TIMS3,0.006807258095179361,0.006937042530507956,CONT_2781_TIMS3_2023-04-11
B00S BH+entradas,jun/2023,2022-06-30,2023-06-30,2023-04-12,ENBR3,ENBR3,0.002063539712091328,0.0020888862422647923,CONT_2390_ENBR3_2023-04-12
B00S BH+entradas,jun/2023,2022-06-30,2023-06-30,2023-04-14,VIVT3,VIVT3,0.002884146787232767,0.002919630792384115,CONT_2782_VIVT3_2023-04-14
B00S BH+entradas,jun/2023,2022-06-30,2023-06-30,2023-04-25,SANB4,SANB4,0.005309048347100884,0.005387690838617703,CONT_2279_SANB4_2023-04-25
B00S BH+entradas,jun/2023,2022-06-30,2023-06-30,2023-04-26,COCE5,COCE5,0.0005322083143801011,0.0005354875203814929,CONT_822_COCE5_2023-04-26
B00S BH+entradas,jun/2023,2022-06-30,2023-06-30,2023-04-26,TIMS3,TIMS3,0.006937042530507956,0.006984493210914508,CONT_2783_TIMS3_2023-04-26
B00S BH+entradas,jun/2023,2022-06-30,2023-06-30,2023-04-28,CMIG4,CMIG4,0.002545488266290397,0.0025571408169828965,CMIG4_2023-04-28_DISTRIBUTION_391
B00S BH+entradas,jun/2023,2022-06-30,2023-06-30,2023-04-28,NEOE3,NEOE3,0.002435442171698947,0.002527475532791585,CONT_2050_NEOE3_2023-04-28
B00S BH+entradas,jun/2023,2022-06-30,2023-06-30,2023-05-02,CPFE3,CPFE3,0.000984676092969755,0.0010235705021994146,CONT_838_CPFE3_2023-05-02
B00S BH+entradas,jun/2023,2022-06-30,2023-06-30,2023-05-02,EQTL3,EQTL3,0.003274764581811329,0.0033176922074155974,CONT_1117_EQTL3_2023-05-02
B00S BH+entradas,jun/2023,2022-06-30,2023-06-30,2023-05-02,ITUB4,ITUB4,0.002429747086899792,0.002431469377505566,ITUB4_2023-05-02_DISTRIBUTION_152
B00S BH+entradas,jun/2023,2022-06-30,2023-06-30,2023-05-02,SBSP3,SBSP3,0.0035578525466413917,0.0036599168418193235,CONT_2438_SBSP3_2023-05-02
B00S BH+entradas,jun/2023,2022-06-30,2023-06-30,2023-05-03,BBDC4,BBDC4,0.003302105396094653,0.0033066622556720176,BBDC4_2023-05-03_DISTRIBUTION_539
B00S BH+entradas,jun/2023,2022-06-30,2023-06-30,2023-05-04,BRSR6,BRSR6,0.00488480832353025,0.0049012086124656535,CONT_654_BRSR6_2023-05-04
B00S BH+entradas,jun/2023,2022-06-30,2023-06-30,2023-05-04,TAEE4,TAEE4,0.004090256428223004,0.004098948697268192,CONT_2405_TAEE4_2023-05-04
B00S BH+entradas,jun/2023,2022-06-30,2023-06-30,2023-05-09,TBLE3,TBLE3,0.000887650728348013,0.0009248994923114147,TBLE3_2023-05-09_DISTRIBUTION_342
B00S BH+entradas,jun/2023,2022-06-30,2023-06-30,2023-06-01,ITUB4,ITUB4,0.002431469377505566,0.002433076697150247,ITUB4_2023-06-01_DISTRIBUTION_151
B00S BH+entradas,jun/2023,2022-06-30,2023-06-30,2023-06-01,VIVT3,VIVT3,0.002919630792384115,0.0029335078019881466,CONT_2784_VIVT3_2023-06-01
B00S BH+entradas,jun/2023,2022-06-30,2023-06-30,2023-06-02,BBAS3,BBAS3,0.0019067189621330713,0.0019397552092595583,CONT_174_BBAS3_2023-06-02;CONT_175_BBAS3_2023-06-02
B00S BH+entradas,jun/2023,2022-06-30,2023-06-30,2023-06-02,BBDC4,BBDC4,0.0033066622556720176,0.0033105739317773096,BBDC4_2023-06-02_DISTRIBUTION_540
B00S BH+entradas,jun/2023,2022-06-30,2023-06-30,2023-06-13,BBAS3,BBAS3,0.0019397552092595583,0.001953265326593871,CONT_173_BBAS3_2023-06-13
B00S BH+entradas,jun/2023,2022-06-30,2023-06-30,2023-06-15,BRSR6,BRSR6,0.0049012086124656535,0.005020384359205988,CONT_653_BRSR6_2023-06-15
B00S BH+entradas,jun/2023,2022-06-30,2023-06-30,2023-06-20,ITUB4,ITUB4,0.002433076697150247,0.002455605498417671,ITUB4_2023-06-20_DISTRIBUTION_150
B00S BH+entradas,jun/2023,2022-06-30,2023-06-30,2023-06-22,CSMG3,CSMG3,0.0086724481561582,0.00881674075674315,CONT_2458_CSMG3_2023-06-22
B00S BH+entradas,jun/2023,2022-06-30,2023-06-30,2023-06-23,TIMS3,TIMS3,0.006984493210914508,0.007042078264974702,CONT_2785_TIMS3_2023-06-23
B00S BH+entradas,jun/2023,2022-06-30,2023-06-30,2023-06-26,CMIG4,CMIG4,0.0025571408169828965,0.0025767550788475505,CMIG4_2023-06-26_DISTRIBUTION_390
B00S BH+entradas,jun/2023,2022-06-30,2023-06-30,2023-06-27,BBDC4,BBDC4,0.0033105739317773096,0.0033503932321030747,BBDC4_2023-06-27_DISTRIBUTION_541
B00S BH+entradas,jun/2023,2022-06-30,2023-06-30,2023-06-30,PSSA3,PSSA3,0.013842847429537343,0.014133000212071188,CONT_2786_PSSA3_2023-06-30
B00S BH+entradas,jun/2024,2023-06-30,2024-06-28,2023-07-03,ABCB4,ABCB4,0.0036915943922913347,0.0038611643325086728,CONT_6_ABCB4_2023-07-03
B00S BH+entradas,jun/2024,2023-06-30,2024-06-28,2023-07-03,ITUB4,ITUB4,0.002455605498417671,0.002457102095000788,ITUB4_2023-07-03_DISTRIBUTION_149
B00S BH+entradas,jun/2024,2023-06-30,2024-06-28,2023-07-03,NEOE3,NEOE3,0.002527475532791585,0.0025666140258026574,CONT_2049_NEOE3_2023-07-03
B00S BH+entradas,jun/2024,2023-06-30,2024-06-28,2023-07-03,SAPR4,SAPR4,0.03805271667248973,0.039695376480111476,CONT_2787_SAPR4_2023-07-03
B00S BH+entradas,jun/2024,2023-06-30,2024-06-28,2023-07-04,BBDC4,BBDC4,0.0033503932321030747,0.0033542368277290754,BBDC4_2023-07-04_DISTRIBUTION_542
B00S BH+entradas,jun/2024,2023-06-30,2024-06-28,2023-07-21,SANB4,SANB4,0.005387690838617703,0.005459734589984807,CONT_2278_SANB4_2023-07-21
B00S BH+entradas,jun/2024,2023-06-30,2024-06-28,2023-08-01,ITUB4,ITUB4,0.002457102095000788,0.0024586126436589827,ITUB4_2023-08-01_DISTRIBUTION_148
B00S BH+entradas,jun/2024,2023-06-30,2024-06-28,2023-08-01,VIVT3,VIVT3,0.0029335078019881466,0.002950407198159878,CONT_2788_VIVT3_2023-08-01
B00S BH+entradas,jun/2024,2023-06-30,2024-06-28,2023-08-02,BBDC4,BBDC4,0.0033542368277290754,0.003358054824318573,BBDC4_2023-08-02_DISTRIBUTION_543
B00S BH+entradas,jun/2024,2023-06-30,2024-06-28,2023-08-08,TAEE4,TAEE4,0.004098948697268192,0.004203943187523365,CONT_2403_TAEE4_2023-08-08;CONT_2404_TAEE4_2023-08-08
B00S BH+entradas,jun/2024,2023-06-30,2024-06-28,2023-08-17,BBSE3,BBSE3,0.006454597083683281,0.00680445033888128,CONT_2553_BBSE3_2023-08-17
B00S BH+entradas,jun/2024,2023-06-30,2024-06-28,2023-08-18,CPFE3,CPFE3,0.0010235705021994146,0.00104687251421869,CONT_837_CPFE3_2023-08-18
B00S BH+entradas,jun/2024,2023-06-30,2024-06-28,2023-08-22,BBAS3,BBAS3,0.001953265326593871,0.0019805012291901217,CONT_171_BBAS3_2023-08-22;CONT_172_BBAS3_2023-08-22
B00S BH+entradas,jun/2024,2023-06-30,2024-06-28,2023-08-22,TBLE3,TBLE3,0.0009248994923114147,0.0009459822409799643,TBLE3_2023-08-22_DISTRIBUTION_341
B00S BH+entradas,jun/2024,2023-06-30,2024-06-28,2023-09-01,ITUB4,ITUB4,0.0024586126436589827,0.0024601820654731087,ITUB4_2023-09-01_DISTRIBUTION_147
B00S BH+entradas,jun/2024,2023-06-30,2024-06-28,2023-09-01,VIVT3,VIVT3,0.002950407198159878,0.0029617310424130986,CONT_2789_VIVT3_2023-09-01
B00S BH+entradas,jun/2024,2023-06-30,2024-06-28,2023-09-04,BBDC4,BBDC4,0.003358054824318573,0.0033623312302852155,BBDC4_2023-09-04_DISTRIBUTION_544
B00S BH+entradas,jun/2024,2023-06-30,2024-06-28,2023-09-11,XPBR31,XPBR31,5.242997513527013e-05,5.365443657773839e-05,XPBR31_2023-09-11_DISTRIBUTION_687
B00S BH+entradas,jun/2024,2023-06-30,2024-06-28,2023-09-12,BBAS3,BBAS3,0.0019805012291901217,0.001994494421449143,CONT_170_BBAS3_2023-09-12
B00S BH+entradas,jun/2024,2023-06-30,2024-06-28,2023-09-13,ENBR3,ABCB4,0,8.269134008513303e-05,EDP_REDEMPTION_20230913
B00S BH+entradas,jun/2024,2023-06-30,2024-06-28,2023-09-13,ENBR3,AESB3,0,2.6595036907059042e-05,EDP_REDEMPTION_20230913
B00S BH+entradas,jun/2024,2023-06-30,2024-06-28,2023-09-13,ENBR3,BBAS3,0,4.271442557193498e-05,EDP_REDEMPTION_20230913
B00S BH+entradas,jun/2024,2023-06-30,2024-06-28,2023-09-13,ENBR3,BBDC4,0,7.200824707238849e-05,EDP_REDEMPTION_20230913
B00S BH+entradas,jun/2024,2023-06-30,2024-06-28,2023-09-13,ENBR3,BBSE3,0,0.0001457252446697221,EDP_REDEMPTION_20230913
B00S BH+entradas,jun/2024,2023-06-30,2024-06-28,2023-09-13,ENBR3,BRSR6,0,0.00010751738974431556,EDP_REDEMPTION_20230913
B00S BH+entradas,jun/2024,2023-06-30,2024-06-28,2023-09-13,ENBR3,CMIG4,0,5.518421703710223e-05,EDP_REDEMPTION_20230913
B00S BH+entradas,jun/2024,2023-06-30,2024-06-28,2023-09-13,ENBR3,COCE5,0,1.1468090152599371e-05,EDP_REDEMPTION_20230913
B00S BH+entradas,jun/2024,2023-06-30,2024-06-28,2023-09-13,ENBR3,CPFE3,0,2.2419996572068076e-05,EDP_REDEMPTION_20230913
B00S BH+entradas,jun/2024,2023-06-30,2024-06-28,2023-09-13,ENBR3,CPLE6,0,0.00015435516035651017,EDP_REDEMPTION_20230913
B00S BH+entradas,jun/2024,2023-06-30,2024-06-28,2023-09-13,ENBR3,CSMG3,0,0.00018882079227242095,EDP_REDEMPTION_20230913
B00S BH+entradas,jun/2024,2023-06-30,2024-06-28,2023-09-13,ENBR3,ENBR3,0.0020888862422647923,0,EDP_REDEMPTION_20230913
B00S BH+entradas,jun/2024,2023-06-30,2024-06-28,2023-09-13,ENBR3,EQTL3,0,7.10522503047551e-05,EDP_REDEMPTION_20230913
B00S BH+entradas,jun/2024,2023-06-30,2024-06-28,2023-09-13,ENBR3,IRBR3,0,3.05028393227902e-06,EDP_REDEMPTION_20230913
B00S BH+entradas,jun/2024,2023-06-30,2024-06-28,2023-09-13,ENBR3,ITUB4,0,5.268766991722565e-05,EDP_REDEMPTION_20230913
B00S BH+entradas,jun/2024,2023-06-30,2024-06-28,2023-09-13,ENBR3,LIGT3,0,1.458324304270101e-05,EDP_REDEMPTION_20230913
B00S BH+entradas,jun/2024,2023-06-30,2024-06-28,2023-09-13,ENBR3,NEOE3,0,5.4967034551732126e-05,EDP_REDEMPTION_20230913
B00S BH+entradas,jun/2024,2023-06-30,2024-06-28,2023-09-13,ENBR3,PSSA3,0,0.00030267469248073265,EDP_REDEMPTION_20230913
B00S BH+entradas,jun/2024,2023-06-30,2024-06-28,2023-09-13,ENBR3,SANB4,0,0.00011692658764970705,EDP_REDEMPTION_20230913
B00S BH+entradas,jun/2024,2023-06-30,2024-06-28,2023-09-13,ENBR3,SAPR4,0,0.0008501228110619185,EDP_REDEMPTION_20230913
B00S BH+entradas,jun/2024,2023-06-30,2024-06-28,2023-09-13,ENBR3,SBSP3,0,7.838139022007241e-05,EDP_REDEMPTION_20230913
B00S BH+entradas,jun/2024,2023-06-30,2024-06-28,2023-09-13,ENBR3,TAEE4,0,9.003234928159896e-05,EDP_REDEMPTION_20230913
B00S BH+entradas,jun/2024,2023-06-30,2024-06-28,2023-09-13,ENBR3,TBLE3,0,2.025931363365374e-05,EDP_REDEMPTION_20230913
B00S BH+entradas,jun/2024,2023-06-30,2024-06-28,2023-09-13,ENBR3,TIMS3,0,0.00015081432401422884,EDP_REDEMPTION_20230913
B00S BH+entradas,jun/2024,2023-06-30,2024-06-28,2023-09-13,ENBR3,TRPL4,0,8.494028602470808e-05,EDP_REDEMPTION_20230913
B00S BH+entradas,jun/2024,2023-06-30,2024-06-28,2023-09-13,ENBR3,VIVT3,0,6.342892655639826e-05,EDP_REDEMPTION_20230913
B00S BH+entradas,jun/2024,2023-06-30,2024-06-28,2023-09-13,ENBR3,XPBR31,0,1.1490723730070613e-06,EDP_REDEMPTION_20230913
B00S BH+entradas,jun/2024,2023-06-30,2024-06-28,2023-09-14,BRSR6,BRSR6,0.005020384359205988,0.005089369400392991,CONT_652_BRSR6_2023-09-14
B00S BH+entradas,jun/2024,2023-06-30,2024-06-28,2023-09-14,ENBR3,BRSR6,0.00010751738974431556,0.00010899478490555053,CONT_652_BRSR6_2023-09-14
B00S BH+entradas,jun/2024,2023-06-30,2024-06-28,2023-09-19,ENBR3,ITUB4,5.268766991722565e-05,5.321008484759048e-05,ITUB4_2023-09-19_DISTRIBUTION_146
B00S BH+entradas,jun/2024,2023-06-30,2024-06-28,2023-09-19,ITUB4,ITUB4,0.0024601820654731087,0.0024845755496495413,ITUB4_2023-09-19_DISTRIBUTION_146
B00S BH+entradas,jun/2024,2023-06-30,2024-06-28,2023-09-22,CSMG3,CSMG3,0.00881674075674315,0.008987030698885484,CONT_2459_CSMG3_2023-09-22
B00S BH+entradas,jun/2024,2023-06-30,2024-06-28,2023-09-22,ENBR3,CSMG3,0.00018882079227242095,0.0001924677501084839,CONT_2459_CSMG3_2023-09-22;CONT_2790_TIMS3_2023-09-22
B00S BH+entradas,jun/2024,2023-06-30,2024-06-28,2023-09-22,ENBR3,TIMS3,0.00015081432401422884,0.00015257025451866286,CONT_2459_CSMG3_2023-09-22;CONT_2790_TIMS3_2023-09-22
B00S BH+entradas,jun/2024,2023-06-30,2024-06-28,2023-09-22,TIMS3,TIMS3,0.007042078264974702,0.007124069150926054,CONT_2790_TIMS3_2023-09-22
B00S BH+entradas,jun/2024,2023-06-30,2024-06-28,2023-09-25,ENBR3,VIVT3,6.342892655639826e-05,6.360297031183603e-05,CONT_2791_VIVT3_2023-09-25
B00S BH+entradas,jun/2024,2023-06-30,2024-06-28,2023-09-25,VIVT3,VIVT3,0.0029617310424130986,0.002969857788697538,CONT_2791_VIVT3_2023-09-25
B00S BH+entradas,jun/2024,2023-06-30,2024-06-28,2023-09-26,CMIG4,CMIG4,0.0025767550788475505,0.002596363905811949,CMIG4_2023-09-26_DISTRIBUTION_389
B00S BH+entradas,jun/2024,2023-06-30,2024-06-28,2023-09-26,ENBR3,CMIG4,5.518421703710223e-05,5.560416294966847e-05,CMIG4_2023-09-26_DISTRIBUTION_389
B00S BH+entradas,jun/2024,2023-06-30,2024-06-28,2023-09-29,ENBR3,PSSA3,0.00030267469248073265,0.0003060328965776466,CONT_2792_PSSA3_2023-09-29
B00S BH+entradas,jun/2024,2023-06-30,2024-06-28,2023-09-29,PSSA3,PSSA3,0.014133000212071188,0.014289807174770538,CONT_2792_PSSA3_2023-09-29
B00S BH+entradas,jun/2024,2023-06-30,2024-06-28,2023-10-02,CPLE6,CPLE6,0.007207413002300179,0.007353500181717492,CONT_906_CPLE6_2023-10-02
B00S BH+entradas,jun/2024,2023-06-30,2024-06-28,2023-10-02,ENBR3,CPLE6,0.00015435516035651017,0.00015748378778465856,CONT_906_CPLE6_2023-10-02;ITUB4_2023-10-02_DISTRIBUTION_145
B00S BH+entradas,jun/2024,2023-06-30,2024-06-28,2023-10-02,ENBR3,ITUB4,5.321008484759048e-05,5.3244945946237845e-05,CONT_906_CPLE6_2023-10-02;ITUB4_2023-10-02_DISTRIBUTION_145
B00S BH+entradas,jun/2024,2023-06-30,2024-06-28,2023-10-02,ITUB4,ITUB4,0.0024845755496495413,0.0024862033432074965,ITUB4_2023-10-02_DISTRIBUTION_145
B00S BH+entradas,jun/2024,2023-06-30,2024-06-28,2023-10-03,BBDC4,BBDC4,0.0033623312302852155,0.003366917829342685,BBDC4_2023-10-03_DISTRIBUTION_545
B00S BH+entradas,jun/2024,2023-06-30,2024-06-28,2023-10-03,ENBR3,BBDC4,7.200824707238849e-05,7.210647444367702e-05,BBDC4_2023-10-03_DISTRIBUTION_545
B00S BH+entradas,jun/2024,2023-06-30,2024-06-28,2023-10-20,ENBR3,SANB4,0.00011692658764970705,0.0001187116358397053,CONT_2276_SANB4_2023-10-20;CONT_2277_SANB4_2023-10-20
B00S BH+entradas,jun/2024,2023-06-30,2024-06-28,2023-10-20,SANB4,SANB4,0.005459734589984807,0.005543085088307056,CONT_2276_SANB4_2023-10-20;CONT_2277_SANB4_2023-10-20
B00S BH+entradas,jun/2024,2023-06-30,2024-06-28,2023-10-24,ENBR3,VIVT3,6.360297031183603e-05,6.37286978739294e-05,CONT_2793_VIVT3_2023-10-24
B00S BH+entradas,jun/2024,2023-06-30,2024-06-28,2023-10-24,VIVT3,VIVT3,0.002969857788697538,0.00297572847331661,CONT_2793_VIVT3_2023-10-24
B00S BH+entradas,jun/2024,2023-06-30,2024-06-28,2023-11-01,ENBR3,ITUB4,5.3244945946237845e-05,5.3279521858524495e-05,ITUB4_2023-11-01_DISTRIBUTION_144
B00S BH+entradas,jun/2024,2023-06-30,2024-06-28,2023-11-01,ITUB4,ITUB4,0.0024862033432074965,0.0024878178203600943,ITUB4_2023-11-01_DISTRIBUTION_144
B00S BH+entradas,jun/2024,2023-06-30,2024-06-28,2023-11-03,BBDC4,BBDC4,0.003366917829342685,0.0033712432608071718,BBDC4_2023-11-03_DISTRIBUTION_546
B00S BH+entradas,jun/2024,2023-06-30,2024-06-28,2023-11-03,ENBR3,BBDC4,7.210647444367702e-05,7.219910860618427e-05,BBDC4_2023-11-03_DISTRIBUTION_546
B00S BH+entradas,jun/2024,2023-06-30,2024-06-28,2023-11-14,ENBR3,TAEE4,9.003234928159896e-05,9.151362605325697e-05,CONT_2401_TAEE4_2023-11-14;CONT_2402_TAEE4_2023-11-14
B00S BH+entradas,jun/2024,2023-06-30,2024-06-28,2023-11-14,TAEE4,TAEE4,0.004203943187523365,0.004273109475449176,CONT_2401_TAEE4_2023-11-14;CONT_2402_TAEE4_2023-11-14
B00S BH+entradas,jun/2024,2023-06-30,2024-06-28,2023-11-22,BBAS3,BBAS3,0.001994494421449143,0.002025410482614647,CONT_168_BBAS3_2023-11-22;CONT_169_BBAS3_2023-11-22
B00S BH+entradas,jun/2024,2023-06-30,2024-06-28,2023-11-22,ENBR3,BBAS3,4.271442557193498e-05,4.3376529100242595e-05,CONT_168_BBAS3_2023-11-22;CONT_169_BBAS3_2023-11-22
B00S BH+entradas,jun/2024,2023-06-30,2024-06-28,2023-12-01,ENBR3,ITUB4,5.3279521858524495e-05,5.330937530489919e-05,ITUB4_2023-12-01_DISTRIBUTION_143
B00S BH+entradas,jun/2024,2023-06-30,2024-06-28,2023-12-01,ITUB4,ITUB4,0.0024878178203600943,0.002489211788122931,ITUB4_2023-12-01_DISTRIBUTION_143
B00S BH+entradas,jun/2024,2023-06-30,2024-06-28,2023-12-04,BBDC4,BBDC4,0.0033712432608071718,0.003375196826750704,BBDC4_2023-12-04_DISTRIBUTION_547
B00S BH+entradas,jun/2024,2023-06-30,2024-06-28,2023-12-04,ENBR3,BBDC4,7.219910860618427e-05,7.228377883460038e-05,BBDC4_2023-12-04_DISTRIBUTION_547
B00S BH+entradas,jun/2024,2023-06-30,2024-06-28,2023-12-07,ENBR3,ITUB4,5.330937530489919e-05,5.372620673913016e-05,ITUB4_2023-12-07_DISTRIBUTION_142
B00S BH+entradas,jun/2024,2023-06-30,2024-06-28,2023-12-07,ITUB4,ITUB4,0.002489211788122931,0.0025086751885813594,ITUB4_2023-12-07_DISTRIBUTION_142
B00S BH+entradas,jun/2024,2023-06-30,2024-06-28,2023-12-12,BBAS3,BBAS3,0.002025410482614647,0.0020386164085778977,CONT_167_BBAS3_2023-12-12
B00S BH+entradas,jun/2024,2023-06-30,2024-06-28,2023-12-12,ENBR3,BBAS3,4.3376529100242595e-05,4.365934941580703e-05,CONT_167_BBAS3_2023-12-12;XPBR31_2023-12-12_DISTRIBUTION_688
B00S BH+entradas,jun/2024,2023-06-30,2024-06-28,2023-12-12,ENBR3,XPBR31,1.1490723730070613e-06,1.1860152236841443e-06,CONT_167_BBAS3_2023-12-12;XPBR31_2023-12-12_DISTRIBUTION_688
B00S BH+entradas,jun/2024,2023-06-30,2024-06-28,2023-12-12,XPBR31,XPBR31,5.365443657773839e-05,5.53794348330417e-05,XPBR31_2023-12-12_DISTRIBUTION_688
B00S BH+entradas,jun/2024,2023-06-30,2024-06-28,2023-12-14,CSMG3,CSMG3,0.008987030698885484,0.009430203649773119,CONT_2460_CSMG3_2023-12-14
B00S BH+entradas,jun/2024,2023-06-30,2024-06-28,2023-12-14,ENBR3,CSMG3,0.0001924677501084839,0.00020195881602604648,CONT_2460_CSMG3_2023-12-14;CONT_1373_TRPL4_2023-12-14
B00S BH+entradas,jun/2024,2023-06-30,2024-06-28,2023-12-14,ENBR3,TRPL4,8.494028602470808e-05,9.195160257114755e-05,CONT_2460_CSMG3_2023-12-14;CONT_1373_TRPL4_2023-12-14
B00S BH+entradas,jun/2024,2023-06-30,2024-06-28,2023-12-14,TRPL4,TRPL4,0.003966175931530861,0.004293560218025296,CONT_1373_TRPL4_2023-12-14
B00S BH+entradas,jun/2024,2023-06-30,2024-06-28,2023-12-22,BBDC4,BBDC4,0.003375196826750704,0.0035133617961614345,BBDC4_2023-12-22_DISTRIBUTION_548;BBDC4_2023-12-22_DISTRIBUTION_549
B00S BH+entradas,jun/2024,2023-06-30,2024-06-28,2023-12-22,CMIG4,CMIG4,0.002596363905811949,0.0026672298776640123,CMIG4_2023-12-22_DISTRIBUTION_388
B00S BH+entradas,jun/2024,2023-06-30,2024-06-28,2023-12-22,CSMG3,CSMG3,0.009430203649773119,0.009541120768784451,CONT_2461_CSMG3_2023-12-22
B00S BH+entradas,jun/2024,2023-06-30,2024-06-28,2023-12-22,ENBR3,BBDC4,7.228377883460038e-05,7.524274289039121e-05,BBDC4_2023-12-22_DISTRIBUTION_548;BBDC4_2023-12-22_DISTRIBUTION_549;CMIG4_2023-12-22_DISTRIBUTION_388;CONT_2461_CSMG3_2023-12-22;TBLE3_2023-12-22_DISTRIBUTION_340;CONT_2794_TIMS3_2023-12-22
B00S BH+entradas,jun/2024,2023-06-30,2024-06-28,2023-12-22,ENBR3,CMIG4,5.560416294966847e-05,5.71218404361056e-05,BBDC4_2023-12-22_DISTRIBUTION_548;BBDC4_2023-12-22_DISTRIBUTION_549;CMIG4_2023-12-22_DISTRIBUTION_388;CONT_2461_CSMG3_2023-12-22;TBLE3_2023-12-22_DISTRIBUTION_340;CONT_2794_TIMS3_2023-12-22
B00S BH+entradas,jun/2024,2023-06-30,2024-06-28,2023-12-22,ENBR3,CSMG3,0.00020195881602604648,0.0002043342355678172,BBDC4_2023-12-22_DISTRIBUTION_548;BBDC4_2023-12-22_DISTRIBUTION_549;CMIG4_2023-12-22_DISTRIBUTION_388;CONT_2461_CSMG3_2023-12-22;TBLE3_2023-12-22_DISTRIBUTION_340;CONT_2794_TIMS3_2023-12-22
B00S BH+entradas,jun/2024,2023-06-30,2024-06-28,2023-12-22,ENBR3,TBLE3,2.025931363365374e-05,2.034009261967176e-05,BBDC4_2023-12-22_DISTRIBUTION_548;BBDC4_2023-12-22_DISTRIBUTION_549;CMIG4_2023-12-22_DISTRIBUTION_388;CONT_2461_CSMG3_2023-12-22;TBLE3_2023-12-22_DISTRIBUTION_340;CONT_2794_TIMS3_2023-12-22
B00S BH+entradas,jun/2024,2023-06-30,2024-06-28,2023-12-22,ENBR3,TIMS3,0.00015257025451866286,0.00015487794720457775,BBDC4_2023-12-22_DISTRIBUTION_548;BBDC4_2023-12-22_DISTRIBUTION_549;CMIG4_2023-12-22_DISTRIBUTION_388;CONT_2461_CSMG3_2023-12-22;TBLE3_2023-12-22_DISTRIBUTION_340;CONT_2794_TIMS3_2023-12-22
B00S BH+entradas,jun/2024,2023-06-30,2024-06-28,2023-12-22,TBLE3,TBLE3,0.0009459822409799643,0.0009497541104321691,TBLE3_2023-12-22_DISTRIBUTION_340
B00S BH+entradas,jun/2024,2023-06-30,2024-06-28,2023-12-22,TIMS3,TIMS3,0.007124069150926054,0.0072318238526889265,CONT_2794_TIMS3_2023-12-22
B00S BH+entradas,jun/2024,2023-06-30,2024-06-28,2023-12-27,ENBR3,VIVT3,6.37286978739294e-05,6.4338645806787e-05,CONT_2795_VIVT3_2023-12-27
B00S BH+entradas,jun/2024,2023-06-30,2024-06-28,2023-12-27,VIVT3,VIVT3,0.00297572847331661,0.0030042091969402986,CONT_2795_VIVT3_2023-12-27
B00S BH+entradas,jun/2024,2023-06-30,2024-06-28,2023-12-28,ENBR3,PSSA3,0.0003060328965776466,0.00031167885952905147,CONT_2796_PSSA3_2023-12-28
B00S BH+entradas,jun/2024,2023-06-30,2024-06-28,2023-12-28,PSSA3,PSSA3,0.014289807174770538,0.014553438054959273,CONT_2796_PSSA3_2023-12-28
B00S BH+entradas,jun/2024,2023-06-30,2024-06-28,2024-01-02,ABCB4,ABCB4,0.0038611643325086728,0.003986213404641056,CONT_5_ABCB4_2024-01-02
B00S BH+entradas,jun/2024,2023-06-30,2024-06-28,2024-01-02,ENBR3,ABCB4,8.269134008513303e-05,8.536941189470835e-05,CONT_5_ABCB4_2024-01-02;ITUB4_2024-01-02_DISTRIBUTION_141;CONT_2797_SAPR4_2024-01-02
B00S BH+entradas,jun/2024,2023-06-30,2024-06-28,2024-01-02,ENBR3,ITUB4,5.372620673913016e-05,5.375449634381231e-05,CONT_5_ABCB4_2024-01-02;ITUB4_2024-01-02_DISTRIBUTION_141;CONT_2797_SAPR4_2024-01-02
B00S BH+entradas,jun/2024,2023-06-30,2024-06-28,2024-01-02,ENBR3,SAPR4,0.0008501228110619185,0.0008687683529402655,CONT_5_ABCB4_2024-01-02;ITUB4_2024-01-02_DISTRIBUTION_141;CONT_2797_SAPR4_2024-01-02
B00S BH+entradas,jun/2024,2023-06-30,2024-06-28,2024-01-02,ITUB4,ITUB4,0.0025086751885813594,0.0025099961347949174,ITUB4_2024-01-02_DISTRIBUTION_141
B00S BH+entradas,jun/2024,2023-06-30,2024-06-28,2024-01-02,SAPR4,SAPR4,0.039695376480111476,0.04056600575261874,CONT_2797_SAPR4_2024-01-02
B00S BH+entradas,jun/2024,2023-06-30,2024-06-28,2024-01-03,BBDC4,BBDC4,0.0035133617961614345,0.00351734181819308,BBDC4_2024-01-03_DISTRIBUTION_520
B00S BH+entradas,jun/2024,2023-06-30,2024-06-28,2024-01-03,ENBR3,BBDC4,7.524274289039121e-05,7.5327979706808e-05,BBDC4_2024-01-03_DISTRIBUTION_520
B00S BH+entradas,jun/2024,2023-06-30,2024-06-28,2024-01-04,ENBR3,TAEE4,9.151362605325697e-05,9.313134468541983e-05,CONT_2400_TAEE4_2024-01-04
B00S BH+entradas,jun/2024,2023-06-30,2024-06-28,2024-01-04,TAEE4,TAEE4,0.004273109475449176,0.004348646738191699,CONT_2400_TAEE4_2024-01-04
B00S BH+entradas,jun/2024,2023-06-30,2024-06-28,2024-01-05,ENBR3,NEOE3,5.4967034551732126e-05,5.607944518752433e-05,CONT_2048_NEOE3_2024-01-05
B00S BH+entradas,jun/2024,2023-06-30,2024-06-28,2024-01-05,NEOE3,NEOE3,0.0025666140258026574,0.002618556590351764,CONT_2048_NEOE3_2024-01-05
B00S BH+entradas,jun/2024,2023-06-30,2024-06-28,2024-01-22,ENBR3,SANB4,0.0001187116358397053,0.00012028713793108071,CONT_2275_SANB4_2024-01-22
B00S BH+entradas,jun/2024,2023-06-30,2024-06-28,2024-01-22,SANB4,SANB4,0.005543085088307056,0.005616651104709119,CONT_2275_SANB4_2024-01-22
B00S BH+entradas,jun/2024,2023-06-30,2024-06-28,2024-02-01,ENBR3,ITUB4,5.375449634381231e-05,5.3783519496472705e-05,ITUB4_2024-02-01_DISTRIBUTION_140
B00S BH+entradas,jun/2024,2023-06-30,2024-06-28,2024-02-01,ITUB4,ITUB4,0.0025099961347949174,0.002511351333075099,ITUB4_2024-02-01_DISTRIBUTION_140
B00S BH+entradas,jun/2024,2023-06-30,2024-06-28,2024-02-02,BBDC4,BBDC4,0.00351734181819308,0.003521698273100908,BBDC4_2024-02-02_DISTRIBUTION_521
B00S BH+entradas,jun/2024,2023-06-30,2024-06-28,2024-02-02,ENBR3,BBDC4,7.5327979706808e-05,7.542127827255816e-05,BBDC4_2024-02-02_DISTRIBUTION_521
B00S BH+entradas,jun/2024,2023-06-30,2024-06-28,2024-02-09,BBSE3,BBSE3,0.00680445033888128,0.007062159414266911,CONT_2552_BBSE3_2024-02-09
B00S BH+entradas,jun/2024,2023-06-30,2024-06-28,2024-02-09,ENBR3,BBSE3,0.0001457252446697221,0.0001512443852606362,CONT_2552_BBSE3_2024-02-09
B00S BH+entradas,jun/2024,2023-06-30,2024-06-28,2024-02-22,BBAS3,BBAS3,0.0020386164085778977,0.002060530206170461,CONT_165_BBAS3_2024-02-22;CONT_166_BBAS3_2024-02-22
B00S BH+entradas,jun/2024,2023-06-30,2024-06-28,2024-02-22,ENBR3,BBAS3,4.365934941580703e-05,4.412865896423178e-05,CONT_165_BBAS3_2024-02-22;CONT_166_BBAS3_2024-02-22;ITUB4_2024-02-22_DISTRIBUTION_139
B00S BH+entradas,jun/2024,2023-06-30,2024-06-28,2024-02-22,ENBR3,ITUB4,5.3783519496472705e-05,5.555498268070774e-05,CONT_165_BBAS3_2024-02-22;CONT_166_BBAS3_2024-02-22;ITUB4_2024-02-22_DISTRIBUTION_139
B00S BH+entradas,jun/2024,2023-06-30,2024-06-28,2024-02-22,ITUB4,ITUB4,0.002511351333075099,0.0025940674972620465,ITUB4_2024-02-22_DISTRIBUTION_139
B00S BH+entradas,jun/2024,2023-06-30,2024-06-28,2024-03-01,ENBR3,ITUB4,5.555498268070774e-05,5.558376299900285e-05,ITUB4_2024-03-01_DISTRIBUTION_138
B00S BH+entradas,jun/2024,2023-06-30,2024-06-28,2024-03-01,ITUB4,ITUB4,0.0025940674972620465,0.002595411356708089,ITUB4_2024-03-01_DISTRIBUTION_138
B00S BH+entradas,jun/2024,2023-06-30,2024-06-28,2024-03-04,BBDC4,BBDC4,0.003521698273100908,0.003526593771422353,BBDC4_2024-03-04_DISTRIBUTION_522
B00S BH+entradas,jun/2024,2023-06-30,2024-06-28,2024-03-04,ENBR3,BBDC4,7.542127827255816e-05,7.552612108206421e-05,BBDC4_2024-03-04_DISTRIBUTION_522
B00S BH+entradas,jun/2024,2023-06-30,2024-06-28,2024-03-12,BBAS3,BBAS3,0.002060530206170461,0.0020751984886988577,CONT_164_BBAS3_2024-03-12
B00S BH+entradas,jun/2024,2023-06-30,2024-06-28,2024-03-12,ENBR3,BBAS3,4.412865896423178e-05,4.444279735218079e-05,CONT_164_BBAS3_2024-03-12
B00S BH+entradas,jun/2024,2023-06-30,2024-06-28,2024-03-18,BRSR6,BRSR6,0.005089369400392991,0.00513060274277677,CONT_651_BRSR6_2024-03-18
B00S BH+entradas,jun/2024,2023-06-30,2024-06-28,2024-03-18,ENBR3,BRSR6,0.00010899478490555053,0.0001098778450512161,CONT_651_BRSR6_2024-03-18
B00S BH+entradas,jun/2024,2023-06-30,2024-06-28,2024-03-22,ENBR3,ITUB4,5.558376299900285e-05,5.598234407531243e-05,ITUB4_2024-03-22_DISTRIBUTION_137
B00S BH+entradas,jun/2024,2023-06-30,2024-06-28,2024-03-22,ITUB4,ITUB4,0.002595411356708089,0.002614022580493736,ITUB4_2024-03-22_DISTRIBUTION_137
B00S BH+entradas,jun/2024,2023-06-30,2024-06-28,2024-03-25,ENBR3,TIMS3,0.00015487794720457775,0.00015559214995290716,CONT_2798_TIMS3_2024-03-25
B00S BH+entradas,jun/2024,2023-06-30,2024-06-28,2024-03-25,TIMS3,TIMS3,0.0072318238526889265,0.007265172619019114,CONT_2798_TIMS3_2024-03-25
B00S BH+entradas,jun/2024,2023-06-30,2024-06-28,2024-03-26,CSMG3,CSMG3,0.009541120768784451,0.00993333921286829,CONT_2462_CSMG3_2024-03-26;CONT_2463_CSMG3_2024-03-26;CONT_2464_CSMG3_2024-03-26
B00S BH+entradas,jun/2024,2023-06-30,2024-06-28,2024-03-26,ENBR3,CSMG3,0.0002043342355678172,0.00021273405125924778,CONT_2462_CSMG3_2024-03-26;CONT_2463_CSMG3_2024-03-26;CONT_2464_CSMG3_2024-03-26
B00S BH+entradas,jun/2024,2023-06-30,2024-06-28,2024-03-27,CMIG4,CMIG4,0.0026672298776640123,0.0026858122003196247,CMIG4_2024-03-27_DISTRIBUTION_387
B00S BH+entradas,jun/2024,2023-06-30,2024-06-28,2024-03-27,ENBR3,CMIG4,5.71218404361056e-05,5.751980256098843e-05,CMIG4_2024-03-27_DISTRIBUTION_387
B00S BH+entradas,jun/2024,2023-06-30,2024-06-28,2024-04-01,ENBR3,ITUB4,5.598234407531243e-05,5.6011892172589024e-05,ITUB4_2024-04-01_DISTRIBUTION_136;CONT_2799_PSSA3_2024-04-01;CONT_2800_PSSA3_2024-04-01;CONT_2801_VIVT3_2024-04-01
B00S BH+entradas,jun/2024,2023-06-30,2024-06-28,2024-04-01,ENBR3,PSSA3,0.00031167885952905147,0.00031564760432947606,ITUB4_2024-04-01_DISTRIBUTION_136;CONT_2799_PSSA3_2024-04-01;CONT_2800_PSSA3_2024-04-01;CONT_2801_VIVT3_2024-04-01
B00S BH+entradas,jun/2024,2023-06-30,2024-06-28,2024-04-01,ENBR3,VIVT3,6.4338645806787e-05,6.456851481961727e-05,ITUB4_2024-04-01_DISTRIBUTION_136;CONT_2799_PSSA3_2024-04-01;CONT_2800_PSSA3_2024-04-01;CONT_2801_VIVT3_2024-04-01
B00S BH+entradas,jun/2024,2023-06-30,2024-06-28,2024-04-01,ITUB4,ITUB4,0.002614022580493736,0.002615402290378476,ITUB4_2024-04-01_DISTRIBUTION_136
B00S BH+entradas,jun/2024,2023-06-30,2024-06-28,2024-04-01,PSSA3,PSSA3,0.014553438054959273,0.014738753419935245,CONT_2799_PSSA3_2024-04-01;CONT_2800_PSSA3_2024-04-01
B00S BH+entradas,jun/2024,2023-06-30,2024-06-28,2024-04-01,VIVT3,VIVT3,0.0030042091969402986,0.0030149426308473492,CONT_2801_VIVT3_2024-04-01
B00S BH+entradas,jun/2024,2023-06-30,2024-06-28,2024-04-02,BBDC4,BBDC4,0.003526593771422353,0.0035313095179504237,BBDC4_2024-04-02_DISTRIBUTION_523
B00S BH+entradas,jun/2024,2023-06-30,2024-06-28,2024-04-02,ENBR3,BBDC4,7.552612108206421e-05,7.562711429714828e-05,BBDC4_2024-04-02_DISTRIBUTION_523
B00S BH+entradas,jun/2024,2023-06-30,2024-06-28,2024-04-10,ENBR3,TIMS3,0.00015559214995290716,0.0001603260923932893,CONT_2802_TIMS3_2024-04-10;CONT_2803_TIMS3_2024-04-10;CONT_2804_TIMS3_2024-04-10
B00S BH+entradas,jun/2024,2023-06-30,2024-06-28,2024-04-10,TIMS3,TIMS3,0.007265172619019114,0.007486217890315169,CONT_2802_TIMS3_2024-04-10;CONT_2803_TIMS3_2024-04-10;CONT_2804_TIMS3_2024-04-10
B00S BH+entradas,jun/2024,2023-06-30,2024-06-28,2024-04-11,ENBR3,VIVT3,6.456851481961727e-05,6.575536916928806e-05,CONT_2805_VIVT3_2024-04-11
B00S BH+entradas,jun/2024,2023-06-30,2024-06-28,2024-04-11,VIVT3,VIVT3,0.0030149426308473492,0.0030703612475744897,CONT_2805_VIVT3_2024-04-11
B00S BH+entradas,jun/2024,2023-06-30,2024-06-28,2024-04-16,BBAS3,BBAS3,0.0020751984886988577,0.0041503969773977155,CONT_146_BBAS3_2024-04-16
B00S BH+entradas,jun/2024,2023-06-30,2024-06-28,2024-04-16,ENBR3,BBAS3,4.444279735218079e-05,8.888559470436158e-05,CONT_146_BBAS3_2024-04-16
B00S BH+entradas,jun/2024,2023-06-30,2024-06-28,2024-04-22,ENBR3,NEOE3,5.607944518752433e-05,5.679940888678589e-05,CONT_2047_NEOE3_2024-04-22;CONT_2274_SANB4_2024-04-22
B00S BH+entradas,jun/2024,2023-06-30,2024-06-28,2024-04-22,ENBR3,SANB4,0.00012028713793108071,0.00012207642378215725,CONT_2047_NEOE3_2024-04-22;CONT_2274_SANB4_2024-04-22
B00S BH+entradas,jun/2024,2023-06-30,2024-06-28,2024-04-22,NEOE3,NEOE3,0.002618556590351764,0.0026521743567760082,CONT_2047_NEOE3_2024-04-22
B00S BH+entradas,jun/2024,2023-06-30,2024-06-28,2024-04-22,SANB4,SANB4,0.005616651104709119,0.005700199475091392,CONT_2274_SANB4_2024-04-22
B00S BH+entradas,jun/2024,2023-06-30,2024-06-28,2024-04-23,AESB3,AESB3,0.0012418205802635222,0.001251891719500218,CONT_27_AESB3_2024-04-23
B00S BH+entradas,jun/2024,2023-06-30,2024-06-28,2024-04-23,CPLE6,CPLE6,0.007353500181717492,0.0073899447108366455,CONT_905_CPLE6_2024-04-23
B00S BH+entradas,jun/2024,2023-06-30,2024-06-28,2024-04-23,ENBR3,AESB3,2.6595036907059042e-05,2.6810722106638535e-05,CONT_27_AESB3_2024-04-23;CONT_905_CPLE6_2024-04-23
B00S BH+entradas,jun/2024,2023-06-30,2024-06-28,2024-04-23,ENBR3,CPLE6,0.00015748378778465856,0.00015826428990580924,CONT_27_AESB3_2024-04-23;CONT_905_CPLE6_2024-04-23
B00S BH+entradas,jun/2024,2023-06-30,2024-06-28,2024-04-26,ENBR3,SBSP3,7.838139022007241e-05,7.975320740686454e-05,CONT_2439_SBSP3_2024-04-26
B00S BH+entradas,jun/2024,2023-06-30,2024-06-28,2024-04-26,SBSP3,SBSP3,0.0036599168418193235,0.0037239720571164868,CONT_2439_SBSP3_2024-04-26
B00S BH+entradas,jun/2024,2023-06-30,2024-06-28,2024-04-29,CPFE3,CPFE3,0.00104687251421869,0.0011359383901270606,CONT_836_CPFE3_2024-04-29
B00S BH+entradas,jun/2024,2023-06-30,2024-06-28,2024-04-29,CSMG3,CSMG3,0.00993333921286829,0.01031190565360586,CONT_2465_CSMG3_2024-04-29
B00S BH+entradas,jun/2024,2023-06-30,2024-06-28,2024-04-29,ENBR3,CPFE3,2.2419996572068076e-05,2.4327446242808753e-05,CONT_836_CPFE3_2024-04-29;CONT_2465_CSMG3_2024-04-29
B00S BH+entradas,jun/2024,2023-06-30,2024-06-28,2024-04-29,ENBR3,CSMG3,0.00021273405125924778,0.0002208414933673929,CONT_836_CPFE3_2024-04-29;CONT_2465_CSMG3_2024-04-29
B00S BH+entradas,jun/2024,2023-06-30,2024-06-28,2024-04-30,CMIG4,CMIG4,0.0026858122003196247,0.003524856166516065,CMIG4_2024-04-30_DISTRIBUTION_386;CMIG4_2024-04-30_SHARES_680
B00S BH+entradas,jun/2024,2023-06-30,2024-06-28,2024-04-30,ENBR3,CMIG4,5.751980256098843e-05,7.548890824524458e-05,CMIG4_2024-04-30_DISTRIBUTION_386;CMIG4_2024-04-30_SHARES_680;CONT_2806_VIVT3_2024-04-30
B00S BH+entradas,jun/2024,2023-06-30,2024-06-28,2024-04-30,ENBR3,VIVT3,6.575536916928806e-05,6.607497052688025e-05,CMIG4_2024-04-30_DISTRIBUTION_386;CMIG4_2024-04-30_SHARES_680;CONT_2806_VIVT3_2024-04-30
B00S BH+entradas,jun/2024,2023-06-30,2024-06-28,2024-04-30,VIVT3,VIVT3,0.0030703612475744897,0.00308528461634909,CONT_2806_VIVT3_2024-04-30
B00S BH+entradas,jun/2024,2023-06-30,2024-06-28,2024-05-02,BRSR6,BRSR6,0.00513060274277677,0.005205117802382548,CONT_650_BRSR6_2024-05-02
B00S BH+entradas,jun/2024,2023-06-30,2024-06-28,2024-05-02,COCE5,COCE5,0.0005354875203814929,0.0005507955244321644,CONT_821_COCE5_2024-05-02
B00S BH+entradas,jun/2024,2023-06-30,2024-06-28,2024-05-02,ENBR3,BRSR6,0.0001098778450512161,0.0001114736720103142,CONT_650_BRSR6_2024-05-02;CONT_821_COCE5_2024-05-02;CONT_1116_EQTL3_2024-05-02;ITUB4_2024-05-02_DISTRIBUTION_135
B00S BH+entradas,jun/2024,2023-06-30,2024-06-28,2024-05-02,ENBR3,COCE5,1.1468090152599371e-05,1.1795928923490596e-05,CONT_650_BRSR6_2024-05-02;CONT_821_COCE5_2024-05-02;CONT_1116_EQTL3_2024-05-02;ITUB4_2024-05-02_DISTRIBUTION_135
B00S BH+entradas,jun/2024,2023-06-30,2024-06-28,2024-05-02,ENBR3,EQTL3,7.10522503047551e-05,7.211096052185857e-05,CONT_650_BRSR6_2024-05-02;CONT_821_COCE5_2024-05-02;CONT_1116_EQTL3_2024-05-02;ITUB4_2024-05-02_DISTRIBUTION_135
B00S BH+entradas,jun/2024,2023-06-30,2024-06-28,2024-05-02,ENBR3,ITUB4,5.6011892172589024e-05,5.604298053412507e-05,CONT_650_BRSR6_2024-05-02;CONT_821_COCE5_2024-05-02;CONT_1116_EQTL3_2024-05-02;ITUB4_2024-05-02_DISTRIBUTION_135
B00S BH+entradas,jun/2024,2023-06-30,2024-06-28,2024-05-02,EQTL3,EQTL3,0.0033176922074155974,0.00336712730091552,CONT_1116_EQTL3_2024-05-02
B00S BH+entradas,jun/2024,2023-06-30,2024-06-28,2024-05-02,ITUB4,ITUB4,0.002615402290378476,0.0026168539208949915,ITUB4_2024-05-02_DISTRIBUTION_135
B00S BH+entradas,jun/2024,2023-06-30,2024-06-28,2024-05-03,BBDC4,BBDC4,0.0035313095179504237,0.0035361720668345303,BBDC4_2024-05-03_DISTRIBUTION_524
B00S BH+entradas,jun/2024,2023-06-30,2024-06-28,2024-05-03,ENBR3,BBDC4,7.562711429714828e-05,7.57312514560024e-05,BBDC4_2024-05-03_DISTRIBUTION_524
B00S BH+entradas,jun/2024,2023-06-30,2024-06-28,2024-05-06,ENBR3,TAEE4,9.313134468541983e-05,9.608676942676248e-05,CONT_2399_TAEE4_2024-05-06
B00S BH+entradas,jun/2024,2023-06-30,2024-06-28,2024-05-06,TAEE4,TAEE4,0.004348646738191699,0.004486646443927966,CONT_2399_TAEE4_2024-05-06
B00S BH+entradas,jun/2024,2023-06-30,2024-06-28,2024-05-07,ENBR3,TBLE3,2.034009261967176e-05,2.093416332835764e-05,TBLE3_2024-05-07_DISTRIBUTION_339
B00S BH+entradas,jun/2024,2023-06-30,2024-06-28,2024-05-07,TBLE3,TBLE3,0.0009497541104321691,0.0009774934677700055,TBLE3_2024-05-07_DISTRIBUTION_339
B00S BH+entradas,jun/2024,2023-06-30,2024-06-28,2024-05-14,ENBR3,TAEE4,9.608676942676248e-05,9.7239128709395e-05,CONT_2398_TAEE4_2024-05-14
B00S BH+entradas,jun/2024,2023-06-30,2024-06-28,2024-05-14,TAEE4,TAEE4,0.004486646443927966,0.004540454358465995,CONT_2398_TAEE4_2024-05-14
B00S BH+entradas,jun/2024,2023-06-30,2024-06-28,2024-06-03,ENBR3,ITUB4,5.604298053412507e-05,5.607443231811322e-05,ITUB4_2024-06-03_DISTRIBUTION_134
B00S BH+entradas,jun/2024,2023-06-30,2024-06-28,2024-06-03,ITUB4,ITUB4,0.0026168539208949915,0.0026183225209491664,ITUB4_2024-06-03_DISTRIBUTION_134
B00S BH+entradas,jun/2024,2023-06-30,2024-06-28,2024-06-04,BBDC4,BBDC4,0.0035361720668345303,0.0035413937158274736,BBDC4_2024-06-04_DISTRIBUTION_525
B00S BH+entradas,jun/2024,2023-06-30,2024-06-28,2024-06-04,ENBR3,BBDC4,7.57312514560024e-05,7.584307916275015e-05,BBDC4_2024-06-04_DISTRIBUTION_525
B00S BH+entradas,jun/2024,2023-06-30,2024-06-28,2024-06-12,BBAS3,BBAS3,0.0041503969773977155,0.004222011990800609,CONT_162_BBAS3_2024-06-12;CONT_163_BBAS3_2024-06-12
B00S BH+entradas,jun/2024,2023-06-30,2024-06-28,2024-06-12,ENBR3,BBAS3,8.888559470436158e-05,9.04193137897268e-05,CONT_162_BBAS3_2024-06-12;CONT_163_BBAS3_2024-06-12
B00S BH+entradas,jun/2024,2023-06-30,2024-06-28,2024-06-14,BBAS3,BBAS3,0.004222011990800609,0.004254613336935326,CONT_161_BBAS3_2024-06-14
B00S BH+entradas,jun/2024,2023-06-30,2024-06-28,2024-06-14,ENBR3,BBAS3,9.04193137897268e-05,9.11175096623452e-05,CONT_161_BBAS3_2024-06-14
B00S BH+entradas,jun/2024,2023-06-30,2024-06-28,2024-06-17,BRSR6,BRSR6,0.005205117802382548,0.005263931313590334,CONT_649_BRSR6_2024-06-17
B00S BH+entradas,jun/2024,2023-06-30,2024-06-28,2024-06-17,ENBR3,BRSR6,0.0001114736720103142,0.00011273323198706452,CONT_649_BRSR6_2024-06-17
B00S BH+entradas,jun/2024,2023-06-30,2024-06-28,2024-06-18,BBDC4,BBDC4,0.0035413937158274736,0.0036544023597678754,BBDC4_2024-06-18_DISTRIBUTION_526
B00S BH+entradas,jun/2024,2023-06-30,2024-06-28,2024-06-18,ENBR3,BBDC4,7.584307916275015e-05,7.826329115164624e-05,BBDC4_2024-06-18_DISTRIBUTION_526
B00S BH+entradas,jun/2024,2023-06-30,2024-06-28,2024-06-21,ENBR3,ITUB4,5.607443231811322e-05,5.651592173191016e-05,ITUB4_2024-06-21_DISTRIBUTION_133
B00S BH+entradas,jun/2024,2023-06-30,2024-06-28,2024-06-21,ITUB4,ITUB4,0.0026183225209491664,0.0026389372936203785,ITUB4_2024-06-21_DISTRIBUTION_133
B00S BH+entradas,jun/2024,2023-06-30,2024-06-28,2024-06-24,CMIG4,CMIG4,0.003524856166516065,0.00355002137593731,CMIG4_2024-06-24_DISTRIBUTION_385
B00S BH+entradas,jun/2024,2023-06-30,2024-06-28,2024-06-24,ENBR3,CMIG4,7.548890824524458e-05,7.602785057231557e-05,CMIG4_2024-06-24_DISTRIBUTION_385;CONT_2807_TIMS3_2024-06-24
B00S BH+entradas,jun/2024,2023-06-30,2024-06-28,2024-06-24,ENBR3,TIMS3,0.0001603260923932893,0.00016158505040567736,CMIG4_2024-06-24_DISTRIBUTION_385;CONT_2807_TIMS3_2024-06-24
B00S BH+entradas,jun/2024,2023-06-30,2024-06-28,2024-06-24,TIMS3,TIMS3,0.007486217890315169,0.0075450032935817524,CONT_2807_TIMS3_2024-06-24
B00S BH+entradas,jun/2024,2023-06-30,2024-06-28,2024-06-26,CSMG3,CSMG3,0.01031190565360586,0.01050318281378552,CONT_2466_CSMG3_2024-06-26;CONT_2467_CSMG3_2024-06-26
B00S BH+entradas,jun/2024,2023-06-30,2024-06-28,2024-06-26,ENBR3,CSMG3,0.0002208414933673929,0.0002249379169694047,CONT_2466_CSMG3_2024-06-26;CONT_2467_CSMG3_2024-06-26
B00S BH+entradas,jun/2024,2023-06-30,2024-06-28,2024-06-27,ENBR3,VIVT3,6.607497052688025e-05,6.622805478518368e-05,CONT_2808_VIVT3_2024-06-27
B00S BH+entradas,jun/2024,2023-06-30,2024-06-28,2024-06-27,VIVT3,VIVT3,0.00308528461634909,0.0030924326862367133,CONT_2808_VIVT3_2024-06-27
B00S BH+entradas,jun/2025,2024-06-28,2025-06-30,2024-07-01,ABCB4,ABCB4,0.003845383771172666,0.003988311119972633,CONT_4_ABCB4_2024-07-01
B00S BH+entradas,jun/2025,2024-06-28,2025-06-30,2024-07-01,ITUB4,ITUB4,0.0025457058144993825,0.0025470994778872833,ITUB4_2024-07-01_DISTRIBUTION_132
B00S BH+entradas,jun/2025,2024-06-28,2025-06-30,2024-07-01,PSSA3,PSSA3,0.014218045411805567,0.014366495604655093,CONT_2809_PSSA3_2024-07-01
B00S BH+entradas,jun/2025,2024-06-28,2025-06-30,2024-07-01,SAPR4,SAPR4,0.03913284221080572,0.04025102884248205,CONT_2810_SAPR4_2024-07-01
B00S BH+entradas,jun/2025,2024-06-28,2025-06-30,2024-07-02,BBDC4,BBDC4,0.0035252953369795483,0.0035307648223178783,BBDC4_2024-07-02_DISTRIBUTION_527
B00S BH+entradas,jun/2025,2024-06-28,2025-06-30,2024-07-02,NEOE3,NEOE3,0.0025584752231259727,0.0025815363566103044,CONT_2046_NEOE3_2024-07-02
B00S BH+entradas,jun/2025,2024-06-28,2025-06-30,2024-07-22,SANB4,SANB4,0.0054988161267139095,0.0055760534947844895,CONT_2273_SANB4_2024-07-22
B00S BH+entradas,jun/2025,2024-06-28,2025-06-30,2024-07-23,BMGB4,BMGB4,0.026750120056517605,0.027383080643770416,CONT_610_BMGB4_2024-07-23
B00S BH+entradas,jun/2025,2024-06-28,2025-06-30,2024-07-29,VIVT3,VIVT3,0.0029831795887429024,0.0030076400632791244,CONT_2811_VIVT3_2024-07-29
B00S BH+entradas,jun/2025,2024-06-28,2025-06-30,2024-08-01,ITUB4,ITUB4,0.0025470994778872833,0.0025484466851328543,ITUB4_2024-08-01_DISTRIBUTION_131
B00S BH+entradas,jun/2025,2024-06-28,2025-06-30,2024-08-02,BBDC4,BBDC4,0.0035307648223178783,0.003536060916240993,BBDC4_2024-08-02_DISTRIBUTION_528
B00S BH+entradas,jun/2025,2024-06-28,2025-06-30,2024-08-16,TAEE4,TAEE4,0.004380043848998979,0.004461972040301366,CONT_2396_TAEE4_2024-08-16;CONT_2397_TAEE4_2024-08-16
B00S BH+entradas,jun/2025,2024-06-28,2025-06-30,2024-08-19,BBSE3,BBSE3,0.006812659143998238,0.007075510347862633,CONT_2551_BBSE3_2024-08-19
B00S BH+entradas,jun/2025,2024-06-28,2025-06-30,2024-08-22,BBAS3,BBAS3,0.004104301355120022,0.004151203677468019,CONT_159_BBAS3_2024-08-22;CONT_160_BBAS3_2024-08-22
B00S BH+entradas,jun/2025,2024-06-28,2025-06-30,2024-08-22,TBLE3,TBLE3,0.0009429594293706764,0.0009663898805453699,TBLE3_2024-08-22_DISTRIBUTION_338
B00S BH+entradas,jun/2025,2024-06-28,2025-06-30,2024-08-26,CMIG4,CMIG4,0.00342460204725909,0.003572413757378104,CMIG4_2024-08-26_DISTRIBUTION_384
B00S BH+entradas,jun/2025,2024-06-28,2025-06-30,2024-08-27,VIVT3,VIVT3,0.0030076400632791244,0.003021778670156394,CONT_2812_VIVT3_2024-08-27
B00S BH+entradas,jun/2025,2024-06-28,2025-06-30,2024-09-02,ITUB4,ITUB4,0.0025484466851328543,0.002549682741301928,ITUB4_2024-09-02_DISTRIBUTION_130
B00S BH+entradas,jun/2025,2024-06-28,2025-06-30,2024-09-03,BBDC4,BBDC4,0.003536060916240993,0.003540320984844043,BBDC4_2024-09-03_DISTRIBUTION_529
B00S BH+entradas,jun/2025,2024-06-28,2025-06-30,2024-09-12,BBAS3,BBAS3,0.004151203677468019,0.004178643380501395,CONT_158_BBAS3_2024-09-12
B00S BH+entradas,jun/2025,2024-06-28,2025-06-30,2024-09-13,BRSR6,BRSR6,0.005077960959711988,0.0051283110306455425,CONT_648_BRSR6_2024-09-13
B00S BH+entradas,jun/2025,2024-06-28,2025-06-30,2024-09-18,CSMG3,CSMG3,0.010132114023490759,0.01027184904766249,CONT_2468_CSMG3_2024-09-18;CONT_2469_CSMG3_2024-09-18
B00S BH+entradas,jun/2025,2024-06-28,2025-06-30,2024-09-20,ITUB4,ITUB4,0.002549682741301928,0.002569054085435538,ITUB4_2024-09-20_DISTRIBUTION_129
B00S BH+entradas,jun/2025,2024-06-28,2025-06-30,2024-09-24,CMIG4,CMIG4,0.003572413757378104,0.0035984583595962804,CMIG4_2024-09-24_DISTRIBUTION_383
B00S BH+entradas,jun/2025,2024-06-28,2025-06-30,2024-09-24,TIMS3,TIMS3,0.007278444547099239,0.007326455905948348,CONT_2813_TIMS3_2024-09-24
B00S BH+entradas,jun/2025,2024-06-28,2025-06-30,2024-09-30,PSSA3,PSSA3,0.014366495604655093,0.014527980041909336,CONT_2814_PSSA3_2024-09-30
B00S BH+entradas,jun/2025,2024-06-28,2025-06-30,2024-10-01,BBDC4,BBDC4,0.003540320984844043,0.003587925587541918,BBDC4_2024-10-01_DISTRIBUTION_530
B00S BH+entradas,jun/2025,2024-06-28,2025-06-30,2024-10-01,CPLE6,CPLE6,0.007128864056256763,0.007248869362516569,CONT_903_CPLE6_2024-10-01;CONT_904_CPLE6_2024-10-01
B00S BH+entradas,jun/2025,2024-06-28,2025-06-30,2024-10-01,ITUB4,ITUB4,0.002569054085435538,0.002570331375706184,ITUB4_2024-10-01_DISTRIBUTION_128
B00S BH+entradas,jun/2025,2024-06-28,2025-06-30,2024-10-02,BBDC4,BBDC4,0.003587925587541918,0.0035924045482478273,BBDC4_2024-10-02_DISTRIBUTION_531
B00S BH+entradas,jun/2025,2024-06-28,2025-06-30,2024-10-18,SANB4,SANB4,0.0055760534947844895,0.005654685500232342,CONT_2271_SANB4_2024-10-18;CONT_2272_SANB4_2024-10-18
B00S BH+entradas,jun/2025,2024-06-28,2025-06-30,2024-10-22,BMGB4,BMGB4,0.027383080643770416,0.02793204932493431,CONT_609_BMGB4_2024-10-22
B00S BH+entradas,jun/2025,2024-06-28,2025-06-30,2024-11-01,AESB3,AESB3,0.001207663417073142,0,AESB_AURE_20241101
B00S BH+entradas,jun/2025,2024-06-28,2025-06-30,2024-11-01,AESB3,AURE3,0,0.0009551143366428104,AESB_AURE_20241101
B00S BH+entradas,jun/2025,2024-06-28,2025-06-30,2024-11-01,ITUB4,ITUB4,0.002570331375706184,0.002571634631919376,ITUB4_2024-11-01_DISTRIBUTION_127
B00S BH+entradas,jun/2025,2024-06-28,2025-06-30,2024-11-04,BBDC4,BBDC4,0.0035924045482478273,0.003597235532666944,BBDC4_2024-11-04_DISTRIBUTION_532
B00S BH+entradas,jun/2025,2024-06-28,2025-06-30,2024-11-12,TAEE4,TAEE4,0.004461972040301366,0.004549561622804963,CONT_2394_TAEE4_2024-11-12;CONT_2395_TAEE4_2024-11-12
B00S BH+entradas,jun/2025,2024-06-28,2025-06-30,2024-11-26,BBAS3,BBAS3,0.004178643380501395,0.0042573171618532695,CONT_157_BBAS3_2024-11-26
B00S BH+entradas,jun/2025,2024-06-28,2025-06-30,2024-12-02,BRSR6,BRSR6,0.0051283110306455425,0.005249231382475794,CONT_647_BRSR6_2024-12-02
B00S BH+entradas,jun/2025,2024-06-28,2025-06-30,2024-12-02,ITUB4,ITUB4,0.002571634631919376,0.0025730477499534164,ITUB4_2024-12-02_DISTRIBUTION_126
B00S BH+entradas,jun/2025,2024-06-28,2025-06-30,2024-12-03,BBDC4,BBDC4,0.003597235532666944,0.0036027848706474616,BBDC4_2024-12-03_DISTRIBUTION_533
B00S BH+entradas,jun/2025,2024-06-28,2025-06-30,2024-12-05,BMGB4,BMGB4,0.02793204932493431,0.028764367966434876,CONT_608_BMGB4_2024-12-05
B00S BH+entradas,jun/2025,2024-06-28,2025-06-30,2024-12-10,ITUB4,ITUB4,0.0025730477499534164,0.0025972698084325173,ITUB4_2024-12-10_DISTRIBUTION_125
B00S BH+entradas,jun/2025,2024-06-28,2025-06-30,2024-12-10,XPBR31,XPBR31,5.34229250535744e-05,5.611417159630049e-05,XPBR31_2024-12-10_DISTRIBUTION_689
B00S BH+entradas,jun/2025,2024-06-28,2025-06-30,2024-12-12,BBAS3,BBAS3,0.0042573171618532695,0.004287553723765872,CONT_156_BBAS3_2024-12-12
B00S BH+entradas,jun/2025,2024-06-28,2025-06-30,2024-12-12,CPLE6,CPLE6,0.007248869362516569,0.007413902157236145,CONT_902_CPLE6_2024-12-12
B00S BH+entradas,jun/2025,2024-06-28,2025-06-30,2024-12-18,NEOE3,NEOE3,0.0025815363566103044,0.0026153164650718286,CONT_2045_NEOE3_2024-12-18
B00S BH+entradas,jun/2025,2024-06-28,2025-06-30,2024-12-19,BRSR6,BRSR6,0.005249231382475794,0.005356956952437491,CONT_646_BRSR6_2024-12-19
B00S BH+entradas,jun/2025,2024-06-28,2025-06-30,2024-12-20,TBLE3,TBLE3,0.0009663898805453699,0.0009744317477914358,TBLE3_2024-12-20_DISTRIBUTION_337
B00S BH+entradas,jun/2025,2024-06-28,2025-06-30,2024-12-26,CMIG4,CMIG4,0.0035984583595962804,0.0036303409467349813,CMIG4_2024-12-26_DISTRIBUTION_382
B00S BH+entradas,jun/2025,2024-06-28,2025-06-30,2024-12-26,CSMG3,CSMG3,0.01027184904766249,0.01045751519595085,CONT_2470_CSMG3_2024-12-26
B00S BH+entradas,jun/2025,2024-06-28,2025-06-30,2024-12-26,TIMS3,TIMS3,0.007326455905948348,0.007463458653348527,CONT_2815_TIMS3_2024-12-26
B00S BH+entradas,jun/2025,2024-06-28,2025-06-30,2024-12-27,VIVT3,VIVT3,0.003021778670156394,0.0030690466757947437,CONT_2816_VIVT3_2024-12-27
B00S BH+entradas,jun/2025,2024-06-28,2025-06-30,2024-12-30,ABCB4,ABCB4,0.003988311119972633,0.004165936576377422,CONT_3_ABCB4_2024-12-30
B00S BH+entradas,jun/2025,2024-06-28,2025-06-30,2024-12-30,ELET3,ELET3,0.0017062373183422668,0.0017493792811247026,CONT_88_ELET3_2024-12-30
B00S BH+entradas,jun/2025,2024-06-28,2025-06-30,2025-01-02,BBDC4,BBDC4,0.0036027848706474616,0.003695691087563408,BBDC4_2025-01-02_DISTRIBUTION_534
B00S BH+entradas,jun/2025,2024-06-28,2025-06-30,2025-01-02,ITUB4,ITUB4,0.0025972698084325173,0.002598769377033068,ITUB4_2025-01-02_DISTRIBUTION_124
B00S BH+entradas,jun/2025,2024-06-28,2025-06-30,2025-01-02,PSSA3,PSSA3,0.014527980041909336,0.014696865335575364,CONT_2817_PSSA3_2025-01-02
B00S BH+entradas,jun/2025,2024-06-28,2025-06-30,2025-01-02,SAPR4,SAPR4,0.04025102884248205,0.041479597420540956,CONT_2818_SAPR4_2025-01-02
B00S BH+entradas,jun/2025,2024-06-28,2025-06-30,2025-01-03,BBDC4,BBDC4,0.003695691087563408,0.0037019522511803292,BBDC4_2025-01-03_DISTRIBUTION_504
B00S BH+entradas,jun/2025,2024-06-28,2025-06-30,2025-01-10,TRPL4,TRPL4,0.004141872275007752,0.0042860308631305286,CONT_1372_TRPL4_2025-01-10
B00S BH+entradas,jun/2025,2024-06-28,2025-06-30,2025-01-14,EQTL3,EQTL3,0.003248169469135302,0.003258824298921229,CONT_1115_EQTL3_2025-01-14
B00S BH+entradas,jun/2025,2024-06-28,2025-06-30,2025-01-23,SANB4,SANB4,0.005654685500232342,0.0057470371862530616,CONT_2270_SANB4_2025-01-23
B00S BH+entradas,jun/2025,2024-06-28,2025-06-30,2025-02-03,ITUB4,ITUB4,0.002598769377033068,0.002600139397328905,ITUB4_2025-02-03_DISTRIBUTION_123
B00S BH+entradas,jun/2025,2024-06-28,2025-06-30,2025-02-04,BBDC4,BBDC4,0.0037019522511803292,0.0037077913066161784,BBDC4_2025-02-04_DISTRIBUTION_505
B00S BH+entradas,jun/2025,2024-06-28,2025-06-30,2025-02-12,TRPL4,TRPL4,0.0042860308631305286,0.004430851410901514,CONT_1371_TRPL4_2025-02-12
B00S BH+entradas,jun/2025,2024-06-28,2025-06-30,2025-02-18,ITUB4,ITUB4,0.002600139397328905,0.0027242232183212543,ITUB4_2025-02-18_DISTRIBUTION_121;ITUB4_2025-02-18_DISTRIBUTION_122
B00S BH+entradas,jun/2025,2024-06-28,2025-06-30,2025-02-18,TIMS3,TIMS3,0.007463458653348527,0.0074988379471744426,CONT_2819_TIMS3_2025-02-18
B00S BH+entradas,jun/2025,2024-06-28,2025-06-30,2025-02-21,BBSE3,BBSE3,0.007075510347862633,0.007509695842335548,CONT_2550_BBSE3_2025-02-21
B00S BH+entradas,jun/2025,2024-06-28,2025-06-30,2025-02-25,VIVT3,VIVT3,0.0030690466757947437,0.003075411541206024,CONT_2820_VIVT3_2025-02-25
B00S BH+entradas,jun/2025,2024-06-28,2025-06-30,2025-02-28,VIVT3,VIVT3,0.003075411541206024,0.0031538790847439307,CONT_2821_VIVT3_2025-02-28
B00S BH+entradas,jun/2025,2024-06-28,2025-06-30,2025-03-05,ITUB4,ITUB4,0.0027242232183212543,0.0027257072473275312,ITUB4_2025-03-05_DISTRIBUTION_120
B00S BH+entradas,jun/2025,2024-06-28,2025-06-30,2025-03-06,BBDC4,BBDC4,0.0037077913066161784,0.003713882616733486,BBDC4_2025-03-06_DISTRIBUTION_506
B00S BH+entradas,jun/2025,2024-06-28,2025-06-30,2025-03-06,CSMG3,CSMG3,0.01045751519595085,0.010678748315434193,CONT_2471_CSMG3_2025-03-06;CONT_2472_CSMG3_2025-03-06
B00S BH+entradas,jun/2025,2024-06-28,2025-06-30,2025-03-12,BBAS3,BBAS3,0.004287553723765872,0.00431264219106993,CONT_154_BBAS3_2025-03-12;CONT_155_BBAS3_2025-03-12
B00S BH+entradas,jun/2025,2024-06-28,2025-06-30,2025-03-12,TRPL4,TRPL4,0.004430851410901514,0.004586374888312392,CONT_1370_TRPL4_2025-03-12
B00S BH+entradas,jun/2025,2024-06-28,2025-06-30,2025-03-17,BRSR6,BRSR6,0.005356956952437491,0.005463738296255442,CONT_645_BRSR6_2025-03-17
B00S BH+entradas,jun/2025,2024-06-28,2025-06-30,2025-03-18,ITUB4,ITUB4,0.0027257072473275312,0.0029982779720602844,ITUB4_2025-03-18_SHARES_665
B00S BH+entradas,jun/2025,2024-06-28,2025-06-30,2025-03-25,VIVT3,VIVT3,0.0031538790847439307,0.0031618138257442354,CONT_2822_VIVT3_2025-03-25
B00S BH+entradas,jun/2025,2024-06-28,2025-06-30,2025-03-26,CMIG4,CMIG4,0.0036303409467349813,0.003663159410663873,CMIG4_2025-03-26_DISTRIBUTION_381
B00S BH+entradas,jun/2025,2024-06-28,2025-06-30,2025-03-27,CSMG3,CSMG3,0.010678748315434193,0.0106973465429282,CONT_2473_CSMG3_2025-03-27
B00S BH+entradas,jun/2025,2024-06-28,2025-06-30,2025-03-31,PSSA3,PSSA3,0.014696865335575364,0.015078448162140571,CONT_2823_PSSA3_2025-03-31;CONT_2824_PSSA3_2025-03-31;CONT_2825_PSSA3_2025-03-31
B00S BH+entradas,jun/2025,2024-06-28,2025-06-30,2025-04-01,BBDC4,BBDC4,0.003713882616733486,0.0037817887672224886,BBDC4_2025-04-01_DISTRIBUTION_507
B00S BH+entradas,jun/2025,2024-06-28,2025-06-30,2025-04-01,ITUB4,ITUB4,0.0029982779720602844,0.002999963309837573,ITUB4_2025-04-01_DISTRIBUTION_119
B00S BH+entradas,jun/2025,2024-06-28,2025-06-30,2025-04-01,TIMS3,TIMS3,0.0074988379471744426,0.007583574697134323,CONT_2826_TIMS3_2025-04-01
B00S BH+entradas,jun/2025,2024-06-28,2025-06-30,2025-04-02,BBDC4,BBDC4,0.0037817887672224886,0.0037875432756055193,BBDC4_2025-04-02_DISTRIBUTION_508
B00S BH+entradas,jun/2025,2024-06-28,2025-06-30,2025-04-03,BMGB4,BMGB4,0.028764367966434876,0.029533468714200515,CONT_607_BMGB4_2025-04-03
B00S BH+entradas,jun/2025,2024-06-28,2025-06-30,2025-04-04,TIMS3,TIMS3,0.007583574697134323,0.007963729853131873,CONT_2827_TIMS3_2025-04-04;CONT_2828_TIMS3_2025-04-04;CONT_2829_TIMS3_2025-04-04
B00S BH+entradas,jun/2025,2024-06-28,2025-06-30,2025-04-14,VIVT3,VIVT3,0.0031618138257442354,0.0031709982332736807,CONT_2830_VIVT3_2025-04-14
B00S BH+entradas,jun/2025,2024-06-28,2025-06-30,2025-04-15,VIVT3,VIVT3,0.0031709982332736807,0.006341996466547361,CONT_2863_VIVT3_2025-04-15
B00S BH+entradas,jun/2025,2024-06-28,2025-06-30,2025-04-22,NEOE3,NEOE3,0.0026153164650718286,0.002660419944752078,CONT_2044_NEOE3_2025-04-22
B00S BH+entradas,jun/2025,2024-06-28,2025-06-30,2025-04-22,SANB4,SANB4,0.0057470371862530616,0.005832482588389775,CONT_2269_SANB4_2025-04-22
B00S BH+entradas,jun/2025,2024-06-28,2025-06-30,2025-04-25,AESB3,AURE3,0.0009551143366428104,0.0009612555672356537,CONT_78_AURE3_2025-04-25
B00S BH+entradas,jun/2025,2024-06-28,2025-06-30,2025-04-25,CPLE6,CPLE6,0.007413902157236145,0.007702014702843227,CONT_901_CPLE6_2025-04-25
B00S BH+entradas,jun/2025,2024-06-28,2025-06-30,2025-04-30,COCE5,COCE5,0.0005313363726136742,0.000560050251842631,CONT_820_COCE5_2025-04-30
B00S BH+entradas,jun/2025,2024-06-28,2025-06-30,2025-04-30,CPFE3,CPFE3,0.0010958066232382097,0.001175981469772596,CONT_835_CPFE3_2025-04-30
B00S BH+entradas,jun/2025,2024-06-28,2025-06-30,2025-04-30,ELET3,ELET3,0.0017493792811247026,0.0017850130056169251,CONT_87_ELET3_2025-04-30
B00S BH+entradas,jun/2025,2024-06-28,2025-06-30,2025-04-30,SBSP3,SBSP3,0.0035924071942720535,0.003710076651211473,CONT_2541_SBSP3_2025-04-30;CONT_2542_SBSP3_2025-04-30
B00S BH+entradas,jun/2025,2024-06-28,2025-06-30,2025-04-30,TAEE4,TAEE4,0.004549561622804963,0.004590378924066898,CONT_2393_TAEE4_2025-04-30
B00S BH+entradas,jun/2025,2024-06-28,2025-06-30,2025-05-02,CMIG4,CMIG4,0.003663159410663873,0.0037799712533519605,CMIG4_2025-05-02_DISTRIBUTION_380
B00S BH+entradas,jun/2025,2024-06-28,2025-06-30,2025-05-02,EQTL3,EQTL3,0.003258824298921229,0.003322382176399062,CONT_1113_EQTL3_2025-05-02;CONT_1114_EQTL3_2025-05-02
B00S BH+entradas,jun/2025,2024-06-28,2025-06-30,2025-05-02,ITUB4,ITUB4,0.002999963309837573,0.003001456102406466,ITUB4_2025-05-02_DISTRIBUTION_118
B00S BH+entradas,jun/2025,2024-06-28,2025-06-30,2025-05-05,BBDC4,BBDC4,0.0037875432756055193,0.0037929468778787412,BBDC4_2025-05-05_DISTRIBUTION_509
B00S BH+entradas,jun/2025,2024-06-28,2025-06-30,2025-05-06,BRSR6,BRSR6,0.005463738296255442,0.005504845588430605,CONT_644_BRSR6_2025-05-06
B00S BH+entradas,jun/2025,2024-06-28,2025-06-30,2025-05-07,TBLE3,TBLE3,0.0009744317477914358,0.0009956773014217987,TBLE3_2025-05-07_DISTRIBUTION_336
B00S BH+entradas,jun/2025,2024-06-28,2025-06-30,2025-05-13,TAEE4,TAEE4,0.004590378924066898,0.0046620368823930575,CONT_2392_TAEE4_2025-05-13
B00S BH+entradas,jun/2025,2024-06-28,2025-06-30,2025-05-22,TIMS3,TIMS3,0.007963729853131873,0.008014983912472384,CONT_2831_TIMS3_2025-05-22
B00S BH+entradas,jun/2025,2024-06-28,2025-06-30,2025-05-23,VIVT3,VIVT3,0.006341996466547361,0.006377378893178081,CONT_2832_VIVT3_2025-05-23
B00S BH+entradas,jun/2025,2024-06-28,2025-06-30,2025-06-02,ITUB4,ITUB4,0.003001456102406466,0.003002882097028471,ITUB4_2025-06-02_DISTRIBUTION_117
B00S BH+entradas,jun/2025,2024-06-28,2025-06-30,2025-06-03,BBAS3,BBAS3,0.00431264219106993,0.0043296162977545394,CONT_153_BBAS3_2025-06-03
B00S BH+entradas,jun/2025,2024-06-28,2025-06-30,2025-06-03,BBDC4,BBDC4,0.0037929468778787412,0.003797308722882068,BBDC4_2025-06-03_DISTRIBUTION_510
B00S BH+entradas,jun/2025,2024-06-28,2025-06-30,2025-06-10,ITUB4,ITUB4,0.003002882097028471,0.0030307505111567268,ITUB4_2025-06-10_DISTRIBUTION_116
B00S BH+entradas,jun/2025,2024-06-28,2025-06-30,2025-06-13,BRSR6,BRSR6,0.005504845588430605,0.0056107381406975574,CONT_643_BRSR6_2025-06-13
B00S BH+entradas,jun/2025,2024-06-28,2025-06-30,2025-06-18,NEOE3,NEOE3,0.002660419944752078,0.0026836212022536693,CONT_2043_NEOE3_2025-06-18
B00S BH+entradas,jun/2025,2024-06-28,2025-06-30,2025-06-24,CMIG4,CMIG4,0.0037799712533519605,0.003817627801218028,CMIG4_2025-06-24_DISTRIBUTION_379
B00S BH+entradas,jun/2025,2024-06-28,2025-06-30,2025-06-24,CSMG3,CSMG3,0.0106973465429282,0.010871777774554819,CONT_2474_CSMG3_2025-06-24
B00S BH+entradas,jun/2025,2024-06-28,2025-06-30,2025-06-24,VIVT3,VIVT3,0.006377378893178081,0.006390311798192917,CONT_2833_VIVT3_2025-06-24
B00S BH+entradas,jun/2025,2024-06-28,2025-06-30,2025-06-27,PSSA3,PSSA3,0.015078448162140571,0.015212926353001827,CONT_2834_PSSA3_2025-06-27
B00S BH+entradas,jun/2026,2025-06-30,2026-06-30,2025-07-01,ABCB4,ABCB4,0.004165936576377422,0.004372521376466275,CONT_2_ABCB4_2025-07-01
B00S BH+entradas,jun/2026,2025-06-30,2026-06-30,2025-07-01,BBDC4,BBDC4,0.0037973087228820685,0.0038649594173615926,BBDC4_2025-07-01_DISTRIBUTION_511
B00S BH+entradas,jun/2026,2025-06-30,2026-06-30,2025-07-01,ITUB4,ITUB4,0.0030307505111567268,0.003032192364162708,ITUB4_2025-07-01_DISTRIBUTION_115
B00S BH+entradas,jun/2026,2025-06-30,2026-06-30,2025-07-01,SAPR4,SAPR4,0.041479597420540956,0.043094099472508515,CONT_2835_SAPR4_2025-07-01
B00S BH+entradas,jun/2026,2025-06-30,2026-06-30,2025-07-02,BBDC4,BBDC4,0.0038649594173615926,0.0038694421109274355,BBDC4_2025-07-02_DISTRIBUTION_512
B00S BH+entradas,jun/2026,2025-06-30,2026-06-30,2025-07-18,SANB4,SANB4,0.005832482588389775,0.00595120430134213,CONT_2268_SANB4_2025-07-18
B00S BH+entradas,jun/2026,2025-06-30,2026-06-30,2025-07-25,BMGB4,BMGB4,0.029533468714200515,0.030377282106034815,CONT_606_BMGB4_2025-07-25
B00S BH+entradas,jun/2026,2025-06-30,2026-06-30,2025-07-28,TIMS3,TIMS3,0.008014983912472384,0.008068544690183428,CONT_2836_TIMS3_2025-07-28
B00S BH+entradas,jun/2026,2025-06-30,2026-06-30,2025-07-28,VIVT3,VIVT3,0.006390311798192917,0.006411766513686411,CONT_2837_VIVT3_2025-07-28
B00S BH+entradas,jun/2026,2025-06-30,2026-06-30,2025-08-01,ITUB4,ITUB4,0.003032192364162708,0.0030337245197661284,ITUB4_2025-08-01_DISTRIBUTION_114
B00S BH+entradas,jun/2026,2025-06-30,2026-06-30,2025-08-04,BBDC4,BBDC4,0.0038694421109274355,0.003874130611884741,BBDC4_2025-08-04_DISTRIBUTION_513
B00S BH+entradas,jun/2026,2025-06-30,2026-06-30,2025-08-15,BBSE3,BBSE3,0.007509695842335548,0.007954482177145953,CONT_2549_BBSE3_2025-08-15
B00S BH+entradas,jun/2026,2025-06-30,2026-06-30,2025-08-18,ELET3,ELET3,0.0017850130056169251,0.001859201173012669,CONT_86_ELET3_2025-08-18
B00S BH+entradas,jun/2026,2025-06-30,2026-06-30,2025-08-19,ITUB4,ITUB4,0.0030337245197661284,0.0030640868301622455,ITUB4_2025-08-19_DISTRIBUTION_113
B00S BH+entradas,jun/2026,2025-06-30,2026-06-30,2025-08-19,TAEE4,TAEE4,0.0046620368823930575,0.004783831568359501,CONT_2390_TAEE4_2025-08-19;CONT_2391_TAEE4_2025-08-19
B00S BH+entradas,jun/2026,2025-06-30,2026-06-30,2025-08-22,TBLE3,TBLE3,0.0009956773014217987,0.001017985938542729,TBLE3_2025-08-22_DISTRIBUTION_335
B00S BH+entradas,jun/2026,2025-06-30,2026-06-30,2025-08-26,VIVT3,VIVT3,0.006411766513686411,0.006426271283275525,CONT_2838_VIVT3_2025-08-26
B00S BH+entradas,jun/2026,2025-06-30,2026-06-30,2025-09-01,ITUB4,ITUB4,0.0030640868301622455,0.003065481392631363,ITUB4_2025-09-01_DISTRIBUTION_112
B00S BH+entradas,jun/2026,2025-06-30,2026-06-30,2025-09-02,BBDC4,BBDC4,0.003874130611884741,0.0038785831187534005,BBDC4_2025-09-02_DISTRIBUTION_514
B00S BH+entradas,jun/2026,2025-06-30,2026-06-30,2025-09-15,BRSR6,BRSR6,0.0056107381406975574,0.005740832507312859,CONT_642_BRSR6_2025-09-15
B00S BH+entradas,jun/2026,2025-06-30,2026-06-30,2025-09-23,CSMG3,CSMG3,0.010871777774554819,0.011016806892785724,CONT_2475_CSMG3_2025-09-23
B00S BH+entradas,jun/2026,2025-06-30,2026-06-30,2025-09-23,VIVT3,VIVT3,0.006426271283275525,0.006450262895093726,CONT_2839_VIVT3_2025-09-23
B00S BH+entradas,jun/2026,2025-06-30,2026-06-30,2025-09-26,PSSA3,PSSA3,0.015212926353001827,0.015379130331633972,CONT_2840_PSSA3_2025-09-26
B00S BH+entradas,jun/2026,2025-06-30,2026-06-30,2025-09-29,TIMS3,TIMS3,0.008068544690183428,0.008138213220336489,CONT_2841_TIMS3_2025-09-29
B00S BH+entradas,jun/2026,2025-06-30,2026-06-30,2025-09-30,BBDC4,BBDC4,0.0038785831187534005,0.0039437366064494035,BBDC4_2025-09-30_DISTRIBUTION_515
B00S BH+entradas,jun/2026,2025-06-30,2026-06-30,2025-09-30,CMIG4,CMIG4,0.003817627801218028,0.0038538175607341543,CMIG4_2025-09-30_DISTRIBUTION_378
B00S BH+entradas,jun/2026,2025-06-30,2026-06-30,2025-10-01,ITUB4,ITUB4,0.003065481392631363,0.003066892233480905,ITUB4_2025-10-01_DISTRIBUTION_111
B00S BH+entradas,jun/2026,2025-06-30,2026-06-30,2025-10-02,BBDC4,BBDC4,0.0039437366064494035,0.003948115286897249,BBDC4_2025-10-02_DISTRIBUTION_516
B00S BH+entradas,jun/2026,2025-06-30,2026-06-30,2025-10-22,SANB4,SANB4,0.00595120430134213,0.006062867235754373,CONT_2267_SANB4_2025-10-22
B00S BH+entradas,jun/2026,2025-06-30,2026-06-30,2025-10-28,VIVT3,VIVT3,0.006450262895093726,0.006472424071408124,CONT_2842_VIVT3_2025-10-28
B00S BH+entradas,jun/2026,2025-06-30,2026-06-30,2025-10-31,TRPL4,TRPL4,0.004586374888312392,0.004627471254839489,CONT_1369_TRPL4_2025-10-31
B00S BH+entradas,jun/2026,2025-06-30,2026-06-30,2025-11-03,ITUB4,ITUB4,0.003066892233480905,0.0030682427985487927,ITUB4_2025-11-03_DISTRIBUTION_110
B00S BH+entradas,jun/2026,2025-06-30,2026-06-30,2025-11-04,BBDC4,BBDC4,0.003948115286897249,0.003952186739803709,BBDC4_2025-11-04_DISTRIBUTION_517
B00S BH+entradas,jun/2026,2025-06-30,2026-06-30,2025-11-06,EQTL3,EQTL3,0.003322382176399062,0.0033793925854157256,CONT_1112_EQTL3_2025-11-06
B00S BH+entradas,jun/2026,2025-06-30,2026-06-30,2025-11-10,CPLE6,CPLE5,0,0.007702014702843227,CPLE_PNB_PNA_20251110
B00S BH+entradas,jun/2026,2025-06-30,2026-06-30,2025-11-10,CPLE6,CPLE6,0.007702014702843227,0,CPLE_PNB_PNA_20251110
B00S BH+entradas,jun/2026,2025-06-30,2026-06-30,2025-11-12,BMGB4,BMGB4,0.030377282106034815,0.03112549102490267,CONT_605_BMGB4_2025-11-12
B00S BH+entradas,jun/2026,2025-06-30,2026-06-30,2025-11-17,ELET3,ELET3,0.001859201173012669,0.0019167446200203022,CONT_85_ELET3_2025-11-17
B00S BH+entradas,jun/2026,2025-06-30,2026-06-30,2025-11-17,TAEE4,TAEE4,0.004783831568359501,0.004883586197852482,CONT_2388_TAEE4_2025-11-17;CONT_2389_TAEE4_2025-11-17
B00S BH+entradas,jun/2026,2025-06-30,2026-06-30,2025-11-25,TRPL4,TRPL4,0.004627471254839489,0.004665512044202574,CONT_1368_TRPL4_2025-11-25
B00S BH+entradas,jun/2026,2025-06-30,2026-06-30,2025-11-25,VIVT3,VIVT3,0.006472424071408124,0.006492200673518816,CONT_2843_VIVT3_2025-11-25
B00S BH+entradas,jun/2026,2025-06-30,2026-06-30,2025-11-27,TBLE3,TBLE3,0.001017985938542729,0.0014251803139598207,TBLE3_2025-11-27_SHARES_676
B00S BH+entradas,jun/2026,2025-06-30,2026-06-30,2025-12-01,ITUB4,ITUB4,0.0030682427985487927,0.0030695540451685117,ITUB4_2025-12-01_DISTRIBUTION_109
B00S BH+entradas,jun/2026,2025-06-30,2026-06-30,2025-12-02,BBAS3,BBAS3,0.0043296162977545394,0.004343420237484898,CONT_152_BBAS3_2025-12-02
B00S BH+entradas,jun/2026,2025-06-30,2026-06-30,2025-12-02,BBDC4,BBDC4,0.003952186739803709,0.003956024610249978,BBDC4_2025-12-02_DISTRIBUTION_518
B00S BH+entradas,jun/2026,2025-06-30,2026-06-30,2025-12-03,BBAS3,BBAS3,0.004343420237484898,0.00435231525012115,CONT_151_BBAS3_2025-12-03
B00S BH+entradas,jun/2026,2025-06-30,2026-06-30,2025-12-10,ITUB4,ITUB4,0.0030695540451685117,0.003243732013604818,ITUB4_2025-12-10_DISTRIBUTION_107;ITUB4_2025-12-10_DISTRIBUTION_108
B00S BH+entradas,jun/2026,2025-06-30,2026-06-30,2025-12-10,XPBR31,XPBR31,5.611417159630049e-05,5.667469115087266e-05,XPBR31_2025-12-10_DISTRIBUTION_690
B00S BH+entradas,jun/2026,2025-06-30,2026-06-30,2025-12-12,BMGB4,BMGB4,0.03112549102490267,0.03182651559753561,CONT_604_BMGB4_2025-12-12
B00S BH+entradas,jun/2026,2025-06-30,2026-06-30,2025-12-15,BRSR6,BRSR6,0.005740832507312859,0.0058831970216185565,CONT_641_BRSR6_2025-12-15
B00S BH+entradas,jun/2026,2025-06-30,2026-06-30,2025-12-17,CSMG3,CSMG3,0.011016806892785724,0.01115232080891101,CONT_2476_CSMG3_2025-12-17;CONT_2477_CSMG3_2025-12-17
B00S BH+entradas,jun/2026,2025-06-30,2026-06-30,2025-12-18,TRPL4,TRPL4,0.004665512044202574,0.004704347987392864,CONT_1367_TRPL4_2025-12-18
B00S BH+entradas,jun/2026,2025-06-30,2026-06-30,2025-12-19,TBLE3,TBLE3,0.0014251803139598207,0.0014292049664470252,TBLE3_2025-12-19_DISTRIBUTION_334
B00S BH+entradas,jun/2026,2025-06-30,2026-06-30,2025-12-22,CPLE6,CPLE3,0,0.008171589147629476,CPLE_PNA_ON_20251222
B00S BH+entradas,jun/2026,2025-06-30,2026-06-30,2025-12-22,CPLE6,CPLE5,0.007702014702843227,0,CPLE_PNA_ON_20251222
B00S BH+entradas,jun/2026,2025-06-30,2026-06-30,2025-12-22,ELET3,AXIA7,0,0.0005037931079673572,AXIA_PNC_20251222
B00S BH+entradas,jun/2026,2025-06-30,2026-06-30,2025-12-22,TIMS3,TIMS3,0.008138213220336489,0.00842072592343559,CONT_2844_TIMS3_2025-12-22
B00S BH+entradas,jun/2026,2025-06-30,2026-06-30,2025-12-23,BMGB4,BMGB4,0.03182651559753561,0.032811462501290925,CONT_603_BMGB4_2025-12-23
B00S BH+entradas,jun/2026,2025-06-30,2026-06-30,2025-12-23,CMIG4,CMIG4,0.0038538175607341543,0.003904236842141259,CMIG4_2025-12-23_DISTRIBUTION_377
B00S BH+entradas,jun/2026,2025-06-30,2026-06-30,2025-12-23,CSMG3,CSMG3,0.01115232080891101,0.011244658377890083,CONT_2478_CSMG3_2025-12-23
B00S BH+entradas,jun/2026,2025-06-30,2026-06-30,2025-12-23,TIMS3,TIMS3,0.00842072592343559,0.00848964290349361,CONT_2845_TIMS3_2025-12-23
B00S BH+entradas,jun/2026,2025-06-30,2026-06-30,2025-12-26,CMIG4,CMIG4,0.003904236842141259,0.003945807595795198,CMIG4_2025-12-26_DISTRIBUTION_376
B00S BH+entradas,jun/2026,2025-06-30,2026-06-30,2025-12-26,ITUB4,ITUB4,0.003243732013604818,0.0033410439740129624,ITUB4_2025-12-26_SHARES_666
B00S BH+entradas,jun/2026,2025-06-30,2026-06-30,2025-12-26,SBSP3,SBSP3,0.003710076651211473,0.003893243730221877,CONT_2639_SBSP3_2025-12-26;CONT_2653_SBSP3_2025-12-26
B00S BH+entradas,jun/2026,2025-06-30,2026-06-30,2025-12-29,BRSR6,BRSR6,0.0058831970216185565,0.006055905456401476,CONT_640_BRSR6_2025-12-29
B00S BH+entradas,jun/2026,2025-06-30,2026-06-30,2025-12-29,PSSA3,PSSA3,0.015379130331633972,0.015553044499207658,CONT_2846_PSSA3_2025-12-29
B00S BH+entradas,jun/2026,2025-06-30,2026-06-30,2025-12-30,ABCB4,ABCB4,0.004372521376466275,0.004655167062067386,CONT_1_ABCB4_2025-12-30
B00S BH+entradas,jun/2026,2025-06-30,2026-06-30,2025-12-30,BBDC4,BBDC4,0.003956024610249978,0.004040040617230149,BBDC4_2025-12-30_DISTRIBUTION_519
B00S BH+entradas,jun/2026,2025-06-30,2026-06-30,2025-12-30,EQTL3,EQTL3,0.0033793925854157256,0.003391092536683852,CONT_1111_EQTL3_2025-12-30
B00S BH+entradas,jun/2026,2025-06-30,2026-06-30,2025-12-30,TRPL4,TRPL4,0.004704347987392864,0.004747147134135247,CONT_1366_TRPL4_2025-12-30
B00S BH+entradas,jun/2026,2025-06-30,2026-06-30,2025-12-30,VIVT3,VIVT3,0.006492200673518816,0.006513682871275266,CONT_2847_VIVT3_2025-12-30
B00S BH+entradas,jun/2026,2025-06-30,2026-06-30,2026-01-02,CPLE6,CPLE3,0.008171589147629476,0.008726837384468568,CONT_2378_CPLE3_2026-01-02;CONT_2379_CPLE3_2026-01-02
B00S BH+entradas,jun/2026,2025-06-30,2026-06-30,2026-01-02,ITUB4,ITUB4,0.0033410439740129624,0.0033425956179857722,ITUB4_2026-01-02_DISTRIBUTION_106
B00S BH+entradas,jun/2026,2025-06-30,2026-06-30,2026-01-02,NEOE3,NEOE3,0.0026836212022536697,0.0027592252566480584,CONT_2041_NEOE3_2026-01-02;CONT_2042_NEOE3_2026-01-02
B00S BH+entradas,jun/2026,2025-06-30,2026-06-30,2026-01-02,SAPR4,SAPR4,0.043094099472508515,0.043715806636711804,CONT_2848_SAPR4_2026-01-02
B00S BH+entradas,jun/2026,2025-06-30,2026-06-30,2026-01-05,BBDC4,BBDC4,0.004040040617230149,0.004044081682020037,BBDC4_2026-01-05_DISTRIBUTION_497
B00S BH+entradas,jun/2026,2025-06-30,2026-06-30,2026-01-05,SANB4,SANB4,0.006062867235754373,0.006093256325996522,CONT_2266_SANB4_2026-01-05
B00S BH+entradas,jun/2026,2025-06-30,2026-06-30,2026-01-21,SANB4,SANB4,0.006093256325996522,0.006190158251296687,CONT_2265_SANB4_2026-01-21
B00S BH+entradas,jun/2026,2025-06-30,2026-06-30,2026-01-30,TRPL4,TRPL4,0.004747147134135247,0.004789839594863854,CONT_1365_TRPL4_2026-01-30
B00S BH+entradas,jun/2026,2025-06-30,2026-06-30,2026-02-02,ITUB4,ITUB4,0.0033425956179857722,0.0033439202708525164,ITUB4_2026-02-02_DISTRIBUTION_105
B00S BH+entradas,jun/2026,2025-06-30,2026-06-30,2026-02-03,BBDC4,BBDC4,0.004044081682020037,0.004047621150539259,BBDC4_2026-02-03_DISTRIBUTION_498
B00S BH+entradas,jun/2026,2025-06-30,2026-06-30,2026-02-13,BBSE3,BBSE3,0.007954482177145953,0.008554235319432106,CONT_2548_BBSE3_2026-02-13
B00S BH+entradas,jun/2026,2025-06-30,2026-06-30,2026-02-24,BBAS3,BBAS3,0.00435231525012115,0.00438786106607012,CONT_149_BBAS3_2026-02-24;CONT_150_BBAS3_2026-02-24
B00S BH+entradas,jun/2026,2025-06-30,2026-06-30,2026-02-24,VIVT3,VIVT3,0.006513682871275266,0.006529262727293854,CONT_2849_VIVT3_2026-02-24
B00S BH+entradas,jun/2026,2025-06-30,2026-06-30,2026-02-27,TRPL4,TRPL4,0.004789839594863854,0.004832007854878328,CONT_1364_TRPL4_2026-02-27
B00S BH+entradas,jun/2026,2025-06-30,2026-06-30,2026-03-02,ITUB4,ITUB4,0.0033439202708525164,0.003345244294336067,ITUB4_2026-03-02_DISTRIBUTION_104
B00S BH+entradas,jun/2026,2025-06-30,2026-06-30,2026-03-03,BBAS3,BBAS3,0.00438786106607012,0.00439980413617945,CONT_148_BBAS3_2026-03-03
B00S BH+entradas,jun/2026,2025-06-30,2026-06-30,2026-03-03,BBDC4,BBDC4,0.004047621150539259,0.004051423271244004,BBDC4_2026-03-03_DISTRIBUTION_499
B00S BH+entradas,jun/2026,2025-06-30,2026-06-30,2026-03-09,CSMG3,CSMG3,0.011244658377890083,0.01124504242482904,CONT_2479_CSMG3_2026-03-09
B00S BH+entradas,jun/2026,2025-06-30,2026-06-30,2026-03-13,TRPL4,TRPL4,0.004832007854878328,0.0048566760579845675,CONT_1363_TRPL4_2026-03-13
B00S BH+entradas,jun/2026,2025-06-30,2026-06-30,2026-03-16,BRSR6,BRSR6,0.006055905456401476,0.006133341742384455,CONT_639_BRSR6_2026-03-16
B00S BH+entradas,jun/2026,2025-06-30,2026-06-30,2026-03-20,ITUB4,ITUB4,0.003345244294336067,0.0033733330748272334,ITUB4_2026-03-20_DISTRIBUTION_103
B00S BH+entradas,jun/2026,2025-06-30,2026-06-30,2026-03-20,SBSP3,SBSP3,0.003893243730221877,0.003921361085575315,CONT_2640_SBSP3_2026-03-20;CONT_2654_SBSP3_2026-03-20
B00S BH+entradas,jun/2026,2025-06-30,2026-06-30,2026-03-24,CSMG3,CSMG3,0.01124504242482904,0.011341296445591712,CONT_2480_CSMG3_2026-03-24
B00S BH+entradas,jun/2026,2025-06-30,2026-06-30,2026-03-24,TIMS3,TIMS3,0.00848964290349361,0.008541075613788527,CONT_2850_TIMS3_2026-03-24
B00S BH+entradas,jun/2026,2025-06-30,2026-06-30,2026-03-25,CMIG4,CMIG4,0.003945807595795198,0.003982225572409616,CMIG4_2026-03-25_DISTRIBUTION_375
B00S BH+entradas,jun/2026,2025-06-30,2026-06-30,2026-03-26,VIVT3,VIVT3,0.006529262727293854,0.0065394380258315425,CONT_2851_VIVT3_2026-03-26
B00S BH+entradas,jun/2026,2025-06-30,2026-06-30,2026-03-31,PSSA3,PSSA3,0.015553044499207658,0.0157200350656497,CONT_2852_PSSA3_2026-03-31
B00S BH+entradas,jun/2026,2025-06-30,2026-06-30,2026-04-01,ITUB4,ITUB4,0.0033733330748272334,0.0033747324346713246,ITUB4_2026-04-01_DISTRIBUTION_102
B00S BH+entradas,jun/2026,2025-06-30,2026-06-30,2026-04-01,PSSA3,PSSA3,0.0157200350656497,0.015999464241459833,CONT_2853_PSSA3_2026-04-01
B00S BH+entradas,jun/2026,2025-06-30,2026-06-30,2026-04-02,BBDC4,BBDC4,0.004051423271244004,0.004055443929337624,BBDC4_2026-04-02_DISTRIBUTION_501
B00S BH+entradas,jun/2026,2025-06-30,2026-06-30,2026-04-06,TRPL4,TRPL4,0.0048566760579845675,0.0048803253257457616,CONT_1362_TRPL4_2026-04-06
B00S BH+entradas,jun/2026,2025-06-30,2026-06-30,2026-04-07,BBDC4,BBDC4,0.004055443929337624,0.004118215386486858,BBDC4_2026-04-07_DISTRIBUTION_500
B00S BH+entradas,jun/2026,2025-06-30,2026-06-30,2026-04-07,IRBR3,IRBR3,0.00013739713171646603,0.00013745894352538274,CONT_1351_IRBR3_2026-04-07
B00S BH+entradas,jun/2026,2025-06-30,2026-06-30,2026-04-20,TRPL4,TRPL4,0.0048803253257457616,0.0049026945651913165,CONT_1361_TRPL4_2026-04-20
B00S BH+entradas,jun/2026,2025-06-30,2026-06-30,2026-04-22,SANB4,SANB4,0.006190158251296687,0.006304824132894392,CONT_2264_SANB4_2026-04-22
B00S BH+entradas,jun/2026,2025-06-30,2026-06-30,2026-04-28,VIVT3,VIVT3,0.0065394380258315425,0.006558629449166817,CONT_2854_VIVT3_2026-04-28
B00S BH+entradas,jun/2026,2025-06-30,2026-06-30,2026-04-29,SBSP3,SBSP3,0.003921361085575315,0.019606805427876576,CONT_2655_SBSP3_2026-04-29
B00S BH+entradas,jun/2026,2025-06-30,2026-06-30,2026-04-30,COCE5,COCE5,0.000560050251842631,0.0005851622013478009,CONT_819_COCE5_2026-04-30
B00S BH+entradas,jun/2026,2025-06-30,2026-06-30,2026-04-30,CPFE3,CPFE3,0.001175981469772596,0.0012656650469172839,CONT_834_CPFE3_2026-04-30
B00S BH+entradas,jun/2026,2025-06-30,2026-06-30,2026-04-30,CPLE6,CPLE3,0.008726837384468568,0.00885730275318031,CONT_2380_CPLE3_2026-04-30
B00S BH+entradas,jun/2026,2025-06-30,2026-06-30,2026-04-30,TAEE4,TAEE4,0.004883586197852482,0.004969695784851334,CONT_2387_TAEE4_2026-04-30
B00S BH+entradas,jun/2026,2025-06-30,2026-06-30,2026-05-04,CMIG4,CMIG4,0.003982225572409616,0.004020863604100303,CMIG4_2026-05-04_DISTRIBUTION_374
B00S BH+entradas,jun/2026,2025-06-30,2026-06-30,2026-05-04,IRBR3,IRBR3,0.00013745894352538274,0.00013831267887109934,CONT_1350_IRBR3_2026-05-04
B00S BH+entradas,jun/2026,2025-06-30,2026-06-30,2026-05-04,ITUB4,ITUB4,0.0033747324346713246,0.0033761795899809282,ITUB4_2026-05-04_DISTRIBUTION_101
B00S BH+entradas,jun/2026,2025-06-30,2026-06-30,2026-05-05,BBDC4,BBDC4,0.004118215386486858,0.004122287421420649,BBDC4_2026-05-05_DISTRIBUTION_502
B00S BH+entradas,jun/2026,2025-06-30,2026-06-30,2026-05-05,BRSR6,BRSR6,0.006133341742384455,0.006161653195923691,CONT_638_BRSR6_2026-05-05
B00S BH+entradas,jun/2026,2025-06-30,2026-06-30,2026-05-05,TBLE3,TBLE3,0.0014292049664470252,0.001449706322074802,TBLE3_2026-05-05_DISTRIBUTION_333
B00S BH+entradas,jun/2026,2025-06-30,2026-06-30,2026-05-12,BMGB4,BMGB4,0.032811462501290925,0.033431716990918355,CONT_602_BMGB4_2026-05-12
B00S BH+entradas,jun/2026,2025-06-30,2026-06-30,2026-05-12,TAEE4,TAEE4,0.004969695784851334,0.005039060347145395,CONT_2386_TAEE4_2026-05-12
B00S BH+entradas,jun/2026,2025-06-30,2026-06-30,2026-05-15,NEOE3,ABCB4,0,9.688435169529907e-05,NEOE_REDEMPTION_20260515
B00S BH+entradas,jun/2026,2025-06-30,2026-06-30,2026-05-15,NEOE3,AURE3,0,2.0005860413474276e-05,NEOE_REDEMPTION_20260515
B00S BH+entradas,jun/2026,2025-06-30,2026-06-30,2026-05-15,NEOE3,AXIA7,0,1.0485051987006575e-05,NEOE_REDEMPTION_20260515
B00S BH+entradas,jun/2026,2025-06-30,2026-06-30,2026-05-15,NEOE3,BBAS3,0,9.15696828140753e-05,NEOE_REDEMPTION_20260515
B00S BH+entradas,jun/2026,2025-06-30,2026-06-30,2026-05-15,NEOE3,BBDC4,0,8.579394444947297e-05,NEOE_REDEMPTION_20260515
B00S BH+entradas,jun/2026,2025-06-30,2026-06-30,2026-05-15,NEOE3,BBSE3,0,0.00017803261024195056,NEOE_REDEMPTION_20260515
B00S BH+entradas,jun/2026,2025-06-30,2026-06-30,2026-05-15,NEOE3,BMGB4,0,0.0006957881819363485,NEOE_REDEMPTION_20260515
B00S BH+entradas,jun/2026,2025-06-30,2026-06-30,2026-05-15,NEOE3,BRSR6,0,0.0001282376695183991,NEOE_REDEMPTION_20260515
B00S BH+entradas,jun/2026,2025-06-30,2026-06-30,2026-05-15,NEOE3,CMIG4,0,8.368308985359512e-05,NEOE_REDEMPTION_20260515
B00S BH+entradas,jun/2026,2025-06-30,2026-06-30,2026-05-15,NEOE3,COCE5,0,1.2178523296433112e-05,NEOE_REDEMPTION_20260515
B00S BH+entradas,jun/2026,2025-06-30,2026-06-30,2026-05-15,NEOE3,CPFE3,0,2.6341296864118063e-05,NEOE_REDEMPTION_20260515
B00S BH+entradas,jun/2026,2025-06-30,2026-06-30,2026-05-15,NEOE3,CPLE3,0,0.00018434011574006964,NEOE_REDEMPTION_20260515
B00S BH+entradas,jun/2026,2025-06-30,2026-06-30,2026-05-15,NEOE3,CSMG3,0,0.0002360375339628245,NEOE_REDEMPTION_20260515
B00S BH+entradas,jun/2026,2025-06-30,2026-06-30,2026-05-15,NEOE3,ELET3,0,3.989170687112736e-05,NEOE_REDEMPTION_20260515
B00S BH+entradas,jun/2026,2025-06-30,2026-06-30,2026-05-15,NEOE3,EQTL3,0,7.057615711206592e-05,NEOE_REDEMPTION_20260515
B00S BH+entradas,jun/2026,2025-06-30,2026-06-30,2026-05-15,NEOE3,IRBR3,0,2.878593624031053e-06,NEOE_REDEMPTION_20260515
B00S BH+entradas,jun/2026,2025-06-30,2026-06-30,2026-05-15,NEOE3,ITUB4,0,7.026578561434836e-05,NEOE_REDEMPTION_20260515
B00S BH+entradas,jun/2026,2025-06-30,2026-06-30,2026-05-15,NEOE3,LIGT3,0,1.3671302077152965e-05,NEOE_REDEMPTION_20260515
B00S BH+entradas,jun/2026,2025-06-30,2026-06-30,2026-05-15,NEOE3,NEOE3,0.0027592252566480584,0,NEOE_REDEMPTION_20260515
B00S BH+entradas,jun/2026,2025-06-30,2026-06-30,2026-05-15,NEOE3,PSSA3,0,0.00033298433758412714,NEOE_REDEMPTION_20260515
B00S BH+entradas,jun/2026,2025-06-30,2026-06-30,2026-05-15,NEOE3,SANB4,0,0.0001312173742690713,NEOE_REDEMPTION_20260515
B00S BH+entradas,jun/2026,2025-06-30,2026-06-30,2026-05-15,NEOE3,SAPR4,0,0.0009098228975167907,NEOE_REDEMPTION_20260515
B00S BH+entradas,jun/2026,2025-06-30,2026-06-30,2026-05-15,NEOE3,SBSP3,0,0.00040806110873539155,NEOE_REDEMPTION_20260515
B00S BH+entradas,jun/2026,2025-06-30,2026-06-30,2026-05-15,NEOE3,TAEE4,0,0.00010487402243086311,NEOE_REDEMPTION_20260515
B00S BH+entradas,jun/2026,2025-06-30,2026-06-30,2026-05-15,NEOE3,TBLE3,0,3.0171604002632136e-05,NEOE_REDEMPTION_20260515
B00S BH+entradas,jun/2026,2025-06-30,2026-06-30,2026-05-15,NEOE3,TIMS3,0,0.00017775872757935655,NEOE_REDEMPTION_20260515
B00S BH+entradas,jun/2026,2025-06-30,2026-06-30,2026-05-15,NEOE3,TRPL4,0,0.0001020359480498814,NEOE_REDEMPTION_20260515
B00S BH+entradas,jun/2026,2025-06-30,2026-06-30,2026-05-15,NEOE3,VIVT3,0,0.00013649962583942713,NEOE_REDEMPTION_20260515
B00S BH+entradas,jun/2026,2025-06-30,2026-06-30,2026-05-15,NEOE3,XPBR31,0,1.1795260269875395e-06,NEOE_REDEMPTION_20260515
B00S BH+entradas,jun/2026,2025-06-30,2026-06-30,2026-05-20,LIGT3,LIGT3,0.000656888279804879,0.0008560611865321499,LIGT_RIGHT_REALIZE_2026;LIGT_RIGHT_20260520
B00S BH+entradas,jun/2026,2025-06-30,2026-06-30,2026-05-20,NEOE3,LIGT3,1.3671302077152965e-05,1.7816532030505084e-05,LIGT_RIGHT_REALIZE_2026;LIGT_RIGHT_20260520
B00S BH+entradas,jun/2026,2025-06-30,2026-06-30,2026-05-25,NEOE3,VIVT3,0.00013649962583942713,0.00014159381559612557,CONT_2855_VIVT3_2026-05-25
B00S BH+entradas,jun/2026,2025-06-30,2026-06-30,2026-05-25,VIVT3,VIVT3,0.006558629449166817,0.006803398639942693,CONT_2855_VIVT3_2026-05-25
B00S BH+entradas,jun/2026,2025-06-30,2026-06-30,2026-05-28,NEOE3,VIVT3,0.00014159381559612557,0.00014238504602763158,CONT_2856_VIVT3_2026-05-28
B00S BH+entradas,jun/2026,2025-06-30,2026-06-30,2026-05-28,VIVT3,VIVT3,0.006803398639942693,0.006841416232864573,CONT_2856_VIVT3_2026-05-28
B00S BH+entradas,jun/2026,2025-06-30,2026-06-30,2026-06-01,IRBR3,IRBR3,0.00013831267887109934,0.00013917472727548869,CONT_1349_IRBR3_2026-06-01
B00S BH+entradas,jun/2026,2025-06-30,2026-06-30,2026-06-01,ITUB4,ITUB4,0.0033761795899809282,0.0033777391859490438,ITUB4_2026-06-01_DISTRIBUTION_100
B00S BH+entradas,jun/2026,2025-06-30,2026-06-30,2026-06-01,NEOE3,IRBR3,2.878593624031053e-06,2.8965347633447815e-06,CONT_1349_IRBR3_2026-06-01;ITUB4_2026-06-01_DISTRIBUTION_100
B00S BH+entradas,jun/2026,2025-06-30,2026-06-30,2026-06-01,NEOE3,ITUB4,7.026578561434836e-05,7.02982442656197e-05,CONT_1349_IRBR3_2026-06-01;ITUB4_2026-06-01_DISTRIBUTION_100
B00S BH+entradas,jun/2026,2025-06-30,2026-06-30,2026-06-02,BBAS3,BBAS3,0.00439980413617945,0.004413006648063082,CONT_147_BBAS3_2026-06-02
B00S BH+entradas,jun/2026,2025-06-30,2026-06-30,2026-06-02,BBDC4,BBDC4,0.004122287421420649,0.004126694160376399,BBDC4_2026-06-02_DISTRIBUTION_503
B00S BH+entradas,jun/2026,2025-06-30,2026-06-30,2026-06-02,NEOE3,BBAS3,9.15696828140753e-05,9.184445636946886e-05,CONT_147_BBAS3_2026-06-02;BBDC4_2026-06-02_DISTRIBUTION_503
B00S BH+entradas,jun/2026,2025-06-30,2026-06-30,2026-06-02,NEOE3,BBDC4,8.579394444947297e-05,8.58856584612637e-05,CONT_147_BBAS3_2026-06-02;BBDC4_2026-06-02_DISTRIBUTION_503
B00S BH+entradas,jun/2026,2025-06-30,2026-06-30,2026-06-10,NEOE3,XPBR31,1.1795260269875395e-06,1.1951573136580352e-06,XPBR31_2026-06-10_DISTRIBUTION_691
B00S BH+entradas,jun/2026,2025-06-30,2026-06-30,2026-06-10,XPBR31,XPBR31,5.667469115087266e-05,5.742575414064291e-05,XPBR31_2026-06-10_DISTRIBUTION_691
B00S BH+entradas,jun/2026,2025-06-30,2026-06-30,2026-06-15,BRSR6,BRSR6,0.006161653195923691,0.00625414634786386,CONT_637_BRSR6_2026-06-15
B00S BH+entradas,jun/2026,2025-06-30,2026-06-30,2026-06-15,NEOE3,BRSR6,0.0001282376695183991,0.0001301626571595512,CONT_637_BRSR6_2026-06-15
B00S BH+entradas,jun/2026,2025-06-30,2026-06-30,2026-06-19,ITUB4,ITUB4,0.0033777391859490438,0.0034083972310107753,ITUB4_2026-06-19_DISTRIBUTION_99
B00S BH+entradas,jun/2026,2025-06-30,2026-06-30,2026-06-19,NEOE3,ITUB4,7.02982442656197e-05,7.093630618272135e-05,ITUB4_2026-06-19_DISTRIBUTION_99
B00S BH+entradas,jun/2026,2025-06-30,2026-06-30,2026-06-23,NEOE3,PSSA3,0.00033298433758412714,0.000336256144103017,CONT_2857_PSSA3_2026-06-23;CONT_2858_TIMS3_2026-06-23
B00S BH+entradas,jun/2026,2025-06-30,2026-06-30,2026-06-23,NEOE3,TIMS3,0.00017775872757935655,0.00017909357064952653,CONT_2857_PSSA3_2026-06-23;CONT_2858_TIMS3_2026-06-23
B00S BH+entradas,jun/2026,2025-06-30,2026-06-30,2026-06-23,PSSA3,PSSA3,0.015999464241459833,0.016156670288398088,CONT_2857_PSSA3_2026-06-23
B00S BH+entradas,jun/2026,2025-06-30,2026-06-30,2026-06-23,TIMS3,TIMS3,0.008541075613788527,0.008605213086812313,CONT_2858_TIMS3_2026-06-23
B00S BH+entradas,jun/2026,2025-06-30,2026-06-30,2026-06-24,CMIG4,CMIG4,0.004020863604100303,0.0040621984463749755,CMIG4_2026-06-24_DISTRIBUTION_373
B00S BH+entradas,jun/2026,2025-06-30,2026-06-30,2026-06-24,CSMG3,CSMG3,0.011341296445591712,0.011414441495167897,CONT_2481_CSMG3_2026-06-24
B00S BH+entradas,jun/2026,2025-06-30,2026-06-30,2026-06-24,NEOE3,CMIG4,8.368308985359512e-05,8.454335960177267e-05,CMIG4_2026-06-24_DISTRIBUTION_373;CONT_2481_CSMG3_2026-06-24
B00S BH+entradas,jun/2026,2025-06-30,2026-06-30,2026-06-24,NEOE3,CSMG3,0.0002360375339628245,0.00023755984467980275,CMIG4_2026-06-24_DISTRIBUTION_373;CONT_2481_CSMG3_2026-06-24
B00S BH+entradas,jun/2026,2025-06-30,2026-06-30,2026-06-29,NEOE3,VIVT3,0.00014238504602763158,0.00014268295288332353,CONT_2859_VIVT3_2026-06-29
B00S BH+entradas,jun/2026,2025-06-30,2026-06-30,2026-06-29,VIVT3,VIVT3,0.006841416232864573,0.006855730269733424,CONT_2859_VIVT3_2026-06-29
B00S BH+entradas,jun/2026,2025-06-30,2026-06-30,2026-06-30,ABCB4,ABCB4,0.004655167062067386,0.004883910651823158,CONT_0_ABCB4_2026-06-30
B00S BH+entradas,jun/2026,2025-06-30,2026-06-30,2026-06-30,NEOE3,ABCB4,9.688435169529907e-05,0.0001016450131500786,CONT_0_ABCB4_2026-06-30
