variant,year,start,end,row_type,ticker,cnpj,company,sector,base_status,initial_units,initial_weight_pct,final_weight_pct,exposure_return_pct,contribution_pp,descendants,event_ids
V0,2014,2014-06-30,2015-06-30,HOLDING,ABCB4,28195667000106,BCO ABC BRASIL S.A.,Bancos,PASS,0.0029411764705882353,4.0,3.687033391904031,-8.788187953393066,-0.3515275181357226,ABCB4,B00S_ABCB2_2014-07-02_RIGHT_REINVEST_89;B00S_ABCB2_2015-01-08_RIGHT_REINVEST_93;B00S_ABCB4_2014-07-01_DISTRIBUTION_39;B00S_ABCB4_2014-07-01_RIGHT_88;B00S_ABCB4_2015-01-02_DISTRIBUTION_38;B00S_ABCB4_2015-01-02_RIGHT_92
V0,2014,2014-06-30,2015-06-30,HOLDING,BBAS3,00000000000191,BCO BRASIL S.A.,Bancos,PASS,0.0016096579476861167,4.0,4.259308999895677,5.369073358535514,0.2147629343414205,BBAS3,B00S_BBAS3_2014-08-20_DISTRIBUTION_47;B00S_BBAS3_2014-09-12_DISTRIBUTION_46;B00S_BBAS3_2014-11-17_DISTRIBUTION_45;B00S_BBAS3_2014-12-12_DISTRIBUTION_44;B00S_BBAS3_2015-02-20_DISTRIBUTION_43;B00S_BBAS3_2015-03-24_DISTRIBUTION_42;B00S_BBAS3_2015-05-22_DISTRIBUTION_41;B00S_BBAS3_2015-06-12_DISTRIBUTION_40
V0,2014,2014-06-30,2015-06-30,HOLDING,BBDC4,60746948000112,BCO BRADESCO S.A.,Bancos,PASS,0.00124804992199688,4.0,4.471910854250124,10.628532202254792,0.4251412880901917,BBDC4,BBDC4_2014-07-02_DISTRIBUTION_332;BBDC4_2014-08-04_DISTRIBUTION_331;BBDC4_2014-09-02_DISTRIBUTION_330;BBDC4_2014-10-02_DISTRIBUTION_329;BBDC4_2014-11-04_DISTRIBUTION_328;BBDC4_2014-12-02_DISTRIBUTION_327;BBDC4_2014-12-23_DISTRIBUTION_326;BBDC4_2015-01-05_DISTRIBUTION_325;BBDC4_2015-02-03_DISTRIBUTION_324;BBDC4_2015-02-10_DISTRIBUTION_323;BBDC4_2015-03-03_DISTRIBUTION_322;BBDC4_2015-03-27_SHARES_667;BBDC4_2015-04-02_DISTRIBUTION_321;BBDC4_2015-05-05_DISTRIBUTION_320;BBDC4_2015-06-02_DISTRIBUTION_319;BBDC4_2015-06-23_DISTRIBUTION_318
V0,2014,2014-06-30,2015-06-30,HOLDING,BRSR6,92702067000196,BCO ESTADO DO RIO GRANDE DO SUL S.A.,Bancos,PASS,0.0037209302325581397,4.0,3.5597725472465265,-11.936435069700957,-0.4774574027880382,BRSR6,B00S_BRSR6_2014-09-04_DISTRIBUTION_52;B00S_BRSR6_2014-11-26_DISTRIBUTION_51;B00S_BRSR6_2015-03-05_DISTRIBUTION_50;B00S_BRSR6_2015-05-04_DISTRIBUTION_49;B00S_BRSR6_2015-06-03_DISTRIBUTION_48
V0,2014,2014-06-30,2015-06-30,HOLDING,CMIG4,17155730000164,CIA ENERGETICA DE MINAS GERAIS - CEMIG,Energia,PASS,0.0012391573729863693,2.0,1.6527201789623245,-18.22824134972203,-0.3645648269944405,CMIG4,CMIG4_2014-11-10_DISTRIBUTION_637;CMIG4_2014-12-29_DISTRIBUTION_638;CMIG4_2015-05-04_DISTRIBUTION_639
V0,2014,2014-06-30,2015-06-30,HOLDING,COCE5,07047251000170,CIA ENERGETICA DO CEARA - COELCE,Energia,PASS,0.0005730659025787966,2.0,2.443326982019931,20.88866997611727,0.4177733995223455,COCE5,B00S_COCE5_2015-04-28_DISTRIBUTION_53
V0,2014,2014-06-30,2015-06-30,HOLDING,CPFE3,02429144000193,CPFL ENERGIA S.A.,Energia,PASS,0.0009837678307919333,2.0,2.0155265081509737,-0.2776457408305011,-0.005552914816609952,CPFE3,B00S_CPFE3_2014-09-05_DISTRIBUTION_54;B00S_CPFE3_2015-04-30_SHARES_87
V0,2014,2014-06-30,2015-06-30,HOLDING,CPLE6,76483817000120,CIA PARANAENSE DE ENERGIA - COPEL,Energia,PASS,0.0005903187721369539,2.0,2.236036904643474,10.63256347146526,0.21265126942930507,CPLE6,B00S_CPLE6_2014-11-07_DISTRIBUTION_56;B00S_CPLE6_2014-11-07_DISTRIBUTION_57;B00S_CPLE6_2015-04-24_DISTRIBUTION_55
V0,2014,2014-06-30,2015-06-30,HOLDING,CSMG3,17281106000103,CIA SANEAMENTO DE MINAS GERAIS-COPASA MG,Saneamento,PASS,0.0024691358024691358,10.0,3.4590020498330554,-65.77173990005318,-6.57717399000532,CSMG3,B00S_CSMG3_2014-09-23_DISTRIBUTION_60;B00S_CSMG3_2015-03-25_DISTRIBUTION_59;B00S_CSMG3_2015-05-12_DISTRIBUTION_58
V0,2014,2014-06-30,2015-06-30,HOLDING,ENBR3,03983431000103,EDP - ENERGIAS DO BRASIL S.A.,Energia,PASS,0.0018433179723502304,2.0,2.238270239021971,10.743062321850516,0.21486124643701027,ENBR3,B00S_ENBR3_2014-12-30_DISTRIBUTION_62;B00S_ENBR3_2015-04-13_DISTRIBUTION_61
V0,2014,2014-06-30,2015-06-30,HOLDING,EQTL3,03220438000173,EQUATORIAL S.A.,Energia,PASS,0.0007955449482895784,2.0,2.9023660197654984,43.60057843067124,0.8720115686134247,EQTL3,B00S_EQTL3_2014-12-22_DISTRIBUTION_64;B00S_EQTL3_2015-04-20_DISTRIBUTION_63
V0,2014,2014-06-30,2015-06-30,HOLDING,GETI4,02998609000127,AES TIETE SA,Energia,PASS,0.0010288065843621398,2.0,1.9654645356545914,-2.754565660269759,-0.05509131320539512,GETI4,B00S_GETI4_2014-08-07_DISTRIBUTION_83;B00S_GETI4_2015-05-11_DISTRIBUTION_84
V0,2014,2014-06-30,2015-06-30,HOLDING,ITUB4,60872504000123,ITAU UNIBANCO HOLDING S.A.,Bancos,PASS,0.0012511729746637473,4.0,4.4996675488289934,11.315192218549196,0.45260768874196766,ITUB4,ITUB4_2014-07-01_DISTRIBUTION_295;ITUB4_2014-08-01_DISTRIBUTION_294;ITUB4_2014-08-14_DISTRIBUTION_293;ITUB4_2014-09-01_DISTRIBUTION_292;ITUB4_2014-10-01_DISTRIBUTION_291;ITUB4_2014-11-03_DISTRIBUTION_290;ITUB4_2014-12-01_DISTRIBUTION_289;ITUB4_2015-01-02_DISTRIBUTION_288;ITUB4_2015-02-02_DISTRIBUTION_287;ITUB4_2015-02-11_DISTRIBUTION_285;ITUB4_2015-02-11_DISTRIBUTION_286;ITUB4_2015-03-02_DISTRIBUTION_284;ITUB4_2015-04-01_DISTRIBUTION_283;ITUB4_2015-05-04_DISTRIBUTION_282;ITUB4_2015-06-01_DISTRIBUTION_281
V0,2014,2014-06-30,2015-06-30,HOLDING,LIGT3,03378521000175,LIGHT SA,Energia,PASS,0.000927643784786642,2.0,1.6687717873943375,-17.434054730983295,-0.3486810946196659,LIGT3,B00S_LIGT3_2015-04-13_DISTRIBUTION_86
V0,2014,2014-06-30,2015-06-30,HOLDING,PSSA3,02149205000169,PORTO SEGURO S.A.,Seguros,PASS,0.006277463904582549,20.0,27.49041719322003,36.01454066657732,7.202908133315466,PSSA3,B00S_PSSA3_2014-10-30_DISTRIBUTION_67;B00S_PSSA3_2014-12-23_DISTRIBUTION_66;B00S_PSSA3_2015-03-30_DISTRIBUTION_65
V0,2014,2014-06-30,2015-06-30,HOLDING,SBSP3,43776517000180,CIA SANEAMENTO BASICO EST SAO PAULO,Saneamento,PASS,0.004246284501061571,10.0,7.223239599142461,-28.52304791909088,-2.8523047919090883,SBSP3,B00S_SBSP3_2015-04-07_DISTRIBUTION_68
V0,2014,2014-06-30,2015-06-30,HOLDING,TBLE3,02474103000119,ENGIE BRASIL ENERGIA S.A.,Energia,PASS,0.0006060606060606061,2.0,2.2108209651929767,9.384952568462502,0.18769905136925003,TBLE3,TBLE3_2014-09-12_DISTRIBUTION_372;TBLE3_2014-11-11_DISTRIBUTION_371;TBLE3_2014-11-26_DISTRIBUTION_370;TBLE3_2015-05-11_DISTRIBUTION_369
V0,2014,2014-06-30,2015-06-30,HOLDING,TIMP3,02558115000121,TIM PARTICIPACOES S.A.,Telecom,PASS,0.007739938080495357,10.0,8.145724665389885,-19.39467553568701,-1.939467553568701,TIMP3,B00S_TIMP3_2015-05-13_DISTRIBUTION_85
V0,2014,2014-06-30,2015-06-30,HOLDING,TRPL4,02998611000104,CTEEP - CIA TRANSMISSÃO ENERGIA ELÉTRICA PAULISTA,Energia,PASS,0.0007233273056057867,2.0,3.043033313616177,50.56038454253673,1.0112076908507346,TRPL4,B00S_TRPL2_2014-07-21_RIGHT_REINVEST_91;B00S_TRPL4_2014-07-17_RIGHT_90;B00S_TRPL4_2014-08-13_DISTRIBUTION_72;B00S_TRPL4_2014-11-25_DISTRIBUTION_71;B00S_TRPL4_2015-05-07_DISTRIBUTION_70;B00S_TRPL4_2015-05-27_DISTRIBUTION_69
V0,2014,2014-06-30,2015-06-30,HOLDING,VIVT4,02558157000162,TELEFÔNICA BRASIL S.A,Telecom,PASS,0.0022222222222222222,10.0,10.827585715866963,7.143452012423701,0.7143452012423696,VIVT4,B00S_VIVT4_2014-08-01_DISTRIBUTION_82;B00S_VIVT4_2014-09-01_DISTRIBUTION_81;B00S_VIVT4_2014-10-01_DISTRIBUTION_80;B00S_VIVT4_2014-11-03_DISTRIBUTION_79;B00S_VIVT4_2014-12-01_DISTRIBUTION_78;B00S_VIVT4_2015-01-02_DISTRIBUTION_77;B00S_VIVT4_2015-02-11_DISTRIBUTION_76;B00S_VIVT4_2015-04-10_DISTRIBUTION_75;B00S_VIVT4_2015-05-26_DISTRIBUTION_73;B00S_VIVT4_2015-05-26_DISTRIBUTION_74
V0,2014,2014-06-30,2015-06-30,NUMERICAL_RESIDUAL,,,,,,,,,,3.642E-15,,
V0,2015,2015-06-30,2016-06-30,HOLDING,ABCB4,28195667000106,BCO ABC BRASIL S.A.,Bancos,PASS,0.003196452330869486,3.779375903096344,4.52792945088007,22.3092371509686,0.8431499330483245,ABCB4,CONT_25_ABCB4_2016-01-04;CONT_26_ABCB4_2015-07-01
V0,2015,2015-06-30,2016-06-30,HOLDING,BBAS3,00000000000191,BCO BRASIL S.A.,Bancos,PASS,0.0017793750167579684,4.365984271635288,3.260868476211766,-23.751586606840213,-1.0369905355184772,BBAS3,CONT_245_BBAS3_2016-06-14;CONT_246_BBAS3_2016-05-24;CONT_247_BBAS3_2016-03-14;CONT_248_BBAS3_2016-03-03;CONT_249_BBAS3_2016-03-03;CONT_250_BBAS3_2015-12-14;CONT_251_BBAS3_2015-11-24;CONT_252_BBAS3_2015-09-14;CONT_253_BBAS3_2015-08-24;CONT_254_BBAS3_2015-08-24
V0,2015,2015-06-30,2016-06-30,HOLDING,BBDC4,60746948000112,BCO BRADESCO S.A.,Bancos,PASS,0.0015915683732159373,4.583910783248967,4.623085024508586,2.9616325386228937,0.13575859329814532,BBDC4,BBDC4_2015-07-02_DISTRIBUTION_317;BBDC4_2015-08-04_DISTRIBUTION_316;BBDC4_2015-09-02_DISTRIBUTION_315;BBDC4_2015-10-02_DISTRIBUTION_314;BBDC4_2015-11-04_DISTRIBUTION_313;BBDC4_2015-12-02_DISTRIBUTION_312;BBDC4_2015-12-17_DISTRIBUTION_311;BBDC4_2016-01-05_DISTRIBUTION_310;BBDC4_2016-02-02_DISTRIBUTION_309;BBDC4_2016-03-02_DISTRIBUTION_308;BBDC4_2016-04-04_DISTRIBUTION_307;BBDC4_2016-04-18_SHARES_668;BBDC4_2016-05-03_DISTRIBUTION_306;BBDC4_2016-06-02_DISTRIBUTION_305;BBDC4_2016-06-23_DISTRIBUTION_304
V0,2015,2015-06-30,2016-06-30,HOLDING,BRSR6,92702067000196,BCO ESTADO DO RIO GRANDE DO SUL S.A.,Bancos,PASS,0.004052486422614932,3.648927784356122,3.886725619650473,8.742248877568448,0.31899834827115625,BRSR6,CONT_692_BRSR6_2016-06-14;CONT_693_BRSR6_2016-03-11;CONT_694_BRSR6_2015-12-04;CONT_695_BRSR6_2015-09-10
V0,2015,2015-06-30,2016-06-30,HOLDING,CMIG4,17155730000164,CIA ENERGETICA DE MINAS GERAIS - CEMIG,Energia,PASS,0.0014134864957624205,1.6941128964675967,1.1010448658722836,-33.6497806032381,-0.5700652728325085,CMIG4,CMIG4_2016-01-04_DISTRIBUTION_640;CMIG4_2016-05-02_DISTRIBUTION_641
V0,2015,2015-06-30,2016-06-30,HOLDING,CPFE3,02429144000193,CPFL ENERGIA S.A.,Energia,PASS,0.0010620251550568177,2.066005784944618,2.2417474556931074,10.773237291159798,0.22257570566117213,CPFE3,CONT_847_CPFE3_2016-05-02;CPFE_BONUS_20160502
V0,2015,2015-06-30,2016-06-30,HOLDING,CPLE6,76483817000120,CIA PARANAENSE DE ENERGIA - COPEL,Energia,PASS,0.0006489463738186793,2.2920389097641363,1.9602405534047764,-12.689378569273668,-0.29084549421502415,CPLE6,CONT_923_CPLE6_2016-04-29;CONT_924_CPLE6_2016-04-29
V0,2015,2015-06-30,2016-06-30,HOLDING,CSMG3,17281106000103,CIA SANEAMENTO DE MINAS GERAIS-COPASA MG,Saneamento,PASS,0.0025591184484714275,3.5456334690662814,7.576835205196982,118.1592836638819,4.189495108395563,CSMG3,CONT_992_CSMG3_2016-05-12;CONT_993_CSMG3_2015-11-12;CONT_994_CSMG3_2015-08-12
V0,2015,2015-06-30,2016-06-30,HOLDING,ENBR3,03983431000103,EDP - ENERGIAS DO BRASIL S.A.,Energia,PASS,0.001972487317839809,2.2943281784624294,2.800825288138229,24.626436011646202,0.5650112607662183,ENBR3,CONT_1108_ENBR3_2016-04-14;CONT_1109_ENBR3_2015-12-22
V0,2015,2015-06-30,2016-06-30,HOLDING,EQTL3,03220438000173,EQUATORIAL S.A.,Energia,PASS,0.0008370604749123239,2.975056374903828,4.137034639630456,41.96250472900611,1.2484081720096163,EQTL3,CONT_1126_EQTL3_2016-04-18;CONT_1127_EQTL3_2015-12-28
V0,2015,2015-06-30,2016-06-30,HOLDING,GETI4,02998609000127,AES TIETE SA,Energia,PASS,0.0011392110432560866,2.0146900000293666,1.8818003964174526,-4.644659668661976,-0.09357549387993003,TIET11,CONT_2618_TIET11_2016-05-09;CONT_2619_TIET11_2016-04-29;GETI_DIST_20150810;GETI_TIET_20160104
V0,2015,2015-06-30,2016-06-30,HOLDING,ITUB4,60872504000123,ITAU UNIBANCO HOLDING S.A.,Bancos,PASS,0.001333759253647664,4.612362649964178,4.640263039300471,2.706717352847976,0.12484362022285923,ITUB4,ITUB4_2015-07-01_DISTRIBUTION_280;ITUB4_2015-07-14_SHARES_662;ITUB4_2015-08-03_DISTRIBUTION_279;ITUB4_2015-08-13_DISTRIBUTION_278;ITUB4_2015-09-01_DISTRIBUTION_277;ITUB4_2015-10-01_DISTRIBUTION_276;ITUB4_2015-11-03_DISTRIBUTION_275;ITUB4_2015-12-01_DISTRIBUTION_274;ITUB4_2015-12-10_DISTRIBUTION_273;ITUB4_2016-01-04_DISTRIBUTION_272;ITUB4_2016-02-01_DISTRIBUTION_271;ITUB4_2016-02-19_DISTRIBUTION_269;ITUB4_2016-02-19_DISTRIBUTION_270;ITUB4_2016-03-01_DISTRIBUTION_268;ITUB4_2016-04-01_DISTRIBUTION_267;ITUB4_2016-05-02_DISTRIBUTION_266;ITUB4_2016-06-01_DISTRIBUTION_265
V0,2015,2015-06-30,2016-06-30,HOLDING,LIGT3,03378521000175,LIGHT SA,Energia,PASS,0.0009998089354400148,1.7105665207410023,1.11539124182978,-33.43177790903722,-0.571872800200477,LIGT3,
V0,2015,2015-06-30,2016-06-30,HOLDING,PSSA3,02149205000169,PORTO SEGURO S.A.,Seguros,PASS,0.006735316563766448,28.178920357558155,18.543277246545642,-32.819715656831036,-9.248241536515463,PSSA3,CONT_2159_PSSA3_2016-03-30;CONT_2160_PSSA3_2015-12-14;CONT_2161_PSSA3_2015-10-29
V0,2015,2015-06-30,2016-06-30,HOLDING,SBSP3,43776517000180,CIA SANEAMENTO BASICO EST SAO PAULO,Saneamento,PASS,0.00444043073194355,7.404147123601879,12.905312315221792,77.9398315167485,5.770779793387486,SBSP3,CONT_2263_SBSP3_2016-04-06
V0,2015,2015-06-30,2016-06-30,HOLDING,TBLE3,02474103000119,ENGIE BRASIL ENERGIA S.A.,Energia,PASS,0.0006558907355929514,2.266191431913134,2.579394010015157,16.198571593595613,0.36709064154637844,TBLE3,TBLE3_2015-08-21_DISTRIBUTION_368;TBLE3_2015-11-24_DISTRIBUTION_367;TBLE3_2016-05-11_DISTRIBUTION_366
V0,2015,2015-06-30,2016-06-30,HOLDING,TIMP3,02558115000121,TIM PARTICIPACOES S.A.,Telecom,PASS,0.008068759905093625,8.349736018456264,5.602394856517202,-31.501562500000002,-2.6302973104390115,TIMP3,TIMP_GROSS_2016-04-13
V0,2015,2015-06-30,2016-06-30,HOLDING,TRPL4,02998611000104,CTEEP - CIA TRANSMISSÃO ENERGIA ELÉTRICA PAULISTA,Energia,PASS,0.000788611141561957,3.119246710120316,5.086675755689812,66.48075043535937,2.0736986208182446,TRPL4,CONT_1397_TRPL4_2016-06-22;CONT_1398_TRPL4_2015-11-26
V0,2015,2015-06-30,2016-06-30,HOLDING,VIVT4,02558157000162,TELEFÔNICA BRASIL S.A,Telecom,PASS,0.002521278279388896,11.098764831670099,11.52915455927596,6.0480061623881864,0.6712539809683805,VIVT4,CONT_2793_VIVT4_2016-05-02;CONT_2794_VIVT4_2016-04-29;CONT_2795_VIVT4_2016-04-01;CONT_2796_VIVT4_2016-03-01;CONT_2797_VIVT4_2016-01-04;CONT_2798_VIVT4_2015-12-01;CONT_2799_VIVT4_2015-11-03;CONT_2800_VIVT4_2015-10-01;CONT_2801_VIVT4_2015-09-01;CONT_2802_VIVT4_2015-08-03
V0,2015,2015-06-30,2016-06-30,NUMERICAL_RESIDUAL,,,,,,,,,,1.681E-14,,
V0,2016,2016-06-30,2017-06-30,HOLDING,ABCB4,28195667000106,BCO ABC BRASIL S.A.,Bancos,PASS,0.003865366950219949,5.00095120165961,5.6892892592102005,39.55241867953983,1.977997157239887,ABCB4,CONT_23_ABCB4_2017-01-02;CONT_24_ABCB4_2016-07-01
V0,2016,2016-06-30,2017-06-30,HOLDING,BBAS3,00000000000191,BCO BRASIL S.A.,Bancos,PASS,0.002117760227967821,3.60152345602372,4.725193582572111,60.940493078949,2.19478615245486,BBAS3,CONT_235_BBAS3_2017-06-13;CONT_236_BBAS3_2017-05-23;CONT_237_BBAS3_2017-03-14;CONT_238_BBAS3_2017-03-02;CONT_239_BBAS3_2017-03-02;CONT_240_BBAS3_2016-12-13;CONT_241_BBAS3_2016-11-22;CONT_242_BBAS3_2016-09-13;CONT_243_BBAS3_2016-08-23;CONT_244_BBAS3_2016-08-23
V0,2016,2016-06-30,2017-06-30,HOLDING,BBDC4,60746948000112,BCO BRADESCO S.A.,Bancos,PASS,0.0020485323188538856,5.106047446078712,5.32251049987224,27.868523540385006,1.422980034493673,BBDC4,BBDC4_2016-07-04_DISTRIBUTION_303;BBDC4_2016-08-02_DISTRIBUTION_302;BBDC4_2016-09-02_DISTRIBUTION_301;BBDC4_2016-10-03_DISTRIBUTION_300;BBDC4_2016-10-04_DISTRIBUTION_299;BBDC4_2016-11-03_DISTRIBUTION_298;BBDC4_2016-12-02_DISTRIBUTION_297;BBDC4_2016-12-22_DISTRIBUTION_296;BBDC4_2017-01-03_DISTRIBUTION_623;BBDC4_2017-02-02_DISTRIBUTION_624;BBDC4_2017-03-02_DISTRIBUTION_625;BBDC4_2017-04-04_DISTRIBUTION_626;BBDC4_2017-05-02_SHARES_669;BBDC4_2017-05-03_DISTRIBUTION_627;BBDC4_2017-06-02_DISTRIBUTION_628
V0,2016,2016-06-30,2017-06-30,HOLDING,BRSR6,92702067000196,BCO ESTADO DO RIO GRANDE DO SUL S.A.,Bancos,PASS,0.005077999776211899,4.292762369416842,5.650316399473623,61.46109333407406,2.6383786864772945,BRSR6,CONT_687_BRSR6_2017-05-16;CONT_688_BRSR6_2017-05-05;CONT_689_BRSR6_2017-03-14;CONT_690_BRSR6_2016-12-15;CONT_691_BRSR6_2016-09-08
V0,2016,2016-06-30,2017-06-30,HOLDING,CMIG4,17155730000164,CIA ENERGETICA DE MINAS GERAIS - CEMIG,Energia,PASS,0.0016874864796619278,1.2160683386961595,1.1766551170251445,18.69247230514528,0.22731323742241996,CMIG4,CMIG4_2016-12-27_DISTRIBUTION_642;CMIG4_2017-05-15_DISTRIBUTION_643
V0,2016,2016-06-30,2017-06-30,HOLDING,CPFE3,02429144000193,CPFL ENERGIA S.A.,Energia,PASS,0.001214778240117986,2.475937347077443,2.6212156273759697,29.865881396042717,0.7394605115184756,CPFE3,CONT_846_CPFE3_2017-01-13
V0,2016,2016-06-30,2017-06-30,HOLDING,CPLE6,76483817000120,CIA PARANAENSE DE ENERGIA - COPEL,Energia,PASS,0.0007485069256839263,2.1650221050122918,1.5837663752230564,-10.265230193057306,-0.22224450281008654,CPLE6,CONT_921_CPLE6_2017-05-02;CONT_922_CPLE6_2017-05-02
V0,2016,2016-06-30,2017-06-30,HOLDING,ENBR3,03983431000103,EDP - ENERGIAS DO BRASIL S.A.,Energia,PASS,0.00229443403592993,3.093420677663402,2.734069453820364,8.41828378016305,0.26041293115994835,ENBR3,CONT_1107_ENBR3_2016-12-29
V0,2016,2016-06-30,2017-06-30,HOLDING,EQTL3,03220438000173,EQUATORIAL S.A.,Energia,PASS,0.0009487962897688522,4.569220562468378,4.214197414564429,13.137016904906629,0.6002592777139404,EQTL3,CONT_1124_EQTL3_2017-04-28;CONT_1125_EQTL3_2016-12-27
V0,2016,2016-06-30,2017-06-30,HOLDING,ITUB4,60872504000123,ITAU UNIBANCO HOLDING S.A.,Bancos,PASS,0.00170870321409486,5.125020006196428,5.854931940796638,40.13875527179589,2.057119237917763,ITUB4,ITUB4_2016-07-01_DISTRIBUTION_264;ITUB4_2016-08-01_DISTRIBUTION_263;ITUB4_2016-08-15_DISTRIBUTION_262;ITUB4_2016-09-01_DISTRIBUTION_261;ITUB4_2016-10-03_DISTRIBUTION_260;ITUB4_2016-10-18_SHARES_663;ITUB4_2016-11-01_DISTRIBUTION_259;ITUB4_2016-12-01_DISTRIBUTION_258;ITUB4_2016-12-23_DISTRIBUTION_257;ITUB4_2017-01-02_DISTRIBUTION_256;ITUB4_2017-02-01_DISTRIBUTION_255;ITUB4_2017-02-21_DISTRIBUTION_254;ITUB4_2017-03-01_DISTRIBUTION_253;ITUB4_2017-04-03_DISTRIBUTION_252;ITUB4_2017-05-02_DISTRIBUTION_251;ITUB4_2017-06-01_DISTRIBUTION_250
V0,2016,2016-06-30,2017-06-30,HOLDING,LIGT3,03378521000175,LIGHT SA,Energia,PASS,0.0011042565374217426,1.231913445573909,1.996945287091557,98.84649511978705,1.2177032638592145,LIGT3,
V0,2016,2016-06-30,2017-06-30,HOLDING,PSSA3,02149205000169,PORTO SEGURO S.A.,Seguros,PASS,0.007734448825715557,20.48044821254791,19.8650952241439,18.98252031074923,3.887705241679384,PSSA3,CONT_2157_PSSA3_2016-12-21;CONT_2158_PSSA3_2016-10-28
V0,2016,2016-06-30,2017-06-30,HOLDING,SBSP3,43776517000180,CIA SANEAMENTO BASICO EST SAO PAULO,Saneamento,PASS,0.004951545589674258,14.253498830035197,13.122317170623436,12.93303920858866,1.843410592284179,SBSP3,CONT_2262_SBSP3_2017-04-11
V0,2016,2016-06-30,2017-06-30,HOLDING,TBLE3,02474103000119,ENGIE BRASIL ENERGIA S.A.,Energia,PASS,0.0007512287495366925,2.8488570137575153,2.1854260033077004,-5.898309875873031,-0.16803441459196097,TBLE3,TBLE3_2016-08-09_DISTRIBUTION_365;TBLE3_2016-11-11_DISTRIBUTION_364;TBLE3_2017-05-30_DISTRIBUTION_363
V0,2016,2016-06-30,2017-06-30,HOLDING,TIMP3,02558115000121,TIM PARTICIPACOES S.A.,Telecom,PASS,0.00913869699431443,6.187663388709766,7.262155983003318,43.969621421976,2.720692166881895,TIMP3,TIMP_GROSS_2017-04-20
V0,2016,2016-06-30,2017-06-30,HOLDING,TRPL4,02998611000104,CTEEP - CIA TRANSMISSÃO ENERGIA ELÉTRICA PAULISTA,Energia,PASS,0.0009080728740333153,5.618068370726377,4.852216969569495,5.946145719436324,0.33405853194095225,TRPL4,CONT_1395_TRPL4_2017-06-02;CONT_1396_TRPL4_2016-12-05
V0,2016,2016-06-30,2017-06-30,HOLDING,VIVT4,02558157000162,TELEFÔNICA BRASIL S.A,Telecom,PASS,0.002923556221219831,12.733577228356344,11.143697692326816,7.3521792528448815,0.9361954231281958,VIVT4,CONT_2787_VIVT4_2017-04-27;CONT_2788_VIVT4_2017-04-03;CONT_2789_VIVT4_2017-03-01;CONT_2790_VIVT4_2017-01-02;CONT_2791_VIVT4_2016-10-03;CONT_2792_VIVT4_2016-07-01
V0,2016,2016-06-30,2017-06-30,NUMERICAL_RESIDUAL,,,,,,,,,,-1.85E-15,,
V0,2017,2017-06-30,2018-06-29,HOLDING,ABCB4,28195667000106,BCO ABC BRASIL S.A.,Bancos,PASS,0.003856167456664546,5.22469462639592,4.542994251827922,-4.17661998779254,-0.2182156400671747,ABCB4,CONT_21_ABCB4_2018-01-02;CONT_22_ABCB4_2017-07-03
V0,2017,2017-06-30,2018-06-29,HOLDING,BBAS3,00000000000191,BCO BRASIL S.A.,Bancos,PASS,0.0020064732662663123,4.339328234995068,4.360350304891663,10.736065666006,0.46587312877260956,BBAS3,CONT_225_BBAS3_2018-06-12;CONT_226_BBAS3_2018-05-22;CONT_227_BBAS3_2018-03-13;CONT_228_BBAS3_2018-03-02;CONT_229_BBAS3_2018-03-02;CONT_230_BBAS3_2017-12-12;CONT_231_BBAS3_2017-11-22;CONT_232_BBAS3_2017-09-12;CONT_233_BBAS3_2017-08-22;CONT_234_BBAS3_2017-08-22
V0,2017,2017-06-30,2018-06-29,HOLDING,BBDC4,60746948000112,BCO BRADESCO S.A.,Bancos,PASS,0.002151724643945038,4.88786748935293,4.838240467435232,9.083292096946849,0.44397928136962944,BBDC4,BBDC4_2017-07-03_DISTRIBUTION_629;BBDC4_2017-07-04_DISTRIBUTION_630;BBDC4_2017-08-02_DISTRIBUTION_631;BBDC4_2017-09-04_DISTRIBUTION_632;BBDC4_2017-10-03_DISTRIBUTION_633;BBDC4_2017-11-03_DISTRIBUTION_634;BBDC4_2017-12-04_DISTRIBUTION_635;BBDC4_2017-12-26_DISTRIBUTION_636;BBDC4_2018-01-03_DISTRIBUTION_609;BBDC4_2018-02-02_DISTRIBUTION_610;BBDC4_2018-03-02_DISTRIBUTION_611;BBDC4_2018-04-02_SHARES_670;BBDC4_2018-04-03_DISTRIBUTION_612;BBDC4_2018-05-03_DISTRIBUTION_613;BBDC4_2018-06-04_DISTRIBUTION_614
V0,2017,2017-06-30,2018-06-29,HOLDING,BRSR6,92702067000196,BCO ESTADO DO RIO GRANDE DO SUL S.A.,Bancos,PASS,0.004893571842889924,5.188904340199566,5.638461600780679,19.74990377631012,1.0248036142341934,BRSR6,CONT_681_BRSR6_2018-05-15;CONT_682_BRSR6_2018-05-04;CONT_683_BRSR6_2018-02-27;CONT_684_BRSR6_2018-01-05;CONT_685_BRSR6_2017-11-14;CONT_686_BRSR6_2017-08-15
V0,2017,2017-06-30,2018-06-29,HOLDING,CMIG4,17155730000164,CIA ENERGETICA DE MINAS GERAIS - CEMIG,Energia,PASS,0.0016572437631532481,1.0805679561977424,0.9664577735579623,-1.4353896531342336,-0.015510360638346408,CMIG4,CMIG2_2017-10-30_RIGHT_REINVEST_685;CMIG4_2017-10-27_RIGHT_684;CMIG4_2018-05-02_DISTRIBUTION_644
V0,2017,2017-06-30,2018-06-29,HOLDING,CPFE3,02429144000193,CPFL ENERGIA S.A.,Energia,PASS,0.001125230737251938,2.40716380887222,1.8058371247536338,-17.327105695934165,-0.4170918174375643,CPFE3,CONT_845_CPFE3_2018-04-30
V0,2017,2017-06-30,2018-06-29,HOLDING,CPLE6,76483817000120,CIA PARANAENSE DE ENERGIA - COPEL,Energia,PASS,0.000734754299888845,1.4544339886917892,1.2343568125544369,-6.473019468120167,-0.09414579523897613,CPLE6,CONT_919_CPLE6_2018-06-18;CONT_920_CPLE6_2018-01-02
V0,2017,2017-06-30,2018-06-29,HOLDING,ENBR3,03983431000103,EDP - ENERGIAS DO BRASIL S.A.,Energia,PASS,0.00219268231374808,2.5108018476022282,2.326031243552763,2.0923768037549584,0.05253543544747979,ENBR3,CONT_1105_ENBR3_2018-04-10;CONT_1106_ENBR3_2017-12-27
V0,2017,2017-06-30,2018-06-29,HOLDING,EQTL3,03220438000173,EQUATORIAL S.A.,Energia,PASS,0.0008851654250886848,3.870060667209409,3.7435828953430255,6.600659503261341,0.2554495272121372,EQTL3,CONT_1122_EQTL3_2018-04-30;CONT_1123_EQTL3_2018-01-04
V0,2017,2017-06-30,2018-06-29,HOLDING,ITUB4,60872504000123,ITAU UNIBANCO HOLDING S.A.,Bancos,PASS,0.0018130637463066785,5.3768107148836775,5.677290160734553,16.360761204967922,0.8796871615052467,ITUB4,ITUB4_2017-07-03_DISTRIBUTION_249;ITUB4_2017-08-01_DISTRIBUTION_248;ITUB4_2017-08-15_DISTRIBUTION_247;ITUB4_2017-09-01_DISTRIBUTION_246;ITUB4_2017-10-02_DISTRIBUTION_245;ITUB4_2017-11-01_DISTRIBUTION_244;ITUB4_2017-12-01_DISTRIBUTION_243;ITUB4_2017-12-15_DISTRIBUTION_242;ITUB4_2018-01-02_DISTRIBUTION_241;ITUB4_2018-02-01_DISTRIBUTION_240;ITUB4_2018-02-16_DISTRIBUTION_238;ITUB4_2018-02-16_DISTRIBUTION_239;ITUB4_2018-03-01_DISTRIBUTION_237;ITUB4_2018-04-02_DISTRIBUTION_236;ITUB4_2018-05-02_DISTRIBUTION_235;ITUB4_2018-06-01_DISTRIBUTION_234
V0,2017,2017-06-30,2018-06-29,HOLDING,PSSA3,02149205000169,PORTO SEGURO S.A.,Seguros,PASS,0.007385431728662105,18.24288615707265,24.34868999807927,47.08631336048399,8.589902541915583,PSSA3,CONT_2152_PSSA3_2018-06-28;CONT_2153_PSSA3_2018-05-29;CONT_2154_PSSA3_2018-04-02;CONT_2155_PSSA3_2017-10-31;CONT_2156_PSSA3_2017-07-03
V0,2017,2017-06-30,2018-06-29,HOLDING,SAPR4,76484013000145,CIA SANEAMENTO DO PARANA - SANEPAR,Saneamento,PASS,0.011368918980599631,10.0,7.934619933796085,-12.558753630225928,-1.255875363022593,SAPR4,CONT_2239_SAPR4_2018-04-27;CONT_2240_SAPR4_2018-01-02;CONT_2241_SAPR4_2017-07-03
V0,2017,2017-06-30,2018-06-29,HOLDING,SBSP3,43776517000180,CIA SANEAMENTO BASICO EST SAO PAULO,Saneamento,PASS,0.004716807868266331,12.05073197785286,8.279785990923397,-24.282564786407345,-2.9262267997584277,SBSP3,CONT_2261_SBSP3_2018-04-30
V0,2017,2017-06-30,2018-06-29,HOLDING,TBLE3,02474103000119,ENGIE BRASIL ENERGIA S.A.,Energia,PASS,0.0007332107586527063,2.006961322520759,2.001632176940356,9.909563016693701,0.19888109697586376,TBLE3,TBLE3_2017-08-10_DISTRIBUTION_362;TBLE3_2017-11-10_DISTRIBUTION_361;TBLE3_2018-04-24_DISTRIBUTION_360
V0,2017,2017-06-30,2018-06-29,HOLDING,TIMP3,02558115000121,TIM PARTICIPACOES S.A.,Telecom,PASS,0.00844172979978124,6.6691190431252,8.281410187526019,36.844087191203066,2.4571760351341765,TIMP3,TIMP_GROSS_2017-11-16;TIMP_GROSS_2018-04-20;TIMP_GROSS_2018-05-14
V0,2017,2017-06-30,2018-06-29,HOLDING,TRPL4,02998611000104,CTEEP - CIA TRANSMISSÃO ENERGIA ELÉTRICA PAULISTA,Energia,PASS,0.0008561090025313315,4.45597872985213,4.067341828196448,0.5906869920383695,0.026320886725232768,TRPL4,CONT_1392_TRPL4_2018-06-06;CONT_1393_TRPL4_2018-04-18;CONT_1394_TRPL4_2017-11-21
V0,2017,2017-06-30,2018-06-29,HOLDING,VIVT4,02558157000162,TELEFÔNICA BRASIL S.A,Telecom,PASS,0.002824434757089381,10.233689095175851,9.952917249106546,7.178675268417867,0.7346433081221645,VIVT4,CONT_2783_VIVT4_2018-04-13;CONT_2784_VIVT4_2017-12-27;CONT_2785_VIVT4_2017-10-02;CONT_2786_VIVT4_2017-07-03
V0,2017,2017-06-30,2018-06-29,NUMERICAL_RESIDUAL,,,,,,,,,,9.620E-15,,
V0,2018,2018-06-29,2019-06-28,HOLDING,ABCB4,28195667000106,BCO ABC BRASIL S.A.,Bancos,PASS,0.003705163048981208,4.088694826645131,3.676038622084013,36.32443472632194,1.4851952834632127,ABCB4,CONT_19_ABCB4_2019-01-02;CONT_20_ABCB4_2018-07-02
V0,2018,2018-06-29,2019-06-28,HOLDING,BBAS3,00000000000191,BCO BRASIL S.A.,Bancos,PASS,0.0018705750797671514,3.924315274402497,5.122700607497674,97.93081845470799,3.843114066965485,BBAS3,CONT_215_BBAS3_2019-06-12;CONT_216_BBAS3_2019-05-22;CONT_217_BBAS3_2019-03-12;CONT_218_BBAS3_2019-02-22;CONT_219_BBAS3_2019-02-22;CONT_220_BBAS3_2018-12-12;CONT_221_BBAS3_2018-11-22;CONT_222_BBAS3_2018-09-12;CONT_223_BBAS3_2018-08-22;CONT_224_BBAS3_2018-08-22
V0,2018,2018-06-29,2019-06-28,HOLDING,BBDC4,60746948000112,BCO BRADESCO S.A.,Bancos,PASS,0.002210617271680429,4.354416420691709,4.999116528517221,74.07709790268066,3.2256253150462,BBDC4,BBDC4_2018-07-02_DISTRIBUTION_615;BBDC4_2018-07-03_DISTRIBUTION_616;BBDC4_2018-08-02_DISTRIBUTION_617;BBDC4_2018-09-04_DISTRIBUTION_618;BBDC4_2018-10-02_DISTRIBUTION_619;BBDC4_2018-11-05_DISTRIBUTION_620;BBDC4_2018-12-04_DISTRIBUTION_621;BBDC4_2018-12-26_DISTRIBUTION_622;BBDC4_2019-01-03_DISTRIBUTION_594;BBDC4_2019-02-04_DISTRIBUTION_595;BBDC4_2019-03-06_DISTRIBUTION_596;BBDC4_2019-04-01_SHARES_671;BBDC4_2019-04-02_DISTRIBUTION_597;BBDC4_2019-05-03_DISTRIBUTION_598;BBDC4_2019-06-04_DISTRIBUTION_600
V0,2018,2018-06-29,2019-06-28,HOLDING,BBSE3,17344597000194,BB SEGURIDADE PARTICIPAÇÕES S.A.,Seguros,PASS,0.0055831516855245015,10.000000000000002,9.170309597065716,39.047227802896664,3.904722780289668,BBSE3,CONT_269_BBSE3_2019-02-15;CONT_270_BBSE3_2018-12-12;CONT_271_BBSE3_2018-08-10
V0,2018,2018-06-29,2019-06-28,HOLDING,BRSR6,92702067000196,BCO ESTADO DO RIO GRANDE DO SUL S.A.,Bancos,PASS,0.004698367633851298,5.074615440702611,5.729490315986246,71.19504473621083,3.612874733198887,BRSR6,CONT_673_BRSR6_2019-06-06;CONT_674_BRSR6_2019-05-17;CONT_675_BRSR6_2019-05-02;CONT_676_BRSR6_2019-03-08;CONT_677_BRSR6_2018-12-27;CONT_678_BRSR6_2018-12-07;CONT_679_BRSR6_2018-10-30;CONT_680_BRSR6_2018-08-16
V0,2018,2018-06-29,2019-06-28,HOLDING,CMIG4,17155730000164,CIA ENERGETICA DE MINAS GERAIS - CEMIG,Energia,PASS,0.0016271905475108036,0.869811996202166,1.2176256357570323,112.25929955269294,0.9764448543618477,CMIG4,CMIG4_2018-12-26_DISTRIBUTION_645;CMIG4_2019-05-06_DISTRIBUTION_646
V0,2018,2018-06-29,2019-06-28,HOLDING,CPFE3,02429144000193,CPFL ENERGIA S.A.,Energia,PASS,0.0010242313271201532,1.6252534122782702,1.5294325302769496,42.688040296807664,0.6937888315585897,CPFE3,CONT_844_CPFE3_2019-05-02
V0,2018,2018-06-29,2019-06-28,HOLDING,CPLE6,76483817000120,CIA PARANAENSE DE ENERGIA - COPEL,Energia,PASS,0.0006921154718366913,1.1109211312989933,1.6969270921390391,131.61052570988267,1.4620891411247807,CPLE6,CONT_917_CPLE6_2019-04-30;CONT_918_CPLE6_2018-12-28
V0,2018,2018-06-29,2019-06-28,HOLDING,ENBR3,03983431000103,EDP - ENERGIAS DO BRASIL S.A.,Energia,PASS,0.002061187367484831,2.0934281191974864,1.9845343148356103,43.74041554650327,0.9156741585043287,ENBR3,CONT_1103_ENBR3_2019-04-17;CONT_1104_ENBR3_2019-01-02
V0,2018,2018-06-29,2019-06-28,HOLDING,EQTL3,03220438000173,EQUATORIAL S.A.,Energia,PASS,0.0008103459302939429,3.3692246058087227,3.6346002427057362,63.570516180954975,2.1418334732083504,EQTL3,CONT_1121_EQTL3_2019-05-02
V0,2018,2018-06-29,2019-06-28,HOLDING,ITUB4,60872504000123,ITAU UNIBANCO HOLDING S.A.,Bancos,PASS,0.0017297509848100915,5.109561144661098,4.874649523220344,44.656559744157256,2.2817542252298284,ITUB4,ITUB4_2018-07-02_DISTRIBUTION_233;ITUB4_2018-08-01_DISTRIBUTION_232;ITUB4_2018-08-20_DISTRIBUTION_230;ITUB4_2018-08-20_DISTRIBUTION_231;ITUB4_2018-09-03_DISTRIBUTION_229;ITUB4_2018-10-01_DISTRIBUTION_228;ITUB4_2018-11-01_DISTRIBUTION_227;ITUB4_2018-11-21_SHARES_664;ITUB4_2018-12-03_DISTRIBUTION_226;ITUB4_2018-12-18_DISTRIBUTION_225;ITUB4_2019-01-02_DISTRIBUTION_224;ITUB4_2019-02-01_DISTRIBUTION_223;ITUB4_2019-02-22_DISTRIBUTION_221;ITUB4_2019-02-22_DISTRIBUTION_222;ITUB4_2019-03-01_DISTRIBUTION_220;ITUB4_2019-04-01_DISTRIBUTION_219;ITUB4_2019-05-02_DISTRIBUTION_218;ITUB4_2019-06-03_DISTRIBUTION_217
V0,2018,2018-06-29,2019-06-28,HOLDING,PSSA3,02149205000169,PORTO SEGURO S.A.,Seguros,PASS,0.00735653059312296,21.913820998271344,19.486881034062616,34.834975533101776,7.63367418311554,PSSA3,CONT_2148_PSSA3_2019-06-26;CONT_2149_PSSA3_2019-04-01;CONT_2150_PSSA3_2018-11-27;CONT_2151_PSSA3_2018-11-07
V0,2018,2018-06-29,2019-06-28,HOLDING,SAPR4,76484013000145,CIA SANEAMENTO DO PARANA - SANEPAR,Saneamento,PASS,0.010859958898389102,7.141157940416477,8.35521788072555,77.40566254246724,5.527660616983381,SAPR4,CONT_2236_SAPR4_2019-04-25;CONT_2237_SAPR4_2019-01-02;CONT_2238_SAPR4_2018-07-03
V0,2018,2018-06-29,2019-06-28,HOLDING,SBSP3,43776517000180,CIA SANEAMENTO BASICO EST SAO PAULO,Saneamento,PASS,0.004369462458813606,7.451807391831058,10.22066139683783,107.96761736842586,8.045538891844233,SBSP3,CONT_2260_SBSP3_2019-04-30
V0,2018,2018-06-29,2019-06-28,HOLDING,TBLE3,02474103000119,ENGIE BRASIL ENERGIA S.A.,Energia,PASS,0.000718713436165751,1.8014689592463204,2.063610692126489,73.69180277083038,1.3275349524255293,TBLE3,TBLE3_2018-08-21_DISTRIBUTION_359;TBLE3_2018-11-13_DISTRIBUTION_358;TBLE3_2018-12-12_SHARES_675;TBLE3_2018-12-27_DISTRIBUTION_357;TBLE3_2019-05-07_DISTRIBUTION_356
V0,2018,2018-06-29,2019-06-28,HOLDING,TIMP3,02558115000121,TIM PARTICIPACOES S.A.,Telecom,PASS,0.007722666408221416,7.453269168773415,4.429146538563165,-9.894442070852472,-0.7374594002889935,TIMP3,TIMP_GROSS_2018-07-26;TIMP_GROSS_2019-01-03
V0,2018,2018-06-29,2019-06-28,HOLDING,TRPL4,02998611000104,CTEEP - CIA TRANSMISSÃO ENERGIA ELÉTRICA PAULISTA,Energia,PASS,0.0008619083114668215,3.6606076453768033,4.58328117668543,89.84608936677114,3.2889128164320995,TRPL4,CONT_1390_TRPL4_2018-12-07;CONT_1391_TRPL4_2018-12-07;CONT_2635_TRPL4_2019-04-05
V0,2018,2018-06-29,2019-06-28,HOLDING,VIVT4,02558157000162,TELEFÔNICA BRASIL S.A,Telecom,PASS,0.0026744385412968636,8.957625524195892,7.225776270913347,22.312246953066595,1.9986475280895144,VIVT4,CONT_2777_VIVT4_2019-05-02;CONT_2778_VIVT4_2019-04-12;CONT_2779_VIVT4_2019-03-01;CONT_2780_VIVT4_2018-12-18;CONT_2781_VIVT4_2018-09-18;CONT_2782_VIVT4_2018-07-02
V0,2018,2018-06-29,2019-06-28,NUMERICAL_RESIDUAL,,,,,,,,,,-2.0E-15,,
V0,2019,2019-06-28,2020-06-30,HOLDING,ABCB4,28195667000106,BCO ABC BRASIL S.A.,Bancos,PASS,0.0036963890530528174,3.430969380611745,2.807434530522308,-22.74609922178128,-0.7804116995828821,ABCB4,CONT_17_ABCB4_2020-01-02;CONT_18_ABCB4_2019-07-05
V0,2019,2019-06-28,2020-06-30,HOLDING,BBAS3,00000000000191,BCO BRASIL S.A.,Bancos,PASS,0.001835435069952891,4.781187233664496,3.1452985886177713,-37.89111234558391,-1.8116450261605295,BBAS3,CONT_207_BBAS3_2020-03-12;CONT_208_BBAS3_2020-02-26;CONT_209_BBAS3_2020-02-26;CONT_210_BBAS3_2019-12-12;CONT_211_BBAS3_2019-11-22;CONT_212_BBAS3_2019-09-12;CONT_213_BBAS3_2019-08-22;CONT_214_BBAS3_2019-08-22
V0,2019,2019-06-28,2020-06-30,HOLDING,BBDC4,60746948000112,BCO BRADESCO S.A.,Bancos,PASS,0.002560014100921053,4.665842093282739,3.1685905988598004,-35.88439938793194,-1.6743094115638224,BBDC4,BBDC4_2019-07-01_DISTRIBUTION_599;BBDC4_2019-07-02_DISTRIBUTION_601;BBDC4_2019-08-02_DISTRIBUTION_602;BBDC4_2019-09-03_DISTRIBUTION_603;BBDC4_2019-10-02_DISTRIBUTION_605;BBDC4_2019-10-18_DISTRIBUTION_604;BBDC4_2019-11-04_DISTRIBUTION_606;BBDC4_2019-12-03_DISTRIBUTION_607;BBDC4_2019-12-20_DISTRIBUTION_608;BBDC4_2020-01-03_DISTRIBUTION_580;BBDC4_2020-02-04_DISTRIBUTION_582;BBDC4_2020-02-18_DISTRIBUTION_581;BBDC4_2020-03-03_DISTRIBUTION_583;BBDC4_2020-04-02_DISTRIBUTION_584;BBDC4_2020-04-14_SHARES_672;BBDC4_2020-05-05_DISTRIBUTION_585;BBDC4_2020-06-02_DISTRIBUTION_586
V0,2019,2019-06-28,2020-06-30,HOLDING,BBSE3,17344597000194,BB SEGURIDADE PARTICIPAÇÕES S.A.,Seguros,PASS,0.0054734120847934374,8.558955623928,8.05716818887593,-11.123022436216988,-0.952014554355367,BBSE3,CONT_267_BBSE3_2020-02-14;CONT_268_BBSE3_2019-08-12
V0,2019,2019-06-28,2020-06-30,HOLDING,BRSR6,92702067000196,BCO ESTADO DO RIO GRANDE DO SUL S.A.,Bancos,PASS,0.004662333856142759,5.347524294920496,3.40425846157613,-39.89682954953493,-2.1334926530644003,BRSR6,CONT_669_BRSR6_2020-06-10;CONT_670_BRSR6_2020-03-11;CONT_671_BRSR6_2019-11-12;CONT_672_BRSR6_2019-08-13
V0,2019,2019-06-28,2020-06-30,HOLDING,CMIG4,17155730000164,CIA ENERGETICA DE MINAS GERAIS - CEMIG,Energia,PASS,0.0015846681258010371,1.13645059337323,0.9111590299667632,-24.304293591723624,-0.27620628873831504,CMIG4,CMIG4_2019-12-26_DISTRIBUTION_647
V0,2019,2019-06-28,2020-06-30,HOLDING,CPFE3,02429144000193,CPFL ENERGIA S.A.,Energia,PASS,0.0009713580952782888,1.4274703615918196,1.5233850018801625,0.7558330594807705,0.010789292907200666,CPFE3,
V0,2019,2019-06-28,2020-06-30,HOLDING,CPLE6,76483817000120,CIA PARANAENSE DE ENERGIA - COPEL,Energia,PASS,0.0006748044024116058,1.5837986193297697,2.176774251441982,29.760064883237835,0.47133949673236447,CPLE6,CONT_916_CPLE6_2019-12-26
V0,2019,2019-06-28,2020-06-30,HOLDING,ENBR3,03983431000103,EDP - ENERGIAS DO BRASIL S.A.,Energia,PASS,0.0020293072253663347,1.8522320271799029,1.8635019663079375,-5.013455595010907,-0.09286083019923483,ENBR3,CONT_1101_ENBR3_2020-04-01;CONT_1102_ENBR3_2020-01-02
V0,2019,2019-06-28,2020-06-30,HOLDING,EQTL3,03220438000173,EQUATORIAL S.A.,Energia,PASS,0.0007651823839939598,3.3922935598586874,4.544178096252277,26.470588235294112,0.8979600599625932,EQTL3,CONT_1110_EQTL3_2019-11-28
V0,2019,2019-06-28,2020-06-30,HOLDING,IRBR3,33376989000191,IRB - BRASIL RESSEGUROS S.A.,Seguros,PASS,0.001401479427022083,6.666666666666666,2.379393068884126,-66.30347828408134,-4.420231885605421,IRBR3,CONT_1354_IRBR3_2019-11-19;IRBR_SPLIT_20190926
V0,2019,2019-06-28,2020-06-30,HOLDING,ITUB4,60872504000123,ITAU UNIBANCO HOLDING S.A.,Bancos,PASS,0.002598164171978871,4.549672888338988,3.591211753528211,-25.47732024524607,-1.1591347318732608,ITUB4,ITUB4_2019-07-01_DISTRIBUTION_216;ITUB4_2019-08-01_DISTRIBUTION_215;ITUB4_2019-08-16_DISTRIBUTION_214;ITUB4_2019-09-02_DISTRIBUTION_213;ITUB4_2019-10-01_DISTRIBUTION_212;ITUB4_2019-11-01_DISTRIBUTION_211;ITUB4_2019-12-02_DISTRIBUTION_210;ITUB4_2019-12-13_DISTRIBUTION_209;ITUB4_2020-01-02_DISTRIBUTION_208;ITUB4_2020-02-03_DISTRIBUTION_207;ITUB4_2020-02-21_DISTRIBUTION_205;ITUB4_2020-02-21_DISTRIBUTION_206;ITUB4_2020-03-02_DISTRIBUTION_204;ITUB4_2020-04-01_DISTRIBUTION_203;ITUB4_2020-05-04_DISTRIBUTION_202;ITUB4_2020-06-01_DISTRIBUTION_201
V0,2019,2019-06-28,2020-06-30,HOLDING,PSSA3,02149205000169,PORTO SEGURO S.A.,Seguros,PASS,0.007287370025600702,18.187755631791774,19.673824889711454,2.126233140189049,0.3867140876997557,PSSA3,CONT_2145_PSSA3_2020-06-30;CONT_2146_PSSA3_2020-04-01;CONT_2147_PSSA3_2019-10-30
V0,2019,2019-06-28,2020-06-30,HOLDING,SAPR4,76484013000145,CIA SANEAMENTO DO PARANA - SANEPAR,Saneamento,PASS,0.010984781884382908,7.7982033553438495,11.017760064303602,33.390953409207505,2.603894449138121,SAPR4,CONT_2193_SAPR4_2020-03-30;CONT_2234_SAPR4_2020-01-02;CONT_2235_SAPR4_2019-07-01
V0,2019,2019-06-28,2020-06-30,HOLDING,SBSP3,43776517000180,CIA SANEAMENTO BASICO EST SAO PAULO,Saneamento,PASS,0.004178730774122074,9.539283970381975,12.745090662264177,26.14056569458889,2.4936227930710877,SBSP3,CONT_2259_SBSP3_2020-04-29
V0,2019,2019-06-28,2020-06-30,HOLDING,TBLE3,02474103000119,ENGIE BRASIL ENERGIA S.A.,Energia,PASS,0.0009174641904805495,1.9260366459847238,2.0409455128123914,0.04479229173142141,0.0008627159533233581,TBLE3,TBLE3_2019-12-03_DISTRIBUTION_354;TBLE3_2019-12-03_DISTRIBUTION_355
V0,2019,2019-06-28,2020-06-30,HOLDING,TIMP3,02558115000121,TIM PARTICIPACOES S.A.,Telecom,PASS,0.0073602290124445205,4.133870102658954,5.522603471975498,26.128914538565674,1.080135386259075,TIMP3,TIMP_GROSS_2019-08-12;TIMP_GROSS_2019-10-08;TIMP_GROSS_2020-01-20
V0,2019,2019-06-28,2020-06-30,HOLDING,TRPL4,02998611000104,CTEEP - CIA TRANSMISSÃO ENERGIA ELÉTRICA PAULISTA,Energia,PASS,0.003580369089939389,4.2777290982397345,4.134297978956072,-8.753520024254213,-0.37445187319776446,TRPL4,CONT_1385_TRPL4_2020-04-17;CONT_1386_TRPL4_2019-12-16;CONT_1387_TRPL4_2019-11-11;CONT_1388_TRPL4_2019-11-11;CONT_1389_TRPL4_2019-08-05
V0,2019,2019-06-28,2020-06-30,HOLDING,VIVT4,02558157000162,TELEFÔNICA BRASIL S.A,Telecom,PASS,0.0027980014407097227,6.744057852852456,7.2931238832634,2.0986326713086756,0.14153300147191986,VIVT4,CONT_2771_VIVT4_2020-05-29;CONT_2772_VIVT4_2020-04-01;CONT_2773_VIVT4_2020-03-02;CONT_2774_VIVT4_2020-01-02;CONT_2775_VIVT4_2020-01-02;CONT_2776_VIVT4_2019-07-01
V0,2019,2019-06-28,2020-06-30,NUMERICAL_RESIDUAL,,,,,,,,,,3.4759E-15,,
V0,2020,2020-06-30,2021-06-30,HOLDING,ABCB4,28195667000106,BCO ABC BRASIL S.A.,Bancos,PASS,0.003562527446603745,2.565777750909003,3.0772560054784837,18.275552043439113,0.4689100481863567,ABCB4,CONT_14_ABCB4_2021-04-01;CONT_15_ABCB4_2021-01-07;CONT_16_ABCB4_2020-08-13
V0,2020,2020-06-30,2021-06-30,HOLDING,BBAS3,00000000000191,BCO BRASIL S.A.,Bancos,PASS,0.0017479626127869757,2.874559335543815,3.0973264743970272,6.259091333784639,0.1799212942555203,BBAS3,CONT_196_BBAS3_2021-06-14;CONT_197_BBAS3_2021-05-24;CONT_198_BBAS3_2021-05-24;CONT_199_BBAS3_2021-03-12;CONT_200_BBAS3_2021-02-23;CONT_201_BBAS3_2021-02-23;CONT_202_BBAS3_2020-12-14;CONT_203_BBAS3_2020-11-17;CONT_204_BBAS3_2020-09-14;CONT_205_BBAS3_2020-08-24;CONT_206_BBAS3_2020-08-24
V0,2020,2020-06-30,2021-06-30,HOLDING,BBDC4,60746948000112,BCO BRADESCO S.A.,Bancos,PASS,0.0027349350707195005,2.89584642915302,4.119278318047116,40.280078344661405,1.1664492104039161,BBDC4,BBDC4_2020-07-02_DISTRIBUTION_587;BBDC4_2020-08-04_DISTRIBUTION_588;BBDC4_2020-09-02_DISTRIBUTION_589;BBDC4_2020-10-02_DISTRIBUTION_590;BBDC4_2020-11-04_DISTRIBUTION_591;BBDC4_2020-12-02_DISTRIBUTION_592;BBDC4_2020-12-29_DISTRIBUTION_593;BBDC4_2021-01-05_DISTRIBUTION_564;BBDC4_2021-02-02_DISTRIBUTION_565;BBDC4_2021-02-18_DISTRIBUTION_566;BBDC4_2021-03-02_DISTRIBUTION_567;BBDC4_2021-04-05_DISTRIBUTION_568;BBDC4_2021-04-19_SHARES_673;BBDC4_2021-05-04_DISTRIBUTION_569;BBDC4_2021-06-02_DISTRIBUTION_570
V0,2020,2020-06-30,2021-06-30,HOLDING,BBSE3,17344597000194,BB SEGURIDADE PARTICIPAÇÕES S.A.,Seguros,PASS,0.005278961904201482,7.3636277710467475,6.64007869805026,-11.073379016302564,-0.8154024124377187,BBSE3,CONT_2558_BBSE3_2021-02-12;CONT_2559_BBSE3_2020-08-13
V0,2020,2020-06-30,2021-06-30,HOLDING,BRSR6,92702067000196,BCO ESTADO DO RIO GRANDE DO SUL S.A.,Bancos,PASS,0.004488843526177307,3.1112286053668816,3.265805754110274,3.5163183248104746,0.10940070157726105,BRSR6,CONT_663_BRSR6_2021-06-04;CONT_664_BRSR6_2021-05-03;CONT_665_BRSR6_2021-03-08;CONT_666_BRSR6_2021-01-04;CONT_667_BRSR6_2020-12-30;CONT_668_BRSR6_2020-12-11
V0,2020,2020-06-30,2021-06-30,HOLDING,CMIG4,17155730000164,CIA ENERGETICA DE MINAS GERAIS - CEMIG,Energia,PASS,0.0014772834263918895,0.8327287925013909,1.1841543435280777,40.234581216260956,0.3350449423301613,CMIG4,CMIG4_2020-08-03_DISTRIBUTION_648;CMIG4_2020-08-03_SHARES_677;CMIG4_2020-09-28_DISTRIBUTION_649;CMIG4_2021-01-04_DISTRIBUTION_650;CMIG4_2021-05-03_DISTRIBUTION_651;CMIG4_2021-05-03_SHARES_678
V0,2020,2020-06-30,2021-06-30,HOLDING,COCE5,07047251000170,CIA ENERGETICA DO CEARA - COELCE,Energia,PASS,0.0007623083347083347,2.2222222222222228,2.5043069743322963,11.134901126182829,0.2474422472485072,COCE5,CONT_827_COCE5_2021-04-27
V0,2020,2020-06-30,2021-06-30,HOLDING,CPLE6,76483817000120,CIA PARANAENSE DE ENERGIA - COPEL,Energia,PASS,0.0006394671102367693,1.98940309466891,2.109032809239959,4.546846478379929,0.0904551045507346,CPLE6,CONT_912_CPLE6_2021-04-30;CONT_913_CPLE6_2021-04-01;CONT_914_CPLE6_2021-04-01;CONT_915_CPLE6_2020-12-29;CPLE6_SPLIT_20210312
V0,2020,2020-06-30,2021-06-30,HOLDING,ENBR3,03983431000103,EDP - ENERGIAS DO BRASIL S.A.,Energia,PASS,0.0019113179617416694,1.7030964861141549,1.8460163561176215,6.892364133693185,0.11738361137112106,ENBR3,CONT_2385_ENBR3_2021-01-05;CONT_2386_ENBR3_2021-04-12
V0,2020,2020-06-30,2021-06-30,HOLDING,EQTL3,03220438000173,EQUATORIAL S.A.,Energia,PASS,0.003496587213155692,4.153026875167402,4.695388683965398,11.495463714877484,0.477409697503979,EQTL3,CONT_1119_EQTL3_2021-05-03;CONT_1120_EQTL3_2020-07-20
V0,2020,2020-06-30,2021-06-30,HOLDING,IRBR3,33376989000191,IRB - BRASIL RESSEGUROS S.A.,Seguros,INDETERMINATE,0.003864779701239966,2.1745810028468173,1.2691894176747656,-42.44258996664328,-0.9229484985307942,IRBR3,CONT_1352_IRBR3_2020-08-17;CONT_1353_IRBR3_2020-08-17;IRBR_RIGHT_20200714
V0,2020,2020-06-30,2021-06-30,HOLDING,ITUB4,60872504000123,ITAU UNIBANCO HOLDING S.A.,Bancos,PASS,0.0025211835427588944,3.282089436397767,3.991382130999226,19.92874473784674,0.6540792258475432,ITUB4,ITUB4_2020-07-01_DISTRIBUTION_200;ITUB4_2020-08-03_DISTRIBUTION_199;ITUB4_2020-08-18_DISTRIBUTION_198;ITUB4_2020-09-01_DISTRIBUTION_197;ITUB4_2020-10-01_DISTRIBUTION_196;ITUB4_2020-11-03_DISTRIBUTION_195;ITUB4_2020-12-01_DISTRIBUTION_194;ITUB4_2020-12-11_DISTRIBUTION_193;ITUB4_2021-01-04_DISTRIBUTION_192;ITUB4_2021-01-26_DISTRIBUTION_191;ITUB4_2021-02-01_DISTRIBUTION_190;ITUB4_2021-02-26_DISTRIBUTION_188;ITUB4_2021-02-26_DISTRIBUTION_189;ITUB4_2021-03-01_DISTRIBUTION_187;ITUB4_2021-03-26_DISTRIBUTION_186;ITUB4_2021-04-01_DISTRIBUTION_185;ITUB4_2021-04-28_DISTRIBUTION_184;ITUB4_2021-05-03_DISTRIBUTION_183;ITUB4_2021-05-25_DISTRIBUTION_182;ITUB4_2021-06-01_DISTRIBUTION_181
V0,2020,2020-06-30,2021-06-30,HOLDING,NEOE3,01083200000118,NEOENERGIA S.A.,Energia,PASS,0.00227217322149728,2.2222222222222228,2.0944875486573804,-7.05186344333012,-0.156708076518447,NEOE3,CONT_2056_NEOE3_2021-04-13;CONT_2057_NEOE3_2021-01-07
V0,2020,2020-06-30,2021-06-30,HOLDING,PSSA3,02149205000169,PORTO SEGURO S.A.,Seguros,PASS,0.006971676017146597,17.980352392370893,20.277399612042096,11.215277952143389,2.01654649757926,PSSA3,CONT_2735_PSSA3_2020-11-03;CONT_2742_PSSA3_2021-04-01;CONT_2743_PSSA3_2021-04-01;CONT_2744_PSSA3_2021-04-01
V0,2020,2020-06-30,2021-06-30,HOLDING,SANB4,90400888000142,BCO SANTANDER (BRASIL) S.A.,Bancos,PASS,0.0045826953581253145,3.3333333333333335,5.2278251167861916,54.66523164927748,1.8221743883092494,SANB4,CONT_2291_SANB4_2021-05-10;CONT_2292_SANB4_2021-02-17;CONT_2293_SANB4_2021-01-11;CONT_2294_SANB4_2020-11-05;CONT_2295_SANB4_2020-08-07
V0,2020,2020-06-30,2021-06-30,HOLDING,SAPR4,76484013000145,CIA SANEAMENTO DO PARANA - SANEPAR,Saneamento,PASS,0.031346200211918356,10.06937947457126,7.0635203160512585,-30.82185993499523,-3.1035700379755133,SAPR4,CONT_2731_SAPR4_2020-07-01;CONT_2740_SAPR4_2021-01-04
V0,2020,2020-06-30,2021-06-30,HOLDING,SBSP3,43776517000180,CIA SANEAMENTO BASICO EST SAO PAULO,Saneamento,PASS,0.003946556752725702,11.64802587523623,7.557715856603127,-36.01346042749856,-4.1948571891629935,SBSP3,CONT_2436_SBSP3_2021-04-30
V0,2020,2020-06-30,2021-06-30,HOLDING,TBLE3,02474103000119,ENGIE BRASIL ENERGIA S.A.,Energia,PASS,0.0008663706298883783,1.8652661462482463,1.863792219790185,-1.4612435707717197,-0.027256081639833965,TBLE3,TBLE3_2020-08-10_DISTRIBUTION_353;TBLE3_2020-12-21_DISTRIBUTION_351;TBLE3_2020-12-21_DISTRIBUTION_352;TBLE3_2021-05-12_DISTRIBUTION_350
V0,2020,2020-06-30,2021-06-30,HOLDING,TIET4,02998609000127,AES TIETE SA,Energia,PASS,0.014290773682574998,2.2222222222222228,2.2064628329824894,-2.0826794416902605,-0.04628176537089471,AESB3,CONT_2566_TIET4_2021-03-02;CONT_2567_TIET4_2020-12-15;CONT_2568_TIET4_2020-11-11;CONT_2569_TIET4_2020-08-11;CONT_2570_TIET4_2020-08-03;CONT_30_AESB3_2021-05-11;TIET_AESB_20210329_TIET4
V0,2020,2020-06-30,2021-06-30,HOLDING,TIMP3,02558115000121,TIM PARTICIPACOES S.A.,Telecom,PASS,0.006948751066083477,5.047231898530271,4.345363861424916,-15.09695236395866,-0.7619781954196414,TIMS3,CONT_2734_TIMS3_2020-10-20;CONT_2737_TIMS3_2020-12-21;CONT_2748_TIMS3_2021-06-22;CONT_2860_TIMP3_2020-10-13
V0,2020,2020-06-30,2021-06-30,HOLDING,TRPL4,02998611000104,CTEEP - CIA TRANSMISSÃO ENERGIA ELÉTRICA PAULISTA,Energia,PASS,0.003532636719020593,3.7784281894046674,5.191689284264891,35.502688038467234,1.3414435728418448,TRPL4,CONT_1379_TRPL4_2021-03-31;CONT_1380_TRPL4_2021-02-26;CONT_1381_TRPL4_2020-12-17;CONT_1382_TRPL4_2020-12-17;CONT_1383_TRPL4_2020-11-05;CONT_1384_TRPL4_2020-07-07
V0,2020,2020-06-30,2021-06-30,HOLDING,VIVT4,02558157000162,TELEFÔNICA BRASIL S.A,Telecom,PASS,0.002713015284657797,6.66535044392253,6.372527385456965,-5.715758207174981,-0.38097531503547605,VIVT3,CONT_2732_VIVT4_2020-07-01;CONT_2733_VIVT4_2020-09-29;CONT_2736_VIVT3_2020-11-30;CONT_2738_VIVT3_2020-12-29;CONT_2739_VIVT3_2020-12-29;CONT_2741_VIVT3_2021-03-01;CONT_2745_VIVT3_2021-04-01;CONT_2746_VIVT3_2021-04-16;CONT_2747_VIVT3_2021-05-03;CONT_2861_VIVT4_2020-11-23
V0,2020,2020-06-30,2021-06-30,NUMERICAL_RESIDUAL,,,,,,,,,,-4.085E-15,,
V0,2021,2021-06-30,2022-06-30,HOLDING,ABCB4,28195667000106,BCO ABC BRASIL S.A.,Bancos,PASS,0.0035723455540216525,2.942467875871463,3.1777281973170663,4.158750883428586,0.12236990878240711,ABCB4,CONT_10_ABCB4_2022-04-01;CONT_11_ABCB4_2022-01-03;CONT_12_ABCB4_2021-10-07;CONT_13_ABCB4_2021-07-01
V0,2021,2021-06-30,2022-06-30,HOLDING,AESB3,02998609000127,AES TIETE SA,Energia,INDETERMINATE,0.002926322239811778,2.109816665820692,1.6852077317491738,-22.962980854505954,-0.48447679703758145,AESB3,CONT_29_AESB3_2021-08-10
V0,2021,2021-06-30,2022-06-30,HOLDING,BBAS3,00000000000191,BCO BRASIL S.A.,Bancos,PASS,0.0017771193307911375,2.961659230097875,3.458996911721304,12.64342132350107,0.37445505462763223,BBAS3,CONT_185_BBAS3_2022-06-14;CONT_186_BBAS3_2022-05-24;CONT_187_BBAS3_2022-05-24;CONT_188_BBAS3_2022-03-15;CONT_189_BBAS3_2022-03-03;CONT_190_BBAS3_2022-03-03;CONT_191_BBAS3_2021-12-14;CONT_192_BBAS3_2021-11-23;CONT_193_BBAS3_2021-09-14;CONT_194_BBAS3_2021-08-24;CONT_195_BBAS3_2021-08-24
V0,2021,2021-06-30,2022-06-30,HOLDING,BBDC4,60746948000112,BCO BRADESCO S.A.,Bancos,PASS,0.0029513565656791333,3.9388481494710077,3.1725055085042673,-22.31737506986512,-0.8790475149498864,BBDC4,BBDC4_2021-07-02_DISTRIBUTION_571;BBDC4_2021-07-05_DISTRIBUTION_572;BBDC4_2021-08-03_DISTRIBUTION_573;BBDC4_2021-09-02_DISTRIBUTION_574;BBDC4_2021-10-04_DISTRIBUTION_575;BBDC4_2021-11-03_DISTRIBUTION_576;BBDC4_2021-12-02_DISTRIBUTION_577;BBDC4_2021-12-21_DISTRIBUTION_578;BBDC4_2021-12-21_DISTRIBUTION_579;BBDC4_2022-01-04_DISTRIBUTION_550;BBDC4_2022-02-02_DISTRIBUTION_551;BBDC4_2022-03-03_DISTRIBUTION_552;BBDC4_2022-04-04_DISTRIBUTION_553;BBDC4_2022-04-19_SHARES_674;BBDC4_2022-05-03_DISTRIBUTION_554;BBDC4_2022-06-02_DISTRIBUTION_555;BBDC4_2022-06-21_DISTRIBUTION_556
V0,2021,2021-06-30,2022-06-30,HOLDING,BBSE3,17344597000194,BB SEGURIDADE PARTICIPAÇÕES S.A.,Seguros,PASS,0.005299093452494811,6.349233936821351,7.8880828257680085,19.823190350111442,1.2586207290699711,BBSE3,CONT_2556_BBSE3_2022-02-11;CONT_2557_BBSE3_2021-08-12
V0,2021,2021-06-30,2022-06-30,HOLDING,CMIG4,17155730000164,CIA ENERGETICA DE MINAS GERAIS - CEMIG,Energia,PASS,0.0017996491404713782,1.1322867222297444,1.4557727586162212,24.001779969622294,0.27176896769483166,CMIG4,CMIG4_2021-12-22_DISTRIBUTION_652;CMIG4_2022-03-29_DISTRIBUTION_653;CMIG4_2022-05-02_DISTRIBUTION_654;CMIG4_2022-05-02_SHARES_679;CMIG4_2022-06-27_DISTRIBUTION_655
V0,2021,2021-06-30,2022-06-30,HOLDING,CPFE3,02429144000193,CPFL ENERGIA S.A.,Energia,PASS,0.001592084147474487,2.2222222222222223,3.00645734438995,30.484313720324185,0.6774291937849818,CPFE3,CONT_839_CPFE3_2022-05-02;CONT_840_CPFE3_2021-12-10;CONT_841_CPFE3_2021-09-01
V0,2021,2021-06-30,2022-06-30,HOLDING,CPLE6,76483817000120,CIA PARANAENSE DE ENERGIA - COPEL,Energia,PASS,0.0065564533334566315,2.0166542137863472,2.8461749782799854,36.119675044983765,0.7284089488006008,CPLE6,CONT_908_CPLE6_2022-05-02;CONT_909_CPLE6_2022-01-03;CONT_910_CPLE6_2021-10-01;CONT_911_CPLE6_2021-10-01
V0,2021,2021-06-30,2022-06-30,HOLDING,CSMG3,17281106000103,CIA SANEAMENTO DE MINAS GERAIS-COPASA MG,Saneamento,PASS,0.00829754378473953,6.666666666666664,5.389129940296731,-22.034824683672248,-1.4689883122448166,CSMG3,CONT_2381_CSMG3_2021-09-27;CONT_2382_CSMG3_2021-09-27;CONT_2383_CSMG3_2022-03-23;CONT_2384_CSMG3_2022-06-22
V0,2021,2021-06-30,2022-06-30,HOLDING,ENBR3,03983431000103,EDP - ENERGIAS DO BRASIL S.A.,Energia,PASS,0.0019248354823176962,1.765158250252499,2.347209378152849,28.250459651955538,0.4986653192807464,ENBR3,CONT_2387_ENBR3_2022-01-05;CONT_2388_ENBR3_2022-04-06
V0,2021,2021-06-30,2022-06-30,HOLDING,EQTL3,03220438000173,EQUATORIAL S.A.,Energia,PASS,0.003490279448011241,4.489724073233325,4.397344607476343,-5.537030082490513,-0.24859737255574743,EQTL3,CONT_1118_EQTL3_2022-05-02
V0,2021,2021-06-30,2022-06-30,HOLDING,ITUB4,60872504000123,ITAU UNIBANCO HOLDING S.A.,Bancos,PASS,0.0024691494457210537,3.816553994819955,3.37255370444928,-14.772802354345094,-0.563811978401614,ITUB4;XPBR31,ITUB4_2021-07-01_DISTRIBUTION_180;ITUB4_2021-08-02_DISTRIBUTION_179;ITUB4_2021-08-16_DISTRIBUTION_178;ITUB4_2021-09-01_DISTRIBUTION_177;ITUB4_2021-10-01_DISTRIBUTION_176;ITUB4_2021-10-04_SPINOFF_686;ITUB4_2021-11-01_DISTRIBUTION_175;ITUB4_2021-11-22_DISTRIBUTION_174;ITUB4_2021-12-01_DISTRIBUTION_173;ITUB4_2022-01-03_DISTRIBUTION_172;ITUB4_2022-02-01_DISTRIBUTION_171;ITUB4_2022-02-22_DISTRIBUTION_170;ITUB4_2022-03-02_DISTRIBUTION_169;ITUB4_2022-04-01_DISTRIBUTION_168;ITUB4_2022-05-02_DISTRIBUTION_167;ITUB4_2022-06-01_DISTRIBUTION_166
V0,2021,2021-06-30,2022-06-30,HOLDING,NEOE3,01083200000118,NEOENERGIA S.A.,Energia,PASS,0.002222891659387142,2.0027460560203956,1.8695752400414967,-9.965738191198126,-0.19958842857753872,NEOE3,CONT_2053_NEOE3_2022-04-26;CONT_2054_NEOE3_2022-01-06;CONT_2055_NEOE3_2021-07-02
V0,2021,2021-06-30,2022-06-30,HOLDING,PSSA3,02149205000169,PORTO SEGURO S.A.,Seguros,PASS,0.006991049992646712,19.389221065266845,13.986850636033445,-30.42546372484275,-5.8992604217423334,PSSA3,CONT_2751_PSSA3_2021-07-30;CONT_2754_PSSA3_2021-11-01;CONT_2761_PSSA3_2022-04-01;CONT_2762_PSSA3_2022-04-01;CONT_2862_PSSA3_2021-10-21
V0,2021,2021-06-30,2022-06-30,HOLDING,SANB4,90400888000142,BCO SANTANDER (BRASIL) S.A.,Bancos,PASS,0.004576179128172937,4.99883904343067,4.060261912864093,-21.6614296549948,-1.08282000295915,SANB4,CONT_2284_SANB4_2022-04-22;CONT_2285_SANB4_2022-04-22;CONT_2286_SANB4_2022-02-11;CONT_2287_SANB4_2022-02-11;CONT_2288_SANB4_2022-01-10;CONT_2289_SANB4_2021-11-05;CONT_2290_SANB4_2021-08-05
V0,2021,2021-06-30,2022-06-30,HOLDING,SAPR4,76484013000145,CIA SANEAMENTO DO PARANA - SANEPAR,Saneamento,PASS,0.031077602499106582,6.754128217978577,6.655926694912049,-4.954846843926686,-0.3346567088432736,SAPR4,CONT_2749_SAPR4_2021-07-01;CONT_2758_SAPR4_2022-01-03;CONT_2765_SAPR4_2022-04-29
V0,2021,2021-06-30,2022-06-30,HOLDING,SBSP3,43776517000180,CIA SANEAMENTO BASICO EST SAO PAULO,Saneamento,PASS,0.0038087914246144276,7.226677300630121,8.820757105391277,17.722085306997815,1.2807179160791176,SBSP3,CONT_2437_SBSP3_2022-04-29
V0,2021,2021-06-30,2022-06-30,HOLDING,TAEE4,07859971000130,TRANSMISSORA ALIANÇA DE ENERGIA ELÉTRICA S.A.,Energia,PASS,0.003469067563444409,2.2222222222222223,2.6355465142877224,14.386282192407872,0.31969515983128616,TAEE4,CONT_2411_TAEE4_2022-05-10;CONT_2412_TAEE4_2021-12-07;CONT_2413_TAEE4_2021-12-07
V0,2021,2021-06-30,2022-06-30,HOLDING,TBLE3,02474103000119,ENGIE BRASIL ENERGIA S.A.,Energia,PASS,0.0008776190869432733,1.7821555061614227,2.07633366057707,12.367907450331984,0.22041534362304033,TBLE3,TBLE3_2021-08-17_DISTRIBUTION_349;TBLE3_2021-12-30_DISTRIBUTION_348;TBLE3_2022-02-25_DISTRIBUTION_347;TBLE3_2022-05-12_DISTRIBUTION_346
V0,2021,2021-06-30,2022-06-30,HOLDING,TIMS3,02558115000121,TIM PARTICIPACOES S.A.,Telecom,INDETERMINATE,0.0069476378542081395,4.1550308289113165,4.949561113514491,14.890253060752778,0.6186946051771887,TIMS3,CONT_2752_TIMS3_2021-09-30;CONT_2755_TIMS3_2021-12-21;CONT_2760_TIMS3_2022-03-29;CONT_2767_TIMS3_2022-06-24
V0,2021,2021-06-30,2022-06-30,HOLDING,TRPL4,02998611000104,CTEEP - CIA TRANSMISSÃO ENERGIA ELÉTRICA PAULISTA,Energia,PASS,0.003814594367364222,4.96428601106271,5.115806415067712,-0.6087728298079131,-0.030221224429304912,TRPL4,CONT_1375_TRPL4_2021-12-23;CONT_1376_TRPL4_2021-11-04;CONT_1377_TRPL4_2021-11-04;CONT_1378_TRPL4_2021-07-07
V0,2021,2021-06-30,2022-06-30,HOLDING,VIVT3,02558157000162,TELEFÔNICA BRASIL S.A,Telecom,PASS,0.002797066243314094,6.093401747022568,7.632216820589468,20.804088364255758,1.2676766838396794,VIVT3,CONT_2750_VIVT3_2021-07-01;CONT_2753_VIVT3_2021-10-01;CONT_2756_VIVT3_2021-12-28;CONT_2757_VIVT3_2021-12-28;CONT_2759_VIVT3_2022-03-02;CONT_2763_VIVT3_2022-04-01;CONT_2764_VIVT3_2022-04-27;CONT_2766_VIVT3_2022-05-02
V0,2021,2021-06-30,2022-06-30,NUMERICAL_RESIDUAL,,,,,,,,,,7.222E-15,,
V0,2022,2022-06-30,2023-06-30,HOLDING,ABCB4,28195667000106,BCO ABC BRASIL S.A.,Bancos,PASS,0.0038072202860941606,3.1777281973170663,3.0698645976649352,30.245353905756577,0.9611151394415657,ABCB4,CONT_7_ABCB4_2023-01-02;CONT_8_ABCB4_2022-10-03;CONT_9_ABCB4_2022-07-01
V0,2022,2022-06-30,2023-06-30,HOLDING,AESB3,02998609000127,AES TIETE SA,Energia,INDETERMINATE,0.002939538911405518,1.6852077317491738,1.451641708190479,16.13570537590889,0.2719201545670837,AESB3,CONT_28_AESB3_2022-08-10
V0,2022,2022-06-30,2023-06-30,HOLDING,BBAS3,00000000000191,BCO BRASIL S.A.,Bancos,PASS,0.0019268451626278842,3.458996911721304,4.207680347182847,64.00320399682387,2.2138688496528234,BBAS3,CONT_173_BBAS3_2023-06-13;CONT_174_BBAS3_2023-06-02;CONT_175_BBAS3_2023-06-02;CONT_176_BBAS3_2023-03-14;CONT_177_BBAS3_2023-02-24;CONT_178_BBAS3_2023-02-24;CONT_179_BBAS3_2022-12-13;CONT_180_BBAS3_2022-11-22;CONT_181_BBAS3_2022-11-22;CONT_182_BBAS3_2022-09-13;CONT_183_BBAS3_2022-08-23;CONT_184_BBAS3_2022-08-23
V0,2022,2022-06-30,2023-06-30,HOLDING,BBDC4,60746948000112,BCO BRADESCO S.A.,Bancos,PASS,0.0034297061566925,3.1725055085042673,2.4033456454121866,2.134770492490601,0.06772571146818769,BBDC4,BBDC4_2022-07-04_DISTRIBUTION_557;BBDC4_2022-08-02_DISTRIBUTION_558;BBDC4_2022-09-02_DISTRIBUTION_559;BBDC4_2022-10-04_DISTRIBUTION_560;BBDC4_2022-11-03_DISTRIBUTION_561;BBDC4_2022-12-02_DISTRIBUTION_562;BBDC4_2023-01-03_DISTRIBUTION_535;BBDC4_2023-01-09_DISTRIBUTION_563;BBDC4_2023-02-02_DISTRIBUTION_536;BBDC4_2023-03-02_DISTRIBUTION_537;BBDC4_2023-04-04_DISTRIBUTION_538;BBDC4_2023-05-03_DISTRIBUTION_539;BBDC4_2023-06-02_DISTRIBUTION_540;BBDC4_2023-06-27_DISTRIBUTION_541
V0,2022,2022-06-30,2023-06-30,HOLDING,BBSE3,17344597000194,BB SEGURIDADE PARTICIPAÇÕES S.A.,Seguros,PASS,0.005650016928926955,7.8880828257680085,7.563781410381772,29.27878882762083,2.3095351131044417,BBSE3,CONT_2554_BBSE3_2023-02-15;CONT_2555_BBSE3_2022-08-18
V0,2022,2022-06-30,2023-06-30,HOLDING,CMIG4,17155730000164,CIA ENERGETICA DE MINAS GERAIS - CEMIG,Energia,PASS,0.002607829596769868,1.4557727586162212,1.4450027019542506,33.824256180570366,0.492404307281307,CMIG4,CMIG4_2022-09-26_DISTRIBUTION_656;CMIG4_2022-12-22_DISTRIBUTION_657;CMIG4_2022-12-28_DISTRIBUTION_658;CMIG4_2023-03-28_DISTRIBUTION_392;CMIG4_2023-04-28_DISTRIBUTION_391;CMIG4_2023-06-26_DISTRIBUTION_390
V0,2022,2022-06-30,2023-06-30,HOLDING,CPFE3,02429144000193,CPFL ENERGIA S.A.,Energia,PASS,0.001810342428199057,3.00645734438995,2.5815142766031363,15.765526705583422,0.4739838355217717,CPFE3,CONT_838_CPFE3_2023-05-02
V0,2022,2022-06-30,2023-06-30,HOLDING,CPLE6,76483817000120,CIA PARANAENSE DE ENERGIA - COPEL,Energia,PASS,0.007748611160150019,2.8461749782799854,2.605484472448107,23.420317791277157,0.6665832248089859,CPLE6,CONT_907_CPLE6_2022-11-22
V0,2022,2022-06-30,2023-06-30,HOLDING,CSMG3,17281106000103,CIA SANEAMENTO DE MINAS GERAIS-COPASA MG,Saneamento,PASS,0.008698595808558321,5.389129940296731,8.039683124548631,101.13147750345624,5.450106733203212,CSMG3,CONT_2455_CSMG3_2022-09-21;CONT_2456_CSMG3_2023-03-23;CONT_2457_CSMG3_2023-03-23;CONT_2458_CSMG3_2023-06-22
V0,2022,2022-06-30,2023-06-30,HOLDING,ENBR3,03983431000103,EDP - ENERGIAS DO BRASIL S.A.,Energia,PASS,0.0021279878621129986,2.347209378152849,2.1515390492771145,23.582554589371043,0.5535319329297324,ENBR3,CONT_2389_ENBR3_2023-01-03;CONT_2390_ENBR3_2023-04-12
V0,2022,2022-06-30,2023-06-30,HOLDING,EQTL3,03220438000173,EQUATORIAL S.A.,Energia,PASS,0.003579953428209041,4.397344607476343,4.651270742922377,42.60701378093494,1.8735772229026448,EQTL3,CONT_1117_EQTL3_2023-05-02
V0,2022,2022-06-30,2023-06-30,HOLDING,ITUB4,60872504000123,ITAU UNIBANCO HOLDING S.A.,Bancos,PASS,0.0025282558711797313,3.0824040700871733,3.0432471263231116,33.10899929796718,1.0205531419256741,ITUB4,ITUB4_2022-07-01_DISTRIBUTION_165;ITUB4_2022-08-01_DISTRIBUTION_164;ITUB4_2022-08-19_DISTRIBUTION_163;ITUB4_2022-09-01_DISTRIBUTION_162;ITUB4_2022-10-03_DISTRIBUTION_161;ITUB4_2022-11-01_DISTRIBUTION_160;ITUB4_2022-12-01_DISTRIBUTION_159;ITUB4_2022-12-09_DISTRIBUTION_158;ITUB4_2023-01-02_DISTRIBUTION_157;ITUB4_2023-02-01_DISTRIBUTION_156;ITUB4_2023-03-01_DISTRIBUTION_155;ITUB4_2023-03-24_DISTRIBUTION_154;ITUB4_2023-04-03_DISTRIBUTION_153;ITUB4_2023-05-02_DISTRIBUTION_152;ITUB4_2023-06-01_DISTRIBUTION_151;ITUB4_2023-06-20_DISTRIBUTION_150
V0,2022,2022-06-30,2023-06-30,HOLDING,NEOE3,01083200000118,NEOENERGIA S.A.,Energia,PASS,0.0023300063239545693,1.8695752400414967,2.104647471253302,51.77358109302934,0.9679460529980823,NEOE3,CONT_2050_NEOE3_2023-04-28;CONT_2051_NEOE3_2023-01-05;CONT_2052_NEOE3_2022-07-06
V0,2022,2022-06-30,2023-06-30,HOLDING,PSSA3,02149205000169,PORTO SEGURO S.A.,Seguros,PASS,0.01464400777505873,13.986850636033445,17.3302262145206,67.04906988821635,9.378053258114496,PSSA3,CONT_2770_PSSA3_2022-08-31;CONT_2774_PSSA3_2022-11-01;CONT_2786_PSSA3_2023-06-30
V0,2022,2022-06-30,2023-06-30,HOLDING,SANB4,90400888000142,BCO SANTANDER (BRASIL) S.A.,Bancos,PASS,0.004986675971764033,4.060261912864093,3.4255324752961043,13.745390812600577,0.5580988679383416,SANB4,CONT_2279_SANB4_2023-04-25;CONT_2280_SANB4_2023-01-27;CONT_2281_SANB4_2022-10-24;CONT_2282_SANB4_2022-10-24;CONT_2283_SANB4_2022-08-15
V0,2022,2022-06-30,2023-06-30,HOLDING,SAPR4,76484013000145,CIA SANEAMENTO DO PARANA - SANEPAR,Saneamento,PASS,0.03300351813323287,6.655926694912049,6.298717752638133,27.586106682364097,1.8361110387583883,SAPR4,CONT_2768_SAPR4_2022-07-01;CONT_2776_SAPR4_2023-01-02
V0,2022,2022-06-30,2023-06-30,HOLDING,SBSP3,43776517000180,CIA SANEAMENTO BASICO EST SAO PAULO,Saneamento,PASS,0.0038894235305201993,8.820757105391277,9.028423995503944,37.995794258593605,3.3515167218147464,SBSP3,CONT_2438_SBSP3_2023-05-02
V0,2022,2022-06-30,2023-06-30,HOLDING,TAEE4,07859971000130,TRANSMISSORA ALIANÇA DE ENERGIA ELÉTRICA S.A.,Energia,PASS,0.0037842854861158378,2.6355465142877224,2.0886873582243766,6.847046092095033,0.18045708461188448,TAEE4,CONT_2405_TAEE4_2023-05-04;CONT_2406_TAEE4_2023-01-11;CONT_2407_TAEE4_2022-11-16;CONT_2408_TAEE4_2022-11-16;CONT_2409_TAEE4_2022-08-16;CONT_2410_TAEE4_2022-08-16
V0,2022,2022-06-30,2023-06-30,HOLDING,TBLE3,02474103000119,ENGIE BRASIL ENERGIA S.A.,Energia,PASS,0.0009348244615602712,2.07633366057707,1.8427662472490216,19.6555567030958,0.40811494000019055,TBLE3,TBLE3_2022-08-17_DISTRIBUTION_345;TBLE3_2022-11-22_DISTRIBUTION_344;TBLE3_2022-12-23_DISTRIBUTION_343;TBLE3_2023-05-09_DISTRIBUTION_342
V0,2022,2022-06-30,2023-06-30,HOLDING,TIMS3,02558115000121,TIM PARTICIPACOES S.A.,Telecom,INDETERMINATE,0.007212718648470514,4.949561113514491,4.4895495585035246,22.291380131502734,1.103325482654555,TIMS3,CONT_2772_TIMS3_2022-09-22;CONT_2773_TIMS3_2022-09-22;CONT_2775_TIMS3_2022-12-22;CONT_2781_TIMS3_2023-04-11;CONT_2783_TIMS3_2023-04-26;CONT_2785_TIMS3_2023-06-23
V0,2022,2022-06-30,2023-06-30,HOLDING,TRPL4,02998611000104,CTEEP - CIA TRANSMISSÃO ENERGIA ELÉTRICA PAULISTA,Energia,PASS,0.004141294180496477,5.115806415067712,4.386072173476991,15.590312786408456,0.7975702216562052,TRPL4,CONT_1374_TRPL4_2022-12-27
V0,2022,2022-06-30,2023-06-30,HOLDING,VIVT3,02558157000162,TELEFÔNICA BRASIL S.A,Telecom,PASS,0.0030156556693488514,7.632216820589468,5.535141054245294,-2.222763077729073,-0.16964609750029058,VIVT3,CONT_2769_VIVT3_2022-07-01;CONT_2771_VIVT3_2022-09-01;CONT_2777_VIVT3_2023-01-02;CONT_2778_VIVT3_2023-01-02;CONT_2779_VIVT3_2023-03-01;CONT_2780_VIVT3_2023-04-03;CONT_2782_VIVT3_2023-04-14;CONT_2784_VIVT3_2023-06-01
V0,2022,2022-06-30,2023-06-30,HOLDING,XPBR31,XP_SPINOFF,XP (cisão compulsória),Bancos,INDETERMINATE,5.73161412178847e-05,0.2901496343621067,0.2561804961797632,19.03750132795072,0.05523724049473023,XPBR31,
V0,2022,2022-06-30,2023-06-30,NUMERICAL_RESIDUAL,,,,,,,,,,1.443E-14,,
V0,2023,2023-06-30,2024-06-28,HOLDING,ABCB4,28195667000106,BCO ABC BRASIL S.A.,Bancos,PASS,0.004035629331538328,3.0698645976649352,3.3551568993147534,25.364187739371282,0.778646219896229,ABCB4,CONT_5_ABCB4_2024-01-02;CONT_6_ABCB4_2023-07-03
V0,2023,2023-06-30,2024-06-28,HOLDING,AESB3,02998609000127,AES TIETE SA,Energia,INDETERMINATE,0.0029707499020661873,1.451641708190479,1.1862469519546972,-6.2663455954181995,-0.09096488624244754,AESB3,CONT_27_AESB3_2024-04-23
V0,2023,2023-06-30,2024-06-28,HOLDING,BBAS3,00000000000191,BCO BRASIL S.A.,Bancos,PASS,0.00213529819547329,4.207680347182847,4.3202477983755605,17.77301562723799,0.7478316856490294,BBAS3,CONT_146_BBAS3_2024-04-16;CONT_161_BBAS3_2024-06-14;CONT_162_BBAS3_2024-06-12;CONT_163_BBAS3_2024-06-12;CONT_164_BBAS3_2024-03-12;CONT_165_BBAS3_2024-02-22;CONT_166_BBAS3_2024-02-22;CONT_167_BBAS3_2023-12-12;CONT_168_BBAS3_2023-11-22;CONT_169_BBAS3_2023-11-22;CONT_170_BBAS3_2023-09-12;CONT_171_BBAS3_2023-08-22;CONT_172_BBAS3_2023-08-22
V0,2023,2023-06-30,2024-06-28,HOLDING,BBDC4,60746948000112,BCO BRADESCO S.A.,Bancos,PASS,0.0036626302250043112,2.4033456454121866,1.7199335958097193,-17.912822634172333,-0.43050704274878926,BBDC4,BBDC4_2023-07-04_DISTRIBUTION_542;BBDC4_2023-08-02_DISTRIBUTION_543;BBDC4_2023-09-04_DISTRIBUTION_544;BBDC4_2023-10-03_DISTRIBUTION_545;BBDC4_2023-11-03_DISTRIBUTION_546;BBDC4_2023-12-04_DISTRIBUTION_547;BBDC4_2023-12-22_DISTRIBUTION_548;BBDC4_2023-12-22_DISTRIBUTION_549;BBDC4_2024-01-03_DISTRIBUTION_520;BBDC4_2024-02-02_DISTRIBUTION_521;BBDC4_2024-03-04_DISTRIBUTION_522;BBDC4_2024-04-02_DISTRIBUTION_523;BBDC4_2024-05-03_DISTRIBUTION_524;BBDC4_2024-06-04_DISTRIBUTION_525;BBDC4_2024-06-18_DISTRIBUTION_526
V0,2023,2023-06-30,2024-06-28,HOLDING,BBSE3,17344597000194,BB SEGURIDADE PARTICIPAÇÕES S.A.,Seguros,PASS,0.00616246145183325,7.563781410381772,7.72132274008863,17.093453137056834,1.2929114307730245,BBSE3,CONT_2552_BBSE3_2024-02-09;CONT_2553_BBSE3_2023-08-17
V0,2023,2023-06-30,2024-06-28,HOLDING,CMIG4,17155730000164,CIA ENERGETICA DE MINAS GERAIS - CEMIG,Energia,PASS,0.0028168935347019732,1.4450027019542506,1.3347561546266526,5.952973740132661,0.08602063139154381,CMIG4,CMIG4_2023-09-26_DISTRIBUTION_389;CMIG4_2023-12-22_DISTRIBUTION_388;CMIG4_2024-03-27_DISTRIBUTION_387;CMIG4_2024-04-30_DISTRIBUTION_386;CMIG4_2024-04-30_SHARES_680;CMIG4_2024-06-24_DISTRIBUTION_385
V0,2023,2023-06-30,2024-06-28,HOLDING,CPFE3,02429144000193,CPFL ENERGIA S.A.,Energia,PASS,0.0018818504090984697,2.5815142766031363,2.3770893085908416,5.621138629653255,0.1451104962321527,CPFE3,CONT_836_CPFE3_2024-04-29;CONT_837_CPFE3_2023-08-18
V0,2023,2023-06-30,2024-06-28,HOLDING,CPLE6,76483817000120,CIA PARANAENSE DE ENERGIA - COPEL,Energia,PASS,0.007879101609139587,2.605484472448107,2.6127557374580643,15.02445872292597,0.39145993909521154,CPLE6,CONT_905_CPLE6_2024-04-23;CONT_906_CPLE6_2023-10-02
V0,2023,2023-06-30,2024-06-28,HOLDING,CSMG3,17281106000103,CIA SANEAMENTO DE MINAS GERAIS-COPASA MG,Saneamento,PASS,0.00952952607145236,8.039683124548631,8.24707560816097,17.663272166396137,1.4200711116048463,CSMG3,CONT_2459_CSMG3_2023-09-22;CONT_2460_CSMG3_2023-12-14;CONT_2461_CSMG3_2023-12-22;CONT_2462_CSMG3_2024-03-26;CONT_2463_CSMG3_2024-03-26;CONT_2464_CSMG3_2024-03-26;CONT_2465_CSMG3_2024-04-29;CONT_2466_CSMG3_2024-06-26;CONT_2467_CSMG3_2024-06-26
V0,2023,2023-06-30,2024-06-28,HOLDING,ENBR3,03983431000103,EDP - ENERGIAS DO BRASIL S.A.,Energia,PASS,0.002283558184814087,2.1515390492771145,2.2146478678420713,18.068848416216564,0.38875832942958877,ABCB4;AESB3;BBAS3;BBDC4;BBSE3;CMIG4;CPFE3;CPLE6;CSMG3;EQTL3;ITUB4;NEOE3;PSSA3;SANB4;SAPR4;SBSP3;TAEE4;TBLE3;TIMS3;TRPL4;VIVT3;XPBR31,BBDC4_2023-10-03_DISTRIBUTION_545;BBDC4_2023-11-03_DISTRIBUTION_546;BBDC4_2023-12-04_DISTRIBUTION_547;BBDC4_2023-12-22_DISTRIBUTION_548;BBDC4_2023-12-22_DISTRIBUTION_549;BBDC4_2024-01-03_DISTRIBUTION_520;BBDC4_2024-02-02_DISTRIBUTION_521;BBDC4_2024-03-04_DISTRIBUTION_522;BBDC4_2024-04-02_DISTRIBUTION_523;BBDC4_2024-05-03_DISTRIBUTION_524;BBDC4_2024-06-04_DISTRIBUTION_525;BBDC4_2024-06-18_DISTRIBUTION_526;CMIG4_2023-09-26_DISTRIBUTION_389;CMIG4_2023-12-22_DISTRIBUTION_388;CMIG4_2024-03-27_DISTRIBUTION_387;CMIG4_2024-04-30_DISTRIBUTION_386;CMIG4_2024-04-30_SHARES_680;CMIG4_2024-06-24_DISTRIBUTION_385;CONT_1116_EQTL3_2024-05-02;CONT_1373_TRPL4_2023-12-14;CONT_146_BBAS3_2024-04-16;CONT_161_BBAS3_2024-06-14;CONT_162_BBAS3_2024-06-12;CONT_163_BBAS3_2024-06-12;CONT_164_BBAS3_2024-03-12;CONT_165_BBAS3_2024-02-22;CONT_166_BBAS3_2024-02-22;CONT_167_BBAS3_2023-12-12;CONT_168_BBAS3_2023-11-22;CONT_169_BBAS3_2023-11-22;CONT_2047_NEOE3_2024-04-22;CONT_2048_NEOE3_2024-01-05;CONT_2274_SANB4_2024-04-22;CONT_2275_SANB4_2024-01-22;CONT_2276_SANB4_2023-10-20;CONT_2277_SANB4_2023-10-20;CONT_2398_TAEE4_2024-05-14;CONT_2399_TAEE4_2024-05-06;CONT_2400_TAEE4_2024-01-04;CONT_2401_TAEE4_2023-11-14;CONT_2402_TAEE4_2023-11-14;CONT_2439_SBSP3_2024-04-26;CONT_2459_CSMG3_2023-09-22;CONT_2460_CSMG3_2023-12-14;CONT_2461_CSMG3_2023-12-22;CONT_2462_CSMG3_2024-03-26;CONT_2463_CSMG3_2024-03-26;CONT_2464_CSMG3_2024-03-26;CONT_2465_CSMG3_2024-04-29;CONT_2466_CSMG3_2024-06-26;CONT_2467_CSMG3_2024-06-26;CONT_2552_BBSE3_2024-02-09;CONT_2790_TIMS3_2023-09-22;CONT_2791_VIVT3_2023-09-25;CONT_2792_PSSA3_2023-09-29;CONT_2793_VIVT3_2023-10-24;CONT_2794_TIMS3_2023-12-22;CONT_2795_VIVT3_2023-12-27;CONT_2796_PSSA3_2023-12-28;CONT_2797_SAPR4_2024-01-02;CONT_2798_TIMS3_2024-03-25;CONT_2799_PSSA3_2024-04-01;CONT_27_AESB3_2024-04-23;CONT_2800_PSSA3_2024-04-01;CONT_2801_VIVT3_2024-04-01;CONT_2802_TIMS3_2024-04-10;CONT_2803_TIMS3_2024-04-10;CONT_2804_TIMS3_2024-04-10;CONT_2805_VIVT3_2024-04-11;CONT_2806_VIVT3_2024-04-30;CONT_2807_TIMS3_2024-06-24;CONT_2808_VIVT3_2024-06-27;CONT_5_ABCB4_2024-01-02;CONT_836_CPFE3_2024-04-29;CONT_905_CPLE6_2024-04-23;CONT_906_CPLE6_2023-10-02;EDP_REDEMPTION_20230913;ITUB4_2023-09-19_DISTRIBUTION_146;ITUB4_2023-10-02_DISTRIBUTION_145;ITUB4_2023-11-01_DISTRIBUTION_144;ITUB4_2023-12-01_DISTRIBUTION_143;ITUB4_2023-12-07_DISTRIBUTION_142;ITUB4_2024-01-02_DISTRIBUTION_141;ITUB4_2024-02-01_DISTRIBUTION_140;ITUB4_2024-02-22_DISTRIBUTION_139;ITUB4_2024-03-01_DISTRIBUTION_138;ITUB4_2024-03-22_DISTRIBUTION_137;ITUB4_2024-04-01_DISTRIBUTION_136;ITUB4_2024-05-02_DISTRIBUTION_135;ITUB4_2024-06-03_DISTRIBUTION_134;ITUB4_2024-06-21_DISTRIBUTION_133;TBLE3_2023-12-22_DISTRIBUTION_340;TBLE3_2024-05-07_DISTRIBUTION_339;XPBR31_2023-12-12_DISTRIBUTION_688
V0,2023,2023-06-30,2024-06-28,HOLDING,EQTL3,03220438000173,EQUATORIAL S.A.,Energia,PASS,0.00362688165666871,4.651270742922377,3.9285392531218175,-3.1188345661337658,-0.14506543969472968,EQTL3,CONT_1116_EQTL3_2024-05-02
V0,2023,2023-06-30,2024-06-28,HOLDING,ITUB4,60872504000123,ITAU UNIBANCO HOLDING S.A.,Bancos,PASS,0.0026844535241452067,3.0432471263231116,3.251492630847296,22.55341877816106,0.6863562688540036,ITUB4,ITUB4_2023-07-03_DISTRIBUTION_149;ITUB4_2023-08-01_DISTRIBUTION_148;ITUB4_2023-09-01_DISTRIBUTION_147;ITUB4_2023-09-19_DISTRIBUTION_146;ITUB4_2023-10-02_DISTRIBUTION_145;ITUB4_2023-11-01_DISTRIBUTION_144;ITUB4_2023-12-01_DISTRIBUTION_143;ITUB4_2023-12-07_DISTRIBUTION_142;ITUB4_2024-01-02_DISTRIBUTION_141;ITUB4_2024-02-01_DISTRIBUTION_140;ITUB4_2024-02-22_DISTRIBUTION_139;ITUB4_2024-03-01_DISTRIBUTION_138;ITUB4_2024-03-22_DISTRIBUTION_137;ITUB4_2024-04-01_DISTRIBUTION_136;ITUB4_2024-05-02_DISTRIBUTION_135;ITUB4_2024-06-03_DISTRIBUTION_134;ITUB4_2024-06-21_DISTRIBUTION_133
V0,2023,2023-06-30,2024-06-28,HOLDING,NEOE3,01083200000118,NEOENERGIA S.A.,Energia,PASS,0.002485261603409972,2.104647471253302,1.6841334643828234,-8.213878000323426,-0.17287317562563828,NEOE3,CONT_2047_NEOE3_2024-04-22;CONT_2048_NEOE3_2024-01-05;CONT_2049_NEOE3_2023-07-03
V0,2023,2023-06-30,2024-06-28,HOLDING,PSSA3,02149205000169,PORTO SEGURO S.A.,Seguros,PASS,0.015450112915322332,17.3302262145206,17.341876093326654,14.781454736714949,2.56165954366967,PSSA3,CONT_2792_PSSA3_2023-09-29;CONT_2796_PSSA3_2023-12-28;CONT_2799_PSSA3_2024-04-01;CONT_2800_PSSA3_2024-04-01
V0,2023,2023-06-30,2024-06-28,HOLDING,SANB4,90400888000142,BCO SANTANDER (BRASIL) S.A.,Bancos,PASS,0.005297705555816499,3.4255324752961043,2.8126708681075296,-5.81739392937809,-0.19927671826675072,SANB4,CONT_2274_SANB4_2024-04-22;CONT_2275_SANB4_2024-01-22;CONT_2276_SANB4_2023-10-20;CONT_2277_SANB4_2023-10-20;CONT_2278_SANB4_2023-07-21
V0,2023,2023-06-30,2024-06-28,HOLDING,SAPR4,76484013000145,CIA SANEAMENTO DO PARANA - SANEPAR,Saneamento,PASS,0.035806040692516895,6.298717752638133,7.4203103416100875,35.1293845647183,2.2127007819704323,SAPR4,CONT_2787_SAPR4_2023-07-03;CONT_2797_SAPR4_2024-01-02
V0,2023,2023-06-30,2024-06-28,HOLDING,SBSP3,43776517000180,CIA SANEAMENTO BASICO EST SAO PAULO,Saneamento,PASS,0.004000999619210482,9.028423995503944,10.613743717450049,34.84552172589748,3.146001444859468,SBSP3,CONT_2439_SBSP3_2024-04-26
V0,2023,2023-06-30,2024-06-28,HOLDING,TAEE4,07859971000130,TRANSMISSORA ALIANÇA DE ENERGIA ELÉTRICA S.A.,Energia,PASS,0.004155713848095726,2.0886873582243766,1.834570750133552,0.7490371331861034,0.015645043909264276,TAEE4,CONT_2398_TAEE4_2024-05-14;CONT_2399_TAEE4_2024-05-06;CONT_2400_TAEE4_2024-01-04;CONT_2401_TAEE4_2023-11-14;CONT_2402_TAEE4_2023-11-14;CONT_2403_TAEE4_2023-08-08;CONT_2404_TAEE4_2023-08-08
V0,2023,2023-06-30,2024-06-28,HOLDING,TBLE3,02474103000119,ENGIE BRASIL ENERGIA S.A.,Energia,PASS,0.0010110946987272067,1.8427662472490216,1.6458650251574019,2.4480850495308903,0.045112484996704685,TBLE3,TBLE3_2023-08-22_DISTRIBUTION_341;TBLE3_2023-12-22_DISTRIBUTION_340;TBLE3_2024-05-07_DISTRIBUTION_339
V0,2023,2023-06-30,2024-06-28,HOLDING,TIMS3,02558115000121,TIM PARTICIPACOES S.A.,Telecom,INDETERMINATE,0.007698358644293241,4.4895495585035246,4.554960384496945,16.37554067198863,0.7351880139418309,TIMS3,CONT_2790_TIMS3_2023-09-22;CONT_2794_TIMS3_2023-12-22;CONT_2798_TIMS3_2024-03-25;CONT_2802_TIMS3_2024-04-10;CONT_2803_TIMS3_2024-04-10;CONT_2804_TIMS3_2024-04-10;CONT_2807_TIMS3_2024-06-24
V0,2023,2023-06-30,2024-06-28,HOLDING,TRPL4,02998611000104,CTEEP - CIA TRANSMISSÃO ENERGIA ELÉTRICA PAULISTA,Energia,PASS,0.004335800259300022,4.386072173476991,4.286343310399824,12.09624276072283,0.5305499377642892,TRPL4,CONT_1373_TRPL4_2023-12-14
V0,2023,2023-06-30,2024-06-28,HOLDING,VIVT3,02558157000162,TELEFÔNICA BRASIL S.A,Telecom,PASS,0.003206893518616442,5.535141054245294,5.330358796410822,10.460658523467181,0.5790122044768419,VIVT3,CONT_2788_VIVT3_2023-08-01;CONT_2789_VIVT3_2023-09-01;CONT_2791_VIVT3_2023-09-25;CONT_2793_VIVT3_2023-10-24;CONT_2795_VIVT3_2023-12-27;CONT_2801_VIVT3_2024-04-01;CONT_2805_VIVT3_2024-04-11;CONT_2806_VIVT3_2024-04-30;CONT_2808_VIVT3_2024-06-27
V0,2023,2023-06-30,2024-06-28,HOLDING,XPBR31,XP_SPINOFF,XP (cisão compulsória),Bancos,INDETERMINATE,5.731614121788471e-05,0.2561804961797632,0.205902702333251,-7.807442791840947,-0.0200011456830893,XPBR31,XPBR31_2023-09-11_DISTRIBUTION_687;XPBR31_2023-12-12_DISTRIBUTION_688
V0,2023,2023-06-30,2024-06-28,NUMERICAL_RESIDUAL,,,,,,,,,,-2.101E-15,,
V0,2024,2024-06-28,2025-06-30,HOLDING,ABCB4,28195667000106,BCO ABC BRASIL S.A.,Bancos,PASS,0.004456398644919029,3.4311446716275293,2.73436320537357,9.559348680455892,0.327995082891759,ABCB4,CONT_3_ABCB4_2024-12-30;CONT_4_ABCB4_2024-07-01
V0,2024,2024-06-28,2025-06-30,HOLDING,AESB3,02998609000127,AES TIETE SA,Energia,INDETERMINATE,0.0030626699777253396,1.213113136159158,0.6271323748485242,-28.929366564741354,-0.3509459460045126,AURE3,AESB_AURE_20241101;CONT_78_AURE3_2025-04-25
V0,2024,2024-06-28,2025-06-30,HOLDING,BBAS3,00000000000191,BCO BRASIL S.A.,Bancos,PASS,0.004756457114739014,4.418093000817443,2.8037196122619994,-12.756717669992879,-0.5636036505119973,BBAS3,CONT_153_BBAS3_2025-06-03;CONT_154_BBAS3_2025-03-12;CONT_155_BBAS3_2025-03-12;CONT_156_BBAS3_2024-12-12;CONT_157_BBAS3_2024-11-26;CONT_158_BBAS3_2024-09-12;CONT_159_BBAS3_2024-08-22;CONT_160_BBAS3_2024-08-22
V0,2024,2024-06-28,2025-06-30,HOLDING,BBDC4,60746948000112,BCO BRADESCO S.A.,Bancos,PASS,0.004085449540934676,1.7588867435740385,1.8734817930630547,46.434656119016296,0.8167330109015687,BBDC4,BBDC4_2024-07-02_DISTRIBUTION_527;BBDC4_2024-08-02_DISTRIBUTION_528;BBDC4_2024-09-03_DISTRIBUTION_529;BBDC4_2024-10-01_DISTRIBUTION_530;BBDC4_2024-10-02_DISTRIBUTION_531;BBDC4_2024-11-04_DISTRIBUTION_532;BBDC4_2024-12-03_DISTRIBUTION_533;BBDC4_2025-01-02_DISTRIBUTION_534;BBDC4_2025-01-03_DISTRIBUTION_504;BBDC4_2025-02-04_DISTRIBUTION_505;BBDC4_2025-03-06_DISTRIBUTION_506;BBDC4_2025-04-01_DISTRIBUTION_507;BBDC4_2025-04-02_DISTRIBUTION_508;BBDC4_2025-05-05_DISTRIBUTION_509;BBDC4_2025-06-03_DISTRIBUTION_510
V0,2024,2024-06-28,2025-06-30,HOLDING,BBSE3,17344597000194,BB SEGURIDADE PARTICIPAÇÕES S.A.,Seguros,PASS,0.006895230533885929,7.89619566911533,6.883076780780751,19.838670686397396,1.5665002555493637,BBSE3,CONT_2550_BBSE3_2025-02-21;CONT_2551_BBSE3_2024-08-19
V0,2024,2024-06-28,2025-06-30,HOLDING,BMGB4,61186680000174,BANCO BMG S/A,Bancos,PASS,0.05459772453631144,6.512474610576927,5.626453594150095,18.773886762575852,1.2226446088312157,BMGB4,CONT_607_BMGB4_2025-04-03;CONT_608_BMGB4_2024-12-05;CONT_609_BMGB4_2024-10-22;CONT_610_BMGB4_2024-07-23
V0,2024,2024-06-28,2025-06-30,HOLDING,CMIG4,17155730000164,CIA ENERGETICA DE MINAS GERAIS - CEMIG,Energia,PASS,0.0039687565223531125,1.3649857831699739,1.208667359963542,21.733732050181853,0.2966623526372383,CMIG4,CMIG4_2024-08-26_DISTRIBUTION_384;CMIG4_2024-09-24_DISTRIBUTION_383;CMIG4_2024-12-26_DISTRIBUTION_382;CMIG4_2025-03-26_DISTRIBUTION_381;CMIG4_2025-05-02_DISTRIBUTION_380;CMIG4_2025-06-24_DISTRIBUTION_379
V0,2024,2024-06-28,2025-06-30,HOLDING,CPFE3,02429144000193,CPFL ENERGIA S.A.,Energia,PASS,0.002135739644517964,2.430925753969961,2.3689633324751043,33.97350344495382,0.8258706447692544,CPFE3,CONT_835_CPFE3_2025-04-30
V0,2024,2024-06-28,2025-06-30,HOLDING,CPLE6,76483817000120,CIA PARANAENSE DE ENERGIA - COPEL,Energia,PASS,0.00826160976656603,2.6719295686811027,2.813272750646228,44.750177210986706,1.1956932169375463,CPLE6,CONT_901_CPLE6_2025-04-25;CONT_902_CPLE6_2024-12-12;CONT_903_CPLE6_2024-10-01;CONT_904_CPLE6_2024-10-01
V0,2024,2024-06-28,2025-06-30,HOLDING,CSMG3,17281106000103,CIA SANEAMENTO DE MINAS GERAIS-COPASA MG,Saneamento,PASS,0.011609415425115042,8.433855816170666,8.813500348663233,43.66617343116958,3.6827421076238664,CSMG3,CONT_2468_CSMG3_2024-09-18;CONT_2469_CSMG3_2024-09-18;CONT_2470_CSMG3_2024-12-26;CONT_2471_CSMG3_2025-03-06;CONT_2472_CSMG3_2025-03-06;CONT_2473_CSMG3_2025-03-27;CONT_2474_CSMG3_2025-06-24
V0,2024,2024-06-28,2025-06-30,HOLDING,ELET3,00001180000126,CENTRAIS ELET BRAS S.A. - ELETROBRAS,Energia,PASS,0.0034824768974346483,4.341649740384618,3.706614054288819,17.369391906405916,0.7541181586108591,ELET3,CONT_87_ELET3_2025-04-30;CONT_88_ELET3_2024-12-30
V0,2024,2024-06-28,2025-06-30,HOLDING,EQTL3,03220438000173,EQUATORIAL S.A.,Energia,PASS,0.003764289569544746,4.017513019549549,3.5023433958014025,19.848803582596975,0.7974282681556508,EQTL3,CONT_1113_EQTL3_2025-05-02;CONT_1114_EQTL3_2025-05-02;CONT_1115_EQTL3_2025-01-14
V0,2024,2024-06-28,2025-06-30,HOLDING,ITUB4,60872504000123,ITAU UNIBANCO HOLDING S.A.,Bancos,PASS,0.0029502074739962683,3.325132609281674,3.2828730128611103,35.730479789604416,1.1880858349369343,ITUB4,ITUB4_2024-07-01_DISTRIBUTION_132;ITUB4_2024-08-01_DISTRIBUTION_131;ITUB4_2024-09-02_DISTRIBUTION_130;ITUB4_2024-09-20_DISTRIBUTION_129;ITUB4_2024-10-01_DISTRIBUTION_128;ITUB4_2024-11-01_DISTRIBUTION_127;ITUB4_2024-12-02_DISTRIBUTION_126;ITUB4_2024-12-10_DISTRIBUTION_125;ITUB4_2025-01-02_DISTRIBUTION_124;ITUB4_2025-02-03_DISTRIBUTION_123;ITUB4_2025-02-18_DISTRIBUTION_121;ITUB4_2025-02-18_DISTRIBUTION_122;ITUB4_2025-03-05_DISTRIBUTION_120;ITUB4_2025-03-18_SHARES_665;ITUB4_2025-04-01_DISTRIBUTION_119;ITUB4_2025-05-02_DISTRIBUTION_118;ITUB4_2025-06-02_DISTRIBUTION_117;ITUB4_2025-06-10_DISTRIBUTION_116
V0,2024,2024-06-28,2025-06-30,HOLDING,NEOE3,01083200000118,NEOENERGIA S.A.,Energia,PASS,0.0026669410593131346,1.7222758088621484,1.808670168858567,44.37398521083171,0.764242412714222,NEOE3,CONT_2043_NEOE3_2025-06-18;CONT_2044_NEOE3_2025-04-22;CONT_2045_NEOE3_2024-12-18;CONT_2046_NEOE3_2024-07-02
V0,2024,2024-06-28,2025-06-30,HOLDING,PSSA3,02149205000169,PORTO SEGURO S.A.,Seguros,PASS,0.01647723142266375,17.734635827551063,24.617349671689183,90.83203878634987,16.10873129349908,PSSA3,CONT_2809_PSSA3_2024-07-01;CONT_2814_PSSA3_2024-09-30;CONT_2817_PSSA3_2025-01-02;CONT_2823_PSSA3_2025-03-31;CONT_2824_PSSA3_2025-03-31;CONT_2825_PSSA3_2025-03-31;CONT_2834_PSSA3_2025-06-27
V0,2024,2024-06-28,2025-06-30,HOLDING,SANB4,90400888000142,BCO SANTANDER (BRASIL) S.A.,Bancos,PASS,0.005731936887013766,2.8763723878666156,2.369918447013924,13.27147632280441,0.38173708041140164,SANB4,CONT_2269_SANB4_2025-04-22;CONT_2270_SANB4_2025-01-23;CONT_2271_SANB4_2024-10-18;CONT_2272_SANB4_2024-10-18;CONT_2273_SANB4_2024-07-22
V0,2024,2024-06-28,2025-06-30,HOLDING,SAPR4,76484013000145,CIA SANEAMENTO DO PARANA - SANEPAR,Saneamento,PASS,0.03903543984267717,7.58836592578964,7.9021319890385024,43.16217396460424,3.275303701960076,SAPR4,CONT_2810_SAPR4_2024-07-01;CONT_2818_SAPR4_2025-01-02
V0,2024,2024-06-28,2025-06-30,HOLDING,TAEE4,07859971000130,TRANSMISSORA ALIANÇA DE ENERGIA ELÉTRICA S.A.,Energia,PASS,0.004707590342192743,1.8761202062800877,1.4677415166717742,7.552668076586766,0.1416971318981098,TAEE4,CONT_2392_TAEE4_2025-05-13;CONT_2393_TAEE4_2025-04-30;CONT_2394_TAEE4_2024-11-12;CONT_2395_TAEE4_2024-11-12;CONT_2396_TAEE4_2024-08-16;CONT_2397_TAEE4_2024-08-16
V0,2024,2024-06-28,2025-06-30,HOLDING,TBLE3,02474103000119,ENGIE BRASIL ENERGIA S.A.,Energia,PASS,0.0010927916102323441,1.6831406639851316,1.3254384422592231,8.260846981202086,0.13904167473020038,TBLE3,TBLE3_2024-08-22_DISTRIBUTION_338;TBLE3_2024-12-20_DISTRIBUTION_337;TBLE3_2025-05-07_DISTRIBUTION_336
V0,2024,2024-06-28,2025-06-30,HOLDING,TIMS3,02558115000121,TIM PARTICIPACOES S.A.,Telecom,INDETERMINATE,0.008434957951393226,4.658121370101392,5.180846234373004,52.905171125976395,2.4643870821078173,TIMS3,CONT_2813_TIMS3_2024-09-24;CONT_2815_TIMS3_2024-12-26;CONT_2819_TIMS3_2025-02-18;CONT_2826_TIMS3_2025-04-01;CONT_2827_TIMS3_2025-04-04;CONT_2828_TIMS3_2025-04-04;CONT_2829_TIMS3_2025-04-04;CONT_2831_TIMS3_2025-05-22
V0,2024,2024-06-28,2025-06-30,HOLDING,TRPL4,02998611000104,CTEEP - CIA TRANSMISSÃO ENERGIA ELÉTRICA PAULISTA,Energia,PASS,0.004799997891535135,4.383420642190648,3.1165380709432156,-2.2556734839565773,-0.09887565711617373,TRPL4,CONT_1370_TRPL4_2025-03-12;CONT_1371_TRPL4_2025-02-12;CONT_1372_TRPL4_2025-01-10
V0,2024,2024-06-28,2025-06-30,HOLDING,VIVT3,02558157000162,TELEFÔNICA BRASIL S.A,Telecom,PASS,0.003457193941599705,5.4510810465833215,5.786679259263692,45.94157960750556,2.5043127384857238,VIVT3,CONT_2811_VIVT3_2024-07-29;CONT_2812_VIVT3_2024-08-27;CONT_2816_VIVT3_2024-12-27;CONT_2820_VIVT3_2025-02-25;CONT_2821_VIVT3_2025-02-28;CONT_2822_VIVT3_2025-03-25;CONT_2830_VIVT3_2025-04-14;CONT_2832_VIVT3_2025-05-23;CONT_2833_VIVT3_2025-06-24;CONT_2863_VIVT3_2025-04-15
V0,2024,2024-06-28,2025-06-30,HOLDING,XPBR31,XP_SPINOFF,XP (cisão compulsória),Bancos,INDETERMINATE,6.19115971209704e-05,0.21056599771197979,0.18022458471147634,17.667915924997835,0.03720262344238545,XPBR31,XPBR31_2024-12-10_DISTRIBUTION_689
V0,2024,2024-06-28,2025-06-30,NUMERICAL_RESIDUAL,,,,,,,,,,1.056E-14,,
V0,2025,2025-06-30,2026-06-30,HOLDING,ABCB4,28195667000106,BCO ABC BRASIL S.A.,Bancos,PASS,0.004858354218653228,2.7516195021039094,2.6962213212893107,24.460099694299544,0.673048873422405,ABCB4,CONT_0_ABCB4_2026-06-30;CONT_1_ABCB4_2025-12-30;CONT_2_ABCB4_2025-07-01
V0,2025,2025-06-30,2026-06-30,HOLDING,BBAS3,00000000000191,BCO BRASIL S.A.,Bancos,PASS,0.0050492390413770455,2.8214136104414607,2.0406310404701573,-8.132750008560008,-0.22945851564469105,BBAS3,CONT_147_BBAS3_2026-06-02;CONT_148_BBAS3_2026-03-03;CONT_149_BBAS3_2026-02-24;CONT_150_BBAS3_2026-02-24;CONT_151_BBAS3_2025-12-03;CONT_152_BBAS3_2025-12-02
V0,2025,2025-06-30,2026-06-30,HOLDING,BBDC4,60746948000112,BCO BRADESCO S.A.,Bancos,PASS,0.004428456966424875,1.8853051520361606,1.7347604210935952,16.87478780970304,0.3181412439715012,BBDC4,BBDC4_2025-07-01_DISTRIBUTION_511;BBDC4_2025-07-02_DISTRIBUTION_512;BBDC4_2025-08-04_DISTRIBUTION_513;BBDC4_2025-09-02_DISTRIBUTION_514;BBDC4_2025-09-30_DISTRIBUTION_515;BBDC4_2025-10-02_DISTRIBUTION_516;BBDC4_2025-11-04_DISTRIBUTION_517;BBDC4_2025-12-02_DISTRIBUTION_518;BBDC4_2025-12-30_DISTRIBUTION_519;BBDC4_2026-01-05_DISTRIBUTION_497;BBDC4_2026-02-03_DISTRIBUTION_498;BBDC4_2026-03-03_DISTRIBUTION_499;BBDC4_2026-04-02_DISTRIBUTION_501;BBDC4_2026-04-07_DISTRIBUTION_500;BBDC4_2026-05-05_DISTRIBUTION_502;BBDC4_2026-06-02_DISTRIBUTION_503
V0,2025,2025-06-30,2026-06-30,HOLDING,BBSE3,17344597000194,BB SEGURIDADE PARTICIPAÇÕES S.A.,Seguros,PASS,0.007648682884269795,6.926515200049065,6.7964354644744285,24.63195011539947,1.706135768811647,BBSE3,CONT_2548_BBSE3_2026-02-13;CONT_2549_BBSE3_2025-08-15
V0,2025,2025-06-30,2026-06-30,HOLDING,BMGB4,61186680000174,BANCO BMG S/A,Bancos,PASS,0.06065902745059158,5.661961588321951,7.206633013416508,61.66964058132854,3.4917113613710273,BMGB4,CONT_602_BMGB4_2026-05-12;CONT_603_BMGB4_2025-12-23;CONT_604_BMGB4_2025-12-12;CONT_605_BMGB4_2025-11-12;CONT_606_BMGB4_2025-07-25
V0,2025,2025-06-30,2026-06-30,HOLDING,CMIG4,17155730000164,CIA ENERGETICA DE MINAS GERAIS - CEMIG,Energia,PASS,0.004452153265718635,1.2162951405637263,1.0255322603482833,7.096022013324554,0.0863085709213989,CMIG4,CMIG4_2025-09-30_DISTRIBUTION_378;CMIG4_2025-12-23_DISTRIBUTION_377;CMIG4_2025-12-26_DISTRIBUTION_376;CMIG4_2026-03-25_DISTRIBUTION_375;CMIG4_2026-05-04_DISTRIBUTION_374;CMIG4_2026-06-24_DISTRIBUTION_373
V0,2025,2025-06-30,2026-06-30,HOLDING,CPFE3,02429144000193,CPFL ENERGIA S.A.,Energia,PASS,0.002306465932174534,2.3839136266160392,2.2137652528251945,17.951653951343882,0.4279519247490435,CPFE3,CONT_834_CPFE3_2026-04-30
V0,2025,2025-06-30,2026-06-30,HOLDING,CPLE6,76483817000120,CIA PARANAENSE DE ENERGIA - COPEL,Energia,PASS,0.008982161619038897,2.831027037740614,3.089797867410664,38.627386802622254,1.0935517643548855,CPLE3,CONT_2378_CPLE3_2026-01-02;CONT_2379_CPLE3_2026-01-02;CONT_2380_CPLE3_2026-04-30;CPLE_PNA_ON_20251222;CPLE_PNB_PNA_20251110
V0,2025,2025-06-30,2026-06-30,HOLDING,CSMG3,17281106000103,CIA SANEAMENTO DE MINAS GERAIS-COPASA MG,Saneamento,PASS,0.012535539437253234,8.869121480834188,15.70809539340508,124.96031486667025,11.08288212835789,CSMG3,CONT_2475_CSMG3_2025-09-23;CONT_2476_CSMG3_2025-12-17;CONT_2477_CSMG3_2025-12-17;CONT_2478_CSMG3_2025-12-23;CONT_2479_CSMG3_2026-03-09;CONT_2480_CSMG3_2026-03-24;CONT_2481_CSMG3_2026-06-24
V0,2025,2025-06-30,2026-06-30,HOLDING,ELET3,00001180000126,CENTRAIS ELET BRAS S.A. - ELETROBRAS,Energia,PASS,0.0036662524796932275,3.7300061303158643,5.355881413649983,82.38301536255506,3.072891523362364,AXIA7;ELET3,AXIA_PNC_20251222;CONT_85_ELET3_2025-11-17;CONT_86_ELET3_2025-08-18
V0,2025,2025-06-30,2026-06-30,HOLDING,EQTL3,03220438000173,EQUATORIAL S.A.,Energia,PASS,0.0038745931837307714,3.5244463398326564,3.066862004180149,10.526474374766238,0.3709999408148708,EQTL3,CONT_1111_EQTL3_2025-12-30;CONT_1112_EQTL3_2025-11-06
V0,2025,2025-06-30,2026-06-30,HOLDING,ITUB4,60872504000123,ITAU UNIBANCO HOLDING S.A.,Bancos,PASS,0.0035344896067447326,3.3035909009334135,3.338992365085588,28.37845637192702,0.9375081025283396,ITUB4,ITUB4_2025-07-01_DISTRIBUTION_115;ITUB4_2025-08-01_DISTRIBUTION_114;ITUB4_2025-08-19_DISTRIBUTION_113;ITUB4_2025-09-01_DISTRIBUTION_112;ITUB4_2025-10-01_DISTRIBUTION_111;ITUB4_2025-11-03_DISTRIBUTION_110;ITUB4_2025-12-01_DISTRIBUTION_109;ITUB4_2025-12-10_DISTRIBUTION_107;ITUB4_2025-12-10_DISTRIBUTION_108;ITUB4_2025-12-26_SHARES_666;ITUB4_2026-01-02_DISTRIBUTION_106;ITUB4_2026-02-02_DISTRIBUTION_105;ITUB4_2026-03-02_DISTRIBUTION_104;ITUB4_2026-03-20_DISTRIBUTION_103;ITUB4_2026-04-01_DISTRIBUTION_102;ITUB4_2026-05-04_DISTRIBUTION_101;ITUB4_2026-06-01_DISTRIBUTION_100;ITUB4_2026-06-19_DISTRIBUTION_99
V0,2025,2025-06-30,2026-06-30,HOLDING,NEOE3,01083200000118,NEOENERGIA S.A.,Energia,PASS,0.002815046635783863,1.8200845080582027,2.077749679769838,44.99888264891317,0.8190176918921591,ABCB4;AXIA7;BBAS3;BBDC4;BBSE3;BMGB4;CMIG4;CPFE3;CPLE3;CSMG3;ELET3;EQTL3;ITUB4;PSSA3;SANB4;SAPR4;TAEE4;TBLE3;TIMS3;TRPL4;VIVT3;XPBR31,BBDC4_2026-06-02_DISTRIBUTION_503;CMIG4_2026-06-24_DISTRIBUTION_373;CONT_0_ABCB4_2026-06-30;CONT_147_BBAS3_2026-06-02;CONT_2041_NEOE3_2026-01-02;CONT_2042_NEOE3_2026-01-02;CONT_2481_CSMG3_2026-06-24;CONT_2855_VIVT3_2026-05-25;CONT_2856_VIVT3_2026-05-28;CONT_2857_PSSA3_2026-06-23;CONT_2858_TIMS3_2026-06-23;CONT_2859_VIVT3_2026-06-29;ITUB4_2026-06-01_DISTRIBUTION_100;ITUB4_2026-06-19_DISTRIBUTION_99;NEOE_REDEMPTION_20260515;XPBR31_2026-06-10_DISTRIBUTION_691
V0,2025,2025-06-30,2026-06-30,HOLDING,PSSA3,02149205000169,PORTO SEGURO S.A.,Seguros,PASS,0.01774145706976582,24.772707339541927,19.85776398389127,1.8168970234863524,0.45009458228912125,PSSA3,CONT_2840_PSSA3_2025-09-26;CONT_2846_PSSA3_2025-12-29;CONT_2852_PSSA3_2026-03-31;CONT_2853_PSSA3_2026-04-01;CONT_2857_PSSA3_2026-06-23
V0,2025,2025-06-30,2026-06-30,HOLDING,SANB4,90400888000142,BCO SANTANDER (BRASIL) S.A.,Bancos,PASS,0.006118117741403434,2.3848747687885914,1.8347233908763534,-2.2834773849482737,-0.05445807600462487,SANB4,CONT_2264_SANB4_2026-04-22;CONT_2265_SANB4_2026-01-21;CONT_2266_SANB4_2026-01-05;CONT_2267_SANB4_2025-10-22;CONT_2268_SANB4_2025-07-18
V0,2025,2025-06-30,2026-06-30,HOLDING,SAPR4,76484013000145,CIA SANEAMENTO DO PARANA - SANEPAR,Saneamento,PASS,0.04163747602752431,7.95200156530298,6.239771641392949,-0.3321192799032313,-0.026410130336577825,SAPR4,CONT_2835_SAPR4_2025-07-01;CONT_2848_SAPR4_2026-01-02
V0,2025,2025-06-30,2026-06-30,HOLDING,TAEE4,07859971000130,TRANSMISSORA ALIANÇA DE ENERGIA ELÉTRICA S.A.,Energia,PASS,0.00504229310583047,1.4770042887443913,1.4544167419361622,25.074879578504316,0.3703570467720003,TAEE4,CONT_2386_TAEE4_2026-05-12;CONT_2387_TAEE4_2026-04-30;CONT_2388_TAEE4_2025-11-17;CONT_2389_TAEE4_2025-11-17;CONT_2390_TAEE4_2025-08-19;CONT_2391_TAEE4_2025-08-19
V0,2025,2025-06-30,2026-06-30,HOLDING,TBLE3,02474103000119,ENGIE BRASIL ENERGIA S.A.,Energia,PASS,0.001161168186095209,1.3338031536525288,1.172714119467334,11.67691254998202,0.15574702784090808,TBLE3,TBLE3_2025-08-22_DISTRIBUTION_335;TBLE3_2025-11-27_SHARES_676;TBLE3_2025-12-19_DISTRIBUTION_334;TBLE3_2026-05-05_DISTRIBUTION_333
V0,2025,2025-06-30,2026-06-30,HOLDING,TIMS3,02558115000121,TIM PARTICIPACOES S.A.,Telecom,PASS,0.009347149239957645,5.21354204440984,4.370881766288828,6.487630450354365,0.33823534121515975,TIMS3,CONT_2836_TIMS3_2025-07-28;CONT_2841_TIMS3_2025-09-29;CONT_2844_TIMS3_2025-12-22;CONT_2845_TIMS3_2025-12-23;CONT_2850_TIMS3_2026-03-24;CONT_2858_TIMS3_2026-06-23;CONT_2864_TIMS3_2025-07-03
V0,2025,2025-06-30,2026-06-30,HOLDING,TRPL4,02998611000104,CTEEP - CIA TRANSMISSÃO ENERGIA ELÉTRICA PAULISTA,Energia,INDETERMINATE,0.005348673312336816,3.1362062355886096,3.2007689854966976,29.632143095936403,0.9293251195132971,TRPL4,CONT_1361_TRPL4_2026-04-20;CONT_1362_TRPL4_2026-04-06;CONT_1363_TRPL4_2026-03-13;CONT_1364_TRPL4_2026-02-27;CONT_1365_TRPL4_2026-01-30;CONT_1366_TRPL4_2025-12-30;CONT_1367_TRPL4_2025-12-18;CONT_1368_TRPL4_2025-11-25;CONT_1369_TRPL4_2025-10-31
V0,2025,2025-06-30,2026-06-30,HOLDING,VIVT3,02558157000162,TELEFÔNICA BRASIL S.A,Telecom,PASS,0.0074524414172087786,5.823198421818585,5.405702587373537,17.910788568913194,1.0429807572802166,VIVT3,CONT_2837_VIVT3_2025-07-28;CONT_2838_VIVT3_2025-08-26;CONT_2839_VIVT3_2025-09-23;CONT_2842_VIVT3_2025-10-28;CONT_2843_VIVT3_2025-11-25;CONT_2847_VIVT3_2025-12-30;CONT_2849_VIVT3_2026-02-24;CONT_2851_VIVT3_2026-03-26;CONT_2854_VIVT3_2026-04-28;CONT_2855_VIVT3_2026-05-25;CONT_2856_VIVT3_2026-05-28;CONT_2859_VIVT3_2026-06-29
V0,2025,2025-06-30,2026-06-30,HOLDING,XPBR31,XP_SPINOFF,XP (cisão compulsória),Bancos,INDETERMINATE,6.544087201111028e-05,0.18136196430529605,0.1118992858580965,-21.63103907293512,-0.039230477362321235,XPBR31,XPBR31_2025-12-10_DISTRIBUTION_690;XPBR31_2026-06-10_DISTRIBUTION_691
V0,2025,2025-06-30,2026-06-30,NUMERICAL_RESIDUAL,,,,,,,,,,-1.3000E-14,,
V10,2014,2014-06-30,2015-06-30,HOLDING,BBDC4,60746948000112,BCO BRADESCO S.A.,Bancos,PASS,0.0031201248049922002,10.0,11.304965960058823,10.628532202254792,1.0628532202254792,BBDC4,BBDC4_2014-07-02_DISTRIBUTION_332;BBDC4_2014-08-04_DISTRIBUTION_331;BBDC4_2014-09-02_DISTRIBUTION_330;BBDC4_2014-10-02_DISTRIBUTION_329;BBDC4_2014-11-04_DISTRIBUTION_328;BBDC4_2014-12-02_DISTRIBUTION_327;BBDC4_2014-12-23_DISTRIBUTION_326;BBDC4_2015-01-05_DISTRIBUTION_325;BBDC4_2015-02-03_DISTRIBUTION_324;BBDC4_2015-02-10_DISTRIBUTION_323;BBDC4_2015-03-03_DISTRIBUTION_322;BBDC4_2015-03-27_SHARES_667;BBDC4_2015-04-02_DISTRIBUTION_321;BBDC4_2015-05-05_DISTRIBUTION_320;BBDC4_2015-06-02_DISTRIBUTION_319;BBDC4_2015-06-23_DISTRIBUTION_318
V10,2014,2014-06-30,2015-06-30,HOLDING,CMIG4,17155730000164,CIA ENERGETICA DE MINAS GERAIS - CEMIG,Energia,PASS,0.006195786864931847,10.0,8.356134982840322,-18.22824134972201,-1.8228241349722007,CMIG4,CMIG4_2014-11-10_DISTRIBUTION_637;CMIG4_2014-12-29_DISTRIBUTION_638;CMIG4_2015-05-04_DISTRIBUTION_639
V10,2014,2014-06-30,2015-06-30,HOLDING,CSMG3,17281106000103,CIA SANEAMENTO DE MINAS GERAIS-COPASA MG,Saneamento,PASS,0.0024691358024691358,10.0,3.497735237004723,-65.77173990005318,-6.57717399000532,CSMG3,B00S_CSMG3_2014-09-23_DISTRIBUTION_60;B00S_CSMG3_2015-03-25_DISTRIBUTION_59;B00S_CSMG3_2015-05-12_DISTRIBUTION_58
V10,2014,2014-06-30,2015-06-30,HOLDING,ITUB4,60872504000123,ITAU UNIBANCO HOLDING S.A.,Bancos,PASS,0.0031279324366593683,10.0,11.375134730771151,11.315192218549175,1.1315192218549166,ITUB4,ITUB4_2014-07-01_DISTRIBUTION_295;ITUB4_2014-08-01_DISTRIBUTION_294;ITUB4_2014-08-14_DISTRIBUTION_293;ITUB4_2014-09-01_DISTRIBUTION_292;ITUB4_2014-10-01_DISTRIBUTION_291;ITUB4_2014-11-03_DISTRIBUTION_290;ITUB4_2014-12-01_DISTRIBUTION_289;ITUB4_2015-01-02_DISTRIBUTION_288;ITUB4_2015-02-02_DISTRIBUTION_287;ITUB4_2015-02-11_DISTRIBUTION_285;ITUB4_2015-02-11_DISTRIBUTION_286;ITUB4_2015-03-02_DISTRIBUTION_284;ITUB4_2015-04-01_DISTRIBUTION_283;ITUB4_2015-05-04_DISTRIBUTION_282;ITUB4_2015-06-01_DISTRIBUTION_281
V10,2014,2014-06-30,2015-06-30,HOLDING,PSSA3,02149205000169,PORTO SEGURO S.A.,Seguros,PASS,0.006277463904582549,20.0,27.79824918037471,36.01454066657732,7.202908133315466,PSSA3,B00S_PSSA3_2014-10-30_DISTRIBUTION_67;B00S_PSSA3_2014-12-23_DISTRIBUTION_66;B00S_PSSA3_2015-03-30_DISTRIBUTION_65
V10,2014,2014-06-30,2015-06-30,HOLDING,SBSP3,43776517000180,CIA SANEAMENTO BASICO EST SAO PAULO,Saneamento,PASS,0.004246284501061571,10.0,7.304123937269087,-28.52304791909088,-2.8523047919090883,SBSP3,B00S_SBSP3_2015-04-07_DISTRIBUTION_68
V10,2014,2014-06-30,2015-06-30,HOLDING,TBLE3,02474103000119,ENGIE BRASIL ENERGIA S.A.,Energia,PASS,0.0030303030303030303,10.0,11.177886397953253,9.384952568462479,0.9384952568462488,TBLE3,TBLE3_2014-09-12_DISTRIBUTION_372;TBLE3_2014-11-11_DISTRIBUTION_371;TBLE3_2014-11-26_DISTRIBUTION_370;TBLE3_2015-05-11_DISTRIBUTION_369
V10,2014,2014-06-30,2015-06-30,HOLDING,TIMP3,02558115000121,TIM PARTICIPACOES S.A.,Telecom,PASS,0.007739938080495357,10.0,8.236938799862179,-19.39467553568701,-1.939467553568701,TIMP3,B00S_TIMP3_2015-05-13_DISTRIBUTION_85
V10,2014,2014-06-30,2015-06-30,HOLDING,VIVT4,02558157000162,TELEFÔNICA BRASIL S.A,Telecom,PASS,0.0022222222222222222,10.0,10.948830773865755,7.143452012423701,0.7143452012423696,VIVT4,B00S_VIVT4_2014-08-01_DISTRIBUTION_82;B00S_VIVT4_2014-09-01_DISTRIBUTION_81;B00S_VIVT4_2014-10-01_DISTRIBUTION_80;B00S_VIVT4_2014-11-03_DISTRIBUTION_79;B00S_VIVT4_2014-12-01_DISTRIBUTION_78;B00S_VIVT4_2015-01-02_DISTRIBUTION_77;B00S_VIVT4_2015-02-11_DISTRIBUTION_76;B00S_VIVT4_2015-04-10_DISTRIBUTION_75;B00S_VIVT4_2015-05-26_DISTRIBUTION_73;B00S_VIVT4_2015-05-26_DISTRIBUTION_74
V10,2014,2014-06-30,2015-06-30,NUMERICAL_RESIDUAL,,,,,,,,,,2.8E-15,,
V10,2015,2015-06-30,2016-06-30,HOLDING,BBDC4,60746948000112,BCO BRADESCO S.A.,Bancos,PASS,0.003881702884289642,11.304965960058823,11.827674655402264,2.9616325386228715,0.33481155035334187,BBDC4,BBDC4_2015-07-02_DISTRIBUTION_317;BBDC4_2015-08-04_DISTRIBUTION_316;BBDC4_2015-09-02_DISTRIBUTION_315;BBDC4_2015-10-02_DISTRIBUTION_314;BBDC4_2015-11-04_DISTRIBUTION_313;BBDC4_2015-12-02_DISTRIBUTION_312;BBDC4_2015-12-17_DISTRIBUTION_311;BBDC4_2016-01-05_DISTRIBUTION_310;BBDC4_2016-02-02_DISTRIBUTION_309;BBDC4_2016-03-02_DISTRIBUTION_308;BBDC4_2016-04-04_DISTRIBUTION_307;BBDC4_2016-04-18_SHARES_668;BBDC4_2016-05-03_DISTRIBUTION_306;BBDC4_2016-06-02_DISTRIBUTION_305;BBDC4_2016-06-23_DISTRIBUTION_304
V10,2015,2015-06-30,2016-06-30,HOLDING,CMIG4,17155730000164,CIA ENERGETICA DE MINAS GERAIS - CEMIG,Energia,PASS,0.006894751994121248,8.356134982840322,5.633813951290097,-33.6497806032381,-2.8118210886361963,CMIG4,CMIG4_2016-01-04_DISTRIBUTION_640;CMIG4_2016-05-02_DISTRIBUTION_641
V10,2015,2015-06-30,2016-06-30,HOLDING,CSMG3,17281106000103,CIA SANEAMENTO DE MINAS GERAIS-COPASA MG,Saneamento,PASS,0.002496590816918075,3.497735237004723,7.7538129841506676,118.15928366388184,4.132898900503961,CSMG3,CONT_992_CSMG3_2016-05-12;CONT_993_CSMG3_2015-11-12;CONT_994_CSMG3_2015-08-12
V10,2015,2015-06-30,2016-06-30,HOLDING,ITUB4,60872504000123,ITAU UNIBANCO HOLDING S.A.,Bancos,PASS,0.0032529278848202566,11.375134730771151,11.87162279157259,2.706717352847976,0.30789274566761893,ITUB4,ITUB4_2015-07-01_DISTRIBUTION_280;ITUB4_2015-07-14_SHARES_662;ITUB4_2015-08-03_DISTRIBUTION_279;ITUB4_2015-08-13_DISTRIBUTION_278;ITUB4_2015-09-01_DISTRIBUTION_277;ITUB4_2015-10-01_DISTRIBUTION_276;ITUB4_2015-11-03_DISTRIBUTION_275;ITUB4_2015-12-01_DISTRIBUTION_274;ITUB4_2015-12-10_DISTRIBUTION_273;ITUB4_2016-01-04_DISTRIBUTION_272;ITUB4_2016-02-01_DISTRIBUTION_271;ITUB4_2016-02-19_DISTRIBUTION_269;ITUB4_2016-02-19_DISTRIBUTION_270;ITUB4_2016-03-01_DISTRIBUTION_268;ITUB4_2016-04-01_DISTRIBUTION_267;ITUB4_2016-05-02_DISTRIBUTION_266;ITUB4_2016-06-01_DISTRIBUTION_265
V10,2015,2015-06-30,2016-06-30,HOLDING,PSSA3,02149205000169,PORTO SEGURO S.A.,Seguros,PASS,0.006570750756839485,27.79824918037471,18.97640637404272,-32.81971565683103,-9.123306338576342,PSSA3,CONT_2159_PSSA3_2016-03-30;CONT_2160_PSSA3_2015-12-14;CONT_2161_PSSA3_2015-10-29
V10,2015,2015-06-30,2016-06-30,HOLDING,SBSP3,43776517000180,CIA SANEAMENTO BASICO EST SAO PAULO,Saneamento,PASS,0.004331936489752068,7.304123937269087,13.206751299757848,77.93983151674848,5.692821890482022,SBSP3,CONT_2263_SBSP3_2016-04-06
V10,2015,2015-06-30,2016-06-30,HOLDING,TBLE3,02474103000119,ENGIE BRASIL ENERGIA S.A.,Energia,PASS,0.0031993259013881983,11.177886397953253,13.198214178116082,16.198571593595588,1.8106579308232407,TBLE3,TBLE3_2015-08-21_DISTRIBUTION_368;TBLE3_2015-11-24_DISTRIBUTION_367;TBLE3_2016-05-11_DISTRIBUTION_366
V10,2015,2015-06-30,2016-06-30,HOLDING,TIMP3,02558115000121,TIM PARTICIPACOES S.A.,Telecom,PASS,0.007871613717218066,8.236938799862179,5.733254162767904,-31.501562500000013,-2.5947644241253354,TIMP3,TIMP_GROSS_2016-04-13
V10,2015,2015-06-30,2016-06-30,HOLDING,VIVT4,02558157000162,TELEFÔNICA BRASIL S.A,Telecom,PASS,0.002459675206896779,10.948830773865755,11.798449602899835,6.048006162388164,0.6621859599128529,VIVT4,CONT_2793_VIVT4_2016-05-02;CONT_2794_VIVT4_2016-04-29;CONT_2795_VIVT4_2016-04-01;CONT_2796_VIVT4_2016-03-01;CONT_2797_VIVT4_2016-01-04;CONT_2798_VIVT4_2015-12-01;CONT_2799_VIVT4_2015-11-03;CONT_2800_VIVT4_2015-10-01;CONT_2801_VIVT4_2015-09-01;CONT_2802_VIVT4_2015-08-03
V10,2015,2015-06-30,2016-06-30,NUMERICAL_RESIDUAL,,,,,,,,,,3.0E-16,,
V10,2016,2016-06-30,2017-06-30,HOLDING,BBDC4,60746948000112,BCO BRADESCO S.A.,Bancos,PASS,0.004903864040371179,12.821857507638862,13.83947269004969,27.86852354038498,3.573262377830955,BBDC4,BBDC4_2016-07-04_DISTRIBUTION_303;BBDC4_2016-08-02_DISTRIBUTION_302;BBDC4_2016-09-02_DISTRIBUTION_301;BBDC4_2016-10-03_DISTRIBUTION_300;BBDC4_2016-10-04_DISTRIBUTION_299;BBDC4_2016-11-03_DISTRIBUTION_298;BBDC4_2016-12-02_DISTRIBUTION_297;BBDC4_2016-12-22_DISTRIBUTION_296;BBDC4_2017-01-03_DISTRIBUTION_623;BBDC4_2017-02-02_DISTRIBUTION_624;BBDC4_2017-03-02_DISTRIBUTION_625;BBDC4_2017-04-04_DISTRIBUTION_626;BBDC4_2017-05-02_SHARES_669;BBDC4_2017-05-03_DISTRIBUTION_627;BBDC4_2017-06-02_DISTRIBUTION_628
V10,2016,2016-06-30,2017-06-30,HOLDING,CMIG4,17155730000164,CIA ENERGETICA DE MINAS GERAIS - CEMIG,Energia,PASS,0.008079154221844543,6.107367831173466,6.119024606176953,18.69247230514528,1.1416180404154517,CMIG4,CMIG4_2016-12-27_DISTRIBUTION_642;CMIG4_2017-05-15_DISTRIBUTION_643
V10,2016,2016-06-30,2017-06-30,HOLDING,ITUB4,60872504000123,ITAU UNIBANCO HOLDING S.A.,Bancos,PASS,0.004090366634759497,12.869499732853846,15.223863005756348,40.13875527179589,5.165657002474632,ITUB4,ITUB4_2016-07-01_DISTRIBUTION_264;ITUB4_2016-08-01_DISTRIBUTION_263;ITUB4_2016-08-15_DISTRIBUTION_262;ITUB4_2016-09-01_DISTRIBUTION_261;ITUB4_2016-10-03_DISTRIBUTION_260;ITUB4_2016-10-18_SHARES_663;ITUB4_2016-11-01_DISTRIBUTION_259;ITUB4_2016-12-01_DISTRIBUTION_258;ITUB4_2016-12-23_DISTRIBUTION_257;ITUB4_2017-01-02_DISTRIBUTION_256;ITUB4_2017-02-01_DISTRIBUTION_255;ITUB4_2017-02-21_DISTRIBUTION_254;ITUB4_2017-03-01_DISTRIBUTION_253;ITUB4_2017-04-03_DISTRIBUTION_252;ITUB4_2017-05-02_DISTRIBUTION_251;ITUB4_2017-06-01_DISTRIBUTION_250
V10,2016,2016-06-30,2017-06-30,HOLDING,PSSA3,02149205000169,PORTO SEGURO S.A.,Seguros,PASS,0.007406021397746457,20.57148050009078,20.661110417452463,18.98252031074923,3.9049854641515496,PSSA3,CONT_2157_PSSA3_2016-12-21;CONT_2158_PSSA3_2016-10-28
V10,2016,2016-06-30,2017-06-30,HOLDING,SBSP3,43776517000180,CIA SANEAMENTO BASICO EST SAO PAULO,Saneamento,PASS,0.004741288411802504,14.316853332364536,13.648142177821722,12.933039208588681,1.85160425491084,SBSP3,CONT_2262_SBSP3_2017-04-11
V10,2016,2016-06-30,2017-06-30,HOLDING,TBLE3,02474103000119,ENGIE BRASIL ENERGIA S.A.,Energia,PASS,0.0035966468451980073,14.307598617434913,11.364991572915587,-5.89830987587302,-0.8439065022524358,TBLE3,TBLE3_2016-08-09_DISTRIBUTION_365;TBLE3_2016-11-11_DISTRIBUTION_364;TBLE3_2017-05-30_DISTRIBUTION_363
V10,2016,2016-06-30,2017-06-30,HOLDING,TIMP3,02558115000121,TIM PARTICIPACOES S.A.,Telecom,PASS,0.008750641062151227,6.2151665540201035,7.553158187292848,43.96962142197598,2.7327852045479104,TIMP3,TIMP_GROSS_2017-04-20
V10,2016,2016-06-30,2017-06-30,HOLDING,VIVT4,02558157000162,TELEFÔNICA BRASIL S.A,Telecom,PASS,0.0027994134320056996,12.790175924423496,11.590237342534403,7.352179252844859,0.9403566607178233,VIVT4,CONT_2787_VIVT4_2017-04-27;CONT_2788_VIVT4_2017-04-03;CONT_2789_VIVT4_2017-03-01;CONT_2790_VIVT4_2017-01-02;CONT_2791_VIVT4_2016-10-03;CONT_2792_VIVT4_2016-07-01
V10,2016,2016-06-30,2017-06-30,NUMERICAL_RESIDUAL,,,,,,,,,,-6.2E-15,,
V10,2017,2017-06-30,2018-06-29,HOLDING,BBDC4,60746948000112,BCO BRADESCO S.A.,Bancos,PASS,0.005048029769925468,12.45552542104472,12.122701414232855,9.08329209694687,1.1313717562029624,BBDC4,BBDC4_2017-07-03_DISTRIBUTION_629;BBDC4_2017-07-04_DISTRIBUTION_630;BBDC4_2017-08-02_DISTRIBUTION_631;BBDC4_2017-09-04_DISTRIBUTION_632;BBDC4_2017-10-03_DISTRIBUTION_633;BBDC4_2017-11-03_DISTRIBUTION_634;BBDC4_2017-12-04_DISTRIBUTION_635;BBDC4_2017-12-26_DISTRIBUTION_636;BBDC4_2018-01-03_DISTRIBUTION_609;BBDC4_2018-02-02_DISTRIBUTION_610;BBDC4_2018-03-02_DISTRIBUTION_611;BBDC4_2018-04-02_SHARES_670;BBDC4_2018-04-03_DISTRIBUTION_612;BBDC4_2018-05-03_DISTRIBUTION_613;BBDC4_2018-06-04_DISTRIBUTION_614
V10,2017,2017-06-30,2018-06-29,HOLDING,CMIG4,17155730000164,CIA ENERGETICA DE MINAS GERAIS - CEMIG,Energia,PASS,0.007775916752138664,5.507122145559257,4.843115631463513,-1.4353896531342225,-0.07904866146282112,CMIG4,CMIG2_2017-10-30_RIGHT_REINVEST_685;CMIG4_2017-10-27_RIGHT_684;CMIG4_2018-05-02_DISTRIBUTION_644
V10,2017,2017-06-30,2018-06-29,HOLDING,ITUB4,60872504000123,ITAU UNIBANCO HOLDING S.A.,Bancos,PASS,0.004253518121792955,13.701476705180713,14.225025383459485,16.3607612049679,2.2416658852889193,ITUB4,ITUB4_2017-07-03_DISTRIBUTION_249;ITUB4_2017-08-01_DISTRIBUTION_248;ITUB4_2017-08-15_DISTRIBUTION_247;ITUB4_2017-09-01_DISTRIBUTION_246;ITUB4_2017-10-02_DISTRIBUTION_245;ITUB4_2017-11-01_DISTRIBUTION_244;ITUB4_2017-12-01_DISTRIBUTION_243;ITUB4_2017-12-15_DISTRIBUTION_242;ITUB4_2018-01-02_DISTRIBUTION_241;ITUB4_2018-02-01_DISTRIBUTION_240;ITUB4_2018-02-16_DISTRIBUTION_238;ITUB4_2018-02-16_DISTRIBUTION_239;ITUB4_2018-03-01_DISTRIBUTION_237;ITUB4_2018-04-02_DISTRIBUTION_236;ITUB4_2018-05-02_DISTRIBUTION_235;ITUB4_2018-06-01_DISTRIBUTION_234
V10,2017,2017-06-30,2018-06-29,HOLDING,PSSA3,02149205000169,PORTO SEGURO S.A.,Seguros,PASS,0.006930604124454267,18.594999375707214,24.403243341140065,47.08631336048399,8.755699675425541,PSSA3,CONT_2152_PSSA3_2018-06-28;CONT_2153_PSSA3_2018-05-29;CONT_2154_PSSA3_2018-04-02;CONT_2155_PSSA3_2017-10-31;CONT_2156_PSSA3_2017-07-03
V10,2017,2017-06-30,2018-06-29,HOLDING,SAPR4,76484013000145,CIA SANEAMENTO DO PARANA - SANEPAR,Saneamento,PASS,0.010466747713672096,10.0,7.801811607172803,-12.558753630225938,-1.2558753630225938,SAPR4,CONT_2239_SAPR4_2018-04-27;CONT_2240_SAPR4_2018-01-02;CONT_2241_SAPR4_2017-07-03
V10,2017,2017-06-30,2018-06-29,HOLDING,SBSP3,43776517000180,CIA SANEAMENTO BASICO EST SAO PAULO,Saneamento,PASS,0.004426325943708498,12.28332796003955,8.29833688650211,-24.282564786407345,-2.982707069823491,SBSP3,CONT_2261_SBSP3_2018-04-30
V10,2017,2017-06-30,2018-06-29,HOLDING,TBLE3,02474103000119,ENGIE BRASIL ENERGIA S.A.,Energia,PASS,0.003440281959612153,10.228492415624029,10.030584211549908,9.909563016693678,1.013598901583996,TBLE3,TBLE3_2017-08-10_DISTRIBUTION_362;TBLE3_2017-11-10_DISTRIBUTION_361;TBLE3_2018-04-24_DISTRIBUTION_360
V10,2017,2017-06-30,2018-06-29,HOLDING,TIMP3,02558115000121,TIM PARTICIPACOES S.A.,Telecom,PASS,0.007921850680825527,6.797842368563562,8.299964722124095,36.844087191203045,2.504602969394101,TIMP3,TIMP_GROSS_2017-11-16;TIMP_GROSS_2018-04-20;TIMP_GROSS_2018-05-14
V10,2017,2017-06-30,2018-06-29,HOLDING,VIVT4,02558157000162,TELEFÔNICA BRASIL S.A,Telecom,PASS,0.002650493552159845,10.431213608280963,9.975216802355163,7.178675268417911,0.7488229514935082,VIVT4,CONT_2783_VIVT4_2018-04-13;CONT_2784_VIVT4_2017-12-27;CONT_2785_VIVT4_2017-10-02;CONT_2786_VIVT4_2017-07-03
V10,2017,2017-06-30,2018-06-29,NUMERICAL_RESIDUAL,,,,,,,,,,8.02E-15,,
V10,2018,2018-06-29,2019-06-28,HOLDING,BBDC4,60746948000112,BCO BRADESCO S.A.,Bancos,PASS,0.005186194166970402,10.910431272809571,12.522852598210633,74.07709790268065,8.082130855563832,BBDC4,BBDC4_2018-07-02_DISTRIBUTION_615;BBDC4_2018-07-03_DISTRIBUTION_616;BBDC4_2018-08-02_DISTRIBUTION_617;BBDC4_2018-09-04_DISTRIBUTION_618;BBDC4_2018-10-02_DISTRIBUTION_619;BBDC4_2018-11-05_DISTRIBUTION_620;BBDC4_2018-12-04_DISTRIBUTION_621;BBDC4_2018-12-26_DISTRIBUTION_622;BBDC4_2019-01-03_DISTRIBUTION_594;BBDC4_2019-02-04_DISTRIBUTION_595;BBDC4_2019-03-06_DISTRIBUTION_596;BBDC4_2019-04-01_SHARES_671;BBDC4_2019-04-02_DISTRIBUTION_597;BBDC4_2019-05-03_DISTRIBUTION_598;BBDC4_2019-06-04_DISTRIBUTION_600
V10,2018,2018-06-29,2019-06-28,HOLDING,BBSE3,17344597000194,BB SEGURIDADE PARTICIPAÇÕES S.A.,Seguros,PASS,0.005227604001786264,10.000000000000002,9.168157124857697,39.047227802896664,3.904722780289668,BBSE3,CONT_269_BBSE3_2019-02-15;CONT_270_BBSE3_2018-12-12;CONT_271_BBSE3_2018-08-10
V10,2018,2018-06-29,2019-06-28,HOLDING,CMIG4,17155730000164,CIA ENERGETICA DE MINAS GERAIS - CEMIG,Energia,PASS,0.007634904724719671,4.358804068317162,6.10033643721066,112.25929955269294,4.893162915967129,CMIG4,CMIG4_2018-12-26_DISTRIBUTION_645;CMIG4_2019-05-06_DISTRIBUTION_646
V10,2018,2018-06-29,2019-06-28,HOLDING,ITUB4,60872504000123,ITAU UNIBANCO HOLDING S.A.,Bancos,PASS,0.004058063140397939,12.802522845113536,12.211061114299014,44.656559744157235,5.717166263087505,ITUB4,ITUB4_2018-07-02_DISTRIBUTION_233;ITUB4_2018-08-01_DISTRIBUTION_232;ITUB4_2018-08-20_DISTRIBUTION_230;ITUB4_2018-08-20_DISTRIBUTION_231;ITUB4_2018-09-03_DISTRIBUTION_229;ITUB4_2018-10-01_DISTRIBUTION_228;ITUB4_2018-11-01_DISTRIBUTION_227;ITUB4_2018-11-21_SHARES_664;ITUB4_2018-12-03_DISTRIBUTION_226;ITUB4_2018-12-18_DISTRIBUTION_225;ITUB4_2019-01-02_DISTRIBUTION_224;ITUB4_2019-02-01_DISTRIBUTION_223;ITUB4_2019-02-22_DISTRIBUTION_221;ITUB4_2019-02-22_DISTRIBUTION_222;ITUB4_2019-03-01_DISTRIBUTION_220;ITUB4_2019-04-01_DISTRIBUTION_219;ITUB4_2019-05-02_DISTRIBUTION_218;ITUB4_2019-06-03_DISTRIBUTION_217
V10,2018,2018-06-29,2019-06-28,HOLDING,PSSA3,02149205000169,PORTO SEGURO S.A.,Seguros,PASS,0.006903482848877153,21.962919007026063,19.525957228351654,34.834975533101776,7.650777462452489,PSSA3,CONT_2148_PSSA3_2019-06-26;CONT_2149_PSSA3_2019-04-01;CONT_2150_PSSA3_2018-11-27;CONT_2151_PSSA3_2018-11-07
V10,2018,2018-06-29,2019-06-28,HOLDING,SAPR4,76484013000145,CIA SANEAMENTO DO PARANA - SANEPAR,Saneamento,PASS,0.009998175742500705,7.021630446455523,8.213441329873703,77.40566254246724,5.435139568362498,SAPR4,CONT_2236_SAPR4_2019-04-25;CONT_2237_SAPR4_2019-01-02;CONT_2238_SAPR4_2018-07-03
V10,2018,2018-06-29,2019-06-28,HOLDING,SBSP3,43776517000180,CIA SANEAMENTO BASICO EST SAO PAULO,Saneamento,PASS,0.004100371603352093,7.468503197851899,10.241156444239577,107.96761736842586,8.063564955805388,SBSP3,CONT_2260_SBSP3_2019-04-30
V10,2018,2018-06-29,2019-06-28,HOLDING,TBLE3,02474103000119,ENGIE BRASIL ENERGIA S.A.,Energia,PASS,0.00337225939389558,9.027525790394918,10.338743804100316,73.69180277083038,6.652546500543669,TBLE3,TBLE3_2018-08-21_DISTRIBUTION_359;TBLE3_2018-11-13_DISTRIBUTION_358;TBLE3_2018-12-12_SHARES_675;TBLE3_2018-12-27_DISTRIBUTION_357;TBLE3_2019-05-07_DISTRIBUTION_356
V10,2018,2018-06-29,2019-06-28,HOLDING,TIMP3,02558115000121,TIM PARTICIPACOES S.A.,Telecom,PASS,0.0072470703984558495,7.469968249911686,4.438028113319687,-9.894442070852483,-0.7391116811985845,TIMP3,TIMP_GROSS_2018-07-26;TIMP_GROSS_2019-01-03
V10,2018,2018-06-29,2019-06-28,HOLDING,VIVT4,02558157000162,TELEFÔNICA BRASIL S.A,Telecom,PASS,0.0025097347678372296,8.977695122119647,7.2402658055370654,22.312246953066616,2.0031255063407514,VIVT4,CONT_2777_VIVT4_2019-05-02;CONT_2778_VIVT4_2019-04-12;CONT_2779_VIVT4_2019-03-01;CONT_2780_VIVT4_2018-12-18;CONT_2781_VIVT4_2018-09-18;CONT_2782_VIVT4_2018-07-02
V10,2018,2018-06-29,2019-06-28,NUMERICAL_RESIDUAL,,,,,,,,,,5.1E-15,,
V10,2019,2019-06-28,2020-06-30,HOLDING,BBDC4,60746948000112,BCO BRADESCO S.A.,Bancos,PASS,0.006434885066287197,12.522852598210633,8.273691111279234,-35.88439938793194,-4.493750441103916,BBDC4,BBDC4_2019-07-01_DISTRIBUTION_599;BBDC4_2019-07-02_DISTRIBUTION_601;BBDC4_2019-08-02_DISTRIBUTION_602;BBDC4_2019-09-03_DISTRIBUTION_603;BBDC4_2019-10-02_DISTRIBUTION_605;BBDC4_2019-10-18_DISTRIBUTION_604;BBDC4_2019-11-04_DISTRIBUTION_606;BBDC4_2019-12-03_DISTRIBUTION_607;BBDC4_2019-12-20_DISTRIBUTION_608;BBDC4_2020-01-03_DISTRIBUTION_580;BBDC4_2020-02-04_DISTRIBUTION_582;BBDC4_2020-02-18_DISTRIBUTION_581;BBDC4_2020-03-03_DISTRIBUTION_583;BBDC4_2020-04-02_DISTRIBUTION_584;BBDC4_2020-04-14_SHARES_672;BBDC4_2020-05-05_DISTRIBUTION_585;BBDC4_2020-06-02_DISTRIBUTION_586
V10,2019,2019-06-28,2020-06-30,HOLDING,BBSE3,17344597000194,BB SEGURIDADE PARTICIPAÇÕES S.A.,Seguros,PASS,0.005490913785195454,9.168157124857697,8.396603471395073,-11.123022436216978,-1.0197761739855473,BBSE3,CONT_267_BBSE3_2020-02-14;CONT_268_BBSE3_2019-08-12
V10,2019,2019-06-28,2020-06-30,HOLDING,CMIG4,17155730000164,CIA ENERGETICA DE MINAS GERAIS - CEMIG,Energia,PASS,0.007966485226834994,6.10033643721066,4.75836062248658,-24.304293591723614,-1.4826436777825711,CMIG4,CMIG4_2019-12-26_DISTRIBUTION_647
V10,2019,2019-06-28,2020-06-30,HOLDING,ITUB4,60872504000123,ITAU UNIBANCO HOLDING S.A.,Bancos,PASS,0.006530779585946061,12.211061114299014,9.377221776325337,-25.477320245246094,-3.1110511454326755,ITUB4,ITUB4_2019-07-01_DISTRIBUTION_216;ITUB4_2019-08-01_DISTRIBUTION_215;ITUB4_2019-08-16_DISTRIBUTION_214;ITUB4_2019-09-02_DISTRIBUTION_213;ITUB4_2019-10-01_DISTRIBUTION_212;ITUB4_2019-11-01_DISTRIBUTION_211;ITUB4_2019-12-02_DISTRIBUTION_210;ITUB4_2019-12-13_DISTRIBUTION_209;ITUB4_2020-01-02_DISTRIBUTION_208;ITUB4_2020-02-03_DISTRIBUTION_207;ITUB4_2020-02-21_DISTRIBUTION_205;ITUB4_2020-02-21_DISTRIBUTION_206;ITUB4_2020-03-02_DISTRIBUTION_204;ITUB4_2020-04-01_DISTRIBUTION_203;ITUB4_2020-05-04_DISTRIBUTION_202;ITUB4_2020-06-01_DISTRIBUTION_201
V10,2019,2019-06-28,2020-06-30,HOLDING,PSSA3,02149205000169,PORTO SEGURO S.A.,Seguros,PASS,0.007327051602313505,19.525957228351654,20.5485871445107,2.1262331401890266,0.4151673735283477,PSSA3,CONT_2145_PSSA3_2020-06-30;CONT_2146_PSSA3_2020-04-01;CONT_2147_PSSA3_2019-10-30
V10,2019,2019-06-28,2020-06-30,HOLDING,SAPR4,76484013000145,CIA SANEAMENTO DO PARANA - SANEPAR,Saneamento,PASS,0.010835457324144877,8.213441329873703,11.289737788288928,33.390953409207505,2.742546367750722,SAPR4,CONT_2193_SAPR4_2020-03-30;CONT_2234_SAPR4_2020-01-02;CONT_2235_SAPR4_2019-07-01
V10,2019,2019-06-28,2020-06-30,HOLDING,SBSP3,43776517000180,CIA SANEAMENTO BASICO EST SAO PAULO,Saneamento,PASS,0.0042014850222517755,10.241156444239577,13.311778853698339,26.14056569458887,2.677096228192068,SBSP3,CONT_2259_SBSP3_2020-04-29
V10,2019,2019-06-28,2020-06-30,HOLDING,TBLE3,02474103000119,ENGIE BRASIL ENERGIA S.A.,Energia,PASS,0.004612300077606973,10.338743804100316,10.65846294818744,0.0447922917313992,0.004630960286095033,TBLE3,TBLE3_2019-12-03_DISTRIBUTION_354;TBLE3_2019-12-03_DISTRIBUTION_355
V10,2019,2019-06-28,2020-06-30,HOLDING,TIMP3,02558115000121,TIM PARTICIPACOES S.A.,Telecom,PASS,0.00740030732480619,4.438028113319687,5.768156387719592,26.128914538565674,1.1596085729268193,TIMP3,TIMP_GROSS_2019-08-12;TIMP_GROSS_2019-10-08;TIMP_GROSS_2020-01-20
V10,2019,2019-06-28,2020-06-30,HOLDING,VIVT4,02558157000162,TELEFÔNICA BRASIL S.A,Telecom,PASS,0.0028132372676846133,7.2402658055370654,7.617399896108775,2.0986326713086756,0.1519465836845917,VIVT4,CONT_2771_VIVT4_2020-05-29;CONT_2772_VIVT4_2020-04-01;CONT_2773_VIVT4_2020-03-02;CONT_2774_VIVT4_2020-01-02;CONT_2775_VIVT4_2020-01-02;CONT_2776_VIVT4_2019-07-01
V10,2019,2019-06-28,2020-06-30,NUMERICAL_RESIDUAL,,,,,,,,,,6.867E-15,,
V10,2020,2020-06-30,2021-06-30,HOLDING,BBDC4,60746948000112,BCO BRADESCO S.A.,Bancos,PASS,0.007522047293991968,8.273691111279234,11.752658825180644,40.280078344661405,3.332649261618562,BBDC4,BBDC4_2020-07-02_DISTRIBUTION_587;BBDC4_2020-08-04_DISTRIBUTION_588;BBDC4_2020-09-02_DISTRIBUTION_589;BBDC4_2020-10-02_DISTRIBUTION_590;BBDC4_2020-11-04_DISTRIBUTION_591;BBDC4_2020-12-02_DISTRIBUTION_592;BBDC4_2020-12-29_DISTRIBUTION_593;BBDC4_2021-01-05_DISTRIBUTION_564;BBDC4_2021-02-02_DISTRIBUTION_565;BBDC4_2021-02-18_DISTRIBUTION_566;BBDC4_2021-03-02_DISTRIBUTION_567;BBDC4_2021-04-05_DISTRIBUTION_568;BBDC4_2021-04-19_SHARES_673;BBDC4_2021-05-04_DISTRIBUTION_569;BBDC4_2021-06-02_DISTRIBUTION_570
V10,2020,2020-06-30,2021-06-30,HOLDING,BBSE3,17344597000194,BB SEGURIDADE PARTICIPAÇÕES S.A.,Seguros,PASS,0.005794628637117062,8.396603471395073,7.5609481659394495,-11.073379016302587,-0.9297877268835967,BBSE3,CONT_2558_BBSE3_2021-02-12;CONT_2559_BBSE3_2020-08-13
V10,2020,2020-06-30,2021-06-30,HOLDING,CMIG4,17155730000164,CIA ENERGETICA DE MINAS GERAIS - CEMIG,Energia,PASS,0.008126113061270542,4.75836062248658,6.756990385849466,40.234581216260956,1.9145064692169436,CMIG4,CMIG4_2020-08-03_DISTRIBUTION_648;CMIG4_2020-08-03_SHARES_677;CMIG4_2020-09-28_DISTRIBUTION_649;CMIG4_2021-01-04_DISTRIBUTION_650;CMIG4_2021-05-03_DISTRIBUTION_651;CMIG4_2021-05-03_SHARES_678
V10,2020,2020-06-30,2021-06-30,HOLDING,ITUB4,60872504000123,ITAU UNIBANCO HOLDING S.A.,Bancos,PASS,0.006934154323626226,9.377221776325337,11.387759894989403,19.928744737846692,1.8687625913056491,ITUB4,ITUB4_2020-07-01_DISTRIBUTION_200;ITUB4_2020-08-03_DISTRIBUTION_199;ITUB4_2020-08-18_DISTRIBUTION_198;ITUB4_2020-09-01_DISTRIBUTION_197;ITUB4_2020-10-01_DISTRIBUTION_196;ITUB4_2020-11-03_DISTRIBUTION_195;ITUB4_2020-12-01_DISTRIBUTION_194;ITUB4_2020-12-11_DISTRIBUTION_193;ITUB4_2021-01-04_DISTRIBUTION_192;ITUB4_2021-01-26_DISTRIBUTION_191;ITUB4_2021-02-01_DISTRIBUTION_190;ITUB4_2021-02-26_DISTRIBUTION_188;ITUB4_2021-02-26_DISTRIBUTION_189;ITUB4_2021-03-01_DISTRIBUTION_187;ITUB4_2021-03-26_DISTRIBUTION_186;ITUB4_2021-04-01_DISTRIBUTION_185;ITUB4_2021-04-28_DISTRIBUTION_184;ITUB4_2021-05-03_DISTRIBUTION_183;ITUB4_2021-05-25_DISTRIBUTION_182;ITUB4_2021-06-01_DISTRIBUTION_181
V10,2020,2020-06-30,2021-06-30,HOLDING,PSSA3,02149205000169,PORTO SEGURO S.A.,Seguros,PASS,0.007669838641627445,20.5485871445107,23.14127292230759,11.215277952143389,2.30458116349528,PSSA3,CONT_2735_PSSA3_2020-11-03;CONT_2742_PSSA3_2021-04-01;CONT_2743_PSSA3_2021-04-01;CONT_2744_PSSA3_2021-04-01
V10,2020,2020-06-30,2021-06-30,HOLDING,SAPR4,76484013000145,CIA SANEAMENTO DO PARANA - SANEPAR,Saneamento,PASS,0.03383228368066758,11.289737788288928,7.908489872244728,-30.82185993499523,-3.479707168134641,SAPR4,CONT_2731_SAPR4_2020-07-01;CONT_2740_SAPR4_2021-01-04
V10,2020,2020-06-30,2021-06-30,HOLDING,SBSP3,43776517000180,CIA SANEAMENTO BASICO EST SAO PAULO,Saneamento,PASS,0.004341775694823544,13.311778853698339,8.625127908562792,-36.013460427498565,-4.794032209672773,SBSP3,CONT_2436_SBSP3_2021-04-30
V10,2020,2020-06-30,2021-06-30,HOLDING,TBLE3,02474103000119,ENGIE BRASIL ENERGIA S.A.,Energia,PASS,0.00476565672210386,10.65846294818744,10.635122168974839,-1.4612435707717308,-0.15574610457347618,TBLE3,TBLE3_2020-08-10_DISTRIBUTION_353;TBLE3_2020-12-21_DISTRIBUTION_351;TBLE3_2020-12-21_DISTRIBUTION_352;TBLE3_2021-05-12_DISTRIBUTION_350
V10,2020,2020-06-30,2021-06-30,HOLDING,TIMP3,02558115000121,TIM PARTICIPACOES S.A.,Telecom,PASS,0.007644617923526244,5.768156387719592,4.959080206923997,-15.096952363958682,-0.870815822132667,TIMS3,CONT_2734_TIMS3_2020-10-20;CONT_2737_TIMS3_2020-12-21;CONT_2748_TIMS3_2021-06-22;CONT_2860_TIMP3_2020-10-13
V10,2020,2020-06-30,2021-06-30,HOLDING,VIVT4,02558157000162,TELEFÔNICA BRASIL S.A,Telecom,PASS,0.002984704024457926,7.617399896108775,7.272549649027094,-5.715758207174959,-0.4353921597351744,VIVT3,CONT_2732_VIVT4_2020-07-01;CONT_2733_VIVT4_2020-09-29;CONT_2736_VIVT3_2020-11-30;CONT_2738_VIVT3_2020-12-29;CONT_2739_VIVT3_2020-12-29;CONT_2741_VIVT3_2021-03-01;CONT_2745_VIVT3_2021-04-01;CONT_2746_VIVT3_2021-04-16;CONT_2747_VIVT3_2021-05-03;CONT_2861_VIVT4_2020-11-23
V10,2020,2020-06-30,2021-06-30,NUMERICAL_RESIDUAL,,,,,,,,,,-2.02E-15,,
V10,2021,2021-06-30,2022-06-30,HOLDING,BBDC4,60746948000112,BCO BRADESCO S.A.,Bancos,PASS,0.008489118943982993,11.752658825180644,9.46305789232726,-22.317375069865143,-2.6228849506971703,BBDC4,BBDC4_2021-07-02_DISTRIBUTION_571;BBDC4_2021-07-05_DISTRIBUTION_572;BBDC4_2021-08-03_DISTRIBUTION_573;BBDC4_2021-09-02_DISTRIBUTION_574;BBDC4_2021-10-04_DISTRIBUTION_575;BBDC4_2021-11-03_DISTRIBUTION_576;BBDC4_2021-12-02_DISTRIBUTION_577;BBDC4_2021-12-21_DISTRIBUTION_578;BBDC4_2021-12-21_DISTRIBUTION_579;BBDC4_2022-01-04_DISTRIBUTION_550;BBDC4_2022-02-02_DISTRIBUTION_551;BBDC4_2022-03-03_DISTRIBUTION_552;BBDC4_2022-04-04_DISTRIBUTION_553;BBDC4_2022-04-19_SHARES_674;BBDC4_2022-05-03_DISTRIBUTION_554;BBDC4_2022-06-02_DISTRIBUTION_555;BBDC4_2022-06-21_DISTRIBUTION_556
V10,2021,2021-06-30,2022-06-30,HOLDING,BBSE3,17344597000194,BB SEGURIDADE PARTICIPAÇÕES S.A.,Seguros,PASS,0.006083178451944895,7.5609481659394495,9.390497802037773,19.823190350111418,1.4988211472074355,BBSE3,CONT_2556_BBSE3_2022-02-11;CONT_2557_BBSE3_2021-08-12
V10,2021,2021-06-30,2022-06-30,HOLDING,CMIG4,17155730000164,CIA ENERGETICA DE MINAS GERAIS - CEMIG,Energia,PASS,0.010352822690797323,6.756990385849466,8.684657508666222,24.001779969622273,1.6217979649801193,CMIG4,CMIG4_2021-12-22_DISTRIBUTION_652;CMIG4_2022-03-29_DISTRIBUTION_653;CMIG4_2022-05-02_DISTRIBUTION_654;CMIG4_2022-05-02_SHARES_679;CMIG4_2022-06-27_DISTRIBUTION_655
V10,2021,2021-06-30,2022-06-30,HOLDING,ITUB4,60872504000123,ITAU UNIBANCO HOLDING S.A.,Bancos,PASS,0.007102125029197346,11.387759894989403,10.059768490436133,-14.772802354345094,-1.6822912618741612,ITUB4;XPBR31,ITUB4_2021-07-01_DISTRIBUTION_180;ITUB4_2021-08-02_DISTRIBUTION_179;ITUB4_2021-08-16_DISTRIBUTION_178;ITUB4_2021-09-01_DISTRIBUTION_177;ITUB4_2021-10-01_DISTRIBUTION_176;ITUB4_2021-10-04_SPINOFF_686;ITUB4_2021-11-01_DISTRIBUTION_175;ITUB4_2021-11-22_DISTRIBUTION_174;ITUB4_2021-12-01_DISTRIBUTION_173;ITUB4_2022-01-03_DISTRIBUTION_172;ITUB4_2022-02-01_DISTRIBUTION_171;ITUB4_2022-02-22_DISTRIBUTION_170;ITUB4_2022-03-02_DISTRIBUTION_169;ITUB4_2022-04-01_DISTRIBUTION_168;ITUB4_2022-05-02_DISTRIBUTION_167;ITUB4_2022-06-01_DISTRIBUTION_166
V10,2021,2021-06-30,2022-06-30,HOLDING,PSSA3,02149205000169,PORTO SEGURO S.A.,Seguros,PASS,0.008043467959250518,23.14127292230759,16.688182503742485,-30.42546372484276,-7.040839598443554,PSSA3,CONT_2751_PSSA3_2021-07-30;CONT_2754_PSSA3_2021-11-01;CONT_2761_PSSA3_2022-04-01;CONT_2762_PSSA3_2022-04-01;CONT_2862_PSSA3_2021-10-21
V10,2021,2021-06-30,2022-06-30,HOLDING,SAPR4,76484013000145,CIA SANEAMENTO DO PARANA - SANEPAR,Saneamento,PASS,0.03507888783687742,7.908489872244728,7.7910324558222595,-4.9548468439266635,-0.3918535608371779,SAPR4,CONT_2749_SAPR4_2021-07-01;CONT_2758_SAPR4_2022-01-03;CONT_2765_SAPR4_2022-04-29
V10,2021,2021-06-30,2022-06-30,HOLDING,SBSP3,43776517000180,CIA SANEAMENTO BASICO EST SAO PAULO,Saneamento,PASS,0.004382158877361419,8.625127908562792,10.524342343137958,17.722085306997837,1.5285525257931765,SBSP3,CONT_2437_SBSP3_2022-04-29
V10,2021,2021-06-30,2022-06-30,HOLDING,TBLE3,02474103000119,ENGIE BRASIL ENERGIA S.A.,Energia,PASS,0.005048670095107154,10.635122168974839,12.386718056853553,12.367907450331984,1.315342067088547,TBLE3,TBLE3_2021-08-17_DISTRIBUTION_349;TBLE3_2021-12-30_DISTRIBUTION_348;TBLE3_2022-02-25_DISTRIBUTION_347;TBLE3_2022-05-12_DISTRIBUTION_346
V10,2021,2021-06-30,2022-06-30,HOLDING,TIMS3,02558115000121,TIM PARTICIPACOES S.A.,Telecom,INDETERMINATE,0.007993520648769186,4.959080206923997,5.905488041958608,14.890253060752801,0.7384195922966864,TIMS3,CONT_2752_TIMS3_2021-09-30;CONT_2755_TIMS3_2021-12-21;CONT_2760_TIMS3_2022-03-29;CONT_2767_TIMS3_2022-06-24
V10,2021,2021-06-30,2022-06-30,HOLDING,VIVT3,02558157000162,TELEFÔNICA BRASIL S.A,Telecom,PASS,0.003218130714508118,7.272549649027094,9.106254905017757,20.80408836425578,1.5129876553179695,VIVT3,CONT_2750_VIVT3_2021-07-01;CONT_2753_VIVT3_2021-10-01;CONT_2756_VIVT3_2021-12-28;CONT_2757_VIVT3_2021-12-28;CONT_2759_VIVT3_2022-03-02;CONT_2763_VIVT3_2022-04-01;CONT_2764_VIVT3_2022-04-27;CONT_2766_VIVT3_2022-05-02
V10,2021,2021-06-30,2022-06-30,NUMERICAL_RESIDUAL,,,,,,,,,,-1.3E-15,,
V10,2022,2022-06-30,2023-06-30,HOLDING,BBDC4,60746948000112,BCO BRADESCO S.A.,Bancos,PASS,0.009865017275665484,9.46305789232726,7.4355938475318375,2.134770492490601,0.20201456757270636,BBDC4,BBDC4_2022-07-04_DISTRIBUTION_557;BBDC4_2022-08-02_DISTRIBUTION_558;BBDC4_2022-09-02_DISTRIBUTION_559;BBDC4_2022-10-04_DISTRIBUTION_560;BBDC4_2022-11-03_DISTRIBUTION_561;BBDC4_2022-12-02_DISTRIBUTION_562;BBDC4_2023-01-03_DISTRIBUTION_535;BBDC4_2023-01-09_DISTRIBUTION_563;BBDC4_2023-02-02_DISTRIBUTION_536;BBDC4_2023-03-02_DISTRIBUTION_537;BBDC4_2023-04-04_DISTRIBUTION_538;BBDC4_2023-05-03_DISTRIBUTION_539;BBDC4_2023-06-02_DISTRIBUTION_540;BBDC4_2023-06-27_DISTRIBUTION_541
V10,2022,2022-06-30,2023-06-30,HOLDING,BBSE3,17344597000194,BB SEGURIDADE PARTICIPAÇÕES S.A.,Seguros,PASS,0.006486026627628337,9.390497802037773,9.339560401000695,29.278788827620872,2.749424021321018,BBSE3,CONT_2554_BBSE3_2023-02-15;CONT_2555_BBSE3_2022-08-18
V10,2022,2022-06-30,2023-06-30,HOLDING,CMIG4,17155730000164,CIA ENERGETICA DE MINAS GERAIS - CEMIG,Energia,PASS,0.015002033905397966,8.684657508666222,8.941246733134951,33.82425618057039,2.937520804136406,CMIG4,CMIG4_2022-09-26_DISTRIBUTION_656;CMIG4_2022-12-22_DISTRIBUTION_657;CMIG4_2022-12-28_DISTRIBUTION_658;CMIG4_2023-03-28_DISTRIBUTION_392;CMIG4_2023-04-28_DISTRIBUTION_391;CMIG4_2023-06-26_DISTRIBUTION_390
V10,2022,2022-06-30,2023-06-30,HOLDING,ITUB4,60872504000123,ITAU UNIBANCO HOLDING S.A.,Bancos,PASS,0.007272135485374443,9.194300241430408,9.415353822369637,33.10899929796716,3.0441408023881857,ITUB4,ITUB4_2022-07-01_DISTRIBUTION_165;ITUB4_2022-08-01_DISTRIBUTION_164;ITUB4_2022-08-19_DISTRIBUTION_163;ITUB4_2022-09-01_DISTRIBUTION_162;ITUB4_2022-10-03_DISTRIBUTION_161;ITUB4_2022-11-01_DISTRIBUTION_160;ITUB4_2022-12-01_DISTRIBUTION_159;ITUB4_2022-12-09_DISTRIBUTION_158;ITUB4_2023-01-02_DISTRIBUTION_157;ITUB4_2023-02-01_DISTRIBUTION_156;ITUB4_2023-03-01_DISTRIBUTION_155;ITUB4_2023-03-24_DISTRIBUTION_154;ITUB4_2023-04-03_DISTRIBUTION_153;ITUB4_2023-05-02_DISTRIBUTION_152;ITUB4_2023-06-01_DISTRIBUTION_151;ITUB4_2023-06-20_DISTRIBUTION_150
V10,2022,2022-06-30,2023-06-30,HOLDING,PSSA3,02149205000169,PORTO SEGURO S.A.,Seguros,PASS,0.016848485915219046,16.688182503742485,21.446856578954392,67.04906988821637,11.189271150007395,PSSA3,CONT_2770_PSSA3_2022-08-31;CONT_2774_PSSA3_2022-11-01;CONT_2786_PSSA3_2023-06-30
V10,2022,2022-06-30,2023-06-30,HOLDING,SAPR4,76484013000145,CIA SANEAMENTO DO PARANA - SANEPAR,Saneamento,PASS,0.03725276783662152,7.7910324558222595,7.647314367920661,27.586106682364118,2.1492425249207407,SAPR4,CONT_2768_SAPR4_2022-07-01;CONT_2776_SAPR4_2023-01-02
V10,2022,2022-06-30,2023-06-30,HOLDING,SBSP3,43776517000180,CIA SANEAMENTO BASICO EST SAO PAULO,Saneamento,PASS,0.004474929170954247,10.524342343137958,11.17304022282895,37.995794258593584,3.9988074637687463,SBSP3,CONT_2438_SBSP3_2023-05-02
V10,2022,2022-06-30,2023-06-30,HOLDING,TBLE3,02474103000119,ENGIE BRASIL ENERGIA S.A.,Energia,PASS,0.005377754852270038,12.386718056853553,11.402489189718008,19.655556703095822,2.4346783913174583,TBLE3,TBLE3_2022-08-17_DISTRIBUTION_345;TBLE3_2022-11-22_DISTRIBUTION_344;TBLE3_2022-12-23_DISTRIBUTION_343;TBLE3_2023-05-09_DISTRIBUTION_342
V10,2022,2022-06-30,2023-06-30,HOLDING,TIMS3,02558115000121,TIM PARTICIPACOES S.A.,Telecom,INDETERMINATE,0.008298506148444448,5.905488041958608,5.555999344351119,22.291380131502713,1.3164147880534294,TIMS3,CONT_2772_TIMS3_2022-09-22;CONT_2773_TIMS3_2022-09-22;CONT_2775_TIMS3_2022-12-22;CONT_2781_TIMS3_2023-04-11;CONT_2783_TIMS3_2023-04-26;CONT_2785_TIMS3_2023-06-23
V10,2022,2022-06-30,2023-06-30,HOLDING,VIVT3,02558157000162,TELEFÔNICA BRASIL S.A,Telecom,PASS,0.0034696261331349128,9.106254905017757,6.849961152567975,-2.222763077729084,-0.20241047179262886,VIVT3,CONT_2769_VIVT3_2022-07-01;CONT_2771_VIVT3_2022-09-01;CONT_2777_VIVT3_2023-01-02;CONT_2778_VIVT3_2023-01-02;CONT_2779_VIVT3_2023-03-01;CONT_2780_VIVT3_2023-04-03;CONT_2782_VIVT3_2023-04-14;CONT_2784_VIVT3_2023-06-01
V10,2022,2022-06-30,2023-06-30,HOLDING,XPBR31,XP_SPINOFF,XP (cisão compulsória),Bancos,INDETERMINATE,0.00016486098151166179,0.8654682490057238,0.7925843396217802,19.0375013279507,0.16476352939745634,XPBR31,
V10,2022,2022-06-30,2023-06-30,NUMERICAL_RESIDUAL,,,,,,,,,,-9.24E-15,,
V10,2023,2023-06-30,2024-06-28,HOLDING,BBDC4,60746948000112,BCO BRADESCO S.A.,Bancos,PASS,0.010534987195196502,7.4355938475318375,5.330071257611672,-17.912822634172322,-1.3319247377058072,BBDC4,BBDC4_2023-07-04_DISTRIBUTION_542;BBDC4_2023-08-02_DISTRIBUTION_543;BBDC4_2023-09-04_DISTRIBUTION_544;BBDC4_2023-10-03_DISTRIBUTION_545;BBDC4_2023-11-03_DISTRIBUTION_546;BBDC4_2023-12-04_DISTRIBUTION_547;BBDC4_2023-12-22_DISTRIBUTION_548;BBDC4_2023-12-22_DISTRIBUTION_549;BBDC4_2024-01-03_DISTRIBUTION_520;BBDC4_2024-02-02_DISTRIBUTION_521;BBDC4_2024-03-04_DISTRIBUTION_522;BBDC4_2024-04-02_DISTRIBUTION_523;BBDC4_2024-05-03_DISTRIBUTION_524;BBDC4_2024-06-04_DISTRIBUTION_525;BBDC4_2024-06-18_DISTRIBUTION_526
V10,2023,2023-06-30,2024-06-28,HOLDING,BBSE3,17344597000194,BB SEGURIDADE PARTICIPAÇÕES S.A.,Seguros,PASS,0.007074295452759764,9.339560401000695,9.5499496581484,17.093453137056834,1.596453380352171,BBSE3,CONT_2552_BBSE3_2024-02-09;CONT_2553_BBSE3_2023-08-17
V10,2023,2023-06-30,2024-06-28,HOLDING,CMIG4,17155730000164,CIA ENERGETICA DE MINAS GERAIS - CEMIG,Energia,PASS,0.01620471382326464,8.941246733134951,8.272814058668907,5.952973740132661,0.5322700700639929,CMIG4,CMIG4_2023-09-26_DISTRIBUTION_389;CMIG4_2023-12-22_DISTRIBUTION_388;CMIG4_2024-03-27_DISTRIBUTION_387;CMIG4_2024-04-30_DISTRIBUTION_386;CMIG4_2024-04-30_SHARES_680;CMIG4_2024-06-24_DISTRIBUTION_385
V10,2023,2023-06-30,2024-06-28,HOLDING,ITUB4,60872504000123,ITAU UNIBANCO HOLDING S.A.,Bancos,PASS,0.007721413783433888,9.415353822369637,10.076370075122743,22.55341877816104,2.1234841770046176,ITUB4,ITUB4_2023-07-03_DISTRIBUTION_149;ITUB4_2023-08-01_DISTRIBUTION_148;ITUB4_2023-09-01_DISTRIBUTION_147;ITUB4_2023-09-19_DISTRIBUTION_146;ITUB4_2023-10-02_DISTRIBUTION_145;ITUB4_2023-11-01_DISTRIBUTION_144;ITUB4_2023-12-01_DISTRIBUTION_143;ITUB4_2023-12-07_DISTRIBUTION_142;ITUB4_2024-01-02_DISTRIBUTION_141;ITUB4_2024-02-01_DISTRIBUTION_140;ITUB4_2024-02-22_DISTRIBUTION_139;ITUB4_2024-03-01_DISTRIBUTION_138;ITUB4_2024-03-22_DISTRIBUTION_137;ITUB4_2024-04-01_DISTRIBUTION_136;ITUB4_2024-05-02_DISTRIBUTION_135;ITUB4_2024-06-03_DISTRIBUTION_134;ITUB4_2024-06-21_DISTRIBUTION_133
V10,2023,2023-06-30,2024-06-28,HOLDING,PSSA3,02149205000169,PORTO SEGURO S.A.,Seguros,PASS,0.01777594042839193,21.446856578954392,21.496977684091835,14.781454736714927,3.1701573976663124,PSSA3,CONT_2792_PSSA3_2023-09-29;CONT_2796_PSSA3_2023-12-28;CONT_2799_PSSA3_2024-04-01;CONT_2800_PSSA3_2024-04-01
V10,2023,2023-06-30,2024-06-28,HOLDING,SAPR4,76484013000145,CIA SANEAMENTO DO PARANA - SANEPAR,Saneamento,PASS,0.04041611914469843,7.647314367920661,9.024035099491586,35.12938456471828,2.6864544731798037,SAPR4,CONT_2787_SAPR4_2023-07-03;CONT_2797_SAPR4_2024-01-02
V10,2023,2023-06-30,2024-06-28,HOLDING,SBSP3,43776517000180,CIA SANEAMENTO BASICO EST SAO PAULO,Saneamento,PASS,0.004603301689437557,11.17304022282895,13.156789416024798,34.84552172589752,3.8933041582891303,SBSP3,CONT_2439_SBSP3_2024-04-26
V10,2023,2023-06-30,2024-06-28,HOLDING,TBLE3,02474103000119,ENGIE BRASIL ENERGIA S.A.,Energia,PASS,0.0058165138437963095,11.402489189718008,10.201065768902291,2.4480850495309125,0.27914263312786525,TBLE3,TBLE3_2023-08-22_DISTRIBUTION_341;TBLE3_2023-12-22_DISTRIBUTION_340;TBLE3_2024-05-07_DISTRIBUTION_339
V10,2023,2023-06-30,2024-06-28,HOLDING,TIMS3,02558115000121,TIM PARTICIPACOES S.A.,Telecom,INDETERMINATE,0.008857253368138095,5.555999344351119,5.646325761440138,16.375540671988674,0.9098249323696422,TIMS3,CONT_2790_TIMS3_2023-09-22;CONT_2794_TIMS3_2023-12-22;CONT_2798_TIMS3_2024-03-25;CONT_2802_TIMS3_2024-04-10;CONT_2803_TIMS3_2024-04-10;CONT_2804_TIMS3_2024-04-10;CONT_2807_TIMS3_2024-06-24
V10,2023,2023-06-30,2024-06-28,HOLDING,VIVT3,02558157000162,TELEFÔNICA BRASIL S.A,Telecom,PASS,0.0036896525261370743,6.849961152567975,6.607509099822268,10.460658523467202,0.7165510451602948,VIVT3,CONT_2788_VIVT3_2023-08-01;CONT_2789_VIVT3_2023-09-01;CONT_2791_VIVT3_2023-09-25;CONT_2793_VIVT3_2023-10-24;CONT_2795_VIVT3_2023-12-27;CONT_2801_VIVT3_2024-04-01;CONT_2805_VIVT3_2024-04-11;CONT_2806_VIVT3_2024-04-30;CONT_2808_VIVT3_2024-06-27
V10,2023,2023-06-30,2024-06-28,HOLDING,XPBR31,XP_SPINOFF,XP (cisão compulsória),Bancos,INDETERMINATE,0.00016486098151166176,0.7925843396217802,0.6380921206753661,-7.807442791840957,-0.06188056889306094,XPBR31,XPBR31_2023-09-11_DISTRIBUTION_687;XPBR31_2023-12-12_DISTRIBUTION_688
V10,2023,2023-06-30,2024-06-28,NUMERICAL_RESIDUAL,,,,,,,,,,4.99E-15,,
V10,2024,2024-06-28,2025-06-30,HOLDING,BBDC4,60746948000112,BCO BRADESCO S.A.,Bancos,PASS,0.01149091446859335,5.330071257611672,5.349152050862289,46.434656119016296,2.4750002593705074,BBDC4,BBDC4_2024-07-02_DISTRIBUTION_527;BBDC4_2024-08-02_DISTRIBUTION_528;BBDC4_2024-09-03_DISTRIBUTION_529;BBDC4_2024-10-01_DISTRIBUTION_530;BBDC4_2024-10-02_DISTRIBUTION_531;BBDC4_2024-11-04_DISTRIBUTION_532;BBDC4_2024-12-03_DISTRIBUTION_533;BBDC4_2025-01-02_DISTRIBUTION_534;BBDC4_2025-01-03_DISTRIBUTION_504;BBDC4_2025-02-04_DISTRIBUTION_505;BBDC4_2025-03-06_DISTRIBUTION_506;BBDC4_2025-04-01_DISTRIBUTION_507;BBDC4_2025-04-02_DISTRIBUTION_508;BBDC4_2025-05-05_DISTRIBUTION_509;BBDC4_2025-06-03_DISTRIBUTION_510
V10,2024,2024-06-28,2025-06-30,HOLDING,BBSE3,17344597000194,BB SEGURIDADE PARTICIPAÇÕES S.A.,Seguros,PASS,0.007740189137027228,9.5499496581484,7.843431741197437,19.838670686397396,1.8945830633967946,BBSE3,CONT_2550_BBSE3_2025-02-21;CONT_2551_BBSE3_2024-08-19
V10,2024,2024-06-28,2025-06-30,HOLDING,CMIG4,17155730000164,CIA ENERGETICA DE MINAS GERAIS - CEMIG,Energia,PASS,0.022325397138351685,8.272814058668907,6.901957106066938,21.733732050181832,1.7979912405208716,CMIG4,CMIG4_2024-08-26_DISTRIBUTION_384;CMIG4_2024-09-24_DISTRIBUTION_383;CMIG4_2024-12-26_DISTRIBUTION_382;CMIG4_2025-03-26_DISTRIBUTION_381;CMIG4_2025-05-02_DISTRIBUTION_380;CMIG4_2025-06-24_DISTRIBUTION_379
V10,2024,2024-06-28,2025-06-30,HOLDING,CSMG3,17281106000103,CIA SANEAMENTO DE MINAS GERAIS-COPASA MG,Saneamento,PASS,0.016809457797407487,13.156789416024795,12.954256861674654,43.66617343116954,5.745066484375146,CSMG3,CONT_2468_CSMG3_2024-09-18;CONT_2469_CSMG3_2024-09-18;CONT_2470_CSMG3_2024-12-26;CONT_2471_CSMG3_2025-03-06;CONT_2472_CSMG3_2025-03-06;CONT_2473_CSMG3_2025-03-27;CONT_2474_CSMG3_2025-06-24
V10,2024,2024-06-28,2025-06-30,HOLDING,ITUB4,60872504000123,ITAU UNIBANCO HOLDING S.A.,Bancos,PASS,0.008297882866652681,10.076370075122743,9.373235958037098,35.730479789604416,3.600335373217478,ITUB4,ITUB4_2024-07-01_DISTRIBUTION_132;ITUB4_2024-08-01_DISTRIBUTION_131;ITUB4_2024-09-02_DISTRIBUTION_130;ITUB4_2024-09-20_DISTRIBUTION_129;ITUB4_2024-10-01_DISTRIBUTION_128;ITUB4_2024-11-01_DISTRIBUTION_127;ITUB4_2024-12-02_DISTRIBUTION_126;ITUB4_2024-12-10_DISTRIBUTION_125;ITUB4_2025-01-02_DISTRIBUTION_124;ITUB4_2025-02-03_DISTRIBUTION_123;ITUB4_2025-02-18_DISTRIBUTION_121;ITUB4_2025-02-18_DISTRIBUTION_122;ITUB4_2025-03-05_DISTRIBUTION_120;ITUB4_2025-03-18_SHARES_665;ITUB4_2025-04-01_DISTRIBUTION_119;ITUB4_2025-05-02_DISTRIBUTION_118;ITUB4_2025-06-02_DISTRIBUTION_117;ITUB4_2025-06-10_DISTRIBUTION_116
V10,2024,2024-06-28,2025-06-30,HOLDING,PSSA3,02149205000169,PORTO SEGURO S.A.,Seguros,PASS,0.01853783335811126,21.496977684091835,28.114913519990285,90.83203878634983,19.52614310790726,PSSA3,CONT_2809_PSSA3_2024-07-01;CONT_2814_PSSA3_2024-09-30;CONT_2817_PSSA3_2025-01-02;CONT_2823_PSSA3_2025-03-31;CONT_2824_PSSA3_2025-03-31;CONT_2825_PSSA3_2025-03-31;CONT_2834_PSSA3_2025-06-27
V10,2024,2024-06-28,2025-06-30,HOLDING,SAPR4,76484013000145,CIA SANEAMENTO DO PARANA - SANEPAR,Saneamento,PASS,0.04308550519095144,9.024035099491586,8.8539510521023,43.16217396460422,3.8949697282695044,SAPR4,CONT_2810_SAPR4_2024-07-01;CONT_2818_SAPR4_2025-01-02
V10,2024,2024-06-28,2025-06-30,HOLDING,TBLE3,02474103000119,ENGIE BRASIL ENERGIA S.A.,Energia,PASS,0.006147267173102038,10.201065768902291,7.5687650533404645,8.26084698120213,0.8426944336208082,TBLE3,TBLE3_2024-08-22_DISTRIBUTION_338;TBLE3_2024-12-20_DISTRIBUTION_337;TBLE3_2025-05-07_DISTRIBUTION_336
V10,2024,2024-06-28,2025-06-30,HOLDING,TIMS3,02558115000121,TIM PARTICIPACOES S.A.,Telecom,INDETERMINATE,0.00948981299555751,5.646325761440138,5.916926305323487,52.905171125976345,2.9871983064199923,TIMS3,CONT_2813_TIMS3_2024-09-24;CONT_2815_TIMS3_2024-12-26;CONT_2819_TIMS3_2025-02-18;CONT_2826_TIMS3_2025-04-01;CONT_2827_TIMS3_2025-04-04;CONT_2828_TIMS3_2025-04-04;CONT_2829_TIMS3_2025-04-04;CONT_2831_TIMS3_2025-05-22
V10,2024,2024-06-28,2025-06-30,HOLDING,VIVT3,02558157000162,TELEFÔNICA BRASIL S.A,Telecom,PASS,0.003889542091876889,6.607509099822268,6.60883438354949,45.94157960750553,3.0355940531680194,VIVT3,CONT_2811_VIVT3_2024-07-29;CONT_2812_VIVT3_2024-08-27;CONT_2816_VIVT3_2024-12-27;CONT_2820_VIVT3_2025-02-25;CONT_2821_VIVT3_2025-02-28;CONT_2822_VIVT3_2025-03-25;CONT_2830_VIVT3_2025-04-14;CONT_2832_VIVT3_2025-05-23;CONT_2833_VIVT3_2025-06-24;CONT_2863_VIVT3_2025-04-15
V10,2024,2024-06-28,2025-06-30,HOLDING,XPBR31,XP_SPINOFF,XP (cisão compulsória),Bancos,INDETERMINATE,0.00017413527201912767,0.6380921206753661,0.5145759678555628,17.667915924997835,0.11273757940495946,XPBR31,XPBR31_2024-12-10_DISTRIBUTION_689
V10,2024,2024-06-28,2025-06-30,NUMERICAL_RESIDUAL,,,,,,,,,,3.64E-15,,
V10,2025,2025-06-30,2026-06-30,HOLDING,BBDC4,60746948000112,BCO BRADESCO S.A.,Bancos,PASS,0.012377558636794132,5.349152050862289,5.001706637480513,16.87478780970306,0.9026580582013902,BBDC4,BBDC4_2025-07-01_DISTRIBUTION_511;BBDC4_2025-07-02_DISTRIBUTION_512;BBDC4_2025-08-04_DISTRIBUTION_513;BBDC4_2025-09-02_DISTRIBUTION_514;BBDC4_2025-09-30_DISTRIBUTION_515;BBDC4_2025-10-02_DISTRIBUTION_516;BBDC4_2025-11-04_DISTRIBUTION_517;BBDC4_2025-12-02_DISTRIBUTION_518;BBDC4_2025-12-30_DISTRIBUTION_519;BBDC4_2026-01-05_DISTRIBUTION_497;BBDC4_2026-02-03_DISTRIBUTION_498;BBDC4_2026-03-03_DISTRIBUTION_499;BBDC4_2026-04-02_DISTRIBUTION_501;BBDC4_2026-04-07_DISTRIBUTION_500;BBDC4_2026-05-05_DISTRIBUTION_502;BBDC4_2026-06-02_DISTRIBUTION_503
V10,2025,2025-06-30,2026-06-30,HOLDING,BBSE3,17344597000194,BB SEGURIDADE PARTICIPAÇÕES S.A.,Seguros,PASS,0.008532125995534642,7.843431741197437,7.820741820948855,24.63195011539949,1.9319901938271618,BBSE3,CONT_2548_BBSE3_2026-02-13;CONT_2549_BBSE3_2025-08-15
V10,2025,2025-06-30,2026-06-30,HOLDING,CMIG4,17155730000164,CIA ENERGETICA DE MINAS GERAIS - CEMIG,Energia,PASS,0.02488757981582691,6.901957106066938,5.913682893803647,7.096022013324577,0.4897643955967295,CMIG4,CMIG4_2025-09-30_DISTRIBUTION_378;CMIG4_2025-12-23_DISTRIBUTION_377;CMIG4_2025-12-26_DISTRIBUTION_376;CMIG4_2026-03-25_DISTRIBUTION_375;CMIG4_2026-05-04_DISTRIBUTION_374;CMIG4_2026-06-24_DISTRIBUTION_373
V10,2025,2025-06-30,2026-06-30,HOLDING,CSMG3,17281106000103,CIA SANEAMENTO DE MINAS GERAIS-COPASA MG,Saneamento,PASS,0.0180365804471287,12.954256861674654,23.314754815403983,124.96031486667025,16.18768016298588,CSMG3,CONT_2475_CSMG3_2025-09-23;CONT_2476_CSMG3_2025-12-17;CONT_2477_CSMG3_2025-12-17;CONT_2478_CSMG3_2025-12-23;CONT_2479_CSMG3_2026-03-09;CONT_2480_CSMG3_2026-03-24;CONT_2481_CSMG3_2026-06-24
V10,2025,2025-06-30,2026-06-30,HOLDING,ITUB4,60872504000123,ITAU UNIBANCO HOLDING S.A.,Bancos,PASS,0.009878915543338937,9.373235958037098,9.627070154400453,28.378456371926973,2.6599796769893302,ITUB4,ITUB4_2025-07-01_DISTRIBUTION_115;ITUB4_2025-08-01_DISTRIBUTION_114;ITUB4_2025-08-19_DISTRIBUTION_113;ITUB4_2025-09-01_DISTRIBUTION_112;ITUB4_2025-10-01_DISTRIBUTION_111;ITUB4_2025-11-03_DISTRIBUTION_110;ITUB4_2025-12-01_DISTRIBUTION_109;ITUB4_2025-12-10_DISTRIBUTION_107;ITUB4_2025-12-10_DISTRIBUTION_108;ITUB4_2025-12-26_SHARES_666;ITUB4_2026-01-02_DISTRIBUTION_106;ITUB4_2026-02-02_DISTRIBUTION_105;ITUB4_2026-03-02_DISTRIBUTION_104;ITUB4_2026-03-20_DISTRIBUTION_103;ITUB4_2026-04-01_DISTRIBUTION_102;ITUB4_2026-05-04_DISTRIBUTION_101;ITUB4_2026-06-01_DISTRIBUTION_100;ITUB4_2026-06-19_DISTRIBUTION_99
V10,2025,2025-06-30,2026-06-30,HOLDING,PSSA3,02149205000169,PORTO SEGURO S.A.,Seguros,PASS,0.01983498332246174,28.114913519990285,22.901769885005162,1.8168970234863524,0.5108190269004648,PSSA3,CONT_2840_PSSA3_2025-09-26;CONT_2846_PSSA3_2025-12-29;CONT_2852_PSSA3_2026-03-31;CONT_2853_PSSA3_2026-04-01;CONT_2857_PSSA3_2026-06-23
V10,2025,2025-06-30,2026-06-30,HOLDING,SAPR4,76484013000145,CIA SANEAMENTO DO PARANA - SANEPAR,Saneamento,PASS,0.04566929742424391,8.8539510521023,7.060001247321777,-0.3321192799032424,-0.029405678477227574,SAPR4,CONT_2835_SAPR4_2025-07-01;CONT_2848_SAPR4_2026-01-02
V10,2025,2025-06-30,2026-06-30,HOLDING,TBLE3,02474103000119,ENGIE BRASIL ENERGIA S.A.,Energia,PASS,0.006490941390890964,7.5687650533404645,6.7624000684880885,11.676912549982,0.8837980763921648,TBLE3,TBLE3_2025-08-22_DISTRIBUTION_335;TBLE3_2025-11-27_SHARES_676;TBLE3_2025-12-19_DISTRIBUTION_334;TBLE3_2026-05-05_DISTRIBUTION_333
V10,2025,2025-06-30,2026-06-30,HOLDING,TIMS3,02558115000121,TIM PARTICIPACOES S.A.,Telecom,PASS,0.010450130931076216,5.916926305323487,5.04089627046197,6.4876304503543425,0.38386831270919275,TIMS3,CONT_2836_TIMS3_2025-07-28;CONT_2841_TIMS3_2025-09-29;CONT_2844_TIMS3_2025-12-22;CONT_2845_TIMS3_2025-12-23;CONT_2850_TIMS3_2026-03-24;CONT_2858_TIMS3_2026-06-23;CONT_2864_TIMS3_2025-07-03
V10,2025,2025-06-30,2026-06-30,HOLDING,VIVT3,02558157000162,TELEFÔNICA BRASIL S.A,Telecom,PASS,0.008331843920185437,6.60883438354949,6.234345257765838,17.910788568913215,1.1836943533071875,VIVT3,CONT_2837_VIVT3_2025-07-28;CONT_2838_VIVT3_2025-08-26;CONT_2839_VIVT3_2025-09-23;CONT_2842_VIVT3_2025-10-28;CONT_2843_VIVT3_2025-11-25;CONT_2847_VIVT3_2025-12-30;CONT_2849_VIVT3_2026-02-24;CONT_2851_VIVT3_2026-03-26;CONT_2854_VIVT3_2026-04-28;CONT_2855_VIVT3_2026-05-25;CONT_2856_VIVT3_2026-05-28;CONT_2859_VIVT3_2026-06-29
V10,2025,2025-06-30,2026-06-30,HOLDING,XPBR31,XP_SPINOFF,XP (cisão compulsória),Bancos,INDETERMINATE,0.00018290755373747563,0.5145759678555628,0.3226309489197026,-21.631039072935142,-0.11130812866677094,XPBR31,XPBR31_2025-12-10_DISTRIBUTION_690;XPBR31_2026-06-10_DISTRIBUTION_691
V10,2025,2025-06-30,2026-06-30,NUMERICAL_RESIDUAL,,,,,,,,,,2.6964E-14,,
VVAL,2014,2014-06-30,2015-06-30,HOLDING,BBDC4,60746948000112,BCO BRADESCO S.A.,Bancos,PASS,0.0078003120124804995,25.0,27.573626483773154,10.628532202254814,2.6571330505637034,BBDC4,BBDC4_2014-07-02_DISTRIBUTION_332;BBDC4_2014-08-04_DISTRIBUTION_331;BBDC4_2014-09-02_DISTRIBUTION_330;BBDC4_2014-10-02_DISTRIBUTION_329;BBDC4_2014-11-04_DISTRIBUTION_328;BBDC4_2014-12-02_DISTRIBUTION_327;BBDC4_2014-12-23_DISTRIBUTION_326;BBDC4_2015-01-05_DISTRIBUTION_325;BBDC4_2015-02-03_DISTRIBUTION_324;BBDC4_2015-02-10_DISTRIBUTION_323;BBDC4_2015-03-03_DISTRIBUTION_322;BBDC4_2015-03-27_SHARES_667;BBDC4_2015-04-02_DISTRIBUTION_321;BBDC4_2015-05-05_DISTRIBUTION_320;BBDC4_2015-06-02_DISTRIBUTION_319;BBDC4_2015-06-23_DISTRIBUTION_318
VVAL,2014,2014-06-30,2015-06-30,HOLDING,CPFE3,02429144000193,CPFL ENERGIA S.A.,Energia,PASS,0.0020495163141498606,4.166666666666666,4.142552398383897,-0.27764574083049,-0.01156857253460375,CPFE3,B00S_CPFE3_2014-09-05_DISTRIBUTION_54;B00S_CPFE3_2015-04-30_SHARES_87
VVAL,2014,2014-06-30,2015-06-30,HOLDING,CPLE6,76483817000120,CIA PARANAENSE DE ENERGIA - COPEL,Energia,PASS,0.0012298307752853207,4.166666666666666,4.595771876353754,10.632563471465284,0.4430234779777199,CPLE6,B00S_CPLE6_2014-11-07_DISTRIBUTION_56;B00S_CPLE6_2014-11-07_DISTRIBUTION_57;B00S_CPLE6_2015-04-24_DISTRIBUTION_55
VVAL,2014,2014-06-30,2015-06-30,HOLDING,CSMG3,17281106000103,CIA SANEAMENTO DE MINAS GERAIS-COPASA MG,Saneamento,PASS,0.0030864197530864196,12.5,4.26561412502467,-65.77173990005318,-8.221467487506647,CSMG3,B00S_CSMG3_2014-09-23_DISTRIBUTION_60;B00S_CSMG3_2015-03-25_DISTRIBUTION_59;B00S_CSMG3_2015-05-12_DISTRIBUTION_58
VVAL,2014,2014-06-30,2015-06-30,HOLDING,ENBR3,03983431000103,EDP - ENERGIAS DO BRASIL S.A.,Energia,PASS,0.0038402457757296467,4.166666666666666,4.600362093673456,10.743062321850516,0.4476275967437715,ENBR3,B00S_ENBR3_2014-12-30_DISTRIBUTION_62;B00S_ENBR3_2015-04-13_DISTRIBUTION_61
VVAL,2014,2014-06-30,2015-06-30,HOLDING,GETI4,02998609000127,AES TIETE SA,Energia,PASS,0.002143347050754458,4.166666666666666,4.039659013755099,-2.7545656602697477,-0.11477356917790615,GETI4,B00S_GETI4_2014-08-07_DISTRIBUTION_83;B00S_GETI4_2015-05-11_DISTRIBUTION_84
VVAL,2014,2014-06-30,2015-06-30,HOLDING,LIGT3,03378521000175,LIGHT SA,Energia,PASS,0.001932591218305504,4.166666666666666,3.4298604073273626,-17.434054730983306,-0.7264189471243042,LIGT3,B00S_LIGT3_2015-04-13_DISTRIBUTION_86
VVAL,2014,2014-06-30,2015-06-30,HOLDING,PSSA3,02149205000169,PORTO SEGURO S.A.,Seguros,PASS,0.007846829880728186,25.0,33.90096628820441,36.0145406665773,9.003635166644324,PSSA3,B00S_PSSA3_2014-10-30_DISTRIBUTION_67;B00S_PSSA3_2014-12-23_DISTRIBUTION_66;B00S_PSSA3_2015-03-30_DISTRIBUTION_65
VVAL,2014,2014-06-30,2015-06-30,HOLDING,SBSP3,43776517000180,CIA SANEAMENTO BASICO EST SAO PAULO,Saneamento,PASS,0.005307855626326964,12.5,8.90764226752242,-28.52304791909088,-3.56538098988636,SBSP3,B00S_SBSP3_2015-04-07_DISTRIBUTION_68
VVAL,2014,2014-06-30,2015-06-30,HOLDING,TBLE3,02474103000119,ENGIE BRASIL ENERGIA S.A.,Energia,PASS,0.0012626262626262625,4.166666666666666,4.543945045981777,9.384952568462502,0.3910396903526042,TBLE3,TBLE3_2014-09-12_DISTRIBUTION_372;TBLE3_2014-11-11_DISTRIBUTION_371;TBLE3_2014-11-26_DISTRIBUTION_370;TBLE3_2015-05-11_DISTRIBUTION_369
VVAL,2014,2014-06-30,2015-06-30,NUMERICAL_RESIDUAL,,,,,,,,,,-4.25E-15,,
VVAL,2015,2015-06-30,2016-06-30,HOLDING,BBAS3,00000000000191,BCO BRASIL S.A.,Bancos,PASS,0.002754059566613188,6.666666666666667,5.063384129992114,-23.751586606840192,-1.5834391071226794,BBAS3,CONT_245_BBAS3_2016-06-14;CONT_246_BBAS3_2016-05-24;CONT_247_BBAS3_2016-03-14;CONT_248_BBAS3_2016-03-03;CONT_249_BBAS3_2016-03-03;CONT_250_BBAS3_2015-12-14;CONT_251_BBAS3_2015-11-24;CONT_252_BBAS3_2015-09-14;CONT_253_BBAS3_2015-08-24;CONT_254_BBAS3_2015-08-24
VVAL,2015,2015-06-30,2016-06-30,HOLDING,BBDC4,60746948000112,BCO BRADESCO S.A.,Bancos,PASS,0.008410356249294225,23.8971429526034,24.508838245604622,2.9616325386228715,0.7077455614855233,BBDC4,BBDC4_2015-07-02_DISTRIBUTION_317;BBDC4_2015-08-04_DISTRIBUTION_316;BBDC4_2015-09-02_DISTRIBUTION_315;BBDC4_2015-10-02_DISTRIBUTION_314;BBDC4_2015-11-04_DISTRIBUTION_313;BBDC4_2015-12-02_DISTRIBUTION_312;BBDC4_2015-12-17_DISTRIBUTION_311;BBDC4_2016-01-05_DISTRIBUTION_310;BBDC4_2016-02-02_DISTRIBUTION_309;BBDC4_2016-03-02_DISTRIBUTION_308;BBDC4_2016-04-04_DISTRIBUTION_307;BBDC4_2016-04-18_SHARES_668;BBDC4_2016-05-03_DISTRIBUTION_306;BBDC4_2016-06-02_DISTRIBUTION_305;BBDC4_2016-06-23_DISTRIBUTION_304
VVAL,2015,2015-06-30,2016-06-30,HOLDING,CPFE3,02429144000193,CPFL ENERGIA S.A.,Energia,PASS,0.0018706935142412753,3.5902120785993774,3.9614691263379376,10.773237291159798,0.3867820664833913,CPFE3,CONT_847_CPFE3_2016-05-02;CPFE_BONUS_20160502
VVAL,2015,2015-06-30,2016-06-30,HOLDING,CPLE6,76483817000120,CIA PARANAENSE DE ENERGIA - COPEL,Energia,PASS,0.001143080054942814,3.9830022928399202,3.4640085852613067,-12.689378569273668,-0.5054182393613078,CPLE6,CONT_923_CPLE6_2016-04-29;CONT_924_CPLE6_2016-04-29
VVAL,2015,2015-06-30,2016-06-30,HOLDING,CSMG3,17281106000103,CIA SANEAMENTO DE MINAS GERAIS-COPASA MG,Saneamento,PASS,0.002704640051661248,3.6968655750213806,8.033571845350792,118.15928366388184,4.368189881461909,CSMG3,CONT_992_CSMG3_2016-05-12;CONT_993_CSMG3_2015-11-12;CONT_994_CSMG3_2015-08-12
VVAL,2015,2015-06-30,2016-06-30,HOLDING,ENBR3,03983431000103,EDP - ENERGIAS DO BRASIL S.A.,Energia,PASS,0.0034744179220582505,3.986980481183662,4.949434816597422,24.626436011646224,0.9818511969955193,ENBR3,CONT_1108_ENBR3_2016-04-14;CONT_1109_ENBR3_2015-12-22
VVAL,2015,2015-06-30,2016-06-30,HOLDING,GETI4,02998609000127,AES TIETE SA,Energia,PASS,0.0020066518197087192,3.5010378119210857,3.3253942826639107,-4.644659668661976,-0.1626112912349045,TIET11,CONT_2618_TIET11_2016-05-09;CONT_2619_TIET11_2016-04-29;GETI_DIST_20150810;GETI_TIET_20160104
VVAL,2015,2015-06-30,2016-06-30,HOLDING,ITUB4,60872504000123,ITAU UNIBANCO HOLDING S.A.,Bancos,PASS,0.0019540785002153185,6.666666666666667,6.820385363384475,2.706717352847954,0.18044782352319644,ITUB4,ITUB4_2015-07-01_DISTRIBUTION_280;ITUB4_2015-07-14_SHARES_662;ITUB4_2015-08-03_DISTRIBUTION_279;ITUB4_2015-08-13_DISTRIBUTION_278;ITUB4_2015-09-01_DISTRIBUTION_277;ITUB4_2015-10-01_DISTRIBUTION_276;ITUB4_2015-11-03_DISTRIBUTION_275;ITUB4_2015-12-01_DISTRIBUTION_274;ITUB4_2015-12-10_DISTRIBUTION_273;ITUB4_2016-01-04_DISTRIBUTION_272;ITUB4_2016-02-01_DISTRIBUTION_271;ITUB4_2016-02-19_DISTRIBUTION_269;ITUB4_2016-02-19_DISTRIBUTION_270;ITUB4_2016-03-01_DISTRIBUTION_268;ITUB4_2016-04-01_DISTRIBUTION_267;ITUB4_2016-05-02_DISTRIBUTION_266;ITUB4_2016-06-01_DISTRIBUTION_265
VVAL,2015,2015-06-30,2016-06-30,HOLDING,LIGT3,03378521000175,LIGHT SA,Energia,PASS,0.001761103380746238,2.9725456863503807,1.9710462733324516,-33.43177790903721,-0.9937748721053249,LIGT3,
VVAL,2015,2015-06-30,2016-06-30,HOLDING,PSSA3,02149205000169,PORTO SEGURO S.A.,Seguros,PASS,0.00711831331990944,29.380837449777157,19.661078270015,-32.819715656831036,-9.642707308612591,PSSA3,CONT_2159_PSSA3_2016-03-30;CONT_2160_PSSA3_2015-12-14;CONT_2161_PSSA3_2015-10-29
VVAL,2015,2015-06-30,2016-06-30,HOLDING,SBSP3,43776517000180,CIA SANEAMENTO BASICO EST SAO PAULO,Saneamento,PASS,0.0046929311972314066,7.719956631852765,13.68325308169736,77.9398315167485,6.016921192032098,SBSP3,CONT_2263_SBSP3_2016-04-06
VVAL,2015,2015-06-30,2016-06-30,HOLDING,TBLE3,02474103000119,ENGIE BRASIL ENERGIA S.A.,Energia,PASS,0.0011553121310568495,3.9380857065175405,4.558135979762613,16.198571593595588,0.6379136325873984,TBLE3,TBLE3_2015-08-21_DISTRIBUTION_368;TBLE3_2015-11-24_DISTRIBUTION_367;TBLE3_2016-05-11_DISTRIBUTION_366
VVAL,2015,2015-06-30,2016-06-30,NUMERICAL_RESIDUAL,,,,,,,,,,-4E-17,,
VVAL,2016,2016-06-30,2017-06-30,HOLDING,BBAS3,00000000000191,BCO BRASIL S.A.,Bancos,PASS,0.002967766056184328,5.063384129992114,6.3634337498005245,60.940493078949,3.085651255298446,BBAS3,CONT_235_BBAS3_2017-06-13;CONT_236_BBAS3_2017-05-23;CONT_237_BBAS3_2017-03-14;CONT_238_BBAS3_2017-03-02;CONT_239_BBAS3_2017-03-02;CONT_240_BBAS3_2016-12-13;CONT_241_BBAS3_2016-11-22;CONT_242_BBAS3_2016-09-13;CONT_243_BBAS3_2016-08-23;CONT_244_BBAS3_2016-08-23
VVAL,2016,2016-06-30,2017-06-30,HOLDING,BBDC4,60746948000112,BCO BRADESCO S.A.,Bancos,PASS,0.009801193119648197,24.508838245604622,24.472125967023555,27.86852354038496,6.8302513559511935,BBDC4,BBDC4_2016-07-04_DISTRIBUTION_303;BBDC4_2016-08-02_DISTRIBUTION_302;BBDC4_2016-09-02_DISTRIBUTION_301;BBDC4_2016-10-03_DISTRIBUTION_300;BBDC4_2016-10-04_DISTRIBUTION_299;BBDC4_2016-11-03_DISTRIBUTION_298;BBDC4_2016-12-02_DISTRIBUTION_297;BBDC4_2016-12-22_DISTRIBUTION_296;BBDC4_2017-01-03_DISTRIBUTION_623;BBDC4_2017-02-02_DISTRIBUTION_624;BBDC4_2017-03-02_DISTRIBUTION_625;BBDC4_2017-04-04_DISTRIBUTION_626;BBDC4_2017-05-02_SHARES_669;BBDC4_2017-05-03_DISTRIBUTION_627;BBDC4_2017-06-02_DISTRIBUTION_628
VVAL,2016,2016-06-30,2017-06-30,HOLDING,BRSR6,92702067000196,BCO ESTADO DO RIO GRANDE DO SUL S.A.,Bancos,PASS,0.01339346294583953,11.358966128014703,14.32161573192181,61.4610933340741,6.981344773724981,BRSR6,CONT_687_BRSR6_2017-05-16;CONT_688_BRSR6_2017-05-05;CONT_689_BRSR6_2017-03-14;CONT_690_BRSR6_2016-12-15;CONT_691_BRSR6_2016-09-08
VVAL,2016,2016-06-30,2017-06-30,HOLDING,CPFE3,02429144000193,CPFL ENERGIA S.A.,Energia,PASS,0.0019373669007419069,3.9614691263379376,4.017322215485544,29.865881396042738,1.1831276708129388,CPFE3,CONT_846_CPFE3_2017-01-13
VVAL,2016,2016-06-30,2017-06-30,HOLDING,CPLE6,76483817000120,CIA PARANAENSE DE ENERGIA - COPEL,Energia,PASS,0.0011937426065972965,3.4640085852613067,2.4273088321588903,-10.265230193057306,-0.35558845518434085,CPLE6,CONT_921_CPLE6_2017-05-02;CONT_922_CPLE6_2017-05-02
VVAL,2016,2016-06-30,2017-06-30,HOLDING,ENBR3,03983431000103,EDP - ENERGIAS DO BRASIL S.A.,Energia,PASS,0.0036592362378128993,4.949434816597422,4.190284019673882,8.41828378016305,0.41665746837536394,ENBR3,CONT_1107_ENBR3_2016-12-29
VVAL,2016,2016-06-30,2017-06-30,HOLDING,ITUB4,60872504000123,ITAU UNIBANCO HOLDING S.A.,Bancos,PASS,0.002266617470772223,6.820385363384475,7.4636710934158135,40.13875527179589,2.7376177896022806,ITUB4,ITUB4_2016-07-01_DISTRIBUTION_264;ITUB4_2016-08-01_DISTRIBUTION_263;ITUB4_2016-08-15_DISTRIBUTION_262;ITUB4_2016-09-01_DISTRIBUTION_261;ITUB4_2016-10-03_DISTRIBUTION_260;ITUB4_2016-10-18_SHARES_663;ITUB4_2016-11-01_DISTRIBUTION_259;ITUB4_2016-12-01_DISTRIBUTION_258;ITUB4_2016-12-23_DISTRIBUTION_257;ITUB4_2017-01-02_DISTRIBUTION_256;ITUB4_2017-02-01_DISTRIBUTION_255;ITUB4_2017-02-21_DISTRIBUTION_254;ITUB4_2017-03-01_DISTRIBUTION_253;ITUB4_2017-04-03_DISTRIBUTION_252;ITUB4_2017-05-02_DISTRIBUTION_251;ITUB4_2017-06-01_DISTRIBUTION_250
VVAL,2016,2016-06-30,2017-06-30,HOLDING,LIGT3,03378521000175,LIGHT SA,Energia,PASS,0.0017611033807462381,1.9710462733324516,3.060554263890549,98.84649511978705,1.9483101583783062,LIGT3,
VVAL,2016,2016-06-30,2017-06-30,HOLDING,PSSA3,02149205000169,PORTO SEGURO S.A.,Seguros,PASS,0.007401086711415599,19.661078270015,18.267361339497096,18.98252031074923,3.732168175917901,PSSA3,CONT_2157_PSSA3_2016-12-21;CONT_2158_PSSA3_2016-10-28
VVAL,2016,2016-06-30,2017-06-30,HOLDING,SBSP3,43776517000180,CIA SANEAMENTO BASICO EST SAO PAULO,Saneamento,PASS,0.004738129256588141,13.68325308169736,12.066899587570237,12.93303920858866,1.7696604860663347,SBSP3,CONT_2262_SBSP3_2017-04-11
VVAL,2016,2016-06-30,2017-06-30,HOLDING,TBLE3,02474103000119,ENGIE BRASIL ENERGIA S.A.,Energia,PASS,0.001198083457682583,4.558135979762613,3.3494231995621027,-5.898309875873031,-0.26885298465006,TBLE3,TBLE3_2016-08-09_DISTRIBUTION_365;TBLE3_2016-11-11_DISTRIBUTION_364;TBLE3_2017-05-30_DISTRIBUTION_363
VVAL,2016,2016-06-30,2017-06-30,NUMERICAL_RESIDUAL,,,,,,,,,,7.11E-15,,
VVAL,2017,2017-06-30,2018-06-29,HOLDING,BBAS3,00000000000191,BCO BRASIL S.A.,Bancos,PASS,0.0028426627166078786,5.907905013621468,5.94394738121118,10.736065666006024,0.634276561747663,BBAS3,CONT_225_BBAS3_2018-06-12;CONT_226_BBAS3_2018-05-22;CONT_227_BBAS3_2018-03-13;CONT_228_BBAS3_2018-03-02;CONT_229_BBAS3_2018-03-02;CONT_230_BBAS3_2017-12-12;CONT_231_BBAS3_2017-11-22;CONT_232_BBAS3_2017-09-12;CONT_233_BBAS3_2017-08-22;CONT_234_BBAS3_2017-08-22
VVAL,2017,2017-06-30,2018-06-29,HOLDING,BBDC4,60746948000112,BCO BRADESCO S.A.,Bancos,PASS,0.010407871001096889,22.720279864481455,22.517712793227336,9.083292096946805,2.0637493853346385,BBDC4,BBDC4_2017-07-03_DISTRIBUTION_629;BBDC4_2017-07-04_DISTRIBUTION_630;BBDC4_2017-08-02_DISTRIBUTION_631;BBDC4_2017-09-04_DISTRIBUTION_632;BBDC4_2017-10-03_DISTRIBUTION_633;BBDC4_2017-11-03_DISTRIBUTION_634;BBDC4_2017-12-04_DISTRIBUTION_635;BBDC4_2017-12-26_DISTRIBUTION_636;BBDC4_2018-01-03_DISTRIBUTION_609;BBDC4_2018-02-02_DISTRIBUTION_610;BBDC4_2018-03-02_DISTRIBUTION_611;BBDC4_2018-04-02_SHARES_670;BBDC4_2018-04-03_DISTRIBUTION_612;BBDC4_2018-05-03_DISTRIBUTION_613;BBDC4_2018-06-04_DISTRIBUTION_614
VVAL,2017,2017-06-30,2018-06-29,HOLDING,BRSR6,92702067000196,BCO ESTADO DO RIO GRANDE DO SUL S.A.,Bancos,PASS,0.013048640079038039,13.296397623128117,14.466435322741669,19.749903776310095,2.6260257362833874,BRSR6,CONT_681_BRSR6_2018-05-15;CONT_682_BRSR6_2018-05-04;CONT_683_BRSR6_2018-02-27;CONT_684_BRSR6_2018-01-05;CONT_685_BRSR6_2017-11-14;CONT_686_BRSR6_2017-08-15
VVAL,2017,2017-06-30,2018-06-29,HOLDING,CPFE3,02429144000193,CPFL ENERGIA S.A.,Energia,PASS,0.0018142433470352646,3.729740732972028,2.8015227161087886,-17.327105695934154,-0.6462561189863727,CPFE3,CONT_845_CPFE3_2018-04-30
VVAL,2017,2017-06-30,2018-06-29,HOLDING,CPLE6,76483817000120,CIA PARANAENSE DE ENERGIA - COPEL,Energia,PASS,0.0011846664476429319,2.2535490401811296,1.9149449320500982,-6.473019468120167,-0.1458726680945596,CPLE6,CONT_919_CPLE6_2018-06-18;CONT_920_CPLE6_2018-01-02
VVAL,2017,2017-06-30,2018-06-29,HOLDING,ENBR3,03983431000103,EDP - ENERGIAS DO BRASIL S.A.,Energia,PASS,0.0035353276160893406,3.8903210030441935,3.6085366049171568,2.0923768037549584,0.08140017425930368,ENBR3,CONT_1105_ENBR3_2018-04-10;CONT_1106_ENBR3_2017-12-27
VVAL,2017,2017-06-30,2018-06-29,HOLDING,ITUB4,60872504000123,ITAU UNIBANCO HOLDING S.A.,Bancos,PASS,0.002431441079657652,6.929381463929776,7.325771801138937,16.36076120496788,1.133699554294858,ITUB4,ITUB4_2017-07-03_DISTRIBUTION_249;ITUB4_2017-08-01_DISTRIBUTION_248;ITUB4_2017-08-15_DISTRIBUTION_247;ITUB4_2017-09-01_DISTRIBUTION_246;ITUB4_2017-10-02_DISTRIBUTION_245;ITUB4_2017-11-01_DISTRIBUTION_244;ITUB4_2017-12-01_DISTRIBUTION_243;ITUB4_2017-12-15_DISTRIBUTION_242;ITUB4_2018-01-02_DISTRIBUTION_241;ITUB4_2018-02-01_DISTRIBUTION_240;ITUB4_2018-02-16_DISTRIBUTION_238;ITUB4_2018-02-16_DISTRIBUTION_239;ITUB4_2018-03-01_DISTRIBUTION_237;ITUB4_2018-04-02_DISTRIBUTION_236;ITUB4_2018-05-02_DISTRIBUTION_235;ITUB4_2018-06-01_DISTRIBUTION_234
VVAL,2017,2017-06-30,2018-06-29,HOLDING,PSSA3,02149205000169,PORTO SEGURO S.A.,Seguros,PASS,0.007144652168726716,16.959685585888735,22.66430583425382,47.08631336048399,7.985690699924403,PSSA3,CONT_2152_PSSA3_2018-06-28;CONT_2153_PSSA3_2018-05-29;CONT_2154_PSSA3_2018-04-02;CONT_2155_PSSA3_2017-10-31;CONT_2156_PSSA3_2017-07-03
VVAL,2017,2017-06-30,2018-06-29,HOLDING,SAPR4,76484013000145,CIA SANEAMENTO DO PARANA - SANEPAR,Saneamento,PASS,0.011830418973080327,10.0,7.944539010141038,-12.558753630225928,-1.2558753630225925,SAPR4,CONT_2239_SAPR4_2018-04-27;CONT_2240_SAPR4_2018-01-02;CONT_2241_SAPR4_2017-07-03
VVAL,2017,2017-06-30,2018-06-29,HOLDING,SBSP3,43776517000180,CIA SANEAMENTO BASICO EST SAO PAULO,Saneamento,PASS,0.004563030680344688,11.20308615996949,7.707010190497367,-24.282564786407335,-2.720396654871626,SBSP3,CONT_2261_SBSP3_2018-04-30
VVAL,2017,2017-06-30,2018-06-29,HOLDING,TBLE3,02474103000119,ENGIE BRASIL ENERGIA S.A.,Energia,PASS,0.0011821777497022952,3.109653512783613,3.1052734137126152,9.909563016693678,0.30815307445012097,TBLE3,TBLE3_2017-08-10_DISTRIBUTION_362;TBLE3_2017-11-10_DISTRIBUTION_361;TBLE3_2018-04-24_DISTRIBUTION_360
VVAL,2017,2017-06-30,2018-06-29,NUMERICAL_RESIDUAL,,,,,,,,,,1.125E-14,,
VQ,2014,2014-06-30,2015-06-30,HOLDING,ABCB4,28195667000106,BCO ABC BRASIL S.A.,Bancos,PASS,0.008169934640522876,11.11111111111111,8.692186873148662,-8.788187953393045,-0.9764653281547825,ABCB4,B00S_ABCB2_2014-07-02_RIGHT_REINVEST_89;B00S_ABCB2_2015-01-08_RIGHT_REINVEST_93;B00S_ABCB4_2014-07-01_DISTRIBUTION_39;B00S_ABCB4_2014-07-01_RIGHT_88;B00S_ABCB4_2015-01-02_DISTRIBUTION_38;B00S_ABCB4_2015-01-02_RIGHT_92
VQ,2014,2014-06-30,2015-06-30,HOLDING,BBDC4,60746948000112,BCO BRADESCO S.A.,Bancos,PASS,0.003466805338880222,11.11111111111111,10.542536693742994,10.628532202254792,1.180948022472754,BBDC4,BBDC4_2014-07-02_DISTRIBUTION_332;BBDC4_2014-08-04_DISTRIBUTION_331;BBDC4_2014-09-02_DISTRIBUTION_330;BBDC4_2014-10-02_DISTRIBUTION_329;BBDC4_2014-11-04_DISTRIBUTION_328;BBDC4_2014-12-02_DISTRIBUTION_327;BBDC4_2014-12-23_DISTRIBUTION_326;BBDC4_2015-01-05_DISTRIBUTION_325;BBDC4_2015-02-03_DISTRIBUTION_324;BBDC4_2015-02-10_DISTRIBUTION_323;BBDC4_2015-03-03_DISTRIBUTION_322;BBDC4_2015-03-27_SHARES_667;BBDC4_2015-04-02_DISTRIBUTION_321;BBDC4_2015-05-05_DISTRIBUTION_320;BBDC4_2015-06-02_DISTRIBUTION_319;BBDC4_2015-06-23_DISTRIBUTION_318
VQ,2014,2014-06-30,2015-06-30,HOLDING,ITUB4,60872504000123,ITAU UNIBANCO HOLDING S.A.,Bancos,PASS,0.0034754804851770756,11.11111111111111,10.607973143760018,11.315192218549175,1.257243579838796,ITUB4,ITUB4_2014-07-01_DISTRIBUTION_295;ITUB4_2014-08-01_DISTRIBUTION_294;ITUB4_2014-08-14_DISTRIBUTION_293;ITUB4_2014-09-01_DISTRIBUTION_292;ITUB4_2014-10-01_DISTRIBUTION_291;ITUB4_2014-11-03_DISTRIBUTION_290;ITUB4_2014-12-01_DISTRIBUTION_289;ITUB4_2015-01-02_DISTRIBUTION_288;ITUB4_2015-02-02_DISTRIBUTION_287;ITUB4_2015-02-11_DISTRIBUTION_285;ITUB4_2015-02-11_DISTRIBUTION_286;ITUB4_2015-03-02_DISTRIBUTION_284;ITUB4_2015-04-01_DISTRIBUTION_283;ITUB4_2015-05-04_DISTRIBUTION_282;ITUB4_2015-06-01_DISTRIBUTION_281
VQ,2014,2014-06-30,2015-06-30,HOLDING,PSSA3,02149205000169,PORTO SEGURO S.A.,Seguros,PASS,0.010462439840970913,33.33333333333333,38.88522040331555,36.014540666577275,12.004846888859094,PSSA3,B00S_PSSA3_2014-10-30_DISTRIBUTION_67;B00S_PSSA3_2014-12-23_DISTRIBUTION_66;B00S_PSSA3_2015-03-30_DISTRIBUTION_65
VQ,2014,2014-06-30,2015-06-30,HOLDING,TBLE3,02474103000119,ENGIE BRASIL ENERGIA S.A.,Energia,PASS,0.0101010101010101,33.33333333333333,31.272082886032784,9.384952568462502,3.1283175228208338,TBLE3,TBLE3_2014-09-12_DISTRIBUTION_372;TBLE3_2014-11-11_DISTRIBUTION_371;TBLE3_2014-11-26_DISTRIBUTION_370;TBLE3_2015-05-11_DISTRIBUTION_369
VQ,2014,2014-06-30,2015-06-30,NUMERICAL_RESIDUAL,,,,,,,,,,-1.53E-14,,
VQ,2015,2015-06-30,2016-06-30,HOLDING,ABCB4,28195667000106,BCO ABC BRASIL S.A.,Bancos,PASS,0.008662090412783187,8.692186873148662,11.209519732785926,22.30923715096862,1.9391605831360983,ABCB4,CONT_25_ABCB4_2016-01-04;CONT_26_ABCB4_2015-07-01
VQ,2015,2015-06-30,2016-06-30,HOLDING,BBDC4,60746948000112,BCO BRADESCO S.A.,Bancos,PASS,0.004313003204766268,10.542536693742994,11.445090602836936,2.9616325386228937,0.31223119711815034,BBDC4,BBDC4_2015-07-02_DISTRIBUTION_317;BBDC4_2015-08-04_DISTRIBUTION_316;BBDC4_2015-09-02_DISTRIBUTION_315;BBDC4_2015-10-02_DISTRIBUTION_314;BBDC4_2015-11-04_DISTRIBUTION_313;BBDC4_2015-12-02_DISTRIBUTION_312;BBDC4_2015-12-17_DISTRIBUTION_311;BBDC4_2016-01-05_DISTRIBUTION_310;BBDC4_2016-02-02_DISTRIBUTION_309;BBDC4_2016-03-02_DISTRIBUTION_308;BBDC4_2016-04-04_DISTRIBUTION_307;BBDC4_2016-04-18_SHARES_668;BBDC4_2016-05-03_DISTRIBUTION_306;BBDC4_2016-06-02_DISTRIBUTION_305;BBDC4_2016-06-23_DISTRIBUTION_304
VQ,2015,2015-06-30,2016-06-30,HOLDING,ITUB4,60872504000123,ITAU UNIBANCO HOLDING S.A.,Bancos,PASS,0.0036143643164669513,10.607973143760018,11.487617169972886,2.706717352847954,0.28712784986760265,ITUB4,ITUB4_2015-07-01_DISTRIBUTION_280;ITUB4_2015-07-14_SHARES_662;ITUB4_2015-08-03_DISTRIBUTION_279;ITUB4_2015-08-13_DISTRIBUTION_278;ITUB4_2015-09-01_DISTRIBUTION_277;ITUB4_2015-10-01_DISTRIBUTION_276;ITUB4_2015-11-03_DISTRIBUTION_275;ITUB4_2015-12-01_DISTRIBUTION_274;ITUB4_2015-12-10_DISTRIBUTION_273;ITUB4_2016-01-04_DISTRIBUTION_272;ITUB4_2016-02-01_DISTRIBUTION_271;ITUB4_2016-02-19_DISTRIBUTION_269;ITUB4_2016-02-19_DISTRIBUTION_270;ITUB4_2016-03-01_DISTRIBUTION_268;ITUB4_2016-04-01_DISTRIBUTION_267;ITUB4_2016-05-02_DISTRIBUTION_266;ITUB4_2016-06-01_DISTRIBUTION_265
VQ,2015,2015-06-30,2016-06-30,HOLDING,PSSA3,02149205000169,PORTO SEGURO S.A.,Seguros,PASS,0.010951251261399137,38.88522040331555,27.543878648366224,-32.81971565683103,-12.762018768900207,PSSA3,CONT_2159_PSSA3_2016-03-30;CONT_2160_PSSA3_2015-12-14;CONT_2161_PSSA3_2015-10-29
VQ,2015,2015-06-30,2016-06-30,HOLDING,TBLE3,02474103000119,ENGIE BRASIL ENERGIA S.A.,Energia,PASS,0.010664419671293994,31.272082886032784,38.31389384603803,16.198571593595588,5.065630735102576,TBLE3,TBLE3_2015-08-21_DISTRIBUTION_368;TBLE3_2015-11-24_DISTRIBUTION_367;TBLE3_2016-05-11_DISTRIBUTION_366
VQ,2015,2015-06-30,2016-06-30,NUMERICAL_RESIDUAL,,,,,,,,,,-7.9E-16,,
VQ,2016,2016-06-30,2017-06-30,HOLDING,ABCB4,28195667000106,BCO ABC BRASIL S.A.,Bancos,PASS,0.009484015260204051,11.209519732785926,13.578792381910324,39.552418679539805,4.433636176677121,ABCB4,CONT_23_ABCB4_2017-01-02;CONT_24_ABCB4_2016-07-01
VQ,2016,2016-06-30,2017-06-30,HOLDING,BBDC4,60746948000112,BCO BRADESCO S.A.,Bancos,PASS,0.00502625288187087,11.445090602836936,12.703390834154206,27.86852354038498,3.189577768870001,BBDC4,BBDC4_2016-07-04_DISTRIBUTION_303;BBDC4_2016-08-02_DISTRIBUTION_302;BBDC4_2016-09-02_DISTRIBUTION_301;BBDC4_2016-10-03_DISTRIBUTION_300;BBDC4_2016-10-04_DISTRIBUTION_299;BBDC4_2016-11-03_DISTRIBUTION_298;BBDC4_2016-12-02_DISTRIBUTION_297;BBDC4_2016-12-22_DISTRIBUTION_296;BBDC4_2017-01-03_DISTRIBUTION_623;BBDC4_2017-02-02_DISTRIBUTION_624;BBDC4_2017-03-02_DISTRIBUTION_625;BBDC4_2017-04-04_DISTRIBUTION_626;BBDC4_2017-05-02_SHARES_669;BBDC4_2017-05-03_DISTRIBUTION_627;BBDC4_2017-06-02_DISTRIBUTION_628
VQ,2016,2016-06-30,2017-06-30,HOLDING,ITUB4,60872504000123,ITAU UNIBANCO HOLDING S.A.,Bancos,PASS,0.004192452506149053,11.487617169972886,13.974136594582207,40.138755271795915,4.6109865424162235,ITUB4,ITUB4_2016-07-01_DISTRIBUTION_264;ITUB4_2016-08-01_DISTRIBUTION_263;ITUB4_2016-08-15_DISTRIBUTION_262;ITUB4_2016-09-01_DISTRIBUTION_261;ITUB4_2016-10-03_DISTRIBUTION_260;ITUB4_2016-10-18_SHARES_663;ITUB4_2016-11-01_DISTRIBUTION_259;ITUB4_2016-12-01_DISTRIBUTION_258;ITUB4_2016-12-23_DISTRIBUTION_257;ITUB4_2017-01-02_DISTRIBUTION_256;ITUB4_2017-02-01_DISTRIBUTION_255;ITUB4_2017-02-21_DISTRIBUTION_254;ITUB4_2017-03-01_DISTRIBUTION_253;ITUB4_2017-04-03_DISTRIBUTION_252;ITUB4_2017-05-02_DISTRIBUTION_251;ITUB4_2017-06-01_DISTRIBUTION_250
VQ,2016,2016-06-30,2017-06-30,HOLDING,PSSA3,02149205000169,PORTO SEGURO S.A.,Seguros,PASS,0.01138628724833169,27.543878648366224,28.44756081883324,18.98252031074923,5.228522358794239,PSSA3,CONT_2157_PSSA3_2016-12-21;CONT_2158_PSSA3_2016-10-28
VQ,2016,2016-06-30,2017-06-30,HOLDING,TBLE3,02474103000119,ENGIE BRASIL ENERGIA S.A.,Energia,PASS,0.011059231917069996,38.31389384603803,31.29611937052002,-5.898309875873031,-2.259872184552369,TBLE3,TBLE3_2016-08-09_DISTRIBUTION_365;TBLE3_2016-11-11_DISTRIBUTION_364;TBLE3_2017-05-30_DISTRIBUTION_363
VQ,2016,2016-06-30,2017-06-30,NUMERICAL_RESIDUAL,,,,,,,,,,-5E-16,,
VQ,2017,2017-06-30,2018-06-29,HOLDING,ABCB4,28195667000106,BCO ABC BRASIL S.A.,Bancos,PASS,0.010302781832877717,13.578792381910324,10.900343759114625,-4.176619987792551,-0.5671345567237188,ABCB4,CONT_21_ABCB4_2018-01-02;CONT_22_ABCB4_2017-07-03
VQ,2017,2017-06-30,2018-06-29,HOLDING,BBDC4,60746948000112,BCO BRADESCO S.A.,Bancos,PASS,0.005748907385408885,12.703390834154206,11.608749947918945,9.083292096946893,1.1538860956830042,BBDC4,BBDC4_2017-07-03_DISTRIBUTION_629;BBDC4_2017-07-04_DISTRIBUTION_630;BBDC4_2017-08-02_DISTRIBUTION_631;BBDC4_2017-09-04_DISTRIBUTION_632;BBDC4_2017-10-03_DISTRIBUTION_633;BBDC4_2017-11-03_DISTRIBUTION_634;BBDC4_2017-12-04_DISTRIBUTION_635;BBDC4_2017-12-26_DISTRIBUTION_636;BBDC4_2018-01-03_DISTRIBUTION_609;BBDC4_2018-02-02_DISTRIBUTION_610;BBDC4_2018-03-02_DISTRIBUTION_611;BBDC4_2018-04-02_SHARES_670;BBDC4_2018-04-03_DISTRIBUTION_612;BBDC4_2018-05-03_DISTRIBUTION_613;BBDC4_2018-06-04_DISTRIBUTION_614
VQ,2017,2017-06-30,2018-06-29,HOLDING,ITUB4,60872504000123,ITAU UNIBANCO HOLDING S.A.,Bancos,PASS,0.004844084298002678,13.974136594582207,13.621944238064108,16.3607612049679,2.286275118695629,ITUB4,ITUB4_2017-07-03_DISTRIBUTION_249;ITUB4_2017-08-01_DISTRIBUTION_248;ITUB4_2017-08-15_DISTRIBUTION_247;ITUB4_2017-09-01_DISTRIBUTION_246;ITUB4_2017-10-02_DISTRIBUTION_245;ITUB4_2017-11-01_DISTRIBUTION_244;ITUB4_2017-12-01_DISTRIBUTION_243;ITUB4_2017-12-15_DISTRIBUTION_242;ITUB4_2018-01-02_DISTRIBUTION_241;ITUB4_2018-02-01_DISTRIBUTION_240;ITUB4_2018-02-16_DISTRIBUTION_238;ITUB4_2018-02-16_DISTRIBUTION_239;ITUB4_2018-03-01_DISTRIBUTION_237;ITUB4_2018-04-02_DISTRIBUTION_236;ITUB4_2018-05-02_DISTRIBUTION_235;ITUB4_2018-06-01_DISTRIBUTION_234
VQ,2017,2017-06-30,2018-06-29,HOLDING,PSSA3,02149205000169,PORTO SEGURO S.A.,Seguros,PASS,0.011839292670318979,28.44756081883324,35.05297295364921,47.08631336048399,13.394907630570083,PSSA3,CONT_2152_PSSA3_2018-06-28;CONT_2153_PSSA3_2018-05-29;CONT_2154_PSSA3_2018-04-02;CONT_2155_PSSA3_2017-10-31;CONT_2156_PSSA3_2017-07-03
VQ,2017,2017-06-30,2018-06-29,HOLDING,TBLE3,02474103000119,ENGIE BRASIL ENERGIA S.A.,Energia,PASS,0.011753810853097603,31.29611937052002,28.815989101253116,9.909563016693701,3.1013086708013655,TBLE3,TBLE3_2017-08-10_DISTRIBUTION_362;TBLE3_2017-11-10_DISTRIBUTION_361;TBLE3_2018-04-24_DISTRIBUTION_360
VQ,2017,2017-06-30,2018-06-29,NUMERICAL_RESIDUAL,,,,,,,,,,-7.9E-15,,
