case,variant,year,start,end,row_type,ticker,cnpj,company,sector,base_status,initial_units,initial_weight_pct,final_weight_pct,exposure_return_pct,contribution_pp,descendants,event_ids
VVAL_12_20,VVAL,2014,2014-06-30,2015-06-30,HOLDING,CPFE3,02429144000193,CPFL ENERGIA S.A.,Energia,PASS,0.004918839153959667,10.0,13.032664997804495,-0.27764574083049,-0.02776457408304872,CPFE3,B00S_CPFE3_2014-09-05_DISTRIBUTION_54;B00S_CPFE3_2015-04-30_SHARES_87
VVAL_12_20,VVAL,2014,2014-06-30,2015-06-30,HOLDING,CPLE6,76483817000120,CIA PARANAENSE DE ENERGIA - COPEL,Energia,PASS,0.0029515938606847697,10.0,14.458514826322123,10.63256347146526,1.0632563471465253,CPLE6,B00S_CPLE6_2014-11-07_DISTRIBUTION_56;B00S_CPLE6_2014-11-07_DISTRIBUTION_57;B00S_CPLE6_2015-04-24_DISTRIBUTION_55
VVAL_12_20,VVAL,2014,2014-06-30,2015-06-30,HOLDING,CSMG3,17281106000103,CIA SANEAMENTO DE MINAS GERAIS-COPASA MG,Saneamento,PASS,0.006172839506172839,25.0,11.183185822633826,-65.77173990005318,-16.442934975013294,CSMG3,B00S_CSMG3_2014-09-23_DISTRIBUTION_60;B00S_CSMG3_2015-03-25_DISTRIBUTION_59;B00S_CSMG3_2015-05-12_DISTRIBUTION_58
VVAL_12_20,VVAL,2014,2014-06-30,2015-06-30,HOLDING,ENBR3,03983431000103,EDP - ENERGIAS DO BRASIL S.A.,Energia,PASS,0.009216589861751152,10.0,14.472955866251555,10.743062321850516,1.0743062321850516,ENBR3,B00S_ENBR3_2014-12-30_DISTRIBUTION_62;B00S_ENBR3_2015-04-13_DISTRIBUTION_61
VVAL_12_20,VVAL,2014,2014-06-30,2015-06-30,HOLDING,GETI4,02998609000127,AES TIETE SA,Energia,PASS,0.0051440329218107,10.0,12.708957562533307,-2.7545656602697366,-0.2754565660269742,GETI4,B00S_GETI4_2014-08-07_DISTRIBUTION_83;B00S_GETI4_2015-05-11_DISTRIBUTION_84
VVAL_12_20,VVAL,2014,2014-06-30,2015-06-30,HOLDING,LIGT3,03378521000175,LIGHT SA,Energia,PASS,0.00463821892393321,10.0,10.790502419563685,-17.434054730983306,-1.7434054730983306,LIGT3,B00S_LIGT3_2015-04-13_DISTRIBUTION_86
VVAL_12_20,VVAL,2014,2014-06-30,2015-06-30,HOLDING,SBSP3,43776517000180,CIA SANEAMENTO BASICO EST SAO PAULO,Saneamento,PASS,0.010615711252653927,25.0,23.353218504891004,-28.52304791909088,-7.13076197977272,SBSP3,B00S_SBSP3_2015-04-07_DISTRIBUTION_68
VVAL_12_20,VVAL,2014,2014-06-30,2015-06-30,NUMERICAL_RESIDUAL,,,,,,,,,,4.62E-15,,
VVAL_15_25,VVAL,2014,2014-06-30,2015-06-30,HOLDING,BBDC4,60746948000112,BCO BRADESCO S.A.,Bancos,PASS,0.0078003120124804995,25.0,27.573626483773154,10.628532202254814,2.6571330505637034,BBDC4,BBDC4_2014-07-02_DISTRIBUTION_332;BBDC4_2014-08-04_DISTRIBUTION_331;BBDC4_2014-09-02_DISTRIBUTION_330;BBDC4_2014-10-02_DISTRIBUTION_329;BBDC4_2014-11-04_DISTRIBUTION_328;BBDC4_2014-12-02_DISTRIBUTION_327;BBDC4_2014-12-23_DISTRIBUTION_326;BBDC4_2015-01-05_DISTRIBUTION_325;BBDC4_2015-02-03_DISTRIBUTION_324;BBDC4_2015-02-10_DISTRIBUTION_323;BBDC4_2015-03-03_DISTRIBUTION_322;BBDC4_2015-03-27_SHARES_667;BBDC4_2015-04-02_DISTRIBUTION_321;BBDC4_2015-05-05_DISTRIBUTION_320;BBDC4_2015-06-02_DISTRIBUTION_319;BBDC4_2015-06-23_DISTRIBUTION_318
VVAL_15_25,VVAL,2014,2014-06-30,2015-06-30,HOLDING,CPFE3,02429144000193,CPFL ENERGIA S.A.,Energia,PASS,0.0020495163141498606,4.166666666666666,4.142552398383897,-0.27764574083049,-0.01156857253460375,CPFE3,B00S_CPFE3_2014-09-05_DISTRIBUTION_54;B00S_CPFE3_2015-04-30_SHARES_87
VVAL_15_25,VVAL,2014,2014-06-30,2015-06-30,HOLDING,CPLE6,76483817000120,CIA PARANAENSE DE ENERGIA - COPEL,Energia,PASS,0.0012298307752853207,4.166666666666666,4.595771876353754,10.632563471465284,0.4430234779777199,CPLE6,B00S_CPLE6_2014-11-07_DISTRIBUTION_56;B00S_CPLE6_2014-11-07_DISTRIBUTION_57;B00S_CPLE6_2015-04-24_DISTRIBUTION_55
VVAL_15_25,VVAL,2014,2014-06-30,2015-06-30,HOLDING,CSMG3,17281106000103,CIA SANEAMENTO DE MINAS GERAIS-COPASA MG,Saneamento,PASS,0.0030864197530864196,12.5,4.26561412502467,-65.77173990005318,-8.221467487506647,CSMG3,B00S_CSMG3_2014-09-23_DISTRIBUTION_60;B00S_CSMG3_2015-03-25_DISTRIBUTION_59;B00S_CSMG3_2015-05-12_DISTRIBUTION_58
VVAL_15_25,VVAL,2014,2014-06-30,2015-06-30,HOLDING,ENBR3,03983431000103,EDP - ENERGIAS DO BRASIL S.A.,Energia,PASS,0.0038402457757296467,4.166666666666666,4.600362093673456,10.743062321850516,0.4476275967437715,ENBR3,B00S_ENBR3_2014-12-30_DISTRIBUTION_62;B00S_ENBR3_2015-04-13_DISTRIBUTION_61
VVAL_15_25,VVAL,2014,2014-06-30,2015-06-30,HOLDING,GETI4,02998609000127,AES TIETE SA,Energia,PASS,0.002143347050754458,4.166666666666666,4.039659013755099,-2.7545656602697477,-0.11477356917790615,GETI4,B00S_GETI4_2014-08-07_DISTRIBUTION_83;B00S_GETI4_2015-05-11_DISTRIBUTION_84
VVAL_15_25,VVAL,2014,2014-06-30,2015-06-30,HOLDING,LIGT3,03378521000175,LIGHT SA,Energia,PASS,0.001932591218305504,4.166666666666666,3.4298604073273626,-17.434054730983306,-0.7264189471243042,LIGT3,B00S_LIGT3_2015-04-13_DISTRIBUTION_86
VVAL_15_25,VVAL,2014,2014-06-30,2015-06-30,HOLDING,PSSA3,02149205000169,PORTO SEGURO S.A.,Seguros,PASS,0.007846829880728186,25.0,33.90096628820441,36.0145406665773,9.003635166644324,PSSA3,B00S_PSSA3_2014-10-30_DISTRIBUTION_67;B00S_PSSA3_2014-12-23_DISTRIBUTION_66;B00S_PSSA3_2015-03-30_DISTRIBUTION_65
VVAL_15_25,VVAL,2014,2014-06-30,2015-06-30,HOLDING,SBSP3,43776517000180,CIA SANEAMENTO BASICO EST SAO PAULO,Saneamento,PASS,0.005307855626326964,12.5,8.90764226752242,-28.52304791909088,-3.56538098988636,SBSP3,B00S_SBSP3_2015-04-07_DISTRIBUTION_68
VVAL_15_25,VVAL,2014,2014-06-30,2015-06-30,HOLDING,TBLE3,02474103000119,ENGIE BRASIL ENERGIA S.A.,Energia,PASS,0.0012626262626262625,4.166666666666666,4.543945045981777,9.384952568462502,0.3910396903526042,TBLE3,TBLE3_2014-09-12_DISTRIBUTION_372;TBLE3_2014-11-11_DISTRIBUTION_371;TBLE3_2014-11-26_DISTRIBUTION_370;TBLE3_2015-05-11_DISTRIBUTION_369
VVAL_15_25,VVAL,2014,2014-06-30,2015-06-30,NUMERICAL_RESIDUAL,,,,,,,,,,-4.25E-15,,
VVAL_18_30,VVAL,2014,2014-06-30,2015-06-30,HOLDING,BBDC4,60746948000112,BCO BRADESCO S.A.,Bancos,PASS,0.0078003120124804995,25.0,27.573626483773154,10.628532202254814,2.6571330505637034,BBDC4,BBDC4_2014-07-02_DISTRIBUTION_332;BBDC4_2014-08-04_DISTRIBUTION_331;BBDC4_2014-09-02_DISTRIBUTION_330;BBDC4_2014-10-02_DISTRIBUTION_329;BBDC4_2014-11-04_DISTRIBUTION_328;BBDC4_2014-12-02_DISTRIBUTION_327;BBDC4_2014-12-23_DISTRIBUTION_326;BBDC4_2015-01-05_DISTRIBUTION_325;BBDC4_2015-02-03_DISTRIBUTION_324;BBDC4_2015-02-10_DISTRIBUTION_323;BBDC4_2015-03-03_DISTRIBUTION_322;BBDC4_2015-03-27_SHARES_667;BBDC4_2015-04-02_DISTRIBUTION_321;BBDC4_2015-05-05_DISTRIBUTION_320;BBDC4_2015-06-02_DISTRIBUTION_319;BBDC4_2015-06-23_DISTRIBUTION_318
VVAL_18_30,VVAL,2014,2014-06-30,2015-06-30,HOLDING,CPFE3,02429144000193,CPFL ENERGIA S.A.,Energia,PASS,0.0020495163141498606,4.166666666666666,4.142552398383897,-0.27764574083049,-0.01156857253460375,CPFE3,B00S_CPFE3_2014-09-05_DISTRIBUTION_54;B00S_CPFE3_2015-04-30_SHARES_87
VVAL_18_30,VVAL,2014,2014-06-30,2015-06-30,HOLDING,CPLE6,76483817000120,CIA PARANAENSE DE ENERGIA - COPEL,Energia,PASS,0.0012298307752853207,4.166666666666666,4.595771876353754,10.632563471465284,0.4430234779777199,CPLE6,B00S_CPLE6_2014-11-07_DISTRIBUTION_56;B00S_CPLE6_2014-11-07_DISTRIBUTION_57;B00S_CPLE6_2015-04-24_DISTRIBUTION_55
VVAL_18_30,VVAL,2014,2014-06-30,2015-06-30,HOLDING,CSMG3,17281106000103,CIA SANEAMENTO DE MINAS GERAIS-COPASA MG,Saneamento,PASS,0.0030864197530864196,12.5,4.26561412502467,-65.77173990005318,-8.221467487506647,CSMG3,B00S_CSMG3_2014-09-23_DISTRIBUTION_60;B00S_CSMG3_2015-03-25_DISTRIBUTION_59;B00S_CSMG3_2015-05-12_DISTRIBUTION_58
VVAL_18_30,VVAL,2014,2014-06-30,2015-06-30,HOLDING,ENBR3,03983431000103,EDP - ENERGIAS DO BRASIL S.A.,Energia,PASS,0.0038402457757296467,4.166666666666666,4.600362093673456,10.743062321850516,0.4476275967437715,ENBR3,B00S_ENBR3_2014-12-30_DISTRIBUTION_62;B00S_ENBR3_2015-04-13_DISTRIBUTION_61
VVAL_18_30,VVAL,2014,2014-06-30,2015-06-30,HOLDING,GETI4,02998609000127,AES TIETE SA,Energia,PASS,0.002143347050754458,4.166666666666666,4.039659013755099,-2.7545656602697477,-0.11477356917790615,GETI4,B00S_GETI4_2014-08-07_DISTRIBUTION_83;B00S_GETI4_2015-05-11_DISTRIBUTION_84
VVAL_18_30,VVAL,2014,2014-06-30,2015-06-30,HOLDING,LIGT3,03378521000175,LIGHT SA,Energia,PASS,0.001932591218305504,4.166666666666666,3.4298604073273626,-17.434054730983306,-0.7264189471243042,LIGT3,B00S_LIGT3_2015-04-13_DISTRIBUTION_86
VVAL_18_30,VVAL,2014,2014-06-30,2015-06-30,HOLDING,PSSA3,02149205000169,PORTO SEGURO S.A.,Seguros,PASS,0.007846829880728186,25.0,33.90096628820441,36.0145406665773,9.003635166644324,PSSA3,B00S_PSSA3_2014-10-30_DISTRIBUTION_67;B00S_PSSA3_2014-12-23_DISTRIBUTION_66;B00S_PSSA3_2015-03-30_DISTRIBUTION_65
VVAL_18_30,VVAL,2014,2014-06-30,2015-06-30,HOLDING,SBSP3,43776517000180,CIA SANEAMENTO BASICO EST SAO PAULO,Saneamento,PASS,0.005307855626326964,12.5,8.90764226752242,-28.52304791909088,-3.56538098988636,SBSP3,B00S_SBSP3_2015-04-07_DISTRIBUTION_68
VVAL_18_30,VVAL,2014,2014-06-30,2015-06-30,HOLDING,TBLE3,02474103000119,ENGIE BRASIL ENERGIA S.A.,Energia,PASS,0.0012626262626262625,4.166666666666666,4.543945045981777,9.384952568462502,0.3910396903526042,TBLE3,TBLE3_2014-09-12_DISTRIBUTION_372;TBLE3_2014-11-11_DISTRIBUTION_371;TBLE3_2014-11-26_DISTRIBUTION_370;TBLE3_2015-05-11_DISTRIBUTION_369
VVAL_18_30,VVAL,2014,2014-06-30,2015-06-30,NUMERICAL_RESIDUAL,,,,,,,,,,-4.25E-15,,
GRAHAM_22_5_DIAGNOSTIC,VVAL,2014,2014-06-30,2015-06-30,HOLDING,BBDC4,60746948000112,BCO BRADESCO S.A.,Bancos,PASS,0.010400416016640665,33.33333333333333,41.77893621867529,10.628532202254792,3.5428440674182604,BBDC4,BBDC4_2014-07-02_DISTRIBUTION_332;BBDC4_2014-08-04_DISTRIBUTION_331;BBDC4_2014-09-02_DISTRIBUTION_330;BBDC4_2014-10-02_DISTRIBUTION_329;BBDC4_2014-11-04_DISTRIBUTION_328;BBDC4_2014-12-02_DISTRIBUTION_327;BBDC4_2014-12-23_DISTRIBUTION_326;BBDC4_2015-01-05_DISTRIBUTION_325;BBDC4_2015-02-03_DISTRIBUTION_324;BBDC4_2015-02-10_DISTRIBUTION_323;BBDC4_2015-03-03_DISTRIBUTION_322;BBDC4_2015-03-27_SHARES_667;BBDC4_2015-04-02_DISTRIBUTION_321;BBDC4_2015-05-05_DISTRIBUTION_320;BBDC4_2015-06-02_DISTRIBUTION_319;BBDC4_2015-06-23_DISTRIBUTION_318
GRAHAM_22_5_DIAGNOSTIC,VVAL,2014,2014-06-30,2015-06-30,HOLDING,CPLE6,76483817000120,CIA PARANAENSE DE ENERGIA - COPEL,Energia,PASS,0.0032795487340941884,11.11111111111111,13.926819543360343,10.63256347146526,1.1813959412739174,CPLE6,B00S_CPLE6_2014-11-07_DISTRIBUTION_56;B00S_CPLE6_2014-11-07_DISTRIBUTION_57;B00S_CPLE6_2015-04-24_DISTRIBUTION_55
GRAHAM_22_5_DIAGNOSTIC,VVAL,2014,2014-06-30,2015-06-30,HOLDING,CSMG3,17281106000103,CIA SANEAMENTO DE MINAS GERAIS-COPASA MG,Saneamento,PASS,0.004115226337448559,16.666666666666664,6.463162202032542,-65.77173990005318,-10.961956650008863,CSMG3,B00S_CSMG3_2014-09-23_DISTRIBUTION_60;B00S_CSMG3_2015-03-25_DISTRIBUTION_59;B00S_CSMG3_2015-05-12_DISTRIBUTION_58
GRAHAM_22_5_DIAGNOSTIC,VVAL,2014,2014-06-30,2015-06-30,HOLDING,ENBR3,03983431000103,EDP - ENERGIAS DO BRASIL S.A.,Energia,PASS,0.010240655401945725,11.11111111111111,13.940729530626081,10.743062321850495,1.1936735913167227,ENBR3,B00S_ENBR3_2014-12-30_DISTRIBUTION_62;B00S_ENBR3_2015-04-13_DISTRIBUTION_61
GRAHAM_22_5_DIAGNOSTIC,VVAL,2014,2014-06-30,2015-06-30,HOLDING,LIGT3,03378521000175,LIGHT SA,Energia,PASS,0.00515357658214801,11.11111111111111,10.393694081626732,-17.434054730983306,-1.9371171923314778,LIGT3,B00S_LIGT3_2015-04-13_DISTRIBUTION_86
GRAHAM_22_5_DIAGNOSTIC,VVAL,2014,2014-06-30,2015-06-30,HOLDING,SBSP3,43776517000180,CIA SANEAMENTO BASICO EST SAO PAULO,Saneamento,PASS,0.007077140835102618,16.666666666666664,13.496658423679007,-28.52304791909087,-4.753841319848479,SBSP3,B00S_SBSP3_2015-04-07_DISTRIBUTION_68
GRAHAM_22_5_DIAGNOSTIC,VVAL,2014,2014-06-30,2015-06-30,NUMERICAL_RESIDUAL,,,,,,,,,,-4.7E-15,,
VVAL_ALL_UNKNOWN_INCLUDED,VVAL,2014,2014-06-30,2015-06-30,HOLDING,ABCB4,28195667000106,BCO ABC BRASIL S.A.,Bancos,PASS,0.0029411764705882353,4.0,3.687033391904031,-8.788187953393066,-0.3515275181357226,ABCB4,B00S_ABCB2_2014-07-02_RIGHT_REINVEST_89;B00S_ABCB2_2015-01-08_RIGHT_REINVEST_93;B00S_ABCB4_2014-07-01_DISTRIBUTION_39;B00S_ABCB4_2014-07-01_RIGHT_88;B00S_ABCB4_2015-01-02_DISTRIBUTION_38;B00S_ABCB4_2015-01-02_RIGHT_92
VVAL_ALL_UNKNOWN_INCLUDED,VVAL,2014,2014-06-30,2015-06-30,HOLDING,BBAS3,00000000000191,BCO BRASIL S.A.,Bancos,PASS,0.0016096579476861167,4.0,4.259308999895677,5.369073358535514,0.2147629343414205,BBAS3,B00S_BBAS3_2014-08-20_DISTRIBUTION_47;B00S_BBAS3_2014-09-12_DISTRIBUTION_46;B00S_BBAS3_2014-11-17_DISTRIBUTION_45;B00S_BBAS3_2014-12-12_DISTRIBUTION_44;B00S_BBAS3_2015-02-20_DISTRIBUTION_43;B00S_BBAS3_2015-03-24_DISTRIBUTION_42;B00S_BBAS3_2015-05-22_DISTRIBUTION_41;B00S_BBAS3_2015-06-12_DISTRIBUTION_40
VVAL_ALL_UNKNOWN_INCLUDED,VVAL,2014,2014-06-30,2015-06-30,HOLDING,BBDC4,60746948000112,BCO BRADESCO S.A.,Bancos,PASS,0.00124804992199688,4.0,4.471910854250124,10.628532202254792,0.4251412880901917,BBDC4,BBDC4_2014-07-02_DISTRIBUTION_332;BBDC4_2014-08-04_DISTRIBUTION_331;BBDC4_2014-09-02_DISTRIBUTION_330;BBDC4_2014-10-02_DISTRIBUTION_329;BBDC4_2014-11-04_DISTRIBUTION_328;BBDC4_2014-12-02_DISTRIBUTION_327;BBDC4_2014-12-23_DISTRIBUTION_326;BBDC4_2015-01-05_DISTRIBUTION_325;BBDC4_2015-02-03_DISTRIBUTION_324;BBDC4_2015-02-10_DISTRIBUTION_323;BBDC4_2015-03-03_DISTRIBUTION_322;BBDC4_2015-03-27_SHARES_667;BBDC4_2015-04-02_DISTRIBUTION_321;BBDC4_2015-05-05_DISTRIBUTION_320;BBDC4_2015-06-02_DISTRIBUTION_319;BBDC4_2015-06-23_DISTRIBUTION_318
VVAL_ALL_UNKNOWN_INCLUDED,VVAL,2014,2014-06-30,2015-06-30,HOLDING,BRSR6,92702067000196,BCO ESTADO DO RIO GRANDE DO SUL S.A.,Bancos,PASS,0.0037209302325581397,4.0,3.5597725472465265,-11.936435069700957,-0.4774574027880382,BRSR6,B00S_BRSR6_2014-09-04_DISTRIBUTION_52;B00S_BRSR6_2014-11-26_DISTRIBUTION_51;B00S_BRSR6_2015-03-05_DISTRIBUTION_50;B00S_BRSR6_2015-05-04_DISTRIBUTION_49;B00S_BRSR6_2015-06-03_DISTRIBUTION_48
VVAL_ALL_UNKNOWN_INCLUDED,VVAL,2014,2014-06-30,2015-06-30,HOLDING,CMIG4,17155730000164,CIA ENERGETICA DE MINAS GERAIS - CEMIG,Energia,PASS,0.0012391573729863693,2.0,1.6527201789623245,-18.22824134972203,-0.3645648269944405,CMIG4,CMIG4_2014-11-10_DISTRIBUTION_637;CMIG4_2014-12-29_DISTRIBUTION_638;CMIG4_2015-05-04_DISTRIBUTION_639
VVAL_ALL_UNKNOWN_INCLUDED,VVAL,2014,2014-06-30,2015-06-30,HOLDING,COCE5,07047251000170,CIA ENERGETICA DO CEARA - COELCE,Energia,PASS,0.0005730659025787966,2.0,2.443326982019931,20.88866997611727,0.4177733995223455,COCE5,B00S_COCE5_2015-04-28_DISTRIBUTION_53
VVAL_ALL_UNKNOWN_INCLUDED,VVAL,2014,2014-06-30,2015-06-30,HOLDING,CPFE3,02429144000193,CPFL ENERGIA S.A.,Energia,PASS,0.0009837678307919333,2.0,2.0155265081509737,-0.2776457408305011,-0.005552914816609952,CPFE3,B00S_CPFE3_2014-09-05_DISTRIBUTION_54;B00S_CPFE3_2015-04-30_SHARES_87
VVAL_ALL_UNKNOWN_INCLUDED,VVAL,2014,2014-06-30,2015-06-30,HOLDING,CPLE6,76483817000120,CIA PARANAENSE DE ENERGIA - COPEL,Energia,PASS,0.0005903187721369539,2.0,2.236036904643474,10.63256347146526,0.21265126942930507,CPLE6,B00S_CPLE6_2014-11-07_DISTRIBUTION_56;B00S_CPLE6_2014-11-07_DISTRIBUTION_57;B00S_CPLE6_2015-04-24_DISTRIBUTION_55
VVAL_ALL_UNKNOWN_INCLUDED,VVAL,2014,2014-06-30,2015-06-30,HOLDING,CSMG3,17281106000103,CIA SANEAMENTO DE MINAS GERAIS-COPASA MG,Saneamento,PASS,0.0024691358024691358,10.0,3.4590020498330554,-65.77173990005318,-6.57717399000532,CSMG3,B00S_CSMG3_2014-09-23_DISTRIBUTION_60;B00S_CSMG3_2015-03-25_DISTRIBUTION_59;B00S_CSMG3_2015-05-12_DISTRIBUTION_58
VVAL_ALL_UNKNOWN_INCLUDED,VVAL,2014,2014-06-30,2015-06-30,HOLDING,ENBR3,03983431000103,EDP - ENERGIAS DO BRASIL S.A.,Energia,PASS,0.0018433179723502304,2.0,2.238270239021971,10.743062321850516,0.21486124643701027,ENBR3,B00S_ENBR3_2014-12-30_DISTRIBUTION_62;B00S_ENBR3_2015-04-13_DISTRIBUTION_61
VVAL_ALL_UNKNOWN_INCLUDED,VVAL,2014,2014-06-30,2015-06-30,HOLDING,EQTL3,03220438000173,EQUATORIAL S.A.,Energia,PASS,0.0007955449482895784,2.0,2.9023660197654984,43.60057843067124,0.8720115686134247,EQTL3,B00S_EQTL3_2014-12-22_DISTRIBUTION_64;B00S_EQTL3_2015-04-20_DISTRIBUTION_63
VVAL_ALL_UNKNOWN_INCLUDED,VVAL,2014,2014-06-30,2015-06-30,HOLDING,GETI4,02998609000127,AES TIETE SA,Energia,PASS,0.0010288065843621398,2.0,1.9654645356545914,-2.754565660269759,-0.05509131320539512,GETI4,B00S_GETI4_2014-08-07_DISTRIBUTION_83;B00S_GETI4_2015-05-11_DISTRIBUTION_84
VVAL_ALL_UNKNOWN_INCLUDED,VVAL,2014,2014-06-30,2015-06-30,HOLDING,ITUB4,60872504000123,ITAU UNIBANCO HOLDING S.A.,Bancos,PASS,0.0012511729746637473,4.0,4.4996675488289934,11.315192218549196,0.45260768874196766,ITUB4,ITUB4_2014-07-01_DISTRIBUTION_295;ITUB4_2014-08-01_DISTRIBUTION_294;ITUB4_2014-08-14_DISTRIBUTION_293;ITUB4_2014-09-01_DISTRIBUTION_292;ITUB4_2014-10-01_DISTRIBUTION_291;ITUB4_2014-11-03_DISTRIBUTION_290;ITUB4_2014-12-01_DISTRIBUTION_289;ITUB4_2015-01-02_DISTRIBUTION_288;ITUB4_2015-02-02_DISTRIBUTION_287;ITUB4_2015-02-11_DISTRIBUTION_285;ITUB4_2015-02-11_DISTRIBUTION_286;ITUB4_2015-03-02_DISTRIBUTION_284;ITUB4_2015-04-01_DISTRIBUTION_283;ITUB4_2015-05-04_DISTRIBUTION_282;ITUB4_2015-06-01_DISTRIBUTION_281
VVAL_ALL_UNKNOWN_INCLUDED,VVAL,2014,2014-06-30,2015-06-30,HOLDING,LIGT3,03378521000175,LIGHT SA,Energia,PASS,0.000927643784786642,2.0,1.6687717873943375,-17.434054730983295,-0.3486810946196659,LIGT3,B00S_LIGT3_2015-04-13_DISTRIBUTION_86
VVAL_ALL_UNKNOWN_INCLUDED,VVAL,2014,2014-06-30,2015-06-30,HOLDING,PSSA3,02149205000169,PORTO SEGURO S.A.,Seguros,PASS,0.006277463904582549,20.0,27.49041719322003,36.01454066657732,7.202908133315466,PSSA3,B00S_PSSA3_2014-10-30_DISTRIBUTION_67;B00S_PSSA3_2014-12-23_DISTRIBUTION_66;B00S_PSSA3_2015-03-30_DISTRIBUTION_65
VVAL_ALL_UNKNOWN_INCLUDED,VVAL,2014,2014-06-30,2015-06-30,HOLDING,SBSP3,43776517000180,CIA SANEAMENTO BASICO EST SAO PAULO,Saneamento,PASS,0.004246284501061571,10.0,7.223239599142461,-28.52304791909088,-2.8523047919090883,SBSP3,B00S_SBSP3_2015-04-07_DISTRIBUTION_68
VVAL_ALL_UNKNOWN_INCLUDED,VVAL,2014,2014-06-30,2015-06-30,HOLDING,TBLE3,02474103000119,ENGIE BRASIL ENERGIA S.A.,Energia,PASS,0.0006060606060606061,2.0,2.2108209651929767,9.384952568462502,0.18769905136925003,TBLE3,TBLE3_2014-09-12_DISTRIBUTION_372;TBLE3_2014-11-11_DISTRIBUTION_371;TBLE3_2014-11-26_DISTRIBUTION_370;TBLE3_2015-05-11_DISTRIBUTION_369
VVAL_ALL_UNKNOWN_INCLUDED,VVAL,2014,2014-06-30,2015-06-30,HOLDING,TIMP3,02558115000121,TIM PARTICIPACOES S.A.,Telecom,PASS,0.007739938080495357,10.0,8.145724665389885,-19.39467553568701,-1.939467553568701,TIMP3,B00S_TIMP3_2015-05-13_DISTRIBUTION_85
VVAL_ALL_UNKNOWN_INCLUDED,VVAL,2014,2014-06-30,2015-06-30,HOLDING,TRPL4,02998611000104,CTEEP - CIA TRANSMISSÃO ENERGIA ELÉTRICA PAULISTA,Energia,PASS,0.0007233273056057867,2.0,3.043033313616177,50.56038454253673,1.0112076908507346,TRPL4,B00S_TRPL2_2014-07-21_RIGHT_REINVEST_91;B00S_TRPL4_2014-07-17_RIGHT_90;B00S_TRPL4_2014-08-13_DISTRIBUTION_72;B00S_TRPL4_2014-11-25_DISTRIBUTION_71;B00S_TRPL4_2015-05-07_DISTRIBUTION_70;B00S_TRPL4_2015-05-27_DISTRIBUTION_69
VVAL_ALL_UNKNOWN_INCLUDED,VVAL,2014,2014-06-30,2015-06-30,HOLDING,VIVT4,02558157000162,TELEFÔNICA BRASIL S.A,Telecom,PASS,0.0022222222222222222,10.0,10.827585715866963,7.143452012423701,0.7143452012423696,VIVT4,B00S_VIVT4_2014-08-01_DISTRIBUTION_82;B00S_VIVT4_2014-09-01_DISTRIBUTION_81;B00S_VIVT4_2014-10-01_DISTRIBUTION_80;B00S_VIVT4_2014-11-03_DISTRIBUTION_79;B00S_VIVT4_2014-12-01_DISTRIBUTION_78;B00S_VIVT4_2015-01-02_DISTRIBUTION_77;B00S_VIVT4_2015-02-11_DISTRIBUTION_76;B00S_VIVT4_2015-04-10_DISTRIBUTION_75;B00S_VIVT4_2015-05-26_DISTRIBUTION_73;B00S_VIVT4_2015-05-26_DISTRIBUTION_74
VVAL_ALL_UNKNOWN_INCLUDED,VVAL,2014,2014-06-30,2015-06-30,NUMERICAL_RESIDUAL,,,,,,,,,,3.642E-15,,
VQ_ALL_UNKNOWN_INCLUDED,VQ,2014,2014-06-30,2015-06-30,HOLDING,ABCB4,28195667000106,BCO ABC BRASIL S.A.,Bancos,PASS,0.0029411764705882353,4.0,3.687033391904031,-8.788187953393066,-0.3515275181357226,ABCB4,B00S_ABCB2_2014-07-02_RIGHT_REINVEST_89;B00S_ABCB2_2015-01-08_RIGHT_REINVEST_93;B00S_ABCB4_2014-07-01_DISTRIBUTION_39;B00S_ABCB4_2014-07-01_RIGHT_88;B00S_ABCB4_2015-01-02_DISTRIBUTION_38;B00S_ABCB4_2015-01-02_RIGHT_92
VQ_ALL_UNKNOWN_INCLUDED,VQ,2014,2014-06-30,2015-06-30,HOLDING,BBAS3,00000000000191,BCO BRASIL S.A.,Bancos,PASS,0.0016096579476861167,4.0,4.259308999895677,5.369073358535514,0.2147629343414205,BBAS3,B00S_BBAS3_2014-08-20_DISTRIBUTION_47;B00S_BBAS3_2014-09-12_DISTRIBUTION_46;B00S_BBAS3_2014-11-17_DISTRIBUTION_45;B00S_BBAS3_2014-12-12_DISTRIBUTION_44;B00S_BBAS3_2015-02-20_DISTRIBUTION_43;B00S_BBAS3_2015-03-24_DISTRIBUTION_42;B00S_BBAS3_2015-05-22_DISTRIBUTION_41;B00S_BBAS3_2015-06-12_DISTRIBUTION_40
VQ_ALL_UNKNOWN_INCLUDED,VQ,2014,2014-06-30,2015-06-30,HOLDING,BBDC4,60746948000112,BCO BRADESCO S.A.,Bancos,PASS,0.00124804992199688,4.0,4.471910854250124,10.628532202254792,0.4251412880901917,BBDC4,BBDC4_2014-07-02_DISTRIBUTION_332;BBDC4_2014-08-04_DISTRIBUTION_331;BBDC4_2014-09-02_DISTRIBUTION_330;BBDC4_2014-10-02_DISTRIBUTION_329;BBDC4_2014-11-04_DISTRIBUTION_328;BBDC4_2014-12-02_DISTRIBUTION_327;BBDC4_2014-12-23_DISTRIBUTION_326;BBDC4_2015-01-05_DISTRIBUTION_325;BBDC4_2015-02-03_DISTRIBUTION_324;BBDC4_2015-02-10_DISTRIBUTION_323;BBDC4_2015-03-03_DISTRIBUTION_322;BBDC4_2015-03-27_SHARES_667;BBDC4_2015-04-02_DISTRIBUTION_321;BBDC4_2015-05-05_DISTRIBUTION_320;BBDC4_2015-06-02_DISTRIBUTION_319;BBDC4_2015-06-23_DISTRIBUTION_318
VQ_ALL_UNKNOWN_INCLUDED,VQ,2014,2014-06-30,2015-06-30,HOLDING,BRSR6,92702067000196,BCO ESTADO DO RIO GRANDE DO SUL S.A.,Bancos,PASS,0.0037209302325581397,4.0,3.5597725472465265,-11.936435069700957,-0.4774574027880382,BRSR6,B00S_BRSR6_2014-09-04_DISTRIBUTION_52;B00S_BRSR6_2014-11-26_DISTRIBUTION_51;B00S_BRSR6_2015-03-05_DISTRIBUTION_50;B00S_BRSR6_2015-05-04_DISTRIBUTION_49;B00S_BRSR6_2015-06-03_DISTRIBUTION_48
VQ_ALL_UNKNOWN_INCLUDED,VQ,2014,2014-06-30,2015-06-30,HOLDING,CMIG4,17155730000164,CIA ENERGETICA DE MINAS GERAIS - CEMIG,Energia,PASS,0.0012391573729863693,2.0,1.6527201789623245,-18.22824134972203,-0.3645648269944405,CMIG4,CMIG4_2014-11-10_DISTRIBUTION_637;CMIG4_2014-12-29_DISTRIBUTION_638;CMIG4_2015-05-04_DISTRIBUTION_639
VQ_ALL_UNKNOWN_INCLUDED,VQ,2014,2014-06-30,2015-06-30,HOLDING,COCE5,07047251000170,CIA ENERGETICA DO CEARA - COELCE,Energia,PASS,0.0005730659025787966,2.0,2.443326982019931,20.88866997611727,0.4177733995223455,COCE5,B00S_COCE5_2015-04-28_DISTRIBUTION_53
VQ_ALL_UNKNOWN_INCLUDED,VQ,2014,2014-06-30,2015-06-30,HOLDING,CPFE3,02429144000193,CPFL ENERGIA S.A.,Energia,PASS,0.0009837678307919333,2.0,2.0155265081509737,-0.2776457408305011,-0.005552914816609952,CPFE3,B00S_CPFE3_2014-09-05_DISTRIBUTION_54;B00S_CPFE3_2015-04-30_SHARES_87
VQ_ALL_UNKNOWN_INCLUDED,VQ,2014,2014-06-30,2015-06-30,HOLDING,CPLE6,76483817000120,CIA PARANAENSE DE ENERGIA - COPEL,Energia,PASS,0.0005903187721369539,2.0,2.236036904643474,10.63256347146526,0.21265126942930507,CPLE6,B00S_CPLE6_2014-11-07_DISTRIBUTION_56;B00S_CPLE6_2014-11-07_DISTRIBUTION_57;B00S_CPLE6_2015-04-24_DISTRIBUTION_55
VQ_ALL_UNKNOWN_INCLUDED,VQ,2014,2014-06-30,2015-06-30,HOLDING,CSMG3,17281106000103,CIA SANEAMENTO DE MINAS GERAIS-COPASA MG,Saneamento,PASS,0.0024691358024691358,10.0,3.4590020498330554,-65.77173990005318,-6.57717399000532,CSMG3,B00S_CSMG3_2014-09-23_DISTRIBUTION_60;B00S_CSMG3_2015-03-25_DISTRIBUTION_59;B00S_CSMG3_2015-05-12_DISTRIBUTION_58
VQ_ALL_UNKNOWN_INCLUDED,VQ,2014,2014-06-30,2015-06-30,HOLDING,ENBR3,03983431000103,EDP - ENERGIAS DO BRASIL S.A.,Energia,PASS,0.0018433179723502304,2.0,2.238270239021971,10.743062321850516,0.21486124643701027,ENBR3,B00S_ENBR3_2014-12-30_DISTRIBUTION_62;B00S_ENBR3_2015-04-13_DISTRIBUTION_61
VQ_ALL_UNKNOWN_INCLUDED,VQ,2014,2014-06-30,2015-06-30,HOLDING,EQTL3,03220438000173,EQUATORIAL S.A.,Energia,PASS,0.0007955449482895784,2.0,2.9023660197654984,43.60057843067124,0.8720115686134247,EQTL3,B00S_EQTL3_2014-12-22_DISTRIBUTION_64;B00S_EQTL3_2015-04-20_DISTRIBUTION_63
VQ_ALL_UNKNOWN_INCLUDED,VQ,2014,2014-06-30,2015-06-30,HOLDING,GETI4,02998609000127,AES TIETE SA,Energia,PASS,0.0010288065843621398,2.0,1.9654645356545914,-2.754565660269759,-0.05509131320539512,GETI4,B00S_GETI4_2014-08-07_DISTRIBUTION_83;B00S_GETI4_2015-05-11_DISTRIBUTION_84
VQ_ALL_UNKNOWN_INCLUDED,VQ,2014,2014-06-30,2015-06-30,HOLDING,ITUB4,60872504000123,ITAU UNIBANCO HOLDING S.A.,Bancos,PASS,0.0012511729746637473,4.0,4.4996675488289934,11.315192218549196,0.45260768874196766,ITUB4,ITUB4_2014-07-01_DISTRIBUTION_295;ITUB4_2014-08-01_DISTRIBUTION_294;ITUB4_2014-08-14_DISTRIBUTION_293;ITUB4_2014-09-01_DISTRIBUTION_292;ITUB4_2014-10-01_DISTRIBUTION_291;ITUB4_2014-11-03_DISTRIBUTION_290;ITUB4_2014-12-01_DISTRIBUTION_289;ITUB4_2015-01-02_DISTRIBUTION_288;ITUB4_2015-02-02_DISTRIBUTION_287;ITUB4_2015-02-11_DISTRIBUTION_285;ITUB4_2015-02-11_DISTRIBUTION_286;ITUB4_2015-03-02_DISTRIBUTION_284;ITUB4_2015-04-01_DISTRIBUTION_283;ITUB4_2015-05-04_DISTRIBUTION_282;ITUB4_2015-06-01_DISTRIBUTION_281
VQ_ALL_UNKNOWN_INCLUDED,VQ,2014,2014-06-30,2015-06-30,HOLDING,LIGT3,03378521000175,LIGHT SA,Energia,PASS,0.000927643784786642,2.0,1.6687717873943375,-17.434054730983295,-0.3486810946196659,LIGT3,B00S_LIGT3_2015-04-13_DISTRIBUTION_86
VQ_ALL_UNKNOWN_INCLUDED,VQ,2014,2014-06-30,2015-06-30,HOLDING,PSSA3,02149205000169,PORTO SEGURO S.A.,Seguros,PASS,0.006277463904582549,20.0,27.49041719322003,36.01454066657732,7.202908133315466,PSSA3,B00S_PSSA3_2014-10-30_DISTRIBUTION_67;B00S_PSSA3_2014-12-23_DISTRIBUTION_66;B00S_PSSA3_2015-03-30_DISTRIBUTION_65
VQ_ALL_UNKNOWN_INCLUDED,VQ,2014,2014-06-30,2015-06-30,HOLDING,SBSP3,43776517000180,CIA SANEAMENTO BASICO EST SAO PAULO,Saneamento,PASS,0.004246284501061571,10.0,7.223239599142461,-28.52304791909088,-2.8523047919090883,SBSP3,B00S_SBSP3_2015-04-07_DISTRIBUTION_68
VQ_ALL_UNKNOWN_INCLUDED,VQ,2014,2014-06-30,2015-06-30,HOLDING,TBLE3,02474103000119,ENGIE BRASIL ENERGIA S.A.,Energia,PASS,0.0006060606060606061,2.0,2.2108209651929767,9.384952568462502,0.18769905136925003,TBLE3,TBLE3_2014-09-12_DISTRIBUTION_372;TBLE3_2014-11-11_DISTRIBUTION_371;TBLE3_2014-11-26_DISTRIBUTION_370;TBLE3_2015-05-11_DISTRIBUTION_369
VQ_ALL_UNKNOWN_INCLUDED,VQ,2014,2014-06-30,2015-06-30,HOLDING,TIMP3,02558115000121,TIM PARTICIPACOES S.A.,Telecom,PASS,0.007739938080495357,10.0,8.145724665389885,-19.39467553568701,-1.939467553568701,TIMP3,B00S_TIMP3_2015-05-13_DISTRIBUTION_85
VQ_ALL_UNKNOWN_INCLUDED,VQ,2014,2014-06-30,2015-06-30,HOLDING,TRPL4,02998611000104,CTEEP - CIA TRANSMISSÃO ENERGIA ELÉTRICA PAULISTA,Energia,PASS,0.0007233273056057867,2.0,3.043033313616177,50.56038454253673,1.0112076908507346,TRPL4,B00S_TRPL2_2014-07-21_RIGHT_REINVEST_91;B00S_TRPL4_2014-07-17_RIGHT_90;B00S_TRPL4_2014-08-13_DISTRIBUTION_72;B00S_TRPL4_2014-11-25_DISTRIBUTION_71;B00S_TRPL4_2015-05-07_DISTRIBUTION_70;B00S_TRPL4_2015-05-27_DISTRIBUTION_69
VQ_ALL_UNKNOWN_INCLUDED,VQ,2014,2014-06-30,2015-06-30,HOLDING,VIVT4,02558157000162,TELEFÔNICA BRASIL S.A,Telecom,PASS,0.0022222222222222222,10.0,10.827585715866963,7.143452012423701,0.7143452012423696,VIVT4,B00S_VIVT4_2014-08-01_DISTRIBUTION_82;B00S_VIVT4_2014-09-01_DISTRIBUTION_81;B00S_VIVT4_2014-10-01_DISTRIBUTION_80;B00S_VIVT4_2014-11-03_DISTRIBUTION_79;B00S_VIVT4_2014-12-01_DISTRIBUTION_78;B00S_VIVT4_2015-01-02_DISTRIBUTION_77;B00S_VIVT4_2015-02-11_DISTRIBUTION_76;B00S_VIVT4_2015-04-10_DISTRIBUTION_75;B00S_VIVT4_2015-05-26_DISTRIBUTION_73;B00S_VIVT4_2015-05-26_DISTRIBUTION_74
VQ_ALL_UNKNOWN_INCLUDED,VQ,2014,2014-06-30,2015-06-30,NUMERICAL_RESIDUAL,,,,,,,,,,3.642E-15,,
VVAL_INCLUDE_00000000000191,VVAL,2014,2014-06-30,2015-06-30,HOLDING,BBAS3,00000000000191,BCO BRASIL S.A.,Bancos,PASS,0.005030181086519115,12.5,13.218002953220115,5.369073358535537,0.6711341698169421,BBAS3,B00S_BBAS3_2014-08-20_DISTRIBUTION_47;B00S_BBAS3_2014-09-12_DISTRIBUTION_46;B00S_BBAS3_2014-11-17_DISTRIBUTION_45;B00S_BBAS3_2014-12-12_DISTRIBUTION_44;B00S_BBAS3_2015-02-20_DISTRIBUTION_43;B00S_BBAS3_2015-03-24_DISTRIBUTION_42;B00S_BBAS3_2015-05-22_DISTRIBUTION_41;B00S_BBAS3_2015-06-12_DISTRIBUTION_40
VVAL_INCLUDE_00000000000191,VVAL,2014,2014-06-30,2015-06-30,HOLDING,BBDC4,60746948000112,BCO BRADESCO S.A.,Bancos,PASS,0.0039001560062402497,12.5,13.877774746904487,10.628532202254814,1.3285665252818517,BBDC4,BBDC4_2014-07-02_DISTRIBUTION_332;BBDC4_2014-08-04_DISTRIBUTION_331;BBDC4_2014-09-02_DISTRIBUTION_330;BBDC4_2014-10-02_DISTRIBUTION_329;BBDC4_2014-11-04_DISTRIBUTION_328;BBDC4_2014-12-02_DISTRIBUTION_327;BBDC4_2014-12-23_DISTRIBUTION_326;BBDC4_2015-01-05_DISTRIBUTION_325;BBDC4_2015-02-03_DISTRIBUTION_324;BBDC4_2015-02-10_DISTRIBUTION_323;BBDC4_2015-03-03_DISTRIBUTION_322;BBDC4_2015-03-27_SHARES_667;BBDC4_2015-04-02_DISTRIBUTION_321;BBDC4_2015-05-05_DISTRIBUTION_320;BBDC4_2015-06-02_DISTRIBUTION_319;BBDC4_2015-06-23_DISTRIBUTION_318
VVAL_INCLUDE_00000000000191,VVAL,2014,2014-06-30,2015-06-30,HOLDING,CPFE3,02429144000193,CPFL ENERGIA S.A.,Energia,PASS,0.0020495163141498606,4.166666666666666,4.169883790647029,-0.27764574083049,-0.01156857253460375,CPFE3,B00S_CPFE3_2014-09-05_DISTRIBUTION_54;B00S_CPFE3_2015-04-30_SHARES_87
VVAL_INCLUDE_00000000000191,VVAL,2014,2014-06-30,2015-06-30,HOLDING,CPLE6,76483817000120,CIA PARANAENSE DE ENERGIA - COPEL,Energia,PASS,0.0012298307752853207,4.166666666666666,4.626093482896015,10.632563471465284,0.4430234779777199,CPLE6,B00S_CPLE6_2014-11-07_DISTRIBUTION_56;B00S_CPLE6_2014-11-07_DISTRIBUTION_57;B00S_CPLE6_2015-04-24_DISTRIBUTION_55
VVAL_INCLUDE_00000000000191,VVAL,2014,2014-06-30,2015-06-30,HOLDING,CSMG3,17281106000103,CIA SANEAMENTO DE MINAS GERAIS-COPASA MG,Saneamento,PASS,0.0030864197530864196,12.5,4.293757443848999,-65.77173990005318,-8.221467487506647,CSMG3,B00S_CSMG3_2014-09-23_DISTRIBUTION_60;B00S_CSMG3_2015-03-25_DISTRIBUTION_59;B00S_CSMG3_2015-05-12_DISTRIBUTION_58
VVAL_INCLUDE_00000000000191,VVAL,2014,2014-06-30,2015-06-30,HOLDING,ENBR3,03983431000103,EDP - ENERGIAS DO BRASIL S.A.,Energia,PASS,0.0038402457757296467,4.166666666666666,4.630713985174861,10.743062321850516,0.4476275967437715,ENBR3,B00S_ENBR3_2014-12-30_DISTRIBUTION_62;B00S_ENBR3_2015-04-13_DISTRIBUTION_61
VVAL_INCLUDE_00000000000191,VVAL,2014,2014-06-30,2015-06-30,HOLDING,GETI4,02998609000127,AES TIETE SA,Energia,PASS,0.002143347050754458,4.166666666666666,4.066311544488883,-2.7545656602697477,-0.11477356917790615,GETI4,B00S_GETI4_2014-08-07_DISTRIBUTION_83;B00S_GETI4_2015-05-11_DISTRIBUTION_84
VVAL_INCLUDE_00000000000191,VVAL,2014,2014-06-30,2015-06-30,HOLDING,LIGT3,03378521000175,LIGHT SA,Energia,PASS,0.001932591218305504,4.166666666666666,3.4524896588576564,-17.434054730983306,-0.7264189471243042,LIGT3,B00S_LIGT3_2015-04-13_DISTRIBUTION_86
VVAL_INCLUDE_00000000000191,VVAL,2014,2014-06-30,2015-06-30,HOLDING,PSSA3,02149205000169,PORTO SEGURO S.A.,Seguros,PASS,0.007846829880728186,25.0,34.124635301560424,36.0145406665773,9.003635166644324,PSSA3,B00S_PSSA3_2014-10-30_DISTRIBUTION_67;B00S_PSSA3_2014-12-23_DISTRIBUTION_66;B00S_PSSA3_2015-03-30_DISTRIBUTION_65
VVAL_INCLUDE_00000000000191,VVAL,2014,2014-06-30,2015-06-30,HOLDING,SBSP3,43776517000180,CIA SANEAMENTO BASICO EST SAO PAULO,Saneamento,PASS,0.005307855626326964,12.5,8.96641237868584,-28.52304791909088,-3.56538098988636,SBSP3,B00S_SBSP3_2015-04-07_DISTRIBUTION_68
VVAL_INCLUDE_00000000000191,VVAL,2014,2014-06-30,2015-06-30,HOLDING,TBLE3,02474103000119,ENGIE BRASIL ENERGIA S.A.,Energia,PASS,0.0012626262626262625,4.166666666666666,4.573924713715684,9.384952568462502,0.3910396903526042,TBLE3,TBLE3_2014-09-12_DISTRIBUTION_372;TBLE3_2014-11-11_DISTRIBUTION_371;TBLE3_2014-11-26_DISTRIBUTION_370;TBLE3_2015-05-11_DISTRIBUTION_369
VVAL_INCLUDE_00000000000191,VVAL,2014,2014-06-30,2015-06-30,NUMERICAL_RESIDUAL,,,,,,,,,,1.15E-15,,
VQ_ALL_EXCEPT_00000000000191,VQ,2014,2014-06-30,2015-06-30,HOLDING,ABCB4,28195667000106,BCO ABC BRASIL S.A.,Bancos,PASS,0.0036764705882352945,5.0,4.618245885623806,-8.788187953393056,-0.4394093976696531,ABCB4,B00S_ABCB2_2014-07-02_RIGHT_REINVEST_89;B00S_ABCB2_2015-01-08_RIGHT_REINVEST_93;B00S_ABCB4_2014-07-01_DISTRIBUTION_39;B00S_ABCB4_2014-07-01_RIGHT_88;B00S_ABCB4_2015-01-02_DISTRIBUTION_38;B00S_ABCB4_2015-01-02_RIGHT_92
VQ_ALL_EXCEPT_00000000000191,VQ,2014,2014-06-30,2015-06-30,HOLDING,BBDC4,60746948000112,BCO BRADESCO S.A.,Bancos,PASS,0.0015600624024961001,5.0,5.601355265418935,10.628532202254792,0.5314266101127396,BBDC4,BBDC4_2014-07-02_DISTRIBUTION_332;BBDC4_2014-08-04_DISTRIBUTION_331;BBDC4_2014-09-02_DISTRIBUTION_330;BBDC4_2014-10-02_DISTRIBUTION_329;BBDC4_2014-11-04_DISTRIBUTION_328;BBDC4_2014-12-02_DISTRIBUTION_327;BBDC4_2014-12-23_DISTRIBUTION_326;BBDC4_2015-01-05_DISTRIBUTION_325;BBDC4_2015-02-03_DISTRIBUTION_324;BBDC4_2015-02-10_DISTRIBUTION_323;BBDC4_2015-03-03_DISTRIBUTION_322;BBDC4_2015-03-27_SHARES_667;BBDC4_2015-04-02_DISTRIBUTION_321;BBDC4_2015-05-05_DISTRIBUTION_320;BBDC4_2015-06-02_DISTRIBUTION_319;BBDC4_2015-06-23_DISTRIBUTION_318
VQ_ALL_EXCEPT_00000000000191,VQ,2014,2014-06-30,2015-06-30,HOLDING,BRSR6,92702067000196,BCO ESTADO DO RIO GRANDE DO SUL S.A.,Bancos,PASS,0.004651162790697674,5.0,4.458843512558498,-11.936435069700979,-0.5968217534850488,BRSR6,B00S_BRSR6_2014-09-04_DISTRIBUTION_52;B00S_BRSR6_2014-11-26_DISTRIBUTION_51;B00S_BRSR6_2015-03-05_DISTRIBUTION_50;B00S_BRSR6_2015-05-04_DISTRIBUTION_49;B00S_BRSR6_2015-06-03_DISTRIBUTION_48
VQ_ALL_EXCEPT_00000000000191,VQ,2014,2014-06-30,2015-06-30,HOLDING,CMIG4,17155730000164,CIA ENERGETICA DE MINAS GERAIS - CEMIG,Energia,PASS,0.0012391573729863693,2.0,1.656110450931086,-18.22824134972203,-0.3645648269944405,CMIG4,CMIG4_2014-11-10_DISTRIBUTION_637;CMIG4_2014-12-29_DISTRIBUTION_638;CMIG4_2015-05-04_DISTRIBUTION_639
VQ_ALL_EXCEPT_00000000000191,VQ,2014,2014-06-30,2015-06-30,HOLDING,COCE5,07047251000170,CIA ENERGETICA DO CEARA - COELCE,Energia,PASS,0.0005730659025787966,2.0,2.448339048238462,20.88866997611727,0.4177733995223455,COCE5,B00S_COCE5_2015-04-28_DISTRIBUTION_53
VQ_ALL_EXCEPT_00000000000191,VQ,2014,2014-06-30,2015-06-30,HOLDING,CPFE3,02429144000193,CPFL ENERGIA S.A.,Energia,PASS,0.0009837678307919333,2.0,2.0196610150746865,-0.2776457408305011,-0.005552914816609952,CPFE3,B00S_CPFE3_2014-09-05_DISTRIBUTION_54;B00S_CPFE3_2015-04-30_SHARES_87
VQ_ALL_EXCEPT_00000000000191,VQ,2014,2014-06-30,2015-06-30,HOLDING,CPLE6,76483817000120,CIA PARANAENSE DE ENERGIA - COPEL,Energia,PASS,0.0005903187721369539,2.0,2.240623750823139,10.63256347146526,0.21265126942930507,CPLE6,B00S_CPLE6_2014-11-07_DISTRIBUTION_56;B00S_CPLE6_2014-11-07_DISTRIBUTION_57;B00S_CPLE6_2015-04-24_DISTRIBUTION_55
VQ_ALL_EXCEPT_00000000000191,VQ,2014,2014-06-30,2015-06-30,HOLDING,CSMG3,17281106000103,CIA SANEAMENTO DE MINAS GERAIS-COPASA MG,Saneamento,PASS,0.0024691358024691358,10.0,3.4660975992422727,-65.77173990005318,-6.57717399000532,CSMG3,B00S_CSMG3_2014-09-23_DISTRIBUTION_60;B00S_CSMG3_2015-03-25_DISTRIBUTION_59;B00S_CSMG3_2015-05-12_DISTRIBUTION_58
VQ_ALL_EXCEPT_00000000000191,VQ,2014,2014-06-30,2015-06-30,HOLDING,ENBR3,03983431000103,EDP - ENERGIAS DO BRASIL S.A.,Energia,PASS,0.0018433179723502304,2.0,2.242861666504047,10.743062321850516,0.21486124643701027,ENBR3,B00S_ENBR3_2014-12-30_DISTRIBUTION_62;B00S_ENBR3_2015-04-13_DISTRIBUTION_61
VQ_ALL_EXCEPT_00000000000191,VQ,2014,2014-06-30,2015-06-30,HOLDING,EQTL3,03220438000173,EQUATORIAL S.A.,Energia,PASS,0.0007955449482895784,2.0,2.908319725834529,43.60057843067124,0.8720115686134247,EQTL3,B00S_EQTL3_2014-12-22_DISTRIBUTION_64;B00S_EQTL3_2015-04-20_DISTRIBUTION_63
VQ_ALL_EXCEPT_00000000000191,VQ,2014,2014-06-30,2015-06-30,HOLDING,GETI4,02998609000127,AES TIETE SA,Energia,PASS,0.0010288065843621398,2.0,1.9694963490284734,-2.754565660269759,-0.05509131320539512,GETI4,B00S_GETI4_2014-08-07_DISTRIBUTION_83;B00S_GETI4_2015-05-11_DISTRIBUTION_84
VQ_ALL_EXCEPT_00000000000191,VQ,2014,2014-06-30,2015-06-30,HOLDING,ITUB4,60872504000123,ITAU UNIBANCO HOLDING S.A.,Bancos,PASS,0.0015639662183296842,5.0,5.636122306265064,11.315192218549175,0.5657596109274583,ITUB4,ITUB4_2014-07-01_DISTRIBUTION_295;ITUB4_2014-08-01_DISTRIBUTION_294;ITUB4_2014-08-14_DISTRIBUTION_293;ITUB4_2014-09-01_DISTRIBUTION_292;ITUB4_2014-10-01_DISTRIBUTION_291;ITUB4_2014-11-03_DISTRIBUTION_290;ITUB4_2014-12-01_DISTRIBUTION_289;ITUB4_2015-01-02_DISTRIBUTION_288;ITUB4_2015-02-02_DISTRIBUTION_287;ITUB4_2015-02-11_DISTRIBUTION_285;ITUB4_2015-02-11_DISTRIBUTION_286;ITUB4_2015-03-02_DISTRIBUTION_284;ITUB4_2015-04-01_DISTRIBUTION_283;ITUB4_2015-05-04_DISTRIBUTION_282;ITUB4_2015-06-01_DISTRIBUTION_281
VQ_ALL_EXCEPT_00000000000191,VQ,2014,2014-06-30,2015-06-30,HOLDING,LIGT3,03378521000175,LIGHT SA,Energia,PASS,0.000927643784786642,2.0,1.6721949864845884,-17.434054730983295,-0.3486810946196659,LIGT3,B00S_LIGT3_2015-04-13_DISTRIBUTION_86
VQ_ALL_EXCEPT_00000000000191,VQ,2014,2014-06-30,2015-06-30,HOLDING,PSSA3,02149205000169,PORTO SEGURO S.A.,Seguros,PASS,0.006277463904582549,20.0,27.546809068872115,36.01454066657732,7.202908133315466,PSSA3,B00S_PSSA3_2014-10-30_DISTRIBUTION_67;B00S_PSSA3_2014-12-23_DISTRIBUTION_66;B00S_PSSA3_2015-03-30_DISTRIBUTION_65
VQ_ALL_EXCEPT_00000000000191,VQ,2014,2014-06-30,2015-06-30,HOLDING,SBSP3,43776517000180,CIA SANEAMENTO BASICO EST SAO PAULO,Saneamento,PASS,0.004246284501061571,10.0,7.238056836233375,-28.52304791909088,-2.8523047919090883,SBSP3,B00S_SBSP3_2015-04-07_DISTRIBUTION_68
VQ_ALL_EXCEPT_00000000000191,VQ,2014,2014-06-30,2015-06-30,HOLDING,TBLE3,02474103000119,ENGIE BRASIL ENERGIA S.A.,Energia,PASS,0.0006060606060606061,2.0,2.2153560851979557,9.384952568462502,0.18769905136925003,TBLE3,TBLE3_2014-09-12_DISTRIBUTION_372;TBLE3_2014-11-11_DISTRIBUTION_371;TBLE3_2014-11-26_DISTRIBUTION_370;TBLE3_2015-05-11_DISTRIBUTION_369
VQ_ALL_EXCEPT_00000000000191,VQ,2014,2014-06-30,2015-06-30,HOLDING,TIMP3,02558115000121,TIM PARTICIPACOES S.A.,Telecom,PASS,0.007739938080495357,10.0,8.162434222367436,-19.39467553568701,-1.939467553568701,TIMP3,B00S_TIMP3_2015-05-13_DISTRIBUTION_85
VQ_ALL_EXCEPT_00000000000191,VQ,2014,2014-06-30,2015-06-30,HOLDING,TRPL4,02998611000104,CTEEP - CIA TRANSMISSÃO ENERGIA ELÉTRICA PAULISTA,Energia,PASS,0.0007233273056057867,2.0,3.049275574510963,50.56038454253673,1.0112076908507346,TRPL4,B00S_TRPL2_2014-07-21_RIGHT_REINVEST_91;B00S_TRPL4_2014-07-17_RIGHT_90;B00S_TRPL4_2014-08-13_DISTRIBUTION_72;B00S_TRPL4_2014-11-25_DISTRIBUTION_71;B00S_TRPL4_2015-05-07_DISTRIBUTION_70;B00S_TRPL4_2015-05-27_DISTRIBUTION_69
VQ_ALL_EXCEPT_00000000000191,VQ,2014,2014-06-30,2015-06-30,HOLDING,VIVT4,02558157000162,TELEFÔNICA BRASIL S.A,Telecom,PASS,0.0022222222222222222,10.0,10.849796650790571,7.143452012423701,0.7143452012423696,VIVT4,B00S_VIVT4_2014-08-01_DISTRIBUTION_82;B00S_VIVT4_2014-09-01_DISTRIBUTION_81;B00S_VIVT4_2014-10-01_DISTRIBUTION_80;B00S_VIVT4_2014-11-03_DISTRIBUTION_79;B00S_VIVT4_2014-12-01_DISTRIBUTION_78;B00S_VIVT4_2015-01-02_DISTRIBUTION_77;B00S_VIVT4_2015-02-11_DISTRIBUTION_76;B00S_VIVT4_2015-04-10_DISTRIBUTION_75;B00S_VIVT4_2015-05-26_DISTRIBUTION_73;B00S_VIVT4_2015-05-26_DISTRIBUTION_74
VQ_ALL_EXCEPT_00000000000191,VQ,2014,2014-06-30,2015-06-30,NUMERICAL_RESIDUAL,,,,,,,,,,1.702E-15,,
VVAL_INCLUDE_02149205000169,VVAL,2014,2014-06-30,2015-06-30,HOLDING,BBDC4,60746948000112,BCO BRADESCO S.A.,Bancos,PASS,0.0078003120124804995,25.0,27.573626483773154,10.628532202254814,2.6571330505637034,BBDC4,BBDC4_2014-07-02_DISTRIBUTION_332;BBDC4_2014-08-04_DISTRIBUTION_331;BBDC4_2014-09-02_DISTRIBUTION_330;BBDC4_2014-10-02_DISTRIBUTION_329;BBDC4_2014-11-04_DISTRIBUTION_328;BBDC4_2014-12-02_DISTRIBUTION_327;BBDC4_2014-12-23_DISTRIBUTION_326;BBDC4_2015-01-05_DISTRIBUTION_325;BBDC4_2015-02-03_DISTRIBUTION_324;BBDC4_2015-02-10_DISTRIBUTION_323;BBDC4_2015-03-03_DISTRIBUTION_322;BBDC4_2015-03-27_SHARES_667;BBDC4_2015-04-02_DISTRIBUTION_321;BBDC4_2015-05-05_DISTRIBUTION_320;BBDC4_2015-06-02_DISTRIBUTION_319;BBDC4_2015-06-23_DISTRIBUTION_318
VVAL_INCLUDE_02149205000169,VVAL,2014,2014-06-30,2015-06-30,HOLDING,CPFE3,02429144000193,CPFL ENERGIA S.A.,Energia,PASS,0.0020495163141498606,4.166666666666666,4.142552398383897,-0.27764574083049,-0.01156857253460375,CPFE3,B00S_CPFE3_2014-09-05_DISTRIBUTION_54;B00S_CPFE3_2015-04-30_SHARES_87
VVAL_INCLUDE_02149205000169,VVAL,2014,2014-06-30,2015-06-30,HOLDING,CPLE6,76483817000120,CIA PARANAENSE DE ENERGIA - COPEL,Energia,PASS,0.0012298307752853207,4.166666666666666,4.595771876353754,10.632563471465284,0.4430234779777199,CPLE6,B00S_CPLE6_2014-11-07_DISTRIBUTION_56;B00S_CPLE6_2014-11-07_DISTRIBUTION_57;B00S_CPLE6_2015-04-24_DISTRIBUTION_55
VVAL_INCLUDE_02149205000169,VVAL,2014,2014-06-30,2015-06-30,HOLDING,CSMG3,17281106000103,CIA SANEAMENTO DE MINAS GERAIS-COPASA MG,Saneamento,PASS,0.0030864197530864196,12.5,4.26561412502467,-65.77173990005318,-8.221467487506647,CSMG3,B00S_CSMG3_2014-09-23_DISTRIBUTION_60;B00S_CSMG3_2015-03-25_DISTRIBUTION_59;B00S_CSMG3_2015-05-12_DISTRIBUTION_58
VVAL_INCLUDE_02149205000169,VVAL,2014,2014-06-30,2015-06-30,HOLDING,ENBR3,03983431000103,EDP - ENERGIAS DO BRASIL S.A.,Energia,PASS,0.0038402457757296467,4.166666666666666,4.600362093673456,10.743062321850516,0.4476275967437715,ENBR3,B00S_ENBR3_2014-12-30_DISTRIBUTION_62;B00S_ENBR3_2015-04-13_DISTRIBUTION_61
VVAL_INCLUDE_02149205000169,VVAL,2014,2014-06-30,2015-06-30,HOLDING,GETI4,02998609000127,AES TIETE SA,Energia,PASS,0.002143347050754458,4.166666666666666,4.039659013755099,-2.7545656602697477,-0.11477356917790615,GETI4,B00S_GETI4_2014-08-07_DISTRIBUTION_83;B00S_GETI4_2015-05-11_DISTRIBUTION_84
VVAL_INCLUDE_02149205000169,VVAL,2014,2014-06-30,2015-06-30,HOLDING,LIGT3,03378521000175,LIGHT SA,Energia,PASS,0.001932591218305504,4.166666666666666,3.4298604073273626,-17.434054730983306,-0.7264189471243042,LIGT3,B00S_LIGT3_2015-04-13_DISTRIBUTION_86
VVAL_INCLUDE_02149205000169,VVAL,2014,2014-06-30,2015-06-30,HOLDING,PSSA3,02149205000169,PORTO SEGURO S.A.,Seguros,PASS,0.007846829880728186,25.0,33.90096628820441,36.0145406665773,9.003635166644324,PSSA3,B00S_PSSA3_2014-10-30_DISTRIBUTION_67;B00S_PSSA3_2014-12-23_DISTRIBUTION_66;B00S_PSSA3_2015-03-30_DISTRIBUTION_65
VVAL_INCLUDE_02149205000169,VVAL,2014,2014-06-30,2015-06-30,HOLDING,SBSP3,43776517000180,CIA SANEAMENTO BASICO EST SAO PAULO,Saneamento,PASS,0.005307855626326964,12.5,8.90764226752242,-28.52304791909088,-3.56538098988636,SBSP3,B00S_SBSP3_2015-04-07_DISTRIBUTION_68
VVAL_INCLUDE_02149205000169,VVAL,2014,2014-06-30,2015-06-30,HOLDING,TBLE3,02474103000119,ENGIE BRASIL ENERGIA S.A.,Energia,PASS,0.0012626262626262625,4.166666666666666,4.543945045981777,9.384952568462502,0.3910396903526042,TBLE3,TBLE3_2014-09-12_DISTRIBUTION_372;TBLE3_2014-11-11_DISTRIBUTION_371;TBLE3_2014-11-26_DISTRIBUTION_370;TBLE3_2015-05-11_DISTRIBUTION_369
VVAL_INCLUDE_02149205000169,VVAL,2014,2014-06-30,2015-06-30,NUMERICAL_RESIDUAL,,,,,,,,,,-4.25E-15,,
VQ_ALL_EXCEPT_02149205000169,VQ,2014,2014-06-30,2015-06-30,HOLDING,ABCB4,28195667000106,BCO ABC BRASIL S.A.,Bancos,PASS,0.0036764705882352945,5.0,5.084891195318361,-8.788187953393056,-0.4394093976696531,ABCB4,B00S_ABCB2_2014-07-02_RIGHT_REINVEST_89;B00S_ABCB2_2015-01-08_RIGHT_REINVEST_93;B00S_ABCB4_2014-07-01_DISTRIBUTION_39;B00S_ABCB4_2014-07-01_RIGHT_88;B00S_ABCB4_2015-01-02_DISTRIBUTION_38;B00S_ABCB4_2015-01-02_RIGHT_92
VQ_ALL_EXCEPT_02149205000169,VQ,2014,2014-06-30,2015-06-30,HOLDING,BBAS3,00000000000191,BCO BRASIL S.A.,Bancos,PASS,0.002012072434607646,5.0,5.874132542240214,5.369073358535514,0.26845366792677544,BBAS3,B00S_BBAS3_2014-08-20_DISTRIBUTION_47;B00S_BBAS3_2014-09-12_DISTRIBUTION_46;B00S_BBAS3_2014-11-17_DISTRIBUTION_45;B00S_BBAS3_2014-12-12_DISTRIBUTION_44;B00S_BBAS3_2015-02-20_DISTRIBUTION_43;B00S_BBAS3_2015-03-24_DISTRIBUTION_42;B00S_BBAS3_2015-05-22_DISTRIBUTION_41;B00S_BBAS3_2015-06-12_DISTRIBUTION_40
VQ_ALL_EXCEPT_02149205000169,VQ,2014,2014-06-30,2015-06-30,HOLDING,BBDC4,60746948000112,BCO BRADESCO S.A.,Bancos,PASS,0.0015600624024961001,5.0,6.1673377244034855,10.628532202254792,0.5314266101127396,BBDC4,BBDC4_2014-07-02_DISTRIBUTION_332;BBDC4_2014-08-04_DISTRIBUTION_331;BBDC4_2014-09-02_DISTRIBUTION_330;BBDC4_2014-10-02_DISTRIBUTION_329;BBDC4_2014-11-04_DISTRIBUTION_328;BBDC4_2014-12-02_DISTRIBUTION_327;BBDC4_2014-12-23_DISTRIBUTION_326;BBDC4_2015-01-05_DISTRIBUTION_325;BBDC4_2015-02-03_DISTRIBUTION_324;BBDC4_2015-02-10_DISTRIBUTION_323;BBDC4_2015-03-03_DISTRIBUTION_322;BBDC4_2015-03-27_SHARES_667;BBDC4_2015-04-02_DISTRIBUTION_321;BBDC4_2015-05-05_DISTRIBUTION_320;BBDC4_2015-06-02_DISTRIBUTION_319;BBDC4_2015-06-23_DISTRIBUTION_318
VQ_ALL_EXCEPT_02149205000169,VQ,2014,2014-06-30,2015-06-30,HOLDING,BRSR6,92702067000196,BCO ESTADO DO RIO GRANDE DO SUL S.A.,Bancos,PASS,0.004651162790697674,5.0,4.909382193981774,-11.936435069700979,-0.5968217534850488,BRSR6,B00S_BRSR6_2014-09-04_DISTRIBUTION_52;B00S_BRSR6_2014-11-26_DISTRIBUTION_51;B00S_BRSR6_2015-03-05_DISTRIBUTION_50;B00S_BRSR6_2015-05-04_DISTRIBUTION_49;B00S_BRSR6_2015-06-03_DISTRIBUTION_48
VQ_ALL_EXCEPT_02149205000169,VQ,2014,2014-06-30,2015-06-30,HOLDING,CMIG4,17155730000164,CIA ENERGETICA DE MINAS GERAIS - CEMIG,Energia,PASS,0.0015489467162329617,2.5,2.279312768032901,-18.22824134972201,-0.4557060337430502,CMIG4,CMIG4_2014-11-10_DISTRIBUTION_637;CMIG4_2014-12-29_DISTRIBUTION_638;CMIG4_2015-05-04_DISTRIBUTION_639
VQ_ALL_EXCEPT_02149205000169,VQ,2014,2014-06-30,2015-06-30,HOLDING,COCE5,07047251000170,CIA ENERGETICA DO CEARA - COELCE,Energia,PASS,0.0007163323782234958,2.5,3.3696607916374184,20.88866997611727,0.5222167494029317,COCE5,B00S_COCE5_2015-04-28_DISTRIBUTION_53
VQ_ALL_EXCEPT_02149205000169,VQ,2014,2014-06-30,2015-06-30,HOLDING,CPFE3,02429144000193,CPFL ENERGIA S.A.,Energia,PASS,0.0012297097884899166,2.5,2.77966915562299,-0.27764574083049,-0.00694114352076218,CPFE3,B00S_CPFE3_2014-09-05_DISTRIBUTION_54;B00S_CPFE3_2015-04-30_SHARES_87
VQ_ALL_EXCEPT_02149205000169,VQ,2014,2014-06-30,2015-06-30,HOLDING,CPLE6,76483817000120,CIA PARANAENSE DE ENERGIA - COPEL,Energia,PASS,0.0007378984651711924,2.5,3.0837812301333423,10.63256347146526,0.2658140867866313,CPLE6,B00S_CPLE6_2014-11-07_DISTRIBUTION_56;B00S_CPLE6_2014-11-07_DISTRIBUTION_57;B00S_CPLE6_2015-04-24_DISTRIBUTION_55
VQ_ALL_EXCEPT_02149205000169,VQ,2014,2014-06-30,2015-06-30,HOLDING,CSMG3,17281106000103,CIA SANEAMENTO DE MINAS GERAIS-COPASA MG,Saneamento,PASS,0.0030864197530864196,12.5,4.77040677375077,-65.77173990005318,-8.221467487506647,CSMG3,B00S_CSMG3_2014-09-23_DISTRIBUTION_60;B00S_CSMG3_2015-03-25_DISTRIBUTION_59;B00S_CSMG3_2015-05-12_DISTRIBUTION_58
VQ_ALL_EXCEPT_02149205000169,VQ,2014,2014-06-30,2015-06-30,HOLDING,ENBR3,03983431000103,EDP - ENERGIAS DO BRASIL S.A.,Energia,PASS,0.002304147465437788,2.5,3.0868612842338443,10.743062321850516,0.2685765580462629,ENBR3,B00S_ENBR3_2014-12-30_DISTRIBUTION_62;B00S_ENBR3_2015-04-13_DISTRIBUTION_61
VQ_ALL_EXCEPT_02149205000169,VQ,2014,2014-06-30,2015-06-30,HOLDING,EQTL3,03220438000173,EQUATORIAL S.A.,Energia,PASS,0.000994431185361973,2.5,4.00273440753284,43.60057843067122,1.0900144607667805,EQTL3,B00S_EQTL3_2014-12-22_DISTRIBUTION_64;B00S_EQTL3_2015-04-20_DISTRIBUTION_63
VQ_ALL_EXCEPT_02149205000169,VQ,2014,2014-06-30,2015-06-30,HOLDING,GETI4,02998609000127,AES TIETE SA,Energia,PASS,0.001286008230452675,2.5,2.7106272847991235,-2.7545656602697366,-0.06886414150674355,GETI4,B00S_GETI4_2014-08-07_DISTRIBUTION_83;B00S_GETI4_2015-05-11_DISTRIBUTION_84
VQ_ALL_EXCEPT_02149205000169,VQ,2014,2014-06-30,2015-06-30,HOLDING,ITUB4,60872504000123,ITAU UNIBANCO HOLDING S.A.,Bancos,PASS,0.0015639662183296842,5.0,6.205617760647566,11.315192218549175,0.5657596109274583,ITUB4,ITUB4_2014-07-01_DISTRIBUTION_295;ITUB4_2014-08-01_DISTRIBUTION_294;ITUB4_2014-08-14_DISTRIBUTION_293;ITUB4_2014-09-01_DISTRIBUTION_292;ITUB4_2014-10-01_DISTRIBUTION_291;ITUB4_2014-11-03_DISTRIBUTION_290;ITUB4_2014-12-01_DISTRIBUTION_289;ITUB4_2015-01-02_DISTRIBUTION_288;ITUB4_2015-02-02_DISTRIBUTION_287;ITUB4_2015-02-11_DISTRIBUTION_285;ITUB4_2015-02-11_DISTRIBUTION_286;ITUB4_2015-03-02_DISTRIBUTION_284;ITUB4_2015-04-01_DISTRIBUTION_283;ITUB4_2015-05-04_DISTRIBUTION_282;ITUB4_2015-06-01_DISTRIBUTION_281
VQ_ALL_EXCEPT_02149205000169,VQ,2014,2014-06-30,2015-06-30,HOLDING,LIGT3,03378521000175,LIGHT SA,Energia,PASS,0.0011595547309833025,2.5,2.3014499915703555,-17.434054730983306,-0.43585136827458265,LIGT3,B00S_LIGT3_2015-04-13_DISTRIBUTION_86
VQ_ALL_EXCEPT_02149205000169,VQ,2014,2014-06-30,2015-06-30,HOLDING,SBSP3,43776517000180,CIA SANEAMENTO BASICO EST SAO PAULO,Saneamento,PASS,0.005307855626326964,12.5,9.961772388610482,-28.52304791909088,-3.56538098988636,SBSP3,B00S_SBSP3_2015-04-07_DISTRIBUTION_68
VQ_ALL_EXCEPT_02149205000169,VQ,2014,2014-06-30,2015-06-30,HOLDING,TBLE3,02474103000119,ENGIE BRASIL ENERGIA S.A.,Energia,PASS,0.0007575757575757576,2.5,3.049005220571004,9.384952568462479,0.2346238142115622,TBLE3,TBLE3_2014-09-12_DISTRIBUTION_372;TBLE3_2014-11-11_DISTRIBUTION_371;TBLE3_2014-11-26_DISTRIBUTION_370;TBLE3_2015-05-11_DISTRIBUTION_369
VQ_ALL_EXCEPT_02149205000169,VQ,2014,2014-06-30,2015-06-30,HOLDING,TIMP3,02558115000121,TIM PARTICIPACOES S.A.,Telecom,PASS,0.009674922600619196,12.5,11.233997424997213,-19.39467553568701,-2.4243344419608763,TIMP3,B00S_TIMP3_2015-05-13_DISTRIBUTION_85
VQ_ALL_EXCEPT_02149205000169,VQ,2014,2014-06-30,2015-06-30,HOLDING,TRPL4,02998611000104,CTEEP - CIA TRANSMISSÃO ENERGIA ELÉTRICA PAULISTA,Energia,PASS,0.0009041591320072334,2.5,4.196732619087197,50.56038454253673,1.264009613563418,TRPL4,B00S_TRPL2_2014-07-21_RIGHT_REINVEST_91;B00S_TRPL4_2014-07-17_RIGHT_90;B00S_TRPL4_2014-08-13_DISTRIBUTION_72;B00S_TRPL4_2014-11-25_DISTRIBUTION_71;B00S_TRPL4_2015-05-07_DISTRIBUTION_70;B00S_TRPL4_2015-05-27_DISTRIBUTION_69
VQ_ALL_EXCEPT_02149205000169,VQ,2014,2014-06-30,2015-06-30,HOLDING,VIVT4,02558157000162,TELEFÔNICA BRASIL S.A,Telecom,PASS,0.002777777777777778,12.5,14.932627242829115,7.143452012423701,0.8929315015529626,VIVT4,B00S_VIVT4_2014-08-01_DISTRIBUTION_82;B00S_VIVT4_2014-09-01_DISTRIBUTION_81;B00S_VIVT4_2014-10-01_DISTRIBUTION_80;B00S_VIVT4_2014-11-03_DISTRIBUTION_79;B00S_VIVT4_2014-12-01_DISTRIBUTION_78;B00S_VIVT4_2015-01-02_DISTRIBUTION_77;B00S_VIVT4_2015-02-11_DISTRIBUTION_76;B00S_VIVT4_2015-04-10_DISTRIBUTION_75;B00S_VIVT4_2015-05-26_DISTRIBUTION_73;B00S_VIVT4_2015-05-26_DISTRIBUTION_74
VQ_ALL_EXCEPT_02149205000169,VQ,2014,2014-06-30,2015-06-30,NUMERICAL_RESIDUAL,,,,,,,,,,2.24E-15,,
VVAL_INCLUDE_02429144000193,VVAL,2014,2014-06-30,2015-06-30,HOLDING,BBDC4,60746948000112,BCO BRADESCO S.A.,Bancos,PASS,0.0078003120124804995,25.0,27.573626483773154,10.628532202254814,2.6571330505637034,BBDC4,BBDC4_2014-07-02_DISTRIBUTION_332;BBDC4_2014-08-04_DISTRIBUTION_331;BBDC4_2014-09-02_DISTRIBUTION_330;BBDC4_2014-10-02_DISTRIBUTION_329;BBDC4_2014-11-04_DISTRIBUTION_328;BBDC4_2014-12-02_DISTRIBUTION_327;BBDC4_2014-12-23_DISTRIBUTION_326;BBDC4_2015-01-05_DISTRIBUTION_325;BBDC4_2015-02-03_DISTRIBUTION_324;BBDC4_2015-02-10_DISTRIBUTION_323;BBDC4_2015-03-03_DISTRIBUTION_322;BBDC4_2015-03-27_SHARES_667;BBDC4_2015-04-02_DISTRIBUTION_321;BBDC4_2015-05-05_DISTRIBUTION_320;BBDC4_2015-06-02_DISTRIBUTION_319;BBDC4_2015-06-23_DISTRIBUTION_318
VVAL_INCLUDE_02429144000193,VVAL,2014,2014-06-30,2015-06-30,HOLDING,CPFE3,02429144000193,CPFL ENERGIA S.A.,Energia,PASS,0.0020495163141498606,4.166666666666666,4.142552398383897,-0.27764574083049,-0.01156857253460375,CPFE3,B00S_CPFE3_2014-09-05_DISTRIBUTION_54;B00S_CPFE3_2015-04-30_SHARES_87
VVAL_INCLUDE_02429144000193,VVAL,2014,2014-06-30,2015-06-30,HOLDING,CPLE6,76483817000120,CIA PARANAENSE DE ENERGIA - COPEL,Energia,PASS,0.0012298307752853207,4.166666666666666,4.595771876353754,10.632563471465284,0.4430234779777199,CPLE6,B00S_CPLE6_2014-11-07_DISTRIBUTION_56;B00S_CPLE6_2014-11-07_DISTRIBUTION_57;B00S_CPLE6_2015-04-24_DISTRIBUTION_55
VVAL_INCLUDE_02429144000193,VVAL,2014,2014-06-30,2015-06-30,HOLDING,CSMG3,17281106000103,CIA SANEAMENTO DE MINAS GERAIS-COPASA MG,Saneamento,PASS,0.0030864197530864196,12.5,4.26561412502467,-65.77173990005318,-8.221467487506647,CSMG3,B00S_CSMG3_2014-09-23_DISTRIBUTION_60;B00S_CSMG3_2015-03-25_DISTRIBUTION_59;B00S_CSMG3_2015-05-12_DISTRIBUTION_58
VVAL_INCLUDE_02429144000193,VVAL,2014,2014-06-30,2015-06-30,HOLDING,ENBR3,03983431000103,EDP - ENERGIAS DO BRASIL S.A.,Energia,PASS,0.0038402457757296467,4.166666666666666,4.600362093673456,10.743062321850516,0.4476275967437715,ENBR3,B00S_ENBR3_2014-12-30_DISTRIBUTION_62;B00S_ENBR3_2015-04-13_DISTRIBUTION_61
VVAL_INCLUDE_02429144000193,VVAL,2014,2014-06-30,2015-06-30,HOLDING,GETI4,02998609000127,AES TIETE SA,Energia,PASS,0.002143347050754458,4.166666666666666,4.039659013755099,-2.7545656602697477,-0.11477356917790615,GETI4,B00S_GETI4_2014-08-07_DISTRIBUTION_83;B00S_GETI4_2015-05-11_DISTRIBUTION_84
VVAL_INCLUDE_02429144000193,VVAL,2014,2014-06-30,2015-06-30,HOLDING,LIGT3,03378521000175,LIGHT SA,Energia,PASS,0.001932591218305504,4.166666666666666,3.4298604073273626,-17.434054730983306,-0.7264189471243042,LIGT3,B00S_LIGT3_2015-04-13_DISTRIBUTION_86
VVAL_INCLUDE_02429144000193,VVAL,2014,2014-06-30,2015-06-30,HOLDING,PSSA3,02149205000169,PORTO SEGURO S.A.,Seguros,PASS,0.007846829880728186,25.0,33.90096628820441,36.0145406665773,9.003635166644324,PSSA3,B00S_PSSA3_2014-10-30_DISTRIBUTION_67;B00S_PSSA3_2014-12-23_DISTRIBUTION_66;B00S_PSSA3_2015-03-30_DISTRIBUTION_65
VVAL_INCLUDE_02429144000193,VVAL,2014,2014-06-30,2015-06-30,HOLDING,SBSP3,43776517000180,CIA SANEAMENTO BASICO EST SAO PAULO,Saneamento,PASS,0.005307855626326964,12.5,8.90764226752242,-28.52304791909088,-3.56538098988636,SBSP3,B00S_SBSP3_2015-04-07_DISTRIBUTION_68
VVAL_INCLUDE_02429144000193,VVAL,2014,2014-06-30,2015-06-30,HOLDING,TBLE3,02474103000119,ENGIE BRASIL ENERGIA S.A.,Energia,PASS,0.0012626262626262625,4.166666666666666,4.543945045981777,9.384952568462502,0.3910396903526042,TBLE3,TBLE3_2014-09-12_DISTRIBUTION_372;TBLE3_2014-11-11_DISTRIBUTION_371;TBLE3_2014-11-26_DISTRIBUTION_370;TBLE3_2015-05-11_DISTRIBUTION_369
VVAL_INCLUDE_02429144000193,VVAL,2014,2014-06-30,2015-06-30,NUMERICAL_RESIDUAL,,,,,,,,,,-4.25E-15,,
VQ_ALL_EXCEPT_02429144000193,VQ,2014,2014-06-30,2015-06-30,HOLDING,ABCB4,28195667000106,BCO ABC BRASIL S.A.,Bancos,PASS,0.0029411764705882353,4.0,3.6779567163729814,-8.788187953393066,-0.3515275181357226,ABCB4,B00S_ABCB2_2014-07-02_RIGHT_REINVEST_89;B00S_ABCB2_2015-01-08_RIGHT_REINVEST_93;B00S_ABCB4_2014-07-01_DISTRIBUTION_39;B00S_ABCB4_2014-07-01_RIGHT_88;B00S_ABCB4_2015-01-02_DISTRIBUTION_38;B00S_ABCB4_2015-01-02_RIGHT_92
VQ_ALL_EXCEPT_02429144000193,VQ,2014,2014-06-30,2015-06-30,HOLDING,BBAS3,00000000000191,BCO BRASIL S.A.,Bancos,PASS,0.0016096579476861167,4.0,4.248823506093689,5.369073358535514,0.2147629343414205,BBAS3,B00S_BBAS3_2014-08-20_DISTRIBUTION_47;B00S_BBAS3_2014-09-12_DISTRIBUTION_46;B00S_BBAS3_2014-11-17_DISTRIBUTION_45;B00S_BBAS3_2014-12-12_DISTRIBUTION_44;B00S_BBAS3_2015-02-20_DISTRIBUTION_43;B00S_BBAS3_2015-03-24_DISTRIBUTION_42;B00S_BBAS3_2015-05-22_DISTRIBUTION_41;B00S_BBAS3_2015-06-12_DISTRIBUTION_40
VQ_ALL_EXCEPT_02429144000193,VQ,2014,2014-06-30,2015-06-30,HOLDING,BBDC4,60746948000112,BCO BRADESCO S.A.,Bancos,PASS,0.00124804992199688,4.0,4.460901980851545,10.628532202254792,0.4251412880901917,BBDC4,BBDC4_2014-07-02_DISTRIBUTION_332;BBDC4_2014-08-04_DISTRIBUTION_331;BBDC4_2014-09-02_DISTRIBUTION_330;BBDC4_2014-10-02_DISTRIBUTION_329;BBDC4_2014-11-04_DISTRIBUTION_328;BBDC4_2014-12-02_DISTRIBUTION_327;BBDC4_2014-12-23_DISTRIBUTION_326;BBDC4_2015-01-05_DISTRIBUTION_325;BBDC4_2015-02-03_DISTRIBUTION_324;BBDC4_2015-02-10_DISTRIBUTION_323;BBDC4_2015-03-03_DISTRIBUTION_322;BBDC4_2015-03-27_SHARES_667;BBDC4_2015-04-02_DISTRIBUTION_321;BBDC4_2015-05-05_DISTRIBUTION_320;BBDC4_2015-06-02_DISTRIBUTION_319;BBDC4_2015-06-23_DISTRIBUTION_318
VQ_ALL_EXCEPT_02429144000193,VQ,2014,2014-06-30,2015-06-30,HOLDING,BRSR6,92702067000196,BCO ESTADO DO RIO GRANDE DO SUL S.A.,Bancos,PASS,0.0037209302325581397,4.0,3.5510091602789324,-11.936435069700957,-0.4774574027880382,BRSR6,B00S_BRSR6_2014-09-04_DISTRIBUTION_52;B00S_BRSR6_2014-11-26_DISTRIBUTION_51;B00S_BRSR6_2015-03-05_DISTRIBUTION_50;B00S_BRSR6_2015-05-04_DISTRIBUTION_49;B00S_BRSR6_2015-06-03_DISTRIBUTION_48
VQ_ALL_EXCEPT_02429144000193,VQ,2014,2014-06-30,2015-06-30,HOLDING,CMIG4,17155730000164,CIA ENERGETICA DE MINAS GERAIS - CEMIG,Energia,PASS,0.0013768415255404104,2.2222222222222223,1.8318350453200756,-18.22824134972201,-0.4050720299938224,CMIG4,CMIG4_2014-11-10_DISTRIBUTION_637;CMIG4_2014-12-29_DISTRIBUTION_638;CMIG4_2015-05-04_DISTRIBUTION_639
VQ_ALL_EXCEPT_02429144000193,VQ,2014,2014-06-30,2015-06-30,HOLDING,COCE5,07047251000170,CIA ENERGETICA DO CEARA - COELCE,Energia,PASS,0.0006367398917542184,2.2222222222222223,2.7081244906505577,20.88866997611727,0.4641926661359392,COCE5,B00S_COCE5_2015-04-28_DISTRIBUTION_53
VQ_ALL_EXCEPT_02429144000193,VQ,2014,2014-06-30,2015-06-30,HOLDING,CPLE6,76483817000120,CIA PARANAENSE DE ENERGIA - COPEL,Energia,PASS,0.0006559097468188377,2.2222222222222223,2.4783691859602524,10.63256347146524,0.23627918825478328,CPLE6,B00S_CPLE6_2014-11-07_DISTRIBUTION_56;B00S_CPLE6_2014-11-07_DISTRIBUTION_57;B00S_CPLE6_2015-04-24_DISTRIBUTION_55
VQ_ALL_EXCEPT_02429144000193,VQ,2014,2014-06-30,2015-06-30,HOLDING,CSMG3,17281106000103,CIA SANEAMENTO DE MINAS GERAIS-COPASA MG,Saneamento,PASS,0.0024691358024691358,10.0,3.4504867379466724,-65.77173990005318,-6.57717399000532,CSMG3,B00S_CSMG3_2014-09-23_DISTRIBUTION_60;B00S_CSMG3_2015-03-25_DISTRIBUTION_59;B00S_CSMG3_2015-05-12_DISTRIBUTION_58
VQ_ALL_EXCEPT_02429144000193,VQ,2014,2014-06-30,2015-06-30,HOLDING,ENBR3,03983431000103,EDP - ENERGIAS DO BRASIL S.A.,Energia,PASS,0.002048131080389145,2.2222222222222223,2.4808445597316418,10.743062321850495,0.23873471826334447,ENBR3,B00S_ENBR3_2014-12-30_DISTRIBUTION_62;B00S_ENBR3_2015-04-13_DISTRIBUTION_61
VQ_ALL_EXCEPT_02429144000193,VQ,2014,2014-06-30,2015-06-30,HOLDING,EQTL3,03220438000173,EQUATORIAL S.A.,Energia,PASS,0.0008839388314328649,2.2222222222222223,3.2169122498950116,43.6005784306712,0.9689017429038046,EQTL3,B00S_EQTL3_2014-12-22_DISTRIBUTION_64;B00S_EQTL3_2015-04-20_DISTRIBUTION_63
VQ_ALL_EXCEPT_02429144000193,VQ,2014,2014-06-30,2015-06-30,HOLDING,GETI4,02998609000127,AES TIETE SA,Energia,PASS,0.0011431184270690442,2.2222222222222223,2.178473320877814,-2.7545656602697366,-0.061212570228216454,GETI4,B00S_GETI4_2014-08-07_DISTRIBUTION_83;B00S_GETI4_2015-05-11_DISTRIBUTION_84
VQ_ALL_EXCEPT_02429144000193,VQ,2014,2014-06-30,2015-06-30,HOLDING,ITUB4,60872504000123,ITAU UNIBANCO HOLDING S.A.,Bancos,PASS,0.0012511729746637473,4.0,4.488590344476031,11.315192218549196,0.45260768874196766,ITUB4,ITUB4_2014-07-01_DISTRIBUTION_295;ITUB4_2014-08-01_DISTRIBUTION_294;ITUB4_2014-08-14_DISTRIBUTION_293;ITUB4_2014-09-01_DISTRIBUTION_292;ITUB4_2014-10-01_DISTRIBUTION_291;ITUB4_2014-11-03_DISTRIBUTION_290;ITUB4_2014-12-01_DISTRIBUTION_289;ITUB4_2015-01-02_DISTRIBUTION_288;ITUB4_2015-02-02_DISTRIBUTION_287;ITUB4_2015-02-11_DISTRIBUTION_285;ITUB4_2015-02-11_DISTRIBUTION_286;ITUB4_2015-03-02_DISTRIBUTION_284;ITUB4_2015-04-01_DISTRIBUTION_283;ITUB4_2015-05-04_DISTRIBUTION_282;ITUB4_2015-06-01_DISTRIBUTION_281
VQ_ALL_EXCEPT_02429144000193,VQ,2014,2014-06-30,2015-06-30,HOLDING,LIGT3,03378521000175,LIGHT SA,Energia,PASS,0.0010307153164296023,2.2222222222222223,1.849626259606561,-17.434054730983284,-0.3874234384662951,LIGT3,B00S_LIGT3_2015-04-13_DISTRIBUTION_86
VQ_ALL_EXCEPT_02429144000193,VQ,2014,2014-06-30,2015-06-30,HOLDING,PSSA3,02149205000169,PORTO SEGURO S.A.,Seguros,PASS,0.006277463904582549,20.0,27.422741755936507,36.01454066657732,7.202908133315466,PSSA3,B00S_PSSA3_2014-10-30_DISTRIBUTION_67;B00S_PSSA3_2014-12-23_DISTRIBUTION_66;B00S_PSSA3_2015-03-30_DISTRIBUTION_65
VQ_ALL_EXCEPT_02429144000193,VQ,2014,2014-06-30,2015-06-30,HOLDING,SBSP3,43776517000180,CIA SANEAMENTO BASICO EST SAO PAULO,Saneamento,PASS,0.004246284501061571,10.0,7.205457551855228,-28.52304791909088,-2.8523047919090883,SBSP3,B00S_SBSP3_2015-04-07_DISTRIBUTION_68
VQ_ALL_EXCEPT_02429144000193,VQ,2014,2014-06-30,2015-06-30,HOLDING,TBLE3,02474103000119,ENGIE BRASIL ENERGIA S.A.,Energia,PASS,0.0006734006734006734,2.2222222222222223,2.4504204489785986,9.384952568462479,0.20855450152138832,TBLE3,TBLE3_2014-09-12_DISTRIBUTION_372;TBLE3_2014-11-11_DISTRIBUTION_371;TBLE3_2014-11-26_DISTRIBUTION_370;TBLE3_2015-05-11_DISTRIBUTION_369
VQ_ALL_EXCEPT_02429144000193,VQ,2014,2014-06-30,2015-06-30,HOLDING,TIMP3,02558115000121,TIM PARTICIPACOES S.A.,Telecom,PASS,0.007739938080495357,10.0,8.12567166019732,-19.39467553568701,-1.939467553568701,TIMP3,B00S_TIMP3_2015-05-13_DISTRIBUTION_85
VQ_ALL_EXCEPT_02429144000193,VQ,2014,2014-06-30,2015-06-30,HOLDING,TRPL4,02998611000104,CTEEP - CIA TRANSMISSÃO ENERGIA ELÉTRICA PAULISTA,Energia,PASS,0.0008036970062286518,2.2222222222222223,3.372824473806864,50.56038454253668,1.12356410094526,TRPL4,B00S_TRPL2_2014-07-21_RIGHT_REINVEST_91;B00S_TRPL4_2014-07-17_RIGHT_90;B00S_TRPL4_2014-08-13_DISTRIBUTION_72;B00S_TRPL4_2014-11-25_DISTRIBUTION_71;B00S_TRPL4_2015-05-07_DISTRIBUTION_70;B00S_TRPL4_2015-05-27_DISTRIBUTION_69
VQ_ALL_EXCEPT_02429144000193,VQ,2014,2014-06-30,2015-06-30,HOLDING,VIVT4,02558157000162,TELEFÔNICA BRASIL S.A,Telecom,PASS,0.0022222222222222222,10.0,10.80093055116372,7.143452012423701,0.7143452012423696,VIVT4,B00S_VIVT4_2014-08-01_DISTRIBUTION_82;B00S_VIVT4_2014-09-01_DISTRIBUTION_81;B00S_VIVT4_2014-10-01_DISTRIBUTION_80;B00S_VIVT4_2014-11-03_DISTRIBUTION_79;B00S_VIVT4_2014-12-01_DISTRIBUTION_78;B00S_VIVT4_2015-01-02_DISTRIBUTION_77;B00S_VIVT4_2015-02-11_DISTRIBUTION_76;B00S_VIVT4_2015-04-10_DISTRIBUTION_75;B00S_VIVT4_2015-05-26_DISTRIBUTION_73;B00S_VIVT4_2015-05-26_DISTRIBUTION_74
VQ_ALL_EXCEPT_02429144000193,VQ,2014,2014-06-30,2015-06-30,NUMERICAL_RESIDUAL,,,,,,,,,,1.724E-15,,
VVAL_INCLUDE_02474103000119,VVAL,2014,2014-06-30,2015-06-30,HOLDING,BBDC4,60746948000112,BCO BRADESCO S.A.,Bancos,PASS,0.0078003120124804995,25.0,27.573626483773154,10.628532202254814,2.6571330505637034,BBDC4,BBDC4_2014-07-02_DISTRIBUTION_332;BBDC4_2014-08-04_DISTRIBUTION_331;BBDC4_2014-09-02_DISTRIBUTION_330;BBDC4_2014-10-02_DISTRIBUTION_329;BBDC4_2014-11-04_DISTRIBUTION_328;BBDC4_2014-12-02_DISTRIBUTION_327;BBDC4_2014-12-23_DISTRIBUTION_326;BBDC4_2015-01-05_DISTRIBUTION_325;BBDC4_2015-02-03_DISTRIBUTION_324;BBDC4_2015-02-10_DISTRIBUTION_323;BBDC4_2015-03-03_DISTRIBUTION_322;BBDC4_2015-03-27_SHARES_667;BBDC4_2015-04-02_DISTRIBUTION_321;BBDC4_2015-05-05_DISTRIBUTION_320;BBDC4_2015-06-02_DISTRIBUTION_319;BBDC4_2015-06-23_DISTRIBUTION_318
VVAL_INCLUDE_02474103000119,VVAL,2014,2014-06-30,2015-06-30,HOLDING,CPFE3,02429144000193,CPFL ENERGIA S.A.,Energia,PASS,0.0020495163141498606,4.166666666666666,4.142552398383897,-0.27764574083049,-0.01156857253460375,CPFE3,B00S_CPFE3_2014-09-05_DISTRIBUTION_54;B00S_CPFE3_2015-04-30_SHARES_87
VVAL_INCLUDE_02474103000119,VVAL,2014,2014-06-30,2015-06-30,HOLDING,CPLE6,76483817000120,CIA PARANAENSE DE ENERGIA - COPEL,Energia,PASS,0.0012298307752853207,4.166666666666666,4.595771876353754,10.632563471465284,0.4430234779777199,CPLE6,B00S_CPLE6_2014-11-07_DISTRIBUTION_56;B00S_CPLE6_2014-11-07_DISTRIBUTION_57;B00S_CPLE6_2015-04-24_DISTRIBUTION_55
VVAL_INCLUDE_02474103000119,VVAL,2014,2014-06-30,2015-06-30,HOLDING,CSMG3,17281106000103,CIA SANEAMENTO DE MINAS GERAIS-COPASA MG,Saneamento,PASS,0.0030864197530864196,12.5,4.26561412502467,-65.77173990005318,-8.221467487506647,CSMG3,B00S_CSMG3_2014-09-23_DISTRIBUTION_60;B00S_CSMG3_2015-03-25_DISTRIBUTION_59;B00S_CSMG3_2015-05-12_DISTRIBUTION_58
VVAL_INCLUDE_02474103000119,VVAL,2014,2014-06-30,2015-06-30,HOLDING,ENBR3,03983431000103,EDP - ENERGIAS DO BRASIL S.A.,Energia,PASS,0.0038402457757296467,4.166666666666666,4.600362093673456,10.743062321850516,0.4476275967437715,ENBR3,B00S_ENBR3_2014-12-30_DISTRIBUTION_62;B00S_ENBR3_2015-04-13_DISTRIBUTION_61
VVAL_INCLUDE_02474103000119,VVAL,2014,2014-06-30,2015-06-30,HOLDING,GETI4,02998609000127,AES TIETE SA,Energia,PASS,0.002143347050754458,4.166666666666666,4.039659013755099,-2.7545656602697477,-0.11477356917790615,GETI4,B00S_GETI4_2014-08-07_DISTRIBUTION_83;B00S_GETI4_2015-05-11_DISTRIBUTION_84
VVAL_INCLUDE_02474103000119,VVAL,2014,2014-06-30,2015-06-30,HOLDING,LIGT3,03378521000175,LIGHT SA,Energia,PASS,0.001932591218305504,4.166666666666666,3.4298604073273626,-17.434054730983306,-0.7264189471243042,LIGT3,B00S_LIGT3_2015-04-13_DISTRIBUTION_86
VVAL_INCLUDE_02474103000119,VVAL,2014,2014-06-30,2015-06-30,HOLDING,PSSA3,02149205000169,PORTO SEGURO S.A.,Seguros,PASS,0.007846829880728186,25.0,33.90096628820441,36.0145406665773,9.003635166644324,PSSA3,B00S_PSSA3_2014-10-30_DISTRIBUTION_67;B00S_PSSA3_2014-12-23_DISTRIBUTION_66;B00S_PSSA3_2015-03-30_DISTRIBUTION_65
VVAL_INCLUDE_02474103000119,VVAL,2014,2014-06-30,2015-06-30,HOLDING,SBSP3,43776517000180,CIA SANEAMENTO BASICO EST SAO PAULO,Saneamento,PASS,0.005307855626326964,12.5,8.90764226752242,-28.52304791909088,-3.56538098988636,SBSP3,B00S_SBSP3_2015-04-07_DISTRIBUTION_68
VVAL_INCLUDE_02474103000119,VVAL,2014,2014-06-30,2015-06-30,HOLDING,TBLE3,02474103000119,ENGIE BRASIL ENERGIA S.A.,Energia,PASS,0.0012626262626262625,4.166666666666666,4.543945045981777,9.384952568462502,0.3910396903526042,TBLE3,TBLE3_2014-09-12_DISTRIBUTION_372;TBLE3_2014-11-11_DISTRIBUTION_371;TBLE3_2014-11-26_DISTRIBUTION_370;TBLE3_2015-05-11_DISTRIBUTION_369
VVAL_INCLUDE_02474103000119,VVAL,2014,2014-06-30,2015-06-30,NUMERICAL_RESIDUAL,,,,,,,,,,-4.25E-15,,
VQ_ALL_EXCEPT_02474103000119,VQ,2014,2014-06-30,2015-06-30,HOLDING,ABCB4,28195667000106,BCO ABC BRASIL S.A.,Bancos,PASS,0.0029411764705882353,4.0,3.6859352789565225,-8.788187953393066,-0.3515275181357226,ABCB4,B00S_ABCB2_2014-07-02_RIGHT_REINVEST_89;B00S_ABCB2_2015-01-08_RIGHT_REINVEST_93;B00S_ABCB4_2014-07-01_DISTRIBUTION_39;B00S_ABCB4_2014-07-01_RIGHT_88;B00S_ABCB4_2015-01-02_DISTRIBUTION_38;B00S_ABCB4_2015-01-02_RIGHT_92
VQ_ALL_EXCEPT_02474103000119,VQ,2014,2014-06-30,2015-06-30,HOLDING,BBAS3,00000000000191,BCO BRASIL S.A.,Bancos,PASS,0.0016096579476861167,4.0,4.258040445515211,5.369073358535514,0.2147629343414205,BBAS3,B00S_BBAS3_2014-08-20_DISTRIBUTION_47;B00S_BBAS3_2014-09-12_DISTRIBUTION_46;B00S_BBAS3_2014-11-17_DISTRIBUTION_45;B00S_BBAS3_2014-12-12_DISTRIBUTION_44;B00S_BBAS3_2015-02-20_DISTRIBUTION_43;B00S_BBAS3_2015-03-24_DISTRIBUTION_42;B00S_BBAS3_2015-05-22_DISTRIBUTION_41;B00S_BBAS3_2015-06-12_DISTRIBUTION_40
VQ_ALL_EXCEPT_02474103000119,VQ,2014,2014-06-30,2015-06-30,HOLDING,BBDC4,60746948000112,BCO BRADESCO S.A.,Bancos,PASS,0.00124804992199688,4.0,4.470578980440699,10.628532202254792,0.4251412880901917,BBDC4,BBDC4_2014-07-02_DISTRIBUTION_332;BBDC4_2014-08-04_DISTRIBUTION_331;BBDC4_2014-09-02_DISTRIBUTION_330;BBDC4_2014-10-02_DISTRIBUTION_329;BBDC4_2014-11-04_DISTRIBUTION_328;BBDC4_2014-12-02_DISTRIBUTION_327;BBDC4_2014-12-23_DISTRIBUTION_326;BBDC4_2015-01-05_DISTRIBUTION_325;BBDC4_2015-02-03_DISTRIBUTION_324;BBDC4_2015-02-10_DISTRIBUTION_323;BBDC4_2015-03-03_DISTRIBUTION_322;BBDC4_2015-03-27_SHARES_667;BBDC4_2015-04-02_DISTRIBUTION_321;BBDC4_2015-05-05_DISTRIBUTION_320;BBDC4_2015-06-02_DISTRIBUTION_319;BBDC4_2015-06-23_DISTRIBUTION_318
VQ_ALL_EXCEPT_02474103000119,VQ,2014,2014-06-30,2015-06-30,HOLDING,BRSR6,92702067000196,BCO ESTADO DO RIO GRANDE DO SUL S.A.,Bancos,PASS,0.0037209302325581397,4.0,3.5587123365272797,-11.936435069700957,-0.4774574027880382,BRSR6,B00S_BRSR6_2014-09-04_DISTRIBUTION_52;B00S_BRSR6_2014-11-26_DISTRIBUTION_51;B00S_BRSR6_2015-03-05_DISTRIBUTION_50;B00S_BRSR6_2015-05-04_DISTRIBUTION_49;B00S_BRSR6_2015-06-03_DISTRIBUTION_48
VQ_ALL_EXCEPT_02474103000119,VQ,2014,2014-06-30,2015-06-30,HOLDING,CMIG4,17155730000164,CIA ENERGETICA DE MINAS GERAIS - CEMIG,Energia,PASS,0.0013768415255404104,2.2222222222222223,1.835808830679416,-18.22824134972201,-0.4050720299938224,CMIG4,CMIG4_2014-11-10_DISTRIBUTION_637;CMIG4_2014-12-29_DISTRIBUTION_638;CMIG4_2015-05-04_DISTRIBUTION_639
VQ_ALL_EXCEPT_02474103000119,VQ,2014,2014-06-30,2015-06-30,HOLDING,COCE5,07047251000170,CIA ENERGETICA DO CEARA - COELCE,Energia,PASS,0.0006367398917542184,2.2222222222222223,2.713999203813029,20.88866997611727,0.4641926661359392,COCE5,B00S_COCE5_2015-04-28_DISTRIBUTION_53
VQ_ALL_EXCEPT_02474103000119,VQ,2014,2014-06-30,2015-06-30,HOLDING,CPFE3,02429144000193,CPFL ENERGIA S.A.,Energia,PASS,0.0010930753675465925,2.2222222222222223,2.23880691313103,-0.2776457408304678,-0.006169905351788296,CPFE3,B00S_CPFE3_2014-09-05_DISTRIBUTION_54;B00S_CPFE3_2015-04-30_SHARES_87
VQ_ALL_EXCEPT_02474103000119,VQ,2014,2014-06-30,2015-06-30,HOLDING,CPLE6,76483817000120,CIA PARANAENSE DE ENERGIA - COPEL,Energia,PASS,0.0006559097468188377,2.2222222222222223,2.4837454927469196,10.63256347146524,0.23627918825478328,CPLE6,B00S_CPLE6_2014-11-07_DISTRIBUTION_56;B00S_CPLE6_2014-11-07_DISTRIBUTION_57;B00S_CPLE6_2015-04-24_DISTRIBUTION_55
VQ_ALL_EXCEPT_02474103000119,VQ,2014,2014-06-30,2015-06-30,HOLDING,CSMG3,17281106000103,CIA SANEAMENTO DE MINAS GERAIS-COPASA MG,Saneamento,PASS,0.0024691358024691358,10.0,3.457971851694704,-65.77173990005318,-6.57717399000532,CSMG3,B00S_CSMG3_2014-09-23_DISTRIBUTION_60;B00S_CSMG3_2015-03-25_DISTRIBUTION_59;B00S_CSMG3_2015-05-12_DISTRIBUTION_58
VQ_ALL_EXCEPT_02474103000119,VQ,2014,2014-06-30,2015-06-30,HOLDING,ENBR3,03983431000103,EDP - ENERGIAS DO BRASIL S.A.,Energia,PASS,0.002048131080389145,2.2222222222222223,2.486226236327166,10.743062321850495,0.23873471826334447,ENBR3,B00S_ENBR3_2014-12-30_DISTRIBUTION_62;B00S_ENBR3_2015-04-13_DISTRIBUTION_61
VQ_ALL_EXCEPT_02474103000119,VQ,2014,2014-06-30,2015-06-30,HOLDING,EQTL3,03220438000173,EQUATORIAL S.A.,Energia,PASS,0.0008839388314328649,2.2222222222222223,3.2238906723428045,43.6005784306712,0.9689017429038046,EQTL3,B00S_EQTL3_2014-12-22_DISTRIBUTION_64;B00S_EQTL3_2015-04-20_DISTRIBUTION_63
VQ_ALL_EXCEPT_02474103000119,VQ,2014,2014-06-30,2015-06-30,HOLDING,GETI4,02998609000127,AES TIETE SA,Energia,PASS,0.0011431184270690442,2.2222222222222223,2.1831990659225626,-2.7545656602697366,-0.061212570228216454,GETI4,B00S_GETI4_2014-08-07_DISTRIBUTION_83;B00S_GETI4_2015-05-11_DISTRIBUTION_84
VQ_ALL_EXCEPT_02474103000119,VQ,2014,2014-06-30,2015-06-30,HOLDING,ITUB4,60872504000123,ITAU UNIBANCO HOLDING S.A.,Bancos,PASS,0.0012511729746637473,4.0,4.498327408214671,11.315192218549196,0.45260768874196766,ITUB4,ITUB4_2014-07-01_DISTRIBUTION_295;ITUB4_2014-08-01_DISTRIBUTION_294;ITUB4_2014-08-14_DISTRIBUTION_293;ITUB4_2014-09-01_DISTRIBUTION_292;ITUB4_2014-10-01_DISTRIBUTION_291;ITUB4_2014-11-03_DISTRIBUTION_290;ITUB4_2014-12-01_DISTRIBUTION_289;ITUB4_2015-01-02_DISTRIBUTION_288;ITUB4_2015-02-02_DISTRIBUTION_287;ITUB4_2015-02-11_DISTRIBUTION_285;ITUB4_2015-02-11_DISTRIBUTION_286;ITUB4_2015-03-02_DISTRIBUTION_284;ITUB4_2015-04-01_DISTRIBUTION_283;ITUB4_2015-05-04_DISTRIBUTION_282;ITUB4_2015-06-01_DISTRIBUTION_281
VQ_ALL_EXCEPT_02474103000119,VQ,2014,2014-06-30,2015-06-30,HOLDING,LIGT3,03378521000175,LIGHT SA,Energia,PASS,0.0010307153164296023,2.2222222222222223,1.8536386393071533,-17.434054730983284,-0.3874234384662951,LIGT3,B00S_LIGT3_2015-04-13_DISTRIBUTION_86
VQ_ALL_EXCEPT_02474103000119,VQ,2014,2014-06-30,2015-06-30,HOLDING,PSSA3,02149205000169,PORTO SEGURO S.A.,Seguros,PASS,0.006277463904582549,20.0,27.482229693991364,36.01454066657732,7.202908133315466,PSSA3,B00S_PSSA3_2014-10-30_DISTRIBUTION_67;B00S_PSSA3_2014-12-23_DISTRIBUTION_66;B00S_PSSA3_2015-03-30_DISTRIBUTION_65
VQ_ALL_EXCEPT_02474103000119,VQ,2014,2014-06-30,2015-06-30,HOLDING,SBSP3,43776517000180,CIA SANEAMENTO BASICO EST SAO PAULO,Saneamento,PASS,0.004246284501061571,10.0,7.221088294262991,-28.52304791909088,-2.8523047919090883,SBSP3,B00S_SBSP3_2015-04-07_DISTRIBUTION_68
VQ_ALL_EXCEPT_02474103000119,VQ,2014,2014-06-30,2015-06-30,HOLDING,TIMP3,02558115000121,TIM PARTICIPACOES S.A.,Telecom,PASS,0.007739938080495357,10.0,8.143298615834286,-19.39467553568701,-1.939467553568701,TIMP3,B00S_TIMP3_2015-05-13_DISTRIBUTION_85
VQ_ALL_EXCEPT_02474103000119,VQ,2014,2014-06-30,2015-06-30,HOLDING,TRPL4,02998611000104,CTEEP - CIA TRANSMISSÃO ENERGIA ELÉTRICA PAULISTA,Energia,PASS,0.0008036970062286518,2.2222222222222223,3.380141115415987,50.56038454253668,1.12356410094526,TRPL4,B00S_TRPL2_2014-07-21_RIGHT_REINVEST_91;B00S_TRPL4_2014-07-17_RIGHT_90;B00S_TRPL4_2014-08-13_DISTRIBUTION_72;B00S_TRPL4_2014-11-25_DISTRIBUTION_71;B00S_TRPL4_2015-05-07_DISTRIBUTION_70;B00S_TRPL4_2015-05-27_DISTRIBUTION_69
VQ_ALL_EXCEPT_02474103000119,VQ,2014,2014-06-30,2015-06-30,HOLDING,VIVT4,02558157000162,TELEFÔNICA BRASIL S.A,Telecom,PASS,0.0022222222222222222,10.0,10.824360924876201,7.143452012423701,0.7143452012423696,VIVT4,B00S_VIVT4_2014-08-01_DISTRIBUTION_82;B00S_VIVT4_2014-09-01_DISTRIBUTION_81;B00S_VIVT4_2014-10-01_DISTRIBUTION_80;B00S_VIVT4_2014-11-03_DISTRIBUTION_79;B00S_VIVT4_2014-12-01_DISTRIBUTION_78;B00S_VIVT4_2015-01-02_DISTRIBUTION_77;B00S_VIVT4_2015-02-11_DISTRIBUTION_76;B00S_VIVT4_2015-04-10_DISTRIBUTION_75;B00S_VIVT4_2015-05-26_DISTRIBUTION_73;B00S_VIVT4_2015-05-26_DISTRIBUTION_74
VQ_ALL_EXCEPT_02474103000119,VQ,2014,2014-06-30,2015-06-30,NUMERICAL_RESIDUAL,,,,,,,,,,1.0340E-14,,
VVAL_INCLUDE_02558115000121,VVAL,2014,2014-06-30,2015-06-30,HOLDING,BBDC4,60746948000112,BCO BRADESCO S.A.,Bancos,PASS,0.0062402496099844005,20.0,22.960708319447903,10.628532202254792,2.1257064404509585,BBDC4,BBDC4_2014-07-02_DISTRIBUTION_332;BBDC4_2014-08-04_DISTRIBUTION_331;BBDC4_2014-09-02_DISTRIBUTION_330;BBDC4_2014-10-02_DISTRIBUTION_329;BBDC4_2014-11-04_DISTRIBUTION_328;BBDC4_2014-12-02_DISTRIBUTION_327;BBDC4_2014-12-23_DISTRIBUTION_326;BBDC4_2015-01-05_DISTRIBUTION_325;BBDC4_2015-02-03_DISTRIBUTION_324;BBDC4_2015-02-10_DISTRIBUTION_323;BBDC4_2015-03-03_DISTRIBUTION_322;BBDC4_2015-03-27_SHARES_667;BBDC4_2015-04-02_DISTRIBUTION_321;BBDC4_2015-05-05_DISTRIBUTION_320;BBDC4_2015-06-02_DISTRIBUTION_319;BBDC4_2015-06-23_DISTRIBUTION_318
VVAL_INCLUDE_02558115000121,VVAL,2014,2014-06-30,2015-06-30,HOLDING,CPFE3,02429144000193,CPFL ENERGIA S.A.,Energia,PASS,0.0016396130513198887,3.3333333333333335,3.449525849394419,-0.2776457408304789,-0.009254858027682444,CPFE3,B00S_CPFE3_2014-09-05_DISTRIBUTION_54;B00S_CPFE3_2015-04-30_SHARES_87
VVAL_INCLUDE_02558115000121,VVAL,2014,2014-06-30,2015-06-30,HOLDING,CPLE6,76483817000120,CIA PARANAENSE DE ENERGIA - COPEL,Energia,PASS,0.0009838646202282564,3.3333333333333335,3.826924166749673,10.63256347146524,0.3544187823821744,CPLE6,B00S_CPLE6_2014-11-07_DISTRIBUTION_56;B00S_CPLE6_2014-11-07_DISTRIBUTION_57;B00S_CPLE6_2015-04-24_DISTRIBUTION_55
VVAL_INCLUDE_02558115000121,VVAL,2014,2014-06-30,2015-06-30,HOLDING,CSMG3,17281106000103,CIA SANEAMENTO DE MINAS GERAIS-COPASA MG,Saneamento,PASS,0.0024691358024691358,10.0,3.552000016597244,-65.77173990005318,-6.57717399000532,CSMG3,B00S_CSMG3_2014-09-23_DISTRIBUTION_60;B00S_CSMG3_2015-03-25_DISTRIBUTION_59;B00S_CSMG3_2015-05-12_DISTRIBUTION_58
VVAL_INCLUDE_02558115000121,VVAL,2014,2014-06-30,2015-06-30,HOLDING,ENBR3,03983431000103,EDP - ENERGIAS DO BRASIL S.A.,Energia,PASS,0.0030721966205837174,3.3333333333333335,3.830746465606977,10.743062321850516,0.3581020773950172,ENBR3,B00S_ENBR3_2014-12-30_DISTRIBUTION_62;B00S_ENBR3_2015-04-13_DISTRIBUTION_61
VVAL_INCLUDE_02558115000121,VVAL,2014,2014-06-30,2015-06-30,HOLDING,GETI4,02998609000127,AES TIETE SA,Energia,PASS,0.0017146776406035665,3.3333333333333335,3.363845969968588,-2.7545656602697366,-0.0918188553423245,GETI4,B00S_GETI4_2014-08-07_DISTRIBUTION_83;B00S_GETI4_2015-05-11_DISTRIBUTION_84
VVAL_INCLUDE_02558115000121,VVAL,2014,2014-06-30,2015-06-30,HOLDING,LIGT3,03378521000175,LIGHT SA,Energia,PASS,0.0015460729746444033,3.3333333333333335,2.856063363134743,-17.434054730983306,-0.5811351576994435,LIGT3,B00S_LIGT3_2015-04-13_DISTRIBUTION_86
VVAL_INCLUDE_02558115000121,VVAL,2014,2014-06-30,2015-06-30,HOLDING,PSSA3,02149205000169,PORTO SEGURO S.A.,Seguros,PASS,0.006277463904582549,20.0,28.229518491119563,36.01454066657732,7.202908133315466,PSSA3,B00S_PSSA3_2014-10-30_DISTRIBUTION_67;B00S_PSSA3_2014-12-23_DISTRIBUTION_66;B00S_PSSA3_2015-03-30_DISTRIBUTION_65
VVAL_INCLUDE_02558115000121,VVAL,2014,2014-06-30,2015-06-30,HOLDING,SBSP3,43776517000180,CIA SANEAMENTO BASICO EST SAO PAULO,Saneamento,PASS,0.004246284501061571,10.0,7.417442027037305,-28.52304791909088,-2.8523047919090883,SBSP3,B00S_SBSP3_2015-04-07_DISTRIBUTION_68
VVAL_INCLUDE_02558115000121,VVAL,2014,2014-06-30,2015-06-30,HOLDING,TBLE3,02474103000119,ENGIE BRASIL ENERGIA S.A.,Energia,PASS,0.00101010101010101,3.3333333333333335,3.783767684014525,9.384952568462502,0.3128317522820834,TBLE3,TBLE3_2014-09-12_DISTRIBUTION_372;TBLE3_2014-11-11_DISTRIBUTION_371;TBLE3_2014-11-26_DISTRIBUTION_370;TBLE3_2015-05-11_DISTRIBUTION_369
VVAL_INCLUDE_02558115000121,VVAL,2014,2014-06-30,2015-06-30,HOLDING,TIMP3,02558115000121,TIM PARTICIPACOES S.A.,Telecom,PASS,0.015479876160990714,20.0,16.72945764692906,-19.39467553568701,-3.878935107137402,TIMP3,B00S_TIMP3_2015-05-13_DISTRIBUTION_85
VVAL_INCLUDE_02558115000121,VVAL,2014,2014-06-30,2015-06-30,NUMERICAL_RESIDUAL,,,,,,,,,,5.944E-15,,
VQ_ALL_EXCEPT_02558115000121,VQ,2014,2014-06-30,2015-06-30,HOLDING,ABCB4,28195667000106,BCO ABC BRASIL S.A.,Bancos,PASS,0.0029411764705882353,4.0,3.590734871947376,-8.788187953393066,-0.3515275181357226,ABCB4,B00S_ABCB2_2014-07-02_RIGHT_REINVEST_89;B00S_ABCB2_2015-01-08_RIGHT_REINVEST_93;B00S_ABCB4_2014-07-01_DISTRIBUTION_39;B00S_ABCB4_2014-07-01_RIGHT_88;B00S_ABCB4_2015-01-02_DISTRIBUTION_38;B00S_ABCB4_2015-01-02_RIGHT_92
VQ_ALL_EXCEPT_02558115000121,VQ,2014,2014-06-30,2015-06-30,HOLDING,BBAS3,00000000000191,BCO BRASIL S.A.,Bancos,PASS,0.0016096579476861167,4.0,4.148063695302382,5.369073358535514,0.2147629343414205,BBAS3,B00S_BBAS3_2014-08-20_DISTRIBUTION_47;B00S_BBAS3_2014-09-12_DISTRIBUTION_46;B00S_BBAS3_2014-11-17_DISTRIBUTION_45;B00S_BBAS3_2014-12-12_DISTRIBUTION_44;B00S_BBAS3_2015-02-20_DISTRIBUTION_43;B00S_BBAS3_2015-03-24_DISTRIBUTION_42;B00S_BBAS3_2015-05-22_DISTRIBUTION_41;B00S_BBAS3_2015-06-12_DISTRIBUTION_40
VQ_ALL_EXCEPT_02558115000121,VQ,2014,2014-06-30,2015-06-30,HOLDING,BBDC4,60746948000112,BCO BRADESCO S.A.,Bancos,PASS,0.00124804992199688,4.0,4.3551127808754755,10.628532202254792,0.4251412880901917,BBDC4,BBDC4_2014-07-02_DISTRIBUTION_332;BBDC4_2014-08-04_DISTRIBUTION_331;BBDC4_2014-09-02_DISTRIBUTION_330;BBDC4_2014-10-02_DISTRIBUTION_329;BBDC4_2014-11-04_DISTRIBUTION_328;BBDC4_2014-12-02_DISTRIBUTION_327;BBDC4_2014-12-23_DISTRIBUTION_326;BBDC4_2015-01-05_DISTRIBUTION_325;BBDC4_2015-02-03_DISTRIBUTION_324;BBDC4_2015-02-10_DISTRIBUTION_323;BBDC4_2015-03-03_DISTRIBUTION_322;BBDC4_2015-03-27_SHARES_667;BBDC4_2015-04-02_DISTRIBUTION_321;BBDC4_2015-05-05_DISTRIBUTION_320;BBDC4_2015-06-02_DISTRIBUTION_319;BBDC4_2015-06-23_DISTRIBUTION_318
VQ_ALL_EXCEPT_02558115000121,VQ,2014,2014-06-30,2015-06-30,HOLDING,BRSR6,92702067000196,BCO ESTADO DO RIO GRANDE DO SUL S.A.,Bancos,PASS,0.0037209302325581397,4.0,3.4667978461128475,-11.936435069700957,-0.4774574027880382,BRSR6,B00S_BRSR6_2014-09-04_DISTRIBUTION_52;B00S_BRSR6_2014-11-26_DISTRIBUTION_51;B00S_BRSR6_2015-03-05_DISTRIBUTION_50;B00S_BRSR6_2015-05-04_DISTRIBUTION_49;B00S_BRSR6_2015-06-03_DISTRIBUTION_48
VQ_ALL_EXCEPT_02558115000121,VQ,2014,2014-06-30,2015-06-30,HOLDING,CMIG4,17155730000164,CIA ENERGETICA DE MINAS GERAIS - CEMIG,Energia,PASS,0.0012391573729863693,2.0,1.6095541725230986,-18.22824134972203,-0.3645648269944405,CMIG4,CMIG4_2014-11-10_DISTRIBUTION_637;CMIG4_2014-12-29_DISTRIBUTION_638;CMIG4_2015-05-04_DISTRIBUTION_639
VQ_ALL_EXCEPT_02558115000121,VQ,2014,2014-06-30,2015-06-30,HOLDING,COCE5,07047251000170,CIA ENERGETICA DO CEARA - COELCE,Energia,PASS,0.0005730659025787966,2.0,2.379511782337898,20.88866997611727,0.4177733995223455,COCE5,B00S_COCE5_2015-04-28_DISTRIBUTION_53
VQ_ALL_EXCEPT_02558115000121,VQ,2014,2014-06-30,2015-06-30,HOLDING,CPFE3,02429144000193,CPFL ENERGIA S.A.,Energia,PASS,0.0009837678307919333,2.0,1.9628846687538772,-0.2776457408305011,-0.005552914816609952,CPFE3,B00S_CPFE3_2014-09-05_DISTRIBUTION_54;B00S_CPFE3_2015-04-30_SHARES_87
VQ_ALL_EXCEPT_02558115000121,VQ,2014,2014-06-30,2015-06-30,HOLDING,CPLE6,76483817000120,CIA PARANAENSE DE ENERGIA - COPEL,Energia,PASS,0.0005903187721369539,2.0,2.177635739913466,10.63256347146526,0.21265126942930507,CPLE6,B00S_CPLE6_2014-11-07_DISTRIBUTION_56;B00S_CPLE6_2014-11-07_DISTRIBUTION_57;B00S_CPLE6_2015-04-24_DISTRIBUTION_55
VQ_ALL_EXCEPT_02558115000121,VQ,2014,2014-06-30,2015-06-30,HOLDING,CSMG3,17281106000103,CIA SANEAMENTO DE MINAS GERAIS-COPASA MG,Saneamento,PASS,0.0024691358024691358,10.0,3.368659288452762,-65.77173990005318,-6.57717399000532,CSMG3,B00S_CSMG3_2014-09-23_DISTRIBUTION_60;B00S_CSMG3_2015-03-25_DISTRIBUTION_59;B00S_CSMG3_2015-05-12_DISTRIBUTION_58
VQ_ALL_EXCEPT_02558115000121,VQ,2014,2014-06-30,2015-06-30,HOLDING,ENBR3,03983431000103,EDP - ENERGIAS DO BRASIL S.A.,Energia,PASS,0.0018433179723502304,2.0,2.179810743712238,10.743062321850516,0.21486124643701027,ENBR3,B00S_ENBR3_2014-12-30_DISTRIBUTION_62;B00S_ENBR3_2015-04-13_DISTRIBUTION_61
VQ_ALL_EXCEPT_02558115000121,VQ,2014,2014-06-30,2015-06-30,HOLDING,EQTL3,03220438000173,EQUATORIAL S.A.,Energia,PASS,0.0007955449482895784,2.0,2.8265615660576433,43.60057843067124,0.8720115686134247,EQTL3,B00S_EQTL3_2014-12-22_DISTRIBUTION_64;B00S_EQTL3_2015-04-20_DISTRIBUTION_63
VQ_ALL_EXCEPT_02558115000121,VQ,2014,2014-06-30,2015-06-30,HOLDING,GETI4,02998609000127,AES TIETE SA,Energia,PASS,0.0010288065843621398,2.0,1.9141302227551118,-2.754565660269759,-0.05509131320539512,GETI4,B00S_GETI4_2014-08-07_DISTRIBUTION_83;B00S_GETI4_2015-05-11_DISTRIBUTION_84
VQ_ALL_EXCEPT_02558115000121,VQ,2014,2014-06-30,2015-06-30,HOLDING,ITUB4,60872504000123,ITAU UNIBANCO HOLDING S.A.,Bancos,PASS,0.0012511729746637473,4.0,4.382144521725229,11.315192218549196,0.45260768874196766,ITUB4,ITUB4_2014-07-01_DISTRIBUTION_295;ITUB4_2014-08-01_DISTRIBUTION_294;ITUB4_2014-08-14_DISTRIBUTION_293;ITUB4_2014-09-01_DISTRIBUTION_292;ITUB4_2014-10-01_DISTRIBUTION_291;ITUB4_2014-11-03_DISTRIBUTION_290;ITUB4_2014-12-01_DISTRIBUTION_289;ITUB4_2015-01-02_DISTRIBUTION_288;ITUB4_2015-02-02_DISTRIBUTION_287;ITUB4_2015-02-11_DISTRIBUTION_285;ITUB4_2015-02-11_DISTRIBUTION_286;ITUB4_2015-03-02_DISTRIBUTION_284;ITUB4_2015-04-01_DISTRIBUTION_283;ITUB4_2015-05-04_DISTRIBUTION_282;ITUB4_2015-06-01_DISTRIBUTION_281
VQ_ALL_EXCEPT_02558115000121,VQ,2014,2014-06-30,2015-06-30,HOLDING,LIGT3,03378521000175,LIGHT SA,Energia,PASS,0.000927643784786642,2.0,1.6251865425130838,-17.434054730983295,-0.3486810946196659,LIGT3,B00S_LIGT3_2015-04-13_DISTRIBUTION_86
VQ_ALL_EXCEPT_02558115000121,VQ,2014,2014-06-30,2015-06-30,HOLDING,PSSA3,02149205000169,PORTO SEGURO S.A.,Seguros,PASS,0.006277463904582549,20.0,26.77241813888248,36.01454066657732,7.202908133315466,PSSA3,B00S_PSSA3_2014-10-30_DISTRIBUTION_67;B00S_PSSA3_2014-12-23_DISTRIBUTION_66;B00S_PSSA3_2015-03-30_DISTRIBUTION_65
VQ_ALL_EXCEPT_02558115000121,VQ,2014,2014-06-30,2015-06-30,HOLDING,SBSP3,43776517000180,CIA SANEAMENTO BASICO EST SAO PAULO,Saneamento,PASS,0.004246284501061571,10.0,7.034581887439311,-28.52304791909088,-2.8523047919090883,SBSP3,B00S_SBSP3_2015-04-07_DISTRIBUTION_68
VQ_ALL_EXCEPT_02558115000121,VQ,2014,2014-06-30,2015-06-30,HOLDING,TBLE3,02474103000119,ENGIE BRASIL ENERGIA S.A.,Energia,PASS,0.0006060606060606061,2.0,2.1530783943487015,9.384952568462502,0.18769905136925003,TBLE3,TBLE3_2014-09-12_DISTRIBUTION_372;TBLE3_2014-11-11_DISTRIBUTION_371;TBLE3_2014-11-26_DISTRIBUTION_370;TBLE3_2015-05-11_DISTRIBUTION_369
VQ_ALL_EXCEPT_02558115000121,VQ,2014,2014-06-30,2015-06-30,HOLDING,TRPL4,02998611000104,CTEEP - CIA TRANSMISSÃO ENERGIA ELÉTRICA PAULISTA,Energia,PASS,0.0007233273056057867,2.0,2.9635548893297337,50.56038454253673,1.0112076908507346,TRPL4,B00S_TRPL2_2014-07-21_RIGHT_REINVEST_91;B00S_TRPL4_2014-07-17_RIGHT_90;B00S_TRPL4_2014-08-13_DISTRIBUTION_72;B00S_TRPL4_2014-11-25_DISTRIBUTION_71;B00S_TRPL4_2015-05-07_DISTRIBUTION_70;B00S_TRPL4_2015-05-27_DISTRIBUTION_69
VQ_ALL_EXCEPT_02558115000121,VQ,2014,2014-06-30,2015-06-30,HOLDING,VIVT4,02558157000162,TELEFÔNICA BRASIL S.A,Telecom,PASS,0.0044444444444444444,20.0,21.08957824701728,7.143452012423701,1.428690402484739,VIVT4,B00S_VIVT4_2014-08-01_DISTRIBUTION_82;B00S_VIVT4_2014-09-01_DISTRIBUTION_81;B00S_VIVT4_2014-10-01_DISTRIBUTION_80;B00S_VIVT4_2014-11-03_DISTRIBUTION_79;B00S_VIVT4_2014-12-01_DISTRIBUTION_78;B00S_VIVT4_2015-01-02_DISTRIBUTION_77;B00S_VIVT4_2015-02-11_DISTRIBUTION_76;B00S_VIVT4_2015-04-10_DISTRIBUTION_75;B00S_VIVT4_2015-05-26_DISTRIBUTION_73;B00S_VIVT4_2015-05-26_DISTRIBUTION_74
VQ_ALL_EXCEPT_02558115000121,VQ,2014,2014-06-30,2015-06-30,NUMERICAL_RESIDUAL,,,,,,,,,,1.3442E-14,,
VVAL_INCLUDE_02558157000162,VVAL,2014,2014-06-30,2015-06-30,HOLDING,BBDC4,60746948000112,BCO BRADESCO S.A.,Bancos,PASS,0.0062402496099844005,20.0,21.762068813276034,10.628532202254792,2.1257064404509585,BBDC4,BBDC4_2014-07-02_DISTRIBUTION_332;BBDC4_2014-08-04_DISTRIBUTION_331;BBDC4_2014-09-02_DISTRIBUTION_330;BBDC4_2014-10-02_DISTRIBUTION_329;BBDC4_2014-11-04_DISTRIBUTION_328;BBDC4_2014-12-02_DISTRIBUTION_327;BBDC4_2014-12-23_DISTRIBUTION_326;BBDC4_2015-01-05_DISTRIBUTION_325;BBDC4_2015-02-03_DISTRIBUTION_324;BBDC4_2015-02-10_DISTRIBUTION_323;BBDC4_2015-03-03_DISTRIBUTION_322;BBDC4_2015-03-27_SHARES_667;BBDC4_2015-04-02_DISTRIBUTION_321;BBDC4_2015-05-05_DISTRIBUTION_320;BBDC4_2015-06-02_DISTRIBUTION_319;BBDC4_2015-06-23_DISTRIBUTION_318
VVAL_INCLUDE_02558157000162,VVAL,2014,2014-06-30,2015-06-30,HOLDING,CPFE3,02429144000193,CPFL ENERGIA S.A.,Energia,PASS,0.0016396130513198887,3.3333333333333335,3.269446998902552,-0.2776457408304789,-0.009254858027682444,CPFE3,B00S_CPFE3_2014-09-05_DISTRIBUTION_54;B00S_CPFE3_2015-04-30_SHARES_87
VVAL_INCLUDE_02558157000162,VVAL,2014,2014-06-30,2015-06-30,HOLDING,CPLE6,76483817000120,CIA PARANAENSE DE ENERGIA - COPEL,Energia,PASS,0.0009838646202282564,3.3333333333333335,3.6271436360460663,10.63256347146524,0.3544187823821744,CPLE6,B00S_CPLE6_2014-11-07_DISTRIBUTION_56;B00S_CPLE6_2014-11-07_DISTRIBUTION_57;B00S_CPLE6_2015-04-24_DISTRIBUTION_55
VVAL_INCLUDE_02558157000162,VVAL,2014,2014-06-30,2015-06-30,HOLDING,CSMG3,17281106000103,CIA SANEAMENTO DE MINAS GERAIS-COPASA MG,Saneamento,PASS,0.0024691358024691358,10.0,3.3665716105314605,-65.77173990005318,-6.57717399000532,CSMG3,B00S_CSMG3_2014-09-23_DISTRIBUTION_60;B00S_CSMG3_2015-03-25_DISTRIBUTION_59;B00S_CSMG3_2015-05-12_DISTRIBUTION_58
VVAL_INCLUDE_02558157000162,VVAL,2014,2014-06-30,2015-06-30,HOLDING,ENBR3,03983431000103,EDP - ENERGIAS DO BRASIL S.A.,Energia,PASS,0.0030721966205837174,3.3333333333333335,3.6307663958320564,10.743062321850516,0.3581020773950172,ENBR3,B00S_ENBR3_2014-12-30_DISTRIBUTION_62;B00S_ENBR3_2015-04-13_DISTRIBUTION_61
VVAL_INCLUDE_02558157000162,VVAL,2014,2014-06-30,2015-06-30,HOLDING,GETI4,02998609000127,AES TIETE SA,Energia,PASS,0.0017146776406035665,3.3333333333333335,3.188239947010393,-2.7545656602697366,-0.0918188553423245,GETI4,B00S_GETI4_2014-08-07_DISTRIBUTION_83;B00S_GETI4_2015-05-11_DISTRIBUTION_84
VVAL_INCLUDE_02558157000162,VVAL,2014,2014-06-30,2015-06-30,HOLDING,LIGT3,03378521000175,LIGHT SA,Energia,PASS,0.0015460729746444033,3.3333333333333335,2.7069655943919657,-17.434054730983306,-0.5811351576994435,LIGT3,B00S_LIGT3_2015-04-13_DISTRIBUTION_86
VVAL_INCLUDE_02558157000162,VVAL,2014,2014-06-30,2015-06-30,HOLDING,PSSA3,02149205000169,PORTO SEGURO S.A.,Seguros,PASS,0.006277463904582549,20.0,26.7558263195673,36.01454066657732,7.202908133315466,PSSA3,B00S_PSSA3_2014-10-30_DISTRIBUTION_67;B00S_PSSA3_2014-12-23_DISTRIBUTION_66;B00S_PSSA3_2015-03-30_DISTRIBUTION_65
VVAL_INCLUDE_02558157000162,VVAL,2014,2014-06-30,2015-06-30,HOLDING,SBSP3,43776517000180,CIA SANEAMENTO BASICO EST SAO PAULO,Saneamento,PASS,0.004246284501061571,10.0,7.03022230695507,-28.52304791909088,-2.8523047919090883,SBSP3,B00S_SBSP3_2015-04-07_DISTRIBUTION_68
VVAL_INCLUDE_02558157000162,VVAL,2014,2014-06-30,2015-06-30,HOLDING,TBLE3,02474103000119,ENGIE BRASIL ENERGIA S.A.,Energia,PASS,0.00101010101010101,3.3333333333333335,3.586240091871614,9.384952568462502,0.3128317522820834,TBLE3,TBLE3_2014-09-12_DISTRIBUTION_372;TBLE3_2014-11-11_DISTRIBUTION_371;TBLE3_2014-11-26_DISTRIBUTION_370;TBLE3_2015-05-11_DISTRIBUTION_369
VVAL_INCLUDE_02558157000162,VVAL,2014,2014-06-30,2015-06-30,HOLDING,VIVT4,02558157000162,TELEFÔNICA BRASIL S.A,Telecom,PASS,0.0044444444444444444,20.0,21.07650828561549,7.143452012423701,1.428690402484739,VIVT4,B00S_VIVT4_2014-08-01_DISTRIBUTION_82;B00S_VIVT4_2014-09-01_DISTRIBUTION_81;B00S_VIVT4_2014-10-01_DISTRIBUTION_80;B00S_VIVT4_2014-11-03_DISTRIBUTION_79;B00S_VIVT4_2014-12-01_DISTRIBUTION_78;B00S_VIVT4_2015-01-02_DISTRIBUTION_77;B00S_VIVT4_2015-02-11_DISTRIBUTION_76;B00S_VIVT4_2015-04-10_DISTRIBUTION_75;B00S_VIVT4_2015-05-26_DISTRIBUTION_73;B00S_VIVT4_2015-05-26_DISTRIBUTION_74
VVAL_INCLUDE_02558157000162,VVAL,2014,2014-06-30,2015-06-30,NUMERICAL_RESIDUAL,,,,,,,,,,3.044E-15,,
VQ_ALL_EXCEPT_02558157000162,VQ,2014,2014-06-30,2015-06-30,HOLDING,ABCB4,28195667000106,BCO ABC BRASIL S.A.,Bancos,PASS,0.0029411764705882353,4.0,3.7886394373164345,-8.788187953393066,-0.3515275181357226,ABCB4,B00S_ABCB2_2014-07-02_RIGHT_REINVEST_89;B00S_ABCB2_2015-01-08_RIGHT_REINVEST_93;B00S_ABCB4_2014-07-01_DISTRIBUTION_39;B00S_ABCB4_2014-07-01_RIGHT_88;B00S_ABCB4_2015-01-02_DISTRIBUTION_38;B00S_ABCB4_2015-01-02_RIGHT_92
VQ_ALL_EXCEPT_02558157000162,VQ,2014,2014-06-30,2015-06-30,HOLDING,BBAS3,00000000000191,BCO BRASIL S.A.,Bancos,PASS,0.0016096579476861167,4.0,4.376685627028791,5.369073358535514,0.2147629343414205,BBAS3,B00S_BBAS3_2014-08-20_DISTRIBUTION_47;B00S_BBAS3_2014-09-12_DISTRIBUTION_46;B00S_BBAS3_2014-11-17_DISTRIBUTION_45;B00S_BBAS3_2014-12-12_DISTRIBUTION_44;B00S_BBAS3_2015-02-20_DISTRIBUTION_43;B00S_BBAS3_2015-03-24_DISTRIBUTION_42;B00S_BBAS3_2015-05-22_DISTRIBUTION_41;B00S_BBAS3_2015-06-12_DISTRIBUTION_40
VQ_ALL_EXCEPT_02558157000162,VQ,2014,2014-06-30,2015-06-30,HOLDING,BBDC4,60746948000112,BCO BRADESCO S.A.,Bancos,PASS,0.00124804992199688,4.0,4.595146292891626,10.628532202254792,0.4251412880901917,BBDC4,BBDC4_2014-07-02_DISTRIBUTION_332;BBDC4_2014-08-04_DISTRIBUTION_331;BBDC4_2014-09-02_DISTRIBUTION_330;BBDC4_2014-10-02_DISTRIBUTION_329;BBDC4_2014-11-04_DISTRIBUTION_328;BBDC4_2014-12-02_DISTRIBUTION_327;BBDC4_2014-12-23_DISTRIBUTION_326;BBDC4_2015-01-05_DISTRIBUTION_325;BBDC4_2015-02-03_DISTRIBUTION_324;BBDC4_2015-02-10_DISTRIBUTION_323;BBDC4_2015-03-03_DISTRIBUTION_322;BBDC4_2015-03-27_SHARES_667;BBDC4_2015-04-02_DISTRIBUTION_321;BBDC4_2015-05-05_DISTRIBUTION_320;BBDC4_2015-06-02_DISTRIBUTION_319;BBDC4_2015-06-23_DISTRIBUTION_318
VQ_ALL_EXCEPT_02558157000162,VQ,2014,2014-06-30,2015-06-30,HOLDING,BRSR6,92702067000196,BCO ESTADO DO RIO GRANDE DO SUL S.A.,Bancos,PASS,0.0037209302325581397,4.0,3.6578715804387842,-11.936435069700957,-0.4774574027880382,BRSR6,B00S_BRSR6_2014-09-04_DISTRIBUTION_52;B00S_BRSR6_2014-11-26_DISTRIBUTION_51;B00S_BRSR6_2015-03-05_DISTRIBUTION_50;B00S_BRSR6_2015-05-04_DISTRIBUTION_49;B00S_BRSR6_2015-06-03_DISTRIBUTION_48
VQ_ALL_EXCEPT_02558157000162,VQ,2014,2014-06-30,2015-06-30,HOLDING,CMIG4,17155730000164,CIA ENERGETICA DE MINAS GERAIS - CEMIG,Energia,PASS,0.0012391573729863693,2.0,1.698265294427341,-18.22824134972203,-0.3645648269944405,CMIG4,CMIG4_2014-11-10_DISTRIBUTION_637;CMIG4_2014-12-29_DISTRIBUTION_638;CMIG4_2015-05-04_DISTRIBUTION_639
VQ_ALL_EXCEPT_02558157000162,VQ,2014,2014-06-30,2015-06-30,HOLDING,COCE5,07047251000170,CIA ENERGETICA DO CEARA - COELCE,Energia,PASS,0.0005730659025787966,2.0,2.510659377988351,20.88866997611727,0.4177733995223455,COCE5,B00S_COCE5_2015-04-28_DISTRIBUTION_53
VQ_ALL_EXCEPT_02558157000162,VQ,2014,2014-06-30,2015-06-30,HOLDING,CPFE3,02429144000193,CPFL ENERGIA S.A.,Energia,PASS,0.0009837678307919333,2.0,2.071069720308142,-0.2776457408305011,-0.005552914816609952,CPFE3,B00S_CPFE3_2014-09-05_DISTRIBUTION_54;B00S_CPFE3_2015-04-30_SHARES_87
VQ_ALL_EXCEPT_02558157000162,VQ,2014,2014-06-30,2015-06-30,HOLDING,CPLE6,76483817000120,CIA PARANAENSE DE ENERGIA - COPEL,Energia,PASS,0.0005903187721369539,2.0,2.2976568692946993,10.63256347146526,0.21265126942930507,CPLE6,B00S_CPLE6_2014-11-07_DISTRIBUTION_56;B00S_CPLE6_2014-11-07_DISTRIBUTION_57;B00S_CPLE6_2015-04-24_DISTRIBUTION_55
VQ_ALL_EXCEPT_02558157000162,VQ,2014,2014-06-30,2015-06-30,HOLDING,CSMG3,17281106000103,CIA SANEAMENTO DE MINAS GERAIS-COPASA MG,Saneamento,PASS,0.0024691358024691358,10.0,3.554324083023386,-65.77173990005318,-6.57717399000532,CSMG3,B00S_CSMG3_2014-09-23_DISTRIBUTION_60;B00S_CSMG3_2015-03-25_DISTRIBUTION_59;B00S_CSMG3_2015-05-12_DISTRIBUTION_58
VQ_ALL_EXCEPT_02558157000162,VQ,2014,2014-06-30,2015-06-30,HOLDING,ENBR3,03983431000103,EDP - ENERGIAS DO BRASIL S.A.,Energia,PASS,0.0018433179723502304,2.0,2.299951749162527,10.743062321850516,0.21486124643701027,ENBR3,B00S_ENBR3_2014-12-30_DISTRIBUTION_62;B00S_ENBR3_2015-04-13_DISTRIBUTION_61
VQ_ALL_EXCEPT_02558157000162,VQ,2014,2014-06-30,2015-06-30,HOLDING,EQTL3,03220438000173,EQUATORIAL S.A.,Energia,PASS,0.0007955449482895784,2.0,2.982348461545181,43.60057843067124,0.8720115686134247,EQTL3,B00S_EQTL3_2014-12-22_DISTRIBUTION_64;B00S_EQTL3_2015-04-20_DISTRIBUTION_63
VQ_ALL_EXCEPT_02558157000162,VQ,2014,2014-06-30,2015-06-30,HOLDING,GETI4,02998609000127,AES TIETE SA,Energia,PASS,0.0010288065843621398,2.0,2.019628156549562,-2.754565660269759,-0.05509131320539512,GETI4,B00S_GETI4_2014-08-07_DISTRIBUTION_83;B00S_GETI4_2015-05-11_DISTRIBUTION_84
VQ_ALL_EXCEPT_02558157000162,VQ,2014,2014-06-30,2015-06-30,HOLDING,ITUB4,60872504000123,ITAU UNIBANCO HOLDING S.A.,Bancos,PASS,0.0012511729746637473,4.0,4.62366789726927,11.315192218549196,0.45260768874196766,ITUB4,ITUB4_2014-07-01_DISTRIBUTION_295;ITUB4_2014-08-01_DISTRIBUTION_294;ITUB4_2014-08-14_DISTRIBUTION_293;ITUB4_2014-09-01_DISTRIBUTION_292;ITUB4_2014-10-01_DISTRIBUTION_291;ITUB4_2014-11-03_DISTRIBUTION_290;ITUB4_2014-12-01_DISTRIBUTION_289;ITUB4_2015-01-02_DISTRIBUTION_288;ITUB4_2015-02-02_DISTRIBUTION_287;ITUB4_2015-02-11_DISTRIBUTION_285;ITUB4_2015-02-11_DISTRIBUTION_286;ITUB4_2015-03-02_DISTRIBUTION_284;ITUB4_2015-04-01_DISTRIBUTION_283;ITUB4_2015-05-04_DISTRIBUTION_282;ITUB4_2015-06-01_DISTRIBUTION_281
VQ_ALL_EXCEPT_02558157000162,VQ,2014,2014-06-30,2015-06-30,HOLDING,LIGT3,03378521000175,LIGHT SA,Energia,PASS,0.000927643784786642,2.0,1.7147592477697275,-17.434054730983295,-0.3486810946196659,LIGT3,B00S_LIGT3_2015-04-13_DISTRIBUTION_86
VQ_ALL_EXCEPT_02558157000162,VQ,2014,2014-06-30,2015-06-30,HOLDING,PSSA3,02149205000169,PORTO SEGURO S.A.,Seguros,PASS,0.006277463904582549,20.0,28.247989007967764,36.01454066657732,7.202908133315466,PSSA3,B00S_PSSA3_2014-10-30_DISTRIBUTION_67;B00S_PSSA3_2014-12-23_DISTRIBUTION_66;B00S_PSSA3_2015-03-30_DISTRIBUTION_65
VQ_ALL_EXCEPT_02558157000162,VQ,2014,2014-06-30,2015-06-30,HOLDING,SBSP3,43776517000180,CIA SANEAMENTO BASICO EST SAO PAULO,Saneamento,PASS,0.004246284501061571,10.0,7.422295244352155,-28.52304791909088,-2.8523047919090883,SBSP3,B00S_SBSP3_2015-04-07_DISTRIBUTION_68
VQ_ALL_EXCEPT_02558157000162,VQ,2014,2014-06-30,2015-06-30,HOLDING,TBLE3,02474103000119,ENGIE BRASIL ENERGIA S.A.,Energia,PASS,0.0006060606060606061,2.0,2.2717460373339935,9.384952568462502,0.18769905136925003,TBLE3,TBLE3_2014-09-12_DISTRIBUTION_372;TBLE3_2014-11-11_DISTRIBUTION_371;TBLE3_2014-11-26_DISTRIBUTION_370;TBLE3_2015-05-11_DISTRIBUTION_369
VQ_ALL_EXCEPT_02558157000162,VQ,2014,2014-06-30,2015-06-30,HOLDING,TIMP3,02558115000121,TIM PARTICIPACOES S.A.,Telecom,PASS,0.015479876160990714,20.0,16.74040369722836,-19.39467553568701,-3.878935107137402,TIMP3,B00S_TIMP3_2015-05-13_DISTRIBUTION_85
VQ_ALL_EXCEPT_02558157000162,VQ,2014,2014-06-30,2015-06-30,HOLDING,TRPL4,02998611000104,CTEEP - CIA TRANSMISSÃO ENERGIA ELÉTRICA PAULISTA,Energia,PASS,0.0007233273056057867,2.0,3.126892218103904,50.56038454253673,1.0112076908507346,TRPL4,B00S_TRPL2_2014-07-21_RIGHT_REINVEST_91;B00S_TRPL4_2014-07-17_RIGHT_90;B00S_TRPL4_2014-08-13_DISTRIBUTION_72;B00S_TRPL4_2014-11-25_DISTRIBUTION_71;B00S_TRPL4_2015-05-07_DISTRIBUTION_70;B00S_TRPL4_2015-05-27_DISTRIBUTION_69
VQ_ALL_EXCEPT_02558157000162,VQ,2014,2014-06-30,2015-06-30,NUMERICAL_RESIDUAL,,,,,,,,,,5.242E-15,,
VVAL_INCLUDE_02998609000127,VVAL,2014,2014-06-30,2015-06-30,HOLDING,BBDC4,60746948000112,BCO BRADESCO S.A.,Bancos,PASS,0.0078003120124804995,25.0,27.573626483773154,10.628532202254814,2.6571330505637034,BBDC4,BBDC4_2014-07-02_DISTRIBUTION_332;BBDC4_2014-08-04_DISTRIBUTION_331;BBDC4_2014-09-02_DISTRIBUTION_330;BBDC4_2014-10-02_DISTRIBUTION_329;BBDC4_2014-11-04_DISTRIBUTION_328;BBDC4_2014-12-02_DISTRIBUTION_327;BBDC4_2014-12-23_DISTRIBUTION_326;BBDC4_2015-01-05_DISTRIBUTION_325;BBDC4_2015-02-03_DISTRIBUTION_324;BBDC4_2015-02-10_DISTRIBUTION_323;BBDC4_2015-03-03_DISTRIBUTION_322;BBDC4_2015-03-27_SHARES_667;BBDC4_2015-04-02_DISTRIBUTION_321;BBDC4_2015-05-05_DISTRIBUTION_320;BBDC4_2015-06-02_DISTRIBUTION_319;BBDC4_2015-06-23_DISTRIBUTION_318
VVAL_INCLUDE_02998609000127,VVAL,2014,2014-06-30,2015-06-30,HOLDING,CPFE3,02429144000193,CPFL ENERGIA S.A.,Energia,PASS,0.0020495163141498606,4.166666666666666,4.142552398383897,-0.27764574083049,-0.01156857253460375,CPFE3,B00S_CPFE3_2014-09-05_DISTRIBUTION_54;B00S_CPFE3_2015-04-30_SHARES_87
VVAL_INCLUDE_02998609000127,VVAL,2014,2014-06-30,2015-06-30,HOLDING,CPLE6,76483817000120,CIA PARANAENSE DE ENERGIA - COPEL,Energia,PASS,0.0012298307752853207,4.166666666666666,4.595771876353754,10.632563471465284,0.4430234779777199,CPLE6,B00S_CPLE6_2014-11-07_DISTRIBUTION_56;B00S_CPLE6_2014-11-07_DISTRIBUTION_57;B00S_CPLE6_2015-04-24_DISTRIBUTION_55
VVAL_INCLUDE_02998609000127,VVAL,2014,2014-06-30,2015-06-30,HOLDING,CSMG3,17281106000103,CIA SANEAMENTO DE MINAS GERAIS-COPASA MG,Saneamento,PASS,0.0030864197530864196,12.5,4.26561412502467,-65.77173990005318,-8.221467487506647,CSMG3,B00S_CSMG3_2014-09-23_DISTRIBUTION_60;B00S_CSMG3_2015-03-25_DISTRIBUTION_59;B00S_CSMG3_2015-05-12_DISTRIBUTION_58
VVAL_INCLUDE_02998609000127,VVAL,2014,2014-06-30,2015-06-30,HOLDING,ENBR3,03983431000103,EDP - ENERGIAS DO BRASIL S.A.,Energia,PASS,0.0038402457757296467,4.166666666666666,4.600362093673456,10.743062321850516,0.4476275967437715,ENBR3,B00S_ENBR3_2014-12-30_DISTRIBUTION_62;B00S_ENBR3_2015-04-13_DISTRIBUTION_61
VVAL_INCLUDE_02998609000127,VVAL,2014,2014-06-30,2015-06-30,HOLDING,GETI4,02998609000127,AES TIETE SA,Energia,PASS,0.002143347050754458,4.166666666666666,4.039659013755099,-2.7545656602697477,-0.11477356917790615,GETI4,B00S_GETI4_2014-08-07_DISTRIBUTION_83;B00S_GETI4_2015-05-11_DISTRIBUTION_84
VVAL_INCLUDE_02998609000127,VVAL,2014,2014-06-30,2015-06-30,HOLDING,LIGT3,03378521000175,LIGHT SA,Energia,PASS,0.001932591218305504,4.166666666666666,3.4298604073273626,-17.434054730983306,-0.7264189471243042,LIGT3,B00S_LIGT3_2015-04-13_DISTRIBUTION_86
VVAL_INCLUDE_02998609000127,VVAL,2014,2014-06-30,2015-06-30,HOLDING,PSSA3,02149205000169,PORTO SEGURO S.A.,Seguros,PASS,0.007846829880728186,25.0,33.90096628820441,36.0145406665773,9.003635166644324,PSSA3,B00S_PSSA3_2014-10-30_DISTRIBUTION_67;B00S_PSSA3_2014-12-23_DISTRIBUTION_66;B00S_PSSA3_2015-03-30_DISTRIBUTION_65
VVAL_INCLUDE_02998609000127,VVAL,2014,2014-06-30,2015-06-30,HOLDING,SBSP3,43776517000180,CIA SANEAMENTO BASICO EST SAO PAULO,Saneamento,PASS,0.005307855626326964,12.5,8.90764226752242,-28.52304791909088,-3.56538098988636,SBSP3,B00S_SBSP3_2015-04-07_DISTRIBUTION_68
VVAL_INCLUDE_02998609000127,VVAL,2014,2014-06-30,2015-06-30,HOLDING,TBLE3,02474103000119,ENGIE BRASIL ENERGIA S.A.,Energia,PASS,0.0012626262626262625,4.166666666666666,4.543945045981777,9.384952568462502,0.3910396903526042,TBLE3,TBLE3_2014-09-12_DISTRIBUTION_372;TBLE3_2014-11-11_DISTRIBUTION_371;TBLE3_2014-11-26_DISTRIBUTION_370;TBLE3_2015-05-11_DISTRIBUTION_369
VVAL_INCLUDE_02998609000127,VVAL,2014,2014-06-30,2015-06-30,NUMERICAL_RESIDUAL,,,,,,,,,,-4.25E-15,,
VQ_ALL_EXCEPT_02998609000127,VQ,2014,2014-06-30,2015-06-30,HOLDING,ABCB4,28195667000106,BCO ABC BRASIL S.A.,Bancos,PASS,0.0029411764705882353,4.0,3.6759170426884578,-8.788187953393066,-0.3515275181357226,ABCB4,B00S_ABCB2_2014-07-02_RIGHT_REINVEST_89;B00S_ABCB2_2015-01-08_RIGHT_REINVEST_93;B00S_ABCB4_2014-07-01_DISTRIBUTION_39;B00S_ABCB4_2014-07-01_RIGHT_88;B00S_ABCB4_2015-01-02_DISTRIBUTION_38;B00S_ABCB4_2015-01-02_RIGHT_92
VQ_ALL_EXCEPT_02998609000127,VQ,2014,2014-06-30,2015-06-30,HOLDING,BBAS3,00000000000191,BCO BRASIL S.A.,Bancos,PASS,0.0016096579476861167,4.0,4.246467248485494,5.369073358535514,0.2147629343414205,BBAS3,B00S_BBAS3_2014-08-20_DISTRIBUTION_47;B00S_BBAS3_2014-09-12_DISTRIBUTION_46;B00S_BBAS3_2014-11-17_DISTRIBUTION_45;B00S_BBAS3_2014-12-12_DISTRIBUTION_44;B00S_BBAS3_2015-02-20_DISTRIBUTION_43;B00S_BBAS3_2015-03-24_DISTRIBUTION_42;B00S_BBAS3_2015-05-22_DISTRIBUTION_41;B00S_BBAS3_2015-06-12_DISTRIBUTION_40
VQ_ALL_EXCEPT_02998609000127,VQ,2014,2014-06-30,2015-06-30,HOLDING,BBDC4,60746948000112,BCO BRADESCO S.A.,Bancos,PASS,0.00124804992199688,4.0,4.458428111504721,10.628532202254792,0.4251412880901917,BBDC4,BBDC4_2014-07-02_DISTRIBUTION_332;BBDC4_2014-08-04_DISTRIBUTION_331;BBDC4_2014-09-02_DISTRIBUTION_330;BBDC4_2014-10-02_DISTRIBUTION_329;BBDC4_2014-11-04_DISTRIBUTION_328;BBDC4_2014-12-02_DISTRIBUTION_327;BBDC4_2014-12-23_DISTRIBUTION_326;BBDC4_2015-01-05_DISTRIBUTION_325;BBDC4_2015-02-03_DISTRIBUTION_324;BBDC4_2015-02-10_DISTRIBUTION_323;BBDC4_2015-03-03_DISTRIBUTION_322;BBDC4_2015-03-27_SHARES_667;BBDC4_2015-04-02_DISTRIBUTION_321;BBDC4_2015-05-05_DISTRIBUTION_320;BBDC4_2015-06-02_DISTRIBUTION_319;BBDC4_2015-06-23_DISTRIBUTION_318
VQ_ALL_EXCEPT_02998609000127,VQ,2014,2014-06-30,2015-06-30,HOLDING,BRSR6,92702067000196,BCO ESTADO DO RIO GRANDE DO SUL S.A.,Bancos,PASS,0.0037209302325581397,4.0,3.549039887528799,-11.936435069700957,-0.4774574027880382,BRSR6,B00S_BRSR6_2014-09-04_DISTRIBUTION_52;B00S_BRSR6_2014-11-26_DISTRIBUTION_51;B00S_BRSR6_2015-03-05_DISTRIBUTION_50;B00S_BRSR6_2015-05-04_DISTRIBUTION_49;B00S_BRSR6_2015-06-03_DISTRIBUTION_48
VQ_ALL_EXCEPT_02998609000127,VQ,2014,2014-06-30,2015-06-30,HOLDING,CMIG4,17155730000164,CIA ENERGETICA DE MINAS GERAIS - CEMIG,Energia,PASS,0.0013768415255404104,2.2222222222222223,1.8308191699239096,-18.22824134972201,-0.4050720299938224,CMIG4,CMIG4_2014-11-10_DISTRIBUTION_637;CMIG4_2014-12-29_DISTRIBUTION_638;CMIG4_2015-05-04_DISTRIBUTION_639
VQ_ALL_EXCEPT_02998609000127,VQ,2014,2014-06-30,2015-06-30,HOLDING,COCE5,07047251000170,CIA ENERGETICA DO CEARA - COELCE,Energia,PASS,0.0006367398917542184,2.2222222222222223,2.7066226539830938,20.88866997611727,0.4641926661359392,COCE5,B00S_COCE5_2015-04-28_DISTRIBUTION_53
VQ_ALL_EXCEPT_02998609000127,VQ,2014,2014-06-30,2015-06-30,HOLDING,CPFE3,02429144000193,CPFL ENERGIA S.A.,Energia,PASS,0.0010930753675465925,2.2222222222222223,2.2327219184371803,-0.2776457408304678,-0.006169905351788296,CPFE3,B00S_CPFE3_2014-09-05_DISTRIBUTION_54;B00S_CPFE3_2015-04-30_SHARES_87
VQ_ALL_EXCEPT_02998609000127,VQ,2014,2014-06-30,2015-06-30,HOLDING,CPLE6,76483817000120,CIA PARANAENSE DE ENERGIA - COPEL,Energia,PASS,0.0006559097468188377,2.2222222222222223,2.476994764019224,10.63256347146524,0.23627918825478328,CPLE6,B00S_CPLE6_2014-11-07_DISTRIBUTION_56;B00S_CPLE6_2014-11-07_DISTRIBUTION_57;B00S_CPLE6_2015-04-24_DISTRIBUTION_55
VQ_ALL_EXCEPT_02998609000127,VQ,2014,2014-06-30,2015-06-30,HOLDING,CSMG3,17281106000103,CIA SANEAMENTO DE MINAS GERAIS-COPASA MG,Saneamento,PASS,0.0024691358024691358,10.0,3.448573211621891,-65.77173990005318,-6.57717399000532,CSMG3,B00S_CSMG3_2014-09-23_DISTRIBUTION_60;B00S_CSMG3_2015-03-25_DISTRIBUTION_59;B00S_CSMG3_2015-05-12_DISTRIBUTION_58
VQ_ALL_EXCEPT_02998609000127,VQ,2014,2014-06-30,2015-06-30,HOLDING,ENBR3,03983431000103,EDP - ENERGIAS DO BRASIL S.A.,Energia,PASS,0.002048131080389145,2.2222222222222223,2.4794687650298304,10.743062321850495,0.23873471826334447,ENBR3,B00S_ENBR3_2014-12-30_DISTRIBUTION_62;B00S_ENBR3_2015-04-13_DISTRIBUTION_61
VQ_ALL_EXCEPT_02998609000127,VQ,2014,2014-06-30,2015-06-30,HOLDING,EQTL3,03220438000173,EQUATORIAL S.A.,Energia,PASS,0.0008839388314328649,2.2222222222222223,3.2151282562899963,43.6005784306712,0.9689017429038046,EQTL3,B00S_EQTL3_2014-12-22_DISTRIBUTION_64;B00S_EQTL3_2015-04-20_DISTRIBUTION_63
VQ_ALL_EXCEPT_02998609000127,VQ,2014,2014-06-30,2015-06-30,HOLDING,ITUB4,60872504000123,ITAU UNIBANCO HOLDING S.A.,Bancos,PASS,0.0012511729746637473,4.0,4.486101120074483,11.315192218549196,0.45260768874196766,ITUB4,ITUB4_2014-07-01_DISTRIBUTION_295;ITUB4_2014-08-01_DISTRIBUTION_294;ITUB4_2014-08-14_DISTRIBUTION_293;ITUB4_2014-09-01_DISTRIBUTION_292;ITUB4_2014-10-01_DISTRIBUTION_291;ITUB4_2014-11-03_DISTRIBUTION_290;ITUB4_2014-12-01_DISTRIBUTION_289;ITUB4_2015-01-02_DISTRIBUTION_288;ITUB4_2015-02-02_DISTRIBUTION_287;ITUB4_2015-02-11_DISTRIBUTION_285;ITUB4_2015-02-11_DISTRIBUTION_286;ITUB4_2015-03-02_DISTRIBUTION_284;ITUB4_2015-04-01_DISTRIBUTION_283;ITUB4_2015-05-04_DISTRIBUTION_282;ITUB4_2015-06-01_DISTRIBUTION_281
VQ_ALL_EXCEPT_02998609000127,VQ,2014,2014-06-30,2015-06-30,HOLDING,LIGT3,03378521000175,LIGHT SA,Energia,PASS,0.0010307153164296023,2.2222222222222223,1.8486005177887934,-17.434054730983284,-0.3874234384662951,LIGT3,B00S_LIGT3_2015-04-13_DISTRIBUTION_86
VQ_ALL_EXCEPT_02998609000127,VQ,2014,2014-06-30,2015-06-30,HOLDING,PSSA3,02149205000169,PORTO SEGURO S.A.,Seguros,PASS,0.006277463904582549,20.0,27.40753400635423,36.01454066657732,7.202908133315466,PSSA3,B00S_PSSA3_2014-10-30_DISTRIBUTION_67;B00S_PSSA3_2014-12-23_DISTRIBUTION_66;B00S_PSSA3_2015-03-30_DISTRIBUTION_65
VQ_ALL_EXCEPT_02998609000127,VQ,2014,2014-06-30,2015-06-30,HOLDING,SBSP3,43776517000180,CIA SANEAMENTO BASICO EST SAO PAULO,Saneamento,PASS,0.004246284501061571,10.0,7.201461642363405,-28.52304791909088,-2.8523047919090883,SBSP3,B00S_SBSP3_2015-04-07_DISTRIBUTION_68
VQ_ALL_EXCEPT_02998609000127,VQ,2014,2014-06-30,2015-06-30,HOLDING,TBLE3,02474103000119,ENGIE BRASIL ENERGIA S.A.,Energia,PASS,0.0006734006734006734,2.2222222222222223,2.449061526486784,9.384952568462479,0.20855450152138832,TBLE3,TBLE3_2014-09-12_DISTRIBUTION_372;TBLE3_2014-11-11_DISTRIBUTION_371;TBLE3_2014-11-26_DISTRIBUTION_370;TBLE3_2015-05-11_DISTRIBUTION_369
VQ_ALL_EXCEPT_02998609000127,VQ,2014,2014-06-30,2015-06-30,HOLDING,TIMP3,02558115000121,TIM PARTICIPACOES S.A.,Telecom,PASS,0.007739938080495357,10.0,8.121165430262474,-19.39467553568701,-1.939467553568701,TIMP3,B00S_TIMP3_2015-05-13_DISTRIBUTION_85
VQ_ALL_EXCEPT_02998609000127,VQ,2014,2014-06-30,2015-06-30,HOLDING,TRPL4,02998611000104,CTEEP - CIA TRANSMISSÃO ENERGIA ELÉTRICA PAULISTA,Energia,PASS,0.0008036970062286518,2.2222222222222223,3.370954016416456,50.56038454253668,1.12356410094526,TRPL4,B00S_TRPL2_2014-07-21_RIGHT_REINVEST_91;B00S_TRPL4_2014-07-17_RIGHT_90;B00S_TRPL4_2014-08-13_DISTRIBUTION_72;B00S_TRPL4_2014-11-25_DISTRIBUTION_71;B00S_TRPL4_2015-05-07_DISTRIBUTION_70;B00S_TRPL4_2015-05-27_DISTRIBUTION_69
VQ_ALL_EXCEPT_02998609000127,VQ,2014,2014-06-30,2015-06-30,HOLDING,VIVT4,02558157000162,TELEFÔNICA BRASIL S.A,Telecom,PASS,0.0022222222222222222,10.0,10.794940710740775,7.143452012423701,0.7143452012423696,VIVT4,B00S_VIVT4_2014-08-01_DISTRIBUTION_82;B00S_VIVT4_2014-09-01_DISTRIBUTION_81;B00S_VIVT4_2014-10-01_DISTRIBUTION_80;B00S_VIVT4_2014-11-03_DISTRIBUTION_79;B00S_VIVT4_2014-12-01_DISTRIBUTION_78;B00S_VIVT4_2015-01-02_DISTRIBUTION_77;B00S_VIVT4_2015-02-11_DISTRIBUTION_76;B00S_VIVT4_2015-04-10_DISTRIBUTION_75;B00S_VIVT4_2015-05-26_DISTRIBUTION_73;B00S_VIVT4_2015-05-26_DISTRIBUTION_74
VQ_ALL_EXCEPT_02998609000127,VQ,2014,2014-06-30,2015-06-30,NUMERICAL_RESIDUAL,,,,,,,,,,1.0366E-14,,
VVAL_INCLUDE_02998611000104,VVAL,2014,2014-06-30,2015-06-30,HOLDING,BBDC4,60746948000112,BCO BRADESCO S.A.,Bancos,PASS,0.0078003120124804995,25.0,27.10226784202978,10.628532202254814,2.6571330505637034,BBDC4,BBDC4_2014-07-02_DISTRIBUTION_332;BBDC4_2014-08-04_DISTRIBUTION_331;BBDC4_2014-09-02_DISTRIBUTION_330;BBDC4_2014-10-02_DISTRIBUTION_329;BBDC4_2014-11-04_DISTRIBUTION_328;BBDC4_2014-12-02_DISTRIBUTION_327;BBDC4_2014-12-23_DISTRIBUTION_326;BBDC4_2015-01-05_DISTRIBUTION_325;BBDC4_2015-02-03_DISTRIBUTION_324;BBDC4_2015-02-10_DISTRIBUTION_323;BBDC4_2015-03-03_DISTRIBUTION_322;BBDC4_2015-03-27_SHARES_667;BBDC4_2015-04-02_DISTRIBUTION_321;BBDC4_2015-05-05_DISTRIBUTION_320;BBDC4_2015-06-02_DISTRIBUTION_319;BBDC4_2015-06-23_DISTRIBUTION_318
VVAL_INCLUDE_02998611000104,VVAL,2014,2014-06-30,2015-06-30,HOLDING,CPFE3,02429144000193,CPFL ENERGIA S.A.,Energia,PASS,0.0017567282692713092,3.571428571428571,3.4900605801721856,-0.27764574083049,-0.009915919315374444,CPFE3,B00S_CPFE3_2014-09-05_DISTRIBUTION_54;B00S_CPFE3_2015-04-30_SHARES_87
VVAL_INCLUDE_02998611000104,VVAL,2014,2014-06-30,2015-06-30,HOLDING,CPLE6,76483817000120,CIA PARANAENSE DE ENERGIA - COPEL,Energia,PASS,0.0010541406645302748,3.571428571428571,3.871893634316749,10.63256347146526,0.3797344096951878,CPLE6,B00S_CPLE6_2014-11-07_DISTRIBUTION_56;B00S_CPLE6_2014-11-07_DISTRIBUTION_57;B00S_CPLE6_2015-04-24_DISTRIBUTION_55
VVAL_INCLUDE_02998611000104,VVAL,2014,2014-06-30,2015-06-30,HOLDING,CSMG3,17281106000103,CIA SANEAMENTO DE MINAS GERAIS-COPASA MG,Saneamento,PASS,0.0030864197530864196,12.5,4.192695385759226,-65.77173990005318,-8.221467487506647,CSMG3,B00S_CSMG3_2014-09-23_DISTRIBUTION_60;B00S_CSMG3_2015-03-25_DISTRIBUTION_59;B00S_CSMG3_2015-05-12_DISTRIBUTION_58
VVAL_INCLUDE_02998611000104,VVAL,2014,2014-06-30,2015-06-30,HOLDING,ENBR3,03983431000103,EDP - ENERGIAS DO BRASIL S.A.,Energia,PASS,0.0032916392363396972,3.571428571428571,3.875760848290475,10.743062321850516,0.3836807972089469,ENBR3,B00S_ENBR3_2014-12-30_DISTRIBUTION_62;B00S_ENBR3_2015-04-13_DISTRIBUTION_61
VVAL_INCLUDE_02998611000104,VVAL,2014,2014-06-30,2015-06-30,HOLDING,GETI4,02998609000127,AES TIETE SA,Energia,PASS,0.0018371546149323925,3.571428571428571,3.403373892565396,-2.7545656602697366,-0.09837734500963355,GETI4,B00S_GETI4_2014-08-07_DISTRIBUTION_83;B00S_GETI4_2015-05-11_DISTRIBUTION_84
VVAL_INCLUDE_02998611000104,VVAL,2014,2014-06-30,2015-06-30,HOLDING,LIGT3,03378521000175,LIGHT SA,Energia,PASS,0.0016565067585475749,3.571428571428571,2.889624427629805,-17.434054730983295,-0.6226448118208321,LIGT3,B00S_LIGT3_2015-04-13_DISTRIBUTION_86
VVAL_INCLUDE_02998611000104,VVAL,2014,2014-06-30,2015-06-30,HOLDING,PSSA3,02149205000169,PORTO SEGURO S.A.,Seguros,PASS,0.007846829880728186,25.0,33.32144464157589,36.0145406665773,9.003635166644324,PSSA3,B00S_PSSA3_2014-10-30_DISTRIBUTION_67;B00S_PSSA3_2014-12-23_DISTRIBUTION_66;B00S_PSSA3_2015-03-30_DISTRIBUTION_65
VVAL_INCLUDE_02998611000104,VVAL,2014,2014-06-30,2015-06-30,HOLDING,SBSP3,43776517000180,CIA SANEAMENTO BASICO EST SAO PAULO,Saneamento,PASS,0.005307855626326964,12.5,8.75537016204416,-28.52304791909088,-3.56538098988636,SBSP3,B00S_SBSP3_2015-04-07_DISTRIBUTION_68
VVAL_INCLUDE_02998611000104,VVAL,2014,2014-06-30,2015-06-30,HOLDING,TBLE3,02474103000119,ENGIE BRASIL ENERGIA S.A.,Energia,PASS,0.0010822510822510823,3.571428571428571,3.8282300278534813,9.384952568462523,0.3351768774450897,TBLE3,TBLE3_2014-09-12_DISTRIBUTION_372;TBLE3_2014-11-11_DISTRIBUTION_371;TBLE3_2014-11-26_DISTRIBUTION_370;TBLE3_2015-05-11_DISTRIBUTION_369
VVAL_INCLUDE_02998611000104,VVAL,2014,2014-06-30,2015-06-30,HOLDING,TRPL4,02998611000104,CTEEP - CIA TRANSMISSÃO ENERGIA ELÉTRICA PAULISTA,Energia,PASS,0.0012916559028674762,3.571428571428571,5.269278557762853,50.56038454253671,1.8057280193763112,TRPL4,B00S_TRPL2_2014-07-21_RIGHT_REINVEST_91;B00S_TRPL4_2014-07-17_RIGHT_90;B00S_TRPL4_2014-08-13_DISTRIBUTION_72;B00S_TRPL4_2014-11-25_DISTRIBUTION_71;B00S_TRPL4_2015-05-07_DISTRIBUTION_70;B00S_TRPL4_2015-05-27_DISTRIBUTION_69
VVAL_INCLUDE_02998611000104,VVAL,2014,2014-06-30,2015-06-30,NUMERICAL_RESIDUAL,,,,,,,,,,9.4E-17,,
VQ_ALL_EXCEPT_02998611000104,VQ,2014,2014-06-30,2015-06-30,HOLDING,ABCB4,28195667000106,BCO ABC BRASIL S.A.,Bancos,PASS,0.0029411764705882353,4.0,3.7203261595687374,-8.788187953393066,-0.3515275181357226,ABCB4,B00S_ABCB2_2014-07-02_RIGHT_REINVEST_89;B00S_ABCB2_2015-01-08_RIGHT_REINVEST_93;B00S_ABCB4_2014-07-01_DISTRIBUTION_39;B00S_ABCB4_2014-07-01_RIGHT_88;B00S_ABCB4_2015-01-02_DISTRIBUTION_38;B00S_ABCB4_2015-01-02_RIGHT_92
VQ_ALL_EXCEPT_02998611000104,VQ,2014,2014-06-30,2015-06-30,HOLDING,BBAS3,00000000000191,BCO BRASIL S.A.,Bancos,PASS,0.0016096579476861167,4.0,4.297769238757927,5.369073358535514,0.2147629343414205,BBAS3,B00S_BBAS3_2014-08-20_DISTRIBUTION_47;B00S_BBAS3_2014-09-12_DISTRIBUTION_46;B00S_BBAS3_2014-11-17_DISTRIBUTION_45;B00S_BBAS3_2014-12-12_DISTRIBUTION_44;B00S_BBAS3_2015-02-20_DISTRIBUTION_43;B00S_BBAS3_2015-03-24_DISTRIBUTION_42;B00S_BBAS3_2015-05-22_DISTRIBUTION_41;B00S_BBAS3_2015-06-12_DISTRIBUTION_40
VQ_ALL_EXCEPT_02998611000104,VQ,2014,2014-06-30,2015-06-30,HOLDING,BBDC4,60746948000112,BCO BRADESCO S.A.,Bancos,PASS,0.00124804992199688,4.0,4.512290821899656,10.628532202254792,0.4251412880901917,BBDC4,BBDC4_2014-07-02_DISTRIBUTION_332;BBDC4_2014-08-04_DISTRIBUTION_331;BBDC4_2014-09-02_DISTRIBUTION_330;BBDC4_2014-10-02_DISTRIBUTION_329;BBDC4_2014-11-04_DISTRIBUTION_328;BBDC4_2014-12-02_DISTRIBUTION_327;BBDC4_2014-12-23_DISTRIBUTION_326;BBDC4_2015-01-05_DISTRIBUTION_325;BBDC4_2015-02-03_DISTRIBUTION_324;BBDC4_2015-02-10_DISTRIBUTION_323;BBDC4_2015-03-03_DISTRIBUTION_322;BBDC4_2015-03-27_SHARES_667;BBDC4_2015-04-02_DISTRIBUTION_321;BBDC4_2015-05-05_DISTRIBUTION_320;BBDC4_2015-06-02_DISTRIBUTION_319;BBDC4_2015-06-23_DISTRIBUTION_318
VQ_ALL_EXCEPT_02998611000104,VQ,2014,2014-06-30,2015-06-30,HOLDING,BRSR6,92702067000196,BCO ESTADO DO RIO GRANDE DO SUL S.A.,Bancos,PASS,0.0037209302325581397,4.0,3.5919161889653433,-11.936435069700957,-0.4774574027880382,BRSR6,B00S_BRSR6_2014-09-04_DISTRIBUTION_52;B00S_BRSR6_2014-11-26_DISTRIBUTION_51;B00S_BRSR6_2015-03-05_DISTRIBUTION_50;B00S_BRSR6_2015-05-04_DISTRIBUTION_49;B00S_BRSR6_2015-06-03_DISTRIBUTION_48
VQ_ALL_EXCEPT_02998611000104,VQ,2014,2014-06-30,2015-06-30,HOLDING,CMIG4,17155730000164,CIA ENERGETICA DE MINAS GERAIS - CEMIG,Energia,PASS,0.0013768415255404104,2.2222222222222223,1.8529374771543532,-18.22824134972201,-0.4050720299938224,CMIG4,CMIG4_2014-11-10_DISTRIBUTION_637;CMIG4_2014-12-29_DISTRIBUTION_638;CMIG4_2015-05-04_DISTRIBUTION_639
VQ_ALL_EXCEPT_02998611000104,VQ,2014,2014-06-30,2015-06-30,HOLDING,COCE5,07047251000170,CIA ENERGETICA DO CEARA - COELCE,Energia,PASS,0.0006367398917542184,2.2222222222222223,2.739321629611673,20.88866997611727,0.4641926661359392,COCE5,B00S_COCE5_2015-04-28_DISTRIBUTION_53
VQ_ALL_EXCEPT_02998611000104,VQ,2014,2014-06-30,2015-06-30,HOLDING,CPFE3,02429144000193,CPFL ENERGIA S.A.,Energia,PASS,0.0010930753675465925,2.2222222222222223,2.259695652470232,-0.2776457408304678,-0.006169905351788296,CPFE3,B00S_CPFE3_2014-09-05_DISTRIBUTION_54;B00S_CPFE3_2015-04-30_SHARES_87
VQ_ALL_EXCEPT_02998611000104,VQ,2014,2014-06-30,2015-06-30,HOLDING,CPLE6,76483817000120,CIA PARANAENSE DE ENERGIA - COPEL,Energia,PASS,0.0006559097468188377,2.2222222222222223,2.506919582427726,10.63256347146524,0.23627918825478328,CPLE6,B00S_CPLE6_2014-11-07_DISTRIBUTION_56;B00S_CPLE6_2014-11-07_DISTRIBUTION_57;B00S_CPLE6_2015-04-24_DISTRIBUTION_55
VQ_ALL_EXCEPT_02998611000104,VQ,2014,2014-06-30,2015-06-30,HOLDING,CSMG3,17281106000103,CIA SANEAMENTO DE MINAS GERAIS-COPASA MG,Saneamento,PASS,0.0024691358024691358,10.0,3.490235765223239,-65.77173990005318,-6.57717399000532,CSMG3,B00S_CSMG3_2014-09-23_DISTRIBUTION_60;B00S_CSMG3_2015-03-25_DISTRIBUTION_59;B00S_CSMG3_2015-05-12_DISTRIBUTION_58
VQ_ALL_EXCEPT_02998611000104,VQ,2014,2014-06-30,2015-06-30,HOLDING,ENBR3,03983431000103,EDP - ENERGIAS DO BRASIL S.A.,Energia,PASS,0.002048131080389145,2.2222222222222223,2.50942347208891,10.743062321850495,0.23873471826334447,ENBR3,B00S_ENBR3_2014-12-30_DISTRIBUTION_62;B00S_ENBR3_2015-04-13_DISTRIBUTION_61
VQ_ALL_EXCEPT_02998611000104,VQ,2014,2014-06-30,2015-06-30,HOLDING,EQTL3,03220438000173,EQUATORIAL S.A.,Energia,PASS,0.0008839388314328649,2.2222222222222223,3.2539705383275273,43.6005784306712,0.9689017429038046,EQTL3,B00S_EQTL3_2014-12-22_DISTRIBUTION_64;B00S_EQTL3_2015-04-20_DISTRIBUTION_63
VQ_ALL_EXCEPT_02998611000104,VQ,2014,2014-06-30,2015-06-30,HOLDING,GETI4,02998609000127,AES TIETE SA,Energia,PASS,0.0011431184270690442,2.2222222222222223,2.203568967384885,-2.7545656602697366,-0.061212570228216454,GETI4,B00S_GETI4_2014-08-07_DISTRIBUTION_83;B00S_GETI4_2015-05-11_DISTRIBUTION_84
VQ_ALL_EXCEPT_02998611000104,VQ,2014,2014-06-30,2015-06-30,HOLDING,ITUB4,60872504000123,ITAU UNIBANCO HOLDING S.A.,Bancos,PASS,0.0012511729746637473,4.0,4.540298150819343,11.315192218549196,0.45260768874196766,ITUB4,ITUB4_2014-07-01_DISTRIBUTION_295;ITUB4_2014-08-01_DISTRIBUTION_294;ITUB4_2014-08-14_DISTRIBUTION_293;ITUB4_2014-09-01_DISTRIBUTION_292;ITUB4_2014-10-01_DISTRIBUTION_291;ITUB4_2014-11-03_DISTRIBUTION_290;ITUB4_2014-12-01_DISTRIBUTION_289;ITUB4_2015-01-02_DISTRIBUTION_288;ITUB4_2015-02-02_DISTRIBUTION_287;ITUB4_2015-02-11_DISTRIBUTION_285;ITUB4_2015-02-11_DISTRIBUTION_286;ITUB4_2015-03-02_DISTRIBUTION_284;ITUB4_2015-04-01_DISTRIBUTION_283;ITUB4_2015-05-04_DISTRIBUTION_282;ITUB4_2015-06-01_DISTRIBUTION_281
VQ_ALL_EXCEPT_02998611000104,VQ,2014,2014-06-30,2015-06-30,HOLDING,LIGT3,03378521000175,LIGHT SA,Energia,PASS,0.0010307153164296023,2.2222222222222223,1.8709336432391397,-17.434054730983284,-0.3874234384662951,LIGT3,B00S_LIGT3_2015-04-13_DISTRIBUTION_86
VQ_ALL_EXCEPT_02998611000104,VQ,2014,2014-06-30,2015-06-30,HOLDING,PSSA3,02149205000169,PORTO SEGURO S.A.,Seguros,PASS,0.006277463904582549,20.0,27.738647131855622,36.01454066657732,7.202908133315466,PSSA3,B00S_PSSA3_2014-10-30_DISTRIBUTION_67;B00S_PSSA3_2014-12-23_DISTRIBUTION_66;B00S_PSSA3_2015-03-30_DISTRIBUTION_65
VQ_ALL_EXCEPT_02998611000104,VQ,2014,2014-06-30,2015-06-30,HOLDING,SBSP3,43776517000180,CIA SANEAMENTO BASICO EST SAO PAULO,Saneamento,PASS,0.004246284501061571,10.0,7.288463211786927,-28.52304791909088,-2.8523047919090883,SBSP3,B00S_SBSP3_2015-04-07_DISTRIBUTION_68
VQ_ALL_EXCEPT_02998611000104,VQ,2014,2014-06-30,2015-06-30,HOLDING,TBLE3,02474103000119,ENGIE BRASIL ENERGIA S.A.,Energia,PASS,0.0006734006734006734,2.2222222222222223,2.4786488806935596,9.384952568462479,0.20855450152138832,TBLE3,TBLE3_2014-09-12_DISTRIBUTION_372;TBLE3_2014-11-11_DISTRIBUTION_371;TBLE3_2014-11-26_DISTRIBUTION_370;TBLE3_2015-05-11_DISTRIBUTION_369
VQ_ALL_EXCEPT_02998611000104,VQ,2014,2014-06-30,2015-06-30,HOLDING,TIMP3,02558115000121,TIM PARTICIPACOES S.A.,Telecom,PASS,0.007739938080495357,10.0,8.21927803199106,-19.39467553568701,-1.939467553568701,TIMP3,B00S_TIMP3_2015-05-13_DISTRIBUTION_85
VQ_ALL_EXCEPT_02998611000104,VQ,2014,2014-06-30,2015-06-30,HOLDING,VIVT4,02558157000162,TELEFÔNICA BRASIL S.A,Telecom,PASS,0.0022222222222222222,10.0,10.925355455734138,7.143452012423701,0.7143452012423696,VIVT4,B00S_VIVT4_2014-08-01_DISTRIBUTION_82;B00S_VIVT4_2014-09-01_DISTRIBUTION_81;B00S_VIVT4_2014-10-01_DISTRIBUTION_80;B00S_VIVT4_2014-11-03_DISTRIBUTION_79;B00S_VIVT4_2014-12-01_DISTRIBUTION_78;B00S_VIVT4_2015-01-02_DISTRIBUTION_77;B00S_VIVT4_2015-02-11_DISTRIBUTION_76;B00S_VIVT4_2015-04-10_DISTRIBUTION_75;B00S_VIVT4_2015-05-26_DISTRIBUTION_73;B00S_VIVT4_2015-05-26_DISTRIBUTION_74
VQ_ALL_EXCEPT_02998611000104,VQ,2014,2014-06-30,2015-06-30,NUMERICAL_RESIDUAL,,,,,,,,,,4.920E-15,,
VVAL_INCLUDE_03220438000173,VVAL,2014,2014-06-30,2015-06-30,HOLDING,BBDC4,60746948000112,BCO BRADESCO S.A.,Bancos,PASS,0.0078003120124804995,25.0,27.1684441222509,10.628532202254814,2.6571330505637034,BBDC4,BBDC4_2014-07-02_DISTRIBUTION_332;BBDC4_2014-08-04_DISTRIBUTION_331;BBDC4_2014-09-02_DISTRIBUTION_330;BBDC4_2014-10-02_DISTRIBUTION_329;BBDC4_2014-11-04_DISTRIBUTION_328;BBDC4_2014-12-02_DISTRIBUTION_327;BBDC4_2014-12-23_DISTRIBUTION_326;BBDC4_2015-01-05_DISTRIBUTION_325;BBDC4_2015-02-03_DISTRIBUTION_324;BBDC4_2015-02-10_DISTRIBUTION_323;BBDC4_2015-03-03_DISTRIBUTION_322;BBDC4_2015-03-27_SHARES_667;BBDC4_2015-04-02_DISTRIBUTION_321;BBDC4_2015-05-05_DISTRIBUTION_320;BBDC4_2015-06-02_DISTRIBUTION_319;BBDC4_2015-06-23_DISTRIBUTION_318
VVAL_INCLUDE_03220438000173,VVAL,2014,2014-06-30,2015-06-30,HOLDING,CPFE3,02429144000193,CPFL ENERGIA S.A.,Energia,PASS,0.0017567282692713092,3.571428571428571,3.4985823477337914,-0.27764574083049,-0.009915919315374444,CPFE3,B00S_CPFE3_2014-09-05_DISTRIBUTION_54;B00S_CPFE3_2015-04-30_SHARES_87
VVAL_INCLUDE_03220438000173,VVAL,2014,2014-06-30,2015-06-30,HOLDING,CPLE6,76483817000120,CIA PARANAENSE DE ENERGIA - COPEL,Energia,PASS,0.0010541406645302748,3.571428571428571,3.881347733125911,10.63256347146526,0.3797344096951878,CPLE6,B00S_CPLE6_2014-11-07_DISTRIBUTION_56;B00S_CPLE6_2014-11-07_DISTRIBUTION_57;B00S_CPLE6_2015-04-24_DISTRIBUTION_55
VVAL_INCLUDE_03220438000173,VVAL,2014,2014-06-30,2015-06-30,HOLDING,CSMG3,17281106000103,CIA SANEAMENTO DE MINAS GERAIS-COPASA MG,Saneamento,PASS,0.0030864197530864196,12.5,4.202932794168995,-65.77173990005318,-8.221467487506647,CSMG3,B00S_CSMG3_2014-09-23_DISTRIBUTION_60;B00S_CSMG3_2015-03-25_DISTRIBUTION_59;B00S_CSMG3_2015-05-12_DISTRIBUTION_58
VVAL_INCLUDE_03220438000173,VVAL,2014,2014-06-30,2015-06-30,HOLDING,ENBR3,03983431000103,EDP - ENERGIAS DO BRASIL S.A.,Energia,PASS,0.0032916392363396972,3.571428571428571,3.8852243897720027,10.743062321850516,0.3836807972089469,ENBR3,B00S_ENBR3_2014-12-30_DISTRIBUTION_62;B00S_ENBR3_2015-04-13_DISTRIBUTION_61
VVAL_INCLUDE_03220438000173,VVAL,2014,2014-06-30,2015-06-30,HOLDING,EQTL3,03220438000173,EQUATORIAL S.A.,Energia,PASS,0.0014206159790885328,3.571428571428571,5.0379722034662295,43.60057843067122,1.5571635153811152,EQTL3,B00S_EQTL3_2014-12-22_DISTRIBUTION_64;B00S_EQTL3_2015-04-20_DISTRIBUTION_63
VVAL_INCLUDE_03220438000173,VVAL,2014,2014-06-30,2015-06-30,HOLDING,GETI4,02998609000127,AES TIETE SA,Energia,PASS,0.0018371546149323925,3.571428571428571,3.41168399508982,-2.7545656602697366,-0.09837734500963355,GETI4,B00S_GETI4_2014-08-07_DISTRIBUTION_83;B00S_GETI4_2015-05-11_DISTRIBUTION_84
VVAL_INCLUDE_03220438000173,VVAL,2014,2014-06-30,2015-06-30,HOLDING,LIGT3,03378521000175,LIGHT SA,Energia,PASS,0.0016565067585475749,3.571428571428571,2.896680095331534,-17.434054730983295,-0.6226448118208321,LIGT3,B00S_LIGT3_2015-04-13_DISTRIBUTION_86
VVAL_INCLUDE_03220438000173,VVAL,2014,2014-06-30,2015-06-30,HOLDING,PSSA3,02149205000169,PORTO SEGURO S.A.,Seguros,PASS,0.007846829880728186,25.0,33.402806440183525,36.0145406665773,9.003635166644324,PSSA3,B00S_PSSA3_2014-10-30_DISTRIBUTION_67;B00S_PSSA3_2014-12-23_DISTRIBUTION_66;B00S_PSSA3_2015-03-30_DISTRIBUTION_65
VVAL_INCLUDE_03220438000173,VVAL,2014,2014-06-30,2015-06-30,HOLDING,SBSP3,43776517000180,CIA SANEAMENTO BASICO EST SAO PAULO,Saneamento,PASS,0.005307855626326964,12.5,8.77674836672652,-28.52304791909088,-3.56538098988636,SBSP3,B00S_SBSP3_2015-04-07_DISTRIBUTION_68
VVAL_INCLUDE_03220438000173,VVAL,2014,2014-06-30,2015-06-30,HOLDING,TBLE3,02474103000119,ENGIE BRASIL ENERGIA S.A.,Energia,PASS,0.0010822510822510823,3.571428571428571,3.837577512150765,9.384952568462523,0.3351768774450897,TBLE3,TBLE3_2014-09-12_DISTRIBUTION_372;TBLE3_2014-11-11_DISTRIBUTION_371;TBLE3_2014-11-26_DISTRIBUTION_370;TBLE3_2015-05-11_DISTRIBUTION_369
VVAL_INCLUDE_03220438000173,VVAL,2014,2014-06-30,2015-06-30,NUMERICAL_RESIDUAL,,,,,,,,,,-8.06E-16,,
VQ_ALL_EXCEPT_03220438000173,VQ,2014,2014-06-30,2015-06-30,HOLDING,ABCB4,28195667000106,BCO ABC BRASIL S.A.,Bancos,PASS,0.0029411764705882353,4.0,3.7144681347769257,-8.788187953393066,-0.3515275181357226,ABCB4,B00S_ABCB2_2014-07-02_RIGHT_REINVEST_89;B00S_ABCB2_2015-01-08_RIGHT_REINVEST_93;B00S_ABCB4_2014-07-01_DISTRIBUTION_39;B00S_ABCB4_2014-07-01_RIGHT_88;B00S_ABCB4_2015-01-02_DISTRIBUTION_38;B00S_ABCB4_2015-01-02_RIGHT_92
VQ_ALL_EXCEPT_03220438000173,VQ,2014,2014-06-30,2015-06-30,HOLDING,BBAS3,00000000000191,BCO BRASIL S.A.,Bancos,PASS,0.0016096579476861167,4.0,4.291001972214542,5.369073358535514,0.2147629343414205,BBAS3,B00S_BBAS3_2014-08-20_DISTRIBUTION_47;B00S_BBAS3_2014-09-12_DISTRIBUTION_46;B00S_BBAS3_2014-11-17_DISTRIBUTION_45;B00S_BBAS3_2014-12-12_DISTRIBUTION_44;B00S_BBAS3_2015-02-20_DISTRIBUTION_43;B00S_BBAS3_2015-03-24_DISTRIBUTION_42;B00S_BBAS3_2015-05-22_DISTRIBUTION_41;B00S_BBAS3_2015-06-12_DISTRIBUTION_40
VQ_ALL_EXCEPT_03220438000173,VQ,2014,2014-06-30,2015-06-30,HOLDING,BBDC4,60746948000112,BCO BRADESCO S.A.,Bancos,PASS,0.00124804992199688,4.0,4.505185769716378,10.628532202254792,0.4251412880901917,BBDC4,BBDC4_2014-07-02_DISTRIBUTION_332;BBDC4_2014-08-04_DISTRIBUTION_331;BBDC4_2014-09-02_DISTRIBUTION_330;BBDC4_2014-10-02_DISTRIBUTION_329;BBDC4_2014-11-04_DISTRIBUTION_328;BBDC4_2014-12-02_DISTRIBUTION_327;BBDC4_2014-12-23_DISTRIBUTION_326;BBDC4_2015-01-05_DISTRIBUTION_325;BBDC4_2015-02-03_DISTRIBUTION_324;BBDC4_2015-02-10_DISTRIBUTION_323;BBDC4_2015-03-03_DISTRIBUTION_322;BBDC4_2015-03-27_SHARES_667;BBDC4_2015-04-02_DISTRIBUTION_321;BBDC4_2015-05-05_DISTRIBUTION_320;BBDC4_2015-06-02_DISTRIBUTION_319;BBDC4_2015-06-23_DISTRIBUTION_318
VQ_ALL_EXCEPT_03220438000173,VQ,2014,2014-06-30,2015-06-30,HOLDING,BRSR6,92702067000196,BCO ESTADO DO RIO GRANDE DO SUL S.A.,Bancos,PASS,0.0037209302325581397,4.0,3.5862603584863546,-11.936435069700957,-0.4774574027880382,BRSR6,B00S_BRSR6_2014-09-04_DISTRIBUTION_52;B00S_BRSR6_2014-11-26_DISTRIBUTION_51;B00S_BRSR6_2015-03-05_DISTRIBUTION_50;B00S_BRSR6_2015-05-04_DISTRIBUTION_49;B00S_BRSR6_2015-06-03_DISTRIBUTION_48
VQ_ALL_EXCEPT_03220438000173,VQ,2014,2014-06-30,2015-06-30,HOLDING,CMIG4,17155730000164,CIA ENERGETICA DE MINAS GERAIS - CEMIG,Energia,PASS,0.0013768415255404104,2.2222222222222223,1.8500198421908356,-18.22824134972201,-0.4050720299938224,CMIG4,CMIG4_2014-11-10_DISTRIBUTION_637;CMIG4_2014-12-29_DISTRIBUTION_638;CMIG4_2015-05-04_DISTRIBUTION_639
VQ_ALL_EXCEPT_03220438000173,VQ,2014,2014-06-30,2015-06-30,HOLDING,COCE5,07047251000170,CIA ENERGETICA DO CEARA - COELCE,Energia,PASS,0.0006367398917542184,2.2222222222222223,2.7350082943473066,20.88866997611727,0.4641926661359392,COCE5,B00S_COCE5_2015-04-28_DISTRIBUTION_53
VQ_ALL_EXCEPT_03220438000173,VQ,2014,2014-06-30,2015-06-30,HOLDING,CPFE3,02429144000193,CPFL ENERGIA S.A.,Energia,PASS,0.0010930753675465925,2.2222222222222223,2.256137536169038,-0.2776457408304678,-0.006169905351788296,CPFE3,B00S_CPFE3_2014-09-05_DISTRIBUTION_54;B00S_CPFE3_2015-04-30_SHARES_87
VQ_ALL_EXCEPT_03220438000173,VQ,2014,2014-06-30,2015-06-30,HOLDING,CPLE6,76483817000120,CIA PARANAENSE DE ENERGIA - COPEL,Energia,PASS,0.0006559097468188377,2.2222222222222223,2.50297218737819,10.63256347146524,0.23627918825478328,CPLE6,B00S_CPLE6_2014-11-07_DISTRIBUTION_56;B00S_CPLE6_2014-11-07_DISTRIBUTION_57;B00S_CPLE6_2015-04-24_DISTRIBUTION_55
VQ_ALL_EXCEPT_03220438000173,VQ,2014,2014-06-30,2015-06-30,HOLDING,CSMG3,17281106000103,CIA SANEAMENTO DE MINAS GERAIS-COPASA MG,Saneamento,PASS,0.0024691358024691358,10.0,3.4847400407181826,-65.77173990005318,-6.57717399000532,CSMG3,B00S_CSMG3_2014-09-23_DISTRIBUTION_60;B00S_CSMG3_2015-03-25_DISTRIBUTION_59;B00S_CSMG3_2015-05-12_DISTRIBUTION_58
VQ_ALL_EXCEPT_03220438000173,VQ,2014,2014-06-30,2015-06-30,HOLDING,ENBR3,03983431000103,EDP - ENERGIAS DO BRASIL S.A.,Energia,PASS,0.002048131080389145,2.2222222222222223,2.505472134415238,10.743062321850495,0.23873471826334447,ENBR3,B00S_ENBR3_2014-12-30_DISTRIBUTION_62;B00S_ENBR3_2015-04-13_DISTRIBUTION_61
VQ_ALL_EXCEPT_03220438000173,VQ,2014,2014-06-30,2015-06-30,HOLDING,GETI4,02998609000127,AES TIETE SA,Energia,PASS,0.0011431184270690442,2.2222222222222223,2.200099228150273,-2.7545656602697366,-0.061212570228216454,GETI4,B00S_GETI4_2014-08-07_DISTRIBUTION_83;B00S_GETI4_2015-05-11_DISTRIBUTION_84
VQ_ALL_EXCEPT_03220438000173,VQ,2014,2014-06-30,2015-06-30,HOLDING,ITUB4,60872504000123,ITAU UNIBANCO HOLDING S.A.,Bancos,PASS,0.0012511729746637473,4.0,4.5331489983018125,11.315192218549196,0.45260768874196766,ITUB4,ITUB4_2014-07-01_DISTRIBUTION_295;ITUB4_2014-08-01_DISTRIBUTION_294;ITUB4_2014-08-14_DISTRIBUTION_293;ITUB4_2014-09-01_DISTRIBUTION_292;ITUB4_2014-10-01_DISTRIBUTION_291;ITUB4_2014-11-03_DISTRIBUTION_290;ITUB4_2014-12-01_DISTRIBUTION_289;ITUB4_2015-01-02_DISTRIBUTION_288;ITUB4_2015-02-02_DISTRIBUTION_287;ITUB4_2015-02-11_DISTRIBUTION_285;ITUB4_2015-02-11_DISTRIBUTION_286;ITUB4_2015-03-02_DISTRIBUTION_284;ITUB4_2015-04-01_DISTRIBUTION_283;ITUB4_2015-05-04_DISTRIBUTION_282;ITUB4_2015-06-01_DISTRIBUTION_281
VQ_ALL_EXCEPT_03220438000173,VQ,2014,2014-06-30,2015-06-30,HOLDING,LIGT3,03378521000175,LIGHT SA,Energia,PASS,0.0010307153164296023,2.2222222222222223,1.8679876715162735,-17.434054730983284,-0.3874234384662951,LIGT3,B00S_LIGT3_2015-04-13_DISTRIBUTION_86
VQ_ALL_EXCEPT_03220438000173,VQ,2014,2014-06-30,2015-06-30,HOLDING,PSSA3,02149205000169,PORTO SEGURO S.A.,Seguros,PASS,0.006277463904582549,20.0,27.694969863890343,36.01454066657732,7.202908133315466,PSSA3,B00S_PSSA3_2014-10-30_DISTRIBUTION_67;B00S_PSSA3_2014-12-23_DISTRIBUTION_66;B00S_PSSA3_2015-03-30_DISTRIBUTION_65
VQ_ALL_EXCEPT_03220438000173,VQ,2014,2014-06-30,2015-06-30,HOLDING,SBSP3,43776517000180,CIA SANEAMENTO BASICO EST SAO PAULO,Saneamento,PASS,0.004246284501061571,10.0,7.276986799139869,-28.52304791909088,-2.8523047919090883,SBSP3,B00S_SBSP3_2015-04-07_DISTRIBUTION_68
VQ_ALL_EXCEPT_03220438000173,VQ,2014,2014-06-30,2015-06-30,HOLDING,TBLE3,02474103000119,ENGIE BRASIL ENERGIA S.A.,Energia,PASS,0.0006734006734006734,2.2222222222222223,2.474746000685055,9.384952568462479,0.20855450152138832,TBLE3,TBLE3_2014-09-12_DISTRIBUTION_372;TBLE3_2014-11-11_DISTRIBUTION_371;TBLE3_2014-11-26_DISTRIBUTION_370;TBLE3_2015-05-11_DISTRIBUTION_369
VQ_ALL_EXCEPT_03220438000173,VQ,2014,2014-06-30,2015-06-30,HOLDING,TIMP3,02558115000121,TIM PARTICIPACOES S.A.,Telecom,PASS,0.007739938080495357,10.0,8.206335958523024,-19.39467553568701,-1.939467553568701,TIMP3,B00S_TIMP3_2015-05-13_DISTRIBUTION_85
VQ_ALL_EXCEPT_03220438000173,VQ,2014,2014-06-30,2015-06-30,HOLDING,TRPL4,02998611000104,CTEEP - CIA TRANSMISSÃO ENERGIA ELÉTRICA PAULISTA,Energia,PASS,0.0008036970062286518,2.2222222222222223,3.406306816059023,50.56038454253668,1.12356410094526,TRPL4,B00S_TRPL2_2014-07-21_RIGHT_REINVEST_91;B00S_TRPL4_2014-07-17_RIGHT_90;B00S_TRPL4_2014-08-13_DISTRIBUTION_72;B00S_TRPL4_2014-11-25_DISTRIBUTION_71;B00S_TRPL4_2015-05-07_DISTRIBUTION_70;B00S_TRPL4_2015-05-27_DISTRIBUTION_69
VQ_ALL_EXCEPT_03220438000173,VQ,2014,2014-06-30,2015-06-30,HOLDING,VIVT4,02558157000162,TELEFÔNICA BRASIL S.A,Telecom,PASS,0.0022222222222222222,10.0,10.908152393321336,7.143452012423701,0.7143452012423696,VIVT4,B00S_VIVT4_2014-08-01_DISTRIBUTION_82;B00S_VIVT4_2014-09-01_DISTRIBUTION_81;B00S_VIVT4_2014-10-01_DISTRIBUTION_80;B00S_VIVT4_2014-11-03_DISTRIBUTION_79;B00S_VIVT4_2014-12-01_DISTRIBUTION_78;B00S_VIVT4_2015-01-02_DISTRIBUTION_77;B00S_VIVT4_2015-02-11_DISTRIBUTION_76;B00S_VIVT4_2015-04-10_DISTRIBUTION_75;B00S_VIVT4_2015-05-26_DISTRIBUTION_73;B00S_VIVT4_2015-05-26_DISTRIBUTION_74
VQ_ALL_EXCEPT_03220438000173,VQ,2014,2014-06-30,2015-06-30,NUMERICAL_RESIDUAL,,,,,,,,,,6.920E-15,,
VVAL_INCLUDE_03378521000175,VVAL,2014,2014-06-30,2015-06-30,HOLDING,BBDC4,60746948000112,BCO BRADESCO S.A.,Bancos,PASS,0.0078003120124804995,25.0,27.573626483773154,10.628532202254814,2.6571330505637034,BBDC4,BBDC4_2014-07-02_DISTRIBUTION_332;BBDC4_2014-08-04_DISTRIBUTION_331;BBDC4_2014-09-02_DISTRIBUTION_330;BBDC4_2014-10-02_DISTRIBUTION_329;BBDC4_2014-11-04_DISTRIBUTION_328;BBDC4_2014-12-02_DISTRIBUTION_327;BBDC4_2014-12-23_DISTRIBUTION_326;BBDC4_2015-01-05_DISTRIBUTION_325;BBDC4_2015-02-03_DISTRIBUTION_324;BBDC4_2015-02-10_DISTRIBUTION_323;BBDC4_2015-03-03_DISTRIBUTION_322;BBDC4_2015-03-27_SHARES_667;BBDC4_2015-04-02_DISTRIBUTION_321;BBDC4_2015-05-05_DISTRIBUTION_320;BBDC4_2015-06-02_DISTRIBUTION_319;BBDC4_2015-06-23_DISTRIBUTION_318
VVAL_INCLUDE_03378521000175,VVAL,2014,2014-06-30,2015-06-30,HOLDING,CPFE3,02429144000193,CPFL ENERGIA S.A.,Energia,PASS,0.0020495163141498606,4.166666666666666,4.142552398383897,-0.27764574083049,-0.01156857253460375,CPFE3,B00S_CPFE3_2014-09-05_DISTRIBUTION_54;B00S_CPFE3_2015-04-30_SHARES_87
VVAL_INCLUDE_03378521000175,VVAL,2014,2014-06-30,2015-06-30,HOLDING,CPLE6,76483817000120,CIA PARANAENSE DE ENERGIA - COPEL,Energia,PASS,0.0012298307752853207,4.166666666666666,4.595771876353754,10.632563471465284,0.4430234779777199,CPLE6,B00S_CPLE6_2014-11-07_DISTRIBUTION_56;B00S_CPLE6_2014-11-07_DISTRIBUTION_57;B00S_CPLE6_2015-04-24_DISTRIBUTION_55
VVAL_INCLUDE_03378521000175,VVAL,2014,2014-06-30,2015-06-30,HOLDING,CSMG3,17281106000103,CIA SANEAMENTO DE MINAS GERAIS-COPASA MG,Saneamento,PASS,0.0030864197530864196,12.5,4.26561412502467,-65.77173990005318,-8.221467487506647,CSMG3,B00S_CSMG3_2014-09-23_DISTRIBUTION_60;B00S_CSMG3_2015-03-25_DISTRIBUTION_59;B00S_CSMG3_2015-05-12_DISTRIBUTION_58
VVAL_INCLUDE_03378521000175,VVAL,2014,2014-06-30,2015-06-30,HOLDING,ENBR3,03983431000103,EDP - ENERGIAS DO BRASIL S.A.,Energia,PASS,0.0038402457757296467,4.166666666666666,4.600362093673456,10.743062321850516,0.4476275967437715,ENBR3,B00S_ENBR3_2014-12-30_DISTRIBUTION_62;B00S_ENBR3_2015-04-13_DISTRIBUTION_61
VVAL_INCLUDE_03378521000175,VVAL,2014,2014-06-30,2015-06-30,HOLDING,GETI4,02998609000127,AES TIETE SA,Energia,PASS,0.002143347050754458,4.166666666666666,4.039659013755099,-2.7545656602697477,-0.11477356917790615,GETI4,B00S_GETI4_2014-08-07_DISTRIBUTION_83;B00S_GETI4_2015-05-11_DISTRIBUTION_84
VVAL_INCLUDE_03378521000175,VVAL,2014,2014-06-30,2015-06-30,HOLDING,LIGT3,03378521000175,LIGHT SA,Energia,PASS,0.001932591218305504,4.166666666666666,3.4298604073273626,-17.434054730983306,-0.7264189471243042,LIGT3,B00S_LIGT3_2015-04-13_DISTRIBUTION_86
VVAL_INCLUDE_03378521000175,VVAL,2014,2014-06-30,2015-06-30,HOLDING,PSSA3,02149205000169,PORTO SEGURO S.A.,Seguros,PASS,0.007846829880728186,25.0,33.90096628820441,36.0145406665773,9.003635166644324,PSSA3,B00S_PSSA3_2014-10-30_DISTRIBUTION_67;B00S_PSSA3_2014-12-23_DISTRIBUTION_66;B00S_PSSA3_2015-03-30_DISTRIBUTION_65
VVAL_INCLUDE_03378521000175,VVAL,2014,2014-06-30,2015-06-30,HOLDING,SBSP3,43776517000180,CIA SANEAMENTO BASICO EST SAO PAULO,Saneamento,PASS,0.005307855626326964,12.5,8.90764226752242,-28.52304791909088,-3.56538098988636,SBSP3,B00S_SBSP3_2015-04-07_DISTRIBUTION_68
VVAL_INCLUDE_03378521000175,VVAL,2014,2014-06-30,2015-06-30,HOLDING,TBLE3,02474103000119,ENGIE BRASIL ENERGIA S.A.,Energia,PASS,0.0012626262626262625,4.166666666666666,4.543945045981777,9.384952568462502,0.3910396903526042,TBLE3,TBLE3_2014-09-12_DISTRIBUTION_372;TBLE3_2014-11-11_DISTRIBUTION_371;TBLE3_2014-11-26_DISTRIBUTION_370;TBLE3_2015-05-11_DISTRIBUTION_369
VVAL_INCLUDE_03378521000175,VVAL,2014,2014-06-30,2015-06-30,NUMERICAL_RESIDUAL,,,,,,,,,,-4.25E-15,,
VQ_ALL_EXCEPT_03378521000175,VQ,2014,2014-06-30,2015-06-30,HOLDING,ABCB4,28195667000106,BCO ABC BRASIL S.A.,Bancos,PASS,0.0029411764705882353,4.0,3.6638751785618973,-8.788187953393066,-0.3515275181357226,ABCB4,B00S_ABCB2_2014-07-02_RIGHT_REINVEST_89;B00S_ABCB2_2015-01-08_RIGHT_REINVEST_93;B00S_ABCB4_2014-07-01_DISTRIBUTION_39;B00S_ABCB4_2014-07-01_RIGHT_88;B00S_ABCB4_2015-01-02_DISTRIBUTION_38;B00S_ABCB4_2015-01-02_RIGHT_92
VQ_ALL_EXCEPT_03378521000175,VQ,2014,2014-06-30,2015-06-30,HOLDING,BBAS3,00000000000191,BCO BRASIL S.A.,Bancos,PASS,0.0016096579476861167,4.0,4.232556330194816,5.369073358535514,0.2147629343414205,BBAS3,B00S_BBAS3_2014-08-20_DISTRIBUTION_47;B00S_BBAS3_2014-09-12_DISTRIBUTION_46;B00S_BBAS3_2014-11-17_DISTRIBUTION_45;B00S_BBAS3_2014-12-12_DISTRIBUTION_44;B00S_BBAS3_2015-02-20_DISTRIBUTION_43;B00S_BBAS3_2015-03-24_DISTRIBUTION_42;B00S_BBAS3_2015-05-22_DISTRIBUTION_41;B00S_BBAS3_2015-06-12_DISTRIBUTION_40
VQ_ALL_EXCEPT_03378521000175,VQ,2014,2014-06-30,2015-06-30,HOLDING,BBDC4,60746948000112,BCO BRADESCO S.A.,Bancos,PASS,0.00124804992199688,4.0,4.443822834804158,10.628532202254792,0.4251412880901917,BBDC4,BBDC4_2014-07-02_DISTRIBUTION_332;BBDC4_2014-08-04_DISTRIBUTION_331;BBDC4_2014-09-02_DISTRIBUTION_330;BBDC4_2014-10-02_DISTRIBUTION_329;BBDC4_2014-11-04_DISTRIBUTION_328;BBDC4_2014-12-02_DISTRIBUTION_327;BBDC4_2014-12-23_DISTRIBUTION_326;BBDC4_2015-01-05_DISTRIBUTION_325;BBDC4_2015-02-03_DISTRIBUTION_324;BBDC4_2015-02-10_DISTRIBUTION_323;BBDC4_2015-03-03_DISTRIBUTION_322;BBDC4_2015-03-27_SHARES_667;BBDC4_2015-04-02_DISTRIBUTION_321;BBDC4_2015-05-05_DISTRIBUTION_320;BBDC4_2015-06-02_DISTRIBUTION_319;BBDC4_2015-06-23_DISTRIBUTION_318
VQ_ALL_EXCEPT_03378521000175,VQ,2014,2014-06-30,2015-06-30,HOLDING,BRSR6,92702067000196,BCO ESTADO DO RIO GRANDE DO SUL S.A.,Bancos,PASS,0.0037209302325581397,4.0,3.537413657771963,-11.936435069700957,-0.4774574027880382,BRSR6,B00S_BRSR6_2014-09-04_DISTRIBUTION_52;B00S_BRSR6_2014-11-26_DISTRIBUTION_51;B00S_BRSR6_2015-03-05_DISTRIBUTION_50;B00S_BRSR6_2015-05-04_DISTRIBUTION_49;B00S_BRSR6_2015-06-03_DISTRIBUTION_48
VQ_ALL_EXCEPT_03378521000175,VQ,2014,2014-06-30,2015-06-30,HOLDING,CMIG4,17155730000164,CIA ENERGETICA DE MINAS GERAIS - CEMIG,Energia,PASS,0.0013768415255404104,2.2222222222222223,1.8248216255211116,-18.22824134972201,-0.4050720299938224,CMIG4,CMIG4_2014-11-10_DISTRIBUTION_637;CMIG4_2014-12-29_DISTRIBUTION_638;CMIG4_2015-05-04_DISTRIBUTION_639
VQ_ALL_EXCEPT_03378521000175,VQ,2014,2014-06-30,2015-06-30,HOLDING,COCE5,07047251000170,CIA ENERGETICA DO CEARA - COELCE,Energia,PASS,0.0006367398917542184,2.2222222222222223,2.697756082223548,20.88866997611727,0.4641926661359392,COCE5,B00S_COCE5_2015-04-28_DISTRIBUTION_53
VQ_ALL_EXCEPT_03378521000175,VQ,2014,2014-06-30,2015-06-30,HOLDING,CPFE3,02429144000193,CPFL ENERGIA S.A.,Energia,PASS,0.0010930753675465925,2.2222222222222223,2.2254077887487287,-0.2776457408304678,-0.006169905351788296,CPFE3,B00S_CPFE3_2014-09-05_DISTRIBUTION_54;B00S_CPFE3_2015-04-30_SHARES_87
VQ_ALL_EXCEPT_03378521000175,VQ,2014,2014-06-30,2015-06-30,HOLDING,CPLE6,76483817000120,CIA PARANAENSE DE ENERGIA - COPEL,Energia,PASS,0.0006559097468188377,2.2222222222222223,2.468880425734618,10.63256347146524,0.23627918825478328,CPLE6,B00S_CPLE6_2014-11-07_DISTRIBUTION_56;B00S_CPLE6_2014-11-07_DISTRIBUTION_57;B00S_CPLE6_2015-04-24_DISTRIBUTION_55
VQ_ALL_EXCEPT_03378521000175,VQ,2014,2014-06-30,2015-06-30,HOLDING,CSMG3,17281106000103,CIA SANEAMENTO DE MINAS GERAIS-COPASA MG,Saneamento,PASS,0.0024691358024691358,10.0,3.437276098666786,-65.77173990005318,-6.57717399000532,CSMG3,B00S_CSMG3_2014-09-23_DISTRIBUTION_60;B00S_CSMG3_2015-03-25_DISTRIBUTION_59;B00S_CSMG3_2015-05-12_DISTRIBUTION_58
VQ_ALL_EXCEPT_03378521000175,VQ,2014,2014-06-30,2015-06-30,HOLDING,ENBR3,03983431000103,EDP - ENERGIAS DO BRASIL S.A.,Energia,PASS,0.002048131080389145,2.2222222222222223,2.4713463222141177,10.743062321850495,0.23873471826334447,ENBR3,B00S_ENBR3_2014-12-30_DISTRIBUTION_62;B00S_ENBR3_2015-04-13_DISTRIBUTION_61
VQ_ALL_EXCEPT_03378521000175,VQ,2014,2014-06-30,2015-06-30,HOLDING,EQTL3,03220438000173,EQUATORIAL S.A.,Energia,PASS,0.0008839388314328649,2.2222222222222223,3.2045958810589728,43.6005784306712,0.9689017429038046,EQTL3,B00S_EQTL3_2014-12-22_DISTRIBUTION_64;B00S_EQTL3_2015-04-20_DISTRIBUTION_63
VQ_ALL_EXCEPT_03378521000175,VQ,2014,2014-06-30,2015-06-30,HOLDING,GETI4,02998609000127,AES TIETE SA,Energia,PASS,0.0011431184270690442,2.2222222222222223,2.170132751152831,-2.7545656602697366,-0.061212570228216454,GETI4,B00S_GETI4_2014-08-07_DISTRIBUTION_83;B00S_GETI4_2015-05-11_DISTRIBUTION_84
VQ_ALL_EXCEPT_03378521000175,VQ,2014,2014-06-30,2015-06-30,HOLDING,ITUB4,60872504000123,ITAU UNIBANCO HOLDING S.A.,Bancos,PASS,0.0012511729746637473,4.0,4.471405189911043,11.315192218549196,0.45260768874196766,ITUB4,ITUB4_2014-07-01_DISTRIBUTION_295;ITUB4_2014-08-01_DISTRIBUTION_294;ITUB4_2014-08-14_DISTRIBUTION_293;ITUB4_2014-09-01_DISTRIBUTION_292;ITUB4_2014-10-01_DISTRIBUTION_291;ITUB4_2014-11-03_DISTRIBUTION_290;ITUB4_2014-12-01_DISTRIBUTION_289;ITUB4_2015-01-02_DISTRIBUTION_288;ITUB4_2015-02-02_DISTRIBUTION_287;ITUB4_2015-02-11_DISTRIBUTION_285;ITUB4_2015-02-11_DISTRIBUTION_286;ITUB4_2015-03-02_DISTRIBUTION_284;ITUB4_2015-04-01_DISTRIBUTION_283;ITUB4_2015-05-04_DISTRIBUTION_282;ITUB4_2015-06-01_DISTRIBUTION_281
VQ_ALL_EXCEPT_03378521000175,VQ,2014,2014-06-30,2015-06-30,HOLDING,PSSA3,02149205000169,PORTO SEGURO S.A.,Seguros,PASS,0.006277463904582549,20.0,27.317750206362042,36.01454066657732,7.202908133315466,PSSA3,B00S_PSSA3_2014-10-30_DISTRIBUTION_67;B00S_PSSA3_2014-12-23_DISTRIBUTION_66;B00S_PSSA3_2015-03-30_DISTRIBUTION_65
VQ_ALL_EXCEPT_03378521000175,VQ,2014,2014-06-30,2015-06-30,HOLDING,SBSP3,43776517000180,CIA SANEAMENTO BASICO EST SAO PAULO,Saneamento,PASS,0.004246284501061571,10.0,7.177870516230005,-28.52304791909088,-2.8523047919090883,SBSP3,B00S_SBSP3_2015-04-07_DISTRIBUTION_68
VQ_ALL_EXCEPT_03378521000175,VQ,2014,2014-06-30,2015-06-30,HOLDING,TBLE3,02474103000119,ENGIE BRASIL ENERGIA S.A.,Energia,PASS,0.0006734006734006734,2.2222222222222223,2.4410386941439812,9.384952568462479,0.20855450152138832,TBLE3,TBLE3_2014-09-12_DISTRIBUTION_372;TBLE3_2014-11-11_DISTRIBUTION_371;TBLE3_2014-11-26_DISTRIBUTION_370;TBLE3_2015-05-11_DISTRIBUTION_369
VQ_ALL_EXCEPT_03378521000175,VQ,2014,2014-06-30,2015-06-30,HOLDING,TIMP3,02558115000121,TIM PARTICIPACOES S.A.,Telecom,PASS,0.007739938080495357,10.0,8.094561464632985,-19.39467553568701,-1.939467553568701,TIMP3,B00S_TIMP3_2015-05-13_DISTRIBUTION_85
VQ_ALL_EXCEPT_03378521000175,VQ,2014,2014-06-30,2015-06-30,HOLDING,TRPL4,02998611000104,CTEEP - CIA TRANSMISSÃO ENERGIA ELÉTRICA PAULISTA,Energia,PASS,0.0008036970062286518,2.2222222222222223,3.3599111746517565,50.56038454253668,1.12356410094526,TRPL4,B00S_TRPL2_2014-07-21_RIGHT_REINVEST_91;B00S_TRPL4_2014-07-17_RIGHT_90;B00S_TRPL4_2014-08-13_DISTRIBUTION_72;B00S_TRPL4_2014-11-25_DISTRIBUTION_71;B00S_TRPL4_2015-05-07_DISTRIBUTION_70;B00S_TRPL4_2015-05-27_DISTRIBUTION_69
VQ_ALL_EXCEPT_03378521000175,VQ,2014,2014-06-30,2015-06-30,HOLDING,VIVT4,02558157000162,TELEFÔNICA BRASIL S.A,Telecom,PASS,0.0022222222222222222,10.0,10.759577777414634,7.143452012423701,0.7143452012423696,VIVT4,B00S_VIVT4_2014-08-01_DISTRIBUTION_82;B00S_VIVT4_2014-09-01_DISTRIBUTION_81;B00S_VIVT4_2014-10-01_DISTRIBUTION_80;B00S_VIVT4_2014-11-03_DISTRIBUTION_79;B00S_VIVT4_2014-12-01_DISTRIBUTION_78;B00S_VIVT4_2015-01-02_DISTRIBUTION_77;B00S_VIVT4_2015-02-11_DISTRIBUTION_76;B00S_VIVT4_2015-04-10_DISTRIBUTION_75;B00S_VIVT4_2015-05-26_DISTRIBUTION_73;B00S_VIVT4_2015-05-26_DISTRIBUTION_74
VQ_ALL_EXCEPT_03378521000175,VQ,2014,2014-06-30,2015-06-30,NUMERICAL_RESIDUAL,,,,,,,,,,6.620E-15,,
VVAL_INCLUDE_03983431000103,VVAL,2014,2014-06-30,2015-06-30,HOLDING,BBDC4,60746948000112,BCO BRADESCO S.A.,Bancos,PASS,0.0078003120124804995,25.0,27.573626483773154,10.628532202254814,2.6571330505637034,BBDC4,BBDC4_2014-07-02_DISTRIBUTION_332;BBDC4_2014-08-04_DISTRIBUTION_331;BBDC4_2014-09-02_DISTRIBUTION_330;BBDC4_2014-10-02_DISTRIBUTION_329;BBDC4_2014-11-04_DISTRIBUTION_328;BBDC4_2014-12-02_DISTRIBUTION_327;BBDC4_2014-12-23_DISTRIBUTION_326;BBDC4_2015-01-05_DISTRIBUTION_325;BBDC4_2015-02-03_DISTRIBUTION_324;BBDC4_2015-02-10_DISTRIBUTION_323;BBDC4_2015-03-03_DISTRIBUTION_322;BBDC4_2015-03-27_SHARES_667;BBDC4_2015-04-02_DISTRIBUTION_321;BBDC4_2015-05-05_DISTRIBUTION_320;BBDC4_2015-06-02_DISTRIBUTION_319;BBDC4_2015-06-23_DISTRIBUTION_318
VVAL_INCLUDE_03983431000103,VVAL,2014,2014-06-30,2015-06-30,HOLDING,CPFE3,02429144000193,CPFL ENERGIA S.A.,Energia,PASS,0.0020495163141498606,4.166666666666666,4.142552398383897,-0.27764574083049,-0.01156857253460375,CPFE3,B00S_CPFE3_2014-09-05_DISTRIBUTION_54;B00S_CPFE3_2015-04-30_SHARES_87
VVAL_INCLUDE_03983431000103,VVAL,2014,2014-06-30,2015-06-30,HOLDING,CPLE6,76483817000120,CIA PARANAENSE DE ENERGIA - COPEL,Energia,PASS,0.0012298307752853207,4.166666666666666,4.595771876353754,10.632563471465284,0.4430234779777199,CPLE6,B00S_CPLE6_2014-11-07_DISTRIBUTION_56;B00S_CPLE6_2014-11-07_DISTRIBUTION_57;B00S_CPLE6_2015-04-24_DISTRIBUTION_55
VVAL_INCLUDE_03983431000103,VVAL,2014,2014-06-30,2015-06-30,HOLDING,CSMG3,17281106000103,CIA SANEAMENTO DE MINAS GERAIS-COPASA MG,Saneamento,PASS,0.0030864197530864196,12.5,4.26561412502467,-65.77173990005318,-8.221467487506647,CSMG3,B00S_CSMG3_2014-09-23_DISTRIBUTION_60;B00S_CSMG3_2015-03-25_DISTRIBUTION_59;B00S_CSMG3_2015-05-12_DISTRIBUTION_58
VVAL_INCLUDE_03983431000103,VVAL,2014,2014-06-30,2015-06-30,HOLDING,ENBR3,03983431000103,EDP - ENERGIAS DO BRASIL S.A.,Energia,PASS,0.0038402457757296467,4.166666666666666,4.600362093673456,10.743062321850516,0.4476275967437715,ENBR3,B00S_ENBR3_2014-12-30_DISTRIBUTION_62;B00S_ENBR3_2015-04-13_DISTRIBUTION_61
VVAL_INCLUDE_03983431000103,VVAL,2014,2014-06-30,2015-06-30,HOLDING,GETI4,02998609000127,AES TIETE SA,Energia,PASS,0.002143347050754458,4.166666666666666,4.039659013755099,-2.7545656602697477,-0.11477356917790615,GETI4,B00S_GETI4_2014-08-07_DISTRIBUTION_83;B00S_GETI4_2015-05-11_DISTRIBUTION_84
VVAL_INCLUDE_03983431000103,VVAL,2014,2014-06-30,2015-06-30,HOLDING,LIGT3,03378521000175,LIGHT SA,Energia,PASS,0.001932591218305504,4.166666666666666,3.4298604073273626,-17.434054730983306,-0.7264189471243042,LIGT3,B00S_LIGT3_2015-04-13_DISTRIBUTION_86
VVAL_INCLUDE_03983431000103,VVAL,2014,2014-06-30,2015-06-30,HOLDING,PSSA3,02149205000169,PORTO SEGURO S.A.,Seguros,PASS,0.007846829880728186,25.0,33.90096628820441,36.0145406665773,9.003635166644324,PSSA3,B00S_PSSA3_2014-10-30_DISTRIBUTION_67;B00S_PSSA3_2014-12-23_DISTRIBUTION_66;B00S_PSSA3_2015-03-30_DISTRIBUTION_65
VVAL_INCLUDE_03983431000103,VVAL,2014,2014-06-30,2015-06-30,HOLDING,SBSP3,43776517000180,CIA SANEAMENTO BASICO EST SAO PAULO,Saneamento,PASS,0.005307855626326964,12.5,8.90764226752242,-28.52304791909088,-3.56538098988636,SBSP3,B00S_SBSP3_2015-04-07_DISTRIBUTION_68
VVAL_INCLUDE_03983431000103,VVAL,2014,2014-06-30,2015-06-30,HOLDING,TBLE3,02474103000119,ENGIE BRASIL ENERGIA S.A.,Energia,PASS,0.0012626262626262625,4.166666666666666,4.543945045981777,9.384952568462502,0.3910396903526042,TBLE3,TBLE3_2014-09-12_DISTRIBUTION_372;TBLE3_2014-11-11_DISTRIBUTION_371;TBLE3_2014-11-26_DISTRIBUTION_370;TBLE3_2015-05-11_DISTRIBUTION_369
VVAL_INCLUDE_03983431000103,VVAL,2014,2014-06-30,2015-06-30,NUMERICAL_RESIDUAL,,,,,,,,,,-4.25E-15,,
VQ_ALL_EXCEPT_03983431000103,VQ,2014,2014-06-30,2015-06-30,HOLDING,ABCB4,28195667000106,BCO ABC BRASIL S.A.,Bancos,PASS,0.0029411764705882353,4.0,3.6870594674268453,-8.788187953393066,-0.3515275181357226,ABCB4,B00S_ABCB2_2014-07-02_RIGHT_REINVEST_89;B00S_ABCB2_2015-01-08_RIGHT_REINVEST_93;B00S_ABCB4_2014-07-01_DISTRIBUTION_39;B00S_ABCB4_2014-07-01_RIGHT_88;B00S_ABCB4_2015-01-02_DISTRIBUTION_38;B00S_ABCB4_2015-01-02_RIGHT_92
VQ_ALL_EXCEPT_03983431000103,VQ,2014,2014-06-30,2015-06-30,HOLDING,BBAS3,00000000000191,BCO BRASIL S.A.,Bancos,PASS,0.0016096579476861167,4.0,4.25933912267928,5.369073358535514,0.2147629343414205,BBAS3,B00S_BBAS3_2014-08-20_DISTRIBUTION_47;B00S_BBAS3_2014-09-12_DISTRIBUTION_46;B00S_BBAS3_2014-11-17_DISTRIBUTION_45;B00S_BBAS3_2014-12-12_DISTRIBUTION_44;B00S_BBAS3_2015-02-20_DISTRIBUTION_43;B00S_BBAS3_2015-03-24_DISTRIBUTION_42;B00S_BBAS3_2015-05-22_DISTRIBUTION_41;B00S_BBAS3_2015-06-12_DISTRIBUTION_40
VQ_ALL_EXCEPT_03983431000103,VQ,2014,2014-06-30,2015-06-30,HOLDING,BBDC4,60746948000112,BCO BRADESCO S.A.,Bancos,PASS,0.00124804992199688,4.0,4.471942480601477,10.628532202254792,0.4251412880901917,BBDC4,BBDC4_2014-07-02_DISTRIBUTION_332;BBDC4_2014-08-04_DISTRIBUTION_331;BBDC4_2014-09-02_DISTRIBUTION_330;BBDC4_2014-10-02_DISTRIBUTION_329;BBDC4_2014-11-04_DISTRIBUTION_328;BBDC4_2014-12-02_DISTRIBUTION_327;BBDC4_2014-12-23_DISTRIBUTION_326;BBDC4_2015-01-05_DISTRIBUTION_325;BBDC4_2015-02-03_DISTRIBUTION_324;BBDC4_2015-02-10_DISTRIBUTION_323;BBDC4_2015-03-03_DISTRIBUTION_322;BBDC4_2015-03-27_SHARES_667;BBDC4_2015-04-02_DISTRIBUTION_321;BBDC4_2015-05-05_DISTRIBUTION_320;BBDC4_2015-06-02_DISTRIBUTION_319;BBDC4_2015-06-23_DISTRIBUTION_318
VQ_ALL_EXCEPT_03983431000103,VQ,2014,2014-06-30,2015-06-30,HOLDING,BRSR6,92702067000196,BCO ESTADO DO RIO GRANDE DO SUL S.A.,Bancos,PASS,0.0037209302325581397,4.0,3.559797722752252,-11.936435069700957,-0.4774574027880382,BRSR6,B00S_BRSR6_2014-09-04_DISTRIBUTION_52;B00S_BRSR6_2014-11-26_DISTRIBUTION_51;B00S_BRSR6_2015-03-05_DISTRIBUTION_50;B00S_BRSR6_2015-05-04_DISTRIBUTION_49;B00S_BRSR6_2015-06-03_DISTRIBUTION_48
VQ_ALL_EXCEPT_03983431000103,VQ,2014,2014-06-30,2015-06-30,HOLDING,CMIG4,17155730000164,CIA ENERGETICA DE MINAS GERAIS - CEMIG,Energia,PASS,0.0013768415255404104,2.2222222222222223,1.8363687415202137,-18.22824134972201,-0.4050720299938224,CMIG4,CMIG4_2014-11-10_DISTRIBUTION_637;CMIG4_2014-12-29_DISTRIBUTION_638;CMIG4_2015-05-04_DISTRIBUTION_639
VQ_ALL_EXCEPT_03983431000103,VQ,2014,2014-06-30,2015-06-30,HOLDING,COCE5,07047251000170,CIA ENERGETICA DO CEARA - COELCE,Energia,PASS,0.0006367398917542184,2.2222222222222223,2.714826957526126,20.88866997611727,0.4641926661359392,COCE5,B00S_COCE5_2015-04-28_DISTRIBUTION_53
VQ_ALL_EXCEPT_03983431000103,VQ,2014,2014-06-30,2015-06-30,HOLDING,CPFE3,02429144000193,CPFL ENERGIA S.A.,Energia,PASS,0.0010930753675465925,2.2222222222222223,2.2394897360046135,-0.2776457408304678,-0.006169905351788296,CPFE3,B00S_CPFE3_2014-09-05_DISTRIBUTION_54;B00S_CPFE3_2015-04-30_SHARES_87
VQ_ALL_EXCEPT_03983431000103,VQ,2014,2014-06-30,2015-06-30,HOLDING,CPLE6,76483817000120,CIA PARANAENSE DE ENERGIA - COPEL,Energia,PASS,0.0006559097468188377,2.2222222222222223,2.484503020439308,10.63256347146524,0.23627918825478328,CPLE6,B00S_CPLE6_2014-11-07_DISTRIBUTION_56;B00S_CPLE6_2014-11-07_DISTRIBUTION_57;B00S_CPLE6_2015-04-24_DISTRIBUTION_55
VQ_ALL_EXCEPT_03983431000103,VQ,2014,2014-06-30,2015-06-30,HOLDING,CSMG3,17281106000103,CIA SANEAMENTO DE MINAS GERAIS-COPASA MG,Saneamento,PASS,0.0024691358024691358,10.0,3.459026512667339,-65.77173990005318,-6.57717399000532,CSMG3,B00S_CSMG3_2014-09-23_DISTRIBUTION_60;B00S_CSMG3_2015-03-25_DISTRIBUTION_59;B00S_CSMG3_2015-05-12_DISTRIBUTION_58
VQ_ALL_EXCEPT_03983431000103,VQ,2014,2014-06-30,2015-06-30,HOLDING,EQTL3,03220438000173,EQUATORIAL S.A.,Energia,PASS,0.0008839388314328649,2.2222222222222223,3.2248739399395308,43.6005784306712,0.9689017429038046,EQTL3,B00S_EQTL3_2014-12-22_DISTRIBUTION_64;B00S_EQTL3_2015-04-20_DISTRIBUTION_63
VQ_ALL_EXCEPT_03983431000103,VQ,2014,2014-06-30,2015-06-30,HOLDING,GETI4,02998609000127,AES TIETE SA,Energia,PASS,0.0011431184270690442,2.2222222222222223,2.1838649287314786,-2.7545656602697366,-0.061212570228216454,GETI4,B00S_GETI4_2014-08-07_DISTRIBUTION_83;B00S_GETI4_2015-05-11_DISTRIBUTION_84
VQ_ALL_EXCEPT_03983431000103,VQ,2014,2014-06-30,2015-06-30,HOLDING,ITUB4,60872504000123,ITAU UNIBANCO HOLDING S.A.,Bancos,PASS,0.0012511729746637473,4.0,4.499699371481883,11.315192218549196,0.45260768874196766,ITUB4,ITUB4_2014-07-01_DISTRIBUTION_295;ITUB4_2014-08-01_DISTRIBUTION_294;ITUB4_2014-08-14_DISTRIBUTION_293;ITUB4_2014-09-01_DISTRIBUTION_292;ITUB4_2014-10-01_DISTRIBUTION_291;ITUB4_2014-11-03_DISTRIBUTION_290;ITUB4_2014-12-01_DISTRIBUTION_289;ITUB4_2015-01-02_DISTRIBUTION_288;ITUB4_2015-02-02_DISTRIBUTION_287;ITUB4_2015-02-11_DISTRIBUTION_285;ITUB4_2015-02-11_DISTRIBUTION_286;ITUB4_2015-03-02_DISTRIBUTION_284;ITUB4_2015-04-01_DISTRIBUTION_283;ITUB4_2015-05-04_DISTRIBUTION_282;ITUB4_2015-06-01_DISTRIBUTION_281
VQ_ALL_EXCEPT_03983431000103,VQ,2014,2014-06-30,2015-06-30,HOLDING,LIGT3,03378521000175,LIGHT SA,Energia,PASS,0.0010307153164296023,2.2222222222222223,1.8542039881341799,-17.434054730983284,-0.3874234384662951,LIGT3,B00S_LIGT3_2015-04-13_DISTRIBUTION_86
VQ_ALL_EXCEPT_03983431000103,VQ,2014,2014-06-30,2015-06-30,HOLDING,PSSA3,02149205000169,PORTO SEGURO S.A.,Seguros,PASS,0.006277463904582549,20.0,27.4906116115842,36.01454066657732,7.202908133315466,PSSA3,B00S_PSSA3_2014-10-30_DISTRIBUTION_67;B00S_PSSA3_2014-12-23_DISTRIBUTION_66;B00S_PSSA3_2015-03-30_DISTRIBUTION_65
VQ_ALL_EXCEPT_03983431000103,VQ,2014,2014-06-30,2015-06-30,HOLDING,SBSP3,43776517000180,CIA SANEAMENTO BASICO EST SAO PAULO,Saneamento,PASS,0.004246284501061571,10.0,7.223290683504587,-28.52304791909088,-2.8523047919090883,SBSP3,B00S_SBSP3_2015-04-07_DISTRIBUTION_68
VQ_ALL_EXCEPT_03983431000103,VQ,2014,2014-06-30,2015-06-30,HOLDING,TBLE3,02474103000119,ENGIE BRASIL ENERGIA S.A.,Energia,PASS,0.0006734006734006734,2.2222222222222223,2.4564851117912556,9.384952568462479,0.20855450152138832,TBLE3,TBLE3_2014-09-12_DISTRIBUTION_372;TBLE3_2014-11-11_DISTRIBUTION_371;TBLE3_2014-11-26_DISTRIBUTION_370;TBLE3_2015-05-11_DISTRIBUTION_369
VQ_ALL_EXCEPT_03983431000103,VQ,2014,2014-06-30,2015-06-30,HOLDING,TIMP3,02558115000121,TIM PARTICIPACOES S.A.,Telecom,PASS,0.007739938080495357,10.0,8.145782273772227,-19.39467553568701,-1.939467553568701,TIMP3,B00S_TIMP3_2015-05-13_DISTRIBUTION_85
VQ_ALL_EXCEPT_03983431000103,VQ,2014,2014-06-30,2015-06-30,HOLDING,TRPL4,02998611000104,CTEEP - CIA TRANSMISSÃO ENERGIA ELÉTRICA PAULISTA,Energia,PASS,0.0008036970062286518,2.2222222222222223,3.381172038474161,50.56038454253668,1.12356410094526,TRPL4,B00S_TRPL2_2014-07-21_RIGHT_REINVEST_91;B00S_TRPL4_2014-07-17_RIGHT_90;B00S_TRPL4_2014-08-13_DISTRIBUTION_72;B00S_TRPL4_2014-11-25_DISTRIBUTION_71;B00S_TRPL4_2015-05-07_DISTRIBUTION_70;B00S_TRPL4_2015-05-27_DISTRIBUTION_69
VQ_ALL_EXCEPT_03983431000103,VQ,2014,2014-06-30,2015-06-30,HOLDING,VIVT4,02558157000162,TELEFÔNICA BRASIL S.A,Telecom,PASS,0.0022222222222222222,10.0,10.827662290969041,7.143452012423701,0.7143452012423696,VIVT4,B00S_VIVT4_2014-08-01_DISTRIBUTION_82;B00S_VIVT4_2014-09-01_DISTRIBUTION_81;B00S_VIVT4_2014-10-01_DISTRIBUTION_80;B00S_VIVT4_2014-11-03_DISTRIBUTION_79;B00S_VIVT4_2014-12-01_DISTRIBUTION_78;B00S_VIVT4_2015-01-02_DISTRIBUTION_77;B00S_VIVT4_2015-02-11_DISTRIBUTION_76;B00S_VIVT4_2015-04-10_DISTRIBUTION_75;B00S_VIVT4_2015-05-26_DISTRIBUTION_73;B00S_VIVT4_2015-05-26_DISTRIBUTION_74
VQ_ALL_EXCEPT_03983431000103,VQ,2014,2014-06-30,2015-06-30,NUMERICAL_RESIDUAL,,,,,,,,,,6.890E-15,,
VVAL_INCLUDE_07047251000170,VVAL,2014,2014-06-30,2015-06-30,HOLDING,BBDC4,60746948000112,BCO BRADESCO S.A.,Bancos,PASS,0.0078003120124804995,25.0,27.386663003281402,10.628532202254814,2.6571330505637034,BBDC4,BBDC4_2014-07-02_DISTRIBUTION_332;BBDC4_2014-08-04_DISTRIBUTION_331;BBDC4_2014-09-02_DISTRIBUTION_330;BBDC4_2014-10-02_DISTRIBUTION_329;BBDC4_2014-11-04_DISTRIBUTION_328;BBDC4_2014-12-02_DISTRIBUTION_327;BBDC4_2014-12-23_DISTRIBUTION_326;BBDC4_2015-01-05_DISTRIBUTION_325;BBDC4_2015-02-03_DISTRIBUTION_324;BBDC4_2015-02-10_DISTRIBUTION_323;BBDC4_2015-03-03_DISTRIBUTION_322;BBDC4_2015-03-27_SHARES_667;BBDC4_2015-04-02_DISTRIBUTION_321;BBDC4_2015-05-05_DISTRIBUTION_320;BBDC4_2015-06-02_DISTRIBUTION_319;BBDC4_2015-06-23_DISTRIBUTION_318
VVAL_INCLUDE_07047251000170,VVAL,2014,2014-06-30,2015-06-30,HOLDING,COCE5,07047251000170,CIA ENERGETICA DO CEARA - COELCE,Energia,PASS,0.001023331968890708,3.571428571428571,4.275230422858498,20.88866997611727,0.7460239277184741,COCE5,B00S_COCE5_2015-04-28_DISTRIBUTION_53
VVAL_INCLUDE_07047251000170,VVAL,2014,2014-06-30,2015-06-30,HOLDING,CPFE3,02429144000193,CPFL ENERGIA S.A.,Energia,PASS,0.0017567282692713092,3.571428571428571,3.526683210693782,-0.27764574083049,-0.009915919315374444,CPFE3,B00S_CPFE3_2014-09-05_DISTRIBUTION_54;B00S_CPFE3_2015-04-30_SHARES_87
VVAL_INCLUDE_07047251000170,VVAL,2014,2014-06-30,2015-06-30,HOLDING,CPLE6,76483817000120,CIA PARANAENSE DE ENERGIA - COPEL,Energia,PASS,0.0010541406645302748,3.571428571428571,3.9125229949628353,10.63256347146526,0.3797344096951878,CPLE6,B00S_CPLE6_2014-11-07_DISTRIBUTION_56;B00S_CPLE6_2014-11-07_DISTRIBUTION_57;B00S_CPLE6_2015-04-24_DISTRIBUTION_55
VVAL_INCLUDE_07047251000170,VVAL,2014,2014-06-30,2015-06-30,HOLDING,CSMG3,17281106000103,CIA SANEAMENTO DE MINAS GERAIS-COPASA MG,Saneamento,PASS,0.0030864197530864196,12.5,4.236691050153879,-65.77173990005318,-8.221467487506647,CSMG3,B00S_CSMG3_2014-09-23_DISTRIBUTION_60;B00S_CSMG3_2015-03-25_DISTRIBUTION_59;B00S_CSMG3_2015-05-12_DISTRIBUTION_58
VVAL_INCLUDE_07047251000170,VVAL,2014,2014-06-30,2015-06-30,HOLDING,ENBR3,03983431000103,EDP - ENERGIAS DO BRASIL S.A.,Energia,PASS,0.0032916392363396972,3.571428571428571,3.916430789191618,10.743062321850516,0.3836807972089469,ENBR3,B00S_ENBR3_2014-12-30_DISTRIBUTION_62;B00S_ENBR3_2015-04-13_DISTRIBUTION_61
VVAL_INCLUDE_07047251000170,VVAL,2014,2014-06-30,2015-06-30,HOLDING,GETI4,02998609000127,AES TIETE SA,Energia,PASS,0.0018371546149323925,3.571428571428571,3.439086884283185,-2.7545656602697366,-0.09837734500963355,GETI4,B00S_GETI4_2014-08-07_DISTRIBUTION_83;B00S_GETI4_2015-05-11_DISTRIBUTION_84
VVAL_INCLUDE_07047251000170,VVAL,2014,2014-06-30,2015-06-30,HOLDING,LIGT3,03378521000175,LIGHT SA,Energia,PASS,0.0016565067585475749,3.571428571428571,2.919946436468415,-17.434054730983295,-0.6226448118208321,LIGT3,B00S_LIGT3_2015-04-13_DISTRIBUTION_86
VVAL_INCLUDE_07047251000170,VVAL,2014,2014-06-30,2015-06-30,HOLDING,PSSA3,02149205000169,PORTO SEGURO S.A.,Seguros,PASS,0.007846829880728186,25.0,33.67110016402933,36.0145406665773,9.003635166644324,PSSA3,B00S_PSSA3_2014-10-30_DISTRIBUTION_67;B00S_PSSA3_2014-12-23_DISTRIBUTION_66;B00S_PSSA3_2015-03-30_DISTRIBUTION_65
VVAL_INCLUDE_07047251000170,VVAL,2014,2014-06-30,2015-06-30,HOLDING,SBSP3,43776517000180,CIA SANEAMENTO BASICO EST SAO PAULO,Saneamento,PASS,0.005307855626326964,12.5,8.84724383562622,-28.52304791909088,-3.56538098988636,SBSP3,B00S_SBSP3_2015-04-07_DISTRIBUTION_68
VVAL_INCLUDE_07047251000170,VVAL,2014,2014-06-30,2015-06-30,HOLDING,TBLE3,02474103000119,ENGIE BRASIL ENERGIA S.A.,Energia,PASS,0.0010822510822510823,3.571428571428571,3.868401208450823,9.384952568462523,0.3351768774450897,TBLE3,TBLE3_2014-09-12_DISTRIBUTION_372;TBLE3_2014-11-11_DISTRIBUTION_371;TBLE3_2014-11-26_DISTRIBUTION_370;TBLE3_2015-05-11_DISTRIBUTION_369
VVAL_INCLUDE_07047251000170,VVAL,2014,2014-06-30,2015-06-30,NUMERICAL_RESIDUAL,,,,,,,,,,5.494E-15,,
VQ_ALL_EXCEPT_07047251000170,VQ,2014,2014-06-30,2015-06-30,HOLDING,ABCB4,28195667000106,BCO ABC BRASIL S.A.,Bancos,PASS,0.0029411764705882353,4.0,3.6954793376045743,-8.788187953393066,-0.3515275181357226,ABCB4,B00S_ABCB2_2014-07-02_RIGHT_REINVEST_89;B00S_ABCB2_2015-01-08_RIGHT_REINVEST_93;B00S_ABCB4_2014-07-01_DISTRIBUTION_39;B00S_ABCB4_2014-07-01_RIGHT_88;B00S_ABCB4_2015-01-02_DISTRIBUTION_38;B00S_ABCB4_2015-01-02_RIGHT_92
VQ_ALL_EXCEPT_07047251000170,VQ,2014,2014-06-30,2015-06-30,HOLDING,BBAS3,00000000000191,BCO BRASIL S.A.,Bancos,PASS,0.0016096579476861167,4.0,4.269065866381873,5.369073358535514,0.2147629343414205,BBAS3,B00S_BBAS3_2014-08-20_DISTRIBUTION_47;B00S_BBAS3_2014-09-12_DISTRIBUTION_46;B00S_BBAS3_2014-11-17_DISTRIBUTION_45;B00S_BBAS3_2014-12-12_DISTRIBUTION_44;B00S_BBAS3_2015-02-20_DISTRIBUTION_43;B00S_BBAS3_2015-03-24_DISTRIBUTION_42;B00S_BBAS3_2015-05-22_DISTRIBUTION_41;B00S_BBAS3_2015-06-12_DISTRIBUTION_40
VQ_ALL_EXCEPT_07047251000170,VQ,2014,2014-06-30,2015-06-30,HOLDING,BBDC4,60746948000112,BCO BRADESCO S.A.,Bancos,PASS,0.00124804992199688,4.0,4.4821547311663466,10.628532202254792,0.4251412880901917,BBDC4,BBDC4_2014-07-02_DISTRIBUTION_332;BBDC4_2014-08-04_DISTRIBUTION_331;BBDC4_2014-09-02_DISTRIBUTION_330;BBDC4_2014-10-02_DISTRIBUTION_329;BBDC4_2014-11-04_DISTRIBUTION_328;BBDC4_2014-12-02_DISTRIBUTION_327;BBDC4_2014-12-23_DISTRIBUTION_326;BBDC4_2015-01-05_DISTRIBUTION_325;BBDC4_2015-02-03_DISTRIBUTION_324;BBDC4_2015-02-10_DISTRIBUTION_323;BBDC4_2015-03-03_DISTRIBUTION_322;BBDC4_2015-03-27_SHARES_667;BBDC4_2015-04-02_DISTRIBUTION_321;BBDC4_2015-05-05_DISTRIBUTION_320;BBDC4_2015-06-02_DISTRIBUTION_319;BBDC4_2015-06-23_DISTRIBUTION_318
VQ_ALL_EXCEPT_07047251000170,VQ,2014,2014-06-30,2015-06-30,HOLDING,BRSR6,92702067000196,BCO ESTADO DO RIO GRANDE DO SUL S.A.,Bancos,PASS,0.0037209302325581397,4.0,3.5679269745176074,-11.936435069700957,-0.4774574027880382,BRSR6,B00S_BRSR6_2014-09-04_DISTRIBUTION_52;B00S_BRSR6_2014-11-26_DISTRIBUTION_51;B00S_BRSR6_2015-03-05_DISTRIBUTION_50;B00S_BRSR6_2015-05-04_DISTRIBUTION_49;B00S_BRSR6_2015-06-03_DISTRIBUTION_48
VQ_ALL_EXCEPT_07047251000170,VQ,2014,2014-06-30,2015-06-30,HOLDING,CMIG4,17155730000164,CIA ENERGETICA DE MINAS GERAIS - CEMIG,Energia,PASS,0.0013768415255404104,2.2222222222222223,1.8405623235707984,-18.22824134972201,-0.4050720299938224,CMIG4,CMIG4_2014-11-10_DISTRIBUTION_637;CMIG4_2014-12-29_DISTRIBUTION_638;CMIG4_2015-05-04_DISTRIBUTION_639
VQ_ALL_EXCEPT_07047251000170,VQ,2014,2014-06-30,2015-06-30,HOLDING,CPFE3,02429144000193,CPFL ENERGIA S.A.,Energia,PASS,0.0010930753675465925,2.2222222222222223,2.24460389622039,-0.2776457408304678,-0.006169905351788296,CPFE3,B00S_CPFE3_2014-09-05_DISTRIBUTION_54;B00S_CPFE3_2015-04-30_SHARES_87
VQ_ALL_EXCEPT_07047251000170,VQ,2014,2014-06-30,2015-06-30,HOLDING,CPLE6,76483817000120,CIA PARANAENSE DE ENERGIA - COPEL,Energia,PASS,0.0006559097468188377,2.2222222222222223,2.4901766997149166,10.63256347146524,0.23627918825478328,CPLE6,B00S_CPLE6_2014-11-07_DISTRIBUTION_56;B00S_CPLE6_2014-11-07_DISTRIBUTION_57;B00S_CPLE6_2015-04-24_DISTRIBUTION_55
VQ_ALL_EXCEPT_07047251000170,VQ,2014,2014-06-30,2015-06-30,HOLDING,CSMG3,17281106000103,CIA SANEAMENTO DE MINAS GERAIS-COPASA MG,Saneamento,PASS,0.0024691358024691358,10.0,3.466925640532046,-65.77173990005318,-6.57717399000532,CSMG3,B00S_CSMG3_2014-09-23_DISTRIBUTION_60;B00S_CSMG3_2015-03-25_DISTRIBUTION_59;B00S_CSMG3_2015-05-12_DISTRIBUTION_58
VQ_ALL_EXCEPT_07047251000170,VQ,2014,2014-06-30,2015-06-30,HOLDING,ENBR3,03983431000103,EDP - ENERGIAS DO BRASIL S.A.,Energia,PASS,0.002048131080389145,2.2222222222222223,2.492663866729225,10.743062321850495,0.23873471826334447,ENBR3,B00S_ENBR3_2014-12-30_DISTRIBUTION_62;B00S_ENBR3_2015-04-13_DISTRIBUTION_61
VQ_ALL_EXCEPT_07047251000170,VQ,2014,2014-06-30,2015-06-30,HOLDING,EQTL3,03220438000173,EQUATORIAL S.A.,Energia,PASS,0.0008839388314328649,2.2222222222222223,3.232238350563692,43.6005784306712,0.9689017429038046,EQTL3,B00S_EQTL3_2014-12-22_DISTRIBUTION_64;B00S_EQTL3_2015-04-20_DISTRIBUTION_63
VQ_ALL_EXCEPT_07047251000170,VQ,2014,2014-06-30,2015-06-30,HOLDING,GETI4,02998609000127,AES TIETE SA,Energia,PASS,0.0011431184270690442,2.2222222222222223,2.188852062610946,-2.7545656602697366,-0.061212570228216454,GETI4,B00S_GETI4_2014-08-07_DISTRIBUTION_83;B00S_GETI4_2015-05-11_DISTRIBUTION_84
VQ_ALL_EXCEPT_07047251000170,VQ,2014,2014-06-30,2015-06-30,HOLDING,ITUB4,60872504000123,ITAU UNIBANCO HOLDING S.A.,Bancos,PASS,0.0012511729746637473,4.0,4.509975008444454,11.315192218549196,0.45260768874196766,ITUB4,ITUB4_2014-07-01_DISTRIBUTION_295;ITUB4_2014-08-01_DISTRIBUTION_294;ITUB4_2014-08-14_DISTRIBUTION_293;ITUB4_2014-09-01_DISTRIBUTION_292;ITUB4_2014-10-01_DISTRIBUTION_291;ITUB4_2014-11-03_DISTRIBUTION_290;ITUB4_2014-12-01_DISTRIBUTION_289;ITUB4_2015-01-02_DISTRIBUTION_288;ITUB4_2015-02-02_DISTRIBUTION_287;ITUB4_2015-02-11_DISTRIBUTION_285;ITUB4_2015-02-11_DISTRIBUTION_286;ITUB4_2015-03-02_DISTRIBUTION_284;ITUB4_2015-04-01_DISTRIBUTION_283;ITUB4_2015-05-04_DISTRIBUTION_282;ITUB4_2015-06-01_DISTRIBUTION_281
VQ_ALL_EXCEPT_07047251000170,VQ,2014,2014-06-30,2015-06-30,HOLDING,LIGT3,03378521000175,LIGHT SA,Energia,PASS,0.0010307153164296023,2.2222222222222223,1.8584382992433557,-17.434054730983284,-0.3874234384662951,LIGT3,B00S_LIGT3_2015-04-13_DISTRIBUTION_86
VQ_ALL_EXCEPT_07047251000170,VQ,2014,2014-06-30,2015-06-30,HOLDING,PSSA3,02149205000169,PORTO SEGURO S.A.,Seguros,PASS,0.006277463904582549,20.0,27.553389926640087,36.01454066657732,7.202908133315466,PSSA3,B00S_PSSA3_2014-10-30_DISTRIBUTION_67;B00S_PSSA3_2014-12-23_DISTRIBUTION_66;B00S_PSSA3_2015-03-30_DISTRIBUTION_65
VQ_ALL_EXCEPT_07047251000170,VQ,2014,2014-06-30,2015-06-30,HOLDING,SBSP3,43776517000180,CIA SANEAMENTO BASICO EST SAO PAULO,Saneamento,PASS,0.004246284501061571,10.0,7.239785988326332,-28.52304791909088,-2.8523047919090883,SBSP3,B00S_SBSP3_2015-04-07_DISTRIBUTION_68
VQ_ALL_EXCEPT_07047251000170,VQ,2014,2014-06-30,2015-06-30,HOLDING,TBLE3,02474103000119,ENGIE BRASIL ENERGIA S.A.,Energia,PASS,0.0006734006734006734,2.2222222222222223,2.4620948086018255,9.384952568462479,0.20855450152138832,TBLE3,TBLE3_2014-09-12_DISTRIBUTION_372;TBLE3_2014-11-11_DISTRIBUTION_371;TBLE3_2014-11-26_DISTRIBUTION_370;TBLE3_2015-05-11_DISTRIBUTION_369
VQ_ALL_EXCEPT_07047251000170,VQ,2014,2014-06-30,2015-06-30,HOLDING,TIMP3,02558115000121,TIM PARTICIPACOES S.A.,Telecom,PASS,0.007739938080495357,10.0,8.164384205703929,-19.39467553568701,-1.939467553568701,TIMP3,B00S_TIMP3_2015-05-13_DISTRIBUTION_85
VQ_ALL_EXCEPT_07047251000170,VQ,2014,2014-06-30,2015-06-30,HOLDING,TRPL4,02998611000104,CTEEP - CIA TRANSMISSÃO ENERGIA ELÉTRICA PAULISTA,Energia,PASS,0.0008036970062286518,2.2222222222222223,3.388893375725168,50.56038454253668,1.12356410094526,TRPL4,B00S_TRPL2_2014-07-21_RIGHT_REINVEST_91;B00S_TRPL4_2014-07-17_RIGHT_90;B00S_TRPL4_2014-08-13_DISTRIBUTION_72;B00S_TRPL4_2014-11-25_DISTRIBUTION_71;B00S_TRPL4_2015-05-07_DISTRIBUTION_70;B00S_TRPL4_2015-05-27_DISTRIBUTION_69
VQ_ALL_EXCEPT_07047251000170,VQ,2014,2014-06-30,2015-06-30,HOLDING,VIVT4,02558157000162,TELEFÔNICA BRASIL S.A,Telecom,PASS,0.0022222222222222222,10.0,10.85238863770244,7.143452012423701,0.7143452012423696,VIVT4,B00S_VIVT4_2014-08-01_DISTRIBUTION_82;B00S_VIVT4_2014-09-01_DISTRIBUTION_81;B00S_VIVT4_2014-10-01_DISTRIBUTION_80;B00S_VIVT4_2014-11-03_DISTRIBUTION_79;B00S_VIVT4_2014-12-01_DISTRIBUTION_78;B00S_VIVT4_2015-01-02_DISTRIBUTION_77;B00S_VIVT4_2015-02-11_DISTRIBUTION_76;B00S_VIVT4_2015-04-10_DISTRIBUTION_75;B00S_VIVT4_2015-05-26_DISTRIBUTION_73;B00S_VIVT4_2015-05-26_DISTRIBUTION_74
VQ_ALL_EXCEPT_07047251000170,VQ,2014,2014-06-30,2015-06-30,NUMERICAL_RESIDUAL,,,,,,,,,,3.420E-15,,
VVAL_INCLUDE_17155730000164,VVAL,2014,2014-06-30,2015-06-30,HOLDING,BBDC4,60746948000112,BCO BRADESCO S.A.,Bancos,PASS,0.0078003120124804995,25.0,27.770836539495466,10.628532202254814,2.6571330505637034,BBDC4,BBDC4_2014-07-02_DISTRIBUTION_332;BBDC4_2014-08-04_DISTRIBUTION_331;BBDC4_2014-09-02_DISTRIBUTION_330;BBDC4_2014-10-02_DISTRIBUTION_329;BBDC4_2014-11-04_DISTRIBUTION_328;BBDC4_2014-12-02_DISTRIBUTION_327;BBDC4_2014-12-23_DISTRIBUTION_326;BBDC4_2015-01-05_DISTRIBUTION_325;BBDC4_2015-02-03_DISTRIBUTION_324;BBDC4_2015-02-10_DISTRIBUTION_323;BBDC4_2015-03-03_DISTRIBUTION_322;BBDC4_2015-03-27_SHARES_667;BBDC4_2015-04-02_DISTRIBUTION_321;BBDC4_2015-05-05_DISTRIBUTION_320;BBDC4_2015-06-02_DISTRIBUTION_319;BBDC4_2015-06-23_DISTRIBUTION_318
VVAL_INCLUDE_17155730000164,VVAL,2014,2014-06-30,2015-06-30,HOLDING,CMIG4,17155730000164,CIA ENERGETICA DE MINAS GERAIS - CEMIG,Energia,PASS,0.002212781023189945,3.571428571428571,2.9324263277659206,-18.22824134972203,-0.6510086196329294,CMIG4,CMIG4_2014-11-10_DISTRIBUTION_637;CMIG4_2014-12-29_DISTRIBUTION_638;CMIG4_2015-05-04_DISTRIBUTION_639
VVAL_INCLUDE_17155730000164,VVAL,2014,2014-06-30,2015-06-30,HOLDING,CPFE3,02429144000193,CPFL ENERGIA S.A.,Energia,PASS,0.0017567282692713092,3.571428571428571,3.576154676421339,-0.27764574083049,-0.009915919315374444,CPFE3,B00S_CPFE3_2014-09-05_DISTRIBUTION_54;B00S_CPFE3_2015-04-30_SHARES_87
VVAL_INCLUDE_17155730000164,VVAL,2014,2014-06-30,2015-06-30,HOLDING,CPLE6,76483817000120,CIA PARANAENSE DE ENERGIA - COPEL,Energia,PASS,0.0010541406645302748,3.571428571428571,3.9674069285882503,10.63256347146526,0.3797344096951878,CPLE6,B00S_CPLE6_2014-11-07_DISTRIBUTION_56;B00S_CPLE6_2014-11-07_DISTRIBUTION_57;B00S_CPLE6_2015-04-24_DISTRIBUTION_55
VVAL_INCLUDE_17155730000164,VVAL,2014,2014-06-30,2015-06-30,HOLDING,CSMG3,17281106000103,CIA SANEAMENTO DE MINAS GERAIS-COPASA MG,Saneamento,PASS,0.0030864197530864196,12.5,4.296122335461953,-65.77173990005318,-8.221467487506647,CSMG3,B00S_CSMG3_2014-09-23_DISTRIBUTION_60;B00S_CSMG3_2015-03-25_DISTRIBUTION_59;B00S_CSMG3_2015-05-12_DISTRIBUTION_58
VVAL_INCLUDE_17155730000164,VVAL,2014,2014-06-30,2015-06-30,HOLDING,ENBR3,03983431000103,EDP - ENERGIAS DO BRASIL S.A.,Energia,PASS,0.0032916392363396972,3.571428571428571,3.9713695404166613,10.743062321850516,0.3836807972089469,ENBR3,B00S_ENBR3_2014-12-30_DISTRIBUTION_62;B00S_ENBR3_2015-04-13_DISTRIBUTION_61
VVAL_INCLUDE_17155730000164,VVAL,2014,2014-06-30,2015-06-30,HOLDING,GETI4,02998609000127,AES TIETE SA,Energia,PASS,0.0018371546149323925,3.571428571428571,3.487329569765683,-2.7545656602697366,-0.09837734500963355,GETI4,B00S_GETI4_2014-08-07_DISTRIBUTION_83;B00S_GETI4_2015-05-11_DISTRIBUTION_84
VVAL_INCLUDE_17155730000164,VVAL,2014,2014-06-30,2015-06-30,HOLDING,LIGT3,03378521000175,LIGHT SA,Energia,PASS,0.0016565067585475749,3.571428571428571,2.9609067443350328,-17.434054730983295,-0.6226448118208321,LIGT3,B00S_LIGT3_2015-04-13_DISTRIBUTION_86
VVAL_INCLUDE_17155730000164,VVAL,2014,2014-06-30,2015-06-30,HOLDING,PSSA3,02149205000169,PORTO SEGURO S.A.,Seguros,PASS,0.007846829880728186,25.0,34.14343027656196,36.0145406665773,9.003635166644324,PSSA3,B00S_PSSA3_2014-10-30_DISTRIBUTION_67;B00S_PSSA3_2014-12-23_DISTRIBUTION_66;B00S_PSSA3_2015-03-30_DISTRIBUTION_65
VVAL_INCLUDE_17155730000164,VVAL,2014,2014-06-30,2015-06-30,HOLDING,SBSP3,43776517000180,CIA SANEAMENTO BASICO EST SAO PAULO,Saneamento,PASS,0.005307855626326964,12.5,8.971350848944102,-28.52304791909088,-3.56538098988636,SBSP3,B00S_SBSP3_2015-04-07_DISTRIBUTION_68
VVAL_INCLUDE_17155730000164,VVAL,2014,2014-06-30,2015-06-30,HOLDING,TBLE3,02474103000119,ENGIE BRASIL ENERGIA S.A.,Energia,PASS,0.0010822510822510823,3.571428571428571,3.9226662122436267,9.384952568462523,0.3351768774450897,TBLE3,TBLE3_2014-09-12_DISTRIBUTION_372;TBLE3_2014-11-11_DISTRIBUTION_371;TBLE3_2014-11-26_DISTRIBUTION_370;TBLE3_2015-05-11_DISTRIBUTION_369
VVAL_INCLUDE_17155730000164,VVAL,2014,2014-06-30,2015-06-30,NUMERICAL_RESIDUAL,,,,,,,,,,2.294E-15,,
VQ_ALL_EXCEPT_17155730000164,VQ,2014,2014-06-30,2015-06-30,HOLDING,ABCB4,28195667000106,BCO ABC BRASIL S.A.,Bancos,PASS,0.0029411764705882353,4.0,3.6632259414274135,-8.788187953393066,-0.3515275181357226,ABCB4,B00S_ABCB2_2014-07-02_RIGHT_REINVEST_89;B00S_ABCB2_2015-01-08_RIGHT_REINVEST_93;B00S_ABCB4_2014-07-01_DISTRIBUTION_39;B00S_ABCB4_2014-07-01_RIGHT_88;B00S_ABCB4_2015-01-02_DISTRIBUTION_38;B00S_ABCB4_2015-01-02_RIGHT_92
VQ_ALL_EXCEPT_17155730000164,VQ,2014,2014-06-30,2015-06-30,HOLDING,BBAS3,00000000000191,BCO BRASIL S.A.,Bancos,PASS,0.0016096579476861167,4.0,4.231806323000402,5.369073358535514,0.2147629343414205,BBAS3,B00S_BBAS3_2014-08-20_DISTRIBUTION_47;B00S_BBAS3_2014-09-12_DISTRIBUTION_46;B00S_BBAS3_2014-11-17_DISTRIBUTION_45;B00S_BBAS3_2014-12-12_DISTRIBUTION_44;B00S_BBAS3_2015-02-20_DISTRIBUTION_43;B00S_BBAS3_2015-03-24_DISTRIBUTION_42;B00S_BBAS3_2015-05-22_DISTRIBUTION_41;B00S_BBAS3_2015-06-12_DISTRIBUTION_40
VQ_ALL_EXCEPT_17155730000164,VQ,2014,2014-06-30,2015-06-30,HOLDING,BBDC4,60746948000112,BCO BRADESCO S.A.,Bancos,PASS,0.00124804992199688,4.0,4.443035391274339,10.628532202254792,0.4251412880901917,BBDC4,BBDC4_2014-07-02_DISTRIBUTION_332;BBDC4_2014-08-04_DISTRIBUTION_331;BBDC4_2014-09-02_DISTRIBUTION_330;BBDC4_2014-10-02_DISTRIBUTION_329;BBDC4_2014-11-04_DISTRIBUTION_328;BBDC4_2014-12-02_DISTRIBUTION_327;BBDC4_2014-12-23_DISTRIBUTION_326;BBDC4_2015-01-05_DISTRIBUTION_325;BBDC4_2015-02-03_DISTRIBUTION_324;BBDC4_2015-02-10_DISTRIBUTION_323;BBDC4_2015-03-03_DISTRIBUTION_322;BBDC4_2015-03-27_SHARES_667;BBDC4_2015-04-02_DISTRIBUTION_321;BBDC4_2015-05-05_DISTRIBUTION_320;BBDC4_2015-06-02_DISTRIBUTION_319;BBDC4_2015-06-23_DISTRIBUTION_318
VQ_ALL_EXCEPT_17155730000164,VQ,2014,2014-06-30,2015-06-30,HOLDING,BRSR6,92702067000196,BCO ESTADO DO RIO GRANDE DO SUL S.A.,Bancos,PASS,0.0037209302325581397,4.0,3.5367868295655622,-11.936435069700957,-0.4774574027880382,BRSR6,B00S_BRSR6_2014-09-04_DISTRIBUTION_52;B00S_BRSR6_2014-11-26_DISTRIBUTION_51;B00S_BRSR6_2015-03-05_DISTRIBUTION_50;B00S_BRSR6_2015-05-04_DISTRIBUTION_49;B00S_BRSR6_2015-06-03_DISTRIBUTION_48
VQ_ALL_EXCEPT_17155730000164,VQ,2014,2014-06-30,2015-06-30,HOLDING,COCE5,07047251000170,CIA ENERGETICA DO CEARA - COELCE,Energia,PASS,0.0006367398917542184,2.2222222222222223,2.697278040984969,20.88866997611727,0.4641926661359392,COCE5,B00S_COCE5_2015-04-28_DISTRIBUTION_53
VQ_ALL_EXCEPT_17155730000164,VQ,2014,2014-06-30,2015-06-30,HOLDING,CPFE3,02429144000193,CPFL ENERGIA S.A.,Energia,PASS,0.0010930753675465925,2.2222222222222223,2.225013447428293,-0.2776457408304678,-0.006169905351788296,CPFE3,B00S_CPFE3_2014-09-05_DISTRIBUTION_54;B00S_CPFE3_2015-04-30_SHARES_87
VQ_ALL_EXCEPT_17155730000164,VQ,2014,2014-06-30,2015-06-30,HOLDING,CPLE6,76483817000120,CIA PARANAENSE DE ENERGIA - COPEL,Energia,PASS,0.0006559097468188377,2.2222222222222223,2.468442941165721,10.63256347146524,0.23627918825478328,CPLE6,B00S_CPLE6_2014-11-07_DISTRIBUTION_56;B00S_CPLE6_2014-11-07_DISTRIBUTION_57;B00S_CPLE6_2015-04-24_DISTRIBUTION_55
VQ_ALL_EXCEPT_17155730000164,VQ,2014,2014-06-30,2015-06-30,HOLDING,CSMG3,17281106000103,CIA SANEAMENTO DE MINAS GERAIS-COPASA MG,Saneamento,PASS,0.0024691358024691358,10.0,3.436667014793573,-65.77173990005318,-6.57717399000532,CSMG3,B00S_CSMG3_2014-09-23_DISTRIBUTION_60;B00S_CSMG3_2015-03-25_DISTRIBUTION_59;B00S_CSMG3_2015-05-12_DISTRIBUTION_58
VQ_ALL_EXCEPT_17155730000164,VQ,2014,2014-06-30,2015-06-30,HOLDING,ENBR3,03983431000103,EDP - ENERGIAS DO BRASIL S.A.,Energia,PASS,0.002048131080389145,2.2222222222222223,2.4709084006894053,10.743062321850495,0.23873471826334447,ENBR3,B00S_ENBR3_2014-12-30_DISTRIBUTION_62;B00S_ENBR3_2015-04-13_DISTRIBUTION_61
VQ_ALL_EXCEPT_17155730000164,VQ,2014,2014-06-30,2015-06-30,HOLDING,EQTL3,03220438000173,EQUATORIAL S.A.,Energia,PASS,0.0008839388314328649,2.2222222222222223,3.204028028022065,43.6005784306712,0.9689017429038046,EQTL3,B00S_EQTL3_2014-12-22_DISTRIBUTION_64;B00S_EQTL3_2015-04-20_DISTRIBUTION_63
VQ_ALL_EXCEPT_17155730000164,VQ,2014,2014-06-30,2015-06-30,HOLDING,GETI4,02998609000127,AES TIETE SA,Energia,PASS,0.0011431184270690442,2.2222222222222223,2.1697482045457166,-2.7545656602697366,-0.061212570228216454,GETI4,B00S_GETI4_2014-08-07_DISTRIBUTION_83;B00S_GETI4_2015-05-11_DISTRIBUTION_84
VQ_ALL_EXCEPT_17155730000164,VQ,2014,2014-06-30,2015-06-30,HOLDING,ITUB4,60872504000123,ITAU UNIBANCO HOLDING S.A.,Bancos,PASS,0.0012511729746637473,4.0,4.470612858799547,11.315192218549196,0.45260768874196766,ITUB4,ITUB4_2014-07-01_DISTRIBUTION_295;ITUB4_2014-08-01_DISTRIBUTION_294;ITUB4_2014-08-14_DISTRIBUTION_293;ITUB4_2014-09-01_DISTRIBUTION_292;ITUB4_2014-10-01_DISTRIBUTION_291;ITUB4_2014-11-03_DISTRIBUTION_290;ITUB4_2014-12-01_DISTRIBUTION_289;ITUB4_2015-01-02_DISTRIBUTION_288;ITUB4_2015-02-02_DISTRIBUTION_287;ITUB4_2015-02-11_DISTRIBUTION_285;ITUB4_2015-02-11_DISTRIBUTION_286;ITUB4_2015-03-02_DISTRIBUTION_284;ITUB4_2015-04-01_DISTRIBUTION_283;ITUB4_2015-05-04_DISTRIBUTION_282;ITUB4_2015-06-01_DISTRIBUTION_281
VQ_ALL_EXCEPT_17155730000164,VQ,2014,2014-06-30,2015-06-30,HOLDING,LIGT3,03378521000175,LIGHT SA,Energia,PASS,0.0010307153164296023,2.2222222222222223,1.8422182256722885,-17.434054730983284,-0.3874234384662951,LIGT3,B00S_LIGT3_2015-04-13_DISTRIBUTION_86
VQ_ALL_EXCEPT_17155730000164,VQ,2014,2014-06-30,2015-06-30,HOLDING,PSSA3,02149205000169,PORTO SEGURO S.A.,Seguros,PASS,0.006277463904582549,20.0,27.31290951256104,36.01454066657732,7.202908133315466,PSSA3,B00S_PSSA3_2014-10-30_DISTRIBUTION_67;B00S_PSSA3_2014-12-23_DISTRIBUTION_66;B00S_PSSA3_2015-03-30_DISTRIBUTION_65
VQ_ALL_EXCEPT_17155730000164,VQ,2014,2014-06-30,2015-06-30,HOLDING,SBSP3,43776517000180,CIA SANEAMENTO BASICO EST SAO PAULO,Saneamento,PASS,0.004246284501061571,10.0,7.176598600605554,-28.52304791909088,-2.8523047919090883,SBSP3,B00S_SBSP3_2015-04-07_DISTRIBUTION_68
VQ_ALL_EXCEPT_17155730000164,VQ,2014,2014-06-30,2015-06-30,HOLDING,TBLE3,02474103000119,ENGIE BRASIL ENERGIA S.A.,Energia,PASS,0.0006734006734006734,2.2222222222222223,2.4406061431181647,9.384952568462479,0.20855450152138832,TBLE3,TBLE3_2014-09-12_DISTRIBUTION_372;TBLE3_2014-11-11_DISTRIBUTION_371;TBLE3_2014-11-26_DISTRIBUTION_370;TBLE3_2015-05-11_DISTRIBUTION_369
VQ_ALL_EXCEPT_17155730000164,VQ,2014,2014-06-30,2015-06-30,HOLDING,TIMP3,02558115000121,TIM PARTICIPACOES S.A.,Telecom,PASS,0.007739938080495357,10.0,8.09312711175957,-19.39467553568701,-1.939467553568701,TIMP3,B00S_TIMP3_2015-05-13_DISTRIBUTION_85
VQ_ALL_EXCEPT_17155730000164,VQ,2014,2014-06-30,2015-06-30,HOLDING,TRPL4,02998611000104,CTEEP - CIA TRANSMISSÃO ENERGIA ELÉTRICA PAULISTA,Energia,PASS,0.0008036970062286518,2.2222222222222223,3.35931579981041,50.56038454253668,1.12356410094526,TRPL4,B00S_TRPL2_2014-07-21_RIGHT_REINVEST_91;B00S_TRPL4_2014-07-17_RIGHT_90;B00S_TRPL4_2014-08-13_DISTRIBUTION_72;B00S_TRPL4_2014-11-25_DISTRIBUTION_71;B00S_TRPL4_2015-05-07_DISTRIBUTION_70;B00S_TRPL4_2015-05-27_DISTRIBUTION_69
VQ_ALL_EXCEPT_17155730000164,VQ,2014,2014-06-30,2015-06-30,HOLDING,VIVT4,02558157000162,TELEFÔNICA BRASIL S.A,Telecom,PASS,0.0022222222222222222,10.0,10.757671184775962,7.143452012423701,0.7143452012423696,VIVT4,B00S_VIVT4_2014-08-01_DISTRIBUTION_82;B00S_VIVT4_2014-09-01_DISTRIBUTION_81;B00S_VIVT4_2014-10-01_DISTRIBUTION_80;B00S_VIVT4_2014-11-03_DISTRIBUTION_79;B00S_VIVT4_2014-12-01_DISTRIBUTION_78;B00S_VIVT4_2015-01-02_DISTRIBUTION_77;B00S_VIVT4_2015-02-11_DISTRIBUTION_76;B00S_VIVT4_2015-04-10_DISTRIBUTION_75;B00S_VIVT4_2015-05-26_DISTRIBUTION_73;B00S_VIVT4_2015-05-26_DISTRIBUTION_74
VQ_ALL_EXCEPT_17155730000164,VQ,2014,2014-06-30,2015-06-30,NUMERICAL_RESIDUAL,,,,,,,,,,9.720E-15,,
VVAL_INCLUDE_17281106000103,VVAL,2014,2014-06-30,2015-06-30,HOLDING,BBDC4,60746948000112,BCO BRADESCO S.A.,Bancos,PASS,0.0078003120124804995,25.0,27.573626483773154,10.628532202254814,2.6571330505637034,BBDC4,BBDC4_2014-07-02_DISTRIBUTION_332;BBDC4_2014-08-04_DISTRIBUTION_331;BBDC4_2014-09-02_DISTRIBUTION_330;BBDC4_2014-10-02_DISTRIBUTION_329;BBDC4_2014-11-04_DISTRIBUTION_328;BBDC4_2014-12-02_DISTRIBUTION_327;BBDC4_2014-12-23_DISTRIBUTION_326;BBDC4_2015-01-05_DISTRIBUTION_325;BBDC4_2015-02-03_DISTRIBUTION_324;BBDC4_2015-02-10_DISTRIBUTION_323;BBDC4_2015-03-03_DISTRIBUTION_322;BBDC4_2015-03-27_SHARES_667;BBDC4_2015-04-02_DISTRIBUTION_321;BBDC4_2015-05-05_DISTRIBUTION_320;BBDC4_2015-06-02_DISTRIBUTION_319;BBDC4_2015-06-23_DISTRIBUTION_318
VVAL_INCLUDE_17281106000103,VVAL,2014,2014-06-30,2015-06-30,HOLDING,CPFE3,02429144000193,CPFL ENERGIA S.A.,Energia,PASS,0.0020495163141498606,4.166666666666666,4.142552398383897,-0.27764574083049,-0.01156857253460375,CPFE3,B00S_CPFE3_2014-09-05_DISTRIBUTION_54;B00S_CPFE3_2015-04-30_SHARES_87
VVAL_INCLUDE_17281106000103,VVAL,2014,2014-06-30,2015-06-30,HOLDING,CPLE6,76483817000120,CIA PARANAENSE DE ENERGIA - COPEL,Energia,PASS,0.0012298307752853207,4.166666666666666,4.595771876353754,10.632563471465284,0.4430234779777199,CPLE6,B00S_CPLE6_2014-11-07_DISTRIBUTION_56;B00S_CPLE6_2014-11-07_DISTRIBUTION_57;B00S_CPLE6_2015-04-24_DISTRIBUTION_55
VVAL_INCLUDE_17281106000103,VVAL,2014,2014-06-30,2015-06-30,HOLDING,CSMG3,17281106000103,CIA SANEAMENTO DE MINAS GERAIS-COPASA MG,Saneamento,PASS,0.0030864197530864196,12.5,4.26561412502467,-65.77173990005318,-8.221467487506647,CSMG3,B00S_CSMG3_2014-09-23_DISTRIBUTION_60;B00S_CSMG3_2015-03-25_DISTRIBUTION_59;B00S_CSMG3_2015-05-12_DISTRIBUTION_58
VVAL_INCLUDE_17281106000103,VVAL,2014,2014-06-30,2015-06-30,HOLDING,ENBR3,03983431000103,EDP - ENERGIAS DO BRASIL S.A.,Energia,PASS,0.0038402457757296467,4.166666666666666,4.600362093673456,10.743062321850516,0.4476275967437715,ENBR3,B00S_ENBR3_2014-12-30_DISTRIBUTION_62;B00S_ENBR3_2015-04-13_DISTRIBUTION_61
VVAL_INCLUDE_17281106000103,VVAL,2014,2014-06-30,2015-06-30,HOLDING,GETI4,02998609000127,AES TIETE SA,Energia,PASS,0.002143347050754458,4.166666666666666,4.039659013755099,-2.7545656602697477,-0.11477356917790615,GETI4,B00S_GETI4_2014-08-07_DISTRIBUTION_83;B00S_GETI4_2015-05-11_DISTRIBUTION_84
VVAL_INCLUDE_17281106000103,VVAL,2014,2014-06-30,2015-06-30,HOLDING,LIGT3,03378521000175,LIGHT SA,Energia,PASS,0.001932591218305504,4.166666666666666,3.4298604073273626,-17.434054730983306,-0.7264189471243042,LIGT3,B00S_LIGT3_2015-04-13_DISTRIBUTION_86
VVAL_INCLUDE_17281106000103,VVAL,2014,2014-06-30,2015-06-30,HOLDING,PSSA3,02149205000169,PORTO SEGURO S.A.,Seguros,PASS,0.007846829880728186,25.0,33.90096628820441,36.0145406665773,9.003635166644324,PSSA3,B00S_PSSA3_2014-10-30_DISTRIBUTION_67;B00S_PSSA3_2014-12-23_DISTRIBUTION_66;B00S_PSSA3_2015-03-30_DISTRIBUTION_65
VVAL_INCLUDE_17281106000103,VVAL,2014,2014-06-30,2015-06-30,HOLDING,SBSP3,43776517000180,CIA SANEAMENTO BASICO EST SAO PAULO,Saneamento,PASS,0.005307855626326964,12.5,8.90764226752242,-28.52304791909088,-3.56538098988636,SBSP3,B00S_SBSP3_2015-04-07_DISTRIBUTION_68
VVAL_INCLUDE_17281106000103,VVAL,2014,2014-06-30,2015-06-30,HOLDING,TBLE3,02474103000119,ENGIE BRASIL ENERGIA S.A.,Energia,PASS,0.0012626262626262625,4.166666666666666,4.543945045981777,9.384952568462502,0.3910396903526042,TBLE3,TBLE3_2014-09-12_DISTRIBUTION_372;TBLE3_2014-11-11_DISTRIBUTION_371;TBLE3_2014-11-26_DISTRIBUTION_370;TBLE3_2015-05-11_DISTRIBUTION_369
VVAL_INCLUDE_17281106000103,VVAL,2014,2014-06-30,2015-06-30,NUMERICAL_RESIDUAL,,,,,,,,,,-4.25E-15,,
VQ_ALL_EXCEPT_17281106000103,VQ,2014,2014-06-30,2015-06-30,HOLDING,ABCB4,28195667000106,BCO ABC BRASIL S.A.,Bancos,PASS,0.0029411764705882353,4.0,3.5532795103437538,-8.788187953393066,-0.3515275181357226,ABCB4,B00S_ABCB2_2014-07-02_RIGHT_REINVEST_89;B00S_ABCB2_2015-01-08_RIGHT_REINVEST_93;B00S_ABCB4_2014-07-01_DISTRIBUTION_39;B00S_ABCB4_2014-07-01_RIGHT_88;B00S_ABCB4_2015-01-02_DISTRIBUTION_38;B00S_ABCB4_2015-01-02_RIGHT_92
VQ_ALL_EXCEPT_17281106000103,VQ,2014,2014-06-30,2015-06-30,HOLDING,BBAS3,00000000000191,BCO BRASIL S.A.,Bancos,PASS,0.0016096579476861167,4.0,4.1047947737019,5.369073358535514,0.2147629343414205,BBAS3,B00S_BBAS3_2014-08-20_DISTRIBUTION_47;B00S_BBAS3_2014-09-12_DISTRIBUTION_46;B00S_BBAS3_2014-11-17_DISTRIBUTION_45;B00S_BBAS3_2014-12-12_DISTRIBUTION_44;B00S_BBAS3_2015-02-20_DISTRIBUTION_43;B00S_BBAS3_2015-03-24_DISTRIBUTION_42;B00S_BBAS3_2015-05-22_DISTRIBUTION_41;B00S_BBAS3_2015-06-12_DISTRIBUTION_40
VQ_ALL_EXCEPT_17281106000103,VQ,2014,2014-06-30,2015-06-30,HOLDING,BBDC4,60746948000112,BCO BRADESCO S.A.,Bancos,PASS,0.00124804992199688,4.0,4.309684106843695,10.628532202254792,0.4251412880901917,BBDC4,BBDC4_2014-07-02_DISTRIBUTION_332;BBDC4_2014-08-04_DISTRIBUTION_331;BBDC4_2014-09-02_DISTRIBUTION_330;BBDC4_2014-10-02_DISTRIBUTION_329;BBDC4_2014-11-04_DISTRIBUTION_328;BBDC4_2014-12-02_DISTRIBUTION_327;BBDC4_2014-12-23_DISTRIBUTION_326;BBDC4_2015-01-05_DISTRIBUTION_325;BBDC4_2015-02-03_DISTRIBUTION_324;BBDC4_2015-02-10_DISTRIBUTION_323;BBDC4_2015-03-03_DISTRIBUTION_322;BBDC4_2015-03-27_SHARES_667;BBDC4_2015-04-02_DISTRIBUTION_321;BBDC4_2015-05-05_DISTRIBUTION_320;BBDC4_2015-06-02_DISTRIBUTION_319;BBDC4_2015-06-23_DISTRIBUTION_318
VQ_ALL_EXCEPT_17281106000103,VQ,2014,2014-06-30,2015-06-30,HOLDING,BRSR6,92702067000196,BCO ESTADO DO RIO GRANDE DO SUL S.A.,Bancos,PASS,0.0037209302325581397,4.0,3.43063528564444,-11.936435069700957,-0.4774574027880382,BRSR6,B00S_BRSR6_2014-09-04_DISTRIBUTION_52;B00S_BRSR6_2014-11-26_DISTRIBUTION_51;B00S_BRSR6_2015-03-05_DISTRIBUTION_50;B00S_BRSR6_2015-05-04_DISTRIBUTION_49;B00S_BRSR6_2015-06-03_DISTRIBUTION_48
VQ_ALL_EXCEPT_17281106000103,VQ,2014,2014-06-30,2015-06-30,HOLDING,CMIG4,17155730000164,CIA ENERGETICA DE MINAS GERAIS - CEMIG,Energia,PASS,0.0012391573729863693,2.0,1.5927647308900057,-18.22824134972203,-0.3645648269944405,CMIG4,CMIG4_2014-11-10_DISTRIBUTION_637;CMIG4_2014-12-29_DISTRIBUTION_638;CMIG4_2015-05-04_DISTRIBUTION_639
VQ_ALL_EXCEPT_17281106000103,VQ,2014,2014-06-30,2015-06-30,HOLDING,COCE5,07047251000170,CIA ENERGETICA DO CEARA - COELCE,Energia,PASS,0.0005730659025787966,2.0,2.354690825785567,20.88866997611727,0.4177733995223455,COCE5,B00S_COCE5_2015-04-28_DISTRIBUTION_53
VQ_ALL_EXCEPT_17281106000103,VQ,2014,2014-06-30,2015-06-30,HOLDING,CPFE3,02429144000193,CPFL ENERGIA S.A.,Energia,PASS,0.0009837678307919333,2.0,1.942409596748767,-0.2776457408305011,-0.005552914816609952,CPFE3,B00S_CPFE3_2014-09-05_DISTRIBUTION_54;B00S_CPFE3_2015-04-30_SHARES_87
VQ_ALL_EXCEPT_17281106000103,VQ,2014,2014-06-30,2015-06-30,HOLDING,CPLE6,76483817000120,CIA PARANAENSE DE ENERGIA - COPEL,Energia,PASS,0.0005903187721369539,2.0,2.1549205751942186,10.63256347146526,0.21265126942930507,CPLE6,B00S_CPLE6_2014-11-07_DISTRIBUTION_56;B00S_CPLE6_2014-11-07_DISTRIBUTION_57;B00S_CPLE6_2015-04-24_DISTRIBUTION_55
VQ_ALL_EXCEPT_17281106000103,VQ,2014,2014-06-30,2015-06-30,HOLDING,ENBR3,03983431000103,EDP - ENERGIAS DO BRASIL S.A.,Energia,PASS,0.0018433179723502304,2.0,2.157072891282347,10.743062321850516,0.21486124643701027,ENBR3,B00S_ENBR3_2014-12-30_DISTRIBUTION_62;B00S_ENBR3_2015-04-13_DISTRIBUTION_61
VQ_ALL_EXCEPT_17281106000103,VQ,2014,2014-06-30,2015-06-30,HOLDING,EQTL3,03220438000173,EQUATORIAL S.A.,Energia,PASS,0.0007955449482895784,2.0,2.797077382644744,43.60057843067124,0.8720115686134247,EQTL3,B00S_EQTL3_2014-12-22_DISTRIBUTION_64;B00S_EQTL3_2015-04-20_DISTRIBUTION_63
VQ_ALL_EXCEPT_17281106000103,VQ,2014,2014-06-30,2015-06-30,HOLDING,GETI4,02998609000127,AES TIETE SA,Energia,PASS,0.0010288065843621398,2.0,1.894163713890916,-2.754565660269759,-0.05509131320539512,GETI4,B00S_GETI4_2014-08-07_DISTRIBUTION_83;B00S_GETI4_2015-05-11_DISTRIBUTION_84
VQ_ALL_EXCEPT_17281106000103,VQ,2014,2014-06-30,2015-06-30,HOLDING,ITUB4,60872504000123,ITAU UNIBANCO HOLDING S.A.,Bancos,PASS,0.0012511729746637473,4.0,4.336433876547036,11.315192218549196,0.45260768874196766,ITUB4,ITUB4_2014-07-01_DISTRIBUTION_295;ITUB4_2014-08-01_DISTRIBUTION_294;ITUB4_2014-08-14_DISTRIBUTION_293;ITUB4_2014-09-01_DISTRIBUTION_292;ITUB4_2014-10-01_DISTRIBUTION_291;ITUB4_2014-11-03_DISTRIBUTION_290;ITUB4_2014-12-01_DISTRIBUTION_289;ITUB4_2015-01-02_DISTRIBUTION_288;ITUB4_2015-02-02_DISTRIBUTION_287;ITUB4_2015-02-11_DISTRIBUTION_285;ITUB4_2015-02-11_DISTRIBUTION_286;ITUB4_2015-03-02_DISTRIBUTION_284;ITUB4_2015-04-01_DISTRIBUTION_283;ITUB4_2015-05-04_DISTRIBUTION_282;ITUB4_2015-06-01_DISTRIBUTION_281
VQ_ALL_EXCEPT_17281106000103,VQ,2014,2014-06-30,2015-06-30,HOLDING,LIGT3,03378521000175,LIGHT SA,Energia,PASS,0.000927643784786642,2.0,1.6082340378604207,-17.434054730983295,-0.3486810946196659,LIGT3,B00S_LIGT3_2015-04-13_DISTRIBUTION_86
VQ_ALL_EXCEPT_17281106000103,VQ,2014,2014-06-30,2015-06-30,HOLDING,PSSA3,02149205000169,PORTO SEGURO S.A.,Seguros,PASS,0.006277463904582549,20.0,26.493152017000472,36.01454066657732,7.202908133315466,PSSA3,B00S_PSSA3_2014-10-30_DISTRIBUTION_67;B00S_PSSA3_2014-12-23_DISTRIBUTION_66;B00S_PSSA3_2015-03-30_DISTRIBUTION_65
VQ_ALL_EXCEPT_17281106000103,VQ,2014,2014-06-30,2015-06-30,HOLDING,SBSP3,43776517000180,CIA SANEAMENTO BASICO EST SAO PAULO,Saneamento,PASS,0.008492569002123142,20.0,13.922406736154993,-28.52304791909088,-5.7046095838181765,SBSP3,B00S_SBSP3_2015-04-07_DISTRIBUTION_68
VQ_ALL_EXCEPT_17281106000103,VQ,2014,2014-06-30,2015-06-30,HOLDING,TBLE3,02474103000119,ENGIE BRASIL ENERGIA S.A.,Energia,PASS,0.0006060606060606061,2.0,2.1306193900787647,9.384952568462502,0.18769905136925003,TBLE3,TBLE3_2014-09-12_DISTRIBUTION_372;TBLE3_2014-11-11_DISTRIBUTION_371;TBLE3_2014-11-26_DISTRIBUTION_370;TBLE3_2015-05-11_DISTRIBUTION_369
VQ_ALL_EXCEPT_17281106000103,VQ,2014,2014-06-30,2015-06-30,HOLDING,TIMP3,02558115000121,TIM PARTICIPACOES S.A.,Telecom,PASS,0.007739938080495357,10.0,7.850223600900055,-19.39467553568701,-1.939467553568701,TIMP3,B00S_TIMP3_2015-05-13_DISTRIBUTION_85
VQ_ALL_EXCEPT_17281106000103,VQ,2014,2014-06-30,2015-06-30,HOLDING,TRPL4,02998611000104,CTEEP - CIA TRANSMISSÃO ENERGIA ELÉTRICA PAULISTA,Energia,PASS,0.0007233273056057867,2.0,2.9326417130662272,50.56038454253673,1.0112076908507346,TRPL4,B00S_TRPL2_2014-07-21_RIGHT_REINVEST_91;B00S_TRPL4_2014-07-17_RIGHT_90;B00S_TRPL4_2014-08-13_DISTRIBUTION_72;B00S_TRPL4_2014-11-25_DISTRIBUTION_71;B00S_TRPL4_2015-05-07_DISTRIBUTION_70;B00S_TRPL4_2015-05-27_DISTRIBUTION_69
VQ_ALL_EXCEPT_17281106000103,VQ,2014,2014-06-30,2015-06-30,HOLDING,VIVT4,02558157000162,TELEFÔNICA BRASIL S.A,Telecom,PASS,0.0022222222222222222,10.0,10.43479523542167,7.143452012423701,0.7143452012423696,VIVT4,B00S_VIVT4_2014-08-01_DISTRIBUTION_82;B00S_VIVT4_2014-09-01_DISTRIBUTION_81;B00S_VIVT4_2014-10-01_DISTRIBUTION_80;B00S_VIVT4_2014-11-03_DISTRIBUTION_79;B00S_VIVT4_2014-12-01_DISTRIBUTION_78;B00S_VIVT4_2015-01-02_DISTRIBUTION_77;B00S_VIVT4_2015-02-11_DISTRIBUTION_76;B00S_VIVT4_2015-04-10_DISTRIBUTION_75;B00S_VIVT4_2015-05-26_DISTRIBUTION_73;B00S_VIVT4_2015-05-26_DISTRIBUTION_74
VQ_ALL_EXCEPT_17281106000103,VQ,2014,2014-06-30,2015-06-30,NUMERICAL_RESIDUAL,,,,,,,,,,8.542E-15,,
VVAL_INCLUDE_28195667000106,VVAL,2014,2014-06-30,2015-06-30,HOLDING,ABCB4,28195667000106,BCO ABC BRASIL S.A.,Bancos,PASS,0.009191176470588236,12.5,11.648927759146826,-8.788187953393056,-1.098523494174132,ABCB4,B00S_ABCB2_2014-07-02_RIGHT_REINVEST_89;B00S_ABCB2_2015-01-08_RIGHT_REINVEST_93;B00S_ABCB4_2014-07-01_DISTRIBUTION_39;B00S_ABCB4_2014-07-01_RIGHT_88;B00S_ABCB4_2015-01-02_DISTRIBUTION_38;B00S_ABCB4_2015-01-02_RIGHT_92
VVAL_INCLUDE_28195667000106,VVAL,2014,2014-06-30,2015-06-30,HOLDING,BBDC4,60746948000112,BCO BRADESCO S.A.,Bancos,PASS,0.0039001560062402497,12.5,14.128693979525586,10.628532202254814,1.3285665252818517,BBDC4,BBDC4_2014-07-02_DISTRIBUTION_332;BBDC4_2014-08-04_DISTRIBUTION_331;BBDC4_2014-09-02_DISTRIBUTION_330;BBDC4_2014-10-02_DISTRIBUTION_329;BBDC4_2014-11-04_DISTRIBUTION_328;BBDC4_2014-12-02_DISTRIBUTION_327;BBDC4_2014-12-23_DISTRIBUTION_326;BBDC4_2015-01-05_DISTRIBUTION_325;BBDC4_2015-02-03_DISTRIBUTION_324;BBDC4_2015-02-10_DISTRIBUTION_323;BBDC4_2015-03-03_DISTRIBUTION_322;BBDC4_2015-03-27_SHARES_667;BBDC4_2015-04-02_DISTRIBUTION_321;BBDC4_2015-05-05_DISTRIBUTION_320;BBDC4_2015-06-02_DISTRIBUTION_319;BBDC4_2015-06-23_DISTRIBUTION_318
VVAL_INCLUDE_28195667000106,VVAL,2014,2014-06-30,2015-06-30,HOLDING,CPFE3,02429144000193,CPFL ENERGIA S.A.,Energia,PASS,0.0020495163141498606,4.166666666666666,4.245278013420511,-0.27764574083049,-0.01156857253460375,CPFE3,B00S_CPFE3_2014-09-05_DISTRIBUTION_54;B00S_CPFE3_2015-04-30_SHARES_87
VVAL_INCLUDE_28195667000106,VVAL,2014,2014-06-30,2015-06-30,HOLDING,CPLE6,76483817000120,CIA PARANAENSE DE ENERGIA - COPEL,Energia,PASS,0.0012298307752853207,4.166666666666666,4.709736274909241,10.632563471465284,0.4430234779777199,CPLE6,B00S_CPLE6_2014-11-07_DISTRIBUTION_56;B00S_CPLE6_2014-11-07_DISTRIBUTION_57;B00S_CPLE6_2015-04-24_DISTRIBUTION_55
VVAL_INCLUDE_28195667000106,VVAL,2014,2014-06-30,2015-06-30,HOLDING,CSMG3,17281106000103,CIA SANEAMENTO DE MINAS GERAIS-COPASA MG,Saneamento,PASS,0.0030864197530864196,12.5,4.371391383188736,-65.77173990005318,-8.221467487506647,CSMG3,B00S_CSMG3_2014-09-23_DISTRIBUTION_60;B00S_CSMG3_2015-03-25_DISTRIBUTION_59;B00S_CSMG3_2015-05-12_DISTRIBUTION_58
VVAL_INCLUDE_28195667000106,VVAL,2014,2014-06-30,2015-06-30,HOLDING,ENBR3,03983431000103,EDP - ENERGIAS DO BRASIL S.A.,Energia,PASS,0.0038402457757296467,4.166666666666666,4.71444031888748,10.743062321850516,0.4476275967437715,ENBR3,B00S_ENBR3_2014-12-30_DISTRIBUTION_62;B00S_ENBR3_2015-04-13_DISTRIBUTION_61
VVAL_INCLUDE_28195667000106,VVAL,2014,2014-06-30,2015-06-30,HOLDING,GETI4,02998609000127,AES TIETE SA,Energia,PASS,0.002143347050754458,4.166666666666666,4.1398331133966835,-2.7545656602697477,-0.11477356917790615,GETI4,B00S_GETI4_2014-08-07_DISTRIBUTION_83;B00S_GETI4_2015-05-11_DISTRIBUTION_84
VVAL_INCLUDE_28195667000106,VVAL,2014,2014-06-30,2015-06-30,HOLDING,LIGT3,03378521000175,LIGHT SA,Energia,PASS,0.001932591218305504,4.166666666666666,3.5149129271144117,-17.434054730983306,-0.7264189471243042,LIGT3,B00S_LIGT3_2015-04-13_DISTRIBUTION_86
VVAL_INCLUDE_28195667000106,VVAL,2014,2014-06-30,2015-06-30,HOLDING,PSSA3,02149205000169,PORTO SEGURO S.A.,Seguros,PASS,0.007846829880728186,25.0,34.74163099860129,36.0145406665773,9.003635166644324,PSSA3,B00S_PSSA3_2014-10-30_DISTRIBUTION_67;B00S_PSSA3_2014-12-23_DISTRIBUTION_66;B00S_PSSA3_2015-03-30_DISTRIBUTION_65
VVAL_INCLUDE_28195667000106,VVAL,2014,2014-06-30,2015-06-30,HOLDING,SBSP3,43776517000180,CIA SANEAMENTO BASICO EST SAO PAULO,Saneamento,PASS,0.005307855626326964,12.5,9.12853097150462,-28.52304791909088,-3.56538098988636,SBSP3,B00S_SBSP3_2015-04-07_DISTRIBUTION_68
VVAL_INCLUDE_28195667000106,VVAL,2014,2014-06-30,2015-06-30,HOLDING,TBLE3,02474103000119,ENGIE BRASIL ENERGIA S.A.,Energia,PASS,0.0012626262626262625,4.166666666666666,4.656624260304607,9.384952568462502,0.3910396903526042,TBLE3,TBLE3_2014-09-12_DISTRIBUTION_372;TBLE3_2014-11-11_DISTRIBUTION_371;TBLE3_2014-11-26_DISTRIBUTION_370;TBLE3_2015-05-11_DISTRIBUTION_369
VVAL_INCLUDE_28195667000106,VVAL,2014,2014-06-30,2015-06-30,NUMERICAL_RESIDUAL,,,,,,,,,,-2.0E-16,,
VQ_ALL_EXCEPT_28195667000106,VQ,2014,2014-06-30,2015-06-30,HOLDING,BBAS3,00000000000191,BCO BRASIL S.A.,Bancos,PASS,0.002012072434607646,5.0,5.297087646696224,5.369073358535514,0.26845366792677544,BBAS3,B00S_BBAS3_2014-08-20_DISTRIBUTION_47;B00S_BBAS3_2014-09-12_DISTRIBUTION_46;B00S_BBAS3_2014-11-17_DISTRIBUTION_45;B00S_BBAS3_2014-12-12_DISTRIBUTION_44;B00S_BBAS3_2015-02-20_DISTRIBUTION_43;B00S_BBAS3_2015-03-24_DISTRIBUTION_42;B00S_BBAS3_2015-05-22_DISTRIBUTION_41;B00S_BBAS3_2015-06-12_DISTRIBUTION_40
VQ_ALL_EXCEPT_28195667000106,VQ,2014,2014-06-30,2015-06-30,HOLDING,BBDC4,60746948000112,BCO BRADESCO S.A.,Bancos,PASS,0.0015600624024961001,5.0,5.561489843482894,10.628532202254792,0.5314266101127396,BBDC4,BBDC4_2014-07-02_DISTRIBUTION_332;BBDC4_2014-08-04_DISTRIBUTION_331;BBDC4_2014-09-02_DISTRIBUTION_330;BBDC4_2014-10-02_DISTRIBUTION_329;BBDC4_2014-11-04_DISTRIBUTION_328;BBDC4_2014-12-02_DISTRIBUTION_327;BBDC4_2014-12-23_DISTRIBUTION_326;BBDC4_2015-01-05_DISTRIBUTION_325;BBDC4_2015-02-03_DISTRIBUTION_324;BBDC4_2015-02-10_DISTRIBUTION_323;BBDC4_2015-03-03_DISTRIBUTION_322;BBDC4_2015-03-27_SHARES_667;BBDC4_2015-04-02_DISTRIBUTION_321;BBDC4_2015-05-05_DISTRIBUTION_320;BBDC4_2015-06-02_DISTRIBUTION_319;BBDC4_2015-06-23_DISTRIBUTION_318
VQ_ALL_EXCEPT_28195667000106,VQ,2014,2014-06-30,2015-06-30,HOLDING,BRSR6,92702067000196,BCO ESTADO DO RIO GRANDE DO SUL S.A.,Bancos,PASS,0.004651162790697674,5.0,4.42710946435907,-11.936435069700979,-0.5968217534850488,BRSR6,B00S_BRSR6_2014-09-04_DISTRIBUTION_52;B00S_BRSR6_2014-11-26_DISTRIBUTION_51;B00S_BRSR6_2015-03-05_DISTRIBUTION_50;B00S_BRSR6_2015-05-04_DISTRIBUTION_49;B00S_BRSR6_2015-06-03_DISTRIBUTION_48
VQ_ALL_EXCEPT_28195667000106,VQ,2014,2014-06-30,2015-06-30,HOLDING,CMIG4,17155730000164,CIA ENERGETICA DE MINAS GERAIS - CEMIG,Energia,PASS,0.0012391573729863693,2.0,1.64432374239884,-18.22824134972203,-0.3645648269944405,CMIG4,CMIG4_2014-11-10_DISTRIBUTION_637;CMIG4_2014-12-29_DISTRIBUTION_638;CMIG4_2015-05-04_DISTRIBUTION_639
VQ_ALL_EXCEPT_28195667000106,VQ,2014,2014-06-30,2015-06-30,HOLDING,COCE5,07047251000170,CIA ENERGETICA DO CEARA - COELCE,Energia,PASS,0.0005730659025787966,2.0,2.4309139672401026,20.88866997611727,0.4177733995223455,COCE5,B00S_COCE5_2015-04-28_DISTRIBUTION_53
VQ_ALL_EXCEPT_28195667000106,VQ,2014,2014-06-30,2015-06-30,HOLDING,CPFE3,02429144000193,CPFL ENERGIA S.A.,Energia,PASS,0.0009837678307919333,2.0,2.0052868797594714,-0.2776457408305011,-0.005552914816609952,CPFE3,B00S_CPFE3_2014-09-05_DISTRIBUTION_54;B00S_CPFE3_2015-04-30_SHARES_87
VQ_ALL_EXCEPT_28195667000106,VQ,2014,2014-06-30,2015-06-30,HOLDING,CPLE6,76483817000120,CIA PARANAENSE DE ENERGIA - COPEL,Energia,PASS,0.0005903187721369539,2.0,2.224677000975306,10.63256347146526,0.21265126942930507,CPLE6,B00S_CPLE6_2014-11-07_DISTRIBUTION_56;B00S_CPLE6_2014-11-07_DISTRIBUTION_57;B00S_CPLE6_2015-04-24_DISTRIBUTION_55
VQ_ALL_EXCEPT_28195667000106,VQ,2014,2014-06-30,2015-06-30,HOLDING,CSMG3,17281106000103,CIA SANEAMENTO DE MINAS GERAIS-COPASA MG,Saneamento,PASS,0.0024691358024691358,10.0,3.441429025884972,-65.77173990005318,-6.57717399000532,CSMG3,B00S_CSMG3_2014-09-23_DISTRIBUTION_60;B00S_CSMG3_2015-03-25_DISTRIBUTION_59;B00S_CSMG3_2015-05-12_DISTRIBUTION_58
VQ_ALL_EXCEPT_28195667000106,VQ,2014,2014-06-30,2015-06-30,HOLDING,ENBR3,03983431000103,EDP - ENERGIAS DO BRASIL S.A.,Energia,PASS,0.0018433179723502304,2.0,2.2268989891799786,10.743062321850516,0.21486124643701027,ENBR3,B00S_ENBR3_2014-12-30_DISTRIBUTION_62;B00S_ENBR3_2015-04-13_DISTRIBUTION_61
VQ_ALL_EXCEPT_28195667000106,VQ,2014,2014-06-30,2015-06-30,HOLDING,EQTL3,03220438000173,EQUATORIAL S.A.,Energia,PASS,0.0007955449482895784,2.0,2.887620915010818,43.60057843067124,0.8720115686134247,EQTL3,B00S_EQTL3_2014-12-22_DISTRIBUTION_64;B00S_EQTL3_2015-04-20_DISTRIBUTION_63
VQ_ALL_EXCEPT_28195667000106,VQ,2014,2014-06-30,2015-06-30,HOLDING,GETI4,02998609000127,AES TIETE SA,Energia,PASS,0.0010288065843621398,2.0,1.9554792408046406,-2.754565660269759,-0.05509131320539512,GETI4,B00S_GETI4_2014-08-07_DISTRIBUTION_83;B00S_GETI4_2015-05-11_DISTRIBUTION_84
VQ_ALL_EXCEPT_28195667000106,VQ,2014,2014-06-30,2015-06-30,HOLDING,ITUB4,60872504000123,ITAU UNIBANCO HOLDING S.A.,Bancos,PASS,0.0015639662183296842,5.0,5.596009443720971,11.315192218549175,0.5657596109274583,ITUB4,ITUB4_2014-07-01_DISTRIBUTION_295;ITUB4_2014-08-01_DISTRIBUTION_294;ITUB4_2014-08-14_DISTRIBUTION_293;ITUB4_2014-09-01_DISTRIBUTION_292;ITUB4_2014-10-01_DISTRIBUTION_291;ITUB4_2014-11-03_DISTRIBUTION_290;ITUB4_2014-12-01_DISTRIBUTION_289;ITUB4_2015-01-02_DISTRIBUTION_288;ITUB4_2015-02-02_DISTRIBUTION_287;ITUB4_2015-02-11_DISTRIBUTION_285;ITUB4_2015-02-11_DISTRIBUTION_286;ITUB4_2015-03-02_DISTRIBUTION_284;ITUB4_2015-04-01_DISTRIBUTION_283;ITUB4_2015-05-04_DISTRIBUTION_282;ITUB4_2015-06-01_DISTRIBUTION_281
VQ_ALL_EXCEPT_28195667000106,VQ,2014,2014-06-30,2015-06-30,HOLDING,LIGT3,03378521000175,LIGHT SA,Energia,PASS,0.000927643784786642,2.0,1.6602938026573288,-17.434054730983295,-0.3486810946196659,LIGT3,B00S_LIGT3_2015-04-13_DISTRIBUTION_86
VQ_ALL_EXCEPT_28195667000106,VQ,2014,2014-06-30,2015-06-30,HOLDING,PSSA3,02149205000169,PORTO SEGURO S.A.,Seguros,PASS,0.006277463904582549,20.0,27.3507555935102,36.01454066657732,7.202908133315466,PSSA3,B00S_PSSA3_2014-10-30_DISTRIBUTION_67;B00S_PSSA3_2014-12-23_DISTRIBUTION_66;B00S_PSSA3_2015-03-30_DISTRIBUTION_65
VQ_ALL_EXCEPT_28195667000106,VQ,2014,2014-06-30,2015-06-30,HOLDING,SBSP3,43776517000180,CIA SANEAMENTO BASICO EST SAO PAULO,Saneamento,PASS,0.004246284501061571,10.0,7.186542840762511,-28.52304791909088,-2.8523047919090883,SBSP3,B00S_SBSP3_2015-04-07_DISTRIBUTION_68
VQ_ALL_EXCEPT_28195667000106,VQ,2014,2014-06-30,2015-06-30,HOLDING,TBLE3,02474103000119,ENGIE BRASIL ENERGIA S.A.,Energia,PASS,0.0006060606060606061,2.0,2.1995891679270176,9.384952568462502,0.18769905136925003,TBLE3,TBLE3_2014-09-12_DISTRIBUTION_372;TBLE3_2014-11-11_DISTRIBUTION_371;TBLE3_2014-11-26_DISTRIBUTION_370;TBLE3_2015-05-11_DISTRIBUTION_369
VQ_ALL_EXCEPT_28195667000106,VQ,2014,2014-06-30,2015-06-30,HOLDING,TIMP3,02558115000121,TIM PARTICIPACOES S.A.,Telecom,PASS,0.007739938080495357,10.0,8.104341337899141,-19.39467553568701,-1.939467553568701,TIMP3,B00S_TIMP3_2015-05-13_DISTRIBUTION_85
VQ_ALL_EXCEPT_28195667000106,VQ,2014,2014-06-30,2015-06-30,HOLDING,TRPL4,02998611000104,CTEEP - CIA TRANSMISSÃO ENERGIA ELÉTRICA PAULISTA,Energia,PASS,0.0007233273056057867,2.0,3.0275735664045285,50.56038454253673,1.0112076908507346,TRPL4,B00S_TRPL2_2014-07-21_RIGHT_REINVEST_91;B00S_TRPL4_2014-07-17_RIGHT_90;B00S_TRPL4_2014-08-13_DISTRIBUTION_72;B00S_TRPL4_2014-11-25_DISTRIBUTION_71;B00S_TRPL4_2015-05-07_DISTRIBUTION_70;B00S_TRPL4_2015-05-27_DISTRIBUTION_69
VQ_ALL_EXCEPT_28195667000106,VQ,2014,2014-06-30,2015-06-30,HOLDING,VIVT4,02558157000162,TELEFÔNICA BRASIL S.A,Telecom,PASS,0.0022222222222222222,10.0,10.772577531325979,7.143452012423701,0.7143452012423696,VIVT4,B00S_VIVT4_2014-08-01_DISTRIBUTION_82;B00S_VIVT4_2014-09-01_DISTRIBUTION_81;B00S_VIVT4_2014-10-01_DISTRIBUTION_80;B00S_VIVT4_2014-11-03_DISTRIBUTION_79;B00S_VIVT4_2014-12-01_DISTRIBUTION_78;B00S_VIVT4_2015-01-02_DISTRIBUTION_77;B00S_VIVT4_2015-02-11_DISTRIBUTION_76;B00S_VIVT4_2015-04-10_DISTRIBUTION_75;B00S_VIVT4_2015-05-26_DISTRIBUTION_73;B00S_VIVT4_2015-05-26_DISTRIBUTION_74
VQ_ALL_EXCEPT_28195667000106,VQ,2014,2014-06-30,2015-06-30,NUMERICAL_RESIDUAL,,,,,,,,,,9.962E-15,,
VVAL_INCLUDE_43776517000180,VVAL,2014,2014-06-30,2015-06-30,HOLDING,BBDC4,60746948000112,BCO BRADESCO S.A.,Bancos,PASS,0.0078003120124804995,25.0,27.573626483773154,10.628532202254814,2.6571330505637034,BBDC4,BBDC4_2014-07-02_DISTRIBUTION_332;BBDC4_2014-08-04_DISTRIBUTION_331;BBDC4_2014-09-02_DISTRIBUTION_330;BBDC4_2014-10-02_DISTRIBUTION_329;BBDC4_2014-11-04_DISTRIBUTION_328;BBDC4_2014-12-02_DISTRIBUTION_327;BBDC4_2014-12-23_DISTRIBUTION_326;BBDC4_2015-01-05_DISTRIBUTION_325;BBDC4_2015-02-03_DISTRIBUTION_324;BBDC4_2015-02-10_DISTRIBUTION_323;BBDC4_2015-03-03_DISTRIBUTION_322;BBDC4_2015-03-27_SHARES_667;BBDC4_2015-04-02_DISTRIBUTION_321;BBDC4_2015-05-05_DISTRIBUTION_320;BBDC4_2015-06-02_DISTRIBUTION_319;BBDC4_2015-06-23_DISTRIBUTION_318
VVAL_INCLUDE_43776517000180,VVAL,2014,2014-06-30,2015-06-30,HOLDING,CPFE3,02429144000193,CPFL ENERGIA S.A.,Energia,PASS,0.0020495163141498606,4.166666666666666,4.142552398383897,-0.27764574083049,-0.01156857253460375,CPFE3,B00S_CPFE3_2014-09-05_DISTRIBUTION_54;B00S_CPFE3_2015-04-30_SHARES_87
VVAL_INCLUDE_43776517000180,VVAL,2014,2014-06-30,2015-06-30,HOLDING,CPLE6,76483817000120,CIA PARANAENSE DE ENERGIA - COPEL,Energia,PASS,0.0012298307752853207,4.166666666666666,4.595771876353754,10.632563471465284,0.4430234779777199,CPLE6,B00S_CPLE6_2014-11-07_DISTRIBUTION_56;B00S_CPLE6_2014-11-07_DISTRIBUTION_57;B00S_CPLE6_2015-04-24_DISTRIBUTION_55
VVAL_INCLUDE_43776517000180,VVAL,2014,2014-06-30,2015-06-30,HOLDING,CSMG3,17281106000103,CIA SANEAMENTO DE MINAS GERAIS-COPASA MG,Saneamento,PASS,0.0030864197530864196,12.5,4.26561412502467,-65.77173990005318,-8.221467487506647,CSMG3,B00S_CSMG3_2014-09-23_DISTRIBUTION_60;B00S_CSMG3_2015-03-25_DISTRIBUTION_59;B00S_CSMG3_2015-05-12_DISTRIBUTION_58
VVAL_INCLUDE_43776517000180,VVAL,2014,2014-06-30,2015-06-30,HOLDING,ENBR3,03983431000103,EDP - ENERGIAS DO BRASIL S.A.,Energia,PASS,0.0038402457757296467,4.166666666666666,4.600362093673456,10.743062321850516,0.4476275967437715,ENBR3,B00S_ENBR3_2014-12-30_DISTRIBUTION_62;B00S_ENBR3_2015-04-13_DISTRIBUTION_61
VVAL_INCLUDE_43776517000180,VVAL,2014,2014-06-30,2015-06-30,HOLDING,GETI4,02998609000127,AES TIETE SA,Energia,PASS,0.002143347050754458,4.166666666666666,4.039659013755099,-2.7545656602697477,-0.11477356917790615,GETI4,B00S_GETI4_2014-08-07_DISTRIBUTION_83;B00S_GETI4_2015-05-11_DISTRIBUTION_84
VVAL_INCLUDE_43776517000180,VVAL,2014,2014-06-30,2015-06-30,HOLDING,LIGT3,03378521000175,LIGHT SA,Energia,PASS,0.001932591218305504,4.166666666666666,3.4298604073273626,-17.434054730983306,-0.7264189471243042,LIGT3,B00S_LIGT3_2015-04-13_DISTRIBUTION_86
VVAL_INCLUDE_43776517000180,VVAL,2014,2014-06-30,2015-06-30,HOLDING,PSSA3,02149205000169,PORTO SEGURO S.A.,Seguros,PASS,0.007846829880728186,25.0,33.90096628820441,36.0145406665773,9.003635166644324,PSSA3,B00S_PSSA3_2014-10-30_DISTRIBUTION_67;B00S_PSSA3_2014-12-23_DISTRIBUTION_66;B00S_PSSA3_2015-03-30_DISTRIBUTION_65
VVAL_INCLUDE_43776517000180,VVAL,2014,2014-06-30,2015-06-30,HOLDING,SBSP3,43776517000180,CIA SANEAMENTO BASICO EST SAO PAULO,Saneamento,PASS,0.005307855626326964,12.5,8.90764226752242,-28.52304791909088,-3.56538098988636,SBSP3,B00S_SBSP3_2015-04-07_DISTRIBUTION_68
VVAL_INCLUDE_43776517000180,VVAL,2014,2014-06-30,2015-06-30,HOLDING,TBLE3,02474103000119,ENGIE BRASIL ENERGIA S.A.,Energia,PASS,0.0012626262626262625,4.166666666666666,4.543945045981777,9.384952568462502,0.3910396903526042,TBLE3,TBLE3_2014-09-12_DISTRIBUTION_372;TBLE3_2014-11-11_DISTRIBUTION_371;TBLE3_2014-11-26_DISTRIBUTION_370;TBLE3_2015-05-11_DISTRIBUTION_369
VVAL_INCLUDE_43776517000180,VVAL,2014,2014-06-30,2015-06-30,NUMERICAL_RESIDUAL,,,,,,,,,,-4.25E-15,,
VQ_ALL_EXCEPT_43776517000180,VQ,2014,2014-06-30,2015-06-30,HOLDING,ABCB4,28195667000106,BCO ABC BRASIL S.A.,Bancos,PASS,0.0029411764705882353,4.0,3.831250772074672,-8.788187953393066,-0.3515275181357226,ABCB4,B00S_ABCB2_2014-07-02_RIGHT_REINVEST_89;B00S_ABCB2_2015-01-08_RIGHT_REINVEST_93;B00S_ABCB4_2014-07-01_DISTRIBUTION_39;B00S_ABCB4_2014-07-01_RIGHT_88;B00S_ABCB4_2015-01-02_DISTRIBUTION_38;B00S_ABCB4_2015-01-02_RIGHT_92
VQ_ALL_EXCEPT_43776517000180,VQ,2014,2014-06-30,2015-06-30,HOLDING,BBAS3,00000000000191,BCO BRASIL S.A.,Bancos,PASS,0.0016096579476861167,4.0,4.425910795976773,5.369073358535514,0.2147629343414205,BBAS3,B00S_BBAS3_2014-08-20_DISTRIBUTION_47;B00S_BBAS3_2014-09-12_DISTRIBUTION_46;B00S_BBAS3_2014-11-17_DISTRIBUTION_45;B00S_BBAS3_2014-12-12_DISTRIBUTION_44;B00S_BBAS3_2015-02-20_DISTRIBUTION_43;B00S_BBAS3_2015-03-24_DISTRIBUTION_42;B00S_BBAS3_2015-05-22_DISTRIBUTION_41;B00S_BBAS3_2015-06-12_DISTRIBUTION_40
VQ_ALL_EXCEPT_43776517000180,VQ,2014,2014-06-30,2015-06-30,HOLDING,BBDC4,60746948000112,BCO BRADESCO S.A.,Bancos,PASS,0.00124804992199688,4.0,4.64682851818361,10.628532202254792,0.4251412880901917,BBDC4,BBDC4_2014-07-02_DISTRIBUTION_332;BBDC4_2014-08-04_DISTRIBUTION_331;BBDC4_2014-09-02_DISTRIBUTION_330;BBDC4_2014-10-02_DISTRIBUTION_329;BBDC4_2014-11-04_DISTRIBUTION_328;BBDC4_2014-12-02_DISTRIBUTION_327;BBDC4_2014-12-23_DISTRIBUTION_326;BBDC4_2015-01-05_DISTRIBUTION_325;BBDC4_2015-02-03_DISTRIBUTION_324;BBDC4_2015-02-10_DISTRIBUTION_323;BBDC4_2015-03-03_DISTRIBUTION_322;BBDC4_2015-03-27_SHARES_667;BBDC4_2015-04-02_DISTRIBUTION_321;BBDC4_2015-05-05_DISTRIBUTION_320;BBDC4_2015-06-02_DISTRIBUTION_319;BBDC4_2015-06-23_DISTRIBUTION_318
VQ_ALL_EXCEPT_43776517000180,VQ,2014,2014-06-30,2015-06-30,HOLDING,BRSR6,92702067000196,BCO ESTADO DO RIO GRANDE DO SUL S.A.,Bancos,PASS,0.0037209302325581397,4.0,3.6990121516109844,-11.936435069700957,-0.4774574027880382,BRSR6,B00S_BRSR6_2014-09-04_DISTRIBUTION_52;B00S_BRSR6_2014-11-26_DISTRIBUTION_51;B00S_BRSR6_2015-03-05_DISTRIBUTION_50;B00S_BRSR6_2015-05-04_DISTRIBUTION_49;B00S_BRSR6_2015-06-03_DISTRIBUTION_48
VQ_ALL_EXCEPT_43776517000180,VQ,2014,2014-06-30,2015-06-30,HOLDING,CMIG4,17155730000164,CIA ENERGETICA DE MINAS GERAIS - CEMIG,Energia,PASS,0.0012391573729863693,2.0,1.7173659114605626,-18.22824134972203,-0.3645648269944405,CMIG4,CMIG4_2014-11-10_DISTRIBUTION_637;CMIG4_2014-12-29_DISTRIBUTION_638;CMIG4_2015-05-04_DISTRIBUTION_639
VQ_ALL_EXCEPT_43776517000180,VQ,2014,2014-06-30,2015-06-30,HOLDING,COCE5,07047251000170,CIA ENERGETICA DO CEARA - COELCE,Energia,PASS,0.0005730659025787966,2.0,2.53889709999632,20.88866997611727,0.4177733995223455,COCE5,B00S_COCE5_2015-04-28_DISTRIBUTION_53
VQ_ALL_EXCEPT_43776517000180,VQ,2014,2014-06-30,2015-06-30,HOLDING,CPFE3,02429144000193,CPFL ENERGIA S.A.,Energia,PASS,0.0009837678307919333,2.0,2.0943633186090165,-0.2776457408305011,-0.005552914816609952,CPFE3,B00S_CPFE3_2014-09-05_DISTRIBUTION_54;B00S_CPFE3_2015-04-30_SHARES_87
VQ_ALL_EXCEPT_43776517000180,VQ,2014,2014-06-30,2015-06-30,HOLDING,CPLE6,76483817000120,CIA PARANAENSE DE ENERGIA - COPEL,Energia,PASS,0.0005903187721369539,2.0,2.3234989235827763,10.63256347146526,0.21265126942930507,CPLE6,B00S_CPLE6_2014-11-07_DISTRIBUTION_56;B00S_CPLE6_2014-11-07_DISTRIBUTION_57;B00S_CPLE6_2015-04-24_DISTRIBUTION_55
VQ_ALL_EXCEPT_43776517000180,VQ,2014,2014-06-30,2015-06-30,HOLDING,CSMG3,17281106000103,CIA SANEAMENTO DE MINAS GERAIS-COPASA MG,Saneamento,PASS,0.0049382716049382715,20.0,7.188600083270257,-65.77173990005318,-13.15434798001064,CSMG3,B00S_CSMG3_2014-09-23_DISTRIBUTION_60;B00S_CSMG3_2015-03-25_DISTRIBUTION_59;B00S_CSMG3_2015-05-12_DISTRIBUTION_58
VQ_ALL_EXCEPT_43776517000180,VQ,2014,2014-06-30,2015-06-30,HOLDING,ENBR3,03983431000103,EDP - ENERGIAS DO BRASIL S.A.,Energia,PASS,0.0018433179723502304,2.0,2.3258196142715852,10.743062321850516,0.21486124643701027,ENBR3,B00S_ENBR3_2014-12-30_DISTRIBUTION_62;B00S_ENBR3_2015-04-13_DISTRIBUTION_61
VQ_ALL_EXCEPT_43776517000180,VQ,2014,2014-06-30,2015-06-30,HOLDING,EQTL3,03220438000173,EQUATORIAL S.A.,Energia,PASS,0.0007955449482895784,2.0,3.015891333798718,43.60057843067124,0.8720115686134247,EQTL3,B00S_EQTL3_2014-12-22_DISTRIBUTION_64;B00S_EQTL3_2015-04-20_DISTRIBUTION_63
VQ_ALL_EXCEPT_43776517000180,VQ,2014,2014-06-30,2015-06-30,HOLDING,GETI4,02998609000127,AES TIETE SA,Energia,PASS,0.0010288065843621398,2.0,2.0423431846987845,-2.754565660269759,-0.05509131320539512,GETI4,B00S_GETI4_2014-08-07_DISTRIBUTION_83;B00S_GETI4_2015-05-11_DISTRIBUTION_84
VQ_ALL_EXCEPT_43776517000180,VQ,2014,2014-06-30,2015-06-30,HOLDING,ITUB4,60872504000123,ITAU UNIBANCO HOLDING S.A.,Bancos,PASS,0.0012511729746637473,4.0,4.675670908862533,11.315192218549196,0.45260768874196766,ITUB4,ITUB4_2014-07-01_DISTRIBUTION_295;ITUB4_2014-08-01_DISTRIBUTION_294;ITUB4_2014-08-14_DISTRIBUTION_293;ITUB4_2014-09-01_DISTRIBUTION_292;ITUB4_2014-10-01_DISTRIBUTION_291;ITUB4_2014-11-03_DISTRIBUTION_290;ITUB4_2014-12-01_DISTRIBUTION_289;ITUB4_2015-01-02_DISTRIBUTION_288;ITUB4_2015-02-02_DISTRIBUTION_287;ITUB4_2015-02-11_DISTRIBUTION_285;ITUB4_2015-02-11_DISTRIBUTION_286;ITUB4_2015-03-02_DISTRIBUTION_284;ITUB4_2015-04-01_DISTRIBUTION_283;ITUB4_2015-05-04_DISTRIBUTION_282;ITUB4_2015-06-01_DISTRIBUTION_281
VQ_ALL_EXCEPT_43776517000180,VQ,2014,2014-06-30,2015-06-30,HOLDING,LIGT3,03378521000175,LIGHT SA,Energia,PASS,0.000927643784786642,2.0,1.7340453745034596,-17.434054730983295,-0.3486810946196659,LIGT3,B00S_LIGT3_2015-04-13_DISTRIBUTION_86
VQ_ALL_EXCEPT_43776517000180,VQ,2014,2014-06-30,2015-06-30,HOLDING,PSSA3,02149205000169,PORTO SEGURO S.A.,Seguros,PASS,0.006277463904582549,20.0,28.565697920568358,36.01454066657732,7.202908133315466,PSSA3,B00S_PSSA3_2014-10-30_DISTRIBUTION_67;B00S_PSSA3_2014-12-23_DISTRIBUTION_66;B00S_PSSA3_2015-03-30_DISTRIBUTION_65
VQ_ALL_EXCEPT_43776517000180,VQ,2014,2014-06-30,2015-06-30,HOLDING,TBLE3,02474103000119,ENGIE BRASIL ENERGIA S.A.,Energia,PASS,0.0006060606060606061,2.0,2.2972966690275456,9.384952568462502,0.18769905136925003,TBLE3,TBLE3_2014-09-12_DISTRIBUTION_372;TBLE3_2014-11-11_DISTRIBUTION_371;TBLE3_2014-11-26_DISTRIBUTION_370;TBLE3_2015-05-11_DISTRIBUTION_369
VQ_ALL_EXCEPT_43776517000180,VQ,2014,2014-06-30,2015-06-30,HOLDING,TIMP3,02558115000121,TIM PARTICIPACOES S.A.,Telecom,PASS,0.007739938080495357,10.0,8.46434262893028,-19.39467553568701,-1.939467553568701,TIMP3,B00S_TIMP3_2015-05-13_DISTRIBUTION_85
VQ_ALL_EXCEPT_43776517000180,VQ,2014,2014-06-30,2015-06-30,HOLDING,TRPL4,02998611000104,CTEEP - CIA TRANSMISSÃO ENERGIA ELÉTRICA PAULISTA,Energia,PASS,0.0007233273056057867,2.0,3.1620607933307228,50.56038454253673,1.0112076908507346,TRPL4,B00S_TRPL2_2014-07-21_RIGHT_REINVEST_91;B00S_TRPL4_2014-07-17_RIGHT_90;B00S_TRPL4_2014-08-13_DISTRIBUTION_72;B00S_TRPL4_2014-11-25_DISTRIBUTION_71;B00S_TRPL4_2015-05-07_DISTRIBUTION_70;B00S_TRPL4_2015-05-27_DISTRIBUTION_69
VQ_ALL_EXCEPT_43776517000180,VQ,2014,2014-06-30,2015-06-30,HOLDING,VIVT4,02558157000162,TELEFÔNICA BRASIL S.A,Telecom,PASS,0.0022222222222222222,10.0,11.251103997243035,7.143452012423701,0.7143452012423696,VIVT4,B00S_VIVT4_2014-08-01_DISTRIBUTION_82;B00S_VIVT4_2014-09-01_DISTRIBUTION_81;B00S_VIVT4_2014-10-01_DISTRIBUTION_80;B00S_VIVT4_2014-11-03_DISTRIBUTION_79;B00S_VIVT4_2014-12-01_DISTRIBUTION_78;B00S_VIVT4_2015-01-02_DISTRIBUTION_77;B00S_VIVT4_2015-02-11_DISTRIBUTION_76;B00S_VIVT4_2015-04-10_DISTRIBUTION_75;B00S_VIVT4_2015-05-26_DISTRIBUTION_73;B00S_VIVT4_2015-05-26_DISTRIBUTION_74
VQ_ALL_EXCEPT_43776517000180,VQ,2014,2014-06-30,2015-06-30,NUMERICAL_RESIDUAL,,,,,,,,,,9.642E-15,,
VVAL_INCLUDE_60746948000112,VVAL,2014,2014-06-30,2015-06-30,HOLDING,BBDC4,60746948000112,BCO BRADESCO S.A.,Bancos,PASS,0.0078003120124804995,25.0,27.573626483773154,10.628532202254814,2.6571330505637034,BBDC4,BBDC4_2014-07-02_DISTRIBUTION_332;BBDC4_2014-08-04_DISTRIBUTION_331;BBDC4_2014-09-02_DISTRIBUTION_330;BBDC4_2014-10-02_DISTRIBUTION_329;BBDC4_2014-11-04_DISTRIBUTION_328;BBDC4_2014-12-02_DISTRIBUTION_327;BBDC4_2014-12-23_DISTRIBUTION_326;BBDC4_2015-01-05_DISTRIBUTION_325;BBDC4_2015-02-03_DISTRIBUTION_324;BBDC4_2015-02-10_DISTRIBUTION_323;BBDC4_2015-03-03_DISTRIBUTION_322;BBDC4_2015-03-27_SHARES_667;BBDC4_2015-04-02_DISTRIBUTION_321;BBDC4_2015-05-05_DISTRIBUTION_320;BBDC4_2015-06-02_DISTRIBUTION_319;BBDC4_2015-06-23_DISTRIBUTION_318
VVAL_INCLUDE_60746948000112,VVAL,2014,2014-06-30,2015-06-30,HOLDING,CPFE3,02429144000193,CPFL ENERGIA S.A.,Energia,PASS,0.0020495163141498606,4.166666666666666,4.142552398383897,-0.27764574083049,-0.01156857253460375,CPFE3,B00S_CPFE3_2014-09-05_DISTRIBUTION_54;B00S_CPFE3_2015-04-30_SHARES_87
VVAL_INCLUDE_60746948000112,VVAL,2014,2014-06-30,2015-06-30,HOLDING,CPLE6,76483817000120,CIA PARANAENSE DE ENERGIA - COPEL,Energia,PASS,0.0012298307752853207,4.166666666666666,4.595771876353754,10.632563471465284,0.4430234779777199,CPLE6,B00S_CPLE6_2014-11-07_DISTRIBUTION_56;B00S_CPLE6_2014-11-07_DISTRIBUTION_57;B00S_CPLE6_2015-04-24_DISTRIBUTION_55
VVAL_INCLUDE_60746948000112,VVAL,2014,2014-06-30,2015-06-30,HOLDING,CSMG3,17281106000103,CIA SANEAMENTO DE MINAS GERAIS-COPASA MG,Saneamento,PASS,0.0030864197530864196,12.5,4.26561412502467,-65.77173990005318,-8.221467487506647,CSMG3,B00S_CSMG3_2014-09-23_DISTRIBUTION_60;B00S_CSMG3_2015-03-25_DISTRIBUTION_59;B00S_CSMG3_2015-05-12_DISTRIBUTION_58
VVAL_INCLUDE_60746948000112,VVAL,2014,2014-06-30,2015-06-30,HOLDING,ENBR3,03983431000103,EDP - ENERGIAS DO BRASIL S.A.,Energia,PASS,0.0038402457757296467,4.166666666666666,4.600362093673456,10.743062321850516,0.4476275967437715,ENBR3,B00S_ENBR3_2014-12-30_DISTRIBUTION_62;B00S_ENBR3_2015-04-13_DISTRIBUTION_61
VVAL_INCLUDE_60746948000112,VVAL,2014,2014-06-30,2015-06-30,HOLDING,GETI4,02998609000127,AES TIETE SA,Energia,PASS,0.002143347050754458,4.166666666666666,4.039659013755099,-2.7545656602697477,-0.11477356917790615,GETI4,B00S_GETI4_2014-08-07_DISTRIBUTION_83;B00S_GETI4_2015-05-11_DISTRIBUTION_84
VVAL_INCLUDE_60746948000112,VVAL,2014,2014-06-30,2015-06-30,HOLDING,LIGT3,03378521000175,LIGHT SA,Energia,PASS,0.001932591218305504,4.166666666666666,3.4298604073273626,-17.434054730983306,-0.7264189471243042,LIGT3,B00S_LIGT3_2015-04-13_DISTRIBUTION_86
VVAL_INCLUDE_60746948000112,VVAL,2014,2014-06-30,2015-06-30,HOLDING,PSSA3,02149205000169,PORTO SEGURO S.A.,Seguros,PASS,0.007846829880728186,25.0,33.90096628820441,36.0145406665773,9.003635166644324,PSSA3,B00S_PSSA3_2014-10-30_DISTRIBUTION_67;B00S_PSSA3_2014-12-23_DISTRIBUTION_66;B00S_PSSA3_2015-03-30_DISTRIBUTION_65
VVAL_INCLUDE_60746948000112,VVAL,2014,2014-06-30,2015-06-30,HOLDING,SBSP3,43776517000180,CIA SANEAMENTO BASICO EST SAO PAULO,Saneamento,PASS,0.005307855626326964,12.5,8.90764226752242,-28.52304791909088,-3.56538098988636,SBSP3,B00S_SBSP3_2015-04-07_DISTRIBUTION_68
VVAL_INCLUDE_60746948000112,VVAL,2014,2014-06-30,2015-06-30,HOLDING,TBLE3,02474103000119,ENGIE BRASIL ENERGIA S.A.,Energia,PASS,0.0012626262626262625,4.166666666666666,4.543945045981777,9.384952568462502,0.3910396903526042,TBLE3,TBLE3_2014-09-12_DISTRIBUTION_372;TBLE3_2014-11-11_DISTRIBUTION_371;TBLE3_2014-11-26_DISTRIBUTION_370;TBLE3_2015-05-11_DISTRIBUTION_369
VVAL_INCLUDE_60746948000112,VVAL,2014,2014-06-30,2015-06-30,NUMERICAL_RESIDUAL,,,,,,,,,,-4.25E-15,,
VQ_ALL_EXCEPT_60746948000112,VQ,2014,2014-06-30,2015-06-30,HOLDING,ABCB4,28195667000106,BCO ABC BRASIL S.A.,Bancos,PASS,0.0036764705882352945,5.0,4.630576994694092,-8.788187953393056,-0.4394093976696531,ABCB4,B00S_ABCB2_2014-07-02_RIGHT_REINVEST_89;B00S_ABCB2_2015-01-08_RIGHT_REINVEST_93;B00S_ABCB4_2014-07-01_DISTRIBUTION_39;B00S_ABCB4_2014-07-01_RIGHT_88;B00S_ABCB4_2015-01-02_DISTRIBUTION_38;B00S_ABCB4_2015-01-02_RIGHT_92
VQ_ALL_EXCEPT_60746948000112,VQ,2014,2014-06-30,2015-06-30,HOLDING,BBAS3,00000000000191,BCO BRASIL S.A.,Bancos,PASS,0.002012072434607646,5.0,5.349302859995305,5.369073358535514,0.26845366792677544,BBAS3,B00S_BBAS3_2014-08-20_DISTRIBUTION_47;B00S_BBAS3_2014-09-12_DISTRIBUTION_46;B00S_BBAS3_2014-11-17_DISTRIBUTION_45;B00S_BBAS3_2014-12-12_DISTRIBUTION_44;B00S_BBAS3_2015-02-20_DISTRIBUTION_43;B00S_BBAS3_2015-03-24_DISTRIBUTION_42;B00S_BBAS3_2015-05-22_DISTRIBUTION_41;B00S_BBAS3_2015-06-12_DISTRIBUTION_40
VQ_ALL_EXCEPT_60746948000112,VQ,2014,2014-06-30,2015-06-30,HOLDING,BRSR6,92702067000196,BCO ESTADO DO RIO GRANDE DO SUL S.A.,Bancos,PASS,0.004651162790697674,5.0,4.470749003743332,-11.936435069700979,-0.5968217534850488,BRSR6,B00S_BRSR6_2014-09-04_DISTRIBUTION_52;B00S_BRSR6_2014-11-26_DISTRIBUTION_51;B00S_BRSR6_2015-03-05_DISTRIBUTION_50;B00S_BRSR6_2015-05-04_DISTRIBUTION_49;B00S_BRSR6_2015-06-03_DISTRIBUTION_48
VQ_ALL_EXCEPT_60746948000112,VQ,2014,2014-06-30,2015-06-30,HOLDING,CMIG4,17155730000164,CIA ENERGETICA DE MINAS GERAIS - CEMIG,Energia,PASS,0.0012391573729863693,2.0,1.6605324066061706,-18.22824134972203,-0.3645648269944405,CMIG4,CMIG4_2014-11-10_DISTRIBUTION_637;CMIG4_2014-12-29_DISTRIBUTION_638;CMIG4_2015-05-04_DISTRIBUTION_639
VQ_ALL_EXCEPT_60746948000112,VQ,2014,2014-06-30,2015-06-30,HOLDING,COCE5,07047251000170,CIA ENERGETICA DO CEARA - COELCE,Energia,PASS,0.0005730659025787966,2.0,2.454876321608606,20.88866997611727,0.4177733995223455,COCE5,B00S_COCE5_2015-04-28_DISTRIBUTION_53
VQ_ALL_EXCEPT_60746948000112,VQ,2014,2014-06-30,2015-06-30,HOLDING,CPFE3,02429144000193,CPFL ENERGIA S.A.,Energia,PASS,0.0009837678307919333,2.0,2.0250536816582083,-0.2776457408305011,-0.005552914816609952,CPFE3,B00S_CPFE3_2014-09-05_DISTRIBUTION_54;B00S_CPFE3_2015-04-30_SHARES_87
VQ_ALL_EXCEPT_60746948000112,VQ,2014,2014-06-30,2015-06-30,HOLDING,CPLE6,76483817000120,CIA PARANAENSE DE ENERGIA - COPEL,Energia,PASS,0.0005903187721369539,2.0,2.2466064066931697,10.63256347146526,0.21265126942930507,CPLE6,B00S_CPLE6_2014-11-07_DISTRIBUTION_56;B00S_CPLE6_2014-11-07_DISTRIBUTION_57;B00S_CPLE6_2015-04-24_DISTRIBUTION_55
VQ_ALL_EXCEPT_60746948000112,VQ,2014,2014-06-30,2015-06-30,HOLDING,CSMG3,17281106000103,CIA SANEAMENTO DE MINAS GERAIS-COPASA MG,Saneamento,PASS,0.0024691358024691358,10.0,3.475352374454125,-65.77173990005318,-6.57717399000532,CSMG3,B00S_CSMG3_2014-09-23_DISTRIBUTION_60;B00S_CSMG3_2015-03-25_DISTRIBUTION_59;B00S_CSMG3_2015-05-12_DISTRIBUTION_58
VQ_ALL_EXCEPT_60746948000112,VQ,2014,2014-06-30,2015-06-30,HOLDING,ENBR3,03983431000103,EDP - ENERGIAS DO BRASIL S.A.,Energia,PASS,0.0018433179723502304,2.0,2.248850297799171,10.743062321850516,0.21486124643701027,ENBR3,B00S_ENBR3_2014-12-30_DISTRIBUTION_62;B00S_ENBR3_2015-04-13_DISTRIBUTION_61
VQ_ALL_EXCEPT_60746948000112,VQ,2014,2014-06-30,2015-06-30,HOLDING,EQTL3,03220438000173,EQUATORIAL S.A.,Energia,PASS,0.0007955449482895784,2.0,2.9160851867126873,43.60057843067124,0.8720115686134247,EQTL3,B00S_EQTL3_2014-12-22_DISTRIBUTION_64;B00S_EQTL3_2015-04-20_DISTRIBUTION_63
VQ_ALL_EXCEPT_60746948000112,VQ,2014,2014-06-30,2015-06-30,HOLDING,GETI4,02998609000127,AES TIETE SA,Energia,PASS,0.0010288065843621398,2.0,1.974755071689603,-2.754565660269759,-0.05509131320539512,GETI4,B00S_GETI4_2014-08-07_DISTRIBUTION_83;B00S_GETI4_2015-05-11_DISTRIBUTION_84
VQ_ALL_EXCEPT_60746948000112,VQ,2014,2014-06-30,2015-06-30,HOLDING,ITUB4,60872504000123,ITAU UNIBANCO HOLDING S.A.,Bancos,PASS,0.0015639662183296842,5.0,5.651171231899009,11.315192218549175,0.5657596109274583,ITUB4,ITUB4_2014-07-01_DISTRIBUTION_295;ITUB4_2014-08-01_DISTRIBUTION_294;ITUB4_2014-08-14_DISTRIBUTION_293;ITUB4_2014-09-01_DISTRIBUTION_292;ITUB4_2014-10-01_DISTRIBUTION_291;ITUB4_2014-11-03_DISTRIBUTION_290;ITUB4_2014-12-01_DISTRIBUTION_289;ITUB4_2015-01-02_DISTRIBUTION_288;ITUB4_2015-02-02_DISTRIBUTION_287;ITUB4_2015-02-11_DISTRIBUTION_285;ITUB4_2015-02-11_DISTRIBUTION_286;ITUB4_2015-03-02_DISTRIBUTION_284;ITUB4_2015-04-01_DISTRIBUTION_283;ITUB4_2015-05-04_DISTRIBUTION_282;ITUB4_2015-06-01_DISTRIBUTION_281
VQ_ALL_EXCEPT_60746948000112,VQ,2014,2014-06-30,2015-06-30,HOLDING,LIGT3,03378521000175,LIGHT SA,Energia,PASS,0.000927643784786642,2.0,1.6766598892368032,-17.434054730983295,-0.3486810946196659,LIGT3,B00S_LIGT3_2015-04-13_DISTRIBUTION_86
VQ_ALL_EXCEPT_60746948000112,VQ,2014,2014-06-30,2015-06-30,HOLDING,PSSA3,02149205000169,PORTO SEGURO S.A.,Seguros,PASS,0.006277463904582549,20.0,27.620361390593224,36.01454066657732,7.202908133315466,PSSA3,B00S_PSSA3_2014-10-30_DISTRIBUTION_67;B00S_PSSA3_2014-12-23_DISTRIBUTION_66;B00S_PSSA3_2015-03-30_DISTRIBUTION_65
VQ_ALL_EXCEPT_60746948000112,VQ,2014,2014-06-30,2015-06-30,HOLDING,SBSP3,43776517000180,CIA SANEAMENTO BASICO EST SAO PAULO,Saneamento,PASS,0.004246284501061571,10.0,7.257383063228424,-28.52304791909088,-2.8523047919090883,SBSP3,B00S_SBSP3_2015-04-07_DISTRIBUTION_68
VQ_ALL_EXCEPT_60746948000112,VQ,2014,2014-06-30,2015-06-30,HOLDING,TBLE3,02474103000119,ENGIE BRASIL ENERGIA S.A.,Energia,PASS,0.0006060606060606061,2.0,2.2212712742529894,9.384952568462502,0.18769905136925003,TBLE3,TBLE3_2014-09-12_DISTRIBUTION_372;TBLE3_2014-11-11_DISTRIBUTION_371;TBLE3_2014-11-26_DISTRIBUTION_370;TBLE3_2015-05-11_DISTRIBUTION_369
VQ_ALL_EXCEPT_60746948000112,VQ,2014,2014-06-30,2015-06-30,HOLDING,TIMP3,02558115000121,TIM PARTICIPACOES S.A.,Telecom,PASS,0.007739938080495357,10.0,8.184228615556496,-19.39467553568701,-1.939467553568701,TIMP3,B00S_TIMP3_2015-05-13_DISTRIBUTION_85
VQ_ALL_EXCEPT_60746948000112,VQ,2014,2014-06-30,2015-06-30,HOLDING,TRPL4,02998611000104,CTEEP - CIA TRANSMISSÃO ENERGIA ELÉTRICA PAULISTA,Energia,PASS,0.0007233273056057867,2.0,3.0574173994864804,50.56038454253673,1.0112076908507346,TRPL4,B00S_TRPL2_2014-07-21_RIGHT_REINVEST_91;B00S_TRPL4_2014-07-17_RIGHT_90;B00S_TRPL4_2014-08-13_DISTRIBUTION_72;B00S_TRPL4_2014-11-25_DISTRIBUTION_71;B00S_TRPL4_2015-05-07_DISTRIBUTION_70;B00S_TRPL4_2015-05-27_DISTRIBUTION_69
VQ_ALL_EXCEPT_60746948000112,VQ,2014,2014-06-30,2015-06-30,HOLDING,VIVT4,02558157000162,TELEFÔNICA BRASIL S.A,Telecom,PASS,0.0022222222222222222,10.0,10.878766530092102,7.143452012423701,0.7143452012423696,VIVT4,B00S_VIVT4_2014-08-01_DISTRIBUTION_82;B00S_VIVT4_2014-09-01_DISTRIBUTION_81;B00S_VIVT4_2014-10-01_DISTRIBUTION_80;B00S_VIVT4_2014-11-03_DISTRIBUTION_79;B00S_VIVT4_2014-12-01_DISTRIBUTION_78;B00S_VIVT4_2015-01-02_DISTRIBUTION_77;B00S_VIVT4_2015-02-11_DISTRIBUTION_76;B00S_VIVT4_2015-04-10_DISTRIBUTION_75;B00S_VIVT4_2015-05-26_DISTRIBUTION_73;B00S_VIVT4_2015-05-26_DISTRIBUTION_74
VQ_ALL_EXCEPT_60746948000112,VQ,2014,2014-06-30,2015-06-30,NUMERICAL_RESIDUAL,,,,,,,,,,8.562E-15,,
VVAL_INCLUDE_60872504000123,VVAL,2014,2014-06-30,2015-06-30,HOLDING,BBDC4,60746948000112,BCO BRADESCO S.A.,Bancos,PASS,0.0039001560062402497,12.5,13.775025491982353,10.628532202254814,1.3285665252818517,BBDC4,BBDC4_2014-07-02_DISTRIBUTION_332;BBDC4_2014-08-04_DISTRIBUTION_331;BBDC4_2014-09-02_DISTRIBUTION_330;BBDC4_2014-10-02_DISTRIBUTION_329;BBDC4_2014-11-04_DISTRIBUTION_328;BBDC4_2014-12-02_DISTRIBUTION_327;BBDC4_2014-12-23_DISTRIBUTION_326;BBDC4_2015-01-05_DISTRIBUTION_325;BBDC4_2015-02-03_DISTRIBUTION_324;BBDC4_2015-02-10_DISTRIBUTION_323;BBDC4_2015-03-03_DISTRIBUTION_322;BBDC4_2015-03-27_SHARES_667;BBDC4_2015-04-02_DISTRIBUTION_321;BBDC4_2015-05-05_DISTRIBUTION_320;BBDC4_2015-06-02_DISTRIBUTION_319;BBDC4_2015-06-23_DISTRIBUTION_318
VVAL_INCLUDE_60872504000123,VVAL,2014,2014-06-30,2015-06-30,HOLDING,CPFE3,02429144000193,CPFL ENERGIA S.A.,Energia,PASS,0.0020495163141498606,4.166666666666666,4.13901050869695,-0.27764574083049,-0.01156857253460375,CPFE3,B00S_CPFE3_2014-09-05_DISTRIBUTION_54;B00S_CPFE3_2015-04-30_SHARES_87
VVAL_INCLUDE_60872504000123,VVAL,2014,2014-06-30,2015-06-30,HOLDING,CPLE6,76483817000120,CIA PARANAENSE DE ENERGIA - COPEL,Energia,PASS,0.0012298307752853207,4.166666666666666,4.591842483205036,10.632563471465284,0.4430234779777199,CPLE6,B00S_CPLE6_2014-11-07_DISTRIBUTION_56;B00S_CPLE6_2014-11-07_DISTRIBUTION_57;B00S_CPLE6_2015-04-24_DISTRIBUTION_55
VVAL_INCLUDE_60872504000123,VVAL,2014,2014-06-30,2015-06-30,HOLDING,CSMG3,17281106000103,CIA SANEAMENTO DE MINAS GERAIS-COPASA MG,Saneamento,PASS,0.0030864197530864196,12.5,4.261967017342021,-65.77173990005318,-8.221467487506647,CSMG3,B00S_CSMG3_2014-09-23_DISTRIBUTION_60;B00S_CSMG3_2015-03-25_DISTRIBUTION_59;B00S_CSMG3_2015-05-12_DISTRIBUTION_58
VVAL_INCLUDE_60872504000123,VVAL,2014,2014-06-30,2015-06-30,HOLDING,ENBR3,03983431000103,EDP - ENERGIAS DO BRASIL S.A.,Energia,PASS,0.0038402457757296467,4.166666666666666,4.596428775880745,10.743062321850516,0.4476275967437715,ENBR3,B00S_ENBR3_2014-12-30_DISTRIBUTION_62;B00S_ENBR3_2015-04-13_DISTRIBUTION_61
VVAL_INCLUDE_60872504000123,VVAL,2014,2014-06-30,2015-06-30,HOLDING,GETI4,02998609000127,AES TIETE SA,Energia,PASS,0.002143347050754458,4.166666666666666,4.036205098095473,-2.7545656602697477,-0.11477356917790615,GETI4,B00S_GETI4_2014-08-07_DISTRIBUTION_83;B00S_GETI4_2015-05-11_DISTRIBUTION_84
VVAL_INCLUDE_60872504000123,VVAL,2014,2014-06-30,2015-06-30,HOLDING,ITUB4,60872504000123,ITAU UNIBANCO HOLDING S.A.,Bancos,PASS,0.00390991554582421,12.5,13.860525670286151,11.315192218549196,1.4143990273186495,ITUB4,ITUB4_2014-07-01_DISTRIBUTION_295;ITUB4_2014-08-01_DISTRIBUTION_294;ITUB4_2014-08-14_DISTRIBUTION_293;ITUB4_2014-09-01_DISTRIBUTION_292;ITUB4_2014-10-01_DISTRIBUTION_291;ITUB4_2014-11-03_DISTRIBUTION_290;ITUB4_2014-12-01_DISTRIBUTION_289;ITUB4_2015-01-02_DISTRIBUTION_288;ITUB4_2015-02-02_DISTRIBUTION_287;ITUB4_2015-02-11_DISTRIBUTION_285;ITUB4_2015-02-11_DISTRIBUTION_286;ITUB4_2015-03-02_DISTRIBUTION_284;ITUB4_2015-04-01_DISTRIBUTION_283;ITUB4_2015-05-04_DISTRIBUTION_282;ITUB4_2015-06-01_DISTRIBUTION_281
VVAL_INCLUDE_60872504000123,VVAL,2014,2014-06-30,2015-06-30,HOLDING,LIGT3,03378521000175,LIGHT SA,Energia,PASS,0.001932591218305504,4.166666666666666,3.426927870563526,-17.434054730983306,-0.7264189471243042,LIGT3,B00S_LIGT3_2015-04-13_DISTRIBUTION_86
VVAL_INCLUDE_60872504000123,VVAL,2014,2014-06-30,2015-06-30,HOLDING,PSSA3,02149205000169,PORTO SEGURO S.A.,Seguros,PASS,0.007846829880728186,25.0,33.87198090158128,36.0145406665773,9.003635166644324,PSSA3,B00S_PSSA3_2014-10-30_DISTRIBUTION_67;B00S_PSSA3_2014-12-23_DISTRIBUTION_66;B00S_PSSA3_2015-03-30_DISTRIBUTION_65
VVAL_INCLUDE_60872504000123,VVAL,2014,2014-06-30,2015-06-30,HOLDING,SBSP3,43776517000180,CIA SANEAMENTO BASICO EST SAO PAULO,Saneamento,PASS,0.005307855626326964,12.5,8.900026217501024,-28.52304791909088,-3.56538098988636,SBSP3,B00S_SBSP3_2015-04-07_DISTRIBUTION_68
VVAL_INCLUDE_60872504000123,VVAL,2014,2014-06-30,2015-06-30,HOLDING,TBLE3,02474103000119,ENGIE BRASIL ENERGIA S.A.,Energia,PASS,0.0012626262626262625,4.166666666666666,4.540059964865437,9.384952568462502,0.3910396903526042,TBLE3,TBLE3_2014-09-12_DISTRIBUTION_372;TBLE3_2014-11-11_DISTRIBUTION_371;TBLE3_2014-11-26_DISTRIBUTION_370;TBLE3_2015-05-11_DISTRIBUTION_369
VVAL_INCLUDE_60872504000123,VVAL,2014,2014-06-30,2015-06-30,NUMERICAL_RESIDUAL,,,,,,,,,,-4.23E-15,,
VQ_ALL_EXCEPT_60872504000123,VQ,2014,2014-06-30,2015-06-30,HOLDING,ABCB4,28195667000106,BCO ABC BRASIL S.A.,Bancos,PASS,0.0036764705882352945,5.0,4.632191770806945,-8.788187953393056,-0.4394093976696531,ABCB4,B00S_ABCB2_2014-07-02_RIGHT_REINVEST_89;B00S_ABCB2_2015-01-08_RIGHT_REINVEST_93;B00S_ABCB4_2014-07-01_DISTRIBUTION_39;B00S_ABCB4_2014-07-01_RIGHT_88;B00S_ABCB4_2015-01-02_DISTRIBUTION_38;B00S_ABCB4_2015-01-02_RIGHT_92
VQ_ALL_EXCEPT_60872504000123,VQ,2014,2014-06-30,2015-06-30,HOLDING,BBAS3,00000000000191,BCO BRASIL S.A.,Bancos,PASS,0.002012072434607646,5.0,5.35116827039419,5.369073358535514,0.26845366792677544,BBAS3,B00S_BBAS3_2014-08-20_DISTRIBUTION_47;B00S_BBAS3_2014-09-12_DISTRIBUTION_46;B00S_BBAS3_2014-11-17_DISTRIBUTION_45;B00S_BBAS3_2014-12-12_DISTRIBUTION_44;B00S_BBAS3_2015-02-20_DISTRIBUTION_43;B00S_BBAS3_2015-03-24_DISTRIBUTION_42;B00S_BBAS3_2015-05-22_DISTRIBUTION_41;B00S_BBAS3_2015-06-12_DISTRIBUTION_40
VQ_ALL_EXCEPT_60872504000123,VQ,2014,2014-06-30,2015-06-30,HOLDING,BBDC4,60746948000112,BCO BRADESCO S.A.,Bancos,PASS,0.0015600624024961001,5.0,5.618269881776775,10.628532202254792,0.5314266101127396,BBDC4,BBDC4_2014-07-02_DISTRIBUTION_332;BBDC4_2014-08-04_DISTRIBUTION_331;BBDC4_2014-09-02_DISTRIBUTION_330;BBDC4_2014-10-02_DISTRIBUTION_329;BBDC4_2014-11-04_DISTRIBUTION_328;BBDC4_2014-12-02_DISTRIBUTION_327;BBDC4_2014-12-23_DISTRIBUTION_326;BBDC4_2015-01-05_DISTRIBUTION_325;BBDC4_2015-02-03_DISTRIBUTION_324;BBDC4_2015-02-10_DISTRIBUTION_323;BBDC4_2015-03-03_DISTRIBUTION_322;BBDC4_2015-03-27_SHARES_667;BBDC4_2015-04-02_DISTRIBUTION_321;BBDC4_2015-05-05_DISTRIBUTION_320;BBDC4_2015-06-02_DISTRIBUTION_319;BBDC4_2015-06-23_DISTRIBUTION_318
VQ_ALL_EXCEPT_60872504000123,VQ,2014,2014-06-30,2015-06-30,HOLDING,BRSR6,92702067000196,BCO ESTADO DO RIO GRANDE DO SUL S.A.,Bancos,PASS,0.004651162790697674,5.0,4.4723080445941985,-11.936435069700979,-0.5968217534850488,BRSR6,B00S_BRSR6_2014-09-04_DISTRIBUTION_52;B00S_BRSR6_2014-11-26_DISTRIBUTION_51;B00S_BRSR6_2015-03-05_DISTRIBUTION_50;B00S_BRSR6_2015-05-04_DISTRIBUTION_49;B00S_BRSR6_2015-06-03_DISTRIBUTION_48
VQ_ALL_EXCEPT_60872504000123,VQ,2014,2014-06-30,2015-06-30,HOLDING,CMIG4,17155730000164,CIA ENERGETICA DE MINAS GERAIS - CEMIG,Energia,PASS,0.0012391573729863693,2.0,1.6611114679343548,-18.22824134972203,-0.3645648269944405,CMIG4,CMIG4_2014-11-10_DISTRIBUTION_637;CMIG4_2014-12-29_DISTRIBUTION_638;CMIG4_2015-05-04_DISTRIBUTION_639
VQ_ALL_EXCEPT_60872504000123,VQ,2014,2014-06-30,2015-06-30,HOLDING,COCE5,07047251000170,CIA ENERGETICA DO CEARA - COELCE,Energia,PASS,0.0005730659025787966,2.0,2.455732386770396,20.88866997611727,0.4177733995223455,COCE5,B00S_COCE5_2015-04-28_DISTRIBUTION_53
VQ_ALL_EXCEPT_60872504000123,VQ,2014,2014-06-30,2015-06-30,HOLDING,CPFE3,02429144000193,CPFL ENERGIA S.A.,Energia,PASS,0.0009837678307919333,2.0,2.025759858948022,-0.2776457408305011,-0.005552914816609952,CPFE3,B00S_CPFE3_2014-09-05_DISTRIBUTION_54;B00S_CPFE3_2015-04-30_SHARES_87
VQ_ALL_EXCEPT_60872504000123,VQ,2014,2014-06-30,2015-06-30,HOLDING,CPLE6,76483817000120,CIA PARANAENSE DE ENERGIA - COPEL,Energia,PASS,0.0005903187721369539,2.0,2.247389843911613,10.63256347146526,0.21265126942930507,CPLE6,B00S_CPLE6_2014-11-07_DISTRIBUTION_56;B00S_CPLE6_2014-11-07_DISTRIBUTION_57;B00S_CPLE6_2015-04-24_DISTRIBUTION_55
VQ_ALL_EXCEPT_60872504000123,VQ,2014,2014-06-30,2015-06-30,HOLDING,CSMG3,17281106000103,CIA SANEAMENTO DE MINAS GERAIS-COPASA MG,Saneamento,PASS,0.0024691358024691358,10.0,3.4765643003122735,-65.77173990005318,-6.57717399000532,CSMG3,B00S_CSMG3_2014-09-23_DISTRIBUTION_60;B00S_CSMG3_2015-03-25_DISTRIBUTION_59;B00S_CSMG3_2015-05-12_DISTRIBUTION_58
VQ_ALL_EXCEPT_60872504000123,VQ,2014,2014-06-30,2015-06-30,HOLDING,ENBR3,03983431000103,EDP - ENERGIAS DO BRASIL S.A.,Energia,PASS,0.0018433179723502304,2.0,2.2496345175079524,10.743062321850516,0.21486124643701027,ENBR3,B00S_ENBR3_2014-12-30_DISTRIBUTION_62;B00S_ENBR3_2015-04-13_DISTRIBUTION_61
VQ_ALL_EXCEPT_60872504000123,VQ,2014,2014-06-30,2015-06-30,HOLDING,EQTL3,03220438000173,EQUATORIAL S.A.,Energia,PASS,0.0007955449482895784,2.0,2.917102084759722,43.60057843067124,0.8720115686134247,EQTL3,B00S_EQTL3_2014-12-22_DISTRIBUTION_64;B00S_EQTL3_2015-04-20_DISTRIBUTION_63
VQ_ALL_EXCEPT_60872504000123,VQ,2014,2014-06-30,2015-06-30,HOLDING,GETI4,02998609000127,AES TIETE SA,Energia,PASS,0.0010288065843621398,2.0,1.975443708833992,-2.754565660269759,-0.05509131320539512,GETI4,B00S_GETI4_2014-08-07_DISTRIBUTION_83;B00S_GETI4_2015-05-11_DISTRIBUTION_84
VQ_ALL_EXCEPT_60872504000123,VQ,2014,2014-06-30,2015-06-30,HOLDING,LIGT3,03378521000175,LIGHT SA,Energia,PASS,0.000927643784786642,2.0,1.6772445745452693,-17.434054730983295,-0.3486810946196659,LIGT3,B00S_LIGT3_2015-04-13_DISTRIBUTION_86
VQ_ALL_EXCEPT_60872504000123,VQ,2014,2014-06-30,2015-06-30,HOLDING,PSSA3,02149205000169,PORTO SEGURO S.A.,Seguros,PASS,0.006277463904582549,20.0,27.62999317079103,36.01454066657732,7.202908133315466,PSSA3,B00S_PSSA3_2014-10-30_DISTRIBUTION_67;B00S_PSSA3_2014-12-23_DISTRIBUTION_66;B00S_PSSA3_2015-03-30_DISTRIBUTION_65
VQ_ALL_EXCEPT_60872504000123,VQ,2014,2014-06-30,2015-06-30,HOLDING,SBSP3,43776517000180,CIA SANEAMENTO BASICO EST SAO PAULO,Saneamento,PASS,0.004246284501061571,10.0,7.259913859892804,-28.52304791909088,-2.8523047919090883,SBSP3,B00S_SBSP3_2015-04-07_DISTRIBUTION_68
VQ_ALL_EXCEPT_60872504000123,VQ,2014,2014-06-30,2015-06-30,HOLDING,TBLE3,02474103000119,ENGIE BRASIL ENERGIA S.A.,Energia,PASS,0.0006060606060606061,2.0,2.2220458765969178,9.384952568462502,0.18769905136925003,TBLE3,TBLE3_2014-09-12_DISTRIBUTION_372;TBLE3_2014-11-11_DISTRIBUTION_371;TBLE3_2014-11-26_DISTRIBUTION_370;TBLE3_2015-05-11_DISTRIBUTION_369
VQ_ALL_EXCEPT_60872504000123,VQ,2014,2014-06-30,2015-06-30,HOLDING,TIMP3,02558115000121,TIM PARTICIPACOES S.A.,Telecom,PASS,0.007739938080495357,10.0,8.187082622062743,-19.39467553568701,-1.939467553568701,TIMP3,B00S_TIMP3_2015-05-13_DISTRIBUTION_85
VQ_ALL_EXCEPT_60872504000123,VQ,2014,2014-06-30,2015-06-30,HOLDING,TRPL4,02998611000104,CTEEP - CIA TRANSMISSÃO ENERGIA ELÉTRICA PAULISTA,Energia,PASS,0.0007233273056057867,2.0,3.0584835829425314,50.56038454253673,1.0112076908507346,TRPL4,B00S_TRPL2_2014-07-21_RIGHT_REINVEST_91;B00S_TRPL4_2014-07-17_RIGHT_90;B00S_TRPL4_2014-08-13_DISTRIBUTION_72;B00S_TRPL4_2014-11-25_DISTRIBUTION_71;B00S_TRPL4_2015-05-07_DISTRIBUTION_70;B00S_TRPL4_2015-05-27_DISTRIBUTION_69
VQ_ALL_EXCEPT_60872504000123,VQ,2014,2014-06-30,2015-06-30,HOLDING,VIVT4,02558157000162,TELEFÔNICA BRASIL S.A,Telecom,PASS,0.0022222222222222222,10.0,10.882560176618275,7.143452012423701,0.7143452012423696,VIVT4,B00S_VIVT4_2014-08-01_DISTRIBUTION_82;B00S_VIVT4_2014-09-01_DISTRIBUTION_81;B00S_VIVT4_2014-10-01_DISTRIBUTION_80;B00S_VIVT4_2014-11-03_DISTRIBUTION_79;B00S_VIVT4_2014-12-01_DISTRIBUTION_78;B00S_VIVT4_2015-01-02_DISTRIBUTION_77;B00S_VIVT4_2015-02-11_DISTRIBUTION_76;B00S_VIVT4_2015-04-10_DISTRIBUTION_75;B00S_VIVT4_2015-05-26_DISTRIBUTION_73;B00S_VIVT4_2015-05-26_DISTRIBUTION_74
VQ_ALL_EXCEPT_60872504000123,VQ,2014,2014-06-30,2015-06-30,NUMERICAL_RESIDUAL,,,,,,,,,,3.762E-15,,
VVAL_INCLUDE_76483817000120,VVAL,2014,2014-06-30,2015-06-30,HOLDING,BBDC4,60746948000112,BCO BRADESCO S.A.,Bancos,PASS,0.0078003120124804995,25.0,27.573626483773154,10.628532202254814,2.6571330505637034,BBDC4,BBDC4_2014-07-02_DISTRIBUTION_332;BBDC4_2014-08-04_DISTRIBUTION_331;BBDC4_2014-09-02_DISTRIBUTION_330;BBDC4_2014-10-02_DISTRIBUTION_329;BBDC4_2014-11-04_DISTRIBUTION_328;BBDC4_2014-12-02_DISTRIBUTION_327;BBDC4_2014-12-23_DISTRIBUTION_326;BBDC4_2015-01-05_DISTRIBUTION_325;BBDC4_2015-02-03_DISTRIBUTION_324;BBDC4_2015-02-10_DISTRIBUTION_323;BBDC4_2015-03-03_DISTRIBUTION_322;BBDC4_2015-03-27_SHARES_667;BBDC4_2015-04-02_DISTRIBUTION_321;BBDC4_2015-05-05_DISTRIBUTION_320;BBDC4_2015-06-02_DISTRIBUTION_319;BBDC4_2015-06-23_DISTRIBUTION_318
VVAL_INCLUDE_76483817000120,VVAL,2014,2014-06-30,2015-06-30,HOLDING,CPFE3,02429144000193,CPFL ENERGIA S.A.,Energia,PASS,0.0020495163141498606,4.166666666666666,4.142552398383897,-0.27764574083049,-0.01156857253460375,CPFE3,B00S_CPFE3_2014-09-05_DISTRIBUTION_54;B00S_CPFE3_2015-04-30_SHARES_87
VVAL_INCLUDE_76483817000120,VVAL,2014,2014-06-30,2015-06-30,HOLDING,CPLE6,76483817000120,CIA PARANAENSE DE ENERGIA - COPEL,Energia,PASS,0.0012298307752853207,4.166666666666666,4.595771876353754,10.632563471465284,0.4430234779777199,CPLE6,B00S_CPLE6_2014-11-07_DISTRIBUTION_56;B00S_CPLE6_2014-11-07_DISTRIBUTION_57;B00S_CPLE6_2015-04-24_DISTRIBUTION_55
VVAL_INCLUDE_76483817000120,VVAL,2014,2014-06-30,2015-06-30,HOLDING,CSMG3,17281106000103,CIA SANEAMENTO DE MINAS GERAIS-COPASA MG,Saneamento,PASS,0.0030864197530864196,12.5,4.26561412502467,-65.77173990005318,-8.221467487506647,CSMG3,B00S_CSMG3_2014-09-23_DISTRIBUTION_60;B00S_CSMG3_2015-03-25_DISTRIBUTION_59;B00S_CSMG3_2015-05-12_DISTRIBUTION_58
VVAL_INCLUDE_76483817000120,VVAL,2014,2014-06-30,2015-06-30,HOLDING,ENBR3,03983431000103,EDP - ENERGIAS DO BRASIL S.A.,Energia,PASS,0.0038402457757296467,4.166666666666666,4.600362093673456,10.743062321850516,0.4476275967437715,ENBR3,B00S_ENBR3_2014-12-30_DISTRIBUTION_62;B00S_ENBR3_2015-04-13_DISTRIBUTION_61
VVAL_INCLUDE_76483817000120,VVAL,2014,2014-06-30,2015-06-30,HOLDING,GETI4,02998609000127,AES TIETE SA,Energia,PASS,0.002143347050754458,4.166666666666666,4.039659013755099,-2.7545656602697477,-0.11477356917790615,GETI4,B00S_GETI4_2014-08-07_DISTRIBUTION_83;B00S_GETI4_2015-05-11_DISTRIBUTION_84
VVAL_INCLUDE_76483817000120,VVAL,2014,2014-06-30,2015-06-30,HOLDING,LIGT3,03378521000175,LIGHT SA,Energia,PASS,0.001932591218305504,4.166666666666666,3.4298604073273626,-17.434054730983306,-0.7264189471243042,LIGT3,B00S_LIGT3_2015-04-13_DISTRIBUTION_86
VVAL_INCLUDE_76483817000120,VVAL,2014,2014-06-30,2015-06-30,HOLDING,PSSA3,02149205000169,PORTO SEGURO S.A.,Seguros,PASS,0.007846829880728186,25.0,33.90096628820441,36.0145406665773,9.003635166644324,PSSA3,B00S_PSSA3_2014-10-30_DISTRIBUTION_67;B00S_PSSA3_2014-12-23_DISTRIBUTION_66;B00S_PSSA3_2015-03-30_DISTRIBUTION_65
VVAL_INCLUDE_76483817000120,VVAL,2014,2014-06-30,2015-06-30,HOLDING,SBSP3,43776517000180,CIA SANEAMENTO BASICO EST SAO PAULO,Saneamento,PASS,0.005307855626326964,12.5,8.90764226752242,-28.52304791909088,-3.56538098988636,SBSP3,B00S_SBSP3_2015-04-07_DISTRIBUTION_68
VVAL_INCLUDE_76483817000120,VVAL,2014,2014-06-30,2015-06-30,HOLDING,TBLE3,02474103000119,ENGIE BRASIL ENERGIA S.A.,Energia,PASS,0.0012626262626262625,4.166666666666666,4.543945045981777,9.384952568462502,0.3910396903526042,TBLE3,TBLE3_2014-09-12_DISTRIBUTION_372;TBLE3_2014-11-11_DISTRIBUTION_371;TBLE3_2014-11-26_DISTRIBUTION_370;TBLE3_2015-05-11_DISTRIBUTION_369
VVAL_INCLUDE_76483817000120,VVAL,2014,2014-06-30,2015-06-30,NUMERICAL_RESIDUAL,,,,,,,,,,-4.25E-15,,
VQ_ALL_EXCEPT_76483817000120,VQ,2014,2014-06-30,2015-06-30,HOLDING,ABCB4,28195667000106,BCO ABC BRASIL S.A.,Bancos,PASS,0.0029411764705882353,4.0,3.686967975309445,-8.788187953393066,-0.3515275181357226,ABCB4,B00S_ABCB2_2014-07-02_RIGHT_REINVEST_89;B00S_ABCB2_2015-01-08_RIGHT_REINVEST_93;B00S_ABCB4_2014-07-01_DISTRIBUTION_39;B00S_ABCB4_2014-07-01_RIGHT_88;B00S_ABCB4_2015-01-02_DISTRIBUTION_38;B00S_ABCB4_2015-01-02_RIGHT_92
VQ_ALL_EXCEPT_76483817000120,VQ,2014,2014-06-30,2015-06-30,HOLDING,BBAS3,00000000000191,BCO BRASIL S.A.,Bancos,PASS,0.0016096579476861167,4.0,4.259233429793526,5.369073358535514,0.2147629343414205,BBAS3,B00S_BBAS3_2014-08-20_DISTRIBUTION_47;B00S_BBAS3_2014-09-12_DISTRIBUTION_46;B00S_BBAS3_2014-11-17_DISTRIBUTION_45;B00S_BBAS3_2014-12-12_DISTRIBUTION_44;B00S_BBAS3_2015-02-20_DISTRIBUTION_43;B00S_BBAS3_2015-03-24_DISTRIBUTION_42;B00S_BBAS3_2015-05-22_DISTRIBUTION_41;B00S_BBAS3_2015-06-12_DISTRIBUTION_40
VQ_ALL_EXCEPT_76483817000120,VQ,2014,2014-06-30,2015-06-30,HOLDING,BBDC4,60746948000112,BCO BRADESCO S.A.,Bancos,PASS,0.00124804992199688,4.0,4.471831512093902,10.628532202254792,0.4251412880901917,BBDC4,BBDC4_2014-07-02_DISTRIBUTION_332;BBDC4_2014-08-04_DISTRIBUTION_331;BBDC4_2014-09-02_DISTRIBUTION_330;BBDC4_2014-10-02_DISTRIBUTION_329;BBDC4_2014-11-04_DISTRIBUTION_328;BBDC4_2014-12-02_DISTRIBUTION_327;BBDC4_2014-12-23_DISTRIBUTION_326;BBDC4_2015-01-05_DISTRIBUTION_325;BBDC4_2015-02-03_DISTRIBUTION_324;BBDC4_2015-02-10_DISTRIBUTION_323;BBDC4_2015-03-03_DISTRIBUTION_322;BBDC4_2015-03-27_SHARES_667;BBDC4_2015-04-02_DISTRIBUTION_321;BBDC4_2015-05-05_DISTRIBUTION_320;BBDC4_2015-06-02_DISTRIBUTION_319;BBDC4_2015-06-23_DISTRIBUTION_318
VQ_ALL_EXCEPT_76483817000120,VQ,2014,2014-06-30,2015-06-30,HOLDING,BRSR6,92702067000196,BCO ESTADO DO RIO GRANDE DO SUL S.A.,Bancos,PASS,0.0037209302325581397,4.0,3.559709388556927,-11.936435069700957,-0.4774574027880382,BRSR6,B00S_BRSR6_2014-09-04_DISTRIBUTION_52;B00S_BRSR6_2014-11-26_DISTRIBUTION_51;B00S_BRSR6_2015-03-05_DISTRIBUTION_50;B00S_BRSR6_2015-05-04_DISTRIBUTION_49;B00S_BRSR6_2015-06-03_DISTRIBUTION_48
VQ_ALL_EXCEPT_76483817000120,VQ,2014,2014-06-30,2015-06-30,HOLDING,CMIG4,17155730000164,CIA ENERGETICA DE MINAS GERAIS - CEMIG,Energia,PASS,0.0013768415255404104,2.2222222222222223,1.8363231731571392,-18.22824134972201,-0.4050720299938224,CMIG4,CMIG4_2014-11-10_DISTRIBUTION_637;CMIG4_2014-12-29_DISTRIBUTION_638;CMIG4_2015-05-04_DISTRIBUTION_639
VQ_ALL_EXCEPT_76483817000120,VQ,2014,2014-06-30,2015-06-30,HOLDING,COCE5,07047251000170,CIA ENERGETICA DO CEARA - COELCE,Energia,PASS,0.0006367398917542184,2.2222222222222223,2.7147595907616586,20.88866997611727,0.4641926661359392,COCE5,B00S_COCE5_2015-04-28_DISTRIBUTION_53
VQ_ALL_EXCEPT_76483817000120,VQ,2014,2014-06-30,2015-06-30,HOLDING,CPFE3,02429144000193,CPFL ENERGIA S.A.,Energia,PASS,0.0010930753675465925,2.2222222222222223,2.2394341644415148,-0.2776457408304678,-0.006169905351788296,CPFE3,B00S_CPFE3_2014-09-05_DISTRIBUTION_54;B00S_CPFE3_2015-04-30_SHARES_87
VQ_ALL_EXCEPT_76483817000120,VQ,2014,2014-06-30,2015-06-30,HOLDING,CSMG3,17281106000103,CIA SANEAMENTO DE MINAS GERAIS-COPASA MG,Saneamento,PASS,0.0024691358024691358,10.0,3.4589406790477346,-65.77173990005318,-6.57717399000532,CSMG3,B00S_CSMG3_2014-09-23_DISTRIBUTION_60;B00S_CSMG3_2015-03-25_DISTRIBUTION_59;B00S_CSMG3_2015-05-12_DISTRIBUTION_58
VQ_ALL_EXCEPT_76483817000120,VQ,2014,2014-06-30,2015-06-30,HOLDING,ENBR3,03983431000103,EDP - ENERGIAS DO BRASIL S.A.,Energia,PASS,0.002048131080389145,2.2222222222222223,2.486922807637426,10.743062321850495,0.23873471826334447,ENBR3,B00S_ENBR3_2014-12-30_DISTRIBUTION_62;B00S_ENBR3_2015-04-13_DISTRIBUTION_61
VQ_ALL_EXCEPT_76483817000120,VQ,2014,2014-06-30,2015-06-30,HOLDING,EQTL3,03220438000173,EQUATORIAL S.A.,Energia,PASS,0.0008839388314328649,2.2222222222222223,3.224793916672285,43.6005784306712,0.9689017429038046,EQTL3,B00S_EQTL3_2014-12-22_DISTRIBUTION_64;B00S_EQTL3_2015-04-20_DISTRIBUTION_63
VQ_ALL_EXCEPT_76483817000120,VQ,2014,2014-06-30,2015-06-30,HOLDING,GETI4,02998609000127,AES TIETE SA,Energia,PASS,0.0011431184270690442,2.2222222222222223,2.1838107374638276,-2.7545656602697366,-0.061212570228216454,GETI4,B00S_GETI4_2014-08-07_DISTRIBUTION_83;B00S_GETI4_2015-05-11_DISTRIBUTION_84
VQ_ALL_EXCEPT_76483817000120,VQ,2014,2014-06-30,2015-06-30,HOLDING,ITUB4,60872504000123,ITAU UNIBANCO HOLDING S.A.,Bancos,PASS,0.0012511729746637473,4.0,4.499587714204099,11.315192218549196,0.45260768874196766,ITUB4,ITUB4_2014-07-01_DISTRIBUTION_295;ITUB4_2014-08-01_DISTRIBUTION_294;ITUB4_2014-08-14_DISTRIBUTION_293;ITUB4_2014-09-01_DISTRIBUTION_292;ITUB4_2014-10-01_DISTRIBUTION_291;ITUB4_2014-11-03_DISTRIBUTION_290;ITUB4_2014-12-01_DISTRIBUTION_289;ITUB4_2015-01-02_DISTRIBUTION_288;ITUB4_2015-02-02_DISTRIBUTION_287;ITUB4_2015-02-11_DISTRIBUTION_285;ITUB4_2015-02-11_DISTRIBUTION_286;ITUB4_2015-03-02_DISTRIBUTION_284;ITUB4_2015-04-01_DISTRIBUTION_283;ITUB4_2015-05-04_DISTRIBUTION_282;ITUB4_2015-06-01_DISTRIBUTION_281
VQ_ALL_EXCEPT_76483817000120,VQ,2014,2014-06-30,2015-06-30,HOLDING,LIGT3,03378521000175,LIGHT SA,Energia,PASS,0.0010307153164296023,2.2222222222222223,1.8541579772004086,-17.434054730983284,-0.3874234384662951,LIGT3,B00S_LIGT3_2015-04-13_DISTRIBUTION_86
VQ_ALL_EXCEPT_76483817000120,VQ,2014,2014-06-30,2015-06-30,HOLDING,PSSA3,02149205000169,PORTO SEGURO S.A.,Seguros,PASS,0.006277463904582549,20.0,27.489929448932042,36.01454066657732,7.202908133315466,PSSA3,B00S_PSSA3_2014-10-30_DISTRIBUTION_67;B00S_PSSA3_2014-12-23_DISTRIBUTION_66;B00S_PSSA3_2015-03-30_DISTRIBUTION_65
VQ_ALL_EXCEPT_76483817000120,VQ,2014,2014-06-30,2015-06-30,HOLDING,SBSP3,43776517000180,CIA SANEAMENTO BASICO EST SAO PAULO,Saneamento,PASS,0.004246284501061571,10.0,7.223111441980259,-28.52304791909088,-2.8523047919090883,SBSP3,B00S_SBSP3_2015-04-07_DISTRIBUTION_68
VQ_ALL_EXCEPT_76483817000120,VQ,2014,2014-06-30,2015-06-30,HOLDING,TBLE3,02474103000119,ENGIE BRASIL ENERGIA S.A.,Energia,PASS,0.0006734006734006734,2.2222222222222223,2.456424155621108,9.384952568462479,0.20855450152138832,TBLE3,TBLE3_2014-09-12_DISTRIBUTION_372;TBLE3_2014-11-11_DISTRIBUTION_371;TBLE3_2014-11-26_DISTRIBUTION_370;TBLE3_2015-05-11_DISTRIBUTION_369
VQ_ALL_EXCEPT_76483817000120,VQ,2014,2014-06-30,2015-06-30,HOLDING,TIMP3,02558115000121,TIM PARTICIPACOES S.A.,Telecom,PASS,0.007739938080495357,10.0,8.145580141185354,-19.39467553568701,-1.939467553568701,TIMP3,B00S_TIMP3_2015-05-13_DISTRIBUTION_85
VQ_ALL_EXCEPT_76483817000120,VQ,2014,2014-06-30,2015-06-30,HOLDING,TRPL4,02998611000104,CTEEP - CIA TRANSMISSÃO ENERGIA ELÉTRICA PAULISTA,Energia,PASS,0.0008036970062286518,2.2222222222222223,3.381088136765543,50.56038454253668,1.12356410094526,TRPL4,B00S_TRPL2_2014-07-21_RIGHT_REINVEST_91;B00S_TRPL4_2014-07-17_RIGHT_90;B00S_TRPL4_2014-08-13_DISTRIBUTION_72;B00S_TRPL4_2014-11-25_DISTRIBUTION_71;B00S_TRPL4_2015-05-07_DISTRIBUTION_70;B00S_TRPL4_2015-05-27_DISTRIBUTION_69
VQ_ALL_EXCEPT_76483817000120,VQ,2014,2014-06-30,2015-06-30,HOLDING,VIVT4,02558157000162,TELEFÔNICA BRASIL S.A,Telecom,PASS,0.0022222222222222222,10.0,10.8273936091758,7.143452012423701,0.7143452012423696,VIVT4,B00S_VIVT4_2014-08-01_DISTRIBUTION_82;B00S_VIVT4_2014-09-01_DISTRIBUTION_81;B00S_VIVT4_2014-10-01_DISTRIBUTION_80;B00S_VIVT4_2014-11-03_DISTRIBUTION_79;B00S_VIVT4_2014-12-01_DISTRIBUTION_78;B00S_VIVT4_2015-01-02_DISTRIBUTION_77;B00S_VIVT4_2015-02-11_DISTRIBUTION_76;B00S_VIVT4_2015-04-10_DISTRIBUTION_75;B00S_VIVT4_2015-05-26_DISTRIBUTION_73;B00S_VIVT4_2015-05-26_DISTRIBUTION_74
VQ_ALL_EXCEPT_76483817000120,VQ,2014,2014-06-30,2015-06-30,NUMERICAL_RESIDUAL,,,,,,,,,,6.300E-15,,
VVAL_INCLUDE_92702067000196,VVAL,2014,2014-06-30,2015-06-30,HOLDING,BBDC4,60746948000112,BCO BRADESCO S.A.,Bancos,PASS,0.0039001560062402497,12.5,14.185730811724977,10.628532202254814,1.3285665252818517,BBDC4,BBDC4_2014-07-02_DISTRIBUTION_332;BBDC4_2014-08-04_DISTRIBUTION_331;BBDC4_2014-09-02_DISTRIBUTION_330;BBDC4_2014-10-02_DISTRIBUTION_329;BBDC4_2014-11-04_DISTRIBUTION_328;BBDC4_2014-12-02_DISTRIBUTION_327;BBDC4_2014-12-23_DISTRIBUTION_326;BBDC4_2015-01-05_DISTRIBUTION_325;BBDC4_2015-02-03_DISTRIBUTION_324;BBDC4_2015-02-10_DISTRIBUTION_323;BBDC4_2015-03-03_DISTRIBUTION_322;BBDC4_2015-03-27_SHARES_667;BBDC4_2015-04-02_DISTRIBUTION_321;BBDC4_2015-05-05_DISTRIBUTION_320;BBDC4_2015-06-02_DISTRIBUTION_319;BBDC4_2015-06-23_DISTRIBUTION_318
VVAL_INCLUDE_92702067000196,VVAL,2014,2014-06-30,2015-06-30,HOLDING,BRSR6,92702067000196,BCO ESTADO DO RIO GRANDE DO SUL S.A.,Bancos,PASS,0.011627906976744186,12.5,11.29225889156852,-11.936435069700945,-1.4920543837126181,BRSR6,B00S_BRSR6_2014-09-04_DISTRIBUTION_52;B00S_BRSR6_2014-11-26_DISTRIBUTION_51;B00S_BRSR6_2015-03-05_DISTRIBUTION_50;B00S_BRSR6_2015-05-04_DISTRIBUTION_49;B00S_BRSR6_2015-06-03_DISTRIBUTION_48
VVAL_INCLUDE_92702067000196,VVAL,2014,2014-06-30,2015-06-30,HOLDING,CPFE3,02429144000193,CPFL ENERGIA S.A.,Energia,PASS,0.0020495163141498606,4.166666666666666,4.262415988808902,-0.27764574083049,-0.01156857253460375,CPFE3,B00S_CPFE3_2014-09-05_DISTRIBUTION_54;B00S_CPFE3_2015-04-30_SHARES_87
VVAL_INCLUDE_92702067000196,VVAL,2014,2014-06-30,2015-06-30,HOLDING,CPLE6,76483817000120,CIA PARANAENSE DE ENERGIA - COPEL,Energia,PASS,0.0012298307752853207,4.166666666666666,4.728749245110497,10.632563471465284,0.4430234779777199,CPLE6,B00S_CPLE6_2014-11-07_DISTRIBUTION_56;B00S_CPLE6_2014-11-07_DISTRIBUTION_57;B00S_CPLE6_2015-04-24_DISTRIBUTION_55
VVAL_INCLUDE_92702067000196,VVAL,2014,2014-06-30,2015-06-30,HOLDING,CSMG3,17281106000103,CIA SANEAMENTO DE MINAS GERAIS-COPASA MG,Saneamento,PASS,0.0030864197530864196,12.5,4.3890384719544855,-65.77173990005318,-8.221467487506647,CSMG3,B00S_CSMG3_2014-09-23_DISTRIBUTION_60;B00S_CSMG3_2015-03-25_DISTRIBUTION_59;B00S_CSMG3_2015-05-12_DISTRIBUTION_58
VVAL_INCLUDE_92702067000196,VVAL,2014,2014-06-30,2015-06-30,HOLDING,ENBR3,03983431000103,EDP - ENERGIAS DO BRASIL S.A.,Energia,PASS,0.0038402457757296467,4.166666666666666,4.733472279079419,10.743062321850516,0.4476275967437715,ENBR3,B00S_ENBR3_2014-12-30_DISTRIBUTION_62;B00S_ENBR3_2015-04-13_DISTRIBUTION_61
VVAL_INCLUDE_92702067000196,VVAL,2014,2014-06-30,2015-06-30,HOLDING,GETI4,02998609000127,AES TIETE SA,Energia,PASS,0.002143347050754458,4.166666666666666,4.156545412988171,-2.7545656602697477,-0.11477356917790615,GETI4,B00S_GETI4_2014-08-07_DISTRIBUTION_83;B00S_GETI4_2015-05-11_DISTRIBUTION_84
VVAL_INCLUDE_92702067000196,VVAL,2014,2014-06-30,2015-06-30,HOLDING,LIGT3,03378521000175,LIGHT SA,Energia,PASS,0.001932591218305504,4.166666666666666,3.5291024551139434,-17.434054730983306,-0.7264189471243042,LIGT3,B00S_LIGT3_2015-04-13_DISTRIBUTION_86
VVAL_INCLUDE_92702067000196,VVAL,2014,2014-06-30,2015-06-30,HOLDING,PSSA3,02149205000169,PORTO SEGURO S.A.,Seguros,PASS,0.007846829880728186,25.0,34.88188122841531,36.0145406665773,9.003635166644324,PSSA3,B00S_PSSA3_2014-10-30_DISTRIBUTION_67;B00S_PSSA3_2014-12-23_DISTRIBUTION_66;B00S_PSSA3_2015-03-30_DISTRIBUTION_65
VVAL_INCLUDE_92702067000196,VVAL,2014,2014-06-30,2015-06-30,HOLDING,SBSP3,43776517000180,CIA SANEAMENTO BASICO EST SAO PAULO,Saneamento,PASS,0.005307855626326964,12.5,9.165382395281169,-28.52304791909088,-3.56538098988636,SBSP3,B00S_SBSP3_2015-04-07_DISTRIBUTION_68
VVAL_INCLUDE_92702067000196,VVAL,2014,2014-06-30,2015-06-30,HOLDING,TBLE3,02474103000119,ENGIE BRASIL ENERGIA S.A.,Energia,PASS,0.0012626262626262625,4.166666666666666,4.6754228199546,9.384952568462502,0.3910396903526042,TBLE3,TBLE3_2014-09-12_DISTRIBUTION_372;TBLE3_2014-11-11_DISTRIBUTION_371;TBLE3_2014-11-26_DISTRIBUTION_370;TBLE3_2015-05-11_DISTRIBUTION_369
VVAL_INCLUDE_92702067000196,VVAL,2014,2014-06-30,2015-06-30,NUMERICAL_RESIDUAL,,,,,,,,,,9.0E-16,,
VQ_ALL_EXCEPT_92702067000196,VQ,2014,2014-06-30,2015-06-30,HOLDING,ABCB4,28195667000106,BCO ABC BRASIL S.A.,Bancos,PASS,0.0036764705882352945,5.0,4.57813164197919,-8.788187953393056,-0.4394093976696531,ABCB4,B00S_ABCB2_2014-07-02_RIGHT_REINVEST_89;B00S_ABCB2_2015-01-08_RIGHT_REINVEST_93;B00S_ABCB4_2014-07-01_DISTRIBUTION_39;B00S_ABCB4_2014-07-01_RIGHT_88;B00S_ABCB4_2015-01-02_DISTRIBUTION_38;B00S_ABCB4_2015-01-02_RIGHT_92
VQ_ALL_EXCEPT_92702067000196,VQ,2014,2014-06-30,2015-06-30,HOLDING,BBAS3,00000000000191,BCO BRASIL S.A.,Bancos,PASS,0.002012072434607646,5.0,5.288717305410477,5.369073358535514,0.26845366792677544,BBAS3,B00S_BBAS3_2014-08-20_DISTRIBUTION_47;B00S_BBAS3_2014-09-12_DISTRIBUTION_46;B00S_BBAS3_2014-11-17_DISTRIBUTION_45;B00S_BBAS3_2014-12-12_DISTRIBUTION_44;B00S_BBAS3_2015-02-20_DISTRIBUTION_43;B00S_BBAS3_2015-03-24_DISTRIBUTION_42;B00S_BBAS3_2015-05-22_DISTRIBUTION_41;B00S_BBAS3_2015-06-12_DISTRIBUTION_40
VQ_ALL_EXCEPT_92702067000196,VQ,2014,2014-06-30,2015-06-30,HOLDING,BBDC4,60746948000112,BCO BRADESCO S.A.,Bancos,PASS,0.0015600624024961001,5.0,5.552701699666508,10.628532202254792,0.5314266101127396,BBDC4,BBDC4_2014-07-02_DISTRIBUTION_332;BBDC4_2014-08-04_DISTRIBUTION_331;BBDC4_2014-09-02_DISTRIBUTION_330;BBDC4_2014-10-02_DISTRIBUTION_329;BBDC4_2014-11-04_DISTRIBUTION_328;BBDC4_2014-12-02_DISTRIBUTION_327;BBDC4_2014-12-23_DISTRIBUTION_326;BBDC4_2015-01-05_DISTRIBUTION_325;BBDC4_2015-02-03_DISTRIBUTION_324;BBDC4_2015-02-10_DISTRIBUTION_323;BBDC4_2015-03-03_DISTRIBUTION_322;BBDC4_2015-03-27_SHARES_667;BBDC4_2015-04-02_DISTRIBUTION_321;BBDC4_2015-05-05_DISTRIBUTION_320;BBDC4_2015-06-02_DISTRIBUTION_319;BBDC4_2015-06-23_DISTRIBUTION_318
VQ_ALL_EXCEPT_92702067000196,VQ,2014,2014-06-30,2015-06-30,HOLDING,CMIG4,17155730000164,CIA ENERGETICA DE MINAS GERAIS - CEMIG,Energia,PASS,0.0012391573729863693,2.0,1.641725418220323,-18.22824134972203,-0.3645648269944405,CMIG4,CMIG4_2014-11-10_DISTRIBUTION_637;CMIG4_2014-12-29_DISTRIBUTION_638;CMIG4_2015-05-04_DISTRIBUTION_639
VQ_ALL_EXCEPT_92702067000196,VQ,2014,2014-06-30,2015-06-30,HOLDING,COCE5,07047251000170,CIA ENERGETICA DO CEARA - COELCE,Energia,PASS,0.0005730659025787966,2.0,2.427072690504805,20.88866997611727,0.4177733995223455,COCE5,B00S_COCE5_2015-04-28_DISTRIBUTION_53
VQ_ALL_EXCEPT_92702067000196,VQ,2014,2014-06-30,2015-06-30,HOLDING,CPFE3,02429144000193,CPFL ENERGIA S.A.,Energia,PASS,0.0009837678307919333,2.0,2.0021181695777766,-0.2776457408305011,-0.005552914816609952,CPFE3,B00S_CPFE3_2014-09-05_DISTRIBUTION_54;B00S_CPFE3_2015-04-30_SHARES_87
VQ_ALL_EXCEPT_92702067000196,VQ,2014,2014-06-30,2015-06-30,HOLDING,CPLE6,76483817000120,CIA PARANAENSE DE ENERGIA - COPEL,Energia,PASS,0.0005903187721369539,2.0,2.221161615353864,10.63256347146526,0.21265126942930507,CPLE6,B00S_CPLE6_2014-11-07_DISTRIBUTION_56;B00S_CPLE6_2014-11-07_DISTRIBUTION_57;B00S_CPLE6_2015-04-24_DISTRIBUTION_55
VQ_ALL_EXCEPT_92702067000196,VQ,2014,2014-06-30,2015-06-30,HOLDING,CSMG3,17281106000103,CIA SANEAMENTO DE MINAS GERAIS-COPASA MG,Saneamento,PASS,0.0024691358024691358,10.0,3.4359909555001447,-65.77173990005318,-6.57717399000532,CSMG3,B00S_CSMG3_2014-09-23_DISTRIBUTION_60;B00S_CSMG3_2015-03-25_DISTRIBUTION_59;B00S_CSMG3_2015-05-12_DISTRIBUTION_58
VQ_ALL_EXCEPT_92702067000196,VQ,2014,2014-06-30,2015-06-30,HOLDING,ENBR3,03983431000103,EDP - ENERGIAS DO BRASIL S.A.,Energia,PASS,0.0018433179723502304,2.0,2.2233800924216918,10.743062321850516,0.21486124643701027,ENBR3,B00S_ENBR3_2014-12-30_DISTRIBUTION_62;B00S_ENBR3_2015-04-13_DISTRIBUTION_61
VQ_ALL_EXCEPT_92702067000196,VQ,2014,2014-06-30,2015-06-30,HOLDING,EQTL3,03220438000173,EQUATORIAL S.A.,Energia,PASS,0.0007955449482895784,2.0,2.883057960010899,43.60057843067124,0.8720115686134247,EQTL3,B00S_EQTL3_2014-12-22_DISTRIBUTION_64;B00S_EQTL3_2015-04-20_DISTRIBUTION_63
VQ_ALL_EXCEPT_92702067000196,VQ,2014,2014-06-30,2015-06-30,HOLDING,GETI4,02998609000127,AES TIETE SA,Energia,PASS,0.0010288065843621398,2.0,1.952389235557524,-2.754565660269759,-0.05509131320539512,GETI4,B00S_GETI4_2014-08-07_DISTRIBUTION_83;B00S_GETI4_2015-05-11_DISTRIBUTION_84
VQ_ALL_EXCEPT_92702067000196,VQ,2014,2014-06-30,2015-06-30,HOLDING,ITUB4,60872504000123,ITAU UNIBANCO HOLDING S.A.,Bancos,PASS,0.0015639662183296842,5.0,5.587166752792225,11.315192218549175,0.5657596109274583,ITUB4,ITUB4_2014-07-01_DISTRIBUTION_295;ITUB4_2014-08-01_DISTRIBUTION_294;ITUB4_2014-08-14_DISTRIBUTION_293;ITUB4_2014-09-01_DISTRIBUTION_292;ITUB4_2014-10-01_DISTRIBUTION_291;ITUB4_2014-11-03_DISTRIBUTION_290;ITUB4_2014-12-01_DISTRIBUTION_289;ITUB4_2015-01-02_DISTRIBUTION_288;ITUB4_2015-02-02_DISTRIBUTION_287;ITUB4_2015-02-11_DISTRIBUTION_285;ITUB4_2015-02-11_DISTRIBUTION_286;ITUB4_2015-03-02_DISTRIBUTION_284;ITUB4_2015-04-01_DISTRIBUTION_283;ITUB4_2015-05-04_DISTRIBUTION_282;ITUB4_2015-06-01_DISTRIBUTION_281
VQ_ALL_EXCEPT_92702067000196,VQ,2014,2014-06-30,2015-06-30,HOLDING,LIGT3,03378521000175,LIGHT SA,Energia,PASS,0.000927643784786642,2.0,1.6576702429411665,-17.434054730983295,-0.3486810946196659,LIGT3,B00S_LIGT3_2015-04-13_DISTRIBUTION_86
VQ_ALL_EXCEPT_92702067000196,VQ,2014,2014-06-30,2015-06-30,HOLDING,PSSA3,02149205000169,PORTO SEGURO S.A.,Seguros,PASS,0.006277463904582549,20.0,27.30753653163881,36.01454066657732,7.202908133315466,PSSA3,B00S_PSSA3_2014-10-30_DISTRIBUTION_67;B00S_PSSA3_2014-12-23_DISTRIBUTION_66;B00S_PSSA3_2015-03-30_DISTRIBUTION_65
VQ_ALL_EXCEPT_92702067000196,VQ,2014,2014-06-30,2015-06-30,HOLDING,SBSP3,43776517000180,CIA SANEAMENTO BASICO EST SAO PAULO,Saneamento,PASS,0.004246284501061571,10.0,7.175186823974807,-28.52304791909088,-2.8523047919090883,SBSP3,B00S_SBSP3_2015-04-07_DISTRIBUTION_68
VQ_ALL_EXCEPT_92702067000196,VQ,2014,2014-06-30,2015-06-30,HOLDING,TBLE3,02474103000119,ENGIE BRASIL ENERGIA S.A.,Energia,PASS,0.0006060606060606061,2.0,2.1961134255470585,9.384952568462502,0.18769905136925003,TBLE3,TBLE3_2014-09-12_DISTRIBUTION_372;TBLE3_2014-11-11_DISTRIBUTION_371;TBLE3_2014-11-26_DISTRIBUTION_370;TBLE3_2015-05-11_DISTRIBUTION_369
VQ_ALL_EXCEPT_92702067000196,VQ,2014,2014-06-30,2015-06-30,HOLDING,TIMP3,02558115000121,TIM PARTICIPACOES S.A.,Telecom,PASS,0.007739938080495357,10.0,8.09153503613128,-19.39467553568701,-1.939467553568701,TIMP3,B00S_TIMP3_2015-05-13_DISTRIBUTION_85
VQ_ALL_EXCEPT_92702067000196,VQ,2014,2014-06-30,2015-06-30,HOLDING,TRPL4,02998611000104,CTEEP - CIA TRANSMISSÃO ENERGIA ELÉTRICA PAULISTA,Energia,PASS,0.0007233273056057867,2.0,3.0227894613058863,50.56038454253673,1.0112076908507346,TRPL4,B00S_TRPL2_2014-07-21_RIGHT_REINVEST_91;B00S_TRPL4_2014-07-17_RIGHT_90;B00S_TRPL4_2014-08-13_DISTRIBUTION_72;B00S_TRPL4_2014-11-25_DISTRIBUTION_71;B00S_TRPL4_2015-05-07_DISTRIBUTION_70;B00S_TRPL4_2015-05-27_DISTRIBUTION_69
VQ_ALL_EXCEPT_92702067000196,VQ,2014,2014-06-30,2015-06-30,HOLDING,VIVT4,02558157000162,TELEFÔNICA BRASIL S.A,Telecom,PASS,0.0022222222222222222,10.0,10.755554941465565,7.143452012423701,0.7143452012423696,VIVT4,B00S_VIVT4_2014-08-01_DISTRIBUTION_82;B00S_VIVT4_2014-09-01_DISTRIBUTION_81;B00S_VIVT4_2014-10-01_DISTRIBUTION_80;B00S_VIVT4_2014-11-03_DISTRIBUTION_79;B00S_VIVT4_2014-12-01_DISTRIBUTION_78;B00S_VIVT4_2015-01-02_DISTRIBUTION_77;B00S_VIVT4_2015-02-11_DISTRIBUTION_76;B00S_VIVT4_2015-04-10_DISTRIBUTION_75;B00S_VIVT4_2015-05-26_DISTRIBUTION_73;B00S_VIVT4_2015-05-26_DISTRIBUTION_74
VQ_ALL_EXCEPT_92702067000196,VQ,2014,2014-06-30,2015-06-30,NUMERICAL_RESIDUAL,,,,,,,,,,3.762E-15,,
