portfolio,date,lineage,ticker,units_before,units_after,event_ids,event_kinds,external_flow,source,compulsory_cash_entitlement,gross_distribution_entitlement,cash_in,cash_reinvested,status
V0,2014-07-01,28195667000106,ABCB2,0,9.345235294117648,B00S_ABCB4_2014-07-01_DISTRIBUTION_39;B00S_ABCB4_2014-07-01_RIGHT_88,DISTRIBUTION;RIGHT,0,FRE 2015 capital increase; B3 ex 2014-07-01 transcription;cache/market.json.gz; B3,0.0,0.0,,,
V0,2014-07-01,28195667000106,ABCB4,367.64705882352945,376.6113775353074,B00S_ABCB4_2014-07-01_DISTRIBUTION_39;B00S_ABCB4_2014-07-01_RIGHT_88,DISTRIBUTION;RIGHT,0,FRE 2015 capital increase; B3 ex 2014-07-01 transcription;cache/market.json.gz; B3,0.0,119.85294117647061,,,
V0,2014-07-01,60872504000123,ITUB4,156.3966218329684,156.469749929212,ITUB4_2014-07-01_DISTRIBUTION_295,DISTRIBUTION,0,cache/market.json.gz; SQLite corporate_actions/B3,0.0,2.3459493274945262,,,
V0,2014-07-02,28195667000106,ABCB2,9.345235294117648,0,B00S_ABCB2_2014-07-02_RIGHT_REINVEST_89,RIGHT_REINVEST,0,COTAHIST first observed right close,0.0,0.0,,,
V0,2014-07-02,28195667000106,ABCB4,376.6113775353074,378.2238337375932,B00S_ABCB2_2014-07-02_RIGHT_REINVEST_89,RIGHT_REINVEST,0,COTAHIST first observed right close,0.0,0.0,,,
V0,2014-07-02,60746948000112,BBDC4,156.00624024961,156.10737700400594,BBDC4_2014-07-02_DISTRIBUTION_332,DISTRIBUTION,0,cache/market.json.gz; SQLite corporate_actions/B3,0.0,3.2292965678627144,,,
V0,2014-07-17,02998611000104,TRPL2,0,10.184437613019892,B00S_TRPL4_2014-07-17_RIGHT_90,RIGHT,0,FRE 2015 doc 56621 capital increase 172049; ex-date inferred next session after approval,0.0,0.0,,,
V0,2014-07-21,02998611000104,TRPL2,10.184437613019892,0,B00S_TRPL2_2014-07-21_RIGHT_REINVEST_91,RIGHT_REINVEST,0,COTAHIST first observed right close,0.0,0.0,,,
V0,2014-07-21,02998611000104,TRPL4,180.83182640144668,182.21710631093114,B00S_TRPL2_2014-07-21_RIGHT_REINVEST_91,RIGHT_REINVEST,0,COTAHIST first observed right close,0.0,0.0,,,
V0,2014-08-01,60872504000123,ITUB4,156.469749929212,156.53690432832326,ITUB4_2014-08-01_DISTRIBUTION_294,DISTRIBUTION,0,cache/market.json.gz; SQLite corporate_actions/B3,0.0,2.34704624893818,,,
V0,2014-08-01,02558157000162,VIVT4,111.11111111111111,111.77959829360195,B00S_VIVT4_2014-08-01_DISTRIBUTION_82,DISTRIBUTION,0,cache/market.json.gz; B3,0.0,30.416166803333336,,,
V0,2014-08-04,60746948000112,BBDC4,156.10737700400594,156.1986592095862,BBDC4_2014-08-04_DISTRIBUTION_331,DISTRIBUTION,0,cache/market.json.gz; SQLite corporate_actions/B3,0.0,3.231390077541129,,,
V0,2014-08-07,02998609000127,GETI4,279.22807440437714,296.1492957132824,B00S_GETI4_2014-08-07_DISTRIBUTION_83,DISTRIBUTION,0,originals/owned_proventos_44287.zip; PN payment 87; record date corroborated by historical B3-derived distribution table,0.0,299.505617167623,,,
V0,2014-08-13,02998611000104,TRPL4,186.32130018371507,187.50242095740225,B00S_TRPL4_2014-08-13_DISTRIBUTION_72,DISTRIBUTION,0,cache/market.json.gz; B3,0.0,36.614743984302585,,,
V0,2014-08-14,60872504000123,ITUB4,156.53690432832326,157.98345995060907,ITUB4_2014-08-14_DISTRIBUTION_293,DISTRIBUTION,0,cache/market.json.gz; SQLite corporate_actions/B3,0.0,50.96215457312892,,,
V0,2014-08-20,00000000000191,BBAS3,201.20724346076457,201.21661846094736,B00S_BBAS3_2014-08-20_DISTRIBUTION_47,DISTRIBUTION,0,cache/market.json.gz; B3,0.0,0.28378125553319916,,,
V0,2014-09-01,60872504000123,ITUB4,157.98345995060907,158.04197234318337,ITUB4_2014-09-01_DISTRIBUTION_292,DISTRIBUTION,0,cache/market.json.gz; SQLite corporate_actions/B3,0.0,2.369751899259136,,,
V0,2014-09-01,02558157000162,VIVT4,116.30719039614057,116.99507307772467,B00S_VIVT4_2014-09-01_DISTRIBUTION_81,DISTRIBUTION,0,cache/market.json.gz; B3,0.0,31.986544693660367,,,
V0,2014-09-02,60746948000112,BBDC4,156.1986592095862,156.2764758064603,BBDC4_2014-09-02_DISTRIBUTION_330,DISTRIBUTION,0,cache/market.json.gz; SQLite corporate_actions/B3,0.0,3.2332796001186592,,,
V0,2014-09-04,92702067000196,BRSR6,465.1162790697674,470.1350443148246,B00S_BRSR6_2014-09-04_DISTRIBUTION_52,DISTRIBUTION,0,cache/market.json.gz; B3,0.0,77.0380465116279,,,
V0,2014-09-05,02429144000193,CPFE3,264.64605443695234,270.0896827066014,B00S_CPFE3_2014-09-05_DISTRIBUTION_54,DISTRIBUTION,0,cache/market.json.gz; B3,0.0,116.11259099161482,,,
V0,2014-09-12,00000000000191,BBAS3,201.21661846094736,203.40375581057137,B00S_BBAS3_2014-09-12_DISTRIBUTION_46,DISTRIBUTION,0,cache/market.json.gz; B3,0.0,67.71377234435974,,,
V0,2014-09-12,02474103000119,TBLE3,159.16402565211294,162.36840590908687,TBLE3_2014-09-12_DISTRIBUTION_372,DISTRIBUTION,0,cache/market.json.gz; SQLite corporate_actions/B3,0.0,112.60192223006403,,,
V0,2014-09-23,17281106000103,CSMG3,147.17360731839344,148.3303627806839,B00S_CSMG3_2014-09-23_DISTRIBUTION_60,DISTRIBUTION,0,cache/market.json.gz; B3,0.0,40.393900743183714,,,
V0,2014-10-01,60872504000123,ITUB4,158.04197234318337,158.11389678448035,ITUB4_2014-10-01_DISTRIBUTION_291,DISTRIBUTION,0,cache/market.json.gz; SQLite corporate_actions/B3,0.0,2.3706295851477504,,,
V0,2014-10-01,02558157000162,VIVT4,122.82080583429418,123.41866472110463,B00S_VIVT4_2014-10-01_DISTRIBUTION_80,DISTRIBUTION,0,cache/market.json.gz; B3,0.0,28.224918046321775,,,
V0,2014-10-02,60746948000112,BBDC4,159.47350377503142,159.56888280416118,BBDC4_2014-10-02_DISTRIBUTION_329,DISTRIBUTION,0,cache/market.json.gz; SQLite corporate_actions/B3,0.0,3.301068198180861,,,
V0,2014-10-30,02149205000169,PSSA3,182.14832359635793,186.00185527102906,B00S_PSSA3_2014-10-30_DISTRIBUTION_67,DISTRIBUTION,0,cache/market.json.gz; B3,0.0,112.90847806786388,,,
V0,2014-11-03,60872504000123,ITUB4,161.88165666872825,161.94800160998594,ITUB4_2014-11-03_DISTRIBUTION_290,DISTRIBUTION,0,cache/market.json.gz; SQLite corporate_actions/B3,0.0,2.4282248500309236,,,
V0,2014-11-03,02558157000162,VIVT4,123.41866472110463,124.11310468724024,B00S_VIVT4_2014-11-03_DISTRIBUTION_79,DISTRIBUTION,0,cache/market.json.gz; B3,0.0,34.66644310948937,,,
V0,2014-11-04,60746948000112,BBDC4,159.56888280416118,159.6574599702687,BBDC4_2014-11-04_DISTRIBUTION_328,DISTRIBUTION,0,cache/market.json.gz; SQLite corporate_actions/B3,0.0,3.30304252414963,,,
V0,2014-11-07,76483817000120,CPLE6,157.81724658131026,164.79830800292837,B00S_CPLE6_2014-11-07_DISTRIBUTION_56;B00S_CPLE6_2014-11-07_DISTRIBUTION_57,DISTRIBUTION,0,cache/market.json.gz; B3,0.0,230.72407998447815,,,
V0,2014-11-10,17155730000164,CMIG4,367.9857011200572,391.95710649862315,CMIG4_2014-11-10_DISTRIBUTION_637,DISTRIBUTION,0,https://api.mziq.com/mzfilemanager/v2/d/716a131f-9624-452c-9088-0cd6983c1349/a2eb9f5f-37e1-8913-c1eb-c4281b5e23b2?origin=2,0.0,321.6962601803552,,,
V0,2014-11-11,02474103000119,TBLE3,167.0640954476971,169.96558981291724,TBLE3_2014-11-11_DISTRIBUTION_371,DISTRIBUTION,0,cache/market.json.gz; SQLite corporate_actions/B3,0.0,97.28710606583142,,,
V0,2014-11-17,00000000000191,BBAS3,208.64592287426296,209.10944987035458,B00S_BBAS3_2014-11-17_DISTRIBUTION_45,DISTRIBUTION,0,cache/market.json.gz; B3,0.0,11.62525706197745,,,
V0,2014-11-25,02998611000104,TRPL4,187.50242095740225,192.58593253964736,B00S_TRPL4_2014-11-25_DISTRIBUTION_71,DISTRIBUTION,0,cache/market.json.gz; B3,0.0,191.85172711393014,,,
V0,2014-11-26,92702067000196,BRSR6,470.1350443148246,475.6409228377373,B00S_BRSR6_2014-11-26_DISTRIBUTION_51,DISTRIBUTION,0,cache/market.json.gz; B3,0.0,78.45876895150609,,,
V0,2014-11-26,02474103000119,TBLE3,169.96558981291724,171.67141542850277,TBLE3_2014-11-26_DISTRIBUTION_370,DISTRIBUTION,0,cache/market.json.gz; SQLite corporate_actions/B3,0.0,58.066303954531094,,,
V0,2014-12-01,60872504000123,ITUB4,161.94800160998594,162.01369171339724,ITUB4_2014-12-01_DISTRIBUTION_289,DISTRIBUTION,0,cache/market.json.gz; SQLite corporate_actions/B3,0.0,2.4292200241497888,,,
V0,2014-12-01,02558157000162,VIVT4,124.11310468724024,125.18008346840259,B00S_VIVT4_2014-12-01_DISTRIBUTION_78,DISTRIBUTION,0,cache/market.json.gz; B3,0.0,52.815449667536264,,,
V0,2014-12-02,60746948000112,BBDC4,159.6574599702687,159.74719323263565,BBDC4_2014-12-02_DISTRIBUTION_327,DISTRIBUTION,0,cache/market.json.gz; SQLite corporate_actions/B3,0.0,3.3048760529754277,,,
V0,2014-12-12,00000000000191,BBAS3,210.08623996897398,213.16064806272422,B00S_BBAS3_2014-12-12_DISTRIBUTION_44,DISTRIBUTION,0,cache/market.json.gz; B3,0.0,71.41850001781827,,,
V0,2014-12-22,03220438000173,EQTL3,224.34062127848821,226.83144979009245,B00S_EQTL3_2014-12-22_DISTRIBUTION_64,DISTRIBUTION,0,cache/market.json.gz; B3,0.0,67.30218638354646,,,
V0,2014-12-23,60746948000112,BBDC4,159.74719323263565,162.6431502010078,BBDC4_2014-12-23_DISTRIBUTION_326,DISTRIBUTION,0,cache/market.json.gz; SQLite corporate_actions/B3,0.0,103.73317860709125,,,
V0,2014-12-23,02149205000169,PSSA3,189.86920549955383,191.17687525310168,B00S_PSSA3_2014-12-23_DISTRIBUTION_66,DISTRIBUTION,0,cache/market.json.gz; B3,0.0,39.9362342733514,,,
V0,2014-12-29,17155730000164,CMIG4,412.4783531667146,418.0467825423068,CMIG4_2014-12-29_DISTRIBUTION_638,DISTRIBUTION,0,https://api.mziq.com/mzfilemanager/v2/d/716a131f-9624-452c-9088-0cd6983c1349/a2eb9f5f-37e1-8913-c1eb-c4281b5e23b2?origin=2,0.0,75.39653374551861,,,
V0,2014-12-30,03983431000103,ENBR3,583.9217686294445,602.1680099123922,B00S_ENBR3_2014-12-30_DISTRIBUTION_62,DISTRIBUTION,0,cache/market.json.gz; B3,0.0,163.66878430804138,,,
V0,2015-01-02,28195667000106,ABCB2,0,11.736488496704995,B00S_ABCB4_2015-01-02_DISTRIBUTION_38;B00S_ABCB4_2015-01-02_RIGHT_92,DISTRIBUTION;RIGHT,0,B3 BDI 2015-01-02 transcription; replaces inconsistent FRE 3.57531927%;cache/market.json.gz; B3,0.0,0.0,,,
V0,2015-01-02,28195667000106,ABCB4,424.7011364952395,435.9700989217666,B00S_ABCB4_2015-01-02_DISTRIBUTION_38;B00S_ABCB4_2015-01-02_RIGHT_92,DISTRIBUTION;RIGHT,0,B3 BDI 2015-01-02 transcription; replaces inconsistent FRE 3.57531927%;cache/market.json.gz; B3,0.0,141.42547845291475,,,
V0,2015-01-02,60872504000123,ITUB4,162.01369171339724,162.085527521133,ITUB4_2015-01-02_DISTRIBUTION_288,DISTRIBUTION,0,cache/market.json.gz; SQLite corporate_actions/B3,0.0,2.4302053757009583,,,
V0,2015-01-02,02558157000162,VIVT4,125.18008346840259,126.36188896085714,B00S_VIVT4_2015-01-02_DISTRIBUTION_77,DISTRIBUTION,0,cache/market.json.gz; B3,0.0,54.670322080947535,,,
V0,2015-01-05,60746948000112,BBDC4,162.6431502010078,162.74116124079654,BBDC4_2015-01-05_DISTRIBUTION_325,DISTRIBUTION,0,cache/market.json.gz; SQLite corporate_actions/B3,0.0,3.3666792167424697,,,
V0,2015-01-08,28195667000106,ABCB2,11.736488496704995,0,B00S_ABCB2_2015-01-08_RIGHT_REINVEST_93,RIGHT_REINVEST,0,COTAHIST first observed right close,0.0,0.0,,,
V0,2015-01-08,28195667000106,ABCB4,435.9700989217666,437.6931572161654,B00S_ABCB2_2015-01-08_RIGHT_REINVEST_93,RIGHT_REINVEST,0,COTAHIST first observed right close,0.0,0.0,,,
V0,2015-02-02,60872504000123,ITUB4,162.085527521133,162.1584951955873,ITUB4_2015-02-02_DISTRIBUTION_287,DISTRIBUTION,0,cache/market.json.gz; SQLite corporate_actions/B3,0.0,2.431282912816995,,,
V0,2015-02-03,60746948000112,BBDC4,163.05495749922494,163.1505181884024,BBDC4_2015-02-03_DISTRIBUTION_324,DISTRIBUTION,0,cache/market.json.gz; SQLite corporate_actions/B3,0.0,3.3752035417478385,,,
V0,2015-02-10,60746948000112,BBDC4,163.1505181884024,163.87955337610734,BBDC4_2015-02-10_DISTRIBUTION_323,DISTRIBUTION,0,cache/market.json.gz; SQLite corporate_actions/B3,0.0,25.69120001472173,,,
V0,2015-02-11,60872504000123,ITUB4,164.92584469591574,169.08495134695403,ITUB4_2015-02-11_DISTRIBUTION_285;ITUB4_2015-02-11_DISTRIBUTION_286,DISTRIBUTION,0,cache/market.json.gz; SQLite corporate_actions/B3,0.0,139.24689067676167,,,
V0,2015-02-11,02558157000162,VIVT4,126.36188896085714,132.64559438766676,B00S_VIVT4_2015-02-11_DISTRIBUTION_76,DISTRIBUTION,0,cache/market.json.gz; B3,0.0,319.2122356819291,,,
V0,2015-02-20,00000000000191,BBAS3,248.6684832285335,248.6849226661689,B00S_BBAS3_2015-02-20_DISTRIBUTION_43,DISTRIBUTION,0,cache/market.json.gz; B3,0.0,0.3940533201206661,,,
V0,2015-03-02,60872504000123,ITUB4,169.08495134695403,169.1547826869927,ITUB4_2015-03-02_DISTRIBUTION_284,DISTRIBUTION,0,cache/market.json.gz; SQLite corporate_actions/B3,0.0,2.53627427020431,,,
V0,2015-03-03,60746948000112,BBDC4,164.0178805073704,164.1092704359509,BBDC4_2015-03-03_DISTRIBUTION_322,DISTRIBUTION,0,cache/market.json.gz; SQLite corporate_actions/B3,0.0,3.395135846765541,,,
V0,2015-03-05,92702067000196,BRSR6,480.3526617740469,487.8571344727904,B00S_BRSR6_2015-03-05_DISTRIBUTION_50,DISTRIBUTION,0,cache/market.json.gz; B3,0.0,90.4288960198588,,,
V0,2015-03-24,00000000000191,BBAS3,252.26280025369527,256.3044989604159,B00S_BBAS3_2015-03-24_DISTRIBUTION_42,DISTRIBUTION,0,cache/market.json.gz; B3,0.0,95.10117056913619,,,
V0,2015-03-25,17281106000103,CSMG3,288.0574354363159,288.37195924147574,B00S_CSMG3_2015-03-25_DISTRIBUTION_59,DISTRIBUTION,0,cache/market.json.gz; B3,0.0,5.919338013107347,,,
V0,2015-03-27,60746948000112,BBDC4,164.1092704359509,196.93112452314105,BBDC4_2015-03-27_SHARES_667,SHARES,0,originals/bradesco_remuneracao.html.gz; owned_capital_events_fre.json; SEC 6K 20150317/20160404/20180319/20200403,0.0,0.0,,,
V0,2015-03-30,02149205000169,PSSA3,200.56000806969232,204.17482154476895,B00S_PSSA3_2015-03-30_DISTRIBUTION_65,DISTRIBUTION,0,cache/market.json.gz; B3,0.0,127.60291567020536,,,
V0,2015-04-01,60872504000123,ITUB4,169.1547826869927,169.22429835111063,ITUB4_2015-04-01_DISTRIBUTION_283,DISTRIBUTION,0,cache/market.json.gz; SQLite corporate_actions/B3,0.0,2.53732174030489,,,
V0,2015-04-02,60746948000112,BBDC4,201.48110768245743,201.60459171137808,BBDC4_2015-04-02_DISTRIBUTION_321,DISTRIBUTION,0,cache/market.json.gz; SQLite corporate_actions/B3,0.0,3.823065535383062,,,
V0,2015-04-07,43776517000180,SBSP3,368.4334351949714,375.86512198294605,B00S_SBSP3_2015-04-07_DISTRIBUTION_68,DISTRIBUTION,0,cache/market.json.gz; B3,0.0,135.99986821993528,,,
V0,2015-04-10,02558157000162,VIVT4,132.64559438766676,132.69393858176443,B00S_VIVT4_2015-04-10_DISTRIBUTION_75,DISTRIBUTION,0,cache/market.json.gz; B3,0.0,2.265408935416248,,,
V0,2015-04-13,03983431000103,ENBR3,651.6725694867189,659.6861559957815,B00S_ENBR3_2015-04-13_DISTRIBUTION_61,DISTRIBUTION,0,cache/market.json.gz; B3,0.0,86.70700602805807,,,
V0,2015-04-13,03378521000175,LIGT3,398.5307531018162,419.0391456564356,B00S_LIGT3_2015-04-13_DISTRIBUTION_86,DISTRIBUTION,0,Light AGM 2015-04-10; entitlement on AGM date; source in b00s_initial_evidence.json,0.0,307.6258883192919,,,
V0,2015-04-20,03220438000173,EQTL3,226.83144979009245,230.28041983068766,B00S_EQTL3_2015-04-20_DISTRIBUTION_63,DISTRIBUTION,0,cache/market.json.gz; B3,0.0,108.9874532828091,,,
V0,2015-04-24,76483817000120,CPLE6,176.17823272284792,180.93940585370945,B00S_CPLE6_2015-04-24_DISTRIBUTION_55,DISTRIBUTION,0,cache/market.json.gz; B3,0.0,163.49868531378456,,,
V0,2015-04-28,07047251000170,COCE5,159.12886886469025,161.15386898314637,B00S_COCE5_2015-04-28_DISTRIBUTION_53,DISTRIBUTION,0,cache/market.json.gz; B3,0.0,85.45500499884824,,,
V0,2015-04-30,02429144000193,CPFE3,315.7779231844267,325.8654829908866,B00S_CPFE3_2015-04-30_SHARES_87,SHARES,0,https://www.sec.gov/Archives/edgar/data/1300482/000129281415001033/cpl20150429_6k.htm,0.0,0.0,,,
V0,2015-05-04,92702067000196,BRSR6,518.5328053343951,519.8895000147912,B00S_BRSR6_2015-05-04_DISTRIBUTION_49,DISTRIBUTION,0,cache/market.json.gz; B3,0.0,15.235681260848743,,,
V0,2015-05-04,17155730000164,CMIG4,464.51182016989117,478.8369173809541,CMIG4_2015-05-04_DISTRIBUTION_639,DISTRIBUTION,0,https://api.mziq.com/mzfilemanager/v2/d/716a131f-9624-452c-9088-0cd6983c1349/a2eb9f5f-37e1-8913-c1eb-c4281b5e23b2?origin=2,0.0,209.4329212257405,,,
V0,2015-05-04,60872504000123,ITUB4,171.63702420235936,171.70312318472227,ITUB4_2015-05-04_DISTRIBUTION_282,DISTRIBUTION,0,cache/market.json.gz; SQLite corporate_actions/B3,0.0,2.5745553630353903,,,
V0,2015-05-05,60746948000112,BBDC4,205.77716997910534,205.89771899105082,BBDC4_2015-05-05_DISTRIBUTION_320,DISTRIBUTION,0,cache/market.json.gz; SQLite corporate_actions/B3,0.0,3.9045824969140575,,,
V0,2015-05-07,02998611000104,TRPL4,192.58593253964736,193.46949971612523,B00S_TRPL4_2015-05-07_DISTRIBUTION_70,DISTRIBUTION,0,cache/market.json.gz; B3,0.0,37.05680738148133,,,
V0,2015-05-11,02998609000127,GETI4,361.77132726683067,368.47663345141984,B00S_GETI4_2015-05-11_DISTRIBUTION_84,DISTRIBUTION,0,originals/owned_proventos_50033.zip; PN payment 80; record date corroborated by historical B3-derived distribution table,0.0,121.90246643583126,,,
V0,2015-05-11,02474103000119,TBLE3,181.87496596235403,183.17823526725982,TBLE3_2015-05-11_DISTRIBUTION_369,DISTRIBUTION,0,cache/market.json.gz; SQLite corporate_actions/B3,0.0,47.947277727483915,,,
V0,2015-05-12,17281106000103,CSMG3,328.59208827324954,329.29522414933245,B00S_CSMG3_2015-05-12_DISTRIBUTION_58,DISTRIBUTION,0,cache/market.json.gz; B3,0.0,12.656445769492427,,,
V0,2015-05-13,02558115000121,TIMP3,597.7464498220179,607.9156066757915,B00S_TIMP3_2015-05-13_DISTRIBUTION_85,DISTRIBUTION,0,"originals/tim_2015_ago.pdf.gz; 2015-04-14 AGM, record 2015-05-12",0.0,90.70887913566091,,,
V0,2015-05-22,00000000000191,BBAS3,261.2317598605824,266.27893160254314,B00S_BBAS3_2015-05-22_DISTRIBUTION_41,DISTRIBUTION,0,cache/market.json.gz; B3,0.0,117.85146017478375,,,
V0,2015-05-26,02558157000162,VIVT4,135.12726429120417,136.80061726855354,B00S_VIVT4_2015-05-26_DISTRIBUTION_73;B00S_VIVT4_2015-05-26_DISTRIBUTION_74,DISTRIBUTION,0,cache/market.json.gz; B3,0.0,73.54386335450465,,,
V0,2015-05-27,02998611000104,TRPL4,193.46949971612523,196.667799658785,B00S_TRPL4_2015-05-27_DISTRIBUTION_69,DISTRIBUTION,0,cache/market.json.gz; B3,0.0,132.8893626175135,,,
V0,2015-06-01,60872504000123,ITUB4,173.52638385222818,173.6027599014589,ITUB4_2015-06-01_DISTRIBUTION_281,DISTRIBUTION,0,cache/market.json.gz; SQLite corporate_actions/B3,0.0,2.6028957577834224,,,
V0,2015-06-02,60746948000112,BBDC4,215.23730956779545,215.37882331827095,BBDC4_2015-06-02_DISTRIBUTION_319,DISTRIBUTION,0,cache/market.json.gz; SQLite corporate_actions/B3,0.0,4.084086838722791,,,
V0,2015-06-03,92702067000196,BRSR6,591.6126681173582,603.6421354169049,B00S_BRSR6_2015-06-03_DISTRIBUTION_48,DISTRIBUTION,0,cache/market.json.gz; B3,0.0,122.0990930903988,,,
V0,2015-06-12,00000000000191,BBAS3,273.7079436436796,277.23443931698694,B00S_BBAS3_2015-06-12_DISTRIBUTION_40,DISTRIBUTION,0,cache/market.json.gz; B3,0.0,79.34615264941478,,,
V0,2015-06-23,60746948000112,BBDC4,215.37882331827095,216.80685117744414,BBDC4_2015-06-23_DISTRIBUTION_318,DISTRIBUTION,0,cache/market.json.gz; SQLite corporate_actions/B3,0.0,40.89871788672016,,,
V0,2015-07-01,28195667000106,ABCB4,592.339744830793,613.6008581427665,CONT_26_ABCB4_2015-07-01,DISTRIBUTION,0,cache/market.json.gz; B3,0.0,238.12446909410235,,,
V0,2015-07-01,60872504000123,ITUB4,202.5241091326791,202.61241906398695,ITUB4_2015-07-01_DISTRIBUTION_280,DISTRIBUTION,0,cache/market.json.gz; SQLite corporate_actions/B3,0.0,3.0378616369901863,,,
V0,2015-07-02,60746948000112,BBDC4,248.21489318706855,248.37803243851226,BBDC4_2015-07-02_DISTRIBUTION_317,DISTRIBUTION,0,cache/market.json.gz; SQLite corporate_actions/B3,0.0,4.7098301891800265,,,
V0,2015-07-14,60872504000123,ITUB4,204.78269848862843,225.26096833749128,ITUB4_2015-07-14_SHARES_662,SHARES,0,https://www.itau.com.br/relacoes-com-investidores/informacoes-ao-mercado/recompra/; owned_capital_events_fre.json; B3,0.0,0.0,,,
V0,2015-08-03,60872504000123,ITUB4,225.26096833749128,225.3738999726872,ITUB4_2015-08-03_DISTRIBUTION_279,DISTRIBUTION,0,cache/market.json.gz; SQLite corporate_actions/B3,0.0,3.378914525062369,,,
V0,2015-08-03,02558157000162,VIVT4,159.2232748586041,159.7132791369778,CONT_2802_VIVT4_2015-08-03,DISTRIBUTION,0,cache/market.json.gz; B3,0.0,21.496487692253986,,,
V0,2015-08-04,60746948000112,BBDC4,255.65318213975394,255.8395428889412,BBDC4_2015-08-04_DISTRIBUTION_316,DISTRIBUTION,0,cache/market.json.gz; SQLite corporate_actions/B3,0.0,4.850970301344042,,,
V0,2015-08-10,02998609000127,GETI4,402.01712594234436,410.7033166961161,GETI_DIST_20150810,DISTRIBUTION,0,https://www.fundamentus.com.br/proventos.php?interface=mobile&papel=geti4&tipo=2,0.0,149.2287571497982,,,
V0,2015-08-12,17281106000103,CSMG3,545.8990109849798,546.3644721283811,CONT_994_CSMG3_2015-08-12,DISTRIBUTION,0,cache/market.json.gz; B3,0.0,4.84079589137334,,,
V0,2015-08-13,60872504000123,ITUB4,229.35580314897481,232.32797947442594,ITUB4_2015-08-13_DISTRIBUTION_278,DISTRIBUTION,0,cache/market.json.gz; SQLite corporate_actions/B3,0.0,79.35710788954528,,,
V0,2015-08-21,02474103000119,TBLE3,205.64961233215584,208.57968188372902,TBLE3_2015-08-21_DISTRIBUTION_368,DISTRIBUTION,0,cache/market.json.gz; SQLite corporate_actions/B3,0.0,98.0694278911547,,,
V0,2015-08-24,00000000000191,BBAS3,302.94231719946197,305.0923630609007,CONT_253_BBAS3_2015-08-24;CONT_254_BBAS3_2015-08-24,DISTRIBUTION,0,cache/market.json.gz; B3,0.0,38.55032229559671,,,
V0,2015-09-01,60872504000123,ITUB4,232.32797947442594,232.4624285366218,ITUB4_2015-09-01_DISTRIBUTION_277,DISTRIBUTION,0,cache/market.json.gz; SQLite corporate_actions/B3,0.0,3.484919692116389,,,
V0,2015-09-01,02558157000162,VIVT4,159.96915066388243,160.55034977291555,CONT_2801_VIVT4_2015-09-01,DISTRIBUTION,0,cache/market.json.gz; B3,0.0,23.1607844949702,,,
V0,2015-09-02,60746948000112,BBDC4,262.50218449592995,262.7208380873651,BBDC4_2015-09-02_DISTRIBUTION_315,DISTRIBUTION,0,cache/market.json.gz; SQLite corporate_actions/B3,0.0,4.980928812893032,,,
V0,2015-09-10,92702067000196,BRSR6,806.5671015501479,833.2228889489115,CONT_695_BRSR6_2015-09-10,DISTRIBUTION,0,cache/market.json.gz; B3,0.0,184.4580487994444,,,
V0,2015-09-14,00000000000191,BBAS3,324.36675095621837,329.41984608621914,CONT_252_BBAS3_2015-09-14,DISTRIBUTION,0,cache/market.json.gz; B3,0.0,86.30686482041352,,,
V0,2015-10-01,60872504000123,ITUB4,233.2545297906502,233.3846941487923,ITUB4_2015-10-01_DISTRIBUTION_276,DISTRIBUTION,0,cache/market.json.gz; SQLite corporate_actions/B3,0.0,3.4988179468597527,,,
V0,2015-10-01,02558157000162,VIVT4,160.55034977291555,160.9366772841434,CONT_2800_VIVT4_2015-10-01,DISTRIBUTION,0,cache/market.json.gz; B3,0.0,14.417742719022817,,,
V0,2015-10-02,60746948000112,BBDC4,269.75174317822706,269.9791304640655,BBDC4_2015-10-02_DISTRIBUTION_314,DISTRIBUTION,0,cache/market.json.gz; SQLite corporate_actions/B3,0.0,5.1184878042239115,,,
V0,2015-10-29,02149205000169,PSSA3,187.45625464312283,192.00012467835063,CONT_2161_PSSA3_2015-10-29,DISTRIBUTION,0,cache/market.json.gz; B3,0.0,148.1301631484259,,,
V0,2015-11-03,60872504000123,ITUB4,233.3846941487923,233.5090112799085,ITUB4_2015-11-03_DISTRIBUTION_275,DISTRIBUTION,0,cache/market.json.gz; SQLite corporate_actions/B3,0.0,3.5007704122318843,,,
V0,2015-11-03,02558157000162,VIVT4,162.3772367215446,162.58707425302745,CONT_2799_VIVT4_2015-11-03,DISTRIBUTION,0,cache/market.json.gz; B3,0.0,8.729241309687161,,,
V0,2015-11-04,60746948000112,BBDC4,283.1337111064655,283.38185928612864,BBDC4_2015-11-04_DISTRIBUTION_313,DISTRIBUTION,0,cache/market.json.gz; SQLite corporate_actions/B3,0.0,5.3724080897063615,,,
V0,2015-11-12,17281106000103,CSMG3,589.2192844266516,590.0332129900213,CONT_993_CSMG3_2015-11-12,DISTRIBUTION,0,cache/market.json.gz; B3,0.0,12.331017735051464,,,
V0,2015-11-24,00000000000191,BBAS3,369.07679239511566,372.46604380044533,CONT_251_BBAS3_2015-11-24,DISTRIBUTION,0,cache/market.json.gz; B3,0.0,63.040076139131806,,,
V0,2015-11-24,02474103000119,TBLE3,208.57968188372902,211.4076620034052,TBLE3_2015-11-24_DISTRIBUTION_367,DISTRIBUTION,0,cache/market.json.gz; SQLite corporate_actions/B3,0.0,100.33673464611095,,,
V0,2015-11-26,02998611000104,TRPL4,177.06630083087066,182.60834045556547,CONT_1398_TRPL4_2015-11-26,DISTRIBUTION,0,cache/market.json.gz; B3,0.0,246.06655933644933,,,
V0,2015-12-01,60872504000123,ITUB4,236.41041659079633,236.5371102760004,ITUB4_2015-12-01_DISTRIBUTION_274,DISTRIBUTION,0,cache/market.json.gz; SQLite corporate_actions/B3,0.0,3.5461562488619447,,,
V0,2015-12-01,02558157000162,VIVT4,162.9923087638073,163.62149248266016,CONT_2798_VIVT4_2015-12-01,DISTRIBUTION,0,cache/market.json.gz; B3,0.0,23.399342504137962,,,
V0,2015-12-02,60746948000112,BBDC4,292.9168993489106,293.18194666498204,BBDC4_2015-12-02_DISTRIBUTION_312,DISTRIBUTION,0,cache/market.json.gz; SQLite corporate_actions/B3,0.0,5.558042218017802,,,
V0,2015-12-04,92702067000196,BRSR6,1045.3961991925214,1091.202376168253,CONT_694_BRSR6_2015-12-04,DISTRIBUTION,0,cache/market.json.gz; B3,0.0,259.2629616826417,,,
V0,2015-12-10,60872504000123,ITUB4,237.31010881286,239.03225508862,ITUB4_2015-12-10_DISTRIBUTION_273,DISTRIBUTION,0,cache/market.json.gz; SQLite corporate_actions/B3,0.0,49.597812741887736,,,
V0,2015-12-14,00000000000191,BBAS3,382.8513971330325,389.16685472139966,CONT_250_BBAS3_2015-12-14,DISTRIBUTION,0,cache/market.json.gz; B3,0.0,105.08921427042944,,,
V0,2015-12-14,02149205000169,PSSA3,198.38855203980626,200.36766762564085,CONT_2160_PSSA3_2015-12-14,DISTRIBUTION,0,cache/market.json.gz; B3,0.0,62.935875629539794,,,
V0,2015-12-17,60746948000112,BBDC4,293.18194666498204,305.2357720111475,BBDC4_2015-12-17_DISTRIBUTION_311,DISTRIBUTION,0,cache/market.json.gz; SQLite corporate_actions/B3,0.0,247.5855726102386,,,
V0,2015-12-22,03983431000103,ENBR3,612.9321941687438,614.4980987423521,CONT_1109_ENBR3_2015-12-22,DISTRIBUTION,0,cache/market.json.gz; B3,0.0,18.80651392903677,,,
V0,2015-12-28,03220438000173,EQTL3,198.42423100001318,200.4170138077608,CONT_1127_EQTL3_2015-12-28,DISTRIBUTION,0,cache/market.json.gz; B3,0.0,69.44848085000461,,,
V0,2016-01-04,28195667000106,ABCB4,714.1536047076494,754.8246596987753,CONT_25_ABCB4_2016-01-04,DISTRIBUTION,0,cache/market.json.gz; B3,0.0,330.65567707785374,,,
V0,2016-01-04,17155730000164,CMIG4,893.0394147046068,918.1182044815827,CMIG4_2016-01-04_DISTRIBUTION_640,DISTRIBUTION,0,https://api.mziq.com/mzfilemanager/v2/d/716a131f-9624-452c-9088-0cd6983c1349/a2eb9f5f-37e1-8913-c1eb-c4281b5e23b2?origin=2,0.0,141.94595013768375,,,
V0,2016-01-04,02998609000127,GETI4,454.63906968648814,0,GETI_TIET_20160104,CONVERSION,0,"https://www.santander.com.br/document/wps/AEST_TIETE_AVISO_AO_MERCADO_WEBSITE.PDF; p18; COTAHIST last GETI 2015-12-30, first TIET 2016-01-04",0.0,0.0,,,
V0,2016-01-04,02998609000127,TIET11,0,454.63906968648814,GETI_TIET_20160104,CONVERSION,0,"https://www.santander.com.br/document/wps/AEST_TIETE_AVISO_AO_MERCADO_WEBSITE.PDF; p18; COTAHIST last GETI 2015-12-30, first TIET 2016-01-04",0.0,0.0,,,
V0,2016-01-04,60872504000123,ITUB4,239.03225508862,239.174932519035,ITUB4_2016-01-04_DISTRIBUTION_272,DISTRIBUTION,0,cache/market.json.gz; SQLite corporate_actions/B3,0.0,3.5854838263292996,,,
V0,2016-01-04,02558157000162,VIVT4,168.04419644216236,168.9201860669387,CONT_2797_VIVT4_2016-01-04,DISTRIBUTION,0,cache/market.json.gz; B3,0.0,31.09763167955992,,,
V0,2016-01-05,60746948000112,BBDC4,313.9020677098962,314.21473079543426,BBDC4_2016-01-05_DISTRIBUTION_310,DISTRIBUTION,0,cache/market.json.gz; SQLite corporate_actions/B3,0.0,5.956231779500347,,,
V0,2016-02-01,60872504000123,ITUB4,243.4373818395569,243.5807489666709,ITUB4_2016-02-01_DISTRIBUTION_271,DISTRIBUTION,0,cache/market.json.gz; SQLite corporate_actions/B3,0.0,3.6515607275933535,,,
V0,2016-02-02,60746948000112,BBDC4,324.1203640088715,324.46490865873585,BBDC4_2016-02-02_DISTRIBUTION_309,DISTRIBUTION,0,cache/market.json.gz; SQLite corporate_actions/B3,0.0,6.15012200007881,,,
V0,2016-02-19,60872504000123,ITUB4,247.5092976501208,254.1829723259444,ITUB4_2016-02-19_DISTRIBUTION_269;ITUB4_2016-02-19_DISTRIBUTION_270,DISTRIBUTION,0,cache/market.json.gz; SQLite corporate_actions/B3,0.0,161.97008438223904,,,
V0,2016-03-01,60872504000123,ITUB4,254.1829723259444,254.3264164412525,ITUB4_2016-03-01_DISTRIBUTION_268,DISTRIBUTION,0,cache/market.json.gz; SQLite corporate_actions/B3,0.0,3.812744584889166,,,
V0,2016-03-01,02558157000162,VIVT4,176.93579475225457,177.48882477266625,CONT_2796_VIVT4_2016-03-01,DISTRIBUTION,0,cache/market.json.gz; B3,0.0,21.617943497892835,,,
V0,2016-03-02,60746948000112,BBDC4,325.23646414014627,325.51196859491836,BBDC4_2016-03-02_DISTRIBUTION_308,DISTRIBUTION,0,cache/market.json.gz; SQLite corporate_actions/B3,0.0,6.171299786894624,,,
V0,2016-03-03,00000000000191,BBAS3,441.3853355126326,443.7920400258851,CONT_248_BBAS3_2016-03-03;CONT_249_BBAS3_2016-03-03,DISTRIBUTION,0,cache/market.json.gz; B3,0.0,39.97536196512408,,,
V0,2016-03-11,92702067000196,BRSR6,1191.3095619114283,1222.3116096235108,CONT_693_BRSR6_2016-03-11,DISTRIBUTION,0,cache/market.json.gz; B3,0.0,221.97466161850997,,,
V0,2016-03-14,00000000000191,BBAS3,443.7920400258851,445.75681911412465,CONT_247_BBAS3_2016-03-14,DISTRIBUTION,0,cache/market.json.gz; B3,0.0,43.61809575891792,,,
V0,2016-03-30,02149205000169,PSSA3,237.0902179062395,238.2974626185671,CONT_2159_PSSA3_2016-03-30,DISTRIBUTION,0,cache/market.json.gz; B3,0.0,33.561403002707074,,,
V0,2016-04-01,60872504000123,ITUB4,258.43587268537533,258.55929000757465,ITUB4_2016-04-01_DISTRIBUTION_267,DISTRIBUTION,0,cache/market.json.gz; SQLite corporate_actions/B3,0.0,3.8765380902806297,,,
V0,2016-04-01,02558157000162,VIVT4,179.11132099829916,179.93587636665808,CONT_2795_VIVT4_2016-04-01,DISTRIBUTION,0,cache/market.json.gz; B3,0.0,36.874116073010974,,,
V0,2016-04-04,60746948000112,BBDC4,325.51196859491836,325.7444310499918,BBDC4_2016-04-04_DISTRIBUTION_307,DISTRIBUTION,0,cache/market.json.gz; SQLite corporate_actions/B3,0.0,6.176527431302574,,,
V0,2016-04-06,43776517000180,SBSP3,433.43255495594497,437.6069844378,CONT_2263_SBSP3_2016-04-06,DISTRIBUTION,0,cache/market.json.gz; B3,0.0,95.05175930183873,,,
V0,2016-04-13,02558115000121,TIMP3,946.9103210978011,971.0316155931346,TIMP_GROSS_2016-04-13,DISTRIBUTION,0,research/graham_v6_comparison/audit_v13_inputs/documents/TIM_DIV.html.gz,0.0,183.32183816453428,,,
V0,2016-04-14,03983431000103,ENBR3,631.1817605225806,663.0628892123893,CONT_1108_ENBR3_2016-04-14,DISTRIBUTION,0,cache/market.json.gz; B3,0.0,382.5735442777044,,,
V0,2016-04-18,60746948000112,BBDC4,325.7444310499918,358.318874154991,BBDC4_2016-04-18_SHARES_668,SHARES,0,originals/bradesco_remuneracao.html.gz; owned_capital_events_fre.json; SEC 6K 20150317/20160404/20180319/20200403,0.0,0.0,,,
V0,2016-04-18,03220438000173,EQTL3,202.9922581594874,206.25418567008484,CONT_1126_EQTL3_2016-04-18,DISTRIBUTION,0,cache/market.json.gz; B3,0.0,131.9449678036668,,,
V0,2016-04-29,76483817000120,CPLE6,268.43778546944407,280.3352401696234,CONT_923_CPLE6_2016-04-29;CONT_924_CPLE6_2016-04-29,DISTRIBUTION,0,cache/market.json.gz; B3,0.0,336.81694256207555,,,
V0,2016-04-29,02998609000127,TIET11,490.9609416403342,533.2613363352166,CONT_2619_TIET11_2016-04-29,DISTRIBUTION,0,cache/market.json.gz; B3,0.0,597.2815730917383,,,
V0,2016-04-29,02558157000162,VIVT4,182.6622880796064,186.0531924629554,CONT_2794_VIVT4_2016-04-29,DISTRIBUTION,0,cache/market.json.gz; B3,0.0,143.63870967866293,,,
V0,2016-05-02,17155730000164,CMIG4,1041.470538774464,1095.0014404494889,CMIG4_2016-05-02_DISTRIBUTION_641,DISTRIBUTION,0,https://api.mziq.com/mzfilemanager/v2/d/716a131f-9624-452c-9088-0cd6983c1349/a2eb9f5f-37e1-8913-c1eb-c4281b5e23b2?origin=2,0.0,359.19235023941565,,,
V0,2016-05-02,02429144000193,CPFE3,421.94919169291586,436.9878825993635,CONT_847_CPFE3_2016-05-02;CPFE_BONUS_20160502,DISTRIBUTION;SHARES,0,b00s_initial_capital_events_fre.json; FRE 2.50757045% approved 2016-04-29;cache/market.json.gz; B3,0.0,87.28798581299617,,,
V0,2016-05-02,60872504000123,ITUB4,261.8780509191126,262.00099836085866,ITUB4_2016-05-02_DISTRIBUTION_266,DISTRIBUTION,0,cache/market.json.gz; SQLite corporate_actions/B3,0.0,3.9281707637866887,,,
V0,2016-05-02,02558157000162,VIVT4,186.0531924629554,186.63416583166537,CONT_2793_VIVT4_2016-05-02,DISTRIBUTION,0,cache/market.json.gz; B3,0.0,25.00509378927765,,,
V0,2016-05-03,60746948000112,BBDC4,358.318874154991,358.5925872064478,BBDC4_2016-05-03_DISTRIBUTION_306,DISTRIBUTION,0,cache/market.json.gz; SQLite corporate_actions/B3,0.0,6.799032198185991,,,
V0,2016-05-09,02998609000127,TIET11,556.2472719413827,565.5955452115512,CONT_2618_TIET11_2016-05-09,DISTRIBUTION,0,cache/market.json.gz; B3,0.0,130.40841211885157,,,
V0,2016-05-11,02474103000119,TBLE3,219.90558241547208,221.8355600125047,TBLE3_2016-05-11_DISTRIBUTION_366,DISTRIBUTION,0,cache/market.json.gz; SQLite corporate_actions/B3,0.0,70.5792807234821,,,
V0,2016-05-12,17281106000103,CSMG3,590.0332129900213,594.8757307260277,CONT_992_CSMG3_2016-05-12,DISTRIBUTION,0,cache/market.json.gz; B3,0.0,122.22514765680032,,,
V0,2016-05-24,00000000000191,BBAS3,445.75681911412465,449.4858558262575,CONT_246_BBAS3_2016-05-24,DISTRIBUTION,0,cache/market.json.gz; B3,0.0,59.59000665988275,,,
V0,2016-06-01,60872504000123,ITUB4,265.4730716589629,265.6081953805403,ITUB4_2016-06-01_DISTRIBUTION_265,DISTRIBUTION,0,cache/market.json.gz; SQLite corporate_actions/B3,0.0,3.9820960748844434,,,
V0,2016-06-02,60746948000112,BBDC4,361.54523632199084,361.8316768983612,BBDC4_2016-06-02_DISTRIBUTION_305,DISTRIBUTION,0,cache/market.json.gz; SQLite corporate_actions/B3,0.0,6.860251804069638,,,
V0,2016-06-14,00000000000191,BBAS3,461.59900887334675,465.54609933999876,CONT_245_BBAS3_2016-06-14,DISTRIBUTION,0,cache/market.json.gz; B3,0.0,63.58762741776375,,,
V0,2016-06-14,92702067000196,BRSR6,1222.3116096235108,1253.4231086795069,CONT_692_BRSR6_2016-06-14,DISTRIBUTION,0,cache/market.json.gz; B3,0.0,229.60286303325057,,,
V0,2016-06-22,02998611000104,TRPL4,182.60834045556547,184.6038453145281,CONT_1397_TRPL4_2016-06-22,DISTRIBUTION,0,cache/market.json.gz; B3,0.0,121.94530193120525,,,
V0,2016-06-23,60746948000112,BBDC4,361.8316768983612,364.5276936160063,BBDC4_2016-06-23_DISTRIBUTION_304,DISTRIBUTION,0,cache/market.json.gz; SQLite corporate_actions/B3,0.0,68.66754579841972,,,
V0,2016-07-01,28195667000106,ABCB4,825.5832841789127,861.9514224208776,CONT_24_ABCB4_2016-07-01,DISTRIBUTION,0,cache/market.json.gz; B3,0.0,452.4196397300442,,,
V0,2016-07-01,60872504000123,ITUB4,356.1179380930161,356.2907549507125,ITUB4_2016-07-01_DISTRIBUTION_264,DISTRIBUTION,0,cache/market.json.gz; SQLite corporate_actions/B3,0.0,5.341769071395241,,,
V0,2016-07-01,02558157000162,VIVT4,245.2357619140543,245.7851937730657,CONT_2792_VIVT4_2016-07-01,DISTRIBUTION,0,cache/market.json.gz; B3,0.0,24.12005861060111,,,
V0,2016-07-04,60746948000112,BBDC4,428.52952836451107,428.84579697406286,BBDC4_2016-07-04_DISTRIBUTION_303,DISTRIBUTION,0,cache/market.json.gz; SQLite corporate_actions/B3,0.0,8.13126595157668,,,
V0,2016-08-01,60872504000123,ITUB4,356.2907549507125,356.45062217548843,ITUB4_2016-08-01_DISTRIBUTION_263,DISTRIBUTION,0,cache/market.json.gz; SQLite corporate_actions/B3,0.0,5.344361324260687,,,
V0,2016-08-02,60746948000112,BBDC4,433.3697893648006,433.66315750534886,BBDC4_2016-08-02_DISTRIBUTION_302,DISTRIBUTION,0,cache/market.json.gz; SQLite corporate_actions/B3,0.0,8.223108979567323,,,
V0,2016-08-09,02474103000119,TBLE3,290.4328500587262,297.3337049163844,TBLE3_2016-08-09_DISTRIBUTION_365,DISTRIBUTION,0,cache/market.json.gz; SQLite corporate_actions/B3,0.0,287.07556207858136,,,
V0,2016-08-15,60872504000123,ITUB4,362.8864217411559,366.87297686986517,ITUB4_2016-08-15_DISTRIBUTION_262,DISTRIBUTION,0,cache/market.json.gz; SQLite corporate_actions/B3,0.0,144.7916822747212,,,
V0,2016-08-23,00000000000191,BBAS3,640.6349100938247,644.6059781886971,CONT_243_BBAS3_2016-08-23;CONT_244_BBAS3_2016-08-23,DISTRIBUTION,0,cache/market.json.gz; B3,0.0,89.66671758221771,,,
V0,2016-09-01,60872504000123,ITUB4,366.87297686986517,367.0250380650309,ITUB4_2016-09-01_DISTRIBUTION_261,DISTRIBUTION,0,cache/market.json.gz; SQLite corporate_actions/B3,0.0,5.503094653047977,,,
V0,2016-09-02,60746948000112,BBDC4,438.3632033937378,438.6443070793419,BBDC4_2016-09-02_DISTRIBUTION_301,DISTRIBUTION,0,cache/market.json.gz; SQLite corporate_actions/B3,0.0,8.317858057024326,,,
V0,2016-09-08,92702067000196,BRSR6,1265.1737045124992,1285.9557472000063,CONT_691_BRSR6_2016-09-08,DISTRIBUTION,0,cache/market.json.gz; B3,0.0,241.48733602883266,,,
V0,2016-09-13,00000000000191,BBAS3,644.6059781886971,648.3152322875642,CONT_242_BBAS3_2016-09-13,DISTRIBUTION,0,cache/market.json.gz; B3,0.0,81.64068271606288,,,
V0,2016-10-03,60746948000112,BBDC4,438.6443070793419,447.8947959304937,BBDC4_2016-10-03_DISTRIBUTION_300,DISTRIBUTION,0,cache/market.json.gz; SQLite corporate_actions/B3,0.0,275.572062875812,,,
V0,2016-10-03,60872504000123,ITUB4,367.0250380650309,367.1764926887166,ITUB4_2016-10-03_DISTRIBUTION_260,DISTRIBUTION,0,cache/market.json.gz; SQLite corporate_actions/B3,0.0,5.505375570975463,,,
V0,2016-10-03,02558157000162,VIVT4,254.57336407790262,256.73565130880223,CONT_2791_VIVT4_2016-10-03,DISTRIBUTION,0,cache/market.json.gz; B3,0.0,101.08692804455762,,,
V0,2016-10-04,60746948000112,BBDC4,447.8947959304937,448.1762104405889,BBDC4_2016-10-04_DISTRIBUTION_299,DISTRIBUTION,0,cache/market.json.gz; SQLite corporate_actions/B3,0.0,8.498718204875095,,,
V0,2016-10-18,60872504000123,ITUB4,367.1764926887166,403.8941419575883,ITUB4_2016-10-18_SHARES_663,SHARES,0,https://www.itau.com.br/relacoes-com-investidores/informacoes-ao-mercado/recompra/; owned_capital_events_fre.json; B3,0.0,0.0,,,
V0,2016-10-28,02149205000169,PSSA3,431.4037067417761,446.821347226972,CONT_2158_PSSA3_2016-10-28,DISTRIBUTION,0,cache/market.json.gz; B3,0.0,468.69627074995685,,,
V0,2016-11-01,60872504000123,ITUB4,403.8941419575883,404.05678389394706,ITUB4_2016-11-01_DISTRIBUTION_259,DISTRIBUTION,0,cache/market.json.gz; SQLite corporate_actions/B3,0.0,6.058412129363824,,,
V0,2016-11-03,60746948000112,BBDC4,448.1762104405889,448.4447313749575,BBDC4_2016-11-03_DISTRIBUTION_298,DISTRIBUTION,0,cache/market.json.gz; SQLite corporate_actions/B3,0.0,8.50405799145398,,,
V0,2016-11-11,02474103000119,TBLE3,324.24631526275715,330.35846726790396,TBLE3_2016-11-11_DISTRIBUTION_364,DISTRIBUTION,0,cache/market.json.gz; SQLite corporate_actions/B3,0.0,214.84214298091,,,
V0,2016-11-22,00000000000191,BBAS3,648.3152322875642,650.8075638783638,CONT_241_BBAS3_2016-11-22,DISTRIBUTION,0,cache/market.json.gz; B3,0.0,71.23083686505245,,,
V0,2016-12-01,60872504000123,ITUB4,404.05678389394706,404.2360990347284,ITUB4_2016-12-01_DISTRIBUTION_258,DISTRIBUTION,0,cache/market.json.gz; SQLite corporate_actions/B3,0.0,6.060851758409205,,,
V0,2016-12-02,60746948000112,BBDC4,449.96471471963486,450.26408339139306,BBDC4_2016-12-02_DISTRIBUTION_297,DISTRIBUTION,0,cache/market.json.gz; SQLite corporate_actions/B3,0.0,8.53799451854456,,,
V0,2016-12-05,02998611000104,TRPL4,195.18635500360924,197.8486267208289,CONT_1396_TRPL4_2016-12-05,DISTRIBUTION,0,cache/market.json.gz; B3,0.0,162.9310290938428,,,
V0,2016-12-13,00000000000191,BBAS3,650.8075638783638,652.7399321858469,CONT_240_BBAS3_2016-12-13,DISTRIBUTION,0,cache/market.json.gz; B3,0.0,50.067662846886364,,,
V0,2016-12-15,92702067000196,BRSR6,1285.9557472000063,1290.9607869066172,CONT_690_BRSR6_2016-12-15,DISTRIBUTION,0,cache/market.json.gz; B3,0.0,53.45382406660407,,,
V0,2016-12-21,02149205000169,PSSA3,455.6621569684709,457.4425311438522,CONT_2157_PSSA3_2016-12-21,DISTRIBUTION,0,cache/market.json.gz; B3,0.0,45.59538263151464,,,
V0,2016-12-22,60746948000112,BBDC4,450.26408339139306,455.017417935756,BBDC4_2016-12-22_DISTRIBUTION_296,DISTRIBUTION,0,cache/market.json.gz; SQLite corporate_actions/B3,0.0,127.15169906170837,,,
V0,2016-12-23,60872504000123,ITUB4,404.2360990347284,410.10480544325844,ITUB4_2016-12-23_DISTRIBUTION_257,DISTRIBUTION,0,cache/market.json.gz; SQLite corporate_actions/B3,0.0,190.55689708497096,,,
V0,2016-12-27,17155730000164,CMIG4,1562.6937505770843,1626.6412391501829,CMIG4_2016-12-27_DISTRIBUTION_642,DISTRIBUTION,0,https://api.mziq.com/mzfilemanager/v2/d/716a131f-9624-452c-9088-0cd6983c1349/a2eb9f5f-37e1-8913-c1eb-c4281b5e23b2?origin=2,0.0,471.9324656694666,,,
V0,2016-12-27,03220438000173,EQTL3,245.76906961842195,247.0625910374663,CONT_1125_EQTL3_2016-12-27,DISTRIBUTION,0,cache/market.json.gz; B3,0.0,68.81533949315815,,,
V0,2016-12-29,03983431000103,ENBR3,895.0421161922399,931.4096043854479,CONT_1107_ENBR3_2016-12-29,DISTRIBUTION,0,cache/market.json.gz; B3,0.0,487.32434178898757,,,
V0,2017-01-02,28195667000106,ABCB4,938.8891208992494,976.9102505885578,CONT_23_ABCB4_2017-01-02,DISTRIBUTION,0,cache/market.json.gz; B3,0.0,506.06123616469546,,,
V0,2017-01-02,60872504000123,ITUB4,410.10480544325844,410.2882701638564,ITUB4_2017-01-02_DISTRIBUTION_256,DISTRIBUTION,0,cache/market.json.gz; SQLite corporate_actions/B3,0.0,6.151572081648877,,,
V0,2017-01-02,02558157000162,VIVT4,281.3454333398898,283.7010685967638,CONT_2790_VIVT4_2017-01-02,DISTRIBUTION,0,cache/market.json.gz; B3,0.0,103.83640212300571,,,
V0,2017-01-03,60746948000112,BBDC4,457.71353287676413,458.0030337721992,BBDC4_2017-01-03_DISTRIBUTION_623,DISTRIBUTION,0,https://www.bradescori.com.br/informacoes-ao-mercado/remuneracao-aos-acionistas/,0.0,8.685026863051819,,,
V0,2017-01-13,02429144000193,CPFE3,552.9322120855238,557.7166083172788,CONT_846_CPFE3_2017-01-13,DISTRIBUTION,0,cache/market.json.gz; B3,0.0,120.47109711558977,,,
V0,2017-02-01,60872504000123,ITUB4,410.2882701638564,410.4518619781163,ITUB4_2017-02-01_DISTRIBUTION_255,DISTRIBUTION,0,cache/market.json.gz; SQLite corporate_actions/B3,0.0,6.154324052457846,,,
V0,2017-02-02,60746948000112,BBDC4,459.73132725660724,460.01092065808194,BBDC4_2017-02-02_DISTRIBUTION_624,DISTRIBUTION,0,https://www.bradescori.com.br/informacoes-ao-mercado/remuneracao-aos-acionistas/,0.0,8.723314126010616,,,
V0,2017-02-21,60872504000123,ITUB4,410.4518619781163,418.2429115198013,ITUB4_2017-02-21_DISTRIBUTION_254,DISTRIBUTION,0,cache/market.json.gz; SQLite corporate_actions/B3,0.0,318.2643737778314,,,
V0,2017-03-01,60872504000123,ITUB4,418.2429115198013,418.3999489083569,ITUB4_2017-03-01_DISTRIBUTION_253,DISTRIBUTION,0,cache/market.json.gz; SQLite corporate_actions/B3,0.0,6.273643672797019,,,
V0,2017-03-01,02558157000162,VIVT4,292.6104081697792,293.3123259470938,CONT_2789_VIVT4_2017-03-01,DISTRIBUTION,0,cache/market.json.gz; B3,0.0,32.17591091210213,,,
V0,2017-03-02,00000000000191,BBAS3,652.7399321858469,653.2483717148924,CONT_238_BBAS3_2017-03-02;CONT_239_BBAS3_2017-03-02,DISTRIBUTION,0,cache/market.json.gz; B3,0.0,16.910698736053963,,,
V0,2017-03-02,60746948000112,BBDC4,463.8673629686676,464.13408401756647,BBDC4_2017-03-02_DISTRIBUTION_625,DISTRIBUTION,0,https://www.bradescori.com.br/informacoes-ao-mercado/remuneracao-aos-acionistas/,0.0,8.80179461366414,,,
V0,2017-03-14,00000000000191,BBAS3,653.2483717148924,654.6376167351009,CONT_237_BBAS3_2017-03-14,DISTRIBUTION,0,cache/market.json.gz; B3,0.0,47.10929863526835,,,
V0,2017-03-14,92702067000196,BRSR6,1290.9607869066172,1307.4158205742551,CONT_689_BRSR6_2017-03-14,DISTRIBUTION,0,cache/market.json.gz; B3,0.0,255.875773531769,,,
V0,2017-04-03,60872504000123,ITUB4,418.3999489083569,418.5628772373711,ITUB4_2017-04-03_DISTRIBUTION_252,DISTRIBUTION,0,cache/market.json.gz; SQLite corporate_actions/B3,0.0,6.275999233625353,,,
V0,2017-04-03,02558157000162,VIVT4,300.35219428812036,301.7276403219406,CONT_2788_VIVT4_2017-04-03,DISTRIBUTION,0,cache/market.json.gz; B3,0.0,64.2195753190677,,,
V0,2017-04-04,60746948000112,BBDC4,468.58771731985996,468.8590436071926,BBDC4_2017-04-04_DISTRIBUTION_626,DISTRIBUTION,0,https://www.bradescori.com.br/informacoes-ao-mercado/remuneracao-aos-acionistas/,0.0,8.891362435890334,,,
V0,2017-04-11,43776517000180,SBSP3,452.24625037649025,469.11517552985237,CONT_2262_SBSP3_2017-04-11,DISTRIBUTION,0,cache/market.json.gz; B3,0.0,544.8662824535955,,,
V0,2017-04-20,02558115000121,TIMP3,1650.3051087338242,1660.001638272222,TIMP_GROSS_2017-04-20,DISTRIBUTION,0,research/graham_v6_comparison/audit_v13_inputs/documents/TIM_DIV.html.gz,0.0,101.32873367625682,,,
V0,2017-04-27,02558157000162,VIVT4,307.61180631698807,315.30374850259795,CONT_2787_VIVT4_2017-04-27,DISTRIBUTION,0,cache/market.json.gz; B3,0.0,359.6752165991194,,,
V0,2017-04-28,03220438000173,EQTL3,255.71424496464286,258.4185723347999,CONT_1124_EQTL3_2017-04-28,DISTRIBUTION,0,cache/market.json.gz; B3,0.0,155.4717805103267,,,
V0,2017-05-02,60746948000112,BBDC4,468.8590436071926,515.7449479679119,BBDC4_2017-05-02_SHARES_669,SHARES,0,originals/bradesco_remuneracao.html.gz; owned_capital_events_fre.json; SEC 6K 20150317/20160404/20180319/20200403,0.0,0.0,,,
V0,2017-05-02,76483817000120,CPLE6,445.21464501051474,475.8968806632216,CONT_921_CPLE6_2017-05-02;CONT_922_CPLE6_2017-05-02,DISTRIBUTION,0,cache/market.json.gz; B3,0.0,865.2390454063345,,,
V0,2017-05-02,60872504000123,ITUB4,418.93903063459805,419.09593663858107,ITUB4_2017-05-02_DISTRIBUTION_251,DISTRIBUTION,0,cache/market.json.gz; SQLite corporate_actions/B3,0.0,6.284085459518971,,,
V0,2017-05-03,60746948000112,BBDC4,516.727459481827,517.0422204721552,BBDC4_2017-05-03_DISTRIBUTION_627,DISTRIBUTION,0,https://www.bradescori.com.br/informacoes-ao-mercado/remuneracao-aos-acionistas/,0.0,9.804804848722906,,,
V0,2017-05-05,92702067000196,BRSR6,1307.4158205742551,1310.9348627228742,CONT_688_BRSR6_2017-05-05,DISTRIBUTION,0,cache/market.json.gz; B3,0.0,53.31348855158004,,,
V0,2017-05-15,17155730000164,CMIG4,1669.7446792649553,1715.4393172115135,CMIG4_2017-05-15_DISTRIBUTION_643,DISTRIBUTION,0,https://api.mziq.com/mzfilemanager/v2/d/716a131f-9624-452c-9088-0cd6983c1349/a2eb9f5f-37e1-8913-c1eb-c4281b5e23b2?origin=2,0.0,406.682277724369,,,
V0,2017-05-16,92702067000196,BRSR6,1310.9348627228742,1327.640680884665,CONT_687_BRSR6_2017-05-16,DISTRIBUTION,0,cache/market.json.gz; B3,0.0,261.9472287768801,,,
V0,2017-05-23,00000000000191,BBAS3,654.6376167351009,659.0535042203419,CONT_236_BBAS3_2017-05-23,DISTRIBUTION,0,cache/market.json.gz; B3,0.0,119.75886859973598,,,
V0,2017-05-30,02474103000119,TBLE3,391.41686191836334,398.82691951616005,TBLE3_2017-05-30_DISTRIBUTION_363,DISTRIBUTION,0,cache/market.json.gz; SQLite corporate_actions/B3,0.0,245.64340936696138,,,
V0,2017-06-01,60872504000123,ITUB4,419.09593663858107,419.2748845192978,ITUB4_2017-06-01_DISTRIBUTION_250,DISTRIBUTION,0,cache/market.json.gz; SQLite corporate_actions/B3,0.0,6.286439049578716,,,
V0,2017-06-02,60746948000112,BBDC4,524.8689539483538,525.2382267756137,BBDC4_2017-06-02_DISTRIBUTION_628,DISTRIBUTION,0,https://www.bradescori.com.br/informacoes-ao-mercado/remuneracao-aos-acionistas/,0.0,9.959288151199809,,,
V0,2017-06-02,02998611000104,TRPL4,222.2263794402892,225.06993684187387,CONT_1395_TRPL4_2017-06-02,DISTRIBUTION,0,cache/market.json.gz; B3,0.0,182.1298515714984,,,
V0,2017-06-13,00000000000191,BBAS3,659.0535042203419,660.9434362074768,CONT_235_BBAS3_2017-06-13,DISTRIBUTION,0,cache/market.json.gz; B3,0.0,51.784136447496905,,,
V0,2017-07-03,28195667000106,ABCB4,931.9405723141062,964.0085895229271,CONT_22_ABCB4_2017-07-03,DISTRIBUTION,0,cache/market.json.gz; B3,0.0,516.2950770620149,,,
V0,2017-07-03,60746948000112,BBDC4,555.8537196857494,559.0327631283128,BBDC4_2017-07-03_DISTRIBUTION_629,DISTRIBUTION,0,https://www.bradescori.com.br/informacoes-ao-mercado/remuneracao-aos-acionistas/,0.0,89.64902508028906,,,
V0,2017-07-03,60872504000123,ITUB4,425.77638664364207,425.94862628225195,ITUB4_2017-07-03_DISTRIBUTION_249,DISTRIBUTION,0,cache/market.json.gz; SQLite corporate_actions/B3,0.0,6.386645799654631,,,
V0,2017-07-03,02149205000169,PSSA3,511.1820388485412,523.979011447088,CONT_2156_PSSA3_2017-07-03,DISTRIBUTION,0,cache/market.json.gz; B3,0.0,385.18887521625965,,,
V0,2017-07-03,02558157000162,VIVT4,348.4918086671235,348.938272777723,CONT_2786_VIVT4_2017-07-03,DISTRIBUTION,0,cache/market.json.gz; B3,0.0,20.22482421015678,,,
V0,2017-07-03,76484013000145,SAPR4,1435.5304779040225,1478.9352937265185,CONT_2241_SAPR4_2017-07-03,DISTRIBUTION,0,cache/market.json.gz; B3,0.0,468.77201088295544,,,
V0,2017-07-04,60746948000112,BBDC4,564.2386931378971,564.6180808569865,BBDC4_2017-07-04_DISTRIBUTION_630,DISTRIBUTION,0,https://www.bradescori.com.br/informacoes-ao-mercado/remuneracao-aos-acionistas/,0.0,10.706321432701209,,,
V0,2017-08-01,60872504000123,ITUB4,429.1314532643591,429.2986473370595,ITUB4_2017-08-01_DISTRIBUTION_248,DISTRIBUTION,0,cache/market.json.gz; SQLite corporate_actions/B3,0.0,6.436971798965386,,,
V0,2017-08-02,60746948000112,BBDC4,564.6180808569865,564.9641247924583,BBDC4_2017-08-02_DISTRIBUTION_631,DISTRIBUTION,0,https://www.bradescori.com.br/informacoes-ao-mercado/remuneracao-aos-acionistas/,0.0,10.713520242207874,,,
V0,2017-08-10,02474103000119,TBLE3,469.54456361865215,489.32209163488983,TBLE3_2017-08-10_DISTRIBUTION_362,DISTRIBUTION,0,cache/market.json.gz; SQLite corporate_actions/B3,0.0,675.4025817545175,,,
V0,2017-08-15,92702067000196,BRSR6,1197.3595725582354,1212.9837275512584,CONT_686_BRSR6_2017-08-15,DISTRIBUTION,0,cache/market.json.gz; B3,0.0,243.11185169143693,,,
V0,2017-08-15,60872504000123,ITUB4,433.5122500115728,437.86592199130143,ITUB4_2017-08-15_DISTRIBUTION_247,DISTRIBUTION,0,cache/market.json.gz; SQLite corporate_actions/B3,0.0,172.97138775461755,,,
V0,2017-08-22,00000000000191,BBAS3,585.7103765443014,589.451000390289,CONT_233_BBAS3_2017-08-22;CONT_234_BBAS3_2017-08-22,DISTRIBUTION,0,cache/market.json.gz; B3,0.0,119.66255683314017,,,
V0,2017-09-01,60872504000123,ITUB4,437.86592199130143,438.0254166204872,ITUB4_2017-09-01_DISTRIBUTION_246,DISTRIBUTION,0,cache/market.json.gz; SQLite corporate_actions/B3,0.0,6.567988829869521,,,
V0,2017-09-04,60746948000112,BBDC4,564.9641247924583,565.2771200146419,BBDC4_2017-09-04_DISTRIBUTION_632,DISTRIBUTION,0,https://www.bradescori.com.br/informacoes-ao-mercado/remuneracao-aos-acionistas/,0.0,10.72008635978906,,,
V0,2017-09-12,00000000000191,BBAS3,589.451000390289,590.7982319358542,CONT_232_BBAS3_2017-09-12,DISTRIBUTION,0,cache/market.json.gz; B3,0.0,44.97058899096993,,,
V0,2017-10-02,60872504000123,ITUB4,438.0254166204872,438.17677301876654,ITUB4_2017-10-02_DISTRIBUTION_245,DISTRIBUTION,0,cache/market.json.gz; SQLite corporate_actions/B3,0.0,6.5703812493073075,,,
V0,2017-10-02,02558157000162,VIVT4,359.00321532421185,360.335437649885,CONT_2785_VIVT4_2017-10-02,DISTRIBUTION,0,cache/market.json.gz; B3,0.0,66.89088297205078,,,
V0,2017-10-03,60746948000112,BBDC4,565.2771200146419,565.5677982093397,BBDC4_2017-10-03_DISTRIBUTION_633,DISTRIBUTION,0,https://www.bradescori.com.br/informacoes-ao-mercado/remuneracao-aos-acionistas/,0.0,10.726025384347906,,,
V0,2017-10-27,17155730000164,CMIG2,0,329.6194690461422,CMIG4_2017-10-27_RIGHT_684,RIGHT,0,https://ri.cemig.com.br/docs/cemig-2017-10-26-NBfWkJHw.pdf,0.0,0.0,,,
V0,2017-10-30,17155730000164,CMIG2,329.6194690461422,0,CMIG2_2017-10-30_RIGHT_REINVEST_685,RIGHT_REINVEST,0,COTAHIST_A2017.ZIP; first traded close,0.0,0.0,,,
V0,2017-10-30,17155730000164,CMIG4,2074.6932637426194,2125.8265403510595,CMIG2_2017-10-30_RIGHT_REINVEST_685,RIGHT_REINVEST,0,COTAHIST_A2017.ZIP; first traded close,0.0,0.0,,,
V0,2017-10-31,02149205000169,PSSA3,532.216439644046,543.3809676052292,CONT_2155_PSSA3_2017-10-31,DISTRIBUTION,0,cache/market.json.gz; B3,0.0,398.6852934938528,,,
V0,2017-11-01,60872504000123,ITUB4,438.17677301876654,438.33580160805474,ITUB4_2017-11-01_DISTRIBUTION_244,DISTRIBUTION,0,cache/market.json.gz; SQLite corporate_actions/B3,0.0,6.5726515952814974,,,
V0,2017-11-03,60746948000112,BBDC4,565.5677982093397,565.8841761853884,BBDC4_2017-11-03_DISTRIBUTION_634,DISTRIBUTION,0,https://www.bradescori.com.br/informacoes-ao-mercado/remuneracao-aos-acionistas/,0.0,10.731540947572762,,,
V0,2017-11-10,02474103000119,TBLE3,498.56320021218477,507.49521849501605,TBLE3_2017-11-10_DISTRIBUTION_361,DISTRIBUTION,0,cache/market.json.gz; SQLite corporate_actions/B3,0.0,324.2322636667745,,,
V0,2017-11-14,92702067000196,BRSR6,1212.9837275512584,1219.2630121721038,CONT_685_BRSR6_2017-11-14,DISTRIBUTION,0,cache/market.json.gz; B3,0.0,88.9774630773778,,,
V0,2017-11-16,02558115000121,TIMP3,1604.1900419030933,1614.9256700607568,TIMP_GROSS_2017-11-16,DISTRIBUTION,0,research/graham_v6_comparison/audit_v13_inputs/documents/TIM_DIV.html.gz,0.0,125.92891828939283,,,
V0,2017-11-21,02998611000104,TRPL4,259.8560120512746,269.151905160085,CONT_1394_TRPL4_2017-11-21,DISTRIBUTION,0,cache/market.json.gz; B3,0.0,576.4383316773304,,,
V0,2017-11-22,00000000000191,BBAS3,590.7982319358542,594.8265704517572,CONT_231_BBAS3_2017-11-22,DISTRIBUTION,0,cache/market.json.gz; B3,0.0,131.88780301066433,,,
V0,2017-12-01,60872504000123,ITUB4,438.33580160805474,438.4952737648367,ITUB4_2017-12-01_DISTRIBUTION_243,DISTRIBUTION,0,cache/market.json.gz; SQLite corporate_actions/B3,0.0,6.575037024120821,,,
V0,2017-12-04,60746948000112,BBDC4,565.8841761853884,566.2084753143295,BBDC4_2017-12-04_DISTRIBUTION_635,DISTRIBUTION,0,https://www.bradescori.com.br/informacoes-ao-mercado/remuneracao-aos-acionistas/,0.0,10.737544159240091,,,
V0,2017-12-12,00000000000191,BBAS3,594.8265704517572,596.3962515819953,CONT_230_BBAS3_2017-12-12,DISTRIBUTION,0,cache/market.json.gz; B3,0.0,49.13101937645224,,,
V0,2017-12-15,60872504000123,ITUB4,438.4952737648367,440.03731725617325,ITUB4_2017-12-15_DISTRIBUTION_242,DISTRIBUTION,0,cache/market.json.gz; SQLite corporate_actions/B3,0.0,63.3625670590189,,,
V0,2017-12-26,60746948000112,BBDC4,566.2084753143295,580.3154309707495,BBDC4_2017-12-26_DISTRIBUTION_636,DISTRIBUTION,0,https://www.bradescori.com.br/informacoes-ao-mercado/remuneracao-aos-acionistas/,0.0,469.9026929153532,,,
V0,2017-12-27,03983431000103,ENBR3,1193.4404040934328,1204.0521333510967,CONT_1106_ENBR3_2017-12-27,DISTRIBUTION,0,cache/market.json.gz; B3,0.0,143.152227685886,,,
V0,2017-12-27,02558157000162,VIVT4,362.02523745078173,368.72967919795684,CONT_2784_VIVT4_2017-12-27,DISTRIBUTION,0,cache/market.json.gz; B3,0.0,328.785823281468,,,
V0,2018-01-02,28195667000106,ABCB4,1031.0028418914414,1064.0844771077411,CONT_21_ABCB4_2018-01-02,DISTRIBUTION,0,cache/market.json.gz; B3,0.0,548.4935118862469,,,
V0,2018-01-02,76483817000120,CPLE6,680.8871530386976,709.6728581680146,CONT_920_CPLE6_2018-01-02,DISTRIBUTION,0,cache/market.json.gz; B3,0.0,693.7354936165378,,,
V0,2018-01-02,60872504000123,ITUB4,440.03731725617325,440.18774022241854,ITUB4_2018-01-02_DISTRIBUTION_241,DISTRIBUTION,0,cache/market.json.gz; SQLite corporate_actions/B3,0.0,6.600559758842598,,,
V0,2018-01-02,76484013000145,SAPR4,1636.952437053478,1684.2828029162522,CONT_2240_SAPR4_2018-01-02,DISTRIBUTION,0,cache/market.json.gz; B3,0.0,534.8331342493476,,,
V0,2018-01-03,60746948000112,BBDC4,580.3154309707495,580.6323962690345,BBDC4_2018-01-03_DISTRIBUTION_609,DISTRIBUTION,0,https://www.bradescori.com.br/informacoes-ao-mercado/remuneracao-aos-acionistas/,0.0,11.011374462422655,,,
V0,2018-01-04,03220438000173,EQTL3,295.66764111069284,296.16800173411093,CONT_1123_EQTL3_2018-01-04,DISTRIBUTION,0,cache/market.json.gz; B3,0.0,32.523440522176216,,,
V0,2018-01-05,92702067000196,BRSR6,1236.2465562131085,1261.3762061413001,CONT_684_BRSR6_2018-01-05,DISTRIBUTION,0,cache/market.json.gz; B3,0.0,375.18567342789925,,,
V0,2018-02-01,60872504000123,ITUB4,440.18774022241854,440.31348419696315,ITUB4_2018-02-01_DISTRIBUTION_240,DISTRIBUTION,0,cache/market.json.gz; SQLite corporate_actions/B3,0.0,6.602816103336278,,,
V0,2018-02-02,60746948000112,BBDC4,580.6323962690345,580.9191580810703,BBDC4_2018-02-02_DISTRIBUTION_610,DISTRIBUTION,0,https://www.bradescori.com.br/informacoes-ao-mercado/remuneracao-aos-acionistas/,0.0,11.017388818417242,,,
V0,2018-02-16,60872504000123,ITUB4,440.31348419696315,458.61382389231045,ITUB4_2018-02-16_DISTRIBUTION_238;ITUB4_2018-02-16_DISTRIBUTION_239,DISTRIBUTION,0,cache/market.json.gz; SQLite corporate_actions/B3,0.0,930.2062667145044,,,
V0,2018-02-27,92702067000196,BRSR6,1261.3762061413001,1275.8469689148212,CONT_683_BRSR6_2018-02-27,DISTRIBUTION,0,cache/market.json.gz; B3,0.0,260.6184375511128,,,
V0,2018-03-01,60872504000123,ITUB4,458.61382389231045,458.74842000575956,ITUB4_2018-03-01_DISTRIBUTION_237,DISTRIBUTION,0,cache/market.json.gz; SQLite corporate_actions/B3,0.0,6.879207358384656,,,
V0,2018-03-02,00000000000191,BBAS3,596.3962515819953,599.8682240531543,CONT_228_BBAS3_2018-03-02;CONT_229_BBAS3_2018-03-02,DISTRIBUTION,0,cache/market.json.gz; B3,0.0,146.517238282911,,,
V0,2018-03-02,60746948000112,BBDC4,580.9191580810703,581.2002093321929,BBDC4_2018-03-02_DISTRIBUTION_611,DISTRIBUTION,0,https://www.bradescori.com.br/informacoes-ao-mercado/remuneracao-aos-acionistas/,0.0,11.022830069029116,,,
V0,2018-03-13,00000000000191,BBAS3,599.8682240531543,601.0121048181625,CONT_227_BBAS3_2018-03-13,DISTRIBUTION,0,cache/market.json.gz; B3,0.0,49.015290780599656,,,
V0,2018-04-02,60746948000112,BBDC4,581.2002093321929,639.3202302654123,BBDC4_2018-04-02_SHARES_670,SHARES,0,originals/bradesco_remuneracao.html.gz; owned_capital_events_fre.json; SEC 6K 20150317/20160404/20180319/20200403,0.0,0.0,,,
V0,2018-04-02,60872504000123,ITUB4,458.74842000575956,458.8832138608053,ITUB4_2018-04-02_DISTRIBUTION_236,DISTRIBUTION,0,cache/market.json.gz; SQLite corporate_actions/B3,0.0,6.881226300086393,,,
V0,2018-04-02,02149205000169,PSSA3,543.3809676052292,544.3653084711466,CONT_2154_PSSA3_2018-04-02,DISTRIBUTION,0,cache/market.json.gz; B3,0.0,46.26402069811552,,,
V0,2018-04-03,60746948000112,BBDC4,639.3202302654123,639.6575767409163,BBDC4_2018-04-03_DISTRIBUTION_612,DISTRIBUTION,0,https://www.bradescori.com.br/informacoes-ao-mercado/remuneracao-aos-acionistas/,0.0,12.130979259122217,,,
V0,2018-04-10,03983431000103,ENBR3,1328.6425719564384,1375.5071691794021,CONT_1105_ENBR3_2018-04-10,DISTRIBUTION,0,cache/market.json.gz; B3,0.0,645.3255037602107,,,
V0,2018-04-13,02558157000162,VIVT4,379.87951633221627,390.4545820101439,CONT_2783_VIVT4_2018-04-13,DISTRIBUTION,0,cache/market.json.gz; B3,0.0,508.6606591083176,,,
V0,2018-04-18,02998611000104,TRPL4,285.61406118803353,287.8936710631761,CONT_1393_TRPL4_2018-04-18,DISTRIBUTION,0,cache/market.json.gz; B3,0.0,146.85246815668407,,,
V0,2018-04-20,02558115000121,TIMP3,1614.9256700607568,1619.3478564499335,TIMP_GROSS_2018-04-20,DISTRIBUTION,0,research/graham_v6_comparison/audit_v13_inputs/documents/TIM_DIV.html.gz,0.0,68.94188580726286,,,
V0,2018-04-24,02474103000119,TBLE3,521.694051621354,535.6369991339118,TBLE3_2018-04-24_DISTRIBUTION_360,DISTRIBUTION,0,cache/market.json.gz; SQLite corporate_actions/B3,0.0,508.9175842083604,,,
V0,2018-04-27,76484013000145,SAPR4,1777.7696306183877,1780.0257064938723,CONT_2239_SAPR4_2018-04-27,DISTRIBUTION,0,cache/market.json.gz; B3,0.0,23.756478968851923,,,
V0,2018-04-30,02429144000193,CPFE3,788.3019058792107,797.2720423762132,CONT_845_CPFE3_2018-04-30,DISTRIBUTION,0,cache/market.json.gz; B3,0.0,216.987601862491,,,
V0,2018-04-30,03220438000173,EQTL3,296.16800173411093,300.7511526505595,CONT_1122_EQTL3_2018-04-30,DISTRIBUTION,0,cache/market.json.gz; B3,0.0,326.0911877053159,,,
V0,2018-04-30,43776517000180,SBSP3,551.0715695715595,567.2118853379075,CONT_2261_SBSP3_2018-04-30,DISTRIBUTION,0,cache/market.json.gz; B3,0.0,567.493502344792,,,
V0,2018-05-02,17155730000164,CMIG4,2426.1134522474263,2583.132526123651,CMIG4_2018-05-02_DISTRIBUTION_644,DISTRIBUTION,0,https://api.mziq.com/mzfilemanager/v2/d/716a131f-9624-452c-9088-0cd6983c1349/a2eb9f5f-37e1-8913-c1eb-c4281b5e23b2?origin=2,0.0,1213.7574410632183,,,
V0,2018-05-02,60872504000123,ITUB4,458.8832138608053,459.0245536597358,ITUB4_2018-05-02_DISTRIBUTION_235,DISTRIBUTION,0,cache/market.json.gz; SQLite corporate_actions/B3,0.0,6.88324820791208,,,
V0,2018-05-03,60746948000112,BBDC4,639.6575767409163,640.0257108126196,BBDC4_2018-05-03_DISTRIBUTION_613,DISTRIBUTION,0,https://www.bradescori.com.br/informacoes-ao-mercado/remuneracao-aos-acionistas/,0.0,12.137380344061729,,,
V0,2018-05-04,92702067000196,BRSR6,1275.8469689148212,1279.248955611839,CONT_682_BRSR6_2018-05-04,DISTRIBUTION,0,cache/market.json.gz; B3,0.0,63.00479362876932,,,
V0,2018-05-14,02558115000121,TIMP3,1619.3478564499335,1630.6063702896222,TIMP_GROSS_2018-05-14,DISTRIBUTION,0,research/graham_v6_comparison/audit_v13_inputs/documents/TIM_DIV.html.gz,0.0,153.90388418854337,,,
V0,2018-05-15,92702067000196,BRSR6,1279.248955611839,1295.122368502238,CONT_681_BRSR6_2018-05-15,DISTRIBUTION,0,cache/market.json.gz; B3,0.0,276.19738429294455,,,
V0,2018-05-22,00000000000191,BBAS3,601.0121048181625,604.9809153616851,CONT_226_BBAS3_2018-05-22,DISTRIBUTION,0,cache/market.json.gz; B3,0.0,128.5894616101327,,,
V0,2018-05-29,02149205000169,PSSA3,544.3653084711466,564.4537590736318,CONT_2153_PSSA3_2018-05-29,DISTRIBUTION,0,cache/market.json.gz; B3,0.0,841.9069647501533,,,
V0,2018-06-01,60872504000123,ITUB4,459.0245536597358,459.1816821011985,ITUB4_2018-06-01_DISTRIBUTION_234,DISTRIBUTION,0,cache/market.json.gz; SQLite corporate_actions/B3,0.0,6.885368304896036,,,
V0,2018-06-04,60746948000112,BBDC4,642.2130078924464,642.6169147257932,BBDC4_2018-06-04_DISTRIBUTION_614,DISTRIBUTION,0,https://www.bradescori.com.br/informacoes-ao-mercado/remuneracao-aos-acionistas/,0.0,12.185869162074662,,,
V0,2018-06-06,02998611000104,TRPL4,292.09914696974283,312.96989327693103,CONT_1392_TRPL4_2018-06-06,DISTRIBUTION,0,cache/market.json.gz; B3,0.0,1348.250211444357,,,
V0,2018-06-12,00000000000191,BBAS3,610.1750385186674,611.9204085130847,CONT_225_BBAS3_2018-06-12,DISTRIBUTION,0,cache/market.json.gz; B3,0.0,47.10753614932159,,,
V0,2018-06-18,76483817000120,CPLE6,773.1387295658292,776.3691782472849,CONT_919_CPLE6_2018-06-18,DISTRIBUTION,0,cache/market.json.gz; B3,0.0,69.55156011174199,,,
V0,2018-06-28,02149205000169,PSSA3,564.4537590736318,574.6516103675524,CONT_2152_PSSA3_2018-06-28,DISTRIBUTION,0,cache/market.json.gz; B3,0.0,399.34785666993093,,,
V0,2018-07-02,28195667000106,ABCB4,1143.7949388446361,1185.275749252702,CONT_20_ABCB4_2018-07-02,DISTRIBUTION,0,cache/market.json.gz; B3,0.0,617.6492669761036,,,
V0,2018-07-02,60746948000112,BBDC4,640.7802873006939,645.3589545816908,BBDC4_2018-07-02_DISTRIBUTION_615,DISTRIBUTION,0,https://www.bradescori.com.br/informacoes-ao-mercado/remuneracao-aos-acionistas/,0.0,121.5636163104673,,,
V0,2018-07-02,60872504000123,ITUB4,427.29275479396784,427.4515996842258,ITUB4_2018-07-02_DISTRIBUTION_233,DISTRIBUTION,0,cache/market.json.gz; SQLite corporate_actions/B3,0.0,6.409391321909517,,,
V0,2018-07-02,02558157000162,VIVT4,376.84717377325455,378.89171380648713,CONT_2782_VIVT4_2018-07-02,DISTRIBUTION,0,cache/market.json.gz; B3,0.0,92.08608309679603,,,
V0,2018-07-03,60746948000112,BBDC4,652.1838363190725,652.6296239173089,BBDC4_2018-07-03_DISTRIBUTION_616,DISTRIBUTION,0,https://www.bradescori.com.br/informacoes-ao-mercado/remuneracao-aos-acionistas/,0.0,12.375063727041663,,,
V0,2018-07-03,76484013000145,SAPR4,1931.6822429901608,2002.6201369036983,CONT_2238_SAPR4_2018-07-03,DISTRIBUTION,0,cache/market.json.gz; B3,0.0,629.928497952213,,,
V0,2018-07-26,02558115000121,TIMP3,1325.298810158595,1335.7289898399174,TIMP_GROSS_2018-07-26,DISTRIBUTION,0,research/graham_v6_comparison/audit_v13_inputs/documents/TIM_DIV.html.gz,0.0,131.42026398466373,,,
V0,2018-08-01,60872504000123,ITUB4,429.9810006056212,430.1225969834277,ITUB4_2018-08-01_DISTRIBUTION_232,DISTRIBUTION,0,cache/market.json.gz; SQLite corporate_actions/B3,0.0,6.449715009084318,,,
V0,2018-08-02,60746948000112,BBDC4,652.6296239173089,653.0301259374115,BBDC4_2018-08-02_DISTRIBUTION_617,DISTRIBUTION,0,https://www.bradescori.com.br/informacoes-ao-mercado/remuneracao-aos-acionistas/,0.0,12.383522461572767,,,
V0,2018-08-10,17344597000194,BBSE3,718.4292382771507,718.6514578641022,CONT_271_BBSE3_2018-08-10,DISTRIBUTION,0,cache/market.json.gz; B3,0.0,5.133272458578933,,,
V0,2018-08-16,92702067000196,BRSR6,1188.4959082351427,1204.4936181371918,CONT_680_BRSR6_2018-08-16,DISTRIBUTION,0,cache/market.json.gz; B3,0.0,256.6032668288668,,,
V0,2018-08-20,60872504000123,ITUB4,430.1225969834277,437.6995508903166,ITUB4_2018-08-20_DISTRIBUTION_230;ITUB4_2018-08-20_DISTRIBUTION_231,DISTRIBUTION,0,cache/market.json.gz; SQLite corporate_actions/B3,0.0,322.247849659984,,,
V0,2018-08-21,02474103000119,TBLE3,506.45271226471084,531.5995609373216,TBLE3_2018-08-21_DISTRIBUTION_359,DISTRIBUTION,0,cache/market.json.gz; SQLite corporate_actions/B3,0.0,889.1925690635167,,,
V0,2018-08-22,00000000000191,BBAS3,601.64013013573,607.0481136554073,CONT_223_BBAS3_2018-08-22;CONT_224_BBAS3_2018-08-22,DISTRIBUTION,0,cache/market.json.gz; B3,0.0,162.2395055903166,,,
V0,2018-09-03,60872504000123,ITUB4,437.6995508903166,437.8571101238984,ITUB4_2018-09-03_DISTRIBUTION_229,DISTRIBUTION,0,cache/market.json.gz; SQLite corporate_actions/B3,0.0,6.565493263354749,,,
V0,2018-09-04,60746948000112,BBDC4,653.0301259374115,653.4810401263092,BBDC4_2018-09-04_DISTRIBUTION_618,DISTRIBUTION,0,https://www.bradescori.com.br/informacoes-ao-mercado/remuneracao-aos-acionistas/,0.0,12.391121910908328,,,
V0,2018-09-12,00000000000191,BBAS3,608.7088841844186,610.590287314648,CONT_222_BBAS3_2018-09-12,DISTRIBUTION,0,cache/market.json.gz; B3,0.0,52.03961058214352,,,
V0,2018-09-18,02558157000162,VIVT4,411.09159318677825,429.23812634979856,CONT_2781_VIVT4_2018-09-18,DISTRIBUTION,0,cache/market.json.gz; B3,0.0,703.1781600670374,,,
V0,2018-10-01,60872504000123,ITUB4,437.8571101238984,438.00767996919546,ITUB4_2018-10-01_DISTRIBUTION_228,DISTRIBUTION,0,cache/market.json.gz; SQLite corporate_actions/B3,0.0,6.567856651858476,,,
V0,2018-10-02,60746948000112,BBDC4,653.4810401263092,653.8943627236931,BBDC4_2018-10-02_DISTRIBUTION_619,DISTRIBUTION,0,https://www.bradescori.com.br/informacoes-ao-mercado/remuneracao-aos-acionistas/,0.0,12.399677921518052,,,
V0,2018-10-30,92702067000196,BRSR6,1209.6062827128906,1220.3855038803244,CONT_679_BRSR6_2018-10-30,DISTRIBUTION,0,cache/market.json.gz; B3,0.0,206.96104641473056,,,
V0,2018-11-01,60872504000123,ITUB4,438.00767996919546,438.13924014539765,ITUB4_2018-11-01_DISTRIBUTION_227,DISTRIBUTION,0,cache/market.json.gz; SQLite corporate_actions/B3,0.0,6.570115199537931,,,
V0,2018-11-05,60746948000112,BBDC4,653.8943627236931,654.2295199532679,BBDC4_2018-11-05_DISTRIBUTION_620,DISTRIBUTION,0,https://www.bradescori.com.br/informacoes-ao-mercado/remuneracao-aos-acionistas/,0.0,12.407520638858795,,,
V0,2018-11-07,02149205000169,PSSA3,433.0118435110376,439.29428223288545,CONT_2151_PSSA3_2018-11-07,DISTRIBUTION,0,cache/market.json.gz; B3,0.0,333.47184735568334,,,
V0,2018-11-13,02474103000119,TBLE3,533.3183528697978,546.6147466087606,TBLE3_2018-11-13_DISTRIBUTION_358,DISTRIBUTION,0,cache/market.json.gz; SQLite corporate_actions/B3,0.0,533.3183528697978,,,
V0,2018-11-21,60872504000123,ITUB4,438.17066912808394,657.2560036921259,ITUB4_2018-11-21_SHARES_664,SHARES,0,https://www.itau.com.br/relacoes-com-investidores/informacoes-ao-mercado/recompra/; owned_capital_events_fre.json; B3,0.0,0.0,,,
V0,2018-11-22,00000000000191,BBAS3,616.3432920944635,622.1239350630633,CONT_221_BBAS3_2018-11-22,DISTRIBUTION,0,cache/market.json.gz; B3,0.0,256.94957995425733,,,
V0,2018-11-27,02149205000169,PSSA3,439.29428223288545,446.9438120788207,CONT_2150_PSSA3_2018-11-27,DISTRIBUTION,0,cache/market.json.gz; B3,0.0,407.64344548988925,,,
V0,2018-12-03,60872504000123,ITUB4,657.2560036921259,657.5333269004348,ITUB4_2018-12-03_DISTRIBUTION_226,DISTRIBUTION,0,cache/market.json.gz; SQLite corporate_actions/B3,0.0,9.858840055381888,,,
V0,2018-12-04,60746948000112,BBDC4,654.2295199532679,654.5589753721446,BBDC4_2018-12-04_DISTRIBUTION_621,DISTRIBUTION,0,https://www.bradescori.com.br/informacoes-ao-mercado/remuneracao-aos-acionistas/,0.0,12.413880183274946,,,
V0,2018-12-07,92702067000196,BRSR6,1220.3855038803244,1224.6025977489712,CONT_678_BRSR6_2018-12-07,DISTRIBUTION,0,cache/market.json.gz; B3,0.0,89.48673189268604,,,
V0,2018-12-07,02998611000104,TRPL4,308.21229421703737,342.94140335571785,CONT_1390_TRPL4_2018-12-07;CONT_1391_TRPL4_2018-12-07,DISTRIBUTION,0,cache/market.json.gz; B3,0.0,2292.121203152913,,,
V0,2018-12-12,00000000000191,BBAS3,622.1239350630633,623.9429841375819,CONT_220_BBAS3_2018-12-12,DISTRIBUTION,0,cache/market.json.gz; B3,0.0,78.18272922280973,,,
V0,2018-12-12,02474103000119,TBLE3,546.6147466087606,683.2684332609507,TBLE3_2018-12-12_SHARES_675,SHARES,0,originals/engie_bonus_2018_doe.pdf.gz p34; owned_capital_events_fre.json; B3 2025-11-26,0.0,0.0,,,
V0,2018-12-12,17344597000194,BBSE3,751.1108203334146,788.5087605177903,CONT_270_BBSE3_2018-12-12,DISTRIBUTION,0,cache/market.json.gz; B3,0.0,1015.728055407642,,,
V0,2018-12-18,60872504000123,ITUB4,657.5333269004348,657.7317851369138,ITUB4_2018-12-18_DISTRIBUTION_225,DISTRIBUTION,0,cache/market.json.gz; SQLite corporate_actions/B3,0.0,6.969853265144608,,,
V0,2018-12-18,02558157000162,VIVT4,449.24652920359233,456.8856874582929,CONT_2780_VIVT4_2018-12-18,DISTRIBUTION,0,cache/market.json.gz; B3,0.0,370.49917535297857,,,
V0,2018-12-26,60746948000112,BBDC4,654.5589753721446,667.6180136016557,BBDC4_2018-12-26_DISTRIBUTION_622,DISTRIBUTION,0,https://www.bradescori.com.br/informacoes-ao-mercado/remuneracao-aos-acionistas/,0.0,477.9607992001069,,,
V0,2018-12-26,17155730000164,CMIG4,2418.2451924553648,2444.6086359209717,CMIG4_2018-12-26_DISTRIBUTION_645,DISTRIBUTION,0,https://api.mziq.com/mzfilemanager/v2/d/716a131f-9624-452c-9088-0cd6983c1349/a2eb9f5f-37e1-8913-c1eb-c4281b5e23b2?origin=2,0.0,348.2610881806659,,,
V0,2018-12-27,92702067000196,BRSR6,1224.6025977489712,1230.8413166817272,CONT_677_BRSR6_2018-12-27,DISTRIBUTION,0,cache/market.json.gz; B3,0.0,134.69394175820153,,,
V0,2018-12-27,02474103000119,TBLE3,683.2684332609507,693.3795321121536,TBLE3_2018-12-27_DISTRIBUTION_357,DISTRIBUTION,0,cache/market.json.gz; SQLite corporate_actions/B3,0.0,332.45293022754896,,,
V0,2018-12-28,76483817000120,CPLE6,833.0375493547523,862.2879381990352,CONT_918_CPLE6_2018-12-28,DISTRIBUTION,0,cache/market.json.gz; B3,0.0,893.5993791928428,,,
V0,2019-01-02,28195667000106,ABCB4,1252.6184620883746,1292.0554568936102,CONT_19_ABCB4_2019-01-02,DISTRIBUTION,0,cache/market.json.gz; B3,0.0,675.161351065634,,,
V0,2019-01-02,03983431000103,ENBR3,1383.2404801215016,1453.8780169903353,CONT_1104_ENBR3_2019-01-02,DISTRIBUTION,0,cache/market.json.gz; B3,0.0,1001.6402728000597,,,
V0,2019-01-02,60872504000123,ITUB4,657.7317851369138,657.9984331579152,ITUB4_2019-01-02_DISTRIBUTION_224,DISTRIBUTION,0,cache/market.json.gz; SQLite corporate_actions/B3,0.0,9.865976777053707,,,
V0,2019-01-02,76484013000145,SAPR4,2104.8483084687564,2170.4962868420353,CONT_2237_SAPR4_2019-01-02,DISTRIBUTION,0,cache/market.json.gz; B3,0.0,718.8453631874049,,,
V0,2019-01-03,60746948000112,BBDC4,667.6180136016557,667.9286542169831,BBDC4_2019-01-03_DISTRIBUTION_594,DISTRIBUTION,0,https://www.bradescori.com.br/informacoes-ao-mercado/remuneracao-aos-acionistas/,0.0,12.667924293050817,,,
V0,2019-01-03,02558115000121,TIMP3,1574.3282123184117,1595.0636213165571,TIMP_GROSS_2019-01-03,DISTRIBUTION,0,research/graham_v6_comparison/audit_v13_inputs/documents/TIM_DIV.html.gz,0.0,247.1660752578928,,,
V0,2019-02-01,60872504000123,ITUB4,659.2405518103952,659.4953471795567,ITUB4_2019-02-01_DISTRIBUTION_223,DISTRIBUTION,0,cache/market.json.gz; SQLite corporate_actions/B3,0.0,9.888608277155928,,,
V0,2019-02-04,60746948000112,BBDC4,667.9286542169831,668.2061628361947,BBDC4_2019-02-04_DISTRIBUTION_595,DISTRIBUTION,0,https://www.bradescori.com.br/informacoes-ao-mercado/remuneracao-aos-acionistas/,0.0,12.673818639394298,,,
V0,2019-02-15,17344597000194,BBSE3,804.8817218059093,805.0765769827962,CONT_269_BBSE3_2019-02-15,DISTRIBUTION,0,cache/market.json.gz; B3,0.0,5.3935912962301344,,,
V0,2019-02-22,00000000000191,BBAS3,623.9429841375819,630.899188053158,CONT_218_BBAS3_2019-02-22;CONT_219_BBAS3_2019-02-22,DISTRIBUTION,0,cache/market.json.gz; B3,0.0,369.3048658779345,,,
V0,2019-02-22,60872504000123,ITUB4,664.7312956436601,697.3713066989834,ITUB4_2019-02-22_DISTRIBUTION_221;ITUB4_2019-02-22_DISTRIBUTION_222,DISTRIBUTION,0,cache/market.json.gz; SQLite corporate_actions/B3,0.0,1196.5828052881525,,,
V0,2019-03-01,60872504000123,ITUB4,697.3713066989834,697.6715526691465,ITUB4_2019-03-01_DISTRIBUTION_220,DISTRIBUTION,0,cache/market.json.gz; SQLite corporate_actions/B3,0.0,10.460569600484751,,,
V0,2019-03-01,02558157000162,VIVT4,472.55168741280704,476.93703109095827,CONT_2779_VIVT4_2019-03-01,DISTRIBUTION,0,cache/market.json.gz; B3,0.0,202.07663668920785,,,
V0,2019-03-06,60746948000112,BBDC4,668.2061628361947,668.506543890742,BBDC4_2019-03-06_DISTRIBUTION_596,DISTRIBUTION,0,https://www.bradescori.com.br/informacoes-ao-mercado/remuneracao-aos-acionistas/,0.0,12.679084312439691,,,
V0,2019-03-08,92702067000196,BRSR6,1230.8413166817272,1246.4551479527597,CONT_676_BRSR6_2019-03-08,DISTRIBUTION,0,cache/market.json.gz; B3,0.0,384.2563875801079,,,
V0,2019-03-12,00000000000191,BBAS3,630.899188053158,632.7458103975429,CONT_217_BBAS3_2019-03-12,DISTRIBUTION,0,cache/market.json.gz; B3,0.0,98.49883584948823,,,
V0,2019-04-01,60746948000112,BBDC4,668.506543890742,802.2078526688904,BBDC4_2019-04-01_SHARES_671,SHARES,0,originals/bradesco_remuneracao.html.gz; owned_capital_events_fre.json; SEC 6K 20150317/20160404/20180319/20200403,0.0,0.0,,,
V0,2019-04-01,60872504000123,ITUB4,704.3260191818925,704.6352958296598,ITUB4_2019-04-01_DISTRIBUTION_219,DISTRIBUTION,0,cache/market.json.gz; SQLite corporate_actions/B3,0.0,10.564890287728387,,,
V0,2019-04-01,02149205000169,PSSA3,456.3750757396945,462.9641913463035,CONT_2149_PSSA3_2019-04-01,DISTRIBUTION,0,cache/market.json.gz; B3,0.0,351.2657529883234,,,
V0,2019-04-02,60746948000112,BBDC4,802.2078526688904,802.6355497968109,BBDC4_2019-04-02_DISTRIBUTION_597,DISTRIBUTION,0,https://www.bradescori.com.br/informacoes-ao-mercado/remuneracao-aos-acionistas/,0.0,15.221740782692335,,,
V0,2019-04-05,02998611000104,TRPL4,345.6202101609551,1382.4808406438203,CONT_2635_TRPL4_2019-04-05,SHARES,0,cache/market.json.gz; B3,0.0,0.0,,,
V0,2019-04-12,02558157000162,VIVT4,493.27350781499644,509.26131785609743,CONT_2778_VIVT4_2019-04-12,DISTRIBUTION,0,cache/market.json.gz; B3,0.0,743.9128012124308,,,
V0,2019-04-17,03983431000103,ENBR3,1503.694557224393,1509.116962805927,CONT_1103_ENBR3_2019-04-17,DISTRIBUTION,0,cache/market.json.gz; B3,0.0,92.23511894189248,,,
V0,2019-04-25,76484013000145,SAPR4,2179.6381052890415,2209.5800282075834,CONT_2236_SAPR4_2019-04-25,DISTRIBUTION,0,cache/market.json.gz; B3,0.0,435.95439769396796,,,
V0,2019-04-30,76483817000120,CPLE6,862.2879381990352,870.2161734871221,CONT_917_CPLE6_2019-04-30,DISTRIBUTION,0,cache/market.json.gz; B3,0.0,326.64329386917655,,,
V0,2019-04-30,43776517000180,SBSP3,763.3591079166882,782.1832186842508,CONT_2260_SBSP3_2019-04-30,DISTRIBUTION,0,cache/market.json.gz; B3,0.0,884.7332060754417,,,
V0,2019-05-02,92702067000196,BRSR6,1246.4551479527597,1248.1843211387477,CONT_675_BRSR6_2019-05-02,DISTRIBUTION,0,cache/market.json.gz; B3,0.0,42.10536707880754,,,
V0,2019-05-02,02429144000193,CPFE3,844.4416371939086,858.053113197316,CONT_844_CPFE3_2019-05-02,DISTRIBUTION,0,cache/market.json.gz; B3,0.0,405.48587014150525,,,
V0,2019-05-02,03220438000173,EQTL3,316.4928620432597,320.200238355727,CONT_1121_EQTL3_2019-05-02,DISTRIBUTION,0,cache/market.json.gz; B3,0.0,300.6682189410967,,,
V0,2019-05-02,60872504000123,ITUB4,712.4136597008943,712.727590514511,ITUB4_2019-05-02_DISTRIBUTION_218,DISTRIBUTION,0,cache/market.json.gz; SQLite corporate_actions/B3,0.0,10.686204895513415,,,
V0,2019-05-02,02558157000162,VIVT4,509.26131785609743,513.1238935132233,CONT_2777_VIVT4_2019-05-02,DISTRIBUTION,0,cache/market.json.gz; B3,0.0,177.3308484186463,,,
V0,2019-05-03,60746948000112,BBDC4,802.6355497968109,803.0590719395808,BBDC4_2019-05-03_DISTRIBUTION_598,DISTRIBUTION,0,https://www.bradescori.com.br/informacoes-ao-mercado/remuneracao-aos-acionistas/,0.0,15.229856254004474,,,
V0,2019-05-06,17155730000164,CMIG4,2444.6086359209717,2523.268501070622,CMIG4_2019-05-06_DISTRIBUTION_646,DISTRIBUTION,0,https://api.mziq.com/mzfilemanager/v2/d/716a131f-9624-452c-9088-0cd6983c1349/a2eb9f5f-37e1-8913-c1eb-c4281b5e23b2?origin=2,0.0,1102.024710746597,,,
V0,2019-05-07,02474103000119,TBLE3,696.5717582380173,698.1234778008358,TBLE3_2019-05-07_DISTRIBUTION_356,DISTRIBUTION,0,cache/market.json.gz; SQLite corporate_actions/B3,0.0,65.48256555094063,,,
V0,2019-05-17,92702067000196,BRSR6,1248.1843211387477,1264.8426651261357,CONT_674_BRSR6_2019-05-17,DISTRIBUTION,0,cache/market.json.gz; B3,0.0,355.4890606908618,,,
V0,2019-05-22,00000000000191,BBAS3,632.7458103975429,638.1224483678208,CONT_216_BBAS3_2019-05-22,DISTRIBUTION,0,cache/market.json.gz; B3,0.0,262.4874657089678,,,
V0,2019-06-03,60872504000123,ITUB4,721.5016868431021,721.810196686393,ITUB4_2019-06-03_DISTRIBUTION_217,DISTRIBUTION,0,cache/market.json.gz; SQLite corporate_actions/B3,0.0,10.82252530264653,,,
V0,2019-06-04,60746948000112,BBDC4,803.1575854894261,803.5689150921673,BBDC4_2019-06-04_DISTRIBUTION_600,DISTRIBUTION,0,https://www.bradescori.com.br/informacoes-ao-mercado/remuneracao-aos-acionistas/,0.0,15.23976178156303,,,
V0,2019-06-06,92702067000196,BRSR6,1264.8426651261357,1268.985961578908,CONT_673_BRSR6_2019-06-06,DISTRIBUTION,0,cache/market.json.gz; B3,0.0,99.0247852212582,,,
V0,2019-06-12,00000000000191,BBAS3,638.1224483678208,640.2111148230158,CONT_215_BBAS3_2019-06-12,DISTRIBUTION,0,cache/market.json.gz; B3,0.0,109.15370894849423,,,
V0,2019-06-26,02149205000169,PSSA3,476.53527202260085,483.0336813994802,CONT_2148_PSSA3_2019-06-26,DISTRIBUTION,0,cache/market.json.gz; B3,0.0,340.5166513484789,,,
V0,2019-07-01,60746948000112,BBDC4,763.1338391794347,766.9827698567576,BBDC4_2019-07-01_DISTRIBUTION_599,DISTRIBUTION,0,https://www.bradescori.com.br/informacoes-ao-mercado/remuneracao-aos-acionistas/,0.0,144.83526138765794,,,
V0,2019-07-01,60872504000123,ITUB4,794.2821591459424,794.6123762298445,ITUB4_2019-07-01_DISTRIBUTION_216,DISTRIBUTION,0,cache/market.json.gz; SQLite corporate_actions/B3,0.0,11.914232387189136,,,
V0,2019-07-01,02558157000162,VIVT4,577.0521156207548,584.0289992422097,CONT_2776_VIVT4_2019-07-01,DISTRIBUTION,0,cache/market.json.gz; B3,0.0,341.2393779253626,,,
V0,2019-07-01,76484013000145,SAPR4,1959.2293258933246,2007.7409519139733,CONT_2235_SAPR4_2019-07-01,DISTRIBUTION,0,cache/market.json.gz; B3,0.0,698.5674146973411,,,
V0,2019-07-02,60746948000112,BBDC4,767.4560088838355,767.8419704842721,BBDC4_2019-07-02_DISTRIBUTION_601,DISTRIBUTION,0,https://www.bradescori.com.br/informacoes-ao-mercado/remuneracao-aos-acionistas/,0.0,14.56233118447308,,,
V0,2019-07-05,28195667000106,ABCB4,1512.0367420351513,1556.8764523161938,CONT_18_ABCB4_2019-07-05,DISTRIBUTION,0,cache/market.json.gz; B3,0.0,845.2285387976497,,,
V0,2019-08-01,60872504000123,ITUB4,798.3735769069668,798.7169141676779,ITUB4_2019-08-01_DISTRIBUTION_215,DISTRIBUTION,0,cache/market.json.gz; SQLite corporate_actions/B3,0.0,11.975603653604502,,,
V0,2019-08-02,60746948000112,BBDC4,781.7767336062371,782.2094659341491,BBDC4_2019-08-02_DISTRIBUTION_602,DISTRIBUTION,0,https://www.bradescori.com.br/informacoes-ao-mercado/remuneracao-aos-acionistas/,0.0,14.83406420082223,,,
V0,2019-08-05,02998611000104,TRPL4,1176.608649543316,1204.204515636439,CONT_1389_TRPL4_2019-08-05,DISTRIBUTION,0,cache/market.json.gz; B3,0.0,661.4729102521586,,,
V0,2019-08-12,02558115000121,TIMP3,2505.1451509156464,2536.7799852370877,TIMP_GROSS_2019-08-12,DISTRIBUTION,0,research/graham_v6_comparison/audit_v13_inputs/documents/TIM_DIV.html.gz,0.0,381.832450259796,,,
V0,2019-08-12,17344597000194,BBSE3,893.6993649304585,893.9151200013105,CONT_268_BBSE3_2019-08-12,DISTRIBUTION,0,cache/market.json.gz; B3,0.0,7.27094588771075,,,
V0,2019-08-13,92702067000196,BRSR6,1223.912527627129,1238.6238971089533,CONT_672_BRSR6_2019-08-13,DISTRIBUTION,0,cache/market.json.gz; B3,0.0,335.12499679595857,,,
V0,2019-08-16,60872504000123,ITUB4,805.7805511352365,824.2396112717231,ITUB4_2019-08-16_DISTRIBUTION_214,DISTRIBUTION,0,cache/market.json.gz; SQLite corporate_actions/B3,0.0,634.0687156883176,,,
V0,2019-08-22,00000000000191,BBAS3,545.5857072234388,550.8036239649657,CONT_213_BBAS3_2019-08-22;CONT_214_BBAS3_2019-08-22,DISTRIBUTION,0,cache/market.json.gz; B3,0.0,243.41581599223204,,,
V0,2019-09-02,60872504000123,ITUB4,824.2396112717231,824.6086737842328,ITUB4_2019-09-02_DISTRIBUTION_213,DISTRIBUTION,0,cache/market.json.gz; SQLite corporate_actions/B3,0.0,12.363594169075846,,,
V0,2019-09-03,60746948000112,BBDC4,800.5297183281484,801.003514288975,BBDC4_2019-09-03_DISTRIBUTION_603,DISTRIBUTION,0,https://www.bradescori.com.br/informacoes-ao-mercado/remuneracao-aos-acionistas/,0.0,15.189898504100414,,,
V0,2019-09-12,00000000000191,BBAS3,564.9316446967015,567.673396550737,CONT_212_BBAS3_2019-09-12,DISTRIBUTION,0,cache/market.json.gz; B3,0.0,131.60408899370907,,,
V0,2019-09-26,33376989000191,IRBR3,296.6570556535448,889.9711669606343,IRBR_SPLIT_20190926,SHARES,0,continuation_irb_capital_fre.json; COTAHIST ex-date,0.0,0.0,,,
V0,2019-10-01,60872504000123,ITUB4,834.1863395091217,834.5519968759434,ITUB4_2019-10-01_DISTRIBUTION_212,DISTRIBUTION,0,cache/market.json.gz; SQLite corporate_actions/B3,0.0,12.512795092636825,,,
V0,2019-10-02,60746948000112,BBDC4,815.335497820924,815.8167057631347,BBDC4_2019-10-02_DISTRIBUTION_605,DISTRIBUTION,0,https://www.bradescori.com.br/informacoes-ao-mercado/remuneracao-aos-acionistas/,0.0,15.470835342071949,,,
V0,2019-10-08,02558115000121,TIMP3,2538.7620227748316,2573.6998633065828,TIMP_GROSS_2019-10-08,DISTRIBUTION,0,research/graham_v6_comparison/audit_v13_inputs/documents/TIM_DIV.html.gz,0.0,397.2432468460102,,,
V0,2019-10-18,60746948000112,BBDC4,815.8167057631347,841.011162088467,BBDC4_2019-10-18_DISTRIBUTION_604,DISTRIBUTION,0,https://www.bradescori.com.br/informacoes-ao-mercado/remuneracao-aos-acionistas/,0.0,851.3206792329786,,,
V0,2019-10-30,02149205000169,PSSA3,559.5568849039327,565.900040569042,CONT_2147_PSSA3_2019-10-30,DISTRIBUTION,0,cache/market.json.gz; B3,0.0,356.4853483791416,,,
V0,2019-11-01,60872504000123,ITUB4,840.9658056943589,841.3128342249067,ITUB4_2019-11-01_DISTRIBUTION_211,DISTRIBUTION,0,cache/market.json.gz; SQLite corporate_actions/B3,0.0,12.614487085415384,,,
V0,2019-11-04,60746948000112,BBDC4,847.0680652435146,847.5287403581032,BBDC4_2019-11-04_DISTRIBUTION_606,DISTRIBUTION,0,https://www.bradescori.com.br/informacoes-ao-mercado/remuneracao-aos-acionistas/,0.0,16.072954747995226,,,
V0,2019-11-11,02998611000104,TRPL4,1223.2959568598687,1265.975931462164,CONT_1387_TRPL4_2019-11-11;CONT_1388_TRPL4_2019-11-11,DISTRIBUTION,0,cache/market.json.gz; B3,0.0,959.8726288056214,,,
V0,2019-11-12,92702067000196,BRSR6,1283.1168753466327,1298.9276462502364,CONT_671_BRSR6_2019-11-12,DISTRIBUTION,0,cache/market.json.gz; B3,0.0,334.8721277383279,,,
V0,2019-11-19,33376989000191,IRBR3,889.9711669606343,895.1242049309102,CONT_1354_IRBR3_2019-11-19,DISTRIBUTION,0,cache/market.json.gz; B3,0.0,189.63179730615448,,,
V0,2019-11-22,00000000000191,BBAS3,590.4773364936595,595.0880126732798,CONT_211_BBAS3_2019-11-22,DISTRIBUTION,0,cache/market.json.gz; B3,0.0,215.5491113972425,,,
V0,2019-11-28,03220438000173,EQTL3,317.5669144131393,1587.8345720656964,CONT_1110_EQTL3_2019-11-28,SHARES,0,cache/market.json.gz; B3,0.0,0.0,,,
V0,2019-12-02,60872504000123,ITUB4,842.9380620207197,843.2964540538918,ITUB4_2019-12-02_DISTRIBUTION_210,DISTRIBUTION,0,cache/market.json.gz; SQLite corporate_actions/B3,0.0,12.644070930310795,,,
V0,2019-12-03,60746948000112,BBDC4,855.7728047269388,856.254791236796,BBDC4_2019-12-03_DISTRIBUTION_607,DISTRIBUTION,0,https://www.bradescori.com.br/informacoes-ao-mercado/remuneracao-aos-acionistas/,0.0,16.238125517087962,,,
V0,2019-12-03,02474103000119,TBLE3,668.7114382418505,690.9457553027355,TBLE3_2019-12-03_DISTRIBUTION_354;TBLE3_2019-12-03_DISTRIBUTION_355,DISTRIBUTION,0,cache/market.json.gz; SQLite corporate_actions/B3,0.0,1022.3338984594932,,,
V0,2019-12-12,00000000000191,BBAS3,601.3854459918966,603.5516386171304,CONT_210_BBAS3_2019-12-12,DISTRIBUTION,0,cache/market.json.gz; B3,0.0,105.94848130018033,,,
V0,2019-12-13,60872504000123,ITUB4,847.8939555582556,848.7710389229146,ITUB4_2019-12-13_DISTRIBUTION_209,DISTRIBUTION,0,cache/market.json.gz; SQLite corporate_actions/B3,0.0,31.846896970768082,,,
V0,2019-12-16,02998611000104,TRPL4,1281.0708416763948,1290.3818716184353,CONT_1386_TRPL4_2019-12-16,DISTRIBUTION,0,cache/market.json.gz; B3,0.0,209.6843942947506,,,
V0,2019-12-20,60746948000112,BBDC4,856.254791236796,869.5392774722106,BBDC4_2019-12-20_DISTRIBUTION_608,DISTRIBUTION,0,https://www.bradescori.com.br/informacoes-ao-mercado/remuneracao-aos-acionistas/,0.0,474.1233137419481,,,
V0,2019-12-26,17155730000164,CMIG4,2057.384853955799,2098.609544579864,CMIG4_2019-12-26_DISTRIBUTION_647,DISTRIBUTION,0,https://api.mziq.com/mzfilemanager/v2/d/716a131f-9624-452c-9088-0cd6983c1349/a2eb9f5f-37e1-8913-c1eb-c4281b5e23b2?origin=2,0.0,564.366014643452,,,
V0,2019-12-26,76483817000120,CPLE6,598.2806541777464,620.3486869645234,CONT_916_CPLE6_2019-12-26,DISTRIBUTION,0,cache/market.json.gz; B3,0.0,1475.910032779643,,,
V0,2020-01-02,28195667000106,ABCB4,1619.5929893939394,1658.7663961817436,CONT_17_ABCB4_2020-01-02,DISTRIBUTION,0,cache/market.json.gz; B3,0.0,795.2201577924243,,,
V0,2020-01-02,03983431000103,ENBR3,1557.1440664629424,1584.8761368580808,CONT_1102_ENBR3_2020-01-02,DISTRIBUTION,0,cache/market.json.gz; B3,0.0,607.6096623574823,,,
V0,2020-01-02,60872504000123,ITUB4,848.7710389229146,849.1058158249352,ITUB4_2020-01-02_DISTRIBUTION_208,DISTRIBUTION,0,cache/market.json.gz; SQLite corporate_actions/B3,0.0,12.731565583843718,,,
V0,2020-01-02,02558157000162,VIVT4,588.1190950107865,596.5971425537725,CONT_2774_VIVT4_2020-01-02;CONT_2775_VIVT4_2020-01-02,DISTRIBUTION,0,cache/market.json.gz; B3,0.0,485.02909993422816,,,
V0,2020-01-02,76484013000145,SAPR4,2007.7409519139733,2039.1448915097585,CONT_2234_SAPR4_2020-01-02,DISTRIBUTION,0,cache/market.json.gz; B3,0.0,642.2105647338076,,,
V0,2020-01-03,60746948000112,BBDC4,874.9843237554701,875.4269433348157,BBDC4_2020-01-03_DISTRIBUTION_580,DISTRIBUTION,0,https://www.bradescori.com.br/informacoes-ao-mercado/remuneracao-aos-acionistas/,0.0,16.602660421254207,,,
V0,2020-01-20,02558115000121,TIMP3,2590.347764643414,2606.6233893777844,TIMP_GROSS_2020-01-20,DISTRIBUTION,0,research/graham_v6_comparison/audit_v13_inputs/documents/TIM_DIV.html.gz,0.0,265.1299269228937,,,
V0,2020-02-03,60872504000123,ITUB4,855.1980741549439,855.5879820914887,ITUB4_2020-02-03_DISTRIBUTION_207,DISTRIBUTION,0,cache/market.json.gz; SQLite corporate_actions/B3,0.0,12.827971112324159,,,
V0,2020-02-04,60746948000112,BBDC4,887.298233627778,887.8068836129479,BBDC4_2020-02-04_DISTRIBUTION_582,DISTRIBUTION,0,https://www.bradescori.com.br/informacoes-ao-mercado/remuneracao-aos-acionistas/,0.0,16.836314509124463,,,
V0,2020-02-14,17344597000194,BBSE3,908.5018353744354,958.5217209168391,CONT_267_BBSE3_2020-02-14,DISTRIBUTION,0,cache/market.json.gz; B3,0.0,1724.6856535020786,,,
V0,2020-02-18,60746948000112,BBDC4,887.8068836129479,889.579600560713,BBDC4_2020-02-18_DISTRIBUTION_581,DISTRIBUTION,0,https://www.bradescori.com.br/informacoes-ao-mercado/remuneracao-aos-acionistas/,0.0,56.851032514826336,,,
V0,2020-02-21,60872504000123,ITUB4,869.0255171690997,895.79565144493,ITUB4_2020-02-21_DISTRIBUTION_205;ITUB4_2020-02-21_DISTRIBUTION_206,DISTRIBUTION,0,cache/market.json.gz; SQLite corporate_actions/B3,0.0,874.8479881341326,,,
V0,2020-02-26,00000000000191,BBAS3,614.8269413512623,620.7928210694115,CONT_208_BBAS3_2020-02-26;CONT_209_BBAS3_2020-02-26,DISTRIBUTION,0,cache/market.json.gz; B3,0.0,269.83673965188444,,,
V0,2020-03-02,60872504000123,ITUB4,895.79565144493,896.217136224468,ITUB4_2020-03-02_DISTRIBUTION_204,DISTRIBUTION,0,cache/market.json.gz; SQLite corporate_actions/B3,0.0,13.436934771673949,,,
V0,2020-03-02,02558157000162,VIVT4,597.9305886454583,599.7195266473152,CONT_2773_VIVT4_2020-03-02,DISTRIBUTION,0,cache/market.json.gz; B3,0.0,98.62415204236744,,,
V0,2020-03-03,60746948000112,BBDC4,901.0489024591054,901.6165396046506,BBDC4_2020-03-03_DISTRIBUTION_583,DISTRIBUTION,0,https://www.bradescori.com.br/informacoes-ao-mercado/remuneracao-aos-acionistas/,0.0,17.097230823821153,,,
V0,2020-03-11,92702067000196,BRSR6,1394.1640804890417,1415.6759050335152,CONT_670_BRSR6_2020-03-11,DISTRIBUTION,0,cache/market.json.gz; B3,0.0,344.1891927115771,,,
V0,2020-03-12,00000000000191,BBAS3,626.2529504048011,629.8886349031466,CONT_207_BBAS3_2020-03-12,DISTRIBUTION,0,cache/market.json.gz; B3,0.0,113.61514057329519,,,
V0,2020-03-30,76484013000145,SAPR4,2039.1448915097585,6117.434674529275,CONT_2193_SAPR4_2020-03-30,SHARES,0,cache/market.json.gz; B3,0.0,0.0,,,
V0,2020-04-01,03983431000103,ENBR3,1588.2998235958507,1608.2060752544771,CONT_1101_ENBR3_2020-04-01,DISTRIBUTION,0,cache/market.json.gz; B3,0.0,308.5469007087105,,,
V0,2020-04-01,60872504000123,ITUB4,905.5153121207026,906.1500191151797,ITUB4_2020-04-01_DISTRIBUTION_203,DISTRIBUTION,0,cache/market.json.gz; SQLite corporate_actions/B3,0.0,13.582729681810537,,,
V0,2020-04-01,02149205000169,PSSA3,565.900040569042,578.8830947511988,CONT_2146_PSSA3_2020-04-01,DISTRIBUTION,0,cache/market.json.gz; B3,0.0,557.3625160399919,,,
V0,2020-04-01,02558157000162,VIVT4,600.5532601183414,601.6297766150947,CONT_2772_VIVT4_2020-04-01,DISTRIBUTION,0,cache/market.json.gz; B3,0.0,55.031523314022984,,,
V0,2020-04-02,60746948000112,BBDC4,916.287657806792,917.159155716363,BBDC4_2020-04-02_DISTRIBUTION_584,DISTRIBUTION,0,https://www.bradescori.com.br/informacoes-ao-mercado/remuneracao-aos-acionistas/,0.0,17.386383295941236,,,
V0,2020-04-14,60746948000112,BBDC4,917.159155716363,1008.8750712879994,BBDC4_2020-04-14_SHARES_672,SHARES,0,originals/bradesco_remuneracao.html.gz; owned_capital_events_fre.json; SEC 6K 20150317/20160404/20180319/20200403,0.0,0.0,,,
V0,2020-04-17,02998611000104,TRPL4,1338.5074876460437,1354.4886086513432,CONT_1385_TRPL4_2020-04-17,DISTRIBUTION,0,cache/market.json.gz; B3,0.0,305.3992224112719,,,
V0,2020-04-29,43776517000180,SBSP3,610.6699080911088,631.0606251046677,CONT_2259_SBSP3_2020-04-29,DISTRIBUTION,0,cache/market.json.gz; B3,0.0,840.7092624690296,,,
V0,2020-05-04,60872504000123,ITUB4,915.9873717702967,916.615046990788,ITUB4_2020-05-04_DISTRIBUTION_202,DISTRIBUTION,0,cache/market.json.gz; SQLite corporate_actions/B3,0.0,13.73981057655445,,,
V0,2020-05-05,60746948000112,BBDC4,1026.99490081631,1028.0597659576742,BBDC4_2020-05-05_DISTRIBUTION_585,DISTRIBUTION,0,https://www.bradescori.com.br/informacoes-ao-mercado/remuneracao-aos-acionistas/,0.0,19.487032086963428,,,
V0,2020-05-29,02558157000162,VIVT4,601.6297766150947,618.7479269327649,CONT_2771_VIVT4_2020-05-29,DISTRIBUTION,0,cache/market.json.gz; B3,0.0,806.949605974978,,,
V0,2020-06-01,60872504000123,ITUB4,927.8334134307627,928.4216425601567,ITUB4_2020-06-01_DISTRIBUTION_201,DISTRIBUTION,0,cache/market.json.gz; SQLite corporate_actions/B3,0.0,13.91750120146144,,,
V0,2020-06-02,60746948000112,BBDC4,1044.2599730006568,1045.2185909752109,BBDC4_2020-06-02_DISTRIBUTION_586,DISTRIBUTION,0,https://www.bradescori.com.br/informacoes-ao-mercado/remuneracao-aos-acionistas/,0.0,19.81463353403262,,,
V0,2020-06-10,92702067000196,BRSR6,1511.0811240896978,1530.212381695619,CONT_669_BRSR6_2020-06-10,DISTRIBUTION,0,cache/market.json.gz; B3,0.0,272.2377957322566,,,
V0,2020-06-30,02149205000169,PSSA3,578.8830947511988,585.735061108313,CONT_2145_PSSA3_2020-06-30,DISTRIBUTION,0,cache/market.json.gz; B3,0.0,345.47614372569944,,,
V0,2020-07-01,60872504000123,ITUB4,957.4611620157975,958.0114270514388,ITUB4_2020-07-01_DISTRIBUTION_200,DISTRIBUTION,0,cache/market.json.gz; SQLite corporate_actions/B3,0.0,14.361917430236963,,,
V0,2020-07-01,02558157000162,VIVT4,507.3368014428908,513.1383397424497,CONT_2732_VIVT4_2020-07-01,DISTRIBUTION,0,https://api.mziq.com/mzfilemanager/v2/d/24165f81-24d6-4648-bf9f-66712905d5a2/34b95df5-e8c3-6d48-b667-42e740e0df5e?origin=2,0.0,278.9379614427902,,,
V0,2020-07-01,76484013000145,SAPR4,3880.1570976595617,3944.20114599336,CONT_2731_SAPR4_2020-07-01,DISTRIBUTION,0,https://ri.sanepar.com.br/docs/Sanepar-2025-12-18-cW6NmzgB.pdf,0.0,398.9944211195635,,,
V0,2020-07-02,60746948000112,BBDC4,1177.1684334928525,1178.2215474101724,BBDC4_2020-07-02_DISTRIBUTION_587,DISTRIBUTION,0,https://www.bradescori.com.br/informacoes-ao-mercado/remuneracao-aos-acionistas/,0.0,22.336546186356077,,,
V0,2020-07-07,02998611000104,TRPL4,1165.3460819369702,1173.7683155344816,CONT_1384_TRPL4_2020-07-07,DISTRIBUTION,0,cache/market.json.gz; B3,0.0,176.86690554773784,,,
V0,2020-07-14,33376989000191,IRBR3,2328.9586318404627,2544.9587445858297,IRBR_RIGHT_REALIZE_20200714;IRBR_RIGHT_20200714,RIGHT;RIGHT_REINVEST,0,COTAHIST first negotiated close;https://mz-prod-cvm.s3.amazonaws.com/24180/IPE/2020/07c8e745-6838-42ce-a258-76ed0a75a731/20200709223717127593_24180_775149.pdf,0.0,0.0,,,
V0,2020-07-20,03220438000173,EQTL3,1049.4137197804498,1063.2317907234467,CONT_1120_EQTL3_2020-07-20,DISTRIBUTION,0,cache/market.json.gz; B3,0.0,335.77912391482687,,,
V0,2020-08-03,17155730000164,CMIG4,2215.337993837796,2355.376405376518,CMIG4_2020-08-03_DISTRIBUTION_648;CMIG4_2020-08-03_SHARES_677,DISTRIBUTION;SHARES,0,https://api.mziq.com/mzfilemanager/v2/d/716a131f-9624-452c-9088-0cd6983c1349/a2eb9f5f-37e1-8913-c1eb-c4281b5e23b2?origin=2;https://api.mziq.com/mzfilemanager/v2/d/716a131f-9624-452c-9088-0cd6983c1349/a2eb9f5f-37e1-8913-c1eb-c4281b5e23b2?origin=2; owned_capital_events_fre.json; B3 2024-04-29,0.0,553.2769831769128,,,
V0,2020-08-03,60872504000123,ITUB4,958.0114270514388,958.5381928654333,ITUB4_2020-08-03_DISTRIBUTION_199,DISTRIBUTION,0,cache/market.json.gz; SQLite corporate_actions/B3,0.0,14.37017140577158,,,
V0,2020-08-03,02998609000127,TIET4,8015.5876885862,8150.603275570407,CONT_2570_TIET4_2020-08-03,DISTRIBUTION,0,cache/market.json.gz; B3,0.0,391.54520225420055,,,
V0,2020-08-04,60746948000112,BBDC4,1178.2215474101724,1179.2508535253562,BBDC4_2020-08-04_DISTRIBUTION_588,DISTRIBUTION,0,https://www.bradescori.com.br/informacoes-ao-mercado/remuneracao-aos-acionistas/,0.0,22.356528821792466,,,
V0,2020-08-07,90400888000142,SANB4,1720.8885904973836,1733.189101807195,CONT_2295_SANB4_2020-08-07,DISTRIBUTION,0,cache/market.json.gz; B3,0.0,186.22974123054294,,,
V0,2020-08-10,02474103000119,TBLE3,578.9352951604192,589.547708589044,TBLE3_2020-08-10_DISTRIBUTION_353,DISTRIBUTION,0,cache/market.json.gz; SQLite corporate_actions/B3,0.0,480.84845245099035,,,
V0,2020-08-11,02998609000127,TIET4,8291.135139156271,8480.886209385308,CONT_2569_TIET4_2020-08-11,DISTRIBUTION,0,cache/market.json.gz; B3,0.0,552.1756143664982,,,
V0,2020-08-13,28195667000106,ABCB4,1769.5661139625608,1790.7252651129588,CONT_16_ABCB4_2020-08-13,DISTRIBUTION,0,cache/market.json.gz; B3,0.0,280.78193576578184,,,
V0,2020-08-13,17344597000194,BBSE3,897.6213952663878,926.6120928731485,CONT_2559_BBSE3_2020-08-13,DISTRIBUTION,0,BBSE_DIV,0.0,785.6479051432143,,,
V0,2020-08-17,33376989000191,IRBR3,2697.303167008357,2708.500409269729,CONT_1352_IRBR3_2020-08-17;CONT_1353_IRBR3_2020-08-17,DISTRIBUTION,0,cache/market.json.gz; B3,0.0,83.6433996924506,,,
V0,2020-08-18,60872504000123,ITUB4,958.5381928654333,960.6300522054738,ITUB4_2020-08-18_DISTRIBUTION_198,DISTRIBUTION,0,cache/market.json.gz; SQLite corporate_actions/B3,0.0,50.70667040258142,,,
V0,2020-08-24,00000000000191,BBAS3,757.9280427154603,767.9473376714408,CONT_205_BBAS3_2020-08-24;CONT_206_BBAS3_2020-08-24,DISTRIBUTION,0,cache/market.json.gz; B3,0.0,335.14541627754926,,,
V0,2020-09-01,60872504000123,ITUB4,960.6300522054738,961.2220592220343,ITUB4_2020-09-01_DISTRIBUTION_197,DISTRIBUTION,0,cache/market.json.gz; SQLite corporate_actions/B3,0.0,14.409450783082107,,,
V0,2020-09-02,60746948000112,BBDC4,1179.2508535253562,1180.3103260494438,BBDC4_2020-09-02_DISTRIBUTION_589,DISTRIBUTION,0,https://www.bradescori.com.br/informacoes-ao-mercado/remuneracao-aos-acionistas/,0.0,22.376059708730608,,,
V0,2020-09-14,00000000000191,BBAS3,767.9473376714408,770.3884139314446,CONT_204_BBAS3_2020-09-14,DISTRIBUTION,0,cache/market.json.gz; B3,0.0,78.99322777372457,,,
V0,2020-09-28,17155730000164,CMIG4,2355.376405376518,2373.6288620646233,CMIG4_2020-09-28_DISTRIBUTION_649,DISTRIBUTION,0,https://api.mziq.com/mzfilemanager/v2/d/716a131f-9624-452c-9088-0cd6983c1349/a2eb9f5f-37e1-8913-c1eb-c4281b5e23b2?origin=2,0.0,186.17505821867266,,,
V0,2020-09-29,02558157000162,VIVT4,514.4054428439945,519.0849855000234,CONT_2733_VIVT4_2020-09-29,DISTRIBUTION,0,https://api.mziq.com/mzfilemanager/v2/d/24165f81-24d6-4648-bf9f-66712905d5a2/34b95df5-e8c3-6d48-b667-42e740e0df5e?origin=2,0.0,204.2620369356636,,,
V0,2020-10-01,60872504000123,ITUB4,970.0473800672592,970.693503988263,ITUB4_2020-10-01_DISTRIBUTION_196,DISTRIBUTION,0,cache/market.json.gz; SQLite corporate_actions/B3,0.0,14.550710701008887,,,
V0,2020-10-02,60746948000112,BBDC4,1182.7863143995858,1183.9290406930454,BBDC4_2020-10-02_DISTRIBUTION_590,DISTRIBUTION,0,https://www.bradescori.com.br/informacoes-ao-mercado/remuneracao-aos-acionistas/,0.0,22.44314440354609,,,
V0,2020-10-13,02558115000121,TIMP3,1726.7914161808842,0,CONT_2860_TIMP3_2020-10-13,CONVERSION,0,https://api.mziq.com/mzfilemanager/v2/d/4c4aa51f-1235-4aa1-8b83-adc92e8dacc3/403d4da4-118d-4b76-8663-e709c19a141d?origin=1;https://api.mziq.com/mzfilemanager/v2/d/4c4aa51f-1235-4aa1-8b83-adc92e8dacc3/5e0de946-852c-4d28-ad6e-ef5d86e4fec5?origin=2;https://conteudo.cvm.gov.br/decisoes/2021/20210511_R1.html,0.0,0.0,,,
V0,2020-10-13,02558115000121,TIMS3,0,1726.7914161808842,CONT_2860_TIMP3_2020-10-13,CONVERSION,0,https://api.mziq.com/mzfilemanager/v2/d/4c4aa51f-1235-4aa1-8b83-adc92e8dacc3/403d4da4-118d-4b76-8663-e709c19a141d?origin=1;https://api.mziq.com/mzfilemanager/v2/d/4c4aa51f-1235-4aa1-8b83-adc92e8dacc3/5e0de946-852c-4d28-ad6e-ef5d86e4fec5?origin=2;https://conteudo.cvm.gov.br/decisoes/2021/20210511_R1.html,0.0,0.0,,,
V0,2020-10-20,02558115000121,TIMS3,1726.7914161808842,1754.5684060533836,CONT_2734_TIMS3_2020-10-20,DISTRIBUTION,0,https://api.mziq.com/mzfilemanager/v2/d/4c4aa51f-1235-4aa1-8b83-adc92e8dacc3/f254c76d-5442-4947-aad9-e2816de7e7d3?origin=2;https://api.mziq.com/mzfilemanager/v2/d/4c4aa51f-1235-4aa1-8b83-adc92e8dacc3/be78844f-4634-42c0-ae1c-a18bd2d7782e?origin=2,0.0,356.65654996289214,,,
V0,2020-11-03,60872504000123,ITUB4,980.9240904390824,981.536147899839,ITUB4_2020-11-03_DISTRIBUTION_195,DISTRIBUTION,0,cache/market.json.gz; SQLite corporate_actions/B3,0.0,14.713861356586236,,,
V0,2020-11-03,02149205000169,PSSA3,483.2881113308617,488.8946187460345,CONT_2735_PSSA3_2020-11-03,DISTRIBUTION,0,https://api.mziq.com/mzfilemanager/v2/d/b77a3922-d280-4451-b3ee-0afec4577834/f9e62720-e79a-1676-864d-2a184a052c0f?origin=2;https://api.mziq.com/mzfilemanager/v2/d/b77a3922-d280-4451-b3ee-0afec4577834/493a6ff0-1341-22f7-1a72-d9896b29432f?origin=2,0.0,270.4579177079377,,,
V0,2020-11-04,60746948000112,BBDC4,1183.9290406930454,1185.015347628089,BBDC4_2020-11-04_DISTRIBUTION_591,DISTRIBUTION,0,https://www.bradescori.com.br/informacoes-ao-mercado/remuneracao-aos-acionistas/,0.0,22.464827416703763,,,
V0,2020-11-05,02998611000104,TRPL4,1173.7683155344816,1198.2516782471855,CONT_1383_TRPL4_2020-11-05,DISTRIBUTION,0,cache/market.json.gz; B3,0.0,612.8185686989751,,,
V0,2020-11-05,90400888000142,SANB4,1733.189101807195,1747.2284299311773,CONT_2294_SANB4_2020-11-05,DISTRIBUTION,0,cache/market.json.gz; B3,0.0,243.58234295109506,,,
V0,2020-11-11,02998609000127,TIET4,8480.886209385308,8569.331473759874,CONT_2568_TIET4_2020-11-11,DISTRIBUTION,0,cache/market.json.gz; B3,0.0,276.8336774923911,,,
V0,2020-11-17,00000000000191,BBAS3,773.490887209247,777.8960250211331,CONT_203_BBAS3_2020-11-17,DISTRIBUTION,0,cache/market.json.gz; B3,0.0,150.65571316650573,,,
V0,2020-11-23,02558157000162,VIVT3,0,525.2996191763059,CONT_2861_VIVT4_2020-11-23,CONVERSION,0,https://s3.glbimg.com/v1/AUTH_63b422c2caee4269b8b34177e8876b93/valorri-uploads/bs/2021/f/6/GkGOxJRVyK8BsXNSui3Q/telefonica-1-.pdf,0.0,0.0,,,
V0,2020-11-23,02558157000162,VIVT4,525.2996191763059,0,CONT_2861_VIVT4_2020-11-23,CONVERSION,0,https://s3.glbimg.com/v1/AUTH_63b422c2caee4269b8b34177e8876b93/valorri-uploads/bs/2021/f/6/GkGOxJRVyK8BsXNSui3Q/telefonica-1-.pdf,0.0,0.0,,,
V0,2020-11-30,02558157000162,VIVT3,525.2996191763059,528.0805027337725,CONT_2736_VIVT3_2020-11-30,DISTRIBUTION,0,https://api.mziq.com/mzfilemanager/v2/d/24165f81-24d6-4648-bf9f-66712905d5a2/34b95df5-e8c3-6d48-b667-42e740e0df5e?origin=2,0.0,124.44453919663283,,,
V0,2020-12-01,60872504000123,ITUB4,981.536147899839,982.0310400752506,ITUB4_2020-12-01_DISTRIBUTION_194,DISTRIBUTION,0,cache/market.json.gz; SQLite corporate_actions/B3,0.0,14.723042218497584,,,
V0,2020-12-02,60746948000112,BBDC4,1185.015347628089,1185.8828414507477,BBDC4_2020-12-02_DISTRIBUTION_592,DISTRIBUTION,0,https://www.bradescori.com.br/informacoes-ao-mercado/remuneracao-aos-acionistas/,0.0,22.485439883311592,,,
V0,2020-12-11,92702067000196,BRSR6,1855.3414640170706,1868.9317608397919,CONT_668_BRSR6_2020-12-11,DISTRIBUTION,0,cache/market.json.gz; B3,0.0,190.5359614545507,,,
V0,2020-12-11,60872504000123,ITUB4,982.0310400752506,984.0377718747143,ITUB4_2020-12-11_DISTRIBUTION_193,DISTRIBUTION,0,cache/market.json.gz; SQLite corporate_actions/B3,0.0,62.810705323213035,,,
V0,2020-12-14,00000000000191,BBAS3,777.8960250211331,780.2597115960383,CONT_202_BBAS3_2020-12-14,DISTRIBUTION,0,cache/market.json.gz; B3,0.0,91.00193313384767,,,
V0,2020-12-15,02998609000127,TIET4,8569.331473759874,8616.253961442662,CONT_2567_TIET4_2020-12-15,DISTRIBUTION,0,cache/market.json.gz; B3,0.0,152.96730984589118,,,
V0,2020-12-17,02998611000104,TRPL4,1198.2516782471855,1234.274452650066,CONT_1381_TRPL4_2020-12-17;CONT_1382_TRPL4_2020-12-17,DISTRIBUTION,0,cache/market.json.gz; B3,0.0,1003.594494864252,,,
V0,2020-12-21,02474103000119,TBLE3,592.0173706404503,604.1848941912291,TBLE3_2020-12-21_DISTRIBUTION_351;TBLE3_2020-12-21_DISTRIBUTION_352,DISTRIBUTION,0,cache/market.json.gz; SQLite corporate_actions/B3,0.0,529.2872744588781,,,
V0,2020-12-21,02558115000121,TIMS3,1794.0199899841998,1824.3019139263995,CONT_2737_TIMS3_2020-12-21,DISTRIBUTION,0,https://api.mziq.com/mzfilemanager/v2/d/4c4aa51f-1235-4aa1-8b83-adc92e8dacc3/c586e22e-1cf8-403d-8731-dc96ab412253?origin=2;https://api.mziq.com/mzfilemanager/v2/d/4c4aa51f-1235-4aa1-8b83-adc92e8dacc3/620d660d-c87e-4aec-b107-f541814149da?origin=2,0.0,432.1230546551884,,,
V0,2020-12-29,60746948000112,BBDC4,1185.8828414507477,1203.7711646152636,BBDC4_2020-12-29_DISTRIBUTION_593,DISTRIBUTION,0,https://www.bradescori.com.br/informacoes-ao-mercado/remuneracao-aos-acionistas/,0.0,492.4655367191224,,,
V0,2020-12-29,76483817000120,CPLE6,404.97644222435343,422.2316690125823,CONT_915_CPLE6_2020-12-29,DISTRIBUTION,0,cache/market.json.gz; B3,0.0,1255.4903011115307,,,
V0,2020-12-29,02558157000162,VIVT3,532.0695142443203,542.2499307339116,CONT_2738_VIVT3_2020-12-29;CONT_2739_VIVT3_2020-12-29,DISTRIBUTION,0,https://api.mziq.com/mzfilemanager/v2/d/24165f81-24d6-4648-bf9f-66712905d5a2/34b95df5-e8c3-6d48-b667-42e740e0df5e?origin=2,0.0,460.15482532952745,,,
V0,2020-12-30,92702067000196,BRSR6,1868.9317608397919,1875.2046513547757,CONT_667_BRSR6_2020-12-30,DISTRIBUTION,0,cache/market.json.gz; B3,0.0,91.39601480331378,,,
V0,2021-01-04,92702067000196,BRSR6,1875.2046513547757,1885.3235776713882,CONT_666_BRSR6_2021-01-04,DISTRIBUTION,0,cache/market.json.gz; B3,0.0,146.72443159088223,,,
V0,2021-01-04,17155730000164,CMIG4,2373.6288620646233,2421.560295408708,CMIG4_2021-01-04_DISTRIBUTION_650,DISTRIBUTION,0,https://api.mziq.com/mzfilemanager/v2/d/716a131f-9624-452c-9088-0cd6983c1349/a2eb9f5f-37e1-8913-c1eb-c4281b5e23b2?origin=2,0.0,677.7504674853565,,,
V0,2021-01-04,60872504000123,ITUB4,984.0377718747143,984.5154601134884,ITUB4_2021-01-04_DISTRIBUTION_192,DISTRIBUTION,0,cache/market.json.gz; SQLite corporate_actions/B3,0.0,14.760566578120713,,,
V0,2021-01-04,76484013000145,SAPR4,4326.322477615774,4412.895513522116,CONT_2740_SAPR4_2021-01-04,DISTRIBUTION,0,https://ri.sanepar.com.br/docs/Sanepar-2025-12-18-cW6NmzgB.pdf,0.0,430.26798845451987,,,
V0,2021-01-05,60746948000112,BBDC4,1203.7711646152636,1204.6413104411029,BBDC4_2021-01-05_DISTRIBUTION_564,DISTRIBUTION,0,https://www.bradescori.com.br/informacoes-ao-mercado/remuneracao-aos-acionistas/,0.0,22.841327928282183,,,
V0,2021-01-05,03983431000103,ENBR3,1403.071676816475,1422.9973916684814,CONT_2385_ENBR3_2021-01-05,DISTRIBUTION,0,EDP_RI;EDP_APR2023,0.0,380.58115367332243,,,
V0,2021-01-07,28195667000106,ABCB4,1827.2437023114849,1865.2922613314993,CONT_15_ABCB4_2021-01-07,DISTRIBUTION,0,cache/market.json.gz; B3,0.0,617.908598485034,,,
V0,2021-01-07,01083200000118,NEOE3,1336.3264248323437,1353.3644580645218,CONT_2057_NEOE3_2021-01-07,DISTRIBUTION,0,cache/market.json.gz; B3,0.0,293.56531259042725,,,
V0,2021-01-11,90400888000142,SANB4,1747.2284299311773,1754.2639303917224,CONT_2293_SANB4_2021-01-11,DISTRIBUTION,0,cache/market.json.gz; B3,0.0,163.29396568925006,,,
V0,2021-01-26,60872504000123,ITUB4,984.5154601134884,986.2635413693926,ITUB4_2021-01-26_DISTRIBUTION_191,DISTRIBUTION,0,cache/market.json.gz; SQLite corporate_actions/B3,0.0,49.383295479292585,,,
V0,2021-02-01,60872504000123,ITUB4,986.2635413693926,986.7722742827536,ITUB4_2021-02-01_DISTRIBUTION_190,DISTRIBUTION,0,cache/market.json.gz; SQLite corporate_actions/B3,0.0,14.793953120540888,,,
V0,2021-02-02,60746948000112,BBDC4,1204.6413104411029,1205.5508941569456,BBDC4_2021-02-02_DISTRIBUTION_565,DISTRIBUTION,0,https://www.bradescori.com.br/informacoes-ao-mercado/remuneracao-aos-acionistas/,0.0,22.85783877912963,,,
V0,2021-02-12,17344597000194,BBSE3,936.1831353876544,952.0527104152862,CONT_2558_BBSE3_2021-02-12,DISTRIBUTION,0,BBSE_DIV,0.0,444.50679652396894,,,
V0,2021-02-17,90400888000142,SANB4,1754.2639303917224,1760.1940073152846,CONT_2292_SANB4_2021-02-17,DISTRIBUTION,0,cache/market.json.gz; B3,0.0,126.2513377026379,,,
V0,2021-02-18,60746948000112,BBDC4,1205.5508941569456,1206.6069626929673,BBDC4_2021-02-18_DISTRIBUTION_566,DISTRIBUTION,0,https://www.bradescori.com.br/informacoes-ao-mercado/remuneracao-aos-acionistas/,0.0,26.306667232301756,,,
V0,2021-02-23,00000000000191,BBAS3,780.7639292102,791.9471889539792,CONT_200_BBAS3_2021-02-23;CONT_201_BBAS3_2021-02-23,DISTRIBUTION,0,cache/market.json.gz; B3,0.0,340.3065940032024,,,
V0,2021-02-26,60872504000123,ITUB4,986.7722742827536,992.4490921410707,ITUB4_2021-02-26_DISTRIBUTION_188;ITUB4_2021-02-26_DISTRIBUTION_189,DISTRIBUTION,0,cache/market.json.gz; SQLite corporate_actions/B3,0.0,145.04269627999912,,,
V0,2021-02-26,02998611000104,TRPL4,1234.274452650066,1275.9069947274957,CONT_1380_TRPL4_2021-02-26,DISTRIBUTION,0,cache/market.json.gz; B3,0.0,995.0177556505665,,,
V0,2021-03-01,60872504000123,ITUB4,992.4490921410707,993.050090783869,ITUB4_2021-03-01_DISTRIBUTION_187,DISTRIBUTION,0,cache/market.json.gz; SQLite corporate_actions/B3,0.0,14.886736382116059,,,
V0,2021-03-01,02558157000162,VIVT3,549.2551769912295,550.3825464749527,CONT_2741_VIVT3_2021-03-01,DISTRIBUTION,0,https://api.mziq.com/mzfilemanager/v2/d/24165f81-24d6-4648-bf9f-66712905d5a2/34b95df5-e8c3-6d48-b667-42e740e0df5e?origin=2,0.0,48.82637234005013,,,
V0,2021-03-02,60746948000112,BBDC4,1206.6069626929673,1207.610255272072,BBDC4_2021-03-02_DISTRIBUTION_567,DISTRIBUTION,0,https://www.bradescori.com.br/informacoes-ao-mercado/remuneracao-aos-acionistas/,0.0,22.89513665516918,,,
V0,2021-03-02,02998609000127,TIET4,8616.253961442662,8627.17360340511,CONT_2566_TIET4_2021-03-02,DISTRIBUTION,0,cache/market.json.gz; B3,0.0,34.28767576208608,,,
V0,2021-03-08,92702067000196,BRSR6,1905.0752430663183,1941.0457275988,CONT_665_BRSR6_2021-03-08,DISTRIBUTION,0,cache/market.json.gz; B3,0.0,433.44433861640533,,,
V0,2021-03-12,00000000000191,BBAS3,797.6584942970034,801.5328348766278,CONT_199_BBAS3_2021-03-12,DISTRIBUTION,0,cache/market.json.gz; B3,0.0,116.23021738873376,,,
V0,2021-03-12,76483817000120,CPLE6,422.2316690125823,4222.316690125823,CPLE6_SPLIT_20210312,SHARES,0,CPLE_RI; B3; same capital event as frozen CPLE3 v12,0.0,0.0,,,
V0,2021-03-26,60872504000123,ITUB4,993.050090783869,994.8416139971678,ITUB4_2021-03-26_DISTRIBUTION_186,DISTRIBUTION,0,cache/market.json.gz; SQLite corporate_actions/B3,0.0,50.288056597295125,,,
V0,2021-03-29,02998609000127,AESB3,0,1725.434720681022,TIET_AESB_20210329_TIET4,CONVERSION,0,https://s3.glbimg.com/v1/AUTH_63b422c2caee4269b8b34177e8876b93/valorri-uploads/bs/2022/L/V/FifA9TTYS7Ll9x2AUc4A/aes-brasil-15607669-05032022-certificado.pdf; reorganization; COTAHIST,0.0,0.0,,,
V0,2021-03-29,02998609000127,TIET4,8627.17360340511,0,TIET_AESB_20210329_TIET4,CONVERSION,0,https://s3.glbimg.com/v1/AUTH_63b422c2caee4269b8b34177e8876b93/valorri-uploads/bs/2022/L/V/FifA9TTYS7Ll9x2AUc4A/aes-brasil-15607669-05032022-certificado.pdf; reorganization; COTAHIST,0.0,0.0,,,
V0,2021-03-31,02998611000104,TRPL4,1275.9069947274957,1316.00094904539,CONT_1379_TRPL4_2021-03-31,DISTRIBUTION,0,cache/market.json.gz; B3,0.0,1015.5798628722605,,,
V0,2021-04-01,28195667000106,ABCB4,1865.2922613314993,1893.570357535315,CONT_14_ABCB4_2021-04-01,DISTRIBUTION,0,cache/market.json.gz; B3,0.0,397.30725166360935,,,
V0,2021-04-01,76483817000120,CPLE6,4222.316690125823,4287.9350897539725,CONT_913_CPLE6_2021-04-01;CONT_914_CPLE6_2021-04-01,DISTRIBUTION,0,cache/market.json.gz; B3,0.0,417.3330216350321,,,
V0,2021-04-01,60872504000123,ITUB4,994.8416139971678,995.3922643370186,ITUB4_2021-04-01_DISTRIBUTION_185,DISTRIBUTION,0,cache/market.json.gz; SQLite corporate_actions/B3,0.0,14.922624209957515,,,
V0,2021-04-01,02149205000169,PSSA3,506.9174721956183,525.5151299292697,CONT_2742_PSSA3_2021-04-01;CONT_2743_PSSA3_2021-04-01;CONT_2744_PSSA3_2021-04-01,DISTRIBUTION,0,https://api.mziq.com/mzfilemanager/v2/d/b77a3922-d280-4451-b3ee-0afec4577834/493a6ff0-1341-22f7-1a72-d9896b29432f?origin=2;https://api.mziq.com/mzfilemanager/v2/d/b77a3922-d280-4451-b3ee-0afec4577834/493a6ff0-1341-22f7-1a72-d9896b29432f?origin=2;https://api.mziq.com/mzfilemanager/v2/d/b77a3922-d280-4451-b3ee-0afec4577834/41759930-edbb-5e54-ff18-92877b91d282?origin=2,0.0,832.9890898902465,,,
V0,2021-04-01,02558157000162,VIVT3,551.0172013434826,553.0157731481462,CONT_2745_VIVT3_2021-04-01,DISTRIBUTION,0,https://api.mziq.com/mzfilemanager/v2/d/24165f81-24d6-4648-bf9f-66712905d5a2/34b95df5-e8c3-6d48-b667-42e740e0df5e?origin=2,0.0,88.21695945784828,,,
V0,2021-04-05,60746948000112,BBDC4,1207.610255272072,1208.4912308176401,BBDC4_2021-04-05_DISTRIBUTION_568,DISTRIBUTION,0,https://www.bradescori.com.br/informacoes-ao-mercado/remuneracao-aos-acionistas/,0.0,22.914173940228807,,,
V0,2021-04-12,03983431000103,ENBR3,1422.9973916684814,1477.7209492829202,CONT_2386_ENBR3_2021-04-12,DISTRIBUTION,0,EDP_RI;EDP_APR2023,0.0,1037.011416793616,,,
V0,2021-04-13,01083200000118,NEOE3,1390.1182257775754,1404.3594587299021,CONT_2056_NEOE3_2021-04-13,DISTRIBUTION,0,cache/market.json.gz; B3,0.0,229.85349985055512,,,
V0,2021-04-16,02558157000162,VIVT3,555.4567219944179,567.3085358925597,CONT_2746_VIVT3_2021-04-16,DISTRIBUTION,0,https://api.mziq.com/mzfilemanager/v2/d/24165f81-24d6-4648-bf9f-66712905d5a2/34b95df5-e8c3-6d48-b667-42e740e0df5e?origin=2,0.0,523.1390654639778,,,
V0,2021-04-19,60746948000112,BBDC4,1208.4912308176401,1329.3403538994044,BBDC4_2021-04-19_SHARES_673,SHARES,0,originals/bradesco_remuneracao.html.gz; owned_capital_events_fre.json; SEC 6K 20150317/20160404/20180319/20200403,0.0,0.0,,,
V0,2021-04-27,07047251000170,COCE5,442.4617322669649,459.40424590901983,CONT_827_COCE5_2021-04-27,DISTRIBUTION,0,cache/market.json.gz; B3,0.0,935.2267530414334,,,
V0,2021-04-28,60872504000123,ITUB4,995.3922643370186,997.3851659708276,ITUB4_2021-04-28_DISTRIBUTION_184,DISTRIBUTION,0,cache/market.json.gz; SQLite corporate_actions/B3,0.0,56.21975508975481,,,
V0,2021-04-30,76483817000120,CPLE6,4287.9350897539725,4342.42594283326,CONT_912_CPLE6_2021-04-30,DISTRIBUTION,0,cache/market.json.gz; B3,0.0,341.1127402763356,,,
V0,2021-04-30,43776517000180,SBSP3,511.1030853159239,515.8568935825721,CONT_2436_SBSP3_2021-04-30,DISTRIBUTION,0,SBSP_2021;SBSP_2022;SBSP_2023;SBSP_2024,0.0,203.36791764720613,,,
V0,2021-05-03,92702067000196,BRSR6,1955.9031107168669,1964.8733441040044,CONT_664_BRSR6_2021-05-03,DISTRIBUTION,0,cache/market.json.gz; B3,0.0,109.436847323079,,,
V0,2021-05-03,17155730000164,CMIG4,2421.560295408708,2822.3827649776026,CMIG4_2021-05-03_DISTRIBUTION_651;CMIG4_2021-05-03_SHARES_678,DISTRIBUTION;SHARES,0,https://api.mziq.com/mzfilemanager/v2/d/716a131f-9624-452c-9088-0cd6983c1349/a2eb9f5f-37e1-8913-c1eb-c4281b5e23b2?origin=2;https://api.mziq.com/mzfilemanager/v2/d/716a131f-9624-452c-9088-0cd6983c1349/a2eb9f5f-37e1-8913-c1eb-c4281b5e23b2?origin=2; owned_capital_events_fre.json; B3 2024-04-29,0.0,1481.2590732256713,,,
V0,2021-05-03,03220438000173,EQTL3,1112.9213804972312,1146.7031424684794,CONT_1119_EQTL3_2021-05-03,DISTRIBUTION,0,cache/market.json.gz; B3,0.0,801.3033939580065,,,
V0,2021-05-03,60872504000123,ITUB4,997.3851659708276,997.9213945546829,ITUB4_2021-05-03_DISTRIBUTION_183,DISTRIBUTION,0,cache/market.json.gz; SQLite corporate_actions/B3,0.0,14.960777489562414,,,
V0,2021-05-03,02558157000162,VIVT3,567.3085358925597,569.5011343424826,CONT_2747_VIVT3_2021-05-03,DISTRIBUTION,0,https://api.mziq.com/mzfilemanager/v2/d/24165f81-24d6-4648-bf9f-66712905d5a2/34b95df5-e8c3-6d48-b667-42e740e0df5e?origin=2,0.0,94.23788137768595,,,
V0,2021-05-04,60746948000112,BBDC4,1329.3403538994044,1330.4001849629017,BBDC4_2021-05-04_DISTRIBUTION_569,DISTRIBUTION,0,https://www.bradescori.com.br/informacoes-ao-mercado/remuneracao-aos-acionistas/,0.0,25.223979311233602,,,
V0,2021-05-10,90400888000142,SANB4,1760.1940073152846,1797.159740757115,CONT_2291_SANB4_2021-05-10,DISTRIBUTION,0,cache/market.json.gz; B3,0.0,741.532612843121,,,
V0,2021-05-11,02998609000127,AESB3,1727.5178800480646,1748.2435350551273,CONT_30_AESB3_2021-05-11,DISTRIBUTION,0,cache/market.json.gz; B3,0.0,294.3043011002887,,,
V0,2021-05-12,02474103000119,TBLE3,610.7199541845513,622.5467999418652,TBLE3_2021-05-12_DISTRIBUTION_350,DISTRIBUTION,0,cache/market.json.gz; SQLite corporate_actions/B3,0.0,456.27970931716965,,,
V0,2021-05-24,00000000000191,BBAS3,811.2324880269651,821.4579177816606,CONT_197_BBAS3_2021-05-24;CONT_198_BBAS3_2021-05-24,DISTRIBUTION,0,cache/market.json.gz; B3,0.0,336.21213033438704,,,
V0,2021-05-25,60872504000123,ITUB4,997.9213945546829,999.5985907191862,ITUB4_2021-05-25_DISTRIBUTION_182,DISTRIBUTION,0,cache/market.json.gz; SQLite corporate_actions/B3,0.0,48.638688770595245,,,
V0,2021-06-01,60872504000123,ITUB4,999.5985907191862,1000.0885900283622,ITUB4_2021-06-01_DISTRIBUTION_181,DISTRIBUTION,0,cache/market.json.gz; SQLite corporate_actions/B3,0.0,14.993978860787792,,,
V0,2021-06-02,60746948000112,BBDC4,1330.4001849629017,1331.2979121820779,BBDC4_2021-06-02_DISTRIBUTION_570,DISTRIBUTION,0,https://www.bradescori.com.br/informacoes-ao-mercado/remuneracao-aos-acionistas/,0.0,25.24408940323573,,,
V0,2021-06-04,92702067000196,BRSR6,1980.3320751379654,2014.0474819992958,CONT_663_BRSR6_2021-06-04,DISTRIBUTION,0,cache/market.json.gz; B3,0.0,479.77023963673224,,,
V0,2021-06-14,00000000000191,BBAS3,821.8995095151324,825.7879345733123,CONT_196_BBAS3_2021-06-14,DISTRIBUTION,0,cache/market.json.gz; B3,0.0,138.50570057236638,,,
V0,2021-06-22,02558115000121,TIMS3,1900.7245741194392,1923.5418822093181,CONT_2748_TIMS3_2021-06-22,DISTRIBUTION,0,https://api.mziq.com/mzfilemanager/v2/d/4c4aa51f-1235-4aa1-8b83-adc92e8dacc3/ec8c4a27-ea86-4980-8cb4-8beef111e7ac?origin=2,0.0,274.9485624830407,,,
V0,2021-07-01,28195667000106,ABCB4,1694.9893244752614,1719.3784612729014,CONT_13_ABCB4_2021-07-01,DISTRIBUTION,0,cache/market.json.gz; B3,0.0,371.2026620600822,,,
V0,2021-07-01,60872504000123,ITUB4,903.2359219015823,903.69225530773,ITUB4_2021-07-01_DISTRIBUTION_180,DISTRIBUTION,0,cache/market.json.gz; SQLite corporate_actions/B3,0.0,13.548538828523734,,,
V0,2021-07-01,02558157000162,VIVT3,640.8673922063607,646.6247319039599,CONT_2750_VIVT3_2021-07-01,DISTRIBUTION,0,https://api.mziq.com/mzfilemanager/v2/d/24165f81-24d6-4648-bf9f-66712905d5a2/34b95df5-e8c3-6d48-b667-42e740e0df5e?origin=2,0.0,239.62047821407572,,,
V0,2021-07-01,76484013000145,SAPR4,6423.969086555406,6587.502610159809,CONT_2749_SAPR4_2021-07-01,DISTRIBUTION,0,https://ri.sanepar.com.br/docs/Sanepar-2025-12-18-cW6NmzgB.pdf,0.0,662.3107705978305,,,
V0,2021-07-02,60746948000112,BBDC4,1051.1360887086912,1051.9032081900857,BBDC4_2021-07-02_DISTRIBUTION_571,DISTRIBUTION,0,https://www.bradescori.com.br/informacoes-ao-mercado/remuneracao-aos-acionistas/,0.0,19.94510651625447,,,
V0,2021-07-02,01083200000118,NEOE3,1549.5930036077805,1562.0677832332494,CONT_2055_NEOE3_2021-07-02,DISTRIBUTION,0,cache/market.json.gz; B3,0.0,217.9344000569435,,,
V0,2021-07-05,60746948000112,BBDC4,1051.9032081900857,1074.5735111508664,BBDC4_2021-07-05_DISTRIBUTION_572,DISTRIBUTION,0,https://www.bradescori.com.br/informacoes-ao-mercado/remuneracao-aos-acionistas/,0.0,566.9842770491213,,,
V0,2021-07-07,02998611000104,TRPL4,1084.6719359417682,1106.6870088025132,CONT_1378_TRPL4_2021-07-07,DISTRIBUTION,0,cache/market.json.gz; B3,0.0,545.0932040320481,,,
V0,2021-07-30,02149205000169,PSSA3,503.3931264759145,510.1314508850726,CONT_2751_PSSA3_2021-07-30,DISTRIBUTION,0,https://api.mziq.com/mzfilemanager/v2/d/b77a3922-d280-4451-b3ee-0afec4577834/84eee7cb-7942-984d-6623-ff1f2c09cdbe?origin=2;https://api.mziq.com/mzfilemanager/v2/d/b77a3922-d280-4451-b3ee-0afec4577834/c01dc413-7f12-69a6-0b0a-53d2e29990ed?origin=2;https://api.mziq.com/mzfilemanager/v2/d/b77a3922-d280-4451-b3ee-0afec4577834/bd82067a-476b-c3a3-b00a-9a8d540f77cb?origin=2,0.0,348.10183897710476,,,
V0,2021-08-02,60872504000123,ITUB4,903.69225530773,904.1371317051575,ITUB4_2021-08-02_DISTRIBUTION_179,DISTRIBUTION,0,cache/market.json.gz; SQLite corporate_actions/B3,0.0,13.555383829615948,,,
V0,2021-08-03,60746948000112,BBDC4,1081.0030980529318,1081.8396326089662,BBDC4_2021-08-03_DISTRIBUTION_573,DISTRIBUTION,0,https://www.bradescori.com.br/informacoes-ao-mercado/remuneracao-aos-acionistas/,0.0,20.51182731396265,,,
V0,2021-08-05,90400888000142,SANB4,1278.0831183602636,1307.9081456381084,CONT_2290_SANB4_2021-08-05,DISTRIBUTION,0,cache/market.json.gz; B3,0.0,610.2200581047043,,,
V0,2021-08-10,02998609000127,AESB3,1936.4338469544712,1945.1797088660585,CONT_29_AESB3_2021-08-10,DISTRIBUTION,0,cache/market.json.gz; B3,0.0,117.19454961527053,,,
V0,2021-08-12,17344597000194,BBSE3,1193.9928371038063,1223.7498234887091,CONT_2557_BBSE3_2021-08-12,DISTRIBUTION,0,BBSE_DIV,0.0,621.9210154444665,,,
V0,2021-08-16,60872504000123,ITUB4,904.1371317051575,907.2315812686467,ITUB4_2021-08-16_DISTRIBUTION_178,DISTRIBUTION,0,cache/market.json.gz; SQLite corporate_actions/B3,0.0,93.88559975626355,,,
V0,2021-08-17,02474103000119,TBLE3,693.5723221963532,711.696083302757,TBLE3_2021-08-17_DISTRIBUTION_349,DISTRIBUTION,0,cache/market.json.gz; SQLite corporate_actions/B3,0.0,671.1228737701312,,,
V0,2021-08-24,00000000000191,BBAS3,840.7857896968302,850.3556039309099,CONT_194_BBAS3_2021-08-24;CONT_195_BBAS3_2021-08-24,DISTRIBUTION,0,cache/market.json.gz; B3,0.0,292.8363155628387,,,
V0,2021-09-01,60872504000123,ITUB4,907.2315812686467,907.6697162885768,ITUB4_2021-09-01_DISTRIBUTION_177,DISTRIBUTION,0,cache/market.json.gz; SQLite corporate_actions/B3,0.0,13.6084737190297,,,
V0,2021-09-01,02429144000193,CPFE3,1018.2349381863878,1074.0255515611127,CONT_841_CPFE3_2021-09-01,DISTRIBUTION,0,cache/market.json.gz; B3,0.0,1529.220712601208,,,
V0,2021-09-02,60746948000112,BBDC4,1099.70518777735,1100.6417540203654,BBDC4_2021-09-02_DISTRIBUTION_574,DISTRIBUTION,0,https://www.bradescori.com.br/informacoes-ao-mercado/remuneracao-aos-acionistas/,0.0,20.866695894384346,,,
V0,2021-09-14,00000000000191,BBAS3,859.9947808288672,865.4301257931902,CONT_193_BBAS3_2021-09-14,DISTRIBUTION,0,cache/market.json.gz; B3,0.0,158.87513330716078,,,
V0,2021-09-27,17281106000103,CSMG3,1832.7105498423336,1887.2323461951821,CONT_2381_CSMG3_2021-09-27;CONT_2382_CSMG3_2021-09-27,DISTRIBUTION,0,CSMG_RI;B3_ESPEC,0.0,786.2043034080739,,,
V0,2021-09-30,02558115000121,TIMS3,2347.797062746737,2359.148367021469,CONT_2752_TIMS3_2021-09-30,DISTRIBUTION,0,https://api.mziq.com/mzfilemanager/v2/d/4c4aa51f-1235-4aa1-8b83-adc92e8dacc3/fa04ad1c-865b-81a3-87f8-ff70523311ae?origin=2,0.0,133.37782522810008,,,
V0,2021-10-01,76483817000120,CPLE6,4539.027061158035,4902.170179000597,CONT_910_CPLE6_2021-10-01;CONT_911_CPLE6_2021-10-01,DISTRIBUTION,0,cache/market.json.gz; B3,0.0,2469.373201329421,,,
V0,2021-10-01,60872504000123,ITUB4,907.6697162885768,908.1285988549512,ITUB4_2021-10-01_DISTRIBUTION_176,DISTRIBUTION,0,cache/market.json.gz; SQLite corporate_actions/B3,0.0,13.61504574432865,,,
V0,2021-10-01,02558157000162,VIVT3,647.2796456342245,652.6767396331131,CONT_2753_VIVT3_2021-10-01,DISTRIBUTION,0,https://api.mziq.com/mzfilemanager/v2/d/24165f81-24d6-4648-bf9f-66712905d5a2/34b95df5-e8c3-6d48-b667-42e740e0df5e?origin=2,0.0,231.26547785237767,,,
V0,2021-10-04,60746948000112,BBDC4,1121.4990511539613,1122.5255938596692,BBDC4_2021-10-04_DISTRIBUTION_575,DISTRIBUTION,0,https://www.bradescori.com.br/informacoes-ao-mercado/remuneracao-aos-acionistas/,0.0,21.280230289327644,,,
V0,2021-10-04,60872504000123,XPBR31,0,20.985973104362117,ITUB4_2021-10-04_SPINOFF_686,SPINOFF,0,B3 OC 108/2021-PRE,0.0,0.0,,,
V0,2021-10-07,28195667000106,ABCB4,1754.2905186813857,1780.718791430352,CONT_12_ABCB4_2021-10-07,DISTRIBUTION,0,cache/market.json.gz; B3,0.0,406.9954003340815,,,
V0,2021-10-21,02149205000169,PSSA3,514.6431680231253,1029.2863360462507,CONT_2862_PSSA3_2021-10-21,SHARES,0,https://api.mziq.com/mzfilemanager/v2/d/b77a3922-d280-4451-b3ee-0afec4577834/58c7cb8a-888b-4fff-3949-6efc460cb9e1?origin=2,0.0,0.0,,,
V0,2021-11-01,60872504000123,ITUB4,908.9619337215468,909.6243275336932,ITUB4_2021-11-01_DISTRIBUTION_175,DISTRIBUTION,0,cache/market.json.gz; SQLite corporate_actions/B3,0.0,16.0431781301853,,,
V0,2021-11-01,02149205000169,PSSA3,1029.2863360462507,1041.483894440163,CONT_2754_PSSA3_2021-11-01,DISTRIBUTION,0,https://api.mziq.com/mzfilemanager/v2/d/b77a3922-d280-4451-b3ee-0afec4577834/0c125129-e67a-53e9-aa2c-5b25822a1a8c?origin=2;https://api.mziq.com/mzfilemanager/v2/d/b77a3922-d280-4451-b3ee-0afec4577834/c01dc413-7f12-69a6-0b0a-53d2e29990ed?origin=2;https://api.mziq.com/mzfilemanager/v2/d/b77a3922-d280-4451-b3ee-0afec4577834/bd82067a-476b-c3a3-b00a-9a8d540f77cb?origin=2,0.0,285.4228664175489,,,
V0,2021-11-03,60746948000112,BBDC4,1145.227093365259,1146.2923122553684,BBDC4_2021-11-03_DISTRIBUTION_576,DISTRIBUTION,0,https://www.bradescori.com.br/informacoes-ao-mercado/remuneracao-aos-acionistas/,0.0,21.730465358230955,,,
V0,2021-11-04,02998611000104,TRPL4,1110.089474847706,1172.7856536831553,CONT_1376_TRPL4_2021-11-04;CONT_1377_TRPL4_2021-11-04,DISTRIBUTION,0,cache/market.json.gz; B3,0.0,1454.551348982424,,,
V0,2021-11-05,90400888000142,SANB4,1333.760277526927,1364.514797283788,CONT_2289_SANB4_2021-11-05,DISTRIBUTION,0,cache/market.json.gz; B3,0.0,561.8850759578542,,,
V0,2021-11-22,60872504000123,ITUB4,913.2718302630378,924.2191332067586,ITUB4_2021-11-22_DISTRIBUTION_174,DISTRIBUTION,0,cache/market.json.gz; SQLite corporate_actions/B3,0.0,241.6069759679169,,,
V0,2021-11-23,00000000000191,BBAS3,877.8856251438909,889.5267950602808,CONT_192_BBAS3_2021-11-23,DISTRIBUTION,0,cache/market.json.gz; B3,0.0,345.62633481761776,,,
V0,2021-12-01,60872504000123,ITUB4,924.2191332067586,924.9532676667541,ITUB4_2021-12-01_DISTRIBUTION_173,DISTRIBUTION,0,cache/market.json.gz; SQLite corporate_actions/B3,0.0,16.312467701099287,,,
V0,2021-12-02,60746948000112,BBDC4,1165.2505185599068,1166.3124977158543,BBDC4_2021-12-02_DISTRIBUTION_577,DISTRIBUTION,0,https://www.bradescori.com.br/informacoes-ao-mercado/remuneracao-aos-acionistas/,0.0,22.110406026825185,,,
V0,2021-12-07,07859971000130,TAEE4,2200.401676681483,2293.582522377041,CONT_2412_TAEE4_2021-12-07;CONT_2413_TAEE4_2021-12-07,DISTRIBUTION,0,cache/market.json.gz; B3,0.0,1113.5111060619208,,,
V0,2021-12-10,02429144000193,CPFE3,1074.0255515611127,1102.3267151126427,CONT_840_CPFE3_2021-12-10,DISTRIBUTION,0,cache/market.json.gz; B3,0.0,749.4148108445152,,,
V0,2021-12-14,00000000000191,BBAS3,889.5267950602808,894.3820486075635,CONT_191_BBAS3_2021-12-14,DISTRIBUTION,0,cache/market.json.gz; B3,0.0,155.65942872588369,,,
V0,2021-12-21,60746948000112,BBDC4,1166.3124977158543,1180.8459122512993,BBDC4_2021-12-21_DISTRIBUTION_578;BBDC4_2021-12-21_DISTRIBUTION_579,DISTRIBUTION,0,https://www.bradescori.com.br/informacoes-ao-mercado/remuneracao-aos-acionistas/,0.0,277.4428834816465,,,
V0,2021-12-21,02558115000121,TIMS3,2359.148367021469,2401.6913931644485,CONT_2755_TIMS3_2021-12-21,DISTRIBUTION,0,https://api.mziq.com/mzfilemanager/v2/d/4c4aa51f-1235-4aa1-8b83-adc92e8dacc3/44eca3b7-91a5-79c3-458a-10bea257e8bd?origin=2,0.0,545.8270254144285,,,
V0,2021-12-22,17155730000164,CMIG4,2245.2417231229124,2341.526127640708,CMIG4_2021-12-22_DISTRIBUTION_652,DISTRIBUTION,0,https://api.mziq.com/mzfilemanager/v2/d/716a131f-9624-452c-9088-0cd6983c1349/a2eb9f5f-37e1-8913-c1eb-c4281b5e23b2?origin=2,0.0,1267.10276345419,,,
V0,2021-12-23,02998611000104,TRPL4,1172.7856536831553,1181.188732959335,CONT_1375_TRPL4_2021-12-23,DISTRIBUTION,0,cache/market.json.gz; B3,0.0,203.94273403288597,,,
V0,2021-12-28,02558157000162,VIVT3,652.6767396331131,671.3745928102642,CONT_2756_VIVT3_2021-12-28;CONT_2757_VIVT3_2021-12-28,DISTRIBUTION,0,https://api.mziq.com/mzfilemanager/v2/d/24165f81-24d6-4648-bf9f-66712905d5a2/34b95df5-e8c3-6d48-b667-42e740e0df5e?origin=2,0.0,897.1229954397065,,,
V0,2021-12-30,02474103000119,TBLE3,714.6567121817968,716.0249220609609,TBLE3_2021-12-30_DISTRIBUTION_348,DISTRIBUTION,0,cache/market.json.gz; SQLite corporate_actions/B3,0.0,52.552941458693475,,,
V0,2022-01-03,28195667000106,ABCB4,1780.718791430352,1809.5767422625352,CONT_11_ABCB4_2022-01-03,DISTRIBUTION,0,cache/market.json.gz; B3,0.0,448.7411354404487,,,
V0,2022-01-03,76483817000120,CPLE6,4902.170179000597,4983.923693947502,CONT_909_CPLE6_2022-01-03,DISTRIBUTION,0,cache/market.json.gz; B3,0.0,525.6751011085961,,,
V0,2022-01-03,60872504000123,ITUB4,937.0646237382072,937.8335307865093,ITUB4_2022-01-03_DISTRIBUTION_172,DISTRIBUTION,0,cache/market.json.gz; SQLite corporate_actions/B3,0.0,16.539190608979357,,,
V0,2022-01-03,76484013000145,SAPR4,6833.581971224773,7055.0606480582655,CONT_2758_SAPR4_2022-01-03,DISTRIBUTION,0,https://ri.sanepar.com.br/docs/Sanepar-2025-12-18-cW6NmzgB.pdf,0.0,815.0415307472513,,,
V0,2022-01-04,60746948000112,BBDC4,1195.4693723774744,1196.61501899395,BBDC4_2022-01-04_DISTRIBUTION_550,DISTRIBUTION,0,https://www.bradescori.com.br/informacoes-ao-mercado/remuneracao-aos-acionistas/,0.0,22.68380300621245,,,
V0,2022-01-05,03983431000103,ENBR3,1530.3339582932472,1591.2718130346311,CONT_2387_ENBR3_2022-01-05,DISTRIBUTION,0,EDP_RI;EDP_APR2023,0.0,1207.7882809742275,,,
V0,2022-01-06,01083200000118,NEOE3,1620.3287286398418,1634.5869434340773,CONT_2054_NEOE3_2022-01-06,DISTRIBUTION,0,cache/market.json.gz; B3,0.0,213.58805761764876,,,
V0,2022-01-10,90400888000142,SANB4,1401.924721729453,1404.9209957662847,CONT_2288_SANB4_2022-01-10,DISTRIBUTION,0,cache/market.json.gz; B3,0.0,49.01904324256788,,,
V0,2022-02-01,60872504000123,ITUB4,949.851006313925,950.5087101295956,ITUB4_2022-02-01_DISTRIBUTION_171,DISTRIBUTION,0,cache/market.json.gz; SQLite corporate_actions/B3,0.0,16.764870261440777,,,
V0,2022-02-02,60746948000112,BBDC4,1202.1199278310885,1203.135963288803,BBDC4_2022-02-02_DISTRIBUTION_551,DISTRIBUTION,0,https://www.bradescori.com.br/informacoes-ao-mercado/remuneracao-aos-acionistas/,0.0,22.809996025688687,,,
V0,2022-02-11,17344597000194,BBSE3,1272.4529016029328,1323.7286424971437,CONT_2556_BBSE3_2022-02-11,DISTRIBUTION,0,BBSE_DIV,0.0,1167.0358627522412,,,
V0,2022-02-11,90400888000142,SANB4,1424.9553562669182,1460.8361021704327,CONT_2286_SANB4_2022-02-11;CONT_2287_SANB4_2022-02-11,DISTRIBUTION,0,cache/market.json.gz; B3,0.0,600.2848789657983,,,
V0,2022-02-22,60872504000123,ITUB4,953.5386010995489,954.0444394409478,ITUB4_2022-02-22_DISTRIBUTION_170,DISTRIBUTION,0,cache/market.json.gz; SQLite corporate_actions/B3,0.0,13.025337291019838,,,
V0,2022-02-25,02474103000119,TBLE3,716.0249220609609,730.0823645473223,TBLE3_2022-02-25_DISTRIBUTION_347,DISTRIBUTION,0,cache/market.json.gz; SQLite corporate_actions/B3,0.0,560.4702319312295,,,
V0,2022-03-02,60872504000123,ITUB4,954.0444394409478,954.7171875175013,ITUB4_2022-03-02_DISTRIBUTION_169,DISTRIBUTION,0,cache/market.json.gz; SQLite corporate_actions/B3,0.0,16.838884356132727,,,
V0,2022-03-02,02558157000162,VIVT3,671.3745928102642,672.8415771272888,CONT_2759_VIVT3_2022-03-02,DISTRIBUTION,0,https://api.mziq.com/mzfilemanager/v2/d/24165f81-24d6-4648-bf9f-66712905d5a2/34b95df5-e8c3-6d48-b667-42e740e0df5e?origin=2,0.0,72.10227918175917,,,
V0,2022-03-03,00000000000191,BBAS3,897.6071941339035,909.5454611381873,CONT_189_BBAS3_2022-03-03;CONT_190_BBAS3_2022-03-03,DISTRIBUTION,0,cache/market.json.gz; B3,0.0,415.0935437389496,,,
V0,2022-03-03,60746948000112,BBDC4,1223.3325584027964,1224.4643234754037,BBDC4_2022-03-03_DISTRIBUTION_552,DISTRIBUTION,0,https://www.bradescori.com.br/informacoes-ao-mercado/remuneracao-aos-acionistas/,0.0,23.212501639174405,,,
V0,2022-03-15,00000000000191,BBAS3,909.5454611381873,915.343779551453,CONT_188_BBAS3_2022-03-15,DISTRIBUTION,0,cache/market.json.gz; B3,0.0,191.576440374301,,,
V0,2022-03-23,17281106000103,CSMG3,1976.7249925063443,1988.9195223055176,CONT_2383_CSMG3_2022-03-23,DISTRIBUTION,0,CSMG_RI;B3_ESPEC,0.0,176.5767914920296,,,
V0,2022-03-29,17155730000164,CMIG4,2341.526127640708,2364.675603119656,CMIG4_2022-03-29_DISTRIBUTION_653,DISTRIBUTION,0,https://api.mziq.com/mzfilemanager/v2/d/716a131f-9624-452c-9088-0cd6983c1349/a2eb9f5f-37e1-8913-c1eb-c4281b5e23b2?origin=2,0.0,338.90832101179285,,,
V0,2022-03-29,02558115000121,TIMS3,2401.6913931644485,2415.9187641552626,CONT_2760_TIMS3_2022-03-29,DISTRIBUTION,0,https://api.mziq.com/mzfilemanager/v2/d/4c4aa51f-1235-4aa1-8b83-adc92e8dacc3/d66d8c7b-438f-f636-8557-60ffdf4a2e60?origin=2,0.0,193.49224547507126,,,
V0,2022-04-01,28195667000106,ABCB4,1817.6051821035603,1851.2884516120514,CONT_10_ABCB4_2022-04-01,DISTRIBUTION,0,cache/market.json.gz; B3,0.0,568.9104219984143,,,
V0,2022-04-01,60872504000123,ITUB4,961.331858705657,961.9479628198965,ITUB4_2022-04-01_DISTRIBUTION_168,DISTRIBUTION,0,cache/market.json.gz; SQLite corporate_actions/B3,0.0,16.967507306154847,,,
V0,2022-04-01,02149205000169,PSSA3,1145.007624666791,1169.512200189792,CONT_2761_PSSA3_2022-04-01;CONT_2762_PSSA3_2022-04-01,DISTRIBUTION,0,https://api.mziq.com/mzfilemanager/v2/d/b77a3922-d280-4451-b3ee-0afec4577834/c01dc413-7f12-69a6-0b0a-53d2e29990ed?origin=2;https://api.mziq.com/mzfilemanager/v2/d/b77a3922-d280-4451-b3ee-0afec4577834/c01dc413-7f12-69a6-0b0a-53d2e29990ed?origin=2;https://api.mziq.com/mzfilemanager/v2/d/b77a3922-d280-4451-b3ee-0afec4577834/bd82067a-476b-c3a3-b00a-9a8d540f77cb?origin=2;https://api.mziq.com/mzfilemanager/v2/d/b77a3922-d280-4451-b3ee-0afec4577834/ae2ce35a-8763-7d60-073f-ca45097755f1?origin=2,0.0,512.390674185955,,,
V0,2022-04-01,02558157000162,VIVT3,672.8415771272888,674.6836700854641,CONT_2763_VIVT3_2022-04-01,DISTRIBUTION,0,https://api.mziq.com/mzfilemanager/v2/d/24165f81-24d6-4648-bf9f-66712905d5a2/34b95df5-e8c3-6d48-b667-42e740e0df5e?origin=2,0.0,100.44932900929507,,,
V0,2022-04-04,60746948000112,BBDC4,1239.9333430616684,1241.0091317382723,BBDC4_2022-04-04_DISTRIBUTION_553,DISTRIBUTION,0,https://www.bradescori.com.br/informacoes-ao-mercado/remuneracao-aos-acionistas/,0.0,23.527498357326632,,,
V0,2022-04-06,03983431000103,ENBR3,1591.2718130346311,1691.8495726742199,CONT_2388_ENBR3_2022-04-06,DISTRIBUTION,0,EDP_RI;EDP_APR2023,0.0,2234.8378191916613,,,
V0,2022-04-19,60746948000112,BBDC4,1241.0091317382723,1365.1100449120997,BBDC4_2022-04-19_SHARES_674,SHARES,0,originals/bradesco_remuneracao.html.gz; owned_capital_events_fre.json; SEC 6K 20150317/20160404/20180319/20200403,0.0,0.0,,,
V0,2022-04-22,90400888000142,SANB4,1501.9854211249788,1521.6956181169458,CONT_2284_SANB4_2022-04-22;CONT_2285_SANB4_2022-04-22,DISTRIBUTION,0,cache/market.json.gz; B3,0.0,358.9226872237175,,,
V0,2022-04-26,01083200000118,NEOE3,1673.38985917808,1724.8399966561587,CONT_2053_NEOE3_2022-04-26,DISTRIBUTION,0,cache/market.json.gz; B3,0.0,885.4568659977324,,,
V0,2022-04-27,02558157000162,VIVT3,674.6836700854641,690.463642806891,CONT_2764_VIVT3_2022-04-27,DISTRIBUTION,0,https://api.mziq.com/mzfilemanager/v2/d/24165f81-24d6-4648-bf9f-66712905d5a2/34b95df5-e8c3-6d48-b667-42e740e0df5e?origin=2,0.0,817.718186424345,,,
V0,2022-04-29,43776517000180,SBSP3,753.3986501702333,769.3480979024471,CONT_2437_SBSP3_2022-04-29,DISTRIBUTION,0,SBSP_2021;SBSP_2022;SBSP_2023;SBSP_2024,0.0,710.2289075154789,,,
V0,2022-04-29,76484013000145,SAPR4,7146.64401150926,7168.77877613608,CONT_2765_SAPR4_2022-04-29,DISTRIBUTION,0,https://ri.sanepar.com.br/docs/Sanepar-2025-12-18-cW6NmzgB.pdf,0.0,86.32558204459748,,,
V0,2022-05-02,17155730000164,CMIG4,2364.675603119656,3205.2481625683004,CMIG4_2022-05-02_DISTRIBUTION_654;CMIG4_2022-05-02_SHARES_679,DISTRIBUTION;SHARES,0,https://api.mziq.com/mzfilemanager/v2/d/716a131f-9624-452c-9088-0cd6983c1349/a2eb9f5f-37e1-8913-c1eb-c4281b5e23b2?origin=2;https://api.mziq.com/mzfilemanager/v2/d/716a131f-9624-452c-9088-0cd6983c1349/a2eb9f5f-37e1-8913-c1eb-c4281b5e23b2?origin=2; owned_capital_events_fre.json; B3 2024-04-29,0.0,1412.6995976945027,,,
V0,2022-05-02,76483817000120,CPLE6,4983.923693947502,5364.356909678406,CONT_908_CPLE6_2022-05-02,DISTRIBUTION,0,cache/market.json.gz; B3,0.0,2583.141534812834,,,
V0,2022-05-02,03220438000173,EQTL3,1137.9190033380441,1167.1549793370946,CONT_1118_EQTL3_2022-05-02,DISTRIBUTION,0,cache/market.json.gz; B3,0.0,728.2681621363482,,,
V0,2022-05-02,60872504000123,ITUB4,968.2748405356323,968.9944216276514,ITUB4_2022-05-02_DISTRIBUTION_167,DISTRIBUTION,0,cache/market.json.gz; SQLite corporate_actions/B3,0.0,17.09005093545391,,,
V0,2022-05-02,02558157000162,VIVT3,690.463642806891,691.6506889382935,CONT_2766_VIVT3_2022-05-02,DISTRIBUTION,0,https://api.mziq.com/mzfilemanager/v2/d/24165f81-24d6-4648-bf9f-66712905d5a2/34b95df5-e8c3-6d48-b667-42e740e0df5e?origin=2,0.0,61.88071483000966,,,
V0,2022-05-02,02429144000193,CPFE3,1102.3267151126427,1157.8244236635123,CONT_839_CPFE3_2022-05-02,DISTRIBUTION,0,cache/market.json.gz; B3,0.0,1787.026215338002,,,
V0,2022-05-03,60746948000112,BBDC4,1385.8550793493077,1387.310327574672,BBDC4_2022-05-03_DISTRIBUTION_554,DISTRIBUTION,0,https://www.bradescori.com.br/informacoes-ao-mercado/remuneracao-aos-acionistas/,0.0,26.296335432332956,,,
V0,2022-05-10,07859971000130,TAEE4,2293.582522377041,2400.341871814953,CONT_2411_TAEE4_2022-05-10,DISTRIBUTION,0,cache/market.json.gz; B3,0.0,1449.7919653668398,,,
V0,2022-05-12,02474103000119,TBLE3,730.5661973611435,742.3460108469318,TBLE3_2022-05-12_DISTRIBUTION_346,DISTRIBUTION,0,cache/market.json.gz; SQLite corporate_actions/B3,0.0,492.27840557109334,,,
V0,2022-05-24,00000000000191,BBAS3,917.2392413289408,933.5717081084969,CONT_186_BBAS3_2022-05-24;CONT_187_BBAS3_2022-05-24,DISTRIBUTION,0,cache/market.json.gz; B3,0.0,617.3672442672187,,,
V0,2022-06-01,60872504000123,ITUB4,982.0432933304329,982.7156387193887,ITUB4_2022-06-01_DISTRIBUTION_166,DISTRIBUTION,0,cache/market.json.gz; SQLite corporate_actions/B3,0.0,17.33306412728214,,,
V0,2022-06-02,60746948000112,BBDC4,1398.3245740634352,1399.6492341589349,BBDC4_2022-06-02_DISTRIBUTION_555,DISTRIBUTION,0,https://www.bradescori.com.br/informacoes-ao-mercado/remuneracao-aos-acionistas/,0.0,26.532941712860033,,,
V0,2022-06-14,00000000000191,BBAS3,933.5717081084969,940.5424425199632,CONT_185_BBAS3_2022-06-14,DISTRIBUTION,0,cache/market.json.gz; B3,0.0,233.659017472349,,,
V0,2022-06-21,60746948000112,BBDC4,1399.6492341589349,1414.4112814689665,BBDC4_2022-06-21_DISTRIBUTION_556,DISTRIBUTION,0,https://www.bradescori.com.br/informacoes-ao-mercado/remuneracao-aos-acionistas/,0.0,275.1645618589909,,,
V0,2022-06-22,17281106000103,CSMG3,2041.9838536745183,2066.09103450528,CONT_2384_CSMG3_2022-06-22,DISTRIBUTION,0,CSMG_RI;B3_ESPEC,0.0,286.1522364611369,,,
V0,2022-06-24,02558115000121,TIMS3,2415.9187641552626,2437.375121249429,CONT_2767_TIMS3_2022-06-24,DISTRIBUTION,0,https://api.mziq.com/mzfilemanager/v2/d/4c4aa51f-1235-4aa1-8b83-adc92e8dacc3/bc75af4c-8995-f1c7-4dd9-96c258fe802b?origin=2,0.0,269.7064086736727,,,
V0,2022-06-27,17155730000164,CMIG4,3205.2481625683004,3253.5274158655548,CMIG4_2022-06-27_DISTRIBUTION_655,DISTRIBUTION,0,https://api.mziq.com/mzfilemanager/v2/d/716a131f-9624-452c-9088-0cd6983c1349/a2eb9f5f-37e1-8913-c1eb-c4281b5e23b2?origin=2,0.0,514.1740476157571,,,
V0,2022-07-01,28195667000106,ABCB4,1864.6302936570396,1906.3562862423719,CONT_9_ABCB4_2022-07-01,DISTRIBUTION,0,cache/market.json.gz; B3,0.0,656.3498633672779,,,
V0,2022-07-01,60872504000123,ITUB4,992.1925013264919,992.9588994730307,ITUB4_2022-07-01_DISTRIBUTION_165,DISTRIBUTION,0,cache/market.json.gz; SQLite corporate_actions/B3,0.0,17.51219764841258,,,
V0,2022-07-01,02558157000162,VIVT3,691.6506889382935,695.8298731691292,CONT_2769_VIVT3_2022-07-01,DISTRIBUTION,0,https://api.mziq.com/mzfilemanager/v2/d/24165f81-24d6-4648-bf9f-66712905d5a2/34b95df5-e8c3-6d48-b667-42e740e0df5e?origin=2,0.0,198.72021017623726,,,
V0,2022-07-01,76484013000145,SAPR4,7250.09958183341,7455.189079364148,CONT_2768_SAPR4_2022-07-01,DISTRIBUTION,0,https://ri.sanepar.com.br/docs/Sanepar-2025-12-18-cW6NmzgB.pdf,0.0,762.9329308143442,,,
V0,2022-07-04,60746948000112,BBDC4,1430.8449717367498,1432.4299110273112,BBDC4_2022-07-04_DISTRIBUTION_557,DISTRIBUTION,0,https://www.bradescori.com.br/informacoes-ao-mercado/remuneracao-aos-acionistas/,0.0,27.150010047315224,,,
V0,2022-07-06,01083200000118,NEOE3,1744.4151732855744,1762.0380985086379,CONT_2052_NEOE3_2022-07-06,DISTRIBUTION,0,cache/market.json.gz; B3,0.0,240.2004707903559,,,
V0,2022-08-01,60872504000123,ITUB4,1005.0168640271664,1005.7726606888656,ITUB4_2022-08-01_DISTRIBUTION_164,DISTRIBUTION,0,cache/market.json.gz; SQLite corporate_actions/B3,0.0,17.738547650079486,,,
V0,2022-08-02,60746948000112,BBDC4,1449.622847629149,1451.1795152384188,BBDC4_2022-08-02_DISTRIBUTION_558,DISTRIBUTION,0,https://www.bradescori.com.br/informacoes-ao-mercado/remuneracao-aos-acionistas/,0.0,27.506316655799203,,,
V0,2022-08-10,02998609000127,AESB3,2331.256879056165,2356.009344960776,CONT_28_AESB3_2022-08-10,DISTRIBUTION,0,cache/market.json.gz; B3,0.0,250.49495495466329,,,
V0,2022-08-15,90400888000142,SANB4,1606.3562495842828,1630.8631209973887,CONT_2283_SANB4_2022-08-15,DISTRIBUTION,0,cache/market.json.gz; B3,0.0,384.7578811857623,,,
V0,2022-08-16,07859971000130,TAEE4,2400.341871814953,2484.6477915781006,CONT_2409_TAEE4_2022-08-16;CONT_2410_TAEE4_2022-08-16,DISTRIBUTION,0,cache/market.json.gz; B3,0.0,1176.910639893545,,,
V0,2022-08-17,02474103000119,TBLE3,742.8728979596556,755.1889763275171,TBLE3_2022-08-17_DISTRIBUTION_345,DISTRIBUTION,0,cache/market.json.gz; SQLite corporate_actions/B3,0.0,526.142867875047,,,
V0,2022-08-18,17344597000194,BBSE3,1323.7286424971437,1371.56407384057,CONT_2555_BBSE3_2022-08-18,DISTRIBUTION,0,BBSE_DIV,0.0,1371.441816616034,,,
V0,2022-08-19,60872504000123,ITUB4,1016.113156560127,1027.8037977945744,ITUB4_2022-08-19_DISTRIBUTION_163,DISTRIBUTION,0,cache/market.json.gz; SQLite corporate_actions/B3,0.0,311.4386824856789,,,
V0,2022-08-23,00000000000191,BBAS3,940.5424425199632,953.7561629836879,CONT_183_BBAS3_2022-08-23;CONT_184_BBAS3_2022-08-23,DISTRIBUTION,0,cache/market.json.gz; B3,0.0,548.6336736538486,,,
V0,2022-08-31,02149205000169,PSSA3,1273.8965960477994,1311.5102722505756,CONT_2770_PSSA3_2022-08-31,DISTRIBUTION,0,https://api.mziq.com/mzfilemanager/v2/d/b77a3922-d280-4451-b3ee-0afec4577834/4283e85d-e75d-f77c-2344-92e1a5e53405?origin=2;https://api.mziq.com/mzfilemanager/v2/d/b77a3922-d280-4451-b3ee-0afec4577834/7c50ca38-1ebc-6181-44f4-b4691917af27?origin=2;https://api.mziq.com/mzfilemanager/v2/d/b77a3922-d280-4451-b3ee-0afec4577834/41d3f69d-2eaf-9718-f70f-a7a11423b31a?origin=2,0.0,794.0247046406017,,,
V0,2022-09-01,60872504000123,ITUB4,1027.8037977945744,1028.4964567113775,ITUB4_2022-09-01_DISTRIBUTION_162,DISTRIBUTION,0,cache/market.json.gz; SQLite corporate_actions/B3,0.0,18.140737031074238,,,
V0,2022-09-01,02558157000162,VIVT3,695.8298731691292,698.861270815936,CONT_2771_VIVT3_2022-09-01,DISTRIBUTION,0,https://api.mziq.com/mzfilemanager/v2/d/24165f81-24d6-4648-bf9f-66712905d5a2/34b95df5-e8c3-6d48-b667-42e740e0df5e?origin=2,0.0,125.07546690724956,,,
V0,2022-09-02,60746948000112,BBDC4,1461.8232825232974,1463.2597308701452,BBDC4_2022-09-02_DISTRIBUTION_559,DISTRIBUTION,0,https://www.bradescori.com.br/informacoes-ao-mercado/remuneracao-aos-acionistas/,0.0,27.737817577632605,,,
V0,2022-09-13,00000000000191,BBAS3,953.7561629836879,960.2473845644686,CONT_182_BBAS3_2022-09-13,DISTRIBUTION,0,cache/market.json.gz; B3,0.0,261.0769319789977,,,
V0,2022-09-21,17281106000103,CSMG3,2125.4634205528996,2149.5255380466447,CONT_2455_CSMG3_2022-09-21,DISTRIBUTION,0,CSMG_RI_V4,0.0,329.1697673144303,,,
V0,2022-09-22,02558115000121,TIMS3,2452.7405627942544,2492.4432088345443,CONT_2772_TIMS3_2022-09-22;CONT_2773_TIMS3_2022-09-22,DISTRIBUTION,0,https://api.mziq.com/mzfilemanager/v2/d/4c4aa51f-1235-4aa1-8b83-adc92e8dacc3/e8292dc6-6925-d665-bf16-5f2fa1b5dd91?origin=2;https://api.mziq.com/mzfilemanager/v2/d/4c4aa51f-1235-4aa1-8b83-adc92e8dacc3/e8292dc6-6925-d665-bf16-5f2fa1b5dd91?origin=2;https://api.mziq.com/mzfilemanager/v2/d/4c4aa51f-1235-4aa1-8b83-adc92e8dacc3/cb7f9c33-0c95-4504-aef8-f40895087360?origin=2,0.0,486.357413993553,,,
V0,2022-09-26,17155730000164,CMIG4,3253.5274158655548,3315.941627969091,CMIG4_2022-09-26_DISTRIBUTION_656,DISTRIBUTION,0,https://api.mziq.com/mzfilemanager/v2/d/716a131f-9624-452c-9088-0cd6983c1349/a2eb9f5f-37e1-8913-c1eb-c4281b5e23b2?origin=2,0.0,697.1667491964987,,,
V0,2022-10-03,28195667000106,ABCB4,1906.3562862423719,1937.925406810521,CONT_8_ABCB4_2022-10-03,DISTRIBUTION,0,cache/market.json.gz; B3,0.0,690.1009756197386,,,
V0,2022-10-03,60872504000123,ITUB4,1034.0829664358082,1034.696464397408,ITUB4_2022-10-03_DISTRIBUTION_161,DISTRIBUTION,0,cache/market.json.gz; SQLite corporate_actions/B3,0.0,18.251564357592013,,,
V0,2022-10-04,60746948000112,BBDC4,1469.6772657805145,1470.9939251483063,BBDC4_2022-10-04_DISTRIBUTION_560,DISTRIBUTION,0,https://www.bradescori.com.br/informacoes-ao-mercado/remuneracao-aos-acionistas/,0.0,27.886845409827497,,,
V0,2022-10-24,90400888000142,SANB4,1668.644165304023,1693.795410855526,CONT_2281_SANB4_2022-10-24;CONT_2282_SANB4_2022-10-24,DISTRIBUTION,0,cache/market.json.gz; B3,0.0,399.65329181337916,,,
V0,2022-11-01,60872504000123,ITUB4,1036.0541700921794,1036.6545100824003,ITUB4_2022-11-01_DISTRIBUTION_160,DISTRIBUTION,0,cache/market.json.gz; SQLite corporate_actions/B3,0.0,18.286356102126966,,,
V0,2022-11-01,02149205000169,PSSA3,1330.801634484218,1335.7912060434478,CONT_2774_PSSA3_2022-11-01,DISTRIBUTION,0,https://api.mziq.com/mzfilemanager/v2/d/b77a3922-d280-4451-b3ee-0afec4577834/93c93bbe-d850-f472-be6b-d36e031cbee7?origin=2;https://api.mziq.com/mzfilemanager/v2/d/b77a3922-d280-4451-b3ee-0afec4577834/41d3f69d-2eaf-9718-f70f-a7a11423b31a?origin=2;https://api.mziq.com/mzfilemanager/v2/d/b77a3922-d280-4451-b3ee-0afec4577834/478c2702-5245-8bef-9e67-f34653abeda5?origin=2,0.0,116.8058702015685,,,
V0,2022-11-03,60746948000112,BBDC4,1482.6963298432868,1484.130999892434,BBDC4_2022-11-03_DISTRIBUTION_561,DISTRIBUTION,0,https://www.bradescori.com.br/informacoes-ao-mercado/remuneracao-aos-acionistas/,0.0,28.133879663777364,,,
V0,2022-11-16,07859971000130,TAEE4,2491.451430092082,2540.08585020157,CONT_2407_TAEE4_2022-11-16;CONT_2408_TAEE4_2022-11-16,DISTRIBUTION,0,cache/market.json.gz; B3,0.0,607.4439071675043,,,
V0,2022-11-22,00000000000191,BBAS3,960.2473845644686,982.9470161151406,CONT_180_BBAS3_2022-11-22;CONT_181_BBAS3_2022-11-22,DISTRIBUTION,0,cache/market.json.gz; B3,0.0,772.6954579848765,,,
V0,2022-11-22,76483817000120,CPLE6,5364.356909678406,5454.695336425668,CONT_907_CPLE6_2022-11-22,DISTRIBUTION,0,cache/market.json.gz; B3,0.0,751.6157105372178,,,
V0,2022-11-22,02474103000119,TBLE3,765.0612393792268,776.2087939302853,TBLE3_2022-11-22_DISTRIBUTION_344,DISTRIBUTION,0,cache/market.json.gz; SQLite corporate_actions/B3,0.0,443.3382444955995,,,
V0,2022-12-01,60872504000123,ITUB4,1037.9340080521742,1038.6391479768133,ITUB4_2022-12-01_DISTRIBUTION_159,DISTRIBUTION,0,cache/market.json.gz; SQLite corporate_actions/B3,0.0,18.319535242120875,,,
V0,2022-12-02,60746948000112,BBDC4,1513.6027535405133,1515.4713497116456,BBDC4_2022-12-02_DISTRIBUTION_562,DISTRIBUTION,0,https://www.bradescori.com.br/informacoes-ao-mercado/remuneracao-aos-acionistas/,0.0,28.720323150305312,,,
V0,2022-12-09,60872504000123,ITUB4,1045.9131333823545,1066.81334082945,ITUB4_2022-12-09_DISTRIBUTION_158,DISTRIBUTION,0,cache/market.json.gz; SQLite corporate_actions/B3,0.0,508.5020471878331,,,
V0,2022-12-13,00000000000191,BBAS3,982.9470161151406,993.60718348015,CONT_179_BBAS3_2022-12-13,DISTRIBUTION,0,cache/market.json.gz; B3,0.0,339.6329322491966,,,
V0,2022-12-22,17155730000164,CMIG4,3315.941627969091,3370.6960195436964,CMIG4_2022-12-22_DISTRIBUTION_657,DISTRIBUTION,0,https://api.mziq.com/mzfilemanager/v2/d/716a131f-9624-452c-9088-0cd6983c1349/a2eb9f5f-37e1-8913-c1eb-c4281b5e23b2?origin=2,0.0,600.6556755734205,,,
V0,2022-12-22,02558115000121,TIMS3,2508.119530698527,2546.5082618819993,CONT_2775_TIMS3_2022-12-22,DISTRIBUTION,0,https://api.mziq.com/mzfilemanager/v2/d/4c4aa51f-1235-4aa1-8b83-adc92e8dacc3/cb7f9c33-0c95-4504-aef8-f40895087360?origin=2,0.0,471.4136189330393,,,
V0,2022-12-23,02474103000119,TBLE3,778.3534230479443,783.3623438405385,TBLE3_2022-12-23_DISTRIBUTION_343,DISTRIBUTION,0,cache/market.json.gz; SQLite corporate_actions/B3,0.0,190.78979298991652,,,
V0,2022-12-27,02998611000104,TRPL4,1241.6952862906937,1300.0145629899148,CONT_1374_TRPL4_2022-12-27,DISTRIBUTION,0,cache/market.json.gz; B3,0.0,1319.1820389363781,,,
V0,2022-12-28,17155730000164,CMIG4,3370.6960195436964,3441.389711993284,CMIG4_2022-12-28_DISTRIBUTION_658,DISTRIBUTION,0,https://api.mziq.com/mzfilemanager/v2/d/716a131f-9624-452c-9088-0cd6983c1349/a2eb9f5f-37e1-8913-c1eb-c4281b5e23b2?origin=2,0.0,789.6485446618957,,,
V0,2023-01-02,28195667000106,ABCB4,1937.925406810521,1976.4962728955072,CONT_7_ABCB4_2023-01-02,DISTRIBUTION,0,cache/market.json.gz; B3,0.0,717.0324005198928,,,
V0,2023-01-02,60872504000123,ITUB4,1066.81334082945,1067.5821956871732,ITUB4_2023-01-02_DISTRIBUTION_157,DISTRIBUTION,0,cache/market.json.gz; SQLite corporate_actions/B3,0.0,18.82925546563979,,,
V0,2023-01-02,02558157000162,VIVT3,720.3021965374248,740.708258078198,CONT_2777_VIVT3_2023-01-02;CONT_2778_VIVT3_2023-01-02,DISTRIBUTION,0,https://api.mziq.com/mzfilemanager/v2/d/24165f81-24d6-4648-bf9f-66712905d5a2/34b95df5-e8c3-6d48-b667-42e740e0df5e?origin=2,0.0,742.5765794687377,,,
V0,2023-01-02,76484013000145,SAPR4,7769.560973246051,8197.432547225064,CONT_2776_SAPR4_2023-01-02,DISTRIBUTION,0,https://ri.sanepar.com.br/docs/Sanepar-2025-12-18-cW6NmzgB.pdf,0.0,1476.156930227597,,,
V0,2023-01-03,60746948000112,BBDC4,1546.0329656460988,1548.128371376873,BBDC4_2023-01-03_DISTRIBUTION_535,DISTRIBUTION,0,https://www.bradescori.com.br/informacoes-ao-mercado/remuneracao-aos-acionistas/,0.0,29.335680230838285,,,
V0,2023-01-03,03983431000103,ENBR3,1691.8495726742199,1793.5055419885934,CONT_2389_ENBR3_2023-01-03,DISTRIBUTION,0,EDP_RI;EDP_APR2023,0.0,1946.7118123702542,,,
V0,2023-01-05,01083200000118,NEOE3,1841.209410521378,1873.4565246522222,CONT_2051_NEOE3_2023-01-05,DISTRIBUTION,0,cache/market.json.gz; B3,0.0,467.5831548972406,,,
V0,2023-01-09,60746948000112,BBDC4,1548.128371376873,1610.1604394777385,BBDC4_2023-01-09_DISTRIBUTION_563,DISTRIBUTION,0,https://www.bradescori.com.br/informacoes-ao-mercado/remuneracao-aos-acionistas/,0.0,903.1869115485995,,,
V0,2023-01-11,07859971000130,TAEE4,2561.4060183037227,2659.6869274033575,CONT_2406_TAEE4_2023-01-11,DISTRIBUTION,0,cache/market.json.gz; B3,0.0,1140.058545555764,,,
V0,2023-01-27,90400888000142,SANB4,1761.358094235792,1789.2271442179624,CONT_2280_SANB4_2023-01-27,DISTRIBUTION,0,cache/market.json.gz; B3,0.0,422.21610722988225,,,
V0,2023-02-01,60872504000123,ITUB4,1075.852238056241,1076.6123978641551,ITUB4_2023-02-01_DISTRIBUTION_156,DISTRIBUTION,0,cache/market.json.gz; SQLite corporate_actions/B3,0.0,18.988792001692655,,,
V0,2023-02-02,60746948000112,BBDC4,1644.9954272518655,1647.2345573837147,BBDC4_2023-02-02_DISTRIBUTION_536,DISTRIBUTION,0,https://www.bradescori.com.br/informacoes-ao-mercado/remuneracao-aos-acionistas/,0.0,31.21347403797754,,,
V0,2023-02-15,17344597000194,BBSE3,1371.56407384057,1443.7880159812998,CONT_2554_BBSE3_2023-02-15,DISTRIBUTION,0,BBSE_DIV,0.0,2523.5045383971,,,
V0,2023-02-24,00000000000191,BBAS3,993.60718348015,1007.9956267190533,CONT_177_BBAS3_2023-02-24;CONT_178_BBAS3_2023-02-24,DISTRIBUTION,0,cache/market.json.gz; B3,0.0,582.4441823108098,,,
V0,2023-03-01,60872504000123,ITUB4,1084.8528850472333,1085.6187911840766,ITUB4_2023-03-01_DISTRIBUTION_155,DISTRIBUTION,0,cache/market.json.gz; SQLite corporate_actions/B3,0.0,19.147653421083668,,,
V0,2023-03-01,02558157000162,VIVT3,751.0244444164244,752.2575583493801,CONT_2779_VIVT3_2023-03-01,DISTRIBUTION,0,https://api.mziq.com/mzfilemanager/v2/d/24165f81-24d6-4648-bf9f-66712905d5a2/34b95df5-e8c3-6d48-b667-42e740e0df5e?origin=2,0.0,47.89414515599961,,,
V0,2023-03-02,60746948000112,BBDC4,1688.6855721011195,1691.1908485820948,BBDC4_2023-03-02_DISTRIBUTION_537,DISTRIBUTION,0,https://www.bradescori.com.br/informacoes-ao-mercado/remuneracao-aos-acionistas/,0.0,32.04248619167447,,,
V0,2023-03-14,00000000000191,BBAS3,1007.9956267190533,1017.4558167665899,CONT_176_BBAS3_2023-03-14,DISTRIBUTION,0,cache/market.json.gz; B3,0.0,354.8517286830958,,,
V0,2023-03-23,17281106000103,CSMG3,2159.2226145955187,2300.7224933023163,CONT_2456_CSMG3_2023-03-23;CONT_2457_CSMG3_2023-03-23,DISTRIBUTION,0,CSMG_RI_V4,0.0,2146.553159982118,,,
V0,2023-03-24,60872504000123,ITUB4,1093.6721168135334,1106.0124309653486,ITUB4_2023-03-24_DISTRIBUTION_154,DISTRIBUTION,0,cache/market.json.gz; SQLite corporate_actions/B3,0.0,286.5420946051458,,,
V0,2023-03-28,17155730000164,CMIG4,3441.389711993284,3471.7116955235015,CMIG4_2023-03-28_DISTRIBUTION_392,DISTRIBUTION,0,cache/market.json.gz; SQLite corporate_actions/B3,0.0,331.7224998205772,,,
V0,2023-04-03,60872504000123,ITUB4,1106.0124309653486,1106.8247954849714,ITUB4_2023-04-03_DISTRIBUTION_153,DISTRIBUTION,0,cache/market.json.gz; SQLite corporate_actions/B3,0.0,19.5211194065384,,,
V0,2023-04-03,02558157000162,VIVT3,756.4777390221949,759.941143918764,CONT_2780_VIVT3_2023-04-03,DISTRIBUTION,0,https://api.mziq.com/mzfilemanager/v2/d/24165f81-24d6-4648-bf9f-66712905d5a2/34b95df5-e8c3-6d48-b667-42e740e0df5e?origin=2,0.0,132.0249946572168,,,
V0,2023-04-04,60746948000112,BBDC4,1731.2663497947576,1733.772104815008,BBDC4_2023-04-04_DISTRIBUTION_538,DISTRIBUTION,0,https://www.bradescori.com.br/informacoes-ao-mercado/remuneracao-aos-acionistas/,0.0,32.850448315482716,,,
V0,2023-04-11,02558115000121,TIMS3,2577.334128081039,2626.472540315327,CONT_2781_TIMS3_2023-04-11,DISTRIBUTION,0,https://api.mziq.com/mzfilemanager/v2/d/4c4aa51f-1235-4aa1-8b83-adc92e8dacc3/65baccdd-ad03-3938-5dcf-db9a05043e8c?origin=2,0.0,638.7993590457402,,,
V0,2023-04-12,03983431000103,ENBR3,1793.5055419885934,1815.5352330432029,CONT_2390_ENBR3_2023-04-12,DISTRIBUTION,0,EDP_RI;EDP_APR2023,0.0,483.1111248275865,,,
V0,2023-04-14,02558157000162,VIVT3,764.7887092733013,774.1979968378861,CONT_2782_VIVT3_2023-04-14,DISTRIBUTION,0,https://api.mziq.com/mzfilemanager/v2/d/24165f81-24d6-4648-bf9f-66712905d5a2/34b95df5-e8c3-6d48-b667-42e740e0df5e?origin=2,0.0,380.51158911180977,,,
V0,2023-04-25,90400888000142,SANB4,1853.38701012449,1880.8410777260199,CONT_2279_SANB4_2023-04-25,DISTRIBUTION,0,cache/market.json.gz; B3,0.0,391.4950039978156,,,
V0,2023-04-26,02558115000121,TIMS3,2626.472540315327,2644.4381082874124,CONT_2783_TIMS3_2023-04-26,DISTRIBUTION,0,https://api.mziq.com/mzfilemanager/v2/d/4c4aa51f-1235-4aa1-8b83-adc92e8dacc3/1bb47dfa-27fa-b744-32bc-1c8d88460d5e?origin=2,0.0,249.5417391322632,,,
V0,2023-04-28,17155730000164,CMIG4,3471.7116955235015,3487.6042443352803,CMIG4_2023-04-28_DISTRIBUTION_391,DISTRIBUTION,0,cache/market.json.gz; SQLite corporate_actions/B3,0.0,196.27297782547095,,,
V0,2023-04-28,01083200000118,NEOE3,1921.675721667288,1994.294270220952,CONT_2050_NEOE3_2023-04-28,DISTRIBUTION,0,cache/market.json.gz; B3,0.0,1121.9565751541104,,,
V0,2023-05-02,03220438000173,EQTL3,1204.623049178957,1220.4139880258722,CONT_1117_EQTL3_2023-05-02,DISTRIBUTION,0,cache/market.json.gz; B3,0.0,421.6180672126349,,,
V0,2023-05-02,60872504000123,ITUB4,1116.7688774689252,1117.5604827174122,ITUB4_2023-05-02_DISTRIBUTION_152,DISTRIBUTION,0,cache/market.json.gz; SQLite corporate_actions/B3,0.0,19.71097068732653,,,
V0,2023-05-02,43776517000180,SBSP3,769.3480979024471,791.4184255311234,CONT_2438_SBSP3_2023-05-02,DISTRIBUTION,0,SBSP_2021;SBSP_2022;SBSP_2023;SBSP_2024,0.0,981.6881729235225,,,
V0,2023-05-02,02429144000193,CPFE3,1157.8244236635123,1203.5581398282313,CONT_838_CPFE3_2023-05-02,DISTRIBUTION,0,cache/market.json.gz; B3,0.0,1429.1786301474704,,,
V0,2023-05-03,60746948000112,BBDC4,1769.3756520329516,1771.8173658545209,BBDC4_2023-05-03_DISTRIBUTION_539,DISTRIBUTION,0,https://www.bradescori.com.br/informacoes-ao-mercado/remuneracao-aos-acionistas/,0.0,33.573565046575716,,,
V0,2023-05-04,07859971000130,TAEE4,2686.851876342049,2692.5617480343426,CONT_2405_TAEE4_2023-05-04,DISTRIBUTION,0,cache/market.json.gz; B3,0.0,67.71907827060157,,,
V0,2023-05-09,02474103000119,TBLE3,796.4468004902611,829.8683456244381,TBLE3_2023-05-09_DISTRIBUTION_342,DISTRIBUTION,0,cache/market.json.gz; SQLite corporate_actions/B3,0.0,1420.4156682025214,,,
V0,2023-06-01,60872504000123,ITUB4,1127.406717732188,1128.151988465071,ITUB4_2023-06-01_DISTRIBUTION_151,DISTRIBUTION,0,cache/market.json.gz; SQLite corporate_actions/B3,0.0,19.89872856797312,,,
V0,2023-06-01,02558157000162,VIVT3,777.414931420194,781.1099857735652,CONT_2784_VIVT3_2023-06-01,DISTRIBUTION,0,https://api.mziq.com/mzfilemanager/v2/d/24165f81-24d6-4648-bf9f-66712905d5a2/34b95df5-e8c3-6d48-b667-42e740e0df5e?origin=2,0.0,149.87140457273838,,,
V0,2023-06-02,00000000000191,BBAS3,1017.4558167665899,1035.084488044595,CONT_174_BBAS3_2023-06-02;CONT_175_BBAS3_2023-06-02,DISTRIBUTION,0,cache/market.json.gz; B3,0.0,790.998480244085,,,
V0,2023-06-02,60746948000112,BBDC4,1798.0137327493323,1800.1407257143135,BBDC4_2023-06-02_DISTRIBUTION_540,DISTRIBUTION,0,https://www.bradescori.com.br/informacoes-ao-mercado/remuneracao-aos-acionistas/,0.0,34.11696715829562,,,
V0,2023-06-13,00000000000191,BBAS3,1035.084488044595,1042.293703319623,CONT_173_BBAS3_2023-06-13,DISTRIBUTION,0,cache/market.json.gz; B3,0.0,350.5120466718621,,,
V0,2023-06-20,60872504000123,ITUB4,1136.057405774576,1146.5766021291577,ITUB4_2023-06-20_DISTRIBUTION_150,DISTRIBUTION,0,cache/market.json.gz; SQLite corporate_actions/B3,0.0,302.5320871577696,,,
V0,2023-06-22,17281106000103,CSMG3,2300.7224933023163,2339.0020224277973,CONT_2458_CSMG3_2023-06-22,DISTRIBUTION,0,CSMG_RI_V4,0.0,779.7540082860518,,,
V0,2023-06-23,02558115000121,TIMS3,2644.4381082874124,2666.2407082508007,CONT_2785_TIMS3_2023-06-23,DISTRIBUTION,0,https://api.mziq.com/mzfilemanager/v2/d/4c4aa51f-1235-4aa1-8b83-adc92e8dacc3/f9bfbb53-bd62-8696-5738-d8d4278047c5?origin=2;https://api.mziq.com/mzfilemanager/v2/d/4c4aa51f-1235-4aa1-8b83-adc92e8dacc3/83680557-8387-d00f-24f1-bfd20a1effa5?origin=2,0.0,316.7917774680304,,,
V0,2023-06-26,17155730000164,CMIG4,3487.6042443352803,3514.3555215720894,CMIG4_2023-06-26_DISTRIBUTION_390,DISTRIBUTION,0,cache/market.json.gz; SQLite corporate_actions/B3,0.0,338.136144273268,,,
V0,2023-06-27,60746948000112,BBDC4,1800.1407257143135,1821.7926645210016,BBDC4_2023-06-27_DISTRIBUTION_541,DISTRIBUTION,0,https://www.bradescori.com.br/informacoes-ao-mercado/remuneracao-aos-acionistas/,0.0,354.4422382654829,,,
V0,2023-06-30,02149205000169,PSSA3,1363.1463992253434,1391.718607562501,CONT_2786_PSSA3_2023-06-30,DISTRIBUTION,0,https://api.mziq.com/mzfilemanager/v2/d/b77a3922-d280-4451-b3ee-0afec4577834/48f3e545-5f5b-0f87-1454-e0d6df50b7a5?origin=2;https://api.mziq.com/mzfilemanager/v2/d/b77a3922-d280-4451-b3ee-0afec4577834/3ada0e5c-8000-0a0c-803a-056115098836?origin=2,0.0,803.4504984408668,,,
V0,2023-07-03,28195667000106,ABCB4,1995.336045588527,2086.989943067209,CONT_6_ABCB4_2023-07-03,DISTRIBUTION,0,cache/market.json.gz; B3,0.0,1668.1009341120084,,,
V0,2023-07-03,60872504000123,ITUB4,1146.5766021291577,1147.275396225414,ITUB4_2023-07-03_DISTRIBUTION_149,DISTRIBUTION,0,cache/market.json.gz; SQLite corporate_actions/B3,0.0,20.23707702757963,,,
V0,2023-07-03,76484013000145,SAPR4,8448.726994151451,8813.441670854018,CONT_2787_SAPR4_2023-07-03,DISTRIBUTION,0,https://ri.sanepar.com.br/docs/Sanepar-2025-12-18-cW6NmzgB.pdf,0.0,1550.037375985907,,,
V0,2023-07-03,01083200000118,NEOE3,2018.1279005277686,2049.3790377615346,CONT_2049_NEOE3_2023-07-03,DISTRIBUTION,0,cache/market.json.gz; B3,0.0,644.3984497602548,,,
V0,2023-07-04,60746948000112,BBDC4,1848.1554860108558,1850.2757035047712,BBDC4_2023-07-04_DISTRIBUTION_542,DISTRIBUTION,0,https://www.bradescori.com.br/informacoes-ao-mercado/remuneracao-aos-acionistas/,0.0,35.06839734935816,,,
V0,2023-07-21,90400888000142,SANB4,1948.745405865016,1974.803866475192,CONT_2278_SANB4_2023-07-21,DISTRIBUTION,0,cache/market.json.gz; B3,0.0,411.7236776407814,,,
V0,2023-08-01,60872504000123,ITUB4,1153.8902121020894,1154.599587310853,ITUB4_2023-08-01_DISTRIBUTION_148,DISTRIBUTION,0,cache/market.json.gz; SQLite corporate_actions/B3,0.0,20.366162243601877,,,
V0,2023-08-01,02558157000162,VIVT3,793.2050404196675,797.7745480290837,CONT_2788_VIVT3_2023-08-01,DISTRIBUTION,0,https://api.mziq.com/mzfilemanager/v2/d/24165f81-24d6-4648-bf9f-66712905d5a2/34b95df5-e8c3-6d48-b667-42e740e0df5e?origin=2,0.0,193.74712263924445,,,
V0,2023-08-02,60746948000112,BBDC4,1875.885512832129,1878.0207599414186,BBDC4_2023-08-02_DISTRIBUTION_543,DISTRIBUTION,0,https://www.bradescori.com.br/informacoes-ao-mercado/remuneracao-aos-acionistas/,0.0,35.594569311856695,,,
V0,2023-08-08,07859971000130,TAEE4,2753.053745175827,2823.5731627065898,CONT_2403_TAEE4_2023-08-08;CONT_2404_TAEE4_2023-08-08,DISTRIBUTION,0,cache/market.json.gz; B3,0.0,834.9499035642303,,,
V0,2023-08-17,17344597000194,BBSE3,1443.7880159812998,1522.0444788802477,CONT_2553_BBSE3_2023-08-17,DISTRIBUTION,0,BBSE_DIV,0.0,2321.086689582793,,,
V0,2023-08-18,02429144000193,CPFE3,1204.024377373189,1231.4344975874437,CONT_837_CPFE3_2023-08-18,DISTRIBUTION,0,cache/market.json.gz; B3,0.0,943.1822365725006,,,
V0,2023-08-22,00000000000191,BBAS3,1042.293703319623,1056.8272177345857,CONT_171_BBAS3_2023-08-22;CONT_172_BBAS3_2023-08-22,DISTRIBUTION,0,cache/market.json.gz; B3,0.0,697.1726864857544,,,
V0,2023-08-22,02474103000119,TBLE3,835.9709080388033,855.0265618637998,TBLE3_2023-08-22_DISTRIBUTION_341,DISTRIBUTION,0,cache/market.json.gz; SQLite corporate_actions/B3,0.0,786.0457202811046,,,
V0,2023-09-01,60872504000123,ITUB4,1160.5264438910197,1161.2672501020386,ITUB4_2023-09-01_DISTRIBUTION_147,DISTRIBUTION,0,cache/market.json.gz; SQLite corporate_actions/B3,0.0,20.483291734676495,,,
V0,2023-09-01,02558157000162,VIVT3,804.1826084674568,807.2691107696182,CONT_2789_VIVT3_2023-09-01,DISTRIBUTION,0,https://api.mziq.com/mzfilemanager/v2/d/24165f81-24d6-4648-bf9f-66712905d5a2/34b95df5-e8c3-6d48-b667-42e740e0df5e?origin=2,0.0,128.64541595408846,,,
V0,2023-09-04,60746948000112,BBDC4,1878.0207599414186,1880.4123763989974,BBDC4_2023-09-04_DISTRIBUTION_544,DISTRIBUTION,0,https://www.bradescori.com.br/informacoes-ao-mercado/remuneracao-aos-acionistas/,0.0,35.63508521792327,,,
V0,2023-09-11,60872504000123,XPBR31,20.985973104362117,21.476084244652952,XPBR31_2023-09-11_DISTRIBUTION_687,DISTRIBUTION,0,https://api.mziq.com/mzfilemanager/v2/d/d1820734-8b3f-4a23-8642-331a3a8561a6/974f8122-1809-7583-6d0a-c5e21b2004b8?origin=1,0.0,60.087625799656536,,,
V0,2023-09-12,00000000000191,BBAS3,1056.8272177345857,1064.2942095366427,CONT_170_BBAS3_2023-09-12,DISTRIBUTION,0,cache/market.json.gz; B3,0.0,353.188712237296,,,
V0,2023-09-13,03983431000103,ENBR3,1815.5352330432029,0,EDP_REDEMPTION_20230913,REDEMPTION,0,originals/edp_redemption_2023.bin.gz,43990.41869663681,0.0,,,
V0,2023-09-13,REDEMPTION_CASH,,0,0,EDP_REDEMPTION_20230913,REDEMPTION_CASH,0,Accepted compulsory redemption,,,43990.41869663681,43990.41869663681,INVESTED
V0,2023-09-19,60872504000123,ITUB4,1285.8433769847397,1298.5929212197173,ITUB4_2023-09-19_DISTRIBUTION_146,DISTRIBUTION,0,cache/market.json.gz; SQLite corporate_actions/B3,0.0,346.2776214219904,,,
V0,2023-09-22,02558115000121,TIMS3,2731.481973789391,2763.284606274326,CONT_2790_TIMS3_2023-09-22,DISTRIBUTION,0,https://api.mziq.com/mzfilemanager/v2/d/4c4aa51f-1235-4aa1-8b83-adc92e8dacc3/d33fa338-50a0-bacd-2e30-a8d3cd8573cf?origin=2,0.0,479.5836978728223,,,
V0,2023-09-22,17281106000103,CSMG3,2339.0020224277973,2384.178412440785,CONT_2459_CSMG3_2023-09-22,DISTRIBUTION,0,CSMG_RI_V4,0.0,786.0691862259814,,,
V0,2023-09-25,02558157000162,VIVT3,894.1624574461315,896.6159656562542,CONT_2791_VIVT3_2023-09-25,DISTRIBUTION,0,https://api.mziq.com/mzfilemanager/v2/d/24165f81-24d6-4648-bf9f-66712905d5a2/34b95df5-e8c3-6d48-b667-42e740e0df5e?origin=2,0.0,107.95436124539681,,,
V0,2023-09-26,17155730000164,CMIG4,3514.3555215720894,3541.099386318717,CMIG4_2023-09-26_DISTRIBUTION_389,DISTRIBUTION,0,cache/market.json.gz; SQLite corporate_actions/B3,0.0,333.7634320379126,,,
V0,2023-09-29,02149205000169,PSSA3,1466.401115612311,1482.6709735043182,CONT_2792_PSSA3_2023-09-29,DISTRIBUTION,0,https://api.mziq.com/mzfilemanager/v2/d/b77a3922-d280-4451-b3ee-0afec4577834/278b0bbf-318b-7e48-5e64-4da0386b1ef5?origin=2;https://api.mziq.com/mzfilemanager/v2/d/b77a3922-d280-4451-b3ee-0afec4577834/3ada0e5c-8000-0a0c-803a-056115098836?origin=2,0.0,427.7345639808682,,,
V0,2023-10-02,76483817000120,CPLE6,5454.695336425668,5565.256651008985,CONT_906_CPLE6_2023-10-02,DISTRIBUTION,0,cache/market.json.gz; B3,0.0,954.1441448540228,,,
V0,2023-10-02,60872504000123,ITUB4,1298.5929212197173,1299.4437068566708,ITUB4_2023-10-02_DISTRIBUTION_145,DISTRIBUTION,0,cache/market.json.gz; SQLite corporate_actions/B3,0.0,22.92016505952801,,,
V0,2023-10-03,60746948000112,BBDC4,2423.962740752042,2427.2692993450605,BBDC4_2023-10-03_DISTRIBUTION_545,DISTRIBUTION,0,https://www.bradescori.com.br/informacoes-ao-mercado/remuneracao-aos-acionistas/,0.0,45.99423002888651,,,
V0,2023-10-20,90400888000142,SANB4,2545.7840518503817,2584.6490123801123,CONT_2276_SANB4_2023-10-20;CONT_2277_SANB4_2023-10-20,DISTRIBUTION,0,cache/market.json.gz; B3,0.0,537.8910537314727,,,
V0,2023-10-24,02558157000162,VIVT3,900.9094475023217,902.6903257843582,CONT_2793_VIVT3_2023-10-24,DISTRIBUTION,0,https://api.mziq.com/mzfilemanager/v2/d/24165f81-24d6-4648-bf9f-66712905d5a2/34b95df5-e8c3-6d48-b667-42e740e0df5e?origin=2,0.0,81.59984288291078,,,
V0,2023-11-01,60872504000123,ITUB4,1314.0717683816845,1314.9250931319398,ITUB4_2023-11-01_DISTRIBUTION_144,DISTRIBUTION,0,cache/market.json.gz; SQLite corporate_actions/B3,0.0,23.19336671193673,,,
V0,2023-11-03,60746948000112,BBDC4,2454.34042310558,2457.4934793513085,BBDC4_2023-11-03_DISTRIBUTION_546,DISTRIBUTION,0,https://www.bradescori.com.br/informacoes-ao-mercado/remuneracao-aos-acionistas/,0.0,46.570640749407566,,,
V0,2023-11-14,07859971000130,TAEE4,3272.1428895382933,3325.9785307771876,CONT_2401_TAEE4_2023-11-14;CONT_2402_TAEE4_2023-11-14,DISTRIBUTION,0,cache/market.json.gz; B3,0.0,647.642764103898,,,
V0,2023-11-22,00000000000191,BBAS3,1064.2942095366427,1080.7915155838664,CONT_168_BBAS3_2023-11-22;CONT_169_BBAS3_2023-11-22,DISTRIBUTION,0,cache/market.json.gz; B3,0.0,838.8880125013253,,,
V0,2023-12-01,60872504000123,ITUB4,1321.1099983734682,1321.8502393725569,ITUB4_2023-12-01_DISTRIBUTION_143,DISTRIBUTION,0,cache/market.json.gz; SQLite corporate_actions/B3,0.0,23.317591471291713,,,
V0,2023-12-04,60746948000112,BBDC4,2474.814506791066,2477.716801758729,BBDC4_2023-12-04_DISTRIBUTION_547,DISTRIBUTION,0,https://www.bradescori.com.br/informacoes-ao-mercado/remuneracao-aos-acionistas/,0.0,46.95913257678968,,,
V0,2023-12-07,60872504000123,ITUB4,1323.5848438341009,1333.934088514352,ITUB4_2023-12-07_DISTRIBUTION_142,DISTRIBUTION,0,cache/market.json.gz; SQLite corporate_actions/B3,0.0,327.2431167895431,,,
V0,2023-12-12,00000000000191,BBAS3,1080.7915155838664,1087.838409464896,CONT_167_BBAS3_2023-12-12,DISTRIBUTION,0,cache/market.json.gz; B3,0.0,369.96192875404535,,,
V0,2023-12-12,60872504000123,XPBR31,21.476084244652952,22.166543603015572,XPBR31_2023-12-12_DISTRIBUTION_688,DISTRIBUTION,0,https://api.mziq.com/mzfilemanager/v2/d/d1820734-8b3f-4a23-8642-331a3a8561a6/bcf8391a-ada6-8146-717d-479c39aa4bd9?origin=1,0.0,77.56620431845683,,,
V0,2023-12-14,02998611000104,TRPL4,1619.7250535276933,1753.4237446903041,CONT_1373_TRPL4_2023-12-14,DISTRIBUTION,0,cache/market.json.gz; B3,0.0,3176.6809020236333,,,
V0,2023-12-14,17281106000103,CSMG3,2387.7161436457077,2505.460395859371,CONT_2460_CSMG3_2023-12-14,DISTRIBUTION,0,CSMG_RI_V4,0.0,2345.4655040961807,,,
V0,2023-12-22,60746948000112,BBDC4,2477.716801758729,2579.1430840455055,BBDC4_2023-12-22_DISTRIBUTION_548;BBDC4_2023-12-22_DISTRIBUTION_549,DISTRIBUTION,0,https://www.bradescori.com.br/informacoes-ao-mercado/remuneracao-aos-acionistas/,0.0,1707.0043308864424,,,
V0,2023-12-22,17155730000164,CMIG4,3572.7113957378338,3670.2261026089136,CMIG4_2023-12-22_DISTRIBUTION_388,DISTRIBUTION,0,cache/market.json.gz; SQLite corporate_actions/B3,0.0,1073.6369226505883,,,
V0,2023-12-22,02474103000119,TBLE3,941.0589978286947,944.8112370704753,TBLE3_2023-12-22_DISTRIBUTION_340,DISTRIBUTION,0,cache/market.json.gz; SQLite corporate_actions/B3,0.0,167.2373030061585,,,
V0,2023-12-22,02558115000121,TIMS3,2763.284606274326,2805.0805100376015,CONT_2794_TIMS3_2023-12-22,DISTRIBUTION,0,https://api.mziq.com/mzfilemanager/v2/d/4c4aa51f-1235-4aa1-8b83-adc92e8dacc3/91b24dc2-38fd-230c-4323-946e884a2ae0?origin=2,0.0,747.7287183250011,,,
V0,2023-12-22,17281106000103,CSMG3,2505.460395859371,2534.9293722703314,CONT_2461_CSMG3_2023-12-22,DISTRIBUTION,0,CSMG_RI_V4,0.0,605.2927754811201,,,
V0,2023-12-27,02558157000162,VIVT3,902.6903257843582,911.3299829025991,CONT_2795_VIVT3_2023-12-27,DISTRIBUTION,0,https://api.mziq.com/mzfilemanager/v2/d/24165f81-24d6-4648-bf9f-66712905d5a2/34b95df5-e8c3-6d48-b667-42e740e0df5e?origin=2,0.0,464.2951735342673,,,
V0,2023-12-28,02149205000169,PSSA3,1502.2652433007875,1529.9803484470324,CONT_2796_PSSA3_2023-12-28,DISTRIBUTION,0,https://api.mziq.com/mzfilemanager/v2/d/b77a3922-d280-4451-b3ee-0afec4577834/f7090ee5-156b-83e5-90db-4d562bf4c5da?origin=2,0.0,796.5321219030806,,,
V0,2024-01-02,28195667000106,ABCB4,2120.8753725970455,2189.5628136413816,CONT_5_ABCB4_2024-01-02,DISTRIBUTION,0,cache/market.json.gz; B3,0.0,1571.5686510944106,,,
V0,2024-01-02,60872504000123,ITUB4,1333.934088514352,1334.6364732596467,ITUB4_2024-01-02_DISTRIBUTION_141,DISTRIBUTION,0,cache/market.json.gz; SQLite corporate_actions/B3,0.0,23.543936662278313,,,
V0,2024-01-02,76484013000145,SAPR4,8887.939011912222,9082.876069126103,CONT_2797_SAPR4_2024-01-02,DISTRIBUTION,0,https://ri.sanepar.com.br/docs/Sanepar-2025-12-18-cW6NmzgB.pdf,0.0,1113.0905966912649,,,
V0,2024-01-03,60746948000112,BBDC4,2594.0114349595383,2596.9499944533995,BBDC4_2024-01-03_DISTRIBUTION_520,DISTRIBUTION,0,https://www.bradescori.com.br/informacoes-ao-mercado/remuneracao-aos-acionistas/,0.0,49.220871522173155,,,
V0,2024-01-04,07859971000130,TAEE4,3367.872889378541,3427.4079658351684,CONT_2400_TAEE4_2024-01-04,DISTRIBUTION,0,cache/market.json.gz; B3,0.0,742.9977541787083,,,
V0,2024-01-05,01083200000118,NEOE3,2166.2365244605976,2210.076338070764,CONT_2048_NEOE3_2024-01-05,DISTRIBUTION,0,cache/market.json.gz; B3,0.0,902.2233640972266,,,
V0,2024-01-22,90400888000142,SANB4,2621.077036867076,2655.863115957218,CONT_2275_SANB4_2024-01-22,DISTRIBUTION,0,cache/market.json.gz; B3,0.0,553.0986575332569,,,
V0,2024-02-01,60872504000123,ITUB4,1335.3173152073891,1336.0382803531038,ITUB4_2024-02-01_DISTRIBUTION_140,DISTRIBUTION,0,cache/market.json.gz; SQLite corporate_actions/B3,0.0,23.568350613410416,,,
V0,2024-02-02,60746948000112,BBDC4,2617.865299921958,2621.107695095179,BBDC4_2024-02-02_DISTRIBUTION_521,DISTRIBUTION,0,https://www.bradescori.com.br/informacoes-ao-mercado/remuneracao-aos-acionistas/,0.0,49.673494053746865,,,
V0,2024-02-09,17344597000194,BBSE3,1522.0444788802477,1579.6897927282612,CONT_2552_BBSE3_2024-02-09,DISTRIBUTION,0,BBSE_DIV,0.0,1890.1898410763604,,,
V0,2024-02-22,00000000000191,BBAS3,1087.838409464896,1099.5319632978405,CONT_165_BBAS3_2024-02-22;CONT_166_BBAS3_2024-02-22,DISTRIBUTION,0,cache/market.json.gz; B3,0.0,679.3954776940787,,,
V0,2024-02-22,60872504000123,ITUB4,1337.81014758925,1381.8734860642603,ITUB4_2024-02-22_DISTRIBUTION_139,DISTRIBUTION,0,cache/market.json.gz; SQLite corporate_actions/B3,0.0,1505.2036423063548,,,
V0,2024-03-01,60872504000123,ITUB4,1381.8734860642603,1382.5893671041497,ITUB4_2024-03-01_DISTRIBUTION_138,DISTRIBUTION,0,cache/market.json.gz; SQLite corporate_actions/B3,0.0,24.390067029034192,,,
V0,2024-03-04,60746948000112,BBDC4,2653.7938119301475,2657.4828398207524,BBDC4_2024-03-04_DISTRIBUTION_522,DISTRIBUTION,0,https://www.bradescori.com.br/informacoes-ao-mercado/remuneracao-aos-acionistas/,0.0,50.355230706756466,,,
V0,2024-03-12,00000000000191,BBAS3,1099.5319632978405,1107.3591940942433,CONT_164_BBAS3_2024-03-12,DISTRIBUTION,0,cache/market.json.gz; B3,0.0,450.84849387280195,,,
V0,2024-03-22,60872504000123,ITUB4,1382.5893671041497,1392.503664523064,ITUB4_2024-03-22_DISTRIBUTION_137,DISTRIBUTION,0,cache/market.json.gz; SQLite corporate_actions/B3,0.0,334.3101089657834,,,
V0,2024-03-25,02558115000121,TIMS3,2805.0805100376015,2818.015832630093,CONT_2798_TIMS3_2024-03-25,DISTRIBUTION,0,https://api.mziq.com/mzfilemanager/v2/d/4c4aa51f-1235-4aa1-8b83-adc92e8dacc3/c868d86f-70be-ac1e-09f4-aa649775ffce?origin=2;https://api.mziq.com/mzfilemanager/v2/d/4c4aa51f-1235-4aa1-8b83-adc92e8dacc3/faf16da3-dab4-e1dd-f656-258905eb9fb1?origin=2,0.0,231.8009808574505,,,
V0,2024-03-26,17281106000103,CSMG3,2534.9293722703314,2639.135793963174,CONT_2462_CSMG3_2024-03-26;CONT_2463_CSMG3_2024-03-26;CONT_2464_CSMG3_2024-03-26,DISTRIBUTION,0,CSMG_RI_V4,0.0,2213.344396755977,,,
V0,2024-03-27,17155730000164,CMIG4,3723.9156730099057,3749.859819465991,CMIG4_2024-03-27_DISTRIBUTION_387,DISTRIBUTION,0,cache/market.json.gz; SQLite corporate_actions/B3,0.0,326.89624534667786,,,
V0,2024-04-01,60872504000123,ITUB4,1392.503664523064,1393.2386432814021,ITUB4_2024-04-01_DISTRIBUTION_136,DISTRIBUTION,0,cache/market.json.gz; SQLite corporate_actions/B3,0.0,24.577689678832076,,,
V0,2024-04-01,02149205000169,PSSA3,1552.3481150670773,1572.114850351692,CONT_2799_PSSA3_2024-04-01;CONT_2800_PSSA3_2024-04-01,DISTRIBUTION,0,https://api.mziq.com/mzfilemanager/v2/d/b77a3922-d280-4451-b3ee-0afec4577834/595d4d3e-f1bf-31d5-9d2d-53b9f100a5b7?origin=2;https://api.mziq.com/mzfilemanager/v2/d/b77a3922-d280-4451-b3ee-0afec4577834/a730da5f-6984-07cc-1fac-1fab6adcd8e6?origin=2;https://api.mziq.com/mzfilemanager/v2/d/b77a3922-d280-4451-b3ee-0afec4577834/c51162ba-772b-3276-e991-5239fc18f0bc?origin=2;https://api.mziq.com/mzfilemanager/v2/d/b77a3922-d280-4451-b3ee-0afec4577834/ba54f038-ceec-de5f-c468-8a33b22d345a?origin=2;https://api.mziq.com/mzfilemanager/v2/d/b77a3922-d280-4451-b3ee-0afec4577834/b5cca7ab-60ac-611f-1138-e8ff6eeaf480?origin=2;https://api.mziq.com/mzfilemanager/v2/d/b77a3922-d280-4451-b3ee-0afec4577834/12d0f45e-e5c8-5f7a-dbc5-3e171187dab9?origin=2,0.0,610.001450883208,,,
V0,2024-04-01,02558157000162,VIVT3,911.4002180492616,914.6564673188752,CONT_2801_VIVT3_2024-04-01,DISTRIBUTION,0,https://api.mziq.com/mzfilemanager/v2/d/24165f81-24d6-4648-bf9f-66712905d5a2/34b95df5-e8c3-6d48-b667-42e740e0df5e?origin=2,0.0,165.4500253890643,,,
V0,2024-04-02,60746948000112,BBDC4,2684.177814654705,2687.767086068032,BBDC4_2024-04-02_DISTRIBUTION_523,DISTRIBUTION,0,https://www.bradescori.com.br/informacoes-ao-mercado/remuneracao-aos-acionistas/,0.0,50.931761355110424,,,
V0,2024-04-10,02558115000121,TIMS3,2818.015832630093,2903.754893063374,CONT_2802_TIMS3_2024-04-10;CONT_2803_TIMS3_2024-04-10;CONT_2804_TIMS3_2024-04-10,DISTRIBUTION,0,https://api.mziq.com/mzfilemanager/v2/d/4c4aa51f-1235-4aa1-8b83-adc92e8dacc3/1c513fe5-4ad4-c0cd-56b1-b8cf5e09401c?origin=2;https://api.mziq.com/mzfilemanager/v2/d/4c4aa51f-1235-4aa1-8b83-adc92e8dacc3/1c513fe5-4ad4-c0cd-56b1-b8cf5e09401c?origin=2;https://api.mziq.com/mzfilemanager/v2/d/4c4aa51f-1235-4aa1-8b83-adc92e8dacc3/56b8f088-3226-1f4d-1e20-01d4c3f66c49?origin=2,0.0,1525.2978851080652,,,
V0,2024-04-11,02558157000162,VIVT3,915.5424523192535,932.371328511915,CONT_2805_VIVT3_2024-04-11,DISTRIBUTION,0,https://api.mziq.com/mzfilemanager/v2/d/24165f81-24d6-4648-bf9f-66712905d5a2/34b95df5-e8c3-6d48-b667-42e740e0df5e?origin=2,0.0,831.0099063936234,,,
V0,2024-04-16,00000000000191,BBAS3,1107.3591940942433,2214.7183881884866,CONT_146_BBAS3_2024-04-16,SHARES,0,cache/market.json.gz; B3,0.0,0.0,,,
V0,2024-04-22,01083200000118,NEOE3,2219.8000866079774,2248.2985048186297,CONT_2047_NEOE3_2024-04-22,DISTRIBUTION,0,cache/market.json.gz; B3,0.0,551.4443923761183,,,
V0,2024-04-22,90400888000142,SANB4,2712.0876761768473,2752.4303112193625,CONT_2274_SANB4_2024-04-22,DISTRIBUTION,0,cache/market.json.gz; B3,0.0,571.655138552443,,,
V0,2024-04-23,76483817000120,CPLE6,5565.256651008985,5592.838503604504,CONT_905_CPLE6_2024-04-23,DISTRIBUTION,0,cache/market.json.gz; B3,0.0,254.3046809306881,,,
V0,2024-04-23,02998609000127,AESB3,3542.212109343783,3570.9393763307266,CONT_27_AESB3_2024-04-23,DISTRIBUTION,0,cache/market.json.gz; B3,0.0,264.2908562798815,,,
V0,2024-04-26,43776517000180,SBSP3,791.4184255311234,805.2696904173328,CONT_2439_SBSP3_2024-04-26,DISTRIBUTION,0,SBSP_2021;SBSP_2022;SBSP_2023;SBSP_2024,0.0,1139.95910013503,,,
V0,2024-04-29,02429144000193,CPFE3,1245.0316168195723,1350.9564834862742,CONT_836_CPFE3_2024-04-29,DISTRIBUTION,0,cache/market.json.gz; B3,0.0,3428.7879340011423,,,
V0,2024-04-29,17281106000103,CSMG3,2639.135793963174,2739.715087867632,CONT_2465_CSMG3_2024-04-29,DISTRIBUTION,0,CSMG_RI_V4,0.0,2088.026141456554,,,
V0,2024-04-30,17155730000164,CMIG4,3750.145149043607,4921.685236355534,CMIG4_2024-04-30_DISTRIBUTION_386;CMIG4_2024-04-30_SHARES_680,DISTRIBUTION;SHARES,0,cache/market.json.gz; SQLite corporate_actions/B3;https://api.mziq.com/mzfilemanager/v2/d/716a131f-9624-452c-9088-0cd6983c1349/a2eb9f5f-37e1-8913-c1eb-c4281b5e23b2?origin=2; owned_capital_events_fre.json; B3 2024-04-29,0.0,454.27121120293526,,,
V0,2024-04-30,02558157000162,VIVT3,932.371328511915,936.903082285592,CONT_2806_VIVT3_2024-04-30,DISTRIBUTION,0,https://api.mziq.com/mzfilemanager/v2/d/24165f81-24d6-4648-bf9f-66712905d5a2/34b95df5-e8c3-6d48-b667-42e740e0df5e?origin=2,0.0,214.53322364586947,,,
V0,2024-05-02,03220438000173,EQTL3,1273.518286301623,1292.4942767254674,CONT_1116_EQTL3_2024-05-02,DISTRIBUTION,0,cache/market.json.gz; B3,0.0,573.0749108001027,,,
V0,2024-05-02,60872504000123,ITUB4,1393.2386432814021,1394.0119345409591,ITUB4_2024-05-02_DISTRIBUTION_135,DISTRIBUTION,0,cache/market.json.gz; SQLite corporate_actions/B3,0.0,24.590662053916745,,,
V0,2024-05-03,60746948000112,BBDC4,2718.5731658111235,2722.3165915421678,BBDC4_2024-05-03_DISTRIBUTION_524,DISTRIBUTION,0,https://www.bradescori.com.br/informacoes-ao-mercado/remuneracao-aos-acionistas/,0.0,51.5844065737914,,,
V0,2024-05-06,07859971000130,TAEE4,3504.1790768535634,3615.380494344206,CONT_2399_TAEE4_2024-05-06,DISTRIBUTION,0,cache/market.json.gz; B3,0.0,1323.2968681386462,,,
V0,2024-05-07,02474103000119,TBLE3,984.9034313684257,1013.6693908161382,TBLE3_2024-05-07_DISTRIBUTION_339,DISTRIBUTION,0,cache/market.json.gz; SQLite corporate_actions/B3,0.0,1200.4034877530428,,,
V0,2024-05-14,07859971000130,TAEE4,3615.380494344206,3658.7394010673797,CONT_2398_TAEE4_2024-05-14,DISTRIBUTION,0,cache/market.json.gz; B3,0.0,506.8656195938989,,,
V0,2024-06-03,60872504000123,ITUB4,1394.9619967538886,1395.744860958744,ITUB4_2024-06-03_DISTRIBUTION_134,DISTRIBUTION,0,cache/market.json.gz; SQLite corporate_actions/B3,0.0,24.62107924270613,,,
V0,2024-06-04,60746948000112,BBDC4,2767.3478140999437,2771.4341873457893,BBDC4_2024-06-04_DISTRIBUTION_525,DISTRIBUTION,0,https://www.bradescori.com.br/informacoes-ao-mercado/remuneracao-aos-acionistas/,0.0,52.50989620911393,,,
V0,2024-06-12,00000000000191,BBAS3,2214.7183881884866,2252.933307849786,CONT_162_BBAS3_2024-06-12;CONT_163_BBAS3_2024-06-12,DISTRIBUTION,0,cache/market.json.gz; B3,0.0,1014.2239678108883,,,
V0,2024-06-14,00000000000191,BBAS3,2252.933307849786,2270.3299089839566,CONT_161_BBAS3_2024-06-14,DISTRIBUTION,0,cache/market.json.gz; B3,0.0,460.1400999988023,,,
V0,2024-06-18,60746948000112,BBDC4,2771.4341873457893,2859.872820385165,BBDC4_2024-06-18_DISTRIBUTION_526,DISTRIBUTION,0,https://www.bradescori.com.br/informacoes-ao-mercado/remuneracao-aos-acionistas/,0.0,1094.8702770274715,,,
V0,2024-06-21,60872504000123,ITUB4,1396.9702789382727,1407.969009804443,ITUB4_2024-06-21_DISTRIBUTION_133,DISTRIBUTION,0,cache/market.json.gz; SQLite corporate_actions/B3,0.0,350.63954001350646,,,
V0,2024-06-24,17155730000164,CMIG4,4921.685236355534,4956.822908313579,CMIG4_2024-06-24_DISTRIBUTION_385,DISTRIBUTION,0,cache/market.json.gz; SQLite corporate_actions/B3,0.0,369.64830899863983,,,
V0,2024-06-24,02558115000121,TIMS3,2906.5965400223067,2929.420541706724,CONT_2807_TIMS3_2024-06-24,DISTRIBUTION,0,https://api.mziq.com/mzfilemanager/v2/d/4c4aa51f-1235-4aa1-8b83-adc92e8dacc3/a9b987e8-5f5b-af7e-b56d-4353e72d5c13?origin=2,0.0,360.6192266137937,,,
V0,2024-06-26,17281106000103,CSMG3,2739.715087867632,2790.5344940290374,CONT_2466_CSMG3_2024-06-26;CONT_2467_CSMG3_2024-06-26,DISTRIBUTION,0,CSMG_RI_V4,0.0,1053.9944837875455,,,
V0,2024-06-27,02558157000162,VIVT3,943.8353851966963,946.0220882515935,CONT_2808_VIVT3_2024-06-27,DISTRIBUTION,0,https://api.mziq.com/mzfilemanager/v2/d/24165f81-24d6-4648-bf9f-66712905d5a2/34b95df5-e8c3-6d48-b667-42e740e0df5e?origin=2,0.0,100.26033506703386,,,
V0,2024-07-01,28195667000106,ABCB4,2043.6780897770839,2119.6386462661812,CONT_4_ABCB4_2024-07-01,DISTRIBUTION,0,cache/market.json.gz; B3,0.0,1604.2869530497355,,,
V0,2024-07-01,60872504000123,ITUB4,1332.7657346496737,1333.495366014952,ITUB4_2024-07-01_DISTRIBUTION_132,DISTRIBUTION,0,cache/market.json.gz; SQLite corporate_actions/B3,0.0,23.52331521656674,,,
V0,2024-07-01,02149205000169,PSSA3,1461.939673914851,1477.2037429370832,CONT_2809_PSSA3_2024-07-01,DISTRIBUTION,0,https://api.mziq.com/mzfilemanager/v2/d/b77a3922-d280-4451-b3ee-0afec4577834/e777cb3f-2ccb-ec02-431c-98d1c9239971?origin=2;https://api.mziq.com/mzfilemanager/v2/d/b77a3922-d280-4451-b3ee-0afec4577834/a730da5f-6984-07cc-1fac-1fab6adcd8e6?origin=2;https://api.mziq.com/mzfilemanager/v2/d/b77a3922-d280-4451-b3ee-0afec4577834/c51162ba-772b-3276-e991-5239fc18f0bc?origin=2,0.0,466.62259000964053,,,
V0,2024-07-01,76484013000145,SAPR4,8094.281378830884,8325.56836744466,CONT_2810_SAPR4_2024-07-01,DISTRIBUTION,0,https://ri.sanepar.com.br/docs/Sanepar-2025-12-18-cW6NmzgB.pdf,0.0,1237.3853890837026,,,
V0,2024-07-02,60746948000112,BBDC4,3669.156842875284,3674.8495289165435,BBDC4_2024-07-02_DISTRIBUTION_527,DISTRIBUTION,0,https://www.bradescori.com.br/informacoes-ao-mercado/remuneracao-aos-acionistas/,0.0,69.62155028460153,,,
V0,2024-07-02,01083200000118,NEOE3,2436.5661231914182,2458.5284138958264,CONT_2046_NEOE3_2024-07-02,DISTRIBUTION,0,cache/market.json.gz; B3,0.0,401.690296983622,,,
V0,2024-07-22,90400888000142,SANB4,3144.388021303018,3188.5546654245118,CONT_2273_SANB4_2024-07-22,DISTRIBUTION,0,cache/market.json.gz; B3,0.0,662.9413282636211,,,
V0,2024-07-23,61186680000174,BMGB4,13294.88599268817,13609.469210543328,CONT_610_BMGB4_2024-07-23,DISTRIBUTION,0,cache/market.json.gz; B3,0.0,1116.7704233858065,,,
V0,2024-07-29,02558157000162,VIVT3,997.9495568518887,1006.1322086157727,CONT_2811_VIVT3_2024-07-29,DISTRIBUTION,0,https://api.mziq.com/mzfilemanager/v2/d/24165f81-24d6-4648-bf9f-66712905d5a2/34b95df5-e8c3-6d48-b667-42e740e0df5e?origin=2,0.0,394.81294760740207,,,
V0,2024-08-01,60872504000123,ITUB4,1337.5579564460984,1338.26541517943,ITUB4_2024-08-01_DISTRIBUTION_131,DISTRIBUTION,0,cache/market.json.gz; SQLite corporate_actions/B3,0.0,23.607897931273634,,,
V0,2024-08-02,60746948000112,BBDC4,3682.7504401180117,3688.274510173024,BBDC4_2024-08-02_DISTRIBUTION_528,DISTRIBUTION,0,https://www.bradescori.com.br/informacoes-ao-mercado/remuneracao-aos-acionistas/,0.0,69.8794861959052,,,
V0,2024-08-16,07859971000130,TAEE4,3970.107831081091,4044.368218668364,CONT_2396_TAEE4_2024-08-16;CONT_2397_TAEE4_2024-08-16,DISTRIBUTION,0,cache/market.json.gz; B3,0.0,857.7074766330056,,,
V0,2024-08-19,17344597000194,BBSE3,1376.8693025796445,1429.9927226858483,CONT_2551_BBSE3_2024-08-19,DISTRIBUTION,0,BBSE_DIV,0.0,1915.0992948286496,,,
V0,2024-08-22,00000000000191,BBAS3,1712.432438485059,1732.0014348329512,CONT_159_BBAS3_2024-08-22;CONT_160_BBAS3_2024-08-22,DISTRIBUTION,0,cache/market.json.gz; B3,0.0,548.1275877044598,,,
V0,2024-08-22,02474103000119,TBLE3,1025.969948874595,1051.463027415474,TBLE3_2024-08-22_DISTRIBUTION_338,DISTRIBUTION,0,cache/market.json.gz; SQLite corporate_actions/B3,0.0,1172.9365436658377,,,
V0,2024-08-26,17155730000164,CMIG4,4575.028605426151,4772.494702998768,CMIG4_2024-08-26_DISTRIBUTION_384,DISTRIBUTION,0,cache/market.json.gz; SQLite corporate_actions/B3,0.0,2270.8601220850937,,,
V0,2024-08-27,02558157000162,VIVT3,1006.1322086157727,1010.8619327399646,CONT_2812_VIVT3_2024-08-27,DISTRIBUTION,0,https://api.mziq.com/mzfilemanager/v2/d/24165f81-24d6-4648-bf9f-66712905d5a2/34b95df5-e8c3-6d48-b667-42e740e0df5e?origin=2,0.0,245.66187101052765,,,
V0,2024-09-02,60872504000123,ITUB4,1340.002666999897,1340.6525995932618,ITUB4_2024-09-02_DISTRIBUTION_130,DISTRIBUTION,0,cache/market.json.gz; SQLite corporate_actions/B3,0.0,23.65104707254818,,,
V0,2024-09-03,60746948000112,BBDC4,3688.274510173024,3692.7179580695383,BBDC4_2024-09-03_DISTRIBUTION_529,DISTRIBUTION,0,https://www.bradescori.com.br/informacoes-ao-mercado/remuneracao-aos-acionistas/,0.0,69.98430437010168,,,
V0,2024-09-12,00000000000191,BBAS3,1736.052040806526,1747.5274479778923,CONT_158_BBAS3_2024-09-12,DISTRIBUTION,0,cache/market.json.gz; B3,0.0,323.9507444476661,,,
V0,2024-09-18,17281106000103,CSMG3,2214.544850130146,2245.0863025303934,CONT_2468_CSMG3_2024-09-18;CONT_2469_CSMG3_2024-09-18,DISTRIBUTION,0,CSMG_RI_V4,0.0,782.1665959703275,,,
V0,2024-09-20,60872504000123,ITUB4,1340.6525995932618,1350.8382758147193,ITUB4_2024-09-20_DISTRIBUTION_129,DISTRIBUTION,0,cache/market.json.gz; SQLite corporate_actions/B3,0.0,365.97134663696863,,,
V0,2024-09-24,17155730000164,CMIG4,4772.494702998768,4807.288468382536,CMIG4_2024-09-24_DISTRIBUTION_383,DISTRIBUTION,0,cache/market.json.gz; SQLite corporate_actions/B3,0.0,394.21336179809146,,,
V0,2024-09-24,02558115000121,TIMS3,2849.309377056967,2868.1044938004934,CONT_2813_TIMS3_2024-09-24,DISTRIBUTION,0,https://api.mziq.com/mzfilemanager/v2/d/4c4aa51f-1235-4aa1-8b83-adc92e8dacc3/fe09b9a3-18a3-e37d-1df3-896ec7b734c4?origin=2,0.0,353.1602436108589,,,
V0,2024-09-30,02149205000169,PSSA3,1484.9937258563,1501.6855749157382,CONT_2814_PSSA3_2024-09-30,DISTRIBUTION,0,https://api.mziq.com/mzfilemanager/v2/d/b77a3922-d280-4451-b3ee-0afec4577834/570ca052-e3e2-0149-87a1-af4b28a97d7e?origin=2;https://api.mziq.com/mzfilemanager/v2/d/b77a3922-d280-4451-b3ee-0afec4577834/a730da5f-6984-07cc-1fac-1fab6adcd8e6?origin=2;https://api.mziq.com/mzfilemanager/v2/d/b77a3922-d280-4451-b3ee-0afec4577834/c51162ba-772b-3276-e991-5239fc18f0bc?origin=2,0.0,608.584816707122,,,
V0,2024-10-01,60746948000112,BBDC4,3692.7179580695383,3742.3717527457156,BBDC4_2024-10-01_DISTRIBUTION_530,DISTRIBUTION,0,https://www.bradescori.com.br/informacoes-ao-mercado/remuneracao-aos-acionistas/,0.0,729.4142437930445,,,
V0,2024-10-01,76483817000120,CPLE6,4865.272355662863,4947.172991510486,CONT_903_CPLE6_2024-10-01;CONT_904_CPLE6_2024-10-01,DISTRIBUTION,0,cache/market.json.gz; B3,0.0,823.9203966270808,,,
V0,2024-10-01,60872504000123,ITUB4,1350.8382758147193,1351.5098897743849,ITUB4_2024-10-01_DISTRIBUTION_128,DISTRIBUTION,0,cache/market.json.gz; SQLite corporate_actions/B3,0.0,23.842295568129796,,,
V0,2024-10-02,60746948000112,BBDC4,3742.3717527457156,3747.0435151940937,BBDC4_2024-10-02_DISTRIBUTION_531,DISTRIBUTION,0,https://www.bradescori.com.br/informacoes-ao-mercado/remuneracao-aos-acionistas/,0.0,71.01078921534517,,,
V0,2024-10-18,90400888000142,SANB4,3202.7348993297765,3247.899004783155,CONT_2271_SANB4_2024-10-18;CONT_2272_SANB4_2024-10-18,DISTRIBUTION,0,cache/market.json.gz; B3,0.0,675.2033765280104,,,
V0,2024-10-22,61186680000174,BMGB4,13609.469210543328,13882.308211422955,CONT_609_BMGB4_2024-10-22,DISTRIBUTION,0,cache/market.json.gz; B3,0.0,1143.1954136856396,,,
V0,2024-11-01,60872504000123,ITUB4,1351.5098897743849,1352.1951569261953,ITUB4_2024-11-01_DISTRIBUTION_127,DISTRIBUTION,0,cache/market.json.gz; SQLite corporate_actions/B3,0.0,23.854149554517893,,,
V0,2024-11-01,02998609000127,AESB3,4054.177644725927,0,AESB_AURE_20241101,CONVERSION,0,originals/aes_auren_2024.bin.gz; B3 OC143/2024; default option1,0.0,0.0,,,
V0,2024-11-01,02998609000127,AURE3,0,3206.359600723085,AESB_AURE_20241101,CONVERSION,0,originals/aes_auren_2024.bin.gz; B3 OC143/2024; default option1,0.0,0.0,,,
V0,2024-11-04,60746948000112,BBDC4,3747.0435151940937,3752.0824545998694,BBDC4_2024-11-04_DISTRIBUTION_532,DISTRIBUTION,0,https://www.bradescori.com.br/informacoes-ao-mercado/remuneracao-aos-acionistas/,0.0,71.09943501549652,,,
V0,2024-11-12,07859971000130,TAEE4,4087.0399466916024,4167.269522173671,CONT_2394_TAEE4_2024-11-12;CONT_2395_TAEE4_2024-11-12,DISTRIBUTION,0,cache/market.json.gz; B3,0.0,911.4079774762972,,,
V0,2024-11-26,00000000000191,BBAS3,1759.2714083602425,1792.3942478841384,CONT_157_BBAS3_2024-11-26,DISTRIBUTION,0,cache/market.json.gz; B3,0.0,850.2632905784051,,,
V0,2024-12-02,60872504000123,ITUB4,1352.1951569261953,1352.93819069082,ITUB4_2024-12-02_DISTRIBUTION_126,DISTRIBUTION,0,cache/market.json.gz; SQLite corporate_actions/B3,0.0,23.866244519747347,,,
V0,2024-12-03,60746948000112,BBDC4,3755.2509584833065,3761.0440617096715,BBDC4_2024-12-03_DISTRIBUTION_533,DISTRIBUTION,0,https://www.bradescori.com.br/informacoes-ao-mercado/remuneracao-aos-acionistas/,0.0,71.25516968428767,,,
V0,2024-12-05,61186680000174,BMGB4,13882.308211422955,14295.972951056265,CONT_608_BMGB4_2024-12-05,DISTRIBUTION,0,cache/market.json.gz; B3,0.0,1638.1123689479086,,,
V0,2024-12-10,60872504000123,ITUB4,1355.9177341750308,1368.6820206717084,ITUB4_2024-12-10_DISTRIBUTION_125;XPBR31_2024-12-10_DISTRIBUTION_689,DISTRIBUTION,0,cache/market.json.gz; SQLite corporate_actions/B3;https://www.sec.gov/Archives/edgar/data/1787425/000095010324016520/dp220822_ex9902.htm,0.0,421.09381152539754,,,
V0,2024-12-10,60872504000123,XPBR31,20.982571039557442,22.039594250306088,ITUB4_2024-12-10_DISTRIBUTION_125;XPBR31_2024-12-10_DISTRIBUTION_689,DISTRIBUTION,0,cache/market.json.gz; SQLite corporate_actions/B3;https://www.sec.gov/Archives/edgar/data/1787425/000095010324016520/dp220822_ex9902.htm,0.0,82.55351275946921,,,
V0,2024-12-12,00000000000191,BBAS3,1798.6277991453496,1811.40211657086,CONT_156_BBAS3_2024-12-12,DISTRIBUTION,0,cache/market.json.gz; B3,0.0,317.44178802393384,,,
V0,2024-12-12,76483817000120,CPLE6,4952.0355304884915,5064.777010887227,CONT_902_CPLE6_2024-12-12,DISTRIBUTION,0,cache/market.json.gz; B3,0.0,1037.221619668369,,,
V0,2024-12-18,01083200000118,NEOE3,2491.377383746143,2523.9777374177215,CONT_2045_NEOE3_2024-12-18,DISTRIBUTION,0,cache/market.json.gz; B3,0.0,649.0730416011249,,,
V0,2024-12-20,02474103000119,TBLE3,1082.1560812747205,1091.1613034115903,TBLE3_2024-12-20_DISTRIBUTION_337,DISTRIBUTION,0,cache/market.json.gz; SQLite corporate_actions/B3,0.0,331.57227907954643,,,
V0,2024-12-26,17155730000164,CMIG4,4807.288468382536,4849.881372948277,CMIG4_2024-12-26_DISTRIBUTION_382,DISTRIBUTION,0,cache/market.json.gz; SQLite corporate_actions/B3,0.0,470.6515954514408,,,
V0,2024-12-26,02558115000121,TIMS3,2877.2023011392325,2931.005207365987,CONT_2815_TIMS3_2024-12-26,DISTRIBUTION,0,https://api.mziq.com/mzfilemanager/v2/d/4c4aa51f-1235-4aa1-8b83-adc92e8dacc3/460d56a0-3839-eea2-ca39-3b7a421cc079?origin=2,0.0,772.6097334161989,,,
V0,2024-12-26,17281106000103,CSMG3,2245.0863025303934,2285.6667787846304,CONT_2470_CSMG3_2024-12-26,DISTRIBUTION,0,CSMG_RI_V4,0.0,829.4649346366034,,,
V0,2024-12-27,02558157000162,VIVT3,1010.8619327399646,1026.6742845869887,CONT_2816_VIVT3_2024-12-27,DISTRIBUTION,0,https://api.mziq.com/mzfilemanager/v2/d/24165f81-24d6-4648-bf9f-66712905d5a2/34b95df5-e8c3-6d48-b667-42e740e0df5e?origin=2,0.0,745.7105131056607,,,
V0,2024-12-30,28195667000106,ABCB4,2161.654260228901,2257.926795899375,CONT_3_ABCB4_2024-12-30,DISTRIBUTION,0,cache/market.json.gz; B3,0.0,1859.0226637968549,,,
V0,2024-12-30,00001180000126,ELET3,1270.1857958420412,1302.3022592096556,CONT_88_ELET3_2024-12-30,DISTRIBUTION,0,cache/market.json.gz; B3,0.0,1096.134894736677,,,
V0,2025-01-02,60746948000112,BBDC4,3761.0440617096715,3858.031361249662,BBDC4_2025-01-02_DISTRIBUTION_534,DISTRIBUTION,0,https://www.bradescori.com.br/informacoes-ao-mercado/remuneracao-aos-acionistas/,0.0,1105.6552147558903,,,
V0,2025-01-02,60872504000123,ITUB4,1368.6820206717084,1369.4722476152758,ITUB4_2025-01-02_DISTRIBUTION_124,DISTRIBUTION,0,cache/market.json.gz; SQLite corporate_actions/B3,0.0,24.157237664855653,,,
V0,2025-01-02,02149205000169,PSSA3,1501.6855749157382,1519.1424139657697,CONT_2817_PSSA3_2025-01-02,DISTRIBUTION,0,https://api.mziq.com/mzfilemanager/v2/d/b77a3922-d280-4451-b3ee-0afec4577834/40e2196e-eb57-3662-b172-55aa2cb52627?origin=2;https://api.mziq.com/mzfilemanager/v2/d/b77a3922-d280-4451-b3ee-0afec4577834/a730da5f-6984-07cc-1fac-1fab6adcd8e6?origin=2;https://api.mziq.com/mzfilemanager/v2/d/b77a3922-d280-4451-b3ee-0afec4577834/c51162ba-772b-3276-e991-5239fc18f0bc?origin=2;https://api.mziq.com/mzfilemanager/v2/d/b77a3922-d280-4451-b3ee-0afec4577834/da5a8cba-c0a0-3baf-39e4-4db496dbb574?origin=2,0.0,632.2867103921426,,,
V0,2025-01-02,76484013000145,SAPR4,8446.634928552645,8704.448717714777,CONT_2818_SAPR4_2025-01-02,DISTRIBUTION,0,https://ri.sanepar.com.br/docs/Sanepar-2025-12-18-cW6NmzgB.pdf,0.0,1376.7256341257876,,,
V0,2025-01-03,60746948000112,BBDC4,3863.439435682294,3869.984795090789,BBDC4_2025-01-03_DISTRIBUTION_504,DISTRIBUTION,0,https://www.bradescori.com.br/informacoes-ao-mercado/remuneracao-aos-acionistas/,0.0,73.30802537513931,,,
V0,2025-01-10,02998611000104,TRPL4,1821.167197448161,1884.5532399159117,CONT_1372_TRPL4_2025-01-10,DISTRIBUTION,0,cache/market.json.gz; B3,0.0,1433.158420195843,,,
V0,2025-01-14,03220438000173,EQTL3,1496.9773952328105,1501.8878654195253,CONT_1115_EQTL3_2025-01-14,DISTRIBUTION,0,cache/market.json.gz; B3,0.0,133.41747497303862,,,
V0,2025-01-23,90400888000142,SANB4,3291.705044908785,3345.464800560579,CONT_2270_SANB4_2025-01-23,DISTRIBUTION,0,cache/market.json.gz; B3,0.0,694.0384454646627,,,
V0,2025-02-03,60872504000123,ITUB4,1372.414592655847,1373.1381027382954,ITUB4_2025-02-03_DISTRIBUTION_123,DISTRIBUTION,0,cache/market.json.gz; SQLite corporate_actions/B3,0.0,24.223117560375698,,,
V0,2025-02-04,60746948000112,BBDC4,3875.9289254848773,3882.042392738298,BBDC4_2025-02-04_DISTRIBUTION_505,DISTRIBUTION,0,https://www.bradescori.com.br/informacoes-ao-mercado/remuneracao-aos-acionistas/,0.0,73.54501105865077,,,
V0,2025-02-12,02998611000104,TRPL4,1890.8351792172953,1954.724543326748,CONT_1371_TRPL4_2025-02-12,DISTRIBUTION,0,cache/market.json.gz; B3,0.0,1487.9832901091545,,,
V0,2025-02-18,60872504000123,ITUB4,1373.6666019034708,1439.2207029293081,ITUB4_2025-02-18_DISTRIBUTION_121;ITUB4_2025-02-18_DISTRIBUTION_122,DISTRIBUTION,0,cache/market.json.gz; SQLite corporate_actions/B3,0.0,2176.396154057802,,,
V0,2025-02-18,02558115000121,TIMS3,2945.8950536893262,2959.859582941193,CONT_2819_TIMS3_2025-02-18,DISTRIBUTION,0,https://api.mziq.com/mzfilemanager/v2/d/4c4aa51f-1235-4aa1-8b83-adc92e8dacc3/c3e2e836-6075-b3ce-b317-55fd6a9c84d5?origin=2,0.0,243.40174486003892,,,
V0,2025-02-21,17344597000194,BBSE3,1429.9927226858483,1517.7435797783803,CONT_2550_BBSE3_2025-02-21,DISTRIBUTION,0,BBSE_DIV,0.0,3249.414238136461,,,
V0,2025-02-25,02558157000162,VIVT3,1026.6742845869887,1028.803494186229,CONT_2820_VIVT3_2025-02-25,DISTRIBUTION,0,https://api.mziq.com/mzfilemanager/v2/d/24165f81-24d6-4648-bf9f-66712905d5a2/34b95df5-e8c3-6d48-b667-42e740e0df5e?origin=2,0.0,113.89142146336226,,,
V0,2025-02-28,02558157000162,VIVT3,1028.803494186229,1055.0528861425169,CONT_2821_VIVT3_2025-02-28,DISTRIBUTION,0,https://api.mziq.com/mzfilemanager/v2/d/24165f81-24d6-4648-bf9f-66712905d5a2/34b95df5-e8c3-6d48-b667-42e740e0df5e?origin=2,0.0,1268.8956071669536,,,
V0,2025-03-05,60872504000123,ITUB4,1439.2207029293081,1440.004722849268,ITUB4_2025-03-05_DISTRIBUTION_120,DISTRIBUTION,0,cache/market.json.gz; SQLite corporate_actions/B3,0.0,25.40224540670229,,,
V0,2025-03-06,60746948000112,BBDC4,3900.1209853093374,3906.5282624325528,BBDC4_2025-03-06_DISTRIBUTION_506,DISTRIBUTION,0,https://www.bradescori.com.br/informacoes-ao-mercado/remuneracao-aos-acionistas/,0.0,74.00405077313648,,,
V0,2025-03-06,17281106000103,CSMG3,2285.6667787846304,2334.0210180178433,CONT_2471_CSMG3_2025-03-06;CONT_2472_CSMG3_2025-03-06,DISTRIBUTION,0,CSMG_RI_V4,0.0,1088.453925139626,,,
V0,2025-03-12,00000000000191,BBAS3,1815.4495889818722,1826.0726273365574,CONT_154_BBAS3_2025-03-12;CONT_155_BBAS3_2025-03-12,DISTRIBUTION,0,cache/market.json.gz; B3,0.0,287.35318749423095,,,
V0,2025-03-12,02998611000104,TRPL4,1960.81511357583,2029.6399864372454,CONT_1370_TRPL4_2025-03-12,DISTRIBUTION,0,cache/market.json.gz; B3,0.0,1543.0536495529316,,,
V0,2025-03-18,60872504000123,ITUB4,1440.0219753510012,1584.0241728861015,ITUB4_2025-03-18_SHARES_665,SHARES,0,https://www.itau.com.br/relacoes-com-investidores/informacoes-ao-mercado/recompra/; owned_capital_events_fre.json; B3,0.0,0.0,,,
V0,2025-03-25,02558157000162,VIVT3,1055.0528861425169,1057.707259112508,CONT_2822_VIVT3_2025-03-25,DISTRIBUTION,0,https://api.mziq.com/mzfilemanager/v2/d/24165f81-24d6-4648-bf9f-66712905d5a2/34b95df5-e8c3-6d48-b667-42e740e0df5e?origin=2,0.0,130.25008163746705,,,
V0,2025-03-26,17155730000164,CMIG4,4849.881372948277,4893.72454339227,CMIG4_2025-03-26_DISTRIBUTION_381,DISTRIBUTION,0,cache/market.json.gz; SQLite corporate_actions/B3,0.0,458.5995628441638,,,
V0,2025-03-27,17281106000103,CSMG3,2334.0210180178433,2338.085975125799,CONT_2473_CSMG3_2025-03-27,DISTRIBUTION,0,CSMG_RI_V4,0.0,82.76252671797607,,,
V0,2025-03-31,02149205000169,PSSA3,1519.1424139657697,1558.5847469422429,CONT_2823_PSSA3_2025-03-31;CONT_2824_PSSA3_2025-03-31;CONT_2825_PSSA3_2025-03-31,DISTRIBUTION,0,https://api.mziq.com/mzfilemanager/v2/d/b77a3922-d280-4451-b3ee-0afec4577834/2e6836fc-964e-5c54-74c0-a476d1b256eb?origin=2;https://api.mziq.com/mzfilemanager/v2/d/b77a3922-d280-4451-b3ee-0afec4577834/5fc07a56-476a-56fa-1f90-8b87c4a74dfe?origin=2;https://api.mziq.com/mzfilemanager/v2/d/b77a3922-d280-4451-b3ee-0afec4577834/a730da5f-6984-07cc-1fac-1fab6adcd8e6?origin=2;https://api.mziq.com/mzfilemanager/v2/d/b77a3922-d280-4451-b3ee-0afec4577834/c51162ba-772b-3276-e991-5239fc18f0bc?origin=2;https://api.mziq.com/mzfilemanager/v2/d/b77a3922-d280-4451-b3ee-0afec4577834/da5a8cba-c0a0-3baf-39e4-4db496dbb574?origin=2;https://api.mziq.com/mzfilemanager/v2/d/b77a3922-d280-4451-b3ee-0afec4577834/c51162ba-772b-3276-e991-5239fc18f0bc?origin=2,0.0,1577.6933190589268,,,
V0,2025-04-01,60746948000112,BBDC4,3906.5282624325528,3977.9568247901884,BBDC4_2025-04-01_DISTRIBUTION_507,DISTRIBUTION,0,https://www.bradescori.com.br/informacoes-ao-mercado/remuneracao-aos-acionistas/,0.0,889.9998869761422,,,
V0,2025-04-01,60872504000123,ITUB4,1584.0241728861015,1584.9145559004785,ITUB4_2025-04-01_DISTRIBUTION_119,DISTRIBUTION,0,cache/market.json.gz; SQLite corporate_actions/B3,0.0,27.95802665143969,,,
V0,2025-04-01,02558115000121,TIMS3,2960.4040394052026,2993.8565581333637,CONT_2826_TIMS3_2025-04-01,DISTRIBUTION,0,https://api.mziq.com/mzfilemanager/v2/d/4c4aa51f-1235-4aa1-8b83-adc92e8dacc3/63e953d4-a03b-a28c-2791-3e2e5f65522e?origin=2;https://api.mziq.com/mzfilemanager/v2/d/4c4aa51f-1235-4aa1-8b83-adc92e8dacc3/81ea23ff-0f2a-9337-a19e-18732415238d?origin=2,0.0,599.4691356086487,,,
V0,2025-04-02,60746948000112,BBDC4,3980.865062530852,3986.922492700563,BBDC4_2025-04-02_DISTRIBUTION_508,DISTRIBUTION,0,https://www.bradescori.com.br/informacoes-ao-mercado/remuneracao-aos-acionistas/,0.0,75.53615421629597,,,
V0,2025-04-03,61186680000174,BMGB4,14295.972951056265,14678.218217127287,CONT_607_BMGB4_2025-04-03,DISTRIBUTION,0,cache/market.json.gz; B3,0.0,1429.5972951056265,,,
V0,2025-04-04,02558115000121,TIMS3,2993.8565581333637,3143.9348592439937,CONT_2827_TIMS3_2025-04-04;CONT_2828_TIMS3_2025-04-04;CONT_2829_TIMS3_2025-04-04,DISTRIBUTION,0,https://api.mziq.com/mzfilemanager/v2/d/4c4aa51f-1235-4aa1-8b83-adc92e8dacc3/762980b9-e792-0a74-6f3f-67a09abe2c68?origin=2;https://api.mziq.com/mzfilemanager/v2/d/4c4aa51f-1235-4aa1-8b83-adc92e8dacc3/762980b9-e792-0a74-6f3f-67a09abe2c68?origin=2;https://api.mziq.com/mzfilemanager/v2/d/4c4aa51f-1235-4aa1-8b83-adc92e8dacc3/874a85d8-21a6-3d74-940e-4a72a17a74d8?origin=2,0.0,2536.323288769646,,,
V0,2025-04-14,02558157000162,VIVT3,1057.707259112508,1060.77967736669,CONT_2830_VIVT3_2025-04-14,DISTRIBUTION,0,https://api.mziq.com/mzfilemanager/v2/d/24165f81-24d6-4648-bf9f-66712905d5a2/34b95df5-e8c3-6d48-b667-42e740e0df5e?origin=2,0.0,156.69333096328828,,,
V0,2025-04-15,02558157000162,VIVT3,1060.77967736669,2121.55935473338,CONT_2863_VIVT3_2025-04-15,SHARES,0,https://api.mziq.com/mzfilemanager/v2/d/24165f81-24d6-4648-bf9f-66712905d5a2/34b95df5-e8c3-6d48-b667-42e740e0df5e?origin=2;https://api.mziq.com/mzfilemanager/v2/d/24165f81-24d6-4648-bf9f-66712905d5a2/197836af-54b5-cff0-af1e-de97ad340f36?origin=2,0.0,0.0,,,
V0,2025-04-22,01083200000118,NEOE3,2526.889957976763,2570.468443179586,CONT_2044_NEOE3_2025-04-22,DISTRIBUTION,0,cache/market.json.gz; B3,0.0,884.6432496173007,,,
V0,2025-04-22,90400888000142,SANB4,3379.8315896412155,3430.082016073474,CONT_2269_SANB4_2025-04-22,DISTRIBUTION,0,cache/market.json.gz; B3,0.0,711.5460382807759,,,
V0,2025-04-25,76483817000120,CPLE6,5064.777010887227,5261.59992095419,CONT_901_CPLE6_2025-04-25,DISTRIBUTION,0,cache/market.json.gz; B3,0.0,2220.1624255553334,,,
V0,2025-04-25,02998609000127,AURE3,3875.121665030216,3900.038070121487,CONT_78_AURE3_2025-04-25,DISTRIBUTION,0,cache/market.json.gz; B3,0.0,221.00851315957902,,,
V0,2025-04-30,02429144000193,CPFE3,1413.7995191338382,1517.2403608600741,CONT_835_CPFE3_2025-04-30,DISTRIBUTION,0,cache/market.json.gz; B3,0.0,3950.405745524951,,,
V0,2025-04-30,07859971000130,TAEE4,4198.096499257933,4235.760560928833,CONT_2393_TAEE4_2025-04-30,DISTRIBUTION,0,cache/market.json.gz; B3,0.0,450.46217758396295,,,
V0,2025-04-30,00001180000126,ELET3,1304.2762801501065,1330.8435443963879,CONT_87_ELET3_2025-04-30,DISTRIBUTION,0,cache/market.json.gz; B3,0.0,1167.631263624065,,,
V0,2025-05-02,17155730000164,CMIG4,4898.157965218357,5054.351784146592,CMIG4_2025-05-02_DISTRIBUTION_380,DISTRIBUTION,0,cache/market.json.gz; SQLite corporate_actions/B3,0.0,1613.4821495286587,,,
V0,2025-05-02,03220438000173,EQTL3,1515.604526915843,1545.1638397202967,CONT_1113_EQTL3_2025-05-02;CONT_1114_EQTL3_2025-05-02,DISTRIBUTION,0,cache/market.json.gz; B3,0.0,1061.1793296798817,,,
V0,2025-05-02,60872504000123,ITUB4,1584.9145559004785,1585.7032151029493,ITUB4_2025-05-02_DISTRIBUTION_118,DISTRIBUTION,0,cache/market.json.gz; SQLite corporate_actions/B3,0.0,27.973741911643444,,,
V0,2025-05-05,60746948000112,BBDC4,3990.3958178566027,3996.0888252609807,BBDC4_2025-05-05_DISTRIBUTION_509,DISTRIBUTION,0,https://www.bradescori.com.br/informacoes-ao-mercado/remuneracao-aos-acionistas/,0.0,75.71699847822782,,,
V0,2025-05-07,02474103000119,TBLE3,1140.1664081101676,1165.0254776406357,TBLE3_2025-05-07_DISTRIBUTION_336,DISTRIBUTION,0,cache/market.json.gz; SQLite corporate_actions/B3,0.0,999.3345951248184,,,
V0,2025-05-13,07859971000130,TAEE4,4252.492859863521,4318.876258963049,CONT_2392_TAEE4_2025-05-13,DISTRIBUTION,0,cache/market.json.gz; B3,0.0,774.6942674914887,,,
V0,2025-05-22,02558115000121,TIMS3,3143.9348592439937,3164.1690242408163,CONT_2831_TIMS3_2025-05-22,DISTRIBUTION,0,https://api.mziq.com/mzfilemanager/v2/d/4c4aa51f-1235-4aa1-8b83-adc92e8dacc3/0013d0b5-ccfb-f36d-38e0-d593d79e4c33?origin=2,0.0,390.11470113873634,,,
V0,2025-05-23,02558157000162,VIVT3,2121.55935473338,2133.3956776653667,CONT_2832_VIVT3_2025-05-23,DISTRIBUTION,0,https://api.mziq.com/mzfilemanager/v2/d/24165f81-24d6-4648-bf9f-66712905d5a2/34b95df5-e8c3-6d48-b667-42e740e0df5e?origin=2,0.0,327.3926922987465,,,
V0,2025-06-02,60872504000123,ITUB4,1585.7032151029493,1586.456584194378,ITUB4_2025-06-02_DISTRIBUTION_117,DISTRIBUTION,0,cache/market.json.gz; SQLite corporate_actions/B3,0.0,27.987661746567053,,,
V0,2025-06-03,00000000000191,BBAS3,1848.8971528134878,1856.1742178075906,CONT_153_BBAS3_2025-06-03,DISTRIBUTION,0,cache/market.json.gz; B3,0.0,167.2269535644832,,,
V0,2025-06-03,60746948000112,BBDC4,3996.0888252609807,4000.684281152275,BBDC4_2025-06-03_DISTRIBUTION_510,DISTRIBUTION,0,https://www.bradescori.com.br/informacoes-ao-mercado/remuneracao-aos-acionistas/,0.0,75.82502220636148,,,
V0,2025-06-10,60872504000123,ITUB4,1586.456584194378,1601.1797826604707,ITUB4_2025-06-10_DISTRIBUTION_116,DISTRIBUTION,0,cache/market.json.gz; SQLite corporate_actions/B3,0.0,530.0351447793416,,,
V0,2025-06-18,01083200000118,NEOE3,2570.468443179586,2592.8852425903574,CONT_2043_NEOE3_2025-06-18,DISTRIBUTION,0,cache/market.json.gz; B3,0.0,559.0749773046472,,,
V0,2025-06-24,17155730000164,CMIG4,5072.583784589164,5123.117500664289,CMIG4_2025-06-24_DISTRIBUTION_379,DISTRIBUTION,0,cache/market.json.gz; SQLite corporate_actions/B3,0.0,529.0880073065565,,,
V0,2025-06-24,02558157000162,VIVT3,2133.3956776653667,2137.722063806203,CONT_2833_VIVT3_2025-06-24,DISTRIBUTION,0,https://api.mziq.com/mzfilemanager/v2/d/24165f81-24d6-4648-bf9f-66712905d5a2/34b95df5-e8c3-6d48-b667-42e740e0df5e?origin=2,0.0,132.1278327411445,,,
V0,2025-06-24,17281106000103,CSMG3,2361.0315945561974,2399.5306417072925,CONT_2474_CSMG3_2025-06-24,DISTRIBUTION,0,CSMG_RI_V4,0.0,1022.9196828045981,,,
V0,2025-06-27,02149205000169,PSSA3,1558.5847469422429,1572.4850936370042,CONT_2834_PSSA3_2025-06-27,DISTRIBUTION,0,https://api.mziq.com/mzfilemanager/v2/d/b77a3922-d280-4451-b3ee-0afec4577834/2db74f29-0975-b7c2-5402-9b64be1a06ee?origin=2;https://api.mziq.com/mzfilemanager/v2/d/b77a3922-d280-4451-b3ee-0afec4577834/5fc07a56-476a-56fa-1f90-8b87c4a74dfe?origin=2,0.0,753.1207839221674,,,
V0,2025-07-01,28195667000106,ABCB4,2743.567440840546,2879.6183194137348,CONT_2_ABCB4_2025-07-01,DISTRIBUTION,0,cache/market.json.gz; B3,0.0,2979.5142407528333,,,
V0,2025-07-01,60746948000112,BBDC4,3649.9390968758075,3714.9643378375717,BBDC4_2025-07-01_DISTRIBUTION_511,DISTRIBUTION,0,https://www.bradescori.com.br/informacoes-ao-mercado/remuneracao-aos-acionistas/,0.0,1084.6210192422288,,,
V0,2025-07-01,60872504000123,ITUB4,1597.2852555607326,1598.0451500286745,ITUB4_2025-07-01_DISTRIBUTION_115,DISTRIBUTION,0,cache/market.json.gz; SQLite corporate_actions/B3,0.0,28.192084760646928,,,
V0,2025-07-01,76484013000145,SAPR4,8136.221854360242,8452.906385937275,CONT_2835_SAPR4_2025-07-01,DISTRIBUTION,0,https://ri.sanepar.com.br/docs/Sanepar-2025-12-18-cW6NmzgB.pdf,0.0,2333.9649977227327,,,
V0,2025-07-02,60746948000112,BBDC4,3714.9643378375717,3719.2730627001806,BBDC4_2025-07-02_DISTRIBUTION_512,DISTRIBUTION,0,https://www.bradescori.com.br/informacoes-ao-mercado/remuneracao-aos-acionistas/,0.0,70.4907387522794,,,
V0,2025-07-18,90400888000142,SANB4,3986.2735237131624,4067.415166891647,CONT_2268_SANB4_2025-07-18,DISTRIBUTION,0,cache/market.json.gz; B3,0.0,1118.9432594313025,,,
V0,2025-07-25,61186680000174,BMGB4,16711.686498102423,17189.163255191062,CONT_606_BMGB4_2025-07-25,DISTRIBUTION,0,cache/market.json.gz; B3,0.0,1671.1686498102424,,,
V0,2025-07-28,02558115000121,TIMS3,2790.660651889616,2809.309467217894,CONT_2836_TIMS3_2025-07-28,DISTRIBUTION,0,https://api.mziq.com/mzfilemanager/v2/d/4c4aa51f-1235-4aa1-8b83-adc92e8dacc3/b70c1dd1-8c25-def3-dcf4-a93d901b4918?origin=2,0.0,369.2465434999058,,,
V0,2025-07-28,02558157000162,VIVT3,1988.620103606987,1995.2966602281515,CONT_2837_VIVT3_2025-07-28,DISTRIBUTION,0,https://api.mziq.com/mzfilemanager/v2/d/24165f81-24d6-4648-bf9f-66712905d5a2/34b95df5-e8c3-6d48-b667-42e740e0df5e?origin=2,0.0,203.9020392103665,,,
V0,2025-08-01,60872504000123,ITUB4,1600.4189941940301,1601.2276800012883,ITUB4_2025-08-01_DISTRIBUTION_114,DISTRIBUTION,0,cache/market.json.gz; SQLite corporate_actions/B3,0.0,28.24739524752463,,,
V0,2025-08-04,60746948000112,BBDC4,3720.1267681176973,3724.634347612003,BBDC4_2025-08-04_DISTRIBUTION_513,DISTRIBUTION,0,https://www.bradescori.com.br/informacoes-ao-mercado/remuneracao-aos-acionistas/,0.0,70.5886948808206,,,
V0,2025-08-15,17344597000194,BBSE3,1718.3170370480368,1820.0899920380723,CONT_2549_BBSE3_2025-08-15,DISTRIBUTION,0,BBSE_DIV,0.0,3337.1351941232647,,,
V0,2025-08-18,00001180000126,ELET3,1529.0114639949054,1592.5597732138967,CONT_86_ELET3_2025-08-18,DISTRIBUTION,0,cache/market.json.gz; B3,0.0,2687.4579968711455,,,
V0,2025-08-19,60872504000123,ITUB4,1601.4322770058675,1617.459831108427,ITUB4_2025-08-19_DISTRIBUTION_113,DISTRIBUTION,0,cache/market.json.gz; SQLite corporate_actions/B3,0.0,581.9604894639323,,,
V0,2025-08-19,07859971000130,TAEE4,5304.704231469761,5443.288460276866,CONT_2390_TAEE4_2025-08-19;CONT_2391_TAEE4_2025-08-19,DISTRIBUTION,0,cache/market.json.gz; B3,0.0,1536.8990974707954,,,
V0,2025-08-22,02474103000119,TBLE3,1365.1061244866835,1395.691995149042,TBLE3_2025-08-22_DISTRIBUTION_335,DISTRIBUTION,0,cache/market.json.gz; SQLite corporate_actions/B3,0.0,1203.2481518571808,,,
V0,2025-08-26,02558157000162,VIVT3,1995.2966602281515,1999.81044254645,CONT_2838_VIVT3_2025-08-26,DISTRIBUTION,0,https://api.mziq.com/mzfilemanager/v2/d/24165f81-24d6-4648-bf9f-66712905d5a2/34b95df5-e8c3-6d48-b667-42e740e0df5e?origin=2,0.0,155.49980086538997,,,
V0,2025-09-01,60872504000123,ITUB4,1617.459831108427,1618.1959880454838,ITUB4_2025-09-01_DISTRIBUTION_112,DISTRIBUTION,0,cache/market.json.gz; SQLite corporate_actions/B3,0.0,28.548166019063732,,,
V0,2025-09-02,60746948000112,BBDC4,3724.7614668581923,3729.0423049807964,BBDC4_2025-09-02_DISTRIBUTION_514,DISTRIBUTION,0,https://www.bradescori.com.br/informacoes-ao-mercado/remuneracao-aos-acionistas/,0.0,70.67663740419403,,,
V0,2025-09-23,02558157000162,VIVT3,1999.81044254645,2007.276463467855,CONT_2839_VIVT3_2025-09-23,DISTRIBUTION,0,https://api.mziq.com/mzfilemanager/v2/d/24165f81-24d6-4648-bf9f-66712905d5a2/34b95df5-e8c3-6d48-b667-42e740e0df5e?origin=2,0.0,249.58907940256432,,,
V0,2025-09-23,17281106000103,CSMG3,2210.0457062098735,2239.5276351701755,CONT_2475_CSMG3_2025-09-23,DISTRIBUTION,0,CSMG_RI_V4,0.0,989.1187166181365,,,
V0,2025-09-26,02149205000169,PSSA3,1125.461817017808,1137.7576914239844,CONT_2840_PSSA3_2025-09-26,DISTRIBUTION,0,https://api.mziq.com/mzfilemanager/v2/d/b77a3922-d280-4451-b3ee-0afec4577834/d5711793-58d6-82f4-b474-008bee510428?origin=2;https://api.mziq.com/mzfilemanager/v2/d/b77a3922-d280-4451-b3ee-0afec4577834/5fc07a56-476a-56fa-1f90-8b87c4a74dfe?origin=2,0.0,600.7764234857824,,,
V0,2025-09-29,02558115000121,TIMS3,2809.309467217894,2833.5666869324073,CONT_2841_TIMS3_2025-09-29,DISTRIBUTION,0,https://api.mziq.com/mzfilemanager/v2/d/4c4aa51f-1235-4aa1-8b83-adc92e8dacc3/4d85e48c-99f9-7d97-8169-1e3a158f4c34?origin=2,0.0,560.5843476023998,,,
V0,2025-09-30,60746948000112,BBDC4,3729.0423049807964,3791.683765662843,BBDC4_2025-09-30_DISTRIBUTION_515,DISTRIBUTION,0,https://www.bradescori.com.br/informacoes-ao-mercado/remuneracao-aos-acionistas/,0.0,1108.1274394654051,,,
V0,2025-09-30,17155730000164,CMIG4,5687.821759298132,5741.740295194668,CMIG4_2025-09-30_DISTRIBUTION_378,DISTRIBUTION,0,cache/market.json.gz; SQLite corporate_actions/B3,0.0,601.1916752463769,,,
V0,2025-10-01,60872504000123,ITUB4,1618.1959880454838,1618.9407379591476,ITUB4_2025-10-01_DISTRIBUTION_111,DISTRIBUTION,0,cache/market.json.gz; SQLite corporate_actions/B3,0.0,28.561159189002787,,,
V0,2025-10-02,60746948000112,BBDC4,3791.683765662843,3795.8936237811495,BBDC4_2025-10-02_DISTRIBUTION_516,DISTRIBUTION,0,https://www.bradescori.com.br/informacoes-ao-mercado/remuneracao-aos-acionistas/,0.0,71.94647524185321,,,
V0,2025-10-22,90400888000142,SANB4,4114.128893187415,4191.322631043112,CONT_2267_SANB4_2025-10-22,DISTRIBUTION,0,cache/market.json.gz; B3,0.0,1154.8183183212277,,,
V0,2025-10-28,02558157000162,VIVT3,2007.276463467855,2014.172865729612,CONT_2842_VIVT3_2025-10-28,DISTRIBUTION,0,https://api.mziq.com/mzfilemanager/v2/d/24165f81-24d6-4648-bf9f-66712905d5a2/34b95df5-e8c3-6d48-b667-42e740e0df5e?origin=2,0.0,237.99484205324475,,,
V0,2025-10-31,02998611000104,TRPL4,2667.1762105808043,2691.0755327713446,CONT_1369_TRPL4_2025-10-31,DISTRIBUTION,0,cache/market.json.gz; B3,0.0,600.1119802044705,,,
V0,2025-11-03,60872504000123,ITUB4,1620.5469459355654,1621.2605849973359,ITUB4_2025-11-03_DISTRIBUTION_110,DISTRIBUTION,0,cache/market.json.gz; SQLite corporate_actions/B3,0.0,28.602653595762728,,,
V0,2025-11-04,60746948000112,BBDC4,3795.8936237811495,3799.8080996776475,BBDC4_2025-11-04_DISTRIBUTION_517,DISTRIBUTION,0,https://www.bradescori.com.br/informacoes-ao-mercado/remuneracao-aos-acionistas/,0.0,72.02635649556517,,,
V0,2025-11-06,03220438000173,EQTL3,1718.2839086081565,1747.7687972318595,CONT_1112_EQTL3_2025-11-06,DISTRIBUTION,0,cache/market.json.gz; B3,0.0,1108.6318122512293,,,
V0,2025-11-10,76483817000120,CPLE5,0,4975.3091730400565,CPLE_PNB_PNA_20251110,CONVERSION,0,https://www.sec.gov/Archives/edgar/data/1041792/000129281425003781/elp20251104_6k.htm,0.0,0.0,,,
V0,2025-11-10,76483817000120,CPLE6,4975.3091730400565,0,CPLE_PNB_PNA_20251110,CONVERSION,0,https://www.sec.gov/Archives/edgar/data/1041792/000129281425003781/elp20251104_6k.htm,0.0,0.0,,,
V0,2025-11-12,61186680000174,BMGB4,17189.163255191062,17612.541660491333,CONT_605_BMGB4_2025-11-12,DISTRIBUTION,0,cache/market.json.gz; B3,0.0,1718.9163255191063,,,
V0,2025-11-17,07859971000130,TAEE4,5443.288460276866,5556.794384517537,CONT_2388_TAEE4_2025-11-17;CONT_2389_TAEE4_2025-11-17,DISTRIBUTION,0,cache/market.json.gz; B3,0.0,1702.5888636100638,,,
V0,2025-11-17,00001180000126,ELET3,1592.5597732138967,1641.850500998844,CONT_85_ELET3_2025-11-17,DISTRIBUTION,0,cache/market.json.gz; B3,0.0,3009.1989312710266,,,
V0,2025-11-25,02998611000104,TRPL4,2691.0755327713446,2713.1979041194636,CONT_1368_TRPL4_2025-11-25,DISTRIBUTION,0,cache/market.json.gz; B3,0.0,605.4893037980198,,,
V0,2025-11-25,02558157000162,VIVT3,2017.9969760830797,2024.1630002521192,CONT_2843_VIVT3_2025-11-25,DISTRIBUTION,0,https://api.mziq.com/mzfilemanager/v2/d/24165f81-24d6-4648-bf9f-66712905d5a2/34b95df5-e8c3-6d48-b667-42e740e0df5e?origin=2,0.0,214.51598084088238,,,
V0,2025-11-27,02474103000119,TBLE3,1432.1947774951595,2005.0726884932233,TBLE3_2025-11-27_SHARES_676,SHARES,0,originals/engie_bonus_2018_doe.pdf.gz p34; owned_capital_events_fre.json; B3 2025-11-26,0.0,0.0,,,
V0,2025-12-01,60872504000123,ITUB4,1621.9124130002854,1622.6055547457927,ITUB4_2025-12-01_DISTRIBUTION_109,DISTRIBUTION,0,cache/market.json.gz; SQLite corporate_actions/B3,0.0,28.626754089455034,,,
V0,2025-12-02,00000000000191,BBAS3,2883.3012228580956,2892.493934998763,CONT_152_BBAS3_2025-12-02,DISTRIBUTION,0,cache/market.json.gz; B3,0.0,207.3875858934619,,,
V0,2025-12-02,60746948000112,BBDC4,3799.8080996776475,3803.4979990086626,BBDC4_2025-12-02_DISTRIBUTION_518,DISTRIBUTION,0,https://www.bradescori.com.br/informacoes-ao-mercado/remuneracao-aos-acionistas/,0.0,72.10063292803632,,,
V0,2025-12-03,00000000000191,BBAS3,2892.493934998763,2898.41755479499,CONT_151_BBAS3_2025-12-03,DISTRIBUTION,0,cache/market.json.gz; B3,0.0,132.57061103955323,,,
V0,2025-12-10,60872504000123,ITUB4,1624.994177546475,1717.2024203077888,ITUB4_2025-12-10_DISTRIBUTION_107;ITUB4_2025-12-10_DISTRIBUTION_108;XPBR31_2025-12-10_DISTRIBUTION_690,DISTRIBUTION,0,cache/market.json.gz; SQLite corporate_actions/B3;https://www.sec.gov/Archives/edgar/data/1787425/000095010325014854/dp237494_ex9901.htm,0.0,3636.6930945062168,,,
V0,2025-12-10,60872504000123,XPBR31,21.98598765471666,22.205603763383646,ITUB4_2025-12-10_DISTRIBUTION_107;ITUB4_2025-12-10_DISTRIBUTION_108;XPBR31_2025-12-10_DISTRIBUTION_690,DISTRIBUTION,0,cache/market.json.gz; SQLite corporate_actions/B3;https://www.sec.gov/Archives/edgar/data/1787425/000095010325014854/dp237494_ex9901.htm,0.0,21.629990542611488,,,
V0,2025-12-12,61186680000174,BMGB4,17612.541660491333,18009.220526718615,CONT_604_BMGB4_2025-12-12,DISTRIBUTION,0,cache/market.json.gz; B3,0.0,1761.2541660491333,,,
V0,2025-12-17,17281106000103,CSMG3,2239.5276351701755,2267.0752869595017,CONT_2476_CSMG3_2025-12-17;CONT_2477_CSMG3_2025-12-17,DISTRIBUTION,0,CSMG_RI_V4,0.0,1181.2433087263141,,,
V0,2025-12-18,02998611000104,TRPL4,2713.1979041194636,2735.7826919562735,CONT_1367_TRPL4_2025-12-18,DISTRIBUTION,0,cache/market.json.gz; B3,0.0,610.4668152289752,,,
V0,2025-12-19,02474103000119,TBLE3,2017.1197261093378,2022.8159919384095,TBLE3_2025-12-19_DISTRIBUTION_334,DISTRIBUTION,0,cache/market.json.gz; SQLite corporate_actions/B3,0.0,176.58424070122499,,,
V0,2025-12-22,76483817000120,CPLE3,0,5281.59526522022,CPLE_PNA_ON_20251222,CONVERSION,0,B3 CL055/2025-VNC https://b3.com.br/data/files/50/05/93/F6/AFAEA9105B12E5A9AC094EA8/CL%20055-2025-VNC%20TRATAMENTO%20DAS%20POSICOES%20GARANTIAS%20E%20DAS%20CARTEIRAS%20DE%20%C3%8DNDICES%20EM%20VIRTUDE%20DA%20CONVERSAO_%20EN.pdf,0.0,0.0,,,
V0,2025-12-22,76483817000120,CPLE5,4978.09222322368,0,CPLE_PNA_ON_20251222,CONVERSION,0,B3 CL055/2025-VNC https://b3.com.br/data/files/50/05/93/F6/AFAEA9105B12E5A9AC094EA8/CL%20055-2025-VNC%20TRATAMENTO%20DAS%20POSICOES%20GARANTIAS%20E%20DAS%20CARTEIRAS%20DE%20%C3%8DNDICES%20EM%20VIRTUDE%20DA%20CONVERSAO_%20EN.pdf,0.0,0.0,,,
V0,2025-12-22,02558115000121,TIMS3,2837.861463315901,2936.375951854823,CONT_2844_TIMS3_2025-12-22,DISTRIBUTION,0,https://api.mziq.com/mzfilemanager/v2/d/4c4aa51f-1235-4aa1-8b83-adc92e8dacc3/a90ba21d-abd1-b1d8-b86f-3aaf8864a22e?origin=2,0.0,2125.942662669946,,,
V0,2025-12-22,00001180000126,AXIA7,0,431.5405182706128,AXIA_PNC_20251222,SPINOFF,0,https://mzgroup.com.br/fatosrelevantes/fato-relevante-aprovacao-integral-das-materias-da-age/,0.0,0.0,,,
V0,2025-12-23,17155730000164,CMIG4,5786.321522683553,5862.023646244532,CMIG4_2025-12-23_DISTRIBUTION_377,DISTRIBUTION,0,cache/market.json.gz; SQLite corporate_actions/B3,0.0,844.0786777049188,,,
V0,2025-12-23,02558115000121,TIMS3,2936.375951854823,2960.407866057567,CONT_2845_TIMS3_2025-12-23,DISTRIBUTION,0,https://api.mziq.com/mzfilemanager/v2/d/4c4aa51f-1235-4aa1-8b83-adc92e8dacc3/5053180d-b455-fbe7-7774-9c55ddd309c9?origin=2,0.0,516.2055170749388,,,
V0,2025-12-23,17281106000103,CSMG3,2267.0752869595017,2285.8459288982726,CONT_2478_CSMG3_2025-12-23,DISTRIBUTION,0,CSMG_RI_V4,0.0,825.3451260477634,,,
V0,2025-12-23,61186680000174,BMGB4,18009.220526718615,18566.55850933496,CONT_603_BMGB4_2025-12-23,DISTRIBUTION,0,cache/market.json.gz; B3,0.0,2647.355417427636,,,
V0,2025-12-26,17155730000164,CMIG4,5862.023646244532,5924.440131402729,CMIG4_2025-12-26_DISTRIBUTION_376,DISTRIBUTION,0,cache/market.json.gz; SQLite corporate_actions/B3,0.0,694.0713149591544,,,
V0,2025-12-26,60872504000123,ITUB4,1717.2024203077888,1768.7184929170226,ITUB4_2025-12-26_SHARES_666,SHARES,0,https://www.itau.com.br/relacoes-com-investidores/informacoes-ao-mercado/recompra/; owned_capital_events_fre.json; B3,0.0,0.0,,,
V0,2025-12-29,02149205000169,PSSA3,1171.1069444141983,1184.3503518751922,CONT_2846_PSSA3_2025-12-29,DISTRIBUTION,0,https://api.mziq.com/mzfilemanager/v2/d/b77a3922-d280-4451-b3ee-0afec4577834/327fe168-5b79-7e0a-4b23-ad197ef5a182?origin=2;https://api.mziq.com/mzfilemanager/v2/d/b77a3922-d280-4451-b3ee-0afec4577834/5fc07a56-476a-56fa-1f90-8b87c4a74dfe?origin=2,0.0,629.5915906956495,,,
V0,2025-12-30,28195667000106,ABCB4,2885.260496813059,3071.767631037431,CONT_1_ABCB4_2025-12-30,DISTRIBUTION,0,cache/market.json.gz; B3,0.0,4420.219081117607,,,
V0,2025-12-30,60746948000112,BBDC4,3803.4979990086626,3884.274724614924,BBDC4_2025-12-30_DISTRIBUTION_519,DISTRIBUTION,0,https://www.bradescori.com.br/informacoes-ao-mercado/remuneracao-aos-acionistas/,0.0,1469.3286387778905,,,
V0,2025-12-30,03220438000173,EQTL3,1750.7981792215821,1756.8596985211213,CONT_1111_EQTL3_2025-12-30,DISTRIBUTION,0,cache/market.json.gz; B3,0.0,233.36849303225696,,,
V0,2025-12-30,02998611000104,TRPL4,2735.7826919562735,2760.6722548036855,CONT_1366_TRPL4_2025-12-30,DISTRIBUTION,0,cache/market.json.gz; B3,0.0,685.4585608177202,,,
V0,2025-12-30,02558157000162,VIVT3,2025.9553767911311,2032.659108890401,CONT_2847_VIVT3_2025-12-30,DISTRIBUTION,0,https://api.mziq.com/mzfilemanager/v2/d/24165f81-24d6-4648-bf9f-66712905d5a2/34b95df5-e8c3-6d48-b667-42e740e0df5e?origin=2,0.0,221.89353248583228,,,
V0,2026-01-02,76483817000120,CPLE3,5281.59526522022,5640.47239495966,CONT_2378_CPLE3_2026-01-02;CONT_2379_CPLE3_2026-01-02,DISTRIBUTION,0,https://api.mziq.com/mzfilemanager/v2/d/16a31b1b-5ecd-4214-a2e0-308a2393e330/9e7c31ff-8290-49b4-d586-e043b31e16dc?origin=2,0.0,4356.7683550368,,,
V0,2026-01-02,60872504000123,ITUB4,1768.7184929170226,1769.5399192168493,ITUB4_2026-01-02_DISTRIBUTION_106,DISTRIBUTION,0,cache/market.json.gz; SQLite corporate_actions/B3,0.0,32.1588396382173,,,
V0,2026-01-02,76484013000145,SAPR4,8713.34888620252,8839.0540637805,CONT_2848_SAPR4_2026-01-02,DISTRIBUTION,0,https://ri.sanepar.com.br/docs/Sanepar-2025-12-18-cW6NmzgB.pdf,0.0,980.5003851082513,,,
V0,2026-01-02,01083200000118,NEOE3,2411.937375362123,2479.8874438627,CONT_2041_NEOE3_2026-01-02;CONT_2042_NEOE3_2026-01-02,DISTRIBUTION,0,cache/market.json.gz; B3,0.0,2154.017171468283,,,
V0,2026-01-05,60746948000112,BBDC4,3888.5156655350956,3892.4051669608752,BBDC4_2026-01-05_DISTRIBUTION_497,DISTRIBUTION,0,https://www.bradescori.com.br/informacoes-ao-mercado/remuneracao-aos-acionistas/,0.0,73.78384204703632,,,
V0,2026-01-05,90400888000142,SANB4,4193.855791577021,4214.876780023082,CONT_2266_SANB4_2026-01-05,DISTRIBUTION,0,cache/market.json.gz; B3,0.0,364.92435942361544,,,
V0,2026-01-21,90400888000142,SANB4,4214.876780023082,4281.906567223179,CONT_2265_SANB4_2026-01-21,DISTRIBUTION,0,cache/market.json.gz; B3,0.0,1183.0757440817242,,,
V0,2026-01-30,02998611000104,TRPL4,2760.6722548036855,2785.49977510009,CONT_1365_TRPL4_2026-01-30,DISTRIBUTION,0,cache/market.json.gz; B3,0.0,691.6947154578279,,,
V0,2026-02-02,60872504000123,ITUB4,1771.2030269350785,1771.904945275003,ITUB4_2026-02-02_DISTRIBUTION_105,DISTRIBUTION,0,cache/market.json.gz; SQLite corporate_actions/B3,0.0,32.2040134357336,,,
V0,2026-02-03,60746948000112,BBDC4,3892.4051669608752,3895.8118848849385,BBDC4_2026-02-03_DISTRIBUTION_498,DISTRIBUTION,0,https://www.bradescori.com.br/informacoes-ao-mercado/remuneracao-aos-acionistas/,0.0,73.85764459369571,,,
V0,2026-02-13,17344597000194,BBSE3,1862.839330540156,2003.2939468413463,CONT_2548_BBSE3_2026-02-13,DISTRIBUTION,0,BBSE_DIV,0.0,4750.175123306258,,,
V0,2026-02-24,00000000000191,BBAS3,2918.7606982826474,2942.598523582033,CONT_149_BBAS3_2026-02-24;CONT_150_BBAS3_2026-02-24,DISTRIBUTION,0,cache/market.json.gz; B3,0.0,646.4818221193382,,,
V0,2026-02-24,02558157000162,VIVT3,2041.3627200209942,2046.2453859241643,CONT_2849_VIVT3_2026-02-24,DISTRIBUTION,0,https://api.mziq.com/mzfilemanager/v2/d/24165f81-24d6-4648-bf9f-66712905d5a2/34b95df5-e8c3-6d48-b667-42e740e0df5e?origin=2,0.0,207.61095420279364,,,
V0,2026-02-27,02998611000104,TRPL4,2786.346830119245,2810.8769621405686,CONT_1364_TRPL4_2026-02-27,DISTRIBUTION,0,cache/market.json.gz; B3,0.0,698.1275573268673,,,
V0,2026-03-02,60872504000123,ITUB4,1771.904945275003,1772.606530112002,ITUB4_2026-03-02_DISTRIBUTION_104,DISTRIBUTION,0,cache/market.json.gz; SQLite corporate_actions/B3,0.0,32.216775714990106,,,
V0,2026-03-03,00000000000191,BBAS3,2945.9085054398493,2953.92680667737,CONT_148_BBAS3_2026-03-03,DISTRIBUTION,0,cache/market.json.gz; B3,0.0,206.63162289091528,,,
V0,2026-03-03,60746948000112,BBDC4,3896.3398016812944,3899.9998167078293,BBDC4_2026-03-03_DISTRIBUTION_499,DISTRIBUTION,0,https://www.bradescori.com.br/informacoes-ao-mercado/remuneracao-aos-acionistas/,0.0,73.93230353600043,,,
V0,2026-03-09,17281106000103,CSMG3,2285.8459288982726,2285.923999045219,CONT_2479_CSMG3_2026-03-09,DISTRIBUTION,0,CSMG_RI_V4,0.0,4.1486476087202275,,,
V0,2026-03-13,02998611000104,TRPL4,2813.194521096518,2827.556346637366,CONT_1363_TRPL4_2026-03-13,DISTRIBUTION,0,cache/market.json.gz; B3,0.0,397.5353309706701,,,
V0,2026-03-20,60872504000123,ITUB4,1772.606530112002,1787.4904522834936,ITUB4_2026-03-20_DISTRIBUTION_103,DISTRIBUTION,0,cache/market.json.gz; SQLite corporate_actions/B3,0.0,618.4269662254753,,,
V0,2026-03-24,02558115000121,TIMS3,2981.405672180361,2999.4678893963255,CONT_2850_TIMS3_2026-03-24,DISTRIBUTION,0,https://api.mziq.com/mzfilemanager/v2/d/4c4aa51f-1235-4aa1-8b83-adc92e8dacc3/892687da-d4ef-6268-740a-f790682cbf9d?origin=2;https://api.mziq.com/mzfilemanager/v2/d/4c4aa51f-1235-4aa1-8b83-adc92e8dacc3/81ea23ff-0f2a-9337-a19e-18732415238d?origin=2,0.0,486.776753970249,,,
V0,2026-03-24,17281106000103,CSMG3,2285.923999045219,2305.4907883692113,CONT_2480_CSMG3_2026-03-24,DISTRIBUTION,0,CSMG_RI_V4,0.0,1070.6947118088667,,,
V0,2026-03-25,17155730000164,CMIG4,5991.522455606415,6046.821432907173,CMIG4_2026-03-25_DISTRIBUTION_375,DISTRIBUTION,0,cache/market.json.gz; SQLite corporate_actions/B3,0.0,689.0252571674478,,,
V0,2026-03-26,02558157000162,VIVT3,2046.2453859241643,2049.4342846640034,CONT_2851_VIVT3_2026-03-26,DISTRIBUTION,0,https://api.mziq.com/mzfilemanager/v2/d/24165f81-24d6-4648-bf9f-66712905d5a2/34b95df5-e8c3-6d48-b667-42e740e0df5e?origin=2,0.0,128.0661733919412,,,
V0,2026-03-31,02149205000169,PSSA3,1212.1805397130843,1225.1955294771155,CONT_2852_PSSA3_2026-03-31,DISTRIBUTION,0,https://api.mziq.com/mzfilemanager/v2/d/b77a3922-d280-4451-b3ee-0afec4577834/e08580a4-e955-9ee1-6c71-cf3552965f03?origin=2;https://api.mziq.com/mzfilemanager/v2/d/b77a3922-d280-4451-b3ee-0afec4577834/c7efe69b-d37e-c02f-fff7-a51df3341ac0?origin=2,0.0,657.3871329812222,,,
V0,2026-04-01,60872504000123,ITUB4,1787.4904522834936,1788.231956992675,ITUB4_2026-04-01_DISTRIBUTION_102,DISTRIBUTION,0,cache/market.json.gz; SQLite corporate_actions/B3,0.0,32.50015140341848,,,
V0,2026-04-01,02149205000169,PSSA3,1225.1955294771155,1246.973812768362,CONT_2853_PSSA3_2026-04-01,DISTRIBUTION,0,https://api.mziq.com/mzfilemanager/v2/d/b77a3922-d280-4451-b3ee-0afec4577834/5fc07a56-476a-56fa-1f90-8b87c4a74dfe?origin=2,0.0,1085.6474220686346,,,
V0,2026-04-02,60746948000112,BBDC4,3907.3190527045103,3911.196700859695,BBDC4_2026-04-02_DISTRIBUTION_501,DISTRIBUTION,0,https://www.bradescori.com.br/informacoes-ao-mercado/remuneracao-aos-acionistas/,0.0,74.14063272712902,,,
V0,2026-04-06,02998611000104,TRPL4,2828.2912113240704,2842.063391178082,CONT_1362_TRPL4_2026-04-06,DISTRIBUTION,0,cache/market.json.gz; B3,0.0,399.6686593634157,,,
V0,2026-04-07,60746948000112,BBDC4,3911.196700859695,3971.735453309008,BBDC4_2026-04-07_DISTRIBUTION_500,DISTRIBUTION,0,https://www.bradescori.com.br/informacoes-ao-mercado/remuneracao-aos-acionistas/,0.0,1162.9494345513078,,,
V0,2026-04-20,02998611000104,TRPL4,2842.063391178082,2855.090144985113,CONT_1361_TRPL4_2026-04-20,DISTRIBUTION,0,cache/market.json.gz; B3,0.0,401.6148198707659,,,
V0,2026-04-22,90400888000142,SANB4,4316.8739435087155,4396.83929114339,CONT_2264_SANB4_2026-04-22,DISTRIBUTION,0,cache/market.json.gz; B3,0.0,1209.0760562362834,,,
V0,2026-04-28,02558157000162,VIVT3,2049.4342846640034,2055.448801630056,CONT_2854_VIVT3_2026-04-28,DISTRIBUTION,0,https://api.mziq.com/mzfilemanager/v2/d/24165f81-24d6-4648-bf9f-66712905d5a2/34b95df5-e8c3-6d48-b667-42e740e0df5e?origin=2,0.0,234.08500031876517,,,
V0,2026-04-30,76483817000120,CPLE3,5663.743839171854,5748.41625779415,CONT_2380_CPLE3_2026-04-30,DISTRIBUTION,0,CPLE_RI,0.0,1346.2914560945014,,,
V0,2026-04-30,02429144000193,CPFE3,1539.1752755200062,1656.5570099345694,CONT_834_CPFE3_2026-04-30,DISTRIBUTION,0,cache/market.json.gz; B3,0.0,5743.4882649045785,,,
V0,2026-04-30,07859971000130,TAEE4,5566.802405154521,5664.958767424293,CONT_2387_TAEE4_2026-04-30,DISTRIBUTION,0,cache/market.json.gz; B3,0.0,1401.672853212349,,,
V0,2026-05-04,17155730000164,CMIG4,6057.089367745835,6115.859019712756,CMIG4_2026-05-04_DISTRIBUTION_374,DISTRIBUTION,0,cache/market.json.gz; SQLite corporate_actions/B3,0.0,715.8143609570973,,,
V0,2026-05-04,60872504000123,ITUB4,1789.1838013481347,1789.951040496156,ITUB4_2026-05-04_DISTRIBUTION_101,DISTRIBUTION,0,cache/market.json.gz; SQLite corporate_actions/B3,0.0,32.53093987611179,,,
V0,2026-05-05,60746948000112,BBDC4,3978.5145616551213,3982.448462327926,BBDC4_2026-05-05_DISTRIBUTION_502,DISTRIBUTION,0,https://www.bradescori.com.br/informacoes-ao-mercado/remuneracao-aos-acionistas/,0.0,75.49155391112464,,,
V0,2026-05-05,02474103000119,TBLE3,2066.8574920511023,2096.5057100962817,TBLE3_2026-05-05_DISTRIBUTION_333,DISTRIBUTION,0,cache/market.json.gz; SQLite corporate_actions/B3,0.0,1009.2253422579021,,,
V0,2026-05-12,07859971000130,TAEE4,5668.339836829242,5747.455728170951,CONT_2386_TAEE4_2026-05-12,DISTRIBUTION,0,cache/market.json.gz; B3,0.0,1056.197149411814,,,
V0,2026-05-12,61186680000174,BMGB4,18566.55850933496,18917.53315034318,CONT_602_BMGB4_2026-05-12,DISTRIBUTION,0,cache/market.json.gz; B3,0.0,1856.655850933496,,,
V0,2026-05-15,01083200000118,NEOE3,2481.1942634671,0,NEOE_REDEMPTION_20260515,REDEMPTION,0,Issuer notice dated 2026-05-13 https://investidor10.com.br/acoes/link_comunicado/NEOE3/42178/,84410.22884315075,0.0,,,
V0,2026-05-15,REDEMPTION_CASH,,0,0,NEOE_REDEMPTION_20260515,REDEMPTION_CASH,0,Accepted compulsory redemption,,,84410.22884315075,84410.22884315075,INVESTED
V0,2026-05-25,02558157000162,VIVT3,2156.2460265942236,2236.71750301072,CONT_2855_VIVT3_2026-05-25,DISTRIBUTION,0,https://api.mziq.com/mzfilemanager/v2/d/24165f81-24d6-4648-bf9f-66712905d5a2/34b95df5-e8c3-6d48-b667-42e740e0df5e?origin=2,0.0,2699.013319009284,,,
V0,2026-05-28,02558157000162,VIVT3,2236.71750301072,2249.216346605077,CONT_2856_VIVT3_2026-05-28,DISTRIBUTION,0,https://api.mziq.com/mzfilemanager/v2/d/24165f81-24d6-4648-bf9f-66712905d5a2/34b95df5-e8c3-6d48-b667-42e740e0df5e?origin=2,0.0,419.96114477039487,,,
V0,2026-06-01,60872504000123,ITUB4,1880.4345915716158,1881.3032415142975,ITUB4_2026-06-01_DISTRIBUTION_100,DISTRIBUTION,0,cache/market.json.gz; SQLite corporate_actions/B3,0.0,34.19006174395512,,,
V0,2026-06-02,00000000000191,BBAS3,3427.320115622751,3437.604490371036,CONT_147_BBAS3_2026-06-02,DISTRIBUTION,0,cache/market.json.gz; B3,0.0,204.55621374338082,,,
V0,2026-06-02,60746948000112,BBDC4,4260.783690286882,4265.3384822144035,BBDC4_2026-06-02_DISTRIBUTION_503,DISTRIBUTION,0,https://www.bradescori.com.br/informacoes-ao-mercado/remuneracao-aos-acionistas/,0.0,80.84755671350874,,,
V0,2026-06-10,60872504000123,XPBR31,22.205603763383646,22.499876335734907,XPBR31_2026-06-10_DISTRIBUTION_691,DISTRIBUTION,0,https://www.sec.gov/Archives/edgar/data/1787425/000095010326007333/dp246817_ex9901.htm,0.0,22.988573352080554,,,
V0,2026-06-19,60872504000123,ITUB4,1883.787769669174,1900.8859667619224,ITUB4_2026-06-19_DISTRIBUTION_99,DISTRIBUTION,0,cache/market.json.gz; SQLite corporate_actions/B3,0.0,681.7051180878806,,,
V0,2026-06-23,02149205000169,PSSA3,1466.7386997202705,1481.1504443508732,CONT_2857_PSSA3_2026-06-23,DISTRIBUTION,0,https://api.mziq.com/mzfilemanager/v2/d/b77a3922-d280-4451-b3ee-0afec4577834/f8d74364-4778-d466-02ec-0d7bf05ca8fa?origin=2,0.0,752.1489522711541,,,
V0,2026-06-23,02558115000121,TIMS3,3309.5342878597303,3334.386563580861,CONT_2858_TIMS3_2026-06-23,DISTRIBUTION,0,https://api.mziq.com/mzfilemanager/v2/d/4c4aa51f-1235-4aa1-8b83-adc92e8dacc3/25999361-3614-1392-dad2-f96e99522a8d?origin=2,0.0,554.2057485812142,,,
V0,2026-06-24,17155730000164,CMIG4,6631.082937990008,6699.251071590108,CMIG4_2026-06-24_DISTRIBUTION_373,DISTRIBUTION,0,cache/market.json.gz; SQLite corporate_actions/B3,0.0,730.7623921930714,,,
V0,2026-06-24,17281106000103,CSMG3,2305.4907883692113,2320.359920731786,CONT_2481_CSMG3_2026-06-24,DISTRIBUTION,0,CSMG_RI_V4,0.0,866.5730340908764,,,
V0,2026-06-29,02558157000162,VIVT3,2253.1047171164178,2257.818803044308,CONT_2859_VIVT3_2026-06-29,DISTRIBUTION,0,https://api.mziq.com/mzfilemanager/v2/d/24165f81-24d6-4648-bf9f-66712905d5a2/34b95df5-e8c3-6d48-b667-42e740e0df5e?origin=2,0.0,162.16455591942736,,,
V0,2026-06-30,28195667000106,ABCB4,3207.0890700519203,3364.677628479377,CONT_0_ABCB4_2026-06-30,DISTRIBUTION,0,cache/market.json.gz; B3,0.0,3745.880033820643,,,
