portfolio,date,phase,nav,cash,external_capital,active_lineages,physical_securities,maximum_lineage_weight,hhi,twr_cumulative_pct,valuation_status
V0,2014-06-30,INITIAL,100000.0,0.0,100000.0,20,20,0.05,0.05000000000000001,0.0,EXACT_B3_CLOSE
V0,2014-07-01,BEFORE_DEPOSIT,,0.0,100000.0,20,21,,,,MISSING_EXACT_CLOSE:ABCB2
V0,2014-07-01,AFTER_DEPOSIT,,2500.0,102500.0,20,21,,,,MISSING_EXACT_CLOSE:ABCB2
V0,2014-07-31,MONTH_END,103491.3118476476,2500.0,102500.0,20,20,0.05528782143749218,0.04783838287775622,,EXACT_B3_CLOSE
V0,2014-08-01,BEFORE_DEPOSIT,104180.81202130891,2500.0,102500.0,20,20,0.055932925011916115,0.04784975325673739,,EXACT_B3_CLOSE
V0,2014-08-01,AFTER_DEPOSIT,106680.81202130891,0.0,105000.0,20,20,0.05462217090459024,0.05003552462379405,,EXACT_B3_CLOSE
V0,2014-08-29,MONTH_END,118812.39837634894,0.0,105000.0,20,20,0.06048229486004869,0.05032825099804205,,EXACT_B3_CLOSE
V0,2014-09-01,BEFORE_DEPOSIT,118791.52884541769,0.0,105000.0,20,20,0.062294004226762255,0.05040765172745074,,EXACT_B3_CLOSE
V0,2014-09-01,AFTER_DEPOSIT,121291.52884541769,0.0,107500.0,20,20,0.06101003153675366,0.05027853527425442,,EXACT_B3_CLOSE
V0,2014-09-30,MONTH_END,110047.16775189163,0.0,107500.0,20,20,0.06280020915221717,0.05059310756221307,,EXACT_B3_CLOSE
V0,2014-10-01,BEFORE_DEPOSIT,107331.67448845929,0.0,107500.0,20,20,0.06018221958026988,0.05045184440291456,,EXACT_B3_CLOSE
V0,2014-10-01,AFTER_DEPOSIT,109831.67448845929,0.0,110000.0,20,20,0.05881234563769893,0.05028640611614056,,EXACT_B3_CLOSE
V0,2014-10-31,MONTH_END,113182.0076317497,0.0,110000.0,20,20,0.06373113788280091,0.05058515833661365,,EXACT_B3_CLOSE
V0,2014-11-03,BEFORE_DEPOSIT,112252.08792269263,0.0,110000.0,20,20,0.06379139656889711,0.05060060192165094,,EXACT_B3_CLOSE
V0,2014-11-03,AFTER_DEPOSIT,114752.08792269263,0.0,112500.0,20,20,0.06240163108132113,0.05038161174478649,,EXACT_B3_CLOSE
V0,2014-11-28,MONTH_END,119331.37336846792,0.0,112500.0,20,20,0.06292499028344382,0.0505361718505573,,EXACT_B3_CLOSE
V0,2014-12-01,BEFORE_DEPOSIT,114547.12805411528,0.0,112500.0,20,20,0.06521689762211838,0.05061433617121198,,EXACT_B3_CLOSE
V0,2014-12-01,AFTER_DEPOSIT,117047.12805411528,0.0,115000.0,20,20,0.0638239352593006,0.050380724181549666,,EXACT_B3_CLOSE
V0,2014-12-30,MONTH_END,115971.3120743196,0.0,115000.0,20,20,0.06891632126463769,0.0506862110043039,,EXACT_B3_CLOSE
V0,2015-01-02,BEFORE_DEPOSIT,,0.0,115000.0,20,21,,,,MISSING_EXACT_CLOSE:ABCB2
V0,2015-01-02,AFTER_DEPOSIT,,2500.0,117500.0,20,21,,,,MISSING_EXACT_CLOSE:ABCB2
V0,2015-01-30,MONTH_END,107062.19681926395,2500.0,117500.0,20,20,0.07056782279822368,0.04892296367465843,,EXACT_B3_CLOSE
V0,2015-02-02,BEFORE_DEPOSIT,108799.84816455822,2500.0,117500.0,20,20,0.06866193702691602,0.04895946799821753,,EXACT_B3_CLOSE
V0,2015-02-02,AFTER_DEPOSIT,111299.84816455822,0.0,120000.0,20,20,0.06711966320176671,0.05055730277039493,,EXACT_B3_CLOSE
V0,2015-02-27,MONTH_END,120263.35283653787,0.0,120000.0,20,20,0.06725747267049205,0.050609228105668716,,EXACT_B3_CLOSE
V0,2015-03-02,BEFORE_DEPOSIT,119313.38551167765,0.0,120000.0,20,20,0.06714732600446752,0.05061999085555962,,EXACT_B3_CLOSE
V0,2015-03-02,AFTER_DEPOSIT,121813.38551167765,0.0,122500.0,20,20,0.06576924826443889,0.05042005995072716,,EXACT_B3_CLOSE
V0,2015-03-31,MONTH_END,123265.26429641852,0.0,122500.0,20,20,0.062494794016433375,0.05061078341473003,,EXACT_B3_CLOSE
V0,2015-04-01,BEFORE_DEPOSIT,126145.42484589526,0.0,122500.0,20,20,0.06259460653267185,0.05064286749862431,,EXACT_B3_CLOSE
V0,2015-04-01,AFTER_DEPOSIT,128645.42484589526,0.0,125000.0,20,20,0.06137818926389501,0.0504242989497222,,EXACT_B3_CLOSE
V0,2015-04-30,MONTH_END,133397.14118199903,0.0,125000.0,20,20,0.061357402867937214,0.050572506907502535,,EXACT_B3_CLOSE
V0,2015-05-04,BEFORE_DEPOSIT,135130.16143016197,0.0,125000.0,20,20,0.06085554277749438,0.050552463794222686,,EXACT_B3_CLOSE
V0,2015-05-04,AFTER_DEPOSIT,137630.16143016197,0.0,127500.0,20,20,0.05975012478362727,0.0503413063077528,,EXACT_B3_CLOSE
V0,2015-05-29,MONTH_END,128869.68394581335,0.0,127500.0,20,20,0.061043930158617955,0.0506108678885957,,EXACT_B3_CLOSE
V0,2015-06-01,BEFORE_DEPOSIT,130106.9344408164,0.0,127500.0,20,20,0.06235291585949364,0.050686156675600294,,EXACT_B3_CLOSE
V0,2015-06-01,AFTER_DEPOSIT,132606.9344408164,0.0,130000.0,20,20,0.0611773944562875,0.05047539281217028,,EXACT_B3_CLOSE
V0,2015-06-30,MONTH_END,131677.12527588528,0.0,130000.0,20,20,0.06419366761116135,0.050833759446338084,,EXACT_B3_CLOSE
V0,2015-06-30,AFTER_JUNE_REVIEW,131677.12527588528,0.0,130000.0,19,19,0.052631578947368425,0.05263157894736842,,EXACT_B3_CLOSE
V0,2015-07-01,BEFORE_DEPOSIT,131401.27849766982,0.0,130000.0,19,19,0.05410673221207763,0.052642539361585396,,EXACT_B3_CLOSE
V0,2015-07-01,AFTER_DEPOSIT,133901.27849766982,0.0,132500.0,19,19,0.05309653401197196,0.05263190459945672,,EXACT_B3_CLOSE
V0,2015-07-31,MONTH_END,131430.76707912804,0.0,132500.0,19,19,0.06085915278183259,0.053035419383488616,,EXACT_B3_CLOSE
V0,2015-08-03,BEFORE_DEPOSIT,131146.4527354539,0.0,132500.0,19,19,0.06131824551683011,0.05302572714692218,,EXACT_B3_CLOSE
V0,2015-08-03,AFTER_DEPOSIT,133646.4527354539,0.0,135000.0,19,19,0.06017122207808972,0.052850795810918824,,EXACT_B3_CLOSE
V0,2015-08-31,MONTH_END,116233.20931574791,0.0,135000.0,19,19,0.060346751218028453,0.05313934685622584,,EXACT_B3_CLOSE
V0,2015-09-01,BEFORE_DEPOSIT,112884.23881861591,0.0,135000.0,19,19,0.060143636670345786,0.05309410323159893,,EXACT_B3_CLOSE
V0,2015-09-01,AFTER_DEPOSIT,115384.23881861591,0.0,137500.0,19,19,0.05884052028967417,0.0528780424533953,,EXACT_B3_CLOSE
V0,2015-09-30,MONTH_END,115474.84703349211,0.0,137500.0,19,19,0.06352708212710735,0.05352715281629474,,EXACT_B3_CLOSE
V0,2015-10-01,BEFORE_DEPOSIT,114741.82392377795,0.0,137500.0,19,19,0.062205239052447056,0.05346081164286091,,EXACT_B3_CLOSE
V0,2015-10-01,AFTER_DEPOSIT,117241.82392377795,0.0,140000.0,19,19,0.060878808838155773,0.053158179802128246,,EXACT_B3_CLOSE
V0,2015-10-30,MONTH_END,122049.18903243556,0.0,140000.0,19,19,0.06441455137240883,0.05322528360759447,,EXACT_B3_CLOSE
V0,2015-11-03,BEFORE_DEPOSIT,126937.46681106366,0.0,140000.0,19,19,0.06447470606032973,0.05325124333686131,,EXACT_B3_CLOSE
V0,2015-11-03,AFTER_DEPOSIT,129437.46681106366,0.0,142500.0,19,19,0.06322941928887195,0.05305567884330157,,EXACT_B3_CLOSE
V0,2015-11-30,MONTH_END,124998.63567114584,0.0,142500.0,19,19,0.07717718661959551,0.05400702328455786,,EXACT_B3_CLOSE
V0,2015-12-01,BEFORE_DEPOSIT,124834.1658617889,0.0,142500.0,19,19,0.07732613341770615,0.05403803710632529,,EXACT_B3_CLOSE
V0,2015-12-01,AFTER_DEPOSIT,127334.1658617889,0.0,145000.0,19,19,0.07580796009606919,0.05372763763493347,,EXACT_B3_CLOSE
V0,2015-12-30,MONTH_END,123704.7431628717,0.0,145000.0,19,19,0.07393018705276479,0.05404064165073511,,EXACT_B3_CLOSE
V0,2016-01-04,BEFORE_DEPOSIT,119160.8970409823,0.0,145000.0,19,19,0.0722928840212707,0.054015935747297156,,EXACT_B3_CLOSE
V0,2016-01-04,AFTER_DEPOSIT,121660.8970409823,0.0,147500.0,19,19,0.07080734335496855,0.053680215286901894,,EXACT_B3_CLOSE
V0,2016-01-29,MONTH_END,120658.63676639946,0.0,147500.0,19,19,0.07658616340537078,0.05442904448671712,,EXACT_B3_CLOSE
V0,2016-02-01,BEFORE_DEPOSIT,123336.40395981359,0.0,147500.0,19,19,0.07499367928526271,0.05424214817458472,,EXACT_B3_CLOSE
V0,2016-02-01,AFTER_DEPOSIT,125836.40395981359,0.0,150000.0,19,19,0.07350377499434678,0.05388865218774794,,EXACT_B3_CLOSE
V0,2016-02-29,MONTH_END,130921.45981054688,0.0,150000.0,19,19,0.07485335163337711,0.054222811932219964,,EXACT_B3_CLOSE
V0,2016-03-01,BEFORE_DEPOSIT,134006.57936565534,0.0,150000.0,19,19,0.07410039030207237,0.05400785399728358,,EXACT_B3_CLOSE
V0,2016-03-01,AFTER_DEPOSIT,136506.57936565534,0.0,152500.0,19,19,0.07274330570867006,0.05368097442643707,,EXACT_B3_CLOSE
V0,2016-03-31,MONTH_END,159013.806260094,0.0,152500.0,19,19,0.06938781821791024,0.05363095942576301,,EXACT_B3_CLOSE
V0,2016-04-01,BEFORE_DEPOSIT,160162.99139695885,0.0,152500.0,19,19,0.06914783066441271,0.05365910543839138,,EXACT_B3_CLOSE
V0,2016-04-01,AFTER_DEPOSIT,162662.99139695885,0.0,155000.0,19,19,0.0680850838455056,0.05344787831864517,,EXACT_B3_CLOSE
V0,2016-04-29,MONTH_END,168218.4916731072,0.0,155000.0,19,19,0.07541212593878881,0.0541319293756466,,EXACT_B3_CLOSE
V0,2016-05-02,BEFORE_DEPOSIT,166953.75762133684,0.0,155000.0,19,19,0.07577135289879415,0.05409090043596731,,EXACT_B3_CLOSE
V0,2016-05-02,AFTER_DEPOSIT,169453.75762133684,0.0,157500.0,19,19,0.07465347634706677,0.05384929323969586,,EXACT_B3_CLOSE
V0,2016-05-31,MONTH_END,164316.66654875482,0.0,157500.0,19,19,0.09224525994386445,0.05556674480066578,,EXACT_B3_CLOSE
V0,2016-06-01,BEFORE_DEPOSIT,164363.6621218836,0.0,157500.0,19,19,0.09167599495389972,0.055639450261345334,,EXACT_B3_CLOSE
V0,2016-06-01,AFTER_DEPOSIT,166863.6621218836,0.0,160000.0,19,19,0.09030247848859921,0.05529660185469369,,EXACT_B3_CLOSE
V0,2016-06-30,MONTH_END,183436.3499117126,0.0,160000.0,19,19,0.09599145228285046,0.055605841934810656,,EXACT_B3_CLOSE
V0,2016-06-30,AFTER_JUNE_REVIEW,183436.3499117126,0.0,160000.0,17,17,0.05882352941176471,0.05882352941176471,,EXACT_B3_CLOSE
V0,2016-07-01,BEFORE_DEPOSIT,183569.4330718188,0.0,160000.0,17,17,0.06049962314617783,0.05883521803668236,,EXACT_B3_CLOSE
V0,2016-07-01,AFTER_DEPOSIT,186069.4330718188,0.0,162500.0,17,17,0.05968675960718341,0.058824629337327364,,EXACT_B3_CLOSE
V0,2016-07-29,MONTH_END,212846.57332701795,0.0,162500.0,17,17,0.06862641230861784,0.059090333369566546,,EXACT_B3_CLOSE
V0,2016-08-01,BEFORE_DEPOSIT,211176.7757453352,0.0,162500.0,17,17,0.06636425572253103,0.05907723822370375,,EXACT_B3_CLOSE
V0,2016-08-01,AFTER_DEPOSIT,213676.7757453352,0.0,165000.0,17,17,0.06558779960685067,0.059006675281525055,,EXACT_B3_CLOSE
V0,2016-08-31,MONTH_END,215878.61415090397,0.0,165000.0,17,17,0.07063876814428051,0.05925672775664598,,EXACT_B3_CLOSE
V0,2016-09-01,BEFORE_DEPOSIT,218160.47639108766,0.0,165000.0,17,17,0.07155653207193219,0.05927319016895637,,EXACT_B3_CLOSE
V0,2016-09-01,AFTER_DEPOSIT,220660.47639108766,0.0,167500.0,17,17,0.0707458235431299,0.05917627762844503,,EXACT_B3_CLOSE
V0,2016-09-30,MONTH_END,218410.90180875803,0.0,167500.0,17,17,0.07299130874096993,0.059223081271079246,,EXACT_B3_CLOSE
V0,2016-10-03,BEFORE_DEPOSIT,221229.81296261403,0.0,167500.0,17,17,0.07156208834350093,0.05922208958238942,,EXACT_B3_CLOSE
V0,2016-10-03,AFTER_DEPOSIT,223729.81296261403,0.0,170000.0,17,17,0.07076243979201956,0.059137651113706016,,EXACT_B3_CLOSE
V0,2016-10-31,MONTH_END,247110.58861667302,0.0,170000.0,17,17,0.07684475707821417,0.059743893380425975,,EXACT_B3_CLOSE
V0,2016-11-01,BEFORE_DEPOSIT,240926.94011501584,0.0,170000.0,17,17,0.0751843176253646,0.05964983032374726,,EXACT_B3_CLOSE
V0,2016-11-01,AFTER_DEPOSIT,243426.94011501584,0.0,172500.0,17,17,0.07441217303867832,0.059532649274107105,,EXACT_B3_CLOSE
V0,2016-11-30,MONTH_END,225748.77888757095,0.0,172500.0,17,17,0.08216219667691219,0.059716756558204694,,EXACT_B3_CLOSE
V0,2016-12-01,BEFORE_DEPOSIT,214750.0094309534,0.0,172500.0,17,17,0.08067285955585596,0.059632812901719685,,EXACT_B3_CLOSE
V0,2016-12-01,AFTER_DEPOSIT,217250.0094309534,0.0,175000.0,17,17,0.07974451828941409,0.05950307350224108,,EXACT_B3_CLOSE
V0,2016-12-29,MONTH_END,227013.87629898626,0.0,175000.0,17,17,0.08076803495021559,0.05988971152375501,,EXACT_B3_CLOSE
V0,2017-01-02,BEFORE_DEPOSIT,226731.49590810313,0.0,175000.0,17,17,0.07928522528552578,0.05988109365688295,,EXACT_B3_CLOSE
V0,2017-01-02,AFTER_DEPOSIT,229231.49590810313,0.0,177500.0,17,17,0.07842054016697961,0.05974647582926487,,EXACT_B3_CLOSE
V0,2017-01-31,MONTH_END,257100.1067183964,0.0,177500.0,17,17,0.0790844961260545,0.060457855678102676,,EXACT_B3_CLOSE
V0,2017-02-01,BEFORE_DEPOSIT,257126.21383831784,0.0,177500.0,17,17,0.07935655402665445,0.06051074217878614,,EXACT_B3_CLOSE
V0,2017-02-01,AFTER_DEPOSIT,259626.21383831784,0.0,180000.0,17,17,0.07859241167702953,0.060347300236017316,,EXACT_B3_CLOSE
V0,2017-02-24,MONTH_END,275223.415096081,0.0,180000.0,17,17,0.0814148778094224,0.06078212693473241,,EXACT_B3_CLOSE
V0,2017-03-01,BEFORE_DEPOSIT,276439.4647819963,0.0,180000.0,17,17,0.08029410539614806,0.06086033698371508,,EXACT_B3_CLOSE
V0,2017-03-01,AFTER_DEPOSIT,278939.4647819963,0.0,182500.0,17,17,0.07957446802376243,0.0606791699269764,,EXACT_B3_CLOSE
V0,2017-03-31,MONTH_END,271785.26205400034,0.0,182500.0,17,17,0.08134036463225129,0.060307953574865666,,EXACT_B3_CLOSE
V0,2017-04-03,BEFORE_DEPOSIT,273518.2078809128,0.0,182500.0,17,17,0.08106435125690642,0.060324184765750084,,EXACT_B3_CLOSE
V0,2017-04-03,AFTER_DEPOSIT,276018.2078809128,0.0,185000.0,17,17,0.0803301211505009,0.06017280718889041,,EXACT_B3_CLOSE
V0,2017-04-28,MONTH_END,269109.8194432017,0.0,185000.0,17,17,0.08151112009016286,0.06048267888120838,,EXACT_B3_CLOSE
V0,2017-05-02,BEFORE_DEPOSIT,275297.35625606694,0.0,185000.0,17,17,0.08113774605135092,0.060573608732088814,,EXACT_B3_CLOSE
V0,2017-05-02,AFTER_DEPOSIT,277797.35625606694,0.0,187500.0,17,17,0.08040755780239797,0.06040551089927051,,EXACT_B3_CLOSE
V0,2017-05-31,MONTH_END,263486.0119896376,0.0,187500.0,17,17,0.08111722064512007,0.06002973181936998,,EXACT_B3_CLOSE
V0,2017-06-01,BEFORE_DEPOSIT,260576.3470095687,0.0,187500.0,17,17,0.08025077646320936,0.0598831309426517,,EXACT_B3_CLOSE
V0,2017-06-01,AFTER_DEPOSIT,263076.3470095687,0.0,190000.0,17,17,0.07948815776548687,0.05975042543711951,,EXACT_B3_CLOSE
V0,2017-06-30,MONTH_END,266003.79755561537,0.0,190000.0,17,17,0.0845763588919582,0.05991874945561455,,EXACT_B3_CLOSE
V0,2017-06-30,AFTER_JUNE_REVIEW,266003.79755561537,0.0,190000.0,17,17,0.05882352941176471,0.058823529411764705,,EXACT_B3_CLOSE
V0,2017-07-03,BEFORE_DEPOSIT,268053.5192404985,0.0,190000.0,17,17,0.05958698552998971,0.05882607253258714,,EXACT_B3_CLOSE
V0,2017-07-03,AFTER_DEPOSIT,270553.5192404985,0.0,192500.0,17,17,0.05903638295700098,0.05882357850749623,,EXACT_B3_CLOSE
V0,2017-07-31,MONTH_END,281642.52708387753,0.0,192500.0,17,17,0.062197178557874676,0.05887235217738829,,EXACT_B3_CLOSE
V0,2017-08-01,BEFORE_DEPOSIT,283915.11491409375,0.0,192500.0,17,17,0.06258495981145862,0.05887192902688386,,EXACT_B3_CLOSE
V0,2017-08-01,AFTER_DEPOSIT,286415.11491409375,0.0,195000.0,17,17,0.06203868138067267,0.05884899509180356,,EXACT_B3_CLOSE
V0,2017-08-31,MONTH_END,300454.1100920337,0.0,195000.0,17,17,0.0683088830566524,0.059050798805364575,,EXACT_B3_CLOSE
V0,2017-09-01,BEFORE_DEPOSIT,304100.98432549683,0.0,195000.0,17,17,0.06936441547173187,0.059082224743915064,,EXACT_B3_CLOSE
V0,2017-09-01,AFTER_DEPOSIT,306600.98432549683,0.0,197500.0,17,17,0.06879882355407765,0.05902221706474289,,EXACT_B3_CLOSE
V0,2017-09-29,MONTH_END,311218.0820327553,0.0,197500.0,17,17,0.06875253781607776,0.05916775730414496,,EXACT_B3_CLOSE
V0,2017-10-02,BEFORE_DEPOSIT,311476.722776125,0.0,197500.0,17,17,0.06737138589235621,0.05915652205194954,,EXACT_B3_CLOSE
V0,2017-10-02,AFTER_DEPOSIT,313976.722776125,0.0,200000.0,17,17,0.06683494974116105,0.059089977159738405,,EXACT_B3_CLOSE
V0,2017-10-31,MONTH_END,305022.738254754,0.0,200000.0,17,17,0.06670680102175529,0.05912074239475613,,EXACT_B3_CLOSE
V0,2017-11-01,BEFORE_DEPOSIT,302248.2223851209,0.0,200000.0,17,17,0.06645908362109161,0.0590974005650709,,EXACT_B3_CLOSE
V0,2017-11-01,AFTER_DEPOSIT,304748.2223851209,0.0,202500.0,17,17,0.06591388697399596,0.05901976617043469,,EXACT_B3_CLOSE
V0,2017-11-30,MONTH_END,290397.6866475354,0.0,202500.0,17,17,0.06704371613306237,0.05932922931605844,,EXACT_B3_CLOSE
V0,2017-12-01,BEFORE_DEPOSIT,290815.8828936652,0.0,202500.0,17,17,0.06831129021557274,0.059388367649695156,,EXACT_B3_CLOSE
V0,2017-12-01,AFTER_DEPOSIT,293315.8828936652,0.0,205000.0,17,17,0.06772905708228945,0.059255570507949606,,EXACT_B3_CLOSE
V0,2017-12-28,MONTH_END,308291.3456301193,0.0,205000.0,17,17,0.06862186233141236,0.059366241131180886,,EXACT_B3_CLOSE
V0,2018-01-02,BEFORE_DEPOSIT,311116.6455779492,0.0,205000.0,17,17,0.06851777025688292,0.05938116730076024,,EXACT_B3_CLOSE
V0,2018-01-02,AFTER_DEPOSIT,313616.6455779492,0.0,207500.0,17,17,0.06797157977861115,0.05923312645901931,,EXACT_B3_CLOSE
V0,2018-01-31,MONTH_END,340270.9049879197,0.0,207500.0,17,17,0.07055134834302482,0.05973972755988491,,EXACT_B3_CLOSE
V0,2018-02-01,BEFORE_DEPOSIT,341804.8759299488,0.0,207500.0,17,17,0.0726511292502693,0.05971281519125192,,EXACT_B3_CLOSE
V0,2018-02-01,AFTER_DEPOSIT,344304.8759299488,0.0,210000.0,17,17,0.0721236089163353,0.059594741329946514,,EXACT_B3_CLOSE
V0,2018-02-28,MONTH_END,351581.532178806,0.0,210000.0,17,17,0.07090635040366376,0.059636561198069725,,EXACT_B3_CLOSE
V0,2018-03-01,BEFORE_DEPOSIT,352564.92871865095,0.0,210000.0,17,17,0.07121605170104305,0.05964544044464744,,EXACT_B3_CLOSE
V0,2018-03-01,AFTER_DEPOSIT,355064.92871865095,0.0,212500.0,17,17,0.07071462192059384,0.059539626468516085,,EXACT_B3_CLOSE
V0,2018-03-29,MONTH_END,359943.9575447768,0.0,212500.0,17,17,0.07330746699262887,0.059756478059062146,,EXACT_B3_CLOSE
V0,2018-04-02,BEFORE_DEPOSIT,355578.99807694374,0.0,212500.0,17,17,0.07195354516581295,0.05966768509561728,,EXACT_B3_CLOSE
V0,2018-04-02,AFTER_DEPOSIT,358078.99807694374,0.0,215000.0,17,17,0.07145118712783644,0.059573574399468046,,EXACT_B3_CLOSE
V0,2018-04-30,MONTH_END,362101.16576333885,0.0,215000.0,17,17,0.07132978502272325,0.05946518093242939,,EXACT_B3_CLOSE
V0,2018-05-02,BEFORE_DEPOSIT,356450.9180747447,0.0,215000.0,17,17,0.07280075022664997,0.05948997908750378,,EXACT_B3_CLOSE
V0,2018-05-02,AFTER_DEPOSIT,358950.9180747447,0.0,217500.0,17,17,0.07229371189243201,0.05941700091721445,,EXACT_B3_CLOSE
V0,2018-05-30,MONTH_END,323132.7877417217,0.0,217500.0,17,17,0.07425717911795167,0.05948975438279923,,EXACT_B3_CLOSE
V0,2018-06-01,BEFORE_DEPOSIT,329414.40507037396,0.0,217500.0,17,17,0.07527434518477506,0.059616475966123815,,EXACT_B3_CLOSE
V0,2018-06-01,AFTER_DEPOSIT,331914.40507037396,0.0,220000.0,17,17,0.07470737412209388,0.059494528729679336,,EXACT_B3_CLOSE
V0,2018-06-29,MONTH_END,310265.81511099596,0.0,220000.0,17,17,0.07534451548066645,0.05950872516663605,,EXACT_B3_CLOSE
V0,2018-06-29,AFTER_JUNE_REVIEW,310265.81511099596,0.0,220000.0,18,18,0.055555555555555566,0.05555555555555555,,EXACT_B3_CLOSE
V0,2018-07-02,BEFORE_DEPOSIT,310590.32341050357,0.0,220000.0,18,18,0.0571786608500594,0.055567230224035244,,EXACT_B3_CLOSE
V0,2018-07-02,AFTER_DEPOSIT,313090.32341050357,0.0,222500.0,18,18,0.05672209403391502,0.055559815944162705,,EXACT_B3_CLOSE
V0,2018-07-31,MONTH_END,328584.9916551028,0.0,222500.0,18,18,0.06536326364136276,0.055894620292169905,,EXACT_B3_CLOSE
V0,2018-08-01,BEFORE_DEPOSIT,330954.5116437639,0.0,222500.0,18,18,0.06408409418512381,0.055843945834136044,,EXACT_B3_CLOSE
V0,2018-08-01,AFTER_DEPOSIT,333454.5116437639,0.0,225000.0,18,18,0.06360363814129026,0.05577654266597705,,EXACT_B3_CLOSE
V0,2018-08-31,MONTH_END,323482.4160307281,0.0,225000.0,18,18,0.07346207643517909,0.056008402263282936,,EXACT_B3_CLOSE
V0,2018-09-03,BEFORE_DEPOSIT,322676.8571272086,0.0,225000.0,18,18,0.07525579739524302,0.05609606094120726,,EXACT_B3_CLOSE
V0,2018-09-03,AFTER_DEPOSIT,325176.8571272086,0.0,227500.0,18,18,0.07467722149303942,0.056036897077871795,,EXACT_B3_CLOSE
V0,2018-09-28,MONTH_END,326909.9190248208,0.0,227500.0,18,18,0.07853316986634525,0.05624496472957182,,EXACT_B3_CLOSE
V0,2018-10-01,BEFORE_DEPOSIT,323167.7137626976,0.0,227500.0,18,18,0.07938896936612973,0.05630084598581716,,EXACT_B3_CLOSE
V0,2018-10-01,AFTER_DEPOSIT,325667.7137626976,0.0,230000.0,18,18,0.07877953706741576,0.05623545376358563,,EXACT_B3_CLOSE
V0,2018-10-31,MONTH_END,384182.73843921896,0.0,230000.0,18,18,0.06942853440304324,0.05633844818353073,,EXACT_B3_CLOSE
V0,2018-11-01,BEFORE_DEPOSIT,391574.78327045916,0.0,230000.0,18,18,0.06828062774560922,0.05629948132220216,,EXACT_B3_CLOSE
V0,2018-11-01,AFTER_DEPOSIT,394074.78327045916,0.0,232500.0,18,18,0.06784745724952379,0.05621304122142523,,EXACT_B3_CLOSE
V0,2018-11-30,MONTH_END,415381.31873621047,0.0,232500.0,18,18,0.07399441190475549,0.056669380297978314,,EXACT_B3_CLOSE
V0,2018-12-03,BEFORE_DEPOSIT,417710.23425517743,0.0,232500.0,18,18,0.07323450367240121,0.0566057666422349,,EXACT_B3_CLOSE
V0,2018-12-03,AFTER_DEPOSIT,420210.23425517743,0.0,235000.0,18,18,0.07279880210148273,0.05650324091634684,,EXACT_B3_CLOSE
V0,2018-12-28,MONTH_END,431620.11560417357,0.0,235000.0,18,18,0.07850022385179362,0.056720058394625246,,EXACT_B3_CLOSE
V0,2019-01-02,BEFORE_DEPOSIT,444573.3676038664,0.0,235000.0,18,18,0.07863247338022925,0.05679129799966115,,EXACT_B3_CLOSE
V0,2019-01-02,AFTER_DEPOSIT,447073.3676038664,0.0,237500.0,18,18,0.07819276661687591,0.056697787582157204,,EXACT_B3_CLOSE
V0,2019-01-31,MONTH_END,497900.49661878176,0.0,237500.0,18,18,0.06800119669980717,0.056481271363882896,,EXACT_B3_CLOSE
V0,2019-02-01,BEFORE_DEPOSIT,499525.6242285364,0.0,237500.0,18,18,0.06759087363195634,0.05648241242693345,,EXACT_B3_CLOSE
V0,2019-02-01,AFTER_DEPOSIT,502025.6242285364,0.0,240000.0,18,18,0.06725428287657498,0.056392852544682605,,EXACT_B3_CLOSE
V0,2019-02-28,MONTH_END,487546.98946280277,0.0,240000.0,18,18,0.07220301861785518,0.056697143035678556,,EXACT_B3_CLOSE
V0,2019-03-01,BEFORE_DEPOSIT,485466.44958197087,0.0,240000.0,18,18,0.07080035592705834,0.05669675830717591,,EXACT_B3_CLOSE
V0,2019-03-01,AFTER_DEPOSIT,487966.44958197087,0.0,242500.0,18,18,0.07043762424751505,0.056589541431275224,,EXACT_B3_CLOSE
V0,2019-03-29,MONTH_END,489057.06637101824,0.0,242500.0,18,18,0.06948076692040449,0.056613580295551844,,EXACT_B3_CLOSE
V0,2019-04-01,BEFORE_DEPOSIT,490643.79877133033,0.0,242500.0,18,18,0.06920624297703121,0.056622770282257484,,EXACT_B3_CLOSE
V0,2019-04-01,AFTER_DEPOSIT,493143.79877133033,0.0,245000.0,18,18,0.06885540087403073,0.056526923327208184,,EXACT_B3_CLOSE
V0,2019-04-30,MONTH_END,511484.6935086279,0.0,245000.0,18,18,0.07187431362995356,0.05698380039318162,,EXACT_B3_CLOSE
V0,2019-05-02,BEFORE_DEPOSIT,511109.66966869676,0.0,245000.0,18,18,0.071253879591131,0.05698460041147544,,EXACT_B3_CLOSE
V0,2019-05-02,AFTER_DEPOSIT,513609.66966869676,0.0,247500.0,18,18,0.07090705064787389,0.05688478962000233,,EXACT_B3_CLOSE
V0,2019-05-31,MONTH_END,529219.3009300091,0.0,247500.0,18,18,0.07892829353347058,0.057224601793206535,,EXACT_B3_CLOSE
V0,2019-06-03,BEFORE_DEPOSIT,531553.8297638167,0.0,247500.0,18,18,0.07777946105805197,0.05712262652882961,,EXACT_B3_CLOSE
V0,2019-06-03,AFTER_DEPOSIT,534053.8297638167,0.0,250000.0,18,18,0.07741536170737205,0.05701513685483874,,EXACT_B3_CLOSE
V0,2019-06-28,MONTH_END,547212.7507220055,0.0,250000.0,18,18,0.07728713553489461,0.057059586602771384,,EXACT_B3_CLOSE
V0,2019-06-28,AFTER_JUNE_REVIEW,547212.7507220055,0.0,250000.0,19,19,0.05263157894736843,0.05263157894736843,,EXACT_B3_CLOSE
V0,2019-07-01,BEFORE_DEPOSIT,546420.5425170928,0.0,250000.0,19,19,0.05417942488764365,0.05263824794279753,,EXACT_B3_CLOSE
V0,2019-07-01,AFTER_DEPOSIT,548920.5425170928,0.0,252500.0,19,19,0.05393267048199141,0.05263495497314992,,EXACT_B3_CLOSE
V0,2019-07-31,MONTH_END,556384.6812475547,0.0,252500.0,19,19,0.058476732554367146,0.052823540849998414,,EXACT_B3_CLOSE
V0,2019-08-01,BEFORE_DEPOSIT,559344.5568805153,0.0,252500.0,19,19,0.06024780756329808,0.052883933670522285,,EXACT_B3_CLOSE
V0,2019-08-01,AFTER_DEPOSIT,561844.5568805153,0.0,255000.0,19,19,0.0599797271537547,0.05284691826976353,,EXACT_B3_CLOSE
V0,2019-08-30,MONTH_END,570147.2842146615,0.0,255000.0,19,19,0.06162524602198397,0.05291282652475503,,EXACT_B3_CLOSE
V0,2019-09-02,BEFORE_DEPOSIT,569016.1348468581,0.0,255000.0,19,19,0.059630685334569826,0.05293494444784856,,EXACT_B3_CLOSE
V0,2019-09-02,AFTER_DEPOSIT,571516.1348468581,0.0,257500.0,19,19,0.05936984105696011,0.05288562984763584,,EXACT_B3_CLOSE
V0,2019-09-30,MONTH_END,572939.8278900128,0.0,257500.0,19,19,0.058498837951568634,0.05286859721400265,,EXACT_B3_CLOSE
V0,2019-10-01,BEFORE_DEPOSIT,568278.8065007747,0.0,257500.0,19,19,0.05907211096382119,0.05287702395061295,,EXACT_B3_CLOSE
V0,2019-10-01,AFTER_DEPOSIT,570778.8065007747,0.0,260000.0,19,19,0.05881337627408222,0.05283804342370236,,EXACT_B3_CLOSE
V0,2019-10-31,MONTH_END,584342.0022859774,0.0,260000.0,19,19,0.06239595227473299,0.052928233987220394,,EXACT_B3_CLOSE
V0,2019-11-01,BEFORE_DEPOSIT,587817.5567961957,0.0,260000.0,19,19,0.06277845612048187,0.052977393869923506,,EXACT_B3_CLOSE
V0,2019-11-01,AFTER_DEPOSIT,590317.5567961957,0.0,262500.0,19,19,0.0625125888114474,0.0529390342312899,,EXACT_B3_CLOSE
V0,2019-11-29,MONTH_END,597458.7480707505,0.0,262500.0,19,19,0.06333701113078578,0.053213456113293305,,EXACT_B3_CLOSE
V0,2019-12-02,BEFORE_DEPOSIT,597245.2826477558,0.0,262500.0,19,19,0.0626083486508885,0.05321749317243153,,EXACT_B3_CLOSE
V0,2019-12-02,AFTER_DEPOSIT,599745.2826477558,0.0,265000.0,19,19,0.062347369738413844,0.0531638842563992,,EXACT_B3_CLOSE
V0,2019-12-30,MONTH_END,654971.0145816362,0.0,265000.0,19,19,0.06541890076770578,0.05333340984624954,,EXACT_B3_CLOSE
V0,2020-01-02,BEFORE_DEPOSIT,663155.288326497,0.0,265000.0,19,19,0.06424671350844617,0.05324648964218651,,EXACT_B3_CLOSE
V0,2020-01-02,AFTER_DEPOSIT,665655.288326497,0.0,267500.0,19,19,0.06400542227770283,0.053197592982219225,,EXACT_B3_CLOSE
V0,2020-01-31,MONTH_END,667917.433783854,0.0,267500.0,19,19,0.06819106418425146,0.05376618834588877,,EXACT_B3_CLOSE
V0,2020-02-03,BEFORE_DEPOSIT,673783.078270007,0.0,267500.0,19,19,0.06905212229698457,0.05380561337657117,,EXACT_B3_CLOSE
V0,2020-02-03,AFTER_DEPOSIT,676283.078270007,0.0,270000.0,19,19,0.06879685891499361,0.053728784688120465,,EXACT_B3_CLOSE
V0,2020-02-28,MONTH_END,630159.8271056092,0.0,270000.0,19,19,0.07059352632260171,0.05387128952824616,,EXACT_B3_CLOSE
V0,2020-03-02,BEFORE_DEPOSIT,641347.8933703298,0.0,270000.0,19,19,0.07081293607126361,0.0541009026848045,,EXACT_B3_CLOSE
V0,2020-03-02,AFTER_DEPOSIT,643847.8933703298,0.0,272500.0,19,19,0.07053797619020932,0.05402684588985151,,EXACT_B3_CLOSE
V0,2020-03-31,MONTH_END,454005.0431176423,0.0,272500.0,19,19,0.07310195174198124,0.05573139167877668,,EXACT_B3_CLOSE
V0,2020-04-01,BEFORE_DEPOSIT,439433.4371939639,0.0,272500.0,19,19,0.07574885719873374,0.056113416289482444,,EXACT_B3_CLOSE
V0,2020-04-01,AFTER_DEPOSIT,441933.4371939639,0.0,275000.0,19,19,0.07532034890526935,0.055864393546447996,,EXACT_B3_CLOSE
V0,2020-04-30,MONTH_END,471386.135808971,0.0,275000.0,19,19,0.07159092304009979,0.055317805524770725,,EXACT_B3_CLOSE
V0,2020-05-04,BEFORE_DEPOSIT,465636.6566057104,0.0,275000.0,19,19,0.07529279340397456,0.055846247807435044,,EXACT_B3_CLOSE
V0,2020-05-04,AFTER_DEPOSIT,468136.6566057104,0.0,277500.0,19,19,0.07489070572112841,0.05561898754391803,,EXACT_B3_CLOSE
V0,2020-05-29,MONTH_END,507383.48961420916,0.0,277500.0,19,19,0.07739327882882421,0.0561863111626516,,EXACT_B3_CLOSE
V0,2020-06-01,BEFORE_DEPOSIT,509604.1181280587,0.0,277500.0,19,19,0.07582654522683806,0.055920255630220975,,EXACT_B3_CLOSE
V0,2020-06-01,AFTER_DEPOSIT,512104.1181280587,0.0,280000.0,19,19,0.07545637370046948,0.05570548520448222,,EXACT_B3_CLOSE
V0,2020-06-30,MONTH_END,536082.504612645,0.0,280000.0,19,19,0.07166339029064756,0.055592505831877866,,EXACT_B3_CLOSE
V0,2020-06-30,AFTER_JUNE_REVIEW,536082.504612645,0.0,280000.0,22,22,0.07166339029064756,0.04839721525238899,,EXACT_B3_CLOSE
V0,2020-07-01,BEFORE_DEPOSIT,542911.2100740098,0.0,280000.0,22,22,0.07135728595726519,0.048442268894678335,,EXACT_B3_CLOSE
V0,2020-07-01,AFTER_DEPOSIT,545411.2100740098,0.0,282500.0,22,22,0.07103020574402763,0.048363869456902256,,EXACT_B3_CLOSE
V0,2020-07-31,MONTH_END,570170.4389401216,0.0,282500.0,22,22,0.07222181829919384,0.048713448792817846,,EXACT_B3_CLOSE
V0,2020-08-03,BEFORE_DEPOSIT,564959.3216588666,0.0,282500.0,22,22,0.07218504879138807,0.04850638899476371,,EXACT_B3_CLOSE
V0,2020-08-03,AFTER_DEPOSIT,567459.3216588666,0.0,285000.0,22,22,0.07186703018619374,0.04841786758493031,,EXACT_B3_CLOSE
V0,2020-08-31,MONTH_END,531091.9925759329,0.0,285000.0,22,22,0.07216290664594932,0.04835972706667541,,EXACT_B3_CLOSE
V0,2020-09-01,BEFORE_DEPOSIT,542043.9668680927,0.0,285000.0,22,22,0.07242155122200258,0.048525686498384964,,EXACT_B3_CLOSE
V0,2020-09-01,AFTER_DEPOSIT,544543.9668680927,0.0,287500.0,22,22,0.07208906406013697,0.04842923103762473,,EXACT_B3_CLOSE
V0,2020-09-30,MONTH_END,506774.6245397014,0.0,287500.0,22,22,0.07590715915109217,0.048268848254298904,,EXACT_B3_CLOSE
V0,2020-10-01,BEFORE_DEPOSIT,509486.548977756,0.0,287500.0,22,22,0.07549094018079694,0.04821787963515977,,EXACT_B3_CLOSE
V0,2020-10-01,AFTER_DEPOSIT,511986.548977756,0.0,290000.0,22,22,0.07512232239029286,0.04812636493119497,,EXACT_B3_CLOSE
V0,2020-10-30,MONTH_END,504019.38378833665,0.0,290000.0,22,22,0.07601440765821504,0.04800372142834379,,EXACT_B3_CLOSE
V0,2020-11-03,BEFORE_DEPOSIT,512435.83041761926,0.0,290000.0,22,22,0.07868822252306655,0.04801184364099199,,EXACT_B3_CLOSE
V0,2020-11-03,AFTER_DEPOSIT,514935.83041761926,0.0,292500.0,22,22,0.0783061932590549,0.04790957921884828,,EXACT_B3_CLOSE
V0,2020-11-30,MONTH_END,565103.7233994401,0.0,292500.0,22,22,0.07494412637081904,0.048110212781239864,,EXACT_B3_CLOSE
V0,2020-12-01,BEFORE_DEPOSIT,579115.3464710355,0.0,292500.0,22,22,0.07491976759153071,0.04828885030758369,,EXACT_B3_CLOSE
V0,2020-12-01,AFTER_DEPOSIT,581615.3464710355,0.0,295000.0,22,22,0.07459773444691843,0.04818258608925039,,EXACT_B3_CLOSE
V0,2020-12-30,MONTH_END,615417.3464186684,0.0,295000.0,22,22,0.0787591220040295,0.048384326192855424,,EXACT_B3_CLOSE
V0,2021-01-04,BEFORE_DEPOSIT,608313.0436211562,0.0,295000.0,22,22,0.07830735102307215,0.048370245154536945,,EXACT_B3_CLOSE
V0,2021-01-04,AFTER_DEPOSIT,610813.0436211562,0.0,297500.0,22,22,0.07798684644380338,0.04826664200307774,,EXACT_B3_CLOSE
V0,2021-01-29,MONTH_END,575937.8633218798,0.0,297500.0,22,22,0.07330969716000707,0.04777340795522955,,EXACT_B3_CLOSE
V0,2021-02-01,BEFORE_DEPOSIT,584616.5760161425,0.0,297500.0,22,22,0.07235416465621995,0.04769369028037364,,EXACT_B3_CLOSE
V0,2021-02-01,AFTER_DEPOSIT,587116.5760161425,0.0,300000.0,22,22,0.07204607352231272,0.04759804777805861,,EXACT_B3_CLOSE
V0,2021-02-26,MONTH_END,531855.3915352725,0.0,300000.0,22,22,0.07123816298122669,0.047754552747499936,,EXACT_B3_CLOSE
V0,2021-03-01,BEFORE_DEPOSIT,524881.8690555727,0.0,300000.0,22,22,0.072689843781244,0.04793492520099505,,EXACT_B3_CLOSE
V0,2021-03-01,AFTER_DEPOSIT,527381.8690555727,0.0,302500.0,22,22,0.07234526498527868,0.04781568272598246,,EXACT_B3_CLOSE
V0,2021-03-31,MONTH_END,578212.4398848761,0.0,302500.0,22,22,0.07975520017871675,0.04860441920592076,,EXACT_B3_CLOSE
V0,2021-04-01,BEFORE_DEPOSIT,567661.908100867,0.0,302500.0,22,22,0.07359048616146346,0.04825677645281815,,EXACT_B3_CLOSE
V0,2021-04-01,AFTER_DEPOSIT,570161.908100867,0.0,305000.0,22,22,0.07326781252650168,0.04814662419134197,,EXACT_B3_CLOSE
V0,2021-04-30,MONTH_END,572041.7284155953,0.0,305000.0,22,22,0.07279225111160029,0.04817319121422589,,EXACT_B3_CLOSE
V0,2021-05-03,BEFORE_DEPOSIT,573894.4303642048,0.0,305000.0,22,22,0.07105047599197048,0.04803623603213251,,EXACT_B3_CLOSE
V0,2021-05-03,AFTER_DEPOSIT,576394.4303642048,0.0,307500.0,22,22,0.07074230821549199,0.047930333894411155,,EXACT_B3_CLOSE
V0,2021-05-31,MONTH_END,601555.7031548838,0.0,307500.0,22,22,0.07054778088481196,0.04805739053192114,,EXACT_B3_CLOSE
V0,2021-06-01,BEFORE_DEPOSIT,610290.501244279,0.0,307500.0,22,22,0.06942907017265401,0.048064196717357316,,EXACT_B3_CLOSE
V0,2021-06-01,AFTER_DEPOSIT,612790.501244279,0.0,310000.0,22,22,0.06914582055458847,0.04795995607791465,,EXACT_B3_CLOSE
V0,2021-06-30,MONTH_END,585381.4062858745,0.0,310000.0,22,22,0.07022402910860963,0.04781723463183051,,EXACT_B3_CLOSE
V0,2021-06-30,AFTER_JUNE_REVIEW,585381.4062858747,0.0,310000.0,22,22,0.07022402910860961,0.04609728836172436,,EXACT_B3_CLOSE
V0,2021-07-01,BEFORE_DEPOSIT,579943.00710754,0.0,310000.0,22,22,0.06931056085735002,0.04605632919623131,,EXACT_B3_CLOSE
V0,2021-07-01,AFTER_DEPOSIT,582443.00710754,0.0,312500.0,22,22,0.06901306153118611,0.046039931891030235,,EXACT_B3_CLOSE
V0,2021-07-30,MONTH_END,574841.0529794099,0.0,312500.0,22,22,0.06978154425208918,0.046118185987763224,,EXACT_B3_CLOSE
V0,2021-08-02,BEFORE_DEPOSIT,581073.9134083389,0.0,312500.0,22,22,0.06957503089933363,0.04613223372689448,,EXACT_B3_CLOSE
V0,2021-08-02,AFTER_DEPOSIT,583573.9134083389,0.0,315000.0,22,22,0.06927697512053355,0.04610328297147866,,EXACT_B3_CLOSE
V0,2021-08-31,MONTH_END,601846.8603458222,0.0,315000.0,22,22,0.07009302024139116,0.046294594761461846,,EXACT_B3_CLOSE
V0,2021-09-01,BEFORE_DEPOSIT,609557.7809078243,0.0,315000.0,22,22,0.07154494515295465,0.046401244499276476,,EXACT_B3_CLOSE
V0,2021-09-01,AFTER_DEPOSIT,612057.7809078243,0.0,317500.0,22,22,0.07125271398056911,0.04635744857770034,,EXACT_B3_CLOSE
V0,2021-09-30,MONTH_END,582712.1924747952,0.0,317500.0,22,22,0.07211022402489371,0.04653154103176268,,EXACT_B3_CLOSE
V0,2021-10-01,BEFORE_DEPOSIT,588600.4521499695,0.0,317500.0,22,22,0.07217736135053188,0.04651284312424331,,EXACT_B3_CLOSE
V0,2021-10-01,AFTER_DEPOSIT,591100.4521499695,0.0,320000.0,22,22,0.07187209444924629,0.046468350052911674,,EXACT_B3_CLOSE
V0,2021-10-29,MONTH_END,570520.0258053511,0.0,320000.0,22,23,0.06647496437780123,0.04622530975428389,,EXACT_B3_CLOSE
V0,2021-11-01,BEFORE_DEPOSIT,579281.6925703641,0.0,320000.0,22,23,0.0657556700027234,0.04616736275882746,,EXACT_B3_CLOSE
V0,2021-11-01,AFTER_DEPOSIT,581781.6925703641,0.0,322500.0,22,23,0.06547310838707592,0.04611833584964064,,EXACT_B3_CLOSE
V0,2021-11-30,MONTH_END,590247.5238153322,0.0,322500.0,22,23,0.06338264689189015,0.04634620790321072,,EXACT_B3_CLOSE
V0,2021-12-01,BEFORE_DEPOSIT,588098.7161482557,0.0,322500.0,22,23,0.06383971821113363,0.04636912928674828,,EXACT_B3_CLOSE
V0,2021-12-01,AFTER_DEPOSIT,590598.7161482557,0.0,325000.0,22,23,0.06356948515582206,0.0463109472805112,,EXACT_B3_CLOSE
V0,2021-12-30,MONTH_END,589949.6046561707,0.0,325000.0,22,23,0.06352704206295616,0.046449310560174,,EXACT_B3_CLOSE
V0,2022-01-03,BEFORE_DEPOSIT,583272.9377981374,0.0,325000.0,22,23,0.06271963071642729,0.04641105715133115,,EXACT_B3_CLOSE
V0,2022-01-03,AFTER_DEPOSIT,585772.9377981374,0.0,327500.0,22,23,0.0624519517803186,0.04634444521032754,,EXACT_B3_CLOSE
V0,2022-01-31,MONTH_END,624668.5769019877,0.0,327500.0,22,23,0.06092495402828423,0.04624105685080688,,EXACT_B3_CLOSE
V0,2022-02-01,BEFORE_DEPOSIT,623420.6106630848,0.0,327500.0,22,23,0.061020325503677815,0.046262821650924886,,EXACT_B3_CLOSE
V0,2022-02-01,AFTER_DEPOSIT,625920.6106630848,0.0,330000.0,22,23,0.06077660319902709,0.04620464892170218,,EXACT_B3_CLOSE
V0,2022-02-25,MONTH_END,635307.6214109617,0.0,330000.0,22,23,0.06671440990737296,0.04645152877017925,,EXACT_B3_CLOSE
V0,2022-03-02,BEFORE_DEPOSIT,636250.0867026974,0.0,330000.0,22,23,0.06661558710622856,0.0464905780554843,,EXACT_B3_CLOSE
V0,2022-03-02,AFTER_DEPOSIT,638750.0867026974,0.0,332500.0,22,23,0.0663548607732972,0.04642787311833676,,EXACT_B3_CLOSE
V0,2022-03-31,MONTH_END,688080.6413153092,0.0,332500.0,22,23,0.06554841409834956,0.04650366613828429,,EXACT_B3_CLOSE
V0,2022-04-01,BEFORE_DEPOSIT,699447.7359867913,0.0,332500.0,22,23,0.06519410205079837,0.04655987526615007,,EXACT_B3_CLOSE
V0,2022-04-01,AFTER_DEPOSIT,701947.7359867913,0.0,335000.0,22,23,0.06496191203611319,0.046501894361209134,,EXACT_B3_CLOSE
V0,2022-04-29,MONTH_END,671256.563993854,0.0,335000.0,22,23,0.063314395043455,0.04669267352482922,,EXACT_B3_CLOSE
V0,2022-05-02,BEFORE_DEPOSIT,664885.9664508196,0.0,335000.0,22,23,0.06369666939061953,0.046636075161209274,,EXACT_B3_CLOSE
V0,2022-05-02,AFTER_DEPOSIT,667385.9664508196,0.0,337500.0,22,23,0.06345806432326488,0.046565763071822495,,EXACT_B3_CLOSE
V0,2022-05-31,MONTH_END,688826.2304985073,0.0,337500.0,22,23,0.05869381473134373,0.046439842095844536,,EXACT_B3_CLOSE
V0,2022-06-01,BEFORE_DEPOSIT,686359.7046339968,0.0,337500.0,22,23,0.058434095430854725,0.04642028024506435,,EXACT_B3_CLOSE
V0,2022-06-01,AFTER_DEPOSIT,688859.7046339968,0.0,340000.0,22,23,0.05822202722945695,0.0463617181128083,,EXACT_B3_CLOSE
V0,2022-06-30,MONTH_END,634716.008414255,0.0,340000.0,22,23,0.06117962503256601,0.04667107794705022,,EXACT_B3_CLOSE
V0,2022-06-30,AFTER_JUNE_REVIEW,634716.008414255,0.0,340000.0,22,23,0.06117962503256601,0.04667107794705022,,EXACT_B3_CLOSE
V0,2022-07-01,BEFORE_DEPOSIT,643002.6472400125,0.0,340000.0,22,23,0.06107864336352184,0.04672597723665037,,EXACT_B3_CLOSE
V0,2022-07-01,AFTER_DEPOSIT,645502.6472400125,0.0,342500.0,22,23,0.06084208878227931,0.04664948313716921,,EXACT_B3_CLOSE
V0,2022-07-29,MONTH_END,665187.7083172774,0.0,342500.0,22,23,0.063412184133281,0.04690658447866259,,EXACT_B3_CLOSE
V0,2022-08-01,BEFORE_DEPOSIT,664439.4259985466,0.0,342500.0,22,23,0.06338124641224181,0.04687712283663125,,EXACT_B3_CLOSE
V0,2022-08-01,AFTER_DEPOSIT,666939.4259985466,0.0,345000.0,22,23,0.0631436639424495,0.04680111043948375,,EXACT_B3_CLOSE
V0,2022-08-31,MONTH_END,695845.0832871078,0.0,345000.0,22,23,0.05907910355369608,0.046838998881700344,,EXACT_B3_CLOSE
V0,2022-09-01,BEFORE_DEPOSIT,700605.3007531567,0.0,345000.0,22,23,0.05933290438743666,0.04687835653163261,,EXACT_B3_CLOSE
V0,2022-09-01,AFTER_DEPOSIT,703105.3007531567,0.0,347500.0,22,23,0.059121937039004355,0.0468122588448698,,EXACT_B3_CLOSE
V0,2022-09-30,MONTH_END,690220.0323372402,0.0,347500.0,22,23,0.06626052667229451,0.04685609553116644,,EXACT_B3_CLOSE
V0,2022-10-03,BEFORE_DEPOSIT,734949.8414180982,0.0,347500.0,22,23,0.0661604569158106,0.04703477283922557,,EXACT_B3_CLOSE
V0,2022-10-03,AFTER_DEPOSIT,737449.8414180982,0.0,350000.0,22,23,0.06593616892630956,0.04696949730553039,,EXACT_B3_CLOSE
V0,2022-10-31,MONTH_END,741164.6096835656,0.0,350000.0,22,23,0.06888597690348842,0.04708183416208786,,EXACT_B3_CLOSE
V0,2022-11-01,BEFORE_DEPOSIT,748956.8637902134,0.0,350000.0,22,23,0.06810117619175839,0.047167160361063616,,EXACT_B3_CLOSE
V0,2022-11-01,AFTER_DEPOSIT,751456.8637902134,0.0,352500.0,22,23,0.06787461236796062,0.04710220764739765,,EXACT_B3_CLOSE
V0,2022-11-30,MONTH_END,721442.7030408706,0.0,352500.0,22,23,0.064924695480405,0.047338633459293525,,EXACT_B3_CLOSE
V0,2022-12-01,BEFORE_DEPOSIT,718923.9406701118,0.0,352500.0,22,23,0.06472648371963906,0.0473475585255781,,EXACT_B3_CLOSE
V0,2022-12-01,AFTER_DEPOSIT,721423.9406701118,0.0,355000.0,22,23,0.06450218258382037,0.04727342245492994,,EXACT_B3_CLOSE
V0,2022-12-29,MONTH_END,713641.2193853458,0.0,355000.0,22,23,0.06437178933605334,0.04733932459975383,,EXACT_B3_CLOSE
V0,2023-01-02,BEFORE_DEPOSIT,695942.9164652578,0.0,355000.0,22,23,0.06398115015359804,0.047227580705193485,,EXACT_B3_CLOSE
V0,2023-01-02,AFTER_DEPOSIT,698442.9164652578,0.0,357500.0,22,23,0.06375213662706175,0.047154554473575847,,EXACT_B3_CLOSE
V0,2023-01-31,MONTH_END,738673.0645846124,0.0,357500.0,22,23,0.06728175718948588,0.04743186934911349,,EXACT_B3_CLOSE
V0,2023-02-01,BEFORE_DEPOSIT,731445.5541142256,0.0,357500.0,22,23,0.06587832506648865,0.047445820861685875,,EXACT_B3_CLOSE
V0,2023-02-01,AFTER_DEPOSIT,733945.5541142256,0.0,360000.0,22,23,0.06565392720517182,0.04737160785167935,,EXACT_B3_CLOSE
V0,2023-02-28,MONTH_END,709106.5347650786,0.0,360000.0,22,23,0.0668061667258388,0.04711175316246057,,EXACT_B3_CLOSE
V0,2023-03-01,BEFORE_DEPOSIT,706750.7557065727,0.0,360000.0,22,23,0.0666369815901245,0.047038411280556656,,EXACT_B3_CLOSE
V0,2023-03-01,AFTER_DEPOSIT,709250.7557065727,0.0,362500.0,22,23,0.06640209646291818,0.04696544893898528,,EXACT_B3_CLOSE
V0,2023-03-31,MONTH_END,720677.1745294108,0.0,362500.0,22,23,0.06360178200321942,0.04703956698315118,,EXACT_B3_CLOSE
V0,2023-04-03,BEFORE_DEPOSIT,716032.5749563229,0.0,362500.0,22,23,0.0638243862527167,0.047126862515676715,,EXACT_B3_CLOSE
V0,2023-04-03,AFTER_DEPOSIT,718532.5749563229,0.0,365000.0,22,23,0.06360232121183601,0.04705547710589071,,EXACT_B3_CLOSE
V0,2023-04-28,MONTH_END,761702.6390174199,0.0,365000.0,22,23,0.0623749519822094,0.046983355466476306,,EXACT_B3_CLOSE
V0,2023-05-02,BEFORE_DEPOSIT,755521.2897707958,0.0,365000.0,22,23,0.06272031992219176,0.047017250019293536,,EXACT_B3_CLOSE
V0,2023-05-02,AFTER_DEPOSIT,758021.2897707958,0.0,367500.0,22,23,0.06251346451862798,0.046952789248948544,,EXACT_B3_CLOSE
V0,2023-05-31,MONTH_END,784055.4631699134,0.0,367500.0,22,23,0.06184118248556516,0.046625362237472975,,EXACT_B3_CLOSE
V0,2023-06-01,BEFORE_DEPOSIT,785467.0779348479,0.0,367500.0,22,23,0.06129146426127609,0.046578656736310356,,EXACT_B3_CLOSE
V0,2023-06-01,AFTER_DEPOSIT,787967.0779348479,0.0,370000.0,22,23,0.06109700352180613,0.046531872485758685,,EXACT_B3_CLOSE
V0,2023-06-30,MONTH_END,860795.2291478093,0.0,370000.0,22,23,0.06433203614797312,0.04669916690187366,,EXACT_B3_CLOSE
V0,2023-06-30,AFTER_JUNE_REVIEW,860795.2291478093,0.0,370000.0,22,23,0.06433203614797312,0.04669916690187366,,EXACT_B3_CLOSE
V0,2023-07-03,BEFORE_DEPOSIT,862216.8251414374,0.0,370000.0,22,23,0.06484525366572799,0.04671895365374545,,EXACT_B3_CLOSE
V0,2023-07-03,AFTER_DEPOSIT,864716.8251414374,0.0,372500.0,22,23,0.0646577782640116,0.04666946770947584,,EXACT_B3_CLOSE
V0,2023-07-31,MONTH_END,858261.9808351218,0.0,372500.0,22,23,0.0673115133756361,0.046816046533493506,,EXACT_B3_CLOSE
V0,2023-08-01,BEFORE_DEPOSIT,852521.841825077,0.0,372500.0,22,23,0.06677472692120208,0.04668051281486801,,EXACT_B3_CLOSE
V0,2023-08-01,AFTER_DEPOSIT,855021.841825077,0.0,375000.0,22,23,0.06657948416933661,0.04662884684277909,,EXACT_B3_CLOSE
V0,2023-08-31,MONTH_END,,0.0,375000.0,22,23,,,,MISSING_EXACT_CLOSE:ENBR3
V0,2023-09-01,BEFORE_DEPOSIT,,0.0,375000.0,22,23,,,,MISSING_EXACT_CLOSE:ENBR3
V0,2023-09-01,AFTER_DEPOSIT,,2500.0,377500.0,22,23,,,,MISSING_EXACT_CLOSE:ENBR3
V0,2023-09-29,MONTH_END,848956.203351985,2500.0,377500.0,21,22,0.06504657041321514,0.048236195037419945,,EXACT_B3_CLOSE
V0,2023-10-02,BEFORE_DEPOSIT,844706.6622444019,2500.0,377500.0,21,22,0.06490481112839766,0.048256814867494134,,EXACT_B3_CLOSE
V0,2023-10-02,AFTER_DEPOSIT,847206.6622444019,0.0,380000.0,21,22,0.064713285217363,0.048462504231656524,,EXACT_B3_CLOSE
V0,2023-10-31,MONTH_END,827517.6363210521,0.0,380000.0,21,22,0.06577426376875013,0.04856985015686396,,EXACT_B3_CLOSE
V0,2023-11-01,BEFORE_DEPOSIT,844554.6555398863,0.0,380000.0,21,22,0.0657934672855387,0.048582540864405985,,EXACT_B3_CLOSE
V0,2023-11-01,AFTER_DEPOSIT,847054.6555398863,0.0,382500.0,21,22,0.06559928422174452,0.048541005514109795,,EXACT_B3_CLOSE
V0,2023-11-30,MONTH_END,930157.404399672,0.0,382500.0,21,22,0.06307167538741117,0.04850646130277023,,EXACT_B3_CLOSE
V0,2023-12-01,BEFORE_DEPOSIT,935142.5296789784,0.0,382500.0,21,22,0.06293805842866623,0.04848314347373972,,EXACT_B3_CLOSE
V0,2023-12-01,AFTER_DEPOSIT,937642.5296789784,0.0,385000.0,21,22,0.06277024911851736,0.04844624825485748,,EXACT_B3_CLOSE
V0,2023-12-28,MONTH_END,1008631.066248007,0.0,385000.0,21,22,0.06099936036970663,0.04838769226673924,,EXACT_B3_CLOSE
V0,2024-01-02,BEFORE_DEPOSIT,993320.3805238053,0.0,385000.0,21,22,0.060691080505769206,0.048359905519712636,,EXACT_B3_CLOSE
V0,2024-01-02,AFTER_DEPOSIT,995820.3805238053,0.0,387500.0,21,22,0.06053871597876021,0.0483284658109689,,EXACT_B3_CLOSE
V0,2024-01-31,MONTH_END,984029.8702893582,0.0,387500.0,21,22,0.062016755540852966,0.04878786420245675,,EXACT_B3_CLOSE
V0,2024-02-01,BEFORE_DEPOSIT,992051.010856298,0.0,387500.0,21,22,0.062209824411596226,0.04884286575277253,,EXACT_B3_CLOSE
V0,2024-02-01,AFTER_DEPOSIT,994551.010856298,0.0,390000.0,21,22,0.062053447755867845,0.048800356188733476,,EXACT_B3_CLOSE
V0,2024-02-29,MONTH_END,989116.3654553498,0.0,390000.0,21,22,0.06237917587210614,0.04884168132176374,,EXACT_B3_CLOSE
V0,2024-03-01,BEFORE_DEPOSIT,988033.5522362194,0.0,390000.0,21,22,0.06251229614417246,0.048844025787390354,,EXACT_B3_CLOSE
V0,2024-03-01,AFTER_DEPOSIT,990533.5522362194,0.0,392500.0,21,22,0.06235452184161843,0.048796038266163556,,EXACT_B3_CLOSE
V0,2024-03-28,MONTH_END,992213.2454956358,0.0,392500.0,21,22,0.0655332752209928,0.04888323133862741,,EXACT_B3_CLOSE
V0,2024-04-01,BEFORE_DEPOSIT,986672.5645436695,0.0,392500.0,21,22,0.06527883454268406,0.04894388814985721,,EXACT_B3_CLOSE
V0,2024-04-01,AFTER_DEPOSIT,989172.5645436695,0.0,395000.0,21,22,0.06511385110884611,0.048891883470761725,,EXACT_B3_CLOSE
V0,2024-04-30,MONTH_END,967369.1815935138,0.0,395000.0,21,22,0.0652597308134913,0.048704470003315695,,EXACT_B3_CLOSE
V0,2024-05-02,BEFORE_DEPOSIT,981059.2214889785,0.0,395000.0,21,22,0.0639270866994242,0.04865107702532889,,EXACT_B3_CLOSE
V0,2024-05-02,AFTER_DEPOSIT,983559.2214889785,0.0,397500.0,21,22,0.0637645975343014,0.048605186648106403,,EXACT_B3_CLOSE
V0,2024-05-31,MONTH_END,964222.3253586214,0.0,397500.0,21,22,0.06041318689479623,0.04843031065795591,,EXACT_B3_CLOSE
V0,2024-06-03,BEFORE_DEPOSIT,970313.2826463117,0.0,397500.0,21,22,0.0601003638334156,0.04841278714002405,,EXACT_B3_CLOSE
V0,2024-06-03,AFTER_DEPOSIT,972813.2826463117,0.0,400000.0,21,22,0.05994591393818512,0.04837271919375984,,EXACT_B3_CLOSE
V0,2024-06-28,MONTH_END,983094.8565791677,0.0,400000.0,21,22,0.05982299705021765,0.04847316177208929,,EXACT_B3_CLOSE
V0,2024-06-28,AFTER_JUNE_REVIEW,983094.8565791675,0.0,400000.0,22,23,0.04545454545454546,0.045454545454545456,,EXACT_B3_CLOSE
V0,2024-07-01,BEFORE_DEPOSIT,983477.8027752793,0.0,400000.0,22,23,0.04742072954075273,0.045468899021549526,,EXACT_B3_CLOSE
V0,2024-07-01,AFTER_DEPOSIT,985977.8027752793,0.0,402500.0,22,23,0.04730049171844254,0.045464338196277584,,EXACT_B3_CLOSE
V0,2024-07-31,MONTH_END,1018813.6214783222,0.0,402500.0,22,23,0.0484122080018042,0.045541347284282406,,EXACT_B3_CLOSE
V0,2024-08-01,BEFORE_DEPOSIT,1022643.7478361187,0.0,402500.0,22,23,0.049165882506489664,0.04556190803825118,,EXACT_B3_CLOSE
V0,2024-08-01,AFTER_DEPOSIT,1025143.7478361187,0.0,405000.0,22,23,0.049045982534875264,0.045549688743381486,,EXACT_B3_CLOSE
V0,2024-08-30,MONTH_END,1095763.5226800356,0.0,405000.0,22,23,0.05199473303299845,0.045623174070732256,,EXACT_B3_CLOSE
V0,2024-09-02,BEFORE_DEPOSIT,1095466.1781037378,0.0,405000.0,22,23,0.05187583111582653,0.04563702737317849,,EXACT_B3_CLOSE
V0,2024-09-02,AFTER_DEPOSIT,1097966.1781037378,0.0,407500.0,22,23,0.051757713107844217,0.045619266937942486,,EXACT_B3_CLOSE
V0,2024-09-30,MONTH_END,1081897.8688026364,0.0,407500.0,22,23,0.05150839845649686,0.04566795380450119,,EXACT_B3_CLOSE
V0,2024-10-01,BEFORE_DEPOSIT,1082613.2679210154,0.0,407500.0,22,23,0.05124382404477186,0.04568881135524715,,EXACT_B3_CLOSE
V0,2024-10-01,AFTER_DEPOSIT,1085113.2679210154,0.0,410000.0,22,23,0.05112576304238694,0.04567249663256067,,EXACT_B3_CLOSE
V0,2024-10-31,MONTH_END,1049496.5211484737,0.0,410000.0,22,23,0.05391475648187727,0.04594393159626987,,EXACT_B3_CLOSE
V0,2024-11-01,BEFORE_DEPOSIT,1038424.2952558137,0.0,410000.0,22,23,0.05427537904932547,0.04596601059026417,,EXACT_B3_CLOSE
V0,2024-11-01,AFTER_DEPOSIT,1040924.2952558137,0.0,412500.0,22,23,0.05414502523950305,0.04593149728456376,,EXACT_B3_CLOSE
V0,2024-11-29,MONTH_END,1028852.9459443555,0.0,412500.0,22,23,0.05491316517533241,0.04612624570883425,,EXACT_B3_CLOSE
V0,2024-12-02,BEFORE_DEPOSIT,1022745.084146254,0.0,412500.0,22,23,0.0549479271197143,0.046186000073373375,,EXACT_B3_CLOSE
V0,2024-12-02,AFTER_DEPOSIT,1025245.084146254,0.0,415000.0,22,23,0.05481393982250753,0.04614764172748717,,EXACT_B3_CLOSE
V0,2024-12-30,MONTH_END,982871.5592231634,0.0,415000.0,22,23,0.05515497879673164,0.046117758164267844,,EXACT_B3_CLOSE
V0,2025-01-02,BEFORE_DEPOSIT,978174.7730152211,0.0,415000.0,22,23,0.05555786869460079,0.04615331532885464,,EXACT_B3_CLOSE
V0,2025-01-02,AFTER_DEPOSIT,980674.7730152211,0.0,417500.0,22,23,0.055416236957394525,0.04610917418539235,,EXACT_B3_CLOSE
V0,2025-01-31,MONTH_END,1039441.5796536577,0.0,417500.0,22,23,0.05772512844860866,0.04619067021792379,,EXACT_B3_CLOSE
V0,2025-02-03,BEFORE_DEPOSIT,1042659.6608427499,0.0,417500.0,22,23,0.058583069094310554,0.04622917670245437,,EXACT_B3_CLOSE
V0,2025-02-03,AFTER_DEPOSIT,1045159.6608427499,0.0,420000.0,22,23,0.058442939621060806,0.0461793239201372,,EXACT_B3_CLOSE
V0,2025-02-28,MONTH_END,1045401.6677590956,0.0,420000.0,22,23,0.054568562487093006,0.046186622558000705,,EXACT_B3_CLOSE
V0,2025-03-05,BEFORE_DEPOSIT,1050987.9481614053,0.0,420000.0,22,23,0.055196041048229796,0.04618274864084491,,EXACT_B3_CLOSE
V0,2025-03-05,AFTER_DEPOSIT,1053487.9481614053,0.0,422500.0,22,23,0.05506505701290087,0.046131909734547775,,EXACT_B3_CLOSE
V0,2025-03-31,MONTH_END,1084493.6020806462,0.0,422500.0,22,23,0.05677779452512487,0.04625291139950286,,EXACT_B3_CLOSE
V0,2025-04-01,BEFORE_DEPOSIT,1092125.02311982,0.0,422500.0,22,23,0.05733952726145324,0.04633196638468829,,EXACT_B3_CLOSE
V0,2025-04-01,AFTER_DEPOSIT,1094625.02311982,0.0,425000.0,22,23,0.057208570253230395,0.046280161051490964,,EXACT_B3_CLOSE
V0,2025-04-30,MONTH_END,1192362.7212923733,0.0,425000.0,22,23,0.05679251405218321,0.04613021561823493,,EXACT_B3_CLOSE
V0,2025-05-02,BEFORE_DEPOSIT,1185733.3810335328,0.0,425000.0,22,23,0.05674652632392612,0.04613810541081497,,EXACT_B3_CLOSE
V0,2025-05-02,AFTER_DEPOSIT,1188233.3810335328,0.0,427500.0,22,23,0.05662713368770307,0.04610170717431352,,EXACT_B3_CLOSE
V0,2025-05-30,MONTH_END,1230286.480376212,0.0,427500.0,22,23,0.06515186436100688,0.046538727953638,,EXACT_B3_CLOSE
V0,2025-06-02,BEFORE_DEPOSIT,1225155.9497463787,0.0,427500.0,22,23,0.06581420541755496,0.04659484863693567,,EXACT_B3_CLOSE
V0,2025-06-02,AFTER_DEPOSIT,1227655.9497463787,0.0,430000.0,22,23,0.06568018129330591,0.04655632679019516,,EXACT_B3_CLOSE
V0,2025-06-30,MONTH_END,1274447.5668592388,0.0,430000.0,22,23,0.06726958408004834,0.04682980943338839,,EXACT_B3_CLOSE
V0,2025-06-30,AFTER_JUNE_REVIEW,1274447.5668592388,0.0,430000.0,21,22,0.04761904761904762,0.047619047619047616,,EXACT_B3_CLOSE
V0,2025-07-01,BEFORE_DEPOSIT,1282084.5974264431,0.0,430000.0,21,22,0.04859541595107501,0.047623732799016015,,EXACT_B3_CLOSE
V0,2025-07-01,AFTER_DEPOSIT,1284584.5974264431,0.0,432500.0,21,22,0.048500841767232954,0.0476221694115292,,EXACT_B3_CLOSE
V0,2025-07-31,MONTH_END,1205302.7658692943,0.0,432500.0,21,22,0.05148479526727959,0.047671958034379736,,EXACT_B3_CLOSE
V0,2025-08-01,BEFORE_DEPOSIT,1200210.9989658536,0.0,432500.0,21,22,0.05186745547694405,0.04769643729692155,,EXACT_B3_CLOSE
V0,2025-08-01,AFTER_DEPOSIT,1202710.9989658536,0.0,435000.0,21,22,0.05175964184690004,0.04768387553101647,,EXACT_B3_CLOSE
V0,2025-08-29,MONTH_END,1296040.8052224515,0.0,435000.0,21,22,0.054654510791269116,0.04777889814242656,,EXACT_B3_CLOSE
V0,2025-09-01,BEFORE_DEPOSIT,1290212.7331374083,0.0,435000.0,21,22,0.054877003111845214,0.04780432832848219,,EXACT_B3_CLOSE
V0,2025-09-01,AFTER_DEPOSIT,1292712.7331374083,0.0,437500.0,21,22,0.054770875505716785,0.04779006715156578,,EXACT_B3_CLOSE
V0,2025-09-30,MONTH_END,1364463.3560443902,0.0,437500.0,21,22,0.0605622548753552,0.048005381976556225,,EXACT_B3_CLOSE
V0,2025-10-01,BEFORE_DEPOSIT,1354056.9875738565,0.0,437500.0,21,22,0.06137629239684076,0.048033253042012176,,EXACT_B3_CLOSE
V0,2025-10-01,AFTER_DEPOSIT,1356556.9875738565,0.0,440000.0,21,22,0.06126318197656529,0.048017077472918016,,EXACT_B3_CLOSE
V0,2025-10-31,MONTH_END,1390123.7418671781,0.0,440000.0,21,22,0.06306622603262566,0.048241218951664534,,EXACT_B3_CLOSE
V0,2025-11-03,BEFORE_DEPOSIT,1402717.9445769265,0.0,440000.0,21,22,0.06304961346563943,0.048237089534756555,,EXACT_B3_CLOSE
V0,2025-11-03,AFTER_DEPOSIT,1405217.9445769265,0.0,442500.0,21,22,0.06293744294129308,0.04821515937524479,,EXACT_B3_CLOSE
V0,2025-11-28,MONTH_END,1512482.3323563305,0.0,442500.0,21,22,0.0670296221500932,0.04856559249621963,,EXACT_B3_CLOSE
V0,2025-12-01,BEFORE_DEPOSIT,1500978.9135613556,0.0,442500.0,21,22,0.06773785824127798,0.04863775130731268,,EXACT_B3_CLOSE
V0,2025-12-01,AFTER_DEPOSIT,1503478.9135613556,0.0,445000.0,21,22,0.06762522304295514,0.0486134672129184,,EXACT_B3_CLOSE
V0,2025-12-30,MONTH_END,1532041.8709783887,0.0,445000.0,21,23,0.06725444621356037,0.048833741683690986,,EXACT_B3_CLOSE
V0,2026-01-02,BEFORE_DEPOSIT,1526746.2526937108,0.0,445000.0,21,23,0.06652686198675727,0.048810289788762624,,EXACT_B3_CLOSE
V0,2026-01-02,AFTER_DEPOSIT,1529246.2526937108,0.0,447500.0,21,23,0.06641810438498193,0.048787177022387614,,EXACT_B3_CLOSE
V0,2026-01-30,MONTH_END,1655184.8436698264,0.0,447500.0,21,23,0.06979289734386264,0.0489129159383386,,EXACT_B3_CLOSE
V0,2026-02-02,BEFORE_DEPOSIT,1669951.8271039529,0.0,447500.0,21,23,0.07083919892810553,0.04896291771165872,,EXACT_B3_CLOSE
V0,2026-02-02,AFTER_DEPOSIT,1672451.8271039529,0.0,450000.0,21,23,0.07073330768839974,0.04894094492400178,,EXACT_B3_CLOSE
V0,2026-02-27,MONTH_END,1725078.5453633834,0.0,450000.0,21,23,0.07220399999948503,0.04923988404434688,,EXACT_B3_CLOSE
V0,2026-03-02,BEFORE_DEPOSIT,1723911.8255396886,0.0,450000.0,21,23,0.07360494691727613,0.04941048653039131,,EXACT_B3_CLOSE
V0,2026-03-02,AFTER_DEPOSIT,1726411.8255396886,0.0,452500.0,21,23,0.07349836031692332,0.04938542150615621,,EXACT_B3_CLOSE
V0,2026-03-31,MONTH_END,1692463.0392457028,0.0,452500.0,21,23,0.07765781148632356,0.04956198240910068,,EXACT_B3_CLOSE
V0,2026-04-01,BEFORE_DEPOSIT,1709959.0254101169,0.0,452500.0,21,23,0.07671669802322163,0.04957758239005586,,EXACT_B3_CLOSE
V0,2026-04-01,AFTER_DEPOSIT,1712459.0254101169,0.0,455000.0,21,23,0.07660470016387891,0.049551566356306934,,EXACT_B3_CLOSE
V0,2026-04-30,MONTH_END,1699527.0971551652,0.0,455000.0,21,23,0.07426229641496108,0.04958163751013312,,EXACT_B3_CLOSE
V0,2026-05-04,BEFORE_DEPOSIT,1688604.1774577543,0.0,455000.0,21,23,0.07432386158728131,0.04965954208082766,,EXACT_B3_CLOSE
V0,2026-05-04,AFTER_DEPOSIT,1691104.1774577543,0.0,457500.0,21,23,0.07421398683417915,0.049632776611131454,,EXACT_B3_CLOSE
V0,2026-05-29,MONTH_END,1582757.6007774482,0.0,457500.0,20,22,0.0758590039042784,0.05129922101496534,,EXACT_B3_CLOSE
V0,2026-06-01,BEFORE_DEPOSIT,1566012.440123767,0.0,457500.0,20,22,0.07592832557433582,0.05128178857170855,,EXACT_B3_CLOSE
V0,2026-06-01,AFTER_DEPOSIT,1568512.440123767,0.0,460000.0,20,22,0.07580730593236162,0.05126406736843409,,EXACT_B3_CLOSE
V0,2026-06-30,MONTH_END,1645952.983888047,0.0,460000.0,20,22,0.08347325394478151,0.05188149102542462,,EXACT_B3_CLOSE
BH padrão,2014-06-30,INITIAL,100000.0,0.0,100000.0,8,8,0.12500000000000003,0.125,0.0,EXACT_B3_CLOSE
BH padrão,2014-07-01,BEFORE_DEPOSIT,100258.86644191296,0.0,100000.0,8,8,0.1277531714894816,0.12501292724872037,0.2588664419129527,EXACT_B3_CLOSE
BH padrão,2014-07-01,AFTER_DEPOSIT,102758.86644191296,0.0,102500.0,8,8,0.12500000000000003,0.125,0.2588664419129527,EXACT_B3_CLOSE
BH padrão,2014-07-31,MONTH_END,106250.68615933007,0.0,102500.0,8,8,0.1404324089024317,0.1255546954334777,3.6657343727270364,EXACT_B3_CLOSE
BH padrão,2014-08-01,BEFORE_DEPOSIT,106753.11141164138,0.0,102500.0,8,8,0.14234442003587236,0.12561670032274516,4.1559362211193385,EXACT_B3_CLOSE
BH padrão,2014-08-01,AFTER_DEPOSIT,109253.11141164138,0.0,105000.0,8,8,0.13908720341758424,0.12531641695931178,4.1559362211193385,EXACT_B3_CLOSE
BH padrão,2014-08-29,MONTH_END,120594.87942277882,0.0,105000.0,8,8,0.1358918718516575,0.12553539354619514,14.968557027421504,EXACT_B3_CLOSE
BH padrão,2014-09-01,BEFORE_DEPOSIT,119410.46818782238,0.0,105000.0,8,8,0.13716699765389984,0.12557433285396338,13.839404187253002,EXACT_B3_CLOSE
BH padrão,2014-09-01,AFTER_DEPOSIT,121910.46818782238,0.0,107500.0,8,8,0.13435413425314222,0.125267343523689,13.839404187253002,EXACT_B3_CLOSE
BH padrão,2014-09-30,MONTH_END,110052.5776043264,0.0,107500.0,8,8,0.13643371655936684,0.12547958386290814,2.766563445938708,EXACT_B3_CLOSE
BH padrão,2014-10-01,BEFORE_DEPOSIT,107549.5667390679,0.0,107500.0,8,8,0.13934226711014314,0.12565776949204405,0.4292640342405063,EXACT_B3_CLOSE
BH padrão,2014-10-01,AFTER_DEPOSIT,110049.5667390679,0.0,110000.0,8,8,0.13617682377313006,0.12531320631810391,0.4292640342405063,EXACT_B3_CLOSE
BH padrão,2014-10-31,MONTH_END,116503.72976210137,0.0,110000.0,8,8,0.13841873554319437,0.12568447463308535,6.31921763939316,EXACT_B3_CLOSE
BH padrão,2014-11-03,BEFORE_DEPOSIT,116106.76538233683,0.0,110000.0,8,8,0.14074470020012955,0.12574942154750557,5.956955054551849,EXACT_B3_CLOSE
BH padrão,2014-11-03,AFTER_DEPOSIT,118606.76538233683,0.0,112500.0,8,8,0.13777807557828717,0.12532570068353693,5.956955054551849,EXACT_B3_CLOSE
BH padrão,2014-11-28,MONTH_END,123583.22913218122,0.0,112500.0,8,8,0.14157140392821374,0.12554038020165545,10.402662212765911,EXACT_B3_CLOSE
BH padrão,2014-12-01,BEFORE_DEPOSIT,119186.96528201792,0.0,112500.0,8,8,0.14589090968527746,0.12583328355929518,6.475274684085575,EXACT_B3_CLOSE
BH padrão,2014-12-01,AFTER_DEPOSIT,121686.96528201792,0.0,115000.0,8,8,0.14289365132348075,0.12545970790834626,6.475274684085575,EXACT_B3_CLOSE
BH padrão,2014-12-30,MONTH_END,120153.79092652343,0.0,115000.0,8,8,0.1517318849519289,0.1260447886151333,5.133757453694154,EXACT_B3_CLOSE
BH padrão,2015-01-02,BEFORE_DEPOSIT,117599.38142840171,0.0,115000.0,8,8,0.15288727439261235,0.1262953180712239,2.8986663546778146,EXACT_B3_CLOSE
BH padrão,2015-01-02,AFTER_DEPOSIT,120099.38142840171,0.0,117500.0,8,8,0.14970475853419893,0.12591858911819007,2.8986663546778146,EXACT_B3_CLOSE
BH padrão,2015-01-30,MONTH_END,121241.25351425409,0.0,117500.0,8,8,0.15333683561060021,0.12652268380700965,3.876998743940696,EXACT_B3_CLOSE
BH padrão,2015-02-02,BEFORE_DEPOSIT,122861.09306627227,0.0,117500.0,8,8,0.1516078735119553,0.12628712047343307,5.264843773855321,EXACT_B3_CLOSE
BH padrão,2015-02-02,AFTER_DEPOSIT,125361.09306627227,0.0,120000.0,8,8,0.148584449940022,0.12591483259646086,5.264843773855321,EXACT_B3_CLOSE
BH padrão,2015-02-27,MONTH_END,133269.6672047492,0.0,120000.0,8,8,0.15427232588180892,0.12610410079617995,11.90561884049124,EXACT_B3_CLOSE
BH padrão,2015-03-02,BEFORE_DEPOSIT,131286.34004330667,0.0,120000.0,8,8,0.15385548031264737,0.12616663424425872,10.240232725109166,EXACT_B3_CLOSE
BH padrão,2015-03-02,AFTER_DEPOSIT,133786.34004330667,0.0,122500.0,8,8,0.15098045808947338,0.12585088052230736,10.240232725109166,EXACT_B3_CLOSE
BH padrão,2015-03-31,MONTH_END,136117.3106065688,0.0,122500.0,8,8,0.15234240208690458,0.12600633860292113,12.160957496309388,EXACT_B3_CLOSE
BH padrão,2015-04-01,BEFORE_DEPOSIT,139238.60115099972,0.0,122500.0,8,8,0.1486673667374129,0.12577085092876378,14.732907636431047,EXACT_B3_CLOSE
BH padrão,2015-04-01,AFTER_DEPOSIT,141738.60115099972,0.0,125000.0,8,8,0.14604515645859423,0.12555398377991875,14.732907636431047,EXACT_B3_CLOSE
BH padrão,2015-04-30,MONTH_END,148568.56894365296,0.0,125000.0,8,8,0.1666711036413936,0.1270591002768102,20.261550204869128,EXACT_B3_CLOSE
BH padrão,2015-05-04,BEFORE_DEPOSIT,150500.5939869638,0.0,125000.0,8,8,0.1647720356273349,0.12695070205587583,21.825463274741352,EXACT_B3_CLOSE
BH padrão,2015-05-04,AFTER_DEPOSIT,153000.5939869638,0.0,127500.0,8,8,0.16207969255640908,0.12664172443295352,21.825463274741352,EXACT_B3_CLOSE
BH padrão,2015-05-29,MONTH_END,148902.7044828676,0.0,127500.0,8,8,0.17320182929717456,0.12828083631687187,18.562552495925956,EXACT_B3_CLOSE
BH padrão,2015-06-01,BEFORE_DEPOSIT,150634.72385679412,0.0,127500.0,8,8,0.17443073782090035,0.12839921115485567,19.94165866232036,EXACT_B3_CLOSE
BH padrão,2015-06-01,AFTER_DEPOSIT,153134.72385679412,0.0,130000.0,8,8,0.17158306987486316,0.12783064216475873,19.94165866232036,EXACT_B3_CLOSE
BH padrão,2015-06-30,MONTH_END,154349.34286748475,0.0,130000.0,8,8,0.18853227535356312,0.130715763704646,20.893000168125788,EXACT_B3_CLOSE
BH padrão,2015-07-01,BEFORE_DEPOSIT,154970.05158548322,0.0,130000.0,8,8,0.19105667914650895,0.13121534837012463,21.37916575688226,EXACT_B3_CLOSE
BH padrão,2015-07-01,AFTER_DEPOSIT,157470.05158548322,0.0,132500.0,8,8,0.1880234566825728,0.1304593671676771,21.37916575688226,EXACT_B3_CLOSE
BH padrão,2015-07-31,MONTH_END,153789.492107811,0.0,132500.0,8,8,0.20541171168866726,0.13387479453458653,18.54216129526929,EXACT_B3_CLOSE
BH padrão,2015-08-03,BEFORE_DEPOSIT,151476.6822752388,0.0,132500.0,8,8,0.20131043484091007,0.13317552508730324,16.75942911727457,EXACT_B3_CLOSE
BH padrão,2015-08-03,AFTER_DEPOSIT,153976.6822752388,0.0,135000.0,8,8,0.19804191340204277,0.13219505289643158,16.75942911727457,EXACT_B3_CLOSE
BH padrão,2015-08-31,MONTH_END,138883.71555431662,0.0,135000.0,8,8,0.20754007103447586,0.1347269260745672,5.314539202898971,EXACT_B3_CLOSE
BH padrão,2015-09-01,BEFORE_DEPOSIT,135498.55536361295,0.0,135000.0,8,8,0.20945647308573276,0.13493005824419807,2.747596172976019,EXACT_B3_CLOSE
BH padrão,2015-09-01,AFTER_DEPOSIT,137998.55536361295,0.0,137500.0,8,8,0.20566193203901972,0.13364560431428754,2.747596172976019,EXACT_B3_CLOSE
BH padrão,2015-09-30,MONTH_END,133578.25606557302,0.0,137500.0,8,8,0.2131527710440124,0.13549689559323327,-0.543562390546537,EXACT_B3_CLOSE
BH padrão,2015-10-01,BEFORE_DEPOSIT,133502.91305636562,0.0,137500.0,8,8,0.2163821606625821,0.13632592877850222,-0.5996594494186436,EXACT_B3_CLOSE
BH padrão,2015-10-01,AFTER_DEPOSIT,136002.91305636562,0.0,140000.0,8,8,0.2124046326118979,0.13499172226323,-0.5996594494186436,EXACT_B3_CLOSE
BH padrão,2015-10-30,MONTH_END,138362.21066309474,0.0,140000.0,8,8,0.21046694959246146,0.13432539454397666,1.1246785099591206,EXACT_B3_CLOSE
BH padrão,2015-11-03,BEFORE_DEPOSIT,146864.49409038125,0.0,140000.0,8,8,0.20428213928576383,0.1338952242379651,7.338735614600567,EXACT_B3_CLOSE
BH padrão,2015-11-03,AFTER_DEPOSIT,149364.49409038125,0.0,142500.0,8,8,0.20086295086803063,0.13286798367758032,7.338735614600567,EXACT_B3_CLOSE
BH padrão,2015-11-30,MONTH_END,146977.0388477693,0.0,142500.0,8,8,0.19644622745861356,0.1331356533726285,5.623023800765159,EXACT_B3_CLOSE
BH padrão,2015-12-01,BEFORE_DEPOSIT,148557.9236074595,0.0,142500.0,8,8,0.19896341450839258,0.13403887035842915,6.759104850622011,EXACT_B3_CLOSE
BH padrão,2015-12-01,AFTER_DEPOSIT,151057.9236074595,0.0,145000.0,8,8,0.19567058137265086,0.13282592455689485,6.759104850622011,EXACT_B3_CLOSE
BH padrão,2015-12-30,MONTH_END,142931.9865114683,0.0,145000.0,8,8,0.1813684297118732,0.13070651867621777,1.0161570480636817,EXACT_B3_CLOSE
BH padrão,2016-01-04,BEFORE_DEPOSIT,139161.22260967383,0.0,145000.0,8,8,0.1846027397434112,0.1312350804219098,-1.6488033137953995,EXACT_B3_CLOSE
BH padrão,2016-01-04,AFTER_DEPOSIT,141661.22260967383,0.0,147500.0,8,8,0.1813449191425673,0.13020259215843588,-1.6488033137953995,EXACT_B3_CLOSE
BH padrão,2016-01-29,MONTH_END,149747.4945912315,0.0,147500.0,8,8,0.2023889019517309,0.13380150267428964,3.965256140623108,EXACT_B3_CLOSE
BH padrão,2016-02-01,BEFORE_DEPOSIT,153411.48179048538,0.0,147500.0,8,8,0.20169868246901432,0.13356617360376405,6.509054076650145,EXACT_B3_CLOSE
BH padrão,2016-02-01,AFTER_DEPOSIT,155911.48179048538,0.0,150000.0,8,8,0.19846449663239873,0.1326728643305861,6.509054076650145,EXACT_B3_CLOSE
BH padrão,2016-02-29,MONTH_END,159585.49169209675,0.0,150000.0,8,8,0.21065236468254447,0.13595703234467743,9.018909763960758,EXACT_B3_CLOSE
BH padrão,2016-03-01,BEFORE_DEPOSIT,163337.3295399856,0.0,150000.0,8,8,0.20805032573143414,0.13537986021480608,11.581932676953176,EXACT_B3_CLOSE
BH padrão,2016-03-01,AFTER_DEPOSIT,165837.3295399856,0.0,152500.0,8,8,0.2049139642392939,0.13438642684613686,11.581932676953176,EXACT_B3_CLOSE
BH padrão,2016-03-31,MONTH_END,188188.7831981296,0.0,152500.0,8,8,0.20323700044448478,0.13361833700567027,26.620877191033276,EXACT_B3_CLOSE
BH padrão,2016-04-01,BEFORE_DEPOSIT,190100.26411556112,0.0,152500.0,8,8,0.2040841382437566,0.1337003346331355,27.90699736454161,EXACT_B3_CLOSE
BH padrão,2016-04-01,AFTER_DEPOSIT,192600.26411556112,0.0,155000.0,8,8,0.2014350746614592,0.13295598751385423,27.90699736454161,EXACT_B3_CLOSE
BH padrão,2016-04-29,MONTH_END,199637.60238543645,0.0,155000.0,8,8,0.20200498529347197,0.1339350813719324,32.58053616612007,EXACT_B3_CLOSE
BH padrão,2016-05-02,BEFORE_DEPOSIT,198985.69478988374,0.0,155000.0,8,8,0.2019303500100166,0.1339543779321989,32.1476003989279,EXACT_B3_CLOSE
BH padrão,2016-05-02,AFTER_DEPOSIT,201485.69478988374,0.0,157500.0,8,8,0.19942483280418474,0.13319773749674246,32.1476003989279,EXACT_B3_CLOSE
BH padrão,2016-05-31,MONTH_END,190613.59630809826,0.0,157500.0,8,8,0.2219468123791698,0.13792968186297414,25.016961535622784,EXACT_B3_CLOSE
BH padrão,2016-06-01,BEFORE_DEPOSIT,193762.44874043146,0.0,157500.0,8,8,0.22616749911939282,0.13877798280150833,27.08218653026617,EXACT_B3_CLOSE
BH padrão,2016-06-01,AFTER_DEPOSIT,196262.44874043146,0.0,160000.0,8,8,0.22328656722729012,0.13777835571456648,27.08218653026617,EXACT_B3_CLOSE
BH padrão,2016-06-30,MONTH_END,203605.61958639452,0.0,160000.0,8,8,0.22775940805752093,0.13764188249008488,31.836973873231035,EXACT_B3_CLOSE
BH padrão,2016-07-01,BEFORE_DEPOSIT,204366.61511393843,0.0,160000.0,8,8,0.22428784547747746,0.13689911704969016,32.329727205316175,EXACT_B3_CLOSE
BH padrão,2016-07-01,AFTER_DEPOSIT,206866.61511393843,0.0,162500.0,8,8,0.22157730848055865,0.1361474495502922,32.329727205316175,EXACT_B3_CLOSE
BH padrão,2016-07-29,MONTH_END,231331.04164749582,0.0,162500.0,8,8,0.21043118203290587,0.13390908850309385,47.97928422850748,EXACT_B3_CLOSE
BH padrão,2016-08-01,BEFORE_DEPOSIT,230530.20560522864,0.0,162500.0,8,8,0.211098478100105,0.13396672838786663,47.46700043176708,EXACT_B3_CLOSE
BH padrão,2016-08-01,AFTER_DEPOSIT,233030.20560522864,0.0,165000.0,8,8,0.20883376656247585,0.13341270273503672,47.46700043176708,EXACT_B3_CLOSE
BH padrão,2016-08-31,MONTH_END,227156.68231860883,0.0,165000.0,8,8,0.192958896033769,0.1305254561275003,43.75009661324973,EXACT_B3_CLOSE
BH padrão,2016-09-01,BEFORE_DEPOSIT,230087.29495867598,0.0,165000.0,8,8,0.19008622059958316,0.1300783824893987,45.60465728848793,EXACT_B3_CLOSE
BH padrão,2016-09-01,AFTER_DEPOSIT,232587.29495867598,0.0,167500.0,8,8,0.18804304987702333,0.12971148203866467,45.60465728848793,EXACT_B3_CLOSE
BH padrão,2016-09-30,MONTH_END,237549.70203465593,0.0,167500.0,8,8,0.20538203433356592,0.13263610443838306,48.71123102353396,EXACT_B3_CLOSE
BH padrão,2016-10-03,BEFORE_DEPOSIT,241549.41770700924,0.0,167500.0,8,8,0.20316968243750078,0.13227767331806758,51.21513920058152,EXACT_B3_CLOSE
BH padrão,2016-10-03,AFTER_DEPOSIT,244049.41770700924,0.0,170000.0,8,8,0.2010884473709884,0.131840418124395,51.21513920058152,EXACT_B3_CLOSE
BH padrão,2016-10-31,MONTH_END,257438.53124935215,0.0,170000.0,8,8,0.20261054303044737,0.13267068304963725,59.511150258917375,EXACT_B3_CLOSE
BH padrão,2016-11-01,BEFORE_DEPOSIT,249091.9798653975,0.0,170000.0,8,8,0.20505557650381065,0.13312174066326055,54.3395545172519,EXACT_B3_CLOSE
BH padrão,2016-11-01,AFTER_DEPOSIT,251591.9798653975,0.0,172500.0,8,8,0.20301799588803032,0.13260060228847625,54.3395545172519,EXACT_B3_CLOSE
BH padrão,2016-11-30,MONTH_END,232977.09837689754,0.0,172500.0,8,8,0.2037574920415043,0.13286239389738994,42.920221842722306,EXACT_B3_CLOSE
BH padrão,2016-12-01,BEFORE_DEPOSIT,221241.59365987295,0.0,172500.0,8,8,0.2082773275948498,0.13382017342981792,35.721055275371036,EXACT_B3_CLOSE
BH padrão,2016-12-01,AFTER_DEPOSIT,223741.59365987295,0.0,175000.0,8,8,0.20595011918236897,0.13319213761839002,35.721055275371036,EXACT_B3_CLOSE
BH padrão,2016-12-29,MONTH_END,234099.67299466114,0.0,175000.0,8,8,0.1929071103401416,0.1306792579504162,42.00423863411902,EXACT_B3_CLOSE
BH padrão,2017-01-02,BEFORE_DEPOSIT,232251.88643383648,0.0,175000.0,8,8,0.19266237402831374,0.13066523049640008,40.88337622379756,EXACT_B3_CLOSE
BH padrão,2017-01-02,AFTER_DEPOSIT,234751.88643383648,0.0,177500.0,8,8,0.1906106080451401,0.13023343959121247,40.88337622379756,EXACT_B3_CLOSE
BH padrão,2017-01-31,MONTH_END,253878.31107713122,0.0,177500.0,8,8,0.19040760433649362,0.13077493364157772,52.3618581213088,EXACT_B3_CLOSE
BH padrão,2017-02-01,BEFORE_DEPOSIT,251462.65334843105,0.0,177500.0,8,8,0.18563318899059156,0.13010652463661393,50.91213168123476,EXACT_B3_CLOSE
BH padrão,2017-02-01,AFTER_DEPOSIT,253962.65334843105,0.0,180000.0,8,8,0.18380582198856324,0.12965534473990586,50.91213168123476,EXACT_B3_CLOSE
BH padrão,2017-02-24,MONTH_END,267994.5453609955,0.0,180000.0,8,8,0.16357957657697225,0.1277175932941727,59.250297577744426,EXACT_B3_CLOSE
BH padrão,2017-03-01,BEFORE_DEPOSIT,268834.04904382396,0.0,180000.0,8,8,0.1594999122889494,0.12726524745998258,59.74915553445379,EXACT_B3_CLOSE
BH padrão,2017-03-01,AFTER_DEPOSIT,271334.04904382396,0.0,182500.0,8,8,0.15803032237891948,0.12694185714706485,59.74915553445379,EXACT_B3_CLOSE
BH padrão,2017-03-31,MONTH_END,267656.4419145209,0.0,182500.0,8,8,0.16221066473987378,0.12715605351573914,57.58394760952152,EXACT_B3_CLOSE
BH padrão,2017-04-03,BEFORE_DEPOSIT,268678.7783476812,0.0,182500.0,8,8,0.16200658648454616,0.12712666675366824,58.185852834630516,EXACT_B3_CLOSE
BH padrão,2017-04-03,AFTER_DEPOSIT,271178.7783476812,0.0,185000.0,8,8,0.16051304606564182,0.12682889428370422,58.185852834630516,EXACT_B3_CLOSE
BH padrão,2017-04-28,MONTH_END,274408.9445635613,0.0,185000.0,8,8,0.18189665254625342,0.1292457157901586,60.07009540246702,EXACT_B3_CLOSE
BH padrão,2017-05-02,BEFORE_DEPOSIT,281167.8067863978,0.0,185000.0,8,8,0.18239320616400745,0.12928029460487844,64.01272097009306,EXACT_B3_CLOSE
BH padrão,2017-05-02,AFTER_DEPOSIT,283667.8067863978,0.0,187500.0,8,8,0.18078575193585325,0.12893449966251305,64.01272097009306,EXACT_B3_CLOSE
BH padrão,2017-05-31,MONTH_END,269655.27003055124,0.0,187500.0,8,8,0.19758983576813552,0.13158029139906902,55.91087005138653,EXACT_B3_CLOSE
BH padrão,2017-06-01,BEFORE_DEPOSIT,268802.6524500187,0.0,187500.0,8,8,0.19912506539228342,0.13194919432699737,55.417898603853246,EXACT_B3_CLOSE
BH padrão,2017-06-01,AFTER_DEPOSIT,271302.6524500187,0.0,190000.0,8,8,0.1972901675061582,0.13150304405158278,55.417898603853246,EXACT_B3_CLOSE
BH padrão,2017-06-30,MONTH_END,271295.4272826081,0.0,190000.0,8,8,0.1916380103314446,0.13020789142303385,55.41375960880153,EXACT_B3_CLOSE
BH padrão,2017-07-03,BEFORE_DEPOSIT,273450.5061834839,0.0,190000.0,8,8,0.19037176670385128,0.1300171752342274,56.64831382740183,EXACT_B3_CLOSE
BH padrão,2017-07-03,AFTER_DEPOSIT,275950.5061834839,0.0,192500.0,8,8,0.18864707547808787,0.12972989867279341,56.64831382740183,EXACT_B3_CLOSE
BH padrão,2017-07-31,MONTH_END,281688.7212065412,0.0,192500.0,8,8,0.18164514406420554,0.12884913636632805,59.90571574404591,EXACT_B3_CLOSE
BH padrão,2017-08-01,BEFORE_DEPOSIT,285445.4284632163,0.0,192500.0,8,8,0.1821122188321494,0.12893747265410171,62.038278809213935,EXACT_B3_CLOSE
BH padrão,2017-08-01,AFTER_DEPOSIT,287945.4284632163,0.0,195000.0,8,8,0.18053108399868378,0.12867834195292416,62.038278809213935,EXACT_B3_CLOSE
BH padrão,2017-08-31,MONTH_END,298630.6863740342,0.0,195000.0,8,8,0.17220913795811368,0.12799468409061082,68.05129596229804,EXACT_B3_CLOSE
BH padrão,2017-09-01,BEFORE_DEPOSIT,302771.7188845787,0.0,195000.0,8,8,0.17262144542280394,0.1280904575459028,70.38161870464134,EXACT_B3_CLOSE
BH padrão,2017-09-01,AFTER_DEPOSIT,305271.7188845787,0.0,197500.0,8,8,0.17120777495528128,0.12782543483759096,70.38161870464134,EXACT_B3_CLOSE
BH padrão,2017-09-29,MONTH_END,313884.69984441734,0.0,197500.0,8,8,0.17756179635104988,0.12891922212492243,75.18879063387077,EXACT_B3_CLOSE
BH padrão,2017-10-02,BEFORE_DEPOSIT,314646.9096136435,0.0,197500.0,8,8,0.17864318906865312,0.129142359339418,75.6142035569799,EXACT_B3_CLOSE
BH padrão,2017-10-02,AFTER_DEPOSIT,317146.9096136435,0.0,200000.0,8,8,0.17723498372553403,0.12878228265995856,75.6142035569799,EXACT_B3_CLOSE
BH padrão,2017-10-31,MONTH_END,320605.13358616375,0.0,200000.0,8,8,0.1812801396991624,0.1292047424290749,77.52913077287376,EXACT_B3_CLOSE
BH padrão,2017-11-01,BEFORE_DEPOSIT,317601.67222102085,0.0,200000.0,8,8,0.18465569637237206,0.1297993807523589,75.8660198940817,EXACT_B3_CLOSE
BH padrão,2017-11-01,AFTER_DEPOSIT,320101.67222102085,0.0,202500.0,8,8,0.18321353195714782,0.12945120364204285,75.8660198940817,EXACT_B3_CLOSE
BH padrão,2017-11-30,MONTH_END,319332.27757594624,0.0,202500.0,8,8,0.20478505872989794,0.13356673234675456,75.44330928148713,EXACT_B3_CLOSE
BH padrão,2017-12-01,BEFORE_DEPOSIT,321014.98698925343,0.0,202500.0,8,8,0.20297083859725568,0.13295525395703112,76.36780119402017,EXACT_B3_CLOSE
BH padrão,2017-12-01,AFTER_DEPOSIT,323514.98698925343,0.0,205000.0,8,8,0.20140235763995773,0.13251204773330785,76.36780119402017,EXACT_B3_CLOSE
BH padrão,2017-12-28,MONTH_END,336591.2573110737,0.0,205000.0,8,8,0.2030363139376909,0.13337099147971357,83.49647571367906,EXACT_B3_CLOSE
BH padrão,2018-01-02,BEFORE_DEPOSIT,341906.45436288207,0.0,205000.0,8,8,0.19694054815005677,0.13249837178021526,86.39411463193889,EXACT_B3_CLOSE
BH padrão,2018-01-02,AFTER_DEPOSIT,344406.45436288207,0.0,207500.0,8,8,0.19551098327362046,0.13203876445104193,86.39411463193889,EXACT_B3_CLOSE
BH padrão,2018-01-31,MONTH_END,354027.09853252664,0.0,207500.0,8,8,0.17753915722195085,0.1302846038323724,91.60084473084811,EXACT_B3_CLOSE
BH padrão,2018-02-01,BEFORE_DEPOSIT,353038.78047765844,0.0,207500.0,8,8,0.17434597444192174,0.1297822596761827,91.0659631498606,EXACT_B3_CLOSE
BH padrão,2018-02-01,AFTER_DEPOSIT,355538.78047765844,0.0,210000.0,8,8,0.17312004646995977,0.1293656226891738,91.0659631498606,EXACT_B3_CLOSE
BH padrão,2018-02-28,MONTH_END,346809.39703638945,0.0,210000.0,8,8,0.16687356738745315,0.12939874271154814,86.37480666710017,EXACT_B3_CLOSE
BH padrão,2018-03-01,BEFORE_DEPOSIT,348337.9650565128,0.0,210000.0,8,8,0.1692828933675788,0.12984149905046202,87.19625663835949,EXACT_B3_CLOSE
BH padrão,2018-03-01,AFTER_DEPOSIT,350837.9650565128,0.0,212500.0,8,8,0.16807661789123238,0.12932543618110554,87.19625663835949,EXACT_B3_CLOSE
BH padrão,2018-03-29,MONTH_END,351059.5666791009,0.0,212500.0,8,8,0.1589494349727823,0.1285588404485024,87.31449639102364,EXACT_B3_CLOSE
BH padrão,2018-04-02,BEFORE_DEPOSIT,345956.8734071586,0.0,212500.0,8,8,0.16049601678810346,0.12887442327749116,84.59185752516578,EXACT_B3_CLOSE
BH padrão,2018-04-02,AFTER_DEPOSIT,348456.8734071586,0.0,215000.0,8,8,0.15934453988352415,0.12839519057314874,84.59185752516578,EXACT_B3_CLOSE
BH padrão,2018-04-30,MONTH_END,339996.25350560294,0.0,215000.0,8,8,0.1509128576970283,0.1278499644059378,80.10992112892863,EXACT_B3_CLOSE
BH padrão,2018-05-02,BEFORE_DEPOSIT,332947.17302912206,0.0,215000.0,8,8,0.14787910273227395,0.12748878270088707,76.37573489728678,EXACT_B3_CLOSE
BH padrão,2018-05-02,AFTER_DEPOSIT,335447.17302912206,0.0,217500.0,8,8,0.14677699847695327,0.12709151303758545,76.37573489728678,EXACT_B3_CLOSE
BH padrão,2018-05-30,MONTH_END,311364.84281443217,0.0,217500.0,8,8,0.14919267309020146,0.12745671475776993,63.713417157955845,EXACT_B3_CLOSE
BH padrão,2018-06-01,BEFORE_DEPOSIT,315692.8544984515,0.0,217500.0,8,8,0.1531967219740695,0.12771664800987031,65.98905488213092,EXACT_B3_CLOSE
BH padrão,2018-06-01,AFTER_DEPOSIT,318192.8544984515,0.0,220000.0,8,8,0.15199307519344377,0.12720530876003766,65.98905488213092,EXACT_B3_CLOSE
BH padrão,2018-06-29,MONTH_END,303025.5079375503,0.0,220000.0,8,8,0.16384651559208693,0.12773097100188852,58.076829685615735,EXACT_B3_CLOSE
BH padrão,2018-07-02,BEFORE_DEPOSIT,302949.0890687568,0.0,220000.0,8,8,0.16724458486607302,0.1281689114059655,58.03696488152956,EXACT_B3_CLOSE
BH padrão,2018-07-02,AFTER_DEPOSIT,305449.0890687568,0.0,222500.0,8,8,0.1658757431273731,0.12772535996846676,58.03696488152956,EXACT_B3_CLOSE
BH padrão,2018-07-31,MONTH_END,337079.1093030179,0.0,222500.0,8,8,0.16495134531179326,0.12816718279615721,74.4020894664609,EXACT_B3_CLOSE
BH padrão,2018-08-01,BEFORE_DEPOSIT,337658.30545359344,0.0,222500.0,8,8,0.16799011223009686,0.1285278885172794,74.70176101561196,EXACT_B3_CLOSE
BH padrão,2018-08-01,AFTER_DEPOSIT,340158.30545359344,0.0,225000.0,8,8,0.16675546567335553,0.12811843272401285,74.70176101561196,EXACT_B3_CLOSE
BH padrão,2018-08-31,MONTH_END,331738.9909067746,0.0,225000.0,8,8,0.17355715578179828,0.12951646211085985,70.37768879896495,EXACT_B3_CLOSE
BH padrão,2018-09-03,BEFORE_DEPOSIT,329602.03116013407,0.0,225000.0,8,8,0.1729809536875507,0.12938180612267303,69.28016854156671,EXACT_B3_CLOSE
BH padrão,2018-09-03,AFTER_DEPOSIT,332102.03116013407,0.0,227500.0,8,8,0.17167878645084883,0.12895040968323032,69.28016854156671,EXACT_B3_CLOSE
BH padrão,2018-09-28,MONTH_END,330212.8403500852,0.0,227500.0,8,8,0.1643599535301887,0.12917382318229115,68.31720382372055,EXACT_B3_CLOSE
BH padrão,2018-10-01,BEFORE_DEPOSIT,326658.8737955488,0.0,227500.0,8,8,0.16355602641203254,0.12899733677045613,66.50566399289994,EXACT_B3_CLOSE
BH padrão,2018-10-01,AFTER_DEPOSIT,329158.8737955488,0.0,230000.0,8,8,0.16231379933391932,0.12853886186349886,66.50566399289994,EXACT_B3_CLOSE
BH padrão,2018-10-31,MONTH_END,371505.977688812,0.0,230000.0,8,8,0.15678779092683875,0.12678696668872752,87.92702982338257,EXACT_B3_CLOSE
BH padrão,2018-11-01,BEFORE_DEPOSIT,377068.6408055676,0.0,230000.0,8,8,0.1539145977898132,0.12666737094587804,90.74091390660344,EXACT_B3_CLOSE
BH padrão,2018-11-01,AFTER_DEPOSIT,379568.6408055676,0.0,232500.0,8,8,0.15290085099118966,0.12644639968830207,90.74091390660344,EXACT_B3_CLOSE
BH padrão,2018-11-30,MONTH_END,407960.99379301566,0.0,232500.0,8,8,0.16452406991281437,0.12735828975003394,105.0086451535555,EXACT_B3_CLOSE
BH padrão,2018-12-03,BEFORE_DEPOSIT,407542.2229923918,0.0,232500.0,8,8,0.16391566135208707,0.12719739657162862,104.79820436197991,EXACT_B3_CLOSE
BH padrão,2018-12-03,AFTER_DEPOSIT,410042.2229923918,0.0,235000.0,8,8,0.1629162785314847,0.1270177030797007,104.79820436197991,EXACT_B3_CLOSE
BH padrão,2018-12-28,MONTH_END,403337.2556091373,0.0,235000.0,8,8,0.18344523471566396,0.12996355262678835,101.44936562441006,EXACT_B3_CLOSE
BH padrão,2019-01-02,BEFORE_DEPOSIT,417159.3531894024,0.0,235000.0,8,8,0.18299768487810958,0.1300149716409974,108.35290044649808,EXACT_B3_CLOSE
BH padrão,2019-01-02,AFTER_DEPOSIT,419659.3531894024,0.0,237500.0,8,8,0.18190752875810814,0.12973680140023316,108.35290044649808,EXACT_B3_CLOSE
BH padrão,2019-01-31,MONTH_END,456527.1211091293,0.0,237500.0,8,8,0.16195513925243385,0.12818278897170382,126.65704718047212,EXACT_B3_CLOSE
BH padrão,2019-02-01,BEFORE_DEPOSIT,457614.2175207821,0.0,237500.0,8,8,0.15993720021547037,0.1279924952580625,127.19676990727771,EXACT_B3_CLOSE
BH padrão,2019-02-01,AFTER_DEPOSIT,460114.2175207821,0.0,240000.0,8,8,0.15906819207507178,0.12774676766848364,127.19676990727771,EXACT_B3_CLOSE
BH padrão,2019-02-28,MONTH_END,447519.5393191163,0.0,240000.0,8,8,0.17177582124425567,0.12933582495660625,120.97772668610007,EXACT_B3_CLOSE
BH padrão,2019-03-01,BEFORE_DEPOSIT,440249.7093976017,0.0,240000.0,8,8,0.17048955850182468,0.12910307813408037,117.38800523640637,EXACT_B3_CLOSE
BH padrão,2019-03-01,AFTER_DEPOSIT,442749.7093976017,0.0,242500.0,8,8,0.1695268839089165,0.1287976941540922,117.38800523640637,EXACT_B3_CLOSE
BH padrão,2019-03-29,MONTH_END,436248.8777553052,0.0,242500.0,8,8,0.17009518538774124,0.1298711049796883,114.19612776455139,EXACT_B3_CLOSE
BH padrão,2019-04-01,BEFORE_DEPOSIT,437434.53479770373,0.0,242500.0,8,8,0.16951210703614472,0.12988517975426583,114.77827974313132,EXACT_B3_CLOSE
BH padrão,2019-04-01,AFTER_DEPOSIT,439934.53479770373,0.0,245000.0,8,8,0.16854882674312285,0.12956276095202238,114.77827974313132,EXACT_B3_CLOSE
BH padrão,2019-04-30,MONTH_END,452526.88001102617,0.0,245000.0,8,8,0.17388601134834972,0.12984866392461006,120.92592678814609,EXACT_B3_CLOSE
BH padrão,2019-05-02,BEFORE_DEPOSIT,452202.6079375185,0.0,245000.0,8,8,0.1741287574727092,0.1296178032603656,120.76761551088131,EXACT_B3_CLOSE
BH padrão,2019-05-02,AFTER_DEPOSIT,454702.6079375185,0.0,247500.0,8,8,0.17317138030776102,0.12933432096986947,120.76761551088131,EXACT_B3_CLOSE
BH padrão,2019-05-31,MONTH_END,477575.8194705845,0.0,247500.0,8,8,0.1702980581817127,0.12885462160052155,131.8730375627488,EXACT_B3_CLOSE
BH padrão,2019-06-03,BEFORE_DEPOSIT,477751.68326581974,0.0,247500.0,8,8,0.1695433565540977,0.12894432464338046,131.95842310936987,EXACT_B3_CLOSE
BH padrão,2019-06-03,AFTER_DEPOSIT,480251.68326581974,0.0,250000.0,8,8,0.16866078100849438,0.1287265574429783,131.95842310936987,EXACT_B3_CLOSE
BH padrão,2019-06-28,MONTH_END,492141.5237445389,0.0,250000.0,8,8,0.16626548829486767,0.1278154936010384,137.70113832425673,EXACT_B3_CLOSE
BH padrão,2019-07-01,BEFORE_DEPOSIT,492622.0361519584,0.0,250000.0,8,8,0.16733370483119156,0.1280826952820732,137.93322267542774,EXACT_B3_CLOSE
BH padrão,2019-07-01,AFTER_DEPOSIT,495122.0361519584,0.0,252500.0,8,8,0.16648879341232353,0.12785431714574158,137.93322267542774,EXACT_B3_CLOSE
BH padrão,2019-07-31,MONTH_END,509254.9123997893,0.0,252500.0,8,8,0.1529959203573444,0.127228684517379,144.72484281306865,EXACT_B3_CLOSE
BH padrão,2019-08-01,BEFORE_DEPOSIT,513963.6643285039,0.0,252500.0,8,8,0.15406004464932108,0.12715383429109114,146.98765569428392,EXACT_B3_CLOSE
BH padrão,2019-08-01,AFTER_DEPOSIT,516463.6643285039,0.0,255000.0,8,8,0.15331429981144548,0.12696915506188003,146.98765569428392,EXACT_B3_CLOSE
BH padrão,2019-08-30,MONTH_END,519663.6925650661,0.0,255000.0,8,8,0.15650551665238285,0.12727160753787245,148.51800047339174,EXACT_B3_CLOSE
BH padrão,2019-09-02,BEFORE_DEPOSIT,518264.9827174047,0.0,255000.0,8,8,0.15841637467032305,0.12728346664730364,147.84909752797435,EXACT_B3_CLOSE
BH padrão,2019-09-02,AFTER_DEPOSIT,520764.9827174047,0.0,257500.0,8,8,0.15765587626928,0.12710973570641898,147.84909752797435,EXACT_B3_CLOSE
BH padrão,2019-09-30,MONTH_END,536962.8685110089,0.0,257500.0,8,8,0.14705087179203488,0.1265981813207239,155.5582014597657,EXACT_B3_CLOSE
BH padrão,2019-10-01,BEFORE_DEPOSIT,534375.50339451,0.0,257500.0,8,8,0.14951581382812765,0.12684411892971795,154.32678972821384,EXACT_B3_CLOSE
BH padrão,2019-10-01,AFTER_DEPOSIT,536875.50339451,0.0,260000.0,8,8,0.1488195825189937,0.12667633651391313,154.32678972821384,EXACT_B3_CLOSE
BH padrão,2019-10-31,MONTH_END,558611.9789917957,0.0,260000.0,8,8,0.15842824427845228,0.12678634640413552,164.6237170860655,EXACT_B3_CLOSE
BH padrão,2019-11-01,BEFORE_DEPOSIT,564962.439573216,0.0,260000.0,8,8,0.16087691217133876,0.12690557607849465,167.63203510906425,EXACT_B3_CLOSE
BH padrão,2019-11-01,AFTER_DEPOSIT,567462.439573216,0.0,262500.0,8,8,0.16016815639759835,0.12677830960167086,167.63203510906425,EXACT_B3_CLOSE
BH padrão,2019-11-29,MONTH_END,571667.7599179458,0.0,262500.0,8,8,0.15901806965294274,0.1277557152413579,169.61538830331628,EXACT_B3_CLOSE
BH padrão,2019-12-02,BEFORE_DEPOSIT,569601.9275836217,0.0,262500.0,8,8,0.1553715161042699,0.1273294279069374,168.64108080158084,EXACT_B3_CLOSE
BH padrão,2019-12-02,AFTER_DEPOSIT,572101.9275836217,0.0,265000.0,8,8,0.15469256577823048,0.12715962467767075,168.64108080158084,EXACT_B3_CLOSE
BH padrão,2019-12-30,MONTH_END,622173.6232060901,0.0,265000.0,8,8,0.154315497481842,0.12727079224988241,192.15317502996734,EXACT_B3_CLOSE
BH padrão,2020-01-02,BEFORE_DEPOSIT,633602.0663922989,0.0,265000.0,8,8,0.15406780494689434,0.12727306681477887,197.51961268975626,EXACT_B3_CLOSE
BH padrão,2020-01-02,AFTER_DEPOSIT,636102.0663922989,0.0,267500.0,8,8,0.15346228968021436,0.12712032545664662,197.51961268975626,EXACT_B3_CLOSE
BH padrão,2020-01-31,MONTH_END,639235.3147412256,0.0,267500.0,8,8,0.17078049007319188,0.13045747838531835,198.98510523330444,EXACT_B3_CLOSE
BH padrão,2020-02-03,BEFORE_DEPOSIT,647753.1814839428,0.0,267500.0,8,8,0.1739230720941298,0.13064788465396615,202.96910803431606,EXACT_B3_CLOSE
BH padrão,2020-02-03,AFTER_DEPOSIT,650253.1814839428,0.0,270000.0,8,8,0.17325439765682363,0.1304014402165576,202.96910803431606,EXACT_B3_CLOSE
BH padrão,2020-02-28,MONTH_END,621849.8576817783,0.0,270000.0,8,8,0.19290383225943228,0.13294513500803715,189.73529400219795,EXACT_B3_CLOSE
BH padrão,2020-03-02,BEFORE_DEPOSIT,652824.5473614832,0.0,270000.0,8,8,0.20010344402590136,0.13417696548404098,204.16717126342698,EXACT_B3_CLOSE
BH padrão,2020-03-02,AFTER_DEPOSIT,655324.5473614832,0.0,272500.0,8,8,0.19934006866924955,0.1339122704019755,204.16717126342698,EXACT_B3_CLOSE
BH padrão,2020-03-31,MONTH_END,475602.73501129425,0.0,272500.0,8,8,0.1963927596750775,0.13593319510913743,120.74976305402654,EXACT_B3_CLOSE
BH padrão,2020-04-01,BEFORE_DEPOSIT,461832.60105681437,0.0,272500.0,8,8,0.1953803291280861,0.13708968240581926,114.35839146613719,EXACT_B3_CLOSE
BH padrão,2020-04-01,AFTER_DEPOSIT,464332.60105681437,0.0,275000.0,8,8,0.19432838743433356,0.13663688377159297,114.35839146613719,EXACT_B3_CLOSE
BH padrão,2020-04-30,MONTH_END,507019.4853875238,0.0,275000.0,8,8,0.2191804858980666,0.13975724655485394,134.06472231821604,EXACT_B3_CLOSE
BH padrão,2020-05-04,BEFORE_DEPOSIT,499577.05491583457,0.0,275000.0,8,8,0.22188876925868853,0.14088083419495856,130.6289363732299,EXACT_B3_CLOSE
BH padrão,2020-05-04,AFTER_DEPOSIT,502077.05491583457,0.0,277500.0,8,8,0.22078391509792686,0.14040699996926825,130.6289363732299,EXACT_B3_CLOSE
BH padrão,2020-05-29,MONTH_END,547609.0465041089,0.0,277500.0,8,8,0.21253757715542376,0.13834138413608799,151.54404230795316,EXACT_B3_CLOSE
BH padrão,2020-06-01,BEFORE_DEPOSIT,552081.4589686558,0.0,277500.0,8,8,0.21247895172514258,0.1379019537927218,153.59844355895981,EXACT_B3_CLOSE
BH padrão,2020-06-01,AFTER_DEPOSIT,554581.4589686558,0.0,280000.0,8,8,0.21152111700001364,0.13750020454663778,153.59844355895981,EXACT_B3_CLOSE
BH padrão,2020-06-30,MONTH_END,587092.8184182136,0.0,280000.0,8,8,0.24003830798956718,0.14329324054872986,168.46520482740632,EXACT_B3_CLOSE
BH padrão,2020-07-01,BEFORE_DEPOSIT,603184.3936293671,0.0,280000.0,8,8,0.24277505537502425,0.1443256746581683,175.82354391712173,EXACT_B3_CLOSE
BH padrão,2020-07-01,AFTER_DEPOSIT,605684.3936293671,0.0,282500.0,8,8,0.24177298623667204,0.14391754928635347,175.82354391712173,EXACT_B3_CLOSE
BH padrão,2020-07-31,MONTH_END,674112.684620679,0.0,282500.0,8,8,0.27870364021611,0.15528332838480235,206.9852081830913,EXACT_B3_CLOSE
BH padrão,2020-08-03,BEFORE_DEPOSIT,665965.227827847,0.0,282500.0,8,8,0.27884607990718097,0.1548355539573125,203.27492535238375,EXACT_B3_CLOSE
BH padrão,2020-08-03,AFTER_DEPOSIT,668465.227827847,0.0,285000.0,8,8,0.27780322057696094,0.15436340542906976,203.27492535238375,EXACT_B3_CLOSE
BH padrão,2020-08-31,MONTH_END,620091.3662547001,0.0,285000.0,8,8,0.29070252866070556,0.1590936788660536,181.32826508214924,EXACT_B3_CLOSE
BH padrão,2020-09-01,BEFORE_DEPOSIT,640394.6960097156,0.0,285000.0,8,8,0.29154838435896036,0.15950065332204552,190.53965044600085,EXACT_B3_CLOSE
BH padrão,2020-09-01,AFTER_DEPOSIT,642894.6960097156,0.0,287500.0,8,8,0.2904146513146199,0.15895999218107884,190.53965044600085,EXACT_B3_CLOSE
BH padrão,2020-09-30,MONTH_END,615533.1067208048,0.0,287500.0,8,8,0.29791300959784006,0.16337579463975924,178.17428697825335,EXACT_B3_CLOSE
BH padrão,2020-10-01,BEFORE_DEPOSIT,625327.0250810768,0.0,287500.0,8,8,0.2986031848301593,0.16395792891699978,182.60039538224473,EXACT_B3_CLOSE
BH padrão,2020-10-01,AFTER_DEPOSIT,627827.0250810768,0.0,290000.0,8,8,0.29741415037918295,0.16334475447472585,182.60039538224473,EXACT_B3_CLOSE
BH padrão,2020-10-30,MONTH_END,643703.774879252,0.0,290000.0,8,8,0.3287990211494689,0.1766807392222425,189.74691120763444,EXACT_B3_CLOSE
BH padrão,2020-11-03,BEFORE_DEPOSIT,648201.1990745792,0.0,290000.0,8,8,0.33293352671987153,0.1780597810620451,191.771312523645,EXACT_B3_CLOSE
BH padrão,2020-11-03,AFTER_DEPOSIT,650701.1990745792,0.0,292500.0,8,8,0.331654393043795,0.17734217350545106,191.771312523645,EXACT_B3_CLOSE
BH padrão,2020-11-30,MONTH_END,704363.0468201847,0.0,292500.0,8,8,0.29152762099916935,0.15989192693533288,215.83302897882683,EXACT_B3_CLOSE
BH padrão,2020-12-01,BEFORE_DEPOSIT,711002.0641239322,0.0,292500.0,8,8,0.2889232348928736,0.1581731214995185,218.80993265648482,EXACT_B3_CLOSE
BH padrão,2020-12-01,AFTER_DEPOSIT,713502.0641239322,0.0,295000.0,8,8,0.2879108929200174,0.15771046821161805,218.80993265648482,EXACT_B3_CLOSE
BH padrão,2020-12-30,MONTH_END,747900.741733878,0.0,295000.0,8,8,0.2827998888471418,0.15565673044013442,234.18009154420196,EXACT_B3_CLOSE
BH padrão,2021-01-04,BEFORE_DEPOSIT,736724.0426568924,0.0,295000.0,8,8,0.2828448653830748,0.1559065228004161,229.18607280309197,EXACT_B3_CLOSE
BH padrão,2021-01-04,AFTER_DEPOSIT,739224.0426568924,0.0,297500.0,8,8,0.28188830536519954,0.15546869796710105,229.18607280309197,EXACT_B3_CLOSE
BH padrão,2021-01-29,MONTH_END,743680.179808043,0.0,297500.0,8,8,0.3146327172361591,0.1688837102449017,231.17044858636183,EXACT_B3_CLOSE
BH padrão,2021-02-01,BEFORE_DEPOSIT,755385.1815868559,0.0,297500.0,8,8,0.3125299770557628,0.16792572321001134,236.38283799116516,EXACT_B3_CLOSE
BH padrão,2021-02-01,AFTER_DEPOSIT,757885.1815868559,0.0,300000.0,8,8,0.31149904920333604,0.1673879067327724,236.38283799116516,EXACT_B3_CLOSE
BH padrão,2021-02-26,MONTH_END,695750.2168406716,0.0,300000.0,8,8,0.31326902442931226,0.1679763673181424,208.8046028077832,EXACT_B3_CLOSE
BH padrão,2021-03-01,BEFORE_DEPOSIT,682331.0432969254,0.0,300000.0,8,8,0.32065514135470713,0.17126631152570396,202.84858230519208,EXACT_B3_CLOSE
BH padrão,2021-03-01,AFTER_DEPOSIT,684831.0432969254,0.0,302500.0,8,8,0.319484578394349,0.17065194496540326,202.84858230519208,EXACT_B3_CLOSE
BH padrão,2021-03-31,MONTH_END,727661.5630365375,0.0,302500.0,8,8,0.28755365233247676,0.15748939265002002,221.78925724902942,EXACT_B3_CLOSE
BH padrão,2021-04-01,BEFORE_DEPOSIT,719495.1640908248,0.0,302500.0,8,8,0.29276766201001114,0.15936186808945904,218.1778813228721,EXACT_B3_CLOSE
BH padrão,2021-04-01,AFTER_DEPOSIT,721995.1640908248,0.0,305000.0,8,8,0.29175391677814844,0.1588946306101781,218.1778813228721,EXACT_B3_CLOSE
BH padrão,2021-04-30,MONTH_END,725304.878788643,0.0,305000.0,8,8,0.2709217869063448,0.1525907289479527,219.63644789327438,EXACT_B3_CLOSE
BH padrão,2021-05-03,BEFORE_DEPOSIT,731612.0918125787,0.0,305000.0,8,8,0.2642900243303374,0.15036546205713539,222.41598960881342,EXACT_B3_CLOSE
BH padrão,2021-05-03,AFTER_DEPOSIT,734112.0918125787,0.0,307500.0,8,8,0.26338999139504754,0.1499673763638174,222.41598960881342,EXACT_B3_CLOSE
BH padrão,2021-05-31,MONTH_END,767894.3224479798,0.0,307500.0,8,8,0.24960982215385788,0.1462388315204859,237.25286730498786,EXACT_B3_CLOSE
BH padrão,2021-06-01,BEFORE_DEPOSIT,776010.7852483562,0.0,307500.0,8,8,0.24728841043443,0.14536517562004408,240.81755097535927,EXACT_B3_CLOSE
BH padrão,2021-06-01,AFTER_DEPOSIT,778510.7852483562,0.0,310000.0,8,8,0.24649430322641125,0.1450332463294382,240.81755097535927,EXACT_B3_CLOSE
BH padrão,2021-06-30,MONTH_END,734587.8050461053,0.0,310000.0,8,8,0.25756797683646104,0.14692412730361243,221.5888866745882,EXACT_B3_CLOSE
BH padrão,2021-07-01,BEFORE_DEPOSIT,733795.8335805234,0.0,310000.0,8,8,0.2621319174257053,0.1482291830816945,221.24217628796728,EXACT_B3_CLOSE
BH padrão,2021-07-01,AFTER_DEPOSIT,736295.8335805234,0.0,312500.0,8,8,0.2612418814324586,0.14787673283303196,221.24217628796728,EXACT_B3_CLOSE
BH padrão,2021-07-30,MONTH_END,746381.2682364875,0.0,312500.0,8,8,0.26869753896467513,0.15058314016594057,225.6424008036173,EXACT_B3_CLOSE
BH padrão,2021-08-02,BEFORE_DEPOSIT,756743.6014308181,0.0,312500.0,8,8,0.2731681726903568,0.15204997472886173,230.16343476163948,EXACT_B3_CLOSE
BH padrão,2021-08-02,AFTER_DEPOSIT,759243.6014308181,0.0,315000.0,8,8,0.27226869796256337,0.1516693012258581,230.16343476163948,EXACT_B3_CLOSE
BH padrão,2021-08-31,MONTH_END,757676.7902196174,0.0,315000.0,8,8,0.2647174950621908,0.15019208372794599,229.48209379263008,EXACT_B3_CLOSE
BH padrão,2021-09-01,BEFORE_DEPOSIT,769464.7750080721,0.0,315000.0,8,8,0.2660131470000129,0.1509618378275146,234.60819764038015,EXACT_B3_CLOSE
BH padrão,2021-09-01,AFTER_DEPOSIT,771964.7750080721,0.0,317500.0,8,8,0.265151666153956,0.15057228243063084,234.60819764038015,EXACT_B3_CLOSE
BH padrão,2021-09-30,MONTH_END,756736.2370235758,0.0,317500.0,8,8,0.2955319511909039,0.161377582274219,228.00738655073286,EXACT_B3_CLOSE
BH padrão,2021-10-01,BEFORE_DEPOSIT,765762.6353698251,0.0,317500.0,8,8,0.29602784255557657,0.16144435177425193,231.919879684621,EXACT_B3_CLOSE
BH padrão,2021-10-01,AFTER_DEPOSIT,768262.6353698251,0.0,320000.0,8,8,0.2950645396792982,0.1609654181033231,231.919879684621,EXACT_B3_CLOSE
BH padrão,2021-10-29,MONTH_END,721440.3352129895,0.0,320000.0,8,9,0.2894184439252128,0.15887285720092076,211.6907919753992,EXACT_B3_CLOSE
BH padrão,2021-11-01,BEFORE_DEPOSIT,728622.2855038177,0.0,320000.0,8,9,0.2862558771997347,0.15768757421197974,214.79367888761396,EXACT_B3_CLOSE
BH padrão,2021-11-01,AFTER_DEPOSIT,731122.2855038177,0.0,322500.0,8,9,0.28527705367432926,0.1572137432817428,214.79367888761396,EXACT_B3_CLOSE
BH padrão,2021-11-30,MONTH_END,694764.7883241265,0.0,322500.0,8,9,0.26178659580995095,0.14942818254771795,199.13951197290393,EXACT_B3_CLOSE
BH padrão,2021-12-01,BEFORE_DEPOSIT,688383.3915785688,0.0,322500.0,8,9,0.2663448032511616,0.15078418579262326,196.391923234597,EXACT_B3_CLOSE
BH padrão,2021-12-01,AFTER_DEPOSIT,690883.3915785688,0.0,325000.0,8,9,0.26538101975854284,0.15035568467189173,196.391923234597,EXACT_B3_CLOSE
BH padrão,2021-12-30,MONTH_END,708829.3031753628,0.0,325000.0,8,9,0.26281026462698825,0.1508911409132412,204.09079589126716,EXACT_B3_CLOSE
BH padrão,2022-01-03,BEFORE_DEPOSIT,697101.8268918816,0.0,325000.0,8,9,0.25945284783477246,0.1493312592274024,199.05965852030346,EXACT_B3_CLOSE
BH padrão,2022-01-03,AFTER_DEPOSIT,699601.8268918816,0.0,327500.0,8,9,0.25852570314381507,0.14891462119043847,199.05965852030346,EXACT_B3_CLOSE
BH padrão,2022-01-31,MONTH_END,743973.0522711438,0.0,327500.0,8,9,0.24416992528371761,0.1431286325677347,218.02708113125138,EXACT_B3_CLOSE
BH padrão,2022-02-01,BEFORE_DEPOSIT,743300.0129932751,0.0,327500.0,8,9,0.24363109263764582,0.14301015253690597,217.7393761984264,EXACT_B3_CLOSE
BH padrão,2022-02-01,AFTER_DEPOSIT,745800.0129932751,0.0,330000.0,8,9,0.24281441561836073,0.14270708286044922,217.7393761984264,EXACT_B3_CLOSE
BH padrão,2022-02-25,MONTH_END,721029.2296183205,0.0,330000.0,8,9,0.23191897389243377,0.14039726562472543,207.18607354304632,EXACT_B3_CLOSE
BH padrão,2022-03-02,BEFORE_DEPOSIT,724943.5975405911,0.0,330000.0,8,9,0.23733565187902086,0.14203142690608675,208.85374423246023,EXACT_B3_CLOSE
BH padrão,2022-03-02,AFTER_DEPOSIT,727443.5975405911,0.0,332500.0,8,9,0.23652000220981825,0.14171091795885848,208.85374423246023,EXACT_B3_CLOSE
BH padrão,2022-03-31,MONTH_END,817587.2550177936,0.0,332500.0,8,9,0.24284803609213299,0.1434770761994802,247.12641062855002,EXACT_B3_CLOSE
BH padrão,2022-04-01,BEFORE_DEPOSIT,827602.4827058434,0.0,332500.0,8,9,0.2434180645092512,0.1435448771163782,251.37861737179813,EXACT_B3_CLOSE
BH padrão,2022-04-01,AFTER_DEPOSIT,830102.4827058434,0.0,335000.0,8,9,0.24268496808567527,0.1432609813462031,251.37861737179813,EXACT_B3_CLOSE
BH padrão,2022-04-29,MONTH_END,745815.8961157579,0.0,335000.0,8,9,0.22980084493911723,0.1410261072225902,215.70048741069604,EXACT_B3_CLOSE
BH padrão,2022-05-02,BEFORE_DEPOSIT,733980.4106913125,0.0,335000.0,8,9,0.22450748189939862,0.13986725705557318,210.6905800908075,EXACT_B3_CLOSE
BH padrão,2022-05-02,AFTER_DEPOSIT,736480.4106913125,0.0,337500.0,8,9,0.22374538599487667,0.13957120217287255,210.6905800908075,EXACT_B3_CLOSE
BH padrão,2022-05-31,MONTH_END,757310.2580167346,0.0,337500.0,8,9,0.19074949148074619,0.13343242879346393,219.4778299005663,EXACT_B3_CLOSE
BH padrão,2022-06-01,BEFORE_DEPOSIT,761971.146021012,0.0,337500.0,8,9,0.19585977718661254,0.13419491285180699,221.4440654945693,EXACT_B3_CLOSE
BH padrão,2022-06-01,AFTER_DEPOSIT,764471.146021012,0.0,340000.0,8,9,0.19521926976456647,0.1339709377300846,221.4440654945693,EXACT_B3_CLOSE
BH padrão,2022-06-30,MONTH_END,716239.190215853,0.0,340000.0,8,9,0.21062449343851367,0.1369579952851352,201.1635407926749,EXACT_B3_CLOSE
BH padrão,2022-07-01,BEFORE_DEPOSIT,716003.7740745909,0.0,340000.0,8,9,0.2110920318890954,0.13714434385003002,201.06455324824734,EXACT_B3_CLOSE
BH padrão,2022-07-01,AFTER_DEPOSIT,718503.7740745909,0.0,342500.0,8,9,0.2103575471184309,0.13686240042055747,201.06455324824734,EXACT_B3_CLOSE
BH padrão,2022-07-29,MONTH_END,769439.0797631538,0.0,342500.0,8,9,0.2088833058682377,0.1372428693694768,222.40725958467658,EXACT_B3_CLOSE
BH padrão,2022-08-01,BEFORE_DEPOSIT,769783.7035826206,0.0,342500.0,8,9,0.20759840853116956,0.13690868146377316,222.55166246743124,EXACT_B3_CLOSE
BH padrão,2022-08-01,AFTER_DEPOSIT,772283.7035826206,0.0,345000.0,8,9,0.20692638085672777,0.13662685818682724,222.55166246743124,EXACT_B3_CLOSE
BH padrão,2022-08-31,MONTH_END,797497.2045393903,0.0,345000.0,8,9,0.20333106775001092,0.13617887287990424,233.08232187731247,EXACT_B3_CLOSE
BH padrão,2022-09-01,BEFORE_DEPOSIT,804280.7456216239,0.0,345000.0,8,9,0.20225752217188203,0.1359004749023229,235.91553257869106,EXACT_B3_CLOSE
BH padrão,2022-09-01,AFTER_DEPOSIT,806780.7456216239,0.0,347500.0,8,9,0.20163077964217516,0.13566587617400713,235.91553257869106,EXACT_B3_CLOSE
BH padrão,2022-09-30,MONTH_END,815992.6662123858,0.0,347500.0,8,9,0.22609289433889565,0.13946659623092056,239.75105694898838,EXACT_B3_CLOSE
BH padrão,2022-10-03,BEFORE_DEPOSIT,864154.3714456204,0.0,347500.0,8,9,0.22305741105375596,0.13919146129359972,259.8039213128431,EXACT_B3_CLOSE
BH padrão,2022-10-03,AFTER_DEPOSIT,866654.3714456204,0.0,350000.0,8,9,0.2224139670857711,0.13894317217910832,259.8039213128431,EXACT_B3_CLOSE
BH padrão,2022-10-31,MONTH_END,915353.3888133335,0.0,350000.0,8,9,0.2525968699987046,0.14694586692218892,280.02201285002377,EXACT_B3_CLOSE
BH padrão,2022-11-01,BEFORE_DEPOSIT,910496.978791769,0.0,350000.0,8,9,0.24845928003655102,0.14580062629976648,278.0058049742737,EXACT_B3_CLOSE
BH padrão,2022-11-01,AFTER_DEPOSIT,912996.978791769,0.0,352500.0,8,9,0.24777894021668284,0.14549511663819617,278.0058049742737,EXACT_B3_CLOSE
BH padrão,2022-11-30,MONTH_END,848146.6154415989,0.0,352500.0,8,9,0.2639495769655551,0.15147047878817138,251.1559748319046,EXACT_B3_CLOSE
BH padrão,2022-12-01,BEFORE_DEPOSIT,839587.3326181074,0.0,352500.0,8,9,0.261922960630801,0.15079222349771707,247.6121968470332,EXACT_B3_CLOSE
BH padrão,2022-12-01,AFTER_DEPOSIT,842087.3326181074,0.0,355000.0,8,9,0.26114536028436053,0.15040807456849223,247.6121968470332,EXACT_B3_CLOSE
BH padrão,2022-12-29,MONTH_END,842234.7346322676,0.0,355000.0,8,9,0.26283697457020244,0.1519803311915299,247.67304414395502,EXACT_B3_CLOSE
BH padrão,2023-01-02,BEFORE_DEPOSIT,824047.1594536495,0.0,355000.0,8,9,0.26577798109571554,0.15300558474894682,240.1652445152588,EXACT_B3_CLOSE
BH padrão,2023-01-02,AFTER_DEPOSIT,826547.1594536495,0.0,357500.0,8,9,0.26497410082688916,0.1525799342771631,240.1652445152588,EXACT_B3_CLOSE
BH padrão,2023-01-31,MONTH_END,862765.1167454782,0.0,357500.0,8,9,0.25478355632209027,0.14958330577070258,255.07073436796333,EXACT_B3_CLOSE
BH padrão,2023-02-01,BEFORE_DEPOSIT,857410.6517683171,0.0,357500.0,8,9,0.25738031419334323,0.15046383825635398,252.86710585460864,EXACT_B3_CLOSE
BH padrão,2023-02-01,AFTER_DEPOSIT,859910.6517683171,0.0,360000.0,8,9,0.2566320378646803,0.15007113165650843,252.86710585460864,EXACT_B3_CLOSE
BH padrão,2023-02-28,MONTH_END,830083.526659127,0.0,360000.0,8,9,0.2727840065405848,0.1541197124563218,240.62744898839856,EXACT_B3_CLOSE
BH padrão,2023-03-01,BEFORE_DEPOSIT,826913.4708188637,0.0,360000.0,8,9,0.27536812081636775,0.15503002956556244,239.32660636312013,EXACT_B3_CLOSE
BH padrão,2023-03-01,AFTER_DEPOSIT,829413.4708188637,0.0,362500.0,8,9,0.2745381122304676,0.15460673829740335,239.32660636312013,EXACT_B3_CLOSE
BH padrão,2023-03-31,MONTH_END,864165.9758404294,0.0,362500.0,8,9,0.2716900187514001,0.1542151880360345,253.54442414216186,EXACT_B3_CLOSE
BH padrão,2023-04-03,BEFORE_DEPOSIT,848922.8935891131,0.0,362500.0,8,9,0.2700208154095779,0.15418684864783075,247.30823006908213,EXACT_B3_CLOSE
BH padrão,2023-04-03,AFTER_DEPOSIT,851422.8935891131,0.0,365000.0,8,9,0.2692279637683937,0.1537890026869023,247.30823006908213,EXACT_B3_CLOSE
BH padrão,2023-04-28,MONTH_END,903111.4303672097,0.0,365000.0,8,9,0.2636281338060485,0.1521521355789522,268.3927632175703,EXACT_B3_CLOSE
BH padrão,2023-05-02,BEFORE_DEPOSIT,898320.6789941826,0.0,365000.0,8,9,0.2631004504685834,0.15231244322922893,266.43854353121304,EXACT_B3_CLOSE
BH padrão,2023-05-02,AFTER_DEPOSIT,900820.6789941826,0.0,367500.0,8,9,0.2623702816996938,0.15194354006690042,266.43854353121304,EXACT_B3_CLOSE
BH padrão,2023-05-31,MONTH_END,915375.5456448533,0.0,367500.0,8,9,0.23789428871682117,0.14365460023993443,272.35921593708844,EXACT_B3_CLOSE
BH padrão,2023-06-01,BEFORE_DEPOSIT,921802.8246988475,0.0,367500.0,8,9,0.23359746856177754,0.14246852404438315,274.97372383009554,EXACT_B3_CLOSE
BH padrão,2023-06-01,AFTER_DEPOSIT,924302.8246988475,0.0,370000.0,8,9,0.23296564784696502,0.14219300587028144,274.97372383009554,EXACT_B3_CLOSE
BH padrão,2023-06-30,MONTH_END,977206.4138035586,0.0,370000.0,8,9,0.22402969937502132,0.14052279855372482,296.4357980340061,EXACT_B3_CLOSE
BH padrão,2023-07-03,BEFORE_DEPOSIT,975785.8454828294,0.0,370000.0,8,9,0.22399925416593278,0.1402474139228674,295.8594979525339,EXACT_B3_CLOSE
BH padrão,2023-07-03,AFTER_DEPOSIT,978285.8454828294,0.0,372500.0,8,9,0.22342682624213056,0.1400005229308918,295.8594979525339,EXACT_B3_CLOSE
BH padrão,2023-07-31,MONTH_END,976225.510541434,0.0,372500.0,8,9,0.23797467936787084,0.14357695221720967,295.0257915677581,EXACT_B3_CLOSE
BH padrão,2023-08-01,BEFORE_DEPOSIT,976088.8027803511,0.0,372500.0,8,9,0.23765028184345122,0.14343655597059482,294.97047331295727,EXACT_B3_CLOSE
BH padrão,2023-08-01,AFTER_DEPOSIT,978588.8027803511,0.0,375000.0,8,9,0.23704315686621807,0.14317189577906736,294.97047331295727,EXACT_B3_CLOSE
BH padrão,2023-08-31,MONTH_END,914674.8508104207,0.0,375000.0,8,9,0.2282843114896697,0.14184732465546762,269.17401642612,EXACT_B3_CLOSE
BH padrão,2023-09-01,BEFORE_DEPOSIT,921343.2421973775,0.0,375000.0,8,9,0.2270742090228245,0.14156098433661263,271.8654611829568,EXACT_B3_CLOSE
BH padrão,2023-09-01,AFTER_DEPOSIT,923843.2421973775,0.0,377500.0,8,9,0.22645972650389973,0.1412900973955785,271.8654611829568,EXACT_B3_CLOSE
BH padrão,2023-09-29,MONTH_END,916589.4603334911,0.0,377500.0,8,9,0.23066493024280588,0.14271266313045497,268.94566828419744,EXACT_B3_CLOSE
BH padrão,2023-10-02,BEFORE_DEPOSIT,907349.8403124177,0.0,377500.0,8,9,0.23224287997795237,0.14330642316870715,265.2265356398763,EXACT_B3_CLOSE
BH padrão,2023-10-02,AFTER_DEPOSIT,909849.8403124177,0.0,380000.0,8,9,0.23160474478880344,0.14301600512425974,265.2265356398763,EXACT_B3_CLOSE
BH padrão,2023-10-31,MONTH_END,853621.6825431704,0.0,380000.0,8,9,0.2254181910626589,0.1416508083734795,242.65576147738037,EXACT_B3_CLOSE
BH padrão,2023-11-01,BEFORE_DEPOSIT,861051.069009067,0.0,380000.0,8,9,0.2239471111455976,0.14166076117051005,245.63802180281772,EXACT_B3_CLOSE
BH padrão,2023-11-01,AFTER_DEPOSIT,863551.069009067,0.0,382500.0,8,9,0.2232987791615883,0.1413718984975684,245.63802180281772,EXACT_B3_CLOSE
BH padrão,2023-11-30,MONTH_END,921528.3299714394,0.0,382500.0,8,9,0.21627149567204781,0.13721830899196225,268.8435350697693,EXACT_B3_CLOSE
BH padrão,2023-12-01,BEFORE_DEPOSIT,927599.9498923867,0.0,382500.0,8,9,0.21856354951159648,0.13749554600364186,271.2737129410363,EXACT_B3_CLOSE
BH padrão,2023-12-01,AFTER_DEPOSIT,930099.9498923867,0.0,385000.0,8,9,0.21797607622569617,0.13727656082697817,271.2737129410363,EXACT_B3_CLOSE
BH padrão,2023-12-28,MONTH_END,987207.2187918745,0.0,385000.0,8,9,0.2183788872419931,0.13742339469084733,294.0695724211794,EXACT_B3_CLOSE
BH padrão,2024-01-02,BEFORE_DEPOSIT,974604.9593935771,0.0,385000.0,8,9,0.21916503503593004,0.13767834218605468,289.0390510897964,EXACT_B3_CLOSE
BH padrão,2024-01-02,AFTER_DEPOSIT,977104.9593935771,0.0,387500.0,8,9,0.21860428403131957,0.13746816744380277,289.0390510897964,EXACT_B3_CLOSE
BH padrão,2024-01-31,MONTH_END,903118.3245706176,0.0,387500.0,8,9,0.2091559805205246,0.13650008992063614,259.58091567851415,EXACT_B3_CLOSE
BH padrão,2024-02-01,BEFORE_DEPOSIT,906629.2673716836,0.0,387500.0,8,9,0.21021430441741154,0.1368621793504779,260.97881448419105,EXACT_B3_CLOSE
BH padrão,2024-02-01,AFTER_DEPOSIT,909129.2673716836,0.0,390000.0,8,9,0.20963623947119892,0.13663647754808178,260.97881448419105,EXACT_B3_CLOSE
BH padrão,2024-02-29,MONTH_END,954503.3083928188,0.0,390000.0,8,9,0.22634408216942015,0.14071369015721188,278.99502859587477,EXACT_B3_CLOSE
BH padrão,2024-03-01,BEFORE_DEPOSIT,960997.1016901964,0.0,390000.0,8,9,0.22849104083994246,0.14119426512088956,281.5734537881136,EXACT_B3_CLOSE
BH padrão,2024-03-01,AFTER_DEPOSIT,963497.1016901964,0.0,392500.0,8,9,0.22789817179955013,0.14092998233669926,281.5734537881136,EXACT_B3_CLOSE
BH padrão,2024-03-28,MONTH_END,980821.8758791268,0.0,392500.0,8,9,0.22967525618029838,0.14199682136083305,288.43457865478183,EXACT_B3_CLOSE
BH padrão,2024-04-01,BEFORE_DEPOSIT,969226.5943866777,0.0,392500.0,8,9,0.23114524383132892,0.1426304506185066,283.84250297654916,EXACT_B3_CLOSE
BH padrão,2024-04-01,AFTER_DEPOSIT,971726.5943866777,0.0,395000.0,8,9,0.23055056718779932,0.14235951014352782,283.84250297654916,EXACT_B3_CLOSE
BH padrão,2024-04-30,MONTH_END,957711.8896735292,0.0,395000.0,8,9,0.24353007299151452,0.1462651413590209,278.30654320489396,EXACT_B3_CLOSE
BH padrão,2024-05-02,BEFORE_DEPOSIT,968188.0705056643,0.0,395000.0,8,9,0.23663135255925988,0.14556784641645196,282.4447478145761,EXACT_B3_CLOSE
BH padrão,2024-05-02,AFTER_DEPOSIT,970688.0705056643,0.0,397500.0,8,9,0.23602191024779728,0.14527850377716997,282.4447478145761,EXACT_B3_CLOSE
BH padrão,2024-05-31,MONTH_END,941243.8996041991,0.0,397500.0,8,9,0.2352603598888443,0.1454410592552675,270.84393715543814,EXACT_B3_CLOSE
BH padrão,2024-06-03,BEFORE_DEPOSIT,951043.0400279908,0.0,397500.0,8,9,0.23153419054002033,0.1446488035716564,274.70473435903864,EXACT_B3_CLOSE
BH padrão,2024-06-03,AFTER_DEPOSIT,953543.0400279908,0.0,400000.0,8,9,0.23092715399101144,0.1443440791171811,274.70473435903864,EXACT_B3_CLOSE
BH padrão,2024-06-28,MONTH_END,984146.0014568146,0.0,400000.0,8,9,0.2528080991725469,0.14955714000639794,286.7304888886408,EXACT_B3_CLOSE
BH padrão,2024-07-01,BEFORE_DEPOSIT,986444.040760453,0.0,400000.0,8,9,0.25127917257258486,0.14974215873635838,287.63352752525145,EXACT_B3_CLOSE
BH padrão,2024-07-01,AFTER_DEPOSIT,988944.040760453,0.0,402500.0,8,9,0.25064395166468756,0.14941296924635086,287.63352752525145,EXACT_B3_CLOSE
BH padrão,2024-07-31,MONTH_END,1072802.8709091533,0.0,402500.0,8,9,0.2788914729697742,0.15860921368863873,320.50342997158754,EXACT_B3_CLOSE
BH padrão,2024-08-01,BEFORE_DEPOSIT,1084680.072009858,0.0,402500.0,8,9,0.287707461586396,0.16161715692119286,325.1589020408188,EXACT_B3_CLOSE
BH padrão,2024-08-01,AFTER_DEPOSIT,1087180.072009858,0.0,405000.0,8,9,0.28704587049170616,0.1612505176629588,325.1589020408188,EXACT_B3_CLOSE
BH padrão,2024-08-30,MONTH_END,1157290.6667809475,0.0,405000.0,8,9,0.2774021751538983,0.15834640888580606,352.5767551285775,EXACT_B3_CLOSE
BH padrão,2024-09-02,BEFORE_DEPOSIT,1142500.6588494417,0.0,405000.0,8,9,0.27165273299482945,0.15670679026358084,346.7928894238748,EXACT_B3_CLOSE
BH padrão,2024-09-02,AFTER_DEPOSIT,1145000.6588494417,0.0,407500.0,8,9,0.2710596050981438,0.1563947262931382,346.7928894238748,EXACT_B3_CLOSE
BH padrão,2024-09-30,MONTH_END,1121603.486870145,0.0,407500.0,8,9,0.2878674807796264,0.1630684844439389,337.6630343515801,EXACT_B3_CLOSE
BH padrão,2024-10-01,BEFORE_DEPOSIT,1135032.4722931616,0.0,407500.0,8,9,0.2922543675089023,0.16444488548565195,342.90318434870744,EXACT_B3_CLOSE
BH padrão,2024-10-01,AFTER_DEPOSIT,1137532.4722931616,0.0,410000.0,8,9,0.29161206855342775,0.16408303903109484,342.90318434870744,EXACT_B3_CLOSE
BH padrão,2024-10-31,MONTH_END,1099714.407467467,0.0,410000.0,8,9,0.2920858499947577,0.16557896230290195,328.1785573642662,EXACT_B3_CLOSE
BH padrão,2024-11-01,BEFORE_DEPOSIT,1098453.792888846,0.0,410000.0,8,9,0.29560953117667493,0.16696100055847846,327.68773162987463,EXACT_B3_CLOSE
BH padrão,2024-11-01,AFTER_DEPOSIT,1100953.792888846,0.0,412500.0,8,9,0.29493827337029366,0.16656449329943587,327.68773162987463,EXACT_B3_CLOSE
BH padrão,2024-11-29,MONTH_END,1064601.2310282304,0.0,412500.0,8,9,0.30077163538723656,0.17224317968829048,313.56584493351704,EXACT_B3_CLOSE
BH padrão,2024-12-02,BEFORE_DEPOSIT,1053619.5214809438,0.0,412500.0,8,9,0.30339945624853565,0.17294625262964608,309.2997781139704,EXACT_B3_CLOSE
BH padrão,2024-12-02,AFTER_DEPOSIT,1056119.5214809438,0.0,415000.0,8,9,0.3026812623081777,0.17248650594166048,309.2997781139704,EXACT_B3_CLOSE
BH padrão,2024-12-30,MONTH_END,1012121.4449155709,0.0,415000.0,8,9,0.309959938235506,0.17589548254631976,292.2482961468571,EXACT_B3_CLOSE
BH padrão,2025-01-02,BEFORE_DEPOSIT,1009167.7253743792,0.0,415000.0,8,9,0.31057260670637793,0.1761528251865227,291.10358029961526,EXACT_B3_CLOSE
BH padrão,2025-01-02,AFTER_DEPOSIT,1011667.7253743792,0.0,417500.0,8,9,0.3098051298982405,0.17565349837629543,291.10358029961526,EXACT_B3_CLOSE
BH padrão,2025-01-31,MONTH_END,1049859.1474345508,0.0,417500.0,8,9,0.3116725017036311,0.17493422820870302,305.8681136832806,EXACT_B3_CLOSE
BH padrão,2025-02-03,BEFORE_DEPOSIT,1043384.2076589129,0.0,417500.0,8,9,0.3071111642624428,0.1736809302384769,303.3649478068174,EXACT_B3_CLOSE
BH padrão,2025-02-03,AFTER_DEPOSIT,1045884.2076589129,0.0,420000.0,8,9,0.3063770696991692,0.17321478457625694,303.3649478068174,EXACT_B3_CLOSE
BH padrão,2025-02-28,MONTH_END,999490.9070824995,0.0,420000.0,8,9,0.28800301614128404,0.16732661200816912,285.47249744897255,EXACT_B3_CLOSE
BH padrão,2025-03-05,BEFORE_DEPOSIT,1003802.2655102317,0.0,420000.0,8,9,0.28399818442827013,0.16559759835279378,287.1352540471158,EXACT_B3_CLOSE
BH padrão,2025-03-05,AFTER_DEPOSIT,1006302.2655102317,0.0,422500.0,8,9,0.28329263552372635,0.16515909416249352,287.1352540471158,EXACT_B3_CLOSE
BH padrão,2025-03-31,MONTH_END,1003738.5306689386,0.0,422500.0,8,9,0.2703498302633282,0.15817976250985458,286.14895780878805,EXACT_B3_CLOSE
BH padrão,2025-04-01,BEFORE_DEPOSIT,1001270.6483363814,0.0,422500.0,8,9,0.2714351489120253,0.15811622167476025,285.19953705667587,EXACT_B3_CLOSE
BH padrão,2025-04-01,AFTER_DEPOSIT,1003770.6483363814,0.0,425000.0,8,9,0.27075911014420045,0.1577295258142668,285.19953705667587,EXACT_B3_CLOSE
BH padrão,2025-04-30,MONTH_END,1083227.467712487,0.0,425000.0,8,9,0.24697034065802267,0.15005973368170902,315.69129340599574,EXACT_B3_CLOSE
BH padrão,2025-05-02,BEFORE_DEPOSIT,1074378.9648782862,0.0,425000.0,8,9,0.24777719738872853,0.15002497367152878,312.2956579577707,EXACT_B3_CLOSE
BH padrão,2025-05-02,AFTER_DEPOSIT,1076878.9648782862,0.0,427500.0,8,9,0.24720197676164363,0.149720253080419,312.2956579577707,EXACT_B3_CLOSE
BH padrão,2025-05-30,MONTH_END,1083380.9191999913,0.0,427500.0,8,9,0.23426775253107857,0.14829498978755518,314.7850069213116,EXACT_B3_CLOSE
BH padrão,2025-06-02,BEFORE_DEPOSIT,1071509.3266391964,0.0,427500.0,8,9,0.23406678265068415,0.14816884034412403,310.23982939858723,EXACT_B3_CLOSE
BH padrão,2025-06-02,AFTER_DEPOSIT,1074009.3266391964,0.0,430000.0,8,9,0.23352193919158884,0.14786004706483727,310.23982939858723,EXACT_B3_CLOSE
BH padrão,2025-06-30,MONTH_END,1116516.988275818,0.0,430000.0,8,9,0.2301423629495032,0.14606308354089917,326.47650018477935,EXACT_B3_CLOSE
BH padrão,2025-07-01,BEFORE_DEPOSIT,1123687.1448830497,0.0,430000.0,8,9,0.2271771466865774,0.14553565747518304,329.21528815463466,EXACT_B3_CLOSE
BH padrão,2025-07-01,AFTER_DEPOSIT,1126187.1448830497,0.0,432500.0,8,9,0.22667284074657715,0.14525906975176503,329.21528815463466,EXACT_B3_CLOSE
BH padrão,2025-07-31,MONTH_END,1023126.2151140512,0.0,432500.0,8,9,0.21887964344667044,0.14476459628844068,289.9364463837327,EXACT_B3_CLOSE
BH padrão,2025-08-01,BEFORE_DEPOSIT,1026963.2276331967,0.0,432500.0,8,9,0.21847317645185596,0.1443830857474483,291.3988182830576,EXACT_B3_CLOSE
BH padrão,2025-08-01,AFTER_DEPOSIT,1029463.2276331967,0.0,435000.0,8,9,0.2179426252612269,0.14409116617694206,291.3988182830576,EXACT_B3_CLOSE
BH padrão,2025-08-29,MONTH_END,1103939.3157889103,0.0,435000.0,8,9,0.20586321257979,0.14158580089753425,319.71440266921246,EXACT_B3_CLOSE
BH padrão,2025-09-01,BEFORE_DEPOSIT,1101673.3549140561,0.0,435000.0,8,9,0.2071082802348472,0.14184996579996578,318.8528911699309,EXACT_B3_CLOSE
BH padrão,2025-09-01,AFTER_DEPOSIT,1104173.3549140561,0.0,437500.0,8,9,0.20663935866715785,0.14160089231601436,318.8528911699309,EXACT_B3_CLOSE
BH padrão,2025-09-30,MONTH_END,1119678.6213205692,0.0,437500.0,8,9,0.19780031732205877,0.14017387908488915,324.7345995392054,EXACT_B3_CLOSE
BH padrão,2025-10-01,BEFORE_DEPOSIT,1103586.9566644644,0.0,437500.0,8,9,0.19629674584336235,0.13920444405111998,318.6304491039949,EXACT_B3_CLOSE
BH padrão,2025-10-01,AFTER_DEPOSIT,1106086.9566644644,0.0,440000.0,8,9,0.1958530719878381,0.1389702974287102,318.6304491039949,EXACT_B3_CLOSE
BH padrão,2025-10-31,MONTH_END,1188975.857773685,0.0,440000.0,8,9,0.21432213161407215,0.14133797870825435,350.0021398087935,EXACT_B3_CLOSE
BH padrão,2025-11-03,BEFORE_DEPOSIT,1201012.0324564835,0.0,440000.0,8,9,0.2157020989310466,0.14186156812051928,354.5575765966469,EXACT_B3_CLOSE
BH padrão,2025-11-03,AFTER_DEPOSIT,1203512.0324564835,0.0,442500.0,8,9,0.21525403091611622,0.14163813929568722,354.5575765966469,EXACT_B3_CLOSE
BH padrão,2025-11-28,MONTH_END,1260171.0739388352,0.0,442500.0,8,9,0.2125405152165358,0.1396351588596881,375.95727671924453,EXACT_B3_CLOSE
BH padrão,2025-12-01,BEFORE_DEPOSIT,1254005.5517437255,0.0,442500.0,8,9,0.21807442092135482,0.14058520763414467,373.6286046728658,EXACT_B3_CLOSE
BH padrão,2025-12-01,AFTER_DEPOSIT,1256505.5517437255,0.0,445000.0,8,9,0.2176405302381447,0.140386546600803,373.6286046728658,EXACT_B3_CLOSE
BH padrão,2025-12-30,MONTH_END,1276760.4261040108,0.0,445000.0,8,9,0.23427605675894464,0.14516391666110878,381.2634996144543,EXACT_B3_CLOSE
BH padrão,2026-01-02,BEFORE_DEPOSIT,1272689.2458811852,0.0,445000.0,8,9,0.23376580708988942,0.14505233673869086,379.7289043986729,EXACT_B3_CLOSE
BH padrão,2026-01-02,AFTER_DEPOSIT,1275189.2458811852,0.0,447500.0,8,9,0.23330751078633105,0.1448233771789479,379.7289043986729,EXACT_B3_CLOSE
BH padrão,2026-01-30,MONTH_END,1386848.6439287702,0.0,447500.0,8,9,0.22995110134040053,0.1439863856808565,421.735407248505,EXACT_B3_CLOSE
BH padrão,2026-02-02,BEFORE_DEPOSIT,1403710.913503806,0.0,447500.0,8,9,0.22819909585579332,0.14344900954264372,428.0790288992014,EXACT_B3_CLOSE
BH padrão,2026-02-02,AFTER_DEPOSIT,1406210.913503806,0.0,450000.0,8,9,0.2277933972979447,0.1432452239049046,428.0790288992014,EXACT_B3_CLOSE
BH padrão,2026-02-27,MONTH_END,1391328.4334835364,0.0,450000.0,8,9,0.22025854810030185,0.14319173919610784,422.4901620220887,EXACT_B3_CLOSE
BH padrão,2026-03-02,BEFORE_DEPOSIT,1372352.9535059829,0.0,450000.0,8,9,0.21876608618482996,0.1428735692635071,415.3642373523144,EXACT_B3_CLOSE
BH padrão,2026-03-02,AFTER_DEPOSIT,1374852.9535059829,0.0,452500.0,8,9,0.2183682871227067,0.14265817653004936,415.3642373523144,EXACT_B3_CLOSE
BH padrão,2026-03-31,MONTH_END,1368955.724295435,0.0,452500.0,8,9,0.2302455512459469,0.1463074960568726,413.1536583759696,EXACT_B3_CLOSE
BH padrão,2026-04-01,BEFORE_DEPOSIT,1371752.8912367153,0.0,452500.0,8,9,0.22977605324201603,0.14629770861878827,414.20217764034913,EXACT_B3_CLOSE
BH padrão,2026-04-01,AFTER_DEPOSIT,1374252.8912367153,0.0,455000.0,8,9,0.22935805147773516,0.1460712698734708,414.20217764034913,EXACT_B3_CLOSE
BH padrão,2026-04-30,MONTH_END,1336435.3879613616,0.0,455000.0,8,9,0.2074133129832368,0.14171181691719503,400.0520582110146,EXACT_B3_CLOSE
BH padrão,2026-05-04,BEFORE_DEPOSIT,1317092.2766692473,0.0,455000.0,8,9,0.20811369524486723,0.14158037280475663,392.81447478501656,EXACT_B3_CLOSE
BH padrão,2026-05-04,AFTER_DEPOSIT,1319592.2766692473,0.0,457500.0,8,9,0.20771941873437916,0.1413674092550945,392.81447478501656,EXACT_B3_CLOSE
BH padrão,2026-05-29,MONTH_END,1233384.1800477447,0.0,457500.0,8,9,0.2209355192852304,0.14328768997859945,360.619228867106,EXACT_B3_CLOSE
BH padrão,2026-06-01,BEFORE_DEPOSIT,1215672.3105856623,0.0,457500.0,8,9,0.21856330886178638,0.14326688597133744,354.0045602298746,EXACT_B3_CLOSE
BH padrão,2026-06-01,AFTER_DEPOSIT,1218172.3105856623,0.0,460000.0,8,9,0.21811476125698015,0.14302247130364176,354.0045602298746,EXACT_B3_CLOSE
BH padrão,2026-06-30,MONTH_END,1270936.407901053,0.0,460000.0,8,9,0.22859567681722856,0.14625963253378604,373.6693815276789,EXACT_B3_CLOSE
BESST-10 BH,2014-06-30,INITIAL,100000.0,0.0,100000.0,10,10,0.10000000000000002,0.10000000000000002,0.0,EXACT_B3_CLOSE
BESST-10 BH,2014-07-01,BEFORE_DEPOSIT,100046.2814538,0.0,100000.0,10,10,0.10183610794012675,0.10002344257921342,0.04628145379999005,EXACT_B3_CLOSE
BESST-10 BH,2014-07-01,AFTER_DEPOSIT,102546.2814538,0.0,102500.0,10,10,0.1,0.1,0.04628145379999005,EXACT_B3_CLOSE
BESST-10 BH,2014-07-31,MONTH_END,103200.75230138046,0.0,102500.0,10,10,0.11542684483713046,0.10076001695028093,0.6847968021097328,EXACT_B3_CLOSE
BESST-10 BH,2014-08-01,BEFORE_DEPOSIT,104001.14693282454,0.0,102500.0,10,10,0.11664696916631376,0.10079951459353823,1.4656784239132747,EXACT_B3_CLOSE
BESST-10 BH,2014-08-01,AFTER_DEPOSIT,106501.14693282454,0.0,105000.0,10,10,0.11390880688999835,0.10038979551545274,1.4656784239132747,EXACT_B3_CLOSE
BESST-10 BH,2014-08-29,MONTH_END,114969.03135927832,0.0,105000.0,10,10,0.11379733064968797,0.10069737904120798,9.533193778347538,EXACT_B3_CLOSE
BESST-10 BH,2014-09-01,BEFORE_DEPOSIT,113678.5222407548,0.0,105000.0,10,10,0.11502817071659707,0.10073643239573377,8.303701073392666,EXACT_B3_CLOSE
BESST-10 BH,2014-09-01,AFTER_DEPOSIT,116178.5222407548,0.0,107500.0,10,10,0.11255292467933414,0.1004492847084473,8.303701073392666,EXACT_B3_CLOSE
BESST-10 BH,2014-09-30,MONTH_END,104504.26894037095,0.0,107500.0,10,10,0.11149011507755985,0.10066030556724863,-2.5792471283387797,EXACT_B3_CLOSE
BESST-10 BH,2014-10-01,BEFORE_DEPOSIT,102597.45067818061,0.0,107500.0,10,10,0.11130927788952698,0.1005276453458556,-4.35681729437678,EXACT_B3_CLOSE
BESST-10 BH,2014-10-01,AFTER_DEPOSIT,105097.45067818061,0.0,110000.0,10,10,0.1086615143812006,0.1001859519721065,-4.35681729437678,EXACT_B3_CLOSE
BESST-10 BH,2014-10-31,MONTH_END,109000.89840570862,0.0,110000.0,10,10,0.11231562918368393,0.10087474394519369,-0.8045126306888695,EXACT_B3_CLOSE
BESST-10 BH,2014-11-03,BEFORE_DEPOSIT,108178.77716209857,0.0,110000.0,10,10,0.11225436550536284,0.10100368242500518,-1.5526781837196801,EXACT_B3_CLOSE
BESST-10 BH,2014-11-03,AFTER_DEPOSIT,110678.77716209857,0.0,112500.0,10,10,0.10971877628980445,0.10049017546440117,-1.5526781837196801,EXACT_B3_CLOSE
BESST-10 BH,2014-11-28,MONTH_END,112920.35117133358,0.0,112500.0,10,10,0.11312029496933054,0.10104412643044786,0.4411725211807438,EXACT_B3_CLOSE
BESST-10 BH,2014-12-01,BEFORE_DEPOSIT,107690.06049628592,0.0,112500.0,10,10,0.11277631658692563,0.10109413911278703,-4.211102490179197,EXACT_B3_CLOSE
BESST-10 BH,2014-12-01,AFTER_DEPOSIT,110190.06049628592,0.0,115000.0,10,10,0.11021763942314627,0.10054651360235342,-4.211102490179197,EXACT_B3_CLOSE
BESST-10 BH,2014-12-30,MONTH_END,108649.88720723253,0.0,115000.0,10,10,0.10579585271078218,0.10024666728191967,-5.5499846059347435,EXACT_B3_CLOSE
BESST-10 BH,2015-01-02,BEFORE_DEPOSIT,106714.7514855781,0.0,115000.0,10,10,0.1073619452356221,0.10028836254246362,-7.232209994270889,EXACT_B3_CLOSE
BESST-10 BH,2015-01-02,AFTER_DEPOSIT,109214.7514855781,0.0,117500.0,10,10,0.10490435723182118,0.10007879562563599,-7.232209994270889,EXACT_B3_CLOSE
BESST-10 BH,2015-01-30,MONTH_END,101202.83968810615,0.0,117500.0,10,10,0.12187253496737205,0.10178692756237388,-14.037585102142181,EXACT_B3_CLOSE
BESST-10 BH,2015-02-02,BEFORE_DEPOSIT,102737.96717518126,0.0,117500.0,10,10,0.12412553234237168,0.1020339912576193,-12.733636849585729,EXACT_B3_CLOSE
BESST-10 BH,2015-02-02,AFTER_DEPOSIT,105237.96717518126,0.0,120000.0,10,10,0.12117684529352955,0.10106089733933088,-12.733636849585729,EXACT_B3_CLOSE
BESST-10 BH,2015-02-27,MONTH_END,116397.8254473802,0.0,120000.0,10,10,0.11817859322383345,0.10063519772484927,-3.479559914901831,EXACT_B3_CLOSE
BESST-10 BH,2015-03-02,BEFORE_DEPOSIT,115462.62872023995,0.0,120000.0,10,10,0.11933843825219234,0.10068853358402093,-4.255052062824516,EXACT_B3_CLOSE
BESST-10 BH,2015-03-02,AFTER_DEPOSIT,117962.62872023995,0.0,122500.0,10,10,0.11680928051073476,0.10040555397619791,-4.255052062824516,EXACT_B3_CLOSE
BESST-10 BH,2015-03-31,MONTH_END,118021.17557801446,0.0,122500.0,10,10,0.11628165844014193,0.10081558584767981,-4.207532217681031,EXACT_B3_CLOSE
BESST-10 BH,2015-04-01,BEFORE_DEPOSIT,120040.7578927924,0.0,122500.0,10,10,0.11512479749489371,0.10088943225227971,-2.5683282962269183,EXACT_B3_CLOSE
BESST-10 BH,2015-04-01,AFTER_DEPOSIT,122540.7578927924,0.0,125000.0,10,10,0.11277609328670664,0.10041355644167935,-2.5683282962269183,EXACT_B3_CLOSE
BESST-10 BH,2015-04-30,MONTH_END,125132.79735367035,0.0,125000.0,10,10,0.11562455953625454,0.10083009353847142,-0.5074079776466123,EXACT_B3_CLOSE
BESST-10 BH,2015-05-04,BEFORE_DEPOSIT,127338.58742612631,0.0,125000.0,10,10,0.11606353898704315,0.10085257151783321,1.2464069805976585,EXACT_B3_CLOSE
BESST-10 BH,2015-05-04,AFTER_DEPOSIT,129838.58742612631,0.0,127500.0,10,10,0.11382877308871035,0.10039198134400969,1.2464069805976585,EXACT_B3_CLOSE
BESST-10 BH,2015-05-29,MONTH_END,120611.26409169531,0.0,127500.0,10,10,0.11524862771228556,0.10078793994630561,-5.948937270901633,EXACT_B3_CLOSE
BESST-10 BH,2015-06-01,BEFORE_DEPOSIT,121365.82033937836,0.0,127500.0,10,10,0.11228637579249692,0.10075648980127345,-5.360544325036143,EXACT_B3_CLOSE
BESST-10 BH,2015-06-01,AFTER_DEPOSIT,123865.82033937836,0.0,130000.0,10,10,0.11002008523137109,0.10042632847251388,-5.360544325036143,EXACT_B3_CLOSE
BESST-10 BH,2015-06-30,MONTH_END,121278.85365259644,0.0,130000.0,10,10,0.13104195543105088,0.1015574372275263,-7.337111536358054,EXACT_B3_CLOSE
BESST-10 BH,2015-07-01,BEFORE_DEPOSIT,120747.23577094206,0.0,130000.0,10,10,0.13025184202904158,0.10155066299730005,-7.7432932159287375,EXACT_B3_CLOSE
BESST-10 BH,2015-07-01,AFTER_DEPOSIT,123247.23577094206,0.0,132500.0,10,10,0.12760975757955506,0.10106021837513132,-7.7432932159287375,EXACT_B3_CLOSE
BESST-10 BH,2015-07-31,MONTH_END,118330.83230467231,0.0,132500.0,10,10,0.12629367233555264,0.10180007168085191,-11.42346656977834,EXACT_B3_CLOSE
BESST-10 BH,2015-08-03,BEFORE_DEPOSIT,117490.52230450745,0.0,132500.0,10,10,0.12827516089086088,0.10187192223628944,-12.052480541637411,EXACT_B3_CLOSE
BESST-10 BH,2015-08-03,AFTER_DEPOSIT,119990.52230450745,0.0,135000.0,10,10,0.1256025506207487,0.10122333813129138,-12.052480541637411,EXACT_B3_CLOSE
BESST-10 BH,2015-08-31,MONTH_END,106056.9193879542,0.0,135000.0,10,10,0.12045904527682097,0.10186304331282314,-22.265168928132006,EXACT_B3_CLOSE
BESST-10 BH,2015-09-01,BEFORE_DEPOSIT,103216.70567039028,0.0,135000.0,10,10,0.12120749450681968,0.10176133968036584,-24.346914605990243,EXACT_B3_CLOSE
BESST-10 BH,2015-09-01,AFTER_DEPOSIT,105716.70567039028,0.0,137500.0,10,10,0.11834116667012168,0.10096373190196781,-24.346914605990243,EXACT_B3_CLOSE
BESST-10 BH,2015-09-30,MONTH_END,104914.8932168622,0.0,137500.0,10,10,0.11612642832177168,0.1013331082096132,-24.920708365756738,EXACT_B3_CLOSE
BESST-10 BH,2015-10-01,BEFORE_DEPOSIT,104975.4924112756,0.0,137500.0,10,10,0.11344668059554723,0.101190315264468,-24.877342314944872,EXACT_B3_CLOSE
BESST-10 BH,2015-10-01,AFTER_DEPOSIT,107475.4924112756,0.0,140000.0,10,10,0.1108077840887645,0.10064074994084846,-24.877342314944872,EXACT_B3_CLOSE
BESST-10 BH,2015-10-30,MONTH_END,112724.59226540985,0.0,140000.0,10,10,0.11276743804996597,0.10086931663988999,-21.208353946993654,EXACT_B3_CLOSE
BESST-10 BH,2015-11-03,BEFORE_DEPOSIT,118105.48087036339,0.0,140000.0,10,10,0.11271166245173792,0.10081906056080678,-17.44724856713191,EXACT_B3_CLOSE
BESST-10 BH,2015-11-03,AFTER_DEPOSIT,120605.48087036339,0.0,142500.0,10,10,0.11037529138389048,0.10046137533754337,-17.44724856713191,EXACT_B3_CLOSE
BESST-10 BH,2015-11-30,MONTH_END,117669.97057780133,0.0,142500.0,10,10,0.1333485447517422,0.10233560762358034,-19.456563979347564,EXACT_B3_CLOSE
BESST-10 BH,2015-12-01,BEFORE_DEPOSIT,118359.5306735294,0.0,142500.0,10,10,0.13265274256386406,0.10256479517333325,-18.984569814821572,EXACT_B3_CLOSE
BESST-10 BH,2015-12-01,AFTER_DEPOSIT,120859.5306735294,0.0,145000.0,10,10,0.1299087979650266,0.10192117235892231,-18.984569814821572,EXACT_B3_CLOSE
BESST-10 BH,2015-12-30,MONTH_END,114115.45393871785,0.0,145000.0,10,10,0.13035371248020994,0.10214153854263741,-23.50530785532,EXACT_B3_CLOSE
BESST-10 BH,2016-01-04,BEFORE_DEPOSIT,110423.31609573893,0.0,145000.0,10,10,0.1268902459010321,0.10192786418276398,-25.98024825915054,EXACT_B3_CLOSE
BESST-10 BH,2016-01-04,AFTER_DEPOSIT,112923.31609573893,0.0,147500.0,10,10,0.12408103319173096,0.10138271624718832,-25.98024825915054,EXACT_B3_CLOSE
BESST-10 BH,2016-01-29,MONTH_END,112216.42416973798,0.0,147500.0,10,10,0.13922162499331378,0.1023271214402032,-26.443606639680574,EXACT_B3_CLOSE
BESST-10 BH,2016-02-01,BEFORE_DEPOSIT,114791.8748531457,0.0,147500.0,10,10,0.1362257443919284,0.10214686365225964,-24.755432515879463,EXACT_B3_CLOSE
BESST-10 BH,2016-02-01,AFTER_DEPOSIT,117291.8748531457,0.0,150000.0,10,10,0.13332218128147236,0.10165714389670576,-24.755432515879463,EXACT_B3_CLOSE
BESST-10 BH,2016-02-29,MONTH_END,121675.91563979787,0.0,150000.0,10,10,0.1361669980321957,0.1024528081598753,-21.943001959735618,EXACT_B3_CLOSE
BESST-10 BH,2016-03-01,BEFORE_DEPOSIT,125480.05357777643,0.0,150000.0,10,10,0.13379082060686748,0.10213094529133171,-19.502588127562536,EXACT_B3_CLOSE
BESST-10 BH,2016-03-01,AFTER_DEPOSIT,127980.05357777643,0.0,152500.0,10,10,0.13117731137502534,0.10161034122485961,-19.502588127562536,EXACT_B3_CLOSE
BESST-10 BH,2016-03-31,MONTH_END,147846.13788639367,0.0,152500.0,10,10,0.12138577369789064,0.10141282787782946,-7.007138046261563,EXACT_B3_CLOSE
BESST-10 BH,2016-04-01,BEFORE_DEPOSIT,148827.65278030012,0.0,152500.0,10,10,0.121036625944602,0.10125414633871281,-6.389780837345372,EXACT_B3_CLOSE
BESST-10 BH,2016-04-01,AFTER_DEPOSIT,151327.65278030012,0.0,155000.0,10,10,0.11903704715445972,0.10095348075069766,-6.389780837345372,EXACT_B3_CLOSE
BESST-10 BH,2016-04-29,MONTH_END,154277.9473373116,0.0,155000.0,10,10,0.13374291244857534,0.10277781832699606,-4.564749423706848,EXACT_B3_CLOSE
BESST-10 BH,2016-05-02,BEFORE_DEPOSIT,153638.09946479072,0.0,155000.0,10,10,0.13392511353528785,0.10261911618815772,-4.960554806774519,EXACT_B3_CLOSE
BESST-10 BH,2016-05-02,AFTER_DEPOSIT,156138.09946479072,0.0,157500.0,10,10,0.1317807760226251,0.10220155597726314,-4.960554806774519,EXACT_B3_CLOSE
BESST-10 BH,2016-05-31,MONTH_END,150660.66025853812,0.0,157500.0,10,10,0.1636385106811753,0.10599556182308736,-8.294608346725918,EXACT_B3_CLOSE
BESST-10 BH,2016-06-01,BEFORE_DEPOSIT,150779.39529284058,0.0,157500.0,10,10,0.16254707298338736,0.1061441512471933,-8.222335712283812,EXACT_B3_CLOSE
BESST-10 BH,2016-06-01,AFTER_DEPOSIT,153279.39529284058,0.0,160000.0,10,10,0.15989591637044467,0.10547837403888229,-8.222335712283812,EXACT_B3_CLOSE
BESST-10 BH,2016-06-30,MONTH_END,167499.75311979378,0.0,160000.0,10,10,0.17098716067840267,0.1074141336183749,0.29225442032918547,EXACT_B3_CLOSE
BESST-10 BH,2016-07-01,BEFORE_DEPOSIT,168017.84304516547,0.0,160000.0,10,10,0.1701719756948866,0.10723532036607028,0.6024662602882813,EXACT_B3_CLOSE
BESST-10 BH,2016-07-01,AFTER_DEPOSIT,170517.84304516547,0.0,162500.0,10,10,0.16767704653298926,0.10659448706395006,0.6024662602882813,EXACT_B3_CLOSE
BESST-10 BH,2016-07-29,MONTH_END,190356.89466996366,0.0,162500.0,10,10,0.16773793390512987,0.10642859926245378,12.307150568259662,EXACT_B3_CLOSE
BESST-10 BH,2016-08-01,BEFORE_DEPOSIT,189839.98444879858,0.0,162500.0,10,10,0.1661559398550272,0.10589270415788661,12.002182817344686,EXACT_B3_CLOSE
BESST-10 BH,2016-08-01,AFTER_DEPOSIT,192339.98444879858,0.0,165000.0,10,10,0.16399627528591548,0.10538614151584881,12.002182817344686,EXACT_B3_CLOSE
BESST-10 BH,2016-08-31,MONTH_END,191037.88955313846,0.0,165000.0,10,10,0.1683230184251802,0.10615687408150665,11.2439552913979,EXACT_B3_CLOSE
BESST-10 BH,2016-09-01,BEFORE_DEPOSIT,192857.10427318898,0.0,165000.0,10,10,0.1657247163666075,0.10566353293061737,12.303308707917203,EXACT_B3_CLOSE
BESST-10 BH,2016-09-01,AFTER_DEPOSIT,195357.10427318898,0.0,167500.0,10,10,0.16360392433061816,0.10516645173549294,12.303308707917203,EXACT_B3_CLOSE
BESST-10 BH,2016-09-30,MONTH_END,193672.79219971295,0.0,167500.0,10,10,0.16447329348203701,0.10547024246257192,11.335062278119912,EXACT_B3_CLOSE
BESST-10 BH,2016-10-03,BEFORE_DEPOSIT,196716.68983013983,0.0,167500.0,10,10,0.16286947005820868,0.10531095388627093,13.084882314288638,EXACT_B3_CLOSE
BESST-10 BH,2016-10-03,AFTER_DEPOSIT,199216.68983013983,0.0,170000.0,10,10,0.16082559674873498,0.1048551670806218,13.084882314288638,EXACT_B3_CLOSE
BESST-10 BH,2016-10-31,MONTH_END,213316.23736683317,0.0,170000.0,10,10,0.15220543490296062,0.1042669701192881,21.088457091237167,EXACT_B3_CLOSE
BESST-10 BH,2016-11-01,BEFORE_DEPOSIT,207919.1811565694,0.0,170000.0,10,10,0.15526585602836335,0.10455116726981756,18.02483091161502,EXACT_B3_CLOSE
BESST-10 BH,2016-11-01,AFTER_DEPOSIT,210419.1811565694,0.0,172500.0,10,10,0.15342113522896966,0.10410551885367395,18.02483091161502,EXACT_B3_CLOSE
BESST-10 BH,2016-11-30,MONTH_END,199201.66405323852,0.0,172500.0,10,10,0.16806252406851682,0.10590065308727566,11.732887600688201,EXACT_B3_CLOSE
BESST-10 BH,2016-12-01,BEFORE_DEPOSIT,189600.91163887596,0.0,172500.0,10,10,0.17201459489338478,0.10648658886169603,6.34779307602944,EXACT_B3_CLOSE
BESST-10 BH,2016-12-01,AFTER_DEPOSIT,192100.91163887596,0.0,175000.0,10,10,0.169775998087338,0.10596801285369895,6.34779307602944,EXACT_B3_CLOSE
BESST-10 BH,2016-12-29,MONTH_END,199867.00563501127,0.0,175000.0,10,10,0.17934472233917265,0.10752424927376802,10.647132159138973,EXACT_B3_CLOSE
BESST-10 BH,2017-01-02,BEFORE_DEPOSIT,199135.1142982649,0.0,175000.0,10,10,0.18148336097040388,0.10787310793596734,10.241954339989622,EXACT_B3_CLOSE
BESST-10 BH,2017-01-02,AFTER_DEPOSIT,201635.1142982649,0.0,177500.0,10,10,0.17923321518600013,0.10735534037791228,10.241954339989622,EXACT_B3_CLOSE
BESST-10 BH,2017-01-31,MONTH_END,222224.69349607997,0.0,177500.0,10,10,0.19073305399563195,0.11008539681913831,21.49909800618419,EXACT_B3_CLOSE
BESST-10 BH,2017-02-01,BEFORE_DEPOSIT,223581.08834866062,0.0,177500.0,10,10,0.1962084600249029,0.11119603542200322,22.24069313918271,EXACT_B3_CLOSE
BESST-10 BH,2017-02-01,AFTER_DEPOSIT,226081.08834866062,0.0,180000.0,10,10,0.19403879093119356,0.11055223177495359,22.24069313918271,EXACT_B3_CLOSE
BESST-10 BH,2017-02-24,MONTH_END,244771.2711175682,0.0,180000.0,10,10,0.2069864553305082,0.11376798646537441,32.34636324744855,EXACT_B3_CLOSE
BESST-10 BH,2017-03-01,BEFORE_DEPOSIT,246010.7758298986,0.0,180000.0,10,10,0.20953630669461298,0.114417075708775,33.016556036643195,EXACT_B3_CLOSE
BESST-10 BH,2017-03-01,AFTER_DEPOSIT,248510.7758298986,0.0,182500.0,10,10,0.2074283869676427,0.11372564556512371,33.016556036643195,EXACT_B3_CLOSE
BESST-10 BH,2017-03-31,MONTH_END,237863.81832083108,0.0,182500.0,10,10,0.18468078867328636,0.10876005327619642,27.317722191731697,EXACT_B3_CLOSE
BESST-10 BH,2017-04-03,BEFORE_DEPOSIT,239861.26182036585,0.0,182500.0,10,10,0.18459308656674442,0.10877438788725984,28.386863174848507,EXACT_B3_CLOSE
BESST-10 BH,2017-04-03,AFTER_DEPOSIT,242361.26182036585,0.0,185000.0,10,10,0.182688975683055,0.1082496474615271,28.386863174848507,EXACT_B3_CLOSE
BESST-10 BH,2017-04-28,MONTH_END,229957.45090801577,0.0,185000.0,10,10,0.15559041968616857,0.10397258059296823,21.81614984182869,EXACT_B3_CLOSE
BESST-10 BH,2017-05-02,BEFORE_DEPOSIT,234477.66907374654,0.0,185000.0,10,10,0.15682961388283337,0.10418238398731543,24.21066052726273,EXACT_B3_CLOSE
BESST-10 BH,2017-05-02,AFTER_DEPOSIT,236977.66907374654,0.0,187500.0,10,10,0.15517513717099993,0.10381248851990896,24.21066052726273,EXACT_B3_CLOSE
BESST-10 BH,2017-05-31,MONTH_END,225052.89832722745,0.0,187500.0,10,10,0.15412342585003821,0.10364023857490992,17.96035155574367,EXACT_B3_CLOSE
BESST-10 BH,2017-06-01,BEFORE_DEPOSIT,224383.97842483877,0.0,187500.0,10,10,0.1532098034202242,0.10353093581521335,17.6097405330246,EXACT_B3_CLOSE
BESST-10 BH,2017-06-01,AFTER_DEPOSIT,226883.97842483877,0.0,190000.0,10,10,0.1515216079327784,0.103210451349661,17.6097405330246,EXACT_B3_CLOSE
BESST-10 BH,2017-06-30,MONTH_END,235188.1375592388,0.0,190000.0,10,10,0.17036758080097397,0.10579435448608879,21.914363573938324,EXACT_B3_CLOSE
BESST-10 BH,2017-07-03,BEFORE_DEPOSIT,239887.4431282141,0.0,190000.0,10,10,0.18101891792551353,0.10760514626322018,24.350340377984338,EXACT_B3_CLOSE
BESST-10 BH,2017-07-03,AFTER_DEPOSIT,242387.4431282141,0.0,192500.0,10,10,0.17915187692300416,0.10720445045924946,24.350340377984338,EXACT_B3_CLOSE
BESST-10 BH,2017-07-31,MONTH_END,248654.55745985347,0.0,192500.0,10,10,0.1707288468285448,0.10601295097401212,27.56551435840735,EXACT_B3_CLOSE
BESST-10 BH,2017-08-01,BEFORE_DEPOSIT,251210.88234167968,0.0,192500.0,10,10,0.17226128242533836,0.10627358559180031,28.876967893579362,EXACT_B3_CLOSE
BESST-10 BH,2017-08-01,AFTER_DEPOSIT,253710.88234167968,0.0,195000.0,10,10,0.17056386526258782,0.1058994654678796,28.876967893579362,EXACT_B3_CLOSE
BESST-10 BH,2017-08-31,MONTH_END,262049.97355911764,0.0,195000.0,10,10,0.16479205927136276,0.10515965240907878,33.11295801419243,EXACT_B3_CLOSE
BESST-10 BH,2017-09-01,BEFORE_DEPOSIT,264205.79593055905,0.0,195000.0,10,10,0.16375072882292963,0.10500768712280421,34.20804643919089,EXACT_B3_CLOSE
BESST-10 BH,2017-09-01,AFTER_DEPOSIT,266705.79593055905,0.0,197500.0,10,10,0.16221579096892097,0.10467573981667189,34.20804643919089,EXACT_B3_CLOSE
BESST-10 BH,2017-09-29,MONTH_END,271830.1237474936,0.0,197500.0,10,10,0.1588752952089964,0.10452801615783162,36.78664066593147,EXACT_B3_CLOSE
BESST-10 BH,2017-10-02,BEFORE_DEPOSIT,271015.7145220105,0.0,197500.0,10,10,0.15548059741867565,0.10418512065410343,36.37682478333024,EXACT_B3_CLOSE
BESST-10 BH,2017-10-02,AFTER_DEPOSIT,273515.7145220105,0.0,200000.0,10,10,0.15405946703051504,0.10383737542954523,36.37682478333024,EXACT_B3_CLOSE
BESST-10 BH,2017-10-31,MONTH_END,266472.4482422914,0.0,200000.0,10,10,0.14919493999179928,0.10335105295145856,32.865003559419215,EXACT_B3_CLOSE
BESST-10 BH,2017-11-01,BEFORE_DEPOSIT,264737.73812539194,0.0,200000.0,10,10,0.15421272407603392,0.10390708739135061,32.000065111273,EXACT_B3_CLOSE
BESST-10 BH,2017-11-01,AFTER_DEPOSIT,267237.73812539194,0.0,202500.0,10,10,0.15277006925903655,0.103585634347413,32.000065111273,EXACT_B3_CLOSE
BESST-10 BH,2017-11-30,MONTH_END,265781.9748018087,0.0,202500.0,10,10,0.15882366373822498,0.10464644492053249,31.28100179765738,EXACT_B3_CLOSE
BESST-10 BH,2017-12-01,BEFORE_DEPOSIT,266844.7024324523,0.0,202500.0,10,10,0.15625726043928495,0.10423036918430433,31.805928095210014,EXACT_B3_CLOSE
BESST-10 BH,2017-12-01,AFTER_DEPOSIT,269344.7024324523,0.0,205000.0,10,10,0.15480691392208853,0.10389000709511745,31.805928095210014,EXACT_B3_CLOSE
BESST-10 BH,2017-12-28,MONTH_END,281452.2556552078,0.0,205000.0,10,10,0.15911178305052287,0.1046649946954224,37.73085357202595,EXACT_B3_CLOSE
BESST-10 BH,2018-01-02,BEFORE_DEPOSIT,284693.20924924774,0.0,205000.0,10,10,0.1589680751525764,0.1046559738719775,39.31683945746607,EXACT_B3_CLOSE
BESST-10 BH,2018-01-02,AFTER_DEPOSIT,287193.20924924774,0.0,207500.0,10,10,0.15758426740544917,0.10432102187583726,39.31683945746607,EXACT_B3_CLOSE
BESST-10 BH,2018-01-31,MONTH_END,313587.47730888263,0.0,207500.0,10,10,0.1484346376161104,0.10373861426420675,52.12064500521547,EXACT_B3_CLOSE
BESST-10 BH,2018-02-01,BEFORE_DEPOSIT,315663.9245038233,0.0,207500.0,10,10,0.1480467550009389,0.10364074066197226,53.12792530009318,EXACT_B3_CLOSE
BESST-10 BH,2018-02-01,AFTER_DEPOSIT,318163.9245038233,0.0,210000.0,10,10,0.14688346507710626,0.10334176843449179,53.12792530009318,EXACT_B3_CLOSE
BESST-10 BH,2018-02-28,MONTH_END,318814.6402340268,0.0,210000.0,10,10,0.14378186038552954,0.1030598770722415,53.441105840223855,EXACT_B3_CLOSE
BESST-10 BH,2018-03-01,BEFORE_DEPOSIT,319930.36736114253,0.0,210000.0,10,10,0.14396349687396467,0.10305365607093732,53.97808997644451,EXACT_B3_CLOSE
BESST-10 BH,2018-03-01,AFTER_DEPOSIT,322430.36736114253,0.0,212500.0,10,10,0.14284725976165263,0.10278146125532737,53.97808997644451,EXACT_B3_CLOSE
BESST-10 BH,2018-03-29,MONTH_END,329285.4147667211,0.0,212500.0,10,10,0.15385934864206469,0.10425943235260401,57.25174907638502,EXACT_B3_CLOSE
BESST-10 BH,2018-04-02,BEFORE_DEPOSIT,324210.3999736598,0.0,212500.0,10,10,0.15438268607661101,0.10426800783271582,54.82815265513814,EXACT_B3_CLOSE
BESST-10 BH,2018-04-02,AFTER_DEPOSIT,326710.3999736598,0.0,215000.0,10,10,0.1532013440831433,0.1039797600643649,54.82815265513814,EXACT_B3_CLOSE
BESST-10 BH,2018-04-30,MONTH_END,332263.202938634,0.0,215000.0,10,10,0.15983806539324683,0.1050812937744651,57.459627579702044,EXACT_B3_CLOSE
BESST-10 BH,2018-05-02,BEFORE_DEPOSIT,328490.94589233864,0.0,215000.0,10,10,0.15926772417161972,0.10505515785339133,55.67195387887918,EXACT_B3_CLOSE
BESST-10 BH,2018-05-02,AFTER_DEPOSIT,330990.94589233864,0.0,217500.0,10,10,0.15806476283575718,0.10475938007774106,55.67195387887918,EXACT_B3_CLOSE
BESST-10 BH,2018-05-30,MONTH_END,300128.0207373742,0.0,217500.0,10,10,0.15867333064095412,0.10493444997463705,41.15647567346119,EXACT_B3_CLOSE
BESST-10 BH,2018-06-01,BEFORE_DEPOSIT,304400.4778460825,0.0,217500.0,10,10,0.15865532703361027,0.1052224607494875,43.16590147265708,EXACT_B3_CLOSE
BESST-10 BH,2018-06-01,AFTER_DEPOSIT,306900.4778460825,0.0,220000.0,10,10,0.15736292657738501,0.10486919586983966,43.16590147265708,EXACT_B3_CLOSE
BESST-10 BH,2018-06-29,MONTH_END,287880.1429365565,0.0,220000.0,10,10,0.15863187107944623,0.10517109289062887,34.29311178935195,EXACT_B3_CLOSE
BESST-10 BH,2018-07-02,BEFORE_DEPOSIT,287654.8033058349,0.0,220000.0,10,10,0.16134918097174203,0.10542728152321915,34.18799318023087,EXACT_B3_CLOSE
BESST-10 BH,2018-07-02,AFTER_DEPOSIT,290154.8033058349,0.0,222500.0,10,10,0.15995898185101892,0.1050522590020493,34.18799318023087,EXACT_B3_CLOSE
BESST-10 BH,2018-07-31,MONTH_END,307462.1298829898,0.0,222500.0,10,10,0.147297648375034,0.10477849870134905,42.19211854449496,EXACT_B3_CLOSE
BESST-10 BH,2018-08-01,BEFORE_DEPOSIT,308986.2383236646,0.0,222500.0,10,10,0.1484446599803265,0.10468731343807272,42.89697350713237,EXACT_B3_CLOSE
BESST-10 BH,2018-08-01,AFTER_DEPOSIT,311486.2383236646,0.0,225000.0,10,10,0.1472532376820316,0.10433037420880334,42.89697350713237,EXACT_B3_CLOSE
BESST-10 BH,2018-08-31,MONTH_END,308898.11925362214,0.0,225000.0,10,10,0.15093776306639398,0.10631907678328309,41.709651768054876,EXACT_B3_CLOSE
BESST-10 BH,2018-09-03,BEFORE_DEPOSIT,306998.7908000818,0.0,225000.0,10,10,0.15078367378928462,0.10683499957665536,40.83831861007157,EXACT_B3_CLOSE
BESST-10 BH,2018-09-03,AFTER_DEPOSIT,309498.7908000818,0.0,227500.0,10,10,0.14956570720693146,0.106440966940944,40.83831861007157,EXACT_B3_CLOSE
BESST-10 BH,2018-09-28,MONTH_END,309529.05037909385,0.0,227500.0,10,10,0.15641024002729983,0.10656034130411378,40.852088318893024,EXACT_B3_CLOSE
BESST-10 BH,2018-10-01,BEFORE_DEPOSIT,306799.6247992158,0.0,227500.0,10,10,0.15769527397259595,0.10678532123515301,39.6100553259769,EXACT_B3_CLOSE
BESST-10 BH,2018-10-01,AFTER_DEPOSIT,309299.6247992158,0.0,230000.0,10,10,0.15642065818479015,0.10641200227230468,39.6100553259769,EXACT_B3_CLOSE
BESST-10 BH,2018-10-31,MONTH_END,358823.6719657094,0.0,230000.0,10,10,0.16090028419537034,0.10653441622970201,61.96396205757664,EXACT_B3_CLOSE
BESST-10 BH,2018-11-01,BEFORE_DEPOSIT,365087.97958938906,0.0,230000.0,10,10,0.15351553866855022,0.10565820120053997,64.7915126389541,EXACT_B3_CLOSE
BESST-10 BH,2018-11-01,AFTER_DEPOSIT,367587.97958938906,0.0,232500.0,10,10,0.15247146522768285,0.10534227700826213,64.7915126389541,EXACT_B3_CLOSE
BESST-10 BH,2018-11-30,MONTH_END,382831.221120934,0.0,232500.0,10,10,0.15060435811797335,0.10546067939240267,71.62513334741736,EXACT_B3_CLOSE
BESST-10 BH,2018-12-03,BEFORE_DEPOSIT,383054.31766808865,0.0,232500.0,10,10,0.15095735239634026,0.105562825800754,71.72514863494446,EXACT_B3_CLOSE
BESST-10 BH,2018-12-03,AFTER_DEPOSIT,385554.31766808865,0.0,235000.0,10,10,0.14997851915885144,0.1052386677255704,71.72514863494446,EXACT_B3_CLOSE
BESST-10 BH,2018-12-28,MONTH_END,406462.6646976726,0.0,235000.0,10,10,0.17036751443563192,0.10826206266389339,81.03768603066683,EXACT_B3_CLOSE
BESST-10 BH,2019-01-02,BEFORE_DEPOSIT,420455.5316816046,0.0,235000.0,10,10,0.17077375991478141,0.10819131971189622,87.27008196693372,EXACT_B3_CLOSE
BESST-10 BH,2019-01-02,AFTER_DEPOSIT,422955.5316816046,0.0,237500.0,10,10,0.16976435261825187,0.10786956828046643,87.27008196693372,EXACT_B3_CLOSE
BESST-10 BH,2019-01-31,MONTH_END,450118.81916630996,0.0,237500.0,10,10,0.14904330871396596,0.10464500215083607,99.2970462521094,EXACT_B3_CLOSE
BESST-10 BH,2019-02-01,BEFORE_DEPOSIT,453229.1685954068,0.0,237500.0,10,10,0.14956002990252534,0.10458776495249181,100.67420141122727,EXACT_B3_CLOSE
BESST-10 BH,2019-02-01,AFTER_DEPOSIT,455729.1685954068,0.0,240000.0,10,10,0.1487395863133895,0.10430602656988425,100.67420141122727,EXACT_B3_CLOSE
BESST-10 BH,2019-02-28,MONTH_END,441022.4385067955,0.0,240000.0,10,10,0.15808881959999554,0.10637799132176831,94.19829089402565,EXACT_B3_CLOSE
BESST-10 BH,2019-03-01,BEFORE_DEPOSIT,435912.5201303177,0.0,240000.0,10,10,0.15942563347399175,0.1064681567484581,91.94820715978346,EXACT_B3_CLOSE
BESST-10 BH,2019-03-01,AFTER_DEPOSIT,438412.5201303177,0.0,242500.0,10,10,0.1585165260343445,0.10613866583687123,91.94820715978346,EXACT_B3_CLOSE
BESST-10 BH,2019-03-29,MONTH_END,443219.7921903739,0.0,242500.0,10,10,0.15804247590761006,0.10598542992948755,94.052953741799,EXACT_B3_CLOSE
BESST-10 BH,2019-04-01,BEFORE_DEPOSIT,445079.613452218,0.0,242500.0,10,10,0.1592375707435429,0.10619680043173592,94.86723102736217,EXACT_B3_CLOSE
BESST-10 BH,2019-04-01,AFTER_DEPOSIT,447579.613452218,0.0,245000.0,10,10,0.1583481336134906,0.10587315517930455,94.86723102736217,EXACT_B3_CLOSE
BESST-10 BH,2019-04-30,MONTH_END,468944.4359775972,0.0,245000.0,10,10,0.16876902986932657,0.10779524127127102,104.16904836171246,EXACT_B3_CLOSE
BESST-10 BH,2019-05-02,BEFORE_DEPOSIT,465763.2585286845,0.0,245000.0,10,10,0.1670896987660426,0.10750517914601099,102.78402718951271,EXACT_B3_CLOSE
BESST-10 BH,2019-05-02,AFTER_DEPOSIT,468263.2585286845,0.0,247500.0,10,10,0.16619762739527644,0.10718351298031986,102.78402718951271,EXACT_B3_CLOSE
BESST-10 BH,2019-05-31,MONTH_END,468234.1164053861,0.0,247500.0,10,10,0.15222053550893033,0.10555469026801022,102.77140702977209,EXACT_B3_CLOSE
BESST-10 BH,2019-06-03,BEFORE_DEPOSIT,470953.2599905242,0.0,247500.0,10,10,0.15100069026072901,0.10530446974463696,103.94894739122043,EXACT_B3_CLOSE
BESST-10 BH,2019-06-03,AFTER_DEPOSIT,473453.2599905242,0.0,250000.0,10,10,0.1502033534219049,0.10502824391333071,103.94894739122043,EXACT_B3_CLOSE
BESST-10 BH,2019-06-28,MONTH_END,485545.7465266506,0.0,250000.0,10,10,0.15876651074132986,0.10565724630000621,109.15801470323947,EXACT_B3_CLOSE
BESST-10 BH,2019-07-01,BEFORE_DEPOSIT,486801.5976300088,0.0,250000.0,10,10,0.15923091139300338,0.10587152832103164,109.69899632118234,EXACT_B3_CLOSE
BESST-10 BH,2019-07-01,AFTER_DEPOSIT,489301.5976300088,0.0,252500.0,10,10,0.15841734920475253,0.10562109634197062,109.69899632118234,EXACT_B3_CLOSE
BESST-10 BH,2019-07-31,MONTH_END,496908.5348974697,0.0,252500.0,10,10,0.15596907227050483,0.10537177677263414,112.95908604455774,EXACT_B3_CLOSE
BESST-10 BH,2019-08-01,BEFORE_DEPOSIT,501888.2308842793,0.0,252500.0,10,10,0.1580644417489334,0.1058757333279285,115.09322428460536,EXACT_B3_CLOSE
BESST-10 BH,2019-08-01,AFTER_DEPOSIT,504388.2308842793,0.0,255000.0,10,10,0.15728099542688193,0.10563900603040831,115.09322428460536,EXACT_B3_CLOSE
BESST-10 BH,2019-08-30,MONTH_END,502219.43055366894,0.0,255000.0,10,10,0.1588073584170621,0.10551847759094936,114.16835287132385,EXACT_B3_CLOSE
BESST-10 BH,2019-09-02,BEFORE_DEPOSIT,503616.8506578973,0.0,255000.0,10,10,0.1597823241165441,0.10574554631248485,114.76427398425635,EXACT_B3_CLOSE
BESST-10 BH,2019-09-02,AFTER_DEPOSIT,506116.8506578973,0.0,257500.0,10,10,0.15899306801931654,0.10551504231594604,114.76427398425635,EXACT_B3_CLOSE
BESST-10 BH,2019-09-30,MONTH_END,507059.1556202475,0.0,257500.0,10,10,0.1551711392416933,0.10458016965690768,115.16412915771643,EXACT_B3_CLOSE
BESST-10 BH,2019-10-01,BEFORE_DEPOSIT,503094.8080172158,0.0,257500.0,10,10,0.15581881358877517,0.10483269919594151,113.48190847354122,EXACT_B3_CLOSE
BESST-10 BH,2019-10-01,AFTER_DEPOSIT,505594.8080172158,0.0,260000.0,10,10,0.15504834081533111,0.10461759472449181,113.48190847354122,EXACT_B3_CLOSE
BESST-10 BH,2019-10-31,MONTH_END,512462.9530274452,0.0,260000.0,10,10,0.15240579814385669,0.1043327286305825,116.38190800123982,EXACT_B3_CLOSE
BESST-10 BH,2019-11-01,BEFORE_DEPOSIT,515934.6687543752,0.0,260000.0,10,10,0.15476719638370062,0.10461290516440172,117.84780220606596,EXACT_B3_CLOSE
BESST-10 BH,2019-11-01,AFTER_DEPOSIT,518434.6687543752,0.0,262500.0,10,10,0.15402087671358888,0.10440818074505026,117.84780220606596,EXACT_B3_CLOSE
BESST-10 BH,2019-11-29,MONTH_END,527016.9181024878,0.0,262500.0,10,10,0.15039283480901602,0.10386812638471438,121.45408911385096,EXACT_B3_CLOSE
BESST-10 BH,2019-12-02,BEFORE_DEPOSIT,527921.4591724471,0.0,262500.0,10,10,0.14906103531609632,0.10372033068871964,121.83417998348594,EXACT_B3_CLOSE
BESST-10 BH,2019-12-02,AFTER_DEPOSIT,530421.4591724471,0.0,265000.0,10,10,0.14835847590443216,0.10356479719516196,121.83417998348594,EXACT_B3_CLOSE
BESST-10 BH,2019-12-30,MONTH_END,565900.4889264901,0.0,265000.0,10,10,0.13903671825727196,0.10253484899896874,136.67230792117752,EXACT_B3_CLOSE
BESST-10 BH,2020-01-02,BEFORE_DEPOSIT,572649.943873437,0.0,265000.0,10,10,0.13705443680213875,0.10229498679905837,139.49508173170068,EXACT_B3_CLOSE
BESST-10 BH,2020-01-02,AFTER_DEPOSIT,575149.943873437,0.0,267500.0,10,10,0.13645870329706733,0.10217672542240479,139.49508173170068,EXACT_B3_CLOSE
BESST-10 BH,2020-01-31,MONTH_END,569384.7881115158,0.0,267500.0,10,10,0.1369867533171432,0.10316556459203918,137.0944443586035,EXACT_B3_CLOSE
BESST-10 BH,2020-02-03,BEFORE_DEPOSIT,574102.0850017344,0.0,267500.0,10,10,0.13672792700520767,0.10320049856541826,139.05874847844223,EXACT_B3_CLOSE
BESST-10 BH,2020-02-03,AFTER_DEPOSIT,576602.0850017344,0.0,270000.0,10,10,0.13613510948615207,0.10300190029608489,139.05874847844223,EXACT_B3_CLOSE
BESST-10 BH,2020-02-28,MONTH_END,535349.1220036497,0.0,270000.0,10,10,0.13036973120183823,0.1024411470337944,121.95530407220159,EXACT_B3_CLOSE
BESST-10 BH,2020-03-02,BEFORE_DEPOSIT,544575.5199921513,0.0,270000.0,10,10,0.12983973839077734,0.10257328611931649,125.78056106219071,EXACT_B3_CLOSE
BESST-10 BH,2020-03-02,AFTER_DEPOSIT,547075.5199921513,0.0,272500.0,10,10,0.12924640285644085,0.10239343442503916,125.78056106219071,EXACT_B3_CLOSE
BESST-10 BH,2020-03-31,MONTH_END,396853.56692399114,0.0,272500.0,10,10,0.12033081172917533,0.10194401255825784,63.78327621187629,EXACT_B3_CLOSE
BESST-10 BH,2020-04-01,BEFORE_DEPOSIT,386387.09005423146,0.0,272500.0,10,10,0.11842311555103065,0.10246914646063532,59.463713494040405,EXACT_B3_CLOSE
BESST-10 BH,2020-04-01,AFTER_DEPOSIT,388887.09005423146,0.0,275000.0,10,10,0.11766182057248999,0.10218260505878543,59.463713494040405,EXACT_B3_CLOSE
BESST-10 BH,2020-04-30,MONTH_END,414659.6366487733,0.0,275000.0,10,10,0.13515536852714152,0.10255337671360495,70.03178348471741,EXACT_B3_CLOSE
BESST-10 BH,2020-05-04,BEFORE_DEPOSIT,410211.42811614025,0.0,275000.0,10,10,0.13437239924907018,0.10299258319992917,68.20778914509916,EXACT_B3_CLOSE
BESST-10 BH,2020-05-04,AFTER_DEPOSIT,412711.42811614025,0.0,277500.0,10,10,0.133558438269952,0.10271934063998191,68.20778914509916,EXACT_B3_CLOSE
BESST-10 BH,2020-05-29,MONTH_END,459298.40201275545,0.0,277500.0,10,10,0.14667790732988434,0.1053401565714079,87.19512835661449,EXACT_B3_CLOSE
BESST-10 BH,2020-06-01,BEFORE_DEPOSIT,460622.8587659732,0.0,277500.0,10,10,0.14549572485765863,0.1048670099145966,87.73493396193533,EXACT_B3_CLOSE
BESST-10 BH,2020-06-01,AFTER_DEPOSIT,463122.8587659732,0.0,280000.0,10,10,0.14471031920285385,0.10459621461214999,87.73493396193533,EXACT_B3_CLOSE
BESST-10 BH,2020-06-30,MONTH_END,483025.984539627,0.0,280000.0,10,10,0.14156245404409507,0.10434761612372694,95.80301337548278,EXACT_B3_CLOSE
BESST-10 BH,2020-07-01,BEFORE_DEPOSIT,491570.5136611699,0.0,280000.0,10,10,0.1402484412346703,0.10423653361810291,99.26668738769406,EXACT_B3_CLOSE
BESST-10 BH,2020-07-01,AFTER_DEPOSIT,494070.5136611699,0.0,282500.0,10,10,0.13953878321341237,0.1040158514953253,99.26668738769406,EXACT_B3_CLOSE
BESST-10 BH,2020-07-31,MONTH_END,513222.5542591633,0.0,282500.0,10,10,0.13351761111588495,0.10300868869238611,106.99101737937218,EXACT_B3_CLOSE
BESST-10 BH,2020-08-03,BEFORE_DEPOSIT,509927.1083872876,0.0,282500.0,10,10,0.13281252336245916,0.10286024487847711,105.66191037096556,EXACT_B3_CLOSE
BESST-10 BH,2020-08-03,AFTER_DEPOSIT,512427.1083872876,0.0,285000.0,10,10,0.1321645652373492,0.10266833621528718,105.66191037096556,EXACT_B3_CLOSE
BESST-10 BH,2020-08-31,MONTH_END,466674.87290857214,0.0,285000.0,10,10,0.1197744876638463,0.10168551341231548,87.2993140167085,EXACT_B3_CLOSE
BESST-10 BH,2020-09-01,BEFORE_DEPOSIT,479358.54035775264,0.0,285000.0,10,10,0.11991237751528964,0.10173743164646887,92.38988638380694,EXACT_B3_CLOSE
BESST-10 BH,2020-09-01,AFTER_DEPOSIT,481858.54035775264,0.0,287500.0,10,10,0.11929024276270095,0.10154521956777084,92.38988638380694,EXACT_B3_CLOSE
BESST-10 BH,2020-09-30,MONTH_END,443404.52487640636,0.0,287500.0,10,10,0.12502547147313212,0.10193039743201723,77.03649311622132,EXACT_B3_CLOSE
BESST-10 BH,2020-10-01,BEFORE_DEPOSIT,448052.8313083377,0.0,287500.0,10,10,0.12621726538131336,0.10203251613160122,78.892405321601,EXACT_B3_CLOSE
BESST-10 BH,2020-10-01,AFTER_DEPOSIT,450552.8313083377,0.0,290000.0,10,10,0.12551691873708742,0.10183648817973247,78.892405321601,EXACT_B3_CLOSE
BESST-10 BH,2020-10-30,MONTH_END,433516.55480277195,0.0,290000.0,10,10,0.11712265887440634,0.10094448667825749,72.128136472253,EXACT_B3_CLOSE
BESST-10 BH,2020-11-03,BEFORE_DEPOSIT,442924.26620050916,0.0,290000.0,10,10,0.12339329985858316,0.10115334345881291,75.86347671110039,EXACT_B3_CLOSE
BESST-10 BH,2020-11-03,AFTER_DEPOSIT,445424.26620050916,0.0,292500.0,10,10,0.12270073936501635,0.10103717803399068,75.86347671110039,EXACT_B3_CLOSE
BESST-10 BH,2020-11-30,MONTH_END,494837.54979777633,0.0,292500.0,10,10,0.12233244058981006,0.10103333217260273,95.37294781210942,EXACT_B3_CLOSE
BESST-10 BH,2020-12-01,BEFORE_DEPOSIT,507455.3680496184,0.0,292500.0,10,10,0.12169894934648365,0.10103827726942002,100.354745066233,EXACT_B3_CLOSE
BESST-10 BH,2020-12-01,AFTER_DEPOSIT,509955.3680496184,0.0,295000.0,10,10,0.1211023336572914,0.10095182974302816,100.354745066233,EXACT_B3_CLOSE
BESST-10 BH,2020-12-30,MONTH_END,537583.0489243761,0.0,295000.0,10,10,0.12427499677803125,0.10151153810227682,111.20929686672456,EXACT_B3_CLOSE
BESST-10 BH,2021-01-04,BEFORE_DEPOSIT,528629.4262352227,0.0,295000.0,10,10,0.12584046916794345,0.1016709443778384,107.69153648278049,EXACT_B3_CLOSE
BESST-10 BH,2021-01-04,AFTER_DEPOSIT,531129.4262352227,0.0,297500.0,10,10,0.12524814428933556,0.10156838616037256,107.69153648278049,EXACT_B3_CLOSE
BESST-10 BH,2021-01-29,MONTH_END,508239.4131170689,0.0,297500.0,10,10,0.12431654609835922,0.10153775625153023,98.74068239751857,EXACT_B3_CLOSE
BESST-10 BH,2021-02-01,BEFORE_DEPOSIT,517458.9063941502,0.0,297500.0,10,10,0.12562417846077,0.10165074722783918,102.34585023369429,EXACT_B3_CLOSE
BESST-10 BH,2021-02-01,AFTER_DEPOSIT,519958.9063941502,0.0,300000.0,10,10,0.12502016833171983,0.10156190758661657,102.34585023369429,EXACT_B3_CLOSE
BESST-10 BH,2021-02-26,MONTH_END,473053.30057429406,0.0,300000.0,10,10,0.12426297093318364,0.10123470117617236,84.09218715834615,EXACT_B3_CLOSE
BESST-10 BH,2021-03-01,BEFORE_DEPOSIT,460574.0443889081,0.0,300000.0,10,10,0.12232302120846728,0.10110625152329084,79.23579240856206,EXACT_B3_CLOSE
BESST-10 BH,2021-03-01,AFTER_DEPOSIT,463074.0443889081,0.0,302500.0,10,10,0.12166263534420507,0.10100791558395464,79.23579240856206,EXACT_B3_CLOSE
BESST-10 BH,2021-03-31,MONTH_END,503807.48784893303,0.0,302500.0,10,10,0.12530373488880067,0.10153231701113763,95.00193414021858,EXACT_B3_CLOSE
BESST-10 BH,2021-04-01,BEFORE_DEPOSIT,497013.0527012751,0.0,302500.0,10,10,0.1275214063236093,0.10158734731769048,92.37210424062634,EXACT_B3_CLOSE
BESST-10 BH,2021-04-01,AFTER_DEPOSIT,499513.0527012751,0.0,305000.0,10,10,0.12688317772460678,0.10147644662736795,92.37210424062634,EXACT_B3_CLOSE
BESST-10 BH,2021-04-30,MONTH_END,515530.17848455504,0.0,305000.0,10,10,0.13632179837149988,0.10274778361901517,98.540608094837,EXACT_B3_CLOSE
BESST-10 BH,2021-05-03,BEFORE_DEPOSIT,522292.72320346883,0.0,305000.0,10,10,0.1434417968668014,0.10350362211178622,101.14499440779446,EXACT_B3_CLOSE
BESST-10 BH,2021-05-03,AFTER_DEPOSIT,524792.7232034688,0.0,307500.0,10,10,0.1427584709053094,0.1033372153019481,101.14499440779446,EXACT_B3_CLOSE
BESST-10 BH,2021-05-31,MONTH_END,542290.2741409538,0.0,307500.0,10,10,0.13529974932582742,0.10365886337851518,107.85153706712536,EXACT_B3_CLOSE
BESST-10 BH,2021-06-01,BEFORE_DEPOSIT,550635.2997680801,0.0,307500.0,10,10,0.13321701999367902,0.10337668785041029,111.05005728069628,EXACT_B3_CLOSE
BESST-10 BH,2021-06-01,AFTER_DEPOSIT,553135.2997680801,0.0,310000.0,10,10,0.1326149203805756,0.10321235014547622,111.05005728069628,EXACT_B3_CLOSE
BESST-10 BH,2021-06-30,MONTH_END,519429.59737189754,0.0,310000.0,10,10,0.1257742747946394,0.10239211501692454,98.18956831103003,EXACT_B3_CLOSE
BESST-10 BH,2021-07-01,BEFORE_DEPOSIT,514592.26424804726,0.0,310000.0,10,10,0.12380520884037881,0.10214190293796979,96.34387263168635,EXACT_B3_CLOSE
BESST-10 BH,2021-07-01,AFTER_DEPOSIT,517092.26424804726,0.0,312500.0,10,10,0.12320664443804524,0.10198690725058361,96.34387263168635,EXACT_B3_CLOSE
BESST-10 BH,2021-07-30,MONTH_END,504335.4635058972,0.0,312500.0,10,10,0.1268542829788778,0.10205469421718068,91.50001819161491,EXACT_B3_CLOSE
BESST-10 BH,2021-08-02,BEFORE_DEPOSIT,507883.35122730886,0.0,312500.0,10,10,0.12522961866102203,0.10211263424170755,92.84717819196295,EXACT_B3_CLOSE
BESST-10 BH,2021-08-02,AFTER_DEPOSIT,510383.35122730886,0.0,315000.0,10,10,0.12461620906233566,0.10194701986080135,92.84717819196295,EXACT_B3_CLOSE
BESST-10 BH,2021-08-31,MONTH_END,525696.6837112593,0.0,315000.0,10,10,0.1377020568739868,0.10301224895580018,98.63328573474197,EXACT_B3_CLOSE
BESST-10 BH,2021-09-01,BEFORE_DEPOSIT,530109.4448196676,0.0,315000.0,10,10,0.14120535917903657,0.10330113366726056,100.30063739451971,EXACT_B3_CLOSE
BESST-10 BH,2021-09-01,AFTER_DEPOSIT,532609.4448196676,0.0,317500.0,10,10,0.14054255944579655,0.10310901855587541,100.30063739451971,EXACT_B3_CLOSE
BESST-10 BH,2021-09-30,MONTH_END,516425.42770633986,0.0,317500.0,10,10,0.1455694928250009,0.103144561660577,94.21424712312498,EXACT_B3_CLOSE
BESST-10 BH,2021-10-01,BEFORE_DEPOSIT,520813.6497139322,0.0,317500.0,10,10,0.14588619214923126,0.10306877467092473,95.86454392822017,EXACT_B3_CLOSE
BESST-10 BH,2021-10-01,AFTER_DEPOSIT,523313.6497139322,0.0,320000.0,10,10,0.14518925737489,0.10292308601573204,95.86454392822017,EXACT_B3_CLOSE
BESST-10 BH,2021-10-29,MONTH_END,507944.2634976414,0.0,320000.0,10,11,0.1358689185998645,0.10214118811000132,90.11212790896279,EXACT_B3_CLOSE
BESST-10 BH,2021-11-01,BEFORE_DEPOSIT,517852.1545230949,0.0,320000.0,10,11,0.13482143458047263,0.10213253757965686,93.82042895949296,EXACT_B3_CLOSE
BESST-10 BH,2021-11-01,AFTER_DEPOSIT,520352.1545230949,0.0,322500.0,10,11,0.13417369327005163,0.10201347080410346,93.82042895949296,EXACT_B3_CLOSE
BESST-10 BH,2021-11-30,MONTH_END,515456.2581801085,0.0,322500.0,10,11,0.1365915597108996,0.10242686900655307,91.99680870330602,EXACT_B3_CLOSE
BESST-10 BH,2021-12-01,BEFORE_DEPOSIT,511242.9876397814,0.0,322500.0,10,11,0.13583070447303275,0.10238468759969732,90.42745245802051,EXACT_B3_CLOSE
BESST-10 BH,2021-12-01,AFTER_DEPOSIT,513742.9876397814,0.0,325000.0,10,11,0.13516971878689688,0.10224086785519701,90.42745245802051,EXACT_B3_CLOSE
BESST-10 BH,2021-12-30,MONTH_END,519492.19274786336,0.0,325000.0,10,11,0.14101973246497362,0.10265027950551851,92.55849173005106,EXACT_B3_CLOSE
BESST-10 BH,2022-01-03,BEFORE_DEPOSIT,512686.29153392673,0.0,325000.0,10,11,0.14038489375098873,0.10245236069847012,90.0357703284314,EXACT_B3_CLOSE
BESST-10 BH,2022-01-03,AFTER_DEPOSIT,515186.29153392673,0.0,327500.0,10,11,0.13970366010765456,0.1023078647653044,90.0357703284314,EXACT_B3_CLOSE
BESST-10 BH,2022-01-31,MONTH_END,545643.9664482798,0.0,327500.0,10,11,0.13446572216462624,0.10191538084997094,101.27063392996196,EXACT_B3_CLOSE
BESST-10 BH,2022-02-01,BEFORE_DEPOSIT,546164.1468143715,0.0,327500.0,10,11,0.13566772943322877,0.1020021647371237,101.4625118549076,EXACT_B3_CLOSE
BESST-10 BH,2022-02-01,AFTER_DEPOSIT,548664.1468143715,0.0,330000.0,10,11,0.13504955650257103,0.10186479220468003,101.4625118549076,EXACT_B3_CLOSE
BESST-10 BH,2022-02-25,MONTH_END,556431.1917264563,0.0,330000.0,10,11,0.12854486198999798,0.10147106602207355,104.31447217847492,EXACT_B3_CLOSE
BESST-10 BH,2022-03-02,BEFORE_DEPOSIT,555168.7688171802,0.0,330000.0,10,11,0.1325613651838177,0.10168761619753246,103.8509265070425,EXACT_B3_CLOSE
BESST-10 BH,2022-03-02,AFTER_DEPOSIT,557668.7688171802,0.0,332500.0,10,11,0.13196709949871854,0.10157815332660548,103.8509265070425,EXACT_B3_CLOSE
BESST-10 BH,2022-03-31,MONTH_END,603172.3053248071,0.0,332500.0,10,11,0.14230383483894576,0.10246657729894179,120.48434511519073,EXACT_B3_CLOSE
BESST-10 BH,2022-04-01,BEFORE_DEPOSIT,617610.4309550901,0.0,332500.0,10,11,0.139525374574904,0.10243142312243886,125.76207528645504,EXACT_B3_CLOSE
BESST-10 BH,2022-04-01,AFTER_DEPOSIT,620110.4309550901,0.0,335000.0,10,11,0.13896287244782315,0.10230454598318153,125.76207528645504,EXACT_B3_CLOSE
BESST-10 BH,2022-04-29,MONTH_END,582892.8610700378,0.0,335000.0,10,11,0.14202675347285854,0.10273857690469466,112.212366404076,EXACT_B3_CLOSE
BESST-10 BH,2022-05-02,BEFORE_DEPOSIT,578080.6017032363,0.0,335000.0,10,11,0.142510275148436,0.102718240810337,110.46037900436,EXACT_B3_CLOSE
BESST-10 BH,2022-05-02,AFTER_DEPOSIT,580580.6017032363,0.0,337500.0,10,11,0.14189662101182535,0.10257740889128916,110.46037900436,EXACT_B3_CLOSE
BESST-10 BH,2022-05-31,MONTH_END,612474.62262388,0.0,337500.0,10,11,0.14549789096367197,0.10265595156417674,122.02195669269398,EXACT_B3_CLOSE
BESST-10 BH,2022-06-01,BEFORE_DEPOSIT,606278.0161873405,0.0,337500.0,10,11,0.14383080197564907,0.10245357086132292,119.77568781056279,EXACT_B3_CLOSE
BESST-10 BH,2022-06-01,AFTER_DEPOSIT,608778.0161873405,0.0,340000.0,10,11,0.1432401482473967,0.10234298123552311,119.77568781056279,EXACT_B3_CLOSE
BESST-10 BH,2022-06-30,MONTH_END,553774.013659332,0.0,340000.0,10,11,0.14553802047798872,0.10306729831484902,99.91862634235271,EXACT_B3_CLOSE
BESST-10 BH,2022-07-01,BEFORE_DEPOSIT,561029.1310416189,0.0,340000.0,10,11,0.1450399203862298,0.10302194929078945,102.53780504204445,EXACT_B3_CLOSE
BESST-10 BH,2022-07-01,AFTER_DEPOSIT,563529.1310416189,0.0,342500.0,10,11,0.14439647574248024,0.10286045499205841,102.53780504204445,EXACT_B3_CLOSE
BESST-10 BH,2022-07-29,MONTH_END,580943.2475417155,0.0,342500.0,10,11,0.15022571696933643,0.10376490570366895,108.79660647464604,EXACT_B3_CLOSE
BESST-10 BH,2022-08-01,BEFORE_DEPOSIT,581089.5483074546,0.0,342500.0,10,11,0.14911894169227052,0.10364022917977087,108.84918838095139,EXACT_B3_CLOSE
BESST-10 BH,2022-08-01,AFTER_DEPOSIT,583589.5483074546,0.0,345000.0,10,11,0.1484801410912113,0.10349132598907194,108.84918838095139,EXACT_B3_CLOSE
BESST-10 BH,2022-08-31,MONTH_END,609120.79233171,0.0,345000.0,10,11,0.15423879664512485,0.10404954757579793,117.98605453677328,EXACT_B3_CLOSE
BESST-10 BH,2022-09-01,BEFORE_DEPOSIT,614226.2574808112,0.0,345000.0,10,11,0.15320958071514595,0.10395293632147372,119.8131473210588,EXACT_B3_CLOSE
BESST-10 BH,2022-09-01,AFTER_DEPOSIT,616726.2574808112,0.0,347500.0,10,11,0.1525885208086772,0.10381394952781453,119.8131473210588,EXACT_B3_CLOSE
BESST-10 BH,2022-09-30,MONTH_END,604540.064081268,0.0,347500.0,10,11,0.14084819057436918,0.10242663980913559,115.46975267469088,EXACT_B3_CLOSE
BESST-10 BH,2022-10-03,BEFORE_DEPOSIT,654122.8042951447,0.0,347500.0,10,11,0.14408426653223871,0.10340607285625585,133.1419987433671,EXACT_B3_CLOSE
BESST-10 BH,2022-10-03,AFTER_DEPOSIT,656622.8042951447,0.0,350000.0,10,11,0.1435356857275905,0.10327293546114556,133.1419987433671,EXACT_B3_CLOSE
BESST-10 BH,2022-10-31,MONTH_END,661482.837962452,0.0,350000.0,10,11,0.1360210027714453,0.10284053071148191,134.86761344292412,EXACT_B3_CLOSE
BESST-10 BH,2022-11-01,BEFORE_DEPOSIT,666568.1284566524,0.0,350000.0,10,11,0.13961332361251877,0.10316223314769088,136.67320834802524,EXACT_B3_CLOSE
BESST-10 BH,2022-11-01,AFTER_DEPOSIT,669068.1284566524,0.0,352500.0,10,11,0.1390916528077288,0.10302702210437766,136.67320834802524,EXACT_B3_CLOSE
BESST-10 BH,2022-11-30,MONTH_END,647042.5019105624,0.0,352500.0,10,11,0.1404019590853413,0.10448060957104932,128.88196037367746,EXACT_B3_CLOSE
BESST-10 BH,2022-12-01,BEFORE_DEPOSIT,647299.3184656316,0.0,352500.0,10,11,0.13777894495534593,0.1043157007783019,128.97280552899116,EXACT_B3_CLOSE
BESST-10 BH,2022-12-01,AFTER_DEPOSIT,649799.3184656316,0.0,355000.0,10,11,0.13724886227812536,0.10412461079419338,128.97280552899116,EXACT_B3_CLOSE
BESST-10 BH,2022-12-29,MONTH_END,642256.8465148655,0.0,355000.0,10,11,0.14245166049023766,0.10481007983738445,126.31502963709175,EXACT_B3_CLOSE
BESST-10 BH,2023-01-02,BEFORE_DEPOSIT,625132.0424025456,0.0,355000.0,10,11,0.1433322961375631,0.10480537244021479,120.28068283138684,EXACT_B3_CLOSE
BESST-10 BH,2023-01-02,AFTER_DEPOSIT,627632.0424025456,0.0,357500.0,10,11,0.1427613712705467,0.10461017894900895,120.28068283138684,EXACT_B3_CLOSE
BESST-10 BH,2023-01-31,MONTH_END,662598.6563859152,0.0,357500.0,10,11,0.14204473289482486,0.10519589377314802,132.55295238453698,EXACT_B3_CLOSE
BESST-10 BH,2023-02-01,BEFORE_DEPOSIT,653641.5363623919,0.0,357500.0,10,11,0.14348864336302738,0.10531220048483442,129.40926248076542,EXACT_B3_CLOSE
BESST-10 BH,2023-02-01,AFTER_DEPOSIT,656141.5363623919,0.0,360000.0,10,11,0.14294192960002391,0.10510522558083457,129.40926248076542,EXACT_B3_CLOSE
BESST-10 BH,2023-02-28,MONTH_END,641673.917080834,0.0,360000.0,10,11,0.13413371837758634,0.10425873293891214,124.3508936909536,EXACT_B3_CLOSE
BESST-10 BH,2023-03-01,BEFORE_DEPOSIT,642755.9549521215,0.0,360000.0,10,11,0.13339681407682563,0.10426498629432737,124.72921070987684,EXACT_B3_CLOSE
BESST-10 BH,2023-03-01,AFTER_DEPOSIT,645255.9549521215,0.0,362500.0,10,11,0.13287997725783524,0.10406324070042534,124.72921070987684,EXACT_B3_CLOSE
BESST-10 BH,2023-03-31,MONTH_END,652629.5566935919,0.0,362500.0,10,11,0.14523127500697114,0.1047711337867209,127.2972826303794,EXACT_B3_CLOSE
BESST-10 BH,2023-04-03,BEFORE_DEPOSIT,647385.8199979675,0.0,362500.0,10,11,0.1481993302402077,0.10536935056226267,125.47099834778717,EXACT_B3_CLOSE
BESST-10 BH,2023-04-03,AFTER_DEPOSIT,649885.8199979675,0.0,365000.0,10,11,0.14762923267198924,0.10516681518836185,125.47099834778717,EXACT_B3_CLOSE
BESST-10 BH,2023-04-28,MONTH_END,692062.8823708367,0.0,365000.0,10,11,0.1485271369530234,0.10502630756833574,140.10388318379952,EXACT_B3_CLOSE
BESST-10 BH,2023-05-02,BEFORE_DEPOSIT,687712.7006106895,0.0,365000.0,10,11,0.14958768288536192,0.10530542169717018,138.59463372139734,EXACT_B3_CLOSE
BESST-10 BH,2023-05-02,AFTER_DEPOSIT,690212.7006106895,0.0,367500.0,10,11,0.14904586554864452,0.10512422273876329,138.59463372139734,EXACT_B3_CLOSE
BESST-10 BH,2023-05-31,MONTH_END,711678.1618383261,0.0,367500.0,10,11,0.13683167124460846,0.10407963717847056,146.0148736774824,EXACT_B3_CLOSE
BESST-10 BH,2023-06-01,BEFORE_DEPOSIT,713592.5560172474,0.0,367500.0,10,11,0.1372810401438567,0.1040348028435254,146.67664674760115,EXACT_B3_CLOSE
BESST-10 BH,2023-06-01,AFTER_DEPOSIT,716092.5560172474,0.0,370000.0,10,11,0.13680176885765807,0.10389600666199397,146.67664674760115,EXACT_B3_CLOSE
BESST-10 BH,2023-06-30,MONTH_END,774942.9947809582,0.0,370000.0,10,11,0.13917912995091108,0.10397280267858826,166.9492061700839,EXACT_B3_CLOSE
BESST-10 BH,2023-07-03,BEFORE_DEPOSIT,776093.7346496216,0.0,370000.0,10,11,0.13864856670840592,0.10383821708949771,167.34560835258873,EXACT_B3_CLOSE
BESST-10 BH,2023-07-03,AFTER_DEPOSIT,778593.7346496216,0.0,372500.0,10,11,0.1382033776433706,0.10370432310434086,167.34560835258873,EXACT_B3_CLOSE
BESST-10 BH,2023-07-31,MONTH_END,772086.0544862248,0.0,372500.0,10,11,0.1376302225273722,0.1034802737965078,165.11106723721443,EXACT_B3_CLOSE
BESST-10 BH,2023-08-01,BEFORE_DEPOSIT,760406.011397357,0.0,372500.0,10,11,0.13930307860366964,0.10293580463137092,161.1004926766793,EXACT_B3_CLOSE
BESST-10 BH,2023-08-01,AFTER_DEPOSIT,762906.011397357,0.0,375000.0,10,11,0.13884659026656598,0.10281762557576007,161.1004926766793,EXACT_B3_CLOSE
BESST-10 BH,2023-08-31,MONTH_END,744517.8735720825,0.0,375000.0,10,11,0.13889635655623306,0.10319101422563111,154.80725107960245,EXACT_B3_CLOSE
BESST-10 BH,2023-09-01,BEFORE_DEPOSIT,753580.5600650774,0.0,375000.0,10,11,0.13867279251183537,0.10336800985613658,157.90890694932241,EXACT_B3_CLOSE
BESST-10 BH,2023-09-01,AFTER_DEPOSIT,756080.5600650774,0.0,377500.0,10,11,0.13821426732339548,0.1032330258387281,157.90890694932241,EXACT_B3_CLOSE
BESST-10 BH,2023-09-29,MONTH_END,757693.519909339,0.0,377500.0,10,11,0.13841193375050515,0.10324188574457059,158.45910851825428,EXACT_B3_CLOSE
BESST-10 BH,2023-10-02,BEFORE_DEPOSIT,756030.4824989613,0.0,377500.0,10,11,0.1382692862833221,0.10327914833559296,157.89182484058713,EXACT_B3_CLOSE
BESST-10 BH,2023-10-02,AFTER_DEPOSIT,758530.4824989613,0.0,380000.0,10,11,0.13781357194660948,0.1031337266563563,157.89182484058713,EXACT_B3_CLOSE
BESST-10 BH,2023-10-31,MONTH_END,738422.7450644319,0.0,380000.0,10,11,0.13435640015700598,0.10256256513744197,151.05542047708386,EXACT_B3_CLOSE
BESST-10 BH,2023-11-01,BEFORE_DEPOSIT,759621.4737700425,0.0,380000.0,10,11,0.1361693963493954,0.1027988650622242,158.26274959084552,EXACT_B3_CLOSE
BESST-10 BH,2023-11-01,AFTER_DEPOSIT,762121.4737700425,0.0,382500.0,10,11,0.1357227175684007,0.10265841679994066,158.26274959084552,EXACT_B3_CLOSE
BESST-10 BH,2023-11-30,MONTH_END,820188.1752242437,0.0,382500.0,10,11,0.11405896986428483,0.1013460135941236,177.94001429649487,EXACT_B3_CLOSE
BESST-10 BH,2023-12-01,BEFORE_DEPOSIT,824621.2285174564,0.0,382500.0,10,11,0.11668937455370382,0.1014475992549143,179.44225845571577,EXACT_B3_CLOSE
BESST-10 BH,2023-12-01,AFTER_DEPOSIT,827121.2285174564,0.0,385000.0,10,11,0.11633667723881667,0.10134978739228195,179.44225845571577,EXACT_B3_CLOSE
BESST-10 BH,2023-12-28,MONTH_END,887591.6654970888,0.0,385000.0,10,11,0.1225762817477264,0.10173931545316044,199.87214817052904,EXACT_B3_CLOSE
BESST-10 BH,2024-01-02,BEFORE_DEPOSIT,876418.5427906938,0.0,385000.0,10,11,0.12244174725127505,0.10172898142656335,196.09731742573703,EXACT_B3_CLOSE
BESST-10 BH,2024-01-02,AFTER_DEPOSIT,878918.5427906938,0.0,387500.0,10,11,0.12209347337465816,0.10163771187170001,196.09731742573703,EXACT_B3_CLOSE
BESST-10 BH,2024-01-31,MONTH_END,871241.0716211181,0.0,387500.0,10,11,0.1303034420760316,0.10319575720624176,193.5108677068509,EXACT_B3_CLOSE
BESST-10 BH,2024-02-01,BEFORE_DEPOSIT,875821.653645574,0.0,387500.0,10,11,0.12950063782716287,0.10322025413563608,195.05401190470053,EXACT_B3_CLOSE
BESST-10 BH,2024-02-01,AFTER_DEPOSIT,878321.653645574,0.0,390000.0,10,11,0.12913203528477518,0.10309222721628024,195.05401190470053,EXACT_B3_CLOSE
BESST-10 BH,2024-02-29,MONTH_END,890720.8640734175,0.0,390000.0,10,11,0.1232788452912015,0.10302088691028666,199.21927045889993,EXACT_B3_CLOSE
BESST-10 BH,2024-03-01,BEFORE_DEPOSIT,891802.0981074886,0.0,390000.0,10,11,0.12438033181160968,0.10322183367793131,199.58248869248948,EXACT_B3_CLOSE
BESST-10 BH,2024-03-01,AFTER_DEPOSIT,894302.0981074886,0.0,392500.0,10,11,0.12403262958639177,0.10306880077102122,199.58248869248948,EXACT_B3_CLOSE
BESST-10 BH,2024-03-28,MONTH_END,917681.595101,0.0,392500.0,10,11,0.131265752820831,0.10401220347940511,207.41439237304294,EXACT_B3_CLOSE
BESST-10 BH,2024-04-01,BEFORE_DEPOSIT,912304.7601128856,0.0,392500.0,10,11,0.1303419154389757,0.104050510055565,205.61320504446914,EXACT_B3_CLOSE
BESST-10 BH,2024-04-01,AFTER_DEPOSIT,914804.7601128856,0.0,395000.0,10,11,0.1299857139817847,0.1038998051328345,205.61320504446914,EXACT_B3_CLOSE
BESST-10 BH,2024-04-30,MONTH_END,897158.6481617028,0.0,395000.0,10,11,0.12691953829778174,0.10369520741820486,199.71808395949685,EXACT_B3_CLOSE
BESST-10 BH,2024-05-02,BEFORE_DEPOSIT,911932.2634449545,0.0,395000.0,10,11,0.13071460996744225,0.10385515041131273,204.6535763330295,EXACT_B3_CLOSE
BESST-10 BH,2024-05-02,AFTER_DEPOSIT,914432.2634449545,0.0,397500.0,10,11,0.13035724448726166,0.10371789779923213,204.6535763330295,EXACT_B3_CLOSE
BESST-10 BH,2024-05-31,MONTH_END,880528.78497709,0.0,397500.0,10,11,0.13138952329106038,0.10408693011651225,193.35824437869437,EXACT_B3_CLOSE
BESST-10 BH,2024-06-03,BEFORE_DEPOSIT,885362.174589813,0.0,397500.0,10,11,0.13178656978756284,0.10409828884601588,194.9685434573594,EXACT_B3_CLOSE
BESST-10 BH,2024-06-03,AFTER_DEPOSIT,887862.174589813,0.0,400000.0,10,11,0.1314154914446645,0.10394867501612376,194.9685434573594,EXACT_B3_CLOSE
BESST-10 BH,2024-06-28,MONTH_END,905220.406502082,0.0,400000.0,10,11,0.13495697722862332,0.10397946276203776,200.73535336400124,EXACT_B3_CLOSE
BESST-10 BH,2024-07-01,BEFORE_DEPOSIT,908126.6800955301,0.0,400000.0,10,11,0.12978200206218252,0.10395554142893004,201.70088530497398,EXACT_B3_CLOSE
BESST-10 BH,2024-07-01,AFTER_DEPOSIT,910626.6800955301,0.0,402500.0,10,11,0.12942570346886498,0.10381090023419874,201.70088530497398,EXACT_B3_CLOSE
BESST-10 BH,2024-07-31,MONTH_END,968305.6101738979,0.0,402500.0,10,11,0.13268714420174843,0.1048766099951566,220.81056509852198,EXACT_B3_CLOSE
BESST-10 BH,2024-08-01,BEFORE_DEPOSIT,965633.4079243395,0.0,402500.0,10,11,0.13077357584852017,0.10432426592195823,219.92523436746856,EXACT_B3_CLOSE
BESST-10 BH,2024-08-01,AFTER_DEPOSIT,968133.4079243395,0.0,405000.0,10,11,0.13043588071586046,0.1041871816701733,219.92523436746856,EXACT_B3_CLOSE
BESST-10 BH,2024-08-30,MONTH_END,1058267.2223298966,0.0,405000.0,10,11,0.13246365794329779,0.10436060675105333,249.71047002001754,EXACT_B3_CLOSE
BESST-10 BH,2024-09-02,BEFORE_DEPOSIT,1058440.1485990533,0.0,405000.0,10,11,0.13312529405520448,0.10442482430110851,249.76761449694123,EXACT_B3_CLOSE
BESST-10 BH,2024-09-02,AFTER_DEPOSIT,1060940.1485990533,0.0,407500.0,10,11,0.13281159753275928,0.10431548863007285,249.76761449694123,EXACT_B3_CLOSE
BESST-10 BH,2024-09-30,MONTH_END,1056897.6521674374,0.0,407500.0,10,11,0.1309601067895748,0.10401916536556778,248.43489621366604,EXACT_B3_CLOSE
BESST-10 BH,2024-10-01,BEFORE_DEPOSIT,1056311.4814262483,0.0,407500.0,10,11,0.13126266153558863,0.10401811605912588,248.2416491750802,EXACT_B3_CLOSE
BESST-10 BH,2024-10-01,AFTER_DEPOSIT,1058811.4814262483,0.0,410000.0,10,11,0.1309527322803855,0.10390432973332363,248.2416491750802,EXACT_B3_CLOSE
BESST-10 BH,2024-10-31,MONTH_END,1041097.7558990967,0.0,410000.0,10,11,0.13259772005810652,0.10475568343239797,242.41562905835403,EXACT_B3_CLOSE
BESST-10 BH,2024-11-01,BEFORE_DEPOSIT,1034844.6626907738,0.0,410000.0,10,11,0.13343019554703903,0.10485621487691549,240.3589952481704,EXACT_B3_CLOSE
BESST-10 BH,2024-11-01,AFTER_DEPOSIT,1037344.6626907738,0.0,412500.0,10,11,0.13310862885771677,0.10473413103334371,240.3589952481704,EXACT_B3_CLOSE
BESST-10 BH,2024-11-29,MONTH_END,1030267.3964298994,0.0,412500.0,10,11,0.14604996570936887,0.10769739958300728,238.03690181067512,EXACT_B3_CLOSE
BESST-10 BH,2024-12-02,BEFORE_DEPOSIT,1019748.4141953664,0.0,412500.0,10,11,0.14645187185708994,0.10765705044350578,234.5855607538925,EXACT_B3_CLOSE
BESST-10 BH,2024-12-02,AFTER_DEPOSIT,1022248.4141953664,0.0,415000.0,10,11,0.1460937106953229,0.1074958247163069,234.5855607538925,EXACT_B3_CLOSE
BESST-10 BH,2024-12-30,MONTH_END,973611.1299950293,0.0,415000.0,10,11,0.13977405474721935,0.106491561118386,218.66640374495225,EXACT_B3_CLOSE
BESST-10 BH,2025-01-02,BEFORE_DEPOSIT,973138.6089321644,0.0,415000.0,10,11,0.13946431303864193,0.1063299394407417,218.51174591169834,EXACT_B3_CLOSE
BESST-10 BH,2025-01-02,AFTER_DEPOSIT,975638.6089321644,0.0,417500.0,10,11,0.13910694630529974,0.10616456773857876,218.51174591169834,EXACT_B3_CLOSE
BESST-10 BH,2025-01-31,MONTH_END,1041370.836114398,0.0,417500.0,10,11,0.12971623807179625,0.10568470345531333,239.9710098756292,EXACT_B3_CLOSE
BESST-10 BH,2025-02-03,BEFORE_DEPOSIT,1050450.545108561,0.0,417500.0,10,11,0.13048257260550775,0.10611957742670303,242.93521602493917,EXACT_B3_CLOSE
BESST-10 BH,2025-02-03,AFTER_DEPOSIT,1052950.545108561,0.0,420000.0,10,11,0.1301727703711776,0.10596351822790179,242.93521602493917,EXACT_B3_CLOSE
BESST-10 BH,2025-02-28,MONTH_END,1045657.939117852,0.0,420000.0,10,11,0.13432177371462242,0.10621772081284651,240.56008889059623,EXACT_B3_CLOSE
BESST-10 BH,2025-03-05,BEFORE_DEPOSIT,1051288.672007938,0.0,420000.0,10,11,0.1325114766550508,0.1059592988858168,242.39396096465575,EXACT_B3_CLOSE
BESST-10 BH,2025-03-05,AFTER_DEPOSIT,1053788.672007938,0.0,422500.0,10,11,0.13219710746468327,0.10580208382697359,242.39396096465575,EXACT_B3_CLOSE
BESST-10 BH,2025-03-31,MONTH_END,1077870.5831601946,0.0,422500.0,10,11,0.13332525948867843,0.10434078432215083,250.2185857362513,EXACT_B3_CLOSE
BESST-10 BH,2025-04-01,BEFORE_DEPOSIT,1084367.2496518742,0.0,422500.0,10,11,0.1329812282542434,0.1042391143416678,252.32946378252416,EXACT_B3_CLOSE
BESST-10 BH,2025-04-01,AFTER_DEPOSIT,1086867.2496518742,0.0,425000.0,10,11,0.13267534630707636,0.10410580484805697,252.32946378252416,EXACT_B3_CLOSE
BESST-10 BH,2025-04-30,MONTH_END,1190845.8656842231,0.0,425000.0,10,11,0.13915738208924386,0.10438383791297577,286.03618375523524,EXACT_B3_CLOSE
BESST-10 BH,2025-05-02,BEFORE_DEPOSIT,1175806.0083482913,0.0,425000.0,10,11,0.1410734822186495,0.10452546343682924,281.16071725071794,EXACT_B3_CLOSE
BESST-10 BH,2025-05-02,AFTER_DEPOSIT,1178306.0083482913,0.0,427500.0,10,11,0.14077416803112278,0.10439851478802617,281.16071725071794,EXACT_B3_CLOSE
BESST-10 BH,2025-05-30,MONTH_END,1255488.247180909,0.0,427500.0,10,11,0.13603719354913296,0.10456947827732692,306.12777784790114,EXACT_B3_CLOSE
BESST-10 BH,2025-06-02,BEFORE_DEPOSIT,1248515.1589427684,0.0,427500.0,10,11,0.13466425733181858,0.10451102822328455,303.87210971460536,EXACT_B3_CLOSE
BESST-10 BH,2025-06-02,AFTER_DEPOSIT,1251015.1589427684,0.0,430000.0,10,11,0.13439514736866348,0.10440877023979703,303.87210971460536,EXACT_B3_CLOSE
BESST-10 BH,2025-06-30,MONTH_END,1332049.0495142026,0.0,430000.0,10,11,0.13176012116555394,0.10493300550802553,330.0327266420017,EXACT_B3_CLOSE
BESST-10 BH,2025-07-01,BEFORE_DEPOSIT,1340915.9406900113,0.0,430000.0,10,11,0.13079942767888106,0.10472649382367066,332.89527392624876,EXACT_B3_CLOSE
BESST-10 BH,2025-07-01,AFTER_DEPOSIT,1343415.9406900113,0.0,432500.0,10,11,0.13055601939460149,0.10463219546522706,332.89527392624876,EXACT_B3_CLOSE
BESST-10 BH,2025-07-31,MONTH_END,1253976.1429912196,0.0,432500.0,10,11,0.13040428086991476,0.10459336961516578,304.07466479692727,EXACT_B3_CLOSE
BESST-10 BH,2025-08-01,BEFORE_DEPOSIT,1255656.2713049517,0.0,432500.0,10,11,0.1311834903846556,0.10465990782277933,304.61606049171905,EXACT_B3_CLOSE
BESST-10 BH,2025-08-01,AFTER_DEPOSIT,1258156.2713049517,0.0,435000.0,10,11,0.1309228242548262,0.1045514276128925,304.61606049171905,EXACT_B3_CLOSE
BESST-10 BH,2025-08-29,MONTH_END,1358729.938750918,0.0,435000.0,10,11,0.1380398587655879,0.10524864659295656,336.95999267192735,EXACT_B3_CLOSE
BESST-10 BH,2025-09-01,BEFORE_DEPOSIT,1350898.0018680177,0.0,435000.0,10,11,0.13656408752395163,0.1052194332410962,334.44128532224966,EXACT_B3_CLOSE
BESST-10 BH,2025-09-01,AFTER_DEPOSIT,1353398.0018680177,0.0,437500.0,10,11,0.1363118260174778,0.10510602158754061,334.44128532224966,EXACT_B3_CLOSE
BESST-10 BH,2025-09-30,MONTH_END,1424101.8482157572,0.0,437500.0,10,11,0.15399940783134994,0.10686976143783797,357.13724751677205,EXACT_B3_CLOSE
BESST-10 BH,2025-10-01,BEFORE_DEPOSIT,1409808.8738400866,0.0,437500.0,10,11,0.1547037306541571,0.10685032364822646,352.54919717956625,EXACT_B3_CLOSE
BESST-10 BH,2025-10-01,AFTER_DEPOSIT,1412308.8738400866,0.0,440000.0,10,11,0.15442988168683894,0.10674068037343284,352.54919717956625,EXACT_B3_CLOSE
BESST-10 BH,2025-10-31,MONTH_END,1442652.46803782,0.0,440000.0,10,11,0.16656435807648196,0.10842668325348671,362.2722609144767,EXACT_B3_CLOSE
BESST-10 BH,2025-11-03,BEFORE_DEPOSIT,1451783.1224367996,0.0,440000.0,10,11,0.1652539954583204,0.10822614450861619,365.19801631722163,EXACT_B3_CLOSE
BESST-10 BH,2025-11-03,AFTER_DEPOSIT,1454283.1224367996,0.0,442500.0,10,11,0.1649699139185762,0.10811008491268036,365.19801631722163,EXACT_B3_CLOSE
BESST-10 BH,2025-11-28,MONTH_END,1529385.9494700024,0.0,442500.0,10,11,0.1730837203049586,0.10914276671882539,389.22200835607555,EXACT_B3_CLOSE
BESST-10 BH,2025-12-01,BEFORE_DEPOSIT,1523366.8689446757,0.0,442500.0,10,11,0.17852607248243735,0.1099578326999171,387.2966168850229,EXACT_B3_CLOSE
BESST-10 BH,2025-12-01,AFTER_DEPOSIT,1525866.8689446757,0.0,445000.0,10,11,0.1782335730578219,0.10984785446149554,387.2966168850229,EXACT_B3_CLOSE
BESST-10 BH,2025-12-30,MONTH_END,1534212.2168834035,0.0,445000.0,10,11,0.18579513163675646,0.11114803921028979,389.96176408759834,EXACT_B3_CLOSE
BESST-10 BH,2026-01-02,BEFORE_DEPOSIT,1527747.7633705249,0.0,445000.0,10,11,0.18466960443015776,0.11097424980769129,387.8972941191175,EXACT_B3_CLOSE
BESST-10 BH,2026-01-02,AFTER_DEPOSIT,1530247.7633705249,0.0,447500.0,10,11,0.18436790556666227,0.11086453674979567,387.8972941191175,EXACT_B3_CLOSE
BESST-10 BH,2026-01-30,MONTH_END,1693136.4479137808,0.0,447500.0,10,11,0.19606998451696145,0.1128281142321722,439.83198752865394,EXACT_B3_CLOSE
BESST-10 BH,2026-02-02,BEFORE_DEPOSIT,1720616.3091675127,0.0,447500.0,10,11,0.19757814073026825,0.11314385733660731,448.59354253261847,EXACT_B3_CLOSE
BESST-10 BH,2026-02-02,AFTER_DEPOSIT,1723116.3091675127,0.0,450000.0,10,11,0.1972914825695871,0.11303950096911368,448.59354253261847,EXACT_B3_CLOSE
BESST-10 BH,2026-02-27,MONTH_END,1803709.61610963,0.0,450000.0,10,11,0.19682403960682882,0.11358920689656188,474.25226767181437,EXACT_B3_CLOSE
BESST-10 BH,2026-03-02,BEFORE_DEPOSIT,1792160.2050942404,0.0,450000.0,10,11,0.2004101718878225,0.11430798367655111,470.5752481523607,EXACT_B3_CLOSE
BESST-10 BH,2026-03-02,AFTER_DEPOSIT,1794660.2050942404,0.0,452500.0,10,11,0.20013099623758113,0.11419809193232985,470.5752481523607,EXACT_B3_CLOSE
BESST-10 BH,2026-03-31,MONTH_END,1807004.6132511757,0.0,452500.0,10,11,0.2090212419368016,0.11700042190992103,474.49989847192785,EXACT_B3_CLOSE
BESST-10 BH,2026-04-01,BEFORE_DEPOSIT,1810633.4133062456,0.0,452500.0,10,11,0.20820464772531622,0.11657680721981241,475.6536007081727,EXACT_B3_CLOSE
BESST-10 BH,2026-04-01,AFTER_DEPOSIT,1813133.4133062456,0.0,455000.0,10,11,0.2079175692260214,0.11645708976326886,475.6536007081727,EXACT_B3_CLOSE
BESST-10 BH,2026-04-30,MONTH_END,1785303.076968647,0.0,455000.0,10,11,0.19814232690102915,0.11490571967247275,466.8177184702272,EXACT_B3_CLOSE
BESST-10 BH,2026-05-04,BEFORE_DEPOSIT,1774470.3260667776,0.0,455000.0,10,11,0.20079064053387777,0.11545586307299802,463.3784171940654,EXACT_B3_CLOSE
BESST-10 BH,2026-05-04,AFTER_DEPOSIT,1776970.3260667776,0.0,457500.0,10,11,0.20050815039098055,0.11534382831385989,463.3784171940654,EXACT_B3_CLOSE
BESST-10 BH,2026-05-29,MONTH_END,1648949.3467820976,0.0,457500.0,10,11,0.20924716046993383,0.11592605452616828,422.7900879355346,EXACT_B3_CLOSE
BESST-10 BH,2026-06-01,BEFORE_DEPOSIT,1630967.390278111,0.0,457500.0,10,11,0.20950726971934355,0.11585848197311661,417.08901007021524,EXACT_B3_CLOSE
BESST-10 BH,2026-06-01,AFTER_DEPOSIT,1633467.390278111,0.0,460000.0,10,11,0.20918662164432494,0.1157428078868071,417.08901007021524,EXACT_B3_CLOSE
BESST-10 BH,2026-06-30,MONTH_END,1767443.9220700825,0.0,460000.0,10,11,0.22339038182941723,0.11973600357021416,459.50050393245647,EXACT_B3_CLOSE
IBOV,2014-06-30,INITIAL,100000.0,0.0,100000.0,1,1,1.0,1.0,0.0,OFFICIAL_B3_IBOV
IBOV,2014-07-01,AFTER_DEPOSIT,102506.15029053068,0.0,102500.0,1,1,1.0,1.0,0.0061502905306820566,OFFICIAL_B3_IBOV
IBOV,2014-07-31,MONTH_END,107630.19603346939,0.0,102500.0,1,1,1.0,1.0,5.005226806539698,OFFICIAL_B3_IBOV
IBOV,2014-08-01,AFTER_DEPOSIT,110271.81519442091,0.0,105000.0,1,1,1.0,1.0,5.143392048859274,OFFICIAL_B3_IBOV
IBOV,2014-08-29,MONTH_END,120894.60792277656,0.0,105000.0,1,1,1.0,1.0,15.272149415571935,OFFICIAL_B3_IBOV
IBOV,2014-09-01,AFTER_DEPOSIT,123104.87817874449,0.0,107500.0,1,1,1.0,1.0,14.995894163844481,OFFICIAL_B3_IBOV
IBOV,2014-09-30,MONTH_END,108959.80939590189,0.0,107500.0,1,1,1.0,1.0,1.7825686095942261,OFFICIAL_B3_IBOV
IBOV,2014-10-01,AFTER_DEPOSIT,108927.79559321704,0.0,110000.0,1,1,1.0,1.0,-0.5826600928148462,OFFICIAL_B3_IBOV
IBOV,2014-10-31,MONTH_END,112575.66625311453,0.0,110000.0,1,1,1.0,1.0,2.7467159893635573,OFFICIAL_B3_IBOV
IBOV,2014-11-03,AFTER_DEPOSIT,113671.49456963353,0.0,112500.0,1,1,1.0,1.0,1.465142146944176,OFFICIAL_B3_IBOV
IBOV,2014-11-28,MONTH_END,115308.25910790615,0.0,112500.0,1,1,1.0,1.0,2.926146483745362,OFFICIAL_B3_IBOV
IBOV,2014-12-01,AFTER_DEPOSIT,112651.33089531439,0.0,115000.0,1,1,1.0,1.0,-1.677016834492484,OFFICIAL_B3_IBOV
IBOV,2014-12-30,MONTH_END,107761.473515055,0.0,115000.0,1,1,1.0,1.0,-5.944923490009623,OFFICIAL_B3_IBOV
IBOV,2015-01-02,AFTER_DEPOSIT,107039.4734637631,0.0,117500.0,1,1,1.0,1.0,-8.757110920771849,OFFICIAL_B3_IBOV
IBOV,2015-01-30,MONTH_END,103499.14657805169,0.0,117500.0,1,1,1.0,1.0,-11.774966323867908,OFFICIAL_B3_IBOV
IBOV,2015-02-02,AFTER_DEPOSIT,107638.64443564817,0.0,120000.0,1,1,1.0,1.0,-10.37742094807762,OFFICIAL_B3_IBOV
IBOV,2015-02-27,MONTH_END,116521.48631095553,0.0,120000.0,1,1,1.0,1.0,-2.9813486326982663,OFFICIAL_B3_IBOV
IBOV,2015-03-02,AFTER_DEPOSIT,117751.34717576754,0.0,122500.0,1,1,1.0,1.0,-4.038897672331332,OFFICIAL_B3_IBOV
IBOV,2015-03-31,MONTH_END,118049.87510500243,0.0,122500.0,1,1,1.0,1.0,-3.7956132441522406,OFFICIAL_B3_IBOV
IBOV,2015-04-01,AFTER_DEPOSIT,123253.82038441155,0.0,125000.0,1,1,1.0,1.0,-1.5920412607380863,OFFICIAL_B3_IBOV
IBOV,2015-04-30,MONTH_END,132458.95976830332,0.0,125000.0,1,1,1.0,1.0,5.757499498760721,OFFICIAL_B3_IBOV
IBOV,2015-05-04,AFTER_DEPOSIT,137608.16817421914,0.0,127500.0,1,1,1.0,1.0,7.872672810938575,OFFICIAL_B3_IBOV
IBOV,2015-05-29,MONTH_END,126587.05862628615,0.0,127500.0,1,1,1.0,1.0,-0.7669054935448227,OFFICIAL_B3_IBOV
IBOV,2015-06-01,AFTER_DEPOSIT,129736.87920139366,0.0,130000.0,1,1,1.0,1.0,-0.2575034484885941,OFFICIAL_B3_IBOV
IBOV,2015-06-30,MONTH_END,129858.14826116255,0.0,130000.0,1,1,1.0,1.0,-0.16427106267616898,OFFICIAL_B3_IBOV
IBOV,2015-07-01,AFTER_DEPOSIT,131567.0982212942,0.0,132500.0,1,1,1.0,1.0,-0.7724351125540818,OFFICIAL_B3_IBOV
IBOV,2015-07-31,MONTH_END,126846.92006228378,0.0,132500.0,1,1,1.0,1.0,-4.332381260835893,OFFICIAL_B3_IBOV
IBOV,2015-08-03,AFTER_DEPOSIT,127534.5956928457,0.0,135000.0,1,1,1.0,1.0,-5.6992316086564525,OFFICIAL_B3_IBOV
IBOV,2015-08-31,MONTH_END,118599.90622227536,0.0,135000.0,1,1,1.0,1.0,-12.305659282932558,OFFICIAL_B3_IBOV
IBOV,2015-09-01,AFTER_DEPOSIT,118178.60371883874,0.0,137500.0,1,1,1.0,1.0,-14.465709026933759,OFFICIAL_B3_IBOV
IBOV,2015-09-30,MONTH_END,117093.09893147048,0.0,137500.0,1,1,1.0,1.0,-15.251366323717452,OFFICIAL_B3_IBOV
IBOV,2015-10-01,AFTER_DEPOSIT,120252.9721256111,0.0,140000.0,1,1,1.0,1.0,-14.773768992078363,OFFICIAL_B3_IBOV
IBOV,2015-10-30,MONTH_END,121727.27173220894,0.0,140000.0,1,1,1.0,1.0,-13.72889669806513,OFFICIAL_B3_IBOV
IBOV,2015-11-03,AFTER_DEPOSIT,130025.45637323447,0.0,142500.0,1,1,1.0,1.0,-9.619581020391498,OFFICIAL_B3_IBOV
IBOV,2015-11-30,MONTH_END,122088.41950279401,0.0,142500.0,1,1,1.0,1.0,-15.136598516933608,OFFICIAL_B3_IBOV
IBOV,2015-12-01,AFTER_DEPOSIT,124389.24271077373,0.0,145000.0,1,1,1.0,1.0,-15.275045882672023,OFFICIAL_B3_IBOV
IBOV,2015-12-30,MONTH_END,119703.83425979306,0.0,145000.0,1,1,1.0,1.0,-18.46640718835425,OFFICIAL_B3_IBOV
IBOV,2016-01-04,AFTER_DEPOSIT,118865.57151741239,0.0,147500.0,1,1,1.0,1.0,-20.740190286603543,OFFICIAL_B3_IBOV
IBOV,2016-01-29,MONTH_END,113971.61137439807,0.0,147500.0,1,1,1.0,1.0,-24.0034930640898,OFFICIAL_B3_IBOV
IBOV,2016-02-01,AFTER_DEPOSIT,116934.3126503687,0.0,150000.0,1,1,1.0,1.0,-23.69496289324714,OFFICIAL_B3_IBOV
IBOV,2016-02-29,MONTH_END,123344.02032130878,0.0,150000.0,1,1,1.0,1.0,-19.512332743131143,OFFICIAL_B3_IBOV
IBOV,2016-03-01,AFTER_DEPOSIT,129671.49054496412,0.0,152500.0,1,1,1.0,1.0,-17.014731732602673,OFFICIAL_B3_IBOV
IBOV,2016-03-31,MONTH_END,147109.65875433944,0.0,152500.0,1,1,1.0,1.0,-5.854907311171987,OFFICIAL_B3_IBOV
IBOV,2016-04-01,AFTER_DEPOSIT,151097.49939018826,0.0,155000.0,1,1,1.0,1.0,-4.902740772589354,OFFICIAL_B3_IBOV
IBOV,2016-04-29,MONTH_END,161105.55499270483,0.0,155000.0,1,1,1.0,1.0,1.3960971422402269,OFFICIAL_B3_IBOV
IBOV,2016-05-02,AFTER_DEPOSIT,162562.69681988496,0.0,157500.0,1,1,1.0,1.0,0.7397464124245579,OFFICIAL_B3_IBOV
IBOV,2016-05-31,MONTH_END,147114.73461352612,0.0,157500.0,1,1,1.0,1.0,-8.833321860314303,OFFICIAL_B3_IBOV
IBOV,2016-06-01,AFTER_DEPOSIT,151256.55274016885,0.0,160000.0,1,1,1.0,1.0,-7.815890770840173,OFFICIAL_B3_IBOV
IBOV,2016-06-30,MONTH_END,159015.77026580813,0.0,160000.0,1,1,1.0,1.0,-3.0869944489396173,OFFICIAL_B3_IBOV
IBOV,2016-07-01,AFTER_DEPOSIT,163694.90722373404,0.0,162500.0,1,1,1.0,1.0,-1.7589078588675755,OFFICIAL_B3_IBOV
IBOV,2016-07-29,MONTH_END,179600.12440706487,0.0,162500.0,1,1,1.0,1.0,7.786568743508804,OFFICIAL_B3_IBOV
IBOV,2016-08-01,AFTER_DEPOSIT,180368.81383148514,0.0,165000.0,1,1,1.0,1.0,6.747527000151599,OFFICIAL_B3_IBOV
IBOV,2016-08-31,MONTH_END,184008.68434390103,0.0,165000.0,1,1,1.0,1.0,8.901708577040935,OFFICIAL_B3_IBOV
IBOV,2016-09-01,AFTER_DEPOSIT,187573.81696909646,0.0,167500.0,1,1,1.0,1.0,9.53208514409547,OFFICIAL_B3_IBOV
IBOV,2016-09-30,MONTH_END,187995.04772435472,0.0,167500.0,1,1,1.0,1.0,9.778059148867492,OFFICIAL_B3_IBOV
IBOV,2016-10-03,AFTER_DEPOSIT,194019.3042451417,0.0,170000.0,1,1,1.0,1.0,11.836017831704737,OFFICIAL_B3_IBOV
IBOV,2016-10-31,MONTH_END,211845.77542567652,0.0,170000.0,1,1,1.0,1.0,22.111498184441757,OFFICIAL_B3_IBOV
IBOV,2016-11-01,AFTER_DEPOSIT,209131.24652576225,0.0,172500.0,1,1,1.0,1.0,19.10575528012788,OFFICIAL_B3_IBOV
IBOV,2016-11-30,MONTH_END,204441.59306299096,0.0,172500.0,1,1,1.0,1.0,16.434874065748282,OFFICIAL_B3_IBOV
IBOV,2016-12-01,AFTER_DEPOSIT,199016.3805533131,0.0,175000.0,1,1,1.0,1.0,11.921256720650032,OFFICIAL_B3_IBOV
IBOV,2016-12-29,MONTH_END,201426.8562106105,0.0,175000.0,1,1,1.0,1.0,13.276840939944945,OFFICIAL_B3_IBOV
IBOV,2017-01-02,AFTER_DEPOSIT,201791.16019646256,0.0,177500.0,1,1,1.0,1.0,12.075785121262284,OFFICIAL_B3_IBOV
IBOV,2017-01-31,MONTH_END,219001.114758506,0.0,177500.0,1,1,1.0,1.0,21.634277017361114,OFFICIAL_B3_IBOV
IBOV,2017-02-01,AFTER_DEPOSIT,222061.02209709343,0.0,180000.0,1,1,1.0,1.0,21.945252257833726,OFFICIAL_B3_IBOV
IBOV,2017-02-24,MONTH_END,228314.92786950627,0.0,180000.0,1,1,1.0,1.0,25.379597060048287,OFFICIAL_B3_IBOV
IBOV,2017-03-01,AFTER_DEPOSIT,231934.1015676033,0.0,182500.0,1,1,1.0,1.0,25.99419352387571,OFFICIAL_B3_IBOV
IBOV,2017-03-31,MONTH_END,224992.89168954824,0.0,182500.0,1,1,1.0,1.0,22.223501181720962,OFFICIAL_B3_IBOV
IBOV,2017-04-03,AFTER_DEPOSIT,228280.24836592583,0.0,185000.0,1,1,1.0,1.0,22.65121909290926,OFFICIAL_B3_IBOV
IBOV,2017-04-28,MONTH_END,228951.56129951146,0.0,185000.0,1,1,1.0,1.0,23.011904479781343,OFFICIAL_B3_IBOV
IBOV,2017-05-02,AFTER_DEPOSIT,236067.12214287958,0.0,187500.0,1,1,1.0,1.0,25.491769331378798,OFFICIAL_B3_IBOV
IBOV,2017-05-31,MONTH_END,221878.44993625057,0.0,187500.0,1,1,1.0,1.0,17.949162112254278,OFFICIAL_B3_IBOV
IBOV,2017-06-01,AFTER_DEPOSIT,222882.01729959674,0.0,190000.0,1,1,1.0,1.0,17.153668112267063,OFFICIAL_B3_IBOV
IBOV,2017-06-30,MONTH_END,225069.9198132195,0.0,190000.0,1,1,1.0,1.0,18.303697208595658,OFFICIAL_B3_IBOV
IBOV,2017-07-03,AFTER_DEPOSIT,228928.24784199748,0.0,192500.0,1,1,1.0,1.0,19.017676348766233,OFFICIAL_B3_IBOV
IBOV,2017-07-31,MONTH_END,238481.86906287458,0.0,192500.0,1,1,1.0,1.0,23.98451556211587,OFFICIAL_B3_IBOV
IBOV,2017-08-01,AFTER_DEPOSIT,243137.56407604643,0.0,195000.0,1,1,1.0,1.0,25.105241439341007,OFFICIAL_B3_IBOV
IBOV,2017-08-31,MONTH_END,258924.19802212116,0.0,195000.0,1,1,1.0,1.0,33.22817653101797,OFFICIAL_B3_IBOV
IBOV,2017-09-01,AFTER_DEPOSIT,265401.3966391892,0.0,197500.0,1,1,1.0,1.0,35.27462457836654,OFFICIAL_B3_IBOV
IBOV,2017-09-29,MONTH_END,274148.30450481916,0.0,197500.0,1,1,1.0,1.0,39.732908116916455,OFFICIAL_B3_IBOV
IBOV,2017-10-02,AFTER_DEPOSIT,276893.03002663143,0.0,200000.0,1,1,1.0,1.0,39.857644284499294,OFFICIAL_B3_IBOV
IBOV,2017-10-31,MONTH_END,276701.89294169407,0.0,200000.0,1,1,1.0,1.0,39.76110165057247,OFFICIAL_B3_IBOV
IBOV,2017-11-01,AFTER_DEPOSIT,277396.8334847803,0.0,202500.0,1,1,1.0,1.0,38.849372802023474,OFFICIAL_B3_IBOV
IBOV,2017-11-30,MONTH_END,270435.0216985049,0.0,202500.0,1,1,1.0,1.0,35.36467837366006,OFFICIAL_B3_IBOV
IBOV,2017-12-01,AFTER_DEPOSIT,274037.7140675781,0.0,205000.0,1,1,1.0,1.0,35.91662463027725,OFFICIAL_B3_IBOV
IBOV,2017-12-28,MONTH_END,289728.2322526253,0.0,205000.0,1,1,1.0,1.0,43.69877344022426,OFFICIAL_B3_IBOV
IBOV,2018-01-02,AFTER_DEPOSIT,297874.59356497263,0.0,207500.0,1,1,1.0,1.0,46.499243344990646,OFFICIAL_B3_IBOV
IBOV,2018-01-31,MONTH_END,324727.1573341998,0.0,207500.0,1,1,1.0,1.0,59.70574151250503,OFFICIAL_B3_IBOV
IBOV,2018-02-01,AFTER_DEPOSIT,329454.9343125961,0.0,210000.0,1,1,1.0,1.0,60.801396021909326,OFFICIAL_B3_IBOV
IBOV,2018-02-28,MONTH_END,328909.126184611,0.0,210000.0,1,1,1.0,1.0,60.53499628161334,OFFICIAL_B3_IBOV
IBOV,2018-03-01,AFTER_DEPOSIT,331502.34207430284,0.0,212500.0,1,1,1.0,1.0,60.580493384958146,OFFICIAL_B3_IBOV
IBOV,2018-03-29,MONTH_END,331454.85579428123,0.0,212500.0,1,1,1.0,1.0,60.55749092220879,OFFICIAL_B3_IBOV
IBOV,2018-04-02,AFTER_DEPOSIT,331240.3334648676,0.0,215000.0,1,1,1.0,1.0,59.24257009168259,OFFICIAL_B3_IBOV
IBOV,2018-04-30,MONTH_END,336909.4878265084,0.0,215000.0,1,1,1.0,1.0,61.96799516703775,OFFICIAL_B3_IBOV
IBOV,2018-05-02,AFTER_DEPOSIT,333273.40071324806,0.0,217500.0,1,1,1.0,1.0,59.01809389142612,OFFICIAL_B3_IBOV
IBOV,2018-05-30,MONTH_END,302552.53754704463,0.0,217500.0,1,1,1.0,1.0,44.35993907638811,OFFICIAL_B3_IBOV
IBOV,2018-06-01,AFTER_DEPOSIT,306968.83686642675,0.0,220000.0,1,1,1.0,1.0,45.27428226861836,OFFICIAL_B3_IBOV
IBOV,2018-06-29,MONTH_END,289175.27739111165,0.0,220000.0,1,1,1.0,1.0,36.8534060384192,OFFICIAL_B3_IBOV
IBOV,2018-07-02,AFTER_DEPOSIT,291982.16773685755,0.0,222500.0,1,1,1.0,1.0,36.99864317443766,OFFICIAL_B3_IBOV
IBOV,2018-07-31,MONTH_END,317559.56021078135,0.0,222500.0,1,1,1.0,1.0,48.99960916502377,OFFICIAL_B3_IBOV
IBOV,2018-08-01,AFTER_DEPOSIT,320385.0950334195,0.0,225000.0,1,1,1.0,1.0,49.152350783983344,OFFICIAL_B3_IBOV
IBOV,2018-08-31,MONTH_END,309783.4374944011,0.0,225000.0,1,1,1.0,1.0,44.21684607835281,OFFICIAL_B3_IBOV
IBOV,2018-09-03,AFTER_DEPOSIT,310324.8465921784,0.0,227500.0,1,1,1.0,1.0,43.305041996892136,OFFICIAL_B3_IBOV
IBOV,2018-09-28,MONTH_END,323153.19567193213,0.0,227500.0,1,1,1.0,1.0,49.229050737451786,OFFICIAL_B3_IBOV
IBOV,2018-10-01,AFTER_DEPOSIT,322725.72266092006,0.0,230000.0,1,1,1.0,1.0,47.87717173905766,OFFICIAL_B3_IBOV
IBOV,2018-10-31,MONTH_END,358846.5399770639,0.0,230000.0,1,1,1.0,1.0,64.42820542045607,OFFICIAL_B3_IBOV
IBOV,2018-11-01,AFTER_DEPOSIT,365432.7585136843,0.0,232500.0,1,1,1.0,1.0,66.30056451015287,OFFICIAL_B3_IBOV
IBOV,2018-11-30,MONTH_END,369916.94189195154,0.0,232500.0,1,1,1.0,1.0,68.34121962330128,OFFICIAL_B3_IBOV
IBOV,2018-12-03,AFTER_DEPOSIT,373723.2065222075,0.0,235000.0,1,1,1.0,1.0,68.93567247502361,OFFICIAL_B3_IBOV
IBOV,2018-12-28,MONTH_END,365681.1338853369,0.0,235000.0,1,1,1.0,1.0,65.3003805656838,OFFICIAL_B3_IBOV
IBOV,2019-01-02,AFTER_DEPOSIT,381183.8341336024,0.0,237500.0,1,1,1.0,1.0,71.17804583264214,OFFICIAL_B3_IBOV
IBOV,2019-01-31,MONTH_END,407910.9624460681,0.0,237500.0,1,1,1.0,1.0,83.18038482386658,OFFICIAL_B3_IBOV
IBOV,2019-02-01,AFTER_DEPOSIT,412369.1025964619,0.0,240000.0,1,1,1.0,1.0,84.05972590393283,OFFICIAL_B3_IBOV
IBOV,2019-02-28,MONTH_END,402774.54608979286,0.0,240000.0,1,1,1.0,1.0,79.77722406354775,OFFICIAL_B3_IBOV
IBOV,2019-03-01,AFTER_DEPOSIT,401142.52351339627,0.0,242500.0,1,1,1.0,1.0,77.93290804168353,OFFICIAL_B3_IBOV
IBOV,2019-03-29,MONTH_END,404580.5090444646,0.0,242500.0,1,1,1.0,1.0,79.45787916164957,OFFICIAL_B3_IBOV
IBOV,2019-04-01,AFTER_DEPOSIT,409793.8377831556,0.0,245000.0,1,1,1.0,1.0,80.66141766641803,OFFICIAL_B3_IBOV
IBOV,2019-04-30,MONTH_END,411068.8965810318,0.0,245000.0,1,1,1.0,1.0,81.22353917434135,OFFICIAL_B3_IBOV
IBOV,2019-05-02,AFTER_DEPOSIT,410046.1984179696,0.0,247500.0,1,1,1.0,1.0,79.6705249865427,OFFICIAL_B3_IBOV
IBOV,2019-05-31,MONTH_END,416496.44204764115,0.0,247500.0,1,1,1.0,1.0,82.49683739647482,OFFICIAL_B3_IBOV
IBOV,2019-06-03,AFTER_DEPOSIT,418954.2044770575,0.0,250000.0,1,1,1.0,1.0,82.47833010019893,OFFICIAL_B3_IBOV
IBOV,2019-06-28,MONTH_END,435996.94574048655,0.0,250000.0,1,1,1.0,1.0,89.90141103087521,OFFICIAL_B3_IBOV
IBOV,2019-07-01,AFTER_DEPOSIT,440105.39028831414,0.0,252500.0,1,1,1.0,1.0,90.60197990453693,OFFICIAL_B3_IBOV
IBOV,2019-07-31,MONTH_END,442157.18077790044,0.0,252500.0,1,1,1.0,1.0,91.49057463274116,OFFICIAL_B3_IBOV
IBOV,2019-08-01,AFTER_DEPOSIT,446020.01784751005,0.0,255000.0,1,1,1.0,1.0,92.08079563318088,OFFICIAL_B3_IBOV
IBOV,2019-08-30,MONTH_END,441690.52992022363,0.0,255000.0,1,1,1.0,1.0,90.21627957452777,OFFICIAL_B3_IBOV
IBOV,2019-09-02,AFTER_DEPOSIT,441968.1150618433,0.0,257500.0,1,1,1.0,1.0,89.25918528022943,OFFICIAL_B3_IBOV
IBOV,2019-09-30,MONTH_END,460062.1236867386,0.0,257500.0,1,1,1.0,1.0,97.0073852387761,OFFICIAL_B3_IBOV
IBOV,2019-10-01,AFTER_DEPOSIT,459523.07445168606,0.0,260000.0,1,1,1.0,1.0,95.70600633235415,OFFICIAL_B3_IBOV
IBOV,2019-10-31,MONTH_END,473506.7371540683,0.0,260000.0,1,1,1.0,1.0,101.66150004645633,OFFICIAL_B3_IBOV
IBOV,2019-11-01,AFTER_DEPOSIT,480316.088083975,0.0,262500.0,1,1,1.0,1.0,103.49680692714558,OFFICIAL_B3_IBOV
IBOV,2019-11-29,MONTH_END,480483.2288521961,0.0,262500.0,1,1,1.0,1.0,103.56761990527423,OFFICIAL_B3_IBOV
IBOV,2019-12-02,AFTER_DEPOSIT,486066.56538786506,0.0,265000.0,1,1,1.0,1.0,104.8739453756398,OFFICIAL_B3_IBOV
IBOV,2019-12-30,MONTH_END,516041.9813459231,0.0,265000.0,1,1,1.0,1.0,117.50839129088769,OFFICIAL_B3_IBOV
IBOV,2020-01-02,AFTER_DEPOSIT,531606.4686076264,0.0,267500.0,1,1,1.0,1.0,123.01498902916066,OFFICIAL_B3_IBOV
IBOV,2020-01-31,MONTH_END,510030.14076962386,0.0,267500.0,1,1,1.0,1.0,113.96347291671604,OFFICIAL_B3_IBOV
IBOV,2020-02-03,AFTER_DEPOSIT,516424.57081228396,0.0,270000.0,1,1,1.0,1.0,115.5972308269865,OFFICIAL_B3_IBOV
IBOV,2020-02-28,MONTH_END,469311.0798555778,0.0,270000.0,1,1,1.0,1.0,95.92826316171579,OFFICIAL_B3_IBOV
IBOV,2020-03-02,AFTER_DEPOSIT,482866.05675755604,0.0,272500.0,1,1,1.0,1.0,100.54350136227997,OFFICIAL_B3_IBOV
IBOV,2020-03-31,MONTH_END,330678.80889351905,0.0,272500.0,1,1,1.0,1.0,37.337228893500665,OFFICIAL_B3_IBOV
IBOV,2020-04-01,AFTER_DEPOSIT,323881.2785347925,0.0,275000.0,1,1,1.0,1.0,33.47578685161925,OFFICIAL_B3_IBOV
IBOV,2020-04-30,MONTH_END,367416.6980116219,0.0,275000.0,1,1,1.0,1.0,51.41731282333695,OFFICIAL_B3_IBOV
IBOV,2020-05-04,AFTER_DEPOSIT,362479.1307696648,0.0,277500.0,1,1,1.0,1.0,48.352192343471344,OFFICIAL_B3_IBOV
IBOV,2020-05-29,MONTH_END,401662.4383143284,0.0,277500.0,1,1,1.0,1.0,64.38878337473024,OFFICIAL_B3_IBOV
IBOV,2020-06-01,AFTER_DEPOSIT,409757.55895402655,0.0,280000.0,1,1,1.0,1.0,66.67870393253715,OFFICIAL_B3_IBOV
IBOV,2020-06-30,MONTH_END,439514.7462886336,0.0,280000.0,1,1,1.0,1.0,78.7831527931535,OFFICIAL_B3_IBOV
IBOV,2020-07-01,AFTER_DEPOSIT,447319.9493745325,0.0,282500.0,1,1,1.0,1.0,80.94117124853906,OFFICIAL_B3_IBOV
IBOV,2020-07-31,MONTH_END,478515.24675706984,0.0,282500.0,1,1,1.0,1.0,93.55968659473648,OFFICIAL_B3_IBOV
IBOV,2020-08-03,AFTER_DEPOSIT,480632.6660795609,0.0,285000.0,1,1,1.0,1.0,93.40493249538918,OFFICIAL_B3_IBOV
IBOV,2020-08-31,MONTH_END,464456.65728703764,0.0,285000.0,1,1,1.0,1.0,86.89576216770092,OFFICIAL_B3_IBOV
IBOV,2020-09-01,AFTER_DEPOSIT,480036.994146292,0.0,287500.0,1,1,1.0,1.0,92.15924475184612,OFFICIAL_B3_IBOV
IBOV,2020-09-30,MONTH_END,444496.10195868695,0.0,287500.0,1,1,1.0,1.0,77.93219332902251,OFFICIAL_B3_IBOV
IBOV,2020-10-01,AFTER_DEPOSIT,451107.96686951915,0.0,290000.0,1,1,1.0,1.0,79.57817658744266,OFFICIAL_B3_IBOV
IBOV,2020-10-30,MONTH_END,443897.49806042033,0.0,290000.0,1,1,1.0,1.0,76.70781530771575,OFFICIAL_B3_IBOV
IBOV,2020-11-03,AFTER_DEPOSIT,455975.9424300466,0.0,292500.0,1,1,1.0,1.0,80.52082616269645,OFFICIAL_B3_IBOV
IBOV,2020-11-30,MONTH_END,517325.32023004285,0.0,292500.0,1,1,1.0,1.0,104.80903818107885,OFFICIAL_B3_IBOV
IBOV,2020-12-01,AFTER_DEPOSIT,531733.5114251999,0.0,295000.0,1,1,1.0,1.0,109.52348978393482,OFFICIAL_B3_IBOV
IBOV,2020-12-30,MONTH_END,568092.51412623,0.0,295000.0,1,1,1.0,1.0,123.85033766411588,OFFICIAL_B3_IBOV
IBOV,2021-01-04,AFTER_DEPOSIT,569816.7267165998,0.0,297500.0,1,1,1.0,1.0,123.54464753568956,OFFICIAL_B3_IBOV
IBOV,2021-01-29,MONTH_END,551660.2134850078,0.0,297500.0,1,1,1.0,1.0,116.4216706897466,OFFICIAL_B3_IBOV
IBOV,2021-02-01,AFTER_DEPOSIT,565906.1710224936,0.0,300000.0,1,1,1.0,1.0,121.02972414724435,OFFICIAL_B3_IBOV
IBOV,2021-02-26,MONTH_END,529874.653913531,0.0,300000.0,1,1,1.0,1.0,106.9566556864232,OFFICIAL_B3_IBOV
IBOV,2021-03-01,AFTER_DEPOSIT,533817.6674408581,0.0,302500.0,1,1,1.0,1.0,107.52026304435245,OFFICIAL_B3_IBOV
IBOV,2021-03-31,MONTH_END,564292.711153406,0.0,302500.0,1,1,1.0,1.0,119.36735892230357,OFFICIAL_B3_IBOV
IBOV,2021-04-01,AFTER_DEPOSIT,560114.0653775252,0.0,305000.0,1,1,1.0,1.0,116.77105233163721,OFFICIAL_B3_IBOV
IBOV,2021-04-30,MONTH_END,577806.5035246711,0.0,305000.0,1,1,1.0,1.0,123.61824413155075,OFFICIAL_B3_IBOV
IBOV,2021-05-03,AFTER_DEPOSIT,581840.4673092753,0.0,307500.0,1,1,1.0,1.0,124.21190703770031,OFFICIAL_B3_IBOV
IBOV,2021-05-31,MONTH_END,616036.7390662329,0.0,307500.0,1,1,1.0,1.0,137.38942172598593,OFFICIAL_B3_IBOV
IBOV,2021-06-01,AFTER_DEPOSIT,628548.8705460521,0.0,310000.0,1,1,1.0,1.0,141.24759113620883,OFFICIAL_B3_IBOV
IBOV,2021-06-30,MONTH_END,621367.9988458806,0.0,310000.0,1,1,1.0,1.0,138.491452224656,OFFICIAL_B3_IBOV
IBOV,2021-07-01,AFTER_DEPOSIT,618303.8388684045,0.0,312500.0,1,1,1.0,1.0,136.35583436872628,OFFICIAL_B3_IBOV
IBOV,2021-07-30,MONTH_END,599285.2654656306,0.0,312500.0,1,1,1.0,1.0,129.08570194751675,OFFICIAL_B3_IBOV
IBOV,2021-08-02,AFTER_DEPOSIT,605302.9684340978,0.0,315000.0,1,1,1.0,1.0,130.4303962028445,OFFICIAL_B3_IBOV
IBOV,2021-08-31,MONTH_END,586851.2082827857,0.0,315000.0,1,1,1.0,1.0,123.40606851235569,OFFICIAL_B3_IBOV
IBOV,2021-09-01,AFTER_DEPOSIT,592387.5613694222,0.0,317500.0,1,1,1.0,1.0,124.56196577579615,OFFICIAL_B3_IBOV
IBOV,2021-09-30,MONTH_END,550628.653082469,0.0,317500.0,1,1,1.0,1.0,108.73202074472306,OFFICIAL_B3_IBOV
IBOV,2021-10-01,AFTER_DEPOSIT,562657.5135020525,0.0,320000.0,1,1,1.0,1.0,112.34421615017389,OFFICIAL_B3_IBOV
IBOV,2021-10-29,MONTH_END,515816.1012231485,0.0,320000.0,1,1,1.0,1.0,94.66649438329891,OFFICIAL_B3_IBOV
IBOV,2021-11-01,AFTER_DEPOSIT,528533.4261083849,0.0,322500.0,1,1,1.0,1.0,98.52246323085483,OFFICIAL_B3_IBOV
IBOV,2021-11-30,MONTH_END,510329.5412455928,0.0,322500.0,1,1,1.0,1.0,91.68490124363764,OFFICIAL_B3_IBOV
IBOV,2021-12-01,AFTER_DEPOSIT,507116.7198135502,0.0,325000.0,1,1,1.0,1.0,89.53910813640181,OFFICIAL_B3_IBOV
IBOV,2021-12-30,MONTH_END,527486.3681944034,0.0,325000.0,1,1,1.0,1.0,97.15243429251534,OFFICIAL_B3_IBOV
IBOV,2022-01-03,AFTER_DEPOSIT,525453.1204013933,0.0,327500.0,1,1,1.0,1.0,95.45809508010612,OFFICIAL_B3_IBOV
IBOV,2022-01-31,MONTH_END,567025.1702486929,0.0,327500.0,1,1,1.0,1.0,110.92206961226086,OFFICIAL_B3_IBOV
IBOV,2022-02-01,AFTER_DEPOSIT,575010.185874526,0.0,330000.0,1,1,1.0,1.0,112.96238617730667,OFFICIAL_B3_IBOV
IBOV,2022-02-25,MONTH_END,574571.5709225412,0.0,330000.0,1,1,1.0,1.0,112.79993951273899,OFFICIAL_B3_IBOV
IBOV,2022-03-02,AFTER_DEPOSIT,587389.0519865586,0.0,332500.0,1,1,1.0,1.0,116.62115075509392,OFFICIAL_B3_IBOV
IBOV,2022-03-31,MONTH_END,611999.8665390188,0.0,332500.0,1,1,1.0,1.0,125.69728683788925,OFFICIAL_B3_IBOV
IBOV,2022-04-01,AFTER_DEPOSIT,622511.6082005567,0.0,335000.0,1,1,1.0,1.0,128.65190897870943,OFFICIAL_B3_IBOV
IBOV,2022-04-29,MONTH_END,552390.2195407391,0.0,335000.0,1,1,1.0,1.0,102.89594046970163,OFFICIAL_B3_IBOV
IBOV,2022-05-02,AFTER_DEPOSIT,548553.3797377088,0.0,337500.0,1,1,1.0,1.0,100.56838464782159,OFFICIAL_B3_IBOV
IBOV,2022-05-31,MONTH_END,572791.425284658,0.0,337500.0,1,1,1.0,1.0,109.43057713799709,OFFICIAL_B3_IBOV
IBOV,2022-06-01,AFTER_DEPOSIT,575339.9335774394,0.0,340000.0,1,1,1.0,1.0,109.44831329692812,OFFICIAL_B3_IBOV
IBOV,2022-06-30,MONTH_END,509115.9259567789,0.0,340000.0,1,1,1.0,1.0,85.3399455539418,OFFICIAL_B3_IBOV
IBOV,2022-07-01,AFTER_DEPOSIT,513744.26120585704,0.0,342500.0,1,1,1.0,1.0,86.11475050321414,OFFICIAL_B3_IBOV
IBOV,2022-07-29,MONTH_END,535605.6451194069,0.0,342500.0,1,1,1.0,1.0,94.03450030864302,OFFICIAL_B3_IBOV
IBOV,2022-08-01,AFTER_DEPOSIT,533227.4215701416,0.0,345000.0,1,1,1.0,1.0,92.26726040480573,OFFICIAL_B3_IBOV
IBOV,2022-08-31,MONTH_END,571294.2744122678,0.0,345000.0,1,1,1.0,1.0,105.99312897817529,OFFICIAL_B3_IBOV
IBOV,2022-09-01,AFTER_DEPOSIT,578397.1618968452,0.0,347500.0,1,1,1.0,1.0,107.65280462652314,OFFICIAL_B3_IBOV
IBOV,2022-09-30,MONTH_END,576466.5920951181,0.0,347500.0,1,1,1.0,1.0,106.95970261934664,OFFICIAL_B3_IBOV
IBOV,2022-10-03,AFTER_DEPOSIT,610911.3902360003,0.0,350000.0,1,1,1.0,1.0,118.42833933503888,OFFICIAL_B3_IBOV
IBOV,2022-10-31,MONTH_END,610399.134431985,0.0,350000.0,1,1,1.0,1.0,118.24518481152838,OFFICIAL_B3_IBOV
IBOV,2022-11-01,AFTER_DEPOSIT,617589.1840288627,0.0,352500.0,1,1,1.0,1.0,119.92208879665336,OFFICIAL_B3_IBOV
IBOV,2022-11-30,MONTH_END,594124.1705033007,0.0,352500.0,1,1,1.0,1.0,111.56625141861056,OFFICIAL_B3_IBOV
IBOV,2022-12-01,AFTER_DEPOSIT,588382.4585171164,0.0,355000.0,1,1,1.0,1.0,108.63139672533704,OFFICIAL_B3_IBOV
IBOV,2022-12-29,MONTH_END,582065.0393812823,0.0,355000.0,1,1,1.0,1.0,106.391336779753,OFFICIAL_B3_IBOV
IBOV,2023-01-02,AFTER_DEPOSIT,566750.1295901572,0.0,357500.0,1,1,1.0,1.0,100.07444296611774,OFFICIAL_B3_IBOV
IBOV,2023-01-31,MONTH_END,604335.199272181,0.0,357500.0,1,1,1.0,1.0,113.34274497058581,OFFICIAL_B3_IBOV
IBOV,2023-02-01,AFTER_DEPOSIT,599605.4283298901,0.0,360000.0,1,1,1.0,1.0,110.7904872497142,OFFICIAL_B3_IBOV
IBOV,2023-02-28,MONTH_END,561397.0007475631,0.0,360000.0,1,1,1.0,1.0,97.3583655800401,OFFICIAL_B3_IBOV
IBOV,2023-03-01,AFTER_DEPOSIT,560969.1014643887,0.0,362500.0,1,1,1.0,1.0,96.3290664987468,OFFICIAL_B3_IBOV
IBOV,2023-03-31,MONTH_END,547520.6866028808,0.0,362500.0,1,1,1.0,1.0,91.62236388579493,OFFICIAL_B3_IBOV
IBOV,2023-04-03,AFTER_DEPOSIT,547999.9339240378,0.0,365000.0,1,1,1.0,1.0,90.91513689944857,OFFICIAL_B3_IBOV
IBOV,2023-04-28,MONTH_END,563793.5181836177,0.0,365000.0,1,1,1.0,1.0,96.41738993707143,OFFICIAL_B3_IBOV
IBOV,2023-05-02,AFTER_DEPOSIT,552771.538787872,0.0,367500.0,1,1,1.0,1.0,91.70653070574866,OFFICIAL_B3_IBOV
IBOV,2023-05-31,MONTH_END,587524.137125577,0.0,367500.0,1,1,1.0,1.0,103.7590688572986,OFFICIAL_B3_IBOV
IBOV,2023-06-01,AFTER_DEPOSIT,602115.6781278934,0.0,370000.0,1,1,1.0,1.0,107.95253254669804,OFFICIAL_B3_IBOV
IBOV,2023-06-30,MONTH_END,643081.0177780906,0.0,370000.0,1,1,1.0,1.0,122.10072106984211,OFFICIAL_B3_IBOV
IBOV,2023-07-03,AFTER_DEPOSIT,654216.8965485914,0.0,372500.0,1,1,1.0,1.0,125.08329223735531,OFFICIAL_B3_IBOV
IBOV,2023-07-31,MONTH_END,666627.4313297222,0.0,372500.0,1,1,1.0,1.0,129.35313614034845,OFFICIAL_B3_IBOV
IBOV,2023-08-01,AFTER_DEPOSIT,665330.3062510395,0.0,375000.0,1,1,1.0,1.0,128.04673543707125,OFFICIAL_B3_IBOV
IBOV,2023-08-31,MONTH_END,635113.8674365047,0.0,375000.0,1,1,1.0,1.0,117.6898342656572,OFFICIAL_B3_IBOV
IBOV,2023-09-01,AFTER_DEPOSIT,649417.9440786104,0.0,377500.0,1,1,1.0,1.0,121.73576621523159,OFFICIAL_B3_IBOV
IBOV,2023-09-29,MONTH_END,642103.7613490552,0.0,377500.0,1,1,1.0,1.0,119.23842851989401,OFFICIAL_B3_IBOV
IBOV,2023-10-02,AFTER_DEPOSIT,636295.1771958267,0.0,380000.0,1,1,1.0,1.0,116.40156469409733,OFFICIAL_B3_IBOV
IBOV,2023-10-31,MONTH_END,625714.7253213424,0.0,380000.0,1,1,1.0,1.0,112.8031933361696,OFFICIAL_B3_IBOV
IBOV,2023-11-01,AFTER_DEPOSIT,638773.6091538076,0.0,382500.0,1,1,1.0,1.0,116.39422948520752,OFFICIAL_B3_IBOV
IBOV,2023-11-30,MONTH_END,706941.9081438371,0.0,382500.0,1,1,1.0,1.0,139.48727266024702,OFFICIAL_B3_IBOV
IBOV,2023-12-01,AFTER_DEPOSIT,714182.1470717138,0.0,385000.0,1,1,1.0,1.0,141.0931003520524,OFFICIAL_B3_IBOV
IBOV,2023-12-28,MONTH_END,747612.9819690414,0.0,385000.0,1,1,1.0,1.0,152.3786577771458,OFFICIAL_B3_IBOV
IBOV,2024-01-02,AFTER_DEPOSIT,741819.1922713896,0.0,387500.0,1,1,1.0,1.0,149.5788461603567,OFFICIAL_B3_IBOV
IBOV,2024-01-31,MONTH_END,714178.597907335,0.0,387500.0,1,1,1.0,1.0,140.2793999874361,OFFICIAL_B3_IBOV
IBOV,2024-02-01,AFTER_DEPOSIT,720752.5018050893,0.0,390000.0,1,1,1.0,1.0,141.65003078906912,OFFICIAL_B3_IBOV
IBOV,2024-02-29,MONTH_END,723776.1826450527,0.0,390000.0,1,1,1.0,1.0,142.66379427409834,OFFICIAL_B3_IBOV
IBOV,2024-03-01,AFTER_DEPOSIT,727175.713670448,0.0,392500.0,1,1,1.0,1.0,142.96538420883752,OFFICIAL_B3_IBOV
IBOV,2024-03-28,MONTH_END,721128.4864181592,0.0,392500.0,1,1,1.0,1.0,140.94487270779425,OFFICIAL_B3_IBOV
IBOV,2024-04-01,AFTER_DEPOSIT,717348.324928016,0.0,395000.0,1,1,1.0,1.0,138.84653275960713,OFFICIAL_B3_IBOV
IBOV,2024-04-30,MONTH_END,711325.1962207964,0.0,395000.0,1,1,1.0,1.0,136.84108664912986,OFFICIAL_B3_IBOV
IBOV,2024-05-02,AFTER_DEPOSIT,720592.8416158892,0.0,397500.0,1,1,1.0,1.0,139.09442520362728,OFFICIAL_B3_IBOV
IBOV,2024-05-31,MONTH_END,692113.3761318147,0.0,397500.0,1,1,1.0,1.0,129.64487056365624,OFFICIAL_B3_IBOV
IBOV,2024-06-03,AFTER_DEPOSIT,694236.3640045446,0.0,400000.0,1,1,1.0,1.0,129.51977703974293,OFFICIAL_B3_IBOV
IBOV,2024-06-28,MONTH_END,704903.0484432579,0.0,400000.0,1,1,1.0,1.0,133.0462633505504,OFFICIAL_B3_IBOV
IBOV,2024-07-01,AFTER_DEPOSIT,712019.7771139592,0.0,402500.0,1,1,1.0,1.0,134.57258866292685,OFFICIAL_B3_IBOV
IBOV,2024-07-31,MONTH_END,728768.6002869789,0.0,402500.0,1,1,1.0,1.0,140.09043372149753,OFFICIAL_B3_IBOV
IBOV,2024-08-01,AFTER_DEPOSIT,729803.0340143215,0.0,405000.0,1,1,1.0,1.0,139.60760770249595,OFFICIAL_B3_IBOV
IBOV,2024-08-30,MONTH_END,779120.5402414546,0.0,405000.0,1,1,1.0,1.0,155.7994418470282,OFFICIAL_B3_IBOV
IBOV,2024-09-02,AFTER_DEPOSIT,775330.8168285,0.0,407500.0,1,1,1.0,1.0,153.73441127049205,OFFICIAL_B3_IBOV
IBOV,2024-09-30,MONTH_END,757574.1261799781,0.0,407500.0,1,1,1.0,1.0,147.9233647468356,OFFICIAL_B3_IBOV
IBOV,2024-10-01,AFTER_DEPOSIT,763974.8589787161,0.0,410000.0,1,1,1.0,1.0,149.19991679239968,OFFICIAL_B3_IBOV
IBOV,2024-10-31,MONTH_END,747934.6641372384,0.0,410000.0,1,1,1.0,1.0,143.9677875242015,OFFICIAL_B3_IBOV
IBOV,2024-11-01,AFTER_DEPOSIT,741251.7545055784,0.0,412500.0,1,1,1.0,1.0,140.9724267617009,OFFICIAL_B3_IBOV
IBOV,2024-11-29,MONTH_END,727060.21056237,0.0,412500.0,1,1,1.0,1.0,136.3589189181056,OFFICIAL_B3_IBOV
IBOV,2024-12-02,AFTER_DEPOSIT,727059.1658763591,0.0,415000.0,1,1,1.0,1.0,135.54585803323863,OFFICIAL_B3_IBOV
IBOV,2024-12-30,MONTH_END,698309.3495087133,0.0,415000.0,1,1,1.0,1.0,126.23176025076633,OFFICIAL_B3_IBOV
IBOV,2025-01-02,AFTER_DEPOSIT,699892.0171061053,0.0,417500.0,1,1,1.0,1.0,125.93457144136102,OFFICIAL_B3_IBOV
IBOV,2025-01-31,MONTH_END,734905.7312875951,0.0,417500.0,1,1,1.0,1.0,137.23747005259906,OFFICIAL_B3_IBOV
IBOV,2025-02-03,AFTER_DEPOSIT,736447.4139911967,0.0,420000.0,1,1,1.0,1.0,136.92811231972786,OFFICIAL_B3_IBOV
IBOV,2025-02-28,MONTH_END,717906.9781198879,0.0,420000.0,1,1,1.0,1.0,130.9633273410319,OFFICIAL_B3_IBOV
IBOV,2025-03-05,AFTER_DEPOSIT,721855.4304895186,0.0,422500.0,1,1,1.0,1.0,131.42931999604275,OFFICIAL_B3_IBOV
IBOV,2025-03-31,MONTH_END,764168.7399723493,0.0,422500.0,1,1,1.0,1.0,144.99511174156288,OFFICIAL_B3_IBOV
IBOV,2025-04-01,AFTER_DEPOSIT,771876.7331750771,0.0,425000.0,1,1,1.0,1.0,146.6648121753935,OFFICIAL_B3_IBOV
IBOV,2025-04-30,MONTH_END,794946.2894998145,0.0,425000.0,1,1,1.0,1.0,154.03703565776698,OFFICIAL_B3_IBOV
IBOV,2025-05-02,AFTER_DEPOSIT,797840.0930791089,0.0,427500.0,1,1,1.0,1.0,154.16288151079723,OFFICIAL_B3_IBOV
IBOV,2025-05-30,MONTH_END,809014.9654188548,0.0,427500.0,1,1,1.0,1.0,157.7227900426232,OFFICIAL_B3_IBOV
IBOV,2025-06-02,AFTER_DEPOSIT,810098.1653748082,0.0,430000.0,1,1,1.0,1.0,157.2714489971641,OFFICIAL_B3_IBOV
IBOV,2025-06-30,MONTH_END,822345.2852588528,0.0,430000.0,1,1,1.0,1.0,161.16089649042232,OFFICIAL_B3_IBOV
IBOV,2025-07-01,AFTER_DEPOSIT,828960.3104330738,0.0,432500.0,1,1,1.0,1.0,162.46774859116968,OFFICIAL_B3_IBOV
IBOV,2025-07-31,MONTH_END,790477.0296636474,0.0,432500.0,1,1,1.0,1.0,150.2830638302354,OFFICIAL_B3_IBOV
IBOV,2025-08-01,AFTER_DEPOSIT,789212.9226349839,0.0,435000.0,1,1,1.0,1.0,149.0912616596907,OFFICIAL_B3_IBOV
IBOV,2025-08-29,MONTH_END,842755.0191093661,0.0,435000.0,1,1,1.0,1.0,165.99020994120175,OFFICIAL_B3_IBOV
IBOV,2025-09-01,AFTER_DEPOSIT,844425.208891293,0.0,437500.0,1,1,1.0,1.0,165.72830536737925,OFFICIAL_B3_IBOV
IBOV,2025-09-30,MONTH_END,874034.5081913259,0.0,437500.0,1,1,1.0,1.0,175.04592028847304,OFFICIAL_B3_IBOV
IBOV,2025-10-01,AFTER_DEPOSIT,872233.159500618,0.0,440000.0,1,1,1.0,1.0,173.69234854956588,OFFICIAL_B3_IBOV
IBOV,2025-10-31,MONTH_END,896347.5608371166,0.0,440000.0,1,1,1.0,1.0,181.25904910865924,OFFICIAL_B3_IBOV
IBOV,2025-11-03,AFTER_DEPOSIT,904324.9515639491,0.0,442500.0,1,1,1.0,1.0,182.97776378445616,OFFICIAL_B3_IBOV
IBOV,2025-11-28,MONTH_END,956123.9102163172,0.0,442500.0,1,1,1.0,1.0,199.1864877176629,OFFICIAL_B3_IBOV
IBOV,2025-12-01,AFTER_DEPOSIT,955852.2879498714,0.0,445000.0,1,1,1.0,1.0,198.31920271169508,OFFICIAL_B3_IBOV
IBOV,2025-12-30,MONTH_END,971004.8095732419,0.0,445000.0,1,1,1.0,1.0,203.04826830764694,OFFICIAL_B3_IBOV
IBOV,2026-01-02,AFTER_DEPOSIT,969969.2453000277,0.0,447500.0,1,1,1.0,1.0,201.94482719188267,OFFICIAL_B3_IBOV
IBOV,2026-01-30,MONTH_END,1095794.448102633,0.0,447500.0,1,1,1.0,1.0,241.11335681352503,OFFICIAL_B3_IBOV
IBOV,2026-02-02,AFTER_DEPOSIT,1106931.437953219,0.0,450000.0,1,1,1.0,1.0,243.80199299506359,OFFICIAL_B3_IBOV
IBOV,2026-02-27,MONTH_END,1143226.4142920128,0.0,450000.0,1,1,1.0,1.0,255.07485486630924,OFFICIAL_B3_IBOV
IBOV,2026-03-02,AFTER_DEPOSIT,1148875.5904930856,0.0,452500.0,1,1,1.0,1.0,256.05295795119713,OFFICIAL_B3_IBOV
IBOV,2026-03-31,MONTH_END,1137677.4729480203,0.0,452500.0,1,1,1.0,1.0,252.58250135137118,OFFICIAL_B3_IBOV
IBOV,2026-04-01,AFTER_DEPOSIT,1143157.7022930463,0.0,455000.0,1,1,1.0,1.0,253.50611699996728,OFFICIAL_B3_IBOV
IBOV,2026-04-30,MONTH_END,1139293.8951642518,0.0,455000.0,1,1,1.0,1.0,252.31128670472702,OFFICIAL_B3_IBOV
IBOV,2026-05-04,AFTER_DEPOSIT,1131347.681711944,0.0,457500.0,1,1,1.0,1.0,249.08093594256115,OFFICIAL_B3_IBOV
IBOV,2026-05-29,MONTH_END,1059342.385780988,0.0,457500.0,1,1,1.0,1.0,226.86347220200335,OFFICIAL_B3_IBOV
IBOV,2026-06-01,AFTER_DEPOSIT,1052150.1681555228,0.0,460000.0,1,1,1.0,1.0,223.87290753762304,OFFICIAL_B3_IBOV
IBOV,2026-06-30,MONTH_END,1051091.036910799,0.0,460000.0,1,1,1.0,1.0,223.5468857148123,OFFICIAL_B3_IBOV
