portfolio,date,lineage,ticker,units_before,units_after,event_ids,event_kinds,external_flow,source,compulsory_cash_entitlement,gross_distribution_entitlement,cash_in,cash_reinvested,status
V0,2014-07-01,28195667000106,ABCB2,0,9.345235294117648,B00S_ABCB4_2014-07-01_DISTRIBUTION_39;B00S_ABCB4_2014-07-01_RIGHT_88,DISTRIBUTION;RIGHT,0,FRE 2015 capital increase; B3 ex 2014-07-01 transcription;cache/market.json.gz; B3,0.0,0.0,,,
V0,2014-07-01,28195667000106,ABCB4,367.64705882352945,376.6113775353074,B00S_ABCB4_2014-07-01_DISTRIBUTION_39;B00S_ABCB4_2014-07-01_RIGHT_88,DISTRIBUTION;RIGHT,0,FRE 2015 capital increase; B3 ex 2014-07-01 transcription;cache/market.json.gz; B3,0.0,119.85294117647061,,,
V0,2014-07-01,60872504000123,ITUB4,156.3966218329684,156.469749929212,ITUB4_2014-07-01_DISTRIBUTION_295,DISTRIBUTION,0,cache/market.json.gz; SQLite corporate_actions/B3,0.0,2.3459493274945262,,,
V0,2014-07-02,28195667000106,ABCB2,9.345235294117648,0,B00S_ABCB2_2014-07-02_RIGHT_REINVEST_89,RIGHT_REINVEST,0,COTAHIST first observed right close,0.0,0.0,,,
V0,2014-07-02,28195667000106,ABCB4,376.6113775353074,378.2238337375932,B00S_ABCB2_2014-07-02_RIGHT_REINVEST_89,RIGHT_REINVEST,0,COTAHIST first observed right close,0.0,0.0,,,
V0,2014-07-02,60746948000112,BBDC4,156.00624024961,156.10737700400594,BBDC4_2014-07-02_DISTRIBUTION_332,DISTRIBUTION,0,cache/market.json.gz; SQLite corporate_actions/B3,0.0,3.2292965678627144,,,
V0,2014-07-17,02998611000104,TRPL2,0,10.184437613019892,B00S_TRPL4_2014-07-17_RIGHT_90,RIGHT,0,FRE 2015 doc 56621 capital increase 172049; ex-date inferred next session after approval,0.0,0.0,,,
V0,2014-07-21,02998611000104,TRPL2,10.184437613019892,0,B00S_TRPL2_2014-07-21_RIGHT_REINVEST_91,RIGHT_REINVEST,0,COTAHIST first observed right close,0.0,0.0,,,
V0,2014-07-21,02998611000104,TRPL4,180.83182640144668,182.21710631093114,B00S_TRPL2_2014-07-21_RIGHT_REINVEST_91,RIGHT_REINVEST,0,COTAHIST first observed right close,0.0,0.0,,,
V0,2014-08-01,60872504000123,ITUB4,156.469749929212,156.53690432832326,ITUB4_2014-08-01_DISTRIBUTION_294,DISTRIBUTION,0,cache/market.json.gz; SQLite corporate_actions/B3,0.0,2.34704624893818,,,
V0,2014-08-01,02558157000162,VIVT4,111.11111111111111,111.77959829360195,B00S_VIVT4_2014-08-01_DISTRIBUTION_82,DISTRIBUTION,0,cache/market.json.gz; B3,0.0,30.416166803333336,,,
V0,2014-08-04,60746948000112,BBDC4,156.10737700400594,156.1986592095862,BBDC4_2014-08-04_DISTRIBUTION_331,DISTRIBUTION,0,cache/market.json.gz; SQLite corporate_actions/B3,0.0,3.231390077541129,,,
V0,2014-08-07,02998609000127,GETI4,279.1976582562942,296.1170363466256,B00S_GETI4_2014-08-07_DISTRIBUTION_83,DISTRIBUTION,0,originals/owned_proventos_44287.zip; PN payment 87; record date corroborated by historical B3-derived distribution table,0.0,299.4729921988662,,,
V0,2014-08-13,02998611000104,TRPL4,186.2707022237546,187.45150224881263,B00S_TRPL4_2014-08-13_DISTRIBUTION_72,DISTRIBUTION,0,cache/market.json.gz; B3,0.0,36.60480077679891,,,
V0,2014-08-14,60872504000123,ITUB4,156.53690432832326,157.98345995060907,ITUB4_2014-08-14_DISTRIBUTION_293,DISTRIBUTION,0,cache/market.json.gz; SQLite corporate_actions/B3,0.0,50.96215457312892,,,
V0,2014-08-20,00000000000191,BBAS3,201.20724346076457,201.21661846094736,B00S_BBAS3_2014-08-20_DISTRIBUTION_47,DISTRIBUTION,0,cache/market.json.gz; B3,0.0,0.28378125553319916,,,
V0,2014-09-01,60872504000123,ITUB4,157.98345995060907,158.04197234318337,ITUB4_2014-09-01_DISTRIBUTION_292,DISTRIBUTION,0,cache/market.json.gz; SQLite corporate_actions/B3,0.0,2.369751899259136,,,
V0,2014-09-01,02558157000162,VIVT4,116.29671931446691,116.98454006629656,B00S_VIVT4_2014-09-01_DISTRIBUTION_81,DISTRIBUTION,0,cache/market.json.gz; B3,0.0,31.983664960078936,,,
V0,2014-09-02,60746948000112,BBDC4,156.1986592095862,156.2764758064603,BBDC4_2014-09-02_DISTRIBUTION_330,DISTRIBUTION,0,cache/market.json.gz; SQLite corporate_actions/B3,0.0,3.2332796001186592,,,
V0,2014-09-04,92702067000196,BRSR6,465.1162790697674,470.1350443148246,B00S_BRSR6_2014-09-04_DISTRIBUTION_52,DISTRIBUTION,0,cache/market.json.gz; B3,0.0,77.0380465116279,,,
V0,2014-09-05,02429144000193,CPFE3,264.6212388900647,270.0643567171423,B00S_CPFE3_2014-09-05_DISTRIBUTION_54,DISTRIBUTION,0,cache/market.json.gz; B3,0.0,116.10170325156471,,,
V0,2014-09-12,00000000000191,BBAS3,201.21661846094736,203.40375581057137,B00S_BBAS3_2014-09-12_DISTRIBUTION_46,DISTRIBUTION,0,cache/market.json.gz; B3,0.0,67.71377234435974,,,
V0,2014-09-12,02474103000119,TBLE3,159.15009667565226,162.35419650658778,TBLE3_2014-09-12_DISTRIBUTION_372,DISTRIBUTION,0,cache/market.json.gz; SQLite corporate_actions/B3,0.0,112.59206805907442,,,
V0,2014-09-23,17281106000103,CSMG3,147.1568261130107,148.31344967834397,B00S_CSMG3_2014-09-23_DISTRIBUTION_60,DISTRIBUTION,0,cache/market.json.gz; B3,0.0,40.38929490143714,,,
V0,2014-10-01,60872504000123,ITUB4,158.04197234318337,158.11389678448035,ITUB4_2014-10-01_DISTRIBUTION_291,DISTRIBUTION,0,cache/market.json.gz; SQLite corporate_actions/B3,0.0,2.3706295851477504,,,
V0,2014-10-01,02558157000162,VIVT4,122.80933590060374,123.40713895483974,B00S_VIVT4_2014-10-01_DISTRIBUTION_80,DISTRIBUTION,0,cache/market.json.gz; B3,0.0,28.222282190481145,,,
V0,2014-10-02,60746948000112,BBDC4,159.4680719497414,159.56344773016707,BBDC4_2014-10-02_DISTRIBUTION_329,DISTRIBUTION,0,cache/market.json.gz; SQLite corporate_actions/B3,0.0,3.300955760532609,,,
V0,2014-10-30,02149205000169,PSSA3,182.1329233542166,185.9861292212178,B00S_PSSA3_2014-10-30_DISTRIBUTION_67,DISTRIBUTION,0,cache/market.json.gz; B3,0.0,112.89893190313546,,,
V0,2014-11-03,60872504000123,ITUB4,161.8762337034617,161.94257642219264,ITUB4_2014-11-03_DISTRIBUTION_290,DISTRIBUTION,0,cache/market.json.gz; SQLite corporate_actions/B3,0.0,2.4281435055519256,,,
V0,2014-11-03,02558157000162,VIVT4,123.40713895483974,124.10151406893085,B00S_VIVT4_2014-11-03_DISTRIBUTION_79,DISTRIBUTION,0,cache/market.json.gz; B3,0.0,34.663205695428715,,,
V0,2014-11-04,60746948000112,BBDC4,159.56344773016707,159.6520218792487,BBDC4_2014-11-04_DISTRIBUTION_328,DISTRIBUTION,0,cache/market.json.gz; SQLite corporate_actions/B3,0.0,3.3029300192538824,,,
V0,2014-11-07,76483817000120,CPLE6,157.807307378732,164.78792913874665,B00S_CPLE6_2014-11-07_DISTRIBUTION_56;B00S_CPLE6_2014-11-07_DISTRIBUTION_57,DISTRIBUTION,0,cache/market.json.gz; B3,0.0,230.7095491684848,,,
V0,2014-11-10,17155730000164,CMIG4,367.96539041543065,391.93547270961415,CMIG4_2014-11-10_DISTRIBUTION_637,DISTRIBUTION,0,https://api.mziq.com/mzfilemanager/v2/d/716a131f-9624-452c-9088-0cd6983c1349/a2eb9f5f-37e1-8913-c1eb-c4281b5e23b2?origin=2,0.0,321.6785043879424,,,
V0,2014-11-11,02474103000119,TBLE3,167.0504653160782,169.95172295927867,TBLE3_2014-11-11_DISTRIBUTION_371,DISTRIBUTION,0,cache/market.json.gz; SQLite corporate_actions/B3,0.0,97.27916877651174,,,
V0,2014-11-17,00000000000191,BBAS3,208.6347144475732,209.09821654306631,B00S_BBAS3_2014-11-17_DISTRIBUTION_45,DISTRIBUTION,0,cache/market.json.gz; B3,0.0,11.62463255496704,,,
V0,2014-11-25,02998611000104,TRPL4,187.45150224881263,192.53363333770972,B00S_TRPL4_2014-11-25_DISTRIBUTION_71,DISTRIBUTION,0,cache/market.json.gz; B3,0.0,191.7996272949761,,,
V0,2014-11-26,92702067000196,BRSR6,470.1350443148246,475.6409228377373,B00S_BRSR6_2014-11-26_DISTRIBUTION_51,DISTRIBUTION,0,cache/market.json.gz; B3,0.0,78.45876895150609,,,
V0,2014-11-26,02474103000119,TBLE3,169.95172295927867,171.65740940296374,TBLE3_2014-11-26_DISTRIBUTION_370,DISTRIBUTION,0,cache/market.json.gz; SQLite corporate_actions/B3,0.0,58.061566543039994,,,
V0,2014-12-01,60872504000123,ITUB4,161.94257642219264,162.00826432501398,ITUB4_2014-12-01_DISTRIBUTION_289,DISTRIBUTION,0,cache/market.json.gz; SQLite corporate_actions/B3,0.0,2.4291386463328895,,,
V0,2014-12-01,02558157000162,VIVT4,124.10151406893085,125.16839320756289,B00S_VIVT4_2014-12-01_DISTRIBUTION_78,DISTRIBUTION,0,cache/market.json.gz; B3,0.0,52.81051736228552,,,
V0,2014-12-02,60746948000112,BBDC4,159.6520218792487,159.741752085212,BBDC4_2014-12-02_DISTRIBUTION_327,DISTRIBUTION,0,cache/market.json.gz; SQLite corporate_actions/B3,0.0,3.304763485627875,,,
V0,2014-12-12,00000000000191,BBAS3,210.0725745904305,213.14678270463708,B00S_BBAS3_2014-12-12_DISTRIBUTION_44,DISTRIBUTION,0,cache/market.json.gz; B3,0.0,71.41385449301904,,,
V0,2014-12-22,03220438000173,EQTL3,224.32191684798414,226.81253768641477,B00S_EQTL3_2014-12-22_DISTRIBUTION_64,DISTRIBUTION,0,cache/market.json.gz; B3,0.0,67.29657505439523,,,
V0,2014-12-23,60746948000112,BBDC4,159.741752085212,162.63761041442515,BBDC4_2014-12-23_DISTRIBUTION_326,DISTRIBUTION,0,cache/market.json.gz; SQLite corporate_actions/B3,0.0,103.72964535241489,,,
V0,2014-12-23,02149205000169,PSSA3,189.85380774503895,191.1613714509642,B00S_PSSA3_2014-12-23_DISTRIBUTION_66,DISTRIBUTION,0,cache/market.json.gz; B3,0.0,39.93299557895664,,,
V0,2014-12-29,17155730000164,CMIG4,412.452959706634,418.021046272263,CMIG4_2014-12-29_DISTRIBUTION_638,DISTRIBUTION,0,https://api.mziq.com/mzfilemanager/v2/d/716a131f-9624-452c-9088-0cd6983c1349/a2eb9f5f-37e1-8913-c1eb-c4281b5e23b2?origin=2,0.0,75.39189209861718,,,
V0,2014-12-30,03983431000103,ENBR3,583.8772694407998,602.122120224238,B00S_ENBR3_2014-12-30_DISTRIBUTION_62,DISTRIBUTION,0,cache/market.json.gz; B3,0.0,163.65631152744052,,,
V0,2015-01-02,28195667000106,ABCB2,0,11.73543571406097,B00S_ABCB4_2015-01-02_DISTRIBUTION_38;B00S_ABCB4_2015-01-02_RIGHT_92,DISTRIBUTION;RIGHT,0,B3 BDI 2015-01-02 transcription; replaces inconsistent FRE 3.57531927%;cache/market.json.gz; B3,0.0,0.0,,,
V0,2015-01-02,28195667000106,ABCB4,424.6630400931064,435.93099167485974,B00S_ABCB4_2015-01-02_DISTRIBUTION_38;B00S_ABCB4_2015-01-02_RIGHT_92,DISTRIBUTION;RIGHT,0,B3 BDI 2015-01-02 transcription; replaces inconsistent FRE 3.57531927%;cache/market.json.gz; B3,0.0,141.41279235100444,,,
V0,2015-01-02,60872504000123,ITUB4,162.00826432501398,162.08009772628137,ITUB4_2015-01-02_DISTRIBUTION_288,DISTRIBUTION,0,cache/market.json.gz; SQLite corporate_actions/B3,0.0,2.4301239648752095,,,
V0,2015-01-02,02558157000162,VIVT4,125.16839320756289,126.35008833410231,B00S_VIVT4_2015-01-02_DISTRIBUTION_77,DISTRIBUTION,0,cache/market.json.gz; B3,0.0,54.66521655371342,,,
V0,2015-01-05,60746948000112,BBDC4,162.63761041442515,162.73561811586092,BBDC4_2015-01-05_DISTRIBUTION_325,DISTRIBUTION,0,cache/market.json.gz; SQLite corporate_actions/B3,0.0,3.366564544318024,,,
V0,2015-01-08,28195667000106,ABCB2,11.73543571406097,0,B00S_ABCB2_2015-01-08_RIGHT_REINVEST_93,RIGHT_REINVEST,0,COTAHIST first observed right close,0.0,0.0,,,
V0,2015-01-08,28195667000106,ABCB4,435.93099167485974,437.65389540804824,B00S_ABCB2_2015-01-08_RIGHT_REINVEST_93,RIGHT_REINVEST,0,COTAHIST first observed right close,0.0,0.0,,,
V0,2015-02-02,60872504000123,ITUB4,162.08009772628137,162.15306295635023,ITUB4_2015-02-02_DISTRIBUTION_287,DISTRIBUTION,0,cache/market.json.gz; SQLite corporate_actions/B3,0.0,2.4312014658942203,,,
V0,2015-02-03,60746948000112,BBDC4,163.04273750208895,163.13829102956237,BBDC4_2015-02-03_DISTRIBUTION_324,DISTRIBUTION,0,cache/market.json.gz; SQLite corporate_actions/B3,0.0,3.3749505903611032,,,
V0,2015-02-10,60746948000112,BBDC4,163.13829102956237,163.86727158042558,BBDC4_2015-02-10_DISTRIBUTION_323,DISTRIBUTION,0,cache/market.json.gz; SQLite corporate_actions/B3,0.0,25.689274612419247,,,
V0,2015-02-11,60872504000123,ITUB4,164.9137316314015,169.0725328146868,ITUB4_2015-02-11_DISTRIBUTION_285;ITUB4_2015-02-11_DISTRIBUTION_286,DISTRIBUTION,0,cache/market.json.gz; SQLite corporate_actions/B3,0.0,139.2366636163923,,,
V0,2015-02-11,02558157000162,VIVT4,126.35008833410231,132.63320694108052,B00S_VIVT4_2015-02-11_DISTRIBUTION_76,DISTRIBUTION,0,cache/market.json.gz; B3,0.0,319.1824252344925,,,
V0,2015-02-20,00000000000191,BBAS3,248.64997849877366,248.66641671306405,B00S_BBAS3_2015-02-20_DISTRIBUTION_43,DISTRIBUTION,0,cache/market.json.gz; B3,0.0,0.3940239965405118,,,
V0,2015-03-02,60872504000123,ITUB4,169.0725328146868,169.14235902592637,ITUB4_2015-03-02_DISTRIBUTION_284,DISTRIBUTION,0,cache/market.json.gz; SQLite corporate_actions/B3,0.0,2.536087992220302,,,
V0,2015-03-03,60746948000112,BBDC4,164.0036386107701,164.0950206038383,BBDC4_2015-03-03_DISTRIBUTION_322,DISTRIBUTION,0,cache/market.json.gz; SQLite corporate_actions/B3,0.0,3.3948410424824713,,,
V0,2015-03-05,92702067000196,BRSR6,480.32395483856635,487.82797905345467,B00S_BRSR6_2015-03-05_DISTRIBUTION_50,DISTRIBUTION,0,cache/market.json.gz; B3,0.0,90.42349178940438,,,
V0,2015-03-24,00000000000191,BBAS3,252.24138426935482,256.2827398539182,B00S_BBAS3_2015-03-24_DISTRIBUTION_42,DISTRIBUTION,0,cache/market.json.gz; B3,0.0,95.09309690477656,,,
V0,2015-03-25,17281106000103,CSMG3,288.0355353604784,288.35003525340977,B00S_CSMG3_2015-03-25_DISTRIBUTION_59,DISTRIBUTION,0,cache/market.json.gz; B3,0.0,5.918887984969039,,,
V0,2015-03-27,60746948000112,BBDC4,164.0950206038383,196.91402472460595,BBDC4_2015-03-27_SHARES_667,SHARES,0,originals/bradesco_remuneracao.html.gz; owned_capital_events_fre.json; SEC 6K 20150317/20160404/20180319/20200403,0.0,0.0,,,
V0,2015-03-30,02149205000169,PSSA3,200.54187176351817,204.15635835705658,B00S_PSSA3_2015-03-30_DISTRIBUTION_65,DISTRIBUTION,0,cache/market.json.gz; B3,0.0,127.59137675190563,,,
V0,2015-04-01,60872504000123,ITUB4,169.14235902592637,169.21186958443016,ITUB4_2015-04-01_DISTRIBUTION_283,DISTRIBUTION,0,cache/market.json.gz; SQLite corporate_actions/B3,0.0,2.5371353853888956,,,
V0,2015-04-02,60746948000112,BBDC4,201.46326949178297,201.58674258800784,BBDC4_2015-04-02_DISTRIBUTION_321,DISTRIBUTION,0,cache/market.json.gz; SQLite corporate_actions/B3,0.0,3.8227270591221085,,,
V0,2015-04-07,43776517000180,SBSP3,368.4012392169772,375.8322765784844,B00S_SBSP3_2015-04-07_DISTRIBUTION_68,DISTRIBUTION,0,cache/market.json.gz; B3,0.0,135.98798371558212,,,
V0,2015-04-10,02558157000162,VIVT4,132.63320694108052,132.6815466204325,B00S_VIVT4_2015-04-10_DISTRIBUTION_75,DISTRIBUTION,0,cache/market.json.gz; B3,0.0,2.2651973744344223,,,
V0,2015-04-13,03983431000103,ENBR3,651.614619248332,659.6274931460769,B00S_ENBR3_2015-04-13_DISTRIBUTION_61,DISTRIBUTION,0,cache/market.json.gz; B3,0.0,86.69929557359917,,,
V0,2015-04-13,03378521000175,LIGT3,398.50063850451903,419.0074813619616,B00S_LIGT3_2015-04-13_DISTRIBUTION_86,DISTRIBUTION,0,Light AGM 2015-04-10; entitlement on AGM date; source in b00s_initial_evidence.json,0.0,307.60264286163823,,,
V0,2015-04-20,03220438000173,EQTL3,226.81253768641477,230.26122016865313,B00S_EQTL3_2015-04-20_DISTRIBUTION_63,DISTRIBUTION,0,cache/market.json.gz; B3,0.0,108.9783664387319,,,
V0,2015-04-24,76483817000120,CPLE6,176.16195594625077,180.92268920125366,B00S_CPLE6_2015-04-24_DISTRIBUTION_55,DISTRIBUTION,0,cache/market.json.gz; B3,0.0,163.48357997679912,,,
V0,2015-04-28,07047251000170,COCE5,159.1155474792832,161.14037807597234,B00S_COCE5_2015-04-28_DISTRIBUTION_53,DISTRIBUTION,0,cache/market.json.gz; B3,0.0,85.44785118028175,,,
V0,2015-04-30,02429144000193,CPFE3,315.75177076508635,325.83849512969044,B00S_CPFE3_2015-04-30_SHARES_87,SHARES,0,https://www.sec.gov/Archives/edgar/data/1300482/000129281415001033/cpl20150429_6k.htm,0.0,0.0,,,
V0,2015-05-04,92702067000196,BRSR6,518.4982660880659,519.854870399615,B00S_BRSR6_2015-05-04_DISTRIBUTION_49,DISTRIBUTION,0,cache/market.json.gz; B3,0.0,15.234666418696715,,,
V0,2015-05-04,17155730000164,CMIG4,464.47079012947063,478.79462201359877,CMIG4_2015-05-04_DISTRIBUTION_639,DISTRIBUTION,0,https://api.mziq.com/mzfilemanager/v2/d/716a131f-9624-452c-9088-0cd6983c1349/a2eb9f5f-37e1-8913-c1eb-c4281b5e23b2?origin=2,0.0,209.4144221459536,,,
V0,2015-05-04,60872504000123,ITUB4,171.62310343644893,171.689197057798,ITUB4_2015-05-04_DISTRIBUTION_282,DISTRIBUTION,0,cache/market.json.gz; SQLite corporate_actions/B3,0.0,2.574346551546734,,,
V0,2015-05-05,60746948000112,BBDC4,205.75875157583724,205.8792897978573,BBDC4_2015-05-05_DISTRIBUTION_320,DISTRIBUTION,0,cache/market.json.gz; SQLite corporate_actions/B3,0.0,3.90423301122996,,,
V0,2015-05-07,02998611000104,TRPL4,192.53363333770972,193.41696057008792,B00S_TRPL4_2015-05-07_DISTRIBUTION_70,DISTRIBUTION,0,cache/market.json.gz; B3,0.0,37.04674412594209,,,
V0,2015-05-11,02998609000127,GETI4,361.7395035818568,368.444219925473,B00S_GETI4_2015-05-11_DISTRIBUTION_84,DISTRIBUTION,0,originals/owned_proventos_50033.zip; PN payment 80; record date corroborated by historical B3-derived distribution table,0.0,121.89174312694246,,,
V0,2015-05-11,02474103000119,TBLE3,181.85783897327616,183.16098555057602,TBLE3_2015-05-11_DISTRIBUTION_369,DISTRIBUTION,0,cache/market.json.gz; SQLite corporate_actions/B3,0.0,47.94276257886185,,,
V0,2015-05-12,17281106000103,CSMG3,328.5671278220525,329.27021028665854,B00S_CSMG3_2015-05-12_DISTRIBUTION_58,DISTRIBUTION,0,cache/market.json.gz; B3,0.0,12.655484362908911,,,
V0,2015-05-13,02558115000121,TIMP3,597.7029691698488,607.8713863093637,B00S_TIMP3_2015-05-13_DISTRIBUTION_85,DISTRIBUTION,0,"originals/tim_2015_ago.pdf.gz; 2015-04-14 AGM, record 2015-05-12",0.0,90.70228088447342,,,
V0,2015-05-22,00000000000191,BBAS3,261.2088176927397,266.25554617672407,B00S_BBAS3_2015-05-22_DISTRIBUTION_41,DISTRIBUTION,0,cache/market.json.gz; B3,0.0,117.84111010103591,,,
V0,2015-05-26,02558157000162,VIVT4,135.1147164958344,136.78791408714193,B00S_VIVT4_2015-05-26_DISTRIBUTION_73;B00S_VIVT4_2015-05-26_DISTRIBUTION_74,DISTRIBUTION,0,cache/market.json.gz; B3,0.0,73.53703413796632,,,
V0,2015-05-27,02998611000104,TRPL4,193.41696057008792,196.61439197301402,B00S_TRPL4_2015-05-27_DISTRIBUTION_69,DISTRIBUTION,0,cache/market.json.gz; B3,0.0,132.85327479157914,,,
V0,2015-06-01,60872504000123,ITUB4,173.51140956882548,173.58777902726246,ITUB4_2015-06-01_DISTRIBUTION_281,DISTRIBUTION,0,cache/market.json.gz; SQLite corporate_actions/B3,0.0,2.6026711435323824,,,
V0,2015-06-02,60746948000112,BBDC4,215.21898769910885,215.36048940336264,BBDC4_2015-06-02_DISTRIBUTION_319,DISTRIBUTION,0,cache/market.json.gz; SQLite corporate_actions/B3,0.0,4.08373918476394,,,
V0,2015-06-03,92702067000196,BRSR6,591.5714779342549,603.6001076994021,B00S_BRSR6_2015-06-03_DISTRIBUTION_48,DISTRIBUTION,0,cache/market.json.gz; B3,0.0,122.09059211624428,,,
V0,2015-06-12,00000000000191,BBAS3,273.6842361297284,277.2104263517424,B00S_BBAS3_2015-06-12_DISTRIBUTION_40,DISTRIBUTION,0,cache/market.json.gz; B3,0.0,79.33927999531542,,,
V0,2015-06-23,60746948000112,BBDC4,215.36048940336264,216.7883957030396,BBDC4_2015-06-23_DISTRIBUTION_318,DISTRIBUTION,0,cache/market.json.gz; SQLite corporate_actions/B3,0.0,40.895236422748724,,,
V0,2015-07-01,28195667000106,ABCB4,568.0345626656523,588.4232792887477,CONT_26_ABCB4_2015-07-01,DISTRIBUTION,0,cache/market.json.gz; B3,0.0,228.35362617866895,,,
V0,2015-07-01,60872504000123,ITUB4,193.8192949977925,193.90380922526248,ITUB4_2015-07-01_DISTRIBUTION_280,DISTRIBUTION,0,cache/market.json.gz; SQLite corporate_actions/B3,0.0,2.9072894249668875,,,
V0,2015-07-02,60746948000112,BBDC4,238.84817934607082,239.00516232435587,BBDC4_2015-07-02_DISTRIBUTION_317,DISTRIBUTION,0,cache/market.json.gz; SQLite corporate_actions/B3,0.0,4.5320985830894385,,,
V0,2015-07-14,60872504000123,ITUB4,198.12013304798464,217.93214635278312,ITUB4_2015-07-14_SHARES_662,SHARES,0,https://www.itau.com.br/relacoes-com-investidores/informacoes-ao-mercado/recompra/; owned_capital_events_fre.json; B3,0.0,0.0,,,
V0,2015-08-03,60872504000123,ITUB4,217.93214635278312,218.04140377909636,ITUB4_2015-08-03_DISTRIBUTION_279,DISTRIBUTION,0,cache/market.json.gz; SQLite corporate_actions/B3,0.0,3.2689821952917466,,,
V0,2015-08-03,02558157000162,VIVT4,154.7210137168072,155.19716243779587,CONT_2802_VIVT4_2015-08-03,DISTRIBUTION,0,cache/market.json.gz; B3,0.0,20.88864438977263,,,
V0,2015-08-04,60746948000112,BBDC4,247.55833938286662,247.73879932163524,BBDC4_2015-08-04_DISTRIBUTION_316,DISTRIBUTION,0,cache/market.json.gz; SQLite corporate_actions/B3,0.0,4.6973722061470715,,,
V0,2015-08-10,02998609000127,GETI4,393.4216647162234,401.92213747190806,GETI_DIST_20150810,DISTRIBUTION,0,https://www.fundamentus.com.br/proventos.php?interface=mobile&papel=geti4&tipo=2,0.0,146.03812194266212,,,
V0,2015-08-12,17281106000103,CSMG3,509.79251939630615,510.2271943163934,CONT_994_CSMG3_2015-08-12,DISTRIBUTION,0,cache/market.json.gz; B3,0.0,4.520619168907788,,,
V0,2015-08-13,60872504000123,ITUB4,223.44700148870768,226.3426068263516,ITUB4_2015-08-13_DISTRIBUTION_278,DISTRIBUTION,0,cache/market.json.gz; SQLite corporate_actions/B3,0.0,77.31266251509285,,,
V0,2015-08-21,02474103000119,TBLE3,199.7264364120768,202.57211330559818,TBLE3_2015-08-21_DISTRIBUTION_368,DISTRIBUTION,0,cache/market.json.gz; SQLite corporate_actions/B3,0.0,95.24480562616058,,,
V0,2015-08-24,00000000000191,BBAS3,296.07665732875364,298.1779761462867,CONT_253_BBAS3_2015-08-24;CONT_254_BBAS3_2015-08-24,DISTRIBUTION,0,cache/market.json.gz; B3,0.0,37.676646398368106,,,
V0,2015-09-01,60872504000123,ITUB4,226.3426068263516,226.47359213122797,ITUB4_2015-09-01_DISTRIBUTION_277,DISTRIBUTION,0,cache/market.json.gz; SQLite corporate_actions/B3,0.0,3.395139102395274,,,
V0,2015-09-01,02558157000162,VIVT4,156.8661633707318,157.43608872202705,CONT_2801_VIVT4_2015-09-01,DISTRIBUTION,0,cache/market.json.gz; B3,0.0,22.71152524911538,,,
V0,2015-09-02,60746948000112,BBDC4,255.45494186513963,255.6677253914784,BBDC4_2015-09-02_DISTRIBUTION_315,DISTRIBUTION,0,cache/market.json.gz; SQLite corporate_actions/B3,0.0,4.847208729997128,,,
V0,2015-09-10,92702067000196,BRSR6,770.3813600609457,795.8412650214732,CONT_695_BRSR6_2015-09-10,DISTRIBUTION,0,cache/market.json.gz; B3,0.0,176.18254232685078,,,
V0,2015-09-14,00000000000191,BBAS3,314.8202370847691,319.72461338767033,CONT_252_BBAS3_2015-09-14,DISTRIBUTION,0,cache/market.json.gz; B3,0.0,83.76674725355296,,,
V0,2015-10-01,60872504000123,ITUB4,229.1911828459655,229.31907971139293,ITUB4_2015-10-01_DISTRIBUTION_276,DISTRIBUTION,0,cache/market.json.gz; SQLite corporate_actions/B3,0.0,3.4378677426894826,,,
V0,2015-10-01,02558157000162,VIVT4,157.43608872202705,157.81492247990707,CONT_2800_VIVT4_2015-10-01,DISTRIBUTION,0,cache/market.json.gz; B3,0.0,14.138075844082389,,,
V0,2015-10-02,60746948000112,BBDC4,264.1093451959624,264.33197622129376,BBDC4_2015-10-02_DISTRIBUTION_314,DISTRIBUTION,0,cache/market.json.gz; SQLite corporate_actions/B3,0.0,5.011424380208454,,,
V0,2015-10-29,02149205000169,PSSA3,204.15635835705658,209.10503270780538,CONT_2161_PSSA3_2015-10-29,DISTRIBUTION,0,cache/market.json.gz; B3,0.0,161.32678383441055,,,
V0,2015-11-03,60872504000123,ITUB4,229.61625353452442,229.7385633286657,ITUB4_2015-11-03_DISTRIBUTION_275,DISTRIBUTION,0,cache/market.json.gz; SQLite corporate_actions/B3,0.0,3.444243803017866,,,
V0,2015-11-03,02558157000162,VIVT4,160.12980369218178,160.3367369015529,CONT_2799_VIVT4_2015-11-03,DISTRIBUTION,0,cache/market.json.gz; B3,0.0,8.608421509838541,,,
V0,2015-11-04,60746948000112,BBDC4,277.3737490042597,277.6168489538657,BBDC4_2015-11-04_DISTRIBUTION_313,DISTRIBUTION,0,cache/market.json.gz; SQLite corporate_actions/B3,0.0,5.263113908969768,,,
V0,2015-11-12,17281106000103,CSMG3,553.6639891716452,554.4288027940211,CONT_993_CSMG3_2015-11-12,DISTRIBUTION,0,cache/market.json.gz; B3,0.0,11.586926378993594,,,
V0,2015-11-24,00000000000191,BBAS3,360.47703491007746,363.7873142945642,CONT_251_BBAS3_2015-11-24,DISTRIBUTION,0,cache/market.json.gz; B3,0.0,61.57119655145375,,,
V0,2015-11-24,02474103000119,TBLE3,202.57211330559818,205.31864117473341,TBLE3_2015-11-24_DISTRIBUTION_367,DISTRIBUTION,0,cache/market.json.gz; SQLite corporate_actions/B3,0.0,97.446808796918,,,
V0,2015-11-26,02998611000104,TRPL4,196.61439197301402,202.76827188119893,CONT_1398_TRPL4_2015-11-26,DISTRIBUTION,0,cache/market.json.gz; B3,0.0,273.23226792340995,,,
V0,2015-12-01,60872504000123,ITUB4,233.4960302673095,233.62116211632735,ITUB4_2015-12-01_DISTRIBUTION_274,DISTRIBUTION,0,cache/market.json.gz; SQLite corporate_actions/B3,0.0,3.5024404540096423,,,
V0,2015-12-01,02558157000162,VIVT4,161.4721999950954,162.0955157825384,CONT_2798_VIVT4_2015-12-01,DISTRIBUTION,0,cache/market.json.gz; B3,0.0,23.181114135005668,,,
V0,2015-12-02,60746948000112,BBDC4,287.2793680715115,287.539314239313,BBDC4_2015-12-02_DISTRIBUTION_312,DISTRIBUTION,0,cache/market.json.gz; SQLite corporate_actions/B3,0.0,5.451071138797628,,,
V0,2015-12-04,92702067000196,BRSR6,1010.2725224796451,1054.5396835752817,CONT_694_BRSR6_2015-12-04,DISTRIBUTION,0,cache/market.json.gz; B3,0.0,250.55213180130312,,,
V0,2015-12-10,60872504000123,ITUB4,235.11586314092094,236.8220858977422,ITUB4_2015-12-10_DISTRIBUTION_273,DISTRIBUTION,0,cache/market.json.gz; SQLite corporate_actions/B3,0.0,49.13921539645247,,,
V0,2015-12-14,00000000000191,BBAS3,374.90295999462484,381.08730139008446,CONT_250_BBAS3_2015-12-14,DISTRIBUTION,0,cache/market.json.gz; B3,0.0,102.90744082044796,,,
V0,2015-12-14,02149205000169,PSSA3,209.69264229617175,211.78452699584898,CONT_2160_PSSA3_2015-12-14,DISTRIBUTION,0,cache/market.json.gz; B3,0.0,66.52193344973581,,,
V0,2015-12-17,60746948000112,BBDC4,287.539314239313,299.3611494969846,BBDC4_2015-12-17_DISTRIBUTION_311,DISTRIBUTION,0,cache/market.json.gz; SQLite corporate_actions/B3,0.0,242.82049619257378,,,
V0,2015-12-22,03983431000103,ENBR3,659.6274931460769,661.3126937575346,CONT_1109_ENBR3_2015-12-22,DISTRIBUTION,0,cache/market.json.gz; B3,0.0,20.239259343607024,,,
V0,2015-12-28,03220438000173,EQTL3,230.26122016865313,232.5737431832594,CONT_1127_EQTL3_2015-12-28,DISTRIBUTION,0,cache/market.json.gz; B3,0.0,80.59142705902859,,,
V0,2016-01-04,28195667000106,ABCB4,702.1525923587644,742.1401895755779,CONT_25_ABCB4_2016-01-04,DISTRIBUTION,0,cache/market.json.gz; B3,0.0,325.0991653726938,,,
V0,2016-01-04,17155730000164,CMIG4,858.6690669294404,882.7826510142353,CMIG4_2016-01-04_DISTRIBUTION_640,DISTRIBUTION,0,https://api.mziq.com/mzfilemanager/v2/d/716a131f-9624-452c-9088-0cd6983c1349/a2eb9f5f-37e1-8913-c1eb-c4281b5e23b2?origin=2,0.0,136.48288591993884,,,
V0,2016-01-04,02998609000127,GETI4,447.97249977378834,0,GETI_TIET_20160104,CONVERSION,0,"https://www.santander.com.br/document/wps/AEST_TIETE_AVISO_AO_MERCADO_WEBSITE.PDF; p18; COTAHIST last GETI 2015-12-30, first TIET 2016-01-04",0.0,0.0,,,
V0,2016-01-04,02998609000127,TIET11,0,447.97249977378834,GETI_TIET_20160104,CONVERSION,0,"https://www.santander.com.br/document/wps/AEST_TIETE_AVISO_AO_MERCADO_WEBSITE.PDF; p18; COTAHIST last GETI 2015-12-30, first TIET 2016-01-04",0.0,0.0,,,
V0,2016-01-04,60872504000123,ITUB4,236.8220858977422,236.96344408669827,ITUB4_2016-01-04_DISTRIBUTION_272,DISTRIBUTION,0,cache/market.json.gz; SQLite corporate_actions/B3,0.0,3.552331288466133,,,
V0,2016-01-04,02558157000162,VIVT4,166.33994287367335,167.20704847581996,CONT_2797_VIVT4_2016-01-04,DISTRIBUTION,0,cache/market.json.gz; B3,0.0,30.782248876205042,,,
V0,2016-01-05,60746948000112,BBDC4,308.7267608292014,309.0342690349716,BBDC4_2016-01-05_DISTRIBUTION_310,DISTRIBUTION,0,cache/market.json.gz; SQLite corporate_actions/B3,0.0,5.858031319922778,,,
V0,2016-02-01,60872504000123,ITUB4,241.48850605292762,241.63072543222853,ITUB4_2016-02-01_DISTRIBUTION_271,DISTRIBUTION,0,cache/market.json.gz; SQLite corporate_actions/B3,0.0,3.622327590793914,,,
V0,2016-02-02,60746948000112,BBDC4,319.32853815450824,319.66798902396096,BBDC4_2016-02-02_DISTRIBUTION_309,DISTRIBUTION,0,cache/market.json.gz; SQLite corporate_actions/B3,0.0,6.059198019731006,,,
V0,2016-02-19,60872504000123,ITUB4,245.81131636046362,252.43920780777665,ITUB4_2016-02-19_DISTRIBUTION_269;ITUB4_2016-02-19_DISTRIBUTION_270,DISTRIBUTION,0,cache/market.json.gz; SQLite corporate_actions/B3,0.0,160.85892542628739,,,
V0,2016-03-01,60872504000123,ITUB4,252.43920780777665,252.58166785732956,ITUB4_2016-03-01_DISTRIBUTION_268,DISTRIBUTION,0,cache/market.json.gz; SQLite corporate_actions/B3,0.0,3.7865881171166498,,,
V0,2016-03-01,02558157000162,VIVT4,175.41602397676897,175.96430380593662,CONT_2796_VIVT4_2016-03-01,DISTRIBUTION,0,cache/market.json.gz; B3,0.0,21.432258522163647,,,
V0,2016-03-02,60746948000112,BBDC4,321.68738330206327,321.9598813670573,BBDC4_2016-03-02_DISTRIBUTION_308,DISTRIBUTION,0,cache/market.json.gz; SQLite corporate_actions/B3,0.0,6.1039566558664395,,,
V0,2016-03-03,00000000000191,BBAS3,433.579438458234,435.943580416369,CONT_248_BBAS3_2016-03-03;CONT_249_BBAS3_2016-03-03,DISTRIBUTION,0,cache/market.json.gz; B3,0.0,39.268397924622676,,,
V0,2016-03-11,92702067000196,BRSR6,1168.4865364194138,1198.8946490638534,CONT_693_BRSR6_2016-03-11,DISTRIBUTION,0,cache/market.json.gz; B3,0.0,217.72208653418676,,,
V0,2016-03-14,00000000000191,BBAS3,435.943580416369,437.8736123980251,CONT_247_BBAS3_2016-03-14,DISTRIBUTION,0,cache/market.json.gz; B3,0.0,42.846709992765135,,,
V0,2016-03-30,02149205000169,PSSA3,239.08115543579237,240.2985378451804,CONT_2159_PSSA3_2016-03-30,DISTRIBUTION,0,cache/market.json.gz; B3,0.0,33.843230980987315,,,
V0,2016-04-01,60872504000123,ITUB4,256.78235813554704,256.90498581373976,ITUB4_2016-04-01_DISTRIBUTION_267,DISTRIBUTION,0,cache/market.json.gz; SQLite corporate_actions/B3,0.0,3.8517353720332057,,,
V0,2016-04-01,02558157000162,VIVT4,177.87371946693426,178.69257742331,CONT_2795_VIVT4_2016-04-01,DISTRIBUTION,0,cache/market.json.gz; B3,0.0,36.61932780912385,,,
V0,2016-04-04,60746948000112,BBDC4,321.9598813670573,322.18980711995914,BBDC4_2016-04-04_DISTRIBUTION_307,DISTRIBUTION,0,cache/market.json.gz; SQLite corporate_actions/B3,0.0,6.10912725460257,,,
V0,2016-04-06,43776517000180,SBSP3,414.75496557029567,418.7495094415985,CONT_2263_SBSP3_2016-04-06,DISTRIBUTION,0,cache/market.json.gz; B3,0.0,90.95576394956583,,,
V0,2016-04-13,02558115000121,TIMP3,936.3053488544297,960.156495635774,TIMP_GROSS_2016-04-13,DISTRIBUTION,0,research/graham_v6_comparison/audit_v13_inputs/documents/TIM_DIV.html.gz,0.0,181.26871553821758,,,
V0,2016-04-14,03983431000103,ENBR3,667.006139511892,700.6967654150629,CONT_1108_ENBR3_2016-04-14,DISTRIBUTION,0,cache/market.json.gz; B3,0.0,404.2875108380519,,,
V0,2016-04-18,60746948000112,BBDC4,322.18980711995914,354.40878783195507,BBDC4_2016-04-18_SHARES_668,SHARES,0,originals/bradesco_remuneracao.html.gz; owned_capital_events_fre.json; SEC 6K 20150317/20160404/20180319/20200403,0.0,0.0,,,
V0,2016-04-18,03220438000173,EQTL3,232.5737431832594,236.31102212192735,CONT_1126_EQTL3_2016-04-18,DISTRIBUTION,0,cache/market.json.gz; B3,0.0,151.1729330691186,,,
V0,2016-04-29,76483817000120,CPLE6,264.3913622240589,276.1094750436772,CONT_923_CPLE6_2016-04-29;CONT_924_CPLE6_2016-04-29,DISTRIBUTION,0,cache/market.json.gz; B3,0.0,331.73977392339344,,,
V0,2016-04-29,02998609000127,TIET11,487.59535396216796,529.6057751070342,CONT_2619_TIET11_2016-04-29,DISTRIBUTION,0,cache/market.json.gz; B3,0.0,593.1871465655119,,,
V0,2016-04-29,02558157000162,VIVT4,181.72686767700142,185.1004071122989,CONT_2794_VIVT4_2016-04-29,DISTRIBUTION,0,cache/market.json.gz; B3,0.0,142.90313047920213,,,
V0,2016-05-02,17155730000164,CMIG4,1022.6345589464038,1075.1973036293784,CMIG4_2016-05-02_DISTRIBUTION_641,DISTRIBUTION,0,https://api.mziq.com/mzfilemanager/v2/d/716a131f-9624-452c-9088-0cd6983c1349/a2eb9f5f-37e1-8913-c1eb-c4281b5e23b2?origin=2,0.0,352.6960168227597,,,
V0,2016-05-02,02429144000193,CPFE3,419.15416572129317,434.0932391086407,CONT_847_CPFE3_2016-05-02;CPFE_BONUS_20160502,DISTRIBUTION;SHARES,0,b00s_initial_capital_events_fre.json; FRE 2.50757045% approved 2016-04-29;cache/market.json.gz; B3,0.0,86.7097830526612,,,
V0,2016-05-02,60872504000123,ITUB4,260.6410785637603,260.76344526731134,ITUB4_2016-05-02_DISTRIBUTION_266,DISTRIBUTION,0,cache/market.json.gz; SQLite corporate_actions/B3,0.0,3.909616178456404,,,
V0,2016-05-02,02558157000162,VIVT4,185.1004071122989,185.6784052946791,CONT_2793_VIVT4_2016-05-02,DISTRIBUTION,0,cache/market.json.gz; B3,0.0,24.877041769643757,,,
V0,2016-05-03,60746948000112,BBDC4,354.40878783195507,354.67951404198055,BBDC4_2016-05-03_DISTRIBUTION_306,DISTRIBUTION,0,cache/market.json.gz; SQLite corporate_actions/B3,0.0,6.724839057032871,,,
V0,2016-05-09,02998609000127,TIET11,552.7995430172085,562.0898738690131,CONT_2618_TIET11_2016-05-09,DISTRIBUTION,0,cache/market.json.gz; B3,0.0,129.6001153826742,,,
V0,2016-05-11,02474103000119,TBLE3,216.1157970286566,218.01251398349098,TBLE3_2016-05-11_DISTRIBUTION_366,DISTRIBUTION,0,cache/market.json.gz; SQLite corporate_actions/B3,0.0,69.36293903829267,,,
V0,2016-05-12,17281106000103,CSMG3,554.4288027940211,558.9791081866231,CONT_992_CSMG3_2016-05-12,DISTRIBUTION,0,cache/market.json.gz; B3,0.0,114.84970810927604,,,
V0,2016-05-24,00000000000191,BBAS3,437.8736123980251,441.5367011179049,CONT_246_BBAS3_2016-05-24,DISTRIBUTION,0,cache/market.json.gz; B3,0.0,58.53615774367955,,,
V0,2016-06-01,60872504000123,ITUB4,264.46449525931064,264.59910562337205,ITUB4_2016-06-01_DISTRIBUTION_265,DISTRIBUTION,0,cache/market.json.gz; SQLite corporate_actions/B3,0.0,3.9669674288896593,,,
V0,2016-06-02,60746948000112,BBDC4,358.20588498191813,358.4896798984195,BBDC4_2016-06-02_DISTRIBUTION_305,DISTRIBUTION,0,cache/market.json.gz; SQLite corporate_actions/B3,0.0,6.796888250207864,,,
V0,2016-06-14,00000000000191,BBAS3,454.46684695250707,458.3529509616858,CONT_245_BBAS3_2016-06-14,DISTRIBUTION,0,cache/market.json.gz; B3,0.0,62.60513558786913,,,
V0,2016-06-14,92702067000196,BRSR6,1198.8946490638534,1229.4101161909941,CONT_692_BRSR6_2016-06-14,DISTRIBUTION,0,cache/market.json.gz; B3,0.0,225.20414739829877,,,
V0,2016-06-22,02998611000104,TRPL4,202.76827188119893,204.98408015574398,CONT_1397_TRPL4_2016-06-22,DISTRIBUTION,0,cache/market.json.gz; B3,0.0,135.40804365744899,,,
V0,2016-06-23,60746948000112,BBDC4,358.4896798984195,361.16079531427863,BBDC4_2016-06-23_DISTRIBUTION_304,DISTRIBUTION,0,cache/market.json.gz; SQLite corporate_actions/B3,0.0,68.03330964193158,,,
V0,2016-07-01,28195667000106,ABCB4,817.7945299926041,853.8195623427606,CONT_24_ABCB4_2016-07-01,DISTRIBUTION,0,cache/market.json.gz; B3,0.0,448.1514024359471,,,
V0,2016-07-01,60872504000123,ITUB4,343.5900119206167,343.7567492282456,ITUB4_2016-07-01_DISTRIBUTION_264,DISTRIBUTION,0,cache/market.json.gz; SQLite corporate_actions/B3,0.0,5.15385017880925,,,
V0,2016-07-01,02558157000162,VIVT4,237.6826936628949,238.2152034535339,CONT_2792_VIVT4_2016-07-01,DISTRIBUTION,0,cache/market.json.gz; B3,0.0,23.37717980905143,,,
V0,2016-07-04,60746948000112,BBDC4,422.13333767291664,422.44488568749756,BBDC4_2016-07-04_DISTRIBUTION_303,DISTRIBUTION,0,cache/market.json.gz; SQLite corporate_actions/B3,0.0,8.009899454876097,,,
V0,2016-08-01,60872504000123,ITUB4,347.93898478719655,348.0951045829431,ITUB4_2016-08-01_DISTRIBUTION_263,DISTRIBUTION,0,cache/market.json.gz; SQLite corporate_actions/B3,0.0,5.219084771807948,,,
V0,2016-08-02,60746948000112,BBDC4,428.93963266523235,429.23000182692886,BBDC4_2016-08-02_DISTRIBUTION_302,DISTRIBUTION,0,cache/market.json.gz; SQLite corporate_actions/B3,0.0,8.139047602352944,,,
V0,2016-08-09,02474103000119,TBLE3,285.2515447502139,292.02928875488135,TBLE3_2016-08-09_DISTRIBUTION_365,DISTRIBUTION,0,cache/market.json.gz; SQLite corporate_actions/B3,0.0,281.9541505941672,,,
V0,2016-08-15,60872504000123,ITUB4,357.24685481940605,361.1714554546743,ITUB4_2016-08-15_DISTRIBUTION_262,DISTRIBUTION,0,cache/market.json.gz; SQLite corporate_actions/B3,0.0,142.54149507294304,,,
V0,2016-08-23,00000000000191,BBAS3,619.2215603794817,623.0598947308206,CONT_243_BBAS3_2016-08-23;CONT_244_BBAS3_2016-08-23,DISTRIBUTION,0,cache/market.json.gz; B3,0.0,86.66958965323231,,,
V0,2016-09-01,60872504000123,ITUB4,361.1714554546743,361.3211534881592,ITUB4_2016-09-01_DISTRIBUTION_261,DISTRIBUTION,0,cache/market.json.gz; SQLite corporate_actions/B3,0.0,5.417571831820114,,,
V0,2016-09-02,60746948000112,BBDC4,435.3942657431628,435.67346557527407,BBDC4_2016-09-02_DISTRIBUTION_301,DISTRIBUTION,0,cache/market.json.gz; SQLite corporate_actions/B3,0.0,8.261523032171757,,,
V0,2016-09-08,92702067000196,BRSR6,1260.8724682523402,1281.5838578151033,CONT_691_BRSR6_2016-09-08,DISTRIBUTION,0,cache/market.json.gz; B3,0.0,240.66634671930805,,,
V0,2016-09-13,00000000000191,BBAS3,623.0598947308206,626.6451662712179,CONT_242_BBAS3_2016-09-13,DISTRIBUTION,0,cache/market.json.gz; B3,0.0,78.91182660414611,,,
V0,2016-10-03,60746948000112,BBDC4,435.67346557527407,444.8613028981411,BBDC4_2016-10-03_DISTRIBUTION_300,DISTRIBUTION,0,cache/market.json.gz; SQLite corporate_actions/B3,0.0,273.7056738482098,,,
V0,2016-10-03,60872504000123,ITUB4,361.3211534881592,361.47025437680634,ITUB4_2016-10-03_DISTRIBUTION_260,DISTRIBUTION,0,cache/market.json.gz; SQLite corporate_actions/B3,0.0,5.419817302322388,,,
V0,2016-10-03,02558157000162,VIVT4,251.76776422777894,253.90622134293605,CONT_2791_VIVT4_2016-10-03,DISTRIBUTION,0,cache/market.json.gz; B3,0.0,99.97287013359532,,,
V0,2016-10-04,60746948000112,BBDC4,444.8613028981411,445.1408114495975,BBDC4_2016-10-04_DISTRIBUTION_299,DISTRIBUTION,0,cache/market.json.gz; SQLite corporate_actions/B3,0.0,8.441158253983373,,,
V0,2016-10-18,60872504000123,ITUB4,361.47025437680634,397.617279814487,ITUB4_2016-10-18_SHARES_663,SHARES,0,https://www.itau.com.br/relacoes-com-investidores/informacoes-ao-mercado/recompra/; owned_capital_events_fre.json; B3,0.0,0.0,,,
V0,2016-10-28,02149205000169,PSSA3,427.5599484354075,442.840219485076,CONT_2158_PSSA3_2016-10-28,DISTRIBUTION,0,cache/market.json.gz; B3,0.0,464.5202399099217,,,
V0,2016-11-01,60872504000123,ITUB4,397.617279814487,397.7773941553519,ITUB4_2016-11-01_DISTRIBUTION_259,DISTRIBUTION,0,cache/market.json.gz; SQLite corporate_actions/B3,0.0,5.964259197217305,,,
V0,2016-11-03,60746948000112,BBDC4,445.1408114495975,445.4075137506825,BBDC4_2016-11-03_DISTRIBUTION_298,DISTRIBUTION,0,cache/market.json.gz; SQLite corporate_actions/B3,0.0,8.446461875361125,,,
V0,2016-11-11,02474103000119,TBLE3,324.3899903472738,330.5048506760455,TBLE3_2016-11-11_DISTRIBUTION_364,DISTRIBUTION,0,cache/market.json.gz; SQLite corporate_actions/B3,0.0,214.9373405563258,,,
V0,2016-11-22,00000000000191,BBAS3,626.6451662712179,629.0541911812279,CONT_241_BBAS3_2016-11-22,DISTRIBUTION,0,cache/market.json.gz; B3,0.0,68.84993192808405,,,
V0,2016-12-01,60872504000123,ITUB4,397.7773941553519,397.95392258471077,ITUB4_2016-12-01_DISTRIBUTION_258,DISTRIBUTION,0,cache/market.json.gz; SQLite corporate_actions/B3,0.0,5.966660912330278,,,
V0,2016-12-02,60746948000112,BBDC4,447.5556274346201,447.8533933023426,BBDC4_2016-12-02_DISTRIBUTION_297,DISTRIBUTION,0,cache/market.json.gz; SQLite corporate_actions/B3,0.0,8.492282547447076,,,
V0,2016-12-05,02998611000104,TRPL4,206.1117559627918,208.923046221663,CONT_1396_TRPL4_2016-12-05,DISTRIBUTION,0,cache/market.json.gz; B3,0.0,172.0509638429166,,,
V0,2016-12-13,00000000000191,BBAS3,629.0541911812279,630.9219696924118,CONT_240_BBAS3_2016-12-13,DISTRIBUTION,0,cache/market.json.gz; B3,0.0,48.394141224776845,,,
V0,2016-12-15,92702067000196,BRSR6,1281.5838578151033,1286.5718817884651,CONT_690_BRSR6_2016-12-15,DISTRIBUTION,0,cache/market.json.gz; B3,0.0,53.27209603550495,,,
V0,2016-12-21,02149205000169,PSSA3,453.68677864118143,455.4594345706941,CONT_2157_PSSA3_2016-12-21,DISTRIBUTION,0,cache/market.json.gz; B3,0.0,45.39771835481896,,,
V0,2016-12-22,60746948000112,BBDC4,447.8533933023426,452.5812787449479,BBDC4_2016-12-22_DISTRIBUTION_296,DISTRIBUTION,0,cache/market.json.gz; SQLite corporate_actions/B3,0.0,126.47093558969158,,,
V0,2016-12-23,60872504000123,ITUB4,397.95392258471077,403.73142425106226,ITUB4_2016-12-23_DISTRIBUTION_257,DISTRIBUTION,0,cache/market.json.gz; SQLite corporate_actions/B3,0.0,187.59547910643266,,,
V0,2016-12-27,17155730000164,CMIG4,1551.8674362953675,1615.3718978143402,CMIG4_2016-12-27_DISTRIBUTION_642,DISTRIBUTION,0,https://api.mziq.com/mzfilemanager/v2/d/716a131f-9624-452c-9088-0cd6983c1349/a2eb9f5f-37e1-8913-c1eb-c4281b5e23b2?origin=2,0.0,468.6629260100187,,,
V0,2016-12-27,03220438000173,EQTL3,249.29080414481342,250.6028610087335,CONT_1125_EQTL3_2016-12-27,DISTRIBUTION,0,cache/market.json.gz; B3,0.0,69.80142516054777,,,
V0,2016-12-29,03983431000103,ENBR3,895.1727151590061,931.5455098694115,CONT_1107_ENBR3_2016-12-29,DISTRIBUTION,0,cache/market.json.gz; B3,0.0,487.3954491194319,,,
V0,2017-01-02,28195667000106,ABCB4,938.4411258728268,976.4441136147842,CONT_23_ABCB4_2017-01-02,DISTRIBUTION,0,cache/market.json.gz; B3,0.0,505.81976684545367,,,
V0,2017-01-02,60872504000123,ITUB4,403.73142425106226,403.9120377722005,ITUB4_2017-01-02_DISTRIBUTION_256,DISTRIBUTION,0,cache/market.json.gz; SQLite corporate_actions/B3,0.0,6.055971363765933,,,
V0,2017-01-02,02558157000162,VIVT4,282.0767453843663,284.4385037348882,CONT_2790_VIVT4_2017-01-02,DISTRIBUTION,0,cache/market.json.gz; B3,0.0,104.10630809100456,,,
V0,2017-01-03,60746948000112,BBDC4,455.7573530426366,456.0456166667809,BBDC4_2017-01-03_DISTRIBUTION_623,DISTRIBUTION,0,https://www.bradescori.com.br/informacoes-ao-mercado/remuneracao-aos-acionistas/,0.0,8.647908724329598,,,
V0,2017-01-13,02429144000193,CPFE3,550.6858493741543,555.4508083420701,CONT_846_CPFE3_2017-01-13,DISTRIBUTION,0,cache/market.json.gz; B3,0.0,119.98166681212179,,,
V0,2017-02-01,60872504000123,ITUB4,403.9120377722005,404.0730872290475,ITUB4_2017-02-01_DISTRIBUTION_255,DISTRIBUTION,0,cache/market.json.gz; SQLite corporate_actions/B3,0.0,6.058680566583007,,,
V0,2017-02-02,60746948000112,BBDC4,457.962998594457,458.2415165568736,BBDC4_2017-02-02_DISTRIBUTION_624,DISTRIBUTION,0,https://www.bradescori.com.br/informacoes-ao-mercado/remuneracao-aos-acionistas/,0.0,8.68976042739709,,,
V0,2017-02-21,60872504000123,ITUB4,404.13491538424574,411.8060589188588,ITUB4_2017-02-21_DISTRIBUTION_254,DISTRIBUTION,0,cache/market.json.gz; SQLite corporate_actions/B3,0.0,313.3662133889441,,,
V0,2017-03-01,60872504000123,ITUB4,411.8060589188588,411.9606794666381,ITUB4_2017-03-01_DISTRIBUTION_253,DISTRIBUTION,0,cache/market.json.gz; SQLite corporate_actions/B3,0.0,6.177090883782882,,,
V0,2017-03-01,02558157000162,VIVT4,293.5135306845507,294.21761488428405,CONT_2789_VIVT4_2017-03-01,DISTRIBUTION,0,cache/market.json.gz; B3,0.0,32.27521971577648,,,
V0,2017-03-02,00000000000191,BBAS3,630.9219696924118,631.4134145287353,CONT_238_BBAS3_2017-03-02;CONT_239_BBAS3_2017-03-02,DISTRIBUTION,0,cache/market.json.gz; B3,0.0,16.345455256119358,,,
V0,2017-03-02,60746948000112,BBDC4,462.37397990621827,462.6398422684998,BBDC4_2017-03-02_DISTRIBUTION_625,DISTRIBUTION,0,https://www.bradescori.com.br/informacoes-ao-mercado/remuneracao-aos-acionistas/,0.0,8.77345795529033,,,
V0,2017-03-14,00000000000191,BBAS3,631.4134145287353,632.7562237569069,CONT_237_BBAS3_2017-03-14,DISTRIBUTION,0,cache/market.json.gz; B3,0.0,45.534660927300344,,,
V0,2017-03-14,92702067000196,BRSR6,1286.5718817884651,1302.970972950168,CONT_689_BRSR6_2017-03-14,DISTRIBUTION,0,cache/market.json.gz; B3,0.0,255.00586756448115,,,
V0,2017-04-03,60872504000123,ITUB4,411.9606794666381,412.1211002919756,ITUB4_2017-04-03_DISTRIBUTION_252,DISTRIBUTION,0,cache/market.json.gz; SQLite corporate_actions/B3,0.0,6.179410191999572,,,
V0,2017-04-03,02558157000162,VIVT4,301.52793715531504,302.90876743767495,CONT_2788_VIVT4_2017-04-03,DISTRIBUTION,0,cache/market.json.gz; B3,0.0,64.47096588338378,,,
V0,2017-04-04,60746948000112,BBDC4,467.402231484729,467.67287134034683,BBDC4_2017-04-04_DISTRIBUTION_626,DISTRIBUTION,0,https://www.bradescori.com.br/informacoes-ao-mercado/remuneracao-aos-acionistas/,0.0,8.868868068596518,,,
V0,2017-04-11,43776517000180,SBSP3,457.87411017557906,474.95295624181864,CONT_2262_SBSP3_2017-04-11,DISTRIBUTION,0,cache/market.json.gz; B3,0.0,551.6467279395376,,,
V0,2017-04-20,02558115000121,TIMP3,1639.383633943369,1649.0159932853903,TIMP_GROSS_2017-04-20,DISTRIBUTION,0,research/graham_v6_comparison/audit_v13_inputs/documents/TIM_DIV.html.gz,0.0,100.65815512412286,,,
V0,2017-04-27,02558157000162,VIVT4,308.9190787814392,316.643709778112,CONT_2787_VIVT4_2017-04-27,DISTRIBUTION,0,cache/market.json.gz; B3,0.0,361.2037454044182,,,
V0,2017-04-28,03220438000173,EQTL3,258.2781091666164,261.0095508969285,CONT_1124_EQTL3_2017-04-28,DISTRIBUTION,0,cache/market.json.gz; B3,0.0,157.03058507564384,,,
V0,2017-05-02,60746948000112,BBDC4,467.67287134034683,514.4401584743815,BBDC4_2017-05-02_SHARES_669,SHARES,0,originals/bradesco_remuneracao.html.gz; owned_capital_events_fre.json; SEC 6K 20150317/20160404/20180319/20200403,0.0,0.0,,,
V0,2017-05-02,76483817000120,CPLE6,447.3004166551074,478.1263945180815,CONT_921_CPLE6_2017-05-02;CONT_922_CPLE6_2017-05-02,DISTRIBUTION,0,cache/market.json.gz; B3,0.0,869.2925757358689,,,
V0,2017-05-02,60872504000123,ITUB4,413.2073904715012,413.36214979377513,ITUB4_2017-05-02_DISTRIBUTION_251,DISTRIBUTION,0,cache/market.json.gz; SQLite corporate_actions/B3,0.0,6.198110857072518,,,
V0,2017-05-03,60746948000112,BBDC4,515.3929289429727,515.7068770131699,BBDC4_2017-05-03_DISTRIBUTION_627,DISTRIBUTION,0,https://www.bradescori.com.br/informacoes-ao-mercado/remuneracao-aos-acionistas/,0.0,9.77948238664348,,,
V0,2017-05-05,92702067000196,BRSR6,1302.970972950168,1306.4780513410544,CONT_688_BRSR6_2017-05-05,DISTRIBUTION,0,cache/market.json.gz; B3,0.0,53.13223762192845,,,
V0,2017-05-15,17155730000164,CMIG4,1663.9536831026128,1709.489843243388,CMIG4_2017-05-15_DISTRIBUTION_643,DISTRIBUTION,0,https://api.mziq.com/mzfilemanager/v2/d/716a131f-9624-452c-9088-0cd6983c1349/a2eb9f5f-37e1-8913-c1eb-c4281b5e23b2?origin=2,0.0,405.2718252528981,,,
V0,2017-05-16,92702067000196,BRSR6,1306.4780513410544,1323.127074399867,CONT_687_BRSR6_2017-05-16,DISTRIBUTION,0,cache/market.json.gz; B3,0.0,261.0566815621816,,,
V0,2017-05-23,00000000000191,BBAS3,632.7562237569069,637.0245093217237,CONT_236_BBAS3_2017-05-23,DISTRIBUTION,0,cache/market.json.gz; B3,0.0,115.75590451783064,,,
V0,2017-05-30,02474103000119,TBLE3,394.285411605955,401.74977478042774,TBLE3_2017-05-30_DISTRIBUTION_363,DISTRIBUTION,0,cache/market.json.gz; SQLite corporate_actions/B3,0.0,247.44363923377153,,,
V0,2017-06-01,60872504000123,ITUB4,413.36214979377513,413.53864943074944,ITUB4_2017-06-01_DISTRIBUTION_250,DISTRIBUTION,0,cache/market.json.gz; SQLite corporate_actions/B3,0.0,6.200432246906627,,,
V0,2017-06-02,60746948000112,BBDC4,524.1142676966307,524.4830095625454,BBDC4_2017-06-02_DISTRIBUTION_628,DISTRIBUTION,0,https://www.bradescori.com.br/informacoes-ao-mercado/remuneracao-aos-acionistas/,0.0,9.944968123718438,,,
V0,2017-06-02,02998611000104,TRPL4,227.19683528837578,230.10399349447195,CONT_1395_TRPL4_2017-06-02,DISTRIBUTION,0,cache/market.json.gz; B3,0.0,186.20348310045884,,,
V0,2017-06-13,00000000000191,BBAS3,637.0245093217237,638.8512699550357,CONT_235_BBAS3_2017-06-13,DISTRIBUTION,0,cache/market.json.gz; B3,0.0,50.05324135274923,,,
V0,2017-07-03,28195667000106,ABCB4,983.9571039433429,1017.8150067746852,CONT_22_ABCB4_2017-07-03,DISTRIBUTION,0,cache/market.json.gz; B3,0.0,545.112235584612,,,
V0,2017-07-03,60746948000112,BBDC4,545.9139987149136,549.0361948185924,BBDC4_2017-07-03_DISTRIBUTION_629,DISTRIBUTION,0,https://www.bradescori.com.br/informacoes-ao-mercado/remuneracao-aos-acionistas/,0.0,88.0459301237431,,,
V0,2017-07-03,60872504000123,ITUB4,421.4619456943439,421.6324400089452,ITUB4_2017-07-03_DISTRIBUTION_249,DISTRIBUTION,0,cache/market.json.gz; SQLite corporate_actions/B3,0.0,6.321929185415159,,,
V0,2017-07-03,02149205000169,PSSA3,509.54897313473936,522.3050634338255,CONT_2156_PSSA3_2017-07-03,DISTRIBUTION,0,cache/market.json.gz; B3,0.0,383.9583180024919,,,
V0,2017-07-03,02558157000162,VIVT4,340.65688631125636,341.09331284979754,CONT_2786_VIVT4_2017-07-03,DISTRIBUTION,0,cache/market.json.gz; B3,0.0,19.770122195915175,,,
V0,2017-07-03,76484013000145,SAPR4,1135.2287396179388,1169.5536077541171,CONT_2241_SAPR4_2017-07-03,DISTRIBUTION,0,cache/market.json.gz; B3,0.0,370.7085758707269,,,
V0,2017-07-04,60746948000112,BBDC4,552.8431246957593,553.2148501634441,BBDC4_2017-07-04_DISTRIBUTION_630,DISTRIBUTION,0,https://www.bradescori.com.br/informacoes-ao-mercado/remuneracao-aos-acionistas/,0.0,10.490092698065215,,,
V0,2017-08-01,60872504000123,ITUB4,423.07972287245263,423.2445591281172,ITUB4_2017-08-01_DISTRIBUTION_248,DISTRIBUTION,0,cache/market.json.gz; SQLite corporate_actions/B3,0.0,6.3461958430867895,,,
V0,2017-08-02,60746948000112,BBDC4,553.2148501634441,553.5539052706087,BBDC4_2017-08-02_DISTRIBUTION_631,DISTRIBUTION,0,https://www.bradescori.com.br/informacoes-ao-mercado/remuneracao-aos-acionistas/,0.0,10.497146117814971,,,
V0,2017-08-10,02474103000119,TBLE3,458.1149944405486,477.4111014327809,TBLE3_2017-08-10_DISTRIBUTION_362,DISTRIBUTION,0,cache/market.json.gz; SQLite corporate_actions/B3,0.0,658.9620537847325,,,
V0,2017-08-15,92702067000196,BRSR6,1323.127074399867,1340.392349560043,CONT_686_BRSR6_2017-08-15,DISTRIBUTION,0,cache/market.json.gz; B3,0.0,268.64768149233674,,,
V0,2017-08-15,60872504000123,ITUB4,426.50692968818487,430.79024871525723,ITUB4_2017-08-15_DISTRIBUTION_247,DISTRIBUTION,0,cache/market.json.gz; SQLite corporate_actions/B3,0.0,170.17626494558579,,,
V0,2017-08-22,00000000000191,BBAS3,638.8512699550357,642.9312767128679,CONT_233_BBAS3_2017-08-22;CONT_234_BBAS3_2017-08-22,DISTRIBUTION,0,cache/market.json.gz; B3,0.0,130.51941618305275,,,
V0,2017-09-01,60872504000123,ITUB4,430.79024871525723,430.94716599866496,ITUB4_2017-09-01_DISTRIBUTION_246,DISTRIBUTION,0,cache/market.json.gz; SQLite corporate_actions/B3,0.0,6.461853730728858,,,
V0,2017-09-04,60746948000112,BBDC4,553.5539052706087,553.8605791282354,BBDC4_2017-09-04_DISTRIBUTION_632,DISTRIBUTION,0,https://www.bradescori.com.br/informacoes-ao-mercado/remuneracao-aos-acionistas/,0.0,10.503579623713891,,,
V0,2017-09-12,00000000000191,BBAS3,642.9312767128679,644.4007411756386,CONT_232_BBAS3_2017-09-12,DISTRIBUTION,0,cache/market.json.gz; B3,0.0,49.05072376728512,,,
V0,2017-10-02,60872504000123,ITUB4,431.8534936837306,432.00271742031794,ITUB4_2017-10-02_DISTRIBUTION_245,DISTRIBUTION,0,cache/market.json.gz; SQLite corporate_actions/B3,0.0,6.477802405255959,,,
V0,2017-10-02,02558157000162,VIVT4,351.2445670188085,352.5479978349678,CONT_2785_VIVT4_2017-10-02,DISTRIBUTION,0,cache/market.json.gz; B3,0.0,65.44526127936106,,,
V0,2017-10-03,60746948000112,BBDC4,553.8605791282354,554.1453866811239,BBDC4_2017-10-03_DISTRIBUTION_633,DISTRIBUTION,0,https://www.bradescori.com.br/informacoes-ao-mercado/remuneracao-aos-acionistas/,0.0,10.509398701587651,,,
V0,2017-10-27,17155730000164,CMIG2,0,320.00114901752767,CMIG4_2017-10-27_RIGHT_684,RIGHT,0,https://ri.cemig.com.br/docs/cemig-2017-10-26-NBfWkJHw.pdf,0.0,0.0,,,
V0,2017-10-30,17155730000164,CMIG2,320.00114901752767,0,CMIG2_2017-10-30_RIGHT_REINVEST_685,RIGHT_REINVEST,0,COTAHIST_A2017.ZIP; first traded close,0.0,0.0,,,
V0,2017-10-30,17155730000164,CMIG4,2014.153563737539,2063.7947676235913,CMIG2_2017-10-30_RIGHT_REINVEST_685,RIGHT_REINVEST,0,COTAHIST_A2017.ZIP; first traded close,0.0,0.0,,,
V0,2017-10-31,02149205000169,PSSA3,525.6247364400808,536.650987472461,CONT_2155_PSSA3_2017-10-31,DISTRIBUTION,0,cache/market.json.gz; B3,0.0,393.7474243662947,,,
V0,2017-11-01,60872504000123,ITUB4,432.00271742031794,432.1595052442063,ITUB4_2017-11-01_DISTRIBUTION_244,DISTRIBUTION,0,cache/market.json.gz; SQLite corporate_actions/B3,0.0,6.480040761304768,,,
V0,2017-11-03,60746948000112,BBDC4,554.1453866811239,554.4553749732968,BBDC4_2017-11-03_DISTRIBUTION_634,DISTRIBUTION,0,https://www.bradescori.com.br/informacoes-ao-mercado/remuneracao-aos-acionistas/,0.0,10.51480287050547,,,
V0,2017-11-10,02474103000119,TBLE3,488.7433775524202,497.4994686198175,TBLE3_2017-11-10_DISTRIBUTION_361,DISTRIBUTION,0,cache/market.json.gz; SQLite corporate_actions/B3,0.0,317.84610574652146,,,
V0,2017-11-14,92702067000196,BRSR6,1340.392349560043,1347.331193730263,CONT_685_BRSR6_2017-11-14,DISTRIBUTION,0,cache/market.json.gz; B3,0.0,98.3234218920208,,,
V0,2017-11-16,02558115000121,TIMP3,1649.0159932853903,1660.0516075627052,TIMP_GROSS_2017-11-16,DISTRIBUTION,0,research/graham_v6_comparison/audit_v13_inputs/documents/TIM_DIV.html.gz,0.0,129.44775547290314,,,
V0,2017-11-21,02998611000104,TRPL4,252.7791493260893,261.82188008194987,CONT_1394_TRPL4_2017-11-21,DISTRIBUTION,0,cache/market.json.gz; B3,0.0,560.7397341709146,,,
V0,2017-11-22,00000000000191,BBAS3,644.4007411756386,648.7945666562066,CONT_231_BBAS3_2017-11-22,DISTRIBUTION,0,cache/market.json.gz; B3,0.0,143.85384623379565,,,
V0,2017-12-01,60872504000123,ITUB4,432.1595052442063,432.31673038557574,ITUB4_2017-12-01_DISTRIBUTION_243,DISTRIBUTION,0,cache/market.json.gz; SQLite corporate_actions/B3,0.0,6.482392578663094,,,
V0,2017-12-04,60746948000112,BBDC4,554.4553749732968,554.7731244398973,BBDC4_2017-12-04_DISTRIBUTION_635,DISTRIBUTION,0,https://www.bradescori.com.br/informacoes-ao-mercado/remuneracao-aos-acionistas/,0.0,10.520684839141685,,,
V0,2017-12-12,00000000000191,BBAS3,648.7945666562066,650.5066633231523,CONT_230_BBAS3_2017-12-12,DISTRIBUTION,0,cache/market.json.gz; B3,0.0,53.588625675403115,,,
V0,2017-12-15,60872504000123,ITUB4,432.31673038557574,433.83704597430085,ITUB4_2017-12-15_DISTRIBUTION_242,DISTRIBUTION,0,cache/market.json.gz; SQLite corporate_actions/B3,0.0,62.46976754071569,,,
V0,2017-12-26,60746948000112,BBDC4,554.7731244398973,568.5951709246352,BBDC4_2017-12-26_DISTRIBUTION_636,DISTRIBUTION,0,https://www.bradescori.com.br/informacoes-ao-mercado/remuneracao-aos-acionistas/,0.0,460.41236840662077,,,
V0,2017-12-27,03983431000103,ENBR3,1167.1503610745683,1177.5283268215185,CONT_1106_ENBR3_2017-12-27,DISTRIBUTION,0,cache/market.json.gz; B3,0.0,139.99875792635743,,,
V0,2017-12-27,02558157000162,VIVT4,354.74421585715186,361.31381842715206,CONT_2784_VIVT4_2017-12-27,DISTRIBUTION,0,cache/market.json.gz; B3,0.0,322.1733100328103,,,
V0,2018-01-02,28195667000106,ABCB4,1030.854841319748,1063.9317276636627,CONT_21_ABCB4_2018-01-02,DISTRIBUTION,0,cache/market.json.gz; B3,0.0,548.4147755821059,,,
V0,2018-01-02,76483817000120,CPLE6,660.9720313989424,688.9157896409108,CONT_920_CPLE6_2018-01-02,DISTRIBUTION,0,cache/market.json.gz; B3,0.0,673.4445736314403,,,
V0,2018-01-02,60872504000123,ITUB4,433.83704597430085,433.9853494312201,ITUB4_2018-01-02_DISTRIBUTION_241,DISTRIBUTION,0,cache/market.json.gz; SQLite corporate_actions/B3,0.0,6.507555689614512,,,
V0,2018-01-02,76484013000145,SAPR4,1536.0489206675488,1580.4617916543064,CONT_2240_SAPR4_2018-01-02,DISTRIBUTION,0,cache/market.json.gz; B3,0.0,501.86544215035974,,,
V0,2018-01-03,60746948000112,BBDC4,568.5951709246352,568.9057346772724,BBDC4_2018-01-03_DISTRIBUTION_609,DISTRIBUTION,0,https://www.bradescori.com.br/informacoes-ao-mercado/remuneracao-aos-acionistas/,0.0,10.788984766617306,,,
V0,2018-01-04,03220438000173,EQTL3,290.2571768122498,290.74838126531665,CONT_1123_EQTL3_2018-01-04,DISTRIBUTION,0,cache/market.json.gz; B3,0.0,31.928289449347478,,,
V0,2018-01-05,92702067000196,BRSR6,1347.331193730263,1374.7189029745161,CONT_684_BRSR6_2018-01-05,DISTRIBUTION,0,cache/market.json.gz; B3,0.0,408.8984990166997,,,
V0,2018-02-01,60872504000123,ITUB4,433.9853494312201,434.10932163159083,ITUB4_2018-02-01_DISTRIBUTION_240,DISTRIBUTION,0,cache/market.json.gz; SQLite corporate_actions/B3,0.0,6.509780241468301,,,
V0,2018-02-02,60746948000112,BBDC4,568.9057346772724,569.1867049441779,BBDC4_2018-02-02_DISTRIBUTION_610,DISTRIBUTION,0,https://www.bradescori.com.br/informacoes-ao-mercado/remuneracao-aos-acionistas/,0.0,10.794877654505921,,,
V0,2018-02-16,60872504000123,ITUB4,434.10932163159083,452.151803490314,ITUB4_2018-02-16_DISTRIBUTION_238;ITUB4_2018-02-16_DISTRIBUTION_239,DISTRIBUTION,0,cache/market.json.gz; SQLite corporate_actions/B3,0.0,917.0993528788988,,,
V0,2018-02-27,92702067000196,BRSR6,1374.7189029745161,1390.4899560737933,CONT_683_BRSR6_2018-02-27,DISTRIBUTION,0,cache/market.json.gz; B3,0.0,284.03666631798177,,,
V0,2018-03-01,60872504000123,ITUB4,452.151803490314,452.2845031000255,ITUB4_2018-03-01_DISTRIBUTION_237,DISTRIBUTION,0,cache/market.json.gz; SQLite corporate_actions/B3,0.0,6.7822770523547105,,,
V0,2018-03-02,00000000000191,BBAS3,650.5066633231523,654.293644246276,CONT_228_BBAS3_2018-03-02;CONT_229_BBAS3_2018-03-02,DISTRIBUTION,0,cache/market.json.gz; B3,0.0,159.81059495582016,,,
V0,2018-03-02,60746948000112,BBDC4,569.1867049441779,569.4620799827209,BBDC4_2018-03-02_DISTRIBUTION_611,DISTRIBUTION,0,https://www.bradescori.com.br/informacoes-ao-mercado/remuneracao-aos-acionistas/,0.0,10.80020901165513,,,
V0,2018-03-13,00000000000191,BBAS3,654.293644246276,655.5413081236246,CONT_227_BBAS3_2018-03-13,DISTRIBUTION,0,cache/market.json.gz; B3,0.0,53.46239714438964,,,
V0,2018-04-02,60746948000112,BBDC4,569.4620799827209,626.408287980993,BBDC4_2018-04-02_SHARES_670,SHARES,0,originals/bradesco_remuneracao.html.gz; owned_capital_events_fre.json; SEC 6K 20150317/20160404/20180319/20200403,0.0,0.0,,,
V0,2018-04-02,60872504000123,ITUB4,452.2845031000255,452.4173976650892,ITUB4_2018-04-02_DISTRIBUTION_236,DISTRIBUTION,0,cache/market.json.gz; SQLite corporate_actions/B3,0.0,6.7842675465003826,,,
V0,2018-04-02,02149205000169,PSSA3,536.650987472461,537.6231369020446,CONT_2154_PSSA3_2018-04-02,DISTRIBUTION,0,cache/market.json.gz; B3,0.0,45.691023190432304,,,
V0,2018-04-03,60746948000112,BBDC4,626.408287980993,626.7388212852326,BBDC4_2018-04-03_DISTRIBUTION_612,DISTRIBUTION,0,https://www.bradescori.com.br/informacoes-ao-mercado/remuneracao-aos-acionistas/,0.0,11.885977620456337,,,
V0,2018-04-10,03983431000103,ENBR3,1291.2431314893022,1336.7885554817442,CONT_1105_ENBR3_2018-04-10,DISTRIBUTION,0,cache/market.json.gz; B3,0.0,627.1604883759258,,,
V0,2018-04-13,02558157000162,VIVT4,372.9693650011441,383.35206625554065,CONT_2783_VIVT4_2018-04-13,DISTRIBUTION,0,cache/market.json.gz; B3,0.0,499.4079303364734,,,
V0,2018-04-18,02998611000104,TRPL4,278.99101364612164,281.21776210219656,CONT_1393_TRPL4_2018-04-18,DISTRIBUTION,0,cache/market.json.gz; B3,0.0,143.44713554034448,,,
V0,2018-04-20,02558115000121,TIMP3,1660.0516075627052,1664.5973632964774,TIMP_GROSS_2018-04-20,DISTRIBUTION,0,research/graham_v6_comparison/audit_v13_inputs/documents/TIM_DIV.html.gz,0.0,70.8683318895076,,,
V0,2018-04-24,02474103000119,TBLE3,512.6929870886321,526.3953695229667,TBLE3_2018-04-24_DISTRIBUTION_360,DISTRIBUTION,0,cache/market.json.gz; SQLite corporate_actions/B3,0.0,500.1369588532123,,,
V0,2018-04-27,76484013000145,SAPR4,1691.8919167441995,1694.0390096360757,CONT_2239_SAPR4_2018-04-27,DISTRIBUTION,0,cache/market.json.gz; B3,0.0,22.608888151454742,,,
V0,2018-04-30,02429144000193,CPFE3,761.1335171198701,769.794502828631,CONT_845_CPFE3_2018-04-30,DISTRIBUTION,0,cache/market.json.gz; B3,0.0,209.5092442949267,,,
V0,2018-04-30,03220438000173,EQTL3,291.220098702966,295.72668163712444,CONT_1122_EQTL3_2018-04-30,DISTRIBUTION,0,cache/market.json.gz; B3,0.0,320.6433757653708,,,
V0,2018-04-30,43776517000180,SBSP3,539.1683817124251,554.9600654293607,CONT_2261_SBSP3_2018-04-30,DISTRIBUTION,0,cache/market.json.gz; B3,0.0,555.2355994874554,,,
V0,2018-05-02,17155730000164,CMIG4,2353.7590057875705,2506.0952697303073,CMIG4_2018-05-02_DISTRIBUTION_644,DISTRIBUTION,0,https://api.mziq.com/mzfilemanager/v2/d/716a131f-9624-452c-9088-0cd6983c1349/a2eb9f5f-37e1-8913-c1eb-c4281b5e23b2?origin=2,0.0,1177.5593202773548,,,
V0,2018-05-02,60872504000123,ITUB4,452.4173976650892,452.55674593952403,ITUB4_2018-05-02_DISTRIBUTION_235,DISTRIBUTION,0,cache/market.json.gz; SQLite corporate_actions/B3,0.0,6.7862609649763375,,,
V0,2018-05-03,60746948000112,BBDC4,626.7388212852326,627.0995203882587,BBDC4_2018-05-03_DISTRIBUTION_613,DISTRIBUTION,0,https://www.bradescori.com.br/informacoes-ao-mercado/remuneracao-aos-acionistas/,0.0,11.892249426772421,,,
V0,2018-05-04,92702067000196,BRSR6,1390.4899560737933,1394.1976329724762,CONT_682_BRSR6_2018-05-04,DISTRIBUTION,0,cache/market.json.gz; B3,0.0,68.66617616360443,,,
V0,2018-05-14,02558115000121,TIMP3,1664.5973632964774,1676.1704742729341,TIMP_GROSS_2018-05-14,DISTRIBUTION,0,research/graham_v6_comparison/audit_v13_inputs/documents/TIM_DIV.html.gz,0.0,158.2044270481649,,,
V0,2018-05-15,92702067000196,BRSR6,1394.1976329724762,1411.4973732473507,CONT_681_BRSR6_2018-05-15,DISTRIBUTION,0,cache/market.json.gz; B3,0.0,301.0154807828158,,,
V0,2018-05-22,00000000000191,BBAS3,655.5413081236246,659.8702047207785,CONT_226_BBAS3_2018-05-22,DISTRIBUTION,0,cache/market.json.gz; B3,0.0,140.25624974778646,,,
V0,2018-05-29,02149205000169,PSSA3,537.6231369020446,557.4627843967422,CONT_2153_PSSA3_2018-05-29,DISTRIBUTION,0,cache/market.json.gz; B3,0.0,831.4796265027744,,,
V0,2018-06-01,60872504000123,ITUB4,452.55674593952403,452.71166038929795,ITUB4_2018-06-01_DISTRIBUTION_234,DISTRIBUTION,0,cache/market.json.gz; SQLite corporate_actions/B3,0.0,6.78835118909286,,,
V0,2018-06-04,60746948000112,BBDC4,630.3881446491383,630.7846144748122,BBDC4_2018-06-04_DISTRIBUTION_614,DISTRIBUTION,0,https://www.bradescori.com.br/informacoes-ao-mercado/remuneracao-aos-acionistas/,0.0,11.96149464058177,,,
V0,2018-06-06,02998611000104,TRPL4,285.3985368820469,305.7905185824416,CONT_1392_TRPL4_2018-06-06,DISTRIBUTION,0,cache/market.json.gz; B3,0.0,1317.3220178454967,,,
V0,2018-06-12,00000000000191,BBAS3,659.8702047207785,661.757724830296,CONT_225_BBAS3_2018-06-12,DISTRIBUTION,0,cache/market.json.gz; B3,0.0,50.944167755878,,,
V0,2018-06-18,76483817000120,CPLE6,754.0916544683158,757.2425176933957,CONT_919_CPLE6_2018-06-18,DISTRIBUTION,0,cache/market.json.gz; B3,0.0,67.83808523596969,,,
V0,2018-06-28,02149205000169,PSSA3,557.4627843967422,567.5343314203689,CONT_2152_PSSA3_2018-06-28,DISTRIBUTION,0,cache/market.json.gz; B3,0.0,394.401781445219,,,
V0,2018-07-02,28195667000106,ABCB4,1104.4969685052959,1144.5526006740574,CONT_20_ABCB4_2018-07-02,DISTRIBUTION,0,cache/market.json.gz; B3,0.0,596.4283629928598,,,
V0,2018-07-02,60746948000112,BBDC4,630.7846144748122,635.2918581164955,BBDC4_2018-07-02_DISTRIBUTION_615,DISTRIBUTION,0,https://www.bradescori.com.br/informacoes-ao-mercado/remuneracao-aos-acionistas/,0.0,119.66731868669187,,,
V0,2018-07-02,60872504000123,ITUB4,452.71166038929795,452.87995468684045,ITUB4_2018-07-02_DISTRIBUTION_233,DISTRIBUTION,0,cache/market.json.gz; SQLite corporate_actions/B3,0.0,6.790674905839469,,,
V0,2018-07-02,02558157000162,VIVT4,394.04637113507613,396.18422339138743,CONT_2782_VIVT4_2018-07-02,DISTRIBUTION,0,cache/market.json.gz; B3,0.0,96.28886562426128,,,
V0,2018-07-03,60746948000112,BBDC4,636.9812125828824,637.4166087228446,BBDC4_2018-07-03_DISTRIBUTION_616,DISTRIBUTION,0,https://www.bradescori.com.br/informacoes-ao-mercado/remuneracao-aos-acionistas/,0.0,12.08659684534859,,,
V0,2018-07-03,76484013000145,SAPR4,1799.0583731969891,1865.1258708329135,CONT_2238_SAPR4_2018-07-03,DISTRIBUTION,0,cache/market.json.gz; B3,0.0,586.6793790070077,,,
V0,2018-07-26,02558115000121,TIMP3,1676.1704742729341,1689.3620346132789,TIMP_GROSS_2018-07-26,DISTRIBUTION,0,research/graham_v6_comparison/audit_v13_inputs/documents/TIM_DIV.html.gz,0.0,166.2136602883446,,,
V0,2018-08-01,60872504000123,ITUB4,452.87995468684045,453.02909188377356,ITUB4_2018-08-01_DISTRIBUTION_232,DISTRIBUTION,0,cache/market.json.gz; SQLite corporate_actions/B3,0.0,6.793199320302606,,,
V0,2018-08-02,60746948000112,BBDC4,637.4166087228446,637.807774906672,BBDC4_2018-08-02_DISTRIBUTION_617,DISTRIBUTION,0,https://www.bradescori.com.br/informacoes-ao-mercado/remuneracao-aos-acionistas/,0.0,12.094858403943709,,,
V0,2018-08-10,17344597000194,BBSE3,131.57628172661902,131.61697999642777,CONT_271_BBSE3_2018-08-10,DISTRIBUTION,0,cache/market.json.gz; B3,0.0,0.9401300325821624,,,
V0,2018-08-16,92702067000196,BRSR6,1411.4973732473507,1430.4967870006942,CONT_680_BRSR6_2018-08-16,DISTRIBUTION,0,cache/market.json.gz; B3,0.0,304.75059660363144,,,
V0,2018-08-20,60872504000123,ITUB4,453.02909188377356,461.00956203753145,ITUB4_2018-08-20_DISTRIBUTION_230;ITUB4_2018-08-20_DISTRIBUTION_231,DISTRIBUTION,0,cache/market.json.gz; SQLite corporate_actions/B3,0.0,339.4093956393231,,,
V0,2018-08-21,02474103000119,TBLE3,531.6013117343695,557.9968614404166,TBLE3_2018-08-21_DISTRIBUTION_359,DISTRIBUTION,0,cache/market.json.gz; SQLite corporate_actions/B3,0.0,933.3466376058271,,,
V0,2018-08-22,00000000000191,BBAS3,661.757724830296,667.7060894599857,CONT_223_BBAS3_2018-08-22;CONT_224_BBAS3_2018-08-22,DISTRIBUTION,0,cache/market.json.gz; B3,0.0,178.45093889069344,,,
V0,2018-09-03,60872504000123,ITUB4,461.00956203753145,461.17551220385167,ITUB4_2018-09-03_DISTRIBUTION_229,DISTRIBUTION,0,cache/market.json.gz; SQLite corporate_actions/B3,0.0,6.9151434305629715,,,
V0,2018-09-04,60746948000112,BBDC4,638.2753251096157,638.7160511788794,BBDC4_2018-09-04_DISTRIBUTION_618,DISTRIBUTION,0,https://www.bradescori.com.br/informacoes-ao-mercado/remuneracao-aos-acionistas/,0.0,12.11115238336786,,,
V0,2018-09-12,00000000000191,BBAS3,667.7060894599857,669.7698417058008,CONT_222_BBAS3_2018-09-12,DISTRIBUTION,0,cache/market.json.gz; B3,0.0,57.08338711924615,,,
V0,2018-09-18,02558157000162,VIVT4,405.61254207416977,423.5172172562324,CONT_2781_VIVT4_2018-09-18,DISTRIBUTION,0,cache/market.json.gz; B3,0.0,693.806163304927,,,
V0,2018-10-01,60872504000123,ITUB4,461.17551220385167,461.33410075687914,ITUB4_2018-10-01_DISTRIBUTION_228,DISTRIBUTION,0,cache/market.json.gz; SQLite corporate_actions/B3,0.0,6.917632683057775,,,
V0,2018-10-02,60746948000112,BBDC4,638.8013716319194,639.2054094324412,BBDC4_2018-10-02_DISTRIBUTION_619,DISTRIBUTION,0,https://www.bradescori.com.br/informacoes-ao-mercado/remuneracao-aos-acionistas/,0.0,12.12113401565369,,,
V0,2018-10-30,92702067000196,BRSR6,1430.4967870006942,1443.2444400732304,CONT_679_BRSR6_2018-10-30,DISTRIBUTION,0,cache/market.json.gz; B3,0.0,244.75493899269458,,,
V0,2018-11-01,60872504000123,ITUB4,461.33410075687914,461.4726672669182,ITUB4_2018-11-01_DISTRIBUTION_227,DISTRIBUTION,0,cache/market.json.gz; SQLite corporate_actions/B3,0.0,6.920011511353187,,,
V0,2018-11-05,60746948000112,BBDC4,639.2054094324412,639.5330377564754,BBDC4_2018-11-05_DISTRIBUTION_620,DISTRIBUTION,0,https://www.bradescori.com.br/informacoes-ao-mercado/remuneracao-aos-acionistas/,0.0,12.12880055574737,,,
V0,2018-11-07,02149205000169,PSSA3,567.5343314203689,575.7685164966541,CONT_2151_PSSA3_2018-11-07,DISTRIBUTION,0,cache/market.json.gz; B3,0.0,437.0705438492211,,,
V0,2018-11-13,02474103000119,TBLE3,557.9968614404166,571.9085258991655,TBLE3_2018-11-13_DISTRIBUTION_358,DISTRIBUTION,0,cache/market.json.gz; SQLite corporate_actions/B3,0.0,557.9968614404166,,,
V0,2018-11-21,60872504000123,ITUB4,461.4726672669182,692.2090009003773,ITUB4_2018-11-21_SHARES_664,SHARES,0,https://www.itau.com.br/relacoes-com-investidores/informacoes-ao-mercado/recompra/; owned_capital_events_fre.json; B3,0.0,0.0,,,
V0,2018-11-22,00000000000191,BBAS3,669.7698417058008,676.0515687493124,CONT_221_BBAS3_2018-11-22,DISTRIBUTION,0,cache/market.json.gz; B3,0.0,279.2227670840921,,,
V0,2018-11-27,02149205000169,PSSA3,575.7685164966541,585.7945027874479,CONT_2150_PSSA3_2018-11-27,DISTRIBUTION,0,cache/market.json.gz; B3,0.0,534.284809436402,,,
V0,2018-12-03,60872504000123,ITUB4,692.2090009003773,692.5010722087741,ITUB4_2018-12-03_DISTRIBUTION_226,DISTRIBUTION,0,cache/market.json.gz; SQLite corporate_actions/B3,0.0,10.38313501350566,,,
V0,2018-12-04,60746948000112,BBDC4,639.5330377564754,639.8550923541565,BBDC4_2018-12-04_DISTRIBUTION_621,DISTRIBUTION,0,https://www.bradescori.com.br/informacoes-ao-mercado/remuneracao-aos-acionistas/,0.0,12.13501724061891,,,
V0,2018-12-07,92702067000196,BRSR6,1443.2444400732304,1448.2316324479673,CONT_678_BRSR6_2018-12-07,DISTRIBUTION,0,cache/market.json.gz; B3,0.0,105.82822219191814,,,
V0,2018-12-07,02998611000104,TRPL4,309.12305865040264,343.95479198026385,CONT_1390_TRPL4_2018-12-07;CONT_1391_TRPL4_2018-12-07,DISTRIBUTION,0,cache/market.json.gz; B3,0.0,2298.8943997708393,,,
V0,2018-12-12,00000000000191,BBAS3,676.0515687493124,678.0282986437114,CONT_220_BBAS3_2018-12-12,DISTRIBUTION,0,cache/market.json.gz; B3,0.0,84.95985086126831,,,
V0,2018-12-12,02474103000119,TBLE3,571.9085258991655,714.8856573739569,TBLE3_2018-12-12_SHARES_675,SHARES,0,originals/engie_bonus_2018_doe.pdf.gz p34; owned_capital_events_fre.json; B3 2025-11-26,0.0,0.0,,,
V0,2018-12-12,17344597000194,BBSE3,313.3968645322707,329.00094967718456,CONT_270_BBSE3_2018-12-12,DISTRIBUTION,0,cache/market.json.gz; B3,0.0,423.80695253586157,,,
V0,2018-12-18,60872504000123,ITUB4,692.5010722087741,692.7100844913883,ITUB4_2018-12-18_DISTRIBUTION_225,DISTRIBUTION,0,cache/market.json.gz; SQLite corporate_actions/B3,0.0,7.340511365413005,,,
V0,2018-12-18,02558157000162,VIVT4,436.24996359652243,443.6681233237196,CONT_2780_VIVT4_2018-12-18,DISTRIBUTION,0,cache/market.json.gz; B3,0.0,359.7807467690638,,,
V0,2018-12-26,60746948000112,BBDC4,639.8550923541565,652.6207749386014,BBDC4_2018-12-26_DISTRIBUTION_622,DISTRIBUTION,0,https://www.bradescori.com.br/informacoes-ao-mercado/remuneracao-aos-acionistas/,0.0,467.22398259068405,,,
V0,2018-12-26,17155730000164,CMIG4,2539.61543491081,2567.302043428234,CMIG4_2018-12-26_DISTRIBUTION_645,DISTRIBUTION,0,https://api.mziq.com/mzfilemanager/v2/d/716a131f-9624-452c-9088-0cd6983c1349/a2eb9f5f-37e1-8913-c1eb-c4281b5e23b2?origin=2,0.0,365.7400985151669,,,
V0,2018-12-27,92702067000196,BRSR6,1448.2316324479673,1455.6096260280701,CONT_677_BRSR6_2018-12-27,DISTRIBUTION,0,cache/market.json.gz; B3,0.0,159.29088139442132,,,
V0,2018-12-27,02474103000119,TBLE3,714.8856573739569,725.4646321913908,TBLE3_2018-12-27_DISTRIBUTION_357,DISTRIBUTION,0,cache/market.json.gz; SQLite corporate_actions/B3,0.0,347.8366919972305,,,
V0,2018-12-28,76483817000120,CPLE6,789.585072421666,817.3097175014278,CONT_918_CPLE6_2018-12-28,DISTRIBUTION,0,cache/market.json.gz; B3,0.0,846.9879071867211,,,
V0,2019-01-02,28195667000106,ABCB4,1197.8015775295717,1235.5127370090365,CONT_19_ABCB4_2019-01-02,DISTRIBUTION,0,cache/market.json.gz; B3,0.0,645.6150502884392,,,
V0,2019-01-02,03983431000103,ENBR3,1404.4271937887186,1476.146666365265,CONT_1104_ENBR3_2019-01-02,DISTRIBUTION,0,cache/market.json.gz; B3,0.0,1016.9821211354293,,,
V0,2019-01-02,60872504000123,ITUB4,692.7100844913883,692.99091290402,ITUB4_2019-01-02_DISTRIBUTION_224,DISTRIBUTION,0,cache/market.json.gz; SQLite corporate_actions/B3,0.0,10.390651267370824,,,
V0,2019-01-02,76484013000145,SAPR4,1968.878304921003,2030.2855236079884,CONT_2237_SAPR4_2019-01-02,DISTRIBUTION,0,cache/market.json.gz; B3,0.0,672.40904462249,,,
V0,2019-01-03,60746948000112,BBDC4,652.6207749386014,652.9244373847488,BBDC4_2019-01-03_DISTRIBUTION_594,DISTRIBUTION,0,https://www.bradescori.com.br/informacoes-ao-mercado/remuneracao-aos-acionistas/,0.0,12.383354553891946,,,
V0,2019-01-03,02558115000121,TIMP3,1734.784310252123,1757.6330795971571,TIMP_GROSS_2019-01-03,DISTRIBUTION,0,research/graham_v6_comparison/audit_v13_inputs/documents/TIM_DIV.html.gz,0.0,272.3573305928066,,,
V0,2019-02-01,60872504000123,ITUB4,692.99091290402,693.2587527312181,ITUB4_2019-02-01_DISTRIBUTION_223,DISTRIBUTION,0,cache/market.json.gz; SQLite corporate_actions/B3,0.0,10.3948636935603,,,
V0,2019-02-04,60746948000112,BBDC4,652.9244373847488,653.1957121053708,BBDC4_2019-02-04_DISTRIBUTION_595,DISTRIBUTION,0,https://www.bradescori.com.br/informacoes-ao-mercado/remuneracao-aos-acionistas/,0.0,12.389116490808068,,,
V0,2019-02-15,17344597000194,BBSE3,398.12226928885605,398.218651382154,CONT_269_BBSE3_2019-02-15,DISTRIBUTION,0,cache/market.json.gz; B3,0.0,2.6678563424870148,,,
V0,2019-02-22,00000000000191,BBAS3,678.0282986437114,685.5874879058777,CONT_218_BBAS3_2019-02-22;CONT_219_BBAS3_2019-02-22,DISTRIBUTION,0,cache/market.json.gz; B3,0.0,401.31735792840635,,,
V0,2019-02-22,60872504000123,ITUB4,694.6682375719788,728.7782292373721,ITUB4_2019-02-22_DISTRIBUTION_221;ITUB4_2019-02-22_DISTRIBUTION_222,DISTRIBUTION,0,cache/market.json.gz; SQLite corporate_actions/B3,0.0,1250.4722944533191,,,
V0,2019-03-01,60872504000123,ITUB4,728.7782292373721,729.091997131705,ITUB4_2019-03-01_DISTRIBUTION_220,DISTRIBUTION,0,cache/market.json.gz; SQLite corporate_actions/B3,0.0,10.931673438560582,,,
V0,2019-03-01,02558157000162,VIVT4,456.47647693000346,460.7126404770844,CONT_2779_VIVT4_2019-03-01,DISTRIBUTION,0,cache/market.json.gz; B3,0.0,195.20241624949048,,,
V0,2019-03-06,60746948000112,BBDC4,653.1957121053708,653.4893454594769,BBDC4_2019-03-06_DISTRIBUTION_596,DISTRIBUTION,0,https://www.bradescori.com.br/informacoes-ao-mercado/remuneracao-aos-acionistas/,0.0,12.394263876818398,,,
V0,2019-03-08,92702067000196,BRSR6,1455.6096260280701,1474.0747545456643,CONT_676_BRSR6_2019-03-08,DISTRIBUTION,0,cache/market.json.gz; B3,0.0,454.426812817992,,,
V0,2019-03-12,00000000000191,BBAS3,685.5874879058777,687.5941812067589,CONT_217_BBAS3_2019-03-12,DISTRIBUTION,0,cache/market.json.gz; B3,0.0,107.03702066900452,,,
V0,2019-04-01,60746948000112,BBDC4,653.4893454594769,784.1872145513722,BBDC4_2019-04-01_SHARES_671,SHARES,0,originals/bradesco_remuneracao.html.gz; owned_capital_events_fre.json; SEC 6K 20150317/20160404/20180319/20200403,0.0,0.0,,,
V0,2019-04-01,60872504000123,ITUB4,732.1133799090262,732.4348582667146,ITUB4_2019-04-01_DISTRIBUTION_219,DISTRIBUTION,0,cache/market.json.gz; SQLite corporate_actions/B3,0.0,10.981700698635393,,,
V0,2019-04-01,02149205000169,PSSA3,585.7945027874479,594.2521682161008,CONT_2149_PSSA3_2019-04-01,DISTRIBUTION,0,cache/market.json.gz; B3,0.0,450.87814400149114,,,
V0,2019-04-02,60746948000112,BBDC4,784.1872145513722,784.6053039758273,BBDC4_2019-04-02_DISTRIBUTION_597,DISTRIBUTION,0,https://www.bradescori.com.br/informacoes-ao-mercado/remuneracao-aos-acionistas/,0.0,14.879802616354308,,,
V0,2019-04-05,02998611000104,TRPL4,345.58289933252826,1382.331597330113,CONT_2635_TRPL4_2019-04-05,SHARES,0,cache/market.json.gz; B3,0.0,0.0,,,
V0,2019-04-12,02558157000162,VIVT4,475.39636770602124,490.80475007543055,CONT_2778_VIVT4_2019-04-12,DISTRIBUTION,0,cache/market.json.gz; B3,0.0,716.9520316486158,,,
V0,2019-04-17,03983431000103,ENBR3,1507.6519167303509,1513.0885927687207,CONT_1103_ENBR3_2019-04-17,DISTRIBUTION,0,cache/market.json.gz; B3,0.0,92.47785941267108,,,
V0,2019-04-25,76484013000145,SAPR4,2045.0037549701196,2073.096191347912,CONT_2236_SAPR4_2019-04-25,DISTRIBUTION,0,cache/market.json.gz; B3,0.0,409.02587366065336,,,
V0,2019-04-30,76483817000120,CPLE6,817.3097175014278,824.8244042511054,CONT_917_CPLE6_2019-04-30,DISTRIBUTION,0,cache/market.json.gz; B3,0.0,309.60509408671584,,,
V0,2019-04-30,43776517000180,SBSP3,667.9918919727326,684.4642877769112,CONT_2260_SBSP3_2019-04-30,DISTRIBUTION,0,cache/market.json.gz; B3,0.0,774.2026027963971,,,
V0,2019-05-02,92702067000196,BRSR6,1474.0747545456643,1476.1196981955732,CONT_675_BRSR6_2019-05-02,DISTRIBUTION,0,cache/market.json.gz; B3,0.0,49.794377875280446,,,
V0,2019-05-02,02429144000193,CPFE3,823.1650067812087,836.4335267630985,CONT_844_CPFE3_2019-05-02,DISTRIBUTION,0,cache/market.json.gz; B3,0.0,395.2692102604959,,,
V0,2019-05-02,03220438000173,EQTL3,309.66972404106343,313.29717456928796,CONT_1121_EQTL3_2019-05-02,DISTRIBUTION,0,cache/market.json.gz; B3,0.0,294.18623783901023,,,
V0,2019-05-02,60872504000123,ITUB4,736.8001726948455,737.1248496217087,ITUB4_2019-05-02_DISTRIBUTION_218,DISTRIBUTION,0,cache/market.json.gz; SQLite corporate_actions/B3,0.0,11.052002590422683,,,
V0,2019-05-02,02558157000162,VIVT4,490.80475007543055,494.5273388791982,CONT_2777_VIVT4_2019-05-02,DISTRIBUTION,0,cache/market.json.gz; B3,0.0,170.90405198097392,,,
V0,2019-05-03,60746948000112,BBDC4,785.3772891473217,785.7917047216962,BBDC4_2019-05-03_DISTRIBUTION_598,DISTRIBUTION,0,https://www.bradescori.com.br/informacoes-ao-mercado/remuneracao-aos-acionistas/,0.0,14.9023840545082,,,
V0,2019-05-06,17155730000164,CMIG4,2567.302043428234,2649.909798946698,CMIG4_2019-05-06_DISTRIBUTION_646,DISTRIBUTION,0,https://api.mziq.com/mzfilemanager/v2/d/716a131f-9624-452c-9088-0cd6983c1349/a2eb9f5f-37e1-8913-c1eb-c4281b5e23b2?origin=2,0.0,1157.3346548136835,,,
V0,2019-05-07,02474103000119,TBLE3,725.5022539723128,727.1184206156539,TBLE3_2019-05-07_DISTRIBUTION_356,DISTRIBUTION,0,cache/market.json.gz; SQLite corporate_actions/B3,0.0,68.20223234899488,,,
V0,2019-05-17,92702067000196,BRSR6,1476.1196981955732,1495.8200816106346,CONT_674_BRSR6_2019-05-17,DISTRIBUTION,0,cache/market.json.gz; B3,0.0,420.40618207740835,,,
V0,2019-05-22,00000000000191,BBAS3,687.5941812067589,693.4368828447132,CONT_216_BBAS3_2019-05-22,DISTRIBUTION,0,cache/market.json.gz; B3,0.0,285.2406939649265,,,
V0,2019-06-03,60872504000123,ITUB4,742.7221960450061,743.0397796522088,ITUB4_2019-06-03_DISTRIBUTION_217,DISTRIBUTION,0,cache/market.json.gz; SQLite corporate_actions/B3,0.0,11.140832940675091,,,
V0,2019-06-04,60746948000112,BBDC4,786.6174977365093,787.0203564888874,BBDC4_2019-06-04_DISTRIBUTION_600,DISTRIBUTION,0,https://www.bradescori.com.br/informacoes-ao-mercado/remuneracao-aos-acionistas/,0.0,14.925916775608195,,,
V0,2019-06-06,92702067000196,BRSR6,1495.8200816106346,1500.7200001609824,CONT_673_BRSR6_2019-06-06,DISTRIBUTION,0,cache/market.json.gz; B3,0.0,117.10805335331291,,,
V0,2019-06-12,00000000000191,BBAS3,693.4368828447132,695.7066013912043,CONT_215_BBAS3_2019-06-12,DISTRIBUTION,0,cache/market.json.gz; B3,0.0,118.61549123962753,,,
V0,2019-06-26,02149205000169,PSSA3,594.2521682161008,602.3558576781124,CONT_2148_PSSA3_2019-06-26,DISTRIBUTION,0,cache/market.json.gz; B3,0.0,424.6333278094104,,,
V0,2019-07-01,60746948000112,BBDC4,787.0203564888874,790.9897608557869,BBDC4_2019-07-01_DISTRIBUTION_599,DISTRIBUTION,0,https://www.bradescori.com.br/informacoes-ao-mercado/remuneracao-aos-acionistas/,0.0,149.36868632642802,,,
V0,2019-07-01,60872504000123,ITUB4,748.5729572048216,748.8841710174067,ITUB4_2019-07-01_DISTRIBUTION_216,DISTRIBUTION,0,cache/market.json.gz; SQLite corporate_actions/B3,0.0,11.228594358072323,,,
V0,2019-07-01,02558157000162,VIVT4,507.32593779541736,513.4597928326466,CONT_2776_VIVT4_2019-07-01,DISTRIBUTION,0,cache/market.json.gz; B3,0.0,300.00684987087993,,,
V0,2019-07-01,76484013000145,SAPR4,2076.988265668606,2128.4156696288082,CONT_2235_SAPR4_2019-07-01,DISTRIBUTION,0,cache/market.json.gz; B3,0.0,740.5546170269153,,,
V0,2019-07-02,60746948000112,BBDC4,790.9897608557869,791.3875578245967,BBDC4_2019-07-02_DISTRIBUTION_601,DISTRIBUTION,0,https://www.bradescori.com.br/informacoes-ao-mercado/remuneracao-aos-acionistas/,0.0,15.008879633194233,,,
V0,2019-07-05,28195667000106,ABCB4,1319.8953029566617,1359.037025733997,CONT_18_ABCB4_2019-07-05,DISTRIBUTION,0,cache/market.json.gz; B3,0.0,737.821474352774,,,
V0,2019-08-01,60872504000123,ITUB4,750.7970736017642,751.1199507836457,ITUB4_2019-08-01_DISTRIBUTION_215,DISTRIBUTION,0,cache/market.json.gz; SQLite corporate_actions/B3,0.0,11.261956104026462,,,
V0,2019-08-02,60746948000112,BBDC4,794.2615306287094,794.7011735936956,BBDC4_2019-08-02_DISTRIBUTION_602,DISTRIBUTION,0,https://www.bradescori.com.br/informacoes-ao-mercado/remuneracao-aos-acionistas/,0.0,15.070960839727409,,,
V0,2019-08-05,02998611000104,TRPL4,1382.331597330113,1414.752434684165,CONT_1389_TRPL4_2019-08-05,DISTRIBUTION,0,cache/market.json.gz; B3,0.0,777.1274713766269,,,
V0,2019-08-12,02558115000121,TIMP3,1973.8965464358344,1998.8228027812359,TIMP_GROSS_2019-08-12,DISTRIBUTION,0,research/graham_v6_comparison/audit_v13_inputs/documents/TIM_DIV.html.gz,0.0,300.859914088995,,,
V0,2019-08-12,17344597000194,BBSE3,561.1069869827908,561.2424482827341,CONT_268_BBSE3_2019-08-12,DISTRIBUTION,0,cache/market.json.gz; B3,0.0,4.565045808089784,,,
V0,2019-08-13,92702067000196,BRSR6,1500.7200001609824,1518.7585820961922,CONT_672_BRSR6_2019-08-13,DISTRIBUTION,0,cache/market.json.gz; B3,0.0,410.91889648407937,,,
V0,2019-08-16,60872504000123,ITUB4,754.9693311700225,772.2643927914983,ITUB4_2019-08-16_DISTRIBUTION_214,DISTRIBUTION,0,cache/market.json.gz; SQLite corporate_actions/B3,0.0,594.0853666976908,,,
V0,2019-08-22,00000000000191,BBAS3,695.7066013912043,702.3602564898033,CONT_213_BBAS3_2019-08-22;CONT_214_BBAS3_2019-08-22,DISTRIBUTION,0,cache/market.json.gz; B3,0.0,310.39301034964365,,,
V0,2019-09-02,60872504000123,ITUB4,772.2643927914983,772.6101828181213,ITUB4_2019-09-02_DISTRIBUTION_213,DISTRIBUTION,0,cache/market.json.gz; SQLite corporate_actions/B3,0.0,11.583965891872474,,,
V0,2019-09-03,60746948000112,BBDC4,799.6372350384466,800.1105027803101,BBDC4_2019-09-03_DISTRIBUTION_603,DISTRIBUTION,0,https://www.bradescori.com.br/informacoes-ao-mercado/remuneracao-aos-acionistas/,0.0,15.172963804142631,,,
V0,2019-09-12,00000000000191,BBAS3,702.3602564898033,705.7689831092259,CONT_212_BBAS3_2019-09-12,DISTRIBUTION,0,cache/market.json.gz; B3,0.0,163.61887773228526,,,
V0,2019-09-26,33376989000191,IRBR3,35.77320803421095,107.31962410263286,IRBR_SPLIT_20190926,SHARES,0,continuation_irb_capital_fre.json; COTAHIST ex-date,0.0,0.0,,,
V0,2019-10-01,60872504000123,ITUB4,777.4560786031818,777.7968688188173,ITUB4_2019-10-01_DISTRIBUTION_212,DISTRIBUTION,0,cache/market.json.gz; SQLite corporate_actions/B3,0.0,11.661841179047727,,,
V0,2019-10-02,60746948000112,BBDC4,803.866126977287,804.3405657399919,BBDC4_2019-10-02_DISTRIBUTION_605,DISTRIBUTION,0,https://www.bradescori.com.br/informacoes-ao-mercado/remuneracao-aos-acionistas/,0.0,15.253206220963767,,,
V0,2019-10-08,02558115000121,TIMP3,2038.3754925302883,2066.4271323700927,TIMP_GROSS_2019-10-08,DISTRIBUTION,0,research/graham_v6_comparison/audit_v13_inputs/documents/TIM_DIV.html.gz,0.0,318.947144978576,,,
V0,2019-10-18,60746948000112,BBDC4,804.3405657399919,829.1806102145323,BBDC4_2019-10-18_DISTRIBUTION_604,DISTRIBUTION,0,https://www.bradescori.com.br/informacoes-ao-mercado/remuneracao-aos-acionistas/,0.0,839.3451027947201,,,
V0,2019-10-30,02149205000169,PSSA3,602.3558576781124,609.1841839379147,CONT_2147_PSSA3_2019-10-30,DISTRIBUTION,0,cache/market.json.gz; B3,0.0,383.75193580088745,,,
V0,2019-11-01,60872504000123,ITUB4,781.6759038908968,781.9984661621036,ITUB4_2019-11-01_DISTRIBUTION_211,DISTRIBUTION,0,cache/market.json.gz; SQLite corporate_actions/B3,0.0,11.725138558363453,,,
V0,2019-11-04,60746948000112,BBDC4,831.2758927846978,831.7279793794784,BBDC4_2019-11-04_DISTRIBUTION_606,DISTRIBUTION,0,https://www.bradescori.com.br/informacoes-ao-mercado/remuneracao-aos-acionistas/,0.0,15.773301291894118,,,
V0,2019-11-11,02998611000104,TRPL4,1414.752434684165,1464.112197252049,CONT_1387_TRPL4_2019-11-11;CONT_1388_TRPL4_2019-11-11,DISTRIBUTION,0,cache/market.json.gz; B3,0.0,1110.1010601517116,,,
V0,2019-11-12,92702067000196,BRSR6,1518.7585820961922,1537.4729677151313,CONT_671_BRSR6_2019-11-12,DISTRIBUTION,0,cache/market.json.gz; B3,0.0,396.37068740912844,,,
V0,2019-11-19,33376989000191,IRBR3,167.01047011769256,167.9774804275762,CONT_1354_IRBR3_2019-11-19,DISTRIBUTION,0,cache/market.json.gz; B3,0.0,35.58597940371782,,,
V0,2019-11-22,00000000000191,BBAS3,705.7689831092259,711.279901204846,CONT_211_BBAS3_2019-11-22,DISTRIBUTION,0,cache/market.json.gz; B3,0.0,257.63542097023844,,,
V0,2019-11-28,03220438000173,EQTL3,316.80125401265906,1584.0062700632952,CONT_1110_EQTL3_2019-11-28,SHARES,0,cache/market.json.gz; B3,0.0,0.0,,,
V0,2019-12-02,60872504000123,ITUB4,784.588213031504,784.9217964554119,ITUB4_2019-12-02_DISTRIBUTION_210,DISTRIBUTION,0,cache/market.json.gz; SQLite corporate_actions/B3,0.0,11.76882319547256,,,
V0,2019-12-03,60746948000112,BBDC4,835.9184537726466,836.3892579578621,BBDC4_2019-12-03_DISTRIBUTION_607,DISTRIBUTION,0,https://www.bradescori.com.br/informacoes-ao-mercado/remuneracao-aos-acionistas/,0.0,15.861392999911297,,,
V0,2019-12-03,02474103000119,TBLE3,727.1184206156539,751.2947402959094,TBLE3_2019-12-03_DISTRIBUTION_354;TBLE3_2019-12-03_DISTRIBUTION_355,DISTRIBUTION,0,cache/market.json.gz; SQLite corporate_actions/B3,0.0,1111.6271788981473,,,
V0,2019-12-12,00000000000191,BBAS3,711.279901204846,713.841934068687,CONT_210_BBAS3_2019-12-12,DISTRIBUTION,0,cache/market.json.gz; B3,0.0,125.30902737046145,,,
V0,2019-12-13,60872504000123,ITUB4,789.2204106709445,790.0368006082841,ITUB4_2019-12-13_DISTRIBUTION_209,DISTRIBUTION,0,cache/market.json.gz; SQLite corporate_actions/B3,0.0,29.643118624800678,,,
V0,2019-12-16,02998611000104,TRPL4,1464.112197252049,1474.7536013521387,CONT_1386_TRPL4_2019-12-16,DISTRIBUTION,0,cache/market.json.gz; B3,0.0,239.64442033401812,,,
V0,2019-12-20,60746948000112,BBDC4,836.3892579578621,849.3655375635399,BBDC4_2019-12-20_DISTRIBUTION_608,DISTRIBUTION,0,https://www.bradescori.com.br/informacoes-ao-mercado/remuneracao-aos-acionistas/,0.0,463.12341912663805,,,
V0,2019-12-26,17155730000164,CMIG4,2649.909798946698,2703.0071625406867,CMIG4_2019-12-26_DISTRIBUTION_647,DISTRIBUTION,0,https://api.mziq.com/mzfilemanager/v2/d/716a131f-9624-452c-9088-0cd6983c1349/a2eb9f5f-37e1-8913-c1eb-c4281b5e23b2?origin=2,0.0,726.9029076017049,,,
V0,2019-12-26,76483817000120,CPLE6,824.8244042511054,855.2486739801068,CONT_916_CPLE6_2019-12-26,DISTRIBUTION,0,cache/market.json.gz; B3,0.0,2034.7751594756135,,,
V0,2020-01-02,28195667000106,ABCB4,1419.4897368870174,1453.8232078629546,CONT_17_ABCB4_2020-01-02,DISTRIBUTION,0,cache/market.json.gz; B3,0.0,696.9694608115256,,,
V0,2020-01-02,03983431000103,ENBR3,1526.7621104742707,1553.953091216649,CONT_1102_ENBR3_2020-01-02,DISTRIBUTION,0,cache/market.json.gz; B3,0.0,595.7543880655091,,,
V0,2020-01-02,60872504000123,ITUB4,790.0368006082841,790.3484112317162,ITUB4_2020-01-02_DISTRIBUTION_208,DISTRIBUTION,0,cache/market.json.gz; SQLite corporate_actions/B3,0.0,11.85055200912426,,,
V0,2020-01-02,02558157000162,VIVT4,524.5391402157962,532.1006491119238,CONT_2774_VIVT4_2020-01-02;CONT_2775_VIVT4_2020-01-02,DISTRIBUTION,0,cache/market.json.gz; B3,0.0,432.59392394745385,,,
V0,2020-01-02,76484013000145,SAPR4,2128.4156696288082,2161.707134376801,CONT_2234_SAPR4_2020-01-02,DISTRIBUTION,0,cache/market.json.gz; B3,0.0,680.8104540964556,,,
V0,2020-01-03,60746948000112,BBDC4,852.3042694971529,852.7354161440095,BBDC4_2020-01-03_DISTRIBUTION_580,DISTRIBUTION,0,https://www.bradescori.com.br/informacoes-ao-mercado/remuneracao-aos-acionistas/,0.0,16.172310723593,,,
V0,2020-01-20,02558115000121,TIMP3,2104.3160326720126,2117.5378318982657,TIMP_GROSS_2020-01-20,DISTRIBUTION,0,research/graham_v6_comparison/audit_v13_inputs/documents/TIM_DIV.html.gz,0.0,215.3831093956633,,,
V0,2020-02-03,60872504000123,ITUB4,795.1696605962525,795.5321999551869,ITUB4_2020-02-03_DISTRIBUTION_207,DISTRIBUTION,0,cache/market.json.gz; SQLite corporate_actions/B3,0.0,11.927544908943787,,,
V0,2020-02-04,60746948000112,BBDC4,860.4669211616043,860.9601899072194,BBDC4_2020-02-04_DISTRIBUTION_582,DISTRIBUTION,0,https://www.bradescori.com.br/informacoes-ao-mercado/remuneracao-aos-acionistas/,0.0,16.327195479859498,,,
V0,2020-02-14,17344597000194,BBSE3,641.0055633334322,676.2977594100286,CONT_267_BBSE3_2020-02-14,DISTRIBUTION,0,cache/market.json.gz; B3,0.0,1216.8749207210435,,,
V0,2020-02-18,60746948000112,BBDC4,860.9601899072194,862.67930106548,BBDC4_2020-02-18_DISTRIBUTION_581,DISTRIBUTION,0,https://www.bradescori.com.br/informacoes-ao-mercado/remuneracao-aos-acionistas/,0.0,55.13189484541697,,,
V0,2020-02-21,60872504000123,ITUB4,805.6152537156688,830.4320491843213,ITUB4_2020-02-21_DISTRIBUTION_205;ITUB4_2020-02-21_DISTRIBUTION_206,DISTRIBUTION,0,cache/market.json.gz; SQLite corporate_actions/B3,0.0,811.0128759155638,,,
V0,2020-02-26,00000000000191,BBAS3,714.0935084744352,721.0226062294987,CONT_208_BBAS3_2020-02-26;CONT_209_BBAS3_2020-02-26,DISTRIBUTION,0,cache/market.json.gz; B3,0.0,313.40309146152106,,,
V0,2020-03-02,60872504000123,ITUB4,830.4320491843213,830.8227794458572,ITUB4_2020-03-02_DISTRIBUTION_204,DISTRIBUTION,0,cache/market.json.gz; SQLite corporate_actions/B3,0.0,12.456480737764819,,,
V0,2020-03-02,02558157000162,VIVT4,536.818197034606,538.4242939478597,CONT_2773_VIVT4_2020-03-02,DISTRIBUTION,0,cache/market.json.gz; B3,0.0,88.54412282768013,,,
V0,2020-03-03,60746948000112,BBDC4,870.8664315815204,871.4150545630532,BBDC4_2020-03-03_DISTRIBUTION_583,DISTRIBUTION,0,https://www.bradescori.com.br/informacoes-ao-mercado/remuneracao-aos-acionistas/,0.0,16.524524203770916,,,
V0,2020-03-11,92702067000196,BRSR6,1555.4375884512965,1579.43784850742,CONT_670_BRSR6_2020-03-11,DISTRIBUTION,0,cache/market.json.gz; B3,0.0,384.00416089797693,,,
V0,2020-03-12,00000000000191,BBAS3,721.0226062294987,725.2084718780849,CONT_207_BBAS3_2020-03-12,DISTRIBUTION,0,cache/market.json.gz; B3,0.0,130.8083015183191,,,
V0,2020-03-30,76484013000145,SAPR4,2161.707134376801,6485.121403130403,CONT_2193_SAPR4_2020-03-30,SHARES,0,cache/market.json.gz; B3,0.0,0.0,,,
V0,2020-04-01,03983431000103,ENBR3,1557.334571514218,1576.8527339144737,CONT_1101_ENBR3_2020-04-01,DISTRIBUTION,0,cache/market.json.gz; B3,0.0,302.53151720396306,,,
V0,2020-04-01,60872504000123,ITUB4,838.9969412554535,839.5850232236232,ITUB4_2020-04-01_DISTRIBUTION_203,DISTRIBUTION,0,cache/market.json.gz; SQLite corporate_actions/B3,0.0,12.584954118831803,,,
V0,2020-04-01,02149205000169,PSSA3,609.1841839379147,623.1602763570386,CONT_2146_PSSA3_2020-04-01,DISTRIBUTION,0,cache/market.json.gz; B3,0.0,599.9936475529914,,,
V0,2020-04-01,02558157000162,VIVT4,541.0879521464497,542.0578746252074,CONT_2772_VIVT4_2020-04-01,DISTRIBUTION,0,cache/market.json.gz; B3,0.0,49.582437114098155,,,
V0,2020-04-02,60746948000112,BBDC4,885.4964714370068,886.3386832874173,BBDC4_2020-04-02_DISTRIBUTION_584,DISTRIBUTION,0,https://www.bradescori.com.br/informacoes-ao-mercado/remuneracao-aos-acionistas/,0.0,16.80212641569116,,,
V0,2020-04-14,60746948000112,BBDC4,886.3386832874173,974.9725516161591,BBDC4_2020-04-14_SHARES_672,SHARES,0,originals/bradesco_remuneracao.html.gz; owned_capital_events_fre.json; SEC 6K 20150317/20160404/20180319/20200403,0.0,0.0,,,
V0,2020-04-17,02998611000104,TRPL4,1481.2292757959144,1498.9144247484367,CONT_1385_TRPL4_2020-04-17,DISTRIBUTION,0,cache/market.json.gz; B3,0.0,337.963196482699,,,
V0,2020-04-29,43776517000180,SBSP3,684.4642877769112,707.3190533597992,CONT_2259_SBSP3_2020-04-29,DISTRIBUTION,0,cache/market.json.gz; B3,0.0,942.3019849824736,,,
V0,2020-05-04,60872504000123,ITUB4,851.2432049736368,851.8265146161496,ITUB4_2020-05-04_DISTRIBUTION_202,DISTRIBUTION,0,cache/market.json.gz; SQLite corporate_actions/B3,0.0,12.76864807460455,,,
V0,2020-05-05,60746948000112,BBDC4,991.9676880893574,992.9962343962244,BBDC4_2020-05-05_DISTRIBUTION_585,DISTRIBUTION,0,https://www.bradescori.com.br/informacoes-ao-mercado/remuneracao-aos-acionistas/,0.0,18.82239741566713,,,
V0,2020-05-29,02558157000162,VIVT4,542.0578746252074,557.48102776586,CONT_2771_VIVT4_2020-05-29,DISTRIBUTION,0,cache/market.json.gz; B3,0.0,727.0474390503606,,,
V0,2020-06-01,60872504000123,ITUB4,864.4066233686084,864.9546410926375,ITUB4_2020-06-01_DISTRIBUTION_201,DISTRIBUTION,0,cache/market.json.gz; SQLite corporate_actions/B3,0.0,12.966099350529126,,,
V0,2020-06-02,60746948000112,BBDC4,1008.1924935549832,1009.1180020213809,BBDC4_2020-06-02_DISTRIBUTION_586,DISTRIBUTION,0,https://www.bradescori.com.br/informacoes-ao-mercado/remuneracao-aos-acionistas/,0.0,19.130260000439538,,,
V0,2020-06-10,92702067000196,BRSR6,1641.2177047651505,1661.996575069798,CONT_669_BRSR6_2020-06-10,DISTRIBUTION,0,cache/market.json.gz; B3,0.0,295.68332443513196,,,
V0,2020-06-30,02149205000169,PSSA3,623.1602763570386,630.5363308443848,CONT_2145_PSSA3_2020-06-30,DISTRIBUTION,0,cache/market.json.gz; B3,0.0,371.9006672519953,,,
V0,2020-07-01,60872504000123,ITUB4,892.0366860332127,892.5493507953008,ITUB4_2020-07-01_DISTRIBUTION_200,DISTRIBUTION,0,cache/market.json.gz; SQLite corporate_actions/B3,0.0,13.38055029049819,,,
V0,2020-07-01,02558157000162,VIVT4,558.3138334524689,564.6983083786637,CONT_2732_VIVT4_2020-07-01,DISTRIBUTION,0,https://api.mziq.com/mzfilemanager/v2/d/24165f81-24d6-4648-bf9f-66712905d5a2/34b95df5-e8c3-6d48-b667-42e740e0df5e?origin=2,0.0,306.965554451448,,,
V0,2020-07-01,76484013000145,SAPR4,6717.129869661154,6827.9996564273815,CONT_2731_SAPR4_2020-07-01,DISTRIBUTION,0,https://ri.sanepar.com.br/docs/Sanepar-2025-12-18-cW6NmzgB.pdf,0.0,690.7187715535966,,,
V0,2020-07-02,60746948000112,BBDC4,1042.863253996241,1043.7962163280513,BBDC4_2020-07-02_DISTRIBUTION_587,DISTRIBUTION,0,https://www.bradescori.com.br/informacoes-ao-mercado/remuneracao-aos-acionistas/,0.0,19.788131057697157,,,
V0,2020-07-07,02998611000104,TRPL4,1498.9144247484367,1509.7474361804805,CONT_1384_TRPL4_2020-07-07,DISTRIBUTION,0,cache/market.json.gz; B3,0.0,227.49324007291972,,,
V0,2020-07-14,33376989000191,IRBR3,899.8598209277927,983.3176462914953,IRBR_RIGHT_REALIZE_20200714;IRBR_RIGHT_20200714,RIGHT;RIGHT_REINVEST,0,COTAHIST first negotiated close;https://mz-prod-cvm.s3.amazonaws.com/24180/IPE/2020/07c8e745-6838-42ce-a258-76ed0a75a731/20200709223717127593_24180_775149.pdf,0.0,0.0,,,
V0,2020-07-20,03220438000173,EQTL3,1584.0062700632952,1604.8635455127394,CONT_1120_EQTL3_2020-07-20,DISTRIBUTION,0,cache/market.json.gz; B3,0.0,506.83179342149344,,,
V0,2020-08-03,17155730000164,CMIG4,2706.5002273057485,2877.586532743273,CMIG4_2020-08-03_DISTRIBUTION_648;CMIG4_2020-08-03_SHARES_677,DISTRIBUTION;SHARES,0,https://api.mziq.com/mzfilemanager/v2/d/716a131f-9624-452c-9088-0cd6983c1349/a2eb9f5f-37e1-8913-c1eb-c4281b5e23b2?origin=2;https://api.mziq.com/mzfilemanager/v2/d/716a131f-9624-452c-9088-0cd6983c1349/a2eb9f5f-37e1-8913-c1eb-c4281b5e23b2?origin=2; owned_capital_events_fre.json; B3 2024-04-29,0.0,675.943934919483,,,
V0,2020-08-03,60872504000123,ITUB4,893.9166052130872,894.4081282731385,ITUB4_2020-08-03_DISTRIBUTION_199,DISTRIBUTION,0,cache/market.json.gz; SQLite corporate_actions/B3,0.0,13.408749078196308,,,
V0,2020-08-03,02998609000127,TIET4,1504.9149872894025,1530.2639683328682,CONT_2570_TIET4_2020-08-03,DISTRIBUTION,0,cache/market.json.gz; B3,0.0,73.51204502605074,,,
V0,2020-08-04,60746948000112,BBDC4,1046.2235089747608,1047.1375002848024,BBDC4_2020-08-04_DISTRIBUTION_588,DISTRIBUTION,0,https://www.bradescori.com.br/informacoes-ao-mercado/remuneracao-aos-acionistas/,0.0,19.85189125410587,,,
V0,2020-08-07,90400888000142,SANB4,347.575068461388,350.05945419340225,CONT_2295_SANB4_2020-08-07,DISTRIBUTION,0,cache/market.json.gz; B3,0.0,37.61359998269508,,,
V0,2020-08-10,02474103000119,TBLE3,751.2947402959094,765.0666599861094,TBLE3_2020-08-10_DISTRIBUTION_353,DISTRIBUTION,0,cache/market.json.gz; SQLite corporate_actions/B3,0.0,624.0056811629601,,,
V0,2020-08-11,02998609000127,TIET4,1664.9626790193306,1703.0670453012524,CONT_2569_TIET4_2020-08-11,DISTRIBUTION,0,cache/market.json.gz; B3,0.0,110.88370588039233,,,
V0,2020-08-13,28195667000106,ABCB4,1573.7563495586617,1592.5741536584721,CONT_16_ABCB4_2020-08-13,DISTRIBUTION,0,cache/market.json.gz; B3,0.0,249.71226040448494,,,
V0,2020-08-13,17344597000194,BBSE3,764.8160860886646,789.5175381635704,CONT_2559_BBSE3_2020-08-13,DISTRIBUTION,0,BBSE_DIV,0.0,669.409351229946,,,
V0,2020-08-17,33376989000191,IRBR3,1014.4393955567167,1018.6506105993799,CONT_1352_IRBR3_2020-08-17;CONT_1353_IRBR3_2020-08-17,DISTRIBUTION,0,cache/market.json.gz; B3,0.0,31.457776368693803,,,
V0,2020-08-18,60872504000123,ITUB4,895.5748508991333,897.5293026158232,ITUB4_2020-08-18_DISTRIBUTION_198,DISTRIBUTION,0,cache/market.json.gz; SQLite corporate_actions/B3,0.0,47.37590961256415,,,
V0,2020-08-24,00000000000191,BBAS3,748.4979285520827,758.3925637911158,CONT_205_BBAS3_2020-08-24;CONT_206_BBAS3_2020-08-24,DISTRIBUTION,0,cache/market.json.gz; B3,0.0,330.9755487456568,,,
V0,2020-09-01,60872504000123,ITUB4,897.5293026158232,898.0824225640253,ITUB4_2020-09-01_DISTRIBUTION_197,DISTRIBUTION,0,cache/market.json.gz; SQLite corporate_actions/B3,0.0,13.462939539237349,,,
V0,2020-09-02,60746948000112,BBDC4,1049.5547934409155,1050.4977433339352,BBDC4_2020-09-02_DISTRIBUTION_589,DISTRIBUTION,0,https://www.bradescori.com.br/informacoes-ao-mercado/remuneracao-aos-acionistas/,0.0,19.915101740575825,,,
V0,2020-09-14,00000000000191,BBAS3,758.3925637911158,760.8032682657838,CONT_204_BBAS3_2020-09-14,DISTRIBUTION,0,cache/market.json.gz; B3,0.0,78.01039680025765,,,
V0,2020-09-28,17155730000164,CMIG4,2877.586532743273,2899.8857386940836,CMIG4_2020-09-28_DISTRIBUTION_649,DISTRIBUTION,0,https://api.mziq.com/mzfilemanager/v2/d/716a131f-9624-452c-9088-0cd6983c1349/a2eb9f5f-37e1-8913-c1eb-c4281b5e23b2?origin=2,0.0,227.4519006982697,,,
V0,2020-09-29,02558157000162,VIVT4,563.7406371397344,568.8689817074888,CONT_2733_VIVT4_2020-09-29,DISTRIBUTION,0,https://api.mziq.com/mzfilemanager/v2/d/24165f81-24d6-4648-bf9f-66712905d5a2/34b95df5-e8c3-6d48-b667-42e740e0df5e?origin=2,0.0,223.85224038248202,,,
V0,2020-10-01,60872504000123,ITUB4,900.4028361066694,901.0025715658878,ITUB4_2020-10-01_DISTRIBUTION_196,DISTRIBUTION,0,cache/market.json.gz; SQLite corporate_actions/B3,0.0,13.50604254160004,,,
V0,2020-10-02,60746948000112,BBDC4,1053.4503511745745,1054.4681220098353,BBDC4_2020-10-02_DISTRIBUTION_590,DISTRIBUTION,0,https://www.bradescori.com.br/informacoes-ao-mercado/remuneracao-aos-acionistas/,0.0,19.989019204520474,,,
V0,2020-10-13,02558115000121,TIMP3,2117.5378318982657,0,CONT_2860_TIMP3_2020-10-13,CONVERSION,0,https://api.mziq.com/mzfilemanager/v2/d/4c4aa51f-1235-4aa1-8b83-adc92e8dacc3/403d4da4-118d-4b76-8663-e709c19a141d?origin=1;https://api.mziq.com/mzfilemanager/v2/d/4c4aa51f-1235-4aa1-8b83-adc92e8dacc3/5e0de946-852c-4d28-ad6e-ef5d86e4fec5?origin=2;https://conteudo.cvm.gov.br/decisoes/2021/20210511_R1.html,0.0,0.0,,,
V0,2020-10-13,02558115000121,TIMS3,0,2117.5378318982657,CONT_2860_TIMP3_2020-10-13,CONVERSION,0,https://api.mziq.com/mzfilemanager/v2/d/4c4aa51f-1235-4aa1-8b83-adc92e8dacc3/403d4da4-118d-4b76-8663-e709c19a141d?origin=1;https://api.mziq.com/mzfilemanager/v2/d/4c4aa51f-1235-4aa1-8b83-adc92e8dacc3/5e0de946-852c-4d28-ad6e-ef5d86e4fec5?origin=2;https://conteudo.cvm.gov.br/decisoes/2021/20210511_R1.html,0.0,0.0,,,
V0,2020-10-20,02558115000121,TIMS3,2117.5378318982657,2151.6003285959623,CONT_2734_TIMS3_2020-10-20,DISTRIBUTION,0,https://api.mziq.com/mzfilemanager/v2/d/4c4aa51f-1235-4aa1-8b83-adc92e8dacc3/f254c76d-5442-4947-aad9-e2816de7e7d3?origin=2;https://api.mziq.com/mzfilemanager/v2/d/4c4aa51f-1235-4aa1-8b83-adc92e8dacc3/be78844f-4634-42c0-ae1c-a18bd2d7782e?origin=2,0.0,437.3624575984261,,,
V0,2020-11-03,60872504000123,ITUB4,903.7237825538756,904.2876701053859,ITUB4_2020-11-03_DISTRIBUTION_195,DISTRIBUTION,0,cache/market.json.gz; SQLite corporate_actions/B3,0.0,13.555856738308133,,,
V0,2020-11-03,02149205000169,PSSA3,630.5363308443848,637.8510289127483,CONT_2735_PSSA3_2020-11-03,DISTRIBUTION,0,https://api.mziq.com/mzfilemanager/v2/d/b77a3922-d280-4451-b3ee-0afec4577834/f9e62720-e79a-1676-864d-2a184a052c0f?origin=2;https://api.mziq.com/mzfilemanager/v2/d/b77a3922-d280-4451-b3ee-0afec4577834/493a6ff0-1341-22f7-1a72-d9896b29432f?origin=2,0.0,352.86103481785716,,,
V0,2020-11-04,60746948000112,BBDC4,1055.9099809505485,1056.878824771135,BBDC4_2020-11-04_DISTRIBUTION_591,DISTRIBUTION,0,https://www.bradescori.com.br/informacoes-ao-mercado/remuneracao-aos-acionistas/,0.0,20.035690209730294,,,
V0,2020-11-05,02998611000104,TRPL4,1509.7474361804805,1541.2389099196994,CONT_1383_TRPL4_2020-11-05,DISTRIBUTION,0,cache/market.json.gz; B3,0.0,788.231587692648,,,
V0,2020-11-05,90400888000142,SANB4,414.76504457176594,418.1247602248528,CONT_2294_SANB4_2020-11-05,DISTRIBUTION,0,cache/market.json.gz; B3,0.0,58.291066581057315,,,
V0,2020-11-11,02998609000127,TIET4,2054.0563058514185,2075.4775993962166,CONT_2568_TIET4_2020-11-11,DISTRIBUTION,0,cache/market.json.gz; B3,0.0,67.04864879521807,,,
V0,2020-11-17,00000000000191,BBAS3,761.741600923951,766.0798249219397,CONT_203_BBAS3_2020-11-17,DISTRIBUTION,0,cache/market.json.gz; B3,0.0,148.36726073121562,,,
V0,2020-11-23,02558157000162,VIVT3,0,568.0997300223257,CONT_2861_VIVT4_2020-11-23,CONVERSION,0,https://s3.glbimg.com/v1/AUTH_63b422c2caee4269b8b34177e8876b93/valorri-uploads/bs/2021/f/6/GkGOxJRVyK8BsXNSui3Q/telefonica-1-.pdf,0.0,0.0,,,
V0,2020-11-23,02558157000162,VIVT4,568.0997300223257,0,CONT_2861_VIVT4_2020-11-23,CONVERSION,0,https://s3.glbimg.com/v1/AUTH_63b422c2caee4269b8b34177e8876b93/valorri-uploads/bs/2021/f/6/GkGOxJRVyK8BsXNSui3Q/telefonica-1-.pdf,0.0,0.0,,,
V0,2020-11-30,02558157000162,VIVT3,568.0997300223257,571.1071930787383,CONT_2736_VIVT3_2020-11-30,DISTRIBUTION,0,https://api.mziq.com/mzfilemanager/v2/d/24165f81-24d6-4648-bf9f-66712905d5a2/34b95df5-e8c3-6d48-b667-42e740e0df5e?origin=2,0.0,134.58397177446247,,,
V0,2020-12-01,60872504000123,ITUB4,905.7360707003793,906.1927443494719,ITUB4_2020-12-01_DISTRIBUTION_194,DISTRIBUTION,0,cache/market.json.gz; SQLite corporate_actions/B3,0.0,13.58604106050569,,,
V0,2020-12-02,60746948000112,BBDC4,1056.878824771135,1057.6525158913578,BBDC4_2020-12-02_DISTRIBUTION_592,DISTRIBUTION,0,https://www.bradescori.com.br/informacoes-ao-mercado/remuneracao-aos-acionistas/,0.0,20.054073836176755,,,
V0,2020-12-11,92702067000196,BRSR6,1711.7831043369108,1724.3218423186993,CONT_668_BRSR6_2020-12-11,DISTRIBUTION,0,cache/market.json.gz; B3,0.0,175.79310650467298,,,
V0,2020-12-11,60872504000123,ITUB4,906.1927443494719,908.0445043471905,ITUB4_2020-12-11_DISTRIBUTION_193,DISTRIBUTION,0,cache/market.json.gz; SQLite corporate_actions/B3,0.0,57.96008792859223,,,
V0,2020-12-14,00000000000191,BBAS3,766.0798249219397,768.4076072208973,CONT_202_BBAS3_2020-12-14,DISTRIBUTION,0,cache/market.json.gz; B3,0.0,89.61961850986724,,,
V0,2020-12-15,02998609000127,TIET4,2185.4075006789008,2197.373983344028,CONT_2567_TIET4_2020-12-15,DISTRIBUTION,0,cache/market.json.gz; B3,0.0,39.01073348831593,,,
V0,2020-12-17,02998611000104,TRPL4,1541.2389099196994,1587.572833385756,CONT_1381_TRPL4_2020-12-17;CONT_1382_TRPL4_2020-12-17,DISTRIBUTION,0,cache/market.json.gz; B3,0.0,1290.8631077643342,,,
V0,2020-12-21,02474103000119,TBLE3,765.0666599861094,780.7908043523906,TBLE3_2020-12-21_DISTRIBUTION_351;TBLE3_2020-12-21_DISTRIBUTION_352,DISTRIBUTION,0,cache/market.json.gz; SQLite corporate_actions/B3,0.0,684.0002799332337,,,
V0,2020-12-21,02558115000121,TIMS3,2146.4909540913077,2182.7223652111943,CONT_2737_TIMS3_2020-12-21,DISTRIBUTION,0,https://api.mziq.com/mzfilemanager/v2/d/4c4aa51f-1235-4aa1-8b83-adc92e8dacc3/c586e22e-1cf8-403d-8731-dc96ab412253?origin=2;https://api.mziq.com/mzfilemanager/v2/d/4c4aa51f-1235-4aa1-8b83-adc92e8dacc3/620d660d-c87e-4aec-b107-f541814149da?origin=2,0.0,517.0222366807823,,,
V0,2020-12-29,60746948000112,BBDC4,1057.6525158913578,1073.6065623947059,BBDC4_2020-12-29_DISTRIBUTION_593,DISTRIBUTION,0,https://www.bradescori.com.br/informacoes-ao-mercado/remuneracao-aos-acionistas/,0.0,439.21490023717485,,,
V0,2020-12-29,76483817000120,CPLE6,855.2486739801068,891.6890894986055,CONT_915_CPLE6_2020-12-29,DISTRIBUTION,0,cache/market.json.gz; B3,0.0,2651.4046331259683,,,
V0,2020-12-29,02558157000162,VIVT3,570.8731811772851,581.7960523276402,CONT_2738_VIVT3_2020-12-29;CONT_2739_VIVT3_2020-12-29,DISTRIBUTION,0,https://api.mziq.com/mzfilemanager/v2/d/24165f81-24d6-4648-bf9f-66712905d5a2/34b95df5-e8c3-6d48-b667-42e740e0df5e?origin=2,0.0,493.7137759960459,,,
V0,2020-12-30,92702067000196,BRSR6,1724.3218423186993,1730.1093634877975,CONT_667_BRSR6_2020-12-30,DISTRIBUTION,0,cache/market.json.gz; B3,0.0,84.3241834337613,,,
V0,2021-01-04,92702067000196,BRSR6,1730.1093634877975,1739.4453307147166,CONT_666_BRSR6_2021-01-04,DISTRIBUTION,0,cache/market.json.gz; B3,0.0,135.37152479032733,,,
V0,2021-01-04,17155730000164,CMIG4,2899.8857386940836,2958.4440424841614,CMIG4_2021-01-04_DISTRIBUTION_650,DISTRIBUTION,0,https://api.mziq.com/mzfilemanager/v2/d/716a131f-9624-452c-9088-0cd6983c1349/a2eb9f5f-37e1-8913-c1eb-c4281b5e23b2?origin=2,0.0,828.014415591701,,,
V0,2021-01-04,60872504000123,ITUB4,908.0445043471905,908.4853026502716,ITUB4_2021-01-04_DISTRIBUTION_192,DISTRIBUTION,0,cache/market.json.gz; SQLite corporate_actions/B3,0.0,13.620667565207857,,,
V0,2021-01-04,76484013000145,SAPR4,7068.612222752151,7210.0605828627395,CONT_2740_SAPR4_2021-01-04,DISTRIBUTION,0,https://ri.sanepar.com.br/docs/Sanepar-2025-12-18-cW6NmzgB.pdf,0.0,702.9983497496255,,,
V0,2021-01-05,60746948000112,BBDC4,1073.6065623947059,1074.3826187551854,BBDC4_2021-01-05_DISTRIBUTION_564,DISTRIBUTION,0,https://www.bradescori.com.br/informacoes-ao-mercado/remuneracao-aos-acionistas/,0.0,20.371479462586127,,,
V0,2021-01-05,03983431000103,ENBR3,1576.8527339144737,1599.2463995117134,CONT_2385_ENBR3_2021-01-05,DISTRIBUTION,0,EDP_RI;EDP_APR2023,0.0,427.7190129072786,,,
V0,2021-01-07,28195667000106,ABCB4,1614.1557439138119,1647.7671883052237,CONT_15_ABCB4_2021-01-07,DISTRIBUTION,0,cache/market.json.gz; B3,0.0,545.849856916528,,,
V0,2021-01-07,01083200000118,NEOE3,358.77289485069616,363.34721471123305,CONT_2057_NEOE3_2021-01-07,DISTRIBUTION,0,cache/market.json.gz; B3,0.0,78.81553119705092,,,
V0,2021-01-11,90400888000142,SANB4,443.06325020425356,444.84731669920257,CONT_2293_SANB4_2021-01-11,DISTRIBUTION,0,cache/market.json.gz; B3,0.0,41.40818334776685,,,
V0,2021-01-26,60872504000123,ITUB4,908.4853026502716,910.0983866425172,ITUB4_2021-01-26_DISTRIBUTION_191,DISTRIBUTION,0,cache/market.json.gz; SQLite corporate_actions/B3,0.0,45.56962278093763,,,
V0,2021-02-01,60872504000123,ITUB4,910.0983866425172,910.5678321652008,ITUB4_2021-02-01_DISTRIBUTION_190,DISTRIBUTION,0,cache/market.json.gz; SQLite corporate_actions/B3,0.0,13.651475799637758,,,
V0,2021-02-02,60746948000112,BBDC4,1074.3826187551854,1075.1938485595547,BBDC4_2021-02-02_DISTRIBUTION_565,DISTRIBUTION,0,https://www.bradescori.com.br/informacoes-ao-mercado/remuneracao-aos-acionistas/,0.0,20.38620498379946,,,
V0,2021-02-12,17344597000194,BBSE3,805.5425105720533,819.1975496624303,CONT_2558_BBSE3_2021-02-12,DISTRIBUTION,0,BBSE_DIV,0.0,382.4776449214604,,,
V0,2021-02-17,90400888000142,SANB4,458.9549115404741,460.50635307827844,CONT_2292_SANB4_2021-02-17,DISTRIBUTION,0,cache/market.json.gz; B3,0.0,33.030190339854975,,,
V0,2021-02-18,60746948000112,BBDC4,1075.1938485595547,1076.1357236799593,BBDC4_2021-02-18_DISTRIBUTION_566,DISTRIBUTION,0,https://www.bradescori.com.br/informacoes-ao-mercado/remuneracao-aos-acionistas/,0.0,23.462109249277184,,,
V0,2021-02-23,00000000000191,BBAS3,768.598275791512,779.607280991704,CONT_200_BBAS3_2021-02-23;CONT_201_BBAS3_2021-02-23,DISTRIBUTION,0,cache/market.json.gz; B3,0.0,335.0040282418396,,,
V0,2021-02-26,60872504000123,ITUB4,910.7160870702697,915.9553600835848,ITUB4_2021-02-26_DISTRIBUTION_188;ITUB4_2021-02-26_DISTRIBUTION_189,DISTRIBUTION,0,cache/market.json.gz; SQLite corporate_actions/B3,0.0,133.86342549019776,,,
V0,2021-02-26,02998611000104,TRPL4,1587.572833385756,1641.1222628866317,CONT_1380_TRPL4_2021-02-26,DISTRIBUTION,0,cache/market.json.gz; B3,0.0,1279.8313650709274,,,
V0,2021-03-01,60872504000123,ITUB4,915.9553600835848,916.5100363210194,ITUB4_2021-03-01_DISTRIBUTION_187,DISTRIBUTION,0,cache/market.json.gz; SQLite corporate_actions/B3,0.0,13.73933040125377,,,
V0,2021-03-01,02558157000162,VIVT3,581.895454216134,583.0898192495126,CONT_2741_VIVT3_2021-03-01,DISTRIBUTION,0,https://api.mziq.com/mzfilemanager/v2/d/24165f81-24d6-4648-bf9f-66712905d5a2/34b95df5-e8c3-6d48-b667-42e740e0df5e?origin=2,0.0,51.727949595627074,,,
V0,2021-03-02,60746948000112,BBDC4,1076.1596850464116,1077.0545108341967,BBDC4_2021-03-02_DISTRIBUTION_567,DISTRIBUTION,0,https://www.bradescori.com.br/informacoes-ao-mercado/remuneracao-aos-acionistas/,0.0,20.419924477255815,,,
V0,2021-03-02,02998609000127,TIET4,2494.894601563579,2498.0564577373907,CONT_2566_TIET4_2021-03-02,DISTRIBUTION,0,cache/market.json.gz; B3,0.0,9.92822838576915,,,
V0,2021-03-08,92702067000196,BRSR6,1751.1715330939035,1784.236100372354,CONT_665_BRSR6_2021-03-08,DISTRIBUTION,0,cache/market.json.gz; B3,0.0,398.42803570532806,,,
V0,2021-03-12,00000000000191,BBAS3,781.1140743223307,784.9080563047203,CONT_199_BBAS3_2021-03-12,DISTRIBUTION,0,cache/market.json.gz; B3,0.0,113.81945947168623,,,
V0,2021-03-12,76483817000120,CPLE6,891.6890894986055,8916.890894986056,CPLE6_SPLIT_20210312,SHARES,0,CPLE_RI; B3; same capital event as frozen CPLE3 v12,0.0,0.0,,,
V0,2021-03-26,60872504000123,ITUB4,917.462371281241,919.1175296168905,ITUB4_2021-03-26_DISTRIBUTION_186,DISTRIBUTION,0,cache/market.json.gz; SQLite corporate_actions/B3,0.0,46.46029448168204,,,
V0,2021-03-29,02998609000127,AESB3,0,499.6112915474782,TIET_AESB_20210329_TIET4,CONVERSION,0,https://s3.glbimg.com/v1/AUTH_63b422c2caee4269b8b34177e8876b93/valorri-uploads/bs/2022/L/V/FifA9TTYS7Ll9x2AUc4A/aes-brasil-15607669-05032022-certificado.pdf; reorganization; COTAHIST,0.0,0.0,,,
V0,2021-03-29,02998609000127,TIET4,2498.0564577373907,0,TIET_AESB_20210329_TIET4,CONVERSION,0,https://s3.glbimg.com/v1/AUTH_63b422c2caee4269b8b34177e8876b93/valorri-uploads/bs/2022/L/V/FifA9TTYS7Ll9x2AUc4A/aes-brasil-15607669-05032022-certificado.pdf; reorganization; COTAHIST,0.0,0.0,,,
V0,2021-03-31,02998611000104,TRPL4,1641.1222628866317,1692.692699689754,CONT_1379_TRPL4_2021-03-31,DISTRIBUTION,0,cache/market.json.gz; B3,0.0,1306.2791642230836,,,
V0,2021-04-01,28195667000106,ABCB4,1648.852159411067,1673.84899285979,CONT_14_ABCB4_2021-04-01,DISTRIBUTION,0,cache/market.json.gz; B3,0.0,351.2055099545573,,,
V0,2021-04-01,76483817000120,CPLE6,8916.890894986056,9055.466978479777,CONT_913_CPLE6_2021-04-01;CONT_914_CPLE6_2021-04-01,DISTRIBUTION,0,cache/market.json.gz; B3,0.0,881.3438910200607,,,
V0,2021-04-01,60872504000123,ITUB4,919.1175296168905,919.6262662568998,ITUB4_2021-04-01_DISTRIBUTION_185,DISTRIBUTION,0,cache/market.json.gz; SQLite corporate_actions/B3,0.0,13.786762944253356,,,
V0,2021-04-01,02149205000169,PSSA3,636.7538242024938,660.1148845972355,CONT_2742_PSSA3_2021-04-01;CONT_2743_PSSA3_2021-04-01;CONT_2744_PSSA3_2021-04-01,DISTRIBUTION,0,https://api.mziq.com/mzfilemanager/v2/d/b77a3922-d280-4451-b3ee-0afec4577834/493a6ff0-1341-22f7-1a72-d9896b29432f?origin=2;https://api.mziq.com/mzfilemanager/v2/d/b77a3922-d280-4451-b3ee-0afec4577834/493a6ff0-1341-22f7-1a72-d9896b29432f?origin=2;https://api.mziq.com/mzfilemanager/v2/d/b77a3922-d280-4451-b3ee-0afec4577834/41759930-edbb-5e54-ff18-92877b91d282?origin=2,0.0,1046.341895080479,,,
V0,2021-04-01,02558157000162,VIVT3,582.9106644945058,585.0249157662555,CONT_2745_VIVT3_2021-04-01,DISTRIBUTION,0,https://api.mziq.com/mzfilemanager/v2/d/24165f81-24d6-4648-bf9f-66712905d5a2/34b95df5-e8c3-6d48-b667-42e740e0df5e?origin=2,0.0,93.32305113503048,,,
V0,2021-04-05,60746948000112,BBDC4,1077.0545108341967,1077.8402433842032,BBDC4_2021-04-05_DISTRIBUTION_568,DISTRIBUTION,0,https://www.bradescori.com.br/informacoes-ao-mercado/remuneracao-aos-acionistas/,0.0,20.436903625667313,,,
V0,2021-04-12,03983431000103,ENBR3,1599.2463995117134,1660.7478843322506,CONT_2386_ENBR3_2021-04-12,DISTRIBUTION,0,EDP_RI;EDP_APR2023,0.0,1165.4531373491795,,,
V0,2021-04-13,01083200000118,NEOE3,423.96650764791565,428.30988340361523,CONT_2056_NEOE3_2021-04-13,DISTRIBUTION,0,cache/market.json.gz; B3,0.0,70.10208469699108,,,
V0,2021-04-16,02558157000162,VIVT3,584.8063961759526,597.2844458591645,CONT_2746_VIVT3_2021-04-16,DISTRIBUTION,0,https://api.mziq.com/mzfilemanager/v2/d/24165f81-24d6-4648-bf9f-66712905d5a2/34b95df5-e8c3-6d48-b667-42e740e0df5e?origin=2,0.0,550.7811130169725,,,
V0,2021-04-19,60746948000112,BBDC4,1077.8402433842032,1185.6242677226237,BBDC4_2021-04-19_SHARES_673,SHARES,0,originals/bradesco_remuneracao.html.gz; owned_capital_events_fre.json; SEC 6K 20150317/20160404/20180319/20200403,0.0,0.0,,,
V0,2021-04-27,07047251000170,COCE5,134.11569586474,139.25118406879344,CONT_827_COCE5_2021-04-27,DISTRIBUTION,0,cache/market.json.gz; B3,0.0,283.47894886375,,,
V0,2021-04-28,60872504000123,ITUB4,920.3443010501093,922.1869471374297,ITUB4_2021-04-28_DISTRIBUTION_184,DISTRIBUTION,0,cache/market.json.gz; SQLite corporate_actions/B3,0.0,51.98104612331017,,,
V0,2021-04-30,76483817000120,CPLE6,9055.466978479777,9170.543375477426,CONT_912_CPLE6_2021-04-30,DISTRIBUTION,0,cache/market.json.gz; B3,0.0,720.3782452052786,,,
V0,2021-04-30,43776517000180,SBSP3,797.0827293603261,804.4964558215808,CONT_2436_SBSP3_2021-04-30,DISTRIBUTION,0,SBSP_2021;SBSP_2022;SBSP_2023;SBSP_2024,0.0,317.15921801247373,,,
V0,2021-05-03,92702067000196,BRSR6,1790.8089315217755,1799.0220040300724,CONT_664_BRSR6_2021-05-03,DISTRIBUTION,0,cache/market.json.gz; B3,0.0,100.1994846012209,,,
V0,2021-05-03,17155730000164,CMIG4,2958.4440424841614,3448.1327978862837,CMIG4_2021-05-03_DISTRIBUTION_651;CMIG4_2021-05-03_SHARES_678,DISTRIBUTION;SHARES,0,https://api.mziq.com/mzfilemanager/v2/d/716a131f-9624-452c-9088-0cd6983c1349/a2eb9f5f-37e1-8913-c1eb-c4281b5e23b2?origin=2;https://api.mziq.com/mzfilemanager/v2/d/716a131f-9624-452c-9088-0cd6983c1349/a2eb9f5f-37e1-8913-c1eb-c4281b5e23b2?origin=2; owned_capital_events_fre.json; B3 2024-04-29,0.0,1809.6687862238307,,,
V0,2021-05-03,03220438000173,EQTL3,1604.8635455127394,1653.5777846682695,CONT_1119_EQTL3_2021-05-03,DISTRIBUTION,0,cache/market.json.gz; B3,0.0,1155.5017527691723,,,
V0,2021-05-03,60872504000123,ITUB4,922.1869471374297,922.6827465713745,ITUB4_2021-05-03_DISTRIBUTION_183,DISTRIBUTION,0,cache/market.json.gz; SQLite corporate_actions/B3,0.0,13.832804207061445,,,
V0,2021-05-03,02558157000162,VIVT3,597.2844458591645,599.5928986098241,CONT_2747_VIVT3_2021-05-03,DISTRIBUTION,0,https://api.mziq.com/mzfilemanager/v2/d/24165f81-24d6-4648-bf9f-66712905d5a2/34b95df5-e8c3-6d48-b667-42e740e0df5e?origin=2,0.0,99.21729922335027,,,
V0,2021-05-04,60746948000112,BBDC4,1185.6242677226237,1186.5695195724472,BBDC4_2021-05-04_DISTRIBUTION_569,DISTRIBUTION,0,https://www.bradescori.com.br/informacoes-ao-mercado/remuneracao-aos-acionistas/,0.0,22.496994025801648,,,
V0,2021-05-10,90400888000142,SANB4,502.7302159672293,513.2880244129831,CONT_2291_SANB4_2021-05-10,DISTRIBUTION,0,cache/market.json.gz; B3,0.0,211.78963742182086,,,
V0,2021-05-11,02998609000127,AESB3,537.6471560400181,544.09750286439,CONT_30_AESB3_2021-05-11,DISTRIBUTION,0,cache/market.json.gz; B3,0.0,91.59492490608139,,,
V0,2021-05-12,02474103000119,TBLE3,780.7908043523906,795.9111428128142,TBLE3_2021-05-12_DISTRIBUTION_350,DISTRIBUTION,0,cache/market.json.gz; SQLite corporate_actions/B3,0.0,583.3426578031398,,,
V0,2021-05-24,00000000000191,BBAS3,788.0617570908183,797.995124230851,CONT_197_BBAS3_2021-05-24;CONT_198_BBAS3_2021-05-24,DISTRIBUTION,0,cache/market.json.gz; B3,0.0,326.609111564276,,,
V0,2021-05-25,60872504000123,ITUB4,923.1114048093069,924.6628685979416,ITUB4_2021-05-25_DISTRIBUTION_182,DISTRIBUTION,0,cache/market.json.gz; SQLite corporate_actions/B3,0.0,44.992449870405615,,,
V0,2021-06-01,60872504000123,ITUB4,924.6628685979416,925.1161347099994,ITUB4_2021-06-01_DISTRIBUTION_181,DISTRIBUTION,0,cache/market.json.gz; SQLite corporate_actions/B3,0.0,13.869943028969123,,,
V0,2021-06-02,60746948000112,BBDC4,1186.5695195724472,1187.3701927587597,BBDC4_2021-06-02_DISTRIBUTION_570,DISTRIBUTION,0,https://www.bradescori.com.br/informacoes-ao-mercado/remuneracao-aos-acionistas/,0.0,22.514929999108947,,,
V0,2021-06-04,92702067000196,BRSR6,1808.4836102974302,1839.273275065637,CONT_663_BRSR6_2021-06-04,DISTRIBUTION,0,cache/market.json.gz; B3,0.0,438.1369296515854,,,
V0,2021-06-14,00000000000191,BBAS3,798.4384550985226,802.2158853807855,CONT_196_BBAS3_2021-06-14,DISTRIBUTION,0,cache/market.json.gz; B3,0.0,134.55206665420533,,,
V0,2021-06-22,02558115000121,TIMS3,2178.451841584581,2204.6031354149495,CONT_2748_TIMS3_2021-06-22,DISTRIBUTION,0,https://api.mziq.com/mzfilemanager/v2/d/4c4aa51f-1235-4aa1-8b83-adc92e8dacc3/ec8c4a27-ea86-4980-8cb4-8beef111e7ac?origin=2,0.0,315.12309065594013,,,
V0,2021-07-01,28195667000106,ABCB4,1679.0000404278003,1703.159108026597,CONT_13_ABCB4_2021-07-01,DISTRIBUTION,0,cache/market.json.gz; B3,0.0,367.7010088536883,,,
V0,2021-07-01,60872504000123,ITUB4,925.1161347099994,925.5835224506748,ITUB4_2021-07-01_DISTRIBUTION_180,DISTRIBUTION,0,cache/market.json.gz; SQLite corporate_actions/B3,0.0,13.87674202064999,,,
V0,2021-07-01,02558157000162,VIVT3,606.549767753724,611.9988093166526,CONT_2750_VIVT3_2021-07-01,DISTRIBUTION,0,https://api.mziq.com/mzfilemanager/v2/d/24165f81-24d6-4648-bf9f-66712905d5a2/34b95df5-e8c3-6d48-b667-42e740e0df5e?origin=2,0.0,226.78910984908333,,,
V0,2021-07-01,76484013000145,SAPR4,8637.90732123418,8857.800568193612,CONT_2749_SAPR4_2021-07-01,DISTRIBUTION,0,https://ri.sanepar.com.br/docs/Sanepar-2025-12-18-cW6NmzgB.pdf,0.0,890.5676501857039,,,
V0,2021-07-02,60746948000112,BBDC4,1187.3701927587597,1188.2367359364478,BBDC4_2021-07-02_DISTRIBUTION_571,DISTRIBUTION,0,https://www.bradescori.com.br/informacoes-ao-mercado/remuneracao-aos-acionistas/,0.0,22.530122619890648,,,
V0,2021-07-02,01083200000118,NEOE3,678.1371883420159,683.5964360029863,CONT_2055_NEOE3_2021-07-02,DISTRIBUTION,0,cache/market.json.gz; B3,0.0,95.37305663715226,,,
V0,2021-07-05,60746948000112,BBDC4,1188.2367359364478,1213.845258263476,BBDC4_2021-07-05_DISTRIBUTION_572,DISTRIBUTION,0,https://www.bradescori.com.br/informacoes-ao-mercado/remuneracao-aos-acionistas/,0.0,640.4691433989717,,,
V0,2021-07-07,02998611000104,TRPL4,1779.9469539164834,1816.0736947127314,CONT_1378_TRPL4_2021-07-07,DISTRIBUTION,0,cache/market.json.gz; B3,0.0,894.4981021150975,,,
V0,2021-07-30,02149205000169,PSSA3,660.1148845972355,668.9510565785049,CONT_2751_PSSA3_2021-07-30,DISTRIBUTION,0,https://api.mziq.com/mzfilemanager/v2/d/b77a3922-d280-4451-b3ee-0afec4577834/84eee7cb-7942-984d-6623-ff1f2c09cdbe?origin=2;https://api.mziq.com/mzfilemanager/v2/d/b77a3922-d280-4451-b3ee-0afec4577834/c01dc413-7f12-69a6-0b0a-53d2e29990ed?origin=2;https://api.mziq.com/mzfilemanager/v2/d/b77a3922-d280-4451-b3ee-0afec4577834/bd82067a-476b-c3a3-b00a-9a8d540f77cb?origin=2,0.0,456.47664455237924,,,
V0,2021-08-02,60872504000123,ITUB4,925.5835224506748,926.0391756451861,ITUB4_2021-08-02_DISTRIBUTION_179,DISTRIBUTION,0,cache/market.json.gz; SQLite corporate_actions/B3,0.0,13.88375283676012,,,
V0,2021-08-03,60746948000112,BBDC4,1213.845258263476,1214.784592763113,BBDC4_2021-08-03_DISTRIBUTION_573,DISTRIBUTION,0,https://www.bradescori.com.br/informacoes-ao-mercado/remuneracao-aos-acionistas/,0.0,23.032481931105124,,,
V0,2021-08-05,90400888000142,SANB4,680.6597872743333,696.5434934517798,CONT_2290_SANB4_2021-08-05,DISTRIBUTION,0,cache/market.json.gz; B3,0.0,324.98062839055564,,,
V0,2021-08-10,02998609000127,AESB3,849.9218904268602,853.7605444046345,CONT_29_AESB3_2021-08-10,DISTRIBUTION,0,cache/market.json.gz; B3,0.0,51.437963302175795,,,
V0,2021-08-12,17344597000194,BBSE3,905.8607295597167,928.436815913393,CONT_2557_BBSE3_2021-08-12,DISTRIBUTION,0,BBSE_DIV,0.0,471.84020479183516,,,
V0,2021-08-16,60872504000123,ITUB4,926.0391756451861,929.2085859286072,ITUB4_2021-08-16_DISTRIBUTION_178,DISTRIBUTION,0,cache/market.json.gz; SQLite corporate_actions/B3,0.0,96.15990799899613,,,
V0,2021-08-17,02474103000119,TBLE3,795.9111428128142,816.7091229983333,TBLE3_2021-08-17_DISTRIBUTION_349,DISTRIBUTION,0,cache/market.json.gz; SQLite corporate_actions/B3,0.0,770.1492062697737,,,
V0,2021-08-24,00000000000191,BBAS3,808.3522212407577,817.5528769699287,CONT_194_BBAS3_2021-08-24;CONT_195_BBAS3_2021-08-24,DISTRIBUTION,0,cache/market.json.gz; B3,0.0,281.54006531263394,,,
V0,2021-09-01,60872504000123,ITUB4,929.2085859286072,929.6573344408072,ITUB4_2021-09-01_DISTRIBUTION_177,DISTRIBUTION,0,cache/market.json.gz; SQLite corporate_actions/B3,0.0,13.938128788929108,,,
V0,2021-09-01,02429144000193,CPFE3,209.15656843614494,220.616569273662,CONT_841_CPFE3_2021-09-01,DISTRIBUTION,0,cache/market.json.gz; B3,0.0,314.1186229563428,,,
V0,2021-09-02,60746948000112,BBDC4,1214.871747171505,1215.906395257774,BBDC4_2021-09-02_DISTRIBUTION_574,DISTRIBUTION,0,https://www.bradescori.com.br/informacoes-ao-mercado/remuneracao-aos-acionistas/,0.0,23.051959362075596,,,
V0,2021-09-14,00000000000191,BBAS3,818.9265877281161,824.1023732142422,CONT_193_BBAS3_2021-09-14,DISTRIBUTION,0,cache/market.json.gz; B3,0.0,151.28820975946493,,,
V0,2021-09-27,17281106000103,CSMG3,385.3427942270288,396.8064600823331,CONT_2381_CSMG3_2021-09-27;CONT_2382_CSMG3_2021-09-27,DISTRIBUTION,0,CSMG_RI;B3_ESPEC,0.0,165.30606163348878,,,
V0,2021-09-30,02558115000121,TIMS3,2226.2751239180534,2237.0388848630882,CONT_2752_TIMS3_2021-09-30,DISTRIBUTION,0,https://api.mziq.com/mzfilemanager/v2/d/4c4aa51f-1235-4aa1-8b83-adc92e8dacc3/fa04ad1c-865b-81a3-87f8-ff70523311ae?origin=2,0.0,126.47419110415686,,,
V0,2021-10-01,76483817000120,CPLE6,9170.543375477426,9904.229178362173,CONT_910_CPLE6_2021-10-01;CONT_911_CPLE6_2021-10-01,DISTRIBUTION,0,cache/market.json.gz; B3,0.0,4989.063459616275,,,
V0,2021-10-01,60872504000123,ITUB4,929.6573344408072,930.1273330932039,ITUB4_2021-10-01_DISTRIBUTION_176,DISTRIBUTION,0,cache/market.json.gz; SQLite corporate_actions/B3,0.0,13.944860016612108,,,
V0,2021-10-01,02558157000162,VIVT3,612.5155038928814,617.6227303792749,CONT_2753_VIVT3_2021-10-01,DISTRIBUTION,0,https://api.mziq.com/mzfilemanager/v2/d/24165f81-24d6-4648-bf9f-66712905d5a2/34b95df5-e8c3-6d48-b667-42e740e0df5e?origin=2,0.0,218.8446549419617,,,
V0,2021-10-04,60746948000112,BBDC4,1216.8868987018009,1218.0007528492908,BBDC4_2021-10-04_DISTRIBUTION_575,DISTRIBUTION,0,https://www.bradescori.com.br/informacoes-ao-mercado/remuneracao-aos-acionistas/,0.0,23.090196477469018,,,
V0,2021-10-04,60872504000123,XPBR31,0,21.474636584622612,ITUB4_2021-10-04_SPINOFF_686,SPINOFF,0,B3 OC 108/2021-PRE,0.0,0.0,,,
V0,2021-10-07,28195667000106,ABCB4,1705.4648919357082,1731.1576097882462,CONT_12_ABCB4_2021-10-07,DISTRIBUTION,0,cache/market.json.gz; B3,0.0,395.66785492908434,,,
V0,2021-10-21,02149205000169,PSSA3,667.6256307813145,1335.251261562629,CONT_2862_PSSA3_2021-10-21,SHARES,0,https://api.mziq.com/mzfilemanager/v2/d/b77a3922-d280-4451-b3ee-0afec4577834/58c7cb8a-888b-4fff-3949-6efc460cb9e1?origin=2,0.0,0.0,,,
V0,2021-11-01,60872504000123,ITUB4,930.1273330932039,930.8051509061311,ITUB4_2021-11-01_DISTRIBUTION_175,DISTRIBUTION,0,cache/market.json.gz; SQLite corporate_actions/B3,0.0,16.416747429095047,,,
V0,2021-11-01,02149205000169,PSSA3,1335.251261562629,1351.0746575051196,CONT_2754_PSSA3_2021-11-01,DISTRIBUTION,0,https://api.mziq.com/mzfilemanager/v2/d/b77a3922-d280-4451-b3ee-0afec4577834/0c125129-e67a-53e9-aa2c-5b25822a1a8c?origin=2;https://api.mziq.com/mzfilemanager/v2/d/b77a3922-d280-4451-b3ee-0afec4577834/c01dc413-7f12-69a6-0b0a-53d2e29990ed?origin=2;https://api.mziq.com/mzfilemanager/v2/d/b77a3922-d280-4451-b3ee-0afec4577834/bd82067a-476b-c3a3-b00a-9a8d540f77cb?origin=2,0.0,370.2674650542809,,,
V0,2021-11-03,60746948000112,BBDC4,1219.1623434164678,1220.2963322697187,BBDC4_2021-11-03_DISTRIBUTION_576,DISTRIBUTION,0,https://www.bradescori.com.br/informacoes-ao-mercado/remuneracao-aos-acionistas/,0.0,23.133372606319885,,,
V0,2021-11-04,02998611000104,TRPL4,1836.3087042689986,1940.0206495928078,CONT_1376_TRPL4_2021-11-04;CONT_1377_TRPL4_2021-11-04,DISTRIBUTION,0,cache/market.json.gz; B3,0.0,2406.117131512373,,,
V0,2021-11-05,90400888000142,SANB4,723.3806363519311,740.060713309739,CONT_2289_SANB4_2021-11-05,DISTRIBUTION,0,cache/market.json.gz; B3,0.0,304.74500601914934,,,
V0,2021-11-22,60872504000123,ITUB4,930.9006732835742,942.0592914991538,ITUB4_2021-11-22_DISTRIBUTION_174,DISTRIBUTION,0,cache/market.json.gz; SQLite corporate_actions/B3,0.0,246.2707040178428,,,
V0,2021-11-23,00000000000191,BBAS3,826.8061359158398,837.7699681514258,CONT_192_BBAS3_2021-11-23,DISTRIBUTION,0,cache/market.json.gz; B3,0.0,325.5161790745463,,,
V0,2021-12-01,60872504000123,ITUB4,942.0592914991538,942.8075969219693,ITUB4_2021-12-01_DISTRIBUTION_173,DISTRIBUTION,0,cache/market.json.gz; SQLite corporate_actions/B3,0.0,16.627346494960065,,,
V0,2021-12-02,60746948000112,BBDC4,1222.2832882412254,1223.3972455869637,BBDC4_2021-12-02_DISTRIBUTION_577,DISTRIBUTION,0,https://www.bradescori.com.br/informacoes-ao-mercado/remuneracao-aos-acionistas/,0.0,23.192591938269196,,,
V0,2021-12-07,07859971000130,TAEE4,543.3581655935943,566.3678614696474,CONT_2412_TAEE4_2021-12-07;CONT_2413_TAEE4_2021-12-07,DISTRIBUTION,0,cache/market.json.gz; B3,0.0,274.9658657188347,,,
V0,2021-12-10,02429144000193,CPFE3,261.5205008760639,268.411709801786,CONT_840_CPFE3_2021-12-10,DISTRIBUTION,0,cache/market.json.gz; B3,0.0,182.4792123531211,,,
V0,2021-12-14,00000000000191,BBAS3,838.201942621901,842.7770526442793,CONT_191_BBAS3_2021-12-14,DISTRIBUTION,0,cache/market.json.gz; B3,0.0,146.67802731744487,,,
V0,2021-12-21,60746948000112,BBDC4,1223.3972455869637,1238.641992896504,BBDC4_2021-12-21_DISTRIBUTION_578;BBDC4_2021-12-21_DISTRIBUTION_579,DISTRIBUTION,0,https://www.bradescori.com.br/informacoes-ao-mercado/remuneracao-aos-acionistas/,0.0,291.02222613912517,,,
V0,2021-12-21,02558115000121,TIMS3,2238.074362610492,2278.434035384563,CONT_2755_TIMS3_2021-12-21,DISTRIBUTION,0,https://api.mziq.com/mzfilemanager/v2/d/4c4aa51f-1235-4aa1-8b83-adc92e8dacc3/44eca3b7-91a5-79c3-458a-10bea257e8bd?origin=2,0.0,517.8146016913319,,,
V0,2021-12-22,17155730000164,CMIG4,3671.775553899519,3829.2350911463514,CMIG4_2021-12-22_DISTRIBUTION_652,DISTRIBUTION,0,https://api.mziq.com/mzfilemanager/v2/d/716a131f-9624-452c-9088-0cd6983c1349/a2eb9f5f-37e1-8913-c1eb-c4281b5e23b2?origin=2,0.0,2072.1675101683136,,,
V0,2021-12-23,02998611000104,TRPL4,1945.0791596389904,1959.0157680256646,CONT_1375_TRPL4_2021-12-23,DISTRIBUTION,0,cache/market.json.gz; B3,0.0,338.24148554458185,,,
V0,2021-12-28,02558157000162,VIVT3,617.2013890250855,634.8829459918802,CONT_2756_VIVT3_2021-12-28;CONT_2757_VIVT3_2021-12-28,DISTRIBUTION,0,https://api.mziq.com/mzfilemanager/v2/d/24165f81-24d6-4648-bf9f-66712905d5a2/34b95df5-e8c3-6d48-b667-42e740e0df5e?origin=2,0.0,848.36110326681,,,
V0,2021-12-30,02474103000119,TBLE3,816.7091229983333,818.2727121614132,TBLE3_2021-12-30_DISTRIBUTION_348,DISTRIBUTION,0,cache/market.json.gz; SQLite corporate_actions/B3,0.0,60.05745975389936,,,
V0,2022-01-03,28195667000106,ABCB4,1731.7219076849535,1759.7858254172113,CONT_11_ABCB4_2022-01-03,DISTRIBUTION,0,cache/market.json.gz; B3,0.0,436.39392073660827,,,
V0,2022-01-03,76483817000120,CPLE6,9904.229178362173,10069.402054579186,CONT_909_CPLE6_2022-01-03,DISTRIBUTION,0,cache/market.json.gz; B3,0.0,1062.061594075396,,,
V0,2022-01-03,60872504000123,ITUB4,944.4206336120844,945.1955766238582,ITUB4_2022-01-03_DISTRIBUTION_172,DISTRIBUTION,0,cache/market.json.gz; SQLite corporate_actions/B3,0.0,16.66902418325329,,,
V0,2022-01-03,76484013000145,SAPR4,9218.398471890436,9517.169848991844,CONT_2758_SAPR4_2022-01-03,DISTRIBUTION,0,https://ri.sanepar.com.br/docs/Sanepar-2025-12-18-cW6NmzgB.pdf,0.0,1099.4786677331815,,,
V0,2022-01-04,60746948000112,BBDC4,1240.614491859712,1241.8034021135336,BBDC4_2022-01-04_DISTRIBUTION_550,DISTRIBUTION,0,https://www.bradescori.com.br/informacoes-ao-mercado/remuneracao-aos-acionistas/,0.0,23.540423025670087,,,
V0,2022-01-05,03983431000103,ENBR3,1660.7478843322506,1726.878817903357,CONT_2387_ENBR3_2022-01-05,DISTRIBUTION,0,EDP_RI;EDP_APR2023,0.0,1310.715103379331,,,
V0,2022-01-06,01083200000118,NEOE3,758.24559023206,764.9178341423349,CONT_2054_NEOE3_2022-01-06,DISTRIBUTION,0,cache/market.json.gz; B3,0.0,99.95021377591782,,,
V0,2022-01-10,90400888000142,SANB4,762.6886673579019,764.3187293838937,CONT_2288_SANB4_2022-01-10,DISTRIBUTION,0,cache/market.json.gz; B3,0.0,26.667814745225925,,,
V0,2022-02-01,60872504000123,ITUB4,947.3149211544787,947.9708689127516,ITUB4_2022-02-01_DISTRIBUTION_171,DISTRIBUTION,0,cache/market.json.gz; SQLite corporate_actions/B3,0.0,16.72010835837655,,,
V0,2022-02-02,60746948000112,BBDC4,1242.1718650177186,1243.2217524958426,BBDC4_2022-02-02_DISTRIBUTION_551,DISTRIBUTION,0,https://www.bradescori.com.br/informacoes-ao-mercado/remuneracao-aos-acionistas/,0.0,23.56997388388499,,,
V0,2022-02-11,17344597000194,BBSE3,957.9173603363257,996.5183351188085,CONT_2556_BBSE3_2022-02-11,DISTRIBUTION,0,BBSE_DIV,0.0,878.5581860493098,,,
V0,2022-02-11,90400888000142,SANB4,775.0773028244531,794.5939505818136,CONT_2286_SANB4_2022-02-11;CONT_2287_SANB4_2022-02-11,DISTRIBUTION,0,cache/market.json.gz; B3,0.0,326.5135169806413,,,
V0,2022-02-22,60872504000123,ITUB4,948.513209061226,949.0163815053338,ITUB4_2022-02-22_DISTRIBUTION_170,DISTRIBUTION,0,cache/market.json.gz; SQLite corporate_actions/B3,0.0,12.956690435776348,,,
V0,2022-02-25,02474103000119,TBLE3,818.2727121614132,834.3375462683869,TBLE3_2022-02-25_DISTRIBUTION_347,DISTRIBUTION,0,cache/market.json.gz; SQLite corporate_actions/B3,0.0,640.504935845037,,,
V0,2022-03-02,60872504000123,ITUB4,949.0163815053338,949.6855840276498,ITUB4_2022-03-02_DISTRIBUTION_169,DISTRIBUTION,0,cache/market.json.gz; SQLite corporate_actions/B3,0.0,16.750139133569142,,,
V0,2022-03-02,02558157000162,VIVT3,633.9566778774607,635.3419023320032,CONT_2759_VIVT3_2022-03-02,DISTRIBUTION,0,https://api.mziq.com/mzfilemanager/v2/d/24165f81-24d6-4648-bf9f-66712905d5a2/34b95df5-e8c3-6d48-b667-42e740e0df5e?origin=2,0.0,68.083781940761,,,
V0,2022-03-03,00000000000191,BBAS3,844.7566508449777,855.9920002465194,CONT_189_BBAS3_2022-03-03;CONT_190_BBAS3_2022-03-03,DISTRIBUTION,0,cache/market.json.gz; B3,0.0,390.6530986916071,,,
V0,2022-03-03,60746948000112,BBDC4,1245.9904099709665,1247.1431369356194,BBDC4_2022-03-03_DISTRIBUTION_552,DISTRIBUTION,0,https://www.bradescori.com.br/informacoes-ao-mercado/remuneracao-aos-acionistas/,0.0,23.642430045030785,,,
V0,2022-03-15,00000000000191,BBAS3,855.9920002465194,861.448917342699,CONT_188_BBAS3_2022-03-15,DISTRIBUTION,0,cache/market.json.gz; B3,0.0,180.29654085777608,,,
V0,2022-03-23,17281106000103,CSMG3,523.8899662858179,527.1218735210575,CONT_2383_CSMG3_2022-03-23,DISTRIBUTION,0,CSMG_RI;B3_ESPEC,0.0,46.79801676627022,,,
V0,2022-03-29,17155730000164,CMIG4,3849.4368467840286,3887.494267045306,CMIG4_2022-03-29_DISTRIBUTION_653,DISTRIBUTION,0,https://api.mziq.com/mzfilemanager/v2/d/716a131f-9624-452c-9088-0cd6983c1349/a2eb9f5f-37e1-8913-c1eb-c4281b5e23b2?origin=2,0.0,557.1606326251032,,,
V0,2022-03-29,02558115000121,TIMS3,2272.380084468452,2285.841428663583,CONT_2760_TIMS3_2022-03-29,DISTRIBUTION,0,https://api.mziq.com/mzfilemanager/v2/d/4c4aa51f-1235-4aa1-8b83-adc92e8dacc3/d66d8c7b-438f-f636-8557-60ffdf4a2e60?origin=2,0.0,183.07428105378008,,,
V0,2022-04-01,28195667000106,ABCB4,1762.2554595787672,1794.9130059877757,CONT_10_ABCB4_2022-04-01,DISTRIBUTION,0,cache/market.json.gz; B3,0.0,551.5859588481542,,,
V0,2022-04-01,60872504000123,ITUB4,950.8459381566502,951.4553219913802,ITUB4_2022-04-01_DISTRIBUTION_168,DISTRIBUTION,0,cache/market.json.gz; SQLite corporate_actions/B3,0.0,16.782430808464873,,,
V0,2022-04-01,02149205000169,PSSA3,1351.0205459638578,1379.9340521174363,CONT_2761_PSSA3_2022-04-01;CONT_2762_PSSA3_2022-04-01,DISTRIBUTION,0,https://api.mziq.com/mzfilemanager/v2/d/b77a3922-d280-4451-b3ee-0afec4577834/c01dc413-7f12-69a6-0b0a-53d2e29990ed?origin=2;https://api.mziq.com/mzfilemanager/v2/d/b77a3922-d280-4451-b3ee-0afec4577834/c01dc413-7f12-69a6-0b0a-53d2e29990ed?origin=2;https://api.mziq.com/mzfilemanager/v2/d/b77a3922-d280-4451-b3ee-0afec4577834/bd82067a-476b-c3a3-b00a-9a8d540f77cb?origin=2;https://api.mziq.com/mzfilemanager/v2/d/b77a3922-d280-4451-b3ee-0afec4577834/ae2ce35a-8763-7d60-073f-ca45097755f1?origin=2,0.0,604.5814136713284,,,
V0,2022-04-01,02558157000162,VIVT3,635.1341186638218,636.8729768546053,CONT_2763_VIVT3_2022-04-01,DISTRIBUTION,0,https://api.mziq.com/mzfilemanager/v2/d/24165f81-24d6-4648-bf9f-66712905d5a2/34b95df5-e8c3-6d48-b667-42e740e0df5e?origin=2,0.0,94.81993714342266,,,
V0,2022-04-04,60746948000112,BBDC4,1249.7721767317832,1250.8565017590809,BBDC4_2022-04-04_DISTRIBUTION_553,DISTRIBUTION,0,https://www.bradescori.com.br/informacoes-ao-mercado/remuneracao-aos-acionistas/,0.0,23.71418834699983,,,
V0,2022-04-06,03983431000103,ENBR3,1726.878817903357,1836.0277396972738,CONT_2388_ENBR3_2022-04-06,DISTRIBUTION,0,EDP_RI;EDP_APR2023,0.0,2425.2890422608284,,,
V0,2022-04-19,60746948000112,BBDC4,1250.8565017590809,1375.942151934989,BBDC4_2022-04-19_SHARES_674,SHARES,0,originals/bradesco_remuneracao.html.gz; owned_capital_events_fre.json; SEC 6K 20150317/20160404/20180319/20200403,0.0,0.0,,,
V0,2022-04-22,90400888000142,SANB4,817.2688039622798,827.9936278486665,CONT_2284_SANB4_2022-04-22;CONT_2285_SANB4_2022-04-22,DISTRIBUTION,0,cache/market.json.gz; B3,0.0,195.29904297110136,,,
V0,2022-04-26,01083200000118,NEOE3,802.3646773123072,827.0342262096268,CONT_2053_NEOE3_2022-04-26,DISTRIBUTION,0,cache/market.json.gz; B3,0.0,424.5629365228699,,,
V0,2022-04-27,02558157000162,VIVT3,636.6121481259878,651.5016775113435,CONT_2764_VIVT3_2022-04-27,DISTRIBUTION,0,https://api.mziq.com/mzfilemanager/v2/d/24165f81-24d6-4648-bf9f-66712905d5a2/34b95df5-e8c3-6d48-b667-42e740e0df5e?origin=2,0.0,771.5754127491291,,,
V0,2022-04-29,43776517000180,SBSP3,1006.1718843136254,1027.4725408450076,CONT_2437_SBSP3_2022-04-29,DISTRIBUTION,0,SBSP_2021;SBSP_2022;SBSP_2023;SBSP_2024,0.0,948.5182353424547,,,
V0,2022-04-29,76484013000145,SAPR4,9732.616981481435,9762.761086286591,CONT_2765_SAPR4_2022-04-29,DISTRIBUTION,0,https://ri.sanepar.com.br/docs/Sanepar-2025-12-18-cW6NmzgB.pdf,0.0,117.56200874011165,,,
V0,2022-05-02,17155730000164,CMIG4,3891.7687868742446,5275.178014613334,CMIG4_2022-05-02_DISTRIBUTION_654;CMIG4_2022-05-02_SHARES_679,DISTRIBUTION;SHARES,0,https://api.mziq.com/mzfilemanager/v2/d/716a131f-9624-452c-9088-0cd6983c1349/a2eb9f5f-37e1-8913-c1eb-c4281b5e23b2?origin=2;https://api.mziq.com/mzfilemanager/v2/d/716a131f-9624-452c-9088-0cd6983c1349/a2eb9f5f-37e1-8913-c1eb-c4281b5e23b2?origin=2; owned_capital_events_fre.json; B3 2024-04-29,0.0,2325.012442418753,,,
V0,2022-05-02,76483817000120,CPLE6,10069.402054579186,10838.020364037453,CONT_908_CPLE6_2022-05-02,DISTRIBUTION,0,cache/market.json.gz; B3,0.0,5218.918321221626,,,
V0,2022-05-02,03220438000173,EQTL3,1815.5937714530046,1862.2409016709862,CONT_1118_EQTL3_2022-05-02,DISTRIBUTION,0,cache/market.json.gz; B3,0.0,1161.980013729923,,,
V0,2022-05-02,60872504000123,ITUB4,952.7869226543235,953.4949937778961,ITUB4_2022-05-02_DISTRIBUTION_167,DISTRIBUTION,0,cache/market.json.gz; SQLite corporate_actions/B3,0.0,16.81668918484881,,,
V0,2022-05-02,02558157000162,VIVT3,651.5016775113435,652.6217401735108,CONT_2766_VIVT3_2022-05-02,DISTRIBUTION,0,https://api.mziq.com/mzfilemanager/v2/d/24165f81-24d6-4648-bf9f-66712905d5a2/34b95df5-e8c3-6d48-b667-42e740e0df5e?origin=2,0.0,58.388866578783464,,,
V0,2022-05-02,02429144000193,CPFE3,303.3372767603538,318.60908642210217,CONT_839_CPFE3_2022-05-02,DISTRIBUTION,0,cache/market.json.gz; B3,0.0,491.7522711082974,,,
V0,2022-05-03,60746948000112,BBDC4,1379.9253476888348,1381.3743692664027,BBDC4_2022-05-03_DISTRIBUTION_554,DISTRIBUTION,0,https://www.bradescori.com.br/informacoes-ao-mercado/remuneracao-aos-acionistas/,0.0,26.18381990665423,,,
V0,2022-05-10,07859971000130,TAEE4,663.7007117350062,694.5939782798147,CONT_2411_TAEE4_2022-05-10,DISTRIBUTION,0,cache/market.json.gz; B3,0.0,419.5305596784996,,,
V0,2022-05-12,02474103000119,TBLE3,834.3375462683869,847.7905922958824,TBLE3_2022-05-12_DISTRIBUTION_346,DISTRIBUTION,0,cache/market.json.gz; SQLite corporate_actions/B3,0.0,562.2027934890394,,,
V0,2022-05-24,00000000000191,BBAS3,863.1864994434981,878.5564969223416,CONT_186_BBAS3_2022-05-24;CONT_187_BBAS3_2022-05-24,DISTRIBUTION,0,cache/market.json.gz; B3,0.0,580.9859047002868,,,
V0,2022-06-01,60872504000123,ITUB4,956.2441803512384,956.8988626546984,ITUB4_2022-06-01_DISTRIBUTION_166,DISTRIBUTION,0,cache/market.json.gz; SQLite corporate_actions/B3,0.0,16.877709783199357,,,
V0,2022-06-02,60746948000112,BBDC4,1383.6785200843524,1384.9893056877474,BBDC4_2022-06-02_DISTRIBUTION_555,DISTRIBUTION,0,https://www.bradescori.com.br/informacoes-ao-mercado/remuneracao-aos-acionistas/,0.0,26.25503563600325,,,
V0,2022-06-14,00000000000191,BBAS3,878.5564969223416,885.1164472210947,CONT_185_BBAS3_2022-06-14,DISTRIBUTION,0,cache/market.json.gz; B3,0.0,219.8895340142054,,,
V0,2022-06-21,60746948000112,BBDC4,1384.9893056877474,1399.596735289019,BBDC4_2022-06-21_DISTRIBUTION_556,DISTRIBUTION,0,https://www.bradescori.com.br/informacoes-ao-mercado/remuneracao-aos-acionistas/,0.0,272.2824877677044,,,
V0,2022-06-22,17281106000103,CSMG3,587.1873760864165,594.1195720640601,CONT_2384_CSMG3_2022-06-22,DISTRIBUTION,0,CSMG_RI;B3_ESPEC,0.0,82.28516625462854,,,
V0,2022-06-24,02558115000121,TIMS3,2283.8222270343135,2304.105402929914,CONT_2767_TIMS3_2022-06-24,DISTRIBUTION,0,https://api.mziq.com/mzfilemanager/v2/d/4c4aa51f-1235-4aa1-8b83-adc92e8dacc3/bc75af4c-8995-f1c7-4dd9-96c258fe802b?origin=2,0.0,254.9595210076973,,,
V0,2022-06-27,17155730000164,CMIG4,5284.135353674204,5363.727976852746,CMIG4_2022-06-27_DISTRIBUTION_655,DISTRIBUTION,0,https://api.mziq.com/mzfilemanager/v2/d/716a131f-9624-452c-9088-0cd6983c1349/a2eb9f5f-37e1-8913-c1eb-c4281b5e23b2?origin=2,0.0,847.661436851472,,,
V0,2022-07-01,28195667000106,ABCB4,1799.87158295194,1840.1484295634518,CONT_9_ABCB4_2022-07-01,DISTRIBUTION,0,cache/market.json.gz; B3,0.0,633.5547971990828,,,
V0,2022-07-01,60872504000123,ITUB4,959.0830362156244,959.8238596549769,ITUB4_2022-07-01_DISTRIBUTION_165,DISTRIBUTION,0,cache/market.json.gz; SQLite corporate_actions/B3,0.0,16.927815589205768,,,
V0,2022-07-01,02558157000162,VIVT3,652.4537307741857,656.3960739057844,CONT_2769_VIVT3_2022-07-01,DISTRIBUTION,0,https://api.mziq.com/mzfilemanager/v2/d/24165f81-24d6-4648-bf9f-66712905d5a2/34b95df5-e8c3-6d48-b667-42e740e0df5e?origin=2,0.0,187.45841590751849,,,
V0,2022-07-01,76484013000145,SAPR4,9900.977460053602,10181.054508572162,CONT_2768_SAPR4_2022-07-01,DISTRIBUTION,0,https://ri.sanepar.com.br/docs/Sanepar-2025-12-18-cW6NmzgB.pdf,0.0,1041.8866204890458,,,
V0,2022-07-04,60746948000112,BBDC4,1403.5600508895768,1405.1147668198546,BBDC4_2022-07-04_DISTRIBUTION_557,DISTRIBUTION,0,https://www.bradescori.com.br/informacoes-ao-mercado/remuneracao-aos-acionistas/,0.0,26.632283885659998,,,
V0,2022-07-06,01083200000118,NEOE3,861.3114184641956,870.0128027182527,CONT_2052_NEOE3_2022-07-06,DISTRIBUTION,0,cache/market.json.gz; B3,0.0,118.5998673827976,,,
V0,2022-08-01,60872504000123,ITUB4,962.9758151597395,963.6999959495805,ITUB4_2022-08-01_DISTRIBUTION_164,DISTRIBUTION,0,cache/market.json.gz; SQLite corporate_actions/B3,0.0,16.9965231375694,,,
V0,2022-08-02,60746948000112,BBDC4,1409.496267124529,1411.0098450789658,BBDC4_2022-08-02_DISTRIBUTION_558,DISTRIBUTION,0,https://www.bradescori.com.br/informacoes-ao-mercado/remuneracao-aos-acionistas/,0.0,26.744922454900912,,,
V0,2022-08-10,02998609000127,AESB3,1087.0254402540577,1098.5670941957833,CONT_28_AESB3_2022-08-10,DISTRIBUTION,0,cache/market.json.gz; B3,0.0,116.80153789026227,,,
V0,2022-08-15,90400888000142,SANB4,878.8847534776974,892.2931836724262,CONT_2283_SANB4_2022-08-15,DISTRIBUTION,0,cache/market.json.gz; B3,0.0,210.51235405724196,,,
V0,2022-08-16,07859971000130,TAEE4,749.9755662470161,776.3165556930464,CONT_2409_TAEE4_2022-08-16;CONT_2410_TAEE4_2022-08-16,DISTRIBUTION,0,cache/market.json.gz; B3,0.0,367.7202126665835,,,
V0,2022-08-17,02474103000119,TBLE3,847.7905922958824,861.8460995070486,TBLE3_2022-08-17_DISTRIBUTION_345,DISTRIBUTION,0,cache/market.json.gz; SQLite corporate_actions/B3,0.0,600.4512680610206,,,
V0,2022-08-18,17344597000194,BBSE3,1010.207365504235,1046.7131141326256,CONT_2555_BBSE3_2022-08-18,DISTRIBUTION,0,BBSE_DIV,0.0,1046.6198131759586,,,
V0,2022-08-19,60872504000123,ITUB4,966.6373738954305,977.7587836213671,ITUB4_2022-08-19_DISTRIBUTION_163,DISTRIBUTION,0,cache/market.json.gz; SQLite corporate_actions/B3,0.0,296.27435509894946,,,
V0,2022-08-23,00000000000191,BBAS3,885.3864153155881,897.8252464256591,CONT_183_BBAS3_2022-08-23;CONT_184_BBAS3_2022-08-23,DISTRIBUTION,0,cache/market.json.gz; B3,0.0,516.4602676901453,,,
V0,2022-08-31,02149205000169,PSSA3,1391.8150411673018,1432.9104334110973,CONT_2770_PSSA3_2022-08-31,DISTRIBUTION,0,https://api.mziq.com/mzfilemanager/v2/d/b77a3922-d280-4451-b3ee-0afec4577834/4283e85d-e75d-f77c-2344-92e1a5e53405?origin=2;https://api.mziq.com/mzfilemanager/v2/d/b77a3922-d280-4451-b3ee-0afec4577834/7c50ca38-1ebc-6181-44f4-b4691917af27?origin=2;https://api.mziq.com/mzfilemanager/v2/d/b77a3922-d280-4451-b3ee-0afec4577834/41d3f69d-2eaf-9718-f70f-a7a11423b31a?origin=2,0.0,867.5237302665237,,,
V0,2022-09-01,60872504000123,ITUB4,977.7587836213671,978.4177161349569,ITUB4_2022-09-01_DISTRIBUTION_162,DISTRIBUTION,0,cache/market.json.gz; SQLite corporate_actions/B3,0.0,17.257442530917128,,,
V0,2022-09-01,02558157000162,VIVT3,656.2708754098348,659.1299334412535,CONT_2771_VIVT3_2022-09-01,DISTRIBUTION,0,https://api.mziq.com/mzfilemanager/v2/d/24165f81-24d6-4648-bf9f-66712905d5a2/34b95df5-e8c3-6d48-b667-42e740e0df5e?origin=2,0.0,117.96473437633401,,,
V0,2022-09-02,60746948000112,BBDC4,1414.216188438417,1415.6058560748918,BBDC4_2022-09-02_DISTRIBUTION_559,DISTRIBUTION,0,https://www.bradescori.com.br/informacoes-ao-mercado/remuneracao-aos-acionistas/,0.0,26.83448206032697,,,
V0,2022-09-13,00000000000191,BBAS3,897.8252464256591,903.9358047020386,CONT_182_BBAS3_2022-09-13,DISTRIBUTION,0,cache/market.json.gz; B3,0.0,245.76665387598405,,,
V0,2022-09-21,17281106000103,CSMG3,658.6112186559801,666.0672775901189,CONT_2455_CSMG3_2022-09-21,DISTRIBUTION,0,CSMG_RI_V4,0.0,101.99888621901911,,,
V0,2022-09-22,02558115000121,TIMS3,2308.438305628708,2345.80512311625,CONT_2772_TIMS3_2022-09-22;CONT_2773_TIMS3_2022-09-22,DISTRIBUTION,0,https://api.mziq.com/mzfilemanager/v2/d/4c4aa51f-1235-4aa1-8b83-adc92e8dacc3/e8292dc6-6925-d665-bf16-5f2fa1b5dd91?origin=2;https://api.mziq.com/mzfilemanager/v2/d/4c4aa51f-1235-4aa1-8b83-adc92e8dacc3/e8292dc6-6925-d665-bf16-5f2fa1b5dd91?origin=2;https://api.mziq.com/mzfilemanager/v2/d/4c4aa51f-1235-4aa1-8b83-adc92e8dacc3/cb7f9c33-0c95-4504-aef8-f40895087360?origin=2,0.0,457.74351422238715,,,
V0,2022-09-26,17155730000164,CMIG4,5370.612832771519,5473.640262888132,CMIG4_2022-09-26_DISTRIBUTION_656,DISTRIBUTION,0,https://api.mziq.com/mzfilemanager/v2/d/716a131f-9624-452c-9088-0cd6983c1349/a2eb9f5f-37e1-8913-c1eb-c4281b5e23b2?origin=2,0.0,1150.8163944025732,,,
V0,2022-10-03,28195667000106,ABCB4,1841.0130691635839,1871.5001108395772,CONT_8_ABCB4_2022-10-03,DISTRIBUTION,0,cache/market.json.gz; B3,0.0,666.4467310372173,,,
V0,2022-10-03,60872504000123,ITUB4,980.4212398242609,981.0029015009969,ITUB4_2022-10-03_DISTRIBUTION_161,DISTRIBUTION,0,cache/market.json.gz; SQLite corporate_actions/B3,0.0,17.304434882898203,,,
V0,2022-10-04,60746948000112,BBDC4,1417.7073340796617,1418.977434451808,BBDC4_2022-10-04_DISTRIBUTION_560,DISTRIBUTION,0,https://www.bradescori.com.br/informacoes-ao-mercado/remuneracao-aos-acionistas/,0.0,26.90072588206077,,,
V0,2022-10-24,90400888000142,SANB4,917.6856354290876,931.5177856476206,CONT_2281_SANB4_2022-10-24;CONT_2282_SANB4_2022-10-24,DISTRIBUTION,0,cache/market.json.gz; B3,0.0,219.79286697248918,,,
V0,2022-11-01,60872504000123,ITUB4,981.96714370556,982.5361430517978,ITUB4_2022-11-01_DISTRIBUTION_160,DISTRIBUTION,0,cache/market.json.gz; SQLite corporate_actions/B3,0.0,17.331720086403134,,,
V0,2022-11-01,02149205000169,PSSA3,1429.1098199041576,1434.4679781207076,CONT_2774_PSSA3_2022-11-01,DISTRIBUTION,0,https://api.mziq.com/mzfilemanager/v2/d/b77a3922-d280-4451-b3ee-0afec4577834/93c93bbe-d850-f472-be6b-d36e031cbee7?origin=2;https://api.mziq.com/mzfilemanager/v2/d/b77a3922-d280-4451-b3ee-0afec4577834/41d3f69d-2eaf-9718-f70f-a7a11423b31a?origin=2;https://api.mziq.com/mzfilemanager/v2/d/b77a3922-d280-4451-b3ee-0afec4577834/478c2702-5245-8bef-9e67-f34653abeda5?origin=2,0.0,125.4344838494347,,,
V0,2022-11-03,60746948000112,BBDC4,1422.5259635913142,1423.9024122632513,BBDC4_2022-11-03_DISTRIBUTION_561,DISTRIBUTION,0,https://www.bradescori.com.br/informacoes-ao-mercado/remuneracao-aos-acionistas/,0.0,26.992158456686138,,,
V0,2022-11-16,07859971000130,TAEE4,831.0088238364416,847.2305457472152,CONT_2407_TAEE4_2022-11-16;CONT_2408_TAEE4_2022-11-16,DISTRIBUTION,0,cache/market.json.gz; B3,0.0,202.60930666556231,,,
V0,2022-11-22,00000000000191,BBAS3,904.1951089239254,925.5697006722822,CONT_180_BBAS3_2022-11-22;CONT_181_BBAS3_2022-11-22,DISTRIBUTION,0,cache/market.json.gz; B3,0.0,727.5911031140654,,,
V0,2022-11-22,76483817000120,CPLE6,10838.020364037453,11020.537993872158,CONT_907_CPLE6_2022-11-22,DISTRIBUTION,0,cache/market.json.gz; B3,0.0,1518.5466802247506,,,
V0,2022-11-22,02474103000119,TBLE3,861.9980798195554,874.5580817162573,TBLE3_2022-11-22_DISTRIBUTION_344,DISTRIBUTION,0,cache/market.json.gz; SQLite corporate_actions/B3,0.0,499.51127543183674,,,
V0,2022-12-01,60872504000123,ITUB4,983.6038178962551,984.272047587782,ITUB4_2022-12-01_DISTRIBUTION_159,DISTRIBUTION,0,cache/market.json.gz; SQLite corporate_actions/B3,0.0,17.360607385868903,,,
V0,2022-12-02,60746948000112,BBDC4,1432.1018565035176,1433.8698369326457,BBDC4_2022-12-02_DISTRIBUTION_562,DISTRIBUTION,0,https://www.bradescori.com.br/informacoes-ao-mercado/remuneracao-aos-acionistas/,0.0,27.173859195699652,,,
V0,2022-12-09,60872504000123,ITUB4,986.859138944937,1006.5792859310549,ITUB4_2022-12-09_DISTRIBUTION_158,DISTRIBUTION,0,cache/market.json.gz; SQLite corporate_actions/B3,0.0,479.79117617224944,,,
V0,2022-12-13,00000000000191,BBAS3,925.942350973272,935.9842965409352,CONT_179_BBAS3_2022-12-13,DISTRIBUTION,0,cache/market.json.gz; B3,0.0,319.93638578575167,,,
V0,2022-12-22,17155730000164,CMIG4,5487.333612040305,5577.943051832575,CMIG4_2022-12-22_DISTRIBUTION_657,DISTRIBUTION,0,https://api.mziq.com/mzfilemanager/v2/d/716a131f-9624-452c-9088-0cd6983c1349/a2eb9f5f-37e1-8913-c1eb-c4281b5e23b2?origin=2,0.0,993.9855545212058,,,
V0,2022-12-22,02558115000121,TIMS3,2350.053044370588,2386.0224443465604,CONT_2775_TIMS3_2022-12-22,DISTRIBUTION,0,https://api.mziq.com/mzfilemanager/v2/d/4c4aa51f-1235-4aa1-8b83-adc92e8dacc3/cb7f9c33-0c95-4504-aef8-f40895087360?origin=2,0.0,441.7042317049391,,,
V0,2022-12-23,02474103000119,TBLE3,874.5580817162573,880.1861062487197,TBLE3_2022-12-23_DISTRIBUTION_343,DISTRIBUTION,0,cache/market.json.gz; SQLite corporate_actions/B3,0.0,214.37145444149394,,,
V0,2022-12-27,02998611000104,TRPL4,2043.023783969989,2138.9794267721486,CONT_1374_TRPL4_2022-12-27,DISTRIBUTION,0,cache/market.json.gz; B3,0.0,2170.516640184852,,,
V0,2022-12-28,17155730000164,CMIG4,5577.943051832575,5694.929391841055,CMIG4_2022-12-28_DISTRIBUTION_658,DISTRIBUTION,0,https://api.mziq.com/mzfilemanager/v2/d/716a131f-9624-452c-9088-0cd6983c1349/a2eb9f5f-37e1-8913-c1eb-c4281b5e23b2?origin=2,0.0,1306.7374178947157,,,
V0,2023-01-02,28195667000106,ABCB4,1871.5001108395772,1908.7489027175031,CONT_7_ABCB4_2023-01-02,DISTRIBUTION,0,cache/market.json.gz; B3,0.0,692.4550410106435,,,
V0,2023-01-02,60872504000123,ITUB4,1006.5792859310549,1007.3047299652192,ITUB4_2023-01-02_DISTRIBUTION_157,DISTRIBUTION,0,cache/market.json.gz; SQLite corporate_actions/B3,0.0,17.766124396683118,,,
V0,2023-01-02,02558157000162,VIVT3,666.1175201706928,684.9885373289533,CONT_2777_VIVT3_2023-01-02;CONT_2778_VIVT3_2023-01-02,DISTRIBUTION,0,https://api.mziq.com/mzfilemanager/v2/d/24165f81-24d6-4648-bf9f-66712905d5a2/34b95df5-e8c3-6d48-b667-42e740e0df5e?origin=2,0.0,686.7163143890964,,,
V0,2023-01-02,76484013000145,SAPR4,10616.679299799156,11201.342358378337,CONT_2776_SAPR4_2023-01-02,DISTRIBUTION,0,https://ri.sanepar.com.br/docs/Sanepar-2025-12-18-cW6NmzgB.pdf,0.0,2017.0875520981756,,,
V0,2023-01-03,60746948000112,BBDC4,1442.5015067398201,1444.4565917807201,BBDC4_2023-01-03_DISTRIBUTION_535,DISTRIBUTION,0,https://www.bradescori.com.br/informacoes-ao-mercado/remuneracao-aos-acionistas/,0.0,27.371190572600298,,,
V0,2023-01-03,03983431000103,ENBR3,1836.0277396972738,1946.346755395571,CONT_2389_ENBR3_2023-01-03,DISTRIBUTION,0,EDP_RI;EDP_APR2023,0.0,2112.6091506223925,,,
V0,2023-01-05,01083200000118,NEOE3,948.3441486378989,964.9535369137196,CONT_2051_NEOE3_2023-01-05,DISTRIBUTION,0,cache/market.json.gz; B3,0.0,240.83612999940067,,,
V0,2023-01-09,60746948000112,BBDC4,1444.4565917807201,1502.3346278187748,BBDC4_2023-01-09_DISTRIBUTION_563,DISTRIBUTION,0,https://www.bradescori.com.br/informacoes-ao-mercado/remuneracao-aos-acionistas/,0.0,842.7042047140756,,,
V0,2023-01-11,07859971000130,TAEE4,889.9354220937817,924.0821609154802,CONT_2406_TAEE4_2023-01-11,DISTRIBUTION,0,cache/market.json.gz; B3,0.0,396.1021703317035,,,
V0,2023-01-27,90400888000142,SANB4,973.4237751813616,988.8257516069066,CONT_2280_SANB4_2023-01-27,DISTRIBUTION,0,cache/market.json.gz; B3,0.0,233.33994284700572,,,
V0,2023-02-01,60872504000123,ITUB4,1010.1977150839159,1010.9114856872478,ITUB4_2023-02-01_DISTRIBUTION_156,DISTRIBUTION,0,cache/market.json.gz; SQLite corporate_actions/B3,0.0,17.829989671231115,,,
V0,2023-02-02,60746948000112,BBDC4,1512.5980938415653,1514.6570077529288,BBDC4_2023-02-02_DISTRIBUTION_536,DISTRIBUTION,0,https://www.bradescori.com.br/informacoes-ao-mercado/remuneracao-aos-acionistas/,0.0,28.701259924407776,,,
V0,2023-02-15,17344597000194,BBSE3,1051.268519648748,1106.6263102074322,CONT_2554_BBSE3_2023-02-15,DISTRIBUTION,0,BBSE_DIV,0.0,1934.2012021204239,,,
V0,2023-02-24,00000000000191,BBAS3,936.5172921815928,950.0790156924973,CONT_177_BBAS3_2023-02-24;CONT_178_BBAS3_2023-02-24,DISTRIBUTION,0,cache/market.json.gz; B3,0.0,548.9785677214145,,,
V0,2023-03-01,60872504000123,ITUB4,1013.88073776706,1014.5965375679236,ITUB4_2023-03-01_DISTRIBUTION_155,DISTRIBUTION,0,cache/market.json.gz; SQLite corporate_actions/B3,0.0,17.89499502158861,,,
V0,2023-03-01,02558157000162,VIVT3,687.9067837063537,689.0362641724952,CONT_2779_VIVT3_2023-03-01,DISTRIBUTION,0,https://api.mziq.com/mzfilemanager/v2/d/24165f81-24d6-4648-bf9f-66712905d5a2/34b95df5-e8c3-6d48-b667-42e740e0df5e?origin=2,0.0,43.86902130493212,,,
V0,2023-03-02,60746948000112,BBDC4,1525.6337625705378,1527.89714093244,BBDC4_2023-03-02_DISTRIBUTION_537,DISTRIBUTION,0,https://www.bradescori.com.br/informacoes-ao-mercado/remuneracao-aos-acionistas/,0.0,28.9486092487273,,,
V0,2023-03-14,00000000000191,BBAS3,950.0790156924973,958.9956496642958,CONT_176_BBAS3_2023-03-14,DISTRIBUTION,0,cache/market.json.gz; B3,0.0,334.4629402821636,,,
V0,2023-03-23,17281106000103,CSMG3,761.6050675005835,811.5151712320612,CONT_2456_CSMG3_2023-03-23;CONT_2457_CSMG3_2023-03-23,DISTRIBUTION,0,CSMG_RI_V4,0.0,757.1362736065171,,,
V0,2023-03-24,60872504000123,ITUB4,1017.2836882980502,1028.762083058347,ITUB4_2023-03-24_DISTRIBUTION_154,DISTRIBUTION,0,cache/market.json.gz; SQLite corporate_actions/B3,0.0,266.5283263340892,,,
V0,2023-03-28,17155730000164,CMIG4,5708.149380245756,5758.443716540375,CMIG4_2023-03-28_DISTRIBUTION_392,DISTRIBUTION,0,cache/market.json.gz; SQLite corporate_actions/B3,0.0,550.2200390631307,,,
V0,2023-04-03,60872504000123,ITUB4,1028.762083058347,1029.5177073099483,ITUB4_2023-04-03_DISTRIBUTION_153,DISTRIBUTION,0,cache/market.json.gz; SQLite corporate_actions/B3,0.0,18.15765076597982,,,
V0,2023-04-03,02558157000162,VIVT3,690.5779354235383,693.7396292575169,CONT_2780_VIVT3_2023-04-03,DISTRIBUTION,0,https://api.mziq.com/mzfilemanager/v2/d/24165f81-24d6-4648-bf9f-66712905d5a2/34b95df5-e8c3-6d48-b667-42e740e0df5e?origin=2,0.0,120.5237689512625,,,
V0,2023-04-04,60746948000112,BBDC4,1539.533892309456,1541.7621426188075,BBDC4_2023-04-04_DISTRIBUTION_538,DISTRIBUTION,0,https://www.bradescori.com.br/informacoes-ao-mercado/remuneracao-aos-acionistas/,0.0,29.212361555598495,,,
V0,2023-04-11,02558115000121,TIMS3,2397.1864785213147,2442.8902683794595,CONT_2781_TIMS3_2023-04-11,DISTRIBUTION,0,https://api.mziq.com/mzfilemanager/v2/d/4c4aa51f-1235-4aa1-8b83-adc92e8dacc3/65baccdd-ad03-3938-5dcf-db9a05043e8c?origin=2,0.0,594.1492681558832,,,
V0,2023-04-12,03983431000103,ENBR3,1946.346755395571,1970.2538003991592,CONT_2390_ENBR3_2023-04-12,DISTRIBUTION,0,EDP_RI;EDP_APR2023,0.0,524.2814969286881,,,
V0,2023-04-14,02558157000162,VIVT3,695.2498756075748,703.8036185296552,CONT_2782_VIVT3_2023-04-14,DISTRIBUTION,0,https://api.mziq.com/mzfilemanager/v2/d/24165f81-24d6-4648-bf9f-66712905d5a2/34b95df5-e8c3-6d48-b667-42e740e0df5e?origin=2,0.0,345.9133637689306,,,
V0,2023-04-25,90400888000142,SANB4,1030.762246539028,1046.0308419500245,CONT_2279_SANB4_2023-04-25,DISTRIBUTION,0,cache/market.json.gz; B3,0.0,217.7301705608096,,,
V0,2023-04-26,02558115000121,TIMS3,2442.8902683794595,2459.60009895688,CONT_2783_TIMS3_2023-04-26,DISTRIBUTION,0,https://api.mziq.com/mzfilemanager/v2/d/4c4aa51f-1235-4aa1-8b83-adc92e8dacc3/1bb47dfa-27fa-b744-32bc-1c8d88460d5e?origin=2,0.0,232.09954672037205,,,
V0,2023-04-28,17155730000164,CMIG4,5758.572301305516,5784.933473952041,CMIG4_2023-04-28_DISTRIBUTION_391,DISTRIBUTION,0,cache/market.json.gz; SQLite corporate_actions/B3,0.0,325.56048218458915,,,
V0,2023-04-28,01083200000118,NEOE3,1006.2671773642809,1044.2931882325383,CONT_2050_NEOE3_2023-04-28,DISTRIBUTION,0,cache/market.json.gz; B3,0.0,587.501867914576,,,
V0,2023-05-02,03220438000173,EQTL3,1944.0872837612535,1969.5715739978243,CONT_1117_EQTL3_2023-05-02,DISTRIBUTION,0,cache/market.json.gz; B3,0.0,680.4305493164387,,,
V0,2023-05-02,60872504000123,ITUB4,1032.8822293921326,1033.614372819794,ITUB4_2023-05-02_DISTRIBUTION_152,DISTRIBUTION,0,cache/market.json.gz; SQLite corporate_actions/B3,0.0,18.23037134877114,,,
V0,2023-05-02,43776517000180,SBSP3,1059.575814515963,1089.9719192669156,CONT_2438_SBSP3_2023-05-02,DISTRIBUTION,0,SBSP_2021;SBSP_2022;SBSP_2023;SBSP_2024,0.0,1352.0187393223687,,,
V0,2023-05-02,02429144000193,CPFE3,401.23419417377835,417.08282404968105,CONT_838_CPFE3_2023-05-02,DISTRIBUTION,0,cache/market.json.gz; B3,0.0,495.2696836219589,,,
V0,2023-05-03,60746948000112,BBDC4,1552.207455980239,1554.3494807079192,BBDC4_2023-05-03_DISTRIBUTION_539,DISTRIBUTION,0,https://www.bradescori.com.br/informacoes-ao-mercado/remuneracao-aos-acionistas/,0.0,29.45284000560094,,,
V0,2023-05-04,07859971000130,TAEE4,1003.712423159292,1005.8454284070555,CONT_2405_TAEE4_2023-05-04,DISTRIBUTION,0,cache/market.json.gz; B3,0.0,25.297442238474293,,,
V0,2023-05-09,02474103000119,TBLE3,880.2213586557115,917.158361664914,TBLE3_2023-05-09_DISTRIBUTION_342,DISTRIBUTION,0,cache/market.json.gz; SQLite corporate_actions/B3,0.0,1569.822627891104,,,
V0,2023-06-01,60872504000123,ITUB4,1036.886379799748,1037.5718121819002,ITUB4_2023-06-01_DISTRIBUTION_151,DISTRIBUTION,0,cache/market.json.gz; SQLite corporate_actions/B3,0.0,18.301044603465552,,,
V0,2023-06-01,02558157000162,VIVT3,705.35570255705,708.7082592858582,CONT_2784_VIVT3_2023-06-01,DISTRIBUTION,0,https://api.mziq.com/mzfilemanager/v2/d/24165f81-24d6-4648-bf9f-66712905d5a2/34b95df5-e8c3-6d48-b667-42e740e0df5e?origin=2,0.0,135.97970092045725,,,
V0,2023-06-02,00000000000191,BBAS3,958.9956496642958,975.6114267686957,CONT_174_BBAS3_2023-06-02;CONT_175_BBAS3_2023-06-02,DISTRIBUTION,0,cache/market.json.gz; B3,0.0,745.5499186744204,,,
V0,2023-06-02,60746948000112,BBDC4,1561.9146753013738,1563.7623706030035,BBDC4_2023-06-02_DISTRIBUTION_540,DISTRIBUTION,0,https://www.bradescori.com.br/informacoes-ao-mercado/remuneracao-aos-acionistas/,0.0,29.63703263814058,,,
V0,2023-06-13,00000000000191,BBAS3,975.6114267686957,982.4064206861871,CONT_173_BBAS3_2023-06-13,DISTRIBUTION,0,cache/market.json.gz; B3,0.0,330.37260426843346,,,
V0,2023-06-20,60872504000123,ITUB4,1040.1178158762657,1049.748670339682,ITUB4_2023-06-20_DISTRIBUTION_150,DISTRIBUTION,0,cache/market.json.gz; SQLite corporate_actions/B3,0.0,276.98337436784954,,,
V0,2023-06-22,17281106000103,CSMG3,847.4272285395764,861.5267626515958,CONT_2458_CSMG3_2023-06-22,DISTRIBUTION,0,CSMG_RI_V4,0.0,287.2075098618368,,,
V0,2023-06-23,02558115000121,TIMS3,2459.442400651939,2479.719766428193,CONT_2785_TIMS3_2023-06-23,DISTRIBUTION,0,https://api.mziq.com/mzfilemanager/v2/d/4c4aa51f-1235-4aa1-8b83-adc92e8dacc3/f9bfbb53-bd62-8696-5738-d8d4278047c5?origin=2;https://api.mziq.com/mzfilemanager/v2/d/4c4aa51f-1235-4aa1-8b83-adc92e8dacc3/83680557-8387-d00f-24f1-bfd20a1effa5?origin=2,0.0,294.63012472897213,,,
V0,2023-06-26,17155730000164,CMIG4,5788.953803123033,5833.357324064366,CMIG4_2023-06-26_DISTRIBUTION_390,DISTRIBUTION,0,cache/market.json.gz; SQLite corporate_actions/B3,0.0,561.2605046984551,,,
V0,2023-06-27,60746948000112,BBDC4,1563.7623706030035,1582.571170755593,BBDC4_2023-06-27_DISTRIBUTION_541,DISTRIBUTION,0,https://www.bradescori.com.br/informacoes-ao-mercado/remuneracao-aos-acionistas/,0.0,307.90005849788713,,,
V0,2023-06-30,02149205000169,PSSA3,1435.8529841753243,1465.9491577255026,CONT_2786_PSSA3_2023-06-30,DISTRIBUTION,0,https://api.mziq.com/mzfilemanager/v2/d/b77a3922-d280-4451-b3ee-0afec4577834/48f3e545-5f5b-0f87-1454-e0d6df50b7a5?origin=2;https://api.mziq.com/mzfilemanager/v2/d/b77a3922-d280-4451-b3ee-0afec4577834/3ada0e5c-8000-0a0c-803a-056115098836?origin=2,0.0,846.3044002310138,,,
V0,2023-07-03,28195667000106,ABCB4,1915.632381616953,2003.6251657395778,CONT_6_ABCB4_2023-07-03,DISTRIBUTION,0,cache/market.json.gz; B3,0.0,1601.4686710317726,,,
V0,2023-07-03,60872504000123,ITUB4,1049.748670339682,1050.388451556239,ITUB4_2023-07-03_DISTRIBUTION_149,DISTRIBUTION,0,cache/market.json.gz; SQLite corporate_actions/B3,0.0,18.528064031495383,,,
V0,2023-07-03,76484013000145,SAPR4,11580.131170687502,12080.02231393479,CONT_2787_SAPR4_2023-07-03,DISTRIBUTION,0,https://ri.sanepar.com.br/docs/Sanepar-2025-12-18-cW6NmzgB.pdf,0.0,2124.5373588009797,,,
V0,2023-07-03,01083200000118,NEOE3,1068.8490521340655,1085.400405693811,CONT_2049_NEOE3_2023-07-03,DISTRIBUTION,0,cache/market.json.gz; B3,0.0,341.2889104019562,,,
V0,2023-07-04,60746948000112,BBDC4,1590.0394448817124,1591.863549764971,BBDC4_2023-07-04_DISTRIBUTION_542,DISTRIBUTION,0,https://www.bradescori.com.br/informacoes-ao-mercado/remuneracao-aos-acionistas/,0.0,30.170694769096517,,,
V0,2023-07-21,90400888000142,SANB4,1085.5202366818842,1100.0357225139433,CONT_2278_SANB4_2023-07-21,DISTRIBUTION,0,cache/market.json.gz; B3,0.0,229.34467614653335,,,
V0,2023-08-01,60872504000123,ITUB4,1052.615354289131,1053.2624689182915,ITUB4_2023-08-01_DISTRIBUTION_148,DISTRIBUTION,0,cache/market.json.gz; SQLite corporate_actions/B3,0.0,18.57866100320316,,,
V0,2023-08-01,02558157000162,VIVT3,712.1220916077225,716.2244953376751,CONT_2788_VIVT3_2023-08-01,DISTRIBUTION,0,https://api.mziq.com/mzfilemanager/v2/d/24165f81-24d6-4648-bf9f-66712905d5a2/34b95df5-e8c3-6d48-b667-42e740e0df5e?origin=2,0.0,173.94191814998922,,,
V0,2023-08-02,60746948000112,BBDC4,1599.2607521585091,1601.0811281221206,BBDC4_2023-08-02_DISTRIBUTION_543,DISTRIBUTION,0,https://www.bradescori.com.br/informacoes-ao-mercado/remuneracao-aos-acionistas/,0.0,30.345667313404046,,,
V0,2023-08-08,07859971000130,TAEE4,1066.0371436135463,1093.3436640785087,CONT_2403_TAEE4_2023-08-08;CONT_2404_TAEE4_2023-08-08,DISTRIBUTION,0,cache/market.json.gz; B3,0.0,323.30920230515574,,,
V0,2023-08-17,17344597000194,BBSE3,1110.4588523153132,1170.6481467374294,CONT_2553_BBSE3_2023-08-17,DISTRIBUTION,0,BBSE_DIV,0.0,1785.2144725599674,,,
V0,2023-08-18,02429144000193,CPFE3,445.0205901558604,455.15167064162523,CONT_837_CPFE3_2023-08-18,DISTRIBUTION,0,cache/market.json.gz; B3,0.0,348.61047951516764,,,
V0,2023-08-22,00000000000191,BBAS3,982.4064206861871,996.1048799888968,CONT_171_BBAS3_2023-08-22;CONT_172_BBAS3_2023-08-22,DISTRIBUTION,0,cache/market.json.gz; B3,0.0,657.1150927509864,,,
V0,2023-08-22,02474103000119,TBLE3,917.158361664914,938.0646540663911,TBLE3_2023-08-22_DISTRIBUTION_341,DISTRIBUTION,0,cache/market.json.gz; SQLite corporate_actions/B3,0.0,862.3845615609291,,,
V0,2023-09-01,60872504000123,ITUB4,1055.438238346144,1056.111962935902,ITUB4_2023-09-01_DISTRIBUTION_147,DISTRIBUTION,0,cache/market.json.gz; SQLite corporate_actions/B3,0.0,18.628484906809444,,,
V0,2023-09-01,02558157000162,VIVT3,717.6627384195715,720.4171721402022,CONT_2789_VIVT3_2023-09-01,DISTRIBUTION,0,https://api.mziq.com/mzfilemanager/v2/d/24165f81-24d6-4648-bf9f-66712905d5a2/34b95df5-e8c3-6d48-b667-42e740e0df5e?origin=2,0.0,114.80479747588582,,,
V0,2023-09-04,60746948000112,BBDC4,1601.0811281221206,1603.1200682965919,BBDC4_2023-09-04_DISTRIBUTION_544,DISTRIBUTION,0,https://www.bradescori.com.br/informacoes-ao-mercado/remuneracao-aos-acionistas/,0.0,30.380208599621767,,,
V0,2023-09-11,60872504000123,XPBR31,21.474636584622612,21.976160081840522,XPBR31_2023-09-11_DISTRIBUTION_687,DISTRIBUTION,0,https://api.mziq.com/mzfilemanager/v2/d/d1820734-8b3f-4a23-8642-331a3a8561a6/974f8122-1809-7583-6d0a-c5e21b2004b8?origin=1,0.0,61.48678075891583,,,
V0,2023-09-12,00000000000191,BBAS3,996.1048799888968,1003.1428393147456,CONT_170_BBAS3_2023-09-12,DISTRIBUTION,0,cache/market.json.gz; B3,0.0,332.89547611265243,,,
V0,2023-09-13,03983431000103,ENBR3,1970.2538003991592,0,EDP_REDEMPTION_20230913,REDEMPTION,0,originals/edp_redemption_2023.bin.gz,47739.249583671626,0.0,,,
V0,2023-09-13,REDEMPTION_CASH,,0,0,EDP_REDEMPTION_20230913,REDEMPTION_CASH,0,Accepted compulsory redemption,,,47739.249583671626,47276.15825150211,INVESTED
V0,2023-09-19,60872504000123,ITUB4,1109.7888478961295,1120.792755728914,ITUB4_2023-09-19_DISTRIBUTION_146,DISTRIBUTION,0,cache/market.json.gz; SQLite corporate_actions/B3,0.0,298.86613673842766,,,
V0,2023-09-22,02558115000121,TIMS3,2533.4289170233606,2562.9256186483126,CONT_2790_TIMS3_2023-09-22,DISTRIBUTION,0,https://api.mziq.com/mzfilemanager/v2/d/4c4aa51f-1235-4aa1-8b83-adc92e8dacc3/d33fa338-50a0-bacd-2e30-a8d3cd8573cf?origin=2,0.0,444.8102605042796,,,
V0,2023-09-22,17281106000103,CSMG3,1085.3700241654542,1106.3332807381055,CONT_2459_CSMG3_2023-09-22,DISTRIBUTION,0,CSMG_RI_V4,0.0,364.76066436413225,,,
V0,2023-09-25,02558157000162,VIVT3,759.5720596963708,761.6562629293802,CONT_2791_VIVT3_2023-09-25,DISTRIBUTION,0,https://api.mziq.com/mzfilemanager/v2/d/24165f81-24d6-4648-bf9f-66712905d5a2/34b95df5-e8c3-6d48-b667-42e740e0df5e?origin=2,0.0,91.70494225241183,,,
V0,2023-09-26,17155730000164,CMIG4,5968.911581909017,6014.334352329166,CMIG4_2023-09-26_DISTRIBUTION_389,DISTRIBUTION,0,cache/market.json.gz; SQLite corporate_actions/B3,0.0,566.8761748434658,,,
V0,2023-09-29,02149205000169,PSSA3,1475.6499719153487,1492.0224467353655,CONT_2792_PSSA3_2023-09-29,DISTRIBUTION,0,https://api.mziq.com/mzfilemanager/v2/d/b77a3922-d280-4451-b3ee-0afec4577834/278b0bbf-318b-7e48-5e64-4da0386b1ef5?origin=2;https://api.mziq.com/mzfilemanager/v2/d/b77a3922-d280-4451-b3ee-0afec4577834/3ada0e5c-8000-0a0c-803a-056115098836?origin=2,0.0,430.4323630182411,,,
V0,2023-10-02,76483817000120,CPLE6,11020.537993872158,11243.91347002044,CONT_906_CPLE6_2023-10-02,DISTRIBUTION,0,cache/market.json.gz; B3,0.0,1927.730359159668,,,
V0,2023-10-02,60872504000123,ITUB4,1120.792755728914,1121.527053878083,ITUB4_2023-10-02_DISTRIBUTION_145,DISTRIBUTION,0,cache/market.json.gz; SQLite corporate_actions/B3,0.0,19.78199213861533,,,
V0,2023-10-03,60746948000112,BBDC4,1795.657283945611,1798.106763024858,BBDC4_2023-10-03_DISTRIBUTION_545,DISTRIBUTION,0,https://www.bradescori.com.br/informacoes-ao-mercado/remuneracao-aos-acionistas/,0.0,34.07225399232673,,,
V0,2023-10-20,90400888000142,SANB4,1403.1494329837149,1424.5704750750851,CONT_2276_SANB4_2023-10-20;CONT_2277_SANB4_2023-10-20,DISTRIBUTION,0,cache/market.json.gz; B3,0.0,296.46722254456387,,,
V0,2023-10-24,02558157000162,VIVT3,763.0792610228019,764.587682637422,CONT_2793_VIVT3_2023-10-24,DISTRIBUTION,0,https://api.mziq.com/mzfilemanager/v2/d/24165f81-24d6-4648-bf9f-66712905d5a2/34b95df5-e8c3-6d48-b667-42e740e0df5e?origin=2,0.0,69.11587838189236,,,
V0,2023-11-01,60872504000123,ITUB4,1124.5273754512395,1125.2576148985065,ITUB4_2023-11-01_DISTRIBUTION_144,DISTRIBUTION,0,cache/market.json.gz; SQLite corporate_actions/B3,0.0,19.847908176714377,,,
V0,2023-11-03,60746948000112,BBDC4,1808.5466881341429,1810.8701023504548,BBDC4_2023-11-03_DISTRIBUTION_546,DISTRIBUTION,0,https://www.bradescori.com.br/informacoes-ao-mercado/remuneracao-aos-acionistas/,0.0,34.316827974927925,,,
V0,2023-11-14,07859971000130,TAEE4,1507.312228852507,1532.1116105197761,CONT_2401_TAEE4_2023-11-14;CONT_2402_TAEE4_2023-11-14,DISTRIBUTION,0,cache/market.json.gz; B3,0.0,298.33656145725007,,,
V0,2023-11-22,00000000000191,BBAS3,1003.1428393147456,1018.6922562719808,CONT_168_BBAS3_2023-11-22;CONT_169_BBAS3_2023-11-22,DISTRIBUTION,0,cache/market.json.gz; B3,0.0,790.6878522754101,,,
V0,2023-12-01,60872504000123,ITUB4,1128.178880059168,1128.8110183840265,ITUB4_2023-12-01_DISTRIBUTION_143,DISTRIBUTION,0,cache/market.json.gz; SQLite corporate_actions/B3,0.0,19.912357233044315,,,
V0,2023-12-04,60746948000112,BBDC4,1819.060103572172,1821.193374154669,BBDC4_2023-12-04_DISTRIBUTION_547,DISTRIBUTION,0,https://www.bradescori.com.br/informacoes-ao-mercado/remuneracao-aos-acionistas/,0.0,34.51631802480218,,,
V0,2023-12-07,60872504000123,ITUB4,1130.785527685322,1139.627254879026,ITUB4_2023-12-07_DISTRIBUTION_142,DISTRIBUTION,0,cache/market.json.gz; SQLite corporate_actions/B3,0.0,279.57541386491897,,,
V0,2023-12-12,00000000000191,BBAS3,1018.6922562719808,1025.3342553290302,CONT_167_BBAS3_2023-12-12,DISTRIBUTION,0,cache/market.json.gz; B3,0.0,348.70495049509634,,,
V0,2023-12-12,60872504000123,XPBR31,21.976160081840522,22.682696954043365,XPBR31_2023-12-12_DISTRIBUTION_688,DISTRIBUTION,0,https://api.mziq.com/mzfilemanager/v2/d/d1820734-8b3f-4a23-8642-331a3a8561a6/bcf8391a-ada6-8146-717d-479c39aa4bd9?origin=1,0.0,79.37235222326736,,,
V0,2023-12-14,02998611000104,TRPL4,2442.06728642,2643.645448845948,CONT_1373_TRPL4_2023-12-14,DISTRIBUTION,0,cache/market.json.gz; B3,0.0,4789.497139240524,,,
V0,2023-12-14,17281106000103,CSMG3,1141.404908144972,1197.6904376205716,CONT_2460_CSMG3_2023-12-14,DISTRIBUTION,0,CSMG_RI_V4,0.0,1121.207747153942,,,
V0,2023-12-22,60746948000112,BBDC4,1821.193374154669,1895.7446195329553,BBDC4_2023-12-22_DISTRIBUTION_548;BBDC4_2023-12-22_DISTRIBUTION_549,DISTRIBUTION,0,https://www.bradescori.com.br/informacoes-ao-mercado/remuneracao-aos-acionistas/,0.0,1254.6974597165586,,,
V0,2023-12-22,17155730000164,CMIG4,6046.505143992774,6211.540354341513,CMIG4_2023-12-22_DISTRIBUTION_388,DISTRIBUTION,0,cache/market.json.gz; SQLite corporate_actions/B3,0.0,1817.0376659396195,,,
V0,2023-12-22,02474103000119,TBLE3,949.0119221655968,952.7958717197517,TBLE3_2023-12-22_DISTRIBUTION_340,DISTRIBUTION,0,cache/market.json.gz; SQLite corporate_actions/B3,0.0,168.65063162868304,,,
V0,2023-12-22,02558115000121,TIMS3,2561.6671508886075,2600.413501325684,CONT_2794_TIMS3_2023-12-22,DISTRIBUTION,0,https://api.mziq.com/mzfilemanager/v2/d/4c4aa51f-1235-4aa1-8b83-adc92e8dacc3/91b24dc2-38fd-230c-4323-946e884a2ae0?origin=2,0.0,693.1722093193032,,,
V0,2023-12-22,17281106000103,CSMG3,1197.6904376205716,1211.7775536301492,CONT_2461_CSMG3_2023-12-22,DISTRIBUTION,0,CSMG_RI_V4,0.0,289.3493628367231,,,
V0,2023-12-27,02558157000162,VIVT3,766.2163809040866,773.5498446848562,CONT_2795_VIVT3_2023-12-27,DISTRIBUTION,0,https://api.mziq.com/mzfilemanager/v2/d/24165f81-24d6-4648-bf9f-66712905d5a2/34b95df5-e8c3-6d48-b667-42e740e0df5e?origin=2,0.0,394.1003435785637,,,
V0,2023-12-28,02149205000169,PSSA3,1492.5251150068696,1520.0605257342975,CONT_2796_PSSA3_2023-12-28,DISTRIBUTION,0,https://api.mziq.com/mzfilemanager/v2/d/b77a3922-d280-4451-b3ee-0afec4577834/f7090ee5-156b-83e5-90db-4d562bf4c5da?origin=2,0.0,791.3677043062812,,,
V0,2024-01-02,28195667000106,ABCB4,2034.2440820511588,2100.125850617588,CONT_5_ABCB4_2024-01-02,DISTRIBUTION,0,cache/market.json.gz; B3,0.0,1507.3748647999087,,,
V0,2024-01-02,60872504000123,ITUB4,1139.627254879026,1140.2273271060133,ITUB4_2024-01-02_DISTRIBUTION_141,DISTRIBUTION,0,cache/market.json.gz; SQLite corporate_actions/B3,0.0,20.11442104861481,,,
V0,2024-01-02,76484013000145,SAPR4,13089.647907587329,13376.740048932023,CONT_2797_SAPR4_2024-01-02,DISTRIBUTION,0,https://ri.sanepar.com.br/docs/Sanepar-2025-12-18-cW6NmzgB.pdf,0.0,1639.2961270781998,,,
V0,2024-01-03,60746948000112,BBDC4,1903.627801297759,1905.7842773536825,BBDC4_2024-01-03_DISTRIBUTION_520,DISTRIBUTION,0,https://www.bradescori.com.br/informacoes-ao-mercado/remuneracao-aos-acionistas/,0.0,36.120973936714925,,,
V0,2024-01-04,07859971000130,TAEE4,1568.0959394028625,1595.8157241780245,CONT_2400_TAEE4_2024-01-04,DISTRIBUTION,0,cache/market.json.gz; B3,0.0,345.9429139940219,,,
V0,2024-01-05,01083200000118,NEOE3,1307.125268666051,1333.5785795101783,CONT_2048_NEOE3_2024-01-05,DISTRIBUTION,0,cache/market.json.gz; B3,0.0,544.409137172143,,,
V0,2024-01-22,90400888000142,SANB4,1460.51476336126,1479.8982386868581,CONT_2275_SANB4_2024-01-22,DISTRIBUTION,0,cache/market.json.gz; B3,0.0,308.1972576770097,,,
V0,2024-02-01,60872504000123,ITUB4,1141.9862169223543,1142.602798651589,ITUB4_2024-02-01_DISTRIBUTION_140,DISTRIBUTION,0,cache/market.json.gz; SQLite corporate_actions/B3,0.0,20.156056728679552,,,
V0,2024-02-02,60746948000112,BBDC4,1915.6083608766705,1917.9809654958897,BBDC4_2024-02-02_DISTRIBUTION_521,DISTRIBUTION,0,https://www.bradescori.com.br/informacoes-ao-mercado/remuneracao-aos-acionistas/,0.0,36.3483027664379,,,
V0,2024-02-09,17344597000194,BBSE3,1200.8787918546086,1246.3604028130546,CONT_2552_BBSE3_2024-02-09,DISTRIBUTION,0,BBSE_DIV,0.0,1491.3420233274444,,,
V0,2024-02-22,00000000000191,BBAS3,1025.3342553290302,1036.3559302461256,CONT_165_BBAS3_2024-02-22;CONT_166_BBAS3_2024-02-22,DISTRIBUTION,0,cache/market.json.gz; B3,0.0,640.3593126832393,,,
V0,2024-02-22,60872504000123,ITUB4,1144.639009702762,1182.339886921492,ITUB4_2024-02-22_DISTRIBUTION_139,DISTRIBUTION,0,cache/market.json.gz; SQLite corporate_actions/B3,0.0,1287.86196579182,,,
V0,2024-03-01,60872504000123,ITUB4,1182.339886921492,1182.9523993665805,ITUB4_2024-03-01_DISTRIBUTION_138,DISTRIBUTION,0,cache/market.json.gz; SQLite corporate_actions/B3,0.0,20.868299004164335,,,
V0,2024-03-04,60746948000112,BBDC4,1930.4151461168497,1933.0986082918148,BBDC4_2024-03-04_DISTRIBUTION_522,DISTRIBUTION,0,https://www.bradescori.com.br/informacoes-ao-mercado/remuneracao-aos-acionistas/,0.0,36.62925868827431,,,
V0,2024-03-12,00000000000191,BBAS3,1036.3559302461256,1043.7334302406937,CONT_164_BBAS3_2024-03-12,DISTRIBUTION,0,cache/market.json.gz; B3,0.0,424.9439996871167,,,
V0,2024-03-22,60872504000123,ITUB4,1184.245247229543,1192.7372549632355,ITUB4_2024-03-22_DISTRIBUTION_137,DISTRIBUTION,0,cache/market.json.gz; SQLite corporate_actions/B3,0.0,286.3505007801035,,,
V0,2024-03-25,02558115000121,TIMS3,2597.3844449777007,2609.361999836565,CONT_2798_TIMS3_2024-03-25,DISTRIBUTION,0,https://api.mziq.com/mzfilemanager/v2/d/4c4aa51f-1235-4aa1-8b83-adc92e8dacc3/c868d86f-70be-ac1e-09f4-aa649775ffce?origin=2;https://api.mziq.com/mzfilemanager/v2/d/4c4aa51f-1235-4aa1-8b83-adc92e8dacc3/faf16da3-dab4-e1dd-f656-258905eb9fb1?origin=2,0.0,214.63778307084846,,,
V0,2024-03-26,17281106000103,CSMG3,1237.8275232752776,1288.7124032583065,CONT_2462_CSMG3_2024-03-26;CONT_2463_CSMG3_2024-03-26;CONT_2464_CSMG3_2024-03-26,DISTRIBUTION,0,CSMG_RI_V4,0.0,1080.7948508395332,,,
V0,2024-03-27,17155730000164,CMIG4,6260.148809613329,6303.762637587641,CMIG4_2024-03-27_DISTRIBUTION_387,DISTRIBUTION,0,cache/market.json.gz; SQLite corporate_actions/B3,0.0,549.5342324763294,,,
V0,2024-04-01,60872504000123,ITUB4,1192.7372549632355,1193.3667948122218,ITUB4_2024-04-01_DISTRIBUTION_136,DISTRIBUTION,0,cache/market.json.gz; SQLite corporate_actions/B3,0.0,21.051812550101104,,,
V0,2024-04-01,02149205000169,PSSA3,1521.123092269583,1540.4922255254364,CONT_2799_PSSA3_2024-04-01;CONT_2800_PSSA3_2024-04-01,DISTRIBUTION,0,https://api.mziq.com/mzfilemanager/v2/d/b77a3922-d280-4451-b3ee-0afec4577834/595d4d3e-f1bf-31d5-9d2d-53b9f100a5b7?origin=2;https://api.mziq.com/mzfilemanager/v2/d/b77a3922-d280-4451-b3ee-0afec4577834/a730da5f-6984-07cc-1fac-1fab6adcd8e6?origin=2;https://api.mziq.com/mzfilemanager/v2/d/b77a3922-d280-4451-b3ee-0afec4577834/c51162ba-772b-3276-e991-5239fc18f0bc?origin=2;https://api.mziq.com/mzfilemanager/v2/d/b77a3922-d280-4451-b3ee-0afec4577834/ba54f038-ceec-de5f-c468-8a33b22d345a?origin=2;https://api.mziq.com/mzfilemanager/v2/d/b77a3922-d280-4451-b3ee-0afec4577834/b5cca7ab-60ac-611f-1138-e8ff6eeaf480?origin=2;https://api.mziq.com/mzfilemanager/v2/d/b77a3922-d280-4451-b3ee-0afec4577834/12d0f45e-e5c8-5f7a-dbc5-3e171187dab9?origin=2,0.0,597.7314522756407,,,
V0,2024-04-01,02558157000162,VIVT3,775.820982441386,778.5928344306611,CONT_2801_VIVT3_2024-04-01,DISTRIBUTION,0,https://api.mziq.com/mzfilemanager/v2/d/24165f81-24d6-4648-bf9f-66712905d5a2/34b95df5-e8c3-6d48-b667-42e740e0df5e?origin=2,0.0,140.83779957506906,,,
V0,2024-04-02,60746948000112,BBDC4,1944.8932341212221,1947.4939372672998,BBDC4_2024-04-02_DISTRIBUTION_523,DISTRIBUTION,0,https://www.bradescori.com.br/informacoes-ao-mercado/remuneracao-aos-acionistas/,0.0,36.90397764284247,,,
V0,2024-04-10,02558115000121,TIMS3,2608.505673288683,2687.8703180763305,CONT_2802_TIMS3_2024-04-10;CONT_2803_TIMS3_2024-04-10;CONT_2804_TIMS3_2024-04-10,DISTRIBUTION,0,https://api.mziq.com/mzfilemanager/v2/d/4c4aa51f-1235-4aa1-8b83-adc92e8dacc3/1c513fe5-4ad4-c0cd-56b1-b8cf5e09401c?origin=2;https://api.mziq.com/mzfilemanager/v2/d/4c4aa51f-1235-4aa1-8b83-adc92e8dacc3/1c513fe5-4ad4-c0cd-56b1-b8cf5e09401c?origin=2;https://api.mziq.com/mzfilemanager/v2/d/4c4aa51f-1235-4aa1-8b83-adc92e8dacc3/56b8f088-3226-1f4d-1e20-01d4c3f66c49?origin=2,0.0,1411.8970307722498,,,
V0,2024-04-11,02558157000162,VIVT3,779.5713045429324,793.9008519432422,CONT_2805_VIVT3_2024-04-11,DISTRIBUTION,0,https://api.mziq.com/mzfilemanager/v2/d/24165f81-24d6-4648-bf9f-66712905d5a2/34b95df5-e8c3-6d48-b667-42e740e0df5e?origin=2,0.0,707.593050627297,,,
V0,2024-04-16,00000000000191,BBAS3,1043.7334302406937,2087.4668604813874,CONT_146_BBAS3_2024-04-16,SHARES,0,cache/market.json.gz; B3,0.0,0.0,,,
V0,2024-04-22,01083200000118,NEOE3,1356.8466530387984,1374.2662322159083,CONT_2047_NEOE3_2024-04-22,DISTRIBUTION,0,cache/market.json.gz; B3,0.0,337.0688570770782,,,
V0,2024-04-22,90400888000142,SANB4,1520.0698549762726,1542.681079508985,CONT_2274_SANB4_2024-04-22,DISTRIBUTION,0,cache/market.json.gz; B3,0.0,320.4010516285355,,,
V0,2024-04-23,76483817000120,CPLE6,11243.91347002044,11299.639195422636,CONT_905_CPLE6_2024-04-23,DISTRIBUTION,0,cache/market.json.gz; B3,0.0,513.7911882082575,,,
V0,2024-04-23,02998609000127,AESB3,1852.3114992918474,1867.3337072626175,CONT_27_AESB3_2024-04-23,DISTRIBUTION,0,cache/market.json.gz; B3,0.0,138.2043133310855,,,
V0,2024-04-26,43776517000180,SBSP3,1156.3739363043833,1176.6125877971274,CONT_2439_SBSP3_2024-04-26,DISTRIBUTION,0,SBSP_2021;SBSP_2022;SBSP_2023;SBSP_2024,0.0,1665.6410178528336,,,
V0,2024-04-29,02429144000193,CPFE3,607.7939436503761,659.5038693841939,CONT_836_CPFE3_2024-04-29,DISTRIBUTION,0,cache/market.json.gz; B3,0.0,1673.8502960036787,,,
V0,2024-04-29,17281106000103,CSMG3,1296.3208022705744,1345.7244863342275,CONT_2465_CSMG3_2024-04-29,DISTRIBUTION,0,CSMG_RI_V4,0.0,1025.620481161441,,,
V0,2024-04-30,17155730000164,CMIG4,6314.361590260043,8286.9592990871,CMIG4_2024-04-30_DISTRIBUTION_386;CMIG4_2024-04-30_SHARES_680,DISTRIBUTION;SHARES,0,cache/market.json.gz; SQLite corporate_actions/B3;https://api.mziq.com/mzfilemanager/v2/d/716a131f-9624-452c-9088-0cd6983c1349/a2eb9f5f-37e1-8913-c1eb-c4281b5e23b2?origin=2; owned_capital_events_fre.json; B3 2024-04-29,0.0,764.8857773711115,,,
V0,2024-04-30,02558157000162,VIVT3,793.9008519432422,797.7595754707677,CONT_2806_VIVT3_2024-04-30,DISTRIBUTION,0,https://api.mziq.com/mzfilemanager/v2/d/24165f81-24d6-4648-bf9f-66712905d5a2/34b95df5-e8c3-6d48-b667-42e740e0df5e?origin=2,0.0,182.67197179305944,,,
V0,2024-05-02,03220438000173,EQTL3,2110.405827981004,2141.8518160072085,CONT_1116_EQTL3_2024-05-02,DISTRIBUTION,0,cache/market.json.gz; B3,0.0,949.6688383913702,,,
V0,2024-05-02,60872504000123,ITUB4,1194.718767316264,1195.381873801897,ITUB4_2024-05-02_DISTRIBUTION_135,DISTRIBUTION,0,cache/market.json.gz; SQLite corporate_actions/B3,0.0,21.086786243132057,,,
V0,2024-05-03,60746948000112,BBDC4,1959.9372167975298,1962.6360146451875,BBDC4_2024-05-03_DISTRIBUTION_524,DISTRIBUTION,0,https://www.bradescori.com.br/informacoes-ao-mercado/remuneracao-aos-acionistas/,0.0,37.189434340724716,,,
V0,2024-05-06,07859971000130,TAEE4,1670.7903114199248,1723.8110751664951,CONT_2399_TAEE4_2024-05-06,DISTRIBUTION,0,cache/market.json.gz; B3,0.0,630.947088584187,,,
V0,2024-05-07,02474103000119,TBLE3,961.4705575389693,989.5521157785502,TBLE3_2024-05-07_DISTRIBUTION_339,DISTRIBUTION,0,cache/market.json.gz; SQLite corporate_actions/B3,0.0,1171.843425337711,,,
V0,2024-05-14,07859971000130,TAEE4,1723.8110751664951,1744.4845737743021,CONT_2398_TAEE4_2024-05-14,DISTRIBUTION,0,cache/market.json.gz; B3,0.0,241.67319872526403,,,
V0,2024-06-03,60872504000123,ITUB4,1197.39584304687,1198.0678314929678,ITUB4_2024-06-03_DISTRIBUTION_134,DISTRIBUTION,0,cache/market.json.gz; SQLite corporate_actions/B3,0.0,21.134036629777253,,,
V0,2024-06-04,60746948000112,BBDC4,1977.0964970175671,1980.0159544810283,BBDC4_2024-06-04_DISTRIBUTION_525,DISTRIBUTION,0,https://www.bradescori.com.br/informacoes-ao-mercado/remuneracao-aos-acionistas/,0.0,37.5150284054774,,,
V0,2024-06-12,00000000000191,BBAS3,2087.4668604813874,2123.486057682423,CONT_162_BBAS3_2024-06-12;CONT_163_BBAS3_2024-06-12,DISTRIBUTION,0,cache/market.json.gz; B3,0.0,955.9494937154905,,,
V0,2024-06-14,00000000000191,BBAS3,2123.486057682423,2139.883098744739,CONT_161_BBAS3_2024-06-14,DISTRIBUTION,0,cache/market.json.gz; B3,0.0,433.70173609826213,,,
V0,2024-06-18,60746948000112,BBDC4,1980.0159544810283,2043.199812575151,BBDC4_2024-06-18_DISTRIBUTION_526,DISTRIBUTION,0,https://www.bradescori.com.br/informacoes-ao-mercado/remuneracao-aos-acionistas/,0.0,782.2161632052405,,,
V0,2024-06-21,60872504000123,ITUB4,1200.0816166328905,1209.5301889595798,ITUB4_2024-06-21_DISTRIBUTION_133,DISTRIBUTION,0,cache/market.json.gz; SQLite corporate_actions/B3,0.0,301.2204857748555,,,
V0,2024-06-24,17155730000164,CMIG4,8304.15348232186,8363.439805387728,CMIG4_2024-06-24_DISTRIBUTION_385,DISTRIBUTION,0,cache/market.json.gz; SQLite corporate_actions/B3,0.0,623.6921186529327,,,
V0,2024-06-24,02558115000121,TIMS3,2690.5325968594407,2711.6599599719793,CONT_2807_TIMS3_2024-06-24,DISTRIBUTION,0,https://api.mziq.com/mzfilemanager/v2/d/4c4aa51f-1235-4aa1-8b83-adc92e8dacc3/a9b987e8-5f5b-af7e-b56d-4353e72d5c13?origin=2,0.0,333.8123371781098,,,
V0,2024-06-26,17281106000103,CSMG3,1362.952699474849,1388.2343235094509,CONT_2466_CSMG3_2024-06-26;CONT_2467_CSMG3_2024-06-26,DISTRIBUTION,0,CSMG_RI_V4,0.0,524.3408824776457,,,
V0,2024-06-27,02558157000162,VIVT3,800.9545006405032,802.8101734419835,CONT_2808_VIVT3_2024-06-27,DISTRIBUTION,0,https://api.mziq.com/mzfilemanager/v2/d/24165f81-24d6-4648-bf9f-66712905d5a2/34b95df5-e8c3-6d48-b667-42e740e0df5e?origin=2,0.0,85.08259794787224,,,
V0,2024-07-01,28195667000106,ABCB4,2101.7258452875644,2179.8439528281583,CONT_4_ABCB4_2024-07-01,DISTRIBUTION,0,cache/market.json.gz; B3,0.0,1649.8544312573442,,,
V0,2024-07-01,60872504000123,ITUB4,1241.9196266931528,1242.5995237592551,ITUB4_2024-07-01_DISTRIBUTION_132,DISTRIBUTION,0,cache/market.json.gz; SQLite corporate_actions/B3,0.0,21.919881411134146,,,
V0,2024-07-01,02149205000169,PSSA3,1539.590607071549,1555.665427196917,CONT_2809_PSSA3_2024-07-01,DISTRIBUTION,0,https://api.mziq.com/mzfilemanager/v2/d/b77a3922-d280-4451-b3ee-0afec4577834/e777cb3f-2ccb-ec02-431c-98d1c9239971?origin=2;https://api.mziq.com/mzfilemanager/v2/d/b77a3922-d280-4451-b3ee-0afec4577834/a730da5f-6984-07cc-1fac-1fab6adcd8e6?origin=2;https://api.mziq.com/mzfilemanager/v2/d/b77a3922-d280-4451-b3ee-0afec4577834/c51162ba-772b-3276-e991-5239fc18f0bc?origin=2,0.0,491.40725123250456,,,
V0,2024-07-01,76484013000145,SAPR4,14226.015168067022,14632.511069828146,CONT_2810_SAPR4_2024-07-01,DISTRIBUTION,0,https://ri.sanepar.com.br/docs/Sanepar-2025-12-18-cW6NmzgB.pdf,0.0,2174.753074422007,,,
V0,2024-07-02,60746948000112,BBDC4,2456.050743326322,2459.8612988250075,BBDC4_2024-07-02_DISTRIBUTION_527,DISTRIBUTION,0,https://www.bradescori.com.br/informacoes-ao-mercado/remuneracao-aos-acionistas/,0.0,46.603093748924984,,,
V0,2024-07-02,01083200000118,NEOE3,1659.6340719573238,1674.5933893361298,CONT_2046_NEOE3_2024-07-02,DISTRIBUTION,0,cache/market.json.gz; B3,0.0,273.6059148583599,,,
V0,2024-07-22,90400888000142,SANB4,1968.8537369002283,1996.508613377245,CONT_2273_SANB4_2024-07-22,DISTRIBUTION,0,cache/market.json.gz; B3,0.0,415.0996959200185,,,
V0,2024-07-23,61186680000174,BMGB4,3331.6488504584318,3410.482231708716,CONT_610_BMGB4_2024-07-23,DISTRIBUTION,0,cache/market.json.gz; B3,0.0,279.8585034385083,,,
V0,2024-07-29,02558157000162,VIVT3,854.015253484976,861.017721066962,CONT_2811_VIVT3_2024-07-29,DISTRIBUTION,0,https://api.mziq.com/mzfilemanager/v2/d/24165f81-24d6-4648-bf9f-66712905d5a2/34b95df5-e8c3-6d48-b667-42e740e0df5e?origin=2,0.0,337.8690608308254,,,
V0,2024-08-01,60872504000123,ITUB4,1243.7390306081613,1244.3968668050518,ITUB4_2024-08-01_DISTRIBUTION_131,DISTRIBUTION,0,cache/market.json.gz; SQLite corporate_actions/B3,0.0,21.951993890234046,,,
V0,2024-08-02,60746948000112,BBDC4,2472.12799560227,2475.836150269472,BBDC4_2024-08-02_DISTRIBUTION_528,DISTRIBUTION,0,https://www.bradescori.com.br/informacoes-ao-mercado/remuneracao-aos-acionistas/,0.0,46.90815654010591,,,
V0,2024-08-16,07859971000130,TAEE4,2337.4226549622385,2381.143863478004,CONT_2396_TAEE4_2024-08-16;CONT_2397_TAEE4_2024-08-16,DISTRIBUTION,0,cache/market.json.gz; B3,0.0,504.97995835708895,,,
V0,2024-08-19,17344597000194,BBSE3,1288.498343312825,1338.212167762038,CONT_2551_BBSE3_2024-08-19,DISTRIBUTION,0,BBSE_DIV,0.0,1792.1833713941319,,,
V0,2024-08-22,00000000000191,BBAS3,2139.883098744739,2164.3368311099694,CONT_159_BBAS3_2024-08-22;CONT_160_BBAS3_2024-08-22,DISTRIBUTION,0,cache/market.json.gz; B3,0.0,684.949043550095,,,
V0,2024-08-22,02474103000119,TBLE3,1001.6876912004354,1026.5774094745577,TBLE3_2024-08-22_DISTRIBUTION_338,DISTRIBUTION,0,cache/market.json.gz; SQLite corporate_actions/B3,0.0,1145.1759377923674,,,
V0,2024-08-26,17155730000164,CMIG4,8585.110941607216,8955.659084815872,CMIG4_2024-08-26_DISTRIBUTION_384,DISTRIBUTION,0,cache/market.json.gz; SQLite corporate_actions/B3,0.0,4261.303646899553,,,
V0,2024-08-27,02558157000162,VIVT3,860.7428461029948,864.7891097739888,CONT_2812_VIVT3_2024-08-27,DISTRIBUTION,0,https://api.mziq.com/mzfilemanager/v2/d/24165f81-24d6-4648-bf9f-66712905d5a2/34b95df5-e8c3-6d48-b667-42e740e0df5e?origin=2,0.0,210.16293507142726,,,
V0,2024-09-02,60872504000123,ITUB4,1245.5282712477426,1246.1323815524286,ITUB4_2024-09-02_DISTRIBUTION_130,DISTRIBUTION,0,cache/market.json.gz; SQLite corporate_actions/B3,0.0,21.983573987522657,,,
V0,2024-09-03,60746948000112,BBDC4,2482.6375757954906,2485.628532863233,BBDC4_2024-09-03_DISTRIBUTION_529,DISTRIBUTION,0,https://www.bradescori.com.br/informacoes-ao-mercado/remuneracao-aos-acionistas/,0.0,47.107573816942455,,,
V0,2024-09-12,00000000000191,BBAS3,2164.3368311099694,2178.6432262001954,CONT_158_BBAS3_2024-09-12,DISTRIBUTION,0,cache/market.json.gz; B3,0.0,403.86953339707827,,,
V0,2024-09-18,17281106000103,CSMG3,1601.1211306838677,1623.20267253972,CONT_2468_CSMG3_2024-09-18;CONT_2469_CSMG3_2024-09-18,DISTRIBUTION,0,CSMG_RI_V4,0.0,565.508286928379,,,
V0,2024-09-20,60872504000123,ITUB4,1246.9123255845216,1256.3858053128283,ITUB4_2024-09-20_DISTRIBUTION_129,DISTRIBUTION,0,cache/market.json.gz; SQLite corporate_actions/B3,0.0,340.3821266380627,,,
V0,2024-09-24,17155730000164,CMIG4,8955.659084815872,9020.95011612038,CMIG4_2024-09-24_DISTRIBUTION_383,DISTRIBUTION,0,cache/market.json.gz; SQLite corporate_actions/B3,0.0,739.7473846800822,,,
V0,2024-09-24,02558115000121,TIMS3,2752.4152221405693,2770.5711885804876,CONT_2813_TIMS3_2024-09-24,DISTRIBUTION,0,https://api.mziq.com/mzfilemanager/v2/d/4c4aa51f-1235-4aa1-8b83-adc92e8dacc3/fe09b9a3-18a3-e37d-1df3-896ec7b734c4?origin=2,0.0,341.15060940606503,,,
V0,2024-09-30,02149205000169,PSSA3,1553.2542041781119,1570.7133248973787,CONT_2814_PSSA3_2024-09-30,DISTRIBUTION,0,https://api.mziq.com/mzfilemanager/v2/d/b77a3922-d280-4451-b3ee-0afec4577834/570ca052-e3e2-0149-87a1-af4b28a97d7e?origin=2;https://api.mziq.com/mzfilemanager/v2/d/b77a3922-d280-4451-b3ee-0afec4577834/a730da5f-6984-07cc-1fac-1fab6adcd8e6?origin=2;https://api.mziq.com/mzfilemanager/v2/d/b77a3922-d280-4451-b3ee-0afec4577834/c51162ba-772b-3276-e991-5239fc18f0bc?origin=2,0.0,636.5595414244709,,,
V0,2024-10-01,60746948000112,BBDC4,2485.628532863233,2519.051309856621,BBDC4_2024-10-01_DISTRIBUTION_530,DISTRIBUTION,0,https://www.bradescori.com.br/informacoes-ao-mercado/remuneracao-aos-acionistas/,0.0,490.98059403287573,,,
V0,2024-10-01,76483817000120,CPLE6,11299.639195422636,11489.854165377334,CONT_903_CPLE6_2024-10-01;CONT_904_CPLE6_2024-10-01,DISTRIBUTION,0,cache/market.json.gz; B3,0.0,1913.5625977442521,,,
V0,2024-10-01,60872504000123,ITUB4,1256.3858053128283,1257.0104591005402,ITUB4_2024-10-01_DISTRIBUTION_128,DISTRIBUTION,0,cache/market.json.gz; SQLite corporate_actions/B3,0.0,22.17520946377142,,,
V0,2024-10-02,60746948000112,BBDC4,2526.9081655560294,2530.062612911422,BBDC4_2024-10-02_DISTRIBUTION_531,DISTRIBUTION,0,https://www.bradescori.com.br/informacoes-ao-mercado/remuneracao-aos-acionistas/,0.0,47.947599801966035,,,
V0,2024-10-18,90400888000142,SANB4,2028.8292798691643,2057.439284263249,CONT_2271_SANB4_2024-10-18;CONT_2272_SANB4_2024-10-18,DISTRIBUTION,0,cache/market.json.gz; B3,0.0,427.7195656915654,,,
V0,2024-10-22,61186680000174,BMGB4,3667.019440788794,3740.5348663320538,CONT_609_BMGB4_2024-10-22,DISTRIBUTION,0,cache/market.json.gz; B3,0.0,308.0296330262587,,,
V0,2024-11-01,60872504000123,ITUB4,1257.8555561828396,1258.4933370092292,ITUB4_2024-11-01_DISTRIBUTION_127,DISTRIBUTION,0,cache/market.json.gz; SQLite corporate_actions/B3,0.0,22.201150566627117,,,
V0,2024-11-01,02998609000127,AESB3,2487.1691064365696,0,AESB_AURE_20241101,CONVERSION,0,originals/aes_auren_2024.bin.gz; B3 OC143/2024; default option1,0.0,0.0,,,
V0,2024-11-01,02998609000127,AURE3,0,1967.0471404772065,AESB_AURE_20241101,CONVERSION,0,originals/aes_auren_2024.bin.gz; B3 OC143/2024; default option1,0.0,0.0,,,
V0,2024-11-04,60746948000112,BBDC4,2537.977951932686,2541.3909673036383,BBDC4_2024-11-04_DISTRIBUTION_532,DISTRIBUTION,0,https://www.bradescori.com.br/informacoes-ao-mercado/remuneracao-aos-acionistas/,0.0,48.1576468841339,,,
V0,2024-11-12,07859971000130,TAEE4,2430.413911937627,2478.123520589314,CONT_2394_TAEE4_2024-11-12;CONT_2395_TAEE4_2024-11-12,DISTRIBUTION,0,cache/market.json.gz; B3,0.0,541.981154283167,,,
V0,2024-11-26,00000000000191,BBAS3,2178.6432262001954,2219.6618260696223,CONT_157_BBAS3_2024-11-26,DISTRIBUTION,0,cache/market.json.gz; B3,0.0,1052.947458648185,,,
V0,2024-12-02,60872504000123,ITUB4,1259.0732115057683,1259.7650745874332,ITUB4_2024-12-02_DISTRIBUTION_126,DISTRIBUTION,0,cache/market.json.gz; SQLite corporate_actions/B3,0.0,22.22264218307681,,,
V0,2024-12-03,60746948000112,BBDC4,2553.256376456341,2557.195201827991,BBDC4_2024-12-03_DISTRIBUTION_533,DISTRIBUTION,0,https://www.bradescori.com.br/informacoes-ao-mercado/remuneracao-aos-acionistas/,0.0,48.44755207129116,,,
V0,2024-12-05,61186680000174,BMGB4,3884.835922092923,4000.596184417914,CONT_608_BMGB4_2024-12-05,DISTRIBUTION,0,cache/market.json.gz; B3,0.0,458.41063880696487,,,
V0,2024-12-10,60872504000123,ITUB4,1261.337817118018,1273.211750809566,ITUB4_2024-12-10_DISTRIBUTION_125;XPBR31_2024-12-10_DISTRIBUTION_689,DISTRIBUTION,0,cache/market.json.gz; SQLite corporate_actions/B3;https://www.sec.gov/Archives/edgar/data/1787425/000095010324016520/dp220822_ex9902.htm,0.0,391.72107248417166,,,
V0,2024-12-10,60872504000123,XPBR31,22.682696954043365,23.82536613017056,ITUB4_2024-12-10_DISTRIBUTION_125;XPBR31_2024-12-10_DISTRIBUTION_689,DISTRIBUTION,0,cache/market.json.gz; SQLite corporate_actions/B3;https://www.sec.gov/Archives/edgar/data/1787425/000095010324016520/dp220822_ex9902.htm,0.0,89.24246265553391,,,
V0,2024-12-12,00000000000191,BBAS3,2219.6618260696223,2235.4264354885217,CONT_156_BBAS3_2024-12-12,DISTRIBUTION,0,cache/market.json.gz; B3,0.0,391.75054405965517,,,
V0,2024-12-12,76483817000120,CPLE6,11489.854165377334,11751.44016575937,CONT_902_CPLE6_2024-12-12,DISTRIBUTION,0,cache/market.json.gz; B3,0.0,2406.591203514736,,,
V0,2024-12-18,01083200000118,NEOE3,1713.5961991528204,1736.0190735463636,CONT_2045_NEOE3_2024-12-18,DISTRIBUTION,0,cache/market.json.gz; B3,0.0,446.43942917544763,,,
V0,2024-12-20,02474103000119,TBLE3,1032.4976371113191,1041.0896237377106,TBLE3_2024-12-20_DISTRIBUTION_337,DISTRIBUTION,0,cache/market.json.gz; SQLite corporate_actions/B3,0.0,316.3569475837348,,,
V0,2024-12-26,17155730000164,CMIG4,9020.95011612038,9100.876351027084,CMIG4_2024-12-26_DISTRIBUTION_382,DISTRIBUTION,0,cache/market.json.gz; SQLite corporate_actions/B3,0.0,883.1848957190699,,,
V0,2024-12-26,02558115000121,TIMS3,2771.9629909620285,2823.7979505016174,CONT_2815_TIMS3_2024-12-26,DISTRIBUTION,0,https://api.mziq.com/mzfilemanager/v2/d/4c4aa51f-1235-4aa1-8b83-adc92e8dacc3/460d56a0-3839-eea2-ca39-3b7a421cc079?origin=2,0.0,744.3500189884995,,,
V0,2024-12-26,17281106000103,CSMG3,1634.372031585613,1663.9137001368829,CONT_2470_CSMG3_2024-12-26,DISTRIBUTION,0,CSMG_RI_V4,0.0,603.8317051879571,,,
V0,2024-12-27,02558157000162,VIVT3,866.92037396114,880.4811279399463,CONT_2816_VIVT3_2024-12-27,DISTRIBUTION,0,https://api.mziq.com/mzfilemanager/v2/d/24165f81-24d6-4648-bf9f-66712905d5a2/34b95df5-e8c3-6d48-b667-42e740e0df5e?origin=2,0.0,639.5251576405064,,,
V0,2024-12-30,28195667000106,ABCB4,2184.089201989242,2281.3609116583643,CONT_3_ABCB4_2024-12-30,DISTRIBUTION,0,cache/market.json.gz; B3,0.0,1878.3167137107482,,,
V0,2024-12-30,00001180000126,ELET3,359.9087745472108,369.009015638921,CONT_88_ELET3_2024-12-30,DISTRIBUTION,0,cache/market.json.gz; B3,0.0,310.5912284600716,,,
V0,2025-01-02,60746948000112,BBDC4,2557.195201827991,2623.1384486904526,BBDC4_2025-01-02_DISTRIBUTION_534,DISTRIBUTION,0,https://www.bradescori.com.br/informacoes-ao-mercado/remuneracao-aos-acionistas/,0.0,751.7530142320663,,,
V0,2025-01-02,60872504000123,ITUB4,1273.211750809566,1273.9468567108347,ITUB4_2025-01-02_DISTRIBUTION_124,DISTRIBUTION,0,cache/market.json.gz; SQLite corporate_actions/B3,0.0,22.472187401788837,,,
V0,2025-01-02,02149205000169,PSSA3,1568.0944567894887,1586.3232877809276,CONT_2817_PSSA3_2025-01-02,DISTRIBUTION,0,https://api.mziq.com/mzfilemanager/v2/d/b77a3922-d280-4451-b3ee-0afec4577834/40e2196e-eb57-3662-b172-55aa2cb52627?origin=2;https://api.mziq.com/mzfilemanager/v2/d/b77a3922-d280-4451-b3ee-0afec4577834/a730da5f-6984-07cc-1fac-1fab6adcd8e6?origin=2;https://api.mziq.com/mzfilemanager/v2/d/b77a3922-d280-4451-b3ee-0afec4577834/c51162ba-772b-3276-e991-5239fc18f0bc?origin=2;https://api.mziq.com/mzfilemanager/v2/d/b77a3922-d280-4451-b3ee-0afec4577834/da5a8cba-c0a0-3baf-39e4-4db496dbb574?origin=2,0.0,660.248258509917,,,
V0,2025-01-02,76484013000145,SAPR4,14702.38700743291,15151.143007446739,CONT_2818_SAPR4_2025-01-02,DISTRIBUTION,0,https://ri.sanepar.com.br/docs/Sanepar-2025-12-18-cW6NmzgB.pdf,0.0,2396.3570400738504,,,
V0,2025-01-03,60746948000112,BBDC4,2635.6832532304793,2640.1485734371354,BBDC4_2025-01-03_DISTRIBUTION_504,DISTRIBUTION,0,https://www.bradescori.com.br/informacoes-ao-mercado/remuneracao-aos-acionistas/,0.0,50.011586314546975,,,
V0,2025-01-10,02998611000104,TRPL4,2952.2494590418805,3055.0030172261227,CONT_1372_TRPL4_2025-01-10,DISTRIBUTION,0,cache/market.json.gz; B3,0.0,2323.257950545713,,,
V0,2025-01-14,03220438000173,EQTL3,2402.400074322402,2410.2805633525563,CONT_1115_EQTL3_2025-01-14,DISTRIBUTION,0,cache/market.json.gz; B3,0.0,214.11288694929652,,,
V0,2025-01-23,90400888000142,SANB4,2097.8711133009588,2132.133307787203,CONT_2270_SANB4_2025-01-23,DISTRIBUTION,0,cache/market.json.gz; B3,0.0,442.3249308174163,,,
V0,2025-02-03,60872504000123,ITUB4,1275.4614175454117,1276.1338158136218,ITUB4_2025-02-03_DISTRIBUTION_123,DISTRIBUTION,0,cache/market.json.gz; SQLite corporate_actions/B3,0.0,22.511894019676514,,,
V0,2025-02-04,60746948000112,BBDC4,2651.9314459357693,2656.114313156694,BBDC4_2025-02-04_DISTRIBUTION_505,DISTRIBUTION,0,https://www.bradescori.com.br/informacoes-ao-mercado/remuneracao-aos-acionistas/,0.0,50.31989266772504,,,
V0,2025-02-12,02998611000104,TRPL4,3063.5533548157646,3167.067652574695,CONT_1371_TRPL4_2025-02-12,DISTRIBUTION,0,cache/market.json.gz; B3,0.0,2410.847994805492,,,
V0,2025-02-18,60872504000123,ITUB4,1277.1995755907146,1338.150078349108,ITUB4_2025-02-18_DISTRIBUTION_121;ITUB4_2025-02-18_DISTRIBUTION_122,DISTRIBUTION,0,cache/market.json.gz; SQLite corporate_actions/B3,0.0,2023.5566915786608,,,
V0,2025-02-18,02558115000121,TIMS3,2821.387530038001,2834.7618519252405,CONT_2819_TIMS3_2025-02-18,DISTRIBUTION,0,https://api.mziq.com/mzfilemanager/v2/d/4c4aa51f-1235-4aa1-8b83-adc92e8dacc3/c3e2e836-6075-b3ce-b317-55fd6a9c84d5?origin=2,0.0,233.11443049458592,,,
V0,2025-02-21,17344597000194,BBSE3,1340.66498266884,1422.9342833700157,CONT_2550_BBSE3_2025-02-21,DISTRIBUTION,0,BBSE_DIV,0.0,3046.4322049645434,,,
V0,2025-02-25,02558157000162,VIVT3,879.8842193272939,881.7090024684878,CONT_2820_VIVT3_2025-02-25,DISTRIBUTION,0,https://api.mziq.com/mzfilemanager/v2/d/24165f81-24d6-4648-bf9f-66712905d5a2/34b95df5-e8c3-6d48-b667-42e740e0df5e?origin=2,0.0,97.60765022246503,,,
V0,2025-02-28,02558157000162,VIVT3,881.4352849973087,903.9246528996775,CONT_2821_VIVT3_2025-02-28,DISTRIBUTION,0,https://api.mziq.com/mzfilemanager/v2/d/24165f81-24d6-4648-bf9f-66712905d5a2/34b95df5-e8c3-6d48-b667-42e740e0df5e?origin=2,0.0,1087.1360444005068,,,
V0,2025-03-05,60872504000123,ITUB4,1338.150078349108,1338.8790397343816,ITUB4_2025-03-05_DISTRIBUTION_120,DISTRIBUTION,0,cache/market.json.gz; SQLite corporate_actions/B3,0.0,23.618348882861756,,,
V0,2025-03-06,60746948000112,BBDC4,2669.846508855837,2674.2326411125346,BBDC4_2025-03-06_DISTRIBUTION_506,DISTRIBUTION,0,https://www.bradescori.com.br/informacoes-ao-mercado/remuneracao-aos-acionistas/,0.0,50.65982756485631,,,
V0,2025-03-06,17281106000103,CSMG3,1676.9624975781103,1712.4393424732948,CONT_2471_CSMG3_2025-03-06;CONT_2472_CSMG3_2025-03-06,DISTRIBUTION,0,CSMG_RI_V4,0.0,798.5837785906043,,,
V0,2025-03-12,00000000000191,BBAS3,2235.4264354885217,2248.5069533433793,CONT_154_BBAS3_2025-03-12;CONT_155_BBAS3_2025-03-12,DISTRIBUTION,0,cache/market.json.gz; B3,0.0,353.82800797390115,,,
V0,2025-03-12,02998611000104,TRPL4,3175.7989594175096,3287.2699278438618,CONT_1370_TRPL4_2025-03-12,DISTRIBUTION,0,cache/market.json.gz; B3,0.0,2499.179112118812,,,
V0,2025-03-18,60872504000123,ITUB4,1339.8978143828624,1473.8875958211488,ITUB4_2025-03-18_SHARES_665,SHARES,0,https://www.itau.com.br/relacoes-com-investidores/informacoes-ao-mercado/recompra/; owned_capital_events_fre.json; B3,0.0,0.0,,,
V0,2025-03-25,02558157000162,VIVT3,904.8228598635558,907.0992740352028,CONT_2822_VIVT3_2025-03-25,DISTRIBUTION,0,https://api.mziq.com/mzfilemanager/v2/d/24165f81-24d6-4648-bf9f-66712905d5a2/34b95df5-e8c3-6d48-b667-42e740e0df5e?origin=2,0.0,111.70364340272029,,,
V0,2025-03-26,17155730000164,CMIG4,9100.876351027084,9183.148728919334,CMIG4_2025-03-26_DISTRIBUTION_381,DISTRIBUTION,0,cache/market.json.gz; SQLite corporate_actions/B3,0.0,860.5690727529307,,,
V0,2025-03-27,17281106000103,CSMG3,1712.4393424732948,1715.4217459835431,CONT_2473_CSMG3_2025-03-27,DISTRIBUTION,0,CSMG_RI_V4,0.0,60.721735468654614,,,
V0,2025-03-31,02149205000169,PSSA3,1583.5889631322118,1624.7045574356277,CONT_2823_PSSA3_2025-03-31;CONT_2824_PSSA3_2025-03-31;CONT_2825_PSSA3_2025-03-31,DISTRIBUTION,0,https://api.mziq.com/mzfilemanager/v2/d/b77a3922-d280-4451-b3ee-0afec4577834/2e6836fc-964e-5c54-74c0-a476d1b256eb?origin=2;https://api.mziq.com/mzfilemanager/v2/d/b77a3922-d280-4451-b3ee-0afec4577834/5fc07a56-476a-56fa-1f90-8b87c4a74dfe?origin=2;https://api.mziq.com/mzfilemanager/v2/d/b77a3922-d280-4451-b3ee-0afec4577834/a730da5f-6984-07cc-1fac-1fab6adcd8e6?origin=2;https://api.mziq.com/mzfilemanager/v2/d/b77a3922-d280-4451-b3ee-0afec4577834/c51162ba-772b-3276-e991-5239fc18f0bc?origin=2;https://api.mziq.com/mzfilemanager/v2/d/b77a3922-d280-4451-b3ee-0afec4577834/da5a8cba-c0a0-3baf-39e4-4db496dbb574?origin=2;https://api.mziq.com/mzfilemanager/v2/d/b77a3922-d280-4451-b3ee-0afec4577834/c51162ba-772b-3276-e991-5239fc18f0bc?origin=2,0.0,1644.623772136639,,,
V0,2025-04-01,60746948000112,BBDC4,2674.2326411125346,2723.129405741491,BBDC4_2025-04-01_DISTRIBUTION_507,DISTRIBUTION,0,https://www.bradescori.com.br/informacoes-ao-mercado/remuneracao-aos-acionistas/,0.0,609.2536872768006,,,
V0,2025-04-01,60872504000123,ITUB4,1473.8875958211488,1474.7160708551055,ITUB4_2025-04-01_DISTRIBUTION_119,DISTRIBUTION,0,cache/market.json.gz; SQLite corporate_actions/B3,0.0,26.014116066243275,,,
V0,2025-04-01,02558115000121,TIMS3,2834.317908768515,2866.3456562187216,CONT_2826_TIMS3_2025-04-01,DISTRIBUTION,0,https://api.mziq.com/mzfilemanager/v2/d/4c4aa51f-1235-4aa1-8b83-adc92e8dacc3/63e953d4-a03b-a28c-2791-3e2e5f65522e?origin=2;https://api.mziq.com/mzfilemanager/v2/d/4c4aa51f-1235-4aa1-8b83-adc92e8dacc3/81ea23ff-0f2a-9337-a19e-18732415238d?origin=2,0.0,573.9372343077031,,,
V0,2025-04-02,60746948000112,BBDC4,2734.00924663672,2738.1694153022504,BBDC4_2025-04-02_DISTRIBUTION_508,DISTRIBUTION,0,https://www.bradescori.com.br/informacoes-ao-mercado/remuneracao-aos-acionistas/,0.0,51.87730325916565,,,
V0,2025-04-03,61186680000174,BMGB4,4297.55288905358,4412.460720311697,CONT_607_BMGB4_2025-04-03,DISTRIBUTION,0,cache/market.json.gz; B3,0.0,429.755288905358,,,
V0,2025-04-04,02558115000121,TIMS3,2866.3456562187216,3010.031994601396,CONT_2827_TIMS3_2025-04-04;CONT_2828_TIMS3_2025-04-04;CONT_2829_TIMS3_2025-04-04,DISTRIBUTION,0,https://api.mziq.com/mzfilemanager/v2/d/4c4aa51f-1235-4aa1-8b83-adc92e8dacc3/762980b9-e792-0a74-6f3f-67a09abe2c68?origin=2;https://api.mziq.com/mzfilemanager/v2/d/4c4aa51f-1235-4aa1-8b83-adc92e8dacc3/762980b9-e792-0a74-6f3f-67a09abe2c68?origin=2;https://api.mziq.com/mzfilemanager/v2/d/4c4aa51f-1235-4aa1-8b83-adc92e8dacc3/874a85d8-21a6-3d74-940e-4a72a17a74d8?origin=2,0.0,2428.299118667197,,,
V0,2025-04-14,02558157000162,VIVT3,907.3037779649972,909.9393055795538,CONT_2830_VIVT3_2025-04-14,DISTRIBUTION,0,https://api.mziq.com/mzfilemanager/v2/d/24165f81-24d6-4648-bf9f-66712905d5a2/34b95df5-e8c3-6d48-b667-42e740e0df5e?origin=2,0.0,134.41190834239015,,,
V0,2025-04-15,02558157000162,VIVT3,909.9393055795538,1819.8786111591075,CONT_2863_VIVT3_2025-04-15,SHARES,0,https://api.mziq.com/mzfilemanager/v2/d/24165f81-24d6-4648-bf9f-66712905d5a2/34b95df5-e8c3-6d48-b667-42e740e0df5e?origin=2;https://api.mziq.com/mzfilemanager/v2/d/24165f81-24d6-4648-bf9f-66712905d5a2/197836af-54b5-cff0-af1e-de97ad340f36?origin=2,0.0,0.0,,,
V0,2025-04-22,01083200000118,NEOE3,1761.687098479336,1792.068973602444,CONT_2044_NEOE3_2025-04-22,DISTRIBUTION,0,cache/market.json.gz; B3,0.0,616.7520649990904,,,
V0,2025-04-22,90400888000142,SANB4,2169.04871011869,2201.2975425663963,CONT_2269_SANB4_2025-04-22,DISTRIBUTION,0,cache/market.json.gz; B3,0.0,456.6434674595185,,,
V0,2025-04-25,76483817000120,CPLE6,11751.44016575937,12208.114298881248,CONT_901_CPLE6_2025-04-25,DISTRIBUTION,0,cache/market.json.gz; B3,0.0,5151.28422161479,,,
V0,2025-04-25,02998609000127,AURE3,2154.0090637356616,2167.858993374423,CONT_78_AURE3_2025-04-25,DISTRIBUTION,0,cache/market.json.gz; B3,0.0,122.84887589581356,,,
V0,2025-04-30,02429144000193,CPFE3,898.0586874446304,963.7652782954632,CONT_835_CPFE3_2025-04-30,DISTRIBUTION,0,cache/market.json.gz; B3,0.0,2509.3347045933033,,,
V0,2025-04-30,07859971000130,TAEE4,2556.0180913838058,2578.9499184732576,CONT_2393_TAEE4_2025-04-30,DISTRIBUTION,0,cache/market.json.gz; B3,0.0,274.2646519898427,,,
V0,2025-04-30,00001180000126,ELET3,400.1726956821727,408.3239546693494,CONT_87_ELET3_2025-04-30,DISTRIBUTION,0,cache/market.json.gz; B3,0.0,358.24783248641796,,,
V0,2025-05-02,17155730000164,CMIG4,9190.529025960719,9483.599163087583,CMIG4_2025-05-02_DISTRIBUTION_380,DISTRIBUTION,0,cache/market.json.gz; SQLite corporate_actions/B3,0.0,3027.4145165205127,,,
V0,2025-05-02,03220438000173,EQTL3,2430.6866177329516,2478.093064986957,CONT_1113_EQTL3_2025-05-02;CONT_1114_EQTL3_2025-05-02,DISTRIBUTION,0,cache/market.json.gz; B3,0.0,1701.891456418788,,,
V0,2025-05-02,60872504000123,ITUB4,1475.4255795569939,1476.1597566497253,ITUB4_2025-05-02_DISTRIBUTION_118,DISTRIBUTION,0,cache/market.json.gz; SQLite corporate_actions/B3,0.0,26.04126147918094,,,
V0,2025-05-05,60746948000112,BBDC4,2748.3585017543687,2752.279522629129,BBDC4_2025-05-05_DISTRIBUTION_509,DISTRIBUTION,0,https://www.bradescori.com.br/informacoes-ao-mercado/remuneracao-aos-acionistas/,0.0,52.14957763431531,,,
V0,2025-05-07,02474103000119,TBLE3,1052.7320578543959,1075.6847946101927,TBLE3_2025-05-07_DISTRIBUTION_336,DISTRIBUTION,0,cache/market.json.gz; SQLite corporate_actions/B3,0.0,922.7000175830368,,,
V0,2025-05-13,07859971000130,TAEE4,2594.4340823306375,2634.9344097386647,CONT_2392_TAEE4_2025-05-13,DISTRIBUTION,0,cache/market.json.gz; B3,0.0,472.63882085168075,,,
V0,2025-05-22,02558115000121,TIMS3,3010.031994601396,3029.404369269211,CONT_2831_TIMS3_2025-05-22,DISTRIBUTION,0,https://api.mziq.com/mzfilemanager/v2/d/4c4aa51f-1235-4aa1-8b83-adc92e8dacc3/0013d0b5-ccfb-f36d-38e0-d593d79e4c33?origin=2,0.0,373.49938359547497,,,
V0,2025-05-23,02558157000162,VIVT3,1821.4259534011194,1831.5878118158073,CONT_2832_VIVT3_2025-05-23,DISTRIBUTION,0,https://api.mziq.com/mzfilemanager/v2/d/24165f81-24d6-4648-bf9f-66712905d5a2/34b95df5-e8c3-6d48-b667-42e740e0df5e?origin=2,0.0,281.07700375026485,,,
V0,2025-06-02,60872504000123,ITUB4,1476.3693891518417,1477.0708136395544,ITUB4_2025-06-02_DISTRIBUTION_117,DISTRIBUTION,0,cache/market.json.gz; SQLite corporate_actions/B3,0.0,26.057919718530005,,,
V0,2025-06-03,00000000000191,BBAS3,2250.039408508356,2258.8953272867975,CONT_153_BBAS3_2025-06-03,DISTRIBUTION,0,cache/market.json.gz; B3,0.0,203.50901352858594,,,
V0,2025-06-03,60746948000112,BBDC4,2757.769880173057,2760.9412836119805,BBDC4_2025-06-03_DISTRIBUTION_510,DISTRIBUTION,0,https://www.bradescori.com.br/informacoes-ao-mercado/remuneracao-aos-acionistas/,0.0,52.328156742236644,,,
V0,2025-06-10,60872504000123,ITUB4,1477.0708136395544,1490.778851385026,ITUB4_2025-06-10_DISTRIBUTION_116,DISTRIBUTION,0,cache/market.json.gz; SQLite corporate_actions/B3,0.0,493.48935883697516,,,
V0,2025-06-18,01083200000118,NEOE3,1800.1261437664123,1815.8248646691993,CONT_2043_NEOE3_2025-06-18,DISTRIBUTION,0,cache/market.json.gz; B3,0.0,391.5260993155077,,,
V0,2025-06-24,17155730000164,CMIG4,9501.967338795295,9596.62712955372,CMIG4_2025-06-24_DISTRIBUTION_379,DISTRIBUTION,0,cache/market.json.gz; SQLite corporate_actions/B3,0.0,991.0880092407111,,,
V0,2025-06-24,02558157000162,VIVT3,1832.6512545488713,1836.3677507767738,CONT_2833_VIVT3_2025-06-24,DISTRIBUTION,0,https://api.mziq.com/mzfilemanager/v2/d/24165f81-24d6-4648-bf9f-66712905d5a2/34b95df5-e8c3-6d48-b667-42e740e0df5e?origin=2,0.0,113.50179480014084,,,
V0,2025-06-24,17281106000103,CSMG3,1734.1890839224397,1762.4668195803542,CONT_2474_CSMG3_2025-06-24,DISTRIBUTION,0,CSMG_RI_V4,0.0,751.3394364307882,,,
V0,2025-06-27,02149205000169,PSSA3,1624.7045574356277,1639.1945982686468,CONT_2834_PSSA3_2025-06-27,DISTRIBUTION,0,https://api.mziq.com/mzfilemanager/v2/d/b77a3922-d280-4451-b3ee-0afec4577834/2db74f29-0975-b7c2-5402-9b64be1a06ee?origin=2;https://api.mziq.com/mzfilemanager/v2/d/b77a3922-d280-4451-b3ee-0afec4577834/5fc07a56-476a-56fa-1f90-8b87c4a74dfe?origin=2,0.0,785.0704123329788,,,
V0,2025-07-01,28195667000106,ABCB4,2321.1884460124847,2436.293955253104,CONT_2_ABCB4_2025-07-01,DISTRIBUTION,0,cache/market.json.gz; B3,0.0,2520.8106523695587,,,
V0,2025-07-01,60746948000112,BBDC4,2815.608477033219,2865.7697577597346,BBDC4_2025-07-01_DISTRIBUTION_511,DISTRIBUTION,0,https://www.bradescori.com.br/informacoes-ao-mercado/remuneracao-aos-acionistas/,0.0,836.6901625182762,,,
V0,2025-07-01,60872504000123,ITUB4,1498.2673901004064,1498.9801776862628,ITUB4_2025-07-01_DISTRIBUTION_115,DISTRIBUTION,0,cache/market.json.gz; SQLite corporate_actions/B3,0.0,26.44441943527217,,,
V0,2025-07-01,76484013000145,SAPR4,15298.366513930509,15893.821765775874,CONT_2835_SAPR4_2025-07-01,DISTRIBUTION,0,https://ri.sanepar.com.br/docs/Sanepar-2025-12-18-cW6NmzgB.pdf,0.0,4388.505206100348,,,
V0,2025-07-02,60746948000112,BBDC4,2871.8585943351977,2875.189460368359,BBDC4_2025-07-02_DISTRIBUTION_512,DISTRIBUTION,0,https://www.bradescori.com.br/informacoes-ao-mercado/remuneracao-aos-acionistas/,0.0,54.492968302518854,,,
V0,2025-07-18,90400888000142,SANB4,2338.7070340384084,2386.31202916132,CONT_2268_SANB4_2025-07-18,DISTRIBUTION,0,cache/market.json.gz; B3,0.0,656.4728827449503,,,
V0,2025-07-25,61186680000174,BMGB4,5351.970608992829,5504.884054964053,CONT_606_BMGB4_2025-07-25,DISTRIBUTION,0,cache/market.json.gz; B3,0.0,535.1970608992829,,,
V0,2025-07-28,02558115000121,TIMS3,3026.498513069039,3046.7233339634445,CONT_2836_TIMS3_2025-07-28,DISTRIBUTION,0,https://api.mziq.com/mzfilemanager/v2/d/4c4aa51f-1235-4aa1-8b83-adc92e8dacc3/b70c1dd1-8c25-def3-dcf4-a93d901b4918?origin=2,0.0,400.45145370923103,,,
V0,2025-07-28,02558157000162,VIVT3,1848.2456477164815,1854.4509137169698,CONT_2837_VIVT3_2025-07-28,DISTRIBUTION,0,https://api.mziq.com/mzfilemanager/v2/d/24165f81-24d6-4648-bf9f-66712905d5a2/34b95df5-e8c3-6d48-b667-42e740e0df5e?origin=2,0.0,189.50882365491498,,,
V0,2025-08-01,60872504000123,ITUB4,1499.8437910227244,1500.6016565512543,ITUB4_2025-08-01_DISTRIBUTION_114,DISTRIBUTION,0,cache/market.json.gz; SQLite corporate_actions/B3,0.0,26.472242911551085,,,
V0,2025-08-04,60746948000112,BBDC4,2881.656244810465,2885.147871684599,BBDC4_2025-08-04_DISTRIBUTION_513,DISTRIBUTION,0,https://www.bradescori.com.br/informacoes-ao-mercado/remuneracao-aos-acionistas/,0.0,54.678876848935815,,,
V0,2025-08-15,17344597000194,BBSE3,1446.5092878922633,1532.1835386127443,CONT_2549_BBSE3_2025-08-15,DISTRIBUTION,0,BBSE_DIV,0.0,2809.2586811245737,,,
V0,2025-08-18,00001180000126,ELET3,500.8169222924492,521.631722828209,CONT_86_ELET3_2025-08-18,DISTRIBUTION,0,cache/market.json.gz; B3,0.0,880.2579146572848,,,
V0,2025-08-19,60872504000123,ITUB4,1501.5059447263407,1516.5334098960886,ITUB4_2025-08-19_DISTRIBUTION_113,DISTRIBUTION,0,cache/market.json.gz; SQLite corporate_actions/B3,0.0,545.6472603135522,,,
V0,2025-08-19,07859971000130,TAEE4,2843.164866815775,2917.4419222831916,CONT_2390_TAEE4_2025-08-19;CONT_2391_TAEE4_2025-08-19,DISTRIBUTION,0,cache/market.json.gz; B3,0.0,823.7325451336518,,,
V0,2025-08-22,02474103000119,TBLE3,1099.6448862955453,1124.2829680266682,TBLE3_2025-08-22_DISTRIBUTION_335,DISTRIBUTION,0,cache/market.json.gz; SQLite corporate_actions/B3,0.0,969.2621353023766,,,
V0,2025-08-26,02558157000162,VIVT3,1854.5623934943583,1858.7578051876646,CONT_2838_VIVT3_2025-08-26,DISTRIBUTION,0,https://api.mziq.com/mzfilemanager/v2/d/24165f81-24d6-4648-bf9f-66712905d5a2/34b95df5-e8c3-6d48-b667-42e740e0df5e?origin=2,0.0,144.53193283440797,,,
V0,2025-09-01,60872504000123,ITUB4,1516.5334098960886,1517.2236320385505,ITUB4_2025-09-01_DISTRIBUTION_112,DISTRIBUTION,0,cache/market.json.gz; SQLite corporate_actions/B3,0.0,26.766814684665963,,,
V0,2025-09-02,60746948000112,BBDC4,2890.991521720791,2894.3141148125696,BBDC4_2025-09-02_DISTRIBUTION_514,DISTRIBUTION,0,https://www.bradescori.com.br/informacoes-ao-mercado/remuneracao-aos-acionistas/,0.0,54.856011945271355,,,
V0,2025-09-23,02558157000162,VIVT3,1858.7578051876646,1865.6972252277385,CONT_2839_VIVT3_2025-09-23,DISTRIBUTION,0,https://api.mziq.com/mzfilemanager/v2/d/24165f81-24d6-4648-bf9f-66712905d5a2/34b95df5-e8c3-6d48-b667-42e740e0df5e?origin=2,0.0,231.98481193966688,,,
V0,2025-09-23,17281106000103,CSMG3,1798.4249631003952,1822.4158863892571,CONT_2475_CSMG3_2025-09-23,DISTRIBUTION,0,CSMG_RI_V4,0.0,804.8954763413188,,,
V0,2025-09-26,02149205000169,PSSA3,1639.1945982686468,1657.1030964538636,CONT_2840_PSSA3_2025-09-26,DISTRIBUTION,0,https://api.mziq.com/mzfilemanager/v2/d/b77a3922-d280-4451-b3ee-0afec4577834/d5711793-58d6-82f4-b474-008bee510428?origin=2;https://api.mziq.com/mzfilemanager/v2/d/b77a3922-d280-4451-b3ee-0afec4577834/5fc07a56-476a-56fa-1f90-8b87c4a74dfe?origin=2,0.0,875.0092213296911,,,
V0,2025-09-29,02558115000121,TIMS3,3043.6896108292835,3069.97060567667,CONT_2841_TIMS3_2025-09-29,DISTRIBUTION,0,https://api.mziq.com/mzfilemanager/v2/d/4c4aa51f-1235-4aa1-8b83-adc92e8dacc3/4d85e48c-99f9-7d97-8169-1e3a158f4c34?origin=2,0.0,607.3537909230978,,,
V0,2025-09-30,60746948000112,BBDC4,2894.3141148125696,2942.933585710596,BBDC4_2025-09-30_DISTRIBUTION_515,DISTRIBUTION,0,https://www.bradescori.com.br/informacoes-ao-mercado/remuneracao-aos-acionistas/,0.0,860.0784401860922,,,
V0,2025-09-30,17155730000164,CMIG4,9744.969681977102,9837.348543313497,CMIG4_2025-09-30_DISTRIBUTION_378,DISTRIBUTION,0,cache/market.json.gz; SQLite corporate_actions/B3,0.0,1030.0243039008149,,,
V0,2025-10-01,60872504000123,ITUB4,1517.4615727474293,1518.1599611896454,ITUB4_2025-10-01_DISTRIBUTION_111,DISTRIBUTION,0,cache/market.json.gz; SQLite corporate_actions/B3,0.0,26.783196758992126,,,
V0,2025-10-02,60746948000112,BBDC4,2948.2900306798083,2951.5634794924913,BBDC4_2025-10-02_DISTRIBUTION_516,DISTRIBUTION,0,https://www.bradescori.com.br/informacoes-ao-mercado/remuneracao-aos-acionistas/,0.0,55.9432402087535,,,
V0,2025-10-22,90400888000142,SANB4,2425.115972090326,2470.618621977935,CONT_2267_SANB4_2025-10-22,DISTRIBUTION,0,cache/market.json.gz; B3,0.0,680.7196423186352,,,
V0,2025-10-28,02558157000162,VIVT3,1866.0965156221787,1872.5078657601466,CONT_2842_VIVT3_2025-10-28,DISTRIBUTION,0,https://api.mziq.com/mzfilemanager/v2/d/24165f81-24d6-4648-bf9f-66712905d5a2/34b95df5-e8c3-6d48-b667-42e740e0df5e?origin=2,0.0,221.25569326127012,,,
V0,2025-10-31,02998611000104,TRPL4,3490.1702371060796,3521.4440249666386,CONT_1369_TRPL4_2025-10-31,DISTRIBUTION,0,cache/market.json.gz; B3,0.0,785.2848131786309,,,
V0,2025-11-03,60872504000123,ITUB4,1518.9728337979766,1519.641742743,ITUB4_2025-11-03_DISTRIBUTION_110,DISTRIBUTION,0,cache/market.json.gz; SQLite corporate_actions/B3,0.0,26.809870516534286,,,
V0,2025-11-04,60746948000112,BBDC4,2956.1137619013866,2959.1622235326013,BBDC4_2025-11-04_DISTRIBUTION_517,DISTRIBUTION,0,https://www.bradescori.com.br/informacoes-ao-mercado/remuneracao-aos-acionistas/,0.0,56.09169401435028,,,
V0,2025-11-06,03220438000173,EQTL3,2575.5905352834297,2619.7863749189232,CONT_1112_EQTL3_2025-11-06,DISTRIBUTION,0,cache/market.json.gz; B3,0.0,1661.7635702945606,,,
V0,2025-11-10,76483817000120,CPLE5,0,12208.114298881248,CPLE_PNB_PNA_20251110,CONVERSION,0,https://www.sec.gov/Archives/edgar/data/1041792/000129281425003781/elp20251104_6k.htm,0.0,0.0,,,
V0,2025-11-10,76483817000120,CPLE6,12208.114298881248,0,CPLE_PNB_PNA_20251110,CONVERSION,0,https://www.sec.gov/Archives/edgar/data/1041792/000129281425003781/elp20251104_6k.htm,0.0,0.0,,,
V0,2025-11-12,61186680000174,BMGB4,5800.620725460015,5943.493157121592,CONT_605_BMGB4_2025-11-12,DISTRIBUTION,0,cache/market.json.gz; B3,0.0,580.0620725460016,,,
V0,2025-11-17,07859971000130,TAEE4,2964.4861861025934,3026.3029990287932,CONT_2388_TAEE4_2025-11-17;CONT_2389_TAEE4_2025-11-17,DISTRIBUTION,0,cache/market.json.gz; B3,0.0,927.2521938929949,,,
V0,2025-11-17,00001180000126,ELET3,536.4486716271182,553.0520958052933,CONT_85_ELET3_2025-11-17,DISTRIBUTION,0,cache/market.json.gz; B3,0.0,1013.6390460775954,,,
V0,2025-11-25,02998611000104,TRPL4,3532.405025677418,3561.4436664655946,CONT_1368_TRPL4_2025-11-25,DISTRIBUTION,0,cache/market.json.gz; B3,0.0,794.7875983723934,,,
V0,2025-11-25,02558157000162,VIVT3,1873.891405005944,1879.617112145431,CONT_2843_VIVT3_2025-11-25,DISTRIBUTION,0,https://api.mziq.com/mzfilemanager/v2/d/24165f81-24d6-4648-bf9f-66712905d5a2/34b95df5-e8c3-6d48-b667-42e740e0df5e?origin=2,0.0,199.19735138275053,,,
V0,2025-11-27,02474103000119,TBLE3,1134.038622723355,1587.6540718126969,TBLE3_2025-11-27_SHARES_676,SHARES,0,originals/engie_bonus_2018_doe.pdf.gz p34; owned_capital_events_fre.json; B3 2025-11-26,0.0,0.0,,,
V0,2025-12-01,60872504000123,ITUB4,1520.3073347077463,1520.9570544282692,ITUB4_2025-12-01_DISTRIBUTION_109,DISTRIBUTION,0,cache/market.json.gz; SQLite corporate_actions/B3,0.0,26.833424457591722,,,
V0,2025-12-02,00000000000191,BBAS3,2321.0504670199257,2328.450577919933,CONT_152_BBAS3_2025-12-02,DISTRIBUTION,0,cache/market.json.gz; B3,0.0,166.94650190416306,,,
V0,2025-12-02,60746948000112,BBDC4,2963.5483377267637,2966.426165959652,BBDC4_2025-12-02_DISTRIBUTION_518,DISTRIBUTION,0,https://www.bradescori.com.br/informacoes-ao-mercado/remuneracao-aos-acionistas/,0.0,56.232763670632835,,,
V0,2025-12-03,00000000000191,BBAS3,2328.450577919933,2333.219077438985,CONT_151_BBAS3_2025-12-03,DISTRIBUTION,0,cache/market.json.gz; B3,0.0,106.7190192363803,,,
V0,2025-12-10,60872504000123,ITUB4,1521.8182411372188,1608.1718956649213,ITUB4_2025-12-10_DISTRIBUTION_107;ITUB4_2025-12-10_DISTRIBUTION_108;XPBR31_2025-12-10_DISTRIBUTION_690,DISTRIBUTION,0,cache/market.json.gz; SQLite corporate_actions/B3;https://www.sec.gov/Archives/edgar/data/1787425/000095010325014854/dp237494_ex9901.htm,0.0,3405.788134572585,,,
V0,2025-12-10,60872504000123,XPBR31,23.82536613017056,24.063355629630312,ITUB4_2025-12-10_DISTRIBUTION_107;ITUB4_2025-12-10_DISTRIBUTION_108;XPBR31_2025-12-10_DISTRIBUTION_690,DISTRIBUTION,0,cache/market.json.gz; SQLite corporate_actions/B3;https://www.sec.gov/Archives/edgar/data/1787425/000095010325014854/dp237494_ex9901.htm,0.0,23.43958580179084,,,
V0,2025-12-12,61186680000174,BMGB4,6005.754484510656,6141.019225152788,CONT_604_BMGB4_2025-12-12,DISTRIBUTION,0,cache/market.json.gz; B3,0.0,600.5754484510657,,,
V0,2025-12-17,17281106000103,CSMG3,1822.9455189218963,1845.3689387527293,CONT_2476_CSMG3_2025-12-17;CONT_2477_CSMG3_2025-12-17,DISTRIBUTION,0,CSMG_RI_V4,0.0,961.5162423461151,,,
V0,2025-12-18,02998611000104,TRPL4,3571.3688445497787,3601.0970879332363,CONT_1367_TRPL4_2025-12-18,DISTRIBUTION,0,cache/market.json.gz; B3,0.0,803.5544186548557,,,
V0,2025-12-19,02474103000119,TBLE3,1592.2725516464106,1596.7690659628943,TBLE3_2025-12-19_DISTRIBUTION_334,DISTRIBUTION,0,cache/market.json.gz; SQLite corporate_actions/B3,0.0,139.3919438109955,,,
V0,2025-12-22,76483817000120,CPLE3,0,12952.415460974331,CPLE_PNA_ON_20251222,CONVERSION,0,B3 CL055/2025-VNC https://b3.com.br/data/files/50/05/93/F6/AFAEA9105B12E5A9AC094EA8/CL%20055-2025-VNC%20TRATAMENTO%20DAS%20POSICOES%20GARANTIAS%20E%20DAS%20CARTEIRAS%20DE%20%C3%8DNDICES%20EM%20VIRTUDE%20DA%20CONVERSAO_%20EN.pdf,0.0,0.0,,,
V0,2025-12-22,76483817000120,CPLE5,12208.114298881248,0,CPLE_PNA_ON_20251222,CONVERSION,0,B3 CL055/2025-VNC https://b3.com.br/data/files/50/05/93/F6/AFAEA9105B12E5A9AC094EA8/CL%20055-2025-VNC%20TRATAMENTO%20DAS%20POSICOES%20GARANTIAS%20E%20DAS%20CARTEIRAS%20DE%20%C3%8DNDICES%20EM%20VIRTUDE%20DA%20CONVERSAO_%20EN.pdf,0.0,0.0,,,
V0,2025-12-22,02558115000121,TIMS3,3069.97060567667,3176.5426099683737,CONT_2844_TIMS3_2025-12-22,DISTRIBUTION,0,https://api.mziq.com/mzfilemanager/v2/d/4c4aa51f-1235-4aa1-8b83-adc92e8dacc3/a90ba21d-abd1-b1d8-b86f-3aaf8864a22e?origin=2,0.0,2299.823852614968,,,
V0,2025-12-22,00001180000126,AXIA7,0,146.29781211779206,AXIA_PNC_20251222,SPINOFF,0,https://mzgroup.com.br/fatosrelevantes/fato-relevante-aprovacao-integral-das-materias-da-age/,0.0,0.0,,,
V0,2025-12-23,17155730000164,CMIG4,9881.261505908793,10010.537502157224,CMIG4_2025-12-23_DISTRIBUTION_377,DISTRIBUTION,0,cache/market.json.gz; SQLite corporate_actions/B3,0.0,1441.4273581700077,,,
V0,2025-12-23,02558115000121,TIMS3,3176.5426099683737,3202.5400982722467,CONT_2845_TIMS3_2025-12-23,DISTRIBUTION,0,https://api.mziq.com/mzfilemanager/v2/d/4c4aa51f-1235-4aa1-8b83-adc92e8dacc3/5053180d-b455-fbe7-7774-9c55ddd309c9?origin=2,0.0,558.426048767195,,,
V0,2025-12-23,17281106000103,CSMG3,1845.3689387527293,1860.6479900456015,CONT_2478_CSMG3_2025-12-23,DISTRIBUTION,0,CSMG_RI_V4,0.0,671.8198853475951,,,
V0,2025-12-23,61186680000174,BMGB4,6141.019225152788,6331.067609594358,CONT_603_BMGB4_2025-12-23,DISTRIBUTION,0,cache/market.json.gz; B3,0.0,902.7298260974597,,,
V0,2025-12-26,17155730000164,CMIG4,10010.537502157224,10117.125704992137,CMIG4_2025-12-26_DISTRIBUTION_376,DISTRIBUTION,0,cache/market.json.gz; SQLite corporate_actions/B3,0.0,1185.2608155242433,,,
V0,2025-12-26,60872504000123,ITUB4,1608.1718956649213,1656.417052534869,ITUB4_2025-12-26_SHARES_666,SHARES,0,https://www.itau.com.br/relacoes-com-investidores/informacoes-ao-mercado/recompra/; owned_capital_events_fre.json; B3,0.0,0.0,,,
V0,2025-12-29,02149205000169,PSSA3,1657.1030964538636,1675.8423684015597,CONT_2846_PSSA3_2025-12-29,DISTRIBUTION,0,https://api.mziq.com/mzfilemanager/v2/d/b77a3922-d280-4451-b3ee-0afec4577834/327fe168-5b79-7e0a-4b23-ad197ef5a182?origin=2;https://api.mziq.com/mzfilemanager/v2/d/b77a3922-d280-4451-b3ee-0afec4577834/5fc07a56-476a-56fa-1f90-8b87c4a74dfe?origin=2,0.0,890.8649883934762,,,
V0,2025-12-30,28195667000106,ABCB4,2452.4507385682978,2610.9804656352444,CONT_1_ABCB4_2025-12-30,DISTRIBUTION,0,cache/market.json.gz; B3,0.0,3757.154531486632,,,
V0,2025-12-30,60746948000112,BBDC4,2966.426165959652,3029.425592409044,BBDC4_2025-12-30_DISTRIBUTION_519,DISTRIBUTION,0,https://www.bradescori.com.br/informacoes-ao-mercado/remuneracao-aos-acionistas/,0.0,1145.9595671144418,,,
V0,2025-12-30,03220438000173,EQTL3,2625.9029968745813,2634.9942570113435,CONT_1111_EQTL3_2025-12-30,DISTRIBUTION,0,cache/market.json.gz; B3,0.0,350.01351526534324,,,
V0,2025-12-30,02998611000104,TRPL4,3601.0970879332363,3633.859095147214,CONT_1366_TRPL4_2025-12-30,DISTRIBUTION,0,cache/market.json.gz; B3,0.0,902.2656786729362,,,
V0,2025-12-30,02558157000162,VIVT3,1880.6177397525216,1886.840560675855,CONT_2847_VIVT3_2025-12-30,DISTRIBUTION,0,https://api.mziq.com/mzfilemanager/v2/d/24165f81-24d6-4648-bf9f-66712905d5a2/34b95df5-e8c3-6d48-b667-42e740e0df5e?origin=2,0.0,205.97537256232988,,,
V0,2026-01-02,76483817000120,CPLE3,12877.641019457353,13752.659004517787,CONT_2378_CPLE3_2026-01-02;CONT_2379_CPLE3_2026-01-02,DISTRIBUTION,0,https://api.mziq.com/mzfilemanager/v2/d/16a31b1b-5ecd-4214-a2e0-308a2393e330/9e7c31ff-8290-49b4-d586-e043b31e16dc?origin=2,0.0,10622.718338633676,,,
V0,2026-01-02,60872504000123,ITUB4,1656.417052534869,1657.1863239230986,ITUB4_2026-01-02_DISTRIBUTION_106,DISTRIBUTION,0,cache/market.json.gz; SQLite corporate_actions/B3,0.0,30.11697484918899,,,
V0,2026-01-02,76484013000145,SAPR4,16001.23147571679,16232.077005993495,CONT_2848_SAPR4_2026-01-02,DISTRIBUTION,0,https://ri.sanepar.com.br/docs/Sanepar-2025-12-18-cW6NmzgB.pdf,0.0,1800.5951361582984,,,
V0,2026-01-02,01083200000118,NEOE3,1870.5400570690952,1923.2376628648653,CONT_2041_NEOE3_2026-01-02;CONT_2042_NEOE3_2026-01-02,DISTRIBUTION,0,cache/market.json.gz; B3,0.0,1670.514103725915,,,
V0,2026-01-05,60746948000112,BBDC4,3035.081658288865,3038.1175093571537,BBDC4_2026-01-05_DISTRIBUTION_497,DISTRIBUTION,0,https://www.bradescori.com.br/informacoes-ao-mercado/remuneracao-aos-acionistas/,0.0,57.59009476543448,,,
V0,2026-01-05,90400888000142,SANB4,2501.2537713262127,2513.79088019231,CONT_2266_SANB4_2026-01-05,DISTRIBUTION,0,cache/market.json.gz; B3,0.0,217.64420991545134,,,
V0,2026-01-21,90400888000142,SANB4,2513.79088019231,2553.768055459558,CONT_2265_SANB4_2026-01-21,DISTRIBUTION,0,cache/market.json.gz; B3,0.0,705.5971434669278,,,
V0,2026-01-30,02998611000104,TRPL4,3644.437806447563,3677.213284757644,CONT_1365_TRPL4_2026-01-30,DISTRIBUTION,0,cache/market.json.gz; B3,0.0,913.1248257188564,,,
V0,2026-02-02,60872504000123,ITUB4,1657.9477812439868,1658.6048171323603,ITUB4_2026-02-02_DISTRIBUTION_105,DISTRIBUTION,0,cache/market.json.gz; SQLite corporate_actions/B3,0.0,30.144806558578168,,,
V0,2026-02-03,60746948000112,BBDC4,3041.520867334583,3044.1828727555785,BBDC4_2026-02-03_DISTRIBUTION_498,DISTRIBUTION,0,https://www.bradescori.com.br/informacoes-ao-mercado/remuneracao-aos-acionistas/,0.0,57.71227752718804,,,
V0,2026-02-13,17344597000194,BBSE3,1549.5857145718962,1666.421591610681,CONT_2548_BBSE3_2026-02-13,DISTRIBUTION,0,BBSE_DIV,0.0,3951.3893614516965,,,
V0,2026-02-24,00000000000191,BBAS3,2343.6054660839995,2362.7459381700005,CONT_149_BBAS3_2026-02-24;CONT_150_BBAS3_2026-02-24,DISTRIBUTION,0,cache/market.json.gz; B3,0.0,519.0896029723453,,,
V0,2026-02-24,02558157000162,VIVT3,1889.9269404408262,1894.4473922650263,CONT_2849_VIVT3_2026-02-24,DISTRIBUTION,0,https://api.mziq.com/mzfilemanager/v2/d/24165f81-24d6-4648-bf9f-66712905d5a2/34b95df5-e8c3-6d48-b667-42e740e0df5e?origin=2,0.0,192.20961156498979,,,
V0,2026-02-27,02998611000104,TRPL4,3687.424177651222,3719.887114755335,CONT_1364_TRPL4_2026-02-27,DISTRIBUTION,0,cache/market.json.gz; B3,0.0,923.8951899830467,,,
V0,2026-03-02,60872504000123,ITUB4,1658.6164699259089,1659.2731982503033,ITUB4_2026-03-02_DISTRIBUTION_104,DISTRIBUTION,0,cache/market.json.gz; SQLite corporate_actions/B3,0.0,30.156964656192876,,,
V0,2026-03-03,00000000000191,BBAS3,2366.153922214067,2372.594222341386,CONT_148_BBAS3_2026-03-03,DISTRIBUTION,0,cache/market.json.gz; B3,0.0,165.96653428100848,,,
V0,2026-03-03,60746948000112,BBDC4,3048.2766401595113,3051.1400296162533,BBDC4_2026-03-03_DISTRIBUTION_499,DISTRIBUTION,0,https://www.bradescori.com.br/informacoes-ao-mercado/remuneracao-aos-acionistas/,0.0,57.840467026188456,,,
V0,2026-03-09,17281106000103,CSMG3,1860.6479900456015,1860.711538100246,CONT_2479_CSMG3_2026-03-09,DISTRIBUTION,0,CSMG_RI_V4,0.0,3.3769436237958756,,,
V0,2026-03-13,02998611000104,TRPL4,3730.140082397087,3749.183067410946,CONT_1363_TRPL4_2026-03-13,DISTRIBUTION,0,cache/market.json.gz; B3,0.0,527.1098251836147,,,
V0,2026-03-20,60872504000123,ITUB4,1659.5556408624025,1673.4903164817545,ITUB4_2026-03-20_DISTRIBUTION_103,DISTRIBUTION,0,cache/market.json.gz; SQLite corporate_actions/B3,0.0,578.985771984075,,,
V0,2026-03-24,02558115000121,TIMS3,3203.256283814331,3222.662536152459,CONT_2850_TIMS3_2026-03-24,DISTRIBUTION,0,https://api.mziq.com/mzfilemanager/v2/d/4c4aa51f-1235-4aa1-8b83-adc92e8dacc3/892687da-d4ef-6268-740a-f790682cbf9d?origin=2;https://api.mziq.com/mzfilemanager/v2/d/4c4aa51f-1235-4aa1-8b83-adc92e8dacc3/81ea23ff-0f2a-9337-a19e-18732415238d?origin=2,0.0,522.9985005125509,,,
V0,2026-03-24,17281106000103,CSMG3,1860.711538100246,1876.6386427082452,CONT_2480_CSMG3_2026-03-24,DISTRIBUTION,0,CSMG_RI_V4,0.0,871.5311641497257,,,
V0,2026-03-25,17155730000164,CMIG4,10171.49950373595,10265.377733240948,CMIG4_2026-03-25_DISTRIBUTION_375,DISTRIBUTION,0,cache/market.json.gz; SQLite corporate_actions/B3,0.0,1169.7227396322749,,,
V0,2026-03-26,02558157000162,VIVT3,1894.6112720740246,1897.5638619928886,CONT_2851_VIVT3_2026-03-26,DISTRIBUTION,0,https://api.mziq.com/mzfilemanager/v2/d/24165f81-24d6-4648-bf9f-66712905d5a2/34b95df5-e8c3-6d48-b667-42e740e0df5e?origin=2,0.0,118.57601114158388,,,
V0,2026-03-31,02149205000169,PSSA3,1675.8423684015597,1693.8356215155216,CONT_2852_PSSA3_2026-03-31,DISTRIBUTION,0,https://api.mziq.com/mzfilemanager/v2/d/b77a3922-d280-4451-b3ee-0afec4577834/e08580a4-e955-9ee1-6c71-cf3552965f03?origin=2;https://api.mziq.com/mzfilemanager/v2/d/b77a3922-d280-4451-b3ee-0afec4577834/c7efe69b-d37e-c02f-fff7-a51df3341ac0?origin=2,0.0,908.8392147862089,,,
V0,2026-04-01,60872504000123,ITUB4,1673.4903164817545,1674.1845305117401,ITUB4_2026-04-01_DISTRIBUTION_102,DISTRIBUTION,0,cache/market.json.gz; SQLite corporate_actions/B3,0.0,30.42740093427126,,,
V0,2026-04-01,02149205000169,PSSA3,1693.8356215155216,1723.9441479724478,CONT_2853_PSSA3_2026-04-01,DISTRIBUTION,0,https://api.mziq.com/mzfilemanager/v2/d/b77a3922-d280-4451-b3ee-0afec4577834/5fc07a56-476a-56fa-1f90-8b87c4a74dfe?origin=2,0.0,1500.9100438777734,,,
V0,2026-04-02,60746948000112,BBDC4,3056.882835004229,3059.9165048750233,BBDC4_2026-04-02_DISTRIBUTION_501,DISTRIBUTION,0,https://www.bradescori.com.br/informacoes-ao-mercado/remuneracao-aos-acionistas/,0.0,58.00376792958376,,,
V0,2026-04-06,02998611000104,TRPL4,3758.7302081922894,3777.0331001443865,CONT_1362_TRPL4_2026-04-06,DISTRIBUTION,0,cache/market.json.gz; B3,0.0,531.1499244498606,,,
V0,2026-04-07,60746948000112,BBDC4,3059.9165048750233,3107.2788704046015,BBDC4_2026-04-07_DISTRIBUTION_500,DISTRIBUTION,0,https://www.bradescori.com.br/informacoes-ao-mercado/remuneracao-aos-acionistas/,0.0,909.8310418231957,,,
V0,2026-04-20,02998611000104,TRPL4,3777.0331001443865,3794.345339016086,CONT_1361_TRPL4_2026-04-20,DISTRIBUTION,0,cache/market.json.gz; B3,0.0,533.7363244145033,,,
V0,2026-04-22,90400888000142,SANB4,2587.6167151440673,2635.549472245519,CONT_2264_SANB4_2026-04-22,DISTRIBUTION,0,cache/market.json.gz; B3,0.0,724.743287373955,,,
V0,2026-04-28,02558157000162,VIVT3,1897.886153952833,1903.4559195013082,CONT_2854_VIVT3_2026-04-28,DISTRIBUTION,0,https://api.mziq.com/mzfilemanager/v2/d/24165f81-24d6-4648-bf9f-66712905d5a2/34b95df5-e8c3-6d48-b667-42e740e0df5e?origin=2,0.0,216.77527514665573,,,
V0,2026-04-30,76483817000120,CPLE3,13752.659004517787,13958.25991682361,CONT_2380_CPLE3_2026-04-30,DISTRIBUTION,0,CPLE_RI,0.0,3269.054505662576,,,
V0,2026-04-30,02429144000193,CPFE3,1036.0459659115083,1115.0576771481105,CONT_834_CPFE3_2026-04-30,DISTRIBUTION,0,cache/market.json.gz; B3,0.0,3866.0430308069435,,,
V0,2026-04-30,07859971000130,TAEE4,3091.000887190765,3145.5028042299527,CONT_2387_TAEE4_2026-04-30,DISTRIBUTION,0,cache/market.json.gz; B3,0.0,778.287375319606,,,
V0,2026-05-04,17155730000164,CMIG4,10278.685298493663,10378.41550239105,CMIG4_2026-05-04_DISTRIBUTION_374,DISTRIBUTION,0,cache/market.json.gz; SQLite corporate_actions/B3,0.0,1214.7138834701589,,,
V0,2026-05-04,60872504000123,ITUB4,1674.8657507408168,1675.583967936099,ITUB4_2026-05-04_DISTRIBUTION_101,DISTRIBUTION,0,cache/market.json.gz; SQLite corporate_actions/B3,0.0,30.45240907996953,,,
V0,2026-05-05,60746948000112,BBDC4,3113.0969870533554,3116.175174688989,BBDC4_2026-05-05_DISTRIBUTION_502,DISTRIBUTION,0,https://www.bradescori.com.br/informacoes-ao-mercado/remuneracao-aos-acionistas/,0.0,59.07042072781289,,,
V0,2026-05-05,02474103000119,TBLE3,1617.4729775933954,1640.6749601714419,TBLE3_2026-05-05_DISTRIBUTION_333,DISTRIBUTION,0,cache/market.json.gz; SQLite corporate_actions/B3,0.0,789.7954869566993,,,
V0,2026-05-12,07859971000130,TAEE4,3158.740275685459,3202.8284142977695,CONT_2386_TAEE4_2026-05-12,DISTRIBUTION,0,cache/market.json.gz; B3,0.0,588.5766504743484,,,
V0,2026-05-12,61186680000174,BMGB4,6569.679095309107,6693.869626411359,CONT_602_BMGB4_2026-05-12,DISTRIBUTION,0,cache/market.json.gz; B3,0.0,656.9679095309107,,,
V0,2026-05-15,01083200000118,NEOE3,1935.850720057761,0,NEOE_REDEMPTION_20260515,REDEMPTION,0,Issuer notice dated 2026-05-13 https://investidor10.com.br/acoes/link_comunicado/NEOE3/42178/,65857.64149636503,0.0,,,
V0,2026-05-15,REDEMPTION_CASH,,0,0,NEOE_REDEMPTION_20260515,REDEMPTION_CASH,0,Accepted compulsory redemption,,,65857.64149636503,61433.543214549805,INVESTED
V0,2026-05-25,02558157000162,VIVT3,1942.2175712172602,2014.7014684860605,CONT_2855_VIVT3_2026-05-25,DISTRIBUTION,0,https://api.mziq.com/mzfilemanager/v2/d/24165f81-24d6-4648-bf9f-66712905d5a2/34b95df5-e8c3-6d48-b667-42e740e0df5e?origin=2,0.0,2431.109914395559,,,
V0,2026-05-28,02558157000162,VIVT3,2014.7014684860605,2025.9596799097353,CONT_2856_VIVT3_2026-05-28,DISTRIBUTION,0,https://api.mziq.com/mzfilemanager/v2/d/24165f81-24d6-4648-bf9f-66712905d5a2/34b95df5-e8c3-6d48-b667-42e740e0df5e?origin=2,0.0,378.27590383547266,,,
V0,2026-06-01,60872504000123,ITUB4,1707.3226770051626,1708.1113594470658,ITUB4_2026-06-01_DISTRIBUTION_100,DISTRIBUTION,0,cache/market.json.gz; SQLite corporate_actions/B3,0.0,31.042540913307867,,,
V0,2026-06-02,00000000000191,BBAS3,2559.7037830664985,2567.3846976182676,CONT_147_BBAS3_2026-06-02,DISTRIBUTION,0,cache/market.json.gz; B3,0.0,152.773390434687,,,
V0,2026-06-02,60746948000112,BBDC4,3281.147985828181,3284.6555439313825,BBDC4_2026-06-02_DISTRIBUTION_503,DISTRIBUTION,0,https://www.bradescori.com.br/informacoes-ao-mercado/remuneracao-aos-acionistas/,0.0,62.259156331824435,,,
V0,2026-06-10,60872504000123,XPBR31,24.063355629630312,24.38224745693614,XPBR31_2026-06-10_DISTRIBUTION_691,DISTRIBUTION,0,https://www.sec.gov/Archives/edgar/data/1787425/000095010326007333/dp246817_ex9901.htm,0.0,24.911829549131077,,,
V0,2026-06-19,60872504000123,ITUB4,1709.3069397645281,1724.8214618453405,ITUB4_2026-06-19_DISTRIBUTION_99,DISTRIBUTION,0,cache/market.json.gz; SQLite corporate_actions/B3,0.0,618.5639953619874,,,
V0,2026-06-23,02149205000169,PSSA3,1723.9441479724478,1740.8831179626302,CONT_2857_PSSA3_2026-06-23,DISTRIBUTION,0,https://api.mziq.com/mzfilemanager/v2/d/b77a3922-d280-4451-b3ee-0afec4577834/f8d74364-4778-d466-02ec-0d7bf05ca8fa?origin=2,0.0,884.0448437876205,,,
V0,2026-06-23,02558115000121,TIMS3,3261.8304526364655,3286.324506093433,CONT_2858_TIMS3_2026-06-23,DISTRIBUTION,0,https://api.mziq.com/mzfilemanager/v2/d/4c4aa51f-1235-4aa1-8b83-adc92e8dacc3/25999361-3614-1392-dad2-f96e99522a8d?origin=2,0.0,546.2173920903673,,,
V0,2026-06-24,17155730000164,CMIG4,10839.095165930465,10950.52204662023,CMIG4_2026-06-24_DISTRIBUTION_373,DISTRIBUTION,0,cache/market.json.gz; SQLite corporate_actions/B3,0.0,1194.496160994275,,,
V0,2026-06-24,17281106000103,CSMG3,1876.6386427082452,1888.7419174278507,CONT_2481_CSMG3_2026-06-24,DISTRIBUTION,0,CSMG_RI_V4,0.0,705.3788506586019,,,
V0,2026-06-29,02558157000162,VIVT3,2027.6801468789827,2031.9225854900465,CONT_2859_VIVT3_2026-06-29,DISTRIBUTION,0,https://api.mziq.com/mzfilemanager/v2/d/24165f81-24d6-4648-bf9f-66712905d5a2/34b95df5-e8c3-6d48-b667-42e740e0df5e?origin=2,0.0,145.93988822059683,,,
V0,2026-06-30,28195667000106,ABCB4,2703.4895901820423,2836.332494739578,CONT_0_ABCB4_2026-06-30,DISTRIBUTION,0,cache/market.json.gz; B3,0.0,3157.675841332625,,,
BH padrão,2014-07-01,60872504000123,ITUB4,390.99155458242103,391.17437482303,ITUB4_2014-07-01_DISTRIBUTION_295,DISTRIBUTION,0,cache/market.json.gz; SQLite corporate_actions/B3,0.0,5.864873318736315,,,
BH padrão,2014-07-02,60746948000112,BBDC4,400.77561014786653,401.0354276038001,BBDC4_2014-07-02_DISTRIBUTION_332,DISTRIBUTION,0,cache/market.json.gz; SQLite corporate_actions/B3,0.0,8.295971367958316,,,
BH padrão,2014-07-23,84429695000111,WEGE3,453.0814217015562,455.57356116232745,WEGE3_2014-07-23_DISTRIBUTION_98,DISTRIBUTION,0,cache/market.json.gz; SQLite corporate_actions/B3,0.0,70.40293976678721,,,
BH padrão,2014-08-01,60872504000123,ITUB4,400.40081998875064,400.5726658342394,ITUB4_2014-08-01_DISTRIBUTION_294,DISTRIBUTION,0,cache/market.json.gz; SQLite corporate_actions/B3,0.0,6.0060122998312595,,,
BH padrão,2014-08-04,60746948000112,BBDC4,401.0354276038001,401.2699290030937,BBDC4_2014-08-04_DISTRIBUTION_331,DISTRIBUTION,0,cache/market.json.gz; SQLite corporate_actions/B3,0.0,8.301349534994293,,,
BH padrão,2014-08-14,60872504000123,ITUB4,400.5726658342394,404.27435295002124,ITUB4_2014-08-14_DISTRIBUTION_293,DISTRIBUTION,0,cache/market.json.gz; SQLite corporate_actions/B3,0.0,130.41043708899497,,,
BH padrão,2014-09-01,60872504000123,ITUB4,404.27435295002124,404.4240841918546,ITUB4_2014-09-01_DISTRIBUTION_292,DISTRIBUTION,0,cache/market.json.gz; SQLite corporate_actions/B3,0.0,6.0641152942503185,,,
BH padrão,2014-09-02,60746948000112,BBDC4,401.2699290030937,401.4698376352224,BBDC4_2014-09-02_DISTRIBUTION_330,DISTRIBUTION,0,cache/market.json.gz; SQLite corporate_actions/B3,0.0,8.306203664948876,,,
BH padrão,2014-09-12,02474103000119,TBLE3,402.5076331524684,410.61114465684676,TBLE3_2014-09-12_DISTRIBUTION_372,DISTRIBUTION,0,cache/market.json.gz; SQLite corporate_actions/B3,0.0,284.75739426385707,,,
BH padrão,2014-09-23,61585865000151,RADL3,714.7428507273086,717.0430840256156,RADL3_2014-09-23_DISTRIBUTION_496,DISTRIBUTION,0,cache/market.json.gz; SQLite corporate_actions/B3,0.0,47.752843272855074,,,
BH padrão,2014-09-24,84429695000111,WEGE3,514.6111704926448,515.8934940813504,WEGE3_2014-09-24_DISTRIBUTION_97,DISTRIBUTION,0,cache/market.json.gz; SQLite corporate_actions/B3,0.0,36.93091935472052,,,
BH padrão,2014-09-29,02846056000197,CCRO3,739.2479783834881,772.1188295794041,CCRO3_2014-09-29_DISTRIBUTION_25,DISTRIBUTION,0,cache/market.json.gz; SQLite corporate_actions/B3,0.0,544.0125872924089,,,
BH padrão,2014-10-01,60872504000123,ITUB4,404.4240841918546,404.6081364146361,ITUB4_2014-10-01_DISTRIBUTION_291,DISTRIBUTION,0,cache/market.json.gz; SQLite corporate_actions/B3,0.0,6.066361262877819,,,
BH padrão,2014-10-02,60746948000112,BBDC4,405.74207214330596,405.9847412011873,BBDC4_2014-10-02_DISTRIBUTION_329,DISTRIBUTION,0,cache/market.json.gz; SQLite corporate_actions/B3,0.0,8.398776093273355,,,
BH padrão,2014-11-03,60872504000123,ITUB4,411.36526505096344,411.53385737270565,ITUB4_2014-11-03_DISTRIBUTION_290,DISTRIBUTION,0,cache/market.json.gz; SQLite corporate_actions/B3,0.0,6.170478975764452,,,
BH padrão,2014-11-04,60746948000112,BBDC4,405.9847412011873,406.21010455039766,BBDC4_2014-11-04_DISTRIBUTION_328,DISTRIBUTION,0,cache/market.json.gz; SQLite corporate_actions/B3,0.0,8.403799292053666,,,
BH padrão,2014-11-10,17155730000164,CMIG4,964.2975637342424,1027.1140474603194,CMIG4_2014-11-10_DISTRIBUTION_637,DISTRIBUTION,0,https://api.mziq.com/mzfilemanager/v2/d/716a131f-9624-452c-9088-0cd6983c1349/a2eb9f5f-37e1-8913-c1eb-c4281b5e23b2?origin=2,0.0,842.9972116039521,,,
BH padrão,2014-11-11,02474103000119,TBLE3,428.98523361362606,436.4356569661546,TBLE3_2014-11-11_DISTRIBUTION_371,DISTRIBUTION,0,cache/market.json.gz; SQLite corporate_actions/B3,0.0,249.81269501028268,,,
BH padrão,2014-11-26,02474103000119,TBLE3,436.4356569661546,440.8158560642616,TBLE3_2014-11-26_DISTRIBUTION_370,DISTRIBUTION,0,cache/market.json.gz; SQLite corporate_actions/B3,0.0,149.10197729956167,,,
BH padrão,2014-12-01,60872504000123,ITUB4,411.53385737270565,411.7007856544956,ITUB4_2014-12-01_DISTRIBUTION_289,DISTRIBUTION,0,cache/market.json.gz; SQLite corporate_actions/B3,0.0,6.173007860590585,,,
BH padrão,2014-12-02,60746948000112,BBDC4,406.21010455039766,406.4384093091889,BBDC4_2014-12-02_DISTRIBUTION_327,DISTRIBUTION,0,cache/market.json.gz; SQLite corporate_actions/B3,0.0,8.40846426628138,,,
BH padrão,2014-12-12,61585865000151,RADL3,717.0430840256156,719.1779558738214,RADL3_2014-12-12_DISTRIBUTION_495,DISTRIBUTION,0,cache/market.json.gz; SQLite corporate_actions/B3,0.0,51.17287820149278,,,
BH padrão,2014-12-17,84429695000111,WEGE3,515.8934940813504,517.2164544716178,WEGE3_2014-12-17_DISTRIBUTION_96,DISTRIBUTION,0,cache/market.json.gz; SQLite corporate_actions/B3,0.0,39.450678837775385,,,
BH padrão,2014-12-23,60746948000112,BBDC4,406.4384093091889,413.80647706571574,BBDC4_2014-12-23_DISTRIBUTION_326,DISTRIBUTION,0,cache/market.json.gz; SQLite corporate_actions/B3,0.0,263.92418703879184,,,
BH padrão,2014-12-29,17155730000164,CMIG4,1085.9411166828902,1100.6012470094297,CMIG4_2014-12-29_DISTRIBUTION_638,DISTRIBUTION,0,https://api.mziq.com/mzfilemanager/v2/d/716a131f-9624-452c-9088-0cd6983c1349/a2eb9f5f-37e1-8913-c1eb-c4281b5e23b2?origin=2,0.0,198.49816462134476,,,
BH padrão,2015-01-02,60872504000123,ITUB4,411.7007856544956,411.88333108118246,ITUB4_2015-01-02_DISTRIBUTION_288,DISTRIBUTION,0,cache/market.json.gz; SQLite corporate_actions/B3,0.0,6.1755117848174335,,,
BH padrão,2015-01-05,60746948000112,BBDC4,422.961337903611,423.2162203285218,BBDC4_2015-01-05_DISTRIBUTION_325,DISTRIBUTION,0,cache/market.json.gz; SQLite corporate_actions/B3,0.0,8.755211295685125,,,
BH padrão,2015-02-02,60872504000123,ITUB4,424.10745318981054,424.2983779136355,ITUB4_2015-02-02_DISTRIBUTION_287,DISTRIBUTION,0,cache/market.json.gz; SQLite corporate_actions/B3,0.0,6.361611797847158,,,
BH padrão,2015-02-03,60746948000112,BBDC4,436.2736663740601,436.5293507940133,BBDC4_2015-02-03_DISTRIBUTION_324,DISTRIBUTION,0,cache/market.json.gz; SQLite corporate_actions/B3,0.0,9.030773712746772,,,
BH padrão,2015-02-10,60746948000112,BBDC4,436.5293507940133,438.4799744311832,BBDC4_2015-02-10_DISTRIBUTION_323,DISTRIBUTION,0,cache/market.json.gz; SQLite corporate_actions/B3,0.0,68.73997697386928,,,
BH padrão,2015-02-11,60872504000123,ITUB4,440.71244310444865,451.8263473969542,ITUB4_2015-02-11_DISTRIBUTION_285;ITUB4_2015-02-11_DISTRIBUTION_286,DISTRIBUTION,0,cache/market.json.gz; SQLite corporate_actions/B3,0.0,372.09351571308605,,,
BH padrão,2015-02-25,84429695000111,WEGE3,517.2164544716178,520.5926960285013,WEGE3_2015-02-25_DISTRIBUTION_95,DISTRIBUTION,0,cache/market.json.gz; SQLite corporate_actions/B3,0.0,107.39824392446724,,,
BH padrão,2015-02-27,61585865000151,RADL3,719.1779558738214,721.3972466375892,RADL3_2015-02-27_DISTRIBUTION_494,DISTRIBUTION,0,cache/market.json.gz; SQLite corporate_actions/B3,0.0,63.24978676738405,,,
BH padrão,2015-03-02,60872504000123,ITUB4,451.8263473969542,452.0129496880047,ITUB4_2015-03-02_DISTRIBUTION_284,DISTRIBUTION,0,cache/market.json.gz; SQLite corporate_actions/B3,0.0,6.777395210954313,,,
BH padrão,2015-03-03,60746948000112,BBDC4,443.49936244028083,443.746478028737,BBDC4_2015-03-03_DISTRIBUTION_322,DISTRIBUTION,0,cache/market.json.gz; SQLite corporate_actions/B3,0.0,9.180344111147063,,,
BH padrão,2015-03-24,61585865000151,RADL3,721.3972466375892,724.0376418789799,RADL3_2015-03-24_DISTRIBUTION_493,DISTRIBUTION,0,cache/market.json.gz; SQLite corporate_actions/B3,0.0,70.76259246926995,,,
BH padrão,2015-03-25,84429695000111,WEGE3,527.2464278736007,528.6833147936459,WEGE3_2015-03-25_DISTRIBUTION_94,DISTRIBUTION,0,cache/market.json.gz; SQLite corporate_actions/B3,0.0,44.04058409938228,,,
BH padrão,2015-03-27,60746948000112,BBDC4,443.746478028737,532.4957736344844,BBDC4_2015-03-27_SHARES_667,SHARES,0,originals/bradesco_remuneracao.html.gz; owned_capital_events_fre.json; SEC 6K 20150317/20160404/20180319/20200403,0.0,0.0,,,
BH padrão,2015-04-01,84429695000111,WEGE3,528.6833147936459,1057.3666295872918,WEGE3_2015-04-01_SHARES_659,SHARES,0,https://ri.weg.net/4433-2/; owned_capital_events_fre.json; B3,0.0,0.0,,,
BH padrão,2015-04-01,60872504000123,ITUB4,455.4242307907346,455.61139143352534,ITUB4_2015-04-01_DISTRIBUTION_283,DISTRIBUTION,0,cache/market.json.gz; SQLite corporate_actions/B3,0.0,6.831363461861019,,,
BH padrão,2015-04-02,60746948000112,BBDC4,552.625377703696,552.9640715341379,BBDC4_2015-04-02_DISTRIBUTION_321,DISTRIBUTION,0,cache/market.json.gz; SQLite corporate_actions/B3,0.0,10.48596099048049,,,
BH padrão,2015-04-17,02846056000197,CCRO3,1023.560349721235,1027.211730343883,CCRO3_2015-04-17_DISTRIBUTION_24,DISTRIBUTION,0,cache/market.json.gz; SQLite corporate_actions/B3,0.0,58.42208996236769,,,
BH padrão,2015-05-04,60872504000123,ITUB4,468.5615758825944,468.74202321605367,ITUB4_2015-05-04_DISTRIBUTION_282,DISTRIBUTION,0,cache/market.json.gz; SQLite corporate_actions/B3,0.0,7.028423638238916,,,
BH padrão,2015-05-04,17155730000164,CMIG4,1277.1750566489343,1316.5619054816493,CMIG4_2015-05-04_DISTRIBUTION_639,DISTRIBUTION,0,https://api.mziq.com/mzfilemanager/v2/d/716a131f-9624-452c-9088-0cd6983c1349/a2eb9f5f-37e1-8913-c1eb-c4281b5e23b2?origin=2,0.0,575.8357299342942,,,
BH padrão,2015-05-05,60746948000112,BBDC4,564.7043490380901,565.0351658693487,BBDC4_2015-05-05_DISTRIBUTION_320,DISTRIBUTION,0,cache/market.json.gz; SQLite corporate_actions/B3,0.0,10.715157164467092,,,
BH padrão,2015-05-11,02474103000119,TBLE3,495.6673237459004,499.2191485122431,TBLE3_2015-05-11_DISTRIBUTION_369,DISTRIBUTION,0,cache/market.json.gz; SQLite corporate_actions/B3,0.0,130.6716331537493,,,
BH padrão,2015-06-01,60872504000123,ITUB4,475.45407216672345,475.6633389238391,ITUB4_2015-06-01_DISTRIBUTION_281,DISTRIBUTION,0,cache/market.json.gz; SQLite corporate_actions/B3,0.0,7.131811082500851,,,
BH padrão,2015-06-02,60746948000112,BBDC4,593.161426512763,593.5514169761811,BBDC4_2015-06-02_DISTRIBUTION_319,DISTRIBUTION,0,cache/market.json.gz; SQLite corporate_actions/B3,0.0,11.255124774247212,,,
BH padrão,2015-06-23,60746948000112,BBDC4,593.5514169761811,597.4868454748371,BBDC4_2015-06-23_DISTRIBUTION_318,DISTRIBUTION,0,cache/market.json.gz; SQLite corporate_actions/B3,0.0,112.71067220150658,,,
BH padrão,2015-06-23,61585865000151,RADL3,724.0376418789799,726.0437327877785,RADL3_2015-06-23_DISTRIBUTION_492,DISTRIBUTION,0,cache/market.json.gz; SQLite corporate_actions/B3,0.0,78.27766726132016,,,
BH padrão,2015-06-24,84429695000111,WEGE3,1101.9558604823283,1104.8177330493315,WEGE3_2015-06-24_DISTRIBUTION_93,DISTRIBUTION,0,cache/market.json.gz; SQLite corporate_actions/B3,0.0,53.80320425966317,,,
BH padrão,2015-07-01,60872504000123,ITUB4,496.75119762188694,496.967804248757,ITUB4_2015-07-01_DISTRIBUTION_280,DISTRIBUTION,0,cache/market.json.gz; SQLite corporate_actions/B3,0.0,7.451267964328304,,,
BH padrão,2015-07-02,60746948000112,BBDC4,613.5920602789624,613.9953436924612,BBDC4_2015-07-02_DISTRIBUTION_317,DISTRIBUTION,0,cache/market.json.gz; SQLite corporate_actions/B3,0.0,11.642792147709798,,,
BH padrão,2015-07-14,60872504000123,ITUB4,509.5452979626182,560.4998277588801,ITUB4_2015-07-14_SHARES_662,SHARES,0,https://www.itau.com.br/relacoes-com-investidores/informacoes-ao-mercado/recompra/; owned_capital_events_fre.json; B3,0.0,0.0,,,
BH padrão,2015-07-29,84429695000111,WEGE3,1104.8177330493315,1109.828611660477,WEGE3_2015-07-29_DISTRIBUTION_92,DISTRIBUTION,0,cache/market.json.gz; SQLite corporate_actions/B3,0.0,91.69907858396218,,,
BH padrão,2015-08-03,60872504000123,ITUB4,560.4998277588801,560.78082700408,ITUB4_2015-08-03_DISTRIBUTION_279,DISTRIBUTION,0,cache/market.json.gz; SQLite corporate_actions/B3,0.0,8.407497416383201,,,
BH padrão,2015-08-04,60746948000112,BBDC4,632.6230053534465,633.0841617382174,BBDC4_2015-08-04_DISTRIBUTION_316,DISTRIBUTION,0,cache/market.json.gz; SQLite corporate_actions/B3,0.0,12.003900695587625,,,
BH padrão,2015-08-13,60872504000123,ITUB4,574.2345002465839,581.6758911486558,ITUB4_2015-08-13_DISTRIBUTION_278,DISTRIBUTION,0,cache/market.json.gz; SQLite corporate_actions/B3,0.0,198.68513708531802,,,
BH padrão,2015-08-21,02474103000119,TBLE3,524.1824601097333,531.6509452112542,TBLE3_2015-08-21_DISTRIBUTION_368,DISTRIBUTION,0,cache/market.json.gz; SQLite corporate_actions/B3,0.0,249.9701963479051,,,
BH padrão,2015-09-01,60872504000123,ITUB4,581.6758911486558,582.0125091412186,ITUB4_2015-09-01_DISTRIBUTION_277,DISTRIBUTION,0,cache/market.json.gz; SQLite corporate_actions/B3,0.0,8.725138367229835,,,
BH padrão,2015-09-02,60746948000112,BBDC4,656.7738706088243,657.3209364012296,BBDC4_2015-09-02_DISTRIBUTION_315,DISTRIBUTION,0,cache/market.json.gz; SQLite corporate_actions/B3,0.0,12.462158750993153,,,
BH padrão,2015-09-22,61585865000151,RADL3,726.0437327877785,728.1988601433131,RADL3_2015-09-22_DISTRIBUTION_491,DISTRIBUTION,0,cache/market.json.gz; SQLite corporate_actions/B3,0.0,86.87318370160283,,,
BH padrão,2015-09-23,84429695000111,WEGE3,1109.828611660477,1113.5178815030042,WEGE3_2015-09-23_DISTRIBUTION_91,DISTRIBUTION,0,cache/market.json.gz; SQLite corporate_actions/B3,0.0,60.06131303634178,,,
BH padrão,2015-10-01,60872504000123,ITUB4,596.4135156053352,596.7463356475257,ITUB4_2015-10-01_DISTRIBUTION_276,DISTRIBUTION,0,cache/market.json.gz; SQLite corporate_actions/B3,0.0,8.946202734080028,,,
BH padrão,2015-10-02,60746948000112,BBDC4,677.4403662049762,678.0114146970965,BBDC4_2015-10-02_DISTRIBUTION_314,DISTRIBUTION,0,cache/market.json.gz; SQLite corporate_actions/B3,0.0,12.854301557629476,,,
BH padrão,2015-10-05,02846056000197,CCRO3,1219.3346508609543,1269.1642565762252,CCRO3_2015-10-05_DISTRIBUTION_23,DISTRIBUTION,0,cache/market.json.gz; SQLite corporate_actions/B3,0.0,594.4671961831822,,,
BH padrão,2015-11-03,60872504000123,ITUB4,602.459625292371,602.7805377348208,ITUB4_2015-11-03_DISTRIBUTION_275,DISTRIBUTION,0,cache/market.json.gz; SQLite corporate_actions/B3,0.0,9.036894379385565,,,
BH padrão,2015-11-04,60746948000112,BBDC4,703.5870763506595,704.2037244055612,BBDC4_2015-11-04_DISTRIBUTION_313,DISTRIBUTION,0,cache/market.json.gz; SQLite corporate_actions/B3,0.0,13.35043038862218,,,
BH padrão,2015-11-24,02474103000119,TBLE3,531.6509452112542,538.8592134859301,TBLE3_2015-11-24_DISTRIBUTION_367,DISTRIBUTION,0,cache/market.json.gz; SQLite corporate_actions/B3,0.0,255.74935838550138,,,
BH padrão,2015-12-01,60872504000123,ITUB4,612.0373184549538,612.3653127306532,ITUB4_2015-12-01_DISTRIBUTION_274,DISTRIBUTION,0,cache/market.json.gz; SQLite corporate_actions/B3,0.0,9.180559776824307,,,
BH padrão,2015-12-02,60746948000112,BBDC4,734.1108821146846,734.7751460046678,BBDC4_2015-12-02_DISTRIBUTION_312,DISTRIBUTION,0,cache/market.json.gz; SQLite corporate_actions/B3,0.0,13.929613772947656,,,
BH padrão,2015-12-10,60872504000123,ITUB4,621.9136905931616,626.4268836950356,ITUB4_2015-12-10_DISTRIBUTION_273,DISTRIBUTION,0,cache/market.json.gz; SQLite corporate_actions/B3,0.0,129.97996133397078,,,
BH padrão,2015-12-14,61585865000151,RADL3,728.1988601433131,730.6468418597422,RADL3_2015-12-14_DISTRIBUTION_490,DISTRIBUTION,0,cache/market.json.gz; SQLite corporate_actions/B3,0.0,94.98169059744522,,,
BH padrão,2015-12-16,84429695000111,WEGE3,1148.9232791706045,1153.2417278499058,WEGE3_2015-12-16_DISTRIBUTION_90,DISTRIBUTION,0,cache/market.json.gz; SQLite corporate_actions/B3,0.0,67.58372183106715,,,
BH padrão,2015-12-17,60746948000112,BBDC4,734.7751460046678,764.9845479797634,BBDC4_2015-12-17_DISTRIBUTION_311,DISTRIBUTION,0,cache/market.json.gz; SQLite corporate_actions/B3,0.0,620.5011165684645,,,
BH padrão,2015-12-18,02846056000197,CCRO3,1324.857358299056,1330.0545271808446,CCRO3_2015-12-18_DISTRIBUTION_22,DISTRIBUTION,0,cache/market.json.gz; SQLite corporate_actions/B3,0.0,66.78362013098446,,,
BH padrão,2016-01-04,60872504000123,ITUB4,626.4268836950356,626.8007954839503,ITUB4_2016-01-04_DISTRIBUTION_272,DISTRIBUTION,0,cache/market.json.gz; SQLite corporate_actions/B3,0.0,9.396403255425534,,,
BH padrão,2016-01-04,17155730000164,CMIG4,2053.326099637241,2110.9886537736825,CMIG4_2016-01-04_DISTRIBUTION_640,DISTRIBUTION,0,https://api.mziq.com/mzfilemanager/v2/d/716a131f-9624-452c-9088-0cd6983c1349/a2eb9f5f-37e1-8913-c1eb-c4281b5e23b2?origin=2,0.0,326.3700564122581,,,
BH padrão,2016-01-05,60746948000112,BBDC4,796.4691257842616,797.2624512192302,BBDC4_2016-01-05_DISTRIBUTION_310,DISTRIBUTION,0,cache/market.json.gz; SQLite corporate_actions/B3,0.0,15.112849536153337,,,
BH padrão,2016-02-01,60872504000123,ITUB4,641.4764724630522,641.8542560157396,ITUB4_2016-02-01_DISTRIBUTION_271,DISTRIBUTION,0,cache/market.json.gz; SQLite corporate_actions/B3,0.0,9.622147086945784,,,
BH padrão,2016-02-02,60746948000112,BBDC4,833.1356146952882,834.0212499423436,BBDC4_2016-02-02_DISTRIBUTION_309,DISTRIBUTION,0,cache/market.json.gz; SQLite corporate_actions/B3,0.0,15.808589159940684,,,
BH padrão,2016-02-19,60872504000123,ITUB4,659.5917347307737,677.3765238205067,ITUB4_2016-02-19_DISTRIBUTION_269;ITUB4_2016-02-19_DISTRIBUTION_270,DISTRIBUTION,0,cache/market.json.gz; SQLite corporate_actions/B3,0.0,431.6368312078183,,,
BH padrão,2016-02-24,84429695000111,WEGE3,1182.340542570363,1189.6631412084187,WEGE3_2016-02-24_DISTRIBUTION_89,DISTRIBUTION,0,cache/market.json.gz; SQLite corporate_actions/B3,0.0,95.70636419938816,,,
BH padrão,2016-03-01,60872504000123,ITUB4,677.3765238205067,677.7587904818049,ITUB4_2016-03-01_DISTRIBUTION_268,DISTRIBUTION,0,cache/market.json.gz; SQLite corporate_actions/B3,0.0,10.1606478573076,,,
BH padrão,2016-03-02,60746948000112,BBDC4,847.8410267494075,848.5592241398064,BBDC4_2016-03-02_DISTRIBUTION_308,DISTRIBUTION,0,cache/market.json.gz; SQLite corporate_actions/B3,0.0,16.0876215449339,,,
BH padrão,2016-03-16,02846056000197,CCRO3,1408.4728570621508,1437.7153870803093,CCRO3_2016-03-16_DISTRIBUTION_21,DISTRIBUTION,0,cache/market.json.gz; SQLite corporate_actions/B3,0.0,398.86810944768337,,,
BH padrão,2016-03-22,61585865000151,RADL3,730.6468418597422,732.6996899326689,RADL3_2016-03-22_DISTRIBUTION_489,DISTRIBUTION,0,cache/market.json.gz; SQLite corporate_actions/B3,0.0,105.82431815937538,,,
BH padrão,2016-03-23,84429695000111,WEGE3,1236.4103534910312,1241.2832130763736,WEGE3_2016-03-23_DISTRIBUTION_88,DISTRIBUTION,0,cache/market.json.gz; SQLite corporate_actions/B3,0.0,68.36621998235479,,,
BH padrão,2016-04-01,60872504000123,ITUB4,690.4967157050818,690.8264658080928,ITUB4_2016-04-01_DISTRIBUTION_267,DISTRIBUTION,0,cache/market.json.gz; SQLite corporate_actions/B3,0.0,10.357450735576226,,,
BH padrão,2016-04-04,60746948000112,BBDC4,851.4511128077629,852.059171604841,BBDC4_2016-04-04_DISTRIBUTION_307,DISTRIBUTION,0,cache/market.json.gz; SQLite corporate_actions/B3,0.0,16.156122238364755,,,
BH padrão,2016-04-15,02932074000191,HYPE3,971.0151797779209,972.3370464974653,HYPE3_2016-04-15_DISTRIBUTION_438,DISTRIBUTION,0,cache/market.json.gz; SQLite corporate_actions/B3,0.0,38.25482286361221,,,
BH padrão,2016-04-18,60746948000112,BBDC4,852.059171604841,937.2650887653252,BBDC4_2016-04-18_SHARES_668,SHARES,0,originals/bradesco_remuneracao.html.gz; owned_capital_events_fre.json; SEC 6K 20150317/20160404/20180319/20200403,0.0,0.0,,,
BH padrão,2016-05-02,60872504000123,ITUB4,700.0477896856582,700.376450619783,ITUB4_2016-05-02_DISTRIBUTION_266,DISTRIBUTION,0,cache/market.json.gz; SQLite corporate_actions/B3,0.0,10.500716845284874,,,
BH padrão,2016-05-02,17155730000164,CMIG4,2579.14571525579,2711.7121110862317,CMIG4_2016-05-02_DISTRIBUTION_641,DISTRIBUTION,0,https://api.mziq.com/mzfilemanager/v2/d/716a131f-9624-452c-9088-0cd6983c1349/a2eb9f5f-37e1-8913-c1eb-c4281b5e23b2?origin=2,0.0,889.5205160222633,,,
BH padrão,2016-05-03,60746948000112,BBDC4,943.3783770026372,944.0990060090122,BBDC4_2016-05-03_DISTRIBUTION_306,DISTRIBUTION,0,cache/market.json.gz; SQLite corporate_actions/B3,0.0,17.90042451835503,,,
BH padrão,2016-05-03,02932074000191,HYPE3,972.3370464974653,979.066503005336,HYPE3_2016-05-03_DISTRIBUTION_437,DISTRIBUTION,0,cache/market.json.gz; SQLite corporate_actions/B3,0.0,204.77736153450823,,,
BH padrão,2016-05-11,02474103000119,TBLE3,574.1009948787244,579.1395302645914,TBLE3_2016-05-11_DISTRIBUTION_366,DISTRIBUTION,0,cache/market.json.gz; SQLite corporate_actions/B3,0.0,184.25923906115887,,,
BH padrão,2016-06-01,60872504000123,ITUB4,710.2031510869447,710.564638948034,ITUB4_2016-06-01_DISTRIBUTION_265,DISTRIBUTION,0,cache/market.json.gz; SQLite corporate_actions/B3,0.0,10.653047266304169,,,
BH padrão,2016-06-02,60746948000112,BBDC4,955.35875993696,956.1156597280365,BBDC4_2016-06-02_DISTRIBUTION_305,DISTRIBUTION,0,cache/market.json.gz; SQLite corporate_actions/B3,0.0,18.127749996280667,,,
BH padrão,2016-06-23,60746948000112,BBDC4,956.1156597280365,963.2397010080184,BBDC4_2016-06-23_DISTRIBUTION_304,DISTRIBUTION,0,cache/market.json.gz; SQLite corporate_actions/B3,0.0,181.44933140114077,,,
BH padrão,2016-06-27,61585865000151,RADL3,732.6996899326689,734.448770892968,RADL3_2016-06-27_DISTRIBUTION_488,DISTRIBUTION,0,cache/market.json.gz; SQLite corporate_actions/B3,0.0,106.34412238618974,,,
BH padrão,2016-06-29,84429695000111,WEGE3,1365.8816386451524,1372.5128132749508,WEGE3_2016-06-29_DISTRIBUTION_87,DISTRIBUTION,0,cache/market.json.gz; SQLite corporate_actions/B3,0.0,91.11233941343016,,,
BH padrão,2016-07-01,60872504000123,ITUB4,722.7721055163134,723.1228522514394,ITUB4_2016-07-01_DISTRIBUTION_264,DISTRIBUTION,0,cache/market.json.gz; SQLite corporate_actions/B3,0.0,10.841581582744702,,,
BH padrão,2016-07-04,60746948000112,BBDC4,968.3626438057219,969.0773266609901,BBDC4_2016-07-04_DISTRIBUTION_303,DISTRIBUTION,0,cache/market.json.gz; SQLite corporate_actions/B3,0.0,18.374496208948603,,,
BH padrão,2016-07-28,02932074000191,HYPE3,991.2165942781104,1000.2969954715705,HYPE3_2016-07-28_DISTRIBUTION_436,DISTRIBUTION,0,cache/market.json.gz; SQLite corporate_actions/B3,0.0,247.8041485695276,,,
BH padrão,2016-08-01,84429695000111,WEGE3,1429.6314856322695,1432.9842156486125,WEGE3_2016-08-01_DISTRIBUTION_86,DISTRIBUTION,0,cache/market.json.gz; SQLite corporate_actions/B3,0.0,51.90026065299077,,,
BH padrão,2016-08-01,60872504000123,ITUB4,735.7398931345417,736.0700187222479,ITUB4_2016-08-01_DISTRIBUTION_263,DISTRIBUTION,0,cache/market.json.gz; SQLite corporate_actions/B3,0.0,11.036098397018126,,,
BH padrão,2016-08-02,60746948000112,BBDC4,975.496856462722,976.1572155969168,BBDC4_2016-08-02_DISTRIBUTION_302,DISTRIBUTION,0,cache/market.json.gz; SQLite corporate_actions/B3,0.0,18.509866531480565,,,
BH padrão,2016-08-09,02474103000119,TBLE3,609.9577043861384,624.4506571854791,TBLE3_2016-08-09_DISTRIBUTION_365,DISTRIBUTION,0,cache/market.json.gz; SQLite corporate_actions/B3,0.0,602.9068364525756,,,
BH padrão,2016-08-15,60872504000123,ITUB4,751.4162255331837,759.6710458522294,ITUB4_2016-08-15_DISTRIBUTION_262,DISTRIBUTION,0,cache/market.json.gz; SQLite corporate_actions/B3,0.0,299.81507398774033,,,
BH padrão,2016-09-01,60872504000123,ITUB4,759.6710458522294,759.9859136523893,ITUB4_2016-09-01_DISTRIBUTION_261,DISTRIBUTION,0,cache/market.json.gz; SQLite corporate_actions/B3,0.0,11.395065687783442,,,
BH padrão,2016-09-02,60746948000112,BBDC4,981.1663747466375,981.7955550290992,BBDC4_2016-09-02_DISTRIBUTION_301,DISTRIBUTION,0,cache/market.json.gz; SQLite corporate_actions/B3,0.0,18.617444558039868,,,
BH padrão,2016-09-26,84429695000111,WEGE3,1524.4056318901085,1529.6067430562744,WEGE3_2016-09-26_DISTRIBUTION_85,DISTRIBUTION,0,cache/market.json.gz; SQLite corporate_actions/B3,0.0,88.62693427146807,,,
BH padrão,2016-09-27,61585865000151,RADL3,734.448770892968,736.0959725288179,RADL3_2016-09-27_DISTRIBUTION_487,DISTRIBUTION,0,cache/market.json.gz; SQLite corporate_actions/B3,0.0,109.72010096396323,,,
BH padrão,2016-10-03,60872504000123,ITUB4,766.3031222887507,766.6193409086773,ITUB4_2016-10-03_DISTRIBUTION_260,DISTRIBUTION,0,cache/market.json.gz; SQLite corporate_actions/B3,0.0,11.49454683433126,,,
BH padrão,2016-10-03,60746948000112,BBDC4,981.7955550290992,1002.5004603232749,BBDC4_2016-10-03_DISTRIBUTION_300,DISTRIBUTION,0,cache/market.json.gz; SQLite corporate_actions/B3,0.0,616.7991287134923,,,
BH padrão,2016-10-04,60746948000112,BBDC4,1005.0563541209551,1005.6878359869711,BBDC4_2016-10-04_DISTRIBUTION_299,DISTRIBUTION,0,cache/market.json.gz; SQLite corporate_actions/B3,0.0,19.070752353681485,,,
BH padrão,2016-10-18,60872504000123,ITUB4,775.2355625172274,852.7591187689502,ITUB4_2016-10-18_SHARES_663,SHARES,0,https://www.itau.com.br/relacoes-com-investidores/informacoes-ao-mercado/recompra/; owned_capital_events_fre.json; B3,0.0,0.0,,,
BH padrão,2016-11-01,60872504000123,ITUB4,852.7591187689502,853.1025117026827,ITUB4_2016-11-01_DISTRIBUTION_259,DISTRIBUTION,0,cache/market.json.gz; SQLite corporate_actions/B3,0.0,12.791386781534252,,,
BH padrão,2016-11-03,60746948000112,BBDC4,1005.6878359869711,1006.2903852323603,BBDC4_2016-11-03_DISTRIBUTION_298,DISTRIBUTION,0,cache/market.json.gz; SQLite corporate_actions/B3,0.0,19.0827346014761,,,
BH padrão,2016-11-10,02846056000197,CCRO3,1587.0588257369745,1630.6939917426707,CCRO3_2016-11-10_DISTRIBUTION_20,DISTRIBUTION,0,cache/market.json.gz; SQLite corporate_actions/B3,0.0,674.1633147880048,,,
BH padrão,2016-11-11,02474103000119,TBLE3,671.7103040358801,684.3722689941053,TBLE3_2016-11-11_DISTRIBUTION_364,DISTRIBUTION,0,cache/market.json.gz; SQLite corporate_actions/B3,0.0,445.0680682816157,,,
BH padrão,2016-12-01,60872504000123,ITUB4,853.1025117026827,853.4811074918998,ITUB4_2016-12-01_DISTRIBUTION_258,DISTRIBUTION,0,cache/market.json.gz; SQLite corporate_actions/B3,0.0,12.79653767554024,,,
BH padrão,2016-12-02,60746948000112,BBDC4,1006.2903852323603,1006.9598862091598,BBDC4_2016-12-02_DISTRIBUTION_297,DISTRIBUTION,0,cache/market.json.gz; SQLite corporate_actions/B3,0.0,19.094167858320457,,,
BH padrão,2016-12-16,61585865000151,RADL3,736.0959725288179,738.020778705216,RADL3_2016-12-16_DISTRIBUTION_486,DISTRIBUTION,0,cache/market.json.gz; SQLite corporate_actions/B3,0.0,111.75424660167133,,,
BH padrão,2016-12-19,84429695000111,WEGE3,1621.6301174516655,1630.330310271829,WEGE3_2016-12-19_DISTRIBUTION_84,DISTRIBUTION,0,cache/market.json.gz; SQLite corporate_actions/B3,0.0,127.63182867179692,,,
BH padrão,2016-12-22,60746948000112,BBDC4,1006.9598862091598,1017.5901305223513,BBDC4_2016-12-22_DISTRIBUTION_296,DISTRIBUTION,0,cache/market.json.gz; SQLite corporate_actions/B3,0.0,284.3590353778741,,,
BH padrão,2016-12-23,60872504000123,ITUB4,853.4811074918998,865.8719604044862,ITUB4_2016-12-23_DISTRIBUTION_257,DISTRIBUTION,0,cache/market.json.gz; SQLite corporate_actions/B3,0.0,402.3309940716816,,,
BH padrão,2016-12-27,17155730000164,CMIG4,3233.4915024246125,3365.8102378301583,CMIG4_2016-12-27_DISTRIBUTION_642,DISTRIBUTION,0,https://api.mziq.com/mzfilemanager/v2/d/716a131f-9624-452c-9088-0cd6983c1349/a2eb9f5f-37e1-8913-c1eb-c4281b5e23b2?origin=2,0.0,976.5122672929264,,,
BH padrão,2017-01-02,60872504000123,ITUB4,865.8719604044862,866.2593173805097,ITUB4_2017-01-02_DISTRIBUTION_256,DISTRIBUTION,0,cache/market.json.gz; SQLite corporate_actions/B3,0.0,12.988079406067293,,,
BH padrão,2017-01-03,60746948000112,BBDC4,1017.7714300891553,1018.4151640388752,BBDC4_2017-01-03_DISTRIBUTION_623,DISTRIBUTION,0,https://www.bradescori.com.br/informacoes-ao-mercado/remuneracao-aos-acionistas/,0.0,19.31201849159857,,,
BH padrão,2017-02-01,60872504000123,ITUB4,867.5017384911613,867.8476323262854,ITUB4_2017-02-01_DISTRIBUTION_255,DISTRIBUTION,0,cache/market.json.gz; SQLite corporate_actions/B3,0.0,13.012526077367419,,,
BH padrão,2017-02-02,60746948000112,BBDC4,1018.4151640388752,1019.0345304882451,BBDC4_2017-02-02_DISTRIBUTION_624,DISTRIBUTION,0,https://www.bradescori.com.br/informacoes-ao-mercado/remuneracao-aos-acionistas/,0.0,19.324233220341323,,,
BH padrão,2017-02-16,02932074000191,HYPE3,1074.0260047532674,1097.206422122043,HYPE3_2017-02-16_DISTRIBUTION_435,DISTRIBUTION,0,cache/market.json.gz; SQLite corporate_actions/B3,0.0,644.4156028519604,,,
BH padrão,2017-02-21,60872504000123,ITUB4,867.8476323262854,884.3208037854238,ITUB4_2017-02-21_DISTRIBUTION_254,DISTRIBUTION,0,cache/market.json.gz; SQLite corporate_actions/B3,0.0,672.9290541058017,,,
BH padrão,2017-03-01,84429695000111,WEGE3,1716.9070832276605,1723.1200669861273,WEGE3_2017-03-01_DISTRIBUTION_83,DISTRIBUTION,0,cache/market.json.gz; SQLite corporate_actions/B3,0.0,109.34851414901479,,,
BH padrão,2017-03-01,60872504000123,ITUB4,884.3208037854238,884.6528391310253,ITUB4_2017-03-01_DISTRIBUTION_253,DISTRIBUTION,0,cache/market.json.gz; SQLite corporate_actions/B3,0.0,13.264812056781356,,,
BH padrão,2017-03-02,60746948000112,BBDC4,1019.8302911013402,1020.4166876160693,BBDC4_2017-03-02_DISTRIBUTION_625,DISTRIBUTION,0,https://www.bradescori.com.br/informacoes-ao-mercado/remuneracao-aos-acionistas/,0.0,19.35108498606233,,,
BH padrão,2017-03-27,84429695000111,WEGE3,1755.4391094072982,1762.1893949403639,WEGE3_2017-03-27_DISTRIBUTION_82,DISTRIBUTION,0,cache/market.json.gz; SQLite corporate_actions/B3,0.0,114.61984835145503,,,
BH padrão,2017-03-27,61585865000151,RADL3,738.020778705216,740.0158405465119,RADL3_2017-03-27_DISTRIBUTION_485,DISTRIBUTION,0,cache/market.json.gz; SQLite corporate_actions/B3,0.0,114.15743855894851,,,
BH padrão,2017-04-03,60872504000123,ITUB4,884.6528391310253,884.9973301119953,ITUB4_2017-04-03_DISTRIBUTION_252,DISTRIBUTION,0,cache/market.json.gz; SQLite corporate_actions/B3,0.0,13.269792586965378,,,
BH padrão,2017-04-04,60746948000112,BBDC4,1024.3071915346354,1024.9002959995942,BBDC4_2017-04-04_DISTRIBUTION_626,DISTRIBUTION,0,https://www.bradescori.com.br/informacoes-ao-mercado/remuneracao-aos-acionistas/,0.0,19.436033316696122,,,
BH padrão,2017-04-12,02846056000197,CCRO3,1781.1958044949868,1801.156870736849,CCRO3_2017-04-12_DISTRIBUTION_19,DISTRIBUTION,0,cache/market.json.gz; SQLite corporate_actions/B3,0.0,352.7120404937041,,,
BH padrão,2017-04-20,02932074000191,HYPE3,1130.3811545755518,1132.349437509212,HYPE3_2017-04-20_DISTRIBUTION_434,DISTRIBUTION,0,cache/market.json.gz; SQLite corporate_actions/B3,0.0,57.53291015089026,,,
BH padrão,2017-05-02,60872504000123,ITUB4,884.9973301119953,885.3287897861945,ITUB4_2017-05-02_DISTRIBUTION_251,DISTRIBUTION,0,cache/market.json.gz; SQLite corporate_actions/B3,0.0,13.274959951679929,,,
BH padrão,2017-05-02,60746948000112,BBDC4,1024.9002959995942,1127.3903255995538,BBDC4_2017-05-02_SHARES_669,SHARES,0,originals/bradesco_remuneracao.html.gz; owned_capital_events_fre.json; SEC 6K 20150317/20160404/20180319/20200403,0.0,0.0,,,
BH padrão,2017-05-03,60746948000112,BBDC4,1128.6814383509554,1129.3689669132204,BBDC4_2017-05-03_DISTRIBUTION_627,DISTRIBUTION,0,https://www.bradescori.com.br/informacoes-ao-mercado/remuneracao-aos-acionistas/,0.0,21.41651471455465,,,
BH padrão,2017-05-15,17155730000164,CMIG4,3491.3397362049564,3586.8845863700412,CMIG4_2017-05-15_DISTRIBUTION_643,DISTRIBUTION,0,https://api.mziq.com/mzfilemanager/v2/d/716a131f-9624-452c-9088-0cd6983c1349/a2eb9f5f-37e1-8913-c1eb-c4281b5e23b2?origin=2,0.0,850.3491664692556,,,
BH padrão,2017-05-30,02474103000119,TBLE3,832.4576523623936,848.2172165301185,TBLE3_2017-05-30_DISTRIBUTION_363,DISTRIBUTION,0,cache/market.json.gz; SQLite corporate_actions/B3,0.0,522.4295521600816,,,
BH padrão,2017-06-01,60872504000123,ITUB4,885.3323931918588,885.710417270933,ITUB4_2017-06-01_DISTRIBUTION_250,DISTRIBUTION,0,cache/market.json.gz; SQLite corporate_actions/B3,0.0,13.279985897877882,,,
BH padrão,2017-06-02,60746948000112,BBDC4,1141.3260485270337,1142.129031240327,BBDC4_2017-06-02_DISTRIBUTION_628,DISTRIBUTION,0,https://www.bradescori.com.br/informacoes-ao-mercado/remuneracao-aos-acionistas/,0.0,21.656443777525194,,,
BH padrão,2017-06-27,61585865000151,RADL3,740.0158405465119,741.5563528235363,RADL3_2017-06-27_DISTRIBUTION_484,DISTRIBUTION,0,cache/market.json.gz; SQLite corporate_actions/B3,0.0,109.97717145676877,,,
BH padrão,2017-07-03,84429695000111,WEGE3,1815.6196017050565,1821.7480243846505,WEGE3_2017-07-03_DISTRIBUTION_81,DISTRIBUTION,0,cache/market.json.gz; SQLite corporate_actions/B3,0.0,110.00518709871236,,,
BH padrão,2017-07-03,60872504000123,ITUB4,894.392645804512,894.7544551272484,ITUB4_2017-07-03_DISTRIBUTION_249,DISTRIBUTION,0,cache/market.json.gz; SQLite corporate_actions/B3,0.0,13.41588968706768,,,
BH padrão,2017-07-03,60746948000112,BBDC4,1142.129031240327,1148.66110555905,BBDC4_2017-07-03_DISTRIBUTION_629,DISTRIBUTION,0,https://www.bradescori.com.br/informacoes-ao-mercado/remuneracao-aos-acionistas/,0.0,184.20449578798664,,,
BH padrão,2017-07-04,60746948000112,BBDC4,1157.9471193563088,1158.7257099098838,BBDC4_2017-07-04_DISTRIBUTION_630,DISTRIBUTION,0,https://www.bradescori.com.br/informacoes-ao-mercado/remuneracao-aos-acionistas/,0.0,21.971825421886162,,,
BH padrão,2017-07-24,84429695000111,WEGE3,1834.1976427905054,1839.23223938293,WEGE3_2017-07-24_DISTRIBUTION_80,DISTRIBUTION,0,cache/market.json.gz; SQLite corporate_actions/B3,0.0,97.21806019971908,,,
BH padrão,2017-08-01,60872504000123,ITUB4,899.1778496187952,899.5281786511142,ITUB4_2017-08-01_DISTRIBUTION_248,DISTRIBUTION,0,cache/market.json.gz; SQLite corporate_actions/B3,0.0,13.487667744281929,,,
BH padrão,2017-08-02,60746948000112,BBDC4,1161.3029986077343,1162.0147396474536,BBDC4_2017-08-02_DISTRIBUTION_631,DISTRIBUTION,0,https://www.bradescori.com.br/informacoes-ao-mercado/remuneracao-aos-acionistas/,0.0,22.035502589709022,,,
BH padrão,2017-08-10,02474103000119,TBLE3,901.5564959804401,939.5306527251354,TBLE3_2017-08-10_DISTRIBUTION_362,DISTRIBUTION,0,cache/market.json.gz; SQLite corporate_actions/B3,0.0,1296.8174528313443,,,
BH padrão,2017-08-15,60872504000123,ITUB4,904.3091042453133,913.3908896113812,ITUB4_2017-08-15_DISTRIBUTION_247,DISTRIBUTION,0,cache/market.json.gz; SQLite corporate_actions/B3,0.0,360.81933259388,,,
BH padrão,2017-09-01,60872504000123,ITUB4,913.3908896113812,913.7235963463053,ITUB4_2017-09-01_DISTRIBUTION_246,DISTRIBUTION,0,cache/market.json.gz; SQLite corporate_actions/B3,0.0,13.700863344170719,,,
BH padrão,2017-09-04,60746948000112,BBDC4,1162.0147396474536,1162.6585062967965,BBDC4_2017-09-04_DISTRIBUTION_632,DISTRIBUTION,0,https://www.bradescori.com.br/informacoes-ao-mercado/remuneracao-aos-acionistas/,0.0,22.049007739995158,,,
BH padrão,2017-09-28,61585865000151,RADL3,741.5563528235363,743.1190820197979,RADL3_2017-09-28_DISTRIBUTION_483,DISTRIBUTION,0,cache/market.json.gz; SQLite corporate_actions/B3,0.0,114.7043230056044,,,
BH padrão,2017-10-02,84429695000111,WEGE3,1844.6821151841352,1849.722481145465,WEGE3_2017-10-02_DISTRIBUTION_79,DISTRIBUTION,0,cache/market.json.gz; SQLite corporate_actions/B3,0.0,107.20858399748491,,,
BH padrão,2017-10-02,60872504000123,ITUB4,915.473141955111,915.7894768348467,ITUB4_2017-10-02_DISTRIBUTION_245,DISTRIBUTION,0,cache/market.json.gz; SQLite corporate_actions/B3,0.0,13.732097129326664,,,
BH padrão,2017-10-03,60746948000112,BBDC4,1162.6585062967965,1163.2563714211653,BBDC4_2017-10-03_DISTRIBUTION_633,DISTRIBUTION,0,https://www.bradescori.com.br/informacoes-ao-mercado/remuneracao-aos-acionistas/,0.0,22.06122308920701,,,
BH padrão,2017-10-20,02846056000197,CCRO3,1978.2871810533873,2025.4450168903645,CCRO3_2017-10-20_DISTRIBUTION_18,DISTRIBUTION,0,cache/market.json.gz; SQLite corporate_actions/B3,0.0,867.7041794003815,,,
BH padrão,2017-10-27,17155730000164,CMIG2,0,641.3736855676273,CMIG4_2017-10-27_RIGHT_684,RIGHT,0,https://ri.cemig.com.br/docs/cemig-2017-10-26-NBfWkJHw.pdf,0.0,0.0,,,
BH padrão,2017-10-30,17155730000164,CMIG2,641.3736855676273,0,CMIG2_2017-10-30_RIGHT_REINVEST_685,RIGHT_REINVEST,0,COTAHIST_A2017.ZIP; first traded close,0.0,0.0,,,
BH padrão,2017-10-30,17155730000164,CMIG4,4036.938924874792,4136.43407353336,CMIG2_2017-10-30_RIGHT_REINVEST_685,RIGHT_REINVEST,0,COTAHIST_A2017.ZIP; first traded close,0.0,0.0,,,
BH padrão,2017-11-01,60872504000123,ITUB4,915.7894768348467,916.1218465941625,ITUB4_2017-11-01_DISTRIBUTION_244,DISTRIBUTION,0,cache/market.json.gz; SQLite corporate_actions/B3,0.0,13.7368421525227,,,
BH padrão,2017-11-03,60746948000112,BBDC4,1166.29703721085,1166.9494624324993,BBDC4_2017-11-03_DISTRIBUTION_634,DISTRIBUTION,0,https://www.bradescori.com.br/informacoes-ao-mercado/remuneracao-aos-acionistas/,0.0,22.13026351834177,,,
BH padrão,2017-11-10,02474103000119,TBLE3,989.8375576002051,1007.571010766735,TBLE3_2017-11-10_DISTRIBUTION_361,DISTRIBUTION,0,cache/market.json.gz; SQLite corporate_actions/B3,0.0,643.7243499450366,,,
BH padrão,2017-12-01,60872504000123,ITUB4,921.9009616854884,922.2363610166861,ITUB4_2017-12-01_DISTRIBUTION_243,DISTRIBUTION,0,cache/market.json.gz; SQLite corporate_actions/B3,0.0,13.828514425282325,,,
BH padrão,2017-12-04,60746948000112,BBDC4,1173.3846638328562,1174.0571117301608,BBDC4_2017-12-04_DISTRIBUTION_635,DISTRIBUTION,0,https://www.bradescori.com.br/informacoes-ao-mercado/remuneracao-aos-acionistas/,0.0,22.26474987975765,,,
BH padrão,2017-12-15,60872504000123,ITUB4,927.2857316594652,930.5466902436656,ITUB4_2017-12-15_DISTRIBUTION_242,DISTRIBUTION,0,cache/market.json.gz; SQLite corporate_actions/B3,0.0,133.99278822479272,,,
BH padrão,2017-12-18,84429695000111,WEGE3,1855.6740133782728,1860.183492804624,WEGE3_2017-12-18_DISTRIBUTION_78,DISTRIBUTION,0,cache/market.json.gz; SQLite corporate_actions/B3,0.0,105.88257693072451,,,
BH padrão,2017-12-18,61585865000151,RADL3,743.1190820197979,744.4471480184452,RADL3_2017-12-18_DISTRIBUTION_482,DISTRIBUTION,0,cache/market.json.gz; SQLite corporate_actions/B3,0.0,116.07296828177006,,,
BH padrão,2017-12-26,60746948000112,BBDC4,1174.0571117301608,1203.308478206241,BBDC4_2017-12-26_DISTRIBUTION_636,DISTRIBUTION,0,https://www.bradescori.com.br/informacoes-ao-mercado/remuneracao-aos-acionistas/,0.0,974.3630173182295,,,
BH padrão,2018-01-02,60872504000123,ITUB4,930.5466902436656,930.8647896136213,ITUB4_2018-01-02_DISTRIBUTION_241,DISTRIBUTION,0,cache/market.json.gz; SQLite corporate_actions/B3,0.0,13.958200353654982,,,
BH padrão,2018-01-02,02932074000191,HYPE3,1189.235712250826,1219.669560797996,HYPE3_2018-01-02_DISTRIBUTION_433,DISTRIBUTION,0,cache/market.json.gz; SQLite corporate_actions/B3,0.0,1094.09685527076,,,
BH padrão,2018-01-03,60746948000112,BBDC4,1206.5673421302536,1207.2263629956121,BBDC4_2018-01-03_DISTRIBUTION_609,DISTRIBUTION,0,https://www.bradescori.com.br/informacoes-ao-mercado/remuneracao-aos-acionistas/,0.0,22.894384862559214,,,
BH padrão,2018-02-01,60872504000123,ITUB4,934.8777385769095,935.1447956342063,ITUB4_2018-02-01_DISTRIBUTION_240,DISTRIBUTION,0,cache/market.json.gz; SQLite corporate_actions/B3,0.0,14.023166078653642,,,
BH padrão,2018-02-02,60746948000112,BBDC4,1207.2263629956121,1207.8225860476061,BBDC4_2018-02-02_DISTRIBUTION_610,DISTRIBUTION,0,https://www.bradescori.com.br/informacoes-ao-mercado/remuneracao-aos-acionistas/,0.0,22.906889657606406,,,
BH padrão,2018-02-16,60872504000123,ITUB4,935.1447956342063,974.0113487574962,ITUB4_2018-02-16_DISTRIBUTION_238;ITUB4_2018-02-16_DISTRIBUTION_239,DISTRIBUTION,0,cache/market.json.gz; SQLite corporate_actions/B3,0.0,1975.586895256824,,,
BH padrão,2018-03-01,60872504000123,ITUB4,974.0113487574962,974.2972061284875,ITUB4_2018-03-01_DISTRIBUTION_237,DISTRIBUTION,0,cache/market.json.gz; SQLite corporate_actions/B3,0.0,14.610170231362442,,,
BH padrão,2018-03-02,60746948000112,BBDC4,1207.8225860476061,1208.4069359424593,BBDC4_2018-03-02_DISTRIBUTION_611,DISTRIBUTION,0,https://www.bradescori.com.br/informacoes-ao-mercado/remuneracao-aos-acionistas/,0.0,22.91820287613939,,,
BH padrão,2018-03-05,84429695000111,WEGE3,1864.7225736558928,1871.4502561702693,WEGE3_2018-03-05_DISTRIBUTION_77,DISTRIBUTION,0,cache/market.json.gz; SQLite corporate_actions/B3,0.0,153.12205402721037,,,
BH padrão,2018-03-26,84429695000111,WEGE3,1871.4502561702693,1875.7932944433346,WEGE3_2018-03-26_DISTRIBUTION_76,DISTRIBUTION,0,cache/market.json.gz; SQLite corporate_actions/B3,0.0,98.19609535400465,,,
BH padrão,2018-03-27,61585865000151,RADL3,744.4471480184452,745.9989273453594,RADL3_2018-03-27_DISTRIBUTION_481,DISTRIBUTION,0,cache/market.json.gz; SQLite corporate_actions/B3,0.0,115.28168619645857,,,
BH padrão,2018-04-02,60872504000123,ITUB4,974.2972061284875,974.5834834662334,ITUB4_2018-04-02_DISTRIBUTION_236,DISTRIBUTION,0,cache/market.json.gz; SQLite corporate_actions/B3,0.0,14.614458091927311,,,
BH padrão,2018-04-02,60746948000112,BBDC4,1208.4069359424593,1329.2476295367053,BBDC4_2018-04-02_SHARES_670,SHARES,0,originals/bradesco_remuneracao.html.gz; owned_capital_events_fre.json; SEC 6K 20150317/20160404/20180319/20200403,0.0,0.0,,,
BH padrão,2018-04-03,60746948000112,BBDC4,1329.2476295367053,1329.949026085208,BBDC4_2018-04-03_DISTRIBUTION_612,DISTRIBUTION,0,https://www.bradescori.com.br/informacoes-ao-mercado/remuneracao-aos-acionistas/,0.0,25.22221988416174,,,
BH padrão,2018-04-06,02932074000191,HYPE3,1223.365693084023,1230.530482150881,HYPE3_2018-04-06_DISTRIBUTION_432,DISTRIBUTION,0,cache/market.json.gz; SQLite corporate_actions/B3,0.0,259.36536422025915,,,
BH padrão,2018-04-17,02846056000197,CCRO3,2439.9975431483563,2479.7644427636587,CCRO3_2018-04-17_DISTRIBUTION_17,DISTRIBUTION,0,cache/market.json.gz; SQLite corporate_actions/B3,0.0,483.167830325924,,,
BH padrão,2018-04-24,02474103000119,TBLE3,1064.9448477485837,1093.4068746200428,TBLE3_2018-04-24_DISTRIBUTION_360,DISTRIBUTION,0,cache/market.json.gz; SQLite corporate_actions/B3,0.0,1038.8639808082594,,,
BH padrão,2018-04-25,84429695000111,WEGE3,1883.465047115639,2448.504561250331,WEGE3_2018-04-25_SHARES_660,SHARES,0,https://ri.weg.net/4433-2/; owned_capital_events_fre.json; B3,0.0,0.0,,,
BH padrão,2018-05-02,60872504000123,ITUB4,974.5834834662334,974.8836631839334,ITUB4_2018-05-02_DISTRIBUTION_235,DISTRIBUTION,0,cache/market.json.gz; SQLite corporate_actions/B3,0.0,14.6187522519935,,,
BH padrão,2018-05-02,17155730000164,CMIG4,4784.406783662682,5094.055584926254,CMIG4_2018-05-02_DISTRIBUTION_644,DISTRIBUTION,0,https://api.mziq.com/mzfilemanager/v2/d/716a131f-9624-452c-9088-0cd6983c1349/a2eb9f5f-37e1-8913-c1eb-c4281b5e23b2?origin=2,0.0,2393.585233767412,,,
BH padrão,2018-05-03,60746948000112,BBDC4,1329.949026085208,1330.714434903822,BBDC4_2018-05-03_DISTRIBUTION_613,DISTRIBUTION,0,https://www.bradescori.com.br/informacoes-ao-mercado/remuneracao-aos-acionistas/,0.0,25.23552874970284,,,
BH padrão,2018-06-01,60872504000123,ITUB4,974.8836631839334,975.2173750722894,ITUB4_2018-06-01_DISTRIBUTION_234,DISTRIBUTION,0,cache/market.json.gz; SQLite corporate_actions/B3,0.0,14.623254947759001,,,
BH padrão,2018-06-04,60746948000112,BBDC4,1330.714434903822,1331.5513607319904,BBDC4_2018-06-04_DISTRIBUTION_614,DISTRIBUTION,0,https://www.bradescori.com.br/informacoes-ao-mercado/remuneracao-aos-acionistas/,0.0,25.250052235842954,,,
BH padrão,2018-06-27,61585865000151,RADL3,745.9989273453594,747.7360483597876,RADL3_2018-06-27_DISTRIBUTION_480,DISTRIBUTION,0,cache/market.json.gz; SQLite corporate_actions/B3,0.0,114.38941880009473,,,
BH padrão,2018-07-02,84429695000111,WEGE3,2448.504561250331,2454.629961501748,WEGE3_2018-07-02_DISTRIBUTION_75,DISTRIBUTION,0,cache/market.json.gz; SQLite corporate_actions/B3,0.0,95.9237679371913,,,
BH padrão,2018-07-02,60872504000123,ITUB4,975.2173750722894,975.579909412465,ITUB4_2018-07-02_DISTRIBUTION_233,DISTRIBUTION,0,cache/market.json.gz; SQLite corporate_actions/B3,0.0,14.62826062608434,,,
BH padrão,2018-07-02,60746948000112,BBDC4,1331.5513607319904,1341.0659022514137,BBDC4_2018-07-02_DISTRIBUTION_615,DISTRIBUTION,0,https://www.bradescori.com.br/informacoes-ao-mercado/remuneracao-aos-acionistas/,0.0,252.6110773406887,,,
BH padrão,2018-07-03,60746948000112,BBDC4,1355.5975950765487,1356.5241874918022,BBDC4_2018-07-03_DISTRIBUTION_616,DISTRIBUTION,0,https://www.bradescori.com.br/informacoes-ao-mercado/remuneracao-aos-acionistas/,0.0,25.72220544743685,,,
BH padrão,2018-07-04,02932074000191,HYPE3,1278.569539930417,1287.9501306656994,HYPE3_2018-07-04_DISTRIBUTION_431,DISTRIBUTION,0,cache/market.json.gz; SQLite corporate_actions/B3,0.0,262.65654058790557,,,
BH padrão,2018-07-23,84429695000111,WEGE3,2454.629961501748,2465.364981415395,WEGE3_2018-07-23_DISTRIBUTION_74,DISTRIBUTION,0,cache/market.json.gz; SQLite corporate_actions/B3,0.0,202.24777517310943,,,
BH padrão,2018-08-01,60872504000123,ITUB4,975.579909412465,975.90117612248,ITUB4_2018-08-01_DISTRIBUTION_232,DISTRIBUTION,0,cache/market.json.gz; SQLite corporate_actions/B3,0.0,14.633698641186974,,,
BH padrão,2018-08-02,60746948000112,BBDC4,1358.602014720576,1359.435753845296,BBDC4_2018-08-02_DISTRIBUTION_617,DISTRIBUTION,0,https://www.bradescori.com.br/informacoes-ao-mercado/remuneracao-aos-acionistas/,0.0,25.779213736338118,,,
BH padrão,2018-08-20,60872504000123,ITUB4,975.90117612248,993.0924566574191,ITUB4_2018-08-20_DISTRIBUTION_230;ITUB4_2018-08-20_DISTRIBUTION_231,DISTRIBUTION,0,cache/market.json.gz; SQLite corporate_actions/B3,0.0,731.145161150962,,,
BH padrão,2018-08-21,02474103000119,TBLE3,1105.535276656087,1160.428315297319,TBLE3_2018-08-21_DISTRIBUTION_359,DISTRIBUTION,0,cache/market.json.gz; SQLite corporate_actions/B3,0.0,1941.0178463539617,,,
BH padrão,2018-09-03,60872504000123,ITUB4,993.0924566574191,993.4499413430409,ITUB4_2018-09-03_DISTRIBUTION_229,DISTRIBUTION,0,cache/market.json.gz; SQLite corporate_actions/B3,0.0,14.896386849861287,,,
BH padrão,2018-09-04,60746948000112,BBDC4,1371.3268536334556,1372.2737482886328,BBDC4_2018-09-04_DISTRIBUTION_618,DISTRIBUTION,0,https://www.bradescori.com.br/informacoes-ao-mercado/remuneracao-aos-acionistas/,0.0,26.020665124265776,,,
BH padrão,2018-09-24,84429695000111,WEGE3,2465.364981415395,2470.3869794710095,WEGE3_2018-09-24_DISTRIBUTION_73,DISTRIBUTION,0,cache/market.json.gz; SQLite corporate_actions/B3,0.0,96.87434249280435,,,
BH padrão,2018-09-27,61585865000151,RADL3,747.7360483597876,749.3271723734864,RADL3_2018-09-27_DISTRIBUTION_479,DISTRIBUTION,0,cache/market.json.gz; SQLite corporate_actions/B3,0.0,118.06140181645462,,,
BH padrão,2018-10-01,60872504000123,ITUB4,993.7007490626004,994.0424618373812,ITUB4_2018-10-01_DISTRIBUTION_228,DISTRIBUTION,0,cache/market.json.gz; SQLite corporate_actions/B3,0.0,14.905511235939006,,,
BH padrão,2018-10-02,60746948000112,BBDC4,1380.4442942020892,1381.3174164293432,BBDC4_2018-10-02_DISTRIBUTION_619,DISTRIBUTION,0,https://www.bradescori.com.br/informacoes-ao-mercado/remuneracao-aos-acionistas/,0.0,26.193666817624447,,,
BH padrão,2018-10-03,02932074000191,HYPE3,1346.5652916887395,1355.4530677594362,HYPE3_2018-10-03_DISTRIBUTION_430,DISTRIBUTION,0,cache/market.json.gz; SQLite corporate_actions/B3,0.0,268.85522613857376,,,
BH padrão,2018-10-24,02846056000197,CCRO3,3399.8399143783236,3531.846899987911,CCRO3_2018-10-24_DISTRIBUTION_16,DISTRIBUTION,0,cache/market.json.gz; SQLite corporate_actions/B3,0.0,1346.4712532177916,,,
BH padrão,2018-11-01,60872504000123,ITUB4,994.0424618373812,994.341032861161,ITUB4_2018-11-01_DISTRIBUTION_227,DISTRIBUTION,0,cache/market.json.gz; SQLite corporate_actions/B3,0.0,14.910636927560718,,,
BH padrão,2018-11-05,60746948000112,BBDC4,1381.3174164293432,1382.0254184321827,BBDC4_2018-11-05_DISTRIBUTION_620,DISTRIBUTION,0,https://www.bradescori.com.br/informacoes-ao-mercado/remuneracao-aos-acionistas/,0.0,26.210234145120246,,,
BH padrão,2018-11-13,02474103000119,TBLE3,1163.661687499971,1192.6734473478887,TBLE3_2018-11-13_DISTRIBUTION_358,DISTRIBUTION,0,cache/market.json.gz; SQLite corporate_actions/B3,0.0,1163.661687499971,,,
BH padrão,2018-11-21,60872504000123,ITUB4,994.341032861161,1491.5115492917416,ITUB4_2018-11-21_SHARES_664,SHARES,0,https://www.itau.com.br/relacoes-com-investidores/informacoes-ao-mercado/recompra/; owned_capital_events_fre.json; B3,0.0,0.0,,,
BH padrão,2018-12-03,60872504000123,ITUB4,1491.5115492917416,1492.1408790593753,ITUB4_2018-12-03_DISTRIBUTION_226,DISTRIBUTION,0,cache/market.json.gz; SQLite corporate_actions/B3,0.0,22.372673239376123,,,
BH padrão,2018-12-04,60746948000112,BBDC4,1382.0254184321827,1382.7213756600993,BBDC4_2018-12-04_DISTRIBUTION_621,DISTRIBUTION,0,https://www.bradescori.com.br/informacoes-ao-mercado/remuneracao-aos-acionistas/,0.0,26.223668347895746,,,
BH padrão,2018-12-12,02474103000119,TBLE3,1192.6734473478887,1490.8418091848607,TBLE3_2018-12-12_SHARES_675,SHARES,0,originals/engie_bonus_2018_doe.pdf.gz p34; owned_capital_events_fre.json; B3 2025-11-26,0.0,0.0,,,
BH padrão,2018-12-17,61585865000151,RADL3,756.378226097812,758.4900904794739,RADL3_2018-12-17_DISTRIBUTION_478,DISTRIBUTION,0,cache/market.json.gz; SQLite corporate_actions/B3,0.0,128.61254084321232,,,
BH padrão,2018-12-18,60872504000123,ITUB4,1492.1408790593753,1492.5912404864262,ITUB4_2018-12-18_DISTRIBUTION_225,DISTRIBUTION,0,cache/market.json.gz; SQLite corporate_actions/B3,0.0,15.816693318029378,,,
BH padrão,2018-12-26,84429695000111,WEGE3,2532.1342856055876,2539.7920204785287,WEGE3_2018-12-26_DISTRIBUTION_72,DISTRIBUTION,0,cache/market.json.gz; SQLite corporate_actions/B3,0.0,130.18149283999736,,,
BH padrão,2018-12-26,60746948000112,BBDC4,1382.7213756600993,1410.3079064157753,BBDC4_2018-12-26_DISTRIBUTION_622,DISTRIBUTION,0,https://www.bradescori.com.br/informacoes-ao-mercado/remuneracao-aos-acionistas/,0.0,1009.6670256577419,,,
BH padrão,2018-12-26,02932074000191,HYPE3,1409.7491845769207,1416.9921835647035,HYPE3_2018-12-26_DISTRIBUTION_429,DISTRIBUTION,0,cache/market.json.gz; SQLite corporate_actions/B3,0.0,216.56566973470657,,,
BH padrão,2018-12-26,17155730000164,CMIG4,5274.224148172106,5331.7231605092675,CMIG4_2018-12-26_DISTRIBUTION_645,DISTRIBUTION,0,https://api.mziq.com/mzfilemanager/v2/d/716a131f-9624-452c-9088-0cd6983c1349/a2eb9f5f-37e1-8913-c1eb-c4281b5e23b2?origin=2,0.0,759.561952973909,,,
BH padrão,2018-12-27,02474103000119,TBLE3,1490.8418091848607,1512.9034882708272,TBLE3_2018-12-27_DISTRIBUTION_357,DISTRIBUTION,0,cache/market.json.gz; SQLite corporate_actions/B3,0.0,725.3880083465774,,,
BH padrão,2019-01-02,60872504000123,ITUB4,1492.5912404864262,1493.19634504338,ITUB4_2019-01-02_DISTRIBUTION_224,DISTRIBUTION,0,cache/market.json.gz; SQLite corporate_actions/B3,0.0,22.38886860729639,,,
BH padrão,2019-01-03,60746948000112,BBDC4,1410.3079064157753,1410.9641183617152,BBDC4_2019-01-03_DISTRIBUTION_594,DISTRIBUTION,0,https://www.bradescori.com.br/informacoes-ao-mercado/remuneracao-aos-acionistas/,0.0,26.76032315542921,,,
BH padrão,2019-02-01,60872504000123,ITUB4,1493.19634504338,1493.773462929895,ITUB4_2019-02-01_DISTRIBUTION_223,DISTRIBUTION,0,cache/market.json.gz; SQLite corporate_actions/B3,0.0,22.397945175650698,,,
BH padrão,2019-02-04,60746948000112,BBDC4,1410.9641183617152,1411.5503407101226,BBDC4_2019-02-04_DISTRIBUTION_595,DISTRIBUTION,0,https://www.bradescori.com.br/informacoes-ao-mercado/remuneracao-aos-acionistas/,0.0,26.772774651766937,,,
BH padrão,2019-02-22,60872504000123,ITUB4,1493.773462929895,1567.1215701481194,ITUB4_2019-02-22_DISTRIBUTION_221;ITUB4_2019-02-22_DISTRIBUTION_222,DISTRIBUTION,0,cache/market.json.gz; SQLite corporate_actions/B3,0.0,2688.941610620104,,,
BH padrão,2019-02-25,84429695000111,WEGE3,2596.614269702751,2608.275931504481,WEGE3_2019-02-25_DISTRIBUTION_71,DISTRIBUTION,0,cache/market.json.gz; SQLite corporate_actions/B3,0.0,215.27427685993726,,,
BH padrão,2019-03-01,60872504000123,ITUB4,1567.1215701481194,1567.7962780571959,ITUB4_2019-03-01_DISTRIBUTION_220,DISTRIBUTION,0,cache/market.json.gz; SQLite corporate_actions/B3,0.0,23.50682355222179,,,
BH padrão,2019-03-06,60746948000112,BBDC4,1411.5503407101226,1412.1848798740377,BBDC4_2019-03-06_DISTRIBUTION_596,DISTRIBUTION,0,https://www.bradescori.com.br/informacoes-ao-mercado/remuneracao-aos-acionistas/,0.0,26.783898108859496,,,
BH padrão,2019-03-25,84429695000111,WEGE3,2639.490059831354,2646.273193407031,WEGE3_2019-03-25_DISTRIBUTION_70,DISTRIBUTION,0,cache/market.json.gz; SQLite corporate_actions/B3,0.0,122.50339237672874,,,
BH padrão,2019-03-27,61585865000151,RADL3,789.2070499203164,791.3284988663721,RADL3_2019-03-27_DISTRIBUTION_477,DISTRIBUTION,0,cache/market.json.gz; SQLite corporate_actions/B3,0.0,136.47281069975995,,,
BH padrão,2019-04-01,60872504000123,ITUB4,1569.3316853126298,1570.020794659225,ITUB4_2019-04-01_DISTRIBUTION_219,DISTRIBUTION,0,cache/market.json.gz; SQLite corporate_actions/B3,0.0,23.539975279689447,,,
BH padrão,2019-04-01,60746948000112,BBDC4,1412.1848798740377,1694.6218558488451,BBDC4_2019-04-01_SHARES_671,SHARES,0,originals/bradesco_remuneracao.html.gz; owned_capital_events_fre.json; SEC 6K 20150317/20160404/20180319/20200403,0.0,0.0,,,
BH padrão,2019-04-02,60746948000112,BBDC4,1694.6218558488451,1695.5253435150985,BBDC4_2019-04-02_DISTRIBUTION_597,DISTRIBUTION,0,https://www.bradescori.com.br/informacoes-ao-mercado/remuneracao-aos-acionistas/,0.0,32.15512604195737,,,
BH padrão,2019-04-12,02932074000191,HYPE3,1551.7573298822545,1553.3837146512924,HYPE3_2019-04-12_DISTRIBUTION_428,DISTRIBUTION,0,cache/market.json.gz; SQLite corporate_actions/B3,0.0,40.91984078899505,,,
BH padrão,2019-05-02,60872504000123,ITUB4,1572.5710307937854,1573.2639968766853,ITUB4_2019-05-02_DISTRIBUTION_218,DISTRIBUTION,0,cache/market.json.gz; SQLite corporate_actions/B3,0.0,23.588565461906782,,,
BH padrão,2019-05-03,60746948000112,BBDC4,1695.5253435150985,1696.4200117450166,BBDC4_2019-05-03_DISTRIBUTION_598,DISTRIBUTION,0,https://www.bradescori.com.br/informacoes-ao-mercado/remuneracao-aos-acionistas/,0.0,32.17226954785838,,,
BH padrão,2019-05-06,17155730000164,CMIG4,5331.7231605092675,5503.281347230196,CMIG4_2019-05-06_DISTRIBUTION_646,DISTRIBUTION,0,https://api.mziq.com/mzfilemanager/v2/d/716a131f-9624-452c-9088-0cd6983c1349/a2eb9f5f-37e1-8913-c1eb-c4281b5e23b2?origin=2,0.0,2403.5301959602116,,,
BH padrão,2019-05-07,02474103000119,TBLE3,1514.6124062936826,1517.986435850779,TBLE3_2019-05-07_DISTRIBUTION_356,DISTRIBUTION,0,cache/market.json.gz; SQLite corporate_actions/B3,0.0,142.3840473094577,,,
BH padrão,2019-05-08,02846056000197,CCRO3,3882.094693401683,3976.9217849874162,CCRO3_2019-05-08_DISTRIBUTION_15,DISTRIBUTION,0,cache/market.json.gz; SQLite corporate_actions/B3,0.0,1153.097433682515,,,
BH padrão,2019-06-03,60872504000123,ITUB4,1579.773995849047,1580.449497842711,ITUB4_2019-06-03_DISTRIBUTION_217,DISTRIBUTION,0,cache/market.json.gz; SQLite corporate_actions/B3,0.0,23.696609937735705,,,
BH padrão,2019-06-04,60746948000112,BBDC4,1696.4200117450166,1697.2888172971527,BBDC4_2019-06-04_DISTRIBUTION_600,DISTRIBUTION,0,https://www.bradescori.com.br/informacoes-ao-mercado/remuneracao-aos-acionistas/,0.0,32.18924570663945,,,
BH padrão,2019-06-27,61585865000151,RADL3,801.3994105728705,803.1124349222805,RADL3_2019-06-27_DISTRIBUTION_476,DISTRIBUTION,0,cache/market.json.gz; SQLite corporate_actions/B3,0.0,130.06993885070682,,,
BH padrão,2019-07-01,84429695000111,WEGE3,2725.4614377891626,2730.877295039541,WEGE3_2019-07-01_DISTRIBUTION_69,DISTRIBUTION,0,cache/market.json.gz; SQLite corporate_actions/B3,0.0,116.8741994631624,,,
BH padrão,2019-07-01,60872504000123,ITUB4,1589.13730728348,1589.7979796673283,ITUB4_2019-07-01_DISTRIBUTION_216,DISTRIBUTION,0,cache/market.json.gz; SQLite corporate_actions/B3,0.0,23.837059609252197,,,
BH padrão,2019-07-01,60746948000112,BBDC4,1697.2888172971527,1705.849238368503,BBDC4_2019-07-01_DISTRIBUTION_599,DISTRIBUTION,0,https://www.bradescori.com.br/informacoes-ao-mercado/remuneracao-aos-acionistas/,0.0,322.12864491490706,,,
BH padrão,2019-07-02,60746948000112,BBDC4,1705.849238368503,1706.7071276735874,BBDC4_2019-07-02_DISTRIBUTION_601,DISTRIBUTION,0,https://www.bradescori.com.br/informacoes-ao-mercado/remuneracao-aos-acionistas/,0.0,32.368163480837815,,,
BH padrão,2019-07-03,02932074000191,HYPE3,1656.1635370683182,1670.6916264075564,HYPE3_2019-07-03_DISTRIBUTION_427,DISTRIBUTION,0,cache/market.json.gz; SQLite corporate_actions/B3,0.0,423.3485233454035,,,
BH padrão,2019-07-29,84429695000111,WEGE3,2742.3641983710577,2752.7268434693156,WEGE3_2019-07-29_DISTRIBUTION_68,DISTRIBUTION,0,cache/market.json.gz; SQLite corporate_actions/B3,0.0,244.35117141692496,,,
BH padrão,2019-08-01,60872504000123,ITUB4,1600.350802949281,1601.0390272051363,ITUB4_2019-08-01_DISTRIBUTION_215,DISTRIBUTION,0,cache/market.json.gz; SQLite corporate_actions/B3,0.0,24.005262044239213,,,
BH padrão,2019-08-02,60746948000112,BBDC4,1722.1833300503436,1723.1366001714255,BBDC4_2019-08-02_DISTRIBUTION_602,DISTRIBUTION,0,https://www.bradescori.com.br/informacoes-ao-mercado/remuneracao-aos-acionistas/,0.0,32.67809975068923,,,
BH padrão,2019-08-16,60872504000123,ITUB4,1622.429569847239,1659.5966682027788,ITUB4_2019-08-16_DISTRIBUTION_214,DISTRIBUTION,0,cache/market.json.gz; SQLite corporate_actions/B3,0.0,1276.6898285127925,,,
BH padrão,2019-09-02,60872504000123,ITUB4,1659.5966682027788,1660.3397711885411,ITUB4_2019-09-02_DISTRIBUTION_213,DISTRIBUTION,0,cache/market.json.gz; SQLite corporate_actions/B3,0.0,24.893950023041683,,,
BH padrão,2019-09-03,60746948000112,BBDC4,1745.6887054684594,1746.7218966649573,BBDC4_2019-09-03_DISTRIBUTION_603,DISTRIBUTION,0,https://www.bradescori.com.br/informacoes-ao-mercado/remuneracao-aos-acionistas/,0.0,33.12410975972127,,,
BH padrão,2019-09-23,84429695000111,WEGE3,2761.4467983770687,2766.111857996985,WEGE3_2019-09-23_DISTRIBUTION_67,DISTRIBUTION,0,cache/market.json.gz; SQLite corporate_actions/B3,0.0,112.89444280197115,,,
BH padrão,2019-09-27,61585865000151,RADL3,803.1124349222805,804.4299896849693,RADL3_2019-09-27_DISTRIBUTION_475,DISTRIBUTION,0,cache/market.json.gz; SQLite corporate_actions/B3,0.0,126.6828904325333,,,
BH padrão,2019-10-01,60872504000123,ITUB4,1683.7022008583858,1684.440235136962,ITUB4_2019-10-01_DISTRIBUTION_212,DISTRIBUTION,0,cache/market.json.gz; SQLite corporate_actions/B3,0.0,25.255533012875787,,,
BH padrão,2019-10-02,60746948000112,BBDC4,1769.9456320781608,1770.9902473288316,BBDC4_2019-10-02_DISTRIBUTION_605,DISTRIBUTION,0,https://www.bradescori.com.br/informacoes-ao-mercado/remuneracao-aos-acionistas/,0.0,33.58438030906737,,,
BH padrão,2019-10-03,02932074000191,HYPE3,1755.034098124693,1768.6982157356108,HYPE3_2019-10-03_DISTRIBUTION_426,DISTRIBUTION,0,cache/market.json.gz; SQLite corporate_actions/B3,0.0,448.1830576381028,,,
BH padrão,2019-10-18,60746948000112,BBDC4,1770.9902473288316,1825.6828469332709,BBDC4_2019-10-18_DISTRIBUTION_604,DISTRIBUTION,0,https://www.bradescori.com.br/informacoes-ao-mercado/remuneracao-aos-acionistas/,0.0,1848.0629406340004,,,
BH padrão,2019-10-21,02846056000197,CCRO3,4071.079282600639,4180.396226425471,CCRO3_2019-10-21_DISTRIBUTION_14,DISTRIBUTION,0,cache/market.json.gz; SQLite corporate_actions/B3,0.0,1894.4626364843261,,,
BH padrão,2019-11-01,60872504000123,ITUB4,1709.2608177738061,1709.9661523616082,ITUB4_2019-11-01_DISTRIBUTION_211,DISTRIBUTION,0,cache/market.json.gz; SQLite corporate_actions/B3,0.0,25.63891226660709,,,
BH padrão,2019-11-04,60746948000112,BBDC4,1845.506715842054,1846.5103884543016,BBDC4_2019-11-04_DISTRIBUTION_606,DISTRIBUTION,0,https://www.bradescori.com.br/informacoes-ao-mercado/remuneracao-aos-acionistas/,0.0,35.01813744132025,,,
BH padrão,2019-12-02,60872504000123,ITUB4,1732.9304095531963,1733.6671996933126,ITUB4_2019-12-02_DISTRIBUTION_210,DISTRIBUTION,0,cache/market.json.gz; SQLite corporate_actions/B3,0.0,25.993956143297943,,,
BH padrão,2019-12-03,60746948000112,BBDC4,1868.9120807282925,1869.9646853519082,BBDC4_2019-12-03_DISTRIBUTION_607,DISTRIBUTION,0,https://www.bradescori.com.br/informacoes-ao-mercado/remuneracao-aos-acionistas/,0.0,35.46224976961193,,,
BH padrão,2019-12-03,02474103000119,TBLE3,1520.737751581699,1571.3015125725735,TBLE3_2019-12-03_DISTRIBUTION_354;TBLE3_2019-12-03_DISTRIBUTION_355,DISTRIBUTION,0,cache/market.json.gz; SQLite corporate_actions/B3,0.0,2324.921730360412,,,
BH padrão,2019-12-12,61585865000151,RADL3,804.4299896849693,805.5839184904562,RADL3_2019-12-12_DISTRIBUTION_474,DISTRIBUTION,0,cache/market.json.gz; SQLite corporate_actions/B3,0.0,119.57010282454858,,,
BH padrão,2019-12-13,60872504000123,ITUB4,1756.9350541406484,1758.752473050963,ITUB4_2019-12-13_DISTRIBUTION_209,DISTRIBUTION,0,cache/market.json.gz; SQLite corporate_actions/B3,0.0,65.99048063352276,,,
BH padrão,2019-12-20,60746948000112,BBDC4,1869.9646853519082,1898.9765173177034,BBDC4_2019-12-20_DISTRIBUTION_608,DISTRIBUTION,0,https://www.bradescori.com.br/informacoes-ao-mercado/remuneracao-aos-acionistas/,0.0,1035.4322828592265,,,
BH padrão,2019-12-23,84429695000111,WEGE3,2766.34157396305,2769.471845741236,WEGE3_2019-12-23_DISTRIBUTION_66,DISTRIBUTION,0,cache/market.json.gz; SQLite corporate_actions/B3,0.0,105.77188338489997,,,
BH padrão,2019-12-26,02932074000191,HYPE3,1817.8646018360766,1833.3090901483529,HYPE3_2019-12-26_DISTRIBUTION_425,DISTRIBUTION,0,cache/market.json.gz; SQLite corporate_actions/B3,0.0,553.067126462608,,,
BH padrão,2019-12-26,17155730000164,CMIG4,5503.623172616329,5613.901598243067,CMIG4_2019-12-26_DISTRIBUTION_647,DISTRIBUTION,0,https://api.mziq.com/mzfilemanager/v2/d/716a131f-9624-452c-9088-0cd6983c1349/a2eb9f5f-37e1-8913-c1eb-c4281b5e23b2?origin=2,0.0,1509.7116468300585,,,
BH padrão,2020-01-02,60872504000123,ITUB4,1758.752473050963,1759.4461697928975,ITUB4_2020-01-02_DISTRIBUTION_208,DISTRIBUTION,0,cache/market.json.gz; SQLite corporate_actions/B3,0.0,26.381287095764446,,,
BH padrão,2020-01-03,60746948000112,BBDC4,1914.3106214586649,1915.2789946500498,BBDC4_2020-01-03_DISTRIBUTION_580,DISTRIBUTION,0,https://www.bradescori.com.br/informacoes-ao-mercado/remuneracao-aos-acionistas/,0.0,36.32367840884947,,,
BH padrão,2020-02-03,60872504000123,ITUB4,1782.4832331013515,1783.2959154264738,ITUB4_2020-02-03_DISTRIBUTION_207,DISTRIBUTION,0,cache/market.json.gz; SQLite corporate_actions/B3,0.0,26.737248496520273,,,
BH padrão,2020-02-04,60746948000112,BBDC4,1938.5950415250124,1939.7063548374379,BBDC4_2020-02-04_DISTRIBUTION_582,DISTRIBUTION,0,https://www.bradescori.com.br/informacoes-ao-mercado/remuneracao-aos-acionistas/,0.0,36.78447064128418,,,
BH padrão,2020-02-18,60746948000112,BBDC4,1939.7063548374379,1943.5794384915257,BBDC4_2020-02-18_DISTRIBUTION_581,DISTRIBUTION,0,https://www.bradescori.com.br/informacoes-ao-mercado/remuneracao-aos-acionistas/,0.0,124.20979278659672,,,
BH padrão,2020-02-21,60872504000123,ITUB4,1812.960757586335,1868.8086032002323,ITUB4_2020-02-21_DISTRIBUTION_205;ITUB4_2020-02-21_DISTRIBUTION_206,DISTRIBUTION,0,cache/market.json.gz; SQLite corporate_actions/B3,0.0,1825.1075946621634,,,
BH padrão,2020-02-26,84429695000111,WEGE3,2769.471845741236,2779.393060871843,WEGE3_2020-02-26_DISTRIBUTION_65,DISTRIBUTION,0,cache/market.json.gz; SQLite corporate_actions/B3,0.0,464.6105045663241,,,
BH padrão,2020-03-02,60872504000123,ITUB4,1868.8086032002323,1869.6879046132813,ITUB4_2020-03-02_DISTRIBUTION_204,DISTRIBUTION,0,cache/market.json.gz; SQLite corporate_actions/B3,0.0,28.032129048003483,,,
BH padrão,2020-03-03,60746948000112,BBDC4,1968.8058573707615,1970.0461533568734,BBDC4_2020-03-03_DISTRIBUTION_583,DISTRIBUTION,0,https://www.bradescori.com.br/informacoes-ao-mercado/remuneracao-aos-acionistas/,0.0,37.35771510169144,,,
BH padrão,2020-03-23,84429695000111,WEGE3,2779.393060871843,2781.7804405973266,WEGE3_2020-03-23_DISTRIBUTION_64,DISTRIBUTION,0,cache/market.json.gz; SQLite corporate_actions/B3,0.0,84.03576633702006,,,
BH padrão,2020-03-27,61585865000151,RADL3,805.5839184904562,806.6550020748537,RADL3_2020-03-27_DISTRIBUTION_473,DISTRIBUTION,0,cache/market.json.gz; SQLite corporate_actions/B3,0.0,114.77731690403085,,,
BH padrão,2020-03-30,02932074000191,HYPE3,1881.4035659288074,1899.4172390287786,HYPE3_2020-03-30_DISTRIBUTION_424,DISTRIBUTION,0,cache/market.json.gz; SQLite corporate_actions/B3,0.0,553.0197641691136,,,
BH padrão,2020-04-01,60872504000123,ITUB4,1894.7655234102642,1896.0936300855517,ITUB4_2020-04-01_DISTRIBUTION_203,DISTRIBUTION,0,cache/market.json.gz; SQLite corporate_actions/B3,0.0,28.42148285115396,,,
BH padrão,2020-04-02,60746948000112,BBDC4,2008.2711152238928,2010.181218523722,BBDC4_2020-04-02_DISTRIBUTION_584,DISTRIBUTION,0,https://www.bradescori.com.br/informacoes-ao-mercado/remuneracao-aos-acionistas/,0.0,38.10656083159036,,,
BH padrão,2020-04-13,02846056000197,CCRO3,4251.417526818818,4352.441309634214,CCRO3_2020-04-13_DISTRIBUTION_13,DISTRIBUTION,0,cache/market.json.gz; SQLite corporate_actions/B3,0.0,1262.7972851924455,,,
BH padrão,2020-04-14,60746948000112,BBDC4,2010.181218523722,2211.1993403760944,BBDC4_2020-04-14_SHARES_672,SHARES,0,originals/bradesco_remuneracao.html.gz; owned_capital_events_fre.json; SEC 6K 20150317/20160404/20180319/20200403,0.0,0.0,,,
BH padrão,2020-04-14,61585865000151,RADL3,806.6550020748537,807.1487439176418,RADL3_2020-04-14_DISTRIBUTION_472,DISTRIBUTION,0,cache/market.json.gz; SQLite corporate_actions/B3,0.0,49.32481009453679,,,
BH padrão,2020-05-04,60872504000123,ITUB4,1928.843597740964,1930.1653270221937,ITUB4_2020-05-04_DISTRIBUTION_202,DISTRIBUTION,0,cache/market.json.gz; SQLite corporate_actions/B3,0.0,28.932653966114458,,,
BH padrão,2020-05-05,60746948000112,BBDC4,2253.3223725300727,2255.6587857341265,BBDC4_2020-05-05_DISTRIBUTION_585,DISTRIBUTION,0,https://www.bradescori.com.br/informacoes-ao-mercado/remuneracao-aos-acionistas/,0.0,42.75636163418498,,,
BH padrão,2020-06-01,60872504000123,ITUB4,1962.5560164702606,1963.8002404874649,ITUB4_2020-06-01_DISTRIBUTION_201,DISTRIBUTION,0,cache/market.json.gz; SQLite corporate_actions/B3,0.0,29.438340247053908,,,
BH padrão,2020-06-02,60746948000112,BBDC4,2300.2513391723783,2302.36294196932,BBDC4_2020-06-02_DISTRIBUTION_586,DISTRIBUTION,0,https://www.bradescori.com.br/informacoes-ao-mercado/remuneracao-aos-acionistas/,0.0,43.646829812790095,,,
BH padrão,2020-06-26,61585865000151,RADL3,807.1487439176418,808.2535531419478,RADL3_2020-06-26_DISTRIBUTION_471,DISTRIBUTION,0,cache/market.json.gz; SQLite corporate_actions/B3,0.0,119.89389702169133,,,
BH padrão,2020-06-29,84429695000111,WEGE3,2781.7804405973266,2783.9110935017675,WEGE3_2020-06-29_DISTRIBUTION_63,DISTRIBUTION,0,cache/market.json.gz; SQLite corporate_actions/B3,0.0,106.36219298968832,,,
BH padrão,2020-06-29,02932074000191,HYPE3,1925.0907237063202,1941.901044340077,HYPE3_2020-06-29_DISTRIBUTION_423,DISTRIBUTION,0,cache/market.json.gz; SQLite corporate_actions/B3,0.0,564.9948765005679,,,
BH padrão,2020-07-01,60872504000123,ITUB4,1998.3892544538974,1999.5377540254226,ITUB4_2020-07-01_DISTRIBUTION_200,DISTRIBUTION,0,cache/market.json.gz; SQLite corporate_actions/B3,0.0,29.97583881680846,,,
BH padrão,2020-07-02,60746948000112,BBDC4,2337.2756121668913,2339.3665767270622,BBDC4_2020-07-02_DISTRIBUTION_587,DISTRIBUTION,0,https://www.bradescori.com.br/informacoes-ao-mercado/remuneracao-aos-acionistas/,0.0,44.349358321224834,,,
BH padrão,2020-07-27,84429695000111,WEGE3,2783.9110935017675,2788.957617491398,WEGE3_2020-07-27_DISTRIBUTION_62,DISTRIBUTION,0,cache/market.json.gz; SQLite corporate_actions/B3,0.0,353.0043530746628,,,
BH padrão,2020-08-03,60872504000123,ITUB4,2024.200634610167,2025.3136481555905,ITUB4_2020-08-03_DISTRIBUTION_199,DISTRIBUTION,0,cache/market.json.gz; SQLite corporate_actions/B3,0.0,30.363009519152506,,,
BH padrão,2020-08-03,17155730000164,CMIG4,5764.953836814815,6129.374516705306,CMIG4_2020-08-03_DISTRIBUTION_648;CMIG4_2020-08-03_SHARES_677,DISTRIBUTION;SHARES,0,https://api.mziq.com/mzfilemanager/v2/d/716a131f-9624-452c-9088-0cd6983c1349/a2eb9f5f-37e1-8913-c1eb-c4281b5e23b2?origin=2;https://api.mziq.com/mzfilemanager/v2/d/716a131f-9624-452c-9088-0cd6983c1349/a2eb9f5f-37e1-8913-c1eb-c4281b5e23b2?origin=2; owned_capital_events_fre.json; B3 2024-04-29,0.0,1439.7876422737002,,,
BH padrão,2020-08-04,60746948000112,BBDC4,2369.8213013824925,2371.8916009477716,BBDC4_2020-08-04_DISTRIBUTION_588,DISTRIBUTION,0,https://www.bradescori.com.br/informacoes-ao-mercado/remuneracao-aos-acionistas/,0.0,44.96690655786423,,,
BH padrão,2020-08-10,02474103000119,TBLE3,1589.968257701031,1619.1138299785653,TBLE3_2020-08-10_DISTRIBUTION_353,DISTRIBUTION,0,cache/market.json.gz; SQLite corporate_actions/B3,0.0,1320.585879895077,,,
BH padrão,2020-08-18,60872504000123,ITUB4,2047.4958708447934,2051.964209605837,ITUB4_2020-08-18_DISTRIBUTION_198,DISTRIBUTION,0,cache/market.json.gz; SQLite corporate_actions/B3,0.0,108.31253156768958,,,
BH padrão,2020-09-01,60872504000123,ITUB4,2051.964209605837,2053.228772594501,ITUB4_2020-09-01_DISTRIBUTION_197,DISTRIBUTION,0,cache/market.json.gz; SQLite corporate_actions/B3,0.0,30.779463144087554,,,
BH padrão,2020-09-02,60746948000112,BBDC4,2401.789278557783,2403.94711439201,BBDC4_2020-09-02_DISTRIBUTION_589,DISTRIBUTION,0,https://www.bradescori.com.br/informacoes-ao-mercado/remuneracao-aos-acionistas/,0.0,45.573492818881725,,,
BH padrão,2020-09-21,61585865000151,RADL3,808.2535531419478,4041.2677657097393,RADL3_2020-09-21_SHARES_681,SHARES,0,https://ri.rd.com.br/Download.aspx?Arquivo=HFkRorg9OyPF+k5NkdNbXw%3D%3D; originals/radl_bonus_2023.pdf.gz; owned_capital_events_fre.json; B3,0.0,0.0,,,
BH padrão,2020-09-25,61585865000151,RADL3,4041.2677657097393,4046.582653826872,RADL3_2020-09-25_DISTRIBUTION_470,DISTRIBUTION,0,cache/market.json.gz; SQLite corporate_actions/B3,0.0,122.50817109991262,,,
BH padrão,2020-09-28,84429695000111,WEGE3,2788.957617491398,2790.486270838226,WEGE3_2020-09-28_DISTRIBUTION_61,DISTRIBUTION,0,cache/market.json.gz; SQLite corporate_actions/B3,0.0,96.13700898200759,,,
BH padrão,2020-09-28,17155730000164,CMIG4,6182.589362287009,6230.499940102891,CMIG4_2020-09-28_DISTRIBUTION_649,DISTRIBUTION,0,https://api.mziq.com/mzfilemanager/v2/d/716a131f-9624-452c-9088-0cd6983c1349/a2eb9f5f-37e1-8913-c1eb-c4281b5e23b2?origin=2,0.0,488.6878937219932,,,
BH padrão,2020-10-01,60872504000123,ITUB4,2079.404529200406,2080.7895677411702,ITUB4_2020-10-01_DISTRIBUTION_196,DISTRIBUTION,0,cache/market.json.gz; SQLite corporate_actions/B3,0.0,31.191067938006093,,,
BH padrão,2020-10-02,02846056000197,CCRO3,4498.356410976452,4565.225257614028,CCRO3_2020-10-02_DISTRIBUTION_12,DISTRIBUTION,0,cache/market.json.gz; SQLite corporate_actions/B3,0.0,831.1797637050702,,,
BH padrão,2020-10-02,60746948000112,BBDC4,2435.1472618946505,2437.4999326778134,BBDC4_2020-10-02_DISTRIBUTION_590,DISTRIBUTION,0,https://www.bradescori.com.br/informacoes-ao-mercado/remuneracao-aos-acionistas/,0.0,46.20645418132397,,,
BH padrão,2020-10-26,02932074000191,HYPE3,1982.2585793483318,2000.9395168609162,HYPE3_2020-10-26_DISTRIBUTION_422,DISTRIBUTION,0,cache/market.json.gz; SQLite corporate_actions/B3,0.0,580.6035378911264,,,
BH padrão,2020-11-03,60872504000123,ITUB4,2107.820728288971,2109.135924250882,ITUB4_2020-11-03_DISTRIBUTION_195,DISTRIBUTION,0,cache/market.json.gz; SQLite corporate_actions/B3,0.0,31.617310924334568,,,
BH padrão,2020-11-04,60746948000112,BBDC4,2461.7558537071773,2464.014622910694,BBDC4_2020-11-04_DISTRIBUTION_591,DISTRIBUTION,0,https://www.bradescori.com.br/informacoes-ao-mercado/remuneracao-aos-acionistas/,0.0,46.71134712872563,,,
BH padrão,2020-12-01,60872504000123,ITUB4,2130.254776024432,2131.3288540627636,ITUB4_2020-12-01_DISTRIBUTION_194,DISTRIBUTION,0,cache/market.json.gz; SQLite corporate_actions/B3,0.0,31.953821640366478,,,
BH padrão,2020-12-02,60746948000112,BBDC4,2483.354744280902,2485.172691115469,BBDC4_2020-12-02_DISTRIBUTION_592,DISTRIBUTION,0,https://www.bradescori.com.br/informacoes-ao-mercado/remuneracao-aos-acionistas/,0.0,47.12118195197396,,,
BH padrão,2020-12-11,60872504000123,ITUB4,2147.894064558548,2152.2831797141125,ITUB4_2020-12-11_DISTRIBUTION_193,DISTRIBUTION,0,cache/market.json.gz; SQLite corporate_actions/B3,0.0,137.37930436916474,,,
BH padrão,2020-12-17,61585865000151,RADL3,4046.582653826872,4051.0345725096163,RADL3_2020-12-17_DISTRIBUTION_469,DISTRIBUTION,0,cache/market.json.gz; SQLite corporate_actions/B3,0.0,115.30469388307989,,,
BH padrão,2020-12-21,84429695000111,WEGE3,2790.486270838226,2791.915512605796,WEGE3_2020-12-21_DISTRIBUTION_60,DISTRIBUTION,0,cache/market.json.gz; SQLite corporate_actions/B3,0.0,102.91969968270907,,,
BH padrão,2020-12-21,02474103000119,TBLE3,1644.9096707450533,1678.7169172048023,TBLE3_2020-12-21_DISTRIBUTION_351;TBLE3_2020-12-21_DISTRIBUTION_352,DISTRIBUTION,0,cache/market.json.gz; SQLite corporate_actions/B3,0.0,1470.6152209990796,,,
BH padrão,2020-12-29,60746948000112,BBDC4,2485.172691115469,2522.6600133571155,BBDC4_2020-12-29_DISTRIBUTION_593,DISTRIBUTION,0,https://www.bradescori.com.br/informacoes-ao-mercado/remuneracao-aos-acionistas/,0.0,1032.025981312518,,,
BH padrão,2020-12-29,02932074000191,HYPE3,2032.66044123348,2049.815040951498,HYPE3_2020-12-29_DISTRIBUTION_421,DISTRIBUTION,0,cache/market.json.gz; SQLite corporate_actions/B3,0.0,595.2646102152246,,,
BH padrão,2021-01-04,60872504000123,ITUB4,2152.2831797141125,2153.327977374168,ITUB4_2021-01-04_DISTRIBUTION_192,DISTRIBUTION,0,cache/market.json.gz; SQLite corporate_actions/B3,0.0,32.284247695711684,,,
BH padrão,2021-01-04,17155730000164,CMIG4,6295.902312964167,6423.037446378506,CMIG4_2021-01-04_DISTRIBUTION_650,DISTRIBUTION,0,https://api.mziq.com/mzfilemanager/v2/d/716a131f-9624-452c-9088-0cd6983c1349/a2eb9f5f-37e1-8913-c1eb-c4281b5e23b2?origin=2,0.0,1797.6907864787452,,,
BH padrão,2021-01-05,60746948000112,BBDC4,2541.729000734796,2543.56628920408,BBDC4_2021-01-05_DISTRIBUTION_564,DISTRIBUTION,0,https://www.bradescori.com.br/informacoes-ao-mercado/remuneracao-aos-acionistas/,0.0,48.228822318703614,,,
BH padrão,2021-01-26,60872504000123,ITUB4,2169.724797491606,2173.5773070789396,ITUB4_2021-01-26_DISTRIBUTION_191,DISTRIBUTION,0,cache/market.json.gz; SQLite corporate_actions/B3,0.0,108.83339584217896,,,
BH padrão,2021-02-01,60872504000123,ITUB4,2173.5773070789396,2174.6984783171165,ITUB4_2021-02-01_DISTRIBUTION_190,DISTRIBUTION,0,cache/market.json.gz; SQLite corporate_actions/B3,0.0,32.603659606184095,,,
BH padrão,2021-02-02,60746948000112,BBDC4,2563.617264037961,2565.552964313895,BBDC4_2021-02-02_DISTRIBUTION_565,DISTRIBUTION,0,https://www.bradescori.com.br/informacoes-ao-mercado/remuneracao-aos-acionistas/,0.0,48.64414793422287,,,
BH padrão,2021-02-18,60746948000112,BBDC4,2565.552964313895,2567.8004013787595,BBDC4_2021-02-18_DISTRIBUTION_566,DISTRIBUTION,0,https://www.bradescori.com.br/informacoes-ao-mercado/remuneracao-aos-acionistas/,0.0,55.9836572857824,,,
BH padrão,2021-02-26,60872504000123,ITUB4,2192.6711310803676,2205.2853835869864,ITUB4_2021-02-26_DISTRIBUTION_188;ITUB4_2021-02-26_DISTRIBUTION_189,DISTRIBUTION,0,cache/market.json.gz; SQLite corporate_actions/B3,0.0,322.29415154411,,,
BH padrão,2021-03-01,84429695000111,WEGE3,2791.915512605796,2804.4203483808474,WEGE3_2021-03-01_DISTRIBUTION_59,DISTRIBUTION,0,cache/market.json.gz; SQLite corporate_actions/B3,0.0,975.3771904540284,,,
BH padrão,2021-03-01,60872504000123,ITUB4,2205.2853835869864,2206.6208410255736,ITUB4_2021-03-01_DISTRIBUTION_187,DISTRIBUTION,0,cache/market.json.gz; SQLite corporate_actions/B3,0.0,33.079280753804795,,,
BH padrão,2021-03-02,60746948000112,BBDC4,2590.2792174408305,2592.43303222644,BBDC4_2021-03-02_DISTRIBUTION_567,DISTRIBUTION,0,https://www.bradescori.com.br/informacoes-ao-mercado/remuneracao-aos-acionistas/,0.0,49.15005340760923,,,
BH padrão,2021-03-12,61585865000151,RADL3,4051.0345725096163,4055.5000873697936,RADL3_2021-03-12_DISTRIBUTION_468,DISTRIBUTION,0,cache/market.json.gz; SQLite corporate_actions/B3,0.0,108.02080446769233,,,
BH padrão,2021-03-26,60872504000123,ITUB4,2228.5404271232806,2232.560850608479,ITUB4_2021-03-26_DISTRIBUTION_186,DISTRIBUTION,0,cache/market.json.gz; SQLite corporate_actions/B3,0.0,112.85328722952292,,,
BH padrão,2021-03-29,84429695000111,WEGE3,2804.4203483808474,2805.735957160066,WEGE3_2021-03-29_DISTRIBUTION_58,DISTRIBUTION,0,cache/market.json.gz; SQLite corporate_actions/B3,0.0,94.85539298164969,,,
BH padrão,2021-03-29,02932074000191,HYPE3,2088.889507616966,2108.9227364631524,HYPE3_2021-03-29_DISTRIBUTION_420,DISTRIBUTION,0,cache/market.json.gz; SQLite corporate_actions/B3,0.0,645.0699688471952,,,
BH padrão,2021-04-01,60872504000123,ITUB4,2232.560850608479,2233.796585396639,ITUB4_2021-04-01_DISTRIBUTION_185,DISTRIBUTION,0,cache/market.json.gz; SQLite corporate_actions/B3,0.0,33.488412759127186,,,
BH padrão,2021-04-05,60746948000112,BBDC4,2609.593484184691,2611.497234201225,BBDC4_2021-04-05_DISTRIBUTION_568,DISTRIBUTION,0,https://www.bradescori.com.br/informacoes-ao-mercado/remuneracao-aos-acionistas/,0.0,49.51653793004903,,,
BH padrão,2021-04-09,02846056000197,CCRO3,4838.652669152892,4873.1538208222755,CCRO3_2021-04-09_DISTRIBUTION_11,DISTRIBUTION,0,cache/market.json.gz; SQLite corporate_actions/B3,0.0,434.7145110342434,,,
BH padrão,2021-04-19,60746948000112,BBDC4,2611.497234201225,2872.646957621348,BBDC4_2021-04-19_SHARES_673,SHARES,0,originals/bradesco_remuneracao.html.gz; owned_capital_events_fre.json; SEC 6K 20150317/20160404/20180319/20200403,0.0,0.0,,,
BH padrão,2021-04-28,84429695000111,WEGE3,2805.735957160066,5611.471914320132,WEGE3_2021-04-28_SHARES_661,SHARES,0,https://ri.weg.net/4433-2/; owned_capital_events_fre.json; B3,0.0,0.0,,,
BH padrão,2021-04-28,60872504000123,ITUB4,2254.5473103439417,2259.061200173372,ITUB4_2021-04-28_DISTRIBUTION_184,DISTRIBUTION,0,cache/market.json.gz; SQLite corporate_actions/B3,0.0,127.33683208822583,,,
BH padrão,2021-05-03,60872504000123,ITUB4,2259.061200173372,2260.2757492057235,ITUB4_2021-05-03_DISTRIBUTION_183,DISTRIBUTION,0,cache/market.json.gz; SQLite corporate_actions/B3,0.0,33.88591800260058,,,
BH padrão,2021-05-03,17155730000164,CMIG4,6458.852097973611,7527.936792415661,CMIG4_2021-05-03_DISTRIBUTION_651;CMIG4_2021-05-03_SHARES_678,DISTRIBUTION;SHARES,0,https://api.mziq.com/mzfilemanager/v2/d/716a131f-9624-452c-9088-0cd6983c1349/a2eb9f5f-37e1-8913-c1eb-c4281b5e23b2?origin=2;https://api.mziq.com/mzfilemanager/v2/d/716a131f-9624-452c-9088-0cd6983c1349/a2eb9f5f-37e1-8913-c1eb-c4281b5e23b2?origin=2; owned_capital_events_fre.json; B3 2024-04-29,0.0,3950.854864479568,,,
BH padrão,2021-05-04,60746948000112,BBDC4,2890.522797701467,2892.827298457624,BBDC4_2021-05-04_DISTRIBUTION_569,DISTRIBUTION,0,https://www.bradescori.com.br/informacoes-ao-mercado/remuneracao-aos-acionistas/,0.0,54.84711799653097,,,
BH padrão,2021-05-12,02474103000119,TBLE3,1722.5275172731806,1755.8849786103003,TBLE3_2021-05-12_DISTRIBUTION_350,DISTRIBUTION,0,cache/market.json.gz; SQLite corporate_actions/B3,0.0,1286.9308583860811,,,
BH padrão,2021-05-25,60872504000123,ITUB4,2281.575869487913,2285.4104904492524,ITUB4_2021-05-25_DISTRIBUTION_182,DISTRIBUTION,0,cache/market.json.gz; SQLite corporate_actions/B3,0.0,111.20400787884088,,,
BH padrão,2021-06-01,60872504000123,ITUB4,2285.4104904492524,2286.5307897092766,ITUB4_2021-06-01_DISTRIBUTION_181,DISTRIBUTION,0,cache/market.json.gz; SQLite corporate_actions/B3,0.0,34.28115735673879,,,
BH padrão,2021-06-02,60746948000112,BBDC4,2907.379814338253,2909.3416556137695,BBDC4_2021-06-02_DISTRIBUTION_570,DISTRIBUTION,0,https://www.bradescori.com.br/informacoes-ao-mercado/remuneracao-aos-acionistas/,0.0,55.166976667523805,,,
BH padrão,2021-06-24,61585865000151,RADL3,4055.5000873697936,4060.3001676097083,RADL3_2021-06-24_DISTRIBUTION_467,DISTRIBUTION,0,cache/market.json.gz; SQLite corporate_actions/B3,0.0,122.8820541418134,,,
BH padrão,2021-06-28,84429695000111,WEGE3,5611.471914320132,5614.860156051176,WEGE3_2021-06-28_DISTRIBUTION_57,DISTRIBUTION,0,cache/market.json.gz; SQLite corporate_actions/B3,0.0,115.20021885550669,,,
BH padrão,2021-07-01,60872504000123,ITUB4,2305.0988760297696,2306.2634594969454,ITUB4_2021-07-01_DISTRIBUTION_180,DISTRIBUTION,0,cache/market.json.gz; SQLite corporate_actions/B3,0.0,34.57648314044654,,,
BH padrão,2021-07-02,60746948000112,BBDC4,2925.416173617159,2927.551143353309,BBDC4_2021-07-02_DISTRIBUTION_571,DISTRIBUTION,0,https://www.bradescori.com.br/informacoes-ao-mercado/remuneracao-aos-acionistas/,0.0,55.50921313989643,,,
BH padrão,2021-07-05,60746948000112,BBDC4,2927.551143353309,2990.6448489682894,BBDC4_2021-07-05_DISTRIBUTION_572,DISTRIBUTION,0,https://www.bradescori.com.br/informacoes-ao-mercado/remuneracao-aos-acionistas/,0.0,1577.973577430666,,,
BH padrão,2021-07-23,02932074000191,HYPE3,2157.2144538410166,2175.543342129966,HYPE3_2021-07-23_DISTRIBUTION_419,DISTRIBUTION,0,cache/market.json.gz; SQLite corporate_actions/B3,0.0,664.788778240186,,,
BH padrão,2021-08-02,84429695000111,WEGE3,5614.860156051176,5639.092911990696,WEGE3_2021-08-02_DISTRIBUTION_56,DISTRIBUTION,0,cache/market.json.gz; SQLite corporate_actions/B3,0.0,888.1305051833948,,,
BH padrão,2021-08-02,60872504000123,ITUB4,2324.1697783658083,2325.3139380860407,ITUB4_2021-08-02_DISTRIBUTION_179,DISTRIBUTION,0,cache/market.json.gz; SQLite corporate_actions/B3,0.0,34.862546675487124,,,
BH padrão,2021-08-03,60746948000112,BBDC4,3008.934225797074,3011.262690406701,BBDC4_2021-08-03_DISTRIBUTION_573,DISTRIBUTION,0,https://www.bradescori.com.br/informacoes-ao-mercado/remuneracao-aos-acionistas/,0.0,57.09395222806234,,,
BH padrão,2021-08-16,60872504000123,ITUB4,2341.3769171193567,2349.390383799438,ITUB4_2021-08-16_DISTRIBUTION_178,DISTRIBUTION,0,cache/market.json.gz; SQLite corporate_actions/B3,0.0,243.128579073674,,,
BH padrão,2021-08-17,02474103000119,TBLE3,1797.6768628346938,1844.6520159165689,TBLE3_2021-08-17_DISTRIBUTION_349,DISTRIBUTION,0,cache/market.json.gz; SQLite corporate_actions/B3,0.0,1739.489918621838,,,
BH padrão,2021-09-01,60872504000123,ITUB4,2349.390383799438,2350.524989586849,ITUB4_2021-09-01_DISTRIBUTION_177,DISTRIBUTION,0,cache/market.json.gz; SQLite corporate_actions/B3,0.0,35.24085575699157,,,
BH padrão,2021-09-02,60746948000112,BBDC4,3033.6700351866634,3036.2536666717033,BBDC4_2021-09-02_DISTRIBUTION_574,DISTRIBUTION,0,https://www.bradescori.com.br/informacoes-ao-mercado/remuneracao-aos-acionistas/,0.0,57.563309486690216,,,
BH padrão,2021-09-27,84429695000111,WEGE3,5639.092911990696,5641.9505329506255,WEGE3_2021-09-27_DISTRIBUTION_55,DISTRIBUTION,0,cache/market.json.gz; SQLite corporate_actions/B3,0.0,116.76239242271572,,,
BH padrão,2021-09-28,02932074000191,HYPE3,2194.45121819577,2215.6179849866826,HYPE3_2021-09-28_DISTRIBUTION_418,DISTRIBUTION,0,cache/market.json.gz; SQLite corporate_actions/B3,0.0,676.0665313017528,,,
BH padrão,2021-10-01,60872504000123,ITUB4,2365.0772716639917,2366.272962903458,ITUB4_2021-10-01_DISTRIBUTION_176,DISTRIBUTION,0,cache/market.json.gz; SQLite corporate_actions/B3,0.0,35.476159074959874,,,
BH padrão,2021-10-04,60872504000123,XPBR31,0,54.980404283288706,ITUB4_2021-10-04_SPINOFF_686,SPINOFF,0,B3 OC 108/2021-PRE,0.0,0.0,,,
BH padrão,2021-10-04,60746948000112,BBDC4,3061.590611137378,3064.3929795446393,BBDC4_2021-10-04_DISTRIBUTION_575,DISTRIBUTION,0,https://www.bradescori.com.br/informacoes-ao-mercado/remuneracao-aos-acionistas/,0.0,58.09309708252501,,,
BH padrão,2021-11-01,60872504000123,ITUB4,2381.3570305082853,2383.0924124896424,ITUB4_2021-11-01_DISTRIBUTION_175,DISTRIBUTION,0,cache/market.json.gz; SQLite corporate_actions/B3,0.0,42.03095158847123,,,
BH padrão,2021-11-03,60746948000112,BBDC4,3090.6592204783815,3093.533959125081,BBDC4_2021-11-03_DISTRIBUTION_576,DISTRIBUTION,0,https://www.bradescori.com.br/informacoes-ao-mercado/remuneracao-aos-acionistas/,0.0,58.644668392666176,,,
BH padrão,2021-11-16,61585865000151,RADL3,4061.035373666698,4079.6042740647495,RADL3_2021-11-16_DISTRIBUTION_465;RADL3_2021-11-16_DISTRIBUTION_466,DISTRIBUTION,0,cache/market.json.gz; SQLite corporate_actions/B3,0.0,426.5276421432453,,,
BH padrão,2021-11-22,60872504000123,ITUB4,2401.2786384459823,2430.0625380871024,ITUB4_2021-11-22_DISTRIBUTION_174,DISTRIBUTION,0,cache/market.json.gz; SQLite corporate_actions/B3,0.0,635.260665079523,,,
BH padrão,2021-12-01,02846056000197,CCRO3,5216.144378389758,5250.088856672608,CCRO3_2021-12-01_DISTRIBUTION_10,DISTRIBUTION,0,cache/market.json.gz; SQLite corporate_actions/B3,0.0,397.1503959093522,,,
BH padrão,2021-12-01,60872504000123,ITUB4,2430.0625380871024,2431.992808284998,ITUB4_2021-12-01_DISTRIBUTION_173,DISTRIBUTION,0,cache/market.json.gz; SQLite corporate_actions/B3,0.0,42.890603797237354,,,
BH padrão,2021-12-02,60746948000112,BBDC4,3121.2796944236698,3124.1243479317036,BBDC4_2021-12-02_DISTRIBUTION_577,DISTRIBUTION,0,https://www.bradescori.com.br/informacoes-ao-mercado/remuneracao-aos-acionistas/,0.0,59.225686037267494,,,
BH padrão,2021-12-09,61585865000151,RADL3,4079.6042740647495,4090.0426880980567,RADL3_2021-12-09_DISTRIBUTION_463;RADL3_2021-12-09_DISTRIBUTION_464,DISTRIBUTION,0,cache/market.json.gz; SQLite corporate_actions/B3,0.0,245.19834564238568,,,
BH padrão,2021-12-20,84429695000111,WEGE3,5641.9505329506255,5647.25904271406,WEGE3_2021-12-20_DISTRIBUTION_54,DISTRIBUTION,0,cache/market.json.gz; SQLite corporate_actions/B3,0.0,180.54241705442,,,
BH padrão,2021-12-21,60746948000112,BBDC4,3124.1243479317036,3163.0540467025644,BBDC4_2021-12-21_DISTRIBUTION_578;BBDC4_2021-12-21_DISTRIBUTION_579,DISTRIBUTION,0,https://www.bradescori.com.br/informacoes-ao-mercado/remuneracao-aos-acionistas/,0.0,743.1679495357328,,,
BH padrão,2021-12-22,17155730000164,CMIG4,7543.12834744632,7866.606044148383,CMIG4_2021-12-22_DISTRIBUTION_652,DISTRIBUTION,0,https://api.mziq.com/mzfilemanager/v2/d/716a131f-9624-452c-9088-0cd6983c1349/a2eb9f5f-37e1-8913-c1eb-c4281b5e23b2?origin=2,0.0,4256.966488599159,,,
BH padrão,2021-12-29,02932074000191,HYPE3,2268.384485153454,2293.438126528999,HYPE3_2021-12-29_DISTRIBUTION_417,DISTRIBUTION,0,cache/market.json.gz; SQLite corporate_actions/B3,0.0,700.4998128602381,,,
BH padrão,2021-12-30,02474103000119,TBLE3,1886.3242811742014,1889.9356479644612,TBLE3_2021-12-30_DISTRIBUTION_348,DISTRIBUTION,0,cache/market.json.gz; SQLite corporate_actions/B3,0.0,138.71259841388343,,,
BH padrão,2022-01-03,60872504000123,ITUB4,2455.044134573166,2457.0586175566723,ITUB4_2022-01-03_DISTRIBUTION_172,DISTRIBUTION,0,cache/market.json.gz; SQLite corporate_actions/B3,0.0,43.33152897521638,,,
BH padrão,2022-01-04,60746948000112,BBDC4,3190.2282976239685,3193.2855689681005,BBDC4_2022-01-04_DISTRIBUTION_550,DISTRIBUTION,0,https://www.bradescori.com.br/informacoes-ao-mercado/remuneracao-aos-acionistas/,0.0,60.53397261380995,,,
BH padrão,2022-02-01,60872504000123,ITUB4,2482.2959491916126,2484.014761412218,ITUB4_2022-02-01_DISTRIBUTION_171,DISTRIBUTION,0,cache/market.json.gz; SQLite corporate_actions/B3,0.0,43.81252350323196,,,
BH padrão,2022-02-02,60746948000112,BBDC4,3214.9358926172536,3217.6531663147885,BBDC4_2022-02-02_DISTRIBUTION_551,DISTRIBUTION,0,https://www.bradescori.com.br/informacoes-ao-mercado/remuneracao-aos-acionistas/,0.0,61.002794509656894,,,
BH padrão,2022-02-21,84429695000111,WEGE3,5647.25904271406,5686.515083573941,WEGE3_2022-02-21_DISTRIBUTION_53,DISTRIBUTION,0,cache/market.json.gz; SQLite corporate_actions/B3,0.0,1158.8383261836843,,,
BH padrão,2022-02-22,60872504000123,ITUB4,2503.455777935876,2504.7838247679774,ITUB4_2022-02-22_DISTRIBUTION_170,DISTRIBUTION,0,cache/market.json.gz; SQLite corporate_actions/B3,0.0,34.19720592660407,,,
BH padrão,2022-02-25,02474103000119,TBLE3,1908.0967485224173,1945.5576796636988,TBLE3_2022-02-25_DISTRIBUTION_347,DISTRIBUTION,0,cache/market.json.gz; SQLite corporate_actions/B3,0.0,1493.5673246028925,,,
BH padrão,2022-03-02,60872504000123,ITUB4,2504.7838247679774,2506.550082638819,ITUB4_2022-03-02_DISTRIBUTION_169,DISTRIBUTION,0,cache/market.json.gz; SQLite corporate_actions/B3,0.0,44.209434507154796,,,
BH padrão,2022-03-03,60746948000112,BBDC4,3250.1101604950995,3253.11699713695,BBDC4_2022-03-03_DISTRIBUTION_552,DISTRIBUTION,0,https://www.bradescori.com.br/informacoes-ao-mercado/remuneracao-aos-acionistas/,0.0,61.670219524353854,,,
BH padrão,2022-03-28,84429695000111,WEGE3,5686.515083573941,5692.7371983123985,WEGE3_2022-03-28_DISTRIBUTION_52,DISTRIBUTION,0,cache/market.json.gz; SQLite corporate_actions/B3,0.0,209.0630552121614,,,
BH padrão,2022-03-29,02932074000191,HYPE3,2339.0800692732987,2358.1792579616194,HYPE3_2022-03-29_DISTRIBUTION_416,DISTRIBUTION,0,cache/market.json.gz; SQLite corporate_actions/B3,0.0,722.3313161922873,,,
BH padrão,2022-03-29,17155730000164,CMIG4,7866.606044148383,7944.379168937319,CMIG4_2022-03-29_DISTRIBUTION_653,DISTRIBUTION,0,https://api.mziq.com/mzfilemanager/v2/d/716a131f-9624-452c-9088-0cd6983c1349/a2eb9f5f-37e1-8913-c1eb-c4281b5e23b2?origin=2,0.0,1138.5985469100174,,,
BH padrão,2022-04-01,60872504000123,ITUB4,2525.8615996794833,2527.4803889763,ITUB4_2022-04-01_DISTRIBUTION_168,DISTRIBUTION,0,cache/market.json.gz; SQLite corporate_actions/B3,0.0,44.58145723434288,,,
BH padrão,2022-04-04,60746948000112,BBDC4,3284.2433819589196,3287.09285113506,BBDC4_2022-04-04_DISTRIBUTION_553,DISTRIBUTION,0,https://www.bradescori.com.br/informacoes-ao-mercado/remuneracao-aos-acionistas/,0.0,62.31789088218454,,,
BH padrão,2022-04-05,61585865000151,RADL3,4094.436698329066,4101.380024320629,RADL3_2022-04-05_DISTRIBUTION_462,DISTRIBUTION,0,cache/market.json.gz; SQLite corporate_actions/B3,0.0,164.00135992070068,,,
BH padrão,2022-04-19,60746948000112,BBDC4,3287.09285113506,3615.802136248566,BBDC4_2022-04-19_SHARES_674,SHARES,0,originals/bradesco_remuneracao.html.gz; owned_capital_events_fre.json; SEC 6K 20150317/20160404/20180319/20200403,0.0,0.0,,,
BH padrão,2022-04-20,02846056000197,CCRO3,5493.3083264612305,5528.241055313573,CCRO3_2022-04-20_DISTRIBUTION_9,DISTRIBUTION,0,cache/market.json.gz; SQLite corporate_actions/B3,0.0,480.32502171971424,,,
BH padrão,2022-05-02,60872504000123,ITUB4,2547.6393567222976,2549.532655023188,ITUB4_2022-05-02_DISTRIBUTION_167,DISTRIBUTION,0,cache/market.json.gz; SQLite corporate_actions/B3,0.0,44.96583464614855,,,
BH padrão,2022-05-02,17155730000164,CMIG4,7944.379168937319,10768.372076232616,CMIG4_2022-05-02_DISTRIBUTION_654;CMIG4_2022-05-02_SHARES_679,DISTRIBUTION;SHARES,0,https://api.mziq.com/mzfilemanager/v2/d/716a131f-9624-452c-9088-0cd6983c1349/a2eb9f5f-37e1-8913-c1eb-c4281b5e23b2?origin=2;https://api.mziq.com/mzfilemanager/v2/d/716a131f-9624-452c-9088-0cd6983c1349/a2eb9f5f-37e1-8913-c1eb-c4281b5e23b2?origin=2; owned_capital_events_fre.json; B3 2024-04-29,0.0,4746.114537268492,,,
BH padrão,2022-05-03,60746948000112,BBDC4,3653.7582338013513,3657.594944626949,BBDC4_2022-05-03_DISTRIBUTION_554,DISTRIBUTION,0,https://www.bradescori.com.br/informacoes-ao-mercado/remuneracao-aos-acionistas/,0.0,69.32936461855797,,,
BH padrão,2022-05-12,02474103000119,TBLE3,1967.8477556297225,1999.577774912679,TBLE3_2022-05-12_DISTRIBUTION_346,DISTRIBUTION,0,cache/market.json.gz; SQLite corporate_actions/B3,0.0,1325.9975058347504,,,
BH padrão,2022-06-01,60872504000123,ITUB4,2575.8285189258254,2577.59203224464,ITUB4_2022-06-01_DISTRIBUTION_166,DISTRIBUTION,0,cache/market.json.gz; SQLite corporate_actions/B3,0.0,45.463373359040816,,,
BH padrão,2022-06-02,60746948000112,BBDC4,3688.95166088567,3692.4462766208444,BBDC4_2022-06-02_DISTRIBUTION_555,DISTRIBUTION,0,https://www.bradescori.com.br/informacoes-ao-mercado/remuneracao-aos-acionistas/,0.0,69.99715317553836,,,
BH padrão,2022-06-21,60746948000112,BBDC4,3692.4462766208444,3731.3903672507954,BBDC4_2022-06-21_DISTRIBUTION_556,DISTRIBUTION,0,https://www.bradescori.com.br/informacoes-ao-mercado/remuneracao-aos-acionistas/,0.0,725.9178493422897,,,
BH padrão,2022-06-27,84429695000111,WEGE3,5692.7371983123985,5702.242097502785,WEGE3_2022-06-27_DISTRIBUTION_51,DISTRIBUTION,0,cache/market.json.gz; SQLite corporate_actions/B3,0.0,246.46203600672638,,,
BH padrão,2022-06-27,17155730000164,CMIG4,10768.372076232616,10930.57136212221,CMIG4_2022-06-27_DISTRIBUTION_655,DISTRIBUTION,0,https://api.mziq.com/mzfilemanager/v2/d/716a131f-9624-452c-9088-0cd6983c1349/a2eb9f5f-37e1-8913-c1eb-c4281b5e23b2?origin=2,0.0,1727.4223947241821,,,
BH padrão,2022-06-28,02932074000191,HYPE3,2367.2820238185245,2386.2993747882556,HYPE3_2022-06-28_DISTRIBUTION_415,DISTRIBUTION,0,cache/market.json.gz; SQLite corporate_actions/B3,0.0,728.5547156503891,,,
BH padrão,2022-07-01,60872504000123,ITUB4,2603.6512517257647,2605.662387156529,ITUB4_2022-07-01_DISTRIBUTION_165,DISTRIBUTION,0,cache/market.json.gz; SQLite corporate_actions/B3,0.0,45.954444592959746,,,
BH padrão,2022-07-04,60746948000112,BBDC4,3772.291791665664,3776.4703390234645,BBDC4_2022-07-04_DISTRIBUTION_557,DISTRIBUTION,0,https://www.bradescori.com.br/informacoes-ao-mercado/remuneracao-aos-acionistas/,0.0,71.57851623912376,,,
BH padrão,2022-07-06,61585865000151,RADL3,4140.499963240399,4150.035809691106,RADL3_2022-07-06_DISTRIBUTION_461,DISTRIBUTION,0,cache/market.json.gz; SQLite corporate_actions/B3,0.0,185.94900578878384,,,
BH padrão,2022-07-25,84429695000111,WEGE3,5702.242097502785,5730.655973646339,WEGE3_2022-07-25_DISTRIBUTION_50,DISTRIBUTION,0,cache/market.json.gz; SQLite corporate_actions/B3,0.0,752.3994402812975,,,
BH padrão,2022-08-01,60872504000123,ITUB4,2636.566660325704,2638.549421363401,ITUB4_2022-08-01_DISTRIBUTION_164,DISTRIBUTION,0,cache/market.json.gz; SQLite corporate_actions/B3,0.0,46.535401554748674,,,
BH padrão,2022-08-02,60746948000112,BBDC4,3822.8497838036524,3826.954924974188,BBDC4_2022-08-02_DISTRIBUTION_558,DISTRIBUTION,0,https://www.bradescori.com.br/informacoes-ao-mercado/remuneracao-aos-acionistas/,0.0,72.53784448336559,,,
BH padrão,2022-08-17,02474103000119,TBLE3,2015.6239690851748,2049.040967917109,TBLE3_2022-08-17_DISTRIBUTION_345,DISTRIBUTION,0,cache/market.json.gz; SQLite corporate_actions/B3,0.0,1427.5741901002207,,,
BH padrão,2022-08-19,60872504000123,ITUB4,2670.1034149127067,2700.823636259206,ITUB4_2022-08-19_DISTRIBUTION_163,DISTRIBUTION,0,cache/market.json.gz; SQLite corporate_actions/B3,0.0,818.3866966707446,,,
BH padrão,2022-09-01,60872504000123,ITUB4,2700.823636259206,2702.643778954127,ITUB4_2022-09-01_DISTRIBUTION_162,DISTRIBUTION,0,cache/market.json.gz; SQLite corporate_actions/B3,0.0,47.66953717997499,,,
BH padrão,2022-09-02,60746948000112,BBDC4,3863.280304166611,3867.0765240467263,BBDC4_2022-09-02_DISTRIBUTION_559,DISTRIBUTION,0,https://www.bradescori.com.br/informacoes-ao-mercado/remuneracao-aos-acionistas/,0.0,73.30500588502335,,,
BH padrão,2022-09-26,84429695000111,WEGE3,5730.655973646339,5738.939822182504,WEGE3_2022-09-26_DISTRIBUTION_49,DISTRIBUTION,0,cache/market.json.gz; SQLite corporate_actions/B3,0.0,252.82305732377048,,,
BH padrão,2022-09-26,17155730000164,CMIG4,10930.57136212221,11140.258545356483,CMIG4_2022-09-26_DISTRIBUTION_656,DISTRIBUTION,0,https://api.mziq.com/mzfilemanager/v2/d/716a131f-9624-452c-9088-0cd6983c1349/a2eb9f5f-37e1-8913-c1eb-c4281b5e23b2?origin=2,0.0,2342.2058367268373,,,
BH padrão,2022-09-29,02932074000191,HYPE3,2386.3975091249954,2403.2181946148576,HYPE3_2022-09-29_DISTRIBUTION_414,DISTRIBUTION,0,cache/market.json.gz; SQLite corporate_actions/B3,0.0,734.2229216324873,,,
BH padrão,2022-10-03,60872504000123,ITUB4,2726.1363373646946,2727.7536922001395,ITUB4_2022-10-03_DISTRIBUTION_161,DISTRIBUTION,0,cache/market.json.gz; SQLite corporate_actions/B3,0.0,48.11630635448686,,,
BH padrão,2022-10-04,60746948000112,BBDC4,3894.556680018815,3898.045748439166,BBDC4_2022-10-04_DISTRIBUTION_560,DISTRIBUTION,0,https://www.bradescori.com.br/informacoes-ao-mercado/remuneracao-aos-acionistas/,0.0,73.89846914303112,,,
BH padrão,2022-10-06,61585865000151,RADL3,4174.126802550056,4194.279930012791,RADL3_2022-10-06_DISTRIBUTION_459;RADL3_2022-10-06_DISTRIBUTION_460,DISTRIBUTION,0,cache/market.json.gz; SQLite corporate_actions/B3,0.0,480.04749616233903,,,
BH padrão,2022-11-01,60872504000123,ITUB4,2743.5718160670945,2745.1615745225636,ITUB4_2022-11-01_DISTRIBUTION_160,DISTRIBUTION,0,cache/market.json.gz; SQLite corporate_actions/B3,0.0,48.424042553584215,,,
BH padrão,2022-11-03,02846056000197,CCRO3,5869.838682201242,6004.0351386129005,CCRO3_2022-11-03_DISTRIBUTION_8,DISTRIBUTION,0,cache/market.json.gz; SQLite corporate_actions/B3,0.0,1719.0566066333502,,,
BH padrão,2022-11-03,60746948000112,BBDC4,3931.668228058789,3935.472544921552,BBDC4_2022-11-03_DISTRIBUTION_561,DISTRIBUTION,0,https://www.bradescori.com.br/informacoes-ao-mercado/remuneracao-aos-acionistas/,0.0,74.60265367878395,,,
BH padrão,2022-11-22,02474103000119,TBLE3,2087.288239421512,2117.701699567022,TBLE3_2022-11-22_DISTRIBUTION_344,DISTRIBUTION,0,cache/market.json.gz; SQLite corporate_actions/B3,0.0,1209.5433099869178,,,
BH padrão,2022-12-01,60872504000123,ITUB4,2760.3782743085144,2762.2535890329773,ITUB4_2022-12-01_DISTRIBUTION_159,DISTRIBUTION,0,cache/market.json.gz; SQLite corporate_actions/B3,0.0,48.720676541545274,,,
BH padrão,2022-12-02,60746948000112,BBDC4,3987.6312528641083,3992.55412478249,BBDC4_2022-12-02_DISTRIBUTION_562,DISTRIBUTION,0,https://www.bradescori.com.br/informacoes-ao-mercado/remuneracao-aos-acionistas/,0.0,75.66454138552716,,,
BH padrão,2022-12-08,61585865000151,RADL3,4204.895602237369,4214.677165416734,RADL3_2022-12-08_DISTRIBUTION_458,DISTRIBUTION,0,cache/market.json.gz; SQLite corporate_actions/B3,0.0,229.6711034515129,,,
BH padrão,2022-12-09,60872504000123,ITUB4,2782.00577559742,2837.597866348754,ITUB4_2022-12-09_DISTRIBUTION_158,DISTRIBUTION,0,cache/market.json.gz; SQLite corporate_actions/B3,0.0,1352.5555679799536,,,
BH padrão,2022-12-19,84429695000111,WEGE3,5738.939822182504,5747.122620124729,WEGE3_2022-12-19_DISTRIBUTION_48,DISTRIBUTION,0,cache/market.json.gz; SQLite corporate_actions/B3,0.0,311.92825755763613,,,
BH padrão,2022-12-22,17155730000164,CMIG4,11140.258545356483,11324.211746911596,CMIG4_2022-12-22_DISTRIBUTION_657,DISTRIBUTION,0,https://api.mziq.com/mzfilemanager/v2/d/716a131f-9624-452c-9088-0cd6983c1349/a2eb9f5f-37e1-8913-c1eb-c4281b5e23b2?origin=2,0.0,2017.966621059604,,,
BH padrão,2022-12-23,02932074000191,HYPE3,2403.2181946148576,2419.7147891950235,HYPE3_2022-12-23_DISTRIBUTION_413,DISTRIBUTION,0,cache/market.json.gz; SQLite corporate_actions/B3,0.0,739.5423350288302,,,
BH padrão,2022-12-23,02474103000119,TBLE3,2126.6889848936135,2140.374820094416,TBLE3_2022-12-23_DISTRIBUTION_343,DISTRIBUTION,0,cache/market.json.gz; SQLite corporate_actions/B3,0.0,521.2934627985766,,,
BH padrão,2022-12-28,17155730000164,CMIG4,11324.211746911596,11561.714724880683,CMIG4_2022-12-28_DISTRIBUTION_658,DISTRIBUTION,0,https://api.mziq.com/mzfilemanager/v2/d/716a131f-9624-452c-9088-0cd6983c1349/a2eb9f5f-37e1-8913-c1eb-c4281b5e23b2?origin=2,0.0,2652.9082639147086,,,
BH padrão,2023-01-02,60872504000123,ITUB4,2837.597866348754,2839.6429297354857,ITUB4_2023-01-02_DISTRIBUTION_157,DISTRIBUTION,0,cache/market.json.gz; SQLite corporate_actions/B3,0.0,50.0836023410555,,,
BH padrão,2023-01-03,60746948000112,BBDC4,4044.9695609315036,4050.45188413361,BBDC4_2023-01-03_DISTRIBUTION_535,DISTRIBUTION,0,https://www.bradescori.com.br/informacoes-ao-mercado/remuneracao-aos-acionistas/,0.0,76.75252482948913,,,
BH padrão,2023-01-09,60746948000112,BBDC4,4050.45188413361,4212.749734726188,BBDC4_2023-01-09_DISTRIBUTION_563,DISTRIBUTION,0,https://www.bradescori.com.br/informacoes-ao-mercado/remuneracao-aos-acionistas/,0.0,2363.056704627932,,,
BH padrão,2023-02-01,60872504000123,ITUB4,2860.6811097642717,2862.702367634061,ITUB4_2023-02-01_DISTRIBUTION_156,DISTRIBUTION,0,cache/market.json.gz; SQLite corporate_actions/B3,0.0,50.49102158733939,,,
BH padrão,2023-02-02,60746948000112,BBDC4,4275.282626109177,4281.102042985177,BBDC4_2023-02-02_DISTRIBUTION_536,DISTRIBUTION,0,https://www.bradescori.com.br/informacoes-ao-mercado/remuneracao-aos-acionistas/,0.0,81.12267125144004,,,
BH padrão,2023-02-22,84429695000111,WEGE3,5747.122620124729,5780.992289023208,WEGE3_2023-02-22_DISTRIBUTION_47,DISTRIBUTION,0,cache/market.json.gz; SQLite corporate_actions/B3,0.0,1300.5952857015993,,,
BH padrão,2023-03-01,60872504000123,ITUB4,2884.2965043617196,2886.332817693799,ITUB4_2023-03-01_DISTRIBUTION_155,DISTRIBUTION,0,cache/market.json.gz; SQLite corporate_actions/B3,0.0,50.90783330198435,,,
BH padrão,2023-03-02,60746948000112,BBDC4,4345.597675520999,4352.044656434514,BBDC4_2023-03-02_DISTRIBUTION_537,DISTRIBUTION,0,https://www.bradescori.com.br/informacoes-ao-mercado/remuneracao-aos-acionistas/,0.0,82.45688588385492,,,
BH padrão,2023-03-20,84429695000111,WEGE3,5780.992289023208,5788.744249328444,WEGE3_2023-03-20_DISTRIBUTION_46,DISTRIBUTION,0,cache/market.json.gz; SQLite corporate_actions/B3,0.0,307.7528241178835,,,
BH padrão,2023-03-24,60872504000123,ITUB4,2905.9037629477975,2938.6921688863126,ITUB4_2023-03-24_DISTRIBUTION_154,DISTRIBUTION,0,cache/market.json.gz; SQLite corporate_actions/B3,0.0,761.3467858923229,,,
BH padrão,2023-03-28,17155730000164,CMIG4,11561.714724880683,11663.584653255011,CMIG4_2023-03-28_DISTRIBUTION_392,DISTRIBUTION,0,cache/market.json.gz; SQLite corporate_actions/B3,0.0,1114.4570164151412,,,
BH padrão,2023-03-30,02932074000191,HYPE3,2421.311026861507,2440.1474563279276,HYPE3_2023-03-30_DISTRIBUTION_412,DISTRIBUTION,0,cache/market.json.gz; SQLite corporate_actions/B3,0.0,745.5458782809267,,,
BH padrão,2023-04-03,60872504000123,ITUB4,2938.6921688863126,2940.850634004117,ITUB4_2023-04-03_DISTRIBUTION_153,DISTRIBUTION,0,cache/market.json.gz; SQLite corporate_actions/B3,0.0,51.867916780843416,,,
BH padrão,2023-04-04,60746948000112,BBDC4,4415.930179598736,4422.3215931544355,BBDC4_2023-04-04_DISTRIBUTION_538,DISTRIBUTION,0,https://www.bradescori.com.br/informacoes-ao-mercado/remuneracao-aos-acionistas/,0.0,83.7914317152217,,,
BH padrão,2023-04-05,61585865000151,RADL3,4231.6961533043,4240.020707039301,RADL3_2023-04-05_DISTRIBUTION_457,DISTRIBUTION,0,cache/market.json.gz; SQLite corporate_actions/B3,0.0,205.36674064246122,,,
BH padrão,2023-04-20,02846056000197,CCRO3,6276.73494370526,6294.381455918463,CCRO3_2023-04-20_DISTRIBUTION_7,DISTRIBUTION,0,cache/market.json.gz; SQLite corporate_actions/B3,0.0,229.40465877164542,,,
BH padrão,2023-04-25,61585865000151,RADL3,4240.020707039301,4247.839045014039,RADL3_2023-04-25_DISTRIBUTION_456,DISTRIBUTION,0,cache/market.json.gz; SQLite corporate_actions/B3,0.0,203.1986039634267,,,
BH padrão,2023-04-28,17155730000164,CMIG4,11663.584653255011,11716.977361140629,CMIG4_2023-04-28_DISTRIBUTION_391,DISTRIBUTION,0,cache/market.json.gz; SQLite corporate_actions/B3,0.0,659.3999423873897,,,
BH padrão,2023-05-02,60872504000123,ITUB4,2962.903193603235,2965.0034040999058,ITUB4_2023-05-02_DISTRIBUTION_152,DISTRIBUTION,0,cache/market.json.gz; SQLite corporate_actions/B3,0.0,52.2952413670971,,,
BH padrão,2023-05-03,60746948000112,BBDC4,4482.48714254115,4488.672912532035,BBDC4_2023-05-03_DISTRIBUTION_539,DISTRIBUTION,0,https://www.bradescori.com.br/informacoes-ao-mercado/remuneracao-aos-acionistas/,0.0,85.05433737467409,,,
BH padrão,2023-05-09,02474103000119,TBLE3,2187.3759235685307,2279.16546068508,TBLE3_2023-05-09_DISTRIBUTION_342,DISTRIBUTION,0,cache/market.json.gz; SQLite corporate_actions/B3,0.0,3901.0553274533413,,,
BH padrão,2023-05-22,61585865000151,RADL3,4247.839045014039,4417.752606814601,RADL3_2023-05-22_SHARES_682,SHARES,0,https://ri.rd.com.br/Download.aspx?Arquivo=HFkRorg9OyPF+k5NkdNbXw%3D%3D; originals/radl_bonus_2023.pdf.gz; owned_capital_events_fre.json; B3,0.0,0.0,,,
BH padrão,2023-06-01,60872504000123,ITUB4,2987.1703657901667,2989.145030844706,ITUB4_2023-06-01_DISTRIBUTION_151,DISTRIBUTION,0,cache/market.json.gz; SQLite corporate_actions/B3,0.0,52.72355695619644,,,
BH padrão,2023-06-02,60746948000112,BBDC4,4540.856345029914,4546.22803342414,BBDC4_2023-06-02_DISTRIBUTION_540,DISTRIBUTION,0,https://www.bradescori.com.br/informacoes-ao-mercado/remuneracao-aos-acionistas/,0.0,86.16188184338071,,,
BH padrão,2023-06-20,60872504000123,ITUB4,3010.366911685688,3038.2410670605805,ITUB4_2023-06-20_DISTRIBUTION_150,DISTRIBUTION,0,cache/market.json.gz; SQLite corporate_actions/B3,0.0,801.6607085818987,,,
BH padrão,2023-06-26,84429695000111,WEGE3,5788.744249328444,5798.014846590592,WEGE3_2023-06-26_DISTRIBUTION_45,DISTRIBUTION,0,cache/market.json.gz; SQLite corporate_actions/B3,0.0,337.44974034217375,,,
BH padrão,2023-06-26,17155730000164,CMIG4,11716.977361140629,11806.851121982158,CMIG4_2023-06-26_DISTRIBUTION_390,DISTRIBUTION,0,cache/market.json.gz; SQLite corporate_actions/B3,0.0,1136.004337036924,,,
BH padrão,2023-06-27,60746948000112,BBDC4,4546.22803342414,4600.909675684019,BBDC4_2023-06-27_DISTRIBUTION_541,DISTRIBUTION,0,https://www.bradescori.com.br/informacoes-ao-mercado/remuneracao-aos-acionistas/,0.0,895.1384837942197,,,
BH padrão,2023-07-03,60872504000123,ITUB4,3038.2410670605805,3040.0927574899183,ITUB4_2023-07-03_DISTRIBUTION_149,DISTRIBUTION,0,cache/market.json.gz; SQLite corporate_actions/B3,0.0,53.62495483361924,,,
BH padrão,2023-07-04,60746948000112,BBDC4,4652.407577930359,4657.744853938907,BBDC4_2023-07-04_DISTRIBUTION_542,DISTRIBUTION,0,https://www.bradescori.com.br/informacoes-ao-mercado/remuneracao-aos-acionistas/,0.0,88.27854518138118,,,
BH padrão,2023-07-04,02932074000191,HYPE3,2466.3579606927497,2482.821555031274,HYPE3_2023-07-04_DISTRIBUTION_411,DISTRIBUTION,0,cache/market.json.gz; SQLite corporate_actions/B3,0.0,759.4656068361184,,,
BH padrão,2023-07-06,61585865000151,RADL3,4417.752606814601,4427.123068920828,RADL3_2023-07-06_DISTRIBUTION_455,DISTRIBUTION,0,cache/market.json.gz; SQLite corporate_actions/B3,0.0,262.84146207967495,,,
BH padrão,2023-07-24,84429695000111,WEGE3,5798.014846590592,5818.281698952032,WEGE3_2023-07-24_DISTRIBUTION_44,DISTRIBUTION,0,cache/market.json.gz; SQLite corporate_actions/B3,0.0,841.8850470941883,,,
BH padrão,2023-08-01,60872504000123,ITUB4,3058.215177526919,3060.095271497081,ITUB4_2023-08-01_DISTRIBUTION_148,DISTRIBUTION,0,cache/market.json.gz; SQLite corporate_actions/B3,0.0,53.97749788335012,,,
BH padrão,2023-08-02,60746948000112,BBDC4,4704.446681044146,4709.801568700025,BBDC4_2023-08-02_DISTRIBUTION_543,DISTRIBUTION,0,https://www.bradescori.com.br/informacoes-ao-mercado/remuneracao-aos-acionistas/,0.0,89.26597722349659,,,
BH padrão,2023-08-22,02474103000119,TBLE3,2303.2462799443756,2355.7479440122042,TBLE3_2023-08-22_DISTRIBUTION_341,DISTRIBUTION,0,cache/market.json.gz; SQLite corporate_actions/B3,0.0,2165.6936427979326,,,
BH padrão,2023-09-01,60872504000123,ITUB4,3076.569297771596,3078.5331837790345,ITUB4_2023-09-01_DISTRIBUTION_147,DISTRIBUTION,0,cache/market.json.gz; SQLite corporate_actions/B3,0.0,54.30144810566867,,,
BH padrão,2023-09-04,60746948000112,BBDC4,4765.461724100984,4771.530430544717,BBDC4_2023-09-04_DISTRIBUTION_544,DISTRIBUTION,0,https://www.bradescori.com.br/informacoes-ao-mercado/remuneracao-aos-acionistas/,0.0,90.42372601162685,,,
BH padrão,2023-09-11,60872504000123,XPBR31,54.980404283288706,56.264429022238396,XPBR31_2023-09-11_DISTRIBUTION_687,DISTRIBUTION,0,https://api.mziq.com/mzfilemanager/v2/d/d1820734-8b3f-4a23-8642-331a3a8561a6/974f8122-1809-7583-6d0a-c5e21b2004b8?origin=1,0.0,157.42143299523215,,,
BH padrão,2023-09-19,60872504000123,ITUB4,3094.1472912771687,3124.826741407542,ITUB4_2023-09-19_DISTRIBUTION_146,DISTRIBUTION,0,cache/market.json.gz; SQLite corporate_actions/B3,0.0,833.2538655409414,,,
BH padrão,2023-09-25,84429695000111,WEGE3,5818.281698952032,5827.915525244515,WEGE3_2023-09-25_DISTRIBUTION_43,DISTRIBUTION,0,cache/market.json.gz; SQLite corporate_actions/B3,0.0,348.0701439474261,,,
BH padrão,2023-09-26,17155730000164,CMIG4,11806.851121982158,11896.699979774612,CMIG4_2023-09-26_DISTRIBUTION_389,DISTRIBUTION,0,cache/market.json.gz; SQLite corporate_actions/B3,0.0,1121.313745249837,,,
BH padrão,2023-09-28,02932074000191,HYPE3,2496.245381724036,2517.340471024546,HYPE3_2023-09-28_DISTRIBUTION_410,DISTRIBUTION,0,cache/market.json.gz; SQLite corporate_actions/B3,0.0,768.4941032175618,,,
BH padrão,2023-10-02,60872504000123,ITUB4,3124.826741407542,3126.874001689125,ITUB4_2023-10-02_DISTRIBUTION_145,DISTRIBUTION,0,cache/market.json.gz; SQLite corporate_actions/B3,0.0,55.153191985843115,,,
BH padrão,2023-10-03,60746948000112,BBDC4,4830.119824912238,4836.708653174267,BBDC4_2023-10-03_DISTRIBUTION_545,DISTRIBUTION,0,https://www.bradescori.com.br/informacoes-ao-mercado/remuneracao-aos-acionistas/,0.0,91.65060112482315,,,
BH padrão,2023-10-05,61585865000151,RADL3,4427.123068920828,4435.643584539658,RADL3_2023-10-05_DISTRIBUTION_454,DISTRIBUTION,0,cache/market.json.gz; SQLite corporate_actions/B3,0.0,235.25143623589418,,,
BH padrão,2023-10-31,02846056000197,CCRO3,6548.917408663643,6634.618090009065,CCRO3_2023-10-31_DISTRIBUTION_6,DISTRIBUTION,0,cache/market.json.gz; SQLite corporate_actions/B3,0.0,1026.6941625181535,,,
BH padrão,2023-11-01,60872504000123,ITUB4,3142.046864135767,3144.0872293731472,ITUB4_2023-11-01_DISTRIBUTION_144,DISTRIBUTION,0,cache/market.json.gz; SQLite corporate_actions/B3,0.0,55.45712715199628,,,
BH padrão,2023-11-03,60746948000112,BBDC4,4891.802724437413,4898.0871538458005,BBDC4_2023-11-03_DISTRIBUTION_546,DISTRIBUTION,0,https://www.bradescori.com.br/informacoes-ao-mercado/remuneracao-aos-acionistas/,0.0,92.82102236187954,,,
BH padrão,2023-12-01,60872504000123,ITUB4,3156.22978932967,3157.9982799894055,ITUB4_2023-12-01_DISTRIBUTION_143,DISTRIBUTION,0,cache/market.json.gz; SQLite corporate_actions/B3,0.0,55.70745578166867,,,
BH padrão,2023-12-04,60746948000112,BBDC4,4947.814845048598,4953.617307449844,BBDC4_2023-12-04_DISTRIBUTION_547,DISTRIBUTION,0,https://www.bradescori.com.br/informacoes-ao-mercado/remuneracao-aos-acionistas/,0.0,93.88384165216173,,,
BH padrão,2023-12-07,60872504000123,ITUB4,3165.2143159315115,3189.9634489951077,ITUB4_2023-12-07_DISTRIBUTION_142,DISTRIBUTION,0,cache/market.json.gz; SQLite corporate_actions/B3,0.0,782.5675874709068,,,
BH padrão,2023-12-07,61585865000151,RADL3,4435.643584539658,4443.623575780075,RADL3_2023-12-07_DISTRIBUTION_453,DISTRIBUTION,0,cache/market.json.gz; SQLite corporate_actions/B3,0.0,225.3549526293785,,,
BH padrão,2023-12-12,60872504000123,XPBR31,56.264429022238396,58.07333892959296,XPBR31_2023-12-12_DISTRIBUTION_688,DISTRIBUTION,0,https://api.mziq.com/mzfilemanager/v2/d/d1820734-8b3f-4a23-8642-331a3a8561a6/bcf8391a-ada6-8146-717d-479c39aa4bd9?origin=1,0.0,203.2129389922115,,,
BH padrão,2023-12-18,84429695000111,WEGE3,5827.915525244515,5839.548907500752,WEGE3_2023-12-18_DISTRIBUTION_42,DISTRIBUTION,0,cache/market.json.gz; SQLite corporate_actions/B3,0.0,419.2670965147481,,,
BH padrão,2023-12-21,61585865000151,RADL3,4443.623575780075,4451.036853238708,RADL3_2023-12-21_DISTRIBUTION_452,DISTRIBUTION,0,cache/market.json.gz; SQLite corporate_actions/B3,0.0,215.13331184953125,,,
BH padrão,2023-12-22,60746948000112,BBDC4,4953.617307449844,5156.395521251129,BBDC4_2023-12-22_DISTRIBUTION_548;BBDC4_2023-12-22_DISTRIBUTION_549,DISTRIBUTION,0,https://www.bradescori.com.br/informacoes-ao-mercado/remuneracao-aos-acionistas/,0.0,3412.7573382756273,,,
BH padrão,2023-12-22,02474103000119,TBLE3,2382.7372162218585,2392.2377896250005,TBLE3_2023-12-22_DISTRIBUTION_340,DISTRIBUTION,0,cache/market.json.gz; SQLite corporate_actions/B3,0.0,423.44055657802994,,,
BH padrão,2023-12-22,17155730000164,CMIG4,11896.699979774612,12221.41224526711,CMIG4_2023-12-22_DISTRIBUTION_388,DISTRIBUTION,0,cache/market.json.gz; SQLite corporate_actions/B3,0.0,3575.0820430724198,,,
BH padrão,2023-12-27,02932074000191,HYPE3,2566.899198005704,2588.811474266294,HYPE3_2023-12-27_DISTRIBUTION_409,DISTRIBUTION,0,cache/market.json.gz; SQLite corporate_actions/B3,0.0,789.9375591942754,,,
BH padrão,2024-01-02,60872504000123,ITUB4,3189.9634489951077,3191.643128436479,ITUB4_2024-01-02_DISTRIBUTION_141,DISTRIBUTION,0,cache/market.json.gz; SQLite corporate_actions/B3,0.0,56.302854874763646,,,
BH padrão,2024-01-03,60746948000112,BBDC4,5201.457079963572,5207.349417552468,BBDC4_2024-01-03_DISTRIBUTION_520,DISTRIBUTION,0,https://www.bradescori.com.br/informacoes-ao-mercado/remuneracao-aos-acionistas/,0.0,98.6966546140065,,,
BH padrão,2024-02-01,60872504000123,ITUB4,3196.5808188137185,3198.3067182157392,ITUB4_2024-02-01_DISTRIBUTION_140,DISTRIBUTION,0,cache/market.json.gz; SQLite corporate_actions/B3,0.0,56.419651452062126,,,
BH padrão,2024-02-02,60746948000112,BBDC4,5257.965246841388,5264.477576233519,BBDC4_2024-02-02_DISTRIBUTION_521,DISTRIBUTION,0,https://www.bradescori.com.br/informacoes-ao-mercado/remuneracao-aos-acionistas/,0.0,99.76888628745318,,,
BH padrão,2024-02-02,02932074000191,HYPE3,2629.168072871222,2637.342196755069,HYPE3_2024-02-02_DISTRIBUTION_408,DISTRIBUTION,0,cache/market.json.gz; SQLite corporate_actions/B3,0.0,255.68659508672636,,,
BH padrão,2024-02-22,60872504000123,ITUB4,3199.6415233585444,3305.027842707748,ITUB4_2024-02-22_DISTRIBUTION_139,DISTRIBUTION,0,cache/market.json.gz; SQLite corporate_actions/B3,0.0,3599.996668968782,,,
BH padrão,2024-02-23,02932074000191,HYPE3,2637.342196755069,2644.991511656185,HYPE3_2024-02-23_DISTRIBUTION_407,DISTRIBUTION,0,cache/market.json.gz; SQLite corporate_actions/B3,0.0,256.48152863443045,,,
BH padrão,2024-02-26,84429695000111,WEGE3,5839.548907500752,5887.124830699026,WEGE3_2024-02-26_DISTRIBUTION_41,DISTRIBUTION,0,cache/market.json.gz; SQLite corporate_actions/B3,0.0,1739.8515113608726,,,
BH padrão,2024-03-01,60872504000123,ITUB4,3305.027842707748,3306.7400159224176,ITUB4_2024-03-01_DISTRIBUTION_138,DISTRIBUTION,0,cache/market.json.gz; SQLite corporate_actions/B3,0.0,58.33374142379174,,,
BH padrão,2024-03-04,60746948000112,BBDC4,5331.60611422039,5339.0175580065115,BBDC4_2024-03-04_DISTRIBUTION_522,DISTRIBUTION,0,https://www.bradescori.com.br/informacoes-ao-mercado/remuneracao-aos-acionistas/,0.0,101.16620768056407,,,
BH padrão,2024-03-22,60872504000123,ITUB4,3307.2610835834585,3330.976852563603,ITUB4_2024-03-22_DISTRIBUTION_137,DISTRIBUTION,0,cache/market.json.gz; SQLite corporate_actions/B3,0.0,799.6957300104802,,,
BH padrão,2024-03-22,02932074000191,HYPE3,2661.976218868038,2669.563358357875,HYPE3_2024-03-22_DISTRIBUTION_406,DISTRIBUTION,0,cache/market.json.gz; SQLite corporate_actions/B3,0.0,258.7973279983506,,,
BH padrão,2024-03-25,84429695000111,WEGE3,5887.124830699026,5895.835589793048,WEGE3_2024-03-25_DISTRIBUTION_40,DISTRIBUTION,0,cache/market.json.gz; SQLite corporate_actions/B3,0.0,340.068035030629,,,
BH padrão,2024-03-27,17155730000164,CMIG4,12221.41224526711,12306.557596836023,CMIG4_2024-03-27_DISTRIBUTION_387,DISTRIBUTION,0,cache/market.json.gz; SQLite corporate_actions/B3,0.0,1072.8314297682819,,,
BH padrão,2024-04-01,60872504000123,ITUB4,3330.976852563603,3332.734978803069,ITUB4_2024-04-01_DISTRIBUTION_136,DISTRIBUTION,0,cache/market.json.gz; SQLite corporate_actions/B3,0.0,58.79174144774759,,,
BH padrão,2024-04-02,60746948000112,BBDC4,5397.220874813418,5404.4380161263425,BBDC4_2024-04-02_DISTRIBUTION_523,DISTRIBUTION,0,https://www.bradescori.com.br/informacoes-ao-mercado/remuneracao-aos-acionistas/,0.0,102.41123523039751,,,
BH padrão,2024-04-04,61585865000151,RADL3,4455.252056523799,4462.5477699179955,RADL3_2024-04-04_DISTRIBUTION_451,DISTRIBUTION,0,cache/market.json.gz; SQLite corporate_actions/B3,0.0,193.26344781226607,,,
BH padrão,2024-04-18,61585865000151,RADL3,4462.5477699179955,4471.356539382785,RADL3_2024-04-18_DISTRIBUTION_450,DISTRIBUTION,0,cache/market.json.gz; SQLite corporate_actions/B3,0.0,219.33835967325217,,,
BH padrão,2024-04-19,02846056000197,CCRO3,6878.063024936882,7022.617491449428,CCRO3_2024-04-19_DISTRIBUTION_5,DISTRIBUTION,0,cache/market.json.gz; SQLite corporate_actions/B3,0.0,1828.614001383695,,,
BH padrão,2024-04-24,02932074000191,HYPE3,2689.0321668910983,2698.1176946155074,HYPE3_2024-04-24_DISTRIBUTION_405,DISTRIBUTION,0,cache/market.json.gz; SQLite corporate_actions/B3,0.0,261.4814879084904,,,
BH padrão,2024-04-30,17155730000164,CMIG4,12306.557596836023,16151.108937784364,CMIG4_2024-04-30_DISTRIBUTION_386;CMIG4_2024-04-30_SHARES_680,DISTRIBUTION;SHARES,0,cache/market.json.gz; SQLite corporate_actions/B3;https://api.mziq.com/mzfilemanager/v2/d/716a131f-9624-452c-9088-0cd6983c1349/a2eb9f5f-37e1-8913-c1eb-c4281b5e23b2?origin=2; owned_capital_events_fre.json; B3 2024-04-29,0.0,1490.7462519628402,,,
BH padrão,2024-05-02,60872504000123,ITUB4,3334.098108211679,3335.948637507589,ITUB4_2024-05-02_DISTRIBUTION_135,DISTRIBUTION,0,cache/market.json.gz; SQLite corporate_actions/B3,0.0,58.84683160993613,,,
BH padrão,2024-05-03,60746948000112,BBDC4,5458.018038461927,5465.53362988416,BBDC4_2024-05-03_DISTRIBUTION_524,DISTRIBUTION,0,https://www.bradescori.com.br/informacoes-ao-mercado/remuneracao-aos-acionistas/,0.0,103.5648497983697,,,
BH padrão,2024-05-07,02474103000119,TBLE3,2439.216602002193,2510.458516308343,TBLE3_2024-05-07_DISTRIBUTION_339,DISTRIBUTION,0,cache/market.json.gz; SQLite corporate_actions/B3,0.0,2972.925083995627,,,
BH padrão,2024-05-24,02932074000191,HYPE3,2720.023377701946,2728.9390098844137,HYPE3_2024-05-24_DISTRIBUTION_404,DISTRIBUTION,0,cache/market.json.gz; SQLite corporate_actions/B3,0.0,264.79427581928445,,,
BH padrão,2024-06-03,60872504000123,ITUB4,3340.446904904972,3342.3215913237823,ITUB4_2024-06-03_DISTRIBUTION_134,DISTRIBUTION,0,cache/market.json.gz; SQLite corporate_actions/B3,0.0,58.958887871572756,,,
BH padrão,2024-06-04,60746948000112,BBDC4,5530.810663856397,5538.977673658875,BBDC4_2024-06-04_DISTRIBUTION_525,DISTRIBUTION,0,https://www.bradescori.com.br/informacoes-ao-mercado/remuneracao-aos-acionistas/,0.0,104.94607596183833,,,
BH padrão,2024-06-18,60746948000112,BBDC4,5538.977673658875,5715.730784423938,BBDC4_2024-06-18_DISTRIBUTION_526,DISTRIBUTION,0,https://www.bradescori.com.br/informacoes-ao-mercado/remuneracao-aos-acionistas/,0.0,2188.2035112714784,,,
BH padrão,2024-06-21,60872504000123,ITUB4,3346.738292467056,3373.088082661825,ITUB4_2024-06-21_DISTRIBUTION_133,DISTRIBUTION,0,cache/market.json.gz; SQLite corporate_actions/B3,0.0,840.0313114092311,,,
BH padrão,2024-06-24,02932074000191,HYPE3,2753.0962460903934,2762.292378455498,HYPE3_2024-06-24_DISTRIBUTION_403,DISTRIBUTION,0,cache/market.json.gz; SQLite corporate_actions/B3,0.0,268.89491035564873,,,
BH padrão,2024-06-24,17155730000164,CMIG4,16151.108937784364,16266.41748360977,CMIG4_2024-06-24_DISTRIBUTION_385,DISTRIBUTION,0,cache/market.json.gz; SQLite corporate_actions/B3,0.0,1213.0459020832698,,,
BH padrão,2024-07-01,84429695000111,WEGE3,5895.835589793048,5904.652611175409,WEGE3_2024-07-01_DISTRIBUTION_39,DISTRIBUTION,0,cache/market.json.gz; SQLite corporate_actions/B3,0.0,370.05038741769727,,,
BH padrão,2024-07-01,60872504000123,ITUB4,3373.088082661825,3374.934701913034,ITUB4_2024-07-01_DISTRIBUTION_132,DISTRIBUTION,0,cache/market.json.gz; SQLite corporate_actions/B3,0.0,59.53500465898121,,,
BH padrão,2024-07-02,60746948000112,BBDC4,5780.138441905848,5789.106309684157,BBDC4_2024-07-02_DISTRIBUTION_527,DISTRIBUTION,0,https://www.bradescori.com.br/informacoes-ao-mercado/remuneracao-aos-acionistas/,0.0,109.67702292872104,,,
BH padrão,2024-07-04,61585865000151,RADL3,4484.95009095217,4492.969652152875,RADL3_2024-07-04_DISTRIBUTION_449,DISTRIBUTION,0,cache/market.json.gz; SQLite corporate_actions/B3,0.0,201.611768585719,,,
BH padrão,2024-07-25,02932074000191,HYPE3,2784.5884566670084,2794.3365123861004,HYPE3_2024-07-25_DISTRIBUTION_402,DISTRIBUTION,0,cache/market.json.gz; SQLite corporate_actions/B3,0.0,271.97075456266674,,,
BH padrão,2024-08-01,60872504000123,ITUB4,3379.185217068627,3380.9725295972835,ITUB4_2024-08-01_DISTRIBUTION_131,DISTRIBUTION,0,cache/market.json.gz; SQLite corporate_actions/B3,0.0,59.642619081261266,,,
BH padrão,2024-08-02,60746948000112,BBDC4,5846.129421626504,5854.898527489322,BBDC4_2024-08-02_DISTRIBUTION_528,DISTRIBUTION,0,https://www.bradescori.com.br/informacoes-ao-mercado/remuneracao-aos-acionistas/,0.0,110.92918916464338,,,
BH padrão,2024-08-05,84429695000111,WEGE3,5904.652611175409,5927.317976931616,WEGE3_2024-08-05_DISTRIBUTION_38,DISTRIBUTION,0,cache/market.json.gz; SQLite corporate_actions/B3,0.0,1107.4297708482363,,,
BH padrão,2024-08-22,02474103000119,TBLE3,2523.861132610016,2586.5734860765824,TBLE3_2024-08-22_DISTRIBUTION_338,DISTRIBUTION,0,cache/market.json.gz; SQLite corporate_actions/B3,0.0,2885.395382996721,,,
BH padrão,2024-08-26,17155730000164,CMIG4,16266.41748360977,16968.50401879903,CMIG4_2024-08-26_DISTRIBUTION_384,DISTRIBUTION,0,cache/market.json.gz; SQLite corporate_actions/B3,0.0,8073.995154676511,,,
BH padrão,2024-09-02,60872504000123,ITUB4,3386.9604831558477,3388.6032381030227,ITUB4_2024-09-02_DISTRIBUTION_130,DISTRIBUTION,0,cache/market.json.gz; SQLite corporate_actions/B3,0.0,59.77985252770071,,,
BH padrão,2024-09-03,60746948000112,BBDC4,5891.753551378882,5898.851640160627,BBDC4_2024-09-03_DISTRIBUTION_529,DISTRIBUTION,0,https://www.bradescori.com.br/informacoes-ao-mercado/remuneracao-aos-acionistas/,0.0,111.79489831248596,,,
BH padrão,2024-09-20,60872504000123,ITUB4,3392.8183486710795,3418.5954584072397,ITUB4_2024-09-20_DISTRIBUTION_129,DISTRIBUTION,0,cache/market.json.gz; SQLite corporate_actions/B3,0.0,926.1715528202313,,,
BH padrão,2024-09-24,02932074000191,HYPE3,2842.651487501464,2863.3632943484813,HYPE3_2024-09-24_DISTRIBUTION_401,DISTRIBUTION,0,cache/market.json.gz; SQLite corporate_actions/B3,0.0,555.2835415685361,,,
BH padrão,2024-09-24,17155730000164,CMIG4,16968.50401879903,17092.212516028507,CMIG4_2024-09-24_DISTRIBUTION_383,DISTRIBUTION,0,cache/market.json.gz; SQLite corporate_actions/B3,0.0,1401.6172736099772,,,
BH padrão,2024-09-30,84429695000111,WEGE3,5927.317976931616,5934.952853323193,WEGE3_2024-09-30_DISTRIBUTION_37,DISTRIBUTION,0,cache/market.json.gz; SQLite corporate_actions/B3,0.0,415.26092693788814,,,
BH padrão,2024-10-01,60872504000123,ITUB4,3418.5954584072397,3420.2951262900815,ITUB4_2024-10-01_DISTRIBUTION_128,DISTRIBUTION,0,cache/market.json.gz; SQLite corporate_actions/B3,0.0,60.33820984088778,,,
BH padrão,2024-10-01,60746948000112,BBDC4,5898.851640160627,5978.1700098524425,BBDC4_2024-10-01_DISTRIBUTION_530,DISTRIBUTION,0,https://www.bradescori.com.br/informacoes-ao-mercado/remuneracao-aos-acionistas/,0.0,1165.1868507727768,,,
BH padrão,2024-10-02,60746948000112,BBDC4,6015.900739068853,6023.410644824563,BBDC4_2024-10-02_DISTRIBUTION_531,DISTRIBUTION,0,https://www.bradescori.com.br/informacoes-ao-mercado/remuneracao-aos-acionistas/,0.0,114.15056748679032,,,
BH padrão,2024-10-04,61585865000151,RADL3,4515.406288826152,4538.23743267627,RADL3_2024-10-04_DISTRIBUTION_447;RADL3_2024-10-04_DISTRIBUTION_448,DISTRIBUTION,0,cache/market.json.gz; SQLite corporate_actions/B3,0.0,579.4544309159943,,,
BH padrão,2024-11-01,60872504000123,ITUB4,3424.618598424206,3426.3550108994195,ITUB4_2024-11-01_DISTRIBUTION_127,DISTRIBUTION,0,cache/market.json.gz; SQLite corporate_actions/B3,0.0,60.44451826218723,,,
BH padrão,2024-11-04,60746948000112,BBDC4,6061.2605191522825,6069.41156526498,BBDC4_2024-11-04_DISTRIBUTION_532,DISTRIBUTION,0,https://www.bradescori.com.br/informacoes-ao-mercado/remuneracao-aos-acionistas/,0.0,115.01126065015539,,,
BH padrão,2024-11-06,02846056000197,CCRO3,7338.504482479379,7430.345454155445,CCRO3_2024-11-06_DISTRIBUTION_4,DISTRIBUTION,0,cache/market.json.gz; SQLite corporate_actions/B3,0.0,1109.438937846877,,,
BH padrão,2024-12-02,60872504000123,ITUB4,3430.0180458881323,3431.9028472116042,ITUB4_2024-12-02_DISTRIBUTION_126,DISTRIBUTION,0,cache/market.json.gz; SQLite corporate_actions/B3,0.0,60.53981850992553,,,
BH padrão,2024-12-03,60746948000112,BBDC4,6114.187769002759,6123.619927141536,BBDC4_2024-12-03_DISTRIBUTION_533,DISTRIBUTION,0,https://www.bradescori.com.br/informacoes-ao-mercado/remuneracao-aos-acionistas/,0.0,116.01554510696346,,,
BH padrão,2024-12-05,61585865000151,RADL3,4558.736168456193,4572.068245350773,RADL3_2024-12-05_DISTRIBUTION_446,DISTRIBUTION,0,cache/market.json.gz; SQLite corporate_actions/B3,0.0,329.3022992961387,,,
BH padrão,2024-12-10,60872504000123,ITUB4,3437.005615968451,3469.360767956786,ITUB4_2024-12-10_DISTRIBUTION_125;XPBR31_2024-12-10_DISTRIBUTION_689,DISTRIBUTION,0,cache/market.json.gz; SQLite corporate_actions/B3;https://www.sec.gov/Archives/edgar/data/1787425/000095010324016520/dp220822_ex9902.htm,0.0,1067.3964640951622,,,
BH padrão,2024-12-10,60872504000123,XPBR31,58.07333892959296,60.99885587689778,ITUB4_2024-12-10_DISTRIBUTION_125;XPBR31_2024-12-10_DISTRIBUTION_689,DISTRIBUTION,0,cache/market.json.gz; SQLite corporate_actions/B3;https://www.sec.gov/Archives/edgar/data/1787425/000095010324016520/dp220822_ex9902.htm,0.0,228.4828735845066,,,
BH padrão,2024-12-20,02474103000119,TBLE3,2617.7192318692646,2639.5027283378804,TBLE3_2024-12-20_DISTRIBUTION_337,DISTRIBUTION,0,cache/market.json.gz; SQLite corporate_actions/B3,0.0,802.0683399744322,,,
BH padrão,2024-12-23,84429695000111,WEGE3,5934.952853323193,5943.680725179189,WEGE3_2024-12-23_DISTRIBUTION_36,DISTRIBUTION,0,cache/market.json.gz; SQLite corporate_actions/B3,0.0,473.3997694691857,,,
BH padrão,2024-12-26,17155730000164,CMIG4,17092.212516028507,17243.650687733963,CMIG4_2024-12-26_DISTRIBUTION_382,DISTRIBUTION,0,cache/market.json.gz; SQLite corporate_actions/B3,0.0,1673.3917973452824,,,
BH padrão,2024-12-30,02932074000191,HYPE3,2957.5903890488207,3005.1358208365095,HYPE3_2024-12-30_DISTRIBUTION_399;HYPE3_2024-12-30_DISTRIBUTION_400,DISTRIBUTION,0,cache/market.json.gz; SQLite corporate_actions/B3,0.0,860.0968610392875,,,
BH padrão,2025-01-02,60872504000123,ITUB4,3469.360767956786,3471.3638499834274,ITUB4_2025-01-02_DISTRIBUTION_124,DISTRIBUTION,0,cache/market.json.gz; SQLite corporate_actions/B3,0.0,61.234217554437265,,,
BH padrão,2025-01-02,60746948000112,BBDC4,6123.619927141536,6281.531759706654,BBDC4_2025-01-02_DISTRIBUTION_534,DISTRIBUTION,0,https://www.bradescori.com.br/informacoes-ao-mercado/remuneracao-aos-acionistas/,0.0,1800.1948912423488,,,
BH padrão,2025-01-03,60746948000112,BBDC4,6328.837896231391,6339.560082862905,BBDC4_2025-01-03_DISTRIBUTION_504,DISTRIBUTION,0,https://www.bradescori.com.br/informacoes-ao-mercado/remuneracao-aos-acionistas/,0.0,120.08849027295246,,,
BH padrão,2025-02-03,60872504000123,ITUB4,3476.4794301123366,3478.312161950493,ITUB4_2025-02-03_DISTRIBUTION_123,DISTRIBUTION,0,cache/market.json.gz; SQLite corporate_actions/B3,0.0,61.359861941482734,,,
BH padrão,2025-02-04,60746948000112,BBDC4,6383.662151973882,6393.731043915214,BBDC4_2025-02-04_DISTRIBUTION_505,DISTRIBUTION,0,https://www.bradescori.com.br/informacoes-ao-mercado/remuneracao-aos-acionistas/,0.0,121.12877005423337,,,
BH padrão,2025-02-18,60872504000123,ITUB4,3481.04640180868,3647.168856255476,ITUB4_2025-02-18_DISTRIBUTION_121;ITUB4_2025-02-18_DISTRIBUTION_122,DISTRIBUTION,0,cache/market.json.gz; SQLite corporate_actions/B3,0.0,5515.265487633619,,,
BH padrão,2025-03-05,84429695000111,WEGE3,5943.680725179189,5981.432476201265,WEGE3_2025-03-05_DISTRIBUTION_35,DISTRIBUTION,0,cache/market.json.gz; SQLite corporate_actions/B3,0.0,1798.8709362019094,,,
BH padrão,2025-03-05,60872504000123,ITUB4,3647.168856255476,3649.1556627466152,ITUB4_2025-03-05_DISTRIBUTION_120,DISTRIBUTION,0,cache/market.json.gz; SQLite corporate_actions/B3,0.0,64.37253031290915,,,
BH padrão,2025-03-06,60746948000112,BBDC4,6443.733143848299,6454.319170311632,BBDC4_2025-03-06_DISTRIBUTION_506,DISTRIBUTION,0,https://www.bradescori.com.br/informacoes-ao-mercado/remuneracao-aos-acionistas/,0.0,122.26860565149099,,,
BH padrão,2025-03-18,60872504000123,ITUB4,3650.004247229463,4015.00467195241,ITUB4_2025-03-18_SHARES_665,SHARES,0,https://www.itau.com.br/relacoes-com-investidores/informacoes-ao-mercado/recompra/; owned_capital_events_fre.json; B3,0.0,0.0,,,
BH padrão,2025-03-24,84429695000111,WEGE3,5981.432476201265,5991.625398152601,WEGE3_2025-03-24_DISTRIBUTION_34,DISTRIBUTION,0,cache/market.json.gz; SQLite corporate_actions/B3,0.0,482.73678361526714,,,
BH padrão,2025-03-26,17155730000164,CMIG4,17243.650687733963,17399.53415333704,CMIG4_2025-03-26_DISTRIBUTION_381,DISTRIBUTION,0,cache/market.json.gz; SQLite corporate_actions/B3,0.0,1630.5410502081977,,,
BH padrão,2025-03-28,02932074000191,HYPE3,3120.3558756489256,3166.54535407136,HYPE3_2025-03-28_DISTRIBUTION_398,DISTRIBUTION,0,cache/market.json.gz; SQLite corporate_actions/B3,0.0,912.7040936273107,,,
BH padrão,2025-04-01,60872504000123,ITUB4,4015.00467195241,4017.2615137504977,ITUB4_2025-04-01_DISTRIBUTION_119,DISTRIBUTION,0,cache/market.json.gz; SQLite corporate_actions/B3,0.0,70.86483245996003,,,
BH padrão,2025-04-01,60746948000112,BBDC4,6454.319170311632,6572.332584873649,BBDC4_2025-04-01_DISTRIBUTION_507,DISTRIBUTION,0,https://www.bradescori.com.br/informacoes-ao-mercado/remuneracao-aos-acionistas/,0.0,1470.4471454427312,,,
BH padrão,2025-04-02,60746948000112,BBDC4,6615.049191917032,6625.1148931954785,BBDC4_2025-04-02_DISTRIBUTION_508,DISTRIBUTION,0,https://www.bradescori.com.br/informacoes-ao-mercado/remuneracao-aos-acionistas/,0.0,125.51929494223002,,,
BH padrão,2025-04-04,61585865000151,RADL3,4652.648232543977,4669.072664946868,RADL3_2025-04-04_DISTRIBUTION_445,DISTRIBUTION,0,cache/market.json.gz; SQLite corporate_actions/B3,0.0,320.7691648284573,,,
BH padrão,2025-04-24,02846056000197,CCRO3,7640.30909902736,7733.33803552137,CCRO3_2025-04-24_DISTRIBUTION_3,DISTRIBUTION,0,cache/market.json.gz; SQLite corporate_actions/B3,0.0,1215.8881999767066,,,
BH padrão,2025-04-30,61585865000151,RADL3,4669.072664946868,4683.360446670935,RADL3_2025-04-30_DISTRIBUTION_444,DISTRIBUTION,0,cache/market.json.gz; SQLite corporate_actions/B3,0.0,283.46958940547927,,,
BH padrão,2025-05-02,60872504000123,ITUB4,4017.2615137504977,4019.260517576765,ITUB4_2025-05-02_DISTRIBUTION_118,DISTRIBUTION,0,cache/market.json.gz; SQLite corporate_actions/B3,0.0,70.90466571769628,,,
BH padrão,2025-05-02,17155730000164,CMIG4,17399.53415333704,17954.37532144151,CMIG4_2025-05-02_DISTRIBUTION_380,DISTRIBUTION,0,cache/market.json.gz; SQLite corporate_actions/B3,0.0,5731.509266519141,,,
BH padrão,2025-05-05,60746948000112,BBDC4,6667.75590421925,6677.268640665955,BBDC4_2025-05-05_DISTRIBUTION_509,DISTRIBUTION,0,https://www.bradescori.com.br/informacoes-ao-mercado/remuneracao-aos-acionistas/,0.0,126.51939474118255,,,
BH padrão,2025-05-07,02474103000119,TBLE3,2681.064040388066,2739.5193298278905,TBLE3_2025-05-07_DISTRIBUTION_336,DISTRIBUTION,0,cache/market.json.gz; SQLite corporate_actions/B3,0.0,2349.9026354809384,,,
BH padrão,2025-06-02,60872504000123,ITUB4,4019.260517576765,4021.1700720353174,ITUB4_2025-06-02_DISTRIBUTION_117,DISTRIBUTION,0,cache/market.json.gz; SQLite corporate_actions/B3,0.0,70.9399481352299,,,
BH padrão,2025-06-03,60746948000112,BBDC4,6697.3121232980575,6705.013954713389,BBDC4_2025-06-03_DISTRIBUTION_510,DISTRIBUTION,0,https://www.bradescori.com.br/informacoes-ao-mercado/remuneracao-aos-acionistas/,0.0,127.08021835296508,,,
BH padrão,2025-06-10,60872504000123,ITUB4,4021.1700720353174,4058.4887642871786,ITUB4_2025-06-10_DISTRIBUTION_116,DISTRIBUTION,0,cache/market.json.gz; SQLite corporate_actions/B3,0.0,1343.4729210669996,,,
BH padrão,2025-06-23,84429695000111,WEGE3,5991.625398152601,6005.172639469879,WEGE3_2025-06-23_DISTRIBUTION_33,DISTRIBUTION,0,cache/market.json.gz; SQLite corporate_actions/B3,0.0,563.5652387987653,,,
BH padrão,2025-06-24,17155730000164,CMIG4,17954.37532144151,18133.2390609733,CMIG4_2025-06-24_DISTRIBUTION_379,DISTRIBUTION,0,cache/market.json.gz; SQLite corporate_actions/B3,0.0,1872.7033528978718,,,
BH padrão,2025-06-27,02932074000191,HYPE3,3265.6568475446134,3301.232438900546,HYPE3_2025-06-27_DISTRIBUTION_397,DISTRIBUTION,0,cache/market.json.gz; SQLite corporate_actions/B3,0.0,955.2046279067994,,,
BH padrão,2025-07-01,60872504000123,ITUB4,4058.4887642871786,4060.4195547639893,ITUB4_2025-07-01_DISTRIBUTION_115,DISTRIBUTION,0,cache/market.json.gz; SQLite corporate_actions/B3,0.0,71.6323266896687,,,
BH padrão,2025-07-01,60746948000112,BBDC4,6705.013954713389,6824.466673371194,BBDC4_2025-07-01_DISTRIBUTION_511,DISTRIBUTION,0,https://www.bradescori.com.br/informacoes-ao-mercado/remuneracao-aos-acionistas/,0.0,1992.4713472121953,,,
BH padrão,2025-07-02,60746948000112,BBDC4,6845.475348425602,6853.414931998375,BBDC4_2025-07-02_DISTRIBUTION_512,DISTRIBUTION,0,https://www.bradescori.com.br/informacoes-ao-mercado/remuneracao-aos-acionistas/,0.0,129.89158725058422,,,
BH padrão,2025-07-04,61585865000151,RADL3,4826.178611438303,4850.448570043592,RADL3_2025-07-04_DISTRIBUTION_443,DISTRIBUTION,0,cache/market.json.gz; SQLite corporate_actions/B3,0.0,371.33036666091914,,,
BH padrão,2025-07-28,84429695000111,WEGE3,6005.172639469879,6033.203925743078,WEGE3_2025-07-28_DISTRIBUTION_32,DISTRIBUTION,0,cache/market.json.gz; SQLite corporate_actions/B3,0.0,1029.5891448146108,,,
BH padrão,2025-08-01,60872504000123,ITUB4,4060.4195547639893,4062.471269769474,ITUB4_2025-08-01_DISTRIBUTION_114,DISTRIBUTION,0,cache/market.json.gz; SQLite corporate_actions/B3,0.0,71.6664051415844,,,
BH padrão,2025-08-04,60746948000112,BBDC4,6873.52519981807,6881.853669027728,BBDC4_2025-08-04_DISTRIBUTION_513,DISTRIBUTION,0,https://www.bradescori.com.br/informacoes-ao-mercado/remuneracao-aos-acionistas/,0.0,130.42382782323472,,,
BH padrão,2025-08-06,02846056000197,CCRO3,7852.015350597341,7962.90004867167,CCRO3_2025-08-06_DISTRIBUTION_2,DISTRIBUTION,0,cache/market.json.gz; SQLite corporate_actions/B3,0.0,1408.2356655439862,,,
BH padrão,2025-08-19,60872504000123,ITUB4,4062.471269769474,4103.129547363366,ITUB4_2025-08-19_DISTRIBUTION_113,DISTRIBUTION,0,cache/market.json.gz; SQLite corporate_actions/B3,0.0,1476.3020594342267,,,
BH padrão,2025-08-22,02474103000119,TBLE3,2757.213701865909,2818.990423954431,TBLE3_2025-08-22_DISTRIBUTION_335,DISTRIBUTION,0,cache/market.json.gz; SQLite corporate_actions/B3,0.0,2430.2962469624567,,,
BH padrão,2025-09-01,60872504000123,ITUB4,4103.129547363366,4104.997010914449,ITUB4_2025-09-01_DISTRIBUTION_112,DISTRIBUTION,0,cache/market.json.gz; SQLite corporate_actions/B3,0.0,72.4202365109634,,,
BH padrão,2025-09-02,60746948000112,BBDC4,6900.710600814874,6908.6415315002005,BBDC4_2025-09-02_DISTRIBUTION_514,DISTRIBUTION,0,https://www.bradescori.com.br/informacoes-ao-mercado/remuneracao-aos-acionistas/,0.0,130.93966561473746,,,
BH padrão,2025-09-29,84429695000111,WEGE3,6033.203925743078,6051.490205878251,WEGE3_2025-09-29_DISTRIBUTION_31,DISTRIBUTION,0,cache/market.json.gz; SQLite corporate_actions/B3,0.0,665.0720085162424,,,
BH padrão,2025-09-29,02932074000191,HYPE3,3380.842842577016,3423.8757638761363,HYPE3_2025-09-29_DISTRIBUTION_396,DISTRIBUTION,0,cache/market.json.gz; SQLite corporate_actions/B3,0.0,988.8965314537771,,,
BH padrão,2025-09-30,60746948000112,BBDC4,6908.6415315002005,7024.694759505629,BBDC4_2025-09-30_DISTRIBUTION_515,DISTRIBUTION,0,https://www.bradescori.com.br/informacoes-ao-mercado/remuneracao-aos-acionistas/,0.0,2052.9816034160267,,,
BH padrão,2025-09-30,17155730000164,CMIG4,18133.2390609733,18305.135745258678,CMIG4_2025-09-30_DISTRIBUTION_378,DISTRIBUTION,0,cache/market.json.gz; SQLite corporate_actions/B3,0.0,1916.648029781934,,,
BH padrão,2025-10-01,60872504000123,ITUB4,4104.997010914449,4106.886272902523,ITUB4_2025-10-01_DISTRIBUTION_111,DISTRIBUTION,0,cache/market.json.gz; SQLite corporate_actions/B3,0.0,72.45319724264002,,,
BH padrão,2025-10-02,60746948000112,BBDC4,7038.638461096236,7046.4533715947355,BBDC4_2025-10-02_DISTRIBUTION_516,DISTRIBUTION,0,https://www.bradescori.com.br/informacoes-ao-mercado/remuneracao-aos-acionistas/,0.0,133.556820419355,,,
BH padrão,2025-10-06,61585865000151,RADL3,4994.546130389099,5016.460346931859,RADL3_2025-10-06_DISTRIBUTION_442,DISTRIBUTION,0,cache/market.json.gz; SQLite corporate_actions/B3,0.0,410.23413368046766,,,
BH padrão,2025-11-03,60872504000123,ITUB4,4106.886272902523,4108.6948193774915,ITUB4_2025-11-03_DISTRIBUTION_110,DISTRIBUTION,0,cache/market.json.gz; SQLite corporate_actions/B3,0.0,72.48654271672953,,,
BH padrão,2025-11-04,60746948000112,BBDC4,7061.457391749447,7068.739446383691,BBDC4_2025-11-04_DISTRIBUTION_517,DISTRIBUTION,0,https://www.bradescori.com.br/informacoes-ao-mercado/remuneracao-aos-acionistas/,0.0,133.98980527008393,,,
BH padrão,2025-11-27,02474103000119,TBLE3,2848.7602974653955,3988.264416451553,TBLE3_2025-11-27_SHARES_676,SHARES,0,originals/engie_bonus_2018_doe.pdf.gz p34; owned_capital_events_fre.json; B3 2025-11-26,0.0,0.0,,,
BH padrão,2025-12-01,60872504000123,ITUB4,4108.6948193774915,4110.450714378993,ITUB4_2025-12-01_DISTRIBUTION_109,DISTRIBUTION,0,cache/market.json.gz; SQLite corporate_actions/B3,0.0,72.51846356201273,,,
BH padrão,2025-12-02,60746948000112,BBDC4,7082.707925760402,7089.585767628063,BBDC4_2025-12-02_DISTRIBUTION_518,DISTRIBUTION,0,https://www.bradescori.com.br/informacoes-ao-mercado/remuneracao-aos-acionistas/,0.0,134.3930300940898,,,
BH padrão,2025-12-04,84429695000111,WEGE3,6051.490205878251,6111.73832606281,WEGE3_2025-12-04_DISTRIBUTION_29;WEGE3_2025-12-04_DISTRIBUTION_30,DISTRIBUTION,0,cache/market.json.gz; SQLite corporate_actions/B3,0.0,2741.2894683974564,,,
BH padrão,2025-12-08,61585865000151,RADL3,5072.052880463699,5107.035078975054,RADL3_2025-12-08_DISTRIBUTION_440;RADL3_2025-12-08_DISTRIBUTION_441,DISTRIBUTION,0,cache/market.json.gz; SQLite corporate_actions/B3,0.0,815.4350472996769,,,
BH padrão,2025-12-10,60872504000123,ITUB4,4110.450714378993,4343.69304999286,ITUB4_2025-12-10_DISTRIBUTION_107;ITUB4_2025-12-10_DISTRIBUTION_108;XPBR31_2025-12-10_DISTRIBUTION_690,DISTRIBUTION,0,cache/market.json.gz; SQLite corporate_actions/B3;https://www.sec.gov/Archives/edgar/data/1787425/000095010325014854/dp237494_ex9901.htm,0.0,9199.077716610898,,,
BH padrão,2025-12-10,60872504000123,XPBR31,60.99885587689778,61.60816811572953,ITUB4_2025-12-10_DISTRIBUTION_107;ITUB4_2025-12-10_DISTRIBUTION_108;XPBR31_2025-12-10_DISTRIBUTION_690,DISTRIBUTION,0,cache/market.json.gz; SQLite corporate_actions/B3;https://www.sec.gov/Archives/edgar/data/1787425/000095010325014854/dp237494_ex9901.htm,0.0,60.01116240253905,,,
BH padrão,2025-12-11,02846056000197,CCRO3,8044.374134572907,8120.331035078964,CCRO3_2025-12-11_DISTRIBUTION_1,DISTRIBUTION,0,cache/market.json.gz; SQLite corporate_actions/B3,0.0,1177.3319578438905,,,
BH padrão,2025-12-19,02474103000119,TBLE3,4004.0728115700795,4015.380153835605,TBLE3_2025-12-19_DISTRIBUTION_334,DISTRIBUTION,0,cache/market.json.gz; SQLite corporate_actions/B3,0.0,350.5276102313005,,,
BH padrão,2025-12-22,84429695000111,WEGE3,6111.73832606281,6164.678300005041,WEGE3_2025-12-22_DISTRIBUTION_28,DISTRIBUTION,0,cache/market.json.gz; SQLite corporate_actions/B3,0.0,2523.1191580867294,,,
BH padrão,2025-12-23,61585865000151,RADL3,5107.035078975054,5209.175780554555,RADL3_2025-12-23_SHARES_683,SHARES,0,https://ri.rd.com.br/Download.aspx?Arquivo=HFkRorg9OyPF+k5NkdNbXw%3D%3D; originals/radl_bonus_2023.pdf.gz; owned_capital_events_fre.json; B3,0.0,0.0,,,
BH padrão,2025-12-23,17155730000164,CMIG4,18305.135745258678,18544.620820976594,CMIG4_2025-12-23_DISTRIBUTION_377,DISTRIBUTION,0,cache/market.json.gz; SQLite corporate_actions/B3,0.0,2670.2585942547503,,,
BH padrão,2025-12-26,60872504000123,ITUB4,4343.69304999286,4474.003841492647,ITUB4_2025-12-26_SHARES_666,SHARES,0,https://www.itau.com.br/relacoes-com-investidores/informacoes-ao-mercado/recompra/; owned_capital_events_fre.json; B3,0.0,0.0,,,
BH padrão,2025-12-26,17155730000164,CMIG4,18544.620820976594,18742.076532534225,CMIG4_2025-12-26_DISTRIBUTION_376,DISTRIBUTION,0,cache/market.json.gz; SQLite corporate_actions/B3,0.0,2195.707512520876,,,
BH padrão,2025-12-29,02932074000191,HYPE3,3526.92305035226,3571.3896448448477,HYPE3_2025-12-29_DISTRIBUTION_395,DISTRIBUTION,0,cache/market.json.gz; SQLite corporate_actions/B3,0.0,1031.624992228036,,,
BH padrão,2025-12-30,60746948000112,BBDC4,7089.585767628063,7240.150727663012,BBDC4_2025-12-30_DISTRIBUTION_519,DISTRIBUTION,0,https://www.bradescori.com.br/informacoes-ao-mercado/remuneracao-aos-acionistas/,0.0,2738.776623035716,,,
BH padrão,2026-01-02,60872504000123,ITUB4,4474.003841492647,4476.081653442737,ITUB4_2026-01-02_DISTRIBUTION_106,DISTRIBUTION,0,cache/market.json.gz; SQLite corporate_actions/B3,0.0,81.3463378460193,,,
BH padrão,2026-01-05,60746948000112,BBDC4,7257.931488375817,7265.191259789998,BBDC4_2026-01-05_DISTRIBUTION_497,DISTRIBUTION,0,https://www.bradescori.com.br/informacoes-ao-mercado/remuneracao-aos-acionistas/,0.0,137.71786372701683,,,
BH padrão,2026-02-02,60872504000123,ITUB4,4476.081653442737,4477.855500797203,ITUB4_2026-02-02_DISTRIBUTION_105,DISTRIBUTION,0,cache/market.json.gz; SQLite corporate_actions/B3,0.0,81.38411662289585,,,
BH padrão,2026-02-03,60746948000112,BBDC4,7274.95090125436,7281.318097003238,BBDC4_2026-02-03_DISTRIBUTION_498,DISTRIBUTION,0,https://www.bradescori.com.br/informacoes-ao-mercado/remuneracao-aos-acionistas/,0.0,138.04080383567933,,,
BH padrão,2026-03-02,60872504000123,ITUB4,4477.855500797203,4479.628505342401,ITUB4_2026-03-02_DISTRIBUTION_104,DISTRIBUTION,0,cache/market.json.gz; SQLite corporate_actions/B3,0.0,81.41636871549474,,,
BH padrão,2026-03-03,60746948000112,BBDC4,7290.394648465289,7297.242858662777,BBDC4_2026-03-03_DISTRIBUTION_499,DISTRIBUTION,0,https://www.bradescori.com.br/informacoes-ao-mercado/remuneracao-aos-acionistas/,0.0,138.333845989251,,,
BH padrão,2026-03-20,60872504000123,ITUB4,4479.628505342401,4517.242290972818,ITUB4_2026-03-20_DISTRIBUTION_103,DISTRIBUTION,0,cache/market.json.gz; SQLite corporate_actions/B3,0.0,1562.852792943857,,,
BH padrão,2026-03-23,84429695000111,WEGE3,6164.678300005041,6177.741052660842,WEGE3_2026-03-23_DISTRIBUTION_27,DISTRIBUTION,0,cache/market.json.gz; SQLite corporate_actions/B3,0.0,617.2150629866043,,,
BH padrão,2026-03-25,17155730000164,CMIG4,18742.076532534225,18915.05721856535,CMIG4_2026-03-25_DISTRIBUTION_375,DISTRIBUTION,0,cache/market.json.gz; SQLite corporate_actions/B3,0.0,2155.3393479478086,,,
BH padrão,2026-04-01,60872504000123,ITUB4,4517.242290972818,4519.116178705752,ITUB4_2026-04-01_DISTRIBUTION_102,DISTRIBUTION,0,cache/market.json.gz; SQLite corporate_actions/B3,0.0,82.13249933446778,,,
BH padrão,2026-04-01,02932074000191,HYPE3,3690.3199953172893,3732.1605889193697,HYPE3_2026-04-01_DISTRIBUTION_394,DISTRIBUTION,0,cache/market.json.gz; SQLite corporate_actions/B3,0.0,970.7017715682598,,,
BH padrão,2026-04-02,60746948000112,BBDC4,7312.941672164295,7320.19908175935,BBDC4_2026-04-02_DISTRIBUTION_501,DISTRIBUTION,0,https://www.bradescori.com.br/informacoes-ao-mercado/remuneracao-aos-acionistas/,0.0,138.7616714574581,,,
BH padrão,2026-04-07,60746948000112,BBDC4,7320.19908175935,7433.503462485819,BBDC4_2026-04-07_DISTRIBUTION_500,DISTRIBUTION,0,https://www.bradescori.com.br/informacoes-ao-mercado/remuneracao-aos-acionistas/,0.0,2176.577153755485,,,
BH padrão,2026-04-07,61585865000151,RADL3,5289.543880968565,5309.964844836929,RADL3_2026-04-07_DISTRIBUTION_439,DISTRIBUTION,0,cache/market.json.gz; SQLite corporate_actions/B3,0.0,454.97907498715745,,,
BH padrão,2026-04-22,02846056000197,CCRO3,8224.98432280779,8255.175706648499,CCRO3_2026-04-22_DISTRIBUTION_0,DISTRIBUTION,0,cache/market.json.gz; SQLite corporate_actions/B3,0.0,507.5171623623289,,,
BH padrão,2026-05-04,60872504000123,ITUB4,4519.116178705752,4521.054069516158,ITUB4_2026-05-04_DISTRIBUTION_101,DISTRIBUTION,0,cache/market.json.gz; SQLite corporate_actions/B3,0.0,82.16657036122798,,,
BH padrão,2026-05-04,17155730000164,CMIG4,18915.05721856535,19098.58287951877,CMIG4_2026-05-04_DISTRIBUTION_374,DISTRIBUTION,0,cache/market.json.gz; SQLite corporate_actions/B3,0.0,2235.3425504126444,,,
BH padrão,2026-05-05,60746948000112,BBDC4,7448.687346409578,7456.05250637304,BBDC4_2026-05-05_DISTRIBUTION_502,DISTRIBUTION,0,https://www.bradescori.com.br/informacoes-ao-mercado/remuneracao-aos-acionistas/,0.0,141.33741969883857,,,
BH padrão,2026-05-05,02474103000119,TBLE3,4073.688653824442,4132.124036970719,TBLE3_2026-05-05_DISTRIBUTION_333,DISTRIBUTION,0,cache/market.json.gz; SQLite corporate_actions/B3,0.0,1989.1404422992775,,,
BH padrão,2026-06-01,60872504000123,ITUB4,4521.054069516158,4523.142530011381,ITUB4_2026-06-01_DISTRIBUTION_100,DISTRIBUTION,0,cache/market.json.gz; SQLite corporate_actions/B3,0.0,82.20180509194279,,,
BH padrão,2026-06-02,60746948000112,BBDC4,7471.4999164575975,7479.486974703135,BBDC4_2026-06-02_DISTRIBUTION_503,DISTRIBUTION,0,https://www.bradescori.com.br/informacoes-ao-mercado/remuneracao-aos-acionistas/,0.0,141.77028385829885,,,
BH padrão,2026-06-10,60872504000123,XPBR31,61.60816811572953,62.42461041121711,XPBR31_2026-06-10_DISTRIBUTION_691,DISTRIBUTION,0,https://www.sec.gov/Archives/edgar/data/1787425/000095010326007333/dp246817_ex9901.htm,0.0,63.780472123490156,,,
BH padrão,2026-06-19,60872504000123,ITUB4,4523.142530011381,4564.196826945429,ITUB4_2026-06-19_DISTRIBUTION_99,DISTRIBUTION,0,cache/market.json.gz; SQLite corporate_actions/B3,0.0,1636.8348187605184,,,
BH padrão,2026-06-22,84429695000111,WEGE3,6177.741052660842,6191.997537228718,WEGE3_2026-06-22_DISTRIBUTION_26,DISTRIBUTION,0,cache/market.json.gz; SQLite corporate_actions/B3,0.0,645.1059266963905,,,
BH padrão,2026-06-24,17155730000164,CMIG4,19098.58287951877,19294.91804248964,CMIG4_2026-06-24_DISTRIBUTION_373,DISTRIBUTION,0,cache/market.json.gz; SQLite corporate_actions/B3,0.0,2104.7129470477157,,,
BH padrão,2026-06-29,02932074000191,HYPE3,3851.422094821691,3899.299130162991,HYPE3_2026-06-29_DISTRIBUTION_393,DISTRIBUTION,0,cache/market.json.gz; SQLite corporate_actions/B3,0.0,1013.0780678218977,,,
BESST-10 BH,2014-07-01,60872504000123,ITUB4,312.7932436659368,312.939499858424,ITUB4_2014-07-01_DISTRIBUTION_295,DISTRIBUTION,0,cache/market.json.gz; SQLite corporate_actions/B3,0.0,4.6918986549890525,,,
BESST-10 BH,2014-07-02,60746948000112,BBDC4,319.9571964237129,320.16462038534513,BBDC4_2014-07-02_DISTRIBUTION_332,DISTRIBUTION,0,cache/market.json.gz; SQLite corporate_actions/B3,0.0,6.623047094916804,,,
BESST-10 BH,2014-08-01,02558157000162,VIVT4,228.8468677835304,230.2236985643286,B00S_VIVT4_2014-08-01_DISTRIBUTION_82,DISTRIBUTION,0,cache/market.json.gz; B3,0.0,62.64580052631808,,,
BESST-10 BH,2014-08-01,60872504000123,ITUB4,319.65798458167086,319.79517684973166,ITUB4_2014-08-01_DISTRIBUTION_294,DISTRIBUTION,0,cache/market.json.gz; SQLite corporate_actions/B3,0.0,4.7948697687250625,,,
BESST-10 BH,2014-08-04,60746948000112,BBDC4,320.16462038534513,320.35183340024827,BBDC4_2014-08-04_DISTRIBUTION_331,DISTRIBUTION,0,cache/market.json.gz; SQLite corporate_actions/B3,0.0,6.627340727570983,,,
BESST-10 BH,2014-08-14,60872504000123,ITUB4,319.79517684973166,322.75040017573787,ITUB4_2014-08-14_DISTRIBUTION_293,DISTRIBUTION,0,cache/market.json.gz; SQLite corporate_actions/B3,0.0,104.11251777519864,,,
BESST-10 BH,2014-08-19,17344597000194,BBSE3,312.20108198052884,312.2998264702901,PR5_BBSE3_2014-08-19_CASH_DIVIDEND,DISTRIBUTION,0,PR3 cache/market.json.gz; pre-existing B3 row; accepted next-session convention,0.0,3.401747672276072,,,
BESST-10 BH,2014-09-01,02558157000162,VIVT4,232.12792203781206,233.5008103084173,B00S_VIVT4_2014-09-01_DISTRIBUTION_81,DISTRIBUTION,0,cache/market.json.gz; B3,0.0,63.8393045831444,,,
BESST-10 BH,2014-09-01,60872504000123,ITUB4,322.75040017573787,322.86993736098816,ITUB4_2014-09-01_DISTRIBUTION_292,DISTRIBUTION,0,cache/market.json.gz; SQLite corporate_actions/B3,0.0,4.841256002636068,,,
BESST-10 BH,2014-09-02,60746948000112,BBDC4,320.35183340024827,320.51142945314484,BBDC4_2014-09-02_DISTRIBUTION_330,DISTRIBUTION,0,cache/market.json.gz; SQLite corporate_actions/B3,0.0,6.6312159978519585,,,
BESST-10 BH,2014-09-12,02474103000119,TBLE3,312.378712616012,318.66769767594974,TBLE3_2014-09-12_DISTRIBUTION_372,DISTRIBUTION,0,cache/market.json.gz; SQLite corporate_actions/B3,0.0,220.99493500621168,,,
BESST-10 BH,2014-09-23,17281106000103,CSMG3,282.73725619040516,284.9595151364927,B00S_CSMG3_2014-09-23_DISTRIBUTION_60,DISTRIBUTION,0,cache/market.json.gz; B3,0.0,77.60128239737708,,,
BESST-10 BH,2014-10-01,02558157000162,VIVT4,240.727127484674,241.8989228615684,B00S_VIVT4_2014-10-01_DISTRIBUTION_80,DISTRIBUTION,0,cache/market.json.gz; B3,0.0,55.32045974318309,,,
BESST-10 BH,2014-10-01,60872504000123,ITUB4,322.86993736098816,323.0168745290833,ITUB4_2014-10-01_DISTRIBUTION_291,DISTRIBUTION,0,cache/market.json.gz; SQLite corporate_actions/B3,0.0,4.843049060414822,,,
BESST-10 BH,2014-10-02,60746948000112,BBDC4,320.51142945314484,320.70312317180395,BBDC4_2014-10-02_DISTRIBUTION_329,DISTRIBUTION,0,cache/market.json.gz; SQLite corporate_actions/B3,0.0,6.634519602791342,,,
BESST-10 BH,2014-10-30,02149205000169,PSSA3,353.8366724267801,361.32244445001544,B00S_PSSA3_2014-10-30_DISTRIBUTION_67,DISTRIBUTION,0,cache/market.json.gz; B3,0.0,219.33312028079442,,,
BESST-10 BH,2014-11-03,02558157000162,VIVT4,241.8989228615684,243.2600158549161,B00S_VIVT4_2014-11-03_DISTRIBUTION_79,DISTRIBUTION,0,cache/market.json.gz; B3,0.0,67.9457622279181,,,
BESST-10 BH,2014-11-03,60872504000123,ITUB4,323.0168745290833,323.1492584940542,ITUB4_2014-11-03_DISTRIBUTION_290,DISTRIBUTION,0,cache/market.json.gz; SQLite corporate_actions/B3,0.0,4.845253117936249,,,
BESST-10 BH,2014-11-04,60746948000112,BBDC4,320.70312317180395,320.88114643870404,BBDC4_2014-11-04_DISTRIBUTION_328,DISTRIBUTION,0,cache/market.json.gz; SQLite corporate_actions/B3,0.0,6.6384876227035985,,,
BESST-10 BH,2014-11-10,17155730000164,CMIG4,724.9095113317937,772.1317259613867,CMIG4_2014-11-10_DISTRIBUTION_637,DISTRIBUTION,0,https://api.mziq.com/mzfilemanager/v2/d/716a131f-9624-452c-9088-0cd6983c1349/a2eb9f5f-37e1-8913-c1eb-c4281b5e23b2?origin=2,0.0,633.7221203291374,,,
BESST-10 BH,2014-11-11,02474103000119,TBLE3,324.85825285909686,330.5002454586439,TBLE3_2014-11-11_DISTRIBUTION_371,DISTRIBUTION,0,cache/market.json.gz; SQLite corporate_actions/B3,0.0,189.17601186281283,,,
BESST-10 BH,2014-11-26,02474103000119,TBLE3,330.5002454586439,333.81724500708907,TBLE3_2014-11-26_DISTRIBUTION_370,DISTRIBUTION,0,cache/market.json.gz; SQLite corporate_actions/B3,0.0,112.91066462907222,,,
BESST-10 BH,2014-12-01,02558157000162,VIVT4,243.2600158549161,245.3512799150367,B00S_VIVT4_2014-12-01_DISTRIBUTION_78,DISTRIBUTION,0,cache/market.json.gz; B3,0.0,103.51757097597007,,,
BESST-10 BH,2014-12-01,60872504000123,ITUB4,323.1492584940542,323.28033580279975,ITUB4_2014-12-01_DISTRIBUTION_289,DISTRIBUTION,0,cache/market.json.gz; SQLite corporate_actions/B3,0.0,4.847238877410813,,,
BESST-10 BH,2014-12-02,60746948000112,BBDC4,320.88114643870404,321.0614932393318,BBDC4_2014-12-02_DISTRIBUTION_327,DISTRIBUTION,0,cache/market.json.gz; SQLite corporate_actions/B3,0.0,6.642172667121567,,,
BESST-10 BH,2014-12-23,02149205000169,PSSA3,363.6823082411632,366.18706594073944,B00S_PSSA3_2014-12-23_DISTRIBUTION_66,DISTRIBUTION,0,cache/market.json.gz; B3,0.0,76.49530014505918,,,
BESST-10 BH,2014-12-23,60746948000112,BBDC4,321.0614932393318,326.8818162747945,BBDC4_2014-12-23_DISTRIBUTION_326,DISTRIBUTION,0,cache/market.json.gz; SQLite corporate_actions/B3,0.0,208.48397113027346,,,
BESST-10 BH,2014-12-29,17155730000164,CMIG4,796.4252224249777,807.1769081073082,CMIG4_2014-12-29_DISTRIBUTION_638,DISTRIBUTION,0,https://api.mziq.com/mzfilemanager/v2/d/716a131f-9624-452c-9088-0cd6983c1349/a2eb9f5f-37e1-8913-c1eb-c4281b5e23b2?origin=2,0.0,145.57782413875438,,,
BESST-10 BH,2015-01-02,02558157000162,VIVT4,245.3512799150367,247.66760278486078,B00S_VIVT4_2015-01-02_DISTRIBUTION_77,DISTRIBUTION,0,cache/market.json.gz; B3,0.0,107.15309595806055,,,
BESST-10 BH,2015-01-02,60872504000123,ITUB4,323.28033580279975,323.4236761822571,ITUB4_2015-01-02_DISTRIBUTION_288,DISTRIBUTION,0,cache/market.json.gz; SQLite corporate_actions/B3,0.0,4.849205037041997,,,
BESST-10 BH,2015-01-05,60746948000112,BBDC4,326.8818162747945,327.0787998345788,BBDC4_2015-01-05_DISTRIBUTION_325,DISTRIBUTION,0,cache/market.json.gz; SQLite corporate_actions/B3,0.0,6.766385278588644,,,
BESST-10 BH,2015-02-02,60872504000123,ITUB4,323.4236761822571,323.5692750760967,ITUB4_2015-02-02_DISTRIBUTION_287,DISTRIBUTION,0,cache/market.json.gz; SQLite corporate_actions/B3,0.0,4.851355142733857,,,
BESST-10 BH,2015-02-03,60746948000112,BBDC4,327.0787998345788,327.2704890417449,BBDC4_2015-02-03_DISTRIBUTION_324,DISTRIBUTION,0,cache/market.json.gz; SQLite corporate_actions/B3,0.0,6.770462797106615,,,
BESST-10 BH,2015-02-10,60746948000112,BBDC4,327.2704890417449,328.73289139913925,BBDC4_2015-02-10_DISTRIBUTION_323,DISTRIBUTION,0,cache/market.json.gz; SQLite corporate_actions/B3,0.0,51.535059074577596,,,
BESST-10 BH,2015-02-11,02558157000162,VIVT4,247.66760278486078,259.983580905022,B00S_VIVT4_2015-02-11_DISTRIBUTION_76,DISTRIBUTION,0,cache/market.json.gz; B3,0.0,625.6516885041912,,,
BESST-10 BH,2015-02-11,60872504000123,ITUB4,323.5692750760967,331.72905819875945,ITUB4_2015-02-11_DISTRIBUTION_285;ITUB4_2015-02-11_DISTRIBUTION_286,DISTRIBUTION,0,cache/market.json.gz; SQLite corporate_actions/B3,0.0,273.1895389467484,,,
BESST-10 BH,2015-02-13,17344597000194,BBSE3,351.05903660827994,351.2171407078277,PR5_BBSE3_2015-02-13_CASH_DIVIDEND,DISTRIBUTION,0,PR3 cache/market.json.gz; pre-existing B3 row; accepted next-session convention,0.0,4.73205569946366,,,
BESST-10 BH,2015-03-02,60872504000123,ITUB4,331.72905819875945,331.86606083843407,ITUB4_2015-03-02_DISTRIBUTION_284,DISTRIBUTION,0,cache/market.json.gz; SQLite corporate_actions/B3,0.0,4.975935872981392,,,
BESST-10 BH,2015-03-03,60746948000112,BBDC4,328.73289139913925,328.9160596938038,BBDC4_2015-03-03_DISTRIBUTION_322,DISTRIBUTION,0,cache/market.json.gz; SQLite corporate_actions/B3,0.0,6.804702146787879,,,
BESST-10 BH,2015-03-25,17281106000103,CSMG3,544.1779575059243,544.7721338777982,B00S_CSMG3_2015-03-25_DISTRIBUTION_59,DISTRIBUTION,0,cache/market.json.gz; B3,0.0,11.182399318666684,,,
BESST-10 BH,2015-03-27,60746948000112,BBDC4,328.9160596938038,394.69927163256455,BBDC4_2015-03-27_SHARES_667,SHARES,0,originals/bradesco_remuneracao.html.gz; owned_capital_events_fre.json; SEC 6K 20150317/20160404/20180319/20200403,0.0,0.0,,,
BESST-10 BH,2015-03-30,02149205000169,PSSA3,377.0832669151523,383.8796650983692,B00S_PSSA3_2015-03-30_DISTRIBUTION_65,DISTRIBUTION,0,cache/market.json.gz; B3,0.0,239.91285586755478,,,
BESST-10 BH,2015-04-01,60872504000123,ITUB4,331.86606083843407,332.0024441511074,ITUB4_2015-04-01_DISTRIBUTION_283,DISTRIBUTION,0,cache/market.json.gz; SQLite corporate_actions/B3,0.0,4.9779909125765105,,,
BESST-10 BH,2015-04-02,60746948000112,BBDC4,397.2599493933489,397.5034226382807,BBDC4_2015-04-02_DISTRIBUTION_321,DISTRIBUTION,0,cache/market.json.gz; SQLite corporate_actions/B3,0.0,7.537931663088461,,,
BESST-10 BH,2015-04-07,43776517000180,SBSP3,702.2795123816996,716.4452228603657,B00S_SBSP3_2015-04-07_DISTRIBUTION_68,DISTRIBUTION,0,cache/market.json.gz; B3,0.0,259.2325017595882,,,
BESST-10 BH,2015-04-10,02558157000162,VIVT4,259.983580905022,260.07833487521975,B00S_VIVT4_2015-04-10_DISTRIBUTION_75,DISTRIBUTION,0,cache/market.json.gz; B3,0.0,4.440171043468229,,,
BESST-10 BH,2015-05-04,17155730000164,CMIG4,902.2355664244748,930.0596424438579,CMIG4_2015-05-04_DISTRIBUTION_639,DISTRIBUTION,0,https://api.mziq.com/mzfilemanager/v2/d/716a131f-9624-452c-9088-0cd6983c1349/a2eb9f5f-37e1-8913-c1eb-c4281b5e23b2?origin=2,0.0,406.78799140338066,,,
BESST-10 BH,2015-05-04,60872504000123,ITUB4,333.69700753500484,333.8255172940042,ITUB4_2015-05-04_DISTRIBUTION_282,DISTRIBUTION,0,cache/market.json.gz; SQLite corporate_actions/B3,0.0,5.005455113025072,,,
BESST-10 BH,2015-05-05,60746948000112,BBDC4,399.58652478362166,399.8206117853735,BBDC4_2015-05-05_DISTRIBUTION_320,DISTRIBUTION,0,cache/market.json.gz; SQLite corporate_actions/B3,0.0,7.582077986742987,,,
BESST-10 BH,2015-05-11,02474103000119,TBLE3,349.22461954982253,351.7270735009116,TBLE3_2015-05-11_DISTRIBUTION_369,DISTRIBUTION,0,cache/market.json.gz; SQLite corporate_actions/B3,0.0,92.06528086056734,,,
BESST-10 BH,2015-05-12,17281106000103,CSMG3,639.5404953396621,640.9090123628329,B00S_CSMG3_2015-05-12_DISTRIBUTION_58,DISTRIBUTION,0,cache/market.json.gz; B3,0.0,24.633306417072703,,,
BESST-10 BH,2015-05-13,02558115000121,TIMP3,1192.5131766454415,1212.8007978385247,B00S_TIMP3_2015-05-13_DISTRIBUTION_85,DISTRIBUTION,0,"originals/tim_2015_ago.pdf.gz; 2015-04-14 AGM, record 2015-05-12",0.0,180.96558104230152,,,
BESST-10 BH,2015-05-26,02558157000162,VIVT4,261.42231180724167,264.6596437113752,B00S_VIVT4_2015-05-26_DISTRIBUTION_73;B00S_VIVT4_2015-05-26_DISTRIBUTION_74,DISTRIBUTION,0,cache/market.json.gz; B3,0.0,142.28073718666977,,,
BESST-10 BH,2015-06-01,60872504000123,ITUB4,333.8255172940042,333.9724475392921,ITUB4_2015-06-01_DISTRIBUTION_281,DISTRIBUTION,0,cache/market.json.gz; SQLite corporate_actions/B3,0.0,5.007382759410063,,,
BESST-10 BH,2015-06-02,60746948000112,BBDC4,416.75151344459323,417.02551830835176,BBDC4_2015-06-02_DISTRIBUTION_319,DISTRIBUTION,0,cache/market.json.gz; SQLite corporate_actions/B3,0.0,7.907780368072088,,,
BESST-10 BH,2015-06-23,60746948000112,BBDC4,417.02551830835176,419.790525791239,BBDC4_2015-06-23_DISTRIBUTION_318,DISTRIBUTION,0,cache/market.json.gz; SQLite corporate_actions/B3,0.0,79.18981430989024,,,
BESST-10 BH,2015-07-01,60872504000123,ITUB4,346.43839261924404,346.5894558718396,ITUB4_2015-07-01_DISTRIBUTION_280,DISTRIBUTION,0,cache/market.json.gz; SQLite corporate_actions/B3,0.0,5.196575889288661,,,
BESST-10 BH,2015-07-02,60746948000112,BBDC4,425.4222298083339,425.7018385909791,BBDC4_2015-07-02_DISTRIBUTION_317,DISTRIBUTION,0,cache/market.json.gz; SQLite corporate_actions/B3,0.0,8.072305554967242,,,
BESST-10 BH,2015-07-14,60872504000123,ITUB4,351.0861156311455,386.19472719426005,ITUB4_2015-07-14_SHARES_662,SHARES,0,https://www.itau.com.br/relacoes-com-investidores/informacoes-ao-mercado/recompra/; owned_capital_events_fre.json; B3,0.0,0.0,,,
BESST-10 BH,2015-08-03,02558157000162,VIVT4,273.53137857769184,274.3731622044358,CONT_2802_VIVT4_2015-08-03,DISTRIBUTION,0,cache/market.json.gz; B3,0.0,36.92904770525688,,,
BESST-10 BH,2015-08-03,60872504000123,ITUB4,386.19472719426005,386.3883408609684,ITUB4_2015-08-03_DISTRIBUTION_279,DISTRIBUTION,0,cache/market.json.gz; SQLite corporate_actions/B3,0.0,5.792920907913901,,,
BESST-10 BH,2015-08-04,60746948000112,BBDC4,435.3909277951334,435.7083100346741,BBDC4_2015-08-04_DISTRIBUTION_316,DISTRIBUTION,0,cache/market.json.gz; SQLite corporate_actions/B3,0.0,8.261459695245447,,,
BESST-10 BH,2015-08-12,17281106000103,CSMG3,854.3685077448835,855.0969856034226,CONT_994_CSMG3_2015-08-12,DISTRIBUTION,0,cache/market.json.gz; B3,0.0,7.57616972880722,,,
BESST-10 BH,2015-08-13,17344597000194,BBSE3,370.20506389149784,370.423456490349,CONT_277_BBSE3_2015-08-13,DISTRIBUTION,0,cache/market.json.gz; B3,0.0,6.678445672868357,,,
BESST-10 BH,2015-08-13,60872504000123,ITUB4,391.4053512249071,396.4774954767355,ITUB4_2015-08-13_DISTRIBUTION_278,DISTRIBUTION,0,cache/market.json.gz; SQLite corporate_actions/B3,0.0,135.42625152381785,,,
BESST-10 BH,2015-08-21,02474103000119,TBLE3,355.81288258165995,360.8824593315841,TBLE3_2015-08-21_DISTRIBUTION_368,DISTRIBUTION,0,cache/market.json.gz; SQLite corporate_actions/B3,0.0,169.6787338199608,,,
BESST-10 BH,2015-09-01,02558157000162,VIVT4,274.3731622044358,275.3700133895176,CONT_2801_VIVT4_2015-09-01,DISTRIBUTION,0,cache/market.json.gz; B3,0.0,39.724519725509765,,,
BESST-10 BH,2015-09-01,60872504000123,ITUB4,396.4774954767355,396.706938471803,ITUB4_2015-09-01_DISTRIBUTION_277,DISTRIBUTION,0,cache/market.json.gz; SQLite corporate_actions/B3,0.0,5.947162432151032,,,
BESST-10 BH,2015-09-02,60746948000112,BBDC4,449.73752514894835,450.11213812699197,BBDC4_2015-09-02_DISTRIBUTION_315,DISTRIBUTION,0,cache/market.json.gz; SQLite corporate_actions/B3,0.0,8.53368363983399,,,
BESST-10 BH,2015-10-01,02558157000162,VIVT4,275.3700133895176,276.03262802779165,CONT_2800_VIVT4_2015-10-01,DISTRIBUTION,0,cache/market.json.gz; B3,0.0,24.72877830038648,,,
BESST-10 BH,2015-10-01,60872504000123,ITUB4,400.99849028974864,401.222261768705,ITUB4_2015-10-01_DISTRIBUTION_276,DISTRIBUTION,0,cache/market.json.gz; SQLite corporate_actions/B3,0.0,6.01497735434623,,,
BESST-10 BH,2015-10-02,60746948000112,BBDC4,467.8063746782865,468.20071215534125,BBDC4_2015-10-02_DISTRIBUTION_314,DISTRIBUTION,0,cache/market.json.gz; SQLite corporate_actions/B3,0.0,8.876536608502922,,,
BESST-10 BH,2015-10-29,02149205000169,PSSA3,383.8796650983692,393.18476569741046,CONT_2161_PSSA3_2015-10-29,DISTRIBUTION,0,cache/market.json.gz; B3,0.0,303.346279528746,,,
BESST-10 BH,2015-11-03,02558157000162,VIVT4,280.7382581824705,281.10105178752997,CONT_2799_VIVT4_2015-11-03,DISTRIBUTION,0,cache/market.json.gz; B3,0.0,15.092213970475122,,,
BESST-10 BH,2015-11-03,60872504000123,ITUB4,401.222261768705,401.43598101325506,ITUB4_2015-11-03_DISTRIBUTION_275,DISTRIBUTION,0,cache/market.json.gz; SQLite corporate_actions/B3,0.0,6.018333926530574,,,
BESST-10 BH,2015-11-04,60746948000112,BBDC4,499.0893058997081,499.5267250338139,BBDC4_2015-11-04_DISTRIBUTION_313,DISTRIBUTION,0,cache/market.json.gz; SQLite corporate_actions/B3,0.0,9.470124253389534,,,
BESST-10 BH,2015-11-12,17281106000103,CSMG3,958.37761652704,959.7014885339527,CONT_993_CSMG3_2015-11-12,DISTRIBUTION,0,cache/market.json.gz; B3,0.0,20.056660904727067,,,
BESST-10 BH,2015-11-24,02474103000119,TBLE3,360.8824593315841,365.7754019773518,TBLE3_2015-11-24_DISTRIBUTION_367,DISTRIBUTION,0,cache/market.json.gz; SQLite corporate_actions/B3,0.0,173.60160507183966,,,
BESST-10 BH,2015-12-01,02558157000162,VIVT4,284.6248322714931,285.7235424609779,CONT_2798_VIVT4_2015-12-01,DISTRIBUTION,0,cache/market.json.gz; B3,0.0,40.8610319469403,,,
BESST-10 BH,2015-12-01,60872504000123,ITUB4,412.168251051386,412.38913435848747,ITUB4_2015-12-01_DISTRIBUTION_274,DISTRIBUTION,0,cache/market.json.gz; SQLite corporate_actions/B3,0.0,6.18252376577079,,,
BESST-10 BH,2015-12-02,60746948000112,BBDC4,519.610847417805,520.0810198824727,BBDC4_2015-12-02_DISTRIBUTION_312,DISTRIBUTION,0,cache/market.json.gz; SQLite corporate_actions/B3,0.0,9.85951658408099,,,
BESST-10 BH,2015-12-10,60872504000123,ITUB4,417.5178725297434,420.54777653525434,ITUB4_2015-12-10_DISTRIBUTION_273,DISTRIBUTION,0,cache/market.json.gz; SQLite corporate_actions/B3,0.0,87.26123535871636,,,
BESST-10 BH,2015-12-14,02149205000169,PSSA3,393.18476569741046,397.10715985727273,CONT_2160_PSSA3_2015-12-14,DISTRIBUTION,0,cache/market.json.gz; B3,0.0,124.7321342836196,,,
BESST-10 BH,2015-12-17,60746948000112,BBDC4,520.0810198824727,541.4635294497567,BBDC4_2015-12-17_DISTRIBUTION_311,DISTRIBUTION,0,cache/market.json.gz; SQLite corporate_actions/B3,0.0,439.1967465120138,,,
BESST-10 BH,2016-01-04,02558157000162,VIVT4,296.0979666212975,297.64148167370155,CONT_2797_VIVT4_2016-01-04,DISTRIBUTION,0,cache/market.json.gz; B3,0.0,54.79478436034497,,,
BESST-10 BH,2016-01-04,17155730000164,CMIG4,1579.862549853184,1624.2290583318616,CMIG4_2016-01-04_DISTRIBUTION_640,DISTRIBUTION,0,https://api.mziq.com/mzfilemanager/v2/d/716a131f-9624-452c-9088-0cd6983c1349/a2eb9f5f-37e1-8913-c1eb-c4281b5e23b2?origin=2,0.0,251.11443798931484,,,
BESST-10 BH,2016-01-04,60872504000123,ITUB4,420.54777653525434,420.7987998797839,ITUB4_2016-01-04_DISTRIBUTION_272,DISTRIBUTION,0,cache/market.json.gz; SQLite corporate_actions/B3,0.0,6.308216648028815,,,
BESST-10 BH,2016-01-05,60746948000112,BBDC4,558.0730424305218,558.628912739612,BBDC4_2016-01-05_DISTRIBUTION_310,DISTRIBUTION,0,cache/market.json.gz; SQLite corporate_actions/B3,0.0,10.589329388168046,,,
BESST-10 BH,2016-02-01,60872504000123,ITUB4,429.7705020080881,430.02360595508935,ITUB4_2016-02-01_DISTRIBUTION_271,DISTRIBUTION,0,cache/market.json.gz; SQLite corporate_actions/B3,0.0,6.446557530121321,,,
BESST-10 BH,2016-02-02,60746948000112,BBDC4,580.3018499914815,580.9187192780885,BBDC4_2016-02-02_DISTRIBUTION_309,DISTRIBUTION,0,cache/market.json.gz; SQLite corporate_actions/B3,0.0,11.011116765935013,,,
BESST-10 BH,2016-02-19,60872504000123,ITUB4,439.2910961753919,451.1358466219175,ITUB4_2016-02-19_DISTRIBUTION_269;ITUB4_2016-02-19_DISTRIBUTION_270,DISTRIBUTION,0,cache/market.json.gz; SQLite corporate_actions/B3,0.0,287.4720933371765,,,
BESST-10 BH,2016-02-24,17344597000194,BBSE3,460.47054030267583,460.8471222018768,CONT_276_BBSE3_2016-02-24,DISTRIBUTION,0,cache/market.json.gz; B3,0.0,8.812016441302582,,,
BESST-10 BH,2016-03-01,02558157000162,VIVT4,315.28334569111036,316.2687944260436,CONT_2796_VIVT4_2016-03-01,DISTRIBUTION,0,cache/market.json.gz; B3,0.0,38.521191048541006,,,
BESST-10 BH,2016-03-01,60872504000123,ITUB4,451.1358466219175,451.3904379574829,ITUB4_2016-03-01_DISTRIBUTION_268,DISTRIBUTION,0,cache/market.json.gz; SQLite corporate_actions/B3,0.0,6.767037699328762,,,
BESST-10 BH,2016-03-02,60746948000112,BBDC4,581.6267492008791,582.1194392221013,BBDC4_2016-03-02_DISTRIBUTION_308,DISTRIBUTION,0,cache/market.json.gz; SQLite corporate_actions/B3,0.0,11.036256475377582,,,
BESST-10 BH,2016-03-30,02149205000169,PSSA3,444.7444840131573,447.00908789012567,CONT_2159_PSSA3_2016-03-30,DISTRIBUTION,0,cache/market.json.gz; B3,0.0,62.95598777972093,,,
BESST-10 BH,2016-04-01,02558157000162,VIVT4,319.5526391362417,321.02372897358117,CONT_2795_VIVT4_2016-04-01,DISTRIBUTION,0,cache/market.json.gz; B3,0.0,65.78713752582205,,,
BESST-10 BH,2016-04-01,60872504000123,ITUB4,460.2714353928863,460.4912402808485,ITUB4_2016-04-01_DISTRIBUTION_267,DISTRIBUTION,0,cache/market.json.gz; SQLite corporate_actions/B3,0.0,6.904071530893295,,,
BESST-10 BH,2016-04-04,60746948000112,BBDC4,582.1194392221013,582.5351563908791,BBDC4_2016-04-04_DISTRIBUTION_307,DISTRIBUTION,0,cache/market.json.gz; SQLite corporate_actions/B3,0.0,11.045605174426479,,,
BESST-10 BH,2016-04-06,43776517000180,SBSP3,732.7839082481189,739.8414186160949,CONT_2263_SBSP3_2016-04-06,DISTRIBUTION,0,cache/market.json.gz; B3,0.0,160.69951107881246,,,
BESST-10 BH,2016-04-13,02558115000121,TIMP3,1713.1198606631751,1756.7593350084896,TIMP_GROSS_2016-04-13,DISTRIBUTION,0,research/graham_v6_comparison/audit_v13_inputs/documents/TIM_DIV.html.gz,0.0,331.66000502439067,,,
BESST-10 BH,2016-04-18,60746948000112,BBDC4,582.5351563908791,640.7886720299671,BBDC4_2016-04-18_SHARES_668,SHARES,0,originals/bradesco_remuneracao.html.gz; owned_capital_events_fre.json; SEC 6K 20150317/20160404/20180319/20200403,0.0,0.0,,,
BESST-10 BH,2016-04-29,02558157000162,VIVT4,325.9955372455122,332.04724998720445,CONT_2794_VIVT4_2016-04-29,DISTRIBUTION,0,cache/market.json.gz; B3,0.0,256.3505517380836,,,
BESST-10 BH,2016-05-02,02558157000162,VIVT4,332.04724998720445,333.0841072796928,CONT_2793_VIVT4_2016-05-02,DISTRIBUTION,0,cache/market.json.gz; B3,0.0,44.626337868698144,,,
BESST-10 BH,2016-05-02,17155730000164,CMIG4,1864.5981673395981,1960.4372885083462,CMIG4_2016-05-02_DISTRIBUTION_641,DISTRIBUTION,0,https://api.mziq.com/mzfilemanager/v2/d/716a131f-9624-452c-9088-0cd6983c1349/a2eb9f5f-37e1-8913-c1eb-c4281b5e23b2?origin=2,0.0,643.0805030422999,,,
BESST-10 BH,2016-05-02,60872504000123,ITUB4,466.58680649723016,466.80586133596125,ITUB4_2016-05-02_DISTRIBUTION_266,DISTRIBUTION,0,cache/market.json.gz; SQLite corporate_actions/B3,0.0,6.998802097458452,,,
BESST-10 BH,2016-05-03,60746948000112,BBDC4,640.7886720299671,641.2781584494974,BBDC4_2016-05-03_DISTRIBUTION_306,DISTRIBUTION,0,cache/market.json.gz; SQLite corporate_actions/B3,0.0,12.158842661132267,,,
BESST-10 BH,2016-05-11,02474103000119,TBLE3,384.9788331612038,388.3575583175716,TBLE3_2016-05-11_DISTRIBUTION_366,DISTRIBUTION,0,cache/market.json.gz; SQLite corporate_actions/B3,0.0,123.55997896837135,,,
BESST-10 BH,2016-05-12,17281106000103,CSMG3,959.7014885339527,967.5779459556402,CONT_992_CSMG3_2016-05-12,DISTRIBUTION,0,cache/market.json.gz; B3,0.0,198.80178532339195,,,
BESST-10 BH,2016-06-01,60872504000123,ITUB4,471.41481401069484,471.6547604718472,ITUB4_2016-06-01_DISTRIBUTION_265,DISTRIBUTION,0,cache/market.json.gz; SQLite corporate_actions/B3,0.0,7.071222210160422,,,
BESST-10 BH,2016-06-02,60746948000112,BBDC4,644.272538771613,644.7829750291135,BBDC4_2016-06-02_DISTRIBUTION_305,DISTRIBUTION,0,cache/market.json.gz; SQLite corporate_actions/B3,0.0,12.22494836713645,,,
BESST-10 BH,2016-06-23,60746948000112,BBDC4,644.7829750291135,649.5872688234894,BBDC4_2016-06-23_DISTRIBUTION_304,DISTRIBUTION,0,cache/market.json.gz; SQLite corporate_actions/B3,0.0,122.36536294275318,,,
BESST-10 BH,2016-07-01,02558157000162,VIVT4,343.96462905053176,344.73525534132386,CONT_2792_VIVT4_2016-07-01,DISTRIBUTION,0,cache/market.json.gz; B3,0.0,33.83049416577375,,,
BESST-10 BH,2016-07-01,60872504000123,ITUB4,479.35778812239124,479.590410795372,ITUB4_2016-07-01_DISTRIBUTION_264,DISTRIBUTION,0,cache/market.json.gz; SQLite corporate_actions/B3,0.0,7.190366821835869,,,
BESST-10 BH,2016-07-04,60746948000112,BBDC4,651.7495835575318,652.2305957653822,BBDC4_2016-07-04_DISTRIBUTION_303,DISTRIBUTION,0,cache/market.json.gz; SQLite corporate_actions/B3,0.0,12.366823863833705,,,
BESST-10 BH,2016-08-01,60872504000123,ITUB4,489.34347683032223,489.563044648224,ITUB4_2016-08-01_DISTRIBUTION_263,DISTRIBUTION,0,cache/market.json.gz; SQLite corporate_actions/B3,0.0,7.340152152454833,,,
BESST-10 BH,2016-08-02,60746948000112,BBDC4,655.6904774761502,656.1343448173286,BBDC4_2016-08-02_DISTRIBUTION_302,DISTRIBUTION,0,cache/market.json.gz; SQLite corporate_actions/B3,0.0,12.441601573228752,,,
BESST-10 BH,2016-08-09,02474103000119,TBLE3,409.2985694827263,419.02374354921466,TBLE3_2016-08-09_DISTRIBUTION_365,DISTRIBUTION,0,cache/market.json.gz; SQLite corporate_actions/B3,0.0,404.5672411659158,,,
BESST-10 BH,2016-08-12,17344597000194,BBSE3,536.9872569269658,537.2925988155471,CONT_275_BBSE3_2016-08-12,DISTRIBUTION,0,cache/market.json.gz; B3,0.0,9.102241698610289,,,
BESST-10 BH,2016-08-15,60872504000123,ITUB4,501.4249003347296,506.9333952475478,ITUB4_2016-08-15_DISTRIBUTION_262,DISTRIBUTION,0,cache/market.json.gz; SQLite corporate_actions/B3,0.0,200.06853523355713,,,
BESST-10 BH,2016-08-23,17281106000103,CSMG3,967.5779459556402,974.4264910048624,CONT_991_CSMG3_2016-08-23,DISTRIBUTION,0,cache/market.json.gz; B3,0.0,217.4413053128055,,,
BESST-10 BH,2016-09-01,60872504000123,ITUB4,506.9333952475478,507.14350856417434,ITUB4_2016-09-01_DISTRIBUTION_261,DISTRIBUTION,0,cache/market.json.gz; SQLite corporate_actions/B3,0.0,7.604000928713217,,,
BESST-10 BH,2016-09-02,60746948000112,BBDC4,659.4426876929116,659.8655602527433,BBDC4_2016-09-02_DISTRIBUTION_301,DISTRIBUTION,0,cache/market.json.gz; SQLite corporate_actions/B3,0.0,12.512799045419648,,,
BESST-10 BH,2016-10-03,02558157000162,VIVT4,362.16742278853224,365.24358905038764,CONT_2791_VIVT4_2016-10-03,DISTRIBUTION,0,cache/market.json.gz; B3,0.0,143.810772741739,,,
BESST-10 BH,2016-10-03,60746948000112,BBDC4,659.8655602527433,673.7813432912154,BBDC4_2016-10-03_DISTRIBUTION_300,DISTRIBUTION,0,cache/market.json.gz; SQLite corporate_actions/B3,0.0,414.55117671608264,,,
BESST-10 BH,2016-10-03,60872504000123,ITUB4,511.8635254846594,512.0747483975142,ITUB4_2016-10-03_DISTRIBUTION_260,DISTRIBUTION,0,cache/market.json.gz; SQLite corporate_actions/B3,0.0,7.677952882269891,,,
BESST-10 BH,2016-10-04,60746948000112,BBDC4,673.7813432912154,674.2046834334907,BBDC4_2016-10-04_DISTRIBUTION_299,DISTRIBUTION,0,cache/market.json.gz; SQLite corporate_actions/B3,0.0,12.784872296714243,,,
BESST-10 BH,2016-10-18,60872504000123,ITUB4,517.1754493518513,568.8929942870365,ITUB4_2016-10-18_SHARES_663,SHARES,0,https://www.itau.com.br/relacoes-com-investidores/informacoes-ao-mercado/recompra/; owned_capital_events_fre.json; B3,0.0,0.0,,,
BESST-10 BH,2016-10-28,02149205000169,PSSA3,578.082599055768,598.7422956316352,CONT_2158_PSSA3_2016-10-28,DISTRIBUTION,0,cache/market.json.gz; B3,0.0,628.0547759063642,,,
BESST-10 BH,2016-11-01,60872504000123,ITUB4,568.8929942870365,569.1220787142661,ITUB4_2016-11-01_DISTRIBUTION_259,DISTRIBUTION,0,cache/market.json.gz; SQLite corporate_actions/B3,0.0,8.533394914305546,,,
BESST-10 BH,2016-11-03,60746948000112,BBDC4,674.2046834334907,674.6086273897602,BBDC4_2016-11-03_DISTRIBUTION_298,DISTRIBUTION,0,cache/market.json.gz; SQLite corporate_actions/B3,0.0,12.79290509505595,,,
BESST-10 BH,2016-11-11,02474103000119,TBLE3,453.938932981862,462.49583441400597,TBLE3_2016-11-11_DISTRIBUTION_364,DISTRIBUTION,0,cache/market.json.gz; SQLite corporate_actions/B3,0.0,300.77508533985997,,,
BESST-10 BH,2016-11-17,17281106000103,CSMG3,974.4264910048624,982.0573323389848,CONT_990_CSMG3_2016-11-17,DISTRIBUTION,0,cache/market.json.gz; B3,0.0,233.50374482414287,,,
BESST-10 BH,2016-12-01,60872504000123,ITUB4,569.1220787142661,569.3746476841097,ITUB4_2016-12-01_DISTRIBUTION_258,DISTRIBUTION,0,cache/market.json.gz; SQLite corporate_actions/B3,0.0,8.53683118071399,,,
BESST-10 BH,2016-12-02,60746948000112,BBDC4,675.9256685524211,676.3753726358356,BBDC4_2016-12-02_DISTRIBUTION_297,DISTRIBUTION,0,cache/market.json.gz; SQLite corporate_actions/B3,0.0,12.825560458979497,,,
BESST-10 BH,2016-12-21,02149205000169,PSSA3,625.2161838527852,627.6590436135508,CONT_2157_PSSA3_2016-12-21,DISTRIBUTION,0,cache/market.json.gz; B3,0.0,62.56163847320693,,,
BESST-10 BH,2016-12-22,60746948000112,BBDC4,676.3753726358356,683.5157121439095,BBDC4_2016-12-22_DISTRIBUTION_296,DISTRIBUTION,0,cache/market.json.gz; SQLite corporate_actions/B3,0.0,191.00408184097807,,,
BESST-10 BH,2016-12-23,60872504000123,ITUB4,569.3746476841097,577.6408382883071,ITUB4_2016-12-23_DISTRIBUTION_257,DISTRIBUTION,0,cache/market.json.gz; SQLite corporate_actions/B3,0.0,268.4032089182893,,,
BESST-10 BH,2016-12-27,17155730000164,CMIG4,2259.9652356467714,2352.4459926912996,CMIG4_2016-12-27_DISTRIBUTION_642,DISTRIBUTION,0,https://api.mziq.com/mzfilemanager/v2/d/716a131f-9624-452c-9088-0cd6983c1349/a2eb9f5f-37e1-8913-c1eb-c4281b5e23b2?origin=2,0.0,682.5079869886171,,,
BESST-10 BH,2017-01-02,02558157000162,VIVT4,396.66095949396276,399.9821029371571,CONT_2790_VIVT4_2017-01-02,DISTRIBUTION,0,cache/market.json.gz; B3,0.0,146.39600297600668,,,
BESST-10 BH,2017-01-02,60872504000123,ITUB4,577.6408382883071,577.8992520244933,ITUB4_2017-01-02_DISTRIBUTION_256,DISTRIBUTION,0,cache/market.json.gz; SQLite corporate_actions/B3,0.0,8.664612574324606,,,
BESST-10 BH,2017-01-03,60746948000112,BBDC4,685.6665543898735,686.1002341201147,BBDC4_2017-01-03_DISTRIBUTION_623,DISTRIBUTION,0,https://www.bradescori.com.br/informacoes-ao-mercado/remuneracao-aos-acionistas/,0.0,13.01039190723596,,,
BESST-10 BH,2017-02-01,60872504000123,ITUB4,580.9375507966087,581.1691845887923,ITUB4_2017-02-01_DISTRIBUTION_255,DISTRIBUTION,0,cache/market.json.gz; SQLite corporate_actions/B3,0.0,8.71406326194913,,,
BESST-10 BH,2017-02-02,60746948000112,BBDC4,687.229629164115,687.6475795151575,BBDC4_2017-02-02_DISTRIBUTION_624,DISTRIBUTION,0,https://www.bradescori.com.br/informacoes-ao-mercado/remuneracao-aos-acionistas/,0.0,13.04005095252991,,,
BESST-10 BH,2017-02-17,17344597000194,BBSE3,637.9561436327751,638.3395907689006,CONT_274_BBSE3_2017-02-17,DISTRIBUTION,0,cache/market.json.gz; B3,0.0,11.02027069224525,,,
BESST-10 BH,2017-02-21,60872504000123,ITUB4,583.1946158365489,594.2646061699555,ITUB4_2017-02-21_DISTRIBUTION_254,DISTRIBUTION,0,cache/market.json.gz; SQLite corporate_actions/B3,0.0,452.20910511966,,,
BESST-10 BH,2017-03-01,02558157000162,VIVT4,414.34496035784144,415.33889661402253,CONT_2789_VIVT4_2017-03-01,DISTRIBUTION,0,cache/market.json.gz; B3,0.0,45.562037983341014,,,
BESST-10 BH,2017-03-01,60872504000123,ITUB4,594.2646061699555,594.4877343074411,ITUB4_2017-03-01_DISTRIBUTION_253,DISTRIBUTION,0,cache/market.json.gz; SQLite corporate_actions/B3,0.0,8.913969092549333,,,
BESST-10 BH,2017-03-02,60746948000112,BBDC4,692.868404145477,693.2667994676224,BBDC4_2017-03-02_DISTRIBUTION_625,DISTRIBUTION,0,https://www.bradescori.com.br/informacoes-ao-mercado/remuneracao-aos-acionistas/,0.0,13.147045630795233,,,
BESST-10 BH,2017-03-17,17281106000103,CSMG3,982.0573323389848,988.3547371497175,CONT_989_CSMG3_2017-03-17,DISTRIBUTION,0,cache/market.json.gz; B3,0.0,283.32024243486364,,,
BESST-10 BH,2017-03-23,17281106000103,CSMG3,988.3547371497175,993.8660082427687,CONT_988_CSMG3_2017-03-23,DISTRIBUTION,0,cache/market.json.gz; B3,0.0,249.9361440698696,,,
BESST-10 BH,2017-04-03,02558157000162,VIVT4,425.89829306232593,427.8486704164579,CONT_2788_VIVT4_2017-04-03,DISTRIBUTION,0,cache/market.json.gz; B3,0.0,91.06311866442124,,,
BESST-10 BH,2017-04-03,60872504000123,ITUB4,596.7836097741894,597.0160021455968,ITUB4_2017-04-03_DISTRIBUTION_252,DISTRIBUTION,0,cache/market.json.gz; SQLite corporate_actions/B3,0.0,8.95175414661284,,,
BESST-10 BH,2017-04-04,60746948000112,BBDC4,698.7619880334648,699.1665920999707,BBDC4_2017-04-04_DISTRIBUTION_626,DISTRIBUTION,0,https://www.bradescori.com.br/informacoes-ao-mercado/remuneracao-aos-acionistas/,0.0,13.25887525939528,,,
BESST-10 BH,2017-04-11,43776517000180,SBSP3,739.9696077186208,767.5707031792831,CONT_2262_SBSP3_2017-04-11,DISTRIBUTION,0,cache/market.json.gz; B3,0.0,891.5153833793944,,,
BESST-10 BH,2017-04-20,02558115000121,TIMP3,2304.247125070508,2317.78595506853,TIMP_GROSS_2017-04-20,DISTRIBUTION,0,research/graham_v6_comparison/audit_v13_inputs/documents/TIM_DIV.html.gz,0.0,141.4807734793292,,,
BESST-10 BH,2017-04-27,02558157000162,VIVT4,437.57573041757246,448.51746656384245,CONT_2787_VIVT4_2017-04-27,DISTRIBUTION,0,cache/market.json.gz; B3,0.0,511.6355821995852,,,
BESST-10 BH,2017-05-02,60746948000112,BBDC4,699.1665920999707,769.0832513099679,BBDC4_2017-05-02_SHARES_669,SHARES,0,originals/bradesco_remuneracao.html.gz; owned_capital_events_fre.json; SEC 6K 20150317/20160404/20180319/20200403,0.0,0.0,,,
BESST-10 BH,2017-05-02,60872504000123,ITUB4,600.4454044063951,600.6702903256485,ITUB4_2017-05-02_DISTRIBUTION_251,DISTRIBUTION,0,cache/market.json.gz; SQLite corporate_actions/B3,0.0,9.006681066095927,,,
BESST-10 BH,2017-05-03,60746948000112,BBDC4,769.0832513099679,769.5517331012586,BBDC4_2017-05-03_DISTRIBUTION_627,DISTRIBUTION,0,https://www.bradescori.com.br/informacoes-ao-mercado/remuneracao-aos-acionistas/,0.0,14.59320779870564,,,
BESST-10 BH,2017-05-15,17155730000164,CMIG4,2422.0206459846813,2488.3022505268077,CMIG4_2017-05-15_DISTRIBUTION_643,DISTRIBUTION,0,https://api.mziq.com/mzfilemanager/v2/d/716a131f-9624-452c-9088-0cd6983c1349/a2eb9f5f-37e1-8913-c1eb-c4281b5e23b2?origin=2,0.0,589.9062804249241,,,
BESST-10 BH,2017-05-30,02474103000119,TBLE3,557.9217729555661,568.4839966993349,TBLE3_2017-05-30_DISTRIBUTION_363,DISTRIBUTION,0,cache/market.json.gz; SQLite corporate_actions/B3,0.0,350.1377171059357,,,
BESST-10 BH,2017-06-01,60872504000123,ITUB4,600.6702903256485,600.9267678193827,ITUB4_2017-06-01_DISTRIBUTION_250,DISTRIBUTION,0,cache/market.json.gz; SQLite corporate_actions/B3,0.0,9.010054354884726,,,
BESST-10 BH,2017-06-02,60746948000112,BBDC4,779.7968445974104,780.3454725612605,BBDC4_2017-06-02_DISTRIBUTION_628,DISTRIBUTION,0,https://www.bradescori.com.br/informacoes-ao-mercado/remuneracao-aos-acionistas/,0.0,14.796496185038544,,,
BESST-10 BH,2017-06-22,17281106000103,CSMG3,993.8660082427687,1001.7108507263547,CONT_987_CSMG3_2017-06-22,DISTRIBUTION,0,cache/market.json.gz; B3,0.0,293.0048667619382,,,
BESST-10 BH,2017-07-03,02149205000169,PSSA3,717.5155114107117,735.4778528874156,CONT_2156_PSSA3_2017-07-03,DISTRIBUTION,0,cache/market.json.gz; B3,0.0,540.6664784487862,,,
BESST-10 BH,2017-07-03,02558157000162,VIVT4,459.7977866614527,460.3868484550787,CONT_2786_VIVT4_2017-07-03,DISTRIBUTION,0,cache/market.json.gz; B3,0.0,26.684499251256987,,,
BESST-10 BH,2017-07-03,60746948000112,BBDC4,780.3454725612605,784.8084311952019,BBDC4_2017-07-03_DISTRIBUTION_629,DISTRIBUTION,0,https://www.bradescori.com.br/informacoes-ao-mercado/remuneracao-aos-acionistas/,0.0,125.85543347714685,,,
BESST-10 BH,2017-07-03,60872504000123,ITUB4,608.6734930786989,608.9197202199119,ITUB4_2017-07-03_DISTRIBUTION_249,DISTRIBUTION,0,cache/market.json.gz; SQLite corporate_actions/B3,0.0,9.130102396180483,,,
BESST-10 BH,2017-07-04,60746948000112,BBDC4,793.2859228660947,793.8193193532943,BBDC4_2017-07-04_DISTRIBUTION_630,DISTRIBUTION,0,https://www.bradescori.com.br/informacoes-ao-mercado/remuneracao-aos-acionistas/,0.0,15.052448868772878,,,
BESST-10 BH,2017-08-01,60872504000123,ITUB4,613.9988625732046,614.2380829092721,ITUB4_2017-08-01_DISTRIBUTION_248,DISTRIBUTION,0,cache/market.json.gz; SQLite corporate_actions/B3,0.0,9.209982938598069,,,
BESST-10 BH,2017-08-02,60746948000112,BBDC4,798.1207358074464,798.609889183444,BBDC4_2017-08-02_DISTRIBUTION_631,DISTRIBUTION,0,https://www.bradescori.com.br/informacoes-ao-mercado/remuneracao-aos-acionistas/,0.0,15.144188520885756,,,
BESST-10 BH,2017-08-10,02474103000119,TBLE3,614.6643488403935,640.5544183283378,TBLE3_2017-08-10_DISTRIBUTION_362,DISTRIBUTION,0,cache/market.json.gz; SQLite corporate_actions/B3,0.0,884.1458730132978,,,
BESST-10 BH,2017-08-11,17344597000194,BBSE3,746.778116443787,747.085980709485,CONT_273_BBSE3_2017-08-11,DISTRIBUTION,0,cache/market.json.gz; B3,0.0,7.952133982982145,,,
BESST-10 BH,2017-08-15,60872504000123,ITUB4,619.5283394605322,625.7501317445682,ITUB4_2017-08-15_DISTRIBUTION_247,DISTRIBUTION,0,cache/market.json.gz; SQLite corporate_actions/B3,0.0,247.19180744475233,,,
BESST-10 BH,2017-09-01,60872504000123,ITUB4,625.7501317445682,625.9780640412212,ITUB4_2017-09-01_DISTRIBUTION_246,DISTRIBUTION,0,cache/market.json.gz; SQLite corporate_actions/B3,0.0,9.386251976168522,,,
BESST-10 BH,2017-09-04,60746948000112,BBDC4,798.609889183444,799.0523262670284,BBDC4_2017-09-04_DISTRIBUTION_632,DISTRIBUTION,0,https://www.bradescori.com.br/informacoes-ao-mercado/remuneracao-aos-acionistas/,0.0,15.153470112767016,,,
BESST-10 BH,2017-09-25,17281106000103,CSMG3,1001.7108507263547,1009.0441859131091,CONT_986_CSMG3_2017-09-25,DISTRIBUTION,0,cache/market.json.gz; B3,0.0,308.66007801049204,,,
BESST-10 BH,2017-10-02,02558157000162,VIVT4,485.97460418393246,487.7780036794477,CONT_2785_VIVT4_2017-10-02,DISTRIBUTION,0,cache/market.json.gz; B3,0.0,90.5486886698192,,,
BESST-10 BH,2017-10-02,60872504000123,ITUB4,628.7156279574014,628.9328759283611,ITUB4_2017-10-02_DISTRIBUTION_245,DISTRIBUTION,0,cache/market.json.gz; SQLite corporate_actions/B3,0.0,9.43073441936102,,,
BESST-10 BH,2017-10-03,60746948000112,BBDC4,799.0523262670284,799.4632169248041,BBDC4_2017-10-03_DISTRIBUTION_633,DISTRIBUTION,0,https://www.bradescori.com.br/informacoes-ao-mercado/remuneracao-aos-acionistas/,0.0,15.161865271922547,,,
BESST-10 BH,2017-10-27,17155730000164,CMIG2,0,447.52137635201944,CMIG4_2017-10-27_RIGHT_684,RIGHT,0,https://ri.cemig.com.br/docs/cemig-2017-10-26-NBfWkJHw.pdf,0.0,0.0,,,
BESST-10 BH,2017-10-30,17155730000164,CMIG2,447.52137635201944,0,CMIG2_2017-10-30_RIGHT_REINVEST_685,RIGHT_REINVEST,0,COTAHIST_A2017.ZIP; first traded close,0.0,0.0,,,
BESST-10 BH,2017-10-30,17155730000164,CMIG4,2816.7923077637965,2886.2154956337895,CMIG2_2017-10-30_RIGHT_REINVEST_685,RIGHT_REINVEST,0,COTAHIST_A2017.ZIP; first traded close,0.0,0.0,,,
BESST-10 BH,2017-10-31,02149205000169,PSSA3,754.0795650251757,769.8982090233039,CONT_2155_PSSA3_2017-10-31,DISTRIBUTION,0,cache/market.json.gz; B3,0.0,564.8837771731585,,,
BESST-10 BH,2017-11-01,60872504000123,ITUB4,629.0797892211422,629.308102718319,ITUB4_2017-11-01_DISTRIBUTION_244,DISTRIBUTION,0,cache/market.json.gz; SQLite corporate_actions/B3,0.0,9.436196838317132,,,
BESST-10 BH,2017-11-03,60746948000112,BBDC4,799.4632169248041,799.9104357291577,BBDC4_2017-11-03_DISTRIBUTION_634,DISTRIBUTION,0,https://www.bradescori.com.br/informacoes-ao-mercado/remuneracao-aos-acionistas/,0.0,15.169661843673724,,,
BESST-10 BH,2017-11-10,02474103000119,TBLE3,677.879310549436,690.0238699409108,TBLE3_2017-11-10_DISTRIBUTION_361,DISTRIBUTION,0,cache/market.json.gz; SQLite corporate_actions/B3,0.0,440.8475059105343,,,
BESST-10 BH,2017-11-16,02558115000121,TIMP3,2345.2263504530956,2360.921173003016,TIMP_GROSS_2017-11-16,DISTRIBUTION,0,research/graham_v6_comparison/audit_v13_inputs/documents/TIM_DIV.html.gz,0.0,184.10026851056801,,,
BESST-10 BH,2017-11-21,17281106000103,CSMG3,1009.0441859131091,1032.0896575453264,CONT_985_CSMG3_2017-11-21,DISTRIBUTION,0,cache/market.json.gz; B3,0.0,958.0002557512742,,,
BESST-10 BH,2017-12-01,60872504000123,ITUB4,631.5966190657894,631.8264019735261,ITUB4_2017-12-01_DISTRIBUTION_243,DISTRIBUTION,0,cache/market.json.gz; SQLite corporate_actions/B3,0.0,9.47394928598684,,,
BESST-10 BH,2017-12-04,60746948000112,BBDC4,803.3613489954945,803.8217424764722,BBDC4_2017-12-04_DISTRIBUTION_635,DISTRIBUTION,0,https://www.bradescori.com.br/informacoes-ao-mercado/remuneracao-aos-acionistas/,0.0,15.24362815517185,,,
BESST-10 BH,2017-12-15,60872504000123,ITUB4,634.5614631545416,636.7930068738366,ITUB4_2017-12-15_DISTRIBUTION_242,DISTRIBUTION,0,cache/market.json.gz; SQLite corporate_actions/B3,0.0,91.69413142583124,,,
BESST-10 BH,2017-12-26,60746948000112,BBDC4,803.8217424764722,823.8487787557982,BBDC4_2017-12-26_DISTRIBUTION_636,DISTRIBUTION,0,https://www.bradescori.com.br/informacoes-ao-mercado/remuneracao-aos-acionistas/,0.0,667.1005784643484,,,
BESST-10 BH,2017-12-27,02558157000162,VIVT4,506.9706987886099,516.3594241202659,CONT_2784_VIVT4_2017-12-27,DISTRIBUTION,0,cache/market.json.gz; B3,0.0,460.4230902644059,,,
BESST-10 BH,2018-01-02,60872504000123,ITUB4,636.7930068738366,637.0106890776449,ITUB4_2018-01-02_DISTRIBUTION_241,DISTRIBUTION,0,cache/market.json.gz; SQLite corporate_actions/B3,0.0,9.55189510310755,,,
BESST-10 BH,2018-01-03,60746948000112,BBDC4,824.5438146660798,824.9941762491374,BBDC4_2018-01-03_DISTRIBUTION_609,DISTRIBUTION,0,https://www.bradescori.com.br/informacoes-ao-mercado/remuneracao-aos-acionistas/,0.0,15.645561395420263,,,
BESST-10 BH,2018-02-01,60872504000123,ITUB4,639.0246942551485,639.2072379689902,ITUB4_2018-02-01_DISTRIBUTION_240,DISTRIBUTION,0,cache/market.json.gz; SQLite corporate_actions/B3,0.0,9.585370413827226,,,
BESST-10 BH,2018-02-02,60746948000112,BBDC4,824.9941762491374,825.4016230716371,BBDC4_2018-02-02_DISTRIBUTION_610,DISTRIBUTION,0,https://www.bradescori.com.br/informacoes-ao-mercado/remuneracao-aos-acionistas/,0.0,15.654106920439716,,,
BESST-10 BH,2018-02-16,60872504000123,ITUB4,639.2072379689902,665.7740137103494,ITUB4_2018-02-16_DISTRIBUTION_238;ITUB4_2018-02-16_DISTRIBUTION_239,DISTRIBUTION,0,cache/market.json.gz; SQLite corporate_actions/B3,0.0,1350.3892109332887,,,
BESST-10 BH,2018-02-23,17344597000194,BBSE3,876.3472150733104,876.6698031668498,CONT_272_BBSE3_2018-02-23,DISTRIBUTION,0,cache/market.json.gz; B3,0.0,9.596995782794641,,,
BESST-10 BH,2018-02-28,17281106000103,CSMG3,1032.0896575453264,1040.6302404311389,CONT_984_CSMG3_2018-02-28,DISTRIBUTION,0,cache/market.json.gz; B3,0.0,376.2126761200379,,,
BESST-10 BH,2018-03-01,60872504000123,ITUB4,665.7740137103494,665.9694081577306,ITUB4_2018-03-01_DISTRIBUTION_237,DISTRIBUTION,0,cache/market.json.gz; SQLite corporate_actions/B3,0.0,9.986610205655241,,,
BESST-10 BH,2018-03-02,60746948000112,BBDC4,825.5555382757929,825.9549456867484,BBDC4_2018-03-02_DISTRIBUTION_611,DISTRIBUTION,0,https://www.bradescori.com.br/informacoes-ao-mercado/remuneracao-aos-acionistas/,0.0,15.664758657675359,,,
BESST-10 BH,2018-03-27,17281106000103,CSMG3,1040.6302404311389,1053.736261092758,CONT_983_CSMG3_2018-03-27,DISTRIBUTION,0,cache/market.json.gz; B3,0.0,631.7101958900452,,,
BESST-10 BH,2018-04-02,02149205000169,PSSA3,772.0952014647235,773.4938607930578,CONT_2154_PSSA3_2018-04-02,DISTRIBUTION,0,cache/market.json.gz; B3,0.0,65.73698843171609,,,
BESST-10 BH,2018-04-02,60746948000112,BBDC4,825.9549456867484,908.5504402554233,BBDC4_2018-04-02_SHARES_670,SHARES,0,originals/bradesco_remuneracao.html.gz; owned_capital_events_fre.json; SEC 6K 20150317/20160404/20180319/20200403,0.0,0.0,,,
BESST-10 BH,2018-04-02,60872504000123,ITUB4,665.9694081577306,666.1650896684528,ITUB4_2018-04-02_DISTRIBUTION_236,DISTRIBUTION,0,cache/market.json.gz; SQLite corporate_actions/B3,0.0,9.98954112236596,,,
BESST-10 BH,2018-04-03,60746948000112,BBDC4,909.4744155567809,909.9543127571584,BBDC4_2018-04-03_DISTRIBUTION_612,DISTRIBUTION,0,https://www.bradescori.com.br/informacoes-ao-mercado/remuneracao-aos-acionistas/,0.0,17.257103325576544,,,
BESST-10 BH,2018-04-13,02558157000162,VIVT4,551.5016845015822,566.8543589268901,CONT_2783_VIVT4_2018-04-13,DISTRIBUTION,0,cache/market.json.gz; B3,0.0,738.4636398573083,,,
BESST-10 BH,2018-04-20,02558115000121,TIMP3,2360.9736963567184,2367.4388024224604,TIMP_GROSS_2018-04-20,DISTRIBUTION,0,research/graham_v6_comparison/audit_v13_inputs/documents/TIM_DIV.html.gz,0.0,100.791003564921,,,
BESST-10 BH,2018-04-24,02474103000119,TBLE3,750.4961791290654,770.5541590915561,TBLE3_2018-04-24_DISTRIBUTION_360,DISTRIBUTION,0,cache/market.json.gz; SQLite corporate_actions/B3,0.0,732.1162686309135,,,
BESST-10 BH,2018-04-30,43776517000180,SBSP3,827.472632558716,851.7084493109619,CONT_2261_SBSP3_2018-04-30,DISTRIBUTION,0,cache/market.json.gz; B3,0.0,852.1313170089658,,,
BESST-10 BH,2018-05-02,17155730000164,CMIG4,3447.958650006662,3671.111971004921,CMIG4_2018-05-02_DISTRIBUTION_644,DISTRIBUTION,0,https://api.mziq.com/mzfilemanager/v2/d/716a131f-9624-452c-9088-0cd6983c1349/a2eb9f5f-37e1-8913-c1eb-c4281b5e23b2?origin=2,0.0,1724.9751713165433,,,
BESST-10 BH,2018-05-02,60872504000123,ITUB4,666.1650896684528,666.3702739876525,ITUB4_2018-05-02_DISTRIBUTION_235,DISTRIBUTION,0,cache/market.json.gz; SQLite corporate_actions/B3,0.0,9.992476345026791,,,
BESST-10 BH,2018-05-03,60746948000112,BBDC4,916.1943087947728,916.7215945702131,BBDC4_2018-05-03_DISTRIBUTION_613,DISTRIBUTION,0,https://www.bradescori.com.br/informacoes-ao-mercado/remuneracao-aos-acionistas/,0.0,17.384612016267834,,,
BESST-10 BH,2018-05-08,17281106000103,CSMG3,1053.736261092758,1102.3683488212152,CONT_982_CSMG3_2018-05-08,DISTRIBUTION,0,cache/market.json.gz; B3,0.0,2334.3402109659446,,,
BESST-10 BH,2018-05-14,02558115000121,TIMP3,2367.4388024224604,2383.898417578973,TIMP_GROSS_2018-05-14,DISTRIBUTION,0,research/graham_v6_comparison/audit_v13_inputs/documents/TIM_DIV.html.gz,0.0,225.00293918952383,,,
BESST-10 BH,2018-05-29,02149205000169,PSSA3,773.4938607930578,802.0377319253059,CONT_2153_PSSA3_2018-05-29,DISTRIBUTION,0,cache/market.json.gz; B3,0.0,1196.2736391525168,,,
BESST-10 BH,2018-06-01,60872504000123,ITUB4,667.4979278304787,667.7264186775225,ITUB4_2018-06-01_DISTRIBUTION_234,DISTRIBUTION,0,cache/market.json.gz; SQLite corporate_actions/B3,0.0,10.01246891745718,,,
BESST-10 BH,2018-06-04,60746948000112,BBDC4,926.8468925909251,927.429814127523,BBDC4_2018-06-04_DISTRIBUTION_614,DISTRIBUTION,0,https://www.bradescori.com.br/informacoes-ao-mercado/remuneracao-aos-acionistas/,0.0,17.58674275915632,,,
BESST-10 BH,2018-06-26,17281106000103,CSMG3,1102.3683488212152,1113.2853661785557,CONT_981_CSMG3_2018-06-26,DISTRIBUTION,0,cache/market.json.gz; B3,0.0,448.1435625188303,,,
BESST-10 BH,2018-06-28,02149205000169,PSSA3,802.0377319253059,816.5279561302274,CONT_2152_PSSA3_2018-06-28,DISTRIBUTION,0,cache/market.json.gz; B3,0.0,567.4371798647232,,,
BESST-10 BH,2018-07-02,02558157000162,VIVT4,585.0558086561134,588.2299601576248,CONT_2782_VIVT4_2018-07-02,DISTRIBUTION,0,cache/market.json.gz; B3,0.0,142.96378362807212,,,
BESST-10 BH,2018-07-02,60746948000112,BBDC4,927.429814127523,934.0567229596513,BBDC4_2018-07-02_DISTRIBUTION_615,DISTRIBUTION,0,https://www.bradescori.com.br/informacoes-ao-mercado/remuneracao-aos-acionistas/,0.0,175.9444294930078,,,
BESST-10 BH,2018-07-02,60872504000123,ITUB4,670.7108090572015,670.960143930457,ITUB4_2018-07-02_DISTRIBUTION_233,DISTRIBUTION,0,cache/market.json.gz; SQLite corporate_actions/B3,0.0,10.060662135858022,,,
BESST-10 BH,2018-07-03,60746948000112,BBDC4,949.5995850179243,950.2486653764327,BBDC4_2018-07-03_DISTRIBUTION_616,DISTRIBUTION,0,https://www.bradescori.com.br/informacoes-ao-mercado/remuneracao-aos-acionistas/,0.0,18.01847075219437,,,
BESST-10 BH,2018-07-26,02558115000121,TIMP3,2383.898417578973,2402.6598385104485,TIMP_GROSS_2018-07-26,DISTRIBUTION,0,research/graham_v6_comparison/audit_v13_inputs/documents/TIM_DIV.html.gz,0.0,236.39390373659194,,,
BESST-10 BH,2018-08-01,60872504000123,ITUB4,675.6613008770358,675.8838018542731,ITUB4_2018-08-01_DISTRIBUTION_232,DISTRIBUTION,0,cache/market.json.gz; SQLite corporate_actions/B3,0.0,10.134919513155538,,,
BESST-10 BH,2018-08-02,60746948000112,BBDC4,955.6699502844289,956.2564203611975,BBDC4_2018-08-02_DISTRIBUTION_617,DISTRIBUTION,0,https://www.bradescori.com.br/informacoes-ao-mercado/remuneracao-aos-acionistas/,0.0,18.133654773686533,,,
BESST-10 BH,2018-08-10,17344597000194,BBSE3,1015.718969265755,1016.033144466016,CONT_271_BBSE3_2018-08-10,DISTRIBUTION,0,cache/market.json.gz; B3,0.0,7.257447126026732,,,
BESST-10 BH,2018-08-20,60872504000123,ITUB4,676.6286325259777,688.5479876044743,ITUB4_2018-08-20_DISTRIBUTION_230;ITUB4_2018-08-20_DISTRIBUTION_231,DISTRIBUTION,0,cache/market.json.gz; SQLite corporate_actions/B3,0.0,506.9301714884624,,,
BESST-10 BH,2018-08-21,02474103000119,TBLE3,794.9509765240431,834.4226022547109,TBLE3_2018-08-21_DISTRIBUTION_359,DISTRIBUTION,0,cache/market.json.gz; SQLite corporate_actions/B3,0.0,1395.716685836414,,,
BESST-10 BH,2018-09-03,60872504000123,ITUB4,688.5479876044743,688.7958450514162,ITUB4_2018-09-03_DISTRIBUTION_229,DISTRIBUTION,0,cache/market.json.gz; SQLite corporate_actions/B3,0.0,10.328219814067115,,,
BESST-10 BH,2018-09-04,60746948000112,BBDC4,967.2448107647401,967.9126886956172,BBDC4_2018-09-04_DISTRIBUTION_618,DISTRIBUTION,0,https://www.bradescori.com.br/informacoes-ao-mercado/remuneracao-aos-acionistas/,0.0,18.353285540502085,,,
BESST-10 BH,2018-09-18,02558157000162,VIVT4,622.1208433068917,649.5826953651152,CONT_2781_VIVT4_2018-09-18,DISTRIBUTION,0,cache/market.json.gz; B3,0.0,1064.1467672561585,,,
BESST-10 BH,2018-09-25,17281106000103,CSMG3,1113.2853661785557,1125.4352981541708,CONT_980_CSMG3_2018-09-25,DISTRIBUTION,0,cache/market.json.gz; B3,0.0,480.40831031581865,,,
BESST-10 BH,2018-10-01,60872504000123,ITUB4,692.9061095121838,693.1443853407643,ITUB4_2018-10-01_DISTRIBUTION_228,DISTRIBUTION,0,cache/market.json.gz; SQLite corporate_actions/B3,0.0,10.393591642682756,,,
BESST-10 BH,2018-10-02,60746948000112,BBDC4,977.3351180284535,977.9532762682396,BBDC4_2018-10-02_DISTRIBUTION_619,DISTRIBUTION,0,https://www.bradescori.com.br/informacoes-ao-mercado/remuneracao-aos-acionistas/,0.0,18.54474719358236,,,
BESST-10 BH,2018-11-01,60872504000123,ITUB4,694.3534512858212,694.5620075887705,ITUB4_2018-11-01_DISTRIBUTION_227,DISTRIBUTION,0,cache/market.json.gz; SQLite corporate_actions/B3,0.0,10.415301769287318,,,
BESST-10 BH,2018-11-05,60746948000112,BBDC4,980.3382375069107,980.8407153786582,BBDC4_2018-11-05_DISTRIBUTION_620,DISTRIBUTION,0,https://www.bradescori.com.br/informacoes-ao-mercado/remuneracao-aos-acionistas/,0.0,18.601730812090263,,,
BESST-10 BH,2018-11-07,02149205000169,PSSA3,816.5279561302274,828.3747148873769,CONT_2151_PSSA3_2018-11-07,DISTRIBUTION,0,cache/market.json.gz; B3,0.0,628.8259548294931,,,
BESST-10 BH,2018-11-13,02474103000119,TBLE3,842.8373763952475,863.8505246474351,TBLE3_2018-11-13_DISTRIBUTION_358,DISTRIBUTION,0,cache/market.json.gz; SQLite corporate_actions/B3,0.0,842.8373763952475,,,
BESST-10 BH,2018-11-21,60872504000123,ITUB4,697.3342359043567,1046.001353856535,ITUB4_2018-11-21_SHARES_664,SHARES,0,https://www.itau.com.br/relacoes-com-investidores/informacoes-ao-mercado/recompra/; owned_capital_events_fre.json; B3,0.0,0.0,,,
BESST-10 BH,2018-11-27,02149205000169,PSSA3,828.3747148873769,842.7993895563492,CONT_2150_PSSA3_2018-11-27,DISTRIBUTION,0,cache/market.json.gz; B3,0.0,768.690913109536,,,
BESST-10 BH,2018-12-03,60872504000123,ITUB4,1046.001353856535,1046.442704638753,ITUB4_2018-12-03_DISTRIBUTION_226,DISTRIBUTION,0,cache/market.json.gz; SQLite corporate_actions/B3,0.0,15.690020307848023,,,
BESST-10 BH,2018-12-04,60746948000112,BBDC4,983.3804931678201,983.8757016877826,BBDC4_2018-12-04_DISTRIBUTION_621,DISTRIBUTION,0,https://www.bradescori.com.br/informacoes-ao-mercado/remuneracao-aos-acionistas/,0.0,18.65945703218519,,,
BESST-10 BH,2018-12-12,02474103000119,TBLE3,865.5711523344901,1081.9639404181125,TBLE3_2018-12-12_SHARES_675,SHARES,0,originals/engie_bonus_2018_doe.pdf.gz p34; owned_capital_events_fre.json; B3 2025-11-26,0.0,0.0,,,
BESST-10 BH,2018-12-12,17344597000194,BBSE3,1096.277111082069,1150.8609417444316,CONT_270_BBSE3_2018-12-12,DISTRIBUTION,0,cache/market.json.gz; B3,0.0,1482.496840789767,,,
BESST-10 BH,2018-12-18,02558157000162,VIVT4,682.0600263648224,693.6580335655523,CONT_2780_VIVT4_2018-12-18,DISTRIBUTION,0,cache/market.json.gz; B3,0.0,562.5033492353953,,,
BESST-10 BH,2018-12-18,60872504000123,ITUB4,1048.9129307175638,1049.2295160554227,ITUB4_2018-12-18_DISTRIBUTION_225,DISTRIBUTION,0,cache/market.json.gz; SQLite corporate_actions/B3,0.0,11.118477065606175,,,
BESST-10 BH,2018-12-26,17155730000164,CMIG4,3851.4704452602964,3893.4587530050453,CMIG4_2018-12-26_DISTRIBUTION_645,DISTRIBUTION,0,https://api.mziq.com/mzfilemanager/v2/d/716a131f-9624-452c-9088-0cd6983c1349/a2eb9f5f-37e1-8913-c1eb-c4281b5e23b2?origin=2,0.0,554.6655453081324,,,
BESST-10 BH,2018-12-26,60746948000112,BBDC4,983.8757016877826,1003.5049037686538,BBDC4_2018-12-26_DISTRIBUTION_622,DISTRIBUTION,0,https://www.bradescori.com.br/informacoes-ao-mercado/remuneracao-aos-acionistas/,0.0,718.4287961598864,,,
BESST-10 BH,2018-12-27,02474103000119,TBLE3,1081.9639404181125,1097.9749894033455,TBLE3_2018-12-27_DISTRIBUTION_357,DISTRIBUTION,0,cache/market.json.gz; SQLite corporate_actions/B3,0.0,526.4432906344598,,,
BESST-10 BH,2019-01-02,60872504000123,ITUB4,1049.2295160554227,1049.6548793727425,ITUB4_2019-01-02_DISTRIBUTION_224,DISTRIBUTION,0,cache/market.json.gz; SQLite corporate_actions/B3,0.0,15.738442740831339,,,
BESST-10 BH,2019-01-03,02558115000121,TIMP3,2580.64659980955,2614.636184896082,TIMP_GROSS_2019-01-03,DISTRIBUTION,0,research/graham_v6_comparison/audit_v13_inputs/documents/TIM_DIV.html.gz,0.0,405.15585423145933,,,
BESST-10 BH,2019-01-03,60746948000112,BBDC4,1005.8140808079468,1006.2820830166971,BBDC4_2019-01-03_DISTRIBUTION_594,DISTRIBUTION,0,https://www.bradescori.com.br/informacoes-ao-mercado/remuneracao-aos-acionistas/,0.0,19.085130072841356,,,
BESST-10 BH,2019-02-01,60872504000123,ITUB4,1054.6133604354545,1055.0209667329689,ITUB4_2019-02-01_DISTRIBUTION_223,DISTRIBUTION,0,cache/market.json.gz; SQLite corporate_actions/B3,0.0,15.819200406531817,,,
BESST-10 BH,2019-02-04,60746948000112,BBDC4,1007.1443976158513,1007.5628423844123,BBDC4_2019-02-04_DISTRIBUTION_595,DISTRIBUTION,0,https://www.bradescori.com.br/informacoes-ao-mercado/remuneracao-aos-acionistas/,0.0,19.110372580180833,,,
BESST-10 BH,2019-02-15,17344597000194,BBSE3,1187.8255260193587,1188.1130887092704,CONT_269_BBSE3_2019-02-15,DISTRIBUTION,0,cache/market.json.gz; B3,0.0,7.959735256757273,,,
BESST-10 BH,2019-02-22,60872504000123,ITUB4,1062.9295413911027,1115.1221073337683,ITUB4_2019-02-22_DISTRIBUTION_221;ITUB4_2019-02-22_DISTRIBUTION_222,DISTRIBUTION,0,cache/market.json.gz; SQLite corporate_actions/B3,0.0,1913.379467458124,,,
BESST-10 BH,2019-03-01,02558157000162,VIVT4,719.178006249061,725.8520755777239,CONT_2779_VIVT4_2019-03-01,DISTRIBUTION,0,cache/market.json.gz; B3,0.0,307.5411146647863,,,
BESST-10 BH,2019-03-01,60872504000123,ITUB4,1115.1221073337683,1115.6022115705653,ITUB4_2019-03-01_DISTRIBUTION_220,DISTRIBUTION,0,cache/market.json.gz; SQLite corporate_actions/B3,0.0,16.726831610006524,,,
BESST-10 BH,2019-03-06,60746948000112,BBDC4,1008.8716909744527,1009.3252125959108,BBDC4_2019-03-06_DISTRIBUTION_596,DISTRIBUTION,0,https://www.bradescori.com.br/informacoes-ao-mercado/remuneracao-aos-acionistas/,0.0,19.143147641747262,,,
BESST-10 BH,2019-03-11,17281106000103,CSMG3,1125.4352981541708,1139.045604071582,CONT_979_CSMG3_2019-03-11,DISTRIBUTION,0,cache/market.json.gz; B3,0.0,821.2458590565831,,,
BESST-10 BH,2019-03-27,17281106000103,CSMG3,1139.045604071582,1147.0043119211243,CONT_978_CSMG3_2019-03-27,DISTRIBUTION,0,cache/market.json.gz; B3,0.0,477.5224709725386,,,
BESST-10 BH,2019-04-01,02149205000169,PSSA3,842.7993895563492,854.967675920291,CONT_2149_PSSA3_2019-04-01,DISTRIBUTION,0,cache/market.json.gz; B3,0.0,648.6913460617386,,,
BESST-10 BH,2019-04-01,60746948000112,BBDC4,1009.3252125959108,1211.190255115093,BBDC4_2019-04-01_SHARES_671,SHARES,0,originals/bradesco_remuneracao.html.gz; owned_capital_events_fre.json; SEC 6K 20150317/20160404/20180319/20200403,0.0,0.0,,,
BESST-10 BH,2019-04-01,60872504000123,ITUB4,1123.8869660322216,1124.3804761168376,ITUB4_2019-04-01_DISTRIBUTION_219,DISTRIBUTION,0,cache/market.json.gz; SQLite corporate_actions/B3,0.0,16.858304490483324,,,
BESST-10 BH,2019-04-02,60746948000112,BBDC4,1212.935139552554,1213.5818159392468,BBDC4_2019-04-02_DISTRIBUTION_597,DISTRIBUTION,0,https://www.bradescori.com.br/informacoes-ao-mercado/remuneracao-aos-acionistas/,0.0,23.015212602398055,,,
BESST-10 BH,2019-04-12,02558157000162,VIVT4,750.8965252883677,775.2343233185344,CONT_2778_VIVT4_2019-04-12,DISTRIBUTION,0,cache/market.json.gz; B3,0.0,1132.4377423436565,,,
BESST-10 BH,2019-04-30,43776517000180,SBSP3,1063.2133968020053,1089.43178673591,CONT_2260_SBSP3_2019-04-30,DISTRIBUTION,0,cache/market.json.gz; B3,0.0,1232.2643268935242,,,
BESST-10 BH,2019-05-02,02558157000162,VIVT4,775.2343233185344,781.1142146843748,CONT_2777_VIVT4_2019-05-02,DISTRIBUTION,0,cache/market.json.gz; B3,0.0,269.9458126057333,,,
BESST-10 BH,2019-05-02,60872504000123,ITUB4,1135.4151086543131,1135.9154384612996,ITUB4_2019-05-02_DISTRIBUTION_218,DISTRIBUTION,0,cache/market.json.gz; SQLite corporate_actions/B3,0.0,17.031226629814697,,,
BESST-10 BH,2019-05-03,60746948000112,BBDC4,1218.759713581199,1219.4028095984988,BBDC4_2019-05-03_DISTRIBUTION_598,DISTRIBUTION,0,https://www.bradescori.com.br/informacoes-ao-mercado/remuneracao-aos-acionistas/,0.0,23.12573278209796,,,
BESST-10 BH,2019-05-06,17155730000164,CMIG4,3893.4587530050453,4018.7380864643756,CMIG4_2019-05-06_DISTRIBUTION_646,DISTRIBUTION,0,https://api.mziq.com/mzfilemanager/v2/d/716a131f-9624-452c-9088-0cd6983c1349/a2eb9f5f-37e1-8913-c1eb-c4281b5e23b2?origin=2,0.0,1755.1634617652146,,,
BESST-10 BH,2019-05-07,02474103000119,TBLE3,1105.4575786954258,1107.9201536282176,TBLE3_2019-05-07_DISTRIBUTION_356,DISTRIBUTION,0,cache/market.json.gz; SQLite corporate_actions/B3,0.0,103.9206621638146,,,
BESST-10 BH,2019-06-03,60872504000123,ITUB4,1148.1363456956676,1148.627281989437,ITUB4_2019-06-03_DISTRIBUTION_217,DISTRIBUTION,0,cache/market.json.gz; SQLite corporate_actions/B3,0.0,17.222045185435015,,,
BESST-10 BH,2019-06-04,60746948000112,BBDC4,1223.076596469489,1223.7029836438583,BBDC4_2019-06-04_DISTRIBUTION_600,DISTRIBUTION,0,https://www.bradescori.com.br/informacoes-ao-mercado/remuneracao-aos-acionistas/,0.0,23.20764481037863,,,
BESST-10 BH,2019-06-24,17281106000103,CSMG3,1147.0043119211243,1149.8866942322563,CONT_977_CSMG3_2019-06-24,DISTRIBUTION,0,cache/market.json.gz; B3,0.0,190.23723253470726,,,
BESST-10 BH,2019-06-26,02149205000169,PSSA3,856.5917315595408,868.272889424094,CONT_2148_PSSA3_2019-06-26,DISTRIBUTION,0,cache/market.json.gz; B3,0.0,612.0926721025934,,,
BESST-10 BH,2019-07-01,02558157000162,VIVT4,803.2064812563744,812.9176979593854,CONT_2776_VIVT4_2019-07-01,DISTRIBUTION,0,cache/market.json.gz; B3,0.0,474.9756089442654,,,
BESST-10 BH,2019-07-01,60746948000112,BBDC4,1223.7029836438583,1229.8748341265243,BBDC4_2019-07-01_DISTRIBUTION_599,DISTRIBUTION,0,https://www.bradescori.com.br/informacoes-ao-mercado/remuneracao-aos-acionistas/,0.0,232.24673366271995,,,
BESST-10 BH,2019-07-01,60872504000123,ITUB4,1160.1432512243957,1160.6255724208581,ITUB4_2019-07-01_DISTRIBUTION_216,DISTRIBUTION,0,cache/market.json.gz; SQLite corporate_actions/B3,0.0,17.402148768365937,,,
BESST-10 BH,2019-07-02,60746948000112,BBDC4,1233.698624081237,1234.3190639369357,BBDC4_2019-07-02_DISTRIBUTION_601,DISTRIBUTION,0,https://www.bradescori.com.br/informacoes-ao-mercado/remuneracao-aos-acionistas/,0.0,23.40919575550427,,,
BESST-10 BH,2019-08-01,60872504000123,ITUB4,1171.276543248352,1171.7802458902306,ITUB4_2019-08-01_DISTRIBUTION_215,DISTRIBUTION,0,cache/market.json.gz; SQLite corporate_actions/B3,0.0,17.56914814872528,,,
BESST-10 BH,2019-08-02,60746948000112,BBDC4,1245.9814939209969,1246.6711748096984,BBDC4_2019-08-02_DISTRIBUTION_602,DISTRIBUTION,0,https://www.bradescori.com.br/informacoes-ao-mercado/remuneracao-aos-acionistas/,0.0,23.642260864685575,,,
BESST-10 BH,2019-08-12,02558115000121,TIMP3,3075.596521676171,3114.434984336614,TIMP_GROSS_2019-08-12,DISTRIBUTION,0,research/graham_v6_comparison/audit_v13_inputs/documents/TIM_DIV.html.gz,0.0,468.78024431154466,,,
BESST-10 BH,2019-08-12,17344597000194,BBSE3,1305.294489159356,1305.6096106823675,CONT_268_BBSE3_2019-08-12,DISTRIBUTION,0,cache/market.json.gz; B3,0.0,10.619595325485351,,,
BESST-10 BH,2019-08-16,60872504000123,ITUB4,1185.0841405338128,1212.2323999278756,ITUB4_2019-08-16_DISTRIBUTION_214,DISTRIBUTION,0,cache/market.json.gz; SQLite corporate_actions/B3,0.0,932.5427101860574,,,
BESST-10 BH,2019-09-02,60872504000123,ITUB4,1212.2323999278756,1212.7751905547088,ITUB4_2019-09-02_DISTRIBUTION_213,DISTRIBUTION,0,cache/market.json.gz; SQLite corporate_actions/B3,0.0,18.183485998918133,,,
BESST-10 BH,2019-09-03,60746948000112,BBDC4,1262.6556646790507,1263.402971293837,BBDC4_2019-09-03_DISTRIBUTION_603,DISTRIBUTION,0,https://www.bradescori.com.br/informacoes-ao-mercado/remuneracao-aos-acionistas/,0.0,23.958650070053032,,,
BESST-10 BH,2019-09-25,17281106000103,CSMG3,1149.8866942322563,1157.2429304386649,CONT_976_CSMG3_2019-09-25,DISTRIBUTION,0,cache/market.json.gz; B3,0.0,474.25654822716524,,,
BESST-10 BH,2019-10-01,60872504000123,ITUB4,1228.375666314305,1228.9141126905386,ITUB4_2019-10-01_DISTRIBUTION_212,DISTRIBUTION,0,cache/market.json.gz; SQLite corporate_actions/B3,0.0,18.425634994714574,,,
BESST-10 BH,2019-10-02,60746948000112,BBDC4,1278.1551304803895,1278.9094928279242,BBDC4_2019-10-02_DISTRIBUTION_605,DISTRIBUTION,0,https://www.bradescori.com.br/informacoes-ao-mercado/remuneracao-aos-acionistas/,0.0,24.25274947323547,,,
BESST-10 BH,2019-10-08,02558115000121,TIMP3,3233.0598949038454,3277.5524980011182,TIMP_GROSS_2019-10-08,DISTRIBUTION,0,research/graham_v6_comparison/audit_v13_inputs/documents/TIM_DIV.html.gz,0.0,505.8808972159942,,,
BESST-10 BH,2019-10-18,60746948000112,BBDC4,1278.9094928279242,1318.4054103955416,BBDC4_2019-10-18_DISTRIBUTION_604,DISTRIBUTION,0,https://www.bradescori.com.br/informacoes-ao-mercado/remuneracao-aos-acionistas/,0.0,1334.5670546097952,,,
BESST-10 BH,2019-10-30,02149205000169,PSSA3,877.213558360621,887.1576807587953,CONT_2147_PSSA3_2019-10-30,DISTRIBUTION,0,cache/market.json.gz; B3,0.0,558.8596787773965,,,
BESST-10 BH,2019-11-01,60872504000123,ITUB4,1243.7222795275156,1244.2355074282834,ITUB4_2019-11-01_DISTRIBUTION_211,DISTRIBUTION,0,cache/market.json.gz; SQLite corporate_actions/B3,0.0,18.655834192912735,,,
BESST-10 BH,2019-11-04,60746948000112,BBDC4,1328.6461222408316,1329.3687019598947,BBDC4_2019-11-04_DISTRIBUTION_606,DISTRIBUTION,0,https://www.bradescori.com.br/informacoes-ao-mercado/remuneracao-aos-acionistas/,0.0,25.210806398110428,,,
BESST-10 BH,2019-12-02,60872504000123,ITUB4,1255.30846601353,1255.8421855994202,ITUB4_2019-12-02_DISTRIBUTION_210,DISTRIBUTION,0,cache/market.json.gz; SQLite corporate_actions/B3,0.0,18.82962699020295,,,
BESST-10 BH,2019-12-03,02474103000119,TBLE3,1114.3715553732195,1151.4238458962338,TBLE3_2019-12-03_DISTRIBUTION_354;TBLE3_2019-12-03_DISTRIBUTION_355,DISTRIBUTION,0,cache/market.json.gz; SQLite corporate_actions/B3,0.0,1703.6643182481953,,,
BESST-10 BH,2019-12-03,60746948000112,BBDC4,1345.5936023567133,1346.3514646777683,BBDC4_2019-12-03_DISTRIBUTION_607,DISTRIBUTION,0,https://www.bradescori.com.br/informacoes-ao-mercado/remuneracao-aos-acionistas/,0.0,25.53238159634058,,,
BESST-10 BH,2019-12-13,60872504000123,ITUB4,1271.9305871234892,1273.2463049106652,ITUB4_2019-12-13_DISTRIBUTION_209,DISTRIBUTION,0,cache/market.json.gz; SQLite corporate_actions/B3,0.0,47.77371285235826,,,
BESST-10 BH,2019-12-20,60746948000112,BBDC4,1346.3514646777683,1367.2396251687685,BBDC4_2019-12-20_DISTRIBUTION_608,DISTRIBUTION,0,https://www.bradescori.com.br/informacoes-ao-mercado/remuneracao-aos-acionistas/,0.0,745.4984479238001,,,
BESST-10 BH,2019-12-26,17155730000164,CMIG4,4023.0779631319538,4103.69007810292,CMIG4_2019-12-26_DISTRIBUTION_647,DISTRIBUTION,0,https://api.mziq.com/mzfilemanager/v2/d/716a131f-9624-452c-9088-0cd6983c1349/a2eb9f5f-37e1-8913-c1eb-c4281b5e23b2?origin=2,0.0,1103.579853952525,,,
BESST-10 BH,2020-01-02,02558157000162,VIVT4,855.3807127441695,867.7114777397616,CONT_2774_VIVT4_2020-01-02;CONT_2775_VIVT4_2020-01-02,DISTRIBUTION,0,cache/market.json.gz; B3,0.0,705.4430653978236,,,
BESST-10 BH,2020-01-02,60872504000123,ITUB4,1273.2463049106652,1273.7485056620105,ITUB4_2020-01-02_DISTRIBUTION_208,DISTRIBUTION,0,cache/market.json.gz; SQLite corporate_actions/B3,0.0,19.098694573659976,,,
BESST-10 BH,2020-01-03,60746948000112,BBDC4,1379.3092731359866,1380.007010539604,BBDC4_2020-01-03_DISTRIBUTION_580,DISTRIBUTION,0,https://www.bradescori.com.br/informacoes-ao-mercado/remuneracao-aos-acionistas/,0.0,26.172130009684174,,,
BESST-10 BH,2020-01-20,02558115000121,TIMP3,3406.3338018170407,3427.736414792448,TIMP_GROSS_2020-01-20,DISTRIBUTION,0,research/graham_v6_comparison/audit_v13_inputs/documents/TIM_DIV.html.gz,0.0,348.64856536939084,,,
BESST-10 BH,2020-02-03,60872504000123,ITUB4,1291.1013062713114,1291.6899542832891,ITUB4_2020-02-03_DISTRIBUTION_207,DISTRIBUTION,0,cache/market.json.gz; SQLite corporate_actions/B3,0.0,19.36651959406967,,,
BESST-10 BH,2020-02-04,60746948000112,BBDC4,1401.5738833037144,1402.3773454407258,BBDC4_2020-02-04_DISTRIBUTION_582,DISTRIBUTION,0,https://www.bradescori.com.br/informacoes-ao-mercado/remuneracao-aos-acionistas/,0.0,26.59459673507627,,,
BESST-10 BH,2020-02-14,17344597000194,BBSE3,1380.0333966482947,1456.014654866218,CONT_267_BBSE3_2020-02-14,DISTRIBUTION,0,cache/market.json.gz; B3,0.0,2619.833783353997,,,
BESST-10 BH,2020-02-18,60746948000112,BBDC4,1402.3773454407258,1405.1775243234438,BBDC4_2020-02-18_DISTRIBUTION_581,DISTRIBUTION,0,https://www.bradescori.com.br/informacoes-ao-mercado/remuneracao-aos-acionistas/,0.0,89.80173676876389,,,
BESST-10 BH,2020-02-21,60872504000123,ITUB4,1319.156612536292,1359.7929332780388,ITUB4_2020-02-21_DISTRIBUTION_205;ITUB4_2020-02-21_DISTRIBUTION_206,DISTRIBUTION,0,cache/market.json.gz; SQLite corporate_actions/B3,0.0,1327.9949618402852,,,
BESST-10 BH,2020-03-02,02558157000162,VIVT4,882.4235659501312,885.0636734824091,CONT_2773_VIVT4_2020-03-02,DISTRIBUTION,0,cache/market.json.gz; B3,0.0,145.54912825447877,,,
BESST-10 BH,2020-03-02,60872504000123,ITUB4,1359.7929332780388,1360.4327354737468,ITUB4_2020-03-02_DISTRIBUTION_204,DISTRIBUTION,0,cache/market.json.gz; SQLite corporate_actions/B3,0.0,20.396893999170583,,,
BESST-10 BH,2020-03-03,60746948000112,BBDC4,1429.592603077276,1430.4932088737967,BBDC4_2020-03-03_DISTRIBUTION_583,DISTRIBUTION,0,https://www.bradescori.com.br/informacoes-ao-mercado/remuneracao-aos-acionistas/,0.0,27.126246591204122,,,
BESST-10 BH,2020-03-26,17281106000103,CSMG3,1157.2429304386649,1167.5724167624069,CONT_975_CSMG3_2020-03-26,DISTRIBUTION,0,cache/market.json.gz; B3,0.0,416.27829884679886,,,
BESST-10 BH,2020-04-01,02149205000169,PSSA3,888.4795545036372,908.8633279069048,CONT_2146_PSSA3_2020-04-01,DISTRIBUTION,0,cache/market.json.gz; B3,0.0,875.075392202276,,,
BESST-10 BH,2020-04-01,02558157000162,VIVT4,892.2706058152708,893.8700376900371,CONT_2772_VIVT4_2020-04-01,DISTRIBUTION,0,cache/market.json.gz; B3,0.0,81.76295743805393,,,
BESST-10 BH,2020-04-01,60872504000123,ITUB4,1384.3509817982529,1385.3213212714759,ITUB4_2020-04-01_DISTRIBUTION_203,DISTRIBUTION,0,cache/market.json.gz; SQLite corporate_actions/B3,0.0,20.765264726973793,,,
BESST-10 BH,2020-04-02,60746948000112,BBDC4,1478.6516125145877,1480.0579850421568,BBDC4_2020-04-02_DISTRIBUTION_584,DISTRIBUTION,0,https://www.bradescori.com.br/informacoes-ao-mercado/remuneracao-aos-acionistas/,0.0,28.05713192500631,,,
BESST-10 BH,2020-04-14,60746948000112,BBDC4,1480.0579850421568,1628.0637835463726,BBDC4_2020-04-14_SHARES_672,SHARES,0,originals/bradesco_remuneracao.html.gz; owned_capital_events_fre.json; SEC 6K 20150317/20160404/20180319/20200403,0.0,0.0,,,
BESST-10 BH,2020-04-29,43776517000180,SBSP3,1089.43178673591,1125.808714720371,CONT_2259_SBSP3_2020-04-29,DISTRIBUTION,0,cache/market.json.gz; B3,0.0,1499.8207407993273,,,
BESST-10 BH,2020-05-04,60872504000123,ITUB4,1424.7367232061472,1425.7130160726658,ITUB4_2020-05-04_DISTRIBUTION_202,DISTRIBUTION,0,cache/market.json.gz; SQLite corporate_actions/B3,0.0,21.371050848092207,,,
BESST-10 BH,2020-05-05,60746948000112,BBDC4,1679.7188457046968,1681.4605038615791,BBDC4_2020-05-05_DISTRIBUTION_585,DISTRIBUTION,0,https://www.bradescori.com.br/informacoes-ao-mercado/remuneracao-aos-acionistas/,0.0,31.872344270947092,,,
BESST-10 BH,2020-05-29,02558157000162,VIVT4,893.8700376900371,919.303289607402,CONT_2771_VIVT4_2020-05-29,DISTRIBUTION,0,cache/market.json.gz; B3,0.0,1198.9234953845812,,,
BESST-10 BH,2020-06-01,60872504000123,ITUB4,1463.567031410054,1464.4949056903224,ITUB4_2020-06-01_DISTRIBUTION_201,DISTRIBUTION,0,cache/market.json.gz; SQLite corporate_actions/B3,0.0,21.95350547115081,,,
BESST-10 BH,2020-06-02,60746948000112,BBDC4,1723.0695857362573,1724.65134269238,BBDC4_2020-06-02_DISTRIBUTION_586,DISTRIBUTION,0,https://www.bradescori.com.br/informacoes-ao-mercado/remuneracao-aos-acionistas/,0.0,32.6949162830546,,,
BESST-10 BH,2020-06-24,17281106000103,CSMG3,1167.5724167624069,1174.2803321053527,CONT_974_CSMG3_2020-06-24,DISTRIBUTION,0,cache/market.json.gz; B3,0.0,405.4934824810734,,,
BESST-10 BH,2020-06-30,02149205000169,PSSA3,917.9752085347475,928.8408484240042,CONT_2145_PSSA3_2020-06-30,DISTRIBUTION,0,cache/market.json.gz; B3,0.0,547.8455632163243,,,
BESST-10 BH,2020-07-01,02558157000162,VIVT4,922.9458190554957,933.4999627770624,CONT_2732_VIVT4_2020-07-01,DISTRIBUTION,0,https://api.mziq.com/mzfilemanager/v2/d/24165f81-24d6-4648-bf9f-66712905d5a2/34b95df5-e8c3-6d48-b667-42e740e0df5e?origin=2,0.0,507.44323013292376,,,
BESST-10 BH,2020-07-01,60872504000123,ITUB4,1495.6831381395473,1496.5427261499724,ITUB4_2020-07-01_DISTRIBUTION_200,DISTRIBUTION,0,cache/market.json.gz; SQLite corporate_actions/B3,0.0,22.43524707209321,,,
BESST-10 BH,2020-07-02,60746948000112,BBDC4,1763.5247407798593,1765.102418532008,BBDC4_2020-07-02_DISTRIBUTION_587,DISTRIBUTION,0,https://www.bradescori.com.br/informacoes-ao-mercado/remuneracao-aos-acionistas/,0.0,33.46254512307234,,,
BESST-10 BH,2020-08-03,17155730000164,CMIG4,4198.10134803001,4463.476404067501,CMIG4_2020-08-03_DISTRIBUTION_648;CMIG4_2020-08-03_SHARES_677,DISTRIBUTION;SHARES,0,https://api.mziq.com/mzfilemanager/v2/d/716a131f-9624-452c-9088-0cd6983c1349/a2eb9f5f-37e1-8913-c1eb-c4281b5e23b2?origin=2;https://api.mziq.com/mzfilemanager/v2/d/716a131f-9624-452c-9088-0cd6983c1349/a2eb9f5f-37e1-8913-c1eb-c4281b5e23b2?origin=2; owned_capital_events_fre.json; B3 2024-04-29,0.0,1048.4688365251052,,,
BESST-10 BH,2020-08-03,60872504000123,ITUB4,1521.786266725436,1522.6230260363188,ITUB4_2020-08-03_DISTRIBUTION_199,DISTRIBUTION,0,cache/market.json.gz; SQLite corporate_actions/B3,0.0,22.826794000881538,,,
BESST-10 BH,2020-08-04,60746948000112,BBDC4,1804.3859504155414,1805.962280009069,BBDC4_2020-08-04_DISTRIBUTION_588,DISTRIBUTION,0,https://www.bradescori.com.br/informacoes-ao-mercado/remuneracao-aos-acionistas/,0.0,34.237878771418366,,,
BESST-10 BH,2020-08-10,02474103000119,TBLE3,1151.5141317694474,1172.6224389281174,TBLE3_2020-08-10_DISTRIBUTION_353,DISTRIBUTION,0,cache/market.json.gz; SQLite corporate_actions/B3,0.0,956.4173973593316,,,
BESST-10 BH,2020-08-13,17344597000194,BBSE3,1555.5198088886898,1605.7588123690325,CONT_2559_BBSE3_2020-08-13,DISTRIBUTION,0,BBSE_DIV,0.0,1361.4769943172882,,,
BESST-10 BH,2020-08-18,60872504000123,ITUB4,1548.3450407274668,1551.7240610514966,ITUB4_2020-08-18_DISTRIBUTION_198,DISTRIBUTION,0,cache/market.json.gz; SQLite corporate_actions/B3,0.0,81.907452654483,,,
BESST-10 BH,2020-09-01,60872504000123,ITUB4,1551.7240610514966,1552.6803412863271,ITUB4_2020-09-01_DISTRIBUTION_197,DISTRIBUTION,0,cache/market.json.gz; SQLite corporate_actions/B3,0.0,23.275860915772448,,,
BESST-10 BH,2020-09-02,60746948000112,BBDC4,1848.7302381953689,1850.3911900496437,BBDC4_2020-09-02_DISTRIBUTION_589,DISTRIBUTION,0,https://www.bradescori.com.br/informacoes-ao-mercado/remuneracao-aos-acionistas/,0.0,35.079303162281626,,,
BESST-10 BH,2020-09-23,17281106000103,CSMG3,1174.2803321053527,1186.3227001068442,CONT_2686_CSMG3_2020-09-23,DISTRIBUTION,0,B3,0.0,586.46332167263,,,
BESST-10 BH,2020-09-28,17155730000164,CMIG4,4468.218533467989,4502.843982321492,CMIG4_2020-09-28_DISTRIBUTION_649,DISTRIBUTION,0,https://api.mziq.com/mzfilemanager/v2/d/716a131f-9624-452c-9088-0cd6983c1349/a2eb9f5f-37e1-8913-c1eb-c4281b5e23b2?origin=2,0.0,353.1795783057343,,,
BESST-10 BH,2020-09-29,02558157000162,VIVT4,946.8972254962358,955.5111428239514,CONT_2733_VIVT4_2020-09-29,DISTRIBUTION,0,https://api.mziq.com/mzfilemanager/v2/d/24165f81-24d6-4648-bf9f-66712905d5a2/34b95df5-e8c3-6d48-b667-42e740e0df5e?origin=2,0.0,375.99749135478567,,,
BESST-10 BH,2020-10-01,60872504000123,ITUB4,1591.4369437904427,1592.4969595167684,ITUB4_2020-10-01_DISTRIBUTION_196,DISTRIBUTION,0,cache/market.json.gz; SQLite corporate_actions/B3,0.0,23.87155415685664,,,
BESST-10 BH,2020-10-02,60746948000112,BBDC4,1892.9274734793635,1894.7562890221395,BBDC4_2020-10-02_DISTRIBUTION_590,DISTRIBUTION,0,https://www.bradescori.com.br/informacoes-ao-mercado/remuneracao-aos-acionistas/,0.0,35.91793726012349,,,
BESST-10 BH,2020-10-13,02558115000121,TIMP3,3429.3764800730282,0,CONT_2860_TIMP3_2020-10-13,CONVERSION,0,https://api.mziq.com/mzfilemanager/v2/d/4c4aa51f-1235-4aa1-8b83-adc92e8dacc3/403d4da4-118d-4b76-8663-e709c19a141d?origin=1;https://api.mziq.com/mzfilemanager/v2/d/4c4aa51f-1235-4aa1-8b83-adc92e8dacc3/5e0de946-852c-4d28-ad6e-ef5d86e4fec5?origin=2;https://conteudo.cvm.gov.br/decisoes/2021/20210511_R1.html,0.0,0.0,,,
BESST-10 BH,2020-10-13,02558115000121,TIMS3,0,3429.3764800730282,CONT_2860_TIMP3_2020-10-13,CONVERSION,0,https://api.mziq.com/mzfilemanager/v2/d/4c4aa51f-1235-4aa1-8b83-adc92e8dacc3/403d4da4-118d-4b76-8663-e709c19a141d?origin=1;https://api.mziq.com/mzfilemanager/v2/d/4c4aa51f-1235-4aa1-8b83-adc92e8dacc3/5e0de946-852c-4d28-ad6e-ef5d86e4fec5?origin=2;https://conteudo.cvm.gov.br/decisoes/2021/20210511_R1.html,0.0,0.0,,,
BESST-10 BH,2020-10-20,02558115000121,TIMS3,3429.3764800730282,3484.541078914188,CONT_2734_TIMS3_2020-10-20,DISTRIBUTION,0,https://api.mziq.com/mzfilemanager/v2/d/4c4aa51f-1235-4aa1-8b83-adc92e8dacc3/f254c76d-5442-4947-aad9-e2816de7e7d3?origin=2;https://api.mziq.com/mzfilemanager/v2/d/4c4aa51f-1235-4aa1-8b83-adc92e8dacc3/be78844f-4634-42c0-ae1c-a18bd2d7782e?origin=2,0.0,708.3134491204875,,,
BESST-10 BH,2020-11-03,02149205000169,PSSA3,931.6230242031208,942.4305555097719,CONT_2735_PSSA3_2020-11-03,DISTRIBUTION,0,https://api.mziq.com/mzfilemanager/v2/d/b77a3922-d280-4451-b3ee-0afec4577834/f9e62720-e79a-1676-864d-2a184a052c0f?origin=2;https://api.mziq.com/mzfilemanager/v2/d/b77a3922-d280-4451-b3ee-0afec4577834/493a6ff0-1341-22f7-1a72-d9896b29432f?origin=2,0.0,521.3553102328463,,,
BESST-10 BH,2020-11-03,60872504000123,ITUB4,1630.2327925250609,1631.249992686786,ITUB4_2020-11-03_DISTRIBUTION_195,DISTRIBUTION,0,cache/market.json.gz; SQLite corporate_actions/B3,0.0,24.453491887875913,,,
BESST-10 BH,2020-11-04,60746948000112,BBDC4,1922.0705962883474,1923.8341805460402,BBDC4_2020-11-04_DISTRIBUTION_591,DISTRIBUTION,0,https://www.bradescori.com.br/informacoes-ao-mercado/remuneracao-aos-acionistas/,0.0,36.470922449087496,,,
BESST-10 BH,2020-11-20,17281106000103,CSMG3,1186.3227001068442,1357.8888551422974,CONT_2687_CSMG3_2020-11-20,DISTRIBUTION,0,B3,0.0,7696.457714890435,,,
BESST-10 BH,2020-11-23,02558157000162,VIVT3,0,971.4578279785948,CONT_2861_VIVT4_2020-11-23,CONVERSION,0,https://s3.glbimg.com/v1/AUTH_63b422c2caee4269b8b34177e8876b93/valorri-uploads/bs/2021/f/6/GkGOxJRVyK8BsXNSui3Q/telefonica-1-.pdf,0.0,0.0,,,
BESST-10 BH,2020-11-23,02558157000162,VIVT4,971.4578279785948,0,CONT_2861_VIVT4_2020-11-23,CONVERSION,0,https://s3.glbimg.com/v1/AUTH_63b422c2caee4269b8b34177e8876b93/valorri-uploads/bs/2021/f/6/GkGOxJRVyK8BsXNSui3Q/telefonica-1-.pdf,0.0,0.0,,,
BESST-10 BH,2020-11-26,17281106000103,CSMG3,1357.8888551422974,4073.6665654268922,CSMG_SPLIT_20201126,SHARES,0,https://ri.copasa.com.br/informacoes-financeiras/dividendos/; continuation_capital_events_fre.json,0.0,0.0,,,
BESST-10 BH,2020-11-30,02558157000162,VIVT3,971.4578279785948,976.6006283956863,CONT_2736_VIVT3_2020-11-30,DISTRIBUTION,0,https://api.mziq.com/mzfilemanager/v2/d/24165f81-24d6-4648-bf9f-66712905d5a2/34b95df5-e8c3-6d48-b667-42e740e0df5e?origin=2,0.0,230.1403186648474,,,
BESST-10 BH,2020-12-01,60872504000123,ITUB4,1656.3168929345989,1657.1520106957423,ITUB4_2020-12-01_DISTRIBUTION_194,DISTRIBUTION,0,cache/market.json.gz; SQLite corporate_actions/B3,0.0,24.844753394018984,,,
BESST-10 BH,2020-12-02,60746948000112,BBDC4,1930.7777287840272,1932.191160058145,BBDC4_2020-12-02_DISTRIBUTION_592,DISTRIBUTION,0,https://www.bradescori.com.br/informacoes-ao-mercado/remuneracao-aos-acionistas/,0.0,36.63613862513072,,,
BESST-10 BH,2020-12-11,60872504000123,ITUB4,1663.3884081941417,1666.787460034017,ITUB4_2020-12-11_DISTRIBUTION_193,DISTRIBUTION,0,cache/market.json.gz; SQLite corporate_actions/B3,0.0,106.3903225880973,,,
BESST-10 BH,2020-12-21,02474103000119,TBLE3,1174.7758552480702,1198.9206077409806,TBLE3_2020-12-21_DISTRIBUTION_351;TBLE3_2020-12-21_DISTRIBUTION_352,DISTRIBUTION,0,cache/market.json.gz; SQLite corporate_actions/B3,0.0,1050.2967334415978,,,
BESST-10 BH,2020-12-21,02558115000121,TIMS3,3536.246323026955,3595.935926706192,CONT_2737_TIMS3_2020-12-21,DISTRIBUTION,0,https://api.mziq.com/mzfilemanager/v2/d/4c4aa51f-1235-4aa1-8b83-adc92e8dacc3/c586e22e-1cf8-403d-8731-dc96ab412253?origin=2;https://api.mziq.com/mzfilemanager/v2/d/4c4aa51f-1235-4aa1-8b83-adc92e8dacc3/620d660d-c87e-4aec-b107-f541814149da?origin=2,0.0,851.7706445027093,,,
BESST-10 BH,2020-12-29,02558157000162,VIVT3,992.1281870492509,1011.111191872539,CONT_2738_VIVT3_2020-12-29;CONT_2739_VIVT3_2020-12-29,DISTRIBUTION,0,https://api.mziq.com/mzfilemanager/v2/d/24165f81-24d6-4648-bf9f-66712905d5a2/34b95df5-e8c3-6d48-b667-42e740e0df5e?origin=2,0.0,858.0318180126256,,,
BESST-10 BH,2020-12-29,60746948000112,BBDC4,1932.191160058145,1961.3370914087138,BBDC4_2020-12-29_DISTRIBUTION_593,DISTRIBUTION,0,https://www.bradescori.com.br/informacoes-ao-mercado/remuneracao-aos-acionistas/,0.0,802.3874900811586,,,
BESST-10 BH,2021-01-04,17155730000164,CMIG4,4502.843982321492,4593.771325532901,CMIG4_2021-01-04_DISTRIBUTION_650,DISTRIBUTION,0,https://api.mziq.com/mzfilemanager/v2/d/716a131f-9624-452c-9088-0cd6983c1349/a2eb9f5f-37e1-8913-c1eb-c4281b5e23b2?origin=2,0.0,1285.712633009317,,,
BESST-10 BH,2021-01-04,60872504000123,ITUB4,1666.787460034017,1667.596580160247,ITUB4_2021-01-04_DISTRIBUTION_192,DISTRIBUTION,0,cache/market.json.gz; SQLite corporate_actions/B3,0.0,25.00181190051025,,,
BESST-10 BH,2021-01-05,60746948000112,BBDC4,1965.436887170269,1966.857602962102,BBDC4_2021-01-05_DISTRIBUTION_564,DISTRIBUTION,0,https://www.bradescori.com.br/informacoes-ao-mercado/remuneracao-aos-acionistas/,0.0,37.2937895356104,,,
BESST-10 BH,2021-01-26,60872504000123,ITUB4,1672.0010017993263,1674.969765348008,ITUB4_2021-01-26_DISTRIBUTION_191,DISTRIBUTION,0,cache/market.json.gz; SQLite corporate_actions/B3,0.0,83.86757025025422,,,
BESST-10 BH,2021-02-01,60872504000123,ITUB4,1674.969765348008,1675.8337456258698,ITUB4_2021-02-01_DISTRIBUTION_190,DISTRIBUTION,0,cache/market.json.gz; SQLite corporate_actions/B3,0.0,25.12454648022012,,,
BESST-10 BH,2021-02-02,60746948000112,BBDC4,1974.7268947262578,1976.217943896755,BBDC4_2021-02-02_DISTRIBUTION_565,DISTRIBUTION,0,https://www.bradescori.com.br/informacoes-ao-mercado/remuneracao-aos-acionistas/,0.0,37.470065654593846,,,
BESST-10 BH,2021-02-12,17344597000194,BBSE3,1701.3958412714198,1730.2368104516404,CONT_2558_BBSE3_2021-02-12,DISTRIBUTION,0,BBSE_DIV,0.0,807.8355467379798,,,
BESST-10 BH,2021-02-18,60746948000112,BBDC4,1976.217943896755,1977.9491205737302,BBDC4_2021-02-18_DISTRIBUTION_566,DISTRIBUTION,0,https://www.bradescori.com.br/informacoes-ao-mercado/remuneracao-aos-acionistas/,0.0,43.123611023449214,,,
BESST-10 BH,2021-02-26,60872504000123,ITUB4,1685.4673187054636,1695.1636703600452,ITUB4_2021-02-26_DISTRIBUTION_188;ITUB4_2021-02-26_DISTRIBUTION_189,DISTRIBUTION,0,cache/market.json.gz; SQLite corporate_actions/B3,0.0,247.74178477456002,,,
BESST-10 BH,2021-03-01,02558157000162,VIVT3,1032.9071146845113,1035.0272002283466,CONT_2741_VIVT3_2021-03-01,DISTRIBUTION,0,https://api.mziq.com/mzfilemanager/v2/d/24165f81-24d6-4648-bf9f-66712905d5a2/34b95df5-e8c3-6d48-b667-42e740e0df5e?origin=2,0.0,91.82090490351104,,,
BESST-10 BH,2021-03-01,60872504000123,ITUB4,1695.1636703600452,1696.1902127522696,ITUB4_2021-03-01_DISTRIBUTION_187,DISTRIBUTION,0,cache/market.json.gz; SQLite corporate_actions/B3,0.0,25.427455055400678,,,
BESST-10 BH,2021-03-02,60746948000112,BBDC4,1989.8843451465577,1991.5389321483651,BBDC4_2021-03-02_DISTRIBUTION_567,DISTRIBUTION,0,https://www.bradescori.com.br/informacoes-ao-mercado/remuneracao-aos-acionistas/,0.0,37.75767538124601,,,
BESST-10 BH,2021-03-03,17281106000103,CSMG3,4073.6665654268922,4133.034143568539,CONT_2688_CSMG3_2021-03-03,DISTRIBUTION,0,B3,0.0,811.5547931963051,,,
BESST-10 BH,2021-03-25,17281106000103,CSMG3,4133.034143568539,4180.725820689758,CONT_2689_CSMG3_2021-03-25,DISTRIBUTION,0,B3,0.0,706.7906549364711,,,
BESST-10 BH,2021-03-26,60872504000123,ITUB4,1716.279871801711,1719.3761458561476,ITUB4_2021-03-26_DISTRIBUTION_186,DISTRIBUTION,0,cache/market.json.gz; SQLite corporate_actions/B3,0.0,86.91241270803863,,,
BESST-10 BH,2021-04-01,02149205000169,PSSA3,987.081023930082,1023.2947984502662,CONT_2742_PSSA3_2021-04-01;CONT_2743_PSSA3_2021-04-01;CONT_2744_PSSA3_2021-04-01,DISTRIBUTION,0,https://api.mziq.com/mzfilemanager/v2/d/b77a3922-d280-4451-b3ee-0afec4577834/493a6ff0-1341-22f7-1a72-d9896b29432f?origin=2;https://api.mziq.com/mzfilemanager/v2/d/b77a3922-d280-4451-b3ee-0afec4577834/493a6ff0-1341-22f7-1a72-d9896b29432f?origin=2;https://api.mziq.com/mzfilemanager/v2/d/b77a3922-d280-4451-b3ee-0afec4577834/41759930-edbb-5e54-ff18-92877b91d282?origin=2,0.0,1622.0149607590479,,,
BESST-10 BH,2021-04-01,02558157000162,VIVT3,1038.6022111435325,1042.3692824625252,CONT_2745_VIVT3_2021-04-01,DISTRIBUTION,0,https://api.mziq.com/mzfilemanager/v2/d/24165f81-24d6-4648-bf9f-66712905d5a2/34b95df5-e8c3-6d48-b667-42e740e0df5e?origin=2,0.0,166.27852802033814,,,
BESST-10 BH,2021-04-01,60872504000123,ITUB4,1719.3761458561476,1720.3278300697211,ITUB4_2021-04-01_DISTRIBUTION_185,DISTRIBUTION,0,cache/market.json.gz; SQLite corporate_actions/B3,0.0,25.790642187842213,,,
BESST-10 BH,2021-04-05,60746948000112,BBDC4,1991.5389321483651,1992.9917991554232,BBDC4_2021-04-05_DISTRIBUTION_568,DISTRIBUTION,0,https://www.bradescori.com.br/informacoes-ao-mercado/remuneracao-aos-acionistas/,0.0,37.78907085357918,,,
BESST-10 BH,2021-04-16,02558157000162,VIVT3,1050.2234455311693,1072.6321271350364,CONT_2746_VIVT3_2021-04-16,DISTRIBUTION,0,https://api.mziq.com/mzfilemanager/v2/d/24165f81-24d6-4648-bf9f-66712905d5a2/34b95df5-e8c3-6d48-b667-42e740e0df5e?origin=2,0.0,989.1192059946951,,,
BESST-10 BH,2021-04-19,60746948000112,BBDC4,1992.9917991554232,2192.290979070966,BBDC4_2021-04-19_SHARES_673,SHARES,0,originals/bradesco_remuneracao.html.gz; owned_capital_events_fre.json; SEC 6K 20150317/20160404/20180319/20200403,0.0,0.0,,,
BESST-10 BH,2021-04-28,60872504000123,ITUB4,1731.8065879107728,1735.273884475296,ITUB4_2021-04-28_DISTRIBUTION_184,DISTRIBUTION,0,cache/market.json.gz; SQLite corporate_actions/B3,0.0,97.81243608520045,,,
BESST-10 BH,2021-04-30,43776517000180,SBSP3,1170.072402495871,1180.9553339814508,CONT_2436_SBSP3_2021-04-30,DISTRIBUTION,0,SBSP_2021;SBSP_2022;SBSP_2023;SBSP_2024,0.0,465.57180895310705,,,
BESST-10 BH,2021-05-03,02558157000162,VIVT3,1072.6321271350364,1076.7777575821326,CONT_2747_VIVT3_2021-05-03,DISTRIBUTION,0,https://api.mziq.com/mzfilemanager/v2/d/24165f81-24d6-4648-bf9f-66712905d5a2/34b95df5-e8c3-6d48-b667-42e740e0df5e?origin=2,0.0,178.17919661619572,,,
BESST-10 BH,2021-05-03,17155730000164,CMIG4,4593.771325532901,5354.143376076496,CMIG4_2021-05-03_DISTRIBUTION_651;CMIG4_2021-05-03_SHARES_678,DISTRIBUTION;SHARES,0,https://api.mziq.com/mzfilemanager/v2/d/716a131f-9624-452c-9088-0cd6983c1349/a2eb9f5f-37e1-8913-c1eb-c4281b5e23b2?origin=2;https://api.mziq.com/mzfilemanager/v2/d/716a131f-9624-452c-9088-0cd6983c1349/a2eb9f5f-37e1-8913-c1eb-c4281b5e23b2?origin=2; owned_capital_events_fre.json; B3 2024-04-29,0.0,2809.9921646266757,,,
BESST-10 BH,2021-05-03,60872504000123,ITUB4,1735.273884475296,1736.2068274239386,ITUB4_2021-05-03_DISTRIBUTION_183,DISTRIBUTION,0,cache/market.json.gz; SQLite corporate_actions/B3,0.0,26.029108267129438,,,
BESST-10 BH,2021-05-04,60746948000112,BBDC4,2192.290979070966,2194.0388069113146,BBDC4_2021-05-04_DISTRIBUTION_569,DISTRIBUTION,0,https://www.bradescori.com.br/informacoes-ao-mercado/remuneracao-aos-acionistas/,0.0,41.59830260029457,,,
BESST-10 BH,2021-05-12,02474103000119,TBLE3,1205.3367954696987,1228.6786435098027,TBLE3_2021-05-12_DISTRIBUTION_350,DISTRIBUTION,0,cache/market.json.gz; SQLite corporate_actions/B3,0.0,900.5284973872152,,,
BESST-10 BH,2021-05-25,60872504000123,ITUB4,1745.3722838786355,1748.305713020575,ITUB4_2021-05-25_DISTRIBUTION_182,DISTRIBUTION,0,cache/market.json.gz; SQLite corporate_actions/B3,0.0,85.0694451162447,,,
BESST-10 BH,2021-06-01,60872504000123,ITUB4,1748.305713020575,1749.162725624997,ITUB4_2021-06-01_DISTRIBUTION_181,DISTRIBUTION,0,cache/market.json.gz; SQLite corporate_actions/B3,0.0,26.224585695308622,,,
BESST-10 BH,2021-06-02,60746948000112,BBDC4,2194.0388069113146,2195.5193000585314,BBDC4_2021-06-02_DISTRIBUTION_570,DISTRIBUTION,0,https://www.bradescori.com.br/informacoes-ao-mercado/remuneracao-aos-acionistas/,0.0,41.63146729973007,,,
BESST-10 BH,2021-06-22,02558115000121,TIMS3,3736.8419258838258,3781.700962625416,CONT_2748_TIMS3_2021-06-22,DISTRIBUTION,0,https://api.mziq.com/mzfilemanager/v2/d/4c4aa51f-1235-4aa1-8b83-adc92e8dacc3/ec8c4a27-ea86-4980-8cb4-8beef111e7ac?origin=2,0.0,540.5513927361641,,,
BESST-10 BH,2021-06-23,17281106000103,CSMG3,4180.725820689758,4217.616585947187,CONT_2690_CSMG3_2021-06-23,DISTRIBUTION,0,B3,0.0,608.3287190950048,,,
BESST-10 BH,2021-07-01,02558157000162,VIVT3,1092.8754145763198,1102.6934441490341,CONT_2750_VIVT3_2021-07-01,DISTRIBUTION,0,https://api.mziq.com/mzfilemanager/v2/d/24165f81-24d6-4648-bf9f-66712905d5a2/34b95df5-e8c3-6d48-b667-42e740e0df5e?origin=2,0.0,408.6263908163697,,,
BESST-10 BH,2021-07-01,60872504000123,ITUB4,1752.4150579609284,1753.3004141707436,ITUB4_2021-07-01_DISTRIBUTION_180,DISTRIBUTION,0,cache/market.json.gz; SQLite corporate_actions/B3,0.0,26.286225869413926,,,
BESST-10 BH,2021-07-02,60746948000112,BBDC4,2195.5193000585314,2197.1215908037016,BBDC4_2021-07-02_DISTRIBUTION_571,DISTRIBUTION,0,https://www.bradescori.com.br/informacoes-ao-mercado/remuneracao-aos-acionistas/,0.0,41.65955937442432,,,
BESST-10 BH,2021-07-05,60746948000112,BBDC4,2197.1215908037016,2244.473297422122,BBDC4_2021-07-05_DISTRIBUTION_572,DISTRIBUTION,0,https://www.bradescori.com.br/informacoes-ao-mercado/remuneracao-aos-acionistas/,0.0,1184.266182526691,,,
BESST-10 BH,2021-07-30,02149205000169,PSSA3,1033.2626412653926,1047.0936979694275,CONT_2751_PSSA3_2021-07-30,DISTRIBUTION,0,https://api.mziq.com/mzfilemanager/v2/d/b77a3922-d280-4451-b3ee-0afec4577834/84eee7cb-7942-984d-6623-ff1f2c09cdbe?origin=2;https://api.mziq.com/mzfilemanager/v2/d/b77a3922-d280-4451-b3ee-0afec4577834/c01dc413-7f12-69a6-0b0a-53d2e29990ed?origin=2;https://api.mziq.com/mzfilemanager/v2/d/b77a3922-d280-4451-b3ee-0afec4577834/bd82067a-476b-c3a3-b00a-9a8d540f77cb?origin=2,0.0,714.5123893304352,,,
BESST-10 BH,2021-08-02,60872504000123,ITUB4,1753.3004141707436,1754.163542041192,ITUB4_2021-08-02_DISTRIBUTION_179,DISTRIBUTION,0,cache/market.json.gz; SQLite corporate_actions/B3,0.0,26.299506212561152,,,
BESST-10 BH,2021-08-03,60746948000112,BBDC4,2244.473297422122,2246.210183724087,BBDC4_2021-08-03_DISTRIBUTION_573,DISTRIBUTION,0,https://www.bradescori.com.br/informacoes-ao-mercado/remuneracao-aos-acionistas/,0.0,42.588452124184954,,,
BESST-10 BH,2021-08-12,17344597000194,BBSE3,1910.3560164755525,1957.9663841478316,CONT_2557_BBSE3_2021-08-12,DISTRIBUTION,0,BBSE_DIV,0.0,995.0566843506352,,,
BESST-10 BH,2021-08-16,60872504000123,ITUB4,1754.163542041192,1760.1672448165893,ITUB4_2021-08-16_DISTRIBUTION_178,DISTRIBUTION,0,cache/market.json.gz; SQLite corporate_actions/B3,0.0,182.15234220555737,,,
BESST-10 BH,2021-08-17,02474103000119,TBLE3,1250.648977383151,1283.3297268431093,TBLE3_2021-08-17_DISTRIBUTION_349,DISTRIBUTION,0,cache/market.json.gz; SQLite corporate_actions/B3,0.0,1210.1681525022502,,,
BESST-10 BH,2021-09-01,60872504000123,ITUB4,1760.1672448165893,1761.0172933894241,ITUB4_2021-09-01_DISTRIBUTION_177,DISTRIBUTION,0,cache/market.json.gz; SQLite corporate_actions/B3,0.0,26.40250867224884,,,
BESST-10 BH,2021-09-02,60746948000112,BBDC4,2249.7019406562154,2251.617904059756,BBDC4_2021-09-02_DISTRIBUTION_574,DISTRIBUTION,0,https://www.bradescori.com.br/informacoes-ao-mercado/remuneracao-aos-acionistas/,0.0,42.68766463088102,,,
BESST-10 BH,2021-09-27,17281106000103,CSMG3,4217.616585947187,4343.087589872597,CONT_2381_CSMG3_2021-09-27;CONT_2382_CSMG3_2021-09-27,DISTRIBUTION,0,CSMG_RI;B3_ESPEC,0.0,1809.2918766044158,,,
BESST-10 BH,2021-09-30,02558115000121,TIMS3,3903.8948096138797,3922.769651287218,CONT_2752_TIMS3_2021-09-30,DISTRIBUTION,0,https://api.mziq.com/mzfilemanager/v2/d/4c4aa51f-1235-4aa1-8b83-adc92e8dacc3/fa04ad1c-865b-81a3-87f8-ff70523311ae?origin=2,0.0,221.77938966172715,,,
BESST-10 BH,2021-10-01,02558157000162,VIVT3,1126.7883620630905,1136.183656273137,CONT_2753_VIVT3_2021-10-01,DISTRIBUTION,0,https://api.mziq.com/mzfilemanager/v2/d/24165f81-24d6-4648-bf9f-66712905d5a2/34b95df5-e8c3-6d48-b667-42e740e0df5e?origin=2,0.0,402.5883569004973,,,
BESST-10 BH,2021-10-01,60872504000123,ITUB4,1761.0172933894241,1761.9075953577706,ITUB4_2021-10-01_DISTRIBUTION_176,DISTRIBUTION,0,cache/market.json.gz; SQLite corporate_actions/B3,0.0,26.41525940084136,,,
BESST-10 BH,2021-10-04,60746948000112,BBDC4,2266.1984062744864,2268.272727640389,BBDC4_2021-10-04_DISTRIBUTION_575,DISTRIBUTION,0,https://www.bradescori.com.br/informacoes-ao-mercado/remuneracao-aos-acionistas/,0.0,43.00068191516278,,,
BESST-10 BH,2021-10-04,60872504000123,XPBR31,0,40.67865114786711,ITUB4_2021-10-04_SPINOFF_686,SPINOFF,0,B3 OC 108/2021-PRE,0.0,0.0,,,
BESST-10 BH,2021-10-21,02149205000169,PSSA3,1045.5847180833182,2091.1694361666364,CONT_2862_PSSA3_2021-10-21,SHARES,0,https://api.mziq.com/mzfilemanager/v2/d/b77a3922-d280-4451-b3ee-0afec4577834/58c7cb8a-888b-4fff-3949-6efc460cb9e1?origin=2,0.0,0.0,,,
BESST-10 BH,2021-11-01,02149205000169,PSSA3,2091.1694361666364,2115.9508409282957,CONT_2754_PSSA3_2021-11-01,DISTRIBUTION,0,https://api.mziq.com/mzfilemanager/v2/d/b77a3922-d280-4451-b3ee-0afec4577834/0c125129-e67a-53e9-aa2c-5b25822a1a8c?origin=2;https://api.mziq.com/mzfilemanager/v2/d/b77a3922-d280-4451-b3ee-0afec4577834/c01dc413-7f12-69a6-0b0a-53d2e29990ed?origin=2;https://api.mziq.com/mzfilemanager/v2/d/b77a3922-d280-4451-b3ee-0afec4577834/bd82067a-476b-c3a3-b00a-9a8d540f77cb?origin=2,0.0,579.8848714228252,,,
BESST-10 BH,2021-11-01,60872504000123,ITUB4,1761.9075953577706,1763.1915618754447,ITUB4_2021-11-01_DISTRIBUTION_175,DISTRIBUTION,0,cache/market.json.gz; SQLite corporate_actions/B3,0.0,31.09766905806465,,,
BESST-10 BH,2021-11-03,60746948000112,BBDC4,2288.9851532585676,2291.1142246353775,BBDC4_2021-11-03_DISTRIBUTION_576,DISTRIBUTION,0,https://www.bradescori.com.br/informacoes-ao-mercado/remuneracao-aos-acionistas/,0.0,43.43305608691705,,,
BESST-10 BH,2021-11-22,60872504000123,ITUB4,1767.779087843711,1788.9692883633368,ITUB4_2021-11-22_DISTRIBUTION_174,DISTRIBUTION,0,cache/market.json.gz; SQLite corporate_actions/B3,0.0,467.66772546814155,,,
BESST-10 BH,2021-12-01,60872504000123,ITUB4,1788.9692883633368,1790.3903193237154,ITUB4_2021-12-01_DISTRIBUTION_173,DISTRIBUTION,0,cache/market.json.gz; SQLite corporate_actions/B3,0.0,31.57530793961289,,,
BESST-10 BH,2021-12-02,60746948000112,BBDC4,2312.6170639370025,2314.724723258729,BBDC4_2021-12-02_DISTRIBUTION_577,DISTRIBUTION,0,https://www.bradescori.com.br/informacoes-ao-mercado/remuneracao-aos-acionistas/,0.0,43.88146707834541,,,
BESST-10 BH,2021-12-21,02558115000121,TIMS3,4003.6366848493894,4075.8351198997398,CONT_2755_TIMS3_2021-12-21,DISTRIBUTION,0,https://api.mziq.com/mzfilemanager/v2/d/4c4aa51f-1235-4aa1-8b83-adc92e8dacc3/44eca3b7-91a5-79c3-458a-10bea257e8bd?origin=2,0.0,926.3059216959962,,,
BESST-10 BH,2021-12-21,60746948000112,BBDC4,2314.724723258729,2343.5684971224623,BBDC4_2021-12-21_DISTRIBUTION_578;BBDC4_2021-12-21_DISTRIBUTION_579,DISTRIBUTION,0,https://www.bradescori.com.br/informacoes-ao-mercado/remuneracao-aos-acionistas/,0.0,550.6276430586757,,,
BESST-10 BH,2021-12-22,17155730000164,CMIG4,5354.143376076496,5583.749169234208,CMIG4_2021-12-22_DISTRIBUTION_652,DISTRIBUTION,0,https://api.mziq.com/mzfilemanager/v2/d/716a131f-9624-452c-9088-0cd6983c1349/a2eb9f5f-37e1-8913-c1eb-c4281b5e23b2?origin=2,0.0,3021.6122379554945,,,
BESST-10 BH,2021-12-28,02558157000162,VIVT3,1141.0725139716576,1173.7619067983699,CONT_2756_VIVT3_2021-12-28;CONT_2757_VIVT3_2021-12-28,DISTRIBUTION,0,https://api.mziq.com/mzfilemanager/v2/d/24165f81-24d6-4648-bf9f-66712905d5a2/34b95df5-e8c3-6d48-b667-42e740e0df5e?origin=2,0.0,1568.437067825657,,,
BESST-10 BH,2021-12-30,02474103000119,TBLE3,1301.8181031281408,1304.3104331646655,TBLE3_2021-12-30_DISTRIBUTION_348,DISTRIBUTION,0,cache/market.json.gz; SQLite corporate_actions/B3,0.0,95.7303967029097,,,
BESST-10 BH,2022-01-03,60872504000123,ITUB4,1806.1816395593432,1807.663699342617,ITUB4_2022-01-03_DISTRIBUTION_172,DISTRIBUTION,0,cache/market.json.gz; SQLite corporate_actions/B3,0.0,31.879105938222406,,,
BESST-10 BH,2022-01-04,60746948000112,BBDC4,2366.29545581407,2368.5631327995065,BBDC4_2022-01-04_DISTRIBUTION_550,DISTRIBUTION,0,https://www.bradescori.com.br/informacoes-ao-mercado/remuneracao-aos-acionistas/,0.0,44.90000431163992,,,
BESST-10 BH,2022-02-01,60872504000123,ITUB4,1830.6773303041239,1831.9449432848955,ITUB4_2022-02-01_DISTRIBUTION_171,DISTRIBUTION,0,cache/market.json.gz; SQLite corporate_actions/B3,0.0,32.31145487986778,,,
BESST-10 BH,2022-02-02,60746948000112,BBDC4,2370.6892378161783,2372.692951646286,BBDC4_2022-02-02_DISTRIBUTION_551,DISTRIBUTION,0,https://www.bradescori.com.br/informacoes-ao-mercado/remuneracao-aos-acionistas/,0.0,44.983375485917556,,,
BESST-10 BH,2022-02-11,17344597000194,BBSE3,2160.9388986460385,2248.0177547008398,CONT_2556_BBSE3_2022-02-11,DISTRIBUTION,0,BBSE_DIV,0.0,1981.9147638072745,,,
BESST-10 BH,2022-02-22,60872504000123,ITUB4,1834.8978217810488,1835.8712083536907,ITUB4_2022-02-22_DISTRIBUTION_170,DISTRIBUTION,0,cache/market.json.gz; SQLite corporate_actions/B3,0.0,25.06470424552913,,,
BESST-10 BH,2022-02-25,02474103000119,TBLE3,1311.2632024098252,1337.0067296034065,TBLE3_2022-02-25_DISTRIBUTION_347,DISTRIBUTION,0,cache/market.json.gz; SQLite corporate_actions/B3,0.0,1026.394429208082,,,
BESST-10 BH,2022-03-02,02558157000162,VIVT3,1172.0494364366264,1174.6104182796137,CONT_2759_VIVT3_2022-03-02,DISTRIBUTION,0,https://api.mziq.com/mzfilemanager/v2/d/24165f81-24d6-4648-bf9f-66712905d5a2/34b95df5-e8c3-6d48-b667-42e740e0df5e?origin=2,0.0,125.87225758282396,,,
BESST-10 BH,2022-03-02,60872504000123,ITUB4,1835.8712083536907,1837.1657799408838,ITUB4_2022-03-02_DISTRIBUTION_169,DISTRIBUTION,0,cache/market.json.gz; SQLite corporate_actions/B3,0.0,32.40312682744264,,,
BESST-10 BH,2022-03-03,60746948000112,BBDC4,2408.0033029382116,2410.2310651393145,BBDC4_2022-03-03_DISTRIBUTION_552,DISTRIBUTION,0,https://www.bradescori.com.br/informacoes-ao-mercado/remuneracao-aos-acionistas/,0.0,45.6914027446217,,,
BESST-10 BH,2022-03-23,17281106000103,CSMG3,4343.087589872597,4369.880346192215,CONT_2383_CSMG3_2022-03-23,DISTRIBUTION,0,CSMG_RI;B3_ESPEC,0.0,387.9591115080686,,,
BESST-10 BH,2022-03-29,02558115000121,TIMS3,4078.6211864363704,4102.782515787669,CONT_2760_TIMS3_2022-03-29,DISTRIBUTION,0,https://api.mziq.com/mzfilemanager/v2/d/4c4aa51f-1235-4aa1-8b83-adc92e8dacc3/d66d8c7b-438f-f636-8557-60ffdf4a2e60?origin=2,0.0,328.5940791776555,,,
BESST-10 BH,2022-03-29,17155730000164,CMIG4,5583.749169234208,5638.952851545463,CMIG4_2022-03-29_DISTRIBUTION_653,DISTRIBUTION,0,https://api.mziq.com/mzfilemanager/v2/d/716a131f-9624-452c-9088-0cd6983c1349/a2eb9f5f-37e1-8913-c1eb-c4281b5e23b2?origin=2,0.0,808.1819090367766,,,
BESST-10 BH,2022-04-01,02149205000169,PSSA3,2265.5610988340436,2314.046900895413,CONT_2761_PSSA3_2022-04-01;CONT_2762_PSSA3_2022-04-01,DISTRIBUTION,0,https://api.mziq.com/mzfilemanager/v2/d/b77a3922-d280-4451-b3ee-0afec4577834/c01dc413-7f12-69a6-0b0a-53d2e29990ed?origin=2;https://api.mziq.com/mzfilemanager/v2/d/b77a3922-d280-4451-b3ee-0afec4577834/c01dc413-7f12-69a6-0b0a-53d2e29990ed?origin=2;https://api.mziq.com/mzfilemanager/v2/d/b77a3922-d280-4451-b3ee-0afec4577834/bd82067a-476b-c3a3-b00a-9a8d540f77cb?origin=2;https://api.mziq.com/mzfilemanager/v2/d/b77a3922-d280-4451-b3ee-0afec4577834/ae2ce35a-8763-7d60-073f-ca45097755f1?origin=2,0.0,1013.8381211032274,,,
BESST-10 BH,2022-04-01,02558157000162,VIVT3,1174.2262710031655,1177.4410455038055,CONT_2763_VIVT3_2022-04-01,DISTRIBUTION,0,https://api.mziq.com/mzfilemanager/v2/d/24165f81-24d6-4648-bf9f-66712905d5a2/34b95df5-e8c3-6d48-b667-42e740e0df5e?origin=2,0.0,175.30165351990533,,,
BESST-10 BH,2022-04-01,60872504000123,ITUB4,1848.3340036035702,1849.5185749602733,ITUB4_2022-04-01_DISTRIBUTION_168,DISTRIBUTION,0,cache/market.json.gz; SQLite corporate_actions/B3,0.0,32.62309516360301,,,
BESST-10 BH,2022-04-04,60746948000112,BBDC4,2438.600782762419,2440.7165570687825,BBDC4_2022-04-04_DISTRIBUTION_553,DISTRIBUTION,0,https://www.bradescori.com.br/informacoes-ao-mercado/remuneracao-aos-acionistas/,0.0,46.271984080167385,,,
BESST-10 BH,2022-04-19,60746948000112,BBDC4,2440.7165570687825,2684.788212775661,BBDC4_2022-04-19_SHARES_674,SHARES,0,originals/bradesco_remuneracao.html.gz; owned_capital_events_fre.json; SEC 6K 20150317/20160404/20180319/20200403,0.0,0.0,,,
BESST-10 BH,2022-04-27,02558157000162,VIVT3,1176.9588293287095,1204.4863641491343,CONT_2764_VIVT3_2022-04-27,DISTRIBUTION,0,https://api.mziq.com/mzfilemanager/v2/d/24165f81-24d6-4648-bf9f-66712905d5a2/34b95df5-e8c3-6d48-b667-42e740e0df5e?origin=2,0.0,1426.4768543944156,,,
BESST-10 BH,2022-04-29,43776517000180,SBSP3,1309.5558405820839,1337.279134786367,CONT_2437_SBSP3_2022-04-29,DISTRIBUTION,0,SBSP_2021;SBSP_2022;SBSP_2023;SBSP_2024,0.0,1234.5182909167304,,,
BESST-10 BH,2022-05-02,02558157000162,VIVT3,1204.4863641491343,1206.5571189148418,CONT_2766_VIVT3_2022-05-02,DISTRIBUTION,0,https://api.mziq.com/mzfilemanager/v2/d/24165f81-24d6-4648-bf9f-66712905d5a2/34b95df5-e8c3-6d48-b667-42e740e0df5e?origin=2,0.0,107.94844593633957,,,
BESST-10 BH,2022-05-02,17155730000164,CMIG4,5638.952851545463,7643.434576134032,CMIG4_2022-05-02_DISTRIBUTION_654;CMIG4_2022-05-02_SHARES_679,DISTRIBUTION;SHARES,0,https://api.mziq.com/mzfilemanager/v2/d/716a131f-9624-452c-9088-0cd6983c1349/a2eb9f5f-37e1-8913-c1eb-c4281b5e23b2?origin=2;https://api.mziq.com/mzfilemanager/v2/d/716a131f-9624-452c-9088-0cd6983c1349/a2eb9f5f-37e1-8913-c1eb-c4281b5e23b2?origin=2; owned_capital_events_fre.json; B3 2024-04-29,0.0,3368.8115250510523,,,
BESST-10 BH,2022-05-02,60872504000123,ITUB4,1862.3133177139034,1863.6973105584361,ITUB4_2022-05-02_DISTRIBUTION_167,DISTRIBUTION,0,cache/market.json.gz; SQLite corporate_actions/B3,0.0,32.8698300576504,,,
BESST-10 BH,2022-05-03,60746948000112,BBDC4,2724.3460352014067,2727.206795891382,BBDC4_2022-05-03_DISTRIBUTION_554,DISTRIBUTION,0,https://www.bradescori.com.br/informacoes-ao-mercado/remuneracao-aos-acionistas/,0.0,51.69394566785397,,,
BESST-10 BH,2022-05-12,02474103000119,TBLE3,1348.248354658318,1369.9878140088372,TBLE3_2022-05-12_DISTRIBUTION_346,DISTRIBUTION,0,cache/market.json.gz; SQLite corporate_actions/B3,0.0,908.4920062581965,,,
BESST-10 BH,2022-06-01,60872504000123,ITUB4,1890.5910800003492,1891.8854528693175,ITUB4_2022-06-01_DISTRIBUTION_166,DISTRIBUTION,0,cache/market.json.gz; SQLite corporate_actions/B3,0.0,33.36893256200616,,,
BESST-10 BH,2022-06-02,60746948000112,BBDC4,2751.983342693415,2754.590350097249,BBDC4_2022-06-02_DISTRIBUTION_555,DISTRIBUTION,0,https://www.bradescori.com.br/informacoes-ao-mercado/remuneracao-aos-acionistas/,0.0,52.21835829878909,,,
BESST-10 BH,2022-06-21,60746948000112,BBDC4,2754.590350097249,2783.6429098925805,BBDC4_2022-06-21_DISTRIBUTION_556,DISTRIBUTION,0,https://www.bradescori.com.br/informacoes-ao-mercado/remuneracao-aos-acionistas/,0.0,541.5397145849789,,,
BESST-10 BH,2022-06-22,17281106000103,CSMG3,4378.096515961125,4429.783293118974,CONT_2384_CSMG3_2022-06-22,DISTRIBUTION,0,CSMG_RI;B3_ESPEC,0.0,613.52204486367,,,
BESST-10 BH,2022-06-24,02558115000121,TIMS3,4133.16118039718,4169.868781468094,CONT_2767_TIMS3_2022-06-24,DISTRIBUTION,0,https://api.mziq.com/mzfilemanager/v2/d/4c4aa51f-1235-4aa1-8b83-adc92e8dacc3/bc75af4c-8995-f1c7-4dd9-96c258fe802b?origin=2,0.0,461.41454546139727,,,
BESST-10 BH,2022-06-27,17155730000164,CMIG4,7643.434576134032,7758.564293162394,CMIG4_2022-06-27_DISTRIBUTION_655,DISTRIBUTION,0,https://api.mziq.com/mzfilemanager/v2/d/716a131f-9624-452c-9088-0cd6983c1349/a2eb9f5f-37e1-8913-c1eb-c4281b5e23b2?origin=2,0.0,1226.1314863520552,,,
BESST-10 BH,2022-07-01,02558157000162,VIVT3,1206.2465056999856,1213.5350495498592,CONT_2769_VIVT3_2022-07-01,DISTRIBUTION,0,https://api.mziq.com/mzfilemanager/v2/d/24165f81-24d6-4648-bf9f-66712905d5a2/34b95df5-e8c3-6d48-b667-42e740e0df5e?origin=2,0.0,346.57026006148976,,,
BESST-10 BH,2022-07-01,60872504000123,ITUB4,1917.4112288944364,1918.8922927101908,ITUB4_2022-07-01_DISTRIBUTION_165,DISTRIBUTION,0,cache/market.json.gz; SQLite corporate_actions/B3,0.0,33.8423081899868,,,
BESST-10 BH,2022-07-04,60746948000112,BBDC4,2816.92039867375,2820.0406862705413,BBDC4_2022-07-04_DISTRIBUTION_557,DISTRIBUTION,0,https://www.bradescori.com.br/informacoes-ao-mercado/remuneracao-aos-acionistas/,0.0,53.45052653303825,,,
BESST-10 BH,2022-08-01,60872504000123,ITUB4,1945.8192530221645,1947.2825555281654,ITUB4_2022-08-01_DISTRIBUTION_164,DISTRIBUTION,0,cache/market.json.gz; SQLite corporate_actions/B3,0.0,34.3437098158412,,,
BESST-10 BH,2022-08-02,60746948000112,BBDC4,2850.513017942031,2853.574021907366,BBDC4_2022-08-02_DISTRIBUTION_558,DISTRIBUTION,0,https://www.bradescori.com.br/informacoes-ao-mercado/remuneracao-aos-acionistas/,0.0,54.08794006746361,,,
BESST-10 BH,2022-08-17,02474103000119,TBLE3,1375.708889489221,1398.516746042945,TBLE3_2022-08-17_DISTRIBUTION_345,DISTRIBUTION,0,cache/market.json.gz; SQLite corporate_actions/B3,0.0,974.3516319750901,,,
BESST-10 BH,2022-08-18,17344597000194,BBSE3,2274.9928223486795,2357.2039791269713,CONT_2555_BBSE3_2022-08-18,DISTRIBUTION,0,BBSE_DIV,0.0,2356.993864833625,,,
BESST-10 BH,2022-08-19,60872504000123,ITUB4,1966.6564956497118,1989.2833806315675,ITUB4_2022-08-19_DISTRIBUTION_163,DISTRIBUTION,0,cache/market.json.gz; SQLite corporate_actions/B3,0.0,602.7802159166366,,,
BESST-10 BH,2022-08-31,02149205000169,PSSA3,2525.610997824866,2600.183388222234,CONT_2770_PSSA3_2022-08-31,DISTRIBUTION,0,https://api.mziq.com/mzfilemanager/v2/d/b77a3922-d280-4451-b3ee-0afec4577834/4283e85d-e75d-f77c-2344-92e1a5e53405?origin=2;https://api.mziq.com/mzfilemanager/v2/d/b77a3922-d280-4451-b3ee-0afec4577834/7c50ca38-1ebc-6181-44f4-b4691917af27?origin=2;https://api.mziq.com/mzfilemanager/v2/d/b77a3922-d280-4451-b3ee-0afec4577834/41d3f69d-2eaf-9718-f70f-a7a11423b31a?origin=2,0.0,1574.2231612884361,,,
BESST-10 BH,2022-09-01,02558157000162,VIVT3,1217.773953342193,1223.079211479058,CONT_2771_VIVT3_2022-09-01,DISTRIBUTION,0,https://api.mziq.com/mzfilemanager/v2/d/24165f81-24d6-4648-bf9f-66712905d5a2/34b95df5-e8c3-6d48-b667-42e740e0df5e?origin=2,0.0,218.89495072704418,,,
BESST-10 BH,2022-09-01,60872504000123,ITUB4,1989.2833806315675,1990.6240011610882,ITUB4_2022-09-01_DISTRIBUTION_162,DISTRIBUTION,0,cache/market.json.gz; SQLite corporate_actions/B3,0.0,35.11085166814716,,,
BESST-10 BH,2022-09-02,60746948000112,BBDC4,2873.471024156706,2876.2946162773897,BBDC4_2022-09-02_DISTRIBUTION_559,DISTRIBUTION,0,https://www.bradescori.com.br/informacoes-ao-mercado/remuneracao-aos-acionistas/,0.0,54.523563850407875,,,
BESST-10 BH,2022-09-21,17281106000103,CSMG3,4477.069738584339,4527.754110301017,CONT_2455_CSMG3_2022-09-21,DISTRIBUTION,0,CSMG_RI_V4,0.0,693.362205084162,,,
BESST-10 BH,2022-09-22,02558115000121,TIMS3,4257.437591507374,4326.352967351966,CONT_2772_TIMS3_2022-09-22;CONT_2773_TIMS3_2022-09-22,DISTRIBUTION,0,https://api.mziq.com/mzfilemanager/v2/d/4c4aa51f-1235-4aa1-8b83-adc92e8dacc3/e8292dc6-6925-d665-bf16-5f2fa1b5dd91?origin=2;https://api.mziq.com/mzfilemanager/v2/d/4c4aa51f-1235-4aa1-8b83-adc92e8dacc3/e8292dc6-6925-d665-bf16-5f2fa1b5dd91?origin=2;https://api.mziq.com/mzfilemanager/v2/d/4c4aa51f-1235-4aa1-8b83-adc92e8dacc3/cb7f9c33-0c95-4504-aef8-f40895087360?origin=2,0.0,844.2133540962525,,,
BESST-10 BH,2022-09-26,17155730000164,CMIG4,7758.564293162394,7907.401114100488,CMIG4_2022-09-26_DISTRIBUTION_656,DISTRIBUTION,0,https://api.mziq.com/mzfilemanager/v2/d/716a131f-9624-452c-9088-0cd6983c1349/a2eb9f5f-37e1-8913-c1eb-c4281b5e23b2?origin=2,0.0,1662.5072898785045,,,
BESST-10 BH,2022-10-03,60872504000123,ITUB4,2001.632202922664,2002.8197258934736,ITUB4_2022-10-03_DISTRIBUTION_161,DISTRIBUTION,0,cache/market.json.gz; SQLite corporate_actions/B3,0.0,35.32880838158502,,,
BESST-10 BH,2022-10-04,60746948000112,BBDC4,2887.007111705747,2889.593533260339,BBDC4_2022-10-04_DISTRIBUTION_560,DISTRIBUTION,0,https://www.bradescori.com.br/informacoes-ao-mercado/remuneracao-aos-acionistas/,0.0,54.780408526258206,,,
BESST-10 BH,2022-11-01,02149205000169,PSSA3,2623.156849312367,2632.9918453565374,CONT_2774_PSSA3_2022-11-01,DISTRIBUTION,0,https://api.mziq.com/mzfilemanager/v2/d/b77a3922-d280-4451-b3ee-0afec4577834/93c93bbe-d850-f472-be6b-d36e031cbee7?origin=2;https://api.mziq.com/mzfilemanager/v2/d/b77a3922-d280-4451-b3ee-0afec4577834/41d3f69d-2eaf-9718-f70f-a7a11423b31a?origin=2;https://api.mziq.com/mzfilemanager/v2/d/b77a3922-d280-4451-b3ee-0afec4577834/478c2702-5245-8bef-9e67-f34653abeda5?origin=2,0.0,230.2372573940277,,,
BESST-10 BH,2022-11-01,60872504000123,ITUB4,2005.359182180729,2006.5211844645598,ITUB4_2022-11-01_DISTRIBUTION_160,DISTRIBUTION,0,cache/market.json.gz; SQLite corporate_actions/B3,0.0,35.394589565489866,,,
BESST-10 BH,2022-11-03,60746948000112,BBDC4,2912.314323682921,2915.1323047150395,BBDC4_2022-11-03_DISTRIBUTION_561,DISTRIBUTION,0,https://www.bradescori.com.br/informacoes-ao-mercado/remuneracao-aos-acionistas/,0.0,55.2606080398476,,,
BESST-10 BH,2022-11-22,02474103000119,TBLE3,1427.4135610075507,1448.2121189781044,TBLE3_2022-11-22_DISTRIBUTION_344,DISTRIBUTION,0,cache/market.json.gz; SQLite corporate_actions/B3,0.0,827.1586504889174,,,
BESST-10 BH,2022-12-01,60872504000123,ITUB4,2009.0642077753666,2010.4291032052063,ITUB4_2022-12-01_DISTRIBUTION_159,DISTRIBUTION,0,cache/market.json.gz; SQLite corporate_actions/B3,0.0,35.459983267235216,,,
BESST-10 BH,2022-12-02,60746948000112,BBDC4,2968.871241596138,2972.536418223001,BBDC4_2022-12-02_DISTRIBUTION_562,DISTRIBUTION,0,https://www.bradescori.com.br/informacoes-ao-mercado/remuneracao-aos-acionistas/,0.0,56.333764754879574,,,
BESST-10 BH,2022-12-09,60872504000123,ITUB4,2024.640785724336,2065.0986507964058,ITUB4_2022-12-09_DISTRIBUTION_158,DISTRIBUTION,0,cache/market.json.gz; SQLite corporate_actions/B3,0.0,984.3398572034577,,,
BESST-10 BH,2022-12-22,02558115000121,TIMS3,4418.44170722721,4486.069413511746,CONT_2775_TIMS3_2022-12-22,DISTRIBUTION,0,https://api.mziq.com/mzfilemanager/v2/d/4c4aa51f-1235-4aa1-8b83-adc92e8dacc3/cb7f9c33-0c95-4504-aef8-f40895087360?origin=2,0.0,830.4682331740988,,,
BESST-10 BH,2022-12-22,17155730000164,CMIG4,7907.401114100488,8037.971849509997,CMIG4_2022-12-22_DISTRIBUTION_657,DISTRIBUTION,0,https://api.mziq.com/mzfilemanager/v2/d/716a131f-9624-452c-9088-0cd6983c1349/a2eb9f5f-37e1-8913-c1eb-c4281b5e23b2?origin=2,0.0,1432.3609674423133,,,
BESST-10 BH,2022-12-23,02474103000119,TBLE3,1454.9773481445784,1464.3405321122632,TBLE3_2022-12-23_DISTRIBUTION_343,DISTRIBUTION,0,cache/market.json.gz; SQLite corporate_actions/B3,0.0,356.64367732911325,,,
BESST-10 BH,2022-12-28,17155730000164,CMIG4,8037.971849509997,8206.552435404725,CMIG4_2022-12-28_DISTRIBUTION_658,DISTRIBUTION,0,https://api.mziq.com/mzfilemanager/v2/d/716a131f-9624-452c-9088-0cd6983c1349/a2eb9f5f-37e1-8913-c1eb-c4281b5e23b2?origin=2,0.0,1883.0451444441126,,,
BESST-10 BH,2023-01-02,02558157000162,VIVT3,1289.5536250508544,1326.0865007791429,CONT_2777_VIVT3_2023-01-02;CONT_2778_VIVT3_2023-01-02,DISTRIBUTION,0,https://api.mziq.com/mzfilemanager/v2/d/24165f81-24d6-4648-bf9f-66712905d5a2/34b95df5-e8c3-6d48-b667-42e740e0df5e?origin=2,0.0,1329.431347752416,,,
BESST-10 BH,2023-01-02,60872504000123,ITUB4,2065.0986507964058,2066.586972200512,ITUB4_2023-01-02_DISTRIBUTION_157,DISTRIBUTION,0,cache/market.json.gz; SQLite corporate_actions/B3,0.0,36.44899118655656,,,
BESST-10 BH,2023-01-03,60746948000112,BBDC4,3024.164184472187,3028.262965742544,BBDC4_2023-01-03_DISTRIBUTION_535,DISTRIBUTION,0,https://www.bradescori.com.br/informacoes-ao-mercado/remuneracao-aos-acionistas/,0.0,57.382937785000514,,,
BESST-10 BH,2023-01-09,60746948000112,BBDC4,3028.262965742544,3149.602654357126,BBDC4_2023-01-09_DISTRIBUTION_563,DISTRIBUTION,0,https://www.bradescori.com.br/informacoes-ao-mercado/remuneracao-aos-acionistas/,0.0,1766.7058662283162,,,
BESST-10 BH,2023-02-01,60872504000123,ITUB4,2081.310216658184,2082.780798136327,ITUB4_2023-02-01_DISTRIBUTION_156,DISTRIBUTION,0,cache/market.json.gz; SQLite corporate_actions/B3,0.0,36.73512532401694,,,
BESST-10 BH,2023-02-02,60746948000112,BBDC4,3211.6537569156435,3216.0253865147542,BBDC4_2023-02-02_DISTRIBUTION_536,DISTRIBUTION,0,https://www.bradescori.com.br/informacoes-ao-mercado/remuneracao-aos-acionistas/,0.0,60.94051661160676,,,
BESST-10 BH,2023-02-15,17344597000194,BBSE3,2358.9919556514697,2483.211962405032,CONT_2554_BBSE3_2023-02-15,DISTRIBUTION,0,BBSE_DIV,0.0,4340.247035969462,,,
BESST-10 BH,2023-03-01,02558157000162,VIVT3,1350.8924749019773,1353.1105176635829,CONT_2779_VIVT3_2023-03-01,DISTRIBUTION,0,https://api.mziq.com/mzfilemanager/v2/d/24165f81-24d6-4648-bf9f-66712905d5a2/34b95df5-e8c3-6d48-b667-42e740e0df5e?origin=2,0.0,86.14878086075771,,,
BESST-10 BH,2023-03-01,60872504000123,ITUB4,2097.861451630474,2099.342541815325,ITUB4_2023-03-01_DISTRIBUTION_155,DISTRIBUTION,0,cache/market.json.gz; SQLite corporate_actions/B3,0.0,37.02725462127787,,,
BESST-10 BH,2023-03-02,60746948000112,BBDC4,3290.540387924022,3295.4221217291547,BBDC4_2023-03-02_DISTRIBUTION_537,DISTRIBUTION,0,https://www.bradescori.com.br/informacoes-ao-mercado/remuneracao-aos-acionistas/,0.0,62.43737536764422,,,
BESST-10 BH,2023-03-23,17281106000103,CSMG3,4527.754110301017,4824.470462330247,CONT_2456_CSMG3_2023-03-23;CONT_2457_CSMG3_2023-03-23,DISTRIBUTION,0,CSMG_RI_V4,0.0,4501.187060283415,,,
BESST-10 BH,2023-03-24,60872504000123,ITUB4,2115.296642152569,2139.1643303629035,ITUB4_2023-03-24_DISTRIBUTION_154,DISTRIBUTION,0,cache/market.json.gz; SQLite corporate_actions/B3,0.0,554.2077202439731,,,
BESST-10 BH,2023-03-28,17155730000164,CMIG4,8206.552435404725,8278.860127532414,CMIG4_2023-03-28_DISTRIBUTION_392,DISTRIBUTION,0,cache/market.json.gz; SQLite corporate_actions/B3,0.0,791.0461518769176,,,
BESST-10 BH,2023-04-03,02558157000162,VIVT3,1365.7519449008742,1372.004808309099,CONT_2780_VIVT3_2023-04-03,DISTRIBUTION,0,https://api.mziq.com/mzfilemanager/v2/d/24165f81-24d6-4648-bf9f-66712905d5a2/34b95df5-e8c3-6d48-b667-42e740e0df5e?origin=2,0.0,238.35915312153162,,,
BESST-10 BH,2023-04-03,60872504000123,ITUB4,2139.1643303629035,2140.735543447835,ITUB4_2023-04-03_DISTRIBUTION_153,DISTRIBUTION,0,cache/market.json.gz; SQLite corporate_actions/B3,0.0,37.75625043090525,,,
BESST-10 BH,2023-04-04,60746948000112,BBDC4,3363.2934510698815,3368.161326801766,BBDC4_2023-04-04_DISTRIBUTION_538,DISTRIBUTION,0,https://www.bradescori.com.br/informacoes-ao-mercado/remuneracao-aos-acionistas/,0.0,63.81785084500184,,,
BESST-10 BH,2023-04-11,02558115000121,TIMS3,4606.658384544576,4694.487073986107,CONT_2781_TIMS3_2023-04-11,DISTRIBUTION,0,https://api.mziq.com/mzfilemanager/v2/d/4c4aa51f-1235-4aa1-8b83-adc92e8dacc3/65baccdd-ad03-3938-5dcf-db9a05043e8c?origin=2,0.0,1141.7729627399058,,,
BESST-10 BH,2023-04-14,02558157000162,VIVT3,1383.7892640618877,1400.8141899747134,CONT_2782_VIVT3_2023-04-14,DISTRIBUTION,0,https://api.mziq.com/mzfilemanager/v2/d/24165f81-24d6-4648-bf9f-66712905d5a2/34b95df5-e8c3-6d48-b667-42e740e0df5e?origin=2,0.0,688.4880039146682,,,
BESST-10 BH,2023-04-26,02558115000121,TIMS3,4694.487073986107,4726.598251745326,CONT_2783_TIMS3_2023-04-26,DISTRIBUTION,0,https://api.mziq.com/mzfilemanager/v2/d/4c4aa51f-1235-4aa1-8b83-adc92e8dacc3/1bb47dfa-27fa-b744-32bc-1c8d88460d5e?origin=2,0.0,446.0242590755505,,,
BESST-10 BH,2023-04-28,17155730000164,CMIG4,8278.860127532414,8316.758490133305,CMIG4_2023-04-28_DISTRIBUTION_391,DISTRIBUTION,0,cache/market.json.gz; SQLite corporate_actions/B3,0.0,468.04477812099054,,,
BESST-10 BH,2023-05-02,43776517000180,SBSP3,1337.410999149653,1375.7773758338922,CONT_2438_SBSP3_2023-05-02,DISTRIBUTION,0,SBSP_2021;SBSP_2022;SBSP_2023;SBSP_2024,0.0,1706.5364349149572,,,
BESST-10 BH,2023-05-02,60872504000123,ITUB4,2158.5500791764475,2160.080135758675,ITUB4_2023-05-02_DISTRIBUTION_152,DISTRIBUTION,0,cache/market.json.gz; SQLite corporate_actions/B3,0.0,38.098408897464296,,,
BESST-10 BH,2023-05-03,60746948000112,BBDC4,3431.002343549891,3435.7370791242483,BBDC4_2023-05-03_DISTRIBUTION_539,DISTRIBUTION,0,https://www.bradescori.com.br/informacoes-ao-mercado/remuneracao-aos-acionistas/,0.0,65.10261414741156,,,
BESST-10 BH,2023-05-09,02474103000119,TBLE3,1500.0988092037983,1563.0479227248375,TBLE3_2023-05-09_DISTRIBUTION_342,DISTRIBUTION,0,cache/market.json.gz; SQLite corporate_actions/B3,0.0,2675.3373246441643,,,
BESST-10 BH,2023-06-01,02558157000162,VIVT3,1411.0446350972488,1417.7513323974827,CONT_2784_VIVT3_2023-06-01,DISTRIBUTION,0,https://api.mziq.com/mzfilemanager/v2/d/24165f81-24d6-4648-bf9f-66712905d5a2/34b95df5-e8c3-6d48-b667-42e740e0df5e?origin=2,0.0,272.02364249748257,,,
BESST-10 BH,2023-06-01,60872504000123,ITUB4,2178.6308746367936,2180.071055720589,ITUB4_2023-06-01_DISTRIBUTION_151,DISTRIBUTION,0,cache/market.json.gz; SQLite corporate_actions/B3,0.0,38.452834937339404,,,
BESST-10 BH,2023-06-02,60746948000112,BBDC4,3480.930819730833,3485.0486499955837,BBDC4_2023-06-02_DISTRIBUTION_540,DISTRIBUTION,0,https://www.bradescori.com.br/informacoes-ao-mercado/remuneracao-aos-acionistas/,0.0,66.04999744660599,,,
BESST-10 BH,2023-06-20,60872504000123,ITUB4,2194.837401597931,2215.1602527817117,ITUB4_2023-06-20_DISTRIBUTION_150,DISTRIBUTION,0,cache/market.json.gz; SQLite corporate_actions/B3,0.0,584.485200045529,,,
BESST-10 BH,2023-06-22,17281106000103,CSMG3,4824.470462330247,4904.740228942872,CONT_2458_CSMG3_2023-06-22,DISTRIBUTION,0,CSMG_RI_V4,0.0,1635.095145899178,,,
BESST-10 BH,2023-06-23,02558115000121,TIMS3,4746.511410694414,4785.6449752821845,CONT_2785_TIMS3_2023-06-23,DISTRIBUTION,0,https://api.mziq.com/mzfilemanager/v2/d/4c4aa51f-1235-4aa1-8b83-adc92e8dacc3/f9bfbb53-bd62-8696-5738-d8d4278047c5?origin=2;https://api.mziq.com/mzfilemanager/v2/d/4c4aa51f-1235-4aa1-8b83-adc92e8dacc3/83680557-8387-d00f-24f1-bfd20a1effa5?origin=2,0.0,568.6106934603084,,,
BESST-10 BH,2023-06-26,17155730000164,CMIG4,8316.758490133305,8380.551253444253,CMIG4_2023-06-26_DISTRIBUTION_390,DISTRIBUTION,0,cache/market.json.gz; SQLite corporate_actions/B3,0.0,806.3405282503985,,,
BESST-10 BH,2023-06-27,60746948000112,BBDC4,3485.0486499955837,3526.9665173212575,BBDC4_2023-06-27_DISTRIBUTION_541,DISTRIBUTION,0,https://www.bradescori.com.br/informacoes-ao-mercado/remuneracao-aos-acionistas/,0.0,686.1954881212831,,,
BESST-10 BH,2023-06-30,02149205000169,PSSA3,2676.1237979026996,2732.2166480420196,CONT_2786_PSSA3_2023-06-30,DISTRIBUTION,0,https://api.mziq.com/mzfilemanager/v2/d/b77a3922-d280-4451-b3ee-0afec4577834/48f3e545-5f5b-0f87-1454-e0d6df50b7a5?origin=2;https://api.mziq.com/mzfilemanager/v2/d/b77a3922-d280-4451-b3ee-0afec4577834/3ada0e5c-8000-0a0c-803a-056115098836?origin=2,0.0,1577.3309459176794,,,
BESST-10 BH,2023-07-03,60872504000123,ITUB4,2215.1602527817117,2216.5103072866013,ITUB4_2023-07-03_DISTRIBUTION_149,DISTRIBUTION,0,cache/market.json.gz; SQLite corporate_actions/B3,0.0,39.09757846159721,,,
BESST-10 BH,2023-07-04,60746948000112,BBDC4,3574.5089507854545,3578.609653603468,BBDC4_2023-07-04_DISTRIBUTION_542,DISTRIBUTION,0,https://www.bradescori.com.br/informacoes-ao-mercado/remuneracao-aos-acionistas/,0.0,67.8256246099444,,,
BESST-10 BH,2023-08-01,02558157000162,VIVT3,1446.798891338506,1455.1336323025428,CONT_2788_VIVT3_2023-08-01,DISTRIBUTION,0,https://api.mziq.com/mzfilemanager/v2/d/24165f81-24d6-4648-bf9f-66712905d5a2/34b95df5-e8c3-6d48-b667-42e740e0df5e?origin=2,0.0,353.3930168751536,,,
BESST-10 BH,2023-08-01,60872504000123,ITUB4,2229.1426242237935,2230.51303060894,ITUB4_2023-08-01_DISTRIBUTION_148,DISTRIBUTION,0,cache/market.json.gz; SQLite corporate_actions/B3,0.0,39.34436731754995,,,
BESST-10 BH,2023-08-02,60746948000112,BBDC4,3627.544659575627,3631.6737517804513,BBDC4_2023-08-02_DISTRIBUTION_543,DISTRIBUTION,0,https://www.bradescori.com.br/informacoes-ao-mercado/remuneracao-aos-acionistas/,0.0,68.83196705441755,,,
BESST-10 BH,2023-08-17,17344597000194,BBSE3,2483.211962405032,2617.8074727259113,CONT_2553_BBSE3_2023-08-17,DISTRIBUTION,0,BBSE_DIV,0.0,3992.1028361172794,,,
BESST-10 BH,2023-08-22,02474103000119,TBLE3,1581.1353177241842,1617.1767241598604,TBLE3_2023-08-22_DISTRIBUTION_341,DISTRIBUTION,0,cache/market.json.gz; SQLite corporate_actions/B3,0.0,1486.7080154716466,,,
BESST-10 BH,2023-09-01,02558157000162,VIVT3,1470.542396987918,1476.186429134272,CONT_2789_VIVT3_2023-09-01,DISTRIBUTION,0,https://api.mziq.com/mzfilemanager/v2/d/24165f81-24d6-4648-bf9f-66712905d5a2/34b95df5-e8c3-6d48-b667-42e740e0df5e?origin=2,0.0,235.24325986003782,,,
BESST-10 BH,2023-09-01,60872504000123,ITUB4,2241.994114506964,2243.4252608404554,ITUB4_2023-09-01_DISTRIBUTION_147,DISTRIBUTION,0,cache/market.json.gz; SQLite corporate_actions/B3,0.0,39.57119612104791,,,
BESST-10 BH,2023-09-04,60746948000112,BBDC4,3690.490185617736,3695.1899404089086,BBDC4_2023-09-04_DISTRIBUTION_544,DISTRIBUTION,0,https://www.bradescori.com.br/informacoes-ao-mercado/remuneracao-aos-acionistas/,0.0,70.02634638847108,,,
BESST-10 BH,2023-09-11,60872504000123,XPBR31,40.67865114786711,41.6286695244479,XPBR31_2023-09-11_DISTRIBUTION_687,DISTRIBUTION,0,https://api.mziq.com/mzfilemanager/v2/d/d1820734-8b3f-4a23-8642-331a3a8561a6/974f8122-1809-7583-6d0a-c5e21b2004b8?origin=1,0.0,116.47225296880524,,,
BESST-10 BH,2023-09-19,60872504000123,ITUB4,2255.642711633461,2278.008123350799,ITUB4_2023-09-19_DISTRIBUTION_146,DISTRIBUTION,0,cache/market.json.gz; SQLite corporate_actions/B3,0.0,607.4445822428911,,,
BESST-10 BH,2023-09-22,02558115000121,TIMS3,4845.994755906797,4902.416651319207,CONT_2790_TIMS3_2023-09-22,DISTRIBUTION,0,https://api.mziq.com/mzfilemanager/v2/d/4c4aa51f-1235-4aa1-8b83-adc92e8dacc3/d33fa338-50a0-bacd-2e30-a8d3cd8573cf?origin=2,0.0,850.8421828191357,,,
BESST-10 BH,2023-09-22,17281106000103,CSMG3,4904.740228942872,4999.472279351756,CONT_2459_CSMG3_2023-09-22,DISTRIBUTION,0,CSMG_RI_V4,0.0,1648.337677114587,,,
BESST-10 BH,2023-09-25,02558157000162,VIVT3,1489.3355117185035,1493.4221258177638,CONT_2791_VIVT3_2023-09-25,DISTRIBUTION,0,https://api.mziq.com/mzfilemanager/v2/d/24165f81-24d6-4648-bf9f-66712905d5a2/34b95df5-e8c3-6d48-b667-42e740e0df5e?origin=2,0.0,179.81102036745196,,,
BESST-10 BH,2023-09-26,17155730000164,CMIG4,8380.551253444253,8444.326340469039,CMIG4_2023-09-26_DISTRIBUTION_389,DISTRIBUTION,0,cache/market.json.gz; SQLite corporate_actions/B3,0.0,795.9130860693165,,,
BESST-10 BH,2023-09-29,02149205000169,PSSA3,2730.597847559897,2760.8940867450874,CONT_2792_PSSA3_2023-09-29,DISTRIBUTION,0,https://api.mziq.com/mzfilemanager/v2/d/b77a3922-d280-4451-b3ee-0afec4577834/278b0bbf-318b-7e48-5e64-4da0386b1ef5?origin=2;https://api.mziq.com/mzfilemanager/v2/d/b77a3922-d280-4451-b3ee-0afec4577834/3ada0e5c-8000-0a0c-803a-056115098836?origin=2,0.0,796.4881281786473,,,
BESST-10 BH,2023-10-02,60872504000123,ITUB4,2278.008123350799,2279.5005822734843,ITUB4_2023-10-02_DISTRIBUTION_145,DISTRIBUTION,0,cache/market.json.gz; SQLite corporate_actions/B3,0.0,40.2068433771416,,,
BESST-10 BH,2023-10-03,60746948000112,BBDC4,3767.1475249033406,3772.28633904855,BBDC4_2023-10-03_DISTRIBUTION_545,DISTRIBUTION,0,https://www.bradescori.com.br/informacoes-ao-mercado/remuneracao-aos-acionistas/,0.0,71.48090475986362,,,
BESST-10 BH,2023-10-24,02558157000162,VIVT3,1502.9581754975857,1505.9291572993343,CONT_2793_VIVT3_2023-10-24,DISTRIBUTION,0,https://api.mziq.com/mzfilemanager/v2/d/24165f81-24d6-4648-bf9f-66712905d5a2/34b95df5-e8c3-6d48-b667-42e740e0df5e?origin=2,0.0,136.13038615612163,,,
BESST-10 BH,2023-11-01,60872504000123,ITUB4,2294.447539963791,2295.9374957798454,ITUB4_2023-11-01_DISTRIBUTION_144,DISTRIBUTION,0,cache/market.json.gz; SQLite corporate_actions/B3,0.0,40.49699908036091,,,
BESST-10 BH,2023-11-03,60746948000112,BBDC4,3850.0166021109358,3854.962663700095,BBDC4_2023-11-03_DISTRIBUTION_546,DISTRIBUTION,0,https://www.bradescori.com.br/informacoes-ao-mercado/remuneracao-aos-acionistas/,0.0,73.053329671884,,,
BESST-10 BH,2023-12-01,60872504000123,ITUB4,2312.5034907092154,2313.799226792105,ITUB4_2023-12-01_DISTRIBUTION_143,DISTRIBUTION,0,cache/market.json.gz; SQLite corporate_actions/B3,0.0,40.81568661101765,,,
BESST-10 BH,2023-12-04,60746948000112,BBDC4,3925.211886656736,3929.815109514205,BBDC4_2023-12-04_DISTRIBUTION_547,DISTRIBUTION,0,https://www.bradescori.com.br/informacoes-ao-mercado/remuneracao-aos-acionistas/,0.0,74.4801458338412,,,
BESST-10 BH,2023-12-07,60872504000123,ITUB4,2322.336231869811,2340.494815360244,ITUB4_2023-12-07_DISTRIBUTION_142,DISTRIBUTION,0,cache/market.json.gz; SQLite corporate_actions/B3,0.0,574.174409967492,,,
BESST-10 BH,2023-12-12,60872504000123,XPBR31,41.6286695244479,42.967037549172716,XPBR31_2023-12-12_DISTRIBUTION_688,DISTRIBUTION,0,https://api.mziq.com/mzfilemanager/v2/d/d1820734-8b3f-4a23-8642-331a3a8561a6/bcf8391a-ada6-8146-717d-479c39aa4bd9?origin=1,0.0,150.3522638975857,,,
BESST-10 BH,2023-12-14,17281106000103,CSMG3,4999.472279351756,5246.008755876312,CONT_2460_CSMG3_2023-12-14,DISTRIBUTION,0,CSMG_RI_V4,0.0,4911.006612369154,,,
BESST-10 BH,2023-12-22,02474103000119,TBLE3,1660.16765956119,1666.7871661537772,TBLE3_2023-12-22_DISTRIBUTION_340,DISTRIBUTION,0,cache/market.json.gz; SQLite corporate_actions/B3,0.0,295.0314088316067,,,
BESST-10 BH,2023-12-22,02558115000121,TIMS3,4901.4538225739825,4975.590482910484,CONT_2794_TIMS3_2023-12-22,DISTRIBUTION,0,https://api.mziq.com/mzfilemanager/v2/d/4c4aa51f-1235-4aa1-8b83-adc92e8dacc3/91b24dc2-38fd-230c-4323-946e884a2ae0?origin=2,0.0,1326.3048534200032,,,
BESST-10 BH,2023-12-22,17155730000164,CMIG4,8444.326340469039,8674.808435607461,CMIG4_2023-12-22_DISTRIBUTION_388,DISTRIBUTION,0,cache/market.json.gz; SQLite corporate_actions/B3,0.0,2537.6078674740393,,,
BESST-10 BH,2023-12-22,17281106000103,CSMG3,5246.008755876312,5307.711789990959,CONT_2461_CSMG3_2023-12-22,DISTRIBUTION,0,CSMG_RI_V4,0.0,1267.38032071486,,,
BESST-10 BH,2023-12-22,60746948000112,BBDC4,3929.815109514205,4090.6835898625245,BBDC4_2023-12-22_DISTRIBUTION_548;BBDC4_2023-12-22_DISTRIBUTION_549,DISTRIBUTION,0,https://www.bradescori.com.br/informacoes-ao-mercado/remuneracao-aos-acionistas/,0.0,2707.4165242622216,,,
BESST-10 BH,2023-12-27,02558157000162,VIVT3,1513.4150265629978,1527.899935211749,CONT_2795_VIVT3_2023-12-27,DISTRIBUTION,0,https://api.mziq.com/mzfilemanager/v2/d/24165f81-24d6-4648-bf9f-66712905d5a2/34b95df5-e8c3-6d48-b667-42e740e0df5e?origin=2,0.0,778.4189907838833,,,
BESST-10 BH,2023-12-28,02149205000169,PSSA3,2778.4766056124367,2829.7363758922397,CONT_2796_PSSA3_2023-12-28,DISTRIBUTION,0,https://api.mziq.com/mzfilemanager/v2/d/b77a3922-d280-4451-b3ee-0afec4577834/f7090ee5-156b-83e5-90db-4d562bf4c5da?origin=2,0.0,1473.2057978415341,,,
BESST-10 BH,2024-01-02,60872504000123,ITUB4,2340.494815360244,2341.7272059775205,ITUB4_2024-01-02_DISTRIBUTION_141,DISTRIBUTION,0,cache/market.json.gz; SQLite corporate_actions/B3,0.0,41.309733491108304,,,
BESST-10 BH,2024-01-03,60746948000112,BBDC4,4147.553046065338,4152.2514954305,BBDC4_2024-01-03_DISTRIBUTION_520,DISTRIBUTION,0,https://www.bradescori.com.br/informacoes-ao-mercado/remuneracao-aos-acionistas/,0.0,78.69902686645798,,,
BESST-10 BH,2024-02-01,60872504000123,ITUB4,2347.042500577054,2348.309716855279,ITUB4_2024-02-01_DISTRIBUTION_140,DISTRIBUTION,0,cache/market.json.gz; SQLite corporate_actions/B3,0.0,41.425300135185,,,
BESST-10 BH,2024-02-02,60746948000112,BBDC4,4209.890766512332,4215.104988000938,BBDC4_2024-02-02_DISTRIBUTION_521,DISTRIBUTION,0,https://www.bradescori.com.br/informacoes-ao-mercado/remuneracao-aos-acionistas/,0.0,79.8818732054351,,,
BESST-10 BH,2024-02-09,17344597000194,BBSE3,2620.5173591068706,2719.765802700987,CONT_2552_BBSE3_2024-02-09,DISTRIBUTION,0,BBSE_DIV,0.0,3254.3564654510837,,,
BESST-10 BH,2024-02-22,60872504000123,ITUB4,2354.350716339824,2431.895764633789,ITUB4_2024-02-22_DISTRIBUTION_139,DISTRIBUTION,0,cache/market.json.gz; SQLite corporate_actions/B3,0.0,2648.9388497218442,,,
BESST-10 BH,2024-03-01,60872504000123,ITUB4,2431.895764633789,2433.155610840005,ITUB4_2024-03-01_DISTRIBUTION_138,DISTRIBUTION,0,cache/market.json.gz; SQLite corporate_actions/B3,0.0,42.92296024578637,,,
BESST-10 BH,2024-03-04,60746948000112,BBDC4,4301.701283788436,4307.681061095025,BBDC4_2024-03-04_DISTRIBUTION_522,DISTRIBUTION,0,https://www.bradescori.com.br/informacoes-ao-mercado/remuneracao-aos-acionistas/,0.0,81.62396023494036,,,
BESST-10 BH,2024-03-22,60872504000123,ITUB4,2434.3016124046258,2451.757547454431,ITUB4_2024-03-22_DISTRIBUTION_137,DISTRIBUTION,0,cache/market.json.gz; SQLite corporate_actions/B3,0.0,588.6141298794385,,,
BESST-10 BH,2024-03-25,02558115000121,TIMS3,4964.469983860009,4987.363095309815,CONT_2798_TIMS3_2024-03-25,DISTRIBUTION,0,https://api.mziq.com/mzfilemanager/v2/d/4c4aa51f-1235-4aa1-8b83-adc92e8dacc3/c868d86f-70be-ac1e-09f4-aa649775ffce?origin=2;https://api.mziq.com/mzfilemanager/v2/d/4c4aa51f-1235-4aa1-8b83-adc92e8dacc3/faf16da3-dab4-e1dd-f656-258905eb9fb1?origin=2,0.0,410.2445571805337,,,
BESST-10 BH,2024-03-26,17281106000103,CSMG3,5307.711789990959,5525.902347511899,CONT_2462_CSMG3_2024-03-26;CONT_2463_CSMG3_2024-03-26;CONT_2464_CSMG3_2024-03-26,DISTRIBUTION,0,CSMG_RI_V4,0.0,4634.367441744767,,,
BESST-10 BH,2024-03-27,17155730000164,CMIG4,8674.808435607461,8735.24495466268,CMIG4_2024-03-27_DISTRIBUTION_387,DISTRIBUTION,0,cache/market.json.gz; SQLite corporate_actions/B3,0.0,761.5001400957407,,,
BESST-10 BH,2024-04-01,02149205000169,PSSA3,2860.023322826764,2896.4412650276327,CONT_2799_PSSA3_2024-04-01;CONT_2800_PSSA3_2024-04-01,DISTRIBUTION,0,https://api.mziq.com/mzfilemanager/v2/d/b77a3922-d280-4451-b3ee-0afec4577834/595d4d3e-f1bf-31d5-9d2d-53b9f100a5b7?origin=2;https://api.mziq.com/mzfilemanager/v2/d/b77a3922-d280-4451-b3ee-0afec4577834/a730da5f-6984-07cc-1fac-1fab6adcd8e6?origin=2;https://api.mziq.com/mzfilemanager/v2/d/b77a3922-d280-4451-b3ee-0afec4577834/c51162ba-772b-3276-e991-5239fc18f0bc?origin=2;https://api.mziq.com/mzfilemanager/v2/d/b77a3922-d280-4451-b3ee-0afec4577834/ba54f038-ceec-de5f-c468-8a33b22d345a?origin=2;https://api.mziq.com/mzfilemanager/v2/d/b77a3922-d280-4451-b3ee-0afec4577834/b5cca7ab-60ac-611f-1138-e8ff6eeaf480?origin=2;https://api.mziq.com/mzfilemanager/v2/d/b77a3922-d280-4451-b3ee-0afec4577834/12d0f45e-e5c8-5f7a-dbc5-3e171187dab9?origin=2,0.0,1123.8576963188145,,,
BESST-10 BH,2024-04-01,02558157000162,VIVT3,1541.8185378548328,1547.3271447087045,CONT_2801_VIVT3_2024-04-01,DISTRIBUTION,0,https://api.mziq.com/mzfilemanager/v2/d/24165f81-24d6-4648-bf9f-66712905d5a2/34b95df5-e8c3-6d48-b667-42e740e0df5e?origin=2,0.0,279.8923142452267,,,
BESST-10 BH,2024-04-01,60872504000123,ITUB4,2451.757547454431,2453.0516120690413,ITUB4_2024-04-01_DISTRIBUTION_136,DISTRIBUTION,0,cache/market.json.gz; SQLite corporate_actions/B3,0.0,43.27352071257071,,,
BESST-10 BH,2024-04-02,60746948000112,BBDC4,4378.535802718526,4384.390762588592,BBDC4_2024-04-02_DISTRIBUTION_523,DISTRIBUTION,0,https://www.bradescori.com.br/informacoes-ao-mercado/remuneracao-aos-acionistas/,0.0,83.08188055624571,,,
BESST-10 BH,2024-04-10,02558115000121,TIMS3,4988.063061060349,5139.82652359495,CONT_2802_TIMS3_2024-04-10;CONT_2803_TIMS3_2024-04-10;CONT_2804_TIMS3_2024-04-10,DISTRIBUTION,0,https://api.mziq.com/mzfilemanager/v2/d/4c4aa51f-1235-4aa1-8b83-adc92e8dacc3/1c513fe5-4ad4-c0cd-56b1-b8cf5e09401c?origin=2;https://api.mziq.com/mzfilemanager/v2/d/4c4aa51f-1235-4aa1-8b83-adc92e8dacc3/1c513fe5-4ad4-c0cd-56b1-b8cf5e09401c?origin=2;https://api.mziq.com/mzfilemanager/v2/d/4c4aa51f-1235-4aa1-8b83-adc92e8dacc3/56b8f088-3226-1f4d-1e20-01d4c3f66c49?origin=2,0.0,2699.8719984905474,,,
BESST-10 BH,2024-04-11,02558157000162,VIVT3,1554.6156517203083,1583.1915350818063,CONT_2805_VIVT3_2024-04-11,DISTRIBUTION,0,https://api.mziq.com/mzfilemanager/v2/d/24165f81-24d6-4648-bf9f-66712905d5a2/34b95df5-e8c3-6d48-b667-42e740e0df5e?origin=2,0.0,1411.077120390769,,,
BESST-10 BH,2024-04-26,43776517000180,SBSP3,1382.1794072564767,1406.3700660439886,CONT_2439_SBSP3_2024-04-26,DISTRIBUTION,0,SBSP_2021;SBSP_2022;SBSP_2023;SBSP_2024,0.0,1990.891218212229,,,
BESST-10 BH,2024-04-29,17281106000103,CSMG3,5525.902347511899,5736.498315165048,CONT_2465_CSMG3_2024-04-29,DISTRIBUTION,0,CSMG_RI_V4,0.0,4371.9722884793655,,,
BESST-10 BH,2024-04-30,02558157000162,VIVT3,1583.1915350818063,1590.88657459467,CONT_2806_VIVT3_2024-04-30,DISTRIBUTION,0,https://api.mziq.com/mzfilemanager/v2/d/24165f81-24d6-4648-bf9f-66712905d5a2/34b95df5-e8c3-6d48-b667-42e740e0df5e?origin=2,0.0,364.28317053897064,,,
BESST-10 BH,2024-04-30,17155730000164,CMIG4,8735.24495466268,11464.12323274385,CMIG4_2024-04-30_DISTRIBUTION_386;CMIG4_2024-04-30_SHARES_680,DISTRIBUTION;SHARES,0,cache/market.json.gz; SQLite corporate_actions/B3;https://api.mziq.com/mzfilemanager/v2/d/716a131f-9624-452c-9088-0cd6983c1349/a2eb9f5f-37e1-8913-c1eb-c4281b5e23b2?origin=2; owned_capital_events_fre.json; B3 2024-04-29,0.0,1058.1377914721354,,,
BESST-10 BH,2024-05-02,60872504000123,ITUB4,2456.4806966038186,2457.8441206382545,ITUB4_2024-05-02_DISTRIBUTION_135,DISTRIBUTION,0,cache/market.json.gz; SQLite corporate_actions/B3,0.0,43.3568842950574,,,
BESST-10 BH,2024-05-03,60746948000112,BBDC4,4455.9143540057,4462.050066907559,BBDC4_2024-05-03_DISTRIBUTION_524,DISTRIBUTION,0,https://www.bradescori.com.br/informacoes-ao-mercado/remuneracao-aos-acionistas/,0.0,84.55012378761654,,,
BESST-10 BH,2024-05-07,02474103000119,TBLE3,1752.5927591976235,1803.7805311494246,TBLE3_2024-05-07_DISTRIBUTION_339,DISTRIBUTION,0,cache/market.json.gz; SQLite corporate_actions/B3,0.0,2136.0657235486615,,,
BESST-10 BH,2024-06-03,60872504000123,ITUB4,2466.2341641877115,2467.618235189235,ITUB4_2024-06-03_DISTRIBUTION_134,DISTRIBUTION,0,cache/market.json.gz; SQLite corporate_actions/B3,0.0,43.529032997913106,,,
BESST-10 BH,2024-06-04,60746948000112,BBDC4,4545.938363009838,4552.65107212765,BBDC4_2024-06-04_DISTRIBUTION_525,DISTRIBUTION,0,https://www.bradescori.com.br/informacoes-ao-mercado/remuneracao-aos-acionistas/,0.0,86.25831216388434,,,
BESST-10 BH,2024-06-18,60746948000112,BBDC4,4552.65107212765,4697.9297294245125,BBDC4_2024-06-18_DISTRIBUTION_526,DISTRIBUTION,0,https://www.bradescori.com.br/informacoes-ao-mercado/remuneracao-aos-acionistas/,0.0,1798.5497773351588,,,
BESST-10 BH,2024-06-21,60872504000123,ITUB4,2474.5695016384852,2494.0524672881484,ITUB4_2024-06-21_DISTRIBUTION_133,DISTRIBUTION,0,cache/market.json.gz; SQLite corporate_actions/B3,0.0,621.1169449112598,,,
BESST-10 BH,2024-06-24,02558115000121,TIMS3,5154.759096158457,5195.236757462142,CONT_2807_TIMS3_2024-06-24,DISTRIBUTION,0,https://api.mziq.com/mzfilemanager/v2/d/4c4aa51f-1235-4aa1-8b83-adc92e8dacc3/a9b987e8-5f5b-af7e-b56d-4353e72d5c13?origin=2,0.0,639.5470485982258,,,
BESST-10 BH,2024-06-24,17155730000164,CMIG4,11464.12323274385,11545.96971054442,CMIG4_2024-06-24_DISTRIBUTION_385,DISTRIBUTION,0,cache/market.json.gz; SQLite corporate_actions/B3,0.0,861.024946461989,,,
BESST-10 BH,2024-06-26,17281106000103,CSMG3,5736.498315165048,5842.905524846653,CONT_2466_CSMG3_2024-06-26;CONT_2467_CSMG3_2024-06-26,DISTRIBUTION,0,CSMG_RI_V4,0.0,2206.8855287965,,,
BESST-10 BH,2024-06-27,02558157000162,VIVT3,1611.7226794167857,1615.4567616116308,CONT_2808_VIVT3_2024-06-27,DISTRIBUTION,0,https://api.mziq.com/mzfilemanager/v2/d/24165f81-24d6-4648-bf9f-66712905d5a2/34b95df5-e8c3-6d48-b667-42e740e0df5e?origin=2,0.0,171.20766863364486,,,
BESST-10 BH,2024-07-01,02149205000169,PSSA3,2900.099060552166,2930.378909318455,CONT_2809_PSSA3_2024-07-01,DISTRIBUTION,0,https://api.mziq.com/mzfilemanager/v2/d/b77a3922-d280-4451-b3ee-0afec4577834/e777cb3f-2ccb-ec02-431c-98d1c9239971?origin=2;https://api.mziq.com/mzfilemanager/v2/d/b77a3922-d280-4451-b3ee-0afec4577834/a730da5f-6984-07cc-1fac-1fab6adcd8e6?origin=2;https://api.mziq.com/mzfilemanager/v2/d/b77a3922-d280-4451-b3ee-0afec4577834/c51162ba-772b-3276-e991-5239fc18f0bc?origin=2,0.0,925.6549767854482,,,
BESST-10 BH,2024-07-01,60872504000123,ITUB4,2494.0524672881484,2495.4178527114623,ITUB4_2024-07-01_DISTRIBUTION_132,DISTRIBUTION,0,cache/market.json.gz; SQLite corporate_actions/B3,0.0,44.02002604763582,,,
BESST-10 BH,2024-07-02,60746948000112,BBDC4,4787.456734558036,4794.884459589434,BBDC4_2024-07-02_DISTRIBUTION_527,DISTRIBUTION,0,https://www.bradescori.com.br/informacoes-ao-mercado/remuneracao-aos-acionistas/,0.0,90.84107713400243,,,
BESST-10 BH,2024-07-29,02558157000162,VIVT3,1626.855468192262,1640.194811523784,CONT_2811_VIVT3_2024-07-29,DISTRIBUTION,0,https://api.mziq.com/mzfilemanager/v2/d/24165f81-24d6-4648-bf9f-66712905d5a2/34b95df5-e8c3-6d48-b667-42e740e0df5e?origin=2,0.0,643.6233157459429,,,
BESST-10 BH,2024-08-01,60872504000123,ITUB4,2501.652201355926,2502.975370710254,ITUB4_2024-08-01_DISTRIBUTION_131,DISTRIBUTION,0,cache/market.json.gz; SQLite corporate_actions/B3,0.0,44.154161353932096,,,
BESST-10 BH,2024-08-02,60746948000112,BBDC4,4879.159995398635,4886.478661722203,BBDC4_2024-08-02_DISTRIBUTION_528,DISTRIBUTION,0,https://www.bradescori.com.br/informacoes-ao-mercado/remuneracao-aos-acionistas/,0.0,92.58112899312998,,,
BESST-10 BH,2024-08-19,17344597000194,BBSE3,2726.9824928220837,2832.1970083298625,CONT_2551_BBSE3_2024-08-19,DISTRIBUTION,0,BBSE_DIV,0.0,3792.9832840554272,,,
BESST-10 BH,2024-08-22,02474103000119,TBLE3,1828.5184271881174,1873.9530560765008,TBLE3_2024-08-22_DISTRIBUTION_338,DISTRIBUTION,0,cache/market.json.gz; SQLite corporate_actions/B3,0.0,2090.4472751545245,,,
BESST-10 BH,2024-08-26,17155730000164,CMIG4,11545.96971054442,12044.31360695826,CMIG4_2024-08-26_DISTRIBUTION_384,DISTRIBUTION,0,cache/market.json.gz; SQLite corporate_actions/B3,0.0,5730.954808759155,,,
BESST-10 BH,2024-08-27,02558157000162,VIVT3,1646.0009236143762,1653.7386048159071,CONT_2812_VIVT3_2024-08-27,DISTRIBUTION,0,https://api.mziq.com/mzfilemanager/v2/d/24165f81-24d6-4648-bf9f-66712905d5a2/34b95df5-e8c3-6d48-b667-42e740e0df5e?origin=2,0.0,401.89516160751725,,,
BESST-10 BH,2024-09-02,60872504000123,ITUB4,2510.6442805904726,2511.862001710352,ITUB4_2024-09-02_DISTRIBUTION_130,DISTRIBUTION,0,cache/market.json.gz; SQLite corporate_actions/B3,0.0,44.31287155242184,,,
BESST-10 BH,2024-09-03,60746948000112,BBDC4,4934.282444707391,4940.227020386144,BBDC4_2024-09-03_DISTRIBUTION_529,DISTRIBUTION,0,https://www.bradescori.com.br/informacoes-ao-mercado/remuneracao-aos-acionistas/,0.0,93.6270669403758,,,
BESST-10 BH,2024-09-18,17281106000103,CSMG3,5842.905524846653,5923.486787834286,CONT_2468_CSMG3_2024-09-18;CONT_2469_CSMG3_2024-09-18,DISTRIBUTION,0,CSMG_RI_V4,0.0,2063.6861451132704,,,
BESST-10 BH,2024-09-20,60872504000123,ITUB4,2518.6329775220524,2537.7684194982276,ITUB4_2024-09-20_DISTRIBUTION_129,DISTRIBUTION,0,cache/market.json.gz; SQLite corporate_actions/B3,0.0,687.5364302039699,,,
BESST-10 BH,2024-09-24,02558115000121,TIMS3,5230.112341369938,5264.612130276448,CONT_2813_TIMS3_2024-09-24,DISTRIBUTION,0,https://api.mziq.com/mzfilemanager/v2/d/4c4aa51f-1235-4aa1-8b83-adc92e8dacc3/fe09b9a3-18a3-e37d-1df3-896ec7b734c4?origin=2,0.0,648.2510335533276,,,
BESST-10 BH,2024-09-24,17155730000164,CMIG4,12044.31360695826,12132.122404647593,CMIG4_2024-09-24_DISTRIBUTION_383,DISTRIBUTION,0,cache/market.json.gz; SQLite corporate_actions/B3,0.0,994.8736778201383,,,
BESST-10 BH,2024-09-30,02149205000169,PSSA3,2935.278237370422,2968.271791775771,CONT_2814_PSSA3_2024-09-30,DISTRIBUTION,0,https://api.mziq.com/mzfilemanager/v2/d/b77a3922-d280-4451-b3ee-0afec4577834/570ca052-e3e2-0149-87a1-af4b28a97d7e?origin=2;https://api.mziq.com/mzfilemanager/v2/d/b77a3922-d280-4451-b3ee-0afec4577834/a730da5f-6984-07cc-1fac-1fab6adcd8e6?origin=2;https://api.mziq.com/mzfilemanager/v2/d/b77a3922-d280-4451-b3ee-0afec4577834/c51162ba-772b-3276-e991-5239fc18f0bc?origin=2,0.0,1202.944993619014,,,
BESST-10 BH,2024-10-01,60746948000112,BBDC4,4940.227020386144,5006.655331702992,BBDC4_2024-10-01_DISTRIBUTION_530,DISTRIBUTION,0,https://www.bradescori.com.br/informacoes-ao-mercado/remuneracao-aos-acionistas/,0.0,975.8318932444902,,,
BESST-10 BH,2024-10-01,60872504000123,ITUB4,2537.7684194982276,2539.0301550645413,ITUB4_2024-10-01_DISTRIBUTION_128,DISTRIBUTION,0,cache/market.json.gz; SQLite corporate_actions/B3,0.0,44.791612604143715,,,
BESST-10 BH,2024-10-02,60746948000112,BBDC4,5065.560336065028,5071.883891318635,BBDC4_2024-10-02_DISTRIBUTION_531,DISTRIBUTION,0,https://www.bradescori.com.br/informacoes-ao-mercado/remuneracao-aos-acionistas/,0.0,96.11803985480972,,,
BESST-10 BH,2024-11-01,60872504000123,ITUB4,2547.4083293039203,2548.6999626567563,ITUB4_2024-11-01_DISTRIBUTION_127,DISTRIBUTION,0,cache/market.json.gz; SQLite corporate_actions/B3,0.0,44.96175701221419,,,
BESST-10 BH,2024-11-04,60746948000112,BBDC4,5125.52403702509,5132.416725871827,BBDC4_2024-11-04_DISTRIBUTION_532,DISTRIBUTION,0,https://www.bradescori.com.br/informacoes-ao-mercado/remuneracao-aos-acionistas/,0.0,97.25583962746,,,
BESST-10 BH,2024-12-02,60872504000123,ITUB4,2555.683685768796,2557.0880387281304,ITUB4_2024-12-02_DISTRIBUTION_126,DISTRIBUTION,0,cache/market.json.gz; SQLite corporate_actions/B3,0.0,45.10781705381925,,,
BESST-10 BH,2024-12-03,60746948000112,BBDC4,5192.922779692687,5200.9337323671925,BBDC4_2024-12-03_DISTRIBUTION_533,DISTRIBUTION,0,https://www.bradescori.com.br/informacoes-ao-mercado/remuneracao-aos-acionistas/,0.0,98.5347178964178,,,
BESST-10 BH,2024-12-10,60872504000123,ITUB4,2566.7723081605186,2590.93529112573,ITUB4_2024-12-10_DISTRIBUTION_125;XPBR31_2024-12-10_DISTRIBUTION_689,DISTRIBUTION,0,cache/market.json.gz; SQLite corporate_actions/B3;https://www.sec.gov/Archives/edgar/data/1787425/000095010324016520/dp220822_ex9902.htm,0.0,797.1368080223307,,,
BESST-10 BH,2024-12-10,60872504000123,XPBR31,42.967037549172716,45.13155570573996,ITUB4_2024-12-10_DISTRIBUTION_125;XPBR31_2024-12-10_DISTRIBUTION_689,DISTRIBUTION,0,cache/market.json.gz; SQLite corporate_actions/B3;https://www.sec.gov/Archives/edgar/data/1787425/000095010324016520/dp220822_ex9902.htm,0.0,169.0488680279019,,,
BESST-10 BH,2024-12-20,02474103000119,TBLE3,1932.8393831729652,1948.9236138135768,TBLE3_2024-12-20_DISTRIBUTION_337,DISTRIBUTION,0,cache/market.json.gz; SQLite corporate_actions/B3,0.0,592.2213721873171,,,
BESST-10 BH,2024-12-26,02558115000121,TIMS3,5317.267584525123,5416.699052767552,CONT_2815_TIMS3_2024-12-26,DISTRIBUTION,0,https://api.mziq.com/mzfilemanager/v2/d/4c4aa51f-1235-4aa1-8b83-adc92e8dacc3/460d56a0-3839-eea2-ca39-3b7a421cc079?origin=2,0.0,1427.8358839612752,,,
BESST-10 BH,2024-12-26,17155730000164,CMIG4,12132.122404647593,12239.613838781337,CMIG4_2024-12-26_DISTRIBUTION_382,DISTRIBUTION,0,cache/market.json.gz; SQLite corporate_actions/B3,0.0,1187.780347177866,,,
BESST-10 BH,2024-12-26,17281106000103,CSMG3,5923.486787834286,6030.555239797612,CONT_2470_CSMG3_2024-12-26,DISTRIBUTION,0,CSMG_RI_V4,0.0,2188.479158130374,,,
BESST-10 BH,2024-12-27,02558157000162,VIVT3,1682.8178076302218,1709.141192067661,CONT_2816_VIVT3_2024-12-27,DISTRIBUTION,0,https://api.mziq.com/mzfilemanager/v2/d/24165f81-24d6-4648-bf9f-66712905d5a2/34b95df5-e8c3-6d48-b667-42e740e0df5e?origin=2,0.0,1241.4108100696342,,,
BESST-10 BH,2025-01-02,02149205000169,PSSA3,2963.3227586149687,2997.770880987949,CONT_2817_PSSA3_2025-01-02,DISTRIBUTION,0,https://api.mziq.com/mzfilemanager/v2/d/b77a3922-d280-4451-b3ee-0afec4577834/40e2196e-eb57-3662-b172-55aa2cb52627?origin=2;https://api.mziq.com/mzfilemanager/v2/d/b77a3922-d280-4451-b3ee-0afec4577834/a730da5f-6984-07cc-1fac-1fab6adcd8e6?origin=2;https://api.mziq.com/mzfilemanager/v2/d/b77a3922-d280-4451-b3ee-0afec4577834/c51162ba-772b-3276-e991-5239fc18f0bc?origin=2;https://api.mziq.com/mzfilemanager/v2/d/b77a3922-d280-4451-b3ee-0afec4577834/da5a8cba-c0a0-3baf-39e4-4db496dbb574?origin=2,0.0,1247.7109923493554,,,
BESST-10 BH,2025-01-02,60746948000112,BBDC4,5200.9337323671925,5335.0519478181,BBDC4_2025-01-02_DISTRIBUTION_534,DISTRIBUTION,0,https://www.bradescori.com.br/informacoes-ao-mercado/remuneracao-aos-acionistas/,0.0,1528.9476561403546,,,
BESST-10 BH,2025-01-02,60872504000123,ITUB4,2590.93529112573,2592.4312024076526,ITUB4_2025-01-02_DISTRIBUTION_124,DISTRIBUTION,0,cache/market.json.gz; SQLite corporate_actions/B3,0.0,45.73000788836914,,,
BESST-10 BH,2025-01-03,60746948000112,BBDC4,5404.6907519571705,5413.847267557389,BBDC4_2025-01-03_DISTRIBUTION_504,DISTRIBUTION,0,https://www.bradescori.com.br/informacoes-ao-mercado/remuneracao-aos-acionistas/,0.0,102.55297472245368,,,
BESST-10 BH,2025-02-03,60872504000123,ITUB4,2602.7990597118137,2604.1712043774023,ITUB4_2025-02-03_DISTRIBUTION_123,DISTRIBUTION,0,cache/market.json.gz; SQLite corporate_actions/B3,0.0,45.93940340391351,,,
BESST-10 BH,2025-02-04,60746948000112,BBDC4,5480.864566219612,5489.5094837839415,BBDC4_2025-02-04_DISTRIBUTION_505,DISTRIBUTION,0,https://www.bradescori.com.br/informacoes-ao-mercado/remuneracao-aos-acionistas/,0.0,103.99835829888498,,,
BESST-10 BH,2025-02-18,02558115000121,TIMS3,5454.312311597993,5480.16757882102,CONT_2819_TIMS3_2025-02-18,DISTRIBUTION,0,https://api.mziq.com/mzfilemanager/v2/d/4c4aa51f-1235-4aa1-8b83-adc92e8dacc3/c3e2e836-6075-b3ce-b317-55fd6a9c84d5?origin=2,0.0,450.6573076973404,,,
BESST-10 BH,2025-02-18,60872504000123,ITUB4,2612.644186679431,2737.324761078506,ITUB4_2025-02-18_DISTRIBUTION_121;ITUB4_2025-02-18_DISTRIBUTION_122,DISTRIBUTION,0,cache/market.json.gz; SQLite corporate_actions/B3,0.0,4139.395070049291,,,
BESST-10 BH,2025-02-21,17344597000194,BBSE3,2843.9268149084205,3018.443098493364,CONT_2550_BBSE3_2025-02-21,DISTRIBUTION,0,BBSE_DIV,0.0,6462.337981150447,,,
BESST-10 BH,2025-02-25,02558157000162,VIVT3,1719.4978065052512,1723.0638559236959,CONT_2820_VIVT3_2025-02-25,DISTRIBUTION,0,https://api.mziq.com/mzfilemanager/v2/d/24165f81-24d6-4648-bf9f-66712905d5a2/34b95df5-e8c3-6d48-b667-42e740e0df5e?origin=2,0.0,190.7479833926079,,,
BESST-10 BH,2025-02-28,02558157000162,VIVT3,1722.5289485109292,1766.4783885945096,CONT_2821_VIVT3_2025-02-28,DISTRIBUTION,0,https://api.mziq.com/mzfilemanager/v2/d/24165f81-24d6-4648-bf9f-66712905d5a2/34b95df5-e8c3-6d48-b667-42e740e0df5e?origin=2,0.0,2124.515933640271,,,
BESST-10 BH,2025-03-05,60872504000123,ITUB4,2737.324761078506,2738.815927190637,ITUB4_2025-03-05_DISTRIBUTION_120,DISTRIBUTION,0,cache/market.json.gz; SQLite corporate_actions/B3,0.0,48.31378203303563,,,
BESST-10 BH,2025-03-06,17281106000103,CSMG3,6030.555239797612,6158.13416489768,CONT_2471_CSMG3_2025-03-06;CONT_2472_CSMG3_2025-03-06,DISTRIBUTION,0,CSMG_RI_V4,0.0,2871.801604002553,,,
BESST-10 BH,2025-03-06,60746948000112,BBDC4,5565.89587461464,5575.039754366562,BBDC4_2025-03-06_DISTRIBUTION_506,DISTRIBUTION,0,https://www.bradescori.com.br/informacoes-ao-mercado/remuneracao-aos-acionistas/,0.0,105.61181113470073,,,
BESST-10 BH,2025-03-18,60872504000123,ITUB4,2746.751018374234,3021.4261202116572,ITUB4_2025-03-18_SHARES_665,SHARES,0,https://www.itau.com.br/relacoes-com-investidores/informacoes-ao-mercado/recompra/; owned_capital_events_fre.json; B3,0.0,0.0,,,
BESST-10 BH,2025-03-25,02558157000162,VIVT3,1774.4947323276551,1778.9591254540544,CONT_2822_VIVT3_2025-03-25,DISTRIBUTION,0,https://api.mziq.com/mzfilemanager/v2/d/24165f81-24d6-4648-bf9f-66712905d5a2/34b95df5-e8c3-6d48-b667-42e740e0df5e?origin=2,0.0,219.06777071240717,,,
BESST-10 BH,2025-03-26,17155730000164,CMIG4,12239.613838781337,12350.26056071881,CMIG4_2025-03-26_DISTRIBUTION_381,DISTRIBUTION,0,cache/market.json.gz; SQLite corporate_actions/B3,0.0,1157.3647114659768,,,
BESST-10 BH,2025-03-27,17281106000103,CSMG3,6158.13416489768,6168.859240229951,CONT_2473_CSMG3_2025-03-27,DISTRIBUTION,0,CSMG_RI_V4,0.0,218.36253376503623,,,
BESST-10 BH,2025-03-31,02149205000169,PSSA3,2992.603662632002,3070.302283276797,CONT_2823_PSSA3_2025-03-31;CONT_2824_PSSA3_2025-03-31;CONT_2825_PSSA3_2025-03-31,DISTRIBUTION,0,https://api.mziq.com/mzfilemanager/v2/d/b77a3922-d280-4451-b3ee-0afec4577834/2e6836fc-964e-5c54-74c0-a476d1b256eb?origin=2;https://api.mziq.com/mzfilemanager/v2/d/b77a3922-d280-4451-b3ee-0afec4577834/5fc07a56-476a-56fa-1f90-8b87c4a74dfe?origin=2;https://api.mziq.com/mzfilemanager/v2/d/b77a3922-d280-4451-b3ee-0afec4577834/a730da5f-6984-07cc-1fac-1fab6adcd8e6?origin=2;https://api.mziq.com/mzfilemanager/v2/d/b77a3922-d280-4451-b3ee-0afec4577834/c51162ba-772b-3276-e991-5239fc18f0bc?origin=2;https://api.mziq.com/mzfilemanager/v2/d/b77a3922-d280-4451-b3ee-0afec4577834/da5a8cba-c0a0-3baf-39e4-4db496dbb574?origin=2;https://api.mziq.com/mzfilemanager/v2/d/b77a3922-d280-4451-b3ee-0afec4577834/c51162ba-772b-3276-e991-5239fc18f0bc?origin=2,0.0,3107.9448257918034,,,
BESST-10 BH,2025-04-01,02558115000121,TIMS3,5495.987881293743,5558.092457250768,CONT_2826_TIMS3_2025-04-01,DISTRIBUTION,0,https://api.mziq.com/mzfilemanager/v2/d/4c4aa51f-1235-4aa1-8b83-adc92e8dacc3/63e953d4-a03b-a28c-2791-3e2e5f65522e?origin=2;https://api.mziq.com/mzfilemanager/v2/d/4c4aa51f-1235-4aa1-8b83-adc92e8dacc3/81ea23ff-0f2a-9337-a19e-18732415238d?origin=2,0.0,1112.9140011498994,,,
BESST-10 BH,2025-04-01,60746948000112,BBDC4,5575.039754366562,5676.976064048629,BBDC4_2025-04-01_DISTRIBUTION_507,DISTRIBUTION,0,https://www.bradescori.com.br/informacoes-ao-mercado/remuneracao-aos-acionistas/,0.0,1270.126418638551,,,
BESST-10 BH,2025-04-01,60872504000123,ITUB4,3021.4261202116572,3023.124469607254,ITUB4_2025-04-01_DISTRIBUTION_119,DISTRIBUTION,0,cache/market.json.gz; SQLite corporate_actions/B3,0.0,53.32817102173575,,,
BESST-10 BH,2025-04-02,60746948000112,BBDC4,5750.973690381585,5759.724582710295,BBDC4_2025-04-02_DISTRIBUTION_508,DISTRIBUTION,0,https://www.bradescori.com.br/informacoes-ao-mercado/remuneracao-aos-acionistas/,0.0,109.1236273390157,,,
BESST-10 BH,2025-04-04,02558115000121,TIMS3,5569.611470190994,5848.809157542355,CONT_2827_TIMS3_2025-04-04;CONT_2828_TIMS3_2025-04-04;CONT_2829_TIMS3_2025-04-04,DISTRIBUTION,0,https://api.mziq.com/mzfilemanager/v2/d/4c4aa51f-1235-4aa1-8b83-adc92e8dacc3/762980b9-e792-0a74-6f3f-67a09abe2c68?origin=2;https://api.mziq.com/mzfilemanager/v2/d/4c4aa51f-1235-4aa1-8b83-adc92e8dacc3/762980b9-e792-0a74-6f3f-67a09abe2c68?origin=2;https://api.mziq.com/mzfilemanager/v2/d/4c4aa51f-1235-4aa1-8b83-adc92e8dacc3/874a85d8-21a6-3d74-940e-4a72a17a74d8?origin=2,0.0,4718.44091623801,,,
BESST-10 BH,2025-04-14,02558157000162,VIVT3,1785.3630486776256,1790.5491547328133,CONT_2830_VIVT3_2025-04-14,DISTRIBUTION,0,https://api.mziq.com/mzfilemanager/v2/d/24165f81-24d6-4648-bf9f-66712905d5a2/34b95df5-e8c3-6d48-b667-42e740e0df5e?origin=2,0.0,264.4914088145737,,,
BESST-10 BH,2025-04-15,02558157000162,VIVT3,1790.5491547328133,3581.0983094656267,CONT_2863_VIVT3_2025-04-15,SHARES,0,https://api.mziq.com/mzfilemanager/v2/d/24165f81-24d6-4648-bf9f-66712905d5a2/34b95df5-e8c3-6d48-b667-42e740e0df5e?origin=2;https://api.mziq.com/mzfilemanager/v2/d/24165f81-24d6-4648-bf9f-66712905d5a2/197836af-54b5-cff0-af1e-de97ad340f36?origin=2,0.0,0.0,,,
BESST-10 BH,2025-04-30,43776517000180,SBSP3,1406.3700660439886,1452.4357799171578,CONT_2541_SBSP3_2025-04-30;CONT_2542_SBSP3_2025-04-30,DISTRIBUTION,0,SBSP_DPA25,0.0,5246.42415301525,,,
BESST-10 BH,2025-05-02,17155730000164,CMIG4,12350.26056071881,12744.089092880376,CMIG4_2025-05-02_DISTRIBUTION_380,DISTRIBUTION,0,cache/market.json.gz; SQLite corporate_actions/B3,0.0,4068.24873722897,,,
BESST-10 BH,2025-05-02,60872504000123,ITUB4,3030.5347841283915,3032.0427891732143,ITUB4_2025-05-02_DISTRIBUTION_118,DISTRIBUTION,0,cache/market.json.gz; SQLite corporate_actions/B3,0.0,53.48893893986611,,,
BESST-10 BH,2025-05-05,60746948000112,BBDC4,5829.658965086418,5837.97600759752,BBDC4_2025-05-05_DISTRIBUTION_509,DISTRIBUTION,0,https://www.bradescori.com.br/informacoes-ao-mercado/remuneracao-aos-acionistas/,0.0,110.61666539765244,,,
BESST-10 BH,2025-05-07,02474103000119,TBLE3,2042.5124632082227,2087.045400662415,TBLE3_2025-05-07_DISTRIBUTION_336,DISTRIBUTION,0,cache/market.json.gz; SQLite corporate_actions/B3,0.0,1790.2240856585208,,,
BESST-10 BH,2025-05-22,02558115000121,TIMS3,5858.188145180014,5895.891071868675,CONT_2831_TIMS3_2025-05-22,DISTRIBUTION,0,https://api.mziq.com/mzfilemanager/v2/d/4c4aa51f-1235-4aa1-8b83-adc92e8dacc3/0013d0b5-ccfb-f36d-38e0-d593d79e4c33?origin=2,0.0,726.9124265573809,,,
BESST-10 BH,2025-05-23,02558157000162,VIVT3,3597.6465032873853,3617.71801611734,CONT_2832_VIVT3_2025-05-23,DISTRIBUTION,0,https://api.mziq.com/mzfilemanager/v2/d/24165f81-24d6-4648-bf9f-66712905d5a2/34b95df5-e8c3-6d48-b667-42e740e0df5e?origin=2,0.0,555.1780448765478,,,
BESST-10 BH,2025-06-02,60872504000123,ITUB4,3035.5918512184535,3037.0340637668787,ITUB4_2025-06-02_DISTRIBUTION_117,DISTRIBUTION,0,cache/market.json.gz; SQLite corporate_actions/B3,0.0,53.578196174005704,,,
BESST-10 BH,2025-06-03,60746948000112,BBDC4,5876.750510435681,5883.508705494843,BBDC4_2025-06-03_DISTRIBUTION_510,DISTRIBUTION,0,https://www.bradescori.com.br/informacoes-ao-mercado/remuneracao-aos-acionistas/,0.0,111.51021847616954,,,
BESST-10 BH,2025-06-10,60872504000123,ITUB4,3040.7306720704346,3068.950342002066,ITUB4_2025-06-10_DISTRIBUTION_116,DISTRIBUTION,0,cache/market.json.gz; SQLite corporate_actions/B3,0.0,1015.9081175387322,,,
BESST-10 BH,2025-06-24,02558157000162,VIVT3,3632.0917633378995,3639.4574065852635,CONT_2833_VIVT3_2025-06-24,DISTRIBUTION,0,https://api.mziq.com/mzfilemanager/v2/d/24165f81-24d6-4648-bf9f-66712905d5a2/34b95df5-e8c3-6d48-b667-42e740e0df5e?origin=2,0.0,224.94674477449334,,,
BESST-10 BH,2025-06-24,17155730000164,CMIG4,12744.089092880376,12871.047307313866,CMIG4_2025-06-24_DISTRIBUTION_379,DISTRIBUTION,0,cache/market.json.gz; SQLite corporate_actions/B3,0.0,1329.2525051186326,,,
BESST-10 BH,2025-06-24,17281106000103,CSMG3,6168.859240229951,6269.448831367008,CONT_2474_CSMG3_2025-06-24,DISTRIBUTION,0,CSMG_RI_V4,0.0,2672.665436511607,,,
BESST-10 BH,2025-06-27,02149205000169,PSSA3,3070.302283276797,3097.6849881819967,CONT_2834_PSSA3_2025-06-27,DISTRIBUTION,0,https://api.mziq.com/mzfilemanager/v2/d/b77a3922-d280-4451-b3ee-0afec4577834/2db74f29-0975-b7c2-5402-9b64be1a06ee?origin=2;https://api.mziq.com/mzfilemanager/v2/d/b77a3922-d280-4451-b3ee-0afec4577834/5fc07a56-476a-56fa-1f90-8b87c4a74dfe?origin=2,0.0,1483.594951763717,,,
BESST-10 BH,2025-07-01,60746948000112,BBDC4,5883.508705494843,5988.325953432735,BBDC4_2025-07-01_DISTRIBUTION_511,DISTRIBUTION,0,https://www.bradescori.com.br/informacoes-ao-mercado/remuneracao-aos-acionistas/,0.0,1748.3516956040526,,,
BESST-10 BH,2025-07-01,60872504000123,ITUB4,3068.950342002066,3070.4103682429377,ITUB4_2025-07-01_DISTRIBUTION_115,DISTRIBUTION,0,cache/market.json.gz; SQLite corporate_actions/B3,0.0,54.166973536336464,,,
BESST-10 BH,2025-07-02,60746948000112,BBDC4,6026.9209227857245,6033.911122869341,BBDC4_2025-07-02_DISTRIBUTION_512,DISTRIBUTION,0,https://www.bradescori.com.br/informacoes-ao-mercado/remuneracao-aos-acionistas/,0.0,114.35967336796287,,,
BESST-10 BH,2025-07-28,02558115000121,TIMS3,5902.899914425946,5942.346520135923,CONT_2836_TIMS3_2025-07-28,DISTRIBUTION,0,https://api.mziq.com/mzfilemanager/v2/d/4c4aa51f-1235-4aa1-8b83-adc92e8dacc3/b70c1dd1-8c25-def3-dcf4-a93d901b4918?origin=2,0.0,781.0427930575505,,,
BESST-10 BH,2025-07-28,02558157000162,VIVT3,3651.5110176146773,3663.7705336568265,CONT_2837_VIVT3_2025-07-28,DISTRIBUTION,0,https://api.mziq.com/mzfilemanager/v2/d/24165f81-24d6-4648-bf9f-66712905d5a2/34b95df5-e8c3-6d48-b667-42e740e0df5e?origin=2,0.0,374.4056199272435,,,
BESST-10 BH,2025-08-01,60872504000123,ITUB4,3077.9549130572154,3079.5101923075863,ITUB4_2025-08-01_DISTRIBUTION_114,DISTRIBUTION,0,cache/market.json.gz; SQLite corporate_actions/B3,0.0,54.32590421545985,,,
BESST-10 BH,2025-08-04,60746948000112,BBDC4,6076.077432970126,6083.439655751724,BBDC4_2025-08-04_DISTRIBUTION_513,DISTRIBUTION,0,https://www.bradescori.com.br/informacoes-ao-mercado/remuneracao-aos-acionistas/,0.0,115.29240875981844,,,
BESST-10 BH,2025-08-15,17344597000194,BBSE3,3052.666742185302,3233.470929220385,CONT_2549_BBSE3_2025-08-15,DISTRIBUTION,0,BBSE_DIV,0.0,5928.5692928803755,,,
BESST-10 BH,2025-08-19,60872504000123,ITUB4,3087.531040489647,3118.4318606525203,ITUB4_2025-08-19_DISTRIBUTION_113,DISTRIBUTION,0,cache/market.json.gz; SQLite corporate_actions/B3,0.0,1122.0087801139377,,,
BESST-10 BH,2025-08-22,02474103000119,TBLE3,2144.0324365010483,2192.0705323109114,TBLE3_2025-08-22_DISTRIBUTION_335,DISTRIBUTION,0,cache/market.json.gz; SQLite corporate_actions/B3,0.0,1889.8186891600167,,,
BESST-10 BH,2025-08-26,02558157000162,VIVT3,3669.920623229643,3678.2227585205424,CONT_2838_VIVT3_2025-08-26,DISTRIBUTION,0,https://api.mziq.com/mzfilemanager/v2/d/24165f81-24d6-4648-bf9f-66712905d5a2/34b95df5-e8c3-6d48-b667-42e740e0df5e?origin=2,0.0,286.0085607714815,,,
BESST-10 BH,2025-09-01,60872504000123,ITUB4,3118.4318606525203,3119.851157257485,ITUB4_2025-09-01_DISTRIBUTION_112,DISTRIBUTION,0,cache/market.json.gz; SQLite corporate_actions/B3,0.0,55.04032234051698,,,
BESST-10 BH,2025-09-02,60746948000112,BBDC4,6121.195685003617,6128.2307255229725,BBDC4_2025-09-02_DISTRIBUTION_514,DISTRIBUTION,0,https://www.bradescori.com.br/informacoes-ao-mercado/remuneracao-aos-acionistas/,0.0,116.14851897456778,,,
BESST-10 BH,2025-09-23,02558157000162,VIVT3,3684.0508713865815,3697.8047754047384,CONT_2839_VIVT3_2025-09-23,DISTRIBUTION,0,https://api.mziq.com/mzfilemanager/v2/d/24165f81-24d6-4648-bf9f-66712905d5a2/34b95df5-e8c3-6d48-b667-42e740e0df5e?origin=2,0.0,459.7930113269895,,,
BESST-10 BH,2025-09-23,17281106000103,CSMG3,6269.448831367008,6353.083049676274,CONT_2475_CSMG3_2025-09-23,DISTRIBUTION,0,CSMG_RI_V4,0.0,2805.928024275857,,,
BESST-10 BH,2025-09-26,02149205000169,PSSA3,3097.6849881819967,3131.527758313026,CONT_2840_PSSA3_2025-09-26,DISTRIBUTION,0,https://api.mziq.com/mzfilemanager/v2/d/b77a3922-d280-4451-b3ee-0afec4577834/d5711793-58d6-82f4-b474-008bee510428?origin=2;https://api.mziq.com/mzfilemanager/v2/d/b77a3922-d280-4451-b3ee-0afec4577834/5fc07a56-476a-56fa-1f90-8b87c4a74dfe?origin=2,0.0,1653.5577486020845,,,
BESST-10 BH,2025-09-29,02558115000121,TIMS3,5938.342255404469,5989.617372834653,CONT_2841_TIMS3_2025-09-29,DISTRIBUTION,0,https://api.mziq.com/mzfilemanager/v2/d/4c4aa51f-1235-4aa1-8b83-adc92e8dacc3/4d85e48c-99f9-7d97-8169-1e3a158f4c34?origin=2,0.0,1184.9679638115429,,,
BESST-10 BH,2025-09-30,17155730000164,CMIG4,12871.047307313866,12993.060277416334,CMIG4_2025-09-30_DISTRIBUTION_378,DISTRIBUTION,0,cache/market.json.gz; SQLite corporate_actions/B3,0.0,1360.4446166425307,,,
BESST-10 BH,2025-09-30,60746948000112,BBDC4,6128.2307255229725,6231.174401847217,BBDC4_2025-09-30_DISTRIBUTION_515,DISTRIBUTION,0,https://www.bradescori.com.br/informacoes-ao-mercado/remuneracao-aos-acionistas/,0.0,1821.0736341758839,,,
BESST-10 BH,2025-10-01,60872504000123,ITUB4,3124.3036717129226,3125.7415846152885,ITUB4_2025-10-01_DISTRIBUTION_111,DISTRIBUTION,0,cache/market.json.gz; SQLite corporate_actions/B3,0.0,55.14395980573308,,,
BESST-10 BH,2025-10-02,60746948000112,BBDC4,6262.974520499914,6269.928221219538,BBDC4_2025-10-02_DISTRIBUTION_516,DISTRIBUTION,0,https://www.bradescori.com.br/informacoes-ao-mercado/remuneracao-aos-acionistas/,0.0,118.83874529835245,,,
BESST-10 BH,2025-10-28,02558157000162,VIVT3,3705.460224075978,3718.1910784128145,CONT_2842_VIVT3_2025-10-28,DISTRIBUTION,0,https://api.mziq.com/mzfilemanager/v2/d/24165f81-24d6-4648-bf9f-66712905d5a2/34b95df5-e8c3-6d48-b667-42e740e0df5e?origin=2,0.0,439.3417831642233,,,
BESST-10 BH,2025-11-03,60872504000123,ITUB4,3132.9623604007334,3134.3420207216186,ITUB4_2025-11-03_DISTRIBUTION_110,DISTRIBUTION,0,cache/market.json.gz; SQLite corporate_actions/B3,0.0,55.29678566107294,,,
BESST-10 BH,2025-11-04,60746948000112,BBDC4,6295.139363860758,6301.631160983456,BBDC4_2025-11-04_DISTRIBUTION_517,DISTRIBUTION,0,https://www.bradescori.com.br/informacoes-ao-mercado/remuneracao-aos-acionistas/,0.0,119.44906705763937,,,
BESST-10 BH,2025-11-25,02558157000162,VIVT3,3730.194950499459,3741.5926247738043,CONT_2843_VIVT3_2025-11-25,DISTRIBUTION,0,https://api.mziq.com/mzfilemanager/v2/d/24165f81-24d6-4648-bf9f-66712905d5a2/34b95df5-e8c3-6d48-b667-42e740e0df5e?origin=2,0.0,396.5250880044703,,,
BESST-10 BH,2025-11-27,02474103000119,TBLE3,2258.42090515768,3161.7892672207518,TBLE3_2025-11-27_SHARES_676,SHARES,0,originals/engie_bonus_2018_doe.pdf.gz p34; owned_capital_events_fre.json; B3 2025-11-26,0.0,0.0,,,
BESST-10 BH,2025-12-01,60872504000123,ITUB4,3140.004059045226,3141.3459736128325,ITUB4_2025-12-01_DISTRIBUTION_109,DISTRIBUTION,0,cache/market.json.gz; SQLite corporate_actions/B3,0.0,55.421071642148235,,,
BESST-10 BH,2025-12-02,60746948000112,BBDC4,6323.609971213182,6329.7506718986615,BBDC4_2025-12-02_DISTRIBUTION_518,DISTRIBUTION,0,https://www.bradescori.com.br/informacoes-ao-mercado/remuneracao-aos-acionistas/,0.0,119.98929139426562,,,
BESST-10 BH,2025-12-10,60872504000123,ITUB4,3147.2747271914905,3325.862857593035,ITUB4_2025-12-10_DISTRIBUTION_107;ITUB4_2025-12-10_DISTRIBUTION_108;XPBR31_2025-12-10_DISTRIBUTION_690,DISTRIBUTION,0,cache/market.json.gz; SQLite corporate_actions/B3;https://www.sec.gov/Archives/edgar/data/1787425/000095010325014854/dp237494_ex9901.htm,0.0,7043.5158630369215,,,
BESST-10 BH,2025-12-10,60872504000123,XPBR31,45.13155570573996,45.58237087028208,ITUB4_2025-12-10_DISTRIBUTION_107;ITUB4_2025-12-10_DISTRIBUTION_108;XPBR31_2025-12-10_DISTRIBUTION_690,DISTRIBUTION,0,cache/market.json.gz; SQLite corporate_actions/B3;https://www.sec.gov/Archives/edgar/data/1787425/000095010325014854/dp237494_ex9901.htm,0.0,44.40078555575262,,,
BESST-10 BH,2025-12-17,17281106000103,CSMG3,6353.083049676274,6431.2301182333695,CONT_2476_CSMG3_2025-12-17;CONT_2477_CSMG3_2025-12-17,DISTRIBUTION,0,CSMG_RI_V4,0.0,3350.9462997282526,,,
BESST-10 BH,2025-12-19,02474103000119,TBLE3,3188.070665764646,3197.073650445723,TBLE3_2025-12-19_DISTRIBUTION_334,DISTRIBUTION,0,cache/market.json.gz; SQLite corporate_actions/B3,0.0,279.092525113397,,,
BESST-10 BH,2025-12-22,02558115000121,TIMS3,5993.068688680378,6201.114114532181,CONT_2844_TIMS3_2025-12-22,DISTRIBUTION,0,https://api.mziq.com/mzfilemanager/v2/d/4c4aa51f-1235-4aa1-8b83-adc92e8dacc3/a90ba21d-abd1-b1d8-b86f-3aaf8864a22e?origin=2,0.0,4489.620289881912,,,
BESST-10 BH,2025-12-23,02558115000121,TIMS3,6201.114114532181,6251.865327866334,CONT_2845_TIMS3_2025-12-23,DISTRIBUTION,0,https://api.mziq.com/mzfilemanager/v2/d/4c4aa51f-1235-4aa1-8b83-adc92e8dacc3/5053180d-b455-fbe7-7774-9c55ddd309c9?origin=2,0.0,1090.1360624176125,,,
BESST-10 BH,2025-12-23,17155730000164,CMIG4,12999.752908641765,13169.827954954746,CMIG4_2025-12-23_DISTRIBUTION_377,DISTRIBUTION,0,cache/market.json.gz; SQLite corporate_actions/B3,0.0,1896.3367663897277,,,
BESST-10 BH,2025-12-23,17281106000103,CSMG3,6431.2301182333695,6484.478600306103,CONT_2478_CSMG3_2025-12-23,DISTRIBUTION,0,CSMG_RI_V4,0.0,2341.335756738066,,,
BESST-10 BH,2025-12-26,17155730000164,CMIG4,13169.827954954746,13310.055019991078,CMIG4_2025-12-26_DISTRIBUTION_376,DISTRIBUTION,0,cache/market.json.gz; SQLite corporate_actions/B3,0.0,1559.3249632040065,,,
BESST-10 BH,2025-12-26,43776517000180,SBSP3,1452.4357799171578,1524.14276720292,CONT_2639_SBSP3_2025-12-26;CONT_2653_SBSP3_2025-12-26,DISTRIBUTION;SHARES,0,B3,0.0,3840.084776948156,,,
BESST-10 BH,2025-12-26,60872504000123,ITUB4,3325.862857593035,3425.6387433208265,ITUB4_2025-12-26_SHARES_666,SHARES,0,https://www.itau.com.br/relacoes-com-investidores/informacoes-ao-mercado/recompra/; owned_capital_events_fre.json; B3,0.0,0.0,,,
BESST-10 BH,2025-12-29,02149205000169,PSSA3,3132.1444360015585,3167.5641431346266,CONT_2846_PSSA3_2025-12-29,DISTRIBUTION,0,https://api.mziq.com/mzfilemanager/v2/d/b77a3922-d280-4451-b3ee-0afec4577834/327fe168-5b79-7e0a-4b23-ad197ef5a182?origin=2;https://api.mziq.com/mzfilemanager/v2/d/b77a3922-d280-4451-b3ee-0afec4577834/5fc07a56-476a-56fa-1f90-8b87c4a74dfe?origin=2,0.0,1683.8528771060724,,,
BESST-10 BH,2025-12-30,02558157000162,VIVT3,3750.3643169073152,3762.7739869046027,CONT_2847_VIVT3_2025-12-30,DISTRIBUTION,0,https://api.mziq.com/mzfilemanager/v2/d/24165f81-24d6-4648-bf9f-66712905d5a2/34b95df5-e8c3-6d48-b667-42e740e0df5e?origin=2,0.0,410.7600769102105,,,
BESST-10 BH,2025-12-30,60746948000112,BBDC4,6329.7506718986615,6464.178646703241,BBDC4_2025-12-30_DISTRIBUTION_519,DISTRIBUTION,0,https://www.bradescori.com.br/informacoes-ao-mercado/remuneracao-aos-acionistas/,0.0,2445.244861695303,,,
BESST-10 BH,2026-01-02,60872504000123,ITUB4,3425.6387433208265,3427.2296747034843,ITUB4_2026-01-02_DISTRIBUTION_106,DISTRIBUTION,0,cache/market.json.gz; SQLite corporate_actions/B3,0.0,62.28496363105927,,,
BESST-10 BH,2026-01-05,60746948000112,BBDC4,6489.758351376054,6496.249754917093,BBDC4_2026-01-05_DISTRIBUTION_497,DISTRIBUTION,0,https://www.bradescori.com.br/informacoes-ao-mercado/remuneracao-aos-acionistas/,0.0,123.1419251735155,,,
BESST-10 BH,2026-02-02,60872504000123,ITUB4,3432.036145888398,3433.3962435606854,ITUB4_2026-02-02_DISTRIBUTION_105,DISTRIBUTION,0,cache/market.json.gz; SQLite corporate_actions/B3,0.0,62.401281204542855,,,
BESST-10 BH,2026-02-03,60746948000112,BBDC4,6512.67115964386,6518.371191531962,BBDC4_2026-02-03_DISTRIBUTION_498,DISTRIBUTION,0,https://www.bradescori.com.br/informacoes-ao-mercado/remuneracao-aos-acionistas/,0.0,123.57669133405074,,,
BESST-10 BH,2026-02-13,17344597000194,BBSE3,3326.083404056347,3576.8638984573486,CONT_2548_BBSE3_2026-02-13,DISTRIBUTION,0,BBSE_DIV,0.0,8481.396320641876,,,
BESST-10 BH,2026-02-24,02558157000162,VIVT3,3783.8466860116587,3792.8971399145407,CONT_2849_VIVT3_2026-02-24,DISTRIBUTION,0,https://api.mziq.com/mzfilemanager/v2/d/24165f81-24d6-4648-bf9f-66712905d5a2/34b95df5-e8c3-6d48-b667-42e740e0df5e?origin=2,0.0,384.82529995055455,,,
BESST-10 BH,2026-03-02,60872504000123,ITUB4,3435.6160174489537,3436.9763478154446,ITUB4_2026-03-02_DISTRIBUTION_104,DISTRIBUTION,0,cache/market.json.gz; SQLite corporate_actions/B3,0.0,62.46637042925688,,,
BESST-10 BH,2026-03-03,60746948000112,BBDC4,6538.116489423403,6544.258049403927,BBDC4_2026-03-03_DISTRIBUTION_499,DISTRIBUTION,0,https://www.bradescori.com.br/informacoes-ao-mercado/remuneracao-aos-acionistas/,0.0,124.0595116065596,,,
BESST-10 BH,2026-03-09,17281106000103,CSMG3,6484.478600306103,6484.700069387109,CONT_2479_CSMG3_2026-03-09,DISTRIBUTION,0,CSMG_RI_V4,0.0,11.768866964679235,,,
BESST-10 BH,2026-03-20,43776517000180,SBSP3,1524.14276720292,1535.150262947959,CONT_2640_SBSP3_2026-03-20;CONT_2654_SBSP3_2026-03-20,DISTRIBUTION;SHARES,0,B3,0.0,1270.257982882415,,,
BESST-10 BH,2026-03-20,60872504000123,ITUB4,3440.485173508388,3469.373656476706,ITUB4_2026-03-20_DISTRIBUTION_103,DISTRIBUTION,0,cache/market.json.gz; SQLite corporate_actions/B3,0.0,1200.3164673336064,,,
BESST-10 BH,2026-03-24,02558115000121,TIMS3,6272.880887057581,6310.883812392142,CONT_2850_TIMS3_2026-03-24,DISTRIBUTION,0,https://api.mziq.com/mzfilemanager/v2/d/4c4aa51f-1235-4aa1-8b83-adc92e8dacc3/892687da-d4ef-6268-740a-f790682cbf9d?origin=2;https://api.mziq.com/mzfilemanager/v2/d/4c4aa51f-1235-4aa1-8b83-adc92e8dacc3/81ea23ff-0f2a-9337-a19e-18732415238d?origin=2,0.0,1024.1788377664238,,,
BESST-10 BH,2026-03-24,17281106000103,CSMG3,6484.700069387109,6540.207059182034,CONT_2480_CSMG3_2026-03-24,DISTRIBUTION,0,CSMG_RI_V4,0.0,3037.342481578288,,,
BESST-10 BH,2026-03-25,17155730000164,CMIG4,13347.724817151306,13470.918135235217,CMIG4_2026-03-25_DISTRIBUTION_375,DISTRIBUTION,0,cache/market.json.gz; SQLite corporate_actions/B3,0.0,1534.988743325533,,,
BESST-10 BH,2026-03-26,02558157000162,VIVT3,3797.3692930098914,3803.2871688602086,CONT_2851_VIVT3_2026-03-26,DISTRIBUTION,0,https://api.mziq.com/mzfilemanager/v2/d/24165f81-24d6-4648-bf9f-66712905d5a2/34b95df5-e8c3-6d48-b667-42e740e0df5e?origin=2,0.0,237.66189414873097,,,
BESST-10 BH,2026-03-31,02149205000169,PSSA3,3172.0149769616755,3206.072397538879,CONT_2852_PSSA3_2026-03-31,DISTRIBUTION,0,https://api.mziq.com/mzfilemanager/v2/d/b77a3922-d280-4451-b3ee-0afec4577834/e08580a4-e955-9ee1-6c71-cf3552965f03?origin=2;https://api.mziq.com/mzfilemanager/v2/d/b77a3922-d280-4451-b3ee-0afec4577834/c7efe69b-d37e-c02f-fff7-a51df3341ac0?origin=2,0.0,1720.2403133545579,,,
BESST-10 BH,2026-04-01,02149205000169,PSSA3,3206.072397538879,3263.0614668310645,CONT_2853_PSSA3_2026-04-01,DISTRIBUTION,0,https://api.mziq.com/mzfilemanager/v2/d/b77a3922-d280-4451-b3ee-0afec4577834/5fc07a56-476a-56fa-1f90-8b87c4a74dfe?origin=2,0.0,2840.905104215452,,,
BESST-10 BH,2026-04-01,60872504000123,ITUB4,3469.373656476706,3470.812856837693,ITUB4_2026-04-01_DISTRIBUTION_102,DISTRIBUTION,0,cache/market.json.gz; SQLite corporate_actions/B3,0.0,63.08015182205947,,,
BESST-10 BH,2026-04-02,60746948000112,BBDC4,6570.602787928283,6577.123495716766,BBDC4_2026-04-02_DISTRIBUTION_501,DISTRIBUTION,0,https://www.bradescori.com.br/informacoes-ao-mercado/remuneracao-aos-acionistas/,0.0,124.67593291580667,,,
BESST-10 BH,2026-04-07,60746948000112,BBDC4,6577.123495716766,6678.926315055472,BBDC4_2026-04-07_DISTRIBUTION_500,DISTRIBUTION,0,https://www.bradescori.com.br/informacoes-ao-mercado/remuneracao-aos-acionistas/,0.0,1955.6321594965264,,,
BESST-10 BH,2026-04-28,02558157000162,VIVT3,3808.3237462599363,3819.5001123212937,CONT_2854_VIVT3_2026-04-28,DISTRIBUTION,0,https://api.mziq.com/mzfilemanager/v2/d/24165f81-24d6-4648-bf9f-66712905d5a2/34b95df5-e8c3-6d48-b667-42e740e0df5e?origin=2,0.0,434.98416710803264,,,
BESST-10 BH,2026-04-29,43776517000180,SBSP3,1535.150262947959,7675.751314739795,CONT_2655_SBSP3_2026-04-29,SHARES,0,SBSP_RI_2026,0.0,0.0,,,
BESST-10 BH,2026-05-04,17155730000164,CMIG4,13478.548773610168,13609.326045060438,CMIG4_2026-05-04_DISTRIBUTION_374,DISTRIBUTION,0,cache/market.json.gz; SQLite corporate_actions/B3,0.0,1592.8671662642837,,,
BESST-10 BH,2026-05-04,60872504000123,ITUB4,3476.0035544273205,3477.494136894929,ITUB4_2026-05-04_DISTRIBUTION_101,DISTRIBUTION,0,cache/market.json.gz; SQLite corporate_actions/B3,0.0,63.20069662659754,,,
BESST-10 BH,2026-05-05,02474103000119,TBLE3,3302.066012567096,3349.432787256052,TBLE3_2026-05-05_DISTRIBUTION_333,DISTRIBUTION,0,cache/market.json.gz; SQLite corporate_actions/B3,0.0,1612.365010412057,,,
BESST-10 BH,2026-05-05,60746948000112,BBDC4,6704.715490283648,6711.345021071948,BBDC4_2026-05-05_DISTRIBUTION_502,DISTRIBUTION,0,https://www.bradescori.com.br/informacoes-ao-mercado/remuneracao-aos-acionistas/,0.0,127.22069582747358,,,
BESST-10 BH,2026-05-25,02558157000162,VIVT3,3826.3067218900405,3969.1051536715913,CONT_2855_VIVT3_2026-05-25,DISTRIBUTION,0,https://api.mziq.com/mzfilemanager/v2/d/24165f81-24d6-4648-bf9f-66712905d5a2/34b95df5-e8c3-6d48-b667-42e740e0df5e?origin=2,0.0,4789.459401953217,,,
BESST-10 BH,2026-05-28,02558157000162,VIVT3,3969.1051536715913,3991.2846307215636,CONT_2856_VIVT3_2026-05-28,DISTRIBUTION,0,https://api.mziq.com/mzfilemanager/v2/d/24165f81-24d6-4648-bf9f-66712905d5a2/34b95df5-e8c3-6d48-b667-42e740e0df5e?origin=2,0.0,745.2304288790674,,,
BESST-10 BH,2026-06-01,60872504000123,ITUB4,3483.1900533122475,3484.799081806895,ITUB4_2026-06-01_DISTRIBUTION_100,DISTRIBUTION,0,cache/market.json.gz; SQLite corporate_actions/B3,0.0,63.33136154932328,,,
BESST-10 BH,2026-06-02,60746948000112,BBDC4,6739.346906598328,6746.551290842691,BBDC4_2026-06-02_DISTRIBUTION_503,DISTRIBUTION,0,https://www.bradescori.com.br/informacoes-ao-mercado/remuneracao-aos-acionistas/,0.0,127.8778203374441,,,
BESST-10 BH,2026-06-10,60872504000123,XPBR31,45.58237087028208,46.18643647790072,XPBR31_2026-06-10_DISTRIBUTION_691,DISTRIBUTION,0,https://www.sec.gov/Archives/edgar/data/1787425/000095010326007333/dp246817_ex9901.htm,0.0,47.189605267168226,,,
BESST-10 BH,2026-06-19,60872504000123,ITUB4,3490.718480358022,3522.4019818296038,ITUB4_2026-06-19_DISTRIBUTION_99,DISTRIBUTION,0,cache/market.json.gz; SQLite corporate_actions/B3,0.0,1263.221203671961,,,
BESST-10 BH,2026-06-23,02149205000169,PSSA3,3270.6430180954326,3302.77939791799,CONT_2857_PSSA3_2026-06-23,DISTRIBUTION,0,https://api.mziq.com/mzfilemanager/v2/d/b77a3922-d280-4451-b3ee-0afec4577834/f8d74364-4778-d466-02ec-0d7bf05ca8fa?origin=2,0.0,1677.1976629392861,,,
BESST-10 BH,2026-06-23,02558115000121,TIMS3,6323.997812874249,6371.486590338167,CONT_2858_TIMS3_2026-06-23,DISTRIBUTION,0,https://api.mziq.com/mzfilemanager/v2/d/4c4aa51f-1235-4aa1-8b83-adc92e8dacc3/25999361-3614-1392-dad2-f96e99522a8d?origin=2,0.0,1058.9997374453792,,,
BESST-10 BH,2026-06-24,17155730000164,CMIG4,13633.148521806685,13773.2985242294,CMIG4_2026-06-24_DISTRIBUTION_373,DISTRIBUTION,0,cache/market.json.gz; SQLite corporate_actions/B3,0.0,1502.408025971504,,,
BESST-10 BH,2026-06-24,17281106000103,CSMG3,6540.207059182034,6582.3877544735615,CONT_2481_CSMG3_2026-06-24,DISTRIBUTION,0,CSMG_RI_V4,0.0,2458.290921590234,,,
BESST-10 BH,2026-06-29,02558157000162,VIVT3,4001.0056263993315,4009.376779403244,CONT_2859_VIVT3_2026-06-29,DISTRIBUTION,0,https://api.mziq.com/mzfilemanager/v2/d/24165f81-24d6-4648-bf9f-66712905d5a2/34b95df5-e8c3-6d48-b667-42e740e0df5e?origin=2,0.0,287.9676633345992,,,
V10,2014-07-01,60872504000123,ITUB4,347.54804851770757,347.7105553982489,ITUB4_2014-07-01_DISTRIBUTION_295,DISTRIBUTION,0,cache/market.json.gz; SQLite corporate_actions/B3,0.0,5.213220727765614,,,
V10,2014-07-02,60746948000112,BBDC4,354.8014945642036,355.0315076172561,BBDC4_2014-07-02_DISTRIBUTION_332,DISTRIBUTION,0,cache/market.json.gz; SQLite corporate_actions/B3,0.0,7.34431678396665,,,
V10,2014-08-01,60872504000123,ITUB4,354.4696976553218,354.6218305727704,ITUB4_2014-08-01_DISTRIBUTION_294,DISTRIBUTION,0,cache/market.json.gz; SQLite corporate_actions/B3,0.0,5.317045464829826,,,
V10,2014-08-01,02558157000162,VIVT4,253.76897792418484,255.2957497056899,B00S_VIVT4_2014-08-01_DISTRIBUTION_82,DISTRIBUTION,0,cache/market.json.gz; B3,0.0,69.46811605848079,,,
V10,2014-08-04,60746948000112,BBDC4,355.0315076172561,355.23910869087456,BBDC4_2014-08-04_DISTRIBUTION_331,DISTRIBUTION,0,cache/market.json.gz; SQLite corporate_actions/B3,0.0,7.3490780060921095,,,
V10,2014-08-14,60872504000123,ITUB4,354.6218305727704,357.89888658075427,ITUB4_2014-08-14_DISTRIBUTION_293,DISTRIBUTION,0,cache/market.json.gz; SQLite corporate_actions/B3,0.0,115.45068316127114,,,
V10,2014-09-01,60872504000123,ITUB4,357.89888658075427,358.03144172393235,ITUB4_2014-09-01_DISTRIBUTION_292,DISTRIBUTION,0,cache/market.json.gz; SQLite corporate_actions/B3,0.0,5.368483298711314,,,
V10,2014-09-01,02558157000162,VIVT4,257.13814714751396,258.6589549118056,B00S_VIVT4_2014-09-01_DISTRIBUTION_81,DISTRIBUTION,0,cache/market.json.gz; B3,0.0,70.71756103956149,,,
V10,2014-09-02,60746948000112,BBDC4,355.23910869087456,355.4160852325094,BBDC4_2014-09-02_DISTRIBUTION_330,DISTRIBUTION,0,cache/market.json.gz; SQLite corporate_actions/B3,0.0,7.353375304927386,,,
V10,2014-09-12,02474103000119,TBLE3,346.0348440039934,353.0014133516111,TBLE3_2014-09-12_DISTRIBUTION_372,DISTRIBUTION,0,cache/market.json.gz; SQLite corporate_actions/B3,0.0,244.80524687528688,,,
V10,2014-09-23,17281106000103,CSMG3,312.5603695987759,315.01703232123486,B00S_CSMG3_2014-09-23_DISTRIBUTION_60,DISTRIBUTION,0,cache/market.json.gz; B3,0.0,85.78666226826839,,,
V10,2014-10-01,60872504000123,ITUB4,358.03144172393235,358.1943807902509,ITUB4_2014-10-01_DISTRIBUTION_291,DISTRIBUTION,0,cache/market.json.gz; SQLite corporate_actions/B3,0.0,5.370471625858985,,,
V10,2014-10-01,02558157000162,VIVT4,266.7464426476205,268.0448931029702,B00S_VIVT4_2014-10-01_DISTRIBUTION_80,DISTRIBUTION,0,cache/market.json.gz; B3,0.0,61.299845997059336,,,
V10,2014-10-02,60746948000112,BBDC4,355.4160852325094,355.628654971959,BBDC4_2014-10-02_DISTRIBUTION_329,DISTRIBUTION,0,cache/market.json.gz; SQLite corporate_actions/B3,0.0,7.35703868235113,,,
V10,2014-10-30,02149205000169,PSSA3,391.30477299293506,399.58322050980485,B00S_PSSA3_2014-10-30_DISTRIBUTION_67,DISTRIBUTION,0,cache/market.json.gz; B3,0.0,242.55851224428548,,,
V10,2014-11-03,60872504000123,ITUB4,358.1943807902509,358.3411817659846,ITUB4_2014-11-03_DISTRIBUTION_290,DISTRIBUTION,0,cache/market.json.gz; SQLite corporate_actions/B3,0.0,5.3729157118537625,,,
V10,2014-11-03,02558157000162,VIVT4,268.0448931029702,269.5531016621041,B00S_VIVT4_2014-11-03_DISTRIBUTION_79,DISTRIBUTION,0,cache/market.json.gz; B3,0.0,75.28977127196477,,,
V10,2014-11-04,60746948000112,BBDC4,355.628654971959,355.8260655064597,BBDC4_2014-11-04_DISTRIBUTION_328,DISTRIBUTION,0,cache/market.json.gz; SQLite corporate_actions/B3,0.0,7.361438831530662,,,
V10,2014-11-10,17155730000164,CMIG4,799.7598760109236,851.8580095389835,CMIG4_2014-11-10_DISTRIBUTION_637,DISTRIBUTION,0,https://api.mziq.com/mzfilemanager/v2/d/716a131f-9624-452c-9088-0cd6983c1349/a2eb9f5f-37e1-8913-c1eb-c4281b5e23b2?origin=2,0.0,699.1569519465646,,,
V10,2014-11-11,02474103000119,TBLE3,359.4943175826207,365.7378538373702,TBLE3_2014-11-11_DISTRIBUTION_371,DISTRIBUTION,0,cache/market.json.gz; SQLite corporate_actions/B3,0.0,209.34577062175214,,,
V10,2014-11-26,02474103000119,TBLE3,365.7378538373702,369.40850858785103,TBLE3_2014-11-26_DISTRIBUTION_370,DISTRIBUTION,0,cache/market.json.gz; SQLite corporate_actions/B3,0.0,124.94908770636705,,,
V10,2014-12-01,60872504000123,ITUB4,358.3411817659846,358.48653378671173,ITUB4_2014-12-01_DISTRIBUTION_289,DISTRIBUTION,0,cache/market.json.gz; SQLite corporate_actions/B3,0.0,5.375117726489768,,,
V10,2014-12-01,02558157000162,VIVT4,269.5531016621041,271.8704028092692,B00S_VIVT4_2014-12-01_DISTRIBUTION_78,DISTRIBUTION,0,cache/market.json.gz; B3,0.0,114.70640678467188,,,
V10,2014-12-02,60746948000112,BBDC4,355.8260655064597,356.0260526144786,BBDC4_2014-12-02_DISTRIBUTION_327,DISTRIBUTION,0,cache/market.json.gz; SQLite corporate_actions/B3,0.0,7.365525188336025,,,
V10,2014-12-23,60746948000112,BBDC4,356.0260526144786,362.48022628180223,BBDC4_2014-12-23_DISTRIBUTION_326,DISTRIBUTION,0,cache/market.json.gz; SQLite corporate_actions/B3,0.0,231.1885007635326,,,
V10,2014-12-23,02149205000169,PSSA3,402.3594558384625,405.1305913107451,B00S_PSSA3_2014-12-23_DISTRIBUTION_66,DISTRIBUTION,0,cache/market.json.gz; B3,0.0,84.63047732351093,,,
V10,2014-12-29,17155730000164,CMIG4,878.5982253195764,890.4592408847625,CMIG4_2014-12-29_DISTRIBUTION_638,DISTRIBUTION,0,https://api.mziq.com/mzfilemanager/v2/d/716a131f-9624-452c-9088-0cd6983c1349/a2eb9f5f-37e1-8913-c1eb-c4281b5e23b2?origin=2,0.0,160.59815075261938,,,
V10,2015-01-02,60872504000123,ITUB4,358.48653378671173,358.6454843633242,ITUB4_2015-01-02_DISTRIBUTION_288,DISTRIBUTION,0,cache/market.json.gz; SQLite corporate_actions/B3,0.0,5.377298006800676,,,
V10,2015-01-02,02558157000162,VIVT4,271.8704028092692,274.4370885501117,B00S_VIVT4_2015-01-02_DISTRIBUTION_77,DISTRIBUTION,0,cache/market.json.gz; B3,0.0,118.73488237137504,,,
V10,2015-01-05,60746948000112,BBDC4,362.48022628180223,362.69866194193804,BBDC4_2015-01-05_DISTRIBUTION_325,DISTRIBUTION,0,cache/market.json.gz; SQLite corporate_actions/B3,0.0,7.503264925666013,,,
V10,2015-02-02,60872504000123,ITUB4,358.6454843633242,358.8069394133077,ITUB4_2015-02-02_DISTRIBUTION_287,DISTRIBUTION,0,cache/market.json.gz; SQLite corporate_actions/B3,0.0,5.379682265449863,,,
V10,2015-02-03,60746948000112,BBDC4,362.69866194193804,362.91122667857957,BBDC4_2015-02-03_DISTRIBUTION_324,DISTRIBUTION,0,cache/market.json.gz; SQLite corporate_actions/B3,0.0,7.507786498177771,,,
V10,2015-02-10,60746948000112,BBDC4,362.91122667857957,364.5328890379741,BBDC4_2015-02-10_DISTRIBUTION_323,DISTRIBUTION,0,cache/market.json.gz; SQLite corporate_actions/B3,0.0,57.1473815450632,,,
V10,2015-02-11,60872504000123,ITUB4,358.8069394133077,367.85534738662477,ITUB4_2015-02-11_DISTRIBUTION_285;ITUB4_2015-02-11_DISTRIBUTION_286,DISTRIBUTION,0,cache/market.json.gz; SQLite corporate_actions/B3,0.0,302.94069894665574,,,
V10,2015-02-11,02558157000162,VIVT4,274.4370885501117,288.0842557207003,B00S_VIVT4_2015-02-11_DISTRIBUTION_76,DISTRIBUTION,0,cache/market.json.gz; B3,0.0,693.2760922659007,,,
V10,2015-03-02,60872504000123,ITUB4,367.85534738662477,368.0072700245873,ITUB4_2015-03-02_DISTRIBUTION_284,DISTRIBUTION,0,cache/market.json.gz; SQLite corporate_actions/B3,0.0,5.517830210799372,,,
V10,2015-03-03,60746948000112,BBDC4,364.5328890379741,364.7360049091911,BBDC4_2015-03-03_DISTRIBUTION_322,DISTRIBUTION,0,cache/market.json.gz; SQLite corporate_actions/B3,0.0,7.545754615712254,,,
V10,2015-03-25,17281106000103,CSMG3,593.9725359163955,594.6210819324838,B00S_CSMG3_2015-03-25_DISTRIBUTION_59,DISTRIBUTION,0,cache/market.json.gz; B3,0.0,12.205636022781968,,,
V10,2015-03-27,60746948000112,BBDC4,364.7360049091911,437.6832058910293,BBDC4_2015-03-27_SHARES_667,SHARES,0,originals/bradesco_remuneracao.html.gz; owned_capital_events_fre.json; SEC 6K 20150317/20160404/20180319/20200403,0.0,0.0,,,
V10,2015-03-30,02149205000169,PSSA3,416.2816375655137,423.7845315241931,B00S_PSSA3_2015-03-30_DISTRIBUTION_65,DISTRIBUTION,0,cache/market.json.gz; B3,0.0,264.8521567413832,,,
V10,2015-04-01,60872504000123,ITUB4,368.0072700245873,368.1585058889809,ITUB4_2015-04-01_DISTRIBUTION_283,DISTRIBUTION,0,cache/market.json.gz; SQLite corporate_actions/B3,0.0,5.520109050368809,,,
V10,2015-04-02,60746948000112,BBDC4,439.61344753605744,439.88287845339687,BBDC4_2015-04-02_DISTRIBUTION_321,DISTRIBUTION,0,cache/market.json.gz; SQLite corporate_actions/B3,0.0,8.34158120082821,,,
V10,2015-04-07,43776517000180,SBSP3,771.8340702186499,787.4027686977039,B00S_SBSP3_2015-04-07_DISTRIBUTION_68,DISTRIBUTION,0,cache/market.json.gz; B3,0.0,284.9071821666888,,,
V10,2015-04-10,02558157000162,VIVT4,288.0842557207003,288.1892513011365,B00S_VIVT4_2015-04-10_DISTRIBUTION_75,DISTRIBUTION,0,cache/market.json.gz; B3,0.0,4.920092899241397,,,
V10,2015-05-04,17155730000164,CMIG4,994.1136268727787,1024.7711337981923,CMIG4_2015-05-04_DISTRIBUTION_639,DISTRIBUTION,0,https://api.mziq.com/mzfilemanager/v2/d/716a131f-9624-452c-9088-0cd6983c1349/a2eb9f5f-37e1-8913-c1eb-c4281b5e23b2?origin=2,0.0,448.21275124954724,,,
V10,2015-05-04,60872504000123,ITUB4,369.29930083290344,369.44152135954,ITUB4_2015-05-04_DISTRIBUTION_282,DISTRIBUTION,0,cache/market.json.gz; SQLite corporate_actions/B3,0.0,5.539489512493551,,,
V10,2015-05-05,60746948000112,BBDC4,441.6271863218012,441.8859017126522,BBDC4_2015-05-05_DISTRIBUTION_320,DISTRIBUTION,0,cache/market.json.gz; SQLite corporate_actions/B3,0.0,8.37979150966359,,,
V10,2015-05-11,02474103000119,TBLE3,385.5028434768741,388.2652578652364,TBLE3_2015-05-11_DISTRIBUTION_369,DISTRIBUTION,0,cache/market.json.gz; SQLite corporate_actions/B3,0.0,101.62922534784899,,,
V10,2015-05-12,17281106000103,CSMG3,700.6950552267608,702.1944334805493,B00S_CSMG3_2015-05-12_DISTRIBUTION_58,DISTRIBUTION,0,cache/market.json.gz; B3,0.0,26.988808568191455,,,
V10,2015-05-13,02558115000121,TIMP3,1307.81073095809,1330.0598509020415,B00S_TIMP3_2015-05-13_DISTRIBUTION_85,DISTRIBUTION,0,"originals/tim_2015_ago.pdf.gz; 2015-04-14 AGM, record 2015-05-12",0.0,198.46214990004617,,,
V10,2015-05-26,02558157000162,VIVT4,289.13437481242704,292.7148799716506,B00S_VIVT4_2015-05-26_DISTRIBUTION_73;B00S_VIVT4_2015-05-26_DISTRIBUTION_74,DISTRIBUTION,0,cache/market.json.gz; B3,0.0,157.36320174787556,,,
V10,2015-06-01,60872504000123,ITUB4,369.44152135954,369.6041276629553,ITUB4_2015-06-01_DISTRIBUTION_281,DISTRIBUTION,0,cache/market.json.gz; SQLite corporate_actions/B3,0.0,5.5416228203930995,,,
V10,2015-06-02,60746948000112,BBDC4,458.73814894359924,459.039759087647,BBDC4_2015-06-02_DISTRIBUTION_319,DISTRIBUTION,0,cache/market.json.gz; SQLite corporate_actions/B3,0.0,8.704468757218347,,,
V10,2015-06-23,60746948000112,BBDC4,459.039759087647,462.0833339124413,BBDC4_2015-06-23_DISTRIBUTION_318,DISTRIBUTION,0,cache/market.json.gz; SQLite corporate_actions/B3,0.0,87.16798298210881,,,
V10,2015-07-01,60872504000123,ITUB4,381.7480754924429,381.9145354090821,ITUB4_2015-07-01_DISTRIBUTION_280,DISTRIBUTION,0,cache/market.json.gz; SQLite corporate_actions/B3,0.0,5.726221132386644,,,
V10,2015-07-02,60746948000112,BBDC4,467.2498207415775,467.5569207105368,BBDC4_2015-07-02_DISTRIBUTION_317,DISTRIBUTION,0,cache/market.json.gz; SQLite corporate_actions/B3,0.0,8.86597610385567,,,
V10,2015-07-14,60872504000123,ITUB4,385.8680821006462,424.4548903107108,ITUB4_2015-07-14_SHARES_662,SHARES,0,https://www.itau.com.br/relacoes-com-investidores/informacoes-ao-mercado/recompra/; owned_capital_events_fre.json; B3,0.0,0.0,,,
V10,2015-08-03,60872504000123,ITUB4,424.4548903107108,424.6676852089281,ITUB4_2015-08-03_DISTRIBUTION_279,DISTRIBUTION,0,cache/market.json.gz; SQLite corporate_actions/B3,0.0,6.366823354660662,,,
V10,2015-08-03,02558157000162,VIVT4,300.7510672026474,301.6766185065357,CONT_2802_VIVT4_2015-08-03,DISTRIBUTION,0,cache/market.json.gz; B3,0.0,40.603935701581264,,,
V10,2015-08-04,60746948000112,BBDC4,477.59060424484437,477.9387483284303,BBDC4_2015-08-04_DISTRIBUTION_316,DISTRIBUTION,0,cache/market.json.gz; SQLite corporate_actions/B3,0.0,9.062190495740511,,,
V10,2015-08-12,17281106000103,CSMG3,928.3178756763357,929.109406511082,CONT_994_CSMG3_2015-08-12,DISTRIBUTION,0,cache/market.json.gz; B3,0.0,8.231920681362213,,,
V10,2015-08-13,60872504000123,ITUB4,429.81239254468727,435.38224602110904,ITUB4_2015-08-13_DISTRIBUTION_278,DISTRIBUTION,0,cache/market.json.gz; SQLite corporate_actions/B3,0.0,148.71508782046178,,,
V10,2015-08-21,02474103000119,TBLE3,391.263658098596,396.83833299455534,TBLE3_2015-08-21_DISTRIBUTION_368,DISTRIBUTION,0,cache/market.json.gz; SQLite corporate_actions/B3,0.0,186.58436876775912,,,
V10,2015-09-01,60872504000123,ITUB4,435.38224602110904,435.6342033394083,ITUB4_2015-09-01_DISTRIBUTION_277,DISTRIBUTION,0,cache/market.json.gz; SQLite corporate_actions/B3,0.0,6.5307336903166355,,,
V10,2015-09-01,02558157000162,VIVT4,301.6766185065357,302.77266847094745,CONT_2801_VIVT4_2015-09-01,DISTRIBUTION,0,cache/market.json.gz; B3,0.0,43.67759108180813,,,
V10,2015-09-02,60746948000112,BBDC4,492.43545197520837,492.8456305812689,BBDC4_2015-09-02_DISTRIBUTION_315,DISTRIBUTION,0,cache/market.json.gz; SQLite corporate_actions/B3,0.0,9.343868646058251,,,
V10,2015-10-01,60872504000123,ITUB4,439.9937291671734,440.23926138211044,ITUB4_2015-10-01_DISTRIBUTION_276,DISTRIBUTION,0,cache/market.json.gz; SQLite corporate_actions/B3,0.0,6.599905937507601,,,
V10,2015-10-01,02558157000162,VIVT4,302.77266847094745,303.5012212996621,CONT_2800_VIVT4_2015-10-01,DISTRIBUTION,0,cache/market.json.gz; B3,0.0,27.189591567632494,,,
V10,2015-10-02,60746948000112,BBDC4,515.6387440298568,516.0734018122187,BBDC4_2015-10-02_DISTRIBUTION_314,DISTRIBUTION,0,cache/market.json.gz; SQLite corporate_actions/B3,0.0,9.78414668096642,,,
V10,2015-10-29,02149205000169,PSSA3,423.7845315241931,434.0569112740809,CONT_2161_PSSA3_2015-10-29,DISTRIBUTION,0,cache/market.json.gz; B3,0.0,334.8795798463425,,,
V10,2015-11-03,60872504000123,ITUB4,441.4631583982635,441.69831277951255,ITUB4_2015-11-03_DISTRIBUTION_275,DISTRIBUTION,0,cache/market.json.gz; SQLite corporate_actions/B3,0.0,6.621947375973952,,,
V10,2015-11-03,02558157000162,VIVT4,309.91659678924043,310.31709709919056,CONT_2799_VIVT4_2015-11-03,DISTRIBUTION,0,cache/market.json.gz; B3,0.0,16.660812893925463,,,
V10,2015-11-04,60746948000112,BBDC4,551.601327120715,552.0847696069166,BBDC4_2015-11-04_DISTRIBUTION_313,DISTRIBUTION,0,cache/market.json.gz; SQLite corporate_actions/B3,0.0,10.466529826262088,,,
V10,2015-11-12,17281106000103,CSMG3,1038.1521579434307,1039.5862279353798,CONT_993_CSMG3_2015-11-12,DISTRIBUTION,0,cache/market.json.gz; B3,0.0,21.726160378031505,,,
V10,2015-11-24,02474103000119,TBLE3,396.83833299455534,402.21877516561796,TBLE3_2015-11-24_DISTRIBUTION_367,DISTRIBUTION,0,cache/market.json.gz; SQLite corporate_actions/B3,0.0,190.89808822930138,,,
V10,2015-12-01,60872504000123,ITUB4,454.710044105221,454.953725800883,ITUB4_2015-12-01_DISTRIBUTION_274,DISTRIBUTION,0,cache/market.json.gz; SQLite corporate_actions/B3,0.0,6.820650661578315,,,
V10,2015-12-01,02558157000162,VIVT4,314.50866510625144,315.722733015491,CONT_2798_VIVT4_2015-12-01,DISTRIBUTION,0,cache/market.json.gz; B3,0.0,45.15118554461844,,,
V10,2015-12-02,60746948000112,BBDC4,574.9766043860221,575.4968748317872,BBDC4_2015-12-02_DISTRIBUTION_312,DISTRIBUTION,0,cache/market.json.gz; SQLite corporate_actions/B3,0.0,10.910071247693331,,,
V10,2015-12-10,60872504000123,ITUB4,461.3398315170393,464.68774904436776,ITUB4_2015-12-10_DISTRIBUTION_273,DISTRIBUTION,0,cache/market.json.gz; SQLite corporate_actions/B3,0.0,96.42002478706121,,,
V10,2015-12-14,02149205000169,PSSA3,434.0569112740809,438.38704418451914,CONT_2160_PSSA3_2015-12-14,DISTRIBUTION,0,cache/market.json.gz; B3,0.0,137.6982265519358,,,
V10,2015-12-17,60746948000112,BBDC4,575.4968748317872,599.1577410460811,BBDC4_2015-12-17_DISTRIBUTION_311,DISTRIBUTION,0,cache/market.json.gz; SQLite corporate_actions/B3,0.0,485.994192041598,,,
V10,2016-01-04,17155730000164,CMIG4,1747.5404671336996,1796.615792679662,CMIG4_2016-01-04_DISTRIBUTION_640,DISTRIBUTION,0,https://api.mziq.com/mzfilemanager/v2/d/716a131f-9624-452c-9088-0cd6983c1349/a2eb9f5f-37e1-8913-c1eb-c4281b5e23b2?origin=2,0.0,277.76634259014764,,,
V10,2016-01-04,60872504000123,ITUB4,464.68774904436776,464.96511936811095,ITUB4_2016-01-04_DISTRIBUTION_272,DISTRIBUTION,0,cache/market.json.gz; SQLite corporate_actions/B3,0.0,6.970316235665516,,,
V10,2016-01-04,02558157000162,VIVT4,327.5955616981928,329.3032690706944,CONT_2797_VIVT4_2016-01-04,DISTRIBUTION,0,cache/market.json.gz; B3,0.0,60.62361172380787,,,
V10,2016-01-05,60746948000112,BBDC4,620.4377159398903,621.0557047669955,BBDC4_2016-01-05_DISTRIBUTION_310,DISTRIBUTION,0,cache/market.json.gz; SQLite corporate_actions/B3,0.0,11.772687156355673,,,
V10,2016-02-01,60872504000123,ITUB4,477.1069393953067,477.3879211028422,ITUB4_2016-02-01_DISTRIBUTION_271,DISTRIBUTION,0,cache/market.json.gz; SQLite corporate_actions/B3,0.0,7.1566040909296005,,,
V10,2016-02-02,60746948000112,BBDC4,646.5470597781149,647.2343486839301,BBDC4_2016-02-02_DISTRIBUTION_309,DISTRIBUTION,0,cache/market.json.gz; SQLite corporate_actions/B3,0.0,12.26810696880131,,,
V10,2016-02-19,60872504000123,ITUB4,488.71399277939855,501.891349057719,ITUB4_2016-02-19_DISTRIBUTION_269;ITUB4_2016-02-19_DISTRIBUTION_270,DISTRIBUTION,0,cache/market.json.gz; SQLite corporate_actions/B3,0.0,319.8144368748384,,,
V10,2016-03-01,60872504000123,ITUB4,501.891349057719,502.1745834533498,ITUB4_2016-03-01_DISTRIBUTION_268,DISTRIBUTION,0,cache/market.json.gz; SQLite corporate_actions/B3,0.0,7.528370235865785,,,
V10,2016-03-01,02558157000162,VIVT4,351.11737766729726,352.2148291513801,CONT_2796_VIVT4_2016-03-01,DISTRIBUTION,0,cache/market.json.gz; B3,0.0,42.89937851279927,,,
V10,2016-03-02,60746948000112,BBDC4,647.953413028733,648.5022876828901,BBDC4_2016-03-02_DISTRIBUTION_308,DISTRIBUTION,0,cache/market.json.gz; SQLite corporate_actions/B3,0.0,12.29479225311832,,,
V10,2016-03-30,02149205000169,PSSA3,495.25965997473816,497.78148314826996,CONT_2159_PSSA3_2016-03-30,DISTRIBUTION,0,cache/market.json.gz; B3,0.0,70.10668422418465,,,
V10,2016-04-01,60872504000123,ITUB4,512.49027385919,512.7350161103167,ITUB4_2016-04-01_DISTRIBUTION_267,DISTRIBUTION,0,cache/market.json.gz; SQLite corporate_actions/B3,0.0,7.68735410788785,,,
V10,2016-04-01,02558157000162,VIVT4,355.97019685599537,357.6089382552405,CONT_2795_VIVT4_2016-04-01,DISTRIBUTION,0,cache/market.json.gz; B3,0.0,73.2845153742414,,,
V10,2016-04-04,60746948000112,BBDC4,648.5022876828901,648.9654117718945,BBDC4_2016-04-04_DISTRIBUTION_307,DISTRIBUTION,0,cache/market.json.gz; SQLite corporate_actions/B3,0.0,12.305207044845892,,,
V10,2016-04-06,43776517000180,SBSP3,803.7656236997655,811.5067656091795,CONT_2263_SBSP3_2016-04-06,DISTRIBUTION,0,cache/market.json.gz; B3,0.0,176.26580127735855,,,
V10,2016-04-13,02558115000121,TIMP3,1912.5598816691017,1961.279828128462,TIMP_GROSS_2016-04-13,DISTRIBUTION,0,research/graham_v6_comparison/audit_v13_inputs/documents/TIM_DIV.html.gz,0.0,370.2715930911381,,,
V10,2016-04-18,60746948000112,BBDC4,648.9654117718945,713.8619529490841,BBDC4_2016-04-18_SHARES_668,SHARES,0,originals/bradesco_remuneracao.html.gz; owned_capital_events_fre.json; SEC 6K 20150317/20160404/20180319/20200403,0.0,0.0,,,
V10,2016-04-29,02558157000162,VIVT4,363.2832080680991,370.02712130594455,CONT_2794_VIVT4_2016-04-29,DISTRIBUTION,0,cache/market.json.gz; B3,0.0,285.6721647551335,,,
V10,2016-05-02,17155730000164,CMIG4,2080.0314661554307,2186.943717390832,CMIG4_2016-05-02_DISTRIBUTION_641,DISTRIBUTION,0,https://api.mziq.com/mzfilemanager/v2/d/716a131f-9624-452c-9088-0cd6983c1349/a2eb9f5f-37e1-8913-c1eb-c4281b5e23b2?origin=2,0.0,717.3812057895398,,,
V10,2016-05-02,60872504000123,ITUB4,519.7672626112656,520.0112848002849,ITUB4_2016-05-02_DISTRIBUTION_266,DISTRIBUTION,0,cache/market.json.gz; SQLite corporate_actions/B3,0.0,7.796508939168983,,,
V10,2016-05-02,02558157000162,VIVT4,370.02712130594455,371.18257529377104,CONT_2793_VIVT4_2016-05-02,DISTRIBUTION,0,cache/market.json.gz; B3,0.0,49.7307396360523,,,
V10,2016-05-03,60746948000112,BBDC4,713.8619529490841,714.4072586741072,BBDC4_2016-05-03_DISTRIBUTION_306,DISTRIBUTION,0,cache/market.json.gz; SQLite corporate_actions/B3,0.0,13.545394209575855,,,
V10,2016-05-11,02474103000119,TBLE3,426.18764694601566,429.92803680653236,TBLE3_2016-05-11_DISTRIBUTION_366,DISTRIBUTION,0,cache/market.json.gz; SQLite corporate_actions/B3,0.0,136.78605719909524,,,
V10,2016-05-12,17281106000103,CSMG3,1039.5862279353798,1048.1183150044685,CONT_992_CSMG3_2016-05-12,DISTRIBUTION,0,cache/market.json.gz; B3,0.0,215.34987762379873,,,
V10,2016-06-01,60872504000123,ITUB4,525.224426161549,525.4917612953265,ITUB4_2016-06-01_DISTRIBUTION_265,DISTRIBUTION,0,cache/market.json.gz; SQLite corporate_actions/B3,0.0,7.878366392423235,,,
V10,2016-06-02,60746948000112,BBDC4,718.2347424072408,718.8037765222446,BBDC4_2016-06-02_DISTRIBUTION_305,DISTRIBUTION,0,cache/market.json.gz; SQLite corporate_actions/B3,0.0,13.628367054341593,,,
V10,2016-06-23,60746948000112,BBDC4,718.8037765222446,724.1596011278242,BBDC4_2016-06-23_DISTRIBUTION_304,DISTRIBUTION,0,cache/market.json.gz; SQLite corporate_actions/B3,0.0,136.41285270411282,,,
V10,2016-07-01,60872504000123,ITUB4,683.4593501699796,683.791019217296,ITUB4_2016-07-01_DISTRIBUTION_264,DISTRIBUTION,0,cache/market.json.gz; SQLite corporate_actions/B3,0.0,10.251890252549694,,,
V10,2016-07-01,02558157000162,VIVT4,471.84996566794877,472.90710921743755,CONT_2792_VIVT4_2016-07-01,DISTRIBUTION,0,cache/market.json.gz; B3,0.0,46.40860182255827,,,
V10,2016-07-04,60746948000112,BBDC4,835.53781967197,836.1544735241891,BBDC4_2016-07-04_DISTRIBUTION_303,DISTRIBUTION,0,cache/market.json.gz; SQLite corporate_actions/B3,0.0,15.854170540552074,,,
V10,2016-08-01,60872504000123,ITUB4,691.175887097235,691.4860168700875,ITUB4_2016-08-01_DISTRIBUTION_263,DISTRIBUTION,0,cache/market.json.gz; SQLite corporate_actions/B3,0.0,10.367638306458524,,,
V10,2016-08-02,60746948000112,BBDC4,848.1612885132139,848.735448286697,BBDC4_2016-08-02_DISTRIBUTION_302,DISTRIBUTION,0,cache/market.json.gz; SQLite corporate_actions/B3,0.0,16.093698450732127,,,
V10,2016-08-09,02474103000119,TBLE3,567.2662000215538,580.7447776384195,TBLE3_2016-08-09_DISTRIBUTION_365,DISTRIBUTION,0,cache/market.json.gz; SQLite corporate_actions/B3,0.0,560.708828861612,,,
V10,2016-08-15,60872504000123,ITUB4,710.4327233456597,718.2373119088458,ITUB4_2016-08-15_DISTRIBUTION_262,DISTRIBUTION,0,cache/market.json.gz; SQLite corporate_actions/B3,0.0,283.4626566149182,,,
V10,2016-09-01,60872504000123,ITUB4,718.2373119088458,718.5350062906814,ITUB4_2016-09-01_DISTRIBUTION_261,DISTRIBUTION,0,cache/market.json.gz; SQLite corporate_actions/B3,0.0,10.773559678632687,,,
V10,2016-09-02,60746948000112,BBDC4,854.553767224572,855.1017562246841,BBDC4_2016-09-02_DISTRIBUTION_301,DISTRIBUTION,0,cache/market.json.gz; SQLite corporate_actions/B3,0.0,16.21499451331671,,,
V10,2016-10-03,60746948000112,BBDC4,855.1017562246841,873.1348393740477,BBDC4_2016-10-03_DISTRIBUTION_300,DISTRIBUTION,0,cache/market.json.gz; SQLite corporate_actions/B3,0.0,537.2055470195422,,,
V10,2016-10-03,60872504000123,ITUB4,718.5350062906814,718.8315131708564,ITUB4_2016-10-03_DISTRIBUTION_260,DISTRIBUTION,0,cache/market.json.gz; SQLite corporate_actions/B3,0.0,10.77802509436022,,,
V10,2016-10-03,02558157000162,VIVT4,496.03859803049585,500.25183506901993,CONT_2791_VIVT4_2016-10-03,DISTRIBUTION,0,cache/market.json.gz; B3,0.0,196.9688315510007,,,
V10,2016-10-04,60746948000112,BBDC4,873.1348393740477,873.6834343014772,BBDC4_2016-10-04_DISTRIBUTION_299,DISTRIBUTION,0,cache/market.json.gz; SQLite corporate_actions/B3,0.0,16.567566808368234,,,
V10,2016-10-18,60872504000123,ITUB4,718.8315131708564,790.7146644879421,ITUB4_2016-10-18_SHARES_663,SHARES,0,https://www.itau.com.br/relacoes-com-investidores/informacoes-ao-mercado/recompra/; owned_capital_events_fre.json; B3,0.0,0.0,,,
V10,2016-10-28,02149205000169,PSSA3,841.4833981281059,871.5565947739701,CONT_2158_PSSA3_2016-10-28,DISTRIBUTION,0,cache/market.json.gz; B3,0.0,914.2251780342706,,,
V10,2016-11-01,60872504000123,ITUB4,790.7146644879421,791.0330730776687,ITUB4_2016-11-01_DISTRIBUTION_259,DISTRIBUTION,0,cache/market.json.gz; SQLite corporate_actions/B3,0.0,11.860719967319131,,,
V10,2016-11-03,60746948000112,BBDC4,873.6834343014772,874.2068942412415,BBDC4_2016-11-03_DISTRIBUTION_298,DISTRIBUTION,0,cache/market.json.gz; SQLite corporate_actions/B3,0.0,16.577976292334576,,,
V10,2016-11-11,02474103000119,TBLE3,646.5542383296615,658.7420029956697,TBLE3_2016-11-11_DISTRIBUTION_364,DISTRIBUTION,0,cache/market.json.gz; SQLite corporate_actions/B3,0.0,428.3999280101899,,,
V10,2016-12-01,60872504000123,ITUB4,791.0330730776687,791.3841232580287,ITUB4_2016-12-01_DISTRIBUTION_258,DISTRIBUTION,0,cache/market.json.gz; SQLite corporate_actions/B3,0.0,11.86549609616503,,,
V10,2016-12-02,60746948000112,BBDC4,874.2068942412415,874.7885179735244,BBDC4_2016-12-02_DISTRIBUTION_297,DISTRIBUTION,0,cache/market.json.gz; SQLite corporate_actions/B3,0.0,16.587908844710757,,,
V10,2016-12-21,02149205000169,PSSA3,880.4374502940499,883.8775167458499,CONT_2157_PSSA3_2016-12-21,DISTRIBUTION,0,cache/market.json.gz; B3,0.0,88.1001018305983,,,
V10,2016-12-22,60746948000112,BBDC4,874.7885179735244,884.0234594997868,BBDC4_2016-12-22_DISTRIBUTION_296,DISTRIBUTION,0,cache/market.json.gz; SQLite corporate_actions/B3,0.0,247.03468582751643,,,
V10,2016-12-23,60872504000123,ITUB4,791.3841232580287,802.8734511207892,ITUB4_2016-12-23_DISTRIBUTION_257,DISTRIBUTION,0,cache/market.json.gz; SQLite corporate_actions/B3,0.0,373.0584757038347,,,
V10,2016-12-27,17155730000164,CMIG4,3067.118329982881,3192.6288558210313,CMIG4_2016-12-27_DISTRIBUTION_642,DISTRIBUTION,0,https://api.mziq.com/mzfilemanager/v2/d/716a131f-9624-452c-9088-0cd6983c1349/a2eb9f5f-37e1-8913-c1eb-c4281b5e23b2?origin=2,0.0,926.267680685549,,,
V10,2017-01-02,60872504000123,ITUB4,802.8734511207892,803.2326250476252,ITUB4_2017-01-02_DISTRIBUTION_256,DISTRIBUTION,0,cache/market.json.gz; SQLite corporate_actions/B3,0.0,12.043101766811839,,,
V10,2017-01-02,02558157000162,VIVT4,559.7545608219074,564.4412463778629,CONT_2790_VIVT4_2017-01-02,DISTRIBUTION,0,cache/market.json.gz; B3,0.0,206.5890993065187,,,
V10,2017-01-03,60746948000112,BBDC4,884.0234594997868,884.5825987096378,BBDC4_2017-01-03_DISTRIBUTION_623,DISTRIBUTION,0,https://www.bradescori.com.br/informacoes-ao-mercado/remuneracao-aos-acionistas/,0.0,16.77417629552769,,,
V10,2017-02-01,60872504000123,ITUB4,803.2326250476252,803.5528932394305,ITUB4_2017-02-01_DISTRIBUTION_255,DISTRIBUTION,0,cache/market.json.gz; SQLite corporate_actions/B3,0.0,12.048489375714379,,,
V10,2017-02-02,60746948000112,BBDC4,884.5825987096378,885.1205726152543,BBDC4_2017-02-02_DISTRIBUTION_624,DISTRIBUTION,0,https://www.bradescori.com.br/informacoes-ao-mercado/remuneracao-aos-acionistas/,0.0,16.784785855239022,,,
V10,2017-02-21,60872504000123,ITUB4,803.5528932394305,818.8056450978847,ITUB4_2017-02-21_DISTRIBUTION_254,DISTRIBUTION,0,cache/market.json.gz; SQLite corporate_actions/B3,0.0,623.0749134178544,,,
V10,2017-03-01,60872504000123,ITUB4,818.8056450978847,819.113081510312,ITUB4_2017-03-01_DISTRIBUTION_253,DISTRIBUTION,0,cache/market.json.gz; SQLite corporate_actions/B3,0.0,12.282084676468271,,,
V10,2017-03-01,02558157000162,VIVT4,570.4181828092705,571.7865096077658,CONT_2789_VIVT4_2017-03-01,DISTRIBUTION,0,cache/market.json.gz; B3,0.0,62.72410044301989,,,
V10,2017-03-02,60746948000112,BBDC4,889.511790379717,890.0232545107989,BBDC4_2017-03-02_DISTRIBUTION_625,DISTRIBUTION,0,https://www.bradescori.com.br/informacoes-ao-mercado/remuneracao-aos-acionistas/,0.0,16.878316325703167,,,
V10,2017-04-03,60872504000123,ITUB4,819.113081510312,819.4320507788129,ITUB4_2017-04-03_DISTRIBUTION_252,DISTRIBUTION,0,cache/market.json.gz; SQLite corporate_actions/B3,0.0,12.28669622265468,,,
V10,2017-04-03,02558157000162,VIVT4,590.5710097020458,593.2754965292826,CONT_2788_VIVT4_2017-04-03,DISTRIBUTION,0,cache/market.json.gz; B3,0.0,126.27248996368814,,,
V10,2017-04-04,60746948000112,BBDC4,897.9669611285724,898.486910825726,BBDC4_2017-04-04_DISTRIBUTION_626,DISTRIBUTION,0,https://www.bradescori.com.br/informacoes-ao-mercado/remuneracao-aos-acionistas/,0.0,17.038751575725083,,,
V10,2017-04-11,43776517000180,SBSP3,878.323658398382,911.0854027834708,CONT_2262_SBSP3_2017-04-11,DISTRIBUTION,0,cache/market.json.gz; B3,0.0,1058.2043436383708,,,
V10,2017-04-20,02558115000121,TIMP3,3164.8805934640004,3183.4761598217697,TIMP_GROSS_2017-04-20,DISTRIBUTION,0,research/graham_v6_comparison/audit_v13_inputs/documents/TIM_DIV.html.gz,0.0,194.32366843868962,,,
V10,2017-04-27,02558157000162,VIVT4,605.9677069916186,621.1201441634317,CONT_2787_VIVT4_2017-04-27,DISTRIBUTION,0,cache/market.json.gz; B3,0.0,708.5279621539858,,,
V10,2017-05-02,60746948000112,BBDC4,898.486910825726,988.3356019082987,BBDC4_2017-05-02_SHARES_669,SHARES,0,originals/bradesco_remuneracao.html.gz; owned_capital_events_fre.json; SEC 6K 20150317/20160404/20180319/20200403,0.0,0.0,,,
V10,2017-05-02,60872504000123,ITUB4,819.4320507788129,819.7389541686177,ITUB4_2017-05-02_DISTRIBUTION_251,DISTRIBUTION,0,cache/market.json.gz; SQLite corporate_actions/B3,0.0,12.291480761682193,,,
V10,2017-05-03,60746948000112,BBDC4,988.3356019082987,988.9376397662155,BBDC4_2017-05-03_DISTRIBUTION_627,DISTRIBUTION,0,https://www.bradescori.com.br/informacoes-ao-mercado/remuneracao-aos-acionistas/,0.0,18.753479274110003,,,
V10,2017-05-15,17155730000164,CMIG4,3222.267384338581,3310.448735249771,CMIG4_2017-05-15_DISTRIBUTION_643,DISTRIBUTION,0,https://api.mziq.com/mzfilemanager/v2/d/716a131f-9624-452c-9088-0cd6983c1349/a2eb9f5f-37e1-8913-c1eb-c4281b5e23b2?origin=2,0.0,784.8140231095883,,,
V10,2017-05-30,02474103000119,TBLE3,797.2141016100417,812.3064570639011,TBLE3_2017-05-30_DISTRIBUTION_363,DISTRIBUTION,0,cache/market.json.gz; SQLite corporate_actions/B3,0.0,500.3115832954421,,,
V10,2017-06-01,60872504000123,ITUB4,819.7389541686177,820.0889708014822,ITUB4_2017-06-01_DISTRIBUTION_250,DISTRIBUTION,0,cache/market.json.gz; SQLite corporate_actions/B3,0.0,12.296084312529265,,,
V10,2017-06-02,60746948000112,BBDC4,1007.0858216986817,1007.794359374371,BBDC4_2017-06-02_DISTRIBUTION_628,DISTRIBUTION,0,https://www.bradescori.com.br/informacoes-ao-mercado/remuneracao-aos-acionistas/,0.0,19.10926111334054,,,
V10,2017-07-03,60746948000112,BBDC4,1007.794359374371,1013.5581456659024,BBDC4_2017-07-03_DISTRIBUTION_629,DISTRIBUTION,0,https://www.bradescori.com.br/informacoes-ao-mercado/remuneracao-aos-acionistas/,0.0,162.53877342118847,,,
V10,2017-07-03,60872504000123,ITUB4,820.0889708014822,820.4207220032628,ITUB4_2017-07-03_DISTRIBUTION_249,DISTRIBUTION,0,cache/market.json.gz; SQLite corporate_actions/B3,0.0,12.301334562022232,,,
V10,2017-07-03,02149205000169,PSSA3,1006.2218413573586,1031.4116805013834,CONT_2156_PSSA3_2017-07-03,DISTRIBUTION,0,cache/market.json.gz; B3,0.0,758.2141582351504,,,
V10,2017-07-03,02558157000162,VIVT4,622.655121497221,623.4528250819701,CONT_2786_VIVT4_2017-07-03,DISTRIBUTION,0,cache/market.json.gz; B3,0.0,36.13597238913561,,,
V10,2017-07-04,60746948000112,BBDC4,1013.5581456659024,1014.2396507057467,BBDC4_2017-07-04_DISTRIBUTION_630,DISTRIBUTION,0,https://www.bradescori.com.br/informacoes-ao-mercado/remuneracao-aos-acionistas/,0.0,19.232072224404675,,,
V10,2017-08-01,60872504000123,ITUB4,820.4207220032628,820.7403664404069,ITUB4_2017-08-01_DISTRIBUTION_248,DISTRIBUTION,0,cache/market.json.gz; SQLite corporate_actions/B3,0.0,12.306310830048941,,,
V10,2017-08-02,60746948000112,BBDC4,1014.2396507057467,1014.8612593508491,BBDC4_2017-08-02_DISTRIBUTION_631,DISTRIBUTION,0,https://www.bradescori.com.br/informacoes-ao-mercado/remuneracao-aos-acionistas/,0.0,19.245003652368258,,,
V10,2017-08-10,02474103000119,TBLE3,826.7731914799889,861.5974259073944,TBLE3_2017-08-10_DISTRIBUTION_362,DISTRIBUTION,0,cache/market.json.gz; SQLite corporate_actions/B3,0.0,1189.2476056958965,,,
V10,2017-08-15,60872504000123,ITUB4,820.7403664404069,828.9828886203646,ITUB4_2017-08-15_DISTRIBUTION_247,DISTRIBUTION,0,cache/market.json.gz; SQLite corporate_actions/B3,0.0,327.4754062097224,,,
V10,2017-09-01,60872504000123,ITUB4,828.9828886203646,829.2848493617271,ITUB4_2017-09-01_DISTRIBUTION_246,DISTRIBUTION,0,cache/market.json.gz; SQLite corporate_actions/B3,0.0,12.43474332930547,,,
V10,2017-09-04,60746948000112,BBDC4,1014.8612593508491,1015.423501644504,BBDC4_2017-09-04_DISTRIBUTION_632,DISTRIBUTION,0,https://www.bradescori.com.br/informacoes-ao-mercado/remuneracao-aos-acionistas/,0.0,19.256798557681822,,,
V10,2017-10-02,60872504000123,ITUB4,829.2848493617271,829.5714025232204,ITUB4_2017-10-02_DISTRIBUTION_245,DISTRIBUTION,0,cache/market.json.gz; SQLite corporate_actions/B3,0.0,12.439272740425906,,,
V10,2017-10-02,02558157000162,VIVT4,623.4528250819701,625.7663914711405,CONT_2785_VIVT4_2017-10-02,DISTRIBUTION,0,cache/market.json.gz; B3,0.0,116.16416840024874,,,
V10,2017-10-03,60746948000112,BBDC4,1015.423501644504,1015.9456552216806,BBDC4_2017-10-03_DISTRIBUTION_633,DISTRIBUTION,0,https://www.bradescori.com.br/informacoes-ao-mercado/remuneracao-aos-acionistas/,0.0,19.267466997815646,,,
V10,2017-10-27,17155730000164,CMIG2,0,558.2463573481172,CMIG4_2017-10-27_RIGHT_684,RIGHT,0,https://ri.cemig.com.br/docs/cemig-2017-10-26-NBfWkJHw.pdf,0.0,0.0,,,
V10,2017-10-30,17155730000164,CMIG2,558.2463573481172,0,CMIG2_2017-10-30_RIGHT_REINVEST_685,RIGHT_REINVEST,0,COTAHIST_A2017.ZIP; first traded close,0.0,0.0,,,
V10,2017-10-30,17155730000164,CMIG4,3513.7182899134605,3600.3180453482323,CMIG2_2017-10-30_RIGHT_REINVEST_685,RIGHT_REINVEST,0,COTAHIST_A2017.ZIP; first traded close,0.0,0.0,,,
V10,2017-10-31,02149205000169,PSSA3,1031.4116805013834,1053.048036856986,CONT_2155_PSSA3_2017-10-31,DISTRIBUTION,0,cache/market.json.gz; B3,0.0,772.6342854585706,,,
V10,2017-11-01,60872504000123,ITUB4,829.5714025232204,829.8724809417505,ITUB4_2017-11-01_DISTRIBUTION_244,DISTRIBUTION,0,cache/market.json.gz; SQLite corporate_actions/B3,0.0,12.443571037848306,,,
V10,2017-11-03,60746948000112,BBDC4,1015.9456552216806,1016.5139740531137,BBDC4_2017-11-03_DISTRIBUTION_634,DISTRIBUTION,0,https://www.bradescori.com.br/informacoes-ao-mercado/remuneracao-aos-acionistas/,0.0,19.27737476221124,,,
V10,2017-11-10,02474103000119,TBLE3,861.9984370705107,877.4415860963693,TBLE3_2017-11-10_DISTRIBUTION_361,DISTRIBUTION,0,cache/market.json.gz; SQLite corporate_actions/B3,0.0,560.5863096386686,,,
V10,2017-11-16,02558115000121,TIMP3,3183.4761598217697,3204.780753048198,TIMP_GROSS_2017-11-16,DISTRIBUTION,0,research/graham_v6_comparison/audit_v13_inputs/documents/TIM_DIV.html.gz,0.0,249.9028785460089,,,
V10,2017-12-01,60872504000123,ITUB4,829.8724809417505,830.1743991375819,ITUB4_2017-12-01_DISTRIBUTION_243,DISTRIBUTION,0,cache/market.json.gz; SQLite corporate_actions/B3,0.0,12.448087214126257,,,
V10,2017-12-04,60746948000112,BBDC4,1016.5139740531137,1017.0965218786494,BBDC4_2017-12-04_DISTRIBUTION_635,DISTRIBUTION,0,https://www.bradescori.com.br/informacoes-ao-mercado/remuneracao-aos-acionistas/,0.0,19.288158503488788,,,
V10,2017-12-15,60872504000123,ITUB4,830.1743991375819,833.0938491418501,ITUB4_2017-12-15_DISTRIBUTION_242,DISTRIBUTION,0,cache/market.json.gz; SQLite corporate_actions/B3,0.0,119.96020067538058,,,
V10,2017-12-26,60746948000112,BBDC4,1017.0965218786494,1042.4372508821773,BBDC4_2017-12-26_DISTRIBUTION_636,DISTRIBUTION,0,https://www.bradescori.com.br/informacoes-ao-mercado/remuneracao-aos-acionistas/,0.0,844.0996831075187,,,
V10,2017-12-27,02558157000162,VIVT4,626.1146890960193,637.709873701528,CONT_2784_VIVT4_2017-12-27,DISTRIBUTION,0,cache/market.json.gz; B3,0.0,568.6278530541451,,,
V10,2018-01-02,60872504000123,ITUB4,833.0938491418501,833.3786350975731,ITUB4_2018-01-02_DISTRIBUTION_241,DISTRIBUTION,0,cache/market.json.gz; SQLite corporate_actions/B3,0.0,12.49640773712775,,,
V10,2018-01-02,76484013000145,SAPR4,1273.5243666662632,1310.346679181323,CONT_2240_SAPR4_2018-01-02,DISTRIBUTION,0,cache/market.json.gz; B3,0.0,416.09213142017586,,,
V10,2018-01-03,60746948000112,BBDC4,1042.4372508821773,1043.0066247373868,BBDC4_2018-01-03_DISTRIBUTION_609,DISTRIBUTION,0,https://www.bradescori.com.br/informacoes-ao-mercado/remuneracao-aos-acionistas/,0.0,19.780047729974395,,,
V10,2018-02-01,60872504000123,ITUB4,833.3786350975731,833.6166979337274,ITUB4_2018-02-01_DISTRIBUTION_240,DISTRIBUTION,0,cache/market.json.gz; SQLite corporate_actions/B3,0.0,12.500679526463596,,,
V10,2018-02-02,60746948000112,BBDC4,1043.0066247373868,1043.521743204074,BBDC4_2018-02-02_DISTRIBUTION_610,DISTRIBUTION,0,https://www.bradescori.com.br/informacoes-ao-mercado/remuneracao-aos-acionistas/,0.0,19.790851490126588,,,
V10,2018-02-16,60872504000123,ITUB4,833.6166979337274,868.2635331895762,ITUB4_2018-02-16_DISTRIBUTION_238;ITUB4_2018-02-16_DISTRIBUTION_239,DISTRIBUTION,0,cache/market.json.gz; SQLite corporate_actions/B3,0.0,1761.0986360547927,,,
V10,2018-03-01,60872504000123,ITUB4,868.2635331895762,868.5183552008821,ITUB4_2018-03-01_DISTRIBUTION_237,DISTRIBUTION,0,cache/market.json.gz; SQLite corporate_actions/B3,0.0,13.023952997843642,,,
V10,2018-03-02,60746948000112,BBDC4,1043.521743204074,1044.026603626426,BBDC4_2018-03-02_DISTRIBUTION_611,DISTRIBUTION,0,https://www.bradescori.com.br/informacoes-ao-mercado/remuneracao-aos-acionistas/,0.0,19.80062576464435,,,
V10,2018-04-02,60746948000112,BBDC4,1044.026603626426,1148.4292639890689,BBDC4_2018-04-02_SHARES_670,SHARES,0,originals/bradesco_remuneracao.html.gz; owned_capital_events_fre.json; SEC 6K 20150317/20160404/20180319/20200403,0.0,0.0,,,
V10,2018-04-02,60872504000123,ITUB4,868.5183552008821,868.7735515834092,ITUB4_2018-04-02_DISTRIBUTION_236,DISTRIBUTION,0,cache/market.json.gz; SQLite corporate_actions/B3,0.0,13.027775328013231,,,
V10,2018-04-02,02149205000169,PSSA3,1053.048036856986,1054.9556454746023,CONT_2154_PSSA3_2018-04-02,DISTRIBUTION,0,cache/market.json.gz; B3,0.0,89.65760502796212,,,
V10,2018-04-03,60746948000112,BBDC4,1148.4292639890689,1149.035249137406,BBDC4_2018-04-03_DISTRIBUTION_612,DISTRIBUTION,0,https://www.bradescori.com.br/informacoes-ao-mercado/remuneracao-aos-acionistas/,0.0,21.79122593420316,,,
V10,2018-04-13,02558157000162,VIVT4,653.6171960675298,671.8125566475728,CONT_2783_VIVT4_2018-04-13,DISTRIBUTION,0,cache/market.json.gz; B3,0.0,875.1968439000684,,,
V10,2018-04-20,02558115000121,TIMP3,3204.780753048198,3213.5564744879916,TIMP_GROSS_2018-04-20,DISTRIBUTION,0,research/graham_v6_comparison/audit_v13_inputs/documents/TIM_DIV.html.gz,0.0,136.81349724637815,,,
V10,2018-04-24,02474103000119,TBLE3,898.2789093415184,922.2865736912681,TBLE3_2018-04-24_DISTRIBUTION_360,DISTRIBUTION,0,cache/market.json.gz; SQLite corporate_actions/B3,0.0,876.2797487658651,,,
V10,2018-04-27,76484013000145,SAPR4,1875.0953581076978,1877.4749450512481,CONT_2239_SAPR4_2018-04-27,DISTRIBUTION,0,cache/market.json.gz; B3,0.0,25.057050515584752,,,
V10,2018-04-30,43776517000180,SBSP3,967.4837403374584,995.8203374876152,CONT_2261_SBSP3_2018-04-30,DISTRIBUTION,0,cache/market.json.gz; B3,0.0,996.3147557995146,,,
V10,2018-05-02,17155730000164,CMIG4,3968.078303841456,4224.893985630925,CMIG4_2018-05-02_DISTRIBUTION_644,DISTRIBUTION,0,https://api.mziq.com/mzfilemanager/v2/d/716a131f-9624-452c-9088-0cd6983c1349/a2eb9f5f-37e1-8913-c1eb-c4281b5e23b2?origin=2,0.0,1985.1852202326002,,,
V10,2018-05-02,60872504000123,ITUB4,868.7735515834092,869.041140973014,ITUB4_2018-05-02_DISTRIBUTION_235,DISTRIBUTION,0,cache/market.json.gz; SQLite corporate_actions/B3,0.0,13.031603273751138,,,
V10,2018-05-03,60746948000112,BBDC4,1149.035249137406,1149.69653892772,BBDC4_2018-05-03_DISTRIBUTION_613,DISTRIBUTION,0,https://www.bradescori.com.br/informacoes-ao-mercado/remuneracao-aos-acionistas/,0.0,21.802724386649693,,,
V10,2018-05-14,02558115000121,TIMP3,3213.5564744879916,3235.8987216454125,TIMP_GROSS_2018-05-14,DISTRIBUTION,0,research/graham_v6_comparison/audit_v13_inputs/documents/TIM_DIV.html.gz,0.0,305.41851864194246,,,
V10,2018-05-29,02149205000169,PSSA3,1054.9556454746023,1093.886165186537,CONT_2153_PSSA3_2018-05-29,DISTRIBUTION,0,cache/market.json.gz; B3,0.0,1631.5780811271845,,,
V10,2018-06-01,60872504000123,ITUB4,869.041140973014,869.3386219660445,ITUB4_2018-06-01_DISTRIBUTION_234,DISTRIBUTION,0,cache/market.json.gz; SQLite corporate_actions/B3,0.0,13.035617114595208,,,
V10,2018-06-04,60746948000112,BBDC4,1150.0447059263793,1150.7680031963964,BBDC4_2018-06-04_DISTRIBUTION_614,DISTRIBUTION,0,https://www.bradescori.com.br/informacoes-ao-mercado/remuneracao-aos-acionistas/,0.0,21.821878636414212,,,
V10,2018-06-28,02149205000169,PSSA3,1093.886165186537,1113.6491453522767,CONT_2152_PSSA3_2018-06-28,DISTRIBUTION,0,cache/market.json.gz; B3,0.0,773.918303290365,,,
V10,2018-07-02,60746948000112,BBDC4,1150.7680031963964,1158.9907652080826,BBDC4_2018-07-02_DISTRIBUTION_615,DISTRIBUTION,0,https://www.bradescori.com.br/informacoes-ao-mercado/remuneracao-aos-acionistas/,0.0,218.3143314102663,,,
V10,2018-07-02,60872504000123,ITUB4,869.3386219660445,869.6617961749538,ITUB4_2018-07-02_DISTRIBUTION_233,DISTRIBUTION,0,cache/market.json.gz; SQLite corporate_actions/B3,0.0,13.040079329490666,,,
V10,2018-07-02,02558157000162,VIVT4,685.0139688617198,688.730431608775,CONT_2782_VIVT4_2018-07-02,DISTRIBUTION,0,cache/market.json.gz; B3,0.0,167.38948212736545,,,
V10,2018-07-03,60746948000112,BBDC4,1158.9907652080826,1159.7829708421816,BBDC4_2018-07-03_DISTRIBUTION_616,DISTRIBUTION,0,https://www.bradescori.com.br/informacoes-ao-mercado/remuneracao-aos-acionistas/,0.0,21.99162840258721,,,
V10,2018-07-03,76484013000145,SAPR4,2207.4478177464844,2288.512754634123,CONT_2238_SAPR4_2018-07-03,DISTRIBUTION,0,cache/market.json.gz; B3,0.0,719.8566395622327,,,
V10,2018-07-26,02558115000121,TIMP3,3235.8987216454125,3261.365435143242,TIMP_GROSS_2018-07-26,DISTRIBUTION,0,research/graham_v6_comparison/audit_v13_inputs/documents/TIM_DIV.html.gz,0.0,320.88059007265383,,,
V10,2018-08-01,60872504000123,ITUB4,869.6617961749538,869.9481831550333,ITUB4_2018-08-01_DISTRIBUTION_232,DISTRIBUTION,0,cache/market.json.gz; SQLite corporate_actions/B3,0.0,13.044926942624306,,,
V10,2018-08-02,60746948000112,BBDC4,1159.7829708421816,1160.4946998316118,BBDC4_2018-08-02_DISTRIBUTION_617,DISTRIBUTION,0,https://www.bradescori.com.br/informacoes-ao-mercado/remuneracao-aos-acionistas/,0.0,22.006660353182962,,,
V10,2018-08-10,17344597000194,BBSE3,125.96586561815894,126.00482851267418,CONT_271_BBSE3_2018-08-10,DISTRIBUTION,0,cache/market.json.gz; B3,0.0,0.9000428633018728,,,
V10,2018-08-20,60872504000123,ITUB4,869.9481831550333,885.2730168916839,ITUB4_2018-08-20_DISTRIBUTION_230;ITUB4_2018-08-20_DISTRIBUTION_231,DISTRIBUTION,0,cache/market.json.gz; SQLite corporate_actions/B3,0.0,651.765178819751,,,
V10,2018-08-21,02474103000119,TBLE3,929.3361675164513,975.480408438801,TBLE3_2018-08-21_DISTRIBUTION_359,DISTRIBUTION,0,cache/market.json.gz; SQLite corporate_actions/B3,0.0,1631.660359014284,,,
V10,2018-09-03,60872504000123,ITUB4,885.2730168916839,885.5916896839416,ITUB4_2018-09-03_DISTRIBUTION_229,DISTRIBUTION,0,cache/market.json.gz; SQLite corporate_actions/B3,0.0,13.279095253375258,,,
V10,2018-09-04,60746948000112,BBDC4,1160.4946998316118,1161.2960158896474,BBDC4_2018-09-04_DISTRIBUTION_618,DISTRIBUTION,0,https://www.bradescori.com.br/informacoes-ao-mercado/remuneracao-aos-acionistas/,0.0,22.020165274817163,,,
V10,2018-09-18,02558157000162,VIVT4,698.0080980478629,728.8197889440261,CONT_2781_VIVT4_2018-09-18,DISTRIBUTION,0,cache/market.json.gz; B3,0.0,1193.9530222263243,,,
V10,2018-10-01,60872504000123,ITUB4,885.5916896839416,885.8962260283996,ITUB4_2018-10-01_DISTRIBUTION_228,DISTRIBUTION,0,cache/market.json.gz; SQLite corporate_actions/B3,0.0,13.283875345259123,,,
V10,2018-10-02,60746948000112,BBDC4,1161.2960158896474,1162.030528226113,BBDC4_2018-10-02_DISTRIBUTION_619,DISTRIBUTION,0,https://www.bradescori.com.br/informacoes-ao-mercado/remuneracao-aos-acionistas/,0.0,22.03537009396702,,,
V10,2018-11-01,60872504000123,ITUB4,885.8962260283996,886.1623142020164,ITUB4_2018-11-01_DISTRIBUTION_227,DISTRIBUTION,0,cache/market.json.gz; SQLite corporate_actions/B3,0.0,13.288443390425993,,,
V10,2018-11-05,60746948000112,BBDC4,1162.030528226113,1162.6261335023219,BBDC4_2018-11-05_DISTRIBUTION_620,DISTRIBUTION,0,https://www.bradescori.com.br/informacoes-ao-mercado/remuneracao-aos-acionistas/,0.0,22.0493073252596,,,
V10,2018-11-07,02149205000169,PSSA3,1113.6491453522767,1129.8067461619542,CONT_2151_PSSA3_2018-11-07,DISTRIBUTION,0,cache/market.json.gz; B3,0.0,857.6454509776827,,,
V10,2018-11-13,02474103000119,TBLE3,975.480408438801,999.8005382926729,TBLE3_2018-11-13_DISTRIBUTION_358,DISTRIBUTION,0,cache/market.json.gz; SQLite corporate_actions/B3,0.0,975.480408438801,,,
V10,2018-11-21,60872504000123,ITUB4,886.1623142020164,1329.2434713030248,ITUB4_2018-11-21_SHARES_664,SHARES,0,https://www.itau.com.br/relacoes-com-investidores/informacoes-ao-mercado/recompra/; owned_capital_events_fre.json; B3,0.0,0.0,,,
V10,2018-11-27,02149205000169,PSSA3,1129.8067461619542,1149.4803243860458,CONT_2150_PSSA3_2018-11-27,DISTRIBUTION,0,cache/market.json.gz; B3,0.0,1048.4049835618425,,,
V10,2018-12-03,60872504000123,ITUB4,1329.2434713030248,1329.8043335272032,ITUB4_2018-12-03_DISTRIBUTION_226,DISTRIBUTION,0,cache/market.json.gz; SQLite corporate_actions/B3,0.0,19.93865206954537,,,
V10,2018-12-04,60746948000112,BBDC4,1162.6261335023219,1163.2116061355919,BBDC4_2018-12-04_DISTRIBUTION_621,DISTRIBUTION,0,https://www.bradescori.com.br/informacoes-ao-mercado/remuneracao-aos-acionistas/,0.0,22.060608821615055,,,
V10,2018-12-12,02474103000119,TBLE3,999.8005382926729,1249.7506728658411,TBLE3_2018-12-12_SHARES_675,SHARES,0,originals/engie_bonus_2018_doe.pdf.gz p34; owned_capital_events_fre.json; B3 2025-11-26,0.0,0.0,,,
V10,2018-12-12,17344597000194,BBSE3,340.6993793791969,357.66286155246826,CONT_270_BBSE3_2018-12-12,DISTRIBUTION,0,cache/market.json.gz; B3,0.0,460.72817582605006,,,
V10,2018-12-18,60872504000123,ITUB4,1329.8043335272032,1330.2056981608987,ITUB4_2018-12-18_DISTRIBUTION_225,DISTRIBUTION,0,cache/market.json.gz; SQLite corporate_actions/B3,0.0,14.095925935388355,,,
V10,2018-12-18,02558157000162,VIVT4,742.7986255239664,755.4294548857669,CONT_2780_VIVT4_2018-12-18,DISTRIBUTION,0,cache/market.json.gz; B3,0.0,612.5952240473199,,,
V10,2018-12-26,60746948000112,BBDC4,1163.2116061355919,1186.418720246126,BBDC4_2018-12-26_DISTRIBUTION_622,DISTRIBUTION,0,https://www.bradescori.com.br/informacoes-ao-mercado/remuneracao-aos-acionistas/,0.0,849.3803764455529,,,
V10,2018-12-26,17155730000164,CMIG4,4306.621859608756,4353.5721780784315,CMIG4_2018-12-26_DISTRIBUTION_645,DISTRIBUTION,0,https://api.mziq.com/mzfilemanager/v2/d/716a131f-9624-452c-9088-0cd6983c1349/a2eb9f5f-37e1-8913-c1eb-c4281b5e23b2?origin=2,0.0,620.2137069844176,,,
V10,2018-12-27,02474103000119,TBLE3,1249.7506728658411,1268.2446526512028,TBLE3_2018-12-27_DISTRIBUTION_357,DISTRIBUTION,0,cache/market.json.gz; SQLite corporate_actions/B3,0.0,608.0820553426919,,,
V10,2019-01-02,60872504000123,ITUB4,1330.2056981608987,1330.7449707412343,ITUB4_2019-01-02_DISTRIBUTION_224,DISTRIBUTION,0,cache/market.json.gz; SQLite corporate_actions/B3,0.0,19.95308547241348,,,
V10,2019-01-02,76484013000145,SAPR4,2600.1360736629076,2681.2315502559845,CONT_2237_SAPR4_2019-01-02,DISTRIBUTION,0,cache/market.json.gz; B3,0.0,887.9954686941898,,,
V10,2019-01-03,60746948000112,BBDC4,1186.418720246126,1186.9707572400125,BBDC4_2019-01-03_DISTRIBUTION_594,DISTRIBUTION,0,https://www.bradescori.com.br/informacoes-ao-mercado/remuneracao-aos-acionistas/,0.0,22.512068610694673,,,
V10,2019-01-03,02558115000121,TIMP3,3271.0992858000627,3314.1827934409,TIMP_GROSS_2019-01-03,DISTRIBUTION,0,research/graham_v6_comparison/audit_v13_inputs/documents/TIM_DIV.html.gz,0.0,513.5554110787767,,,
V10,2019-02-01,60872504000123,ITUB4,1330.7449707412343,1331.2593014436593,ITUB4_2019-02-01_DISTRIBUTION_223,DISTRIBUTION,0,cache/market.json.gz; SQLite corporate_actions/B3,0.0,19.961174561118515,,,
V10,2019-02-04,60746948000112,BBDC4,1186.9707572400125,1187.4639156242301,BBDC4_2019-02-04_DISTRIBUTION_595,DISTRIBUTION,0,https://www.bradescori.com.br/informacoes-ao-mercado/remuneracao-aos-acionistas/,0.0,22.522543407214602,,,
V10,2019-02-15,17344597000194,BBSE3,455.19429529744923,455.3044940540182,CONT_269_BBSE3_2019-02-15,DISTRIBUTION,0,cache/market.json.gz; B3,0.0,3.0503015818291463,,,
V10,2019-02-22,60872504000123,ITUB4,1331.2593014436593,1396.6275466299312,ITUB4_2019-02-22_DISTRIBUTION_221;ITUB4_2019-02-22_DISTRIBUTION_222,DISTRIBUTION,0,cache/market.json.gz; SQLite corporate_actions/B3,0.0,2396.399868528731,,,
V10,2019-03-01,60872504000123,ITUB4,1396.6275466299312,1397.2288501086755,ITUB4_2019-03-01_DISTRIBUTION_220,DISTRIBUTION,0,cache/market.json.gz; SQLite corporate_actions/B3,0.0,20.949413199448966,,,
V10,2019-03-01,02558157000162,VIVT4,769.4006636139226,776.5408060068481,CONT_2779_VIVT4_2019-03-01,DISTRIBUTION,0,cache/market.json.gz; B3,0.0,329.01776146600696,,,
V10,2019-03-06,60746948000112,BBDC4,1187.4639156242301,1187.9977204333597,BBDC4_2019-03-06_DISTRIBUTION_596,DISTRIBUTION,0,https://www.bradescori.com.br/informacoes-ao-mercado/remuneracao-aos-acionistas/,0.0,22.53190099336188,,,
V10,2019-04-01,60746948000112,BBDC4,1187.9977204333597,1425.5972645200316,BBDC4_2019-04-01_SHARES_671,SHARES,0,originals/bradesco_remuneracao.html.gz; owned_capital_events_fre.json; SEC 6K 20150317/20160404/20180319/20200403,0.0,0.0,,,
V10,2019-04-01,60872504000123,ITUB4,1397.2288501086755,1397.8423873672127,ITUB4_2019-04-01_DISTRIBUTION_219,DISTRIBUTION,0,cache/market.json.gz; SQLite corporate_actions/B3,0.0,20.95843275163013,,,
V10,2019-04-01,02149205000169,PSSA3,1149.4803243860458,1166.0764514480375,CONT_2149_PSSA3_2019-04-01,DISTRIBUTION,0,cache/market.json.gz; B3,0.0,884.7395336747733,,,
V10,2019-04-02,60746948000112,BBDC4,1425.5972645200316,1426.3573217216385,BBDC4_2019-04-02_DISTRIBUTION_597,DISTRIBUTION,0,https://www.bradescori.com.br/informacoes-ao-mercado/remuneracao-aos-acionistas/,0.0,27.050435805190073,,,
V10,2019-04-12,02558157000162,VIVT4,793.2657669534808,818.9768221657084,CONT_2778_VIVT4_2019-04-12,DISTRIBUTION,0,cache/market.json.gz; B3,0.0,1196.3353990249514,,,
V10,2019-04-25,76484013000145,SAPR4,2807.2906390975045,2845.854692332688,CONT_2236_SAPR4_2019-04-25,DISTRIBUTION,0,cache/market.json.gz; B3,0.0,561.4926151042731,,,
V10,2019-04-30,43776517000180,SBSP3,1112.2785852983982,1139.7069019018204,CONT_2260_SBSP3_2019-04-30,DISTRIBUTION,0,cache/market.json.gz; B3,0.0,1289.1308803608435,,,
V10,2019-05-02,60872504000123,ITUB4,1397.8423873672127,1398.458357866934,ITUB4_2019-05-02_DISTRIBUTION_218,DISTRIBUTION,0,cache/market.json.gz; SQLite corporate_actions/B3,0.0,20.96763581050819,,,
V10,2019-05-02,02558157000162,VIVT4,818.9768221657084,825.1884856597369,CONT_2777_VIVT4_2019-05-02,DISTRIBUTION,0,cache/market.json.gz; B3,0.0,285.1774710108449,,,
V10,2019-05-03,60746948000112,BBDC4,1426.3573217216385,1427.1099595899761,BBDC4_2019-05-03_DISTRIBUTION_598,DISTRIBUTION,0,https://www.bradescori.com.br/informacoes-ao-mercado/remuneracao-aos-acionistas/,0.0,27.06485774541964,,,
V10,2019-05-06,17155730000164,CMIG4,4353.5721780784315,4493.656523447646,CMIG4_2019-05-06_DISTRIBUTION_646,DISTRIBUTION,0,https://api.mziq.com/mzfilemanager/v2/d/716a131f-9624-452c-9088-0cd6983c1349/a2eb9f5f-37e1-8913-c1eb-c4281b5e23b2?origin=2,0.0,1962.5816786226947,,,
V10,2019-05-07,02474103000119,TBLE3,1268.2446526512028,1271.0698605564685,TBLE3_2019-05-07_DISTRIBUTION_356,DISTRIBUTION,0,cache/market.json.gz; SQLite corporate_actions/B3,0.0,119.2237736022094,,,
V10,2019-06-03,60872504000123,ITUB4,1398.458357866934,1399.0563303688725,ITUB4_2019-06-03_DISTRIBUTION_217,DISTRIBUTION,0,cache/market.json.gz; SQLite corporate_actions/B3,0.0,20.97687536800401,,,
V10,2019-06-04,60746948000112,BBDC4,1427.1099595899761,1427.8408405320872,BBDC4_2019-06-04_DISTRIBUTION_600,DISTRIBUTION,0,https://www.bradescori.com.br/informacoes-ao-mercado/remuneracao-aos-acionistas/,0.0,27.079138905217516,,,
V10,2019-06-26,02149205000169,PSSA3,1166.0764514480375,1181.9779861111185,CONT_2148_PSSA3_2019-06-26,DISTRIBUTION,0,cache/market.json.gz; B3,0.0,833.2404163454471,,,
V10,2019-07-01,60746948000112,BBDC4,1427.8408405320872,1435.0422777260762,BBDC4_2019-07-01_DISTRIBUTION_599,DISTRIBUTION,0,https://www.bradescori.com.br/informacoes-ao-mercado/remuneracao-aos-acionistas/,0.0,270.990081609804,,,
V10,2019-07-01,60872504000123,ITUB4,1399.0563303688725,1399.637977956332,ITUB4_2019-07-01_DISTRIBUTION_216,DISTRIBUTION,0,cache/market.json.gz; SQLite corporate_actions/B3,0.0,20.985844955533086,,,
V10,2019-07-01,02558157000162,VIVT4,840.9415750323212,851.1090301765279,CONT_2776_VIVT4_2019-07-01,DISTRIBUTION,0,cache/market.json.gz; B3,0.0,497.2902311031451,,,
V10,2019-07-01,76484013000145,SAPR4,2894.2233635010753,2965.8859706164367,CONT_2235_SAPR4_2019-07-01,DISTRIBUTION,0,cache/market.json.gz; B3,0.0,1031.9415424612073,,,
V10,2019-07-02,60746948000112,BBDC4,1435.0422777260762,1435.7639753970748,BBDC4_2019-07-02_DISTRIBUTION_601,DISTRIBUTION,0,https://www.bradescori.com.br/informacoes-ao-mercado/remuneracao-aos-acionistas/,0.0,27.22965312677725,,,
V10,2019-08-01,60872504000123,ITUB4,1399.637977956332,1400.23988649043,ITUB4_2019-08-01_DISTRIBUTION_215,DISTRIBUTION,0,cache/market.json.gz; SQLite corporate_actions/B3,0.0,20.99456966934498,,,
V10,2019-08-02,60746948000112,BBDC4,1438.594934864101,1439.3912319503734,BBDC4_2019-08-02_DISTRIBUTION_602,DISTRIBUTION,0,https://www.bradescori.com.br/informacoes-ao-mercado/remuneracao-aos-acionistas/,0.0,27.297064117413758,,,
V10,2019-08-12,02558115000121,TIMP3,3525.8099844059584,3570.3337177572166,TIMP_GROSS_2019-08-12,DISTRIBUTION,0,research/graham_v6_comparison/audit_v13_inputs/documents/TIM_DIV.html.gz,0.0,537.4014615496873,,,
V10,2019-08-12,17344597000194,BBSE3,746.7698332048633,746.950116849001,CONT_268_BBSE3_2019-08-12,DISTRIBUTION,0,cache/market.json.gz; B3,0.0,6.075558807440628,,,
V10,2019-08-16,60872504000123,ITUB4,1403.3948266803827,1435.5442120985717,ITUB4_2019-08-16_DISTRIBUTION_214,DISTRIBUTION,0,cache/market.json.gz; SQLite corporate_actions/B3,0.0,1104.3313891147932,,,
V10,2019-09-02,60872504000123,ITUB4,1435.5442120985717,1436.1869930890637,ITUB4_2019-09-02_DISTRIBUTION_213,DISTRIBUTION,0,cache/market.json.gz; SQLite corporate_actions/B3,0.0,21.533163181478574,,,
V10,2019-09-03,60746948000112,BBDC4,1446.590950092515,1447.447119368221,BBDC4_2019-09-03_DISTRIBUTION_603,DISTRIBUTION,0,https://www.bradescori.com.br/informacoes-ao-mercado/remuneracao-aos-acionistas/,0.0,27.448786979134002,,,
V10,2019-10-01,60872504000123,ITUB4,1441.3293940685776,1441.961186614195,ITUB4_2019-10-01_DISTRIBUTION_212,DISTRIBUTION,0,cache/market.json.gz; SQLite corporate_actions/B3,0.0,21.619940911028664,,,
V10,2019-10-02,60746948000112,BBDC4,1452.4461999479227,1453.3034282286937,BBDC4_2019-10-02_DISTRIBUTION_605,DISTRIBUTION,0,https://www.bradescori.com.br/informacoes-ao-mercado/remuneracao-aos-acionistas/,0.0,27.55988922678764,,,
V10,2019-10-08,02558115000121,TIMP3,3644.939218054265,3695.1000066614292,TIMP_GROSS_2019-10-08,DISTRIBUTION,0,research/graham_v6_comparison/audit_v13_inputs/documents/TIM_DIV.html.gz,0.0,570.3281664634598,,,
V10,2019-10-18,60746948000112,BBDC4,1453.3034282286937,1498.1850658457033,BBDC4_2019-10-18_DISTRIBUTION_604,DISTRIBUTION,0,https://www.bradescori.com.br/informacoes-ao-mercado/remuneracao-aos-acionistas/,0.0,1516.5505350787537,,,
V10,2019-10-30,02149205000169,PSSA3,1181.9779861111185,1195.3769283114677,CONT_2147_PSSA3_2019-10-30,DISTRIBUTION,0,cache/market.json.gz; B3,0.0,753.0205516596208,,,
V10,2019-11-01,60872504000123,ITUB4,1445.3258128891794,1445.9222334447045,ITUB4_2019-11-01_DISTRIBUTION_211,DISTRIBUTION,0,cache/market.json.gz; SQLite corporate_actions/B3,0.0,21.679887193337688,,,
V10,2019-11-04,60746948000112,BBDC4,1499.6172106209108,1500.4327723906054,BBDC4_2019-11-04_DISTRIBUTION_606,DISTRIBUTION,0,https://www.bradescori.com.br/informacoes-ao-mercado/remuneracao-aos-acionistas/,0.0,28.454950144644553,,,
V10,2019-12-02,60872504000123,ITUB4,1446.7911275379697,1447.4062598200862,ITUB4_2019-12-02_DISTRIBUTION_210,DISTRIBUTION,0,cache/market.json.gz; SQLite corporate_actions/B3,0.0,21.701866913069544,,,
V10,2019-12-03,60746948000112,BBDC4,1508.0691700966622,1508.9185415558898,BBDC4_2019-12-03_DISTRIBUTION_607,DISTRIBUTION,0,https://www.bradescori.com.br/informacoes-ao-mercado/remuneracao-aos-acionistas/,0.0,28.615324461372676,,,
V10,2019-12-03,02474103000119,TBLE3,1271.0698605564685,1313.332290462634,TBLE3_2019-12-03_DISTRIBUTION_354;TBLE3_2019-12-03_DISTRIBUTION_355,DISTRIBUTION,0,cache/market.json.gz; SQLite corporate_actions/B3,0.0,1943.2265270854969,,,
V10,2019-12-13,60872504000123,ITUB4,1453.5101931840863,1455.0137415965346,ITUB4_2019-12-13_DISTRIBUTION_209,DISTRIBUTION,0,cache/market.json.gz; SQLite corporate_actions/B3,0.0,54.59384285599429,,,
V10,2019-12-20,60746948000112,BBDC4,1508.9185415558898,1532.328871986517,BBDC4_2019-12-20_DISTRIBUTION_608,DISTRIBUTION,0,https://www.bradescori.com.br/informacoes-ao-mercado/remuneracao-aos-acionistas/,0.0,835.514693069086,,,
V10,2019-12-26,17155730000164,CMIG4,4493.656523447646,4583.697820093606,CMIG4_2019-12-26_DISTRIBUTION_647,DISTRIBUTION,0,https://api.mziq.com/mzfilemanager/v2/d/716a131f-9624-452c-9088-0cd6983c1349/a2eb9f5f-37e1-8913-c1eb-c4281b5e23b2?origin=2,0.0,1232.665351083207,,,
V10,2020-01-02,60872504000123,ITUB4,1455.0137415965346,1455.5876360515424,ITUB4_2020-01-02_DISTRIBUTION_208,DISTRIBUTION,0,cache/market.json.gz; SQLite corporate_actions/B3,0.0,21.825206123948018,,,
V10,2020-01-02,02558157000162,VIVT4,886.1018439006431,898.8754702362739,CONT_2774_VIVT4_2020-01-02;CONT_2775_VIVT4_2020-01-02,DISTRIBUTION,0,cache/market.json.gz; B3,0.0,730.779162661444,,,
V10,2020-01-02,76484013000145,SAPR4,3003.258517301781,3050.2337752293356,CONT_2234_SAPR4_2020-01-02,DISTRIBUTION,0,cache/market.json.gz; B3,0.0,960.6440246184885,,,
V10,2020-01-03,60746948000112,BBDC4,1536.4926948510733,1537.2699450620755,BBDC4_2020-01-03_DISTRIBUTION_580,DISTRIBUTION,0,https://www.bradescori.com.br/informacoes-ao-mercado/remuneracao-aos-acionistas/,0.0,29.1546554146944,,,
V10,2020-01-20,02558115000121,TIMP3,3766.8790867211283,3790.547071102237,TIMP_GROSS_2020-01-20,DISTRIBUTION,0,research/graham_v6_comparison/audit_v13_inputs/documents/TIM_DIV.html.gz,0.0,385.5514655682657,,,
V10,2020-02-03,60872504000123,ITUB4,1463.0174011994895,1463.6844304097629,ITUB4_2020-02-03_DISTRIBUTION_207,DISTRIBUTION,0,cache/market.json.gz; SQLite corporate_actions/B3,0.0,21.945261017992344,,,
V10,2020-02-04,60746948000112,BBDC4,1550.4182692797926,1551.3070575133181,BBDC4_2020-02-04_DISTRIBUTION_582,DISTRIBUTION,0,https://www.bradescori.com.br/informacoes-ao-mercado/remuneracao-aos-acionistas/,0.0,29.418890529694632,,,
V10,2020-02-14,17344597000194,BBSE3,991.2548739237598,1045.830939052545,CONT_267_BBSE3_2020-02-14,DISTRIBUTION,0,cache/market.json.gz; B3,0.0,1881.7827256405203,,,
V10,2020-02-18,60746948000112,BBDC4,1551.3070575133181,1554.4046098783665,BBDC4_2020-02-18_DISTRIBUTION_581,DISTRIBUTION,0,https://www.bradescori.com.br/informacoes-ao-mercado/remuneracao-aos-acionistas/,0.0,99.33850434709898,,,
V10,2020-02-21,60872504000123,ITUB4,1480.7501998923003,1526.3643745015897,ITUB4_2020-02-21_DISTRIBUTION_205;ITUB4_2020-02-21_DISTRIBUTION_206,DISTRIBUTION,0,cache/market.json.gz; SQLite corporate_actions/B3,0.0,1490.6712262315787,,,
V10,2020-03-02,60872504000123,ITUB4,1526.3643745015897,1527.082550963871,ITUB4_2020-03-02_DISTRIBUTION_204,DISTRIBUTION,0,cache/market.json.gz; SQLite corporate_actions/B3,0.0,22.895465617523847,,,
V10,2020-03-02,02558157000162,VIVT4,912.1908194411657,914.9199870951236,CONT_2773_VIVT4_2020-03-02,DISTRIBUTION,0,cache/market.json.gz; B3,0.0,150.45901276270257,,,
V10,2020-03-03,60746948000112,BBDC4,1569.9270556602464,1570.9160684764843,BBDC4_2020-03-03_DISTRIBUTION_583,DISTRIBUTION,0,https://www.bradescori.com.br/informacoes-ao-mercado/remuneracao-aos-acionistas/,0.0,29.789066025085543,,,
V10,2020-03-30,76484013000145,SAPR4,3050.2337752293356,9150.701325688007,CONT_2193_SAPR4_2020-03-30,SHARES,0,cache/market.json.gz; B3,0.0,0.0,,,
V10,2020-04-01,60872504000123,ITUB4,1541.2622817358078,1542.342605765062,ITUB4_2020-04-01_DISTRIBUTION_203,DISTRIBUTION,0,cache/market.json.gz; SQLite corporate_actions/B3,0.0,23.118934226037116,,,
V10,2020-04-01,02149205000169,PSSA3,1195.3769283114677,1222.8016364149732,CONT_2146_PSSA3_2020-04-01,DISTRIBUTION,0,cache/market.json.gz; B3,0.0,1177.3427188834962,,,
V10,2020-04-01,02558157000162,VIVT4,921.5966496802624,923.2486496986085,CONT_2772_VIVT4_2020-04-01,DISTRIBUTION,0,cache/market.json.gz; B3,0.0,84.45024093784933,,,
V10,2020-04-02,60746948000112,BBDC4,1605.9279380758285,1607.4553654388737,BBDC4_2020-04-02_DISTRIBUTION_584,DISTRIBUTION,0,https://www.bradescori.com.br/informacoes-ao-mercado/remuneracao-aos-acionistas/,0.0,30.47217589275267,,,
V10,2020-04-14,60746948000112,BBDC4,1607.4553654388737,1768.2009019827613,BBDC4_2020-04-14_SHARES_672,SHARES,0,originals/bradesco_remuneracao.html.gz; owned_capital_events_fre.json; SEC 6K 20150317/20160404/20180319/20200403,0.0,0.0,,,
V10,2020-04-29,43776517000180,SBSP3,1139.7069019018204,1177.7625529289423,CONT_2259_SBSP3_2020-04-29,DISTRIBUTION,0,cache/market.json.gz; B3,0.0,1569.0344918482363,,,
V10,2020-05-04,60872504000123,ITUB4,1569.0770595138376,1570.152260788059,ITUB4_2020-05-04_DISTRIBUTION_202,DISTRIBUTION,0,cache/market.json.gz; SQLite corporate_actions/B3,0.0,23.536155892707562,,,
V10,2020-05-05,60746948000112,BBDC4,1810.5532255194014,1812.4305425488312,BBDC4_2020-05-05_DISTRIBUTION_585,DISTRIBUTION,0,https://www.bradescori.com.br/informacoes-ao-mercado/remuneracao-aos-acionistas/,0.0,34.35490163856456,,,
V10,2020-05-29,02558157000162,VIVT4,923.2486496986085,949.5178102030062,CONT_2771_VIVT4_2020-05-29,DISTRIBUTION,0,cache/market.json.gz; B3,0.0,1238.3282261773118,,,
V10,2020-06-01,60872504000123,ITUB4,1598.9692823656644,1599.9829991549918,ITUB4_2020-06-01_DISTRIBUTION_201,DISTRIBUTION,0,cache/market.json.gz; SQLite corporate_actions/B3,0.0,23.984539235484966,,,
V10,2020-06-02,60746948000112,BBDC4,1847.827057744237,1849.5233405447077,BBDC4_2020-06-02_DISTRIBUTION_586,DISTRIBUTION,0,https://www.bradescori.com.br/informacoes-ao-mercado/remuneracao-aos-acionistas/,0.0,35.06216548572886,,,
V10,2020-06-30,02149205000169,PSSA3,1222.8016364149732,1237.2753630622174,CONT_2145_PSSA3_2020-06-30,DISTRIBUTION,0,cache/market.json.gz; B3,0.0,729.7652975540532,,,
V10,2020-07-01,60872504000123,ITUB4,1624.7310106037498,1625.6647640581198,ITUB4_2020-07-01_DISTRIBUTION_200,DISTRIBUTION,0,cache/market.json.gz; SQLite corporate_actions/B3,0.0,24.370965159056247,,,
V10,2020-07-01,02558157000162,VIVT4,953.0370810182502,963.9353267412141,CONT_2732_VIVT4_2020-07-01,DISTRIBUTION,0,https://api.mziq.com/mzfilemanager/v2/d/24165f81-24d6-4648-bf9f-66712905d5a2/34b95df5-e8c3-6d48-b667-42e740e0df5e?origin=2,0.0,523.9876543601036,,,
V10,2020-07-01,76484013000145,SAPR4,9150.701325688007,9301.738498472585,CONT_2731_SAPR4_2020-07-01,DISTRIBUTION,0,https://ri.sanepar.com.br/docs/Sanepar-2025-12-18-cW6NmzgB.pdf,0.0,940.9615864479229,,,
V10,2020-07-02,60746948000112,BBDC4,1881.9716806934591,1883.655322993533,BBDC4_2020-07-02_DISTRIBUTION_587,DISTRIBUTION,0,https://www.bradescori.com.br/informacoes-ao-mercado/remuneracao-aos-acionistas/,0.0,35.71005318456737,,,
V10,2020-08-03,17155730000164,CMIG4,4612.0294957989445,4903.5702387275405,CMIG4_2020-08-03_DISTRIBUTION_648;CMIG4_2020-08-03_SHARES_677,DISTRIBUTION;SHARES,0,https://api.mziq.com/mzfilemanager/v2/d/716a131f-9624-452c-9088-0cd6983c1349/a2eb9f5f-37e1-8913-c1eb-c4281b5e23b2?origin=2;https://api.mziq.com/mzfilemanager/v2/d/716a131f-9624-452c-9088-0cd6983c1349/a2eb9f5f-37e1-8913-c1eb-c4281b5e23b2?origin=2; owned_capital_events_fre.json; B3 2024-04-29,0.0,1151.8467036887791,,,
V10,2020-08-03,60872504000123,ITUB4,1645.1093419952665,1646.0139109149852,ITUB4_2020-08-03_DISTRIBUTION_199,DISTRIBUTION,0,cache/market.json.gz; SQLite corporate_actions/B3,0.0,24.676640129928998,,,
V10,2020-08-04,60746948000112,BBDC4,1914.3233429147888,1915.9957149127654,BBDC4_2020-08-04_DISTRIBUTION_588,DISTRIBUTION,0,https://www.bradescori.com.br/informacoes-ao-mercado/remuneracao-aos-acionistas/,0.0,36.323919796049616,,,
V10,2020-08-10,02474103000119,TBLE3,1313.332290462634,1337.4068724618025,TBLE3_2020-08-10_DISTRIBUTION_353,DISTRIBUTION,0,cache/market.json.gz; SQLite corporate_actions/B3,0.0,1090.819310382318,,,
V10,2020-08-13,17344597000194,BBSE3,1282.3382099962746,1323.754200603945,CONT_2559_BBSE3_2020-08-13,DISTRIBUTION,0,BBSE_DIV,0.0,1122.3733454678693,,,
V10,2020-08-18,60872504000123,ITUB4,1664.7373208818992,1668.3703491110516,ITUB4_2020-08-18_DISTRIBUTION_198,DISTRIBUTION,0,cache/market.json.gz; SQLite corporate_actions/B3,0.0,88.06460427465247,,,
V10,2020-09-01,60872504000123,ITUB4,1668.3703491110516,1669.3985148972745,ITUB4_2020-09-01_DISTRIBUTION_197,DISTRIBUTION,0,cache/market.json.gz; SQLite corporate_actions/B3,0.0,25.025555236665774,,,
V10,2020-09-02,60746948000112,BBDC4,1945.9998851564392,1947.7482268294916,BBDC4_2020-09-02_DISTRIBUTION_589,DISTRIBUTION,0,https://www.bradescori.com.br/informacoes-ao-mercado/remuneracao-aos-acionistas/,0.0,36.92497613486537,,,
V10,2020-09-28,17155730000164,CMIG4,4903.5702387275405,4941.569347148238,CMIG4_2020-09-28_DISTRIBUTION_649,DISTRIBUTION,0,https://api.mziq.com/mzfilemanager/v2/d/716a131f-9624-452c-9088-0cd6983c1349/a2eb9f5f-37e1-8913-c1eb-c4281b5e23b2?origin=2,0.0,387.59090589111827,,,
V10,2020-09-29,02558157000162,VIVT4,977.9853455536995,986.8820712885353,CONT_2733_VIVT4_2020-09-29,DISTRIBUTION,0,https://api.mziq.com/mzfilemanager/v2/d/24165f81-24d6-4648-bf9f-66712905d5a2/34b95df5-e8c3-6d48-b667-42e740e0df5e?origin=2,0.0,388.34207832558064,,,
V10,2020-10-01,60872504000123,ITUB4,1695.2543474391348,1696.3835133011057,ITUB4_2020-10-01_DISTRIBUTION_196,DISTRIBUTION,0,cache/market.json.gz; SQLite corporate_actions/B3,0.0,25.428815211587022,,,
V10,2020-10-02,60746948000112,BBDC4,1980.2882508827397,1982.2014683636687,BBDC4_2020-10-02_DISTRIBUTION_590,DISTRIBUTION,0,https://www.bradescori.com.br/informacoes-ao-mercado/remuneracao-aos-acionistas/,0.0,37.575591325444066,,,
V10,2020-10-13,02558115000121,TIMP3,3790.547071102237,0,CONT_2860_TIMP3_2020-10-13,CONVERSION,0,https://api.mziq.com/mzfilemanager/v2/d/4c4aa51f-1235-4aa1-8b83-adc92e8dacc3/403d4da4-118d-4b76-8663-e709c19a141d?origin=1;https://api.mziq.com/mzfilemanager/v2/d/4c4aa51f-1235-4aa1-8b83-adc92e8dacc3/5e0de946-852c-4d28-ad6e-ef5d86e4fec5?origin=2;https://conteudo.cvm.gov.br/decisoes/2021/20210511_R1.html,0.0,0.0,,,
V10,2020-10-13,02558115000121,TIMS3,0,3790.547071102237,CONT_2860_TIMP3_2020-10-13,CONVERSION,0,https://api.mziq.com/mzfilemanager/v2/d/4c4aa51f-1235-4aa1-8b83-adc92e8dacc3/403d4da4-118d-4b76-8663-e709c19a141d?origin=1;https://api.mziq.com/mzfilemanager/v2/d/4c4aa51f-1235-4aa1-8b83-adc92e8dacc3/5e0de946-852c-4d28-ad6e-ef5d86e4fec5?origin=2;https://conteudo.cvm.gov.br/decisoes/2021/20210511_R1.html,0.0,0.0,,,
V10,2020-10-20,02558115000121,TIMS3,3790.547071102237,3851.521423081648,CONT_2734_TIMS3_2020-10-20,DISTRIBUTION,0,https://api.mziq.com/mzfilemanager/v2/d/4c4aa51f-1235-4aa1-8b83-adc92e8dacc3/f254c76d-5442-4947-aad9-e2816de7e7d3?origin=2;https://api.mziq.com/mzfilemanager/v2/d/4c4aa51f-1235-4aa1-8b83-adc92e8dacc3/be78844f-4634-42c0-ae1c-a18bd2d7782e?origin=2,0.0,782.910679415639,,,
V10,2020-11-03,60872504000123,ITUB4,1723.8970011911667,1724.9726440787651,ITUB4_2020-11-03_DISTRIBUTION_195,DISTRIBUTION,0,cache/market.json.gz; SQLite corporate_actions/B3,0.0,25.8584550178675,,,
V10,2020-11-03,02149205000169,PSSA3,1237.2753630622174,1251.6286925461907,CONT_2735_PSSA3_2020-11-03,DISTRIBUTION,0,https://api.mziq.com/mzfilemanager/v2/d/b77a3922-d280-4451-b3ee-0afec4577834/f9e62720-e79a-1676-864d-2a184a052c0f?origin=2;https://api.mziq.com/mzfilemanager/v2/d/b77a3922-d280-4451-b3ee-0afec4577834/493a6ff0-1341-22f7-1a72-d9896b29432f?origin=2,0.0,692.404614306868,,,
V10,2020-11-04,60746948000112,BBDC4,2002.59319048897,2004.430657766254,BBDC4_2020-11-04_DISTRIBUTION_591,DISTRIBUTION,0,https://www.bradescori.com.br/informacoes-ao-mercado/remuneracao-aos-acionistas/,0.0,37.99882329422882,,,
V10,2020-11-23,02558157000162,VIVT3,0,1000.9584702389153,CONT_2861_VIVT4_2020-11-23,CONVERSION,0,https://s3.glbimg.com/v1/AUTH_63b422c2caee4269b8b34177e8876b93/valorri-uploads/bs/2021/f/6/GkGOxJRVyK8BsXNSui3Q/telefonica-1-.pdf,0.0,0.0,,,
V10,2020-11-23,02558157000162,VIVT4,1000.9584702389153,0,CONT_2861_VIVT4_2020-11-23,CONVERSION,0,https://s3.glbimg.com/v1/AUTH_63b422c2caee4269b8b34177e8876b93/valorri-uploads/bs/2021/f/6/GkGOxJRVyK8BsXNSui3Q/telefonica-1-.pdf,0.0,0.0,,,
V10,2020-11-30,02558157000162,VIVT3,1000.9584702389153,1006.2574441006499,CONT_2736_VIVT3_2020-11-30,DISTRIBUTION,0,https://api.mziq.com/mzfilemanager/v2/d/24165f81-24d6-4648-bf9f-66712905d5a2/34b95df5-e8c3-6d48-b667-42e740e0df5e?origin=2,0.0,237.12908031262265,,,
V10,2020-12-01,60872504000123,ITUB4,1742.1961949572908,1743.074613206849,ITUB4_2020-12-01_DISTRIBUTION_194,DISTRIBUTION,0,cache/market.json.gz; SQLite corporate_actions/B3,0.0,26.132942924359362,,,
V10,2020-12-02,60746948000112,BBDC4,2010.3192079576304,2011.7908677955945,BBDC4_2020-12-02_DISTRIBUTION_592,DISTRIBUTION,0,https://www.bradescori.com.br/informacoes-ao-mercado/remuneracao-aos-acionistas/,0.0,38.145423000027314,,,
V10,2020-12-11,60872504000123,ITUB4,1746.8398053239368,1750.4093859612697,ITUB4_2020-12-11_DISTRIBUTION_193,DISTRIBUTION,0,cache/market.json.gz; SQLite corporate_actions/B3,0.0,111.727873948519,,,
V10,2020-12-21,02474103000119,TBLE3,1337.4068724618025,1364.894122709288,TBLE3_2020-12-21_DISTRIBUTION_351;TBLE3_2020-12-21_DISTRIBUTION_352,DISTRIBUTION,0,cache/market.json.gz; SQLite corporate_actions/B3,0.0,1195.6953857656176,,,
V10,2020-12-21,02558115000121,TIMS3,3855.6471725022993,3920.7280607184334,CONT_2737_TIMS3_2020-12-21,DISTRIBUTION,0,https://api.mziq.com/mzfilemanager/v2/d/4c4aa51f-1235-4aa1-8b83-adc92e8dacc3/c586e22e-1cf8-403d-8731-dc96ab412253?origin=2;https://api.mziq.com/mzfilemanager/v2/d/4c4aa51f-1235-4aa1-8b83-adc92e8dacc3/620d660d-c87e-4aec-b107-f541814149da?origin=2,0.0,928.7042748442326,,,
V10,2020-12-29,60746948000112,BBDC4,2011.7908677955945,2042.1375124426527,BBDC4_2020-12-29_DISTRIBUTION_593,DISTRIBUTION,0,https://www.bradescori.com.br/informacoes-ao-mercado/remuneracao-aos-acionistas/,0.0,835.4431271335111,,,
V10,2020-12-29,02558157000162,VIVT3,1020.4060260568884,1039.9300883375508,CONT_2738_VIVT3_2020-12-29;CONT_2739_VIVT3_2020-12-29,DISTRIBUTION,0,https://api.mziq.com/mzfilemanager/v2/d/24165f81-24d6-4648-bf9f-66712905d5a2/34b95df5-e8c3-6d48-b667-42e740e0df5e?origin=2,0.0,882.48761508594,,,
V10,2021-01-04,17155730000164,CMIG4,4941.569347148238,5041.356009487685,CMIG4_2021-01-04_DISTRIBUTION_650,DISTRIBUTION,0,https://api.mziq.com/mzfilemanager/v2/d/716a131f-9624-452c-9088-0cd6983c1349/a2eb9f5f-37e1-8913-c1eb-c4281b5e23b2?origin=2,0.0,1410.9834054797755,,,
V10,2021-01-04,60872504000123,ITUB4,1750.4093859612697,1751.2590992554256,ITUB4_2021-01-04_DISTRIBUTION_192,DISTRIBUTION,0,cache/market.json.gz; SQLite corporate_actions/B3,0.0,26.256140789419042,,,
V10,2021-01-04,76484013000145,SAPR4,9413.552808685605,9601.925231113464,CONT_2740_SAPR4_2021-01-04,DISTRIBUTION,0,https://ri.sanepar.com.br/docs/Sanepar-2025-12-18-cW6NmzgB.pdf,0.0,936.2109394664656,,,
V10,2021-01-05,60746948000112,BBDC4,2044.1593459880899,2045.6369662987827,BBDC4_2021-01-05_DISTRIBUTION_564,DISTRIBUTION,0,https://www.bradescori.com.br/informacoes-ao-mercado/remuneracao-aos-acionistas/,0.0,38.78753315568892,,,
V10,2021-01-26,60872504000123,ITUB4,1752.620954817146,1755.7328651567434,ITUB4_2021-01-26_DISTRIBUTION_191,DISTRIBUTION,0,cache/market.json.gz; SQLite corporate_actions/B3,0.0,87.91146709362805,,,
V10,2021-02-01,60872504000123,ITUB4,1755.7328651567434,1756.638504530105,ITUB4_2021-02-01_DISTRIBUTION_190,DISTRIBUTION,0,cache/market.json.gz; SQLite corporate_actions/B3,0.0,26.33599297735115,,,
V10,2021-02-02,60746948000112,BBDC4,2049.8059009020667,2051.353639678696,BBDC4_2021-02-02_DISTRIBUTION_565,DISTRIBUTION,0,https://www.bradescori.com.br/informacoes-ao-mercado/remuneracao-aos-acionistas/,0.0,38.89467545668964,,,
V10,2021-02-12,17344597000194,BBSE3,1534.8476635688817,1560.865415045366,CONT_2558_BBSE3_2021-02-12,DISTRIBUTION,0,BBSE_DIV,0.0,728.7572188563257,,,
V10,2021-02-18,60746948000112,BBDC4,2051.353639678696,2053.150635596179,BBDC4_2021-02-18_DISTRIBUTION_566,DISTRIBUTION,0,https://www.bradescori.com.br/informacoes-ao-mercado/remuneracao-aos-acionistas/,0.0,44.76316830450885,,,
V10,2021-02-26,60872504000123,ITUB4,1761.653642912529,1771.7882880792915,ITUB4_2021-02-26_DISTRIBUTION_188;ITUB4_2021-02-26_DISTRIBUTION_189,DISTRIBUTION,0,cache/market.json.gz; SQLite corporate_actions/B3,0.0,258.9401840107839,,,
V10,2021-03-01,60872504000123,ITUB4,1771.7882880792915,1772.8612321374744,ITUB4_2021-03-01_DISTRIBUTION_187,DISTRIBUTION,0,cache/market.json.gz; SQLite corporate_actions/B3,0.0,26.57682432118937,,,
V10,2021-03-01,02558157000162,VIVT3,1059.0410459894727,1061.2147725327509,CONT_2741_VIVT3_2021-03-01,DISTRIBUTION,0,https://api.mziq.com/mzfilemanager/v2/d/24165f81-24d6-4648-bf9f-66712905d5a2/34b95df5-e8c3-6d48-b667-42e740e0df5e?origin=2,0.0,94.14409658937785,,,
V10,2021-03-02,60746948000112,BBDC4,2059.8591102811765,2061.5718812357995,BBDC4_2021-03-02_DISTRIBUTION_567,DISTRIBUTION,0,https://www.bradescori.com.br/informacoes-ao-mercado/remuneracao-aos-acionistas/,0.0,39.08543318449526,,,
V10,2021-03-26,60872504000123,ITUB4,1784.8807276737082,1788.1007618756817,ITUB4_2021-03-26_DISTRIBUTION_186,DISTRIBUTION,0,cache/market.json.gz; SQLite corporate_actions/B3,0.0,90.38636004939657,,,
V10,2021-04-01,60872504000123,ITUB4,1788.1007618756817,1789.0904855446165,ITUB4_2021-04-01_DISTRIBUTION_185,DISTRIBUTION,0,cache/market.json.gz; SQLite corporate_actions/B3,0.0,26.821511428135224,,,
V10,2021-04-01,02149205000169,PSSA3,1249.4756931235947,1295.31613572381,CONT_2742_PSSA3_2021-04-01;CONT_2743_PSSA3_2021-04-01;CONT_2744_PSSA3_2021-04-01,DISTRIBUTION,0,https://api.mziq.com/mzfilemanager/v2/d/b77a3922-d280-4451-b3ee-0afec4577834/493a6ff0-1341-22f7-1a72-d9896b29432f?origin=2;https://api.mziq.com/mzfilemanager/v2/d/b77a3922-d280-4451-b3ee-0afec4577834/493a6ff0-1341-22f7-1a72-d9896b29432f?origin=2;https://api.mziq.com/mzfilemanager/v2/d/b77a3922-d280-4451-b3ee-0afec4577834/41759930-edbb-5e54-ff18-92877b91d282?origin=2,0.0,2053.193424063643,,,
V10,2021-04-01,02558157000162,VIVT3,1063.7744819202237,1067.6328545461647,CONT_2745_VIVT3_2021-04-01,DISTRIBUTION,0,https://api.mziq.com/mzfilemanager/v2/d/24165f81-24d6-4648-bf9f-66712905d5a2/34b95df5-e8c3-6d48-b667-42e740e0df5e?origin=2,0.0,170.3085677090358,,,
V10,2021-04-05,60746948000112,BBDC4,2061.5718812357995,2063.075838663182,BBDC4_2021-04-05_DISTRIBUTION_568,DISTRIBUTION,0,https://www.bradescori.com.br/informacoes-ao-mercado/remuneracao-aos-acionistas/,0.0,39.11793268621998,,,
V10,2021-04-16,02558157000162,VIVT3,1074.6047455080093,1097.5336523940239,CONT_2746_VIVT3_2021-04-16,DISTRIBUTION,0,https://api.mziq.com/mzfilemanager/v2/d/24165f81-24d6-4648-bf9f-66712905d5a2/34b95df5-e8c3-6d48-b667-42e740e0df5e?origin=2,0.0,1012.0819499486861,,,
V10,2021-04-19,60746948000112,BBDC4,2063.075838663182,2269.3834225295004,BBDC4_2021-04-19_SHARES_673,SHARES,0,originals/bradesco_remuneracao.html.gz; owned_capital_events_fre.json; SEC 6K 20150317/20160404/20180319/20200403,0.0,0.0,,,
V10,2021-04-28,60872504000123,ITUB4,1797.1571766646061,1800.7553134011541,ITUB4_2021-04-28_DISTRIBUTION_184,DISTRIBUTION,0,cache/market.json.gz; SQLite corporate_actions/B3,0.0,101.50343733801697,,,
V10,2021-04-30,43776517000180,SBSP3,1208.6906262777516,1219.9327487694748,CONT_2436_SBSP3_2021-04-30,DISTRIBUTION,0,SBSP_2021;SBSP_2022;SBSP_2023;SBSP_2024,0.0,480.9380001959173,,,
V10,2021-05-03,17155730000164,CMIG4,5041.356009487685,5875.813350702801,CMIG4_2021-05-03_DISTRIBUTION_651;CMIG4_2021-05-03_SHARES_678,DISTRIBUTION;SHARES,0,https://api.mziq.com/mzfilemanager/v2/d/716a131f-9624-452c-9088-0cd6983c1349/a2eb9f5f-37e1-8913-c1eb-c4281b5e23b2?origin=2;https://api.mziq.com/mzfilemanager/v2/d/716a131f-9624-452c-9088-0cd6983c1349/a2eb9f5f-37e1-8913-c1eb-c4281b5e23b2?origin=2; owned_capital_events_fre.json; B3 2024-04-29,0.0,3083.7779858601584,,,
V10,2021-05-03,60872504000123,ITUB4,1800.7553134011541,1801.7234614191118,ITUB4_2021-05-03_DISTRIBUTION_183,DISTRIBUTION,0,cache/market.json.gz; SQLite corporate_actions/B3,0.0,27.01132970101731,,,
V10,2021-05-03,02558157000162,VIVT3,1097.5336523940239,1101.7755250836199,CONT_2747_VIVT3_2021-05-03,DISTRIBUTION,0,https://api.mziq.com/mzfilemanager/v2/d/24165f81-24d6-4648-bf9f-66712905d5a2/34b95df5-e8c3-6d48-b667-42e740e0df5e?origin=2,0.0,182.31568819883663,,,
V10,2021-05-04,60746948000112,BBDC4,2269.3834225295004,2271.1927131593434,BBDC4_2021-05-04_DISTRIBUTION_569,DISTRIBUTION,0,https://www.bradescori.com.br/informacoes-ao-mercado/remuneracao-aos-acionistas/,0.0,43.061116990263564,,,
V10,2021-05-12,02474103000119,TBLE3,1364.894122709288,1391.3258647110713,TBLE3_2021-05-12_DISTRIBUTION_350,DISTRIBUTION,0,cache/market.json.gz; SQLite corporate_actions/B3,0.0,1019.7366064288011,,,
V10,2021-05-25,60872504000123,ITUB4,1806.6382534855475,1809.6746517088193,ITUB4_2021-05-25_DISTRIBUTION_182,DISTRIBUTION,0,cache/market.json.gz; SQLite corporate_actions/B3,0.0,88.05554847488558,,,
V10,2021-06-01,60872504000123,ITUB4,1809.6746517088193,1810.5617471263236,ITUB4_2021-06-01_DISTRIBUTION_181,DISTRIBUTION,0,cache/market.json.gz; SQLite corporate_actions/B3,0.0,27.14511977563229,,,
V10,2021-06-02,60746948000112,BBDC4,2271.1927131593434,2272.725268206797,BBDC4_2021-06-02_DISTRIBUTION_570,DISTRIBUTION,0,https://www.bradescori.com.br/informacoes-ao-mercado/remuneracao-aos-acionistas/,0.0,43.09544793439032,,,
V10,2021-06-22,02558115000121,TIMS3,3975.1737953292322,4022.8938945134396,CONT_2748_TIMS3_2021-06-22,DISTRIBUTION,0,https://api.mziq.com/mzfilemanager/v2/d/4c4aa51f-1235-4aa1-8b83-adc92e8dacc3/ec8c4a27-ea86-4980-8cb4-8beef111e7ac?origin=2,0.0,575.0271951697009,,,
V10,2021-07-01,60872504000123,ITUB4,1810.8563924307418,1811.7712744073824,ITUB4_2021-07-01_DISTRIBUTION_180,DISTRIBUTION,0,cache/market.json.gz; SQLite corporate_actions/B3,0.0,27.162845886461128,,,
V10,2021-07-01,02558157000162,VIVT3,1114.4674035692242,1124.4794083962433,CONT_2750_VIVT3_2021-07-01,DISTRIBUTION,0,https://api.mziq.com/mzfilemanager/v2/d/24165f81-24d6-4648-bf9f-66712905d5a2/34b95df5-e8c3-6d48-b667-42e740e0df5e?origin=2,0.0,416.6996409005412,,,
V10,2021-07-01,76484013000145,SAPR4,10495.682321118013,10762.868524768506,CONT_2749_SAPR4_2021-07-01,DISTRIBUTION,0,https://ri.sanepar.com.br/docs/Sanepar-2025-12-18-cW6NmzgB.pdf,0.0,1082.1041247844962,,,
V10,2021-07-02,60746948000112,BBDC4,2272.725268206797,2274.383903894247,BBDC4_2021-07-02_DISTRIBUTION_571,DISTRIBUTION,0,https://www.bradescori.com.br/informacoes-ao-mercado/remuneracao-aos-acionistas/,0.0,43.124527873697744,,,
V10,2021-07-05,60746948000112,BBDC4,2274.383903894247,2323.4007447489503,BBDC4_2021-07-05_DISTRIBUTION_572,DISTRIBUTION,0,https://www.bradescori.com.br/informacoes-ao-mercado/remuneracao-aos-acionistas/,0.0,1225.9111897761313,,,
V10,2021-07-30,02149205000169,PSSA3,1295.31613572381,1312.6549905389872,CONT_2751_PSSA3_2021-07-30,DISTRIBUTION,0,https://api.mziq.com/mzfilemanager/v2/d/b77a3922-d280-4451-b3ee-0afec4577834/84eee7cb-7942-984d-6623-ff1f2c09cdbe?origin=2;https://api.mziq.com/mzfilemanager/v2/d/b77a3922-d280-4451-b3ee-0afec4577834/c01dc413-7f12-69a6-0b0a-53d2e29990ed?origin=2;https://api.mziq.com/mzfilemanager/v2/d/b77a3922-d280-4451-b3ee-0afec4577834/bd82067a-476b-c3a3-b00a-9a8d540f77cb?origin=2,0.0,895.7252397520554,,,
V10,2021-08-02,60872504000123,ITUB4,1811.7712744073824,1812.6631867511996,ITUB4_2021-08-02_DISTRIBUTION_179,DISTRIBUTION,0,cache/market.json.gz; SQLite corporate_actions/B3,0.0,27.176569116110734,,,
V10,2021-08-03,60746948000112,BBDC4,2323.4007447489503,2325.1987090785615,BBDC4_2021-08-03_DISTRIBUTION_573,DISTRIBUTION,0,https://www.bradescori.com.br/informacoes-ao-mercado/remuneracao-aos-acionistas/,0.0,44.086085362069085,,,
V10,2021-08-12,17344597000194,BBSE3,1787.1905031089416,1831.7313092307263,CONT_2557_BBSE3_2021-08-12,DISTRIBUTION,0,BBSE_DIV,0.0,930.9028479452984,,,
V10,2021-08-16,60872504000123,ITUB4,1812.6631867511996,1818.8671071636006,ITUB4_2021-08-16_DISTRIBUTION_178,DISTRIBUTION,0,cache/market.json.gz; SQLite corporate_actions/B3,0.0,188.22694531224457,,,
V10,2021-08-17,02474103000119,TBLE3,1391.3521036484372,1427.7095711170966,TBLE3_2021-08-17_DISTRIBUTION_349,DISTRIBUTION,0,cache/market.json.gz; SQLite corporate_actions/B3,0.0,1346.3170203644645,,,
V10,2021-09-01,60872504000123,ITUB4,1818.8671071636006,1819.7455040279744,ITUB4_2021-09-01_DISTRIBUTION_177,DISTRIBUTION,0,cache/market.json.gz; SQLite corporate_actions/B3,0.0,27.28300660745401,,,
V10,2021-09-02,60746948000112,BBDC4,2327.3855096184047,2329.3676323973264,BBDC4_2021-09-02_DISTRIBUTION_574,DISTRIBUTION,0,https://www.bradescori.com.br/informacoes-ao-mercado/remuneracao-aos-acionistas/,0.0,44.16169551437689,,,
V10,2021-09-30,02558115000121,TIMS3,4099.92663236173,4119.7492633064885,CONT_2752_TIMS3_2021-09-30,DISTRIBUTION,0,https://api.mziq.com/mzfilemanager/v2/d/4c4aa51f-1235-4aa1-8b83-adc92e8dacc3/fa04ad1c-865b-81a3-87f8-ff70523311ae?origin=2,0.0,232.91591360090425,,,
V10,2021-10-01,60872504000123,ITUB4,1819.7455040279744,1820.6654966993738,ITUB4_2021-10-01_DISTRIBUTION_176,DISTRIBUTION,0,cache/market.json.gz; SQLite corporate_actions/B3,0.0,27.296182560419616,,,
V10,2021-10-01,02558157000162,VIVT3,1145.1203418172277,1154.6684902357854,CONT_2753_VIVT3_2021-10-01,DISTRIBUTION,0,https://api.mziq.com/mzfilemanager/v2/d/24165f81-24d6-4648-bf9f-66712905d5a2/34b95df5-e8c3-6d48-b667-42e740e0df5e?origin=2,0.0,409.1381597352003,,,
V10,2021-10-04,60746948000112,BBDC4,2339.691788159849,2341.833380287162,BBDC4_2021-10-04_DISTRIBUTION_575,DISTRIBUTION,0,https://www.bradescori.com.br/informacoes-ao-mercado/remuneracao-aos-acionistas/,0.0,44.395204799201586,,,
V10,2021-10-04,60872504000123,XPBR31,0,42.03524452265787,ITUB4_2021-10-04_SPINOFF_686,SPINOFF,0,B3 OC 108/2021-PRE,0.0,0.0,,,
V10,2021-10-21,02149205000169,PSSA3,1310.0541623167107,2620.1083246334215,CONT_2862_PSSA3_2021-10-21,SHARES,0,https://api.mziq.com/mzfilemanager/v2/d/b77a3922-d280-4451-b3ee-0afec4577834/58c7cb8a-888b-4fff-3949-6efc460cb9e1?origin=2,0.0,0.0,,,
V10,2021-11-01,60872504000123,ITUB4,1820.6654966993738,1821.992282249198,ITUB4_2021-11-01_DISTRIBUTION_175,DISTRIBUTION,0,cache/market.json.gz; SQLite corporate_actions/B3,0.0,32.13474601674395,,,
V10,2021-11-01,02149205000169,PSSA3,2620.1083246334215,2651.1579200364404,CONT_2754_PSSA3_2021-11-01,DISTRIBUTION,0,https://api.mziq.com/mzfilemanager/v2/d/b77a3922-d280-4451-b3ee-0afec4577834/0c125129-e67a-53e9-aa2c-5b25822a1a8c?origin=2;https://api.mziq.com/mzfilemanager/v2/d/b77a3922-d280-4451-b3ee-0afec4577834/c01dc413-7f12-69a6-0b0a-53d2e29990ed?origin=2;https://api.mziq.com/mzfilemanager/v2/d/b77a3922-d280-4451-b3ee-0afec4577834/bd82067a-476b-c3a3-b00a-9a8d540f77cb?origin=2,0.0,726.5605324306463,,,
V10,2021-11-03,60746948000112,BBDC4,2356.650443559991,2358.842452974026,BBDC4_2021-11-03_DISTRIBUTION_576,DISTRIBUTION,0,https://www.bradescori.com.br/informacoes-ao-mercado/remuneracao-aos-acionistas/,0.0,44.71699204631611,,,
V10,2021-11-22,60872504000123,ITUB4,1823.8946809129777,1845.7575337326518,ITUB4_2021-11-22_DISTRIBUTION_174,DISTRIBUTION,0,cache/market.json.gz; SQLite corporate_actions/B3,0.0,482.5131617302091,,,
V10,2021-12-01,60872504000123,ITUB4,1845.7575337326518,1847.2236732677725,ITUB4_2021-12-01_DISTRIBUTION_173,DISTRIBUTION,0,cache/market.json.gz; SQLite corporate_actions/B3,0.0,32.577620470381305,,,
V10,2021-12-02,60746948000112,BBDC4,2377.1492644618797,2379.315736760518,BBDC4_2021-12-02_DISTRIBUTION_577,DISTRIBUTION,0,https://www.bradescori.com.br/informacoes-ao-mercado/remuneracao-aos-acionistas/,0.0,45.105953257654654,,,
V10,2021-12-21,60746948000112,BBDC4,2379.315736760518,2408.9643789389825,BBDC4_2021-12-21_DISTRIBUTION_578;BBDC4_2021-12-21_DISTRIBUTION_579,DISTRIBUTION,0,https://www.bradescori.com.br/informacoes-ao-mercado/remuneracao-aos-acionistas/,0.0,565.9925791868867,,,
V10,2021-12-21,02558115000121,TIMS3,4171.082606127496,4246.300629223283,CONT_2755_TIMS3_2021-12-21,DISTRIBUTION,0,https://api.mziq.com/mzfilemanager/v2/d/4c4aa51f-1235-4aa1-8b83-adc92e8dacc3/44eca3b7-91a5-79c3-458a-10bea257e8bd?origin=2,0.0,965.0472363189504,,,
V10,2021-12-22,17155730000164,CMIG4,5875.813350702801,6127.790313229237,CMIG4_2021-12-22_DISTRIBUTION_652,DISTRIBUTION,0,https://api.mziq.com/mzfilemanager/v2/d/716a131f-9624-452c-9088-0cd6983c1349/a2eb9f5f-37e1-8913-c1eb-c4281b5e23b2?origin=2,0.0,3316.0168268478956,,,
V10,2021-12-28,02558157000162,VIVT3,1158.7981947821506,1191.9953920963433,CONT_2756_VIVT3_2021-12-28;CONT_2757_VIVT3_2021-12-28,DISTRIBUTION,0,https://api.mziq.com/mzfilemanager/v2/d/24165f81-24d6-4648-bf9f-66712905d5a2/34b95df5-e8c3-6d48-b667-42e740e0df5e?origin=2,0.0,1592.8015271349573,,,
V10,2021-12-30,02474103000119,TBLE3,1427.7095711170966,1430.4429202992737,TBLE3_2021-12-30_DISTRIBUTION_348,DISTRIBUTION,0,cache/market.json.gz; SQLite corporate_actions/B3,0.0,104.98794208742655,,,
V10,2022-01-03,60872504000123,ITUB4,1860.4115195810768,1861.9380776155076,ITUB4_2022-01-03_DISTRIBUTION_172,DISTRIBUTION,0,cache/market.json.gz; SQLite corporate_actions/B3,0.0,32.836263320606,,,
V10,2022-01-03,76484013000145,SAPR4,11613.077125457641,11989.460838500403,CONT_2758_SAPR4_2022-01-03,DISTRIBUTION,0,https://ri.sanepar.com.br/docs/Sanepar-2025-12-18-cW6NmzgB.pdf,0.0,1385.0920639973622,,,
V10,2022-01-04,60746948000112,BBDC4,2430.2214364873103,2432.550375254232,BBDC4_2022-01-04_DISTRIBUTION_550,DISTRIBUTION,0,https://www.bradescori.com.br/informacoes-ao-mercado/remuneracao-aos-acionistas/,0.0,46.11298758505234,,,
V10,2022-02-01,60872504000123,ITUB4,1882.9516837742124,1884.2554930020906,ITUB4_2022-02-01_DISTRIBUTION_171,DISTRIBUTION,0,cache/market.json.gz; SQLite corporate_actions/B3,0.0,33.23409721861485,,,
V10,2022-02-02,60746948000112,BBDC4,2435.4251197901353,2437.483548586653,BBDC4_2022-02-02_DISTRIBUTION_551,DISTRIBUTION,0,https://www.bradescori.com.br/informacoes-ao-mercado/remuneracao-aos-acionistas/,0.0,46.21172648181994,,,
V10,2022-02-11,17344597000194,BBSE3,2067.264078317402,2150.5681417575356,CONT_2556_BBSE3_2022-02-11,DISTRIBUTION,0,BBSE_DIV,0.0,1896.000483897443,,,
V10,2022-02-22,60872504000123,ITUB4,1887.4008354328055,1888.4020740895826,ITUB4_2022-02-22_DISTRIBUTION_170,DISTRIBUTION,0,cache/market.json.gz; SQLite corporate_actions/B3,0.0,25.781895412012123,,,
V10,2022-02-25,02474103000119,TBLE3,1430.4429202992737,1458.5262571533196,TBLE3_2022-02-25_DISTRIBUTION_347,DISTRIBUTION,0,cache/market.json.gz; SQLite corporate_actions/B3,0.0,1119.6826403708087,,,
V10,2022-03-02,60872504000123,ITUB4,1888.4020740895826,1889.7336880171767,ITUB4_2022-03-02_DISTRIBUTION_169,DISTRIBUTION,0,cache/market.json.gz; SQLite corporate_actions/B3,0.0,33.33029660768113,,,
V10,2022-03-02,02558157000162,VIVT3,1190.2563198292362,1192.8570845485565,CONT_2759_VIVT3_2022-03-02,DISTRIBUTION,0,https://api.mziq.com/mzfilemanager/v2/d/24165f81-24d6-4648-bf9f-66712905d5a2/34b95df5-e8c3-6d48-b667-42e740e0df5e?origin=2,0.0,127.82758595458837,,,
V10,2022-03-03,60746948000112,BBDC4,2471.6184500171526,2473.9050657172966,BBDC4_2022-03-03_DISTRIBUTION_552,DISTRIBUTION,0,https://www.bradescori.com.br/informacoes-ao-mercado/remuneracao-aos-acionistas/,0.0,46.898488009951514,,,
V10,2022-03-29,17155730000164,CMIG4,6127.790313229237,6188.372653063798,CMIG4_2022-03-29_DISTRIBUTION_653,DISTRIBUTION,0,https://api.mziq.com/mzfilemanager/v2/d/716a131f-9624-452c-9088-0cd6983c1349/a2eb9f5f-37e1-8913-c1eb-c4281b5e23b2?origin=2,0.0,886.9254551779718,,,
V10,2022-03-29,02558115000121,TIMS3,4239.178413505413,4264.290867235667,CONT_2760_TIMS3_2022-03-29,DISTRIBUTION,0,https://api.mziq.com/mzfilemanager/v2/d/4c4aa51f-1235-4aa1-8b83-adc92e8dacc3/d66d8c7b-438f-f636-8557-60ffdf4a2e60?origin=2,0.0,341.5293707314579,,,
V10,2022-04-01,60872504000123,ITUB4,1900.040113994617,1901.2578230727581,ITUB4_2022-04-01_DISTRIBUTION_168,DISTRIBUTION,0,cache/market.json.gz; SQLite corporate_actions/B3,0.0,33.53570801200499,,,
V10,2022-04-01,02149205000169,PSSA3,2666.8605443697347,2723.9346495643076,CONT_2761_PSSA3_2022-04-01;CONT_2762_PSSA3_2022-04-01,DISTRIBUTION,0,https://api.mziq.com/mzfilemanager/v2/d/b77a3922-d280-4451-b3ee-0afec4577834/c01dc413-7f12-69a6-0b0a-53d2e29990ed?origin=2;https://api.mziq.com/mzfilemanager/v2/d/b77a3922-d280-4451-b3ee-0afec4577834/c01dc413-7f12-69a6-0b0a-53d2e29990ed?origin=2;https://api.mziq.com/mzfilemanager/v2/d/b77a3922-d280-4451-b3ee-0afec4577834/bd82067a-476b-c3a3-b00a-9a8d540f77cb?origin=2;https://api.mziq.com/mzfilemanager/v2/d/b77a3922-d280-4451-b3ee-0afec4577834/ae2ce35a-8763-7d60-073f-ca45097755f1?origin=2,0.0,1193.4195396185155,,,
V10,2022-04-01,02558157000162,VIVT3,1192.4669698406585,1195.731683381963,CONT_2763_VIVT3_2022-04-01,DISTRIBUTION,0,https://api.mziq.com/mzfilemanager/v2/d/24165f81-24d6-4648-bf9f-66712905d5a2/34b95df5-e8c3-6d48-b667-42e740e0df5e?origin=2,0.0,178.02482940732554,,,
V10,2022-04-04,60746948000112,BBDC4,2498.8775661256855,2501.0456376634825,BBDC4_2022-04-04_DISTRIBUTION_553,DISTRIBUTION,0,https://www.bradescori.com.br/informacoes-ao-mercado/remuneracao-aos-acionistas/,0.0,47.41572453161975,,,
V10,2022-04-19,60746948000112,BBDC4,2501.0456376634825,2751.1502014298308,BBDC4_2022-04-19_SHARES_674,SHARES,0,originals/bradesco_remuneracao.html.gz; owned_capital_events_fre.json; SEC 6K 20150317/20160404/20180319/20200403,0.0,0.0,,,
V10,2022-04-27,02558157000162,VIVT3,1195.2419763507673,1223.1971301785313,CONT_2764_VIVT3_2022-04-27,DISTRIBUTION,0,https://api.mziq.com/mzfilemanager/v2/d/24165f81-24d6-4648-bf9f-66712905d5a2/34b95df5-e8c3-6d48-b667-42e740e0df5e?origin=2,0.0,1448.6360713547328,,,
V10,2022-04-29,43776517000180,SBSP3,1330.789270929931,1358.9620768069947,CONT_2437_SBSP3_2022-04-29,DISTRIBUTION,0,SBSP_2021;SBSP_2022;SBSP_2023;SBSP_2024,0.0,1254.5350457056459,,,
V10,2022-04-29,76484013000145,SAPR4,12610.442173187032,12649.499550173223,CONT_2765_SAPR4_2022-04-29,DISTRIBUTION,0,https://ri.sanepar.com.br/docs/Sanepar-2025-12-18-cW6NmzgB.pdf,0.0,152.32377024614286,,,
V10,2022-05-02,17155730000164,CMIG4,6188.372653063798,8388.156941845424,CMIG4_2022-05-02_DISTRIBUTION_654;CMIG4_2022-05-02_SHARES_679,DISTRIBUTION;SHARES,0,https://api.mziq.com/mzfilemanager/v2/d/716a131f-9624-452c-9088-0cd6983c1349/a2eb9f5f-37e1-8913-c1eb-c4281b5e23b2?origin=2;https://api.mziq.com/mzfilemanager/v2/d/716a131f-9624-452c-9088-0cd6983c1349/a2eb9f5f-37e1-8913-c1eb-c4281b5e23b2?origin=2; owned_capital_events_fre.json; B3 2024-04-29,0.0,3697.0447641246783,,,
V10,2022-05-02,60872504000123,ITUB4,1912.2236888418036,1913.6447729726692,ITUB4_2022-05-02_DISTRIBUTION_167,DISTRIBUTION,0,cache/market.json.gz; SQLite corporate_actions/B3,0.0,33.75074810805783,,,
V10,2022-05-02,02558157000162,VIVT3,1223.1971301785313,1225.3000525212897,CONT_2766_VIVT3_2022-05-02,DISTRIBUTION,0,https://api.mziq.com/mzfilemanager/v2/d/24165f81-24d6-4648-bf9f-66712905d5a2/34b95df5-e8c3-6d48-b667-42e740e0df5e?origin=2,0.0,109.62534172799818,,,
V10,2022-05-03,60746948000112,BBDC4,2786.3366125046005,2789.262467791373,BBDC4_2022-05-03_DISTRIBUTION_554,DISTRIBUTION,0,https://www.bradescori.com.br/informacoes-ao-mercado/remuneracao-aos-acionistas/,0.0,52.870205031981804,,,
V10,2022-05-12,02474103000119,TBLE3,1458.5262571533196,1482.0438621772732,TBLE3_2022-05-12_DISTRIBUTION_346,DISTRIBUTION,0,cache/market.json.gz; SQLite corporate_actions/B3,0.0,982.8007139510161,,,
V10,2022-06-01,60872504000123,ITUB4,1937.2863954085828,1938.6127377235155,ITUB4_2022-06-01_DISTRIBUTION_166,DISTRIBUTION,0,cache/market.json.gz; SQLite corporate_actions/B3,0.0,34.193104878961485,,,
V10,2022-06-02,60746948000112,BBDC4,2811.184802659076,2813.8478927586348,BBDC4_2022-06-02_DISTRIBUTION_555,DISTRIBUTION,0,https://www.bradescori.com.br/informacoes-ao-mercado/remuneracao-aos-acionistas/,0.0,53.341694694158654,,,
V10,2022-06-21,60746948000112,BBDC4,2813.8478927586348,2843.5254396056466,BBDC4_2022-06-21_DISTRIBUTION_556,DISTRIBUTION,0,https://www.bradescori.com.br/informacoes-ao-mercado/remuneracao-aos-acionistas/,0.0,553.1894732282999,,,
V10,2022-06-24,02558115000121,TIMS3,4282.012992988965,4320.042582900097,CONT_2767_TIMS3_2022-06-24,DISTRIBUTION,0,https://api.mziq.com/mzfilemanager/v2/d/4c4aa51f-1235-4aa1-8b83-adc92e8dacc3/bc75af4c-8995-f1c7-4dd9-96c258fe802b?origin=2,0.0,478.03194518292077,,,
V10,2022-06-27,17155730000164,CMIG4,8388.156941845424,8514.5040866381,CMIG4_2022-06-27_DISTRIBUTION_655,DISTRIBUTION,0,https://api.mziq.com/mzfilemanager/v2/d/716a131f-9624-452c-9088-0cd6983c1349/a2eb9f5f-37e1-8913-c1eb-c4281b5e23b2?origin=2,0.0,1345.5970920420011,,,
V10,2022-07-01,60872504000123,ITUB4,1960.496060882752,1962.0104046671977,ITUB4_2022-07-01_DISTRIBUTION_165,DISTRIBUTION,0,cache/market.json.gz; SQLite corporate_actions/B3,0.0,34.602755474580576,,,
V10,2022-07-01,02558157000162,VIVT3,1225.8767752673843,1233.2839317555959,CONT_2769_VIVT3_2022-07-01,DISTRIBUTION,0,https://api.mziq.com/mzfilemanager/v2/d/24165f81-24d6-4648-bf9f-66712905d5a2/34b95df5-e8c3-6d48-b667-42e740e0df5e?origin=2,0.0,352.2102910144521,,,
V10,2022-07-01,76484013000145,SAPR4,13000.520032524017,13368.2763772492,CONT_2768_SAPR4_2022-07-01,DISTRIBUTION,0,https://ri.sanepar.com.br/docs/Sanepar-2025-12-18-cW6NmzgB.pdf,0.0,1368.0536023776845,,,
V10,2022-07-04,60746948000112,BBDC4,2878.133735541945,2881.3218288232274,BBDC4_2022-07-04_DISTRIBUTION_557,DISTRIBUTION,0,https://www.bradescori.com.br/informacoes-ao-mercado/remuneracao-aos-acionistas/,0.0,54.61203790836492,,,
V10,2022-08-01,60872504000123,ITUB4,1989.5907215998518,1991.0869412946213,ITUB4_2022-08-01_DISTRIBUTION_164,DISTRIBUTION,0,cache/market.json.gz; SQLite corporate_actions/B3,0.0,35.11627623623738,,,
V10,2022-08-02,60746948000112,BBDC4,2911.2498943456117,2914.376120191479,BBDC4_2022-08-02_DISTRIBUTION_558,DISTRIBUTION,0,https://www.bradescori.com.br/informacoes-ao-mercado/remuneracao-aos-acionistas/,0.0,55.24041069647816,,,
V10,2022-08-17,02474103000119,TBLE3,1482.0438621772732,1506.6146446103332,TBLE3_2022-08-17_DISTRIBUTION_345,DISTRIBUTION,0,cache/market.json.gz; SQLite corporate_actions/B3,0.0,1049.6638255403277,,,
V10,2022-08-18,17344597000194,BBSE3,2217.2090707938914,2297.3321027167367,CONT_2555_BBSE3_2022-08-18,DISTRIBUTION,0,BBSE_DIV,0.0,2297.1273252279757,,,
V10,2022-08-19,60872504000123,ITUB4,2010.1220888718028,2033.2490565984997,ITUB4_2022-08-19_DISTRIBUTION_163,DISTRIBUTION,0,cache/market.json.gz; SQLite corporate_actions/B3,0.0,616.1024202392075,,,
V10,2022-08-31,02149205000169,PSSA3,2824.4531531601087,2907.8492990344853,CONT_2770_PSSA3_2022-08-31,DISTRIBUTION,0,https://api.mziq.com/mzfilemanager/v2/d/b77a3922-d280-4451-b3ee-0afec4577834/4283e85d-e75d-f77c-2344-92e1a5e53405?origin=2;https://api.mziq.com/mzfilemanager/v2/d/b77a3922-d280-4451-b3ee-0afec4577834/7c50ca38-1ebc-6181-44f4-b4691917af27?origin=2;https://api.mziq.com/mzfilemanager/v2/d/b77a3922-d280-4451-b3ee-0afec4577834/41d3f69d-2eaf-9718-f70f-a7a11423b31a?origin=2,0.0,1760.4926394080899,,,
V10,2022-09-01,60872504000123,ITUB4,2033.2490565984997,2034.619306535459,ITUB4_2022-09-01_DISTRIBUTION_162,DISTRIBUTION,0,cache/market.json.gz; SQLite corporate_actions/B3,0.0,35.88684584896352,,,
V10,2022-09-01,02558157000162,VIVT3,1238.1709754918393,1243.5650936896623,CONT_2771_VIVT3_2022-09-01,DISTRIBUTION,0,https://api.mziq.com/mzfilemanager/v2/d/24165f81-24d6-4648-bf9f-66712905d5a2/34b95df5-e8c3-6d48-b667-42e740e0df5e?origin=2,0.0,222.5613168421771,,,
V10,2022-09-02,60746948000112,BBDC4,2932.2522050972952,2935.1335580507675,BBDC4_2022-09-02_DISTRIBUTION_559,DISTRIBUTION,0,https://www.bradescori.com.br/informacoes-ao-mercado/remuneracao-aos-acionistas/,0.0,55.63892553155,,,
V10,2022-09-22,02558115000121,TIMS3,4396.340954468071,4467.50476666875,CONT_2772_TIMS3_2022-09-22;CONT_2773_TIMS3_2022-09-22,DISTRIBUTION,0,https://api.mziq.com/mzfilemanager/v2/d/4c4aa51f-1235-4aa1-8b83-adc92e8dacc3/e8292dc6-6925-d665-bf16-5f2fa1b5dd91?origin=2;https://api.mziq.com/mzfilemanager/v2/d/4c4aa51f-1235-4aa1-8b83-adc92e8dacc3/e8292dc6-6925-d665-bf16-5f2fa1b5dd91?origin=2;https://api.mziq.com/mzfilemanager/v2/d/4c4aa51f-1235-4aa1-8b83-adc92e8dacc3/cb7f9c33-0c95-4504-aef8-f40895087360?origin=2,0.0,871.756699458311,,,
V10,2022-09-26,17155730000164,CMIG4,8514.5040866381,8677.842517852296,CMIG4_2022-09-26_DISTRIBUTION_656,DISTRIBUTION,0,https://api.mziq.com/mzfilemanager/v2/d/716a131f-9624-452c-9088-0cd6983c1349/a2eb9f5f-37e1-8913-c1eb-c4281b5e23b2?origin=2,0.0,1824.4902766625657,,,
V10,2022-10-03,60872504000123,ITUB4,2044.2782797522984,2045.4911036728909,ITUB4_2022-10-03_DISTRIBUTION_161,DISTRIBUTION,0,cache/market.json.gz; SQLite corporate_actions/B3,0.0,36.08151163762807,,,
V10,2022-10-04,60746948000112,BBDC4,2943.286054315745,2945.9228952370386,BBDC4_2022-10-04_DISTRIBUTION_560,DISTRIBUTION,0,https://www.bradescori.com.br/informacoes-ao-mercado/remuneracao-aos-acionistas/,0.0,55.84829071300488,,,
V10,2022-11-01,60872504000123,ITUB4,2046.3267832667693,2047.5125241638364,ITUB4_2022-11-01_DISTRIBUTION_160,DISTRIBUTION,0,cache/market.json.gz; SQLite corporate_actions/B3,0.0,36.117667724658475,,,
V10,2022-11-01,02149205000169,PSSA3,2901.793128608383,2912.6728150245217,CONT_2774_PSSA3_2022-11-01,DISTRIBUTION,0,https://api.mziq.com/mzfilemanager/v2/d/b77a3922-d280-4451-b3ee-0afec4577834/93c93bbe-d850-f472-be6b-d36e031cbee7?origin=2;https://api.mziq.com/mzfilemanager/v2/d/b77a3922-d280-4451-b3ee-0afec4577834/41d3f69d-2eaf-9718-f70f-a7a11423b31a?origin=2;https://api.mziq.com/mzfilemanager/v2/d/b77a3922-d280-4451-b3ee-0afec4577834/478c2702-5245-8bef-9e67-f34653abeda5?origin=2,0.0,254.69345900179962,,,
V10,2022-11-03,60746948000112,BBDC4,2967.1310656807555,2970.002087876026,BBDC4_2022-11-03_DISTRIBUTION_561,DISTRIBUTION,0,https://www.bradescori.com.br/informacoes-ao-mercado/remuneracao-aos-acionistas/,0.0,56.30074524925879,,,
V10,2022-11-22,02474103000119,TBLE3,1521.6591584302191,1543.830950181795,TBLE3_2022-11-22_DISTRIBUTION_344,DISTRIBUTION,0,cache/market.json.gz; SQLite corporate_actions/B3,0.0,881.7721579601721,,,
V10,2022-12-01,60872504000123,ITUB4,2049.3284530209503,2050.7207027205586,ITUB4_2022-12-01_DISTRIBUTION_159,DISTRIBUTION,0,cache/market.json.gz; SQLite corporate_actions/B3,0.0,36.17064719581977,,,
V10,2022-12-02,60746948000112,BBDC4,3018.3463134716585,3022.0725688258535,BBDC4_2022-12-02_DISTRIBUTION_562,DISTRIBUTION,0,https://www.bradescori.com.br/informacoes-ao-mercado/remuneracao-aos-acionistas/,0.0,57.272544793978845,,,
V10,2022-12-09,60872504000123,ITUB4,2062.6538872988026,2103.8713581959228,ITUB4_2022-12-09_DISTRIBUTION_158,DISTRIBUTION,0,cache/market.json.gz; SQLite corporate_actions/B3,0.0,1002.8210669269318,,,
V10,2022-12-22,17155730000164,CMIG4,8677.842517852296,8821.135144971386,CMIG4_2022-12-22_DISTRIBUTION_657,DISTRIBUTION,0,https://api.mziq.com/mzfilemanager/v2/d/716a131f-9624-452c-9088-0cd6983c1349/a2eb9f5f-37e1-8913-c1eb-c4281b5e23b2?origin=2,0.0,1571.920119496419,,,
V10,2022-12-22,02558115000121,TIMS3,4540.708967148952,4610.208069479899,CONT_2775_TIMS3_2022-12-22,DISTRIBUTION,0,https://api.mziq.com/mzfilemanager/v2/d/4c4aa51f-1235-4aa1-8b83-adc92e8dacc3/cb7f9c33-0c95-4504-aef8-f40895087360?origin=2,0.0,853.4489766240262,,,
V10,2022-12-23,02474103000119,TBLE3,1546.7637134937352,1556.7175682547386,TBLE3_2022-12-23_DISTRIBUTION_343,DISTRIBUTION,0,cache/market.json.gz; SQLite corporate_actions/B3,0.0,379.14232784662215,,,
V10,2022-12-28,17155730000164,CMIG4,8821.135144971386,9006.14103437202,CMIG4_2022-12-28_DISTRIBUTION_658,DISTRIBUTION,0,https://api.mziq.com/mzfilemanager/v2/d/716a131f-9624-452c-9088-0cd6983c1349/a2eb9f5f-37e1-8913-c1eb-c4281b5e23b2?origin=2,0.0,2066.515784605078,,,
V10,2023-01-02,60872504000123,ITUB4,2103.8713581959228,2105.3876231804943,ITUB4_2023-01-02_DISTRIBUTION_157,DISTRIBUTION,0,cache/market.json.gz; SQLite corporate_actions/B3,0.0,37.13332947215803,,,
V10,2023-01-02,02558157000162,VIVT3,1304.943425056721,1341.9122916892848,CONT_2777_VIVT3_2023-01-02;CONT_2778_VIVT3_2023-01-02,DISTRIBUTION,0,https://api.mziq.com/mzfilemanager/v2/d/24165f81-24d6-4648-bf9f-66712905d5a2/34b95df5-e8c3-6d48-b667-42e740e0df5e?origin=2,0.0,1345.2970567589978,,,
V10,2023-01-02,76484013000145,SAPR4,14275.328805970623,15061.47456456768,CONT_2776_SAPR4_2023-01-02,DISTRIBUTION,0,https://ri.sanepar.com.br/docs/Sanepar-2025-12-18-cW6NmzgB.pdf,0.0,2712.202867159846,,,
V10,2023-01-03,60746948000112,BBDC4,3070.1520807040815,3074.313191370675,BBDC4_2023-01-03_DISTRIBUTION_535,DISTRIBUTION,0,https://www.bradescori.com.br/informacoes-ao-mercado/remuneracao-aos-acionistas/,0.0,58.255549332312526,,,
V10,2023-01-09,60746948000112,BBDC4,3074.313191370675,3197.49806981902,BBDC4_2023-01-09_DISTRIBUTION_563,DISTRIBUTION,0,https://www.bradescori.com.br/informacoes-ao-mercado/remuneracao-aos-acionistas/,0.0,1793.571830207903,,,
V10,2023-02-01,60872504000123,ITUB4,2118.2903057666995,2119.78701609083,ITUB4_2023-02-01_DISTRIBUTION_156,DISTRIBUTION,0,cache/market.json.gz; SQLite corporate_actions/B3,0.0,37.387823896782244,,,
V10,2023-02-02,60746948000112,BBDC4,3251.56731202459,3255.993271041542,BBDC4_2023-02-02_DISTRIBUTION_536,DISTRIBUTION,0,https://www.bradescori.com.br/informacoes-ao-mercado/remuneracao-aos-acionistas/,0.0,61.697868696309996,,,
V10,2023-02-15,17344597000194,BBSE3,2302.614648575621,2423.865934113779,CONT_2554_BBSE3_2023-02-15,DISTRIBUTION,0,BBSE_DIV,0.0,4236.519916703251,,,
V10,2023-03-01,60872504000123,ITUB4,2132.5207858889094,2134.026345563747,ITUB4_2023-03-01_DISTRIBUTION_155,DISTRIBUTION,0,cache/market.json.gz; SQLite corporate_actions/B3,0.0,37.63899187093925,,,
V10,2023-03-01,02558157000162,VIVT3,1364.358676553225,1366.5988295949999,CONT_2779_VIVT3_2023-03-01,DISTRIBUTION,0,https://api.mziq.com/mzfilemanager/v2/d/24165f81-24d6-4648-bf9f-66712905d5a2/34b95df5-e8c3-6d48-b667-42e740e0df5e?origin=2,0.0,87.00754414253873,,,
V10,2023-03-02,60746948000112,BBDC4,3321.2346903640396,3326.1619611923297,BBDC4_2023-03-02_DISTRIBUTION_537,DISTRIBUTION,0,https://www.bradescori.com.br/informacoes-ao-mercado/remuneracao-aos-acionistas/,0.0,63.01979389383179,,,
V10,2023-03-24,60872504000123,ITUB4,2147.35085505741,2171.580223017145,ITUB4_2023-03-24_DISTRIBUTION_154,DISTRIBUTION,0,cache/market.json.gz; SQLite corporate_actions/B3,0.0,562.6059240250415,,,
V10,2023-03-28,17155730000164,CMIG4,9006.14103437202,9085.493878126781,CMIG4_2023-03-28_DISTRIBUTION_392,DISTRIBUTION,0,cache/market.json.gz; SQLite corporate_actions/B3,0.0,868.1201106770774,,,
V10,2023-04-03,60872504000123,ITUB4,2171.580223017145,2173.1752455280166,ITUB4_2023-04-03_DISTRIBUTION_153,DISTRIBUTION,0,cache/market.json.gz; SQLite corporate_actions/B3,0.0,38.3283909362526,,,
V10,2023-04-03,02558157000162,VIVT3,1377.619983668017,1383.9271828768326,CONT_2780_VIVT3_2023-04-03,DISTRIBUTION,0,https://api.mziq.com/mzfilemanager/v2/d/24165f81-24d6-4648-bf9f-66712905d5a2/34b95df5-e8c3-6d48-b667-42e740e0df5e?origin=2,0.0,240.43043384004818,,,
V10,2023-04-04,60746948000112,BBDC4,3395.2910196442476,3400.205207180263,BBDC4_2023-04-04_DISTRIBUTION_538,DISTRIBUTION,0,https://www.bradescori.com.br/informacoes-ao-mercado/remuneracao-aos-acionistas/,0.0,64.42499859716484,,,
V10,2023-04-11,02558115000121,TIMS3,4708.027852309107,4797.78921110876,CONT_2781_TIMS3_2023-04-11,DISTRIBUTION,0,https://api.mziq.com/mzfilemanager/v2/d/4c4aa51f-1235-4aa1-8b83-adc92e8dacc3/65baccdd-ad03-3938-5dcf-db9a05043e8c?origin=2,0.0,1166.8976643954898,,,
V10,2023-04-14,02558157000162,VIVT3,1395.6557534102142,1412.8266741701218,CONT_2782_VIVT3_2023-04-14,DISTRIBUTION,0,https://api.mziq.com/mzfilemanager/v2/d/24165f81-24d6-4648-bf9f-66712905d5a2/34b95df5-e8c3-6d48-b667-42e740e0df5e?origin=2,0.0,694.392035530669,,,
V10,2023-04-26,02558115000121,TIMS3,4797.78921110876,4830.6069949861285,CONT_2783_TIMS3_2023-04-26,DISTRIBUTION,0,https://api.mziq.com/mzfilemanager/v2/d/4c4aa51f-1235-4aa1-8b83-adc92e8dacc3/1bb47dfa-27fa-b744-32bc-1c8d88460d5e?origin=2,0.0,455.83901805664823,,,
V10,2023-04-28,17155730000164,CMIG4,9085.493878126781,9127.084789930728,CMIG4_2023-04-28_DISTRIBUTION_391,DISTRIBUTION,0,cache/market.json.gz; SQLite corporate_actions/B3,0.0,513.6477607787458,,,
V10,2023-05-02,60872504000123,ITUB4,2190.143404628482,2191.695855676341,ITUB4_2023-05-02_DISTRIBUTION_152,DISTRIBUTION,0,cache/market.json.gz; SQLite corporate_actions/B3,0.0,38.65603109169271,,,
V10,2023-05-02,43776517000180,SBSP3,1360.2567054394665,1399.2784580505447,CONT_2438_SBSP3_2023-05-02,DISTRIBUTION,0,SBSP_2021;SBSP_2022;SBSP_2023;SBSP_2024,0.0,1735.6875561407592,,,
V10,2023-05-03,60746948000112,BBDC4,3462.880766090612,3467.659493445255,BBDC4_2023-05-03_DISTRIBUTION_539,DISTRIBUTION,0,https://www.bradescori.com.br/informacoes-ao-mercado/remuneracao-aos-acionistas/,0.0,65.70750112634303,,,
V10,2023-05-09,02474103000119,TBLE3,1575.726319756053,1641.8490140558106,TBLE3_2023-05-09_DISTRIBUTION_342,DISTRIBUTION,0,cache/market.json.gz; SQLite corporate_actions/B3,0.0,2810.2145077396945,,,
V10,2023-06-01,60872504000123,ITUB4,2209.0367868176777,2210.4970676898624,ITUB4_2023-06-01_DISTRIBUTION_151,DISTRIBUTION,0,cache/market.json.gz; SQLite corporate_actions/B3,0.0,38.98949928733201,,,
V10,2023-06-01,02558157000162,VIVT3,1422.6577071686042,1429.4196014180848,CONT_2784_VIVT3_2023-06-01,DISTRIBUTION,0,https://api.mziq.com/mzfilemanager/v2/d/24165f81-24d6-4648-bf9f-66712905d5a2/34b95df5-e8c3-6d48-b667-42e740e0df5e?origin=2,0.0,274.26243075893126,,,
V10,2023-06-02,60746948000112,BBDC4,3519.609909860887,3523.773496257029,BBDC4_2023-06-02_DISTRIBUTION_540,DISTRIBUTION,0,https://www.bradescori.com.br/informacoes-ao-mercado/remuneracao-aos-acionistas/,0.0,66.78392579411754,,,
V10,2023-06-20,60872504000123,ITUB4,2225.0834078844514,2245.686318577067,ITUB4_2023-06-20_DISTRIBUTION_150,DISTRIBUTION,0,cache/market.json.gz; SQLite corporate_actions/B3,0.0,592.5397115196293,,,
V10,2023-06-23,02558115000121,TIMS3,4841.231013753,4881.145513091222,CONT_2785_TIMS3_2023-06-23,DISTRIBUTION,0,https://api.mziq.com/mzfilemanager/v2/d/4c4aa51f-1235-4aa1-8b83-adc92e8dacc3/f9bfbb53-bd62-8696-5738-d8d4278047c5?origin=2;https://api.mziq.com/mzfilemanager/v2/d/4c4aa51f-1235-4aa1-8b83-adc92e8dacc3/83680557-8387-d00f-24f1-bfd20a1effa5?origin=2,0.0,579.9576753843545,,,
V10,2023-06-26,17155730000164,CMIG4,9127.084789930728,9197.09307024977,CMIG4_2023-06-26_DISTRIBUTION_390,DISTRIBUTION,0,cache/market.json.gz; SQLite corporate_actions/B3,0.0,884.9046632326771,,,
V10,2023-06-27,60746948000112,BBDC4,3523.773496257029,3566.1571427240633,BBDC4_2023-06-27_DISTRIBUTION_541,DISTRIBUTION,0,https://www.bradescori.com.br/informacoes-ao-mercado/remuneracao-aos-acionistas/,0.0,693.8202926653539,,,
V10,2023-06-30,02149205000169,PSSA3,2913.127176014263,2974.1877316765276,CONT_2786_PSSA3_2023-06-30,DISTRIBUTION,0,https://api.mziq.com/mzfilemanager/v2/d/b77a3922-d280-4451-b3ee-0afec4577834/48f3e545-5f5b-0f87-1454-e0d6df50b7a5?origin=2;https://api.mziq.com/mzfilemanager/v2/d/b77a3922-d280-4451-b3ee-0afec4577834/3ada0e5c-8000-0a0c-803a-056115098836?origin=2,0.0,1717.0228252228796,,,
V10,2023-07-03,60872504000123,ITUB4,2245.686318577067,2247.054977538493,ITUB4_2023-07-03_DISTRIBUTION_149,DISTRIBUTION,0,cache/market.json.gz; SQLite corporate_actions/B3,0.0,39.63636352288523,,,
V10,2023-07-03,76484013000145,SAPR4,15617.959481182044,16292.155611187922,CONT_2787_SAPR4_2023-07-03,DISTRIBUTION,0,https://ri.sanepar.com.br/docs/Sanepar-2025-12-18-cW6NmzgB.pdf,0.0,2865.333552524975,,,
V10,2023-07-04,60746948000112,BBDC4,3612.791996445872,3616.936617853931,BBDC4_2023-07-04_DISTRIBUTION_542,DISTRIBUTION,0,https://www.bradescori.com.br/informacoes-ao-mercado/remuneracao-aos-acionistas/,0.0,68.5520380892891,,,
V10,2023-08-01,60872504000123,ITUB4,2257.435773497343,2258.823573615846,ITUB4_2023-08-01_DISTRIBUTION_148,DISTRIBUTION,0,cache/market.json.gz; SQLite corporate_actions/B3,0.0,39.8437414022281,,,
V10,2023-08-01,02558157000162,VIVT3,1459.7310263545537,1468.1402669578395,CONT_2788_VIVT3_2023-08-01,DISTRIBUTION,0,https://api.mziq.com/mzfilemanager/v2/d/24165f81-24d6-4648-bf9f-66712905d5a2/34b95df5-e8c3-6d48-b667-42e740e0df5e?origin=2,0.0,356.5518015793151,,,
V10,2023-08-02,60746948000112,BBDC4,3662.7005471841226,3666.869655960788,BBDC4_2023-08-02_DISTRIBUTION_543,DISTRIBUTION,0,https://www.bradescori.com.br/informacoes-ao-mercado/remuneracao-aos-acionistas/,0.0,69.4990433070142,,,
V10,2023-08-17,17344597000194,BBSE3,2424.4498544400767,2555.8603302053825,CONT_2553_BBSE3_2023-08-17,DISTRIBUTION,0,BBSE_DIV,0.0,3897.634711198966,,,
V10,2023-08-22,02474103000119,TBLE3,1648.1821839252943,1685.7518993727956,TBLE3_2023-08-22_DISTRIBUTION_341,DISTRIBUTION,0,cache/market.json.gz; SQLite corporate_actions/B3,0.0,1549.750762209427,,,
V10,2023-09-01,60872504000123,ITUB4,2268.4017490977685,2269.849752384263,ITUB4_2023-09-01_DISTRIBUTION_147,DISTRIBUTION,0,cache/market.json.gz; SQLite corporate_actions/B3,0.0,40.037290871575614,,,
V10,2023-09-01,02558157000162,VIVT3,1482.469219098563,1488.1590271215828,CONT_2789_VIVT3_2023-09-01,DISTRIBUTION,0,https://api.mziq.com/mzfilemanager/v2/d/24165f81-24d6-4648-bf9f-66712905d5a2/34b95df5-e8c3-6d48-b667-42e740e0df5e?origin=2,0.0,237.15119839946772,,,
V10,2023-09-04,60746948000112,BBDC4,3733.794350637307,3738.549252291577,BBDC4_2023-09-04_DISTRIBUTION_544,DISTRIBUTION,0,https://www.bradescori.com.br/informacoes-ao-mercado/remuneracao-aos-acionistas/,0.0,70.84803464862193,,,
V10,2023-09-11,60872504000123,XPBR31,42.03524452265787,43.016945086313015,XPBR31_2023-09-11_DISTRIBUTION_687,DISTRIBUTION,0,https://api.mziq.com/mzfilemanager/v2/d/d1820734-8b3f-4a23-8642-331a3a8561a6/974f8122-1809-7583-6d0a-c5e21b2004b8?origin=1,0.0,120.35648910412064,,,
V10,2023-09-19,60872504000123,ITUB4,2283.289356229034,2305.928893181629,ITUB4_2023-09-19_DISTRIBUTION_146,DISTRIBUTION,0,cache/market.json.gz; SQLite corporate_actions/B3,0.0,614.8898236324789,,,
V10,2023-09-22,02558115000121,TIMS3,4931.251191858027,4988.665727575424,CONT_2790_TIMS3_2023-09-22,DISTRIBUTION,0,https://api.mziq.com/mzfilemanager/v2/d/4c4aa51f-1235-4aa1-8b83-adc92e8dacc3/d33fa338-50a0-bacd-2e30-a8d3cd8573cf?origin=2,0.0,865.8111986183595,,,
V10,2023-09-25,02558157000162,VIVT3,1503.333315522523,1507.4583384436598,CONT_2791_VIVT3_2023-09-25,DISTRIBUTION,0,https://api.mziq.com/mzfilemanager/v2/d/24165f81-24d6-4648-bf9f-66712905d5a2/34b95df5-e8c3-6d48-b667-42e740e0df5e?origin=2,0.0,181.50100853002513,,,
V10,2023-09-26,17155730000164,CMIG4,9197.09307024977,9267.08195202997,CMIG4_2023-09-26_DISTRIBUTION_389,DISTRIBUTION,0,cache/market.json.gz; SQLite corporate_actions/B3,0.0,873.4612446169097,,,
V10,2023-09-29,02149205000169,PSSA3,2965.028648327188,2997.925919231043,CONT_2792_PSSA3_2023-09-29,DISTRIBUTION,0,https://api.mziq.com/mzfilemanager/v2/d/b77a3922-d280-4451-b3ee-0afec4577834/278b0bbf-318b-7e48-5e64-4da0386b1ef5?origin=2;https://api.mziq.com/mzfilemanager/v2/d/b77a3922-d280-4451-b3ee-0afec4577834/3ada0e5c-8000-0a0c-803a-056115098836?origin=2,0.0,864.8692520623483,,,
V10,2023-10-02,60872504000123,ITUB4,2305.928893181629,2307.439644665098,ITUB4_2023-10-02_DISTRIBUTION_145,DISTRIBUTION,0,cache/market.json.gz; SQLite corporate_actions/B3,0.0,40.699644964655754,,,
V10,2023-10-03,60746948000112,BBDC4,3814.3015539195358,3819.504691479135,BBDC4_2023-10-03_DISTRIBUTION_545,DISTRIBUTION,0,https://www.bradescori.com.br/informacoes-ao-mercado/remuneracao-aos-acionistas/,0.0,72.37564345402639,,,
V10,2023-10-24,02558157000162,VIVT3,1517.7899683763,1520.7902690156907,CONT_2793_VIVT3_2023-10-24,DISTRIBUTION,0,https://api.mziq.com/mzfilemanager/v2/d/24165f81-24d6-4648-bf9f-66712905d5a2/34b95df5-e8c3-6d48-b667-42e740e0df5e?origin=2,0.0,137.47377529687304,,,
V10,2023-11-01,60872504000123,ITUB4,2323.1404879176157,2324.649076203552,ITUB4_2023-11-01_DISTRIBUTION_144,DISTRIBUTION,0,cache/market.json.gz; SQLite corporate_actions/B3,0.0,41.003429611745915,,,
V10,2023-11-03,60746948000112,BBDC4,3901.4940236924176,3906.506217593176,BBDC4_2023-11-03_DISTRIBUTION_546,DISTRIBUTION,0,https://www.bradescori.com.br/informacoes-ao-mercado/remuneracao-aos-acionistas/,0.0,74.0301039142051,,,
V10,2023-12-01,60872504000123,ITUB4,2342.237666438526,2343.5500630992447,ITUB4_2023-12-01_DISTRIBUTION_143,DISTRIBUTION,0,cache/market.json.gz; SQLite corporate_actions/B3,0.0,41.34049481263998,,,
V10,2023-12-04,60746948000112,BBDC4,3979.112215726284,3983.7786492419186,BBDC4_2023-12-04_DISTRIBUTION_547,DISTRIBUTION,0,https://www.bradescori.com.br/informacoes-ao-mercado/remuneracao-aos-acionistas/,0.0,75.50289428297303,,,
V10,2023-12-07,60872504000123,ITUB4,2352.588601046127,2370.983730891878,ITUB4_2023-12-07_DISTRIBUTION_142,DISTRIBUTION,0,cache/market.json.gz; SQLite corporate_actions/B3,0.0,581.6540057226445,,,
V10,2023-12-12,60872504000123,XPBR31,43.016945086313015,44.39994638043444,XPBR31_2023-12-12_DISTRIBUTION_688,DISTRIBUTION,0,https://api.mziq.com/mzfilemanager/v2/d/d1820734-8b3f-4a23-8642-331a3a8561a6/bcf8391a-ada6-8146-717d-479c39aa4bd9?origin=1,0.0,155.36636538160087,,,
V10,2023-12-22,60746948000112,BBDC4,3983.7786492419186,4146.856147670808,BBDC4_2023-12-22_DISTRIBUTION_548;BBDC4_2023-12-22_DISTRIBUTION_549,DISTRIBUTION,0,https://www.bradescori.com.br/informacoes-ao-mercado/remuneracao-aos-acionistas/,0.0,2744.5942985582124,,,
V10,2023-12-22,17155730000164,CMIG4,9267.08195202997,9520.020597222678,CMIG4_2023-12-22_DISTRIBUTION_388,DISTRIBUTION,0,cache/market.json.gz; SQLite corporate_actions/B3,0.0,2784.8544835717144,,,
V10,2023-12-22,02474103000119,TBLE3,1722.3678470707832,1729.2353614768635,TBLE3_2023-12-22_DISTRIBUTION_340,DISTRIBUTION,0,cache/market.json.gz; SQLite corporate_actions/B3,0.0,306.08511707899896,,,
V10,2023-12-22,02558115000121,TIMS3,4987.176680733799,5062.6099372739,CONT_2794_TIMS3_2023-12-22,DISTRIBUTION,0,https://api.mziq.com/mzfilemanager/v2/d/4c4aa51f-1235-4aa1-8b83-adc92e8dacc3/91b24dc2-38fd-230c-4323-946e884a2ae0?origin=2,0.0,1349.5009595024007,,,
V10,2023-12-27,02558157000162,VIVT3,1529.540728103966,1544.1799759852597,CONT_2795_VIVT3_2023-12-27,DISTRIBUTION,0,https://api.mziq.com/mzfilemanager/v2/d/24165f81-24d6-4648-bf9f-66712905d5a2/34b95df5-e8c3-6d48-b667-42e740e0df5e?origin=2,0.0,786.7131811407147,,,
V10,2023-12-28,02149205000169,PSSA3,2993.7651597696836,3048.996761882686,CONT_2796_PSSA3_2023-12-28,DISTRIBUTION,0,https://api.mziq.com/mzfilemanager/v2/d/b77a3922-d280-4451-b3ee-0afec4577834/f7090ee5-156b-83e5-90db-4d562bf4c5da?origin=2,0.0,1587.3562447276856,,,
V10,2024-01-02,60872504000123,ITUB4,2370.983730891878,2372.232175487649,ITUB4_2024-01-02_DISTRIBUTION_141,DISTRIBUTION,0,cache/market.json.gz; SQLite corporate_actions/B3,0.0,41.84786285024165,,,
V10,2024-01-02,76484013000145,SAPR4,16420.351314974418,16780.494983767498,CONT_2797_SAPR4_2024-01-02,DISTRIBUTION,0,https://ri.sanepar.com.br/docs/Sanepar-2025-12-18-cW6NmzgB.pdf,0.0,2056.420348808485,,,
V10,2024-01-03,60746948000112,BBDC4,4210.420144790717,4215.189811540398,BBDC4_2024-01-03_DISTRIBUTION_520,DISTRIBUTION,0,https://www.bradescori.com.br/informacoes-ao-mercado/remuneracao-aos-acionistas/,0.0,79.8919180571562,,,
V10,2024-02-01,60872504000123,ITUB4,2377.9826051612526,2379.2665266351314,ITUB4_2024-02-01_DISTRIBUTION_140,DISTRIBUTION,0,cache/market.json.gz; SQLite corporate_actions/B3,0.0,41.97139298109611,,,
V10,2024-02-02,60746948000112,BBDC4,4280.275737170796,4285.577134989343,BBDC4_2024-02-02_DISTRIBUTION_521,DISTRIBUTION,0,https://www.bradescori.com.br/informacoes-ao-mercado/remuneracao-aos-acionistas/,0.0,81.21741458015005,,,
V10,2024-02-09,17344597000194,BBSE3,2567.5071877639402,2664.747944981869,CONT_2552_BBSE3_2024-02-09,DISTRIBUTION,0,BBSE_DIV,0.0,3188.524429175876,,,
V10,2024-02-22,60872504000123,ITUB4,2385.2448716085805,2463.8074780537972,ITUB4_2024-02-22_DISTRIBUTION_139,DISTRIBUTION,0,cache/market.json.gz; SQLite corporate_actions/B3,0.0,2683.698636168604,,,
V10,2024-03-01,60872504000123,ITUB4,2463.8074780537972,2465.0838561573387,ITUB4_2024-03-01_DISTRIBUTION_138,DISTRIBUTION,0,cache/market.json.gz; SQLite corporate_actions/B3,0.0,43.486201987649515,,,
V10,2024-03-04,60746948000112,BBDC4,4382.907404734083,4389.000066336245,BBDC4_2024-03-04_DISTRIBUTION_522,DISTRIBUTION,0,https://www.bradescori.com.br/informacoes-ao-mercado/remuneracao-aos-acionistas/,0.0,83.16483086951492,,,
V10,2024-03-22,60872504000123,ITUB4,2465.0838561573387,2482.760525090282,ITUB4_2024-03-22_DISTRIBUTION_137,DISTRIBUTION,0,cache/market.json.gz; SQLite corporate_actions/B3,0.0,596.0572764188445,,,
V10,2024-03-25,02558115000121,TIMS3,5051.2949487928845,5074.588444091379,CONT_2798_TIMS3_2024-03-25,DISTRIBUTION,0,https://api.mziq.com/mzfilemanager/v2/d/4c4aa51f-1235-4aa1-8b83-adc92e8dacc3/c868d86f-70be-ac1e-09f4-aa649775ffce?origin=2;https://api.mziq.com/mzfilemanager/v2/d/4c4aa51f-1235-4aa1-8b83-adc92e8dacc3/faf16da3-dab4-e1dd-f656-258905eb9fb1?origin=2,0.0,417.41943574902245,,,
V10,2024-03-27,17155730000164,CMIG4,9520.020597222678,9586.345624513015,CMIG4_2024-03-27_DISTRIBUTION_387,DISTRIBUTION,0,cache/market.json.gz; SQLite corporate_actions/B3,0.0,835.6953438582477,,,
V10,2024-04-01,60872504000123,ITUB4,2482.760525090282,2484.07095341767,ITUB4_2024-04-01_DISTRIBUTION_136,DISTRIBUTION,0,cache/market.json.gz; SQLite corporate_actions/B3,0.0,43.820723267843476,,,
V10,2024-04-01,02149205000169,PSSA3,3056.6024315691884,3095.5235025253164,CONT_2799_PSSA3_2024-04-01;CONT_2800_PSSA3_2024-04-01,DISTRIBUTION,0,https://api.mziq.com/mzfilemanager/v2/d/b77a3922-d280-4451-b3ee-0afec4577834/595d4d3e-f1bf-31d5-9d2d-53b9f100a5b7?origin=2;https://api.mziq.com/mzfilemanager/v2/d/b77a3922-d280-4451-b3ee-0afec4577834/a730da5f-6984-07cc-1fac-1fab6adcd8e6?origin=2;https://api.mziq.com/mzfilemanager/v2/d/b77a3922-d280-4451-b3ee-0afec4577834/c51162ba-772b-3276-e991-5239fc18f0bc?origin=2;https://api.mziq.com/mzfilemanager/v2/d/b77a3922-d280-4451-b3ee-0afec4577834/ba54f038-ceec-de5f-c468-8a33b22d345a?origin=2;https://api.mziq.com/mzfilemanager/v2/d/b77a3922-d280-4451-b3ee-0afec4577834/b5cca7ab-60ac-611f-1138-e8ff6eeaf480?origin=2;https://api.mziq.com/mzfilemanager/v2/d/b77a3922-d280-4451-b3ee-0afec4577834/12d0f45e-e5c8-5f7a-dbc5-3e171187dab9?origin=2,0.0,1201.1042497061167,,,
V10,2024-04-01,02558157000162,VIVT3,1559.4000079040177,1564.9714298065066,CONT_2801_VIVT3_2024-04-01,DISTRIBUTION,0,https://api.mziq.com/mzfilemanager/v2/d/24165f81-24d6-4648-bf9f-66712905d5a2/34b95df5-e8c3-6d48-b667-42e740e0df5e?origin=2,0.0,283.0839468654611,,,
V10,2024-04-02,60746948000112,BBDC4,4463.667999475205,4469.636797764807,BBDC4_2024-04-02_DISTRIBUTION_523,DISTRIBUTION,0,https://www.bradescori.com.br/informacoes-ao-mercado/remuneracao-aos-acionistas/,0.0,84.6972477294541,,,
V10,2024-04-10,02558115000121,TIMS3,5071.094419796605,5225.384138785166,CONT_2802_TIMS3_2024-04-10;CONT_2803_TIMS3_2024-04-10;CONT_2804_TIMS3_2024-04-10,DISTRIBUTION,0,https://api.mziq.com/mzfilemanager/v2/d/4c4aa51f-1235-4aa1-8b83-adc92e8dacc3/1c513fe5-4ad4-c0cd-56b1-b8cf5e09401c?origin=2;https://api.mziq.com/mzfilemanager/v2/d/4c4aa51f-1235-4aa1-8b83-adc92e8dacc3/1c513fe5-4ad4-c0cd-56b1-b8cf5e09401c?origin=2;https://api.mziq.com/mzfilemanager/v2/d/4c4aa51f-1235-4aa1-8b83-adc92e8dacc3/56b8f088-3226-1f4d-1e20-01d4c3f66c49?origin=2,0.0,2744.8141008065086,,,
V10,2024-04-11,02558157000162,VIVT3,1572.0481364624072,1600.9444518548962,CONT_2805_VIVT3_2024-04-11,DISTRIBUTION,0,https://api.mziq.com/mzfilemanager/v2/d/24165f81-24d6-4648-bf9f-66712905d5a2/34b95df5-e8c3-6d48-b667-42e740e0df5e?origin=2,0.0,1426.9000540811103,,,
V10,2024-04-26,43776517000180,SBSP3,1404.7480717058406,1429.3337232548697,CONT_2439_SBSP3_2024-04-26,DISTRIBUTION,0,SBSP_2021;SBSP_2022;SBSP_2023;SBSP_2024,0.0,2023.3991224850927,,,
V10,2024-04-30,17155730000164,CMIG4,9586.345624513015,12581.106558715373,CMIG4_2024-04-30_DISTRIBUTION_386;CMIG4_2024-04-30_SHARES_680,DISTRIBUTION;SHARES,0,cache/market.json.gz; SQLite corporate_actions/B3;https://api.mziq.com/mzfilemanager/v2/d/716a131f-9624-452c-9088-0cd6983c1349/a2eb9f5f-37e1-8913-c1eb-c4281b5e23b2?origin=2; owned_capital_events_fre.json; B3 2024-04-29,0.0,1161.2352761780655,,,
V10,2024-04-30,02558157000162,VIVT3,1600.9444518548962,1608.7257787139279,CONT_2806_VIVT3_2024-04-30,DISTRIBUTION,0,https://api.mziq.com/mzfilemanager/v2/d/24165f81-24d6-4648-bf9f-66712905d5a2/34b95df5-e8c3-6d48-b667-42e740e0df5e?origin=2,0.0,368.36801350655355,,,
V10,2024-05-02,60872504000123,ITUB4,2485.7164588730952,2487.096109674954,ITUB4_2024-05-02_DISTRIBUTION_135,DISTRIBUTION,0,cache/market.json.gz; SQLite corporate_actions/B3,0.0,43.87289549911013,,,
V10,2024-05-03,60746948000112,BBDC4,4544.041441556145,4550.298503852344,BBDC4_2024-05-03_DISTRIBUTION_524,DISTRIBUTION,0,https://www.bradescori.com.br/informacoes-ao-mercado/remuneracao-aos-acionistas/,0.0,86.22231844161252,,,
V10,2024-05-07,02474103000119,TBLE3,1813.7725789358124,1866.747222734696,TBLE3_2024-05-07_DISTRIBUTION_339,DISTRIBUTION,0,cache/market.json.gz; SQLite corporate_actions/B3,0.0,2210.6318857274105,,,
V10,2024-06-03,60872504000123,ITUB4,2495.072037360059,2496.472292414412,ITUB4_2024-06-03_DISTRIBUTION_134,DISTRIBUTION,0,cache/market.json.gz; SQLite corporate_actions/B3,0.0,44.03802145940504,,,
V10,2024-06-04,60746948000112,BBDC4,4637.8889201219245,4644.7374070030555,BBDC4_2024-06-04_DISTRIBUTION_525,DISTRIBUTION,0,https://www.bradescori.com.br/informacoes-ao-mercado/remuneracao-aos-acionistas/,0.0,88.00305642252977,,,
V10,2024-06-18,60746948000112,BBDC4,4644.7374070030555,4792.954611285869,BBDC4_2024-06-18_DISTRIBUTION_526,DISTRIBUTION,0,https://www.bradescori.com.br/informacoes-ao-mercado/remuneracao-aos-acionistas/,0.0,1834.9289890212344,,,
V10,2024-06-21,60872504000123,ITUB4,2502.971012399864,2522.6775909479306,ITUB4_2024-06-21_DISTRIBUTION_133,DISTRIBUTION,0,cache/market.json.gz; SQLite corporate_actions/B3,0.0,628.2457241123658,,,
V10,2024-06-24,17155730000164,CMIG4,12581.106558715373,12670.9275801541,CMIG4_2024-06-24_DISTRIBUTION_385,DISTRIBUTION,0,cache/market.json.gz; SQLite corporate_actions/B3,0.0,944.9171455354088,,,
V10,2024-06-24,02558115000121,TIMS3,5238.798597030067,5279.936177136737,CONT_2807_TIMS3_2024-06-24,DISTRIBUTION,0,https://api.mziq.com/mzfilemanager/v2/d/4c4aa51f-1235-4aa1-8b83-adc92e8dacc3/a9b987e8-5f5b-af7e-b56d-4353e72d5c13?origin=2,0.0,649.9737656853853,,,
V10,2024-06-27,02558157000162,VIVT3,1630.20571880858,1633.9826230032522,CONT_2808_VIVT3_2024-06-27,DISTRIBUTION,0,https://api.mziq.com/mzfilemanager/v2/d/24165f81-24d6-4648-bf9f-66712905d5a2/34b95df5-e8c3-6d48-b667-42e740e0df5e?origin=2,0.0,173.1710573257231,,,
V10,2024-07-01,60872504000123,ITUB4,2574.2690158266028,2575.6783163268924,ITUB4_2024-07-01_DISTRIBUTION_132,DISTRIBUTION,0,cache/market.json.gz; SQLite corporate_actions/B3,0.0,45.43584812933953,,,
V10,2024-07-01,02149205000169,PSSA3,3091.075943468059,3123.3497762368975,CONT_2809_PSSA3_2024-07-01,DISTRIBUTION,0,https://api.mziq.com/mzfilemanager/v2/d/b77a3922-d280-4451-b3ee-0afec4577834/e777cb3f-2ccb-ec02-431c-98d1c9239971?origin=2;https://api.mziq.com/mzfilemanager/v2/d/b77a3922-d280-4451-b3ee-0afec4577834/a730da5f-6984-07cc-1fac-1fab6adcd8e6?origin=2;https://api.mziq.com/mzfilemanager/v2/d/b77a3922-d280-4451-b3ee-0afec4577834/c51162ba-772b-3276-e991-5239fc18f0bc?origin=2,0.0,986.611067743393,,,
V10,2024-07-01,76484013000145,SAPR4,16775.479342024984,17254.823945699976,CONT_2810_SAPR4_2024-07-01,DISTRIBUTION,0,https://ri.sanepar.com.br/docs/Sanepar-2025-12-18-cW6NmzgB.pdf,0.0,2564.4936296612154,,,
V10,2024-07-02,60746948000112,BBDC4,6407.3384057178155,6417.279372393765,BBDC4_2024-07-02_DISTRIBUTION_527,DISTRIBUTION,0,https://www.bradescori.com.br/informacoes-ao-mercado/remuneracao-aos-acionistas/,0.0,121.57802244686005,,,
V10,2024-07-29,02558157000162,VIVT3,1851.162156275828,1866.3406942883798,CONT_2811_VIVT3_2024-07-29,DISTRIBUTION,0,https://api.mziq.com/mzfilemanager/v2/d/24165f81-24d6-4648-bf9f-66712905d5a2/34b95df5-e8c3-6d48-b667-42e740e0df5e?origin=2,0.0,732.3644591056272,,,
V10,2024-08-01,60872504000123,ITUB4,2578.028850775861,2579.392417129358,ITUB4_2024-08-01_DISTRIBUTION_131,DISTRIBUTION,0,cache/market.json.gz; SQLite corporate_actions/B3,0.0,45.50220921619395,,,
V10,2024-08-02,60746948000112,BBDC4,6461.905827501524,6471.598588675661,BBDC4_2024-08-02_DISTRIBUTION_528,DISTRIBUTION,0,https://www.bradescori.com.br/informacoes-ao-mercado/remuneracao-aos-acionistas/,0.0,122.61342885282836,,,
V10,2024-08-19,17344597000194,BBSE3,2687.5495650833627,2791.2426493395647,CONT_2551_BBSE3_2024-08-19,DISTRIBUTION,0,BBSE_DIV,0.0,3738.1356874360777,,,
V10,2024-08-22,02474103000119,TBLE3,1966.028102661021,2014.879542110773,TBLE3_2024-08-22_DISTRIBUTION_338,DISTRIBUTION,0,cache/market.json.gz; SQLite corporate_actions/B3,0.0,2247.6547290830927,,,
V10,2024-08-26,17155730000164,CMIG4,12670.9275801541,13217.826591651146,CMIG4_2024-08-26_DISTRIBUTION_384,DISTRIBUTION,0,cache/market.json.gz; SQLite corporate_actions/B3,0.0,6289.3386322160295,,,
V10,2024-08-27,02558157000162,VIVT3,1864.0639135864972,1872.8266864960885,CONT_2812_VIVT3_2024-08-27,DISTRIBUTION,0,https://api.mziq.com/mzfilemanager/v2/d/24165f81-24d6-4648-bf9f-66712905d5a2/34b95df5-e8c3-6d48-b667-42e740e0df5e?origin=2,0.0,455.13842492417615,,,
V10,2024-09-02,60872504000123,ITUB4,2583.6823187191503,2584.93546499355,ITUB4_2024-09-02_DISTRIBUTION_130,DISTRIBUTION,0,cache/market.json.gz; SQLite corporate_actions/B3,0.0,45.601992925393,,,
V10,2024-09-03,60746948000112,BBDC4,6475.112683552434,6482.913574119029,BBDC4_2024-09-03_DISTRIBUTION_529,DISTRIBUTION,0,https://www.bradescori.com.br/informacoes-ao-mercado/remuneracao-aos-acionistas/,0.0,122.86402642388487,,,
V10,2024-09-18,17281106000103,CSMG3,3027.7967379389725,3069.553991102733,CONT_2468_CSMG3_2024-09-18;CONT_2469_CSMG3_2024-09-18,DISTRIBUTION,0,CSMG_RI_V4,0.0,1069.4032535239055,,,
V10,2024-09-20,60872504000123,ITUB4,2589.0637446449796,2608.734287951776,ITUB4_2024-09-20_DISTRIBUTION_129,DISTRIBUTION,0,cache/market.json.gz; SQLite corporate_actions/B3,0.0,706.7626210131865,,,
V10,2024-09-24,17155730000164,CMIG4,13217.826591651146,13314.190859383967,CMIG4_2024-09-24_DISTRIBUTION_383,DISTRIBUTION,0,cache/market.json.gz; SQLite corporate_actions/B3,0.0,1091.8071534128537,,,
V10,2024-09-24,02558115000121,TIMS3,5491.317231746386,5527.540026391808,CONT_2813_TIMS3_2024-09-24,DISTRIBUTION,0,https://api.mziq.com/mzfilemanager/v2/d/4c4aa51f-1235-4aa1-8b83-adc92e8dacc3/fe09b9a3-18a3-e37d-1df3-896ec7b734c4?origin=2,0.0,680.6263113874867,,,
V10,2024-09-30,02149205000169,PSSA3,3118.5087013215716,3153.561830251789,CONT_2814_PSSA3_2024-09-30,DISTRIBUTION,0,https://api.mziq.com/mzfilemanager/v2/d/b77a3922-d280-4451-b3ee-0afec4577834/570ca052-e3e2-0149-87a1-af4b28a97d7e?origin=2;https://api.mziq.com/mzfilemanager/v2/d/b77a3922-d280-4451-b3ee-0afec4577834/a730da5f-6984-07cc-1fac-1fab6adcd8e6?origin=2;https://api.mziq.com/mzfilemanager/v2/d/b77a3922-d280-4451-b3ee-0afec4577834/c51162ba-772b-3276-e991-5239fc18f0bc?origin=2,0.0,1278.0370807957256,,,
V10,2024-10-01,60746948000112,BBDC4,6482.913574119029,6570.085479249035,BBDC4_2024-10-01_DISTRIBUTION_530,DISTRIBUTION,0,https://www.bradescori.com.br/informacoes-ao-mercado/remuneracao-aos-acionistas/,0.0,1280.5552863597952,,,
V10,2024-10-01,60872504000123,ITUB4,2608.734287951776,2610.031306548462,ITUB4_2024-10-01_DISTRIBUTION_128,DISTRIBUTION,0,cache/market.json.gz; SQLite corporate_actions/B3,0.0,46.04416018234884,,,
V10,2024-10-02,60746948000112,BBDC4,6586.537741920205,6594.759998211272,BBDC4_2024-10-02_DISTRIBUTION_531,DISTRIBUTION,0,https://www.bradescori.com.br/informacoes-ao-mercado/remuneracao-aos-acionistas/,0.0,124.97829562422717,,,
V10,2024-11-01,60872504000123,ITUB4,2616.3109543783917,2617.637523994731,ITUB4_2024-11-01_DISTRIBUTION_127,DISTRIBUTION,0,cache/market.json.gz; SQLite corporate_actions/B3,0.0,46.17788834477861,,,
V10,2024-11-04,60746948000112,BBDC4,6610.184088297744,6619.07331441612,BBDC4_2024-11-04_DISTRIBUTION_532,DISTRIBUTION,0,https://www.bradescori.com.br/informacoes-ao-mercado/remuneracao-aos-acionistas/,0.0,125.42698053028882,,,
V10,2024-12-02,60872504000123,ITUB4,2621.509573900764,2622.950098308589,ITUB4_2024-12-02_DISTRIBUTION_126,DISTRIBUTION,0,cache/market.json.gz; SQLite corporate_actions/B3,0.0,46.26964397934848,,,
V10,2024-12-03,60746948000112,BBDC4,6656.717551802538,6666.986652949888,BBDC4_2024-12-03_DISTRIBUTION_533,DISTRIBUTION,0,https://www.bradescori.com.br/informacoes-ao-mercado/remuneracao-aos-acionistas/,0.0,126.30994411240076,,,
V10,2024-12-10,60872504000123,ITUB4,2632.078243655243,2656.856001137801,ITUB4_2024-12-10_DISTRIBUTION_125;XPBR31_2024-12-10_DISTRIBUTION_689,DISTRIBUTION,0,cache/market.json.gz; SQLite corporate_actions/B3;https://www.sec.gov/Archives/edgar/data/1787425/000095010324016520/dp220822_ex9902.htm,0.0,817.4182193495723,,,
V10,2024-12-10,60872504000123,XPBR31,44.39994638043444,46.636649108219146,ITUB4_2024-12-10_DISTRIBUTION_125;XPBR31_2024-12-10_DISTRIBUTION_689,DISTRIBUTION,0,cache/market.json.gz; SQLite corporate_actions/B3;https://www.sec.gov/Archives/edgar/data/1787425/000095010324016520/dp220822_ex9902.htm,0.0,174.68648303998557,,,
V10,2024-12-20,02474103000119,TBLE3,2070.4718493234795,2087.7013962011633,TBLE3_2024-12-20_DISTRIBUTION_337,DISTRIBUTION,0,cache/market.json.gz; SQLite corporate_actions/B3,0.0,634.3919160363236,,,
V10,2024-12-26,17155730000164,CMIG4,13314.190859383967,13432.155500859832,CMIG4_2024-12-26_DISTRIBUTION_382,DISTRIBUTION,0,cache/market.json.gz; SQLite corporate_actions/B3,0.0,1303.5092883083078,,,
V10,2024-12-26,02558115000121,TIMS3,5560.389266152282,5664.367044201671,CONT_2815_TIMS3_2024-12-26,DISTRIBUTION,0,https://api.mziq.com/mzfilemanager/v2/d/4c4aa51f-1235-4aa1-8b83-adc92e8dacc3/460d56a0-3839-eea2-ca39-3b7a421cc079?origin=2,0.0,1493.1208927892199,,,
V10,2024-12-26,17281106000103,CSMG3,3182.0135377282304,3239.5291996708934,CONT_2470_CSMG3_2024-12-26,DISTRIBUTION,0,CSMG_RI_V4,0.0,1175.6201301080284,,,
V10,2024-12-27,02558157000162,VIVT3,1879.0293039987694,1908.4219159108263,CONT_2816_VIVT3_2024-12-27,DISTRIBUTION,0,https://api.mziq.com/mzfilemanager/v2/d/24165f81-24d6-4648-bf9f-66712905d5a2/34b95df5-e8c3-6d48-b667-42e740e0df5e?origin=2,0.0,1386.1555777726019,,,
V10,2025-01-02,60746948000112,BBDC4,6666.986652949888,6838.910464776978,BBDC4_2025-01-02_DISTRIBUTION_534,DISTRIBUTION,0,https://www.bradescori.com.br/informacoes-ao-mercado/remuneracao-aos-acionistas/,0.0,1959.9314548288282,,,
V10,2025-01-02,60872504000123,ITUB4,2656.856001137801,2658.389972626845,ITUB4_2025-01-02_DISTRIBUTION_124,DISTRIBUTION,0,cache/market.json.gz; SQLite corporate_actions/B3,0.0,46.893508420082185,,,
V10,2025-01-02,02149205000169,PSSA3,3148.3038609122564,3184.902357094536,CONT_2817_PSSA3_2025-01-02,DISTRIBUTION,0,https://api.mziq.com/mzfilemanager/v2/d/b77a3922-d280-4451-b3ee-0afec4577834/40e2196e-eb57-3662-b172-55aa2cb52627?origin=2;https://api.mziq.com/mzfilemanager/v2/d/b77a3922-d280-4451-b3ee-0afec4577834/a730da5f-6984-07cc-1fac-1fab6adcd8e6?origin=2;https://api.mziq.com/mzfilemanager/v2/d/b77a3922-d280-4451-b3ee-0afec4577834/c51162ba-772b-3276-e991-5239fc18f0bc?origin=2;https://api.mziq.com/mzfilemanager/v2/d/b77a3922-d280-4451-b3ee-0afec4577834/da5a8cba-c0a0-3baf-39e4-4db496dbb574?origin=2,0.0,1325.5975317221712,,,
V10,2025-01-02,76484013000145,SAPR4,17260.2528111779,17787.08168643848,CONT_2818_SAPR4_2025-01-02,DISTRIBUTION,0,https://ri.sanepar.com.br/docs/Sanepar-2025-12-18-cW6NmzgB.pdf,0.0,2813.2661938915003,,,
V10,2025-01-03,60746948000112,BBDC4,6878.270287247129,6889.9233109034585,BBDC4_2025-01-03_DISTRIBUTION_504,DISTRIBUTION,0,https://www.bradescori.com.br/informacoes-ao-mercado/remuneracao-aos-acionistas/,0.0,130.5138649508894,,,
V10,2025-02-03,60872504000123,ITUB4,2666.8706517252986,2668.276573678792,ITUB4_2025-02-03_DISTRIBUTION_123,DISTRIBUTION,0,cache/market.json.gz; SQLite corporate_actions/B3,0.0,47.07026700295152,,,
V10,2025-02-04,60746948000112,BBDC4,6927.78984507866,6938.716984654928,BBDC4_2025-02-04_DISTRIBUTION_505,DISTRIBUTION,0,https://www.bradescori.com.br/informacoes-ao-mercado/remuneracao-aos-acionistas/,0.0,131.45348910250715,,,
V10,2025-02-18,60872504000123,ITUB4,2673.843142064131,2801.4442522747377,ITUB4_2025-02-18_DISTRIBUTION_121;ITUB4_2025-02-18_DISTRIBUTION_122,DISTRIBUTION,0,cache/market.json.gz; SQLite corporate_actions/B3,0.0,4236.356858992148,,,
V10,2025-02-18,02558115000121,TIMS3,5689.541869180227,5716.512203293924,CONT_2819_TIMS3_2025-02-18,DISTRIBUTION,0,https://api.mziq.com/mzfilemanager/v2/d/4c4aa51f-1235-4aa1-8b83-adc92e8dacc3/c3e2e836-6075-b3ce-b317-55fd6a9c84d5?origin=2,0.0,470.0929236017381,,,
V10,2025-02-21,17344597000194,BBSE3,2801.760315044109,2973.6890704234993,CONT_2550_BBSE3_2025-02-21,DISTRIBUTION,0,BBSE_DIV,0.0,6366.521811698813,,,
V10,2025-02-25,02558157000162,VIVT3,1907.4001668000922,1911.3559050568238,CONT_2820_VIVT3_2025-02-25,DISTRIBUTION,0,https://api.mziq.com/mzfilemanager/v2/d/24165f81-24d6-4648-bf9f-66712905d5a2/34b95df5-e8c3-6d48-b667-42e740e0df5e?origin=2,0.0,211.59243935257115,,,
V10,2025-02-28,02558157000162,VIVT3,1910.762544318314,1959.5146677749692,CONT_2821_VIVT3_2025-02-28,DISTRIBUTION,0,https://api.mziq.com/mzfilemanager/v2/d/24165f81-24d6-4648-bf9f-66712905d5a2/34b95df5-e8c3-6d48-b667-42e740e0df5e?origin=2,0.0,2356.677647894709,,,
V10,2025-03-05,60872504000123,ITUB4,2801.4442522747377,2802.970347677597,ITUB4_2025-03-05_DISTRIBUTION_120,DISTRIBUTION,0,cache/market.json.gz; SQLite corporate_actions/B3,0.0,49.44549105264912,,,
V10,2025-03-06,60746948000112,BBDC4,6990.6169956559825,7002.101465117864,BBDC4_2025-03-06_DISTRIBUTION_506,DISTRIBUTION,0,https://www.bradescori.com.br/informacoes-ao-mercado/remuneracao-aos-acionistas/,0.0,132.6456222847261,,,
V10,2025-03-06,17281106000103,CSMG3,3337.824213026421,3408.4372840187343,CONT_2471_CSMG3_2025-03-06;CONT_2472_CSMG3_2025-03-06,DISTRIBUTION,0,CSMG_RI_V4,0.0,1589.5002280369677,,,
V10,2025-03-18,60872504000123,ITUB4,2808.1456239962627,3088.960186395889,ITUB4_2025-03-18_SHARES_665,SHARES,0,https://www.itau.com.br/relacoes-com-investidores/informacoes-ao-mercado/recompra/; owned_capital_events_fre.json; B3,0.0,0.0,,,
V10,2025-03-25,02558157000162,VIVT3,1962.4620712186972,1967.3993652111542,CONT_2822_VIVT3_2025-03-25,DISTRIBUTION,0,https://api.mziq.com/mzfilemanager/v2/d/24165f81-24d6-4648-bf9f-66712905d5a2/34b95df5-e8c3-6d48-b667-42e740e0df5e?origin=2,0.0,242.2730162098623,,,
V10,2025-03-26,17155730000164,CMIG4,13432.155500859832,13553.582859132805,CMIG4_2025-03-26_DISTRIBUTION_381,DISTRIBUTION,0,cache/market.json.gz; SQLite corporate_actions/B3,0.0,1270.1301675353047,,,
V10,2025-03-27,17281106000103,CSMG3,3408.4372840187343,3414.373456511499,CONT_2473_CSMG3_2025-03-27,DISTRIBUTION,0,CSMG_RI_V4,0.0,120.86047195269505,,,
V10,2025-03-31,02149205000169,PSSA3,3179.412582667194,3261.9614264110655,CONT_2823_PSSA3_2025-03-31;CONT_2824_PSSA3_2025-03-31;CONT_2825_PSSA3_2025-03-31,DISTRIBUTION,0,https://api.mziq.com/mzfilemanager/v2/d/b77a3922-d280-4451-b3ee-0afec4577834/2e6836fc-964e-5c54-74c0-a476d1b256eb?origin=2;https://api.mziq.com/mzfilemanager/v2/d/b77a3922-d280-4451-b3ee-0afec4577834/5fc07a56-476a-56fa-1f90-8b87c4a74dfe?origin=2;https://api.mziq.com/mzfilemanager/v2/d/b77a3922-d280-4451-b3ee-0afec4577834/a730da5f-6984-07cc-1fac-1fab6adcd8e6?origin=2;https://api.mziq.com/mzfilemanager/v2/d/b77a3922-d280-4451-b3ee-0afec4577834/c51162ba-772b-3276-e991-5239fc18f0bc?origin=2;https://api.mziq.com/mzfilemanager/v2/d/b77a3922-d280-4451-b3ee-0afec4577834/da5a8cba-c0a0-3baf-39e4-4db496dbb574?origin=2;https://api.mziq.com/mzfilemanager/v2/d/b77a3922-d280-4451-b3ee-0afec4577834/c51162ba-772b-3276-e991-5239fc18f0bc?origin=2,0.0,3301.953749754858,,,
V10,2025-04-01,60746948000112,BBDC4,7002.101465117864,7130.130755458701,BBDC4_2025-04-01_DISTRIBUTION_507,DISTRIBUTION,0,https://www.bradescori.com.br/informacoes-ao-mercado/remuneracao-aos-acionistas/,0.0,1595.244957646834,,,
V10,2025-04-01,60872504000123,ITUB4,3088.960186395889,3090.696496819134,ITUB4_2025-04-01_DISTRIBUTION_119,DISTRIBUTION,0,cache/market.json.gz; SQLite corporate_actions/B3,0.0,54.52014728988744,,,
V10,2025-04-01,02558115000121,TIMS3,5725.200544076602,5789.895219490462,CONT_2826_TIMS3_2025-04-01,DISTRIBUTION,0,https://api.mziq.com/mzfilemanager/v2/d/4c4aa51f-1235-4aa1-8b83-adc92e8dacc3/63e953d4-a03b-a28c-2791-3e2e5f65522e?origin=2;https://api.mziq.com/mzfilemanager/v2/d/4c4aa51f-1235-4aa1-8b83-adc92e8dacc3/81ea23ff-0f2a-9337-a19e-18732415238d?origin=2,0.0,1159.328583416381,,,
V10,2025-04-02,60746948000112,BBDC4,7166.681167645694,7177.586252354593,BBDC4_2025-04-02_DISTRIBUTION_508,DISTRIBUTION,0,https://www.bradescori.com.br/informacoes-ao-mercado/remuneracao-aos-acionistas/,0.0,135.986406319974,,,
V10,2025-04-04,02558115000121,TIMS3,5790.1606790825035,6080.414223633105,CONT_2827_TIMS3_2025-04-04;CONT_2828_TIMS3_2025-04-04;CONT_2829_TIMS3_2025-04-04,DISTRIBUTION,0,https://api.mziq.com/mzfilemanager/v2/d/4c4aa51f-1235-4aa1-8b83-adc92e8dacc3/762980b9-e792-0a74-6f3f-67a09abe2c68?origin=2;https://api.mziq.com/mzfilemanager/v2/d/4c4aa51f-1235-4aa1-8b83-adc92e8dacc3/762980b9-e792-0a74-6f3f-67a09abe2c68?origin=2;https://api.mziq.com/mzfilemanager/v2/d/4c4aa51f-1235-4aa1-8b83-adc92e8dacc3/874a85d8-21a6-3d74-940e-4a72a17a74d8?origin=2,0.0,4905.284902905169,,,
V10,2025-04-14,02558157000162,VIVT3,1967.2689683397348,1972.9834730263005,CONT_2830_VIVT3_2025-04-14,DISTRIBUTION,0,https://api.mziq.com/mzfilemanager/v2/d/24165f81-24d6-4648-bf9f-66712905d5a2/34b95df5-e8c3-6d48-b667-42e740e0df5e?origin=2,0.0,291.43973901485293,,,
V10,2025-04-15,02558157000162,VIVT3,1972.9834730263005,3945.966946052601,CONT_2863_VIVT3_2025-04-15,SHARES,0,https://api.mziq.com/mzfilemanager/v2/d/24165f81-24d6-4648-bf9f-66712905d5a2/34b95df5-e8c3-6d48-b667-42e740e0df5e?origin=2;https://api.mziq.com/mzfilemanager/v2/d/24165f81-24d6-4648-bf9f-66712905d5a2/197836af-54b5-cff0-af1e-de97ad340f36?origin=2,0.0,0.0,,,
V10,2025-05-02,17155730000164,CMIG4,13553.582859132805,13985.783266298284,CMIG4_2025-05-02_DISTRIBUTION_380,DISTRIBUTION,0,cache/market.json.gz; SQLite corporate_actions/B3,0.0,4464.630206019396,,,
V10,2025-05-02,60872504000123,ITUB4,3093.7071800006347,3095.2466198576126,ITUB4_2025-05-02_DISTRIBUTION_118,DISTRIBUTION,0,cache/market.json.gz; SQLite corporate_actions/B3,0.0,54.6039317270112,,,
V10,2025-05-05,60746948000112,BBDC4,7210.201244542219,7220.487875479568,BBDC4_2025-05-05_DISTRIBUTION_509,DISTRIBUTION,0,https://www.bradescori.com.br/informacoes-ao-mercado/remuneracao-aos-acionistas/,0.0,136.81219146675087,,,
V10,2025-05-07,02474103000119,TBLE3,2171.7570611493056,2219.107920990792,TBLE3_2025-05-07_DISTRIBUTION_336,DISTRIBUTION,0,cache/market.json.gz; SQLite corporate_actions/B3,0.0,1903.5045656277591,,,
V10,2025-05-22,02558115000121,TIMS3,6080.414223633105,6119.547383243035,CONT_2831_TIMS3_2025-05-22,DISTRIBUTION,0,https://api.mziq.com/mzfilemanager/v2/d/4c4aa51f-1235-4aa1-8b83-adc92e8dacc3/0013d0b5-ccfb-f36d-38e0-d593d79e4c33?origin=2,0.0,754.4873172794514,,,
V10,2025-05-23,02558157000162,VIVT3,3949.7578703990193,3971.793836327992,CONT_2832_VIVT3_2025-05-23,DISTRIBUTION,0,https://api.mziq.com/mzfilemanager/v2/d/24165f81-24d6-4648-bf9f-66712905d5a2/34b95df5-e8c3-6d48-b667-42e740e0df5e?origin=2,0.0,609.5148175953848,,,
V10,2025-06-02,60872504000123,ITUB4,3095.2466198576126,3096.717174442821,ITUB4_2025-06-02_DISTRIBUTION_117,DISTRIBUTION,0,cache/market.json.gz; SQLite corporate_actions/B3,0.0,54.63110284048686,,,
V10,2025-06-03,60746948000112,BBDC4,7224.189028623912,7232.496762381369,BBDC4_2025-06-03_DISTRIBUTION_510,DISTRIBUTION,0,https://www.bradescori.com.br/informacoes-ao-mercado/remuneracao-aos-acionistas/,0.0,137.07760699803427,,,
V10,2025-06-10,60872504000123,ITUB4,3096.717174442821,3125.4564302200806,ITUB4_2025-06-10_DISTRIBUTION_116,DISTRIBUTION,0,cache/market.json.gz; SQLite corporate_actions/B3,0.0,1034.6132079813465,,,
V10,2025-06-24,17155730000164,CMIG4,13985.783266298284,14125.11139387195,CMIG4_2025-06-24_DISTRIBUTION_379,DISTRIBUTION,0,cache/market.json.gz; SQLite corporate_actions/B3,0.0,1458.7654956962838,,,
V10,2025-06-24,02558157000162,VIVT3,3976.1526991134137,3984.2160753128624,CONT_2833_VIVT3_2025-06-24,DISTRIBUTION,0,https://api.mziq.com/mzfilemanager/v2/d/24165f81-24d6-4648-bf9f-66712905d5a2/34b95df5-e8c3-6d48-b667-42e740e0df5e?origin=2,0.0,246.25550913116297,,,
V10,2025-06-24,17281106000103,CSMG3,3570.5555589521737,3628.777137662366,CONT_2474_CSMG3_2025-06-24,DISTRIBUTION,0,CSMG_RI_V4,0.0,1546.947346329811,,,
V10,2025-06-27,02149205000169,PSSA3,3261.9614264110655,3291.053456742434,CONT_2834_PSSA3_2025-06-27,DISTRIBUTION,0,https://api.mziq.com/mzfilemanager/v2/d/b77a3922-d280-4451-b3ee-0afec4577834/2db74f29-0975-b7c2-5402-9b64be1a06ee?origin=2;https://api.mziq.com/mzfilemanager/v2/d/b77a3922-d280-4451-b3ee-0afec4577834/5fc07a56-476a-56fa-1f90-8b87c4a74dfe?origin=2,0.0,1576.2062033535417,,,
V10,2025-07-01,60746948000112,BBDC4,7232.496762381369,7361.346815011448,BBDC4_2025-07-01_DISTRIBUTION_511,DISTRIBUTION,0,https://www.bradescori.com.br/informacoes-ao-mercado/remuneracao-aos-acionistas/,0.0,2149.2188778697086,,,
V10,2025-07-01,60872504000123,ITUB4,3125.4564302200806,3126.9433387374224,ITUB4_2025-07-01_DISTRIBUTION_115,DISTRIBUTION,0,cache/market.json.gz; SQLite corporate_actions/B3,0.0,55.16430599338442,,,
V10,2025-07-01,76484013000145,SAPR4,17824.46481395776,18518.24288334441,CONT_2835_SAPR4_2025-07-01,DISTRIBUTION,0,https://ri.sanepar.com.br/docs/Sanepar-2025-12-18-cW6NmzgB.pdf,0.0,5113.144371379611,,,
V10,2025-07-02,60746948000112,BBDC4,7371.476922030325,7380.0265776931265,BBDC4_2025-07-02_DISTRIBUTION_512,DISTRIBUTION,0,https://www.bradescori.com.br/informacoes-ao-mercado/remuneracao-aos-acionistas/,0.0,139.8723666434333,,,
V10,2025-07-28,02558115000121,TIMS3,6113.702814425595,6154.558127550462,CONT_2836_TIMS3_2025-07-28,DISTRIBUTION,0,https://api.mziq.com/mzfilemanager/v2/d/4c4aa51f-1235-4aa1-8b83-adc92e8dacc3/b70c1dd1-8c25-def3-dcf4-a93d901b4918?origin=2,0.0,808.9351998723743,,,
V10,2025-07-28,02558157000162,VIVT3,3988.1118910674863,4001.5015047015613,CONT_2837_VIVT3_2025-07-28,DISTRIBUTION,0,https://api.mziq.com/mzfilemanager/v2/d/24165f81-24d6-4648-bf9f-66712905d5a2/34b95df5-e8c3-6d48-b667-42e740e0df5e?origin=2,0.0,408.918800384652,,,
V10,2025-08-01,60872504000123,ITUB4,3132.73983994018,3134.322801811779,ITUB4_2025-08-01_DISTRIBUTION_114,DISTRIBUTION,0,cache/market.json.gz; SQLite corporate_actions/B3,0.0,55.29285817494417,,,
V10,2025-08-04,60746948000112,BBDC4,7390.894567377715,7399.849919405501,BBDC4_2025-08-04_DISTRIBUTION_513,DISTRIBUTION,0,https://www.bradescori.com.br/informacoes-ao-mercado/remuneracao-aos-acionistas/,0.0,140.24081275512978,,,
V10,2025-08-15,17344597000194,BBSE3,3013.259634108206,3191.72980608661,CONT_2549_BBSE3_2025-08-15,DISTRIBUTION,0,BBSE_DIV,0.0,5852.036939171879,,,
V10,2025-08-19,60872504000123,ITUB4,3140.0589053396748,3171.4854381460764,ITUB4_2025-08-19_DISTRIBUTION_113,DISTRIBUTION,0,cache/market.json.gz; SQLite corporate_actions/B3,0.0,1141.0974062004377,,,
V10,2025-08-22,02474103000119,TBLE3,2276.3858441611956,2327.3893828298974,TBLE3_2025-08-22_DISTRIBUTION_335,DISTRIBUTION,0,cache/market.json.gz; SQLite corporate_actions/B3,0.0,2006.4792112267212,,,
V10,2025-08-26,02558157000162,VIVT3,4001.5015047015613,4010.5537459539987,CONT_2838_VIVT3_2025-08-26,DISTRIBUTION,0,https://api.mziq.com/mzfilemanager/v2/d/24165f81-24d6-4648-bf9f-66712905d5a2/34b95df5-e8c3-6d48-b667-42e740e0df5e?origin=2,0.0,311.8497111464629,,,
V10,2025-09-01,60872504000123,ITUB4,3171.4854381460764,3172.928881105934,ITUB4_2025-09-01_DISTRIBUTION_112,DISTRIBUTION,0,cache/market.json.gz; SQLite corporate_actions/B3,0.0,55.97671798327824,,,
V10,2025-09-02,60746948000112,BBDC4,7406.919430216905,7415.432142601324,BBDC4_2025-09-02_DISTRIBUTION_514,DISTRIBUTION,0,https://www.bradescori.com.br/informacoes-ao-mercado/remuneracao-aos-acionistas/,0.0,140.5448814667546,,,
V10,2025-09-23,02558157000162,VIVT3,4010.5537459539987,4025.52660414929,CONT_2839_VIVT3_2025-09-23,DISTRIBUTION,0,https://api.mziq.com/mzfilemanager/v2/d/24165f81-24d6-4648-bf9f-66712905d5a2/34b95df5-e8c3-6d48-b667-42e740e0df5e?origin=2,0.0,500.54264946859536,,,
V10,2025-09-23,17281106000103,CSMG3,3702.066462731934,3751.4518940621106,CONT_2475_CSMG3_2025-09-23,DISTRIBUTION,0,CSMG_RI_V4,0.0,1656.8812211274328,,,
V10,2025-09-26,02149205000169,PSSA3,3291.053456742434,3327.0088124517406,CONT_2840_PSSA3_2025-09-26,DISTRIBUTION,0,https://api.mziq.com/mzfilemanager/v2/d/b77a3922-d280-4451-b3ee-0afec4577834/d5711793-58d6-82f4-b474-008bee510428?origin=2;https://api.mziq.com/mzfilemanager/v2/d/b77a3922-d280-4451-b3ee-0afec4577834/5fc07a56-476a-56fa-1f90-8b87c4a74dfe?origin=2,0.0,1756.7786799567236,,,
V10,2025-09-29,02558115000121,TIMS3,6148.429830581732,6201.518966912229,CONT_2841_TIMS3_2025-09-29,DISTRIBUTION,0,https://api.mziq.com/mzfilemanager/v2/d/4c4aa51f-1235-4aa1-8b83-adc92e8dacc3/4d85e48c-99f9-7d97-8169-1e3a158f4c34?origin=2,0.0,1226.8899405977982,,,
V10,2025-09-30,60746948000112,BBDC4,7415.432142601324,7539.99857628879,BBDC4_2025-09-30_DISTRIBUTION_515,DISTRIBUTION,0,https://www.bradescori.com.br/informacoes-ao-mercado/remuneracao-aos-acionistas/,0.0,2203.5802119312734,,,
V10,2025-09-30,17155730000164,CMIG4,14125.11139387195,14259.012447379477,CMIG4_2025-09-30_DISTRIBUTION_378,DISTRIBUTION,0,cache/market.json.gz; SQLite corporate_actions/B3,0.0,1492.9967466089252,,,
V10,2025-10-01,60872504000123,ITUB4,3173.23551572912,3174.6959487630866,ITUB4_2025-10-01_DISTRIBUTION_111,DISTRIBUTION,0,cache/market.json.gz; SQLite corporate_actions/B3,0.0,56.00760685261896,,,
V10,2025-10-02,60746948000112,BBDC4,7542.403435649988,7550.77766997371,BBDC4_2025-10-02_DISTRIBUTION_516,DISTRIBUTION,0,https://www.bradescori.com.br/informacoes-ao-mercado/remuneracao-aos-acionistas/,0.0,143.1156645924023,,,
V10,2025-10-28,02558157000162,VIVT3,4025.52660414929,4039.3571109493632,CONT_2842_VIVT3_2025-10-28,DISTRIBUTION,0,https://api.mziq.com/mzfilemanager/v2/d/24165f81-24d6-4648-bf9f-66712905d5a2/34b95df5-e8c3-6d48-b667-42e740e0df5e?origin=2,0.0,477.29078967053186,,,
V10,2025-11-03,60872504000123,ITUB4,3180.1707675259286,3181.571216978195,ITUB4_2025-11-03_DISTRIBUTION_110,DISTRIBUTION,0,cache/market.json.gz; SQLite corporate_actions/B3,0.0,56.130014046832635,,,
V10,2025-11-04,60746948000112,BBDC4,7550.77766997371,7558.564331065515,BBDC4_2025-11-04_DISTRIBUTION_517,DISTRIBUTION,0,https://www.bradescori.com.br/informacoes-ao-mercado/remuneracao-aos-acionistas/,0.0,143.27456408921617,,,
V10,2025-11-25,02558157000162,VIVT3,4043.5747820894353,4055.9299937826045,CONT_2843_VIVT3_2025-11-25,DISTRIBUTION,0,https://api.mziq.com/mzfilemanager/v2/d/24165f81-24d6-4648-bf9f-66712905d5a2/34b95df5-e8c3-6d48-b667-42e740e0df5e?origin=2,0.0,429.83781480535856,,,
V10,2025-11-27,02474103000119,TBLE3,2412.867335950221,3378.014270330309,TBLE3_2025-11-27_SHARES_676,SHARES,0,originals/engie_bonus_2018_doe.pdf.gz p34; owned_capital_events_fre.json; B3 2025-11-26,0.0,0.0,,,
V10,2025-12-01,60872504000123,ITUB4,3183.5869654379767,3184.947505630228,ITUB4_2025-12-01_DISTRIBUTION_109,DISTRIBUTION,0,cache/market.json.gz; SQLite corporate_actions/B3,0.0,56.19030993998029,,,
V10,2025-12-02,60746948000112,BBDC4,7558.564331065515,7565.904265277192,BBDC4_2025-12-02_DISTRIBUTION_518,DISTRIBUTION,0,https://www.bradescori.com.br/informacoes-ao-mercado/remuneracao-aos-acionistas/,0.0,143.42231449618092,,,
V10,2025-12-10,60872504000123,ITUB4,3188.3214250196293,3369.2386984606906,ITUB4_2025-12-10_DISTRIBUTION_107;ITUB4_2025-12-10_DISTRIBUTION_108;XPBR31_2025-12-10_DISTRIBUTION_690,DISTRIBUTION,0,cache/market.json.gz; SQLite corporate_actions/B3;https://www.sec.gov/Archives/edgar/data/1787425/000095010325014854/dp237494_ex9901.htm,0.0,7135.377264515455,,,
V10,2025-12-10,60872504000123,XPBR31,46.636649108219146,47.10249851918329,ITUB4_2025-12-10_DISTRIBUTION_107;ITUB4_2025-12-10_DISTRIBUTION_108;XPBR31_2025-12-10_DISTRIBUTION_690,DISTRIBUTION,0,cache/market.json.gz; SQLite corporate_actions/B3;https://www.sec.gov/Archives/edgar/data/1787425/000095010325014854/dp237494_ex9901.htm,0.0,45.88150848585886,,,
V10,2025-12-17,17281106000103,CSMG3,3755.1553193774826,3801.3461810254958,CONT_2476_CSMG3_2025-12-17;CONT_2477_CSMG3_2025-12-17,DISTRIBUTION,0,CSMG_RI_V4,0.0,1980.6641474668008,,,
V10,2025-12-19,02474103000119,TBLE3,3418.9340737813523,3428.589007538752,TBLE3_2025-12-19_DISTRIBUTION_334,DISTRIBUTION,0,cache/market.json.gz; SQLite corporate_actions/B3,0.0,299.3029464793905,,,
V10,2025-12-22,02558115000121,TIMS3,6201.518966912229,6416.800606656522,CONT_2844_TIMS3_2025-12-22,DISTRIBUTION,0,https://api.mziq.com/mzfilemanager/v2/d/4c4aa51f-1235-4aa1-8b83-adc92e8dacc3/a90ba21d-abd1-b1d8-b86f-3aaf8864a22e?origin=2,0.0,4645.777785681834,,,
V10,2025-12-23,17155730000164,CMIG4,14259.012447379477,14445.562316396856,CMIG4_2025-12-23_DISTRIBUTION_377,DISTRIBUTION,0,cache/market.json.gz; SQLite corporate_actions/B3,0.0,2080.031039543785,,,
V10,2025-12-23,02558115000121,TIMS3,6416.800606656522,6469.31704329941,CONT_2845_TIMS3_2025-12-23,DISTRIBUTION,0,https://api.mziq.com/mzfilemanager/v2/d/4c4aa51f-1235-4aa1-8b83-adc92e8dacc3/5053180d-b455-fbe7-7774-9c55ddd309c9?origin=2,0.0,1128.0530590892397,,,
V10,2025-12-23,17281106000103,CSMG3,3801.3461810254958,3832.820084190415,CONT_2478_CSMG3_2025-12-23,DISTRIBUTION,0,CSMG_RI_V4,0.0,1383.9075221614894,,,
V10,2025-12-26,17155730000164,CMIG4,14445.562316396856,14599.372891095038,CMIG4_2025-12-26_DISTRIBUTION_376,DISTRIBUTION,0,cache/market.json.gz; SQLite corporate_actions/B3,0.0,1710.3735906437748,,,
V10,2025-12-26,60872504000123,ITUB4,3369.2386984606906,3470.3158594145116,ITUB4_2025-12-26_SHARES_666,SHARES,0,https://www.itau.com.br/relacoes-com-investidores/informacoes-ao-mercado/recompra/; owned_capital_events_fre.json; B3,0.0,0.0,,,
V10,2025-12-29,02149205000169,PSSA3,3327.0088124517406,3364.632134164392,CONT_2846_PSSA3_2025-12-29,DISTRIBUTION,0,https://api.mziq.com/mzfilemanager/v2/d/b77a3922-d280-4451-b3ee-0afec4577834/327fe168-5b79-7e0a-4b23-ad197ef5a182?origin=2;https://api.mziq.com/mzfilemanager/v2/d/b77a3922-d280-4451-b3ee-0afec4577834/5fc07a56-476a-56fa-1f90-8b87c4a74dfe?origin=2,0.0,1788.612714219458,,,
V10,2025-12-30,60746948000112,BBDC4,7565.904265277192,7726.5850314978725,BBDC4_2025-12-30_DISTRIBUTION_519,DISTRIBUTION,0,https://www.bradescori.com.br/informacoes-ao-mercado/remuneracao-aos-acionistas/,0.0,2922.7831375541773,,,
V10,2025-12-30,02558157000162,VIVT3,4055.9299937826045,4069.3507573409693,CONT_2847_VIVT3_2025-12-30,DISTRIBUTION,0,https://api.mziq.com/mzfilemanager/v2/d/24165f81-24d6-4648-bf9f-66712905d5a2/34b95df5-e8c3-6d48-b667-42e740e0df5e?origin=2,0.0,444.2272737818781,,,
V10,2026-01-02,60872504000123,ITUB4,3470.3158594145116,3471.9275396943553,ITUB4_2026-01-02_DISTRIBUTION_106,DISTRIBUTION,0,cache/market.json.gz; SQLite corporate_actions/B3,0.0,63.09728295587465,,,
V10,2026-01-02,76484013000145,SAPR4,18616.94026005691,18885.521928473154,CONT_2848_SAPR4_2026-01-02,DISTRIBUTION,0,https://ri.sanepar.com.br/docs/Sanepar-2025-12-18-cW6NmzgB.pdf,0.0,2094.937013646723,,,
V10,2026-01-05,60746948000112,BBDC4,7728.7979485445685,7736.528705786172,BBDC4_2026-01-05_DISTRIBUTION_497,DISTRIBUTION,0,https://www.bradescori.com.br/informacoes-ao-mercado/remuneracao-aos-acionistas/,0.0,146.652464873225,,,
V10,2026-02-02,60872504000123,ITUB4,3473.571699668843,3474.948257660198,ITUB4_2026-02-02_DISTRIBUTION_105,DISTRIBUTION,0,cache/market.json.gz; SQLite corporate_actions/B3,0.0,63.156480643378906,,,
V10,2026-02-03,60746948000112,BBDC4,7736.528705786172,7743.299884499978,BBDC4_2026-02-03_DISTRIBUTION_498,DISTRIBUTION,0,https://www.bradescori.com.br/informacoes-ao-mercado/remuneracao-aos-acionistas/,0.0,146.7991545153098,,,
V10,2026-02-13,17344597000194,BBSE3,3337.951333305092,3589.6266474694485,CONT_2548_BBSE3_2026-02-13,DISTRIBUTION,0,BBSE_DIV,0.0,8511.659125038539,,,
V10,2026-02-24,02558157000162,VIVT3,4083.8920294339223,4093.660151565662,CONT_2849_VIVT3_2026-02-24,DISTRIBUTION,0,https://api.mziq.com/mzfilemanager/v2/d/24165f81-24d6-4648-bf9f-66712905d5a2/34b95df5-e8c3-6d48-b667-42e740e0df5e?origin=2,0.0,415.3405530415684,,,
V10,2026-03-02,60872504000123,ITUB4,3474.948257660198,3476.3241616066434,ITUB4_2026-03-02_DISTRIBUTION_104,DISTRIBUTION,0,cache/market.json.gz; SQLite corporate_actions/B3,0.0,63.18150922077772,,,
V10,2026-03-03,60746948000112,BBDC4,7743.553802442638,7750.827686322963,BBDC4_2026-03-03_DISTRIBUTION_499,DISTRIBUTION,0,https://www.bradescori.com.br/informacoes-ao-mercado/remuneracao-aos-acionistas/,0.0,146.9324543825728,,,
V10,2026-03-09,17281106000103,CSMG3,3832.820084190415,3832.950989262978,CONT_2479_CSMG3_2026-03-09,DISTRIBUTION,0,CSMG_RI_V4,0.0,6.956295556015609,,,
V10,2026-03-20,60872504000123,ITUB4,3476.3241616066434,3505.5135713178665,ITUB4_2026-03-20_DISTRIBUTION_103,DISTRIBUTION,0,cache/market.json.gz; SQLite corporate_actions/B3,0.0,1212.8199735013259,,,
V10,2026-03-24,02558115000121,TIMS3,6472.442139581476,6511.65406465888,CONT_2850_TIMS3_2026-03-24,DISTRIBUTION,0,https://api.mziq.com/mzfilemanager/v2/d/4c4aa51f-1235-4aa1-8b83-adc92e8dacc3/892687da-d4ef-6268-740a-f790682cbf9d?origin=2;https://api.mziq.com/mzfilemanager/v2/d/4c4aa51f-1235-4aa1-8b83-adc92e8dacc3/81ea23ff-0f2a-9337-a19e-18732415238d?origin=2,0.0,1056.7613808360413,,,
V10,2026-03-24,17281106000103,CSMG3,3832.950989262978,3865.759842281461,CONT_2480_CSMG3_2026-03-24,DISTRIBUTION,0,CSMG_RI_V4,0.0,1795.3004371713819,,,
V10,2026-03-25,17155730000164,CMIG4,14599.372891095038,14734.118341202553,CMIG4_2026-03-25_DISTRIBUTION_375,DISTRIBUTION,0,cache/market.json.gz; SQLite corporate_actions/B3,0.0,1678.9283083396367,,,
V10,2026-03-26,02558157000162,VIVT3,4093.660151565662,4100.039771423796,CONT_2851_VIVT3_2026-03-26,DISTRIBUTION,0,https://api.mziq.com/mzfilemanager/v2/d/24165f81-24d6-4648-bf9f-66712905d5a2/34b95df5-e8c3-6d48-b667-42e740e0df5e?origin=2,0.0,256.20553350267534,,,
V10,2026-03-31,02149205000169,PSSA3,3364.632134164392,3400.757654539637,CONT_2852_PSSA3_2026-03-31,DISTRIBUTION,0,https://api.mziq.com/mzfilemanager/v2/d/b77a3922-d280-4451-b3ee-0afec4577834/e08580a4-e955-9ee1-6c71-cf3552965f03?origin=2;https://api.mziq.com/mzfilemanager/v2/d/b77a3922-d280-4451-b3ee-0afec4577834/c7efe69b-d37e-c02f-fff7-a51df3341ac0?origin=2,0.0,1824.7000341536216,,,
V10,2026-04-01,60872504000123,ITUB4,3505.5135713178665,3506.967763600634,ITUB4_2026-04-01_DISTRIBUTION_102,DISTRIBUTION,0,cache/market.json.gz; SQLite corporate_actions/B3,0.0,63.73724775370145,,,
V10,2026-04-01,02149205000169,PSSA3,3400.757654539637,3461.207323040343,CONT_2853_PSSA3_2026-04-01,DISTRIBUTION,0,https://api.mziq.com/mzfilemanager/v2/d/b77a3922-d280-4451-b3ee-0afec4577834/5fc07a56-476a-56fa-1f90-8b87c4a74dfe?origin=2,0.0,3013.4159747602093,,,
V10,2026-04-02,60746948000112,BBDC4,7768.014670818839,7775.723697737666,BBDC4_2026-04-02_DISTRIBUTION_501,DISTRIBUTION,0,https://www.bradescori.com.br/informacoes-ao-mercado/remuneracao-aos-acionistas/,0.0,147.39659468798533,,,
V10,2026-04-07,60746948000112,BBDC4,7775.723697737666,7896.078834043679,BBDC4_2026-04-07_DISTRIBUTION_500,DISTRIBUTION,0,https://www.bradescori.com.br/informacoes-ao-mercado/remuneracao-aos-acionistas/,0.0,2312.0221684385215,,,
V10,2026-04-28,02558157000162,VIVT3,4100.039771423796,4112.072242506792,CONT_2854_VIVT3_2026-04-28,DISTRIBUTION,0,https://api.mziq.com/mzfilemanager/v2/d/24165f81-24d6-4648-bf9f-66712905d5a2/34b95df5-e8c3-6d48-b667-42e740e0df5e?origin=2,0.0,468.3037745501743,,,
V10,2026-05-04,17155730000164,CMIG4,14734.118341202553,14877.077930269035,CMIG4_2026-05-04_DISTRIBUTION_374,DISTRIBUTION,0,cache/market.json.gz; SQLite corporate_actions/B3,0.0,1741.2477948297487,,,
V10,2026-05-04,60872504000123,ITUB4,3510.5347995285692,3512.040189710763,ITUB4_2026-05-04_DISTRIBUTION_101,DISTRIBUTION,0,cache/market.json.gz; SQLite corporate_actions/B3,0.0,63.828543725028446,,,
V10,2026-05-05,60746948000112,BBDC4,7910.311981739485,7918.133589815771,BBDC4_2026-05-05_DISTRIBUTION_502,DISTRIBUTION,0,https://www.bradescori.com.br/informacoes-ao-mercado/remuneracao-aos-acionistas/,0.0,150.09665898391822,,,
V10,2026-05-05,02474103000119,TBLE3,3604.708086771957,3656.416137160945,TBLE3_2026-05-05_DISTRIBUTION_333,DISTRIBUTION,0,cache/market.json.gz; SQLite corporate_actions/B3,0.0,1760.1420352411546,,,
V10,2026-05-25,02558157000162,VIVT3,4112.072242506792,4265.535493176974,CONT_2855_VIVT3_2026-05-25,DISTRIBUTION,0,https://api.mziq.com/mzfilemanager/v2/d/24165f81-24d6-4648-bf9f-66712905d5a2/34b95df5-e8c3-6d48-b667-42e740e0df5e?origin=2,0.0,5147.157427477917,,,
V10,2026-05-28,02558157000162,VIVT3,4265.535493176974,4289.371431735883,CONT_2856_VIVT3_2026-05-28,DISTRIBUTION,0,https://api.mziq.com/mzfilemanager/v2/d/24165f81-24d6-4648-bf9f-66712905d5a2/34b95df5-e8c3-6d48-b667-42e740e0df5e?origin=2,0.0,800.8875355793053,,,
V10,2026-06-01,60872504000123,ITUB4,3515.9567146974928,3517.5808794583318,ITUB4_2026-06-01_DISTRIBUTION_100,DISTRIBUTION,0,cache/market.json.gz; SQLite corporate_actions/B3,0.0,63.92712498662981,,,
V10,2026-06-02,60746948000112,BBDC4,7933.799065231502,7942.2803228037355,BBDC4_2026-06-02_DISTRIBUTION_503,DISTRIBUTION,0,https://www.bradescori.com.br/informacoes-ao-mercado/remuneracao-aos-acionistas/,0.0,150.5423219071463,,,
V10,2026-06-10,60872504000123,XPBR31,47.10249851918329,47.72670912615935,XPBR31_2026-06-10_DISTRIBUTION_691,DISTRIBUTION,0,https://www.sec.gov/Archives/edgar/data/1787425/000095010326007333/dp246817_ex9901.htm,0.0,48.7633326169697,,,
V10,2026-06-19,60872504000123,ITUB4,3521.758431099859,3553.72366664153,ITUB4_2026-06-19_DISTRIBUTION_99,DISTRIBUTION,0,cache/market.json.gz; SQLite corporate_actions/B3,0.0,1274.453941046417,,,
V10,2026-06-23,02149205000169,PSSA3,3461.207323040343,3495.2161318777607,CONT_2857_PSSA3_2026-06-23,DISTRIBUTION,0,https://api.mziq.com/mzfilemanager/v2/d/b77a3922-d280-4451-b3ee-0afec4577834/f8d74364-4778-d466-02ec-0d7bf05ca8fa?origin=2,0.0,1774.9197332248325,,,
V10,2026-06-23,02558115000121,TIMS3,6513.277213745562,6562.18734643642,CONT_2858_TIMS3_2026-06-23,DISTRIBUTION,0,https://api.mziq.com/mzfilemanager/v2/d/4c4aa51f-1235-4aa1-8b83-adc92e8dacc3/25999361-3614-1392-dad2-f96e99522a8d?origin=2,0.0,1090.6959590061258,,,
V10,2026-06-24,17155730000164,CMIG4,14877.077930269035,15030.01563975229,CMIG4_2026-06-24_DISTRIBUTION_373,DISTRIBUTION,0,cache/market.json.gz; SQLite corporate_actions/B3,0.0,1639.4922456604825,,,
V10,2026-06-24,17281106000103,CSMG3,3865.759842281461,3890.6918416053313,CONT_2481_CSMG3_2026-06-24,DISTRIBUTION,0,CSMG_RI_V4,0.0,1453.036920595163,,,
V10,2026-06-29,02558157000162,VIVT3,4294.110452356897,4303.094857521239,CONT_2859_VIVT3_2026-06-29,DISTRIBUTION,0,https://api.mziq.com/mzfilemanager/v2/d/24165f81-24d6-4648-bf9f-66712905d5a2/34b95df5-e8c3-6d48-b667-42e740e0df5e?origin=2,0.0,309.06353765333984,,,
VVAL,2014-07-02,60746948000112,BBDC4,318.6009010270265,318.8074457205333,BBDC4_2014-07-02_DISTRIBUTION_332,DISTRIBUTION,0,cache/market.json.gz; SQLite corporate_actions/B3,0.0,6.5949720636711335,,,
VVAL,2014-08-04,60746948000112,BBDC4,318.8074457205333,318.9938651413146,BBDC4_2014-08-04_DISTRIBUTION_331,DISTRIBUTION,0,cache/market.json.gz; SQLite corporate_actions/B3,0.0,6.599247495658883,,,
VVAL,2014-08-07,02998609000127,GETI4,541.8694854950345,574.7067763160336,B00S_GETI4_2014-08-07_DISTRIBUTION_83,DISTRIBUTION,0,originals/owned_proventos_44287.zip; PN payment 87; record date corroborated by historical B3-derived distribution table,0.0,581.2200475316838,,,
VVAL,2014-09-02,60746948000112,BBDC4,318.9938651413146,319.1527846681186,BBDC4_2014-09-02_DISTRIBUTION_330,DISTRIBUTION,0,cache/market.json.gz; SQLite corporate_actions/B3,0.0,6.603106338707397,,,
VVAL,2014-09-05,02429144000193,CPFE3,516.0303858026474,526.6448557675583,B00S_CPFE3_2014-09-05_DISTRIBUTION_54,DISTRIBUTION,0,cache/market.json.gz; B3,0.0,226.40664435154997,,,
VVAL,2014-09-12,02474103000119,TBLE3,310.0614124895769,316.3037443516943,TBLE3_2014-09-12_DISTRIBUTION_372,DISTRIBUTION,0,cache/market.json.gz; SQLite corporate_actions/B3,0.0,219.35554163480444,,,
VVAL,2014-09-23,17281106000103,CSMG3,284.5138040250366,286.7500262859411,B00S_CSMG3_2014-09-23_DISTRIBUTION_60,DISTRIBUTION,0,cache/market.json.gz; B3,0.0,78.08888135078435,,,
VVAL,2014-10-02,60746948000112,BBDC4,319.1527846681186,319.34366579899694,BBDC4_2014-10-02_DISTRIBUTION_329,DISTRIBUTION,0,cache/market.json.gz; SQLite corporate_actions/B3,0.0,6.606395939698059,,,
VVAL,2014-10-30,02149205000169,PSSA3,351.7159816859448,359.15688835560104,B00S_PSSA3_2014-10-30_DISTRIBUTION_67,DISTRIBUTION,0,cache/market.json.gz; B3,0.0,218.01856542092685,,,
VVAL,2014-11-04,60746948000112,BBDC4,319.34366579899694,319.52093442702625,BBDC4_2014-11-04_DISTRIBUTION_328,DISTRIBUTION,0,cache/market.json.gz; SQLite corporate_actions/B3,0.0,6.610347139213085,,,
VVAL,2014-11-07,76483817000120,CPLE6,310.27526216700693,324.0003189001476,B00S_CPLE6_2014-11-07_DISTRIBUTION_56;B00S_CPLE6_2014-11-07_DISTRIBUTION_57,DISTRIBUTION,0,cache/market.json.gz; B3,0.0,453.61312503029916,,,
VVAL,2014-11-11,02474103000119,TBLE3,317.68267761604284,323.2000480394177,TBLE3_2014-11-11_DISTRIBUTION_371,DISTRIBUTION,0,cache/market.json.gz; SQLite corporate_actions/B3,0.0,184.9974302957585,,,
VVAL,2014-11-26,02474103000119,TBLE3,323.2000480394177,326.4437806179411,TBLE3_2014-11-26_DISTRIBUTION_370,DISTRIBUTION,0,cache/market.json.gz; SQLite corporate_actions/B3,0.0,110.41665697293747,,,
VVAL,2014-12-02,60746948000112,BBDC4,319.52093442702625,319.70051673934677,BBDC4_2014-12-02_DISTRIBUTION_327,DISTRIBUTION,0,cache/market.json.gz; SQLite corporate_actions/B3,0.0,6.614016562764148,,,
VVAL,2014-12-23,60746948000112,BBDC4,319.70051673934677,325.49616748292647,BBDC4_2014-12-23_DISTRIBUTION_326,DISTRIBUTION,0,cache/market.json.gz; SQLite corporate_actions/B3,0.0,207.6002096350251,,,
VVAL,2014-12-23,02149205000169,PSSA3,359.15688835560104,361.63047852229124,B00S_PSSA3_2014-12-23_DISTRIBUTION_66,DISTRIBUTION,0,cache/market.json.gz; B3,0.0,75.54344369071953,,,
VVAL,2014-12-30,03983431000103,ENBR3,1102.9551975900342,1137.4200655581271,B00S_ENBR3_2014-12-30_DISTRIBUTION_62,DISTRIBUTION,0,cache/market.json.gz; B3,0.0,309.14986567379316,,,
VVAL,2015-01-05,60746948000112,BBDC4,325.49616748292647,325.6923160313456,BBDC4_2015-01-05_DISTRIBUTION_325,DISTRIBUTION,0,cache/market.json.gz; SQLite corporate_actions/B3,0.0,6.7377026381975735,,,
VVAL,2015-02-03,60746948000112,BBDC4,325.6923160313456,325.8831926698551,BBDC4_2015-02-03_DISTRIBUTION_324,DISTRIBUTION,0,cache/market.json.gz; SQLite corporate_actions/B3,0.0,6.741762872154803,,,
VVAL,2015-02-10,60746948000112,BBDC4,325.8831926698551,327.33939591809485,BBDC4_2015-02-10_DISTRIBUTION_323,DISTRIBUTION,0,cache/market.json.gz; SQLite corporate_actions/B3,0.0,51.316602467968714,,,
VVAL,2015-03-03,60746948000112,BBDC4,327.33939591809485,327.52178776416673,BBDC4_2015-03-03_DISTRIBUTION_322,DISTRIBUTION,0,cache/market.json.gz; SQLite corporate_actions/B3,0.0,6.775857081570816,,,
VVAL,2015-03-25,17281106000103,CSMG3,513.4646135247599,514.0252546476529,B00S_CSMG3_2015-03-25_DISTRIBUTION_59,DISTRIBUTION,0,cache/market.json.gz; B3,0.0,10.55126593284738,,,
VVAL,2015-03-27,60746948000112,BBDC4,327.52178776416673,393.02614531700004,BBDC4_2015-03-27_SHARES_667,SHARES,0,originals/bradesco_remuneracao.html.gz; owned_capital_events_fre.json; SEC 6K 20150317/20160404/20180319/20200403,0.0,0.0,,,
VVAL,2015-03-30,02149205000169,PSSA3,364.9671849325459,371.5452076936764,B00S_PSSA3_2015-03-30_DISTRIBUTION_65,DISTRIBUTION,0,cache/market.json.gz; B3,0.0,232.20420346790695,,,
VVAL,2015-04-02,60746948000112,BBDC4,393.02614531700004,393.2670237420451,BBDC4_2015-04-02_DISTRIBUTION_321,DISTRIBUTION,0,cache/market.json.gz; SQLite corporate_actions/B3,0.0,7.45759603939632,,,
VVAL,2015-04-07,43776517000180,SBSP3,660.195452589039,673.5122836738467,B00S_SBSP3_2015-04-07_DISTRIBUTION_68,DISTRIBUTION,0,cache/market.json.gz; B3,0.0,243.69800885198077,,,
VVAL,2015-04-13,03983431000103,ENBR3,1218.2752120931757,1233.2562842773937,B00S_ENBR3_2015-04-13_DISTRIBUTION_61,DISTRIBUTION,0,cache/market.json.gz; B3,0.0,162.0952010332384,,,
VVAL,2015-04-13,03378521000175,LIGT3,752.2088671492144,790.917535452713,B00S_LIGT3_2015-04-13_DISTRIBUTION_86,DISTRIBUTION,0,Light AGM 2015-04-10; entitlement on AGM date; source in b00s_initial_evidence.json,0.0,580.6300245524786,,,
VVAL,2015-04-24,76483817000120,CPLE6,330.838748556964,339.7795838459366,B00S_CPLE6_2015-04-24_DISTRIBUTION_55,DISTRIBUTION,0,cache/market.json.gz; B3,0.0,307.0282838233193,,,
VVAL,2015-04-30,02429144000193,CPFE3,589.5933048638377,608.427926563559,B00S_CPFE3_2015-04-30_SHARES_87,SHARES,0,https://www.sec.gov/Archives/edgar/data/1300482/000129281415001033/cpl20150429_6k.htm,0.0,0.0,,,
VVAL,2015-05-05,60746948000112,BBDC4,395.1406216550587,395.37210414422344,BBDC4_2015-05-05_DISTRIBUTION_320,DISTRIBUTION,0,cache/market.json.gz; SQLite corporate_actions/B3,0.0,7.497717824046002,,,
VVAL,2015-05-11,02998609000127,GETI4,674.5366688378721,687.0389722444512,B00S_GETI4_2015-05-11_DISTRIBUTION_84,DISTRIBUTION,0,originals/owned_proventos_50033.zip; PN payment 80; record date corroborated by historical B3-derived distribution table,0.0,227.29187593160935,,,
VVAL,2015-05-11,02474103000119,TBLE3,336.655111004305,339.0674950847088,TBLE3_2015-05-11_DISTRIBUTION_369,DISTRIBUTION,0,cache/market.json.gz; SQLite corporate_actions/B3,0.0,88.75161031805487,,,
VVAL,2015-05-12,17281106000103,CSMG3,613.1419107037987,614.4539388686014,B00S_CSMG3_2015-05-12_DISTRIBUTION_58,DISTRIBUTION,0,cache/market.json.gz; B3,0.0,23.61650696645014,,,
VVAL,2015-06-02,60746948000112,BBDC4,414.17596212830915,414.44827362428197,BBDC4_2015-06-02_DISTRIBUTION_319,DISTRIBUTION,0,cache/market.json.gz; SQLite corporate_actions/B3,0.0,7.858909773775899,,,
VVAL,2015-06-23,60746948000112,BBDC4,414.44827362428197,417.19619318203314,BBDC4_2015-06-23_DISTRIBUTION_318,DISTRIBUTION,0,cache/market.json.gz; SQLite corporate_actions/B3,0.0,78.70041613399316,,,
VVAL,2015-07-02,60746948000112,BBDC4,417.19619318203314,417.47039540167833,BBDC4_2015-07-02_DISTRIBUTION_317,DISTRIBUTION,0,cache/market.json.gz; SQLite corporate_actions/B3,0.0,7.91621808115618,,,
VVAL,2015-07-14,60872504000123,ITUB4,34.36755746025963,37.8043132062856,ITUB4_2015-07-14_SHARES_662,SHARES,0,https://www.itau.com.br/relacoes-com-investidores/informacoes-ao-mercado/recompra/; owned_capital_events_fre.json; B3,0.0,0.0,,,
VVAL,2015-08-03,60872504000123,ITUB4,37.8043132062856,37.823265903414416,ITUB4_2015-08-03_DISTRIBUTION_279,DISTRIBUTION,0,cache/market.json.gz; SQLite corporate_actions/B3,0.0,0.567064698094284,,,
VVAL,2015-08-04,60746948000112,BBDC4,417.47039540167833,417.774714303557,BBDC4_2015-08-04_DISTRIBUTION_316,DISTRIBUTION,0,cache/market.json.gz; SQLite corporate_actions/B3,0.0,7.921421015901324,,,
VVAL,2015-08-10,02998609000127,GETI4,704.6021140137302,719.8261131244343,GETI_DIST_20150810,DISTRIBUTION,0,https://www.fundamentus.com.br/proventos.php?interface=mobile&papel=geti4&tipo=2,0.0,261.5483047218966,,,
VVAL,2015-08-12,17281106000103,CSMG3,714.5492109514298,715.1584717964821,CONT_994_CSMG3_2015-08-12,DISTRIBUTION,0,cache/market.json.gz; B3,0.0,6.3363127885441735,,,
VVAL,2015-08-13,60872504000123,ITUB4,74.84264672338878,75.81251772587164,ITUB4_2015-08-13_DISTRIBUTION_278,DISTRIBUTION,0,cache/market.json.gz; SQLite corporate_actions/B3,0.0,25.895555766292517,,,
VVAL,2015-08-21,02474103000119,TBLE3,346.08323157952066,351.0141814979837,TBLE3_2015-08-21_DISTRIBUTION_368,DISTRIBUTION,0,cache/market.json.gz; SQLite corporate_actions/B3,0.0,165.03889377095913,,,
VVAL,2015-08-24,00000000000191,BBAS3,99.30619413172356,100.01099124848808,CONT_253_BBAS3_2015-08-24;CONT_254_BBAS3_2015-08-24,DISTRIBUTION,0,cache/market.json.gz; B3,0.0,12.637012303587928,,,
VVAL,2015-09-01,60872504000123,ITUB4,75.81251772587164,75.8563907106667,ITUB4_2015-09-01_DISTRIBUTION_277,DISTRIBUTION,0,cache/market.json.gz; SQLite corporate_actions/B3,0.0,1.1371877658880747,,,
VVAL,2015-09-02,60746948000112,BBDC4,417.774714303557,418.1227035664604,BBDC4_2015-09-02_DISTRIBUTION_315,DISTRIBUTION,0,cache/market.json.gz; SQLite corporate_actions/B3,0.0,7.9271954089395615,,,
VVAL,2015-09-14,00000000000191,BBAS3,162.74189472695858,165.27714309402347,CONT_252_BBAS3_2015-09-14,DISTRIBUTION,0,cache/market.json.gz; B3,0.0,43.302042109468296,,,
VVAL,2015-10-01,60872504000123,ITUB4,116.593753930866,116.65881740962206,ITUB4_2015-10-01_DISTRIBUTION_276,DISTRIBUTION,0,cache/market.json.gz; SQLite corporate_actions/B3,0.0,1.74890630896299,,,
VVAL,2015-10-02,60746948000112,BBDC4,421.1175111258138,421.4724922160034,BBDC4_2015-10-02_DISTRIBUTION_314,DISTRIBUTION,0,cache/market.json.gz; SQLite corporate_actions/B3,0.0,7.990624340167691,,,
VVAL,2015-10-29,02149205000169,PSSA3,371.5452076936764,380.5513256233547,CONT_2161_PSSA3_2015-10-29,DISTRIBUTION,0,cache/market.json.gz; B3,0.0,293.59944450751465,,,
VVAL,2015-11-03,60872504000123,ITUB4,155.751544607321,155.83450885338314,ITUB4_2015-11-03_DISTRIBUTION_275,DISTRIBUTION,0,cache/market.json.gz; SQLite corporate_actions/B3,0.0,2.336273169109815,,,
VVAL,2015-11-04,60746948000112,BBDC4,430.5615243300231,430.93888334558477,BBDC4_2015-11-04_DISTRIBUTION_313,DISTRIBUTION,0,cache/market.json.gz; SQLite corporate_actions/B3,0.0,8.16982268691104,,,
VVAL,2015-11-12,17281106000103,CSMG3,758.7369957764375,759.785090652607,CONT_993_CSMG3_2015-11-12,DISTRIBUTION,0,cache/market.json.gz; B3,0.0,15.878637373966656,,,
VVAL,2015-11-24,02474103000119,TBLE3,351.0141814979837,355.7733273459194,TBLE3_2015-11-24_DISTRIBUTION_367,DISTRIBUTION,0,cache/market.json.gz; SQLite corporate_actions/B3,0.0,168.85449468475983,,,
VVAL,2015-11-24,00000000000191,BBAS3,306.95518972046375,309.77397521326594,CONT_251_BBAS3_2015-11-24,DISTRIBUTION,0,cache/market.json.gz; B3,0.0,52.42941016612067,,,
VVAL,2015-12-01,60872504000123,ITUB4,194.1488533649915,194.25289883839181,ITUB4_2015-12-01_DISTRIBUTION_274,DISTRIBUTION,0,cache/market.json.gz; SQLite corporate_actions/B3,0.0,2.9122328004748725,,,
VVAL,2015-12-02,60746948000112,BBDC4,441.65985251973916,442.05949063821936,BBDC4_2015-12-02_DISTRIBUTION_312,DISTRIBUTION,0,cache/market.json.gz; SQLite corporate_actions/B3,0.0,8.380411344530218,,,
VVAL,2015-12-10,60872504000123,ITUB4,223.11355736405613,224.73268005464945,ITUB4_2015-12-10_DISTRIBUTION_273,DISTRIBUTION,0,cache/market.json.gz; SQLite corporate_actions/B3,0.0,46.63073348908773,,,
VVAL,2015-12-14,02149205000169,PSSA3,380.5513256233547,384.34768913328185,CONT_2160_PSSA3_2015-12-14,DISTRIBUTION,0,cache/market.json.gz; B3,0.0,120.72435961568169,,,
VVAL,2015-12-14,00000000000191,BBAS3,363.233831891116,369.22568114946233,CONT_250_BBAS3_2015-12-14,DISTRIBUTION,0,cache/market.json.gz; B3,0.0,99.70437165888337,,,
VVAL,2015-12-17,60746948000112,BBDC4,442.05949063821936,460.23423827660935,BBDC4_2015-12-17_DISTRIBUTION_311,DISTRIBUTION,0,cache/market.json.gz; SQLite corporate_actions/B3,0.0,373.3093164925304,,,
VVAL,2015-12-22,03983431000103,ENBR3,1233.2562842773937,1236.4069780643308,CONT_1109_ENBR3_2015-12-22,DISTRIBUTION,0,cache/market.json.gz; B3,0.0,37.83983238111604,,,
VVAL,2016-01-04,02998609000127,GETI4,730.0514586595109,0,GETI_TIET_20160104,CONVERSION,0,"https://www.santander.com.br/document/wps/AEST_TIETE_AVISO_AO_MERCADO_WEBSITE.PDF; p18; COTAHIST last GETI 2015-12-30, first TIET 2016-01-04",0.0,0.0,,,
VVAL,2016-01-04,02998609000127,TIET11,0,730.0514586595109,GETI_TIET_20160104,CONVERSION,0,"https://www.santander.com.br/document/wps/AEST_TIETE_AVISO_AO_MERCADO_WEBSITE.PDF; p18; COTAHIST last GETI 2015-12-30, first TIET 2016-01-04",0.0,0.0,,,
VVAL,2016-01-04,60872504000123,ITUB4,224.73268005464945,224.86682212392202,ITUB4_2016-01-04_DISTRIBUTION_272,DISTRIBUTION,0,cache/market.json.gz; SQLite corporate_actions/B3,0.0,3.3709902008197417,,,
VVAL,2016-01-05,60746948000112,BBDC4,470.06380842673536,470.5320168772713,BBDC4_2016-01-05_DISTRIBUTION_310,DISTRIBUTION,0,cache/market.json.gz; SQLite corporate_actions/B3,0.0,8.919370982709893,,,
VVAL,2016-02-01,60872504000123,ITUB4,254.1227259680587,254.27238599513058,ITUB4_2016-02-01_DISTRIBUTION_271,DISTRIBUTION,0,cache/market.json.gz; SQLite corporate_actions/B3,0.0,3.81184088952088,,,
VVAL,2016-02-02,60746948000112,BBDC4,484.14002024971506,484.65466811601726,BBDC4_2016-02-02_DISTRIBUTION_309,DISTRIBUTION,0,cache/market.json.gz; SQLite corporate_actions/B3,0.0,9.186464413494475,,,
VVAL,2016-02-19,60872504000123,ITUB4,280.238546864515,287.7947110618013,ITUB4_2016-02-19_DISTRIBUTION_269;ITUB4_2016-02-19_DISTRIBUTION_270,DISTRIBUTION,0,cache/market.json.gz; SQLite corporate_actions/B3,0.0,183.3881050681386,,,
VVAL,2016-03-01,60872504000123,ITUB4,287.7947110618013,287.9571234269603,ITUB4_2016-03-01_DISTRIBUTION_268,DISTRIBUTION,0,cache/market.json.gz; SQLite corporate_actions/B3,0.0,4.31692066592702,,,
VVAL,2016-03-02,60746948000112,BBDC4,487.2569487574128,487.6696990938679,BBDC4_2016-03-02_DISTRIBUTION_308,DISTRIBUTION,0,cache/market.json.gz; SQLite corporate_actions/B3,0.0,9.245607536594694,,,
VVAL,2016-03-03,00000000000191,BBAS3,528.3023118831666,531.1829412472895,CONT_248_BBAS3_2016-03-03;CONT_249_BBAS3_2016-03-03,DISTRIBUTION,0,cache/market.json.gz; B3,0.0,47.84725373808215,,,
VVAL,2016-03-14,00000000000191,BBAS3,531.1829412472895,533.534621856368,CONT_247_BBAS3_2016-03-14,DISTRIBUTION,0,cache/market.json.gz; B3,0.0,52.20730952154201,,,
VVAL,2016-03-30,02149205000169,PSSA3,395.8335796012132,397.84913300596924,CONT_2159_PSSA3_2016-03-30,DISTRIBUTION,0,cache/market.json.gz; B3,0.0,56.032384652217374,,,
VVAL,2016-04-01,60872504000123,ITUB4,309.69418488012656,309.8420808614447,ITUB4_2016-04-01_DISTRIBUTION_267,DISTRIBUTION,0,cache/market.json.gz; SQLite corporate_actions/B3,0.0,4.645412773201898,,,
VVAL,2016-04-04,60746948000112,BBDC4,487.6696990938679,488.0179655370517,BBDC4_2016-04-04_DISTRIBUTION_307,DISTRIBUTION,0,cache/market.json.gz; SQLite corporate_actions/B3,0.0,9.253439395393617,,,
VVAL,2016-04-06,43776517000180,SBSP3,681.6369626216838,688.2018719718346,CONT_2263_SBSP3_2016-04-06,DISTRIBUTION,0,cache/market.json.gz; B3,0.0,149.48298590293524,,,
VVAL,2016-04-14,03983431000103,ENBR3,1236.4069780643308,1298.858164784319,CONT_1108_ENBR3_2016-04-14,DISTRIBUTION,0,cache/market.json.gz; B3,0.0,749.4142406398556,,,
VVAL,2016-04-18,60746948000112,BBDC4,488.0179655370517,536.8197620907569,BBDC4_2016-04-18_SHARES_668,SHARES,0,originals/bradesco_remuneracao.html.gz; owned_capital_events_fre.json; SEC 6K 20150317/20160404/20180319/20200403,0.0,0.0,,,
VVAL,2016-04-29,76483817000120,CPLE6,407.36218589785153,425.41692116848424,CONT_923_CPLE6_2016-04-29;CONT_924_CPLE6_2016-04-29,DISTRIBUTION,0,cache/market.json.gz; B3,0.0,511.1295555116112,,,
VVAL,2016-04-29,02998609000127,TIET11,756.4121821922095,821.583423211597,CONT_2619_TIET11_2016-04-29,DISTRIBUTION,0,cache/market.json.gz; B3,0.0,920.2179231937524,,,
VVAL,2016-05-02,02429144000193,CPFE3,643.041231284528,665.9598634510934,CONT_847_CPFE3_2016-05-02;CPFE_BONUS_20160502,DISTRIBUTION;SHARES,0,b00s_initial_capital_events_fre.json; FRE 2.50757045% approved 2016-04-29;cache/market.json.gz; B3,0.0,133.0249588779526,,,
VVAL,2016-05-02,60872504000123,ITUB4,330.3159516465057,330.47102955807685,ITUB4_2016-05-02_DISTRIBUTION_266,DISTRIBUTION,0,cache/market.json.gz; SQLite corporate_actions/B3,0.0,4.954739274697586,,,
VVAL,2016-05-03,60746948000112,BBDC4,536.8197620907569,537.2298286146336,BBDC4_2016-05-03_DISTRIBUTION_306,DISTRIBUTION,0,cache/market.json.gz; SQLite corporate_actions/B3,0.0,10.18605245309755,,,
VVAL,2016-05-09,02998609000127,TIET11,850.2452854086637,864.5344795775301,CONT_2618_TIET11_2016-05-09,DISTRIBUTION,0,cache/market.json.gz; B3,0.0,199.33425865568654,,,
VVAL,2016-05-11,02474103000119,TBLE3,355.7733273459194,358.89573353432667,TBLE3_2016-05-11_DISTRIBUTION_366,DISTRIBUTION,0,cache/market.json.gz; SQLite corporate_actions/B3,0.0,114.18639431005293,,,
VVAL,2016-05-12,17281106000103,CSMG3,759.785090652607,766.020795179126,CONT_992_CSMG3_2016-05-12,DISTRIBUTION,0,cache/market.json.gz; B3,0.0,157.38918224934034,,,
VVAL,2016-05-24,00000000000191,BBAS3,569.6364529559796,574.4018208753387,CONT_246_BBAS3_2016-05-24,DISTRIBUTION,0,cache/market.json.gz; B3,0.0,76.1505793513574,,,
VVAL,2016-06-01,60872504000123,ITUB4,347.3641542354175,347.5409598789035,ITUB4_2016-06-01_DISTRIBUTION_265,DISTRIBUTION,0,cache/market.json.gz; SQLite corporate_actions/B3,0.0,5.210462313531263,,,
VVAL,2016-06-02,60746948000112,BBDC4,540.7881210944252,541.2165700007815,BBDC4_2016-06-02_DISTRIBUTION_305,DISTRIBUTION,0,cache/market.json.gz; SQLite corporate_actions/B3,0.0,10.261351307235588,,,
VVAL,2016-06-14,00000000000191,BBAS3,605.9203879540789,611.1015571959302,CONT_245_BBAS3_2016-06-14,DISTRIBUTION,0,cache/market.json.gz; B3,0.0,83.46863648622437,,,
VVAL,2016-06-23,60746948000112,BBDC4,541.2165700007815,545.2491879658429,BBDC4_2016-06-23_DISTRIBUTION_304,DISTRIBUTION,0,cache/market.json.gz; SQLite corporate_actions/B3,0.0,102.71077957011403,,,
VVAL,2016-07-01,60872504000123,ITUB4,499.30270244563746,499.5450039835438,ITUB4_2016-07-01_DISTRIBUTION_264,DISTRIBUTION,0,cache/market.json.gz; SQLite corporate_actions/B3,0.0,7.4895405366845615,,,
VVAL,2016-07-04,60746948000112,BBDC4,619.829784342623,620.2872387094225,BBDC4_2016-07-04_DISTRIBUTION_303,DISTRIBUTION,0,cache/market.json.gz; SQLite corporate_actions/B3,0.0,11.761151770412463,,,
VVAL,2016-08-01,60872504000123,ITUB4,505.7286245451224,505.95554435870827,ITUB4_2016-08-01_DISTRIBUTION_263,DISTRIBUTION,0,cache/market.json.gz; SQLite corporate_actions/B3,0.0,7.585929368176836,,,
VVAL,2016-08-02,60746948000112,BBDC4,629.5924299845794,630.0186303451504,BBDC4_2016-08-02_DISTRIBUTION_302,DISTRIBUTION,0,cache/market.json.gz; SQLite corporate_actions/B3,0.0,11.946396106803267,,,
VVAL,2016-08-09,02474103000119,TBLE3,419.96087755914317,429.93939431902214,TBLE3_2016-08-09_DISTRIBUTION_365,DISTRIBUTION,0,cache/market.json.gz; SQLite corporate_actions/B3,0.0,415.1062972109653,,,
VVAL,2016-08-15,60872504000123,ITUB4,522.1619133499264,527.898218510351,ITUB4_2016-08-15_DISTRIBUTION_262,DISTRIBUTION,0,cache/market.json.gz; SQLite corporate_actions/B3,0.0,208.34260342662066,,,
VVAL,2016-08-23,00000000000191,BBAS3,896.9906960774968,902.5508225683697,CONT_243_BBAS3_2016-08-23;CONT_244_BBAS3_2016-08-23,DISTRIBUTION,0,cache/market.json.gz; B3,0.0,125.54765616391137,,,
VVAL,2016-09-01,60872504000123,ITUB4,527.898218510351,528.1170213088493,ITUB4_2016-09-01_DISTRIBUTION_261,DISTRIBUTION,0,cache/market.json.gz; SQLite corporate_actions/B3,0.0,7.918473277655264,,,
VVAL,2016-09-02,60746948000112,BBDC4,640.9679451782409,641.3789706711399,BBDC4_2016-09-02_DISTRIBUTION_301,DISTRIBUTION,0,cache/market.json.gz; SQLite corporate_actions/B3,0.0,12.162244334879592,,,
VVAL,2016-09-08,92702067000196,BRSR6,1685.873590860182,1713.5661494440624,CONT_691_BRSR6_2016-09-08,DISTRIBUTION,0,cache/market.json.gz; B3,0.0,321.7875307446887,,,
VVAL,2016-09-13,00000000000191,BBAS3,902.5508225683697,907.7443678523501,CONT_242_BBAS3_2016-09-13,DISTRIBUTION,0,cache/market.json.gz; B3,0.0,114.30993170040982,,,
VVAL,2016-10-03,60746948000112,BBDC4,641.3789706711399,654.9048934331636,BBDC4_2016-10-03_DISTRIBUTION_300,DISTRIBUTION,0,cache/market.json.gz; SQLite corporate_actions/B3,0.0,402.9372390806867,,,
VVAL,2016-10-03,60872504000123,ITUB4,528.1170213088493,528.3349513038874,ITUB4_2016-10-03_DISTRIBUTION_260,DISTRIBUTION,0,cache/market.json.gz; SQLite corporate_actions/B3,0.0,7.921755319632739,,,
VVAL,2016-10-04,60746948000112,BBDC4,657.4781575259194,657.8912542961422,BBDC4_2016-10-04_DISTRIBUTION_299,DISTRIBUTION,0,cache/market.json.gz; SQLite corporate_actions/B3,0.0,12.475522460726232,,,
VVAL,2016-10-18,60872504000123,ITUB4,533.1326843681337,586.4459528049472,ITUB4_2016-10-18_SHARES_663,SHARES,0,https://www.itau.com.br/relacoes-com-investidores/informacoes-ao-mercado/recompra/; owned_capital_events_fre.json; B3,0.0,0.0,,,
VVAL,2016-10-28,02149205000169,PSSA3,634.6244821437826,657.3048902067878,CONT_2158_PSSA3_2016-10-28,DISTRIBUTION,0,cache/market.json.gz; B3,0.0,689.4844051153573,,,
VVAL,2016-11-01,60872504000123,ITUB4,586.4459528049472,586.6821055376203,ITUB4_2016-11-01_DISTRIBUTION_259,DISTRIBUTION,0,cache/market.json.gz; SQLite corporate_actions/B3,0.0,8.796689292074207,,,
VVAL,2016-11-03,60746948000112,BBDC4,660.2536550821071,660.6492403993391,BBDC4_2016-11-03_DISTRIBUTION_298,DISTRIBUTION,0,cache/market.json.gz; SQLite corporate_actions/B3,0.0,12.528186996734862,,,
VVAL,2016-11-11,02474103000119,TBLE3,484.88307835116865,494.02328732225345,TBLE3_2016-11-11_DISTRIBUTION_364,DISTRIBUTION,0,cache/market.json.gz; SQLite corporate_actions/B3,0.0,321.27834533363125,,,
VVAL,2016-11-22,00000000000191,BBAS3,907.7443678523501,911.2340282084489,CONT_241_BBAS3_2016-11-22,DISTRIBUTION,0,cache/market.json.gz; B3,0.0,99.73449297730035,,,
VVAL,2016-12-01,60872504000123,ITUB4,586.6821055376203,586.942467418776,ITUB4_2016-12-01_DISTRIBUTION_258,DISTRIBUTION,0,cache/market.json.gz; SQLite corporate_actions/B3,0.0,8.800231583064303,,,
VVAL,2016-12-02,60746948000112,BBDC4,667.9725699337591,668.4169826943388,BBDC4_2016-12-02_DISTRIBUTION_297,DISTRIBUTION,0,cache/market.json.gz; SQLite corporate_actions/B3,0.0,12.674651931732221,,,
VVAL,2016-12-13,00000000000191,BBAS3,911.2340282084489,913.9396509678353,CONT_240_BBAS3_2016-12-13,DISTRIBUTION,0,cache/market.json.gz; B3,0.0,70.10268569570249,,,
VVAL,2016-12-15,92702067000196,BRSR6,1763.2463419699288,1770.1090337641926,CONT_690_BRSR6_2016-12-15,DISTRIBUTION,0,cache/market.json.gz; B3,0.0,73.29354836273741,,,
VVAL,2016-12-21,02149205000169,PSSA3,680.7057587388938,683.3654287056844,CONT_2157_PSSA3_2016-12-21,DISTRIBUTION,0,cache/market.json.gz; B3,0.0,68.11414784950625,,,
VVAL,2016-12-22,60746948000112,BBDC4,668.4169826943388,675.4733073071062,BBDC4_2016-12-22_DISTRIBUTION_296,DISTRIBUTION,0,cache/market.json.gz; SQLite corporate_actions/B3,0.0,188.7566833915279,,,
VVAL,2016-12-23,60872504000123,ITUB4,586.942467418776,595.4637079220471,ITUB4_2016-12-23_DISTRIBUTION_257,DISTRIBUTION,0,cache/market.json.gz; SQLite corporate_actions/B3,0.0,276.684679141211,,,
VVAL,2016-12-29,03983431000103,ENBR3,1365.4037633297146,1420.8830579277242,CONT_1107_ENBR3_2016-12-29,DISTRIBUTION,0,cache/market.json.gz; B3,0.0,743.4225476133284,,,
VVAL,2017-01-02,60872504000123,ITUB4,595.4637079220471,595.7300949073984,ITUB4_2017-01-02_DISTRIBUTION_256,DISTRIBUTION,0,cache/market.json.gz; SQLite corporate_actions/B3,0.0,8.931955618830706,,,
VVAL,2017-01-03,60746948000112,BBDC4,681.1233902540778,681.5541964619279,BBDC4_2017-01-03_DISTRIBUTION_623,DISTRIBUTION,0,https://www.bradescori.com.br/informacoes-ao-mercado/remuneracao-aos-acionistas/,0.0,12.924186235503587,,,
VVAL,2017-01-13,02429144000193,CPFE3,821.9358252111113,829.0478483107461,CONT_846_CPFE3_2017-01-13,DISTRIBUTION,0,cache/market.json.gz; B3,0.0,179.08074164880549,,,
VVAL,2017-02-01,60872504000123,ITUB4,597.431961412653,597.6701719235831,ITUB4_2017-02-01_DISTRIBUTION_255,DISTRIBUTION,0,cache/market.json.gz; SQLite corporate_actions/B3,0.0,8.961479421189795,,,
VVAL,2017-02-02,60746948000112,BBDC4,684.8893347268228,685.3058617881234,BBDC4_2017-02-02_DISTRIBUTION_624,DISTRIBUTION,0,https://www.bradescori.com.br/informacoes-ao-mercado/remuneracao-aos-acionistas/,0.0,12.995644312578529,,,
VVAL,2017-02-21,60872504000123,ITUB4,599.1769465465252,610.550307730177,ITUB4_2017-02-21_DISTRIBUTION_254,DISTRIBUTION,0,cache/market.json.gz; SQLite corporate_actions/B3,0.0,464.60180435217563,,,
VVAL,2017-03-01,60872504000123,ITUB4,610.550307730177,610.7795506492246,ITUB4_2017-03-01_DISTRIBUTION_253,DISTRIBUTION,0,cache/market.json.gz; SQLite corporate_actions/B3,0.0,9.158254615952655,,,
VVAL,2017-03-02,60746948000112,BBDC4,691.6436304615956,692.0413215459615,BBDC4_2017-03-02_DISTRIBUTION_625,DISTRIBUTION,0,https://www.bradescori.com.br/informacoes-ao-mercado/remuneracao-aos-acionistas/,0.0,13.123805784075358,,,
VVAL,2017-03-02,00000000000191,BBAS3,913.9396509678353,914.6515471194282,CONT_238_BBAS3_2017-03-02;CONT_239_BBAS3_2017-03-02,DISTRIBUTION,0,cache/market.json.gz; B3,0.0,23.677666001979713,,,
VVAL,2017-03-14,00000000000191,BBAS3,914.6515471194282,916.5967109530951,CONT_237_BBAS3_2017-03-14,DISTRIBUTION,0,cache/market.json.gz; B3,0.0,65.96050559964534,,,
VVAL,2017-03-14,92702067000196,BRSR6,1796.12389067037,1819.0179083601324,CONT_689_BRSR6_2017-03-14,DISTRIBUTION,0,cache/market.json.gz; B3,0.0,356.0019750758052,,,
VVAL,2017-04-03,60872504000123,ITUB4,611.0044229674876,611.2423530387366,ITUB4_2017-04-03_DISTRIBUTION_252,DISTRIBUTION,0,cache/market.json.gz; SQLite corporate_actions/B3,0.0,9.165066344512313,,,
VVAL,2017-04-04,60746948000112,BBDC4,698.8321578922581,699.2368025892085,BBDC4_2017-04-04_DISTRIBUTION_626,DISTRIBUTION,0,https://www.bradescori.com.br/informacoes-ao-mercado/remuneracao-aos-acionistas/,0.0,13.26020671906344,,,
VVAL,2017-04-11,43776517000180,SBSP3,704.2299520156987,730.4979472537332,CONT_2262_SBSP3_2017-04-11,DISTRIBUTION,0,cache/market.json.gz; B3,0.0,848.4562461885139,,,
VVAL,2017-05-02,60746948000112,BBDC4,699.2368025892085,769.1604828481295,BBDC4_2017-05-02_SHARES_669,SHARES,0,originals/bradesco_remuneracao.html.gz; owned_capital_events_fre.json; SEC 6K 20150317/20160404/20180319/20200403,0.0,0.0,,,
VVAL,2017-05-02,76483817000120,CPLE6,669.4087452140266,715.5414524347302,CONT_921_CPLE6_2017-05-02;CONT_922_CPLE6_2017-05-02,DISTRIBUTION,0,cache/market.json.gz; B3,0.0,1300.9423436238435,,,
VVAL,2017-05-02,60872504000123,ITUB4,613.1583829859933,613.388030320445,ITUB4_2017-05-02_DISTRIBUTION_251,DISTRIBUTION,0,cache/market.json.gz; SQLite corporate_actions/B3,0.0,9.197375744789898,,,
VVAL,2017-05-03,60746948000112,BBDC4,770.5667091205752,771.0360945500237,BBDC4_2017-05-03_DISTRIBUTION_627,DISTRIBUTION,0,https://www.bradescori.com.br/informacoes-ao-mercado/remuneracao-aos-acionistas/,0.0,14.621356127321471,,,
VVAL,2017-05-05,92702067000196,BRSR6,1819.0179083601324,1823.9139793636184,CONT_688_BRSR6_2017-05-05,DISTRIBUTION,0,cache/market.json.gz; B3,0.0,74.17547570281148,,,
VVAL,2017-05-16,92702067000196,BRSR6,1823.9139793636184,1847.156915491436,CONT_687_BRSR6_2017-05-16,DISTRIBUTION,0,cache/market.json.gz; B3,0.0,364.4492384841776,,,
VVAL,2017-05-23,00000000000191,BBAS3,916.5967109530951,922.7796552896848,CONT_236_BBAS3_2017-05-23,DISTRIBUTION,0,cache/market.json.gz; B3,0.0,167.68145040831126,,,
VVAL,2017-05-30,02474103000119,TBLE3,590.5323678337987,601.7119548285061,TBLE3_2017-05-30_DISTRIBUTION_363,DISTRIBUTION,0,cache/market.json.gz; SQLite corporate_actions/B3,0.0,370.6033088745514,,,
VVAL,2017-06-01,60872504000123,ITUB4,613.388030320445,613.6499381045271,ITUB4_2017-06-01_DISTRIBUTION_250,DISTRIBUTION,0,cache/market.json.gz; SQLite corporate_actions/B3,0.0,9.200820454806674,,,
VVAL,2017-06-02,60746948000112,BBDC4,785.2743805349367,785.8268622324986,BBDC4_2017-06-02_DISTRIBUTION_628,DISTRIBUTION,0,https://www.bradescori.com.br/informacoes-ao-mercado/remuneracao-aos-acionistas/,0.0,14.90043138324374,,,
VVAL,2017-06-13,00000000000191,BBAS3,922.7796552896848,925.4258604557926,CONT_235_BBAS3_2017-06-13,DISTRIBUTION,0,cache/market.json.gz; B3,0.0,72.50602155135357,,,
VVAL,2017-07-03,60746948000112,BBDC4,824.9707818173824,829.688961909306,BBDC4_2017-07-03_DISTRIBUTION_629,DISTRIBUTION,0,https://www.bradescori.com.br/informacoes-ao-mercado/remuneracao-aos-acionistas/,0.0,133.0526785922456,,,
VVAL,2017-07-03,02149205000169,PSSA3,762.3041243580168,781.3877076019484,CONT_2156_PSSA3_2017-07-03,DISTRIBUTION,0,cache/market.json.gz; B3,0.0,574.415855642339,,,
VVAL,2017-07-03,60872504000123,ITUB4,633.682063096654,633.9384069733112,ITUB4_2017-07-03_DISTRIBUTION_249,DISTRIBUTION,0,cache/market.json.gz; SQLite corporate_actions/B3,0.0,9.50523094644981,,,
VVAL,2017-07-03,76484013000145,SAPR4,1955.1034864175137,2014.2181538161292,CONT_2241_SAPR4_2017-07-03,DISTRIBUTION,0,cache/market.json.gz; B3,0.0,638.4384079050467,,,
VVAL,2017-07-04,60746948000112,BBDC4,836.3825293225416,836.9449034807568,BBDC4_2017-07-04_DISTRIBUTION_630,DISTRIBUTION,0,https://www.bradescori.com.br/informacoes-ao-mercado/remuneracao-aos-acionistas/,0.0,15.870198744832125,,,
VVAL,2017-08-01,60872504000123,ITUB4,637.5006543684352,637.7490312467606,ITUB4_2017-08-01_DISTRIBUTION_248,DISTRIBUTION,0,cache/market.json.gz; SQLite corporate_actions/B3,0.0,9.562509815526528,,,
VVAL,2017-08-02,60746948000112,BBDC4,836.9449034807568,837.4578514680653,BBDC4_2017-08-02_DISTRIBUTION_631,DISTRIBUTION,0,https://www.bradescori.com.br/informacoes-ao-mercado/remuneracao-aos-acionistas/,0.0,15.880869687070794,,,
VVAL,2017-08-10,02474103000119,TBLE3,694.8514056738591,724.1190071064635,TBLE3_2017-08-10_DISTRIBUTION_362,DISTRIBUTION,0,cache/market.json.gz; SQLite corporate_actions/B3,0.0,999.4885889234422,,,
VVAL,2017-08-15,60872504000123,ITUB4,643.0683102882567,649.5265095282521,ITUB4_2017-08-15_DISTRIBUTION_247,DISTRIBUTION,0,cache/market.json.gz; SQLite corporate_actions/B3,0.0,256.58425580501444,,,
VVAL,2017-08-15,92702067000196,BRSR6,1847.156915491436,1871.2601728633301,CONT_686_BRSR6_2017-08-15,DISTRIBUTION,0,cache/market.json.gz; B3,0.0,375.04668470667366,,,
VVAL,2017-08-22,00000000000191,BBAS3,925.4258604557926,931.336068264878,CONT_233_BBAS3_2017-08-22;CONT_234_BBAS3_2017-08-22,DISTRIBUTION,0,cache/market.json.gz; B3,0.0,189.0675478126397,,,
VVAL,2017-09-01,60872504000123,ITUB4,649.5265095282521,649.7631024773274,ITUB4_2017-09-01_DISTRIBUTION_246,DISTRIBUTION,0,cache/market.json.gz; SQLite corporate_actions/B3,0.0,9.742897642923781,,,
VVAL,2017-09-04,60746948000112,BBDC4,837.4578514680653,837.9218106732378,BBDC4_2017-09-04_DISTRIBUTION_632,DISTRIBUTION,0,https://www.bradescori.com.br/informacoes-ao-mercado/remuneracao-aos-acionistas/,0.0,15.890602777156907,,,
VVAL,2017-09-12,00000000000191,BBAS3,931.336068264878,933.4647020781355,CONT_232_BBAS3_2017-09-12,DISTRIBUTION,0,cache/market.json.gz; B3,0.0,71.05379668653413,,,
VVAL,2017-10-02,60872504000123,ITUB4,652.0957368507117,652.321063642989,ITUB4_2017-10-02_DISTRIBUTION_245,DISTRIBUTION,0,cache/market.json.gz; SQLite corporate_actions/B3,0.0,9.781436052760675,,,
VVAL,2017-10-03,60746948000112,BBDC4,837.9218106732378,838.3526888931418,BBDC4_2017-10-03_DISTRIBUTION_633,DISTRIBUTION,0,https://www.bradescori.com.br/informacoes-ao-mercado/remuneracao-aos-acionistas/,0.0,15.899406314458847,,,
VVAL,2017-10-31,02149205000169,PSSA3,790.8727294285416,807.4631991016462,CONT_2155_PSSA3_2017-10-31,DISTRIBUTION,0,cache/market.json.gz; B3,0.0,592.4456720265648,,,
VVAL,2017-11-01,60872504000123,ITUB4,652.321063642989,652.5578121538683,ITUB4_2017-11-01_DISTRIBUTION_244,DISTRIBUTION,0,cache/market.json.gz; SQLite corporate_actions/B3,0.0,9.784815954644834,,,
VVAL,2017-11-03,60746948000112,BBDC4,838.3526888931418,838.8216624234008,BBDC4_2017-11-03_DISTRIBUTION_634,DISTRIBUTION,0,https://www.bradescori.com.br/informacoes-ao-mercado/remuneracao-aos-acionistas/,0.0,15.907582146383787,,,
VVAL,2017-11-10,02474103000119,TBLE3,743.0092802874991,756.3206768627313,TBLE3_2017-11-10_DISTRIBUTION_361,DISTRIBUTION,0,cache/market.json.gz; SQLite corporate_actions/B3,0.0,483.2036956809253,,,
VVAL,2017-11-14,92702067000196,BRSR6,1871.2601728633301,1880.9471743936656,CONT_685_BRSR6_2017-11-14,DISTRIBUTION,0,cache/market.json.gz; B3,0.0,137.26481168485302,,,
VVAL,2017-11-22,00000000000191,BBAS3,933.4647020781355,939.8295007680299,CONT_231_BBAS3_2017-11-22,DISTRIBUTION,0,cache/market.json.gz; B3,0.0,208.38350910714394,,,
VVAL,2017-12-01,60872504000123,ITUB4,652.5578121538683,652.7952210110672,ITUB4_2017-12-01_DISTRIBUTION_243,DISTRIBUTION,0,cache/market.json.gz; SQLite corporate_actions/B3,0.0,9.788367182308024,,,
VVAL,2017-12-04,60746948000112,BBDC4,838.8216624234008,839.30237764024,BBDC4_2017-12-04_DISTRIBUTION_635,DISTRIBUTION,0,https://www.bradescori.com.br/informacoes-ao-mercado/remuneracao-aos-acionistas/,0.0,15.916480829546506,,,
VVAL,2017-12-12,00000000000191,BBAS3,939.8295007680299,942.3096062412542,CONT_230_BBAS3_2017-12-12,DISTRIBUTION,0,cache/market.json.gz; B3,0.0,77.62730131192158,,,
VVAL,2017-12-15,60872504000123,ITUB4,652.7952210110672,655.0908868527829,ITUB4_2017-12-15_DISTRIBUTION_242,DISTRIBUTION,0,cache/market.json.gz; SQLite corporate_actions/B3,0.0,94.3289094360992,,,
VVAL,2017-12-26,60746948000112,BBDC4,839.30237764024,860.2134058920263,BBDC4_2017-12-26_DISTRIBUTION_636,DISTRIBUTION,0,https://www.bradescori.com.br/informacoes-ao-mercado/remuneracao-aos-acionistas/,0.0,696.5463510670032,,,
VVAL,2017-12-27,03983431000103,ENBR3,1772.5368651527892,1788.2977537968418,CONT_1106_ENBR3_2017-12-27,DISTRIBUTION,0,cache/market.json.gz; B3,0.0,212.61438780826927,,,
VVAL,2018-01-02,76483817000120,CPLE6,1009.9316306213871,1052.6282713056698,CONT_920_CPLE6_2018-01-02,DISTRIBUTION,0,cache/market.json.gz; B3,0.0,1028.9890404912126,,,
VVAL,2018-01-02,60872504000123,ITUB4,655.0908868527829,655.3148240292367,ITUB4_2018-01-02_DISTRIBUTION_241,DISTRIBUTION,0,cache/market.json.gz; SQLite corporate_actions/B3,0.0,9.826363302791743,,,
VVAL,2018-01-02,76484013000145,SAPR4,2397.7860024660345,2467.1148883813976,CONT_2240_SAPR4_2018-01-02,DISTRIBUTION,0,cache/market.json.gz; B3,0.0,783.4164108436021,,,
VVAL,2018-01-03,60746948000112,BBDC4,860.2134058920263,860.6832500220218,BBDC4_2018-01-03_DISTRIBUTION_609,DISTRIBUTION,0,https://www.bradescori.com.br/informacoes-ao-mercado/remuneracao-aos-acionistas/,0.0,16.322385076040675,,,
VVAL,2018-01-05,92702067000196,BRSR6,1893.1610245102902,1931.6440225534725,CONT_684_BRSR6_2018-01-05,DISTRIBUTION,0,cache/market.json.gz; B3,0.0,574.5511607847126,,,
VVAL,2018-02-01,60872504000123,ITUB4,655.3148240292367,655.5020211795021,ITUB4_2018-02-01_DISTRIBUTION_240,DISTRIBUTION,0,cache/market.json.gz; SQLite corporate_actions/B3,0.0,9.82972236043855,,,
VVAL,2018-02-02,60746948000112,BBDC4,860.6832500220218,861.108322907984,BBDC4_2018-02-02_DISTRIBUTION_610,DISTRIBUTION,0,https://www.bradescori.com.br/informacoes-ao-mercado/remuneracao-aos-acionistas/,0.0,16.331300278667108,,,
VVAL,2018-02-16,60872504000123,ITUB4,655.5020211795021,682.746041835489,ITUB4_2018-02-16_DISTRIBUTION_238;ITUB4_2018-02-16_DISTRIBUTION_239,DISTRIBUTION,0,cache/market.json.gz; SQLite corporate_actions/B3,0.0,1384.8135699438162,,,
VVAL,2018-02-27,92702067000196,BRSR6,1931.6440225534725,1953.8042331846614,CONT_683_BRSR6_2018-02-27,DISTRIBUTION,0,cache/market.json.gz; B3,0.0,399.1053934677113,,,
VVAL,2018-03-01,60872504000123,ITUB4,682.746041835489,682.9464173124511,ITUB4_2018-03-01_DISTRIBUTION_237,DISTRIBUTION,0,cache/market.json.gz; SQLite corporate_actions/B3,0.0,10.241190627532335,,,
VVAL,2018-03-02,60746948000112,BBDC4,861.108322907984,861.5249309129684,BBDC4_2018-03-02_DISTRIBUTION_611,DISTRIBUTION,0,https://www.bradescori.com.br/informacoes-ao-mercado/remuneracao-aos-acionistas/,0.0,16.33936595548932,,,
VVAL,2018-03-02,00000000000191,BBAS3,942.3096062412542,947.7953432885611,CONT_228_BBAS3_2018-03-02;CONT_229_BBAS3_2018-03-02,DISTRIBUTION,0,cache/market.json.gz; B3,0.0,231.4981033963526,,,
VVAL,2018-03-13,00000000000191,BBAS3,947.7953432885611,949.6026816653576,CONT_227_BBAS3_2018-03-13,DISTRIBUTION,0,cache/market.json.gz; B3,0.0,77.44444944573458,,,
VVAL,2018-04-02,60746948000112,BBDC4,861.5249309129684,947.6774240042654,BBDC4_2018-04-02_SHARES_670,SHARES,0,originals/bradesco_remuneracao.html.gz; owned_capital_events_fre.json; SEC 6K 20150317/20160404/20180319/20200403,0.0,0.0,,,
VVAL,2018-04-02,02149205000169,PSSA3,807.4631991016462,808.9259279640555,CONT_2154_PSSA3_2018-04-02,DISTRIBUTION,0,cache/market.json.gz; B3,0.0,68.74825653324122,,,
VVAL,2018-04-02,60872504000123,ITUB4,682.9464173124511,683.1470871706232,ITUB4_2018-04-02_DISTRIBUTION_236,DISTRIBUTION,0,cache/market.json.gz; SQLite corporate_actions/B3,0.0,10.244196259686767,,,
VVAL,2018-04-03,60746948000112,BBDC4,947.6774240042654,948.1774795691734,BBDC4_2018-04-03_DISTRIBUTION_612,DISTRIBUTION,0,https://www.bradescori.com.br/informacoes-ao-mercado/remuneracao-aos-acionistas/,0.0,17.98199811409295,,,
VVAL,2018-04-10,03983431000103,ENBR3,1958.089030688084,2027.1558028108345,CONT_1105_ENBR3_2018-04-10,DISTRIBUTION,0,cache/market.json.gz; B3,0.0,951.0494521302753,,,
VVAL,2018-04-24,02474103000119,TBLE3,778.1702049590876,798.9678090143009,TBLE3_2018-04-24_DISTRIBUTION_360,DISTRIBUTION,0,cache/market.json.gz; SQLite corporate_actions/B3,0.0,759.1125480152848,,,
VVAL,2018-04-27,76484013000145,SAPR4,2606.860579739941,2610.1688122372284,CONT_2239_SAPR4_2018-04-27,DISTRIBUTION,0,cache/market.json.gz; B3,0.0,34.83568819643919,,,
VVAL,2018-04-30,02429144000193,CPFE3,1162.4850133821215,1175.713002770435,CONT_845_CPFE3_2018-04-30,DISTRIBUTION,0,cache/market.json.gz; B3,0.0,319.9850633033013,,,
VVAL,2018-04-30,43776517000180,SBSP3,820.8194053688761,844.8603559846005,CONT_2261_SBSP3_2018-04-30,DISTRIBUTION,0,cache/market.json.gz; B3,0.0,845.2798236488686,,,
VVAL,2018-05-02,60872504000123,ITUB4,683.1470871706232,683.3575020845361,ITUB4_2018-05-02_DISTRIBUTION_235,DISTRIBUTION,0,cache/market.json.gz; SQLite corporate_actions/B3,0.0,10.247206307559347,,,
VVAL,2018-05-03,60746948000112,BBDC4,948.1774795691734,948.7231722162139,BBDC4_2018-05-03_DISTRIBUTION_613,DISTRIBUTION,0,https://www.bradescori.com.br/informacoes-ao-mercado/remuneracao-aos-acionistas/,0.0,17.991486572926465,,,
VVAL,2018-05-04,92702067000196,BRSR6,1953.8042331846614,1959.013961445038,CONT_682_BRSR6_2018-05-04,DISTRIBUTION,0,cache/market.json.gz; B3,0.0,96.48416738217284,,,
VVAL,2018-05-15,92702067000196,BRSR6,1959.013961445038,1983.3221598857401,CONT_681_BRSR6_2018-05-15,DISTRIBUTION,0,cache/market.json.gz; B3,0.0,422.9626528682166,,,
VVAL,2018-05-22,00000000000191,BBAS3,949.6026816653576,955.8734258066775,CONT_226_BBAS3_2018-05-22,DISTRIBUTION,0,cache/market.json.gz; B3,0.0,203.17211017876403,,,
VVAL,2018-05-29,02149205000169,PSSA3,808.9259279640555,838.7773315933828,CONT_2153_PSSA3_2018-05-29,DISTRIBUTION,0,cache/market.json.gz; B3,0.0,1251.0723261051028,,,
VVAL,2018-06-01,60872504000123,ITUB4,683.3575020845361,683.5914218136842,ITUB4_2018-06-01_DISTRIBUTION_234,DISTRIBUTION,0,cache/market.json.gz; SQLite corporate_actions/B3,0.0,10.250362531268042,,,
VVAL,2018-06-04,60746948000112,BBDC4,952.6651571780105,953.2643165879676,BBDC4_2018-06-04_DISTRIBUTION_614,DISTRIBUTION,0,https://www.bradescori.com.br/informacoes-ao-mercado/remuneracao-aos-acionistas/,0.0,18.07663939840773,,,
VVAL,2018-06-12,00000000000191,BBAS3,955.8734258066775,958.6076458100295,CONT_225_BBAS3_2018-06-12,DISTRIBUTION,0,cache/market.json.gz; B3,0.0,73.79659789046966,,,
VVAL,2018-06-18,76483817000120,CPLE6,1146.3098737006333,1151.099564190095,CONT_919_CPLE6_2018-06-18,DISTRIBUTION,0,cache/market.json.gz; B3,0.0,103.12203623810896,,,
VVAL,2018-06-28,02149205000169,PSSA3,838.7773315933828,853.931321373412,CONT_2152_PSSA3_2018-06-28,DISTRIBUTION,0,cache/market.json.gz; B3,0.0,593.4302397859415,,,
VVAL,2018-07-02,60746948000112,BBDC4,953.2643165879676,960.0758247179845,BBDC4_2018-07-02_DISTRIBUTION_615,DISTRIBUTION,0,https://www.bradescori.com.br/informacoes-ao-mercado/remuneracao-aos-acionistas/,0.0,180.8455408519463,,,
VVAL,2018-07-02,60872504000123,ITUB4,683.5914218136842,683.8455450188194,ITUB4_2018-07-02_DISTRIBUTION_233,DISTRIBUTION,0,cache/market.json.gz; SQLite corporate_actions/B3,0.0,10.253871327205262,,,
VVAL,2018-07-03,60746948000112,BBDC4,960.0758247179845,960.7320659067287,BBDC4_2018-07-03_DISTRIBUTION_616,DISTRIBUTION,0,https://www.bradescori.com.br/informacoes-ao-mercado/remuneracao-aos-acionistas/,0.0,18.217255399541234,,,
VVAL,2018-07-03,76484013000145,SAPR4,2740.8700601506002,2841.524062776199,CONT_2238_SAPR4_2018-07-03,DISTRIBUTION,0,cache/market.json.gz; B3,0.0,893.8075433153183,,,
VVAL,2018-08-01,60872504000123,ITUB4,683.8455450188194,684.0707411368278,ITUB4_2018-08-01_DISTRIBUTION_232,DISTRIBUTION,0,cache/market.json.gz; SQLite corporate_actions/B3,0.0,10.25768317528229,,,
VVAL,2018-08-02,60746948000112,BBDC4,960.7320659067287,961.3216424737001,BBDC4_2018-08-02_DISTRIBUTION_617,DISTRIBUTION,0,https://www.bradescori.com.br/informacoes-ao-mercado/remuneracao-aos-acionistas/,0.0,18.229707450755587,,,
VVAL,2018-08-10,17344597000194,BBSE3,156.10391099099076,156.15219597825703,CONT_271_BBSE3_2018-08-10,DISTRIBUTION,0,cache/market.json.gz; B3,0.0,1.1153832058507906,,,
VVAL,2018-08-16,92702067000196,BRSR6,1983.3221598857401,2010.01860228517,CONT_680_BRSR6_2018-08-16,DISTRIBUTION,0,cache/market.json.gz; B3,0.0,428.210936086853,,,
VVAL,2018-08-20,60872504000123,ITUB4,684.0707411368278,696.121194916741,ITUB4_2018-08-20_DISTRIBUTION_230;ITUB4_2018-08-20_DISTRIBUTION_231,DISTRIBUTION,0,cache/market.json.gz; SQLite corporate_actions/B3,0.0,512.5057992597114,,,
VVAL,2018-08-21,02474103000119,TBLE3,806.8998134489185,846.9647336504954,TBLE3_2018-08-21_DISTRIBUTION_359,DISTRIBUTION,0,cache/market.json.gz; SQLite corporate_actions/B3,0.0,1416.695578327758,,,
VVAL,2018-08-22,00000000000191,BBAS3,958.6076458100295,967.2243156275957,CONT_223_BBAS3_2018-08-22;CONT_224_BBAS3_2018-08-22,DISTRIBUTION,0,cache/market.json.gz; B3,0.0,258.5000945269896,,,
VVAL,2018-09-03,60872504000123,ITUB4,696.121194916741,696.3717785002244,ITUB4_2018-09-03_DISTRIBUTION_229,DISTRIBUTION,0,cache/market.json.gz; SQLite corporate_actions/B3,0.0,10.441817923751115,,,
VVAL,2018-09-04,60746948000112,BBDC4,961.443038733465,962.1069105684121,BBDC4_2018-09-04_DISTRIBUTION_618,DISTRIBUTION,0,https://www.bradescori.com.br/informacoes-ao-mercado/remuneracao-aos-acionistas/,0.0,18.243198024347098,,,
VVAL,2018-09-12,00000000000191,BBAS3,967.2243156275957,970.2138216169717,CONT_222_BBAS3_2018-09-12,DISTRIBUTION,0,cache/market.json.gz; B3,0.0,82.68973566613958,,,
VVAL,2018-10-01,60872504000123,ITUB4,696.3717785002244,696.6112460994336,ITUB4_2018-10-01_DISTRIBUTION_228,DISTRIBUTION,0,cache/market.json.gz; SQLite corporate_actions/B3,0.0,10.445576677503366,,,
VVAL,2018-10-02,60746948000112,BBDC4,962.3896607305683,962.9983660637662,BBDC4_2018-10-02_DISTRIBUTION_619,DISTRIBUTION,0,https://www.bradescori.com.br/informacoes-ao-mercado/remuneracao-aos-acionistas/,0.0,18.261159995937334,,,
VVAL,2018-10-30,92702067000196,BRSR6,2010.01860228517,2027.9305752753357,CONT_679_BRSR6_2018-10-30,DISTRIBUTION,0,cache/market.json.gz; B3,0.0,343.9098814111837,,,
VVAL,2018-11-01,60872504000123,ITUB4,696.6112460994336,696.8204805546096,ITUB4_2018-11-01_DISTRIBUTION_227,DISTRIBUTION,0,cache/market.json.gz; SQLite corporate_actions/B3,0.0,10.449168691491504,,,
VVAL,2018-11-05,60746948000112,BBDC4,962.9983660637662,963.4919562869799,BBDC4_2018-11-05_DISTRIBUTION_620,DISTRIBUTION,0,https://www.bradescori.com.br/informacoes-ao-mercado/remuneracao-aos-acionistas/,0.0,18.272710063372045,,,
VVAL,2018-11-07,02149205000169,PSSA3,853.931321373412,866.320754317544,CONT_2151_PSSA3_2018-11-07,DISTRIBUTION,0,cache/market.json.gz; B3,0.0,657.6311006745309,,,
VVAL,2018-11-13,02474103000119,TBLE3,846.9647336504954,868.0807828564415,TBLE3_2018-11-13_DISTRIBUTION_358,DISTRIBUTION,0,cache/market.json.gz; SQLite corporate_actions/B3,0.0,846.9647336504954,,,
VVAL,2018-11-21,60872504000123,ITUB4,696.8204805546096,1045.2307208319144,ITUB4_2018-11-21_SHARES_664,SHARES,0,https://www.itau.com.br/relacoes-com-investidores/informacoes-ao-mercado/recompra/; owned_capital_events_fre.json; B3,0.0,0.0,,,
VVAL,2018-11-22,00000000000191,BBAS3,970.2595157949369,979.3595156158765,CONT_221_BBAS3_2018-11-22,DISTRIBUTION,0,cache/market.json.gz; B3,0.0,404.49499204076693,,,
VVAL,2018-11-27,02149205000169,PSSA3,866.320754317544,881.406191880312,CONT_2150_PSSA3_2018-11-27,DISTRIBUTION,0,cache/market.json.gz; B3,0.0,803.9029677199081,,,
VVAL,2018-12-03,60872504000123,ITUB4,1045.2307208319144,1045.6717464525186,ITUB4_2018-12-03_DISTRIBUTION_226,DISTRIBUTION,0,cache/market.json.gz; SQLite corporate_actions/B3,0.0,15.678460812478715,,,
VVAL,2018-12-04,60746948000112,BBDC4,963.4919562869799,963.9771493826163,BBDC4_2018-12-04_DISTRIBUTION_621,DISTRIBUTION,0,https://www.bradescori.com.br/informacoes-ao-mercado/remuneracao-aos-acionistas/,0.0,18.28207584358179,,,
VVAL,2018-12-07,92702067000196,BRSR6,2027.9305752753357,2034.9381753884502,CONT_678_BRSR6_2018-12-07,DISTRIBUTION,0,cache/market.json.gz; B3,0.0,148.70127440029017,,,
VVAL,2018-12-12,02474103000119,TBLE3,868.0807828564415,1085.100978570552,TBLE3_2018-12-12_SHARES_675,SHARES,0,originals/engie_bonus_2018_doe.pdf.gz p34; owned_capital_events_fre.json; B3 2025-11-26,0.0,0.0,,,
VVAL,2018-12-12,00000000000191,BBAS3,979.3595156158765,982.2230978060095,CONT_220_BBAS3_2018-12-12,DISTRIBUTION,0,cache/market.json.gz; B3,0.0,123.07676253191663,,,
VVAL,2018-12-12,17344597000194,BBSE3,400.4457413802488,420.38400545235845,CONT_270_BBSE3_2018-12-12,DISTRIBUTION,0,cache/market.json.gz; B3,0.0,541.5232521984971,,,
VVAL,2018-12-18,60872504000123,ITUB4,1045.6717464525186,1045.987353528612,ITUB4_2018-12-18_DISTRIBUTION_225,DISTRIBUTION,0,cache/market.json.gz; SQLite corporate_actions/B3,0.0,11.084120512396698,,,
VVAL,2018-12-26,60746948000112,BBDC4,963.9771493826163,983.2093575102423,BBDC4_2018-12-26_DISTRIBUTION_622,DISTRIBUTION,0,https://www.bradescori.com.br/informacoes-ao-mercado/remuneracao-aos-acionistas/,0.0,703.8988174711134,,,
VVAL,2018-12-27,02474103000119,TBLE3,1085.100978570552,1101.158449871401,TBLE3_2018-12-27_DISTRIBUTION_357,DISTRIBUTION,0,cache/market.json.gz; SQLite corporate_actions/B3,0.0,527.9696563719149,,,
VVAL,2018-12-27,92702067000196,BRSR6,2034.9381753884502,2045.305136347965,CONT_677_BRSR6_2018-12-27,DISTRIBUTION,0,cache/market.json.gz; B3,0.0,223.8226871159216,,,
VVAL,2018-12-28,76483817000120,CPLE6,1183.83209355841,1225.3999065456476,CONT_918_CPLE6_2018-12-28,DISTRIBUTION,0,cache/market.json.gz; B3,0.0,1269.8966867601064,,,
VVAL,2019-01-02,03983431000103,ENBR3,2118.131110232461,2226.297091883697,CONT_1104_ENBR3_2019-01-02,DISTRIBUTION,0,cache/market.json.gz; B3,0.0,1533.7936198145223,,,
VVAL,2019-01-02,60872504000123,ITUB4,1045.987353528612,1046.4114024557182,ITUB4_2019-01-02_DISTRIBUTION_224,DISTRIBUTION,0,cache/market.json.gz; SQLite corporate_actions/B3,0.0,15.689810302929178,,,
VVAL,2019-01-02,76484013000145,SAPR4,2958.799274880501,3051.0810749640113,CONT_2237_SAPR4_2019-01-02,DISTRIBUTION,0,cache/market.json.gz; B3,0.0,1010.4857109144382,,,
VVAL,2019-01-03,60746948000112,BBDC4,983.2093575102423,983.6668418105309,BBDC4_2019-01-03_DISTRIBUTION_594,DISTRIBUTION,0,https://www.bradescori.com.br/informacoes-ao-mercado/remuneracao-aos-acionistas/,0.0,18.65620976576956,,,
VVAL,2019-02-01,60872504000123,ITUB4,1046.4114024557182,1046.8158387102103,ITUB4_2019-02-01_DISTRIBUTION_223,DISTRIBUTION,0,cache/market.json.gz; SQLite corporate_actions/B3,0.0,15.696171036835771,,,
VVAL,2019-02-04,60746948000112,BBDC4,983.6668418105309,984.0755322077936,BBDC4_2019-02-04_DISTRIBUTION_595,DISTRIBUTION,0,https://www.bradescori.com.br/informacoes-ao-mercado/remuneracao-aos-acionistas/,0.0,18.664890442988035,,,
VVAL,2019-02-15,17344597000194,BBSE3,537.6916040624475,537.8217747319778,CONT_269_BBSE3_2019-02-15,DISTRIBUTION,0,cache/market.json.gz; B3,0.0,3.6031241325996586,,,
VVAL,2019-02-22,00000000000191,BBAS3,982.2230978060095,993.1736883769915,CONT_218_BBAS3_2019-02-22;CONT_219_BBAS3_2019-02-22,DISTRIBUTION,0,cache/market.json.gz; B3,0.0,581.3668534134397,,,
VVAL,2019-02-22,60872504000123,ITUB4,1049.3210489919977,1100.845403064297,ITUB4_2019-02-22_DISTRIBUTION_221;ITUB4_2019-02-22_DISTRIBUTION_222,DISTRIBUTION,0,cache/market.json.gz; SQLite corporate_actions/B3,0.0,1888.882820290495,,,
VVAL,2019-03-01,60872504000123,ITUB4,1100.845403064297,1101.3193606144107,ITUB4_2019-03-01_DISTRIBUTION_220,DISTRIBUTION,0,cache/market.json.gz; SQLite corporate_actions/B3,0.0,16.512681045964456,,,
VVAL,2019-03-06,60746948000112,BBDC4,984.0755322077936,984.5179071252353,BBDC4_2019-03-06_DISTRIBUTION_596,DISTRIBUTION,0,https://www.bradescori.com.br/informacoes-ao-mercado/remuneracao-aos-acionistas/,0.0,18.67264526521623,,,
VVAL,2019-03-08,92702067000196,BRSR6,2045.305136347965,2071.2508442665194,CONT_676_BRSR6_2019-03-08,DISTRIBUTION,0,cache/market.json.gz; B3,0.0,638.5238718756252,,,
VVAL,2019-03-12,00000000000191,BBAS3,993.1736883769915,996.0806769411574,CONT_217_BBAS3_2019-03-12,DISTRIBUTION,0,cache/market.json.gz; B3,0.0,155.0587700126085,,,
VVAL,2019-04-01,60746948000112,BBDC4,984.5179071252353,1181.4214885502822,BBDC4_2019-04-01_SHARES_671,SHARES,0,originals/bradesco_remuneracao.html.gz; owned_capital_events_fre.json; SEC 6K 20150317/20160404/20180319/20200403,0.0,0.0,,,
VVAL,2019-04-01,02149205000169,PSSA3,881.406191880312,894.1318809098174,CONT_2149_PSSA3_2019-04-01,DISTRIBUTION,0,cache/market.json.gz; B3,0.0,678.4064821629335,,,
VVAL,2019-04-01,60872504000123,ITUB4,1106.7455709463409,1107.2315540717564,ITUB4_2019-04-01_DISTRIBUTION_219,DISTRIBUTION,0,cache/market.json.gz; SQLite corporate_actions/B3,0.0,16.60118356419511,,,
VVAL,2019-04-02,60746948000112,BBDC4,1181.4214885502822,1182.0513634335005,BBDC4_2019-04-02_DISTRIBUTION_597,DISTRIBUTION,0,https://www.bradescori.com.br/informacoes-ao-mercado/remuneracao-aos-acionistas/,0.0,22.41724709373729,,,
VVAL,2019-04-17,03983431000103,ENBR3,2276.8654573856174,2285.0759599143485,CONT_1103_ENBR3_2019-04-17,DISTRIBUTION,0,cache/market.json.gz; B3,0.0,139.66064801371093,,,
VVAL,2019-04-25,76484013000145,SAPR4,3071.600342893268,3113.7952469373413,CONT_2236_SAPR4_2019-04-25,DISTRIBUTION,0,cache/market.json.gz; B3,0.0,614.357802881706,,,
VVAL,2019-04-30,76483817000120,CPLE6,1225.3999065456476,1236.6667448611465,CONT_917_CPLE6_2019-04-30,DISTRIBUTION,0,cache/market.json.gz; B3,0.0,464.19373859855676,,,
VVAL,2019-04-30,43776517000180,SBSP3,993.3242336169495,1017.8191865267803,CONT_2260_SBSP3_2019-04-30,DISTRIBUTION,0,cache/market.json.gz; B3,0.0,1151.2627867620445,,,
VVAL,2019-05-02,02429144000193,CPFE3,1245.8385311370398,1265.9200862425446,CONT_844_CPFE3_2019-05-02,DISTRIBUTION,0,cache/market.json.gz; B3,0.0,598.2295265929853,,,
VVAL,2019-05-02,60872504000123,ITUB4,1114.8146822268895,1115.3059342901506,ITUB4_2019-05-02_DISTRIBUTION_218,DISTRIBUTION,0,cache/market.json.gz; SQLite corporate_actions/B3,0.0,16.72222023340334,,,
VVAL,2019-05-02,92702067000196,BRSR6,2071.2508442665194,2074.124233996782,CONT_675_BRSR6_2019-05-02,DISTRIBUTION,0,cache/market.json.gz; B3,0.0,69.96703993189901,,,
VVAL,2019-05-03,60746948000112,BBDC4,1184.1697442819277,1184.7945884065475,BBDC4_2019-05-03_DISTRIBUTION_598,DISTRIBUTION,0,https://www.bradescori.com.br/informacoes-ao-mercado/remuneracao-aos-acionistas/,0.0,22.46939472132842,,,
VVAL,2019-05-07,02474103000119,TBLE3,1101.158449871401,1103.6114478406992,TBLE3_2019-05-07_DISTRIBUTION_356,DISTRIBUTION,0,cache/market.json.gz; SQLite corporate_actions/B3,0.0,103.5165143043848,,,
VVAL,2019-05-17,92702067000196,BRSR6,2074.124233996782,2101.8056223761637,CONT_674_BRSR6_2019-05-17,DISTRIBUTION,0,cache/market.json.gz; B3,0.0,590.7208280159995,,,
VVAL,2019-05-22,00000000000191,BBAS3,996.0806769411574,1004.5446842899175,CONT_216_BBAS3_2019-05-22,DISTRIBUTION,0,cache/market.json.gz; B3,0.0,413.2128387664672,,,
VVAL,2019-06-03,60872504000123,ITUB4,1125.1731348974859,1125.654252258474,ITUB4_2019-06-03_DISTRIBUTION_217,DISTRIBUTION,0,cache/market.json.gz; SQLite corporate_actions/B3,0.0,16.877597023462286,,,
VVAL,2019-06-04,60746948000112,BBDC4,1187.306970333077,1187.915038429877,BBDC4_2019-06-04_DISTRIBUTION_600,DISTRIBUTION,0,https://www.bradescori.com.br/informacoes-ao-mercado/remuneracao-aos-acionistas/,0.0,22.5289229864388,,,
VVAL,2019-06-06,92702067000196,BRSR6,2101.8056223761637,2108.6905923567892,CONT_673_BRSR6_2019-06-06,DISTRIBUTION,0,cache/market.json.gz; B3,0.0,164.55078253695433,,,
VVAL,2019-06-12,00000000000191,BBAS3,1004.5446842899175,1007.8327033686813,CONT_215_BBAS3_2019-06-12,DISTRIBUTION,0,cache/market.json.gz; B3,0.0,171.83187705619682,,,
VVAL,2019-06-26,02149205000169,PSSA3,894.1318809098174,906.3249657457193,CONT_2148_PSSA3_2019-06-26,DISTRIBUTION,0,cache/market.json.gz; B3,0.0,638.9176454012576,,,
VVAL,2019-07-01,60746948000112,BBDC4,1187.915038429877,1193.9063893551383,BBDC4_2019-07-01_DISTRIBUTION_599,DISTRIBUTION,0,https://www.bradescori.com.br/informacoes-ao-mercado/remuneracao-aos-acionistas/,0.0,225.4545353175809,,,
VVAL,2019-07-01,60872504000123,ITUB4,1136.0443639007235,1136.5166661584428,ITUB4_2019-07-01_DISTRIBUTION_216,DISTRIBUTION,0,cache/market.json.gz; SQLite corporate_actions/B3,0.0,17.04066545851085,,,
VVAL,2019-07-01,76484013000145,SAPR4,3124.209775589583,3201.566976321739,CONT_2235_SAPR4_2019-07-01,DISTRIBUTION,0,cache/market.json.gz; B3,0.0,1113.9436905430464,,,
VVAL,2019-07-02,60746948000112,BBDC4,1195.485868084637,1196.0870903483292,BBDC4_2019-07-02_DISTRIBUTION_601,DISTRIBUTION,0,https://www.bradescori.com.br/informacoes-ao-mercado/remuneracao-aos-acionistas/,0.0,22.684116009105182,,,
VVAL,2019-08-01,60872504000123,ITUB4,1145.808255033074,1146.3010051427498,ITUB4_2019-08-01_DISTRIBUTION_215,DISTRIBUTION,0,cache/market.json.gz; SQLite corporate_actions/B3,0.0,17.18712382549611,,,
VVAL,2019-08-02,60746948000112,BBDC4,1207.5161540434099,1208.1845434362742,BBDC4_2019-08-02_DISTRIBUTION_602,DISTRIBUTION,0,https://www.bradescori.com.br/informacoes-ao-mercado/remuneracao-aos-acionistas/,0.0,22.91238838738828,,,
VVAL,2019-08-12,17344597000194,BBSE3,858.8489955939177,859.0563371599598,CONT_268_BBSE3_2019-08-12,DISTRIBUTION,0,cache/market.json.gz; B3,0.0,6.987410775618062,,,
VVAL,2019-08-13,92702067000196,BRSR6,2108.6905923567892,2134.036951452526,CONT_672_BRSR6_2019-08-13,DISTRIBUTION,0,cache/market.json.gz; B3,0.0,577.3900602008781,,,
VVAL,2019-08-16,60872504000123,ITUB4,1159.1203314129689,1185.673804157914,ITUB4_2019-08-16_DISTRIBUTION_214,DISTRIBUTION,0,cache/market.json.gz; SQLite corporate_actions/B3,0.0,912.1117887888653,,,
VVAL,2019-08-22,00000000000191,BBAS3,1007.8327033686813,1017.4714953420424,CONT_213_BBAS3_2019-08-22;CONT_214_BBAS3_2019-08-22,DISTRIBUTION,0,cache/market.json.gz; B3,0.0,449.64964555729375,,,
VVAL,2019-09-02,60872504000123,ITUB4,1185.673804157914,1186.2047028761936,ITUB4_2019-09-02_DISTRIBUTION_213,DISTRIBUTION,0,cache/market.json.gz; SQLite corporate_actions/B3,0.0,17.78510706236871,,,
VVAL,2019-09-03,60746948000112,BBDC4,1223.0216303414923,1223.745479431904,BBDC4_2019-09-03_DISTRIBUTION_603,DISTRIBUTION,0,https://www.bradescori.com.br/informacoes-ao-mercado/remuneracao-aos-acionistas/,0.0,23.20660183859842,,,
VVAL,2019-09-12,00000000000191,BBAS3,1018.5786489912679,1023.522061040441,CONT_212_BBAS3_2019-09-12,DISTRIBUTION,0,cache/market.json.gz; B3,0.0,237.28377836031225,,,
VVAL,2019-10-01,60872504000123,ITUB4,1200.0256251937271,1200.5516446086278,ITUB4_2019-10-01_DISTRIBUTION_212,DISTRIBUTION,0,cache/market.json.gz; SQLite corporate_actions/B3,0.0,18.000384377905906,,,
VVAL,2019-10-02,60746948000112,BBDC4,1236.6791628382227,1237.409046225754,BBDC4_2019-10-02_DISTRIBUTION_605,DISTRIBUTION,0,https://www.bradescori.com.br/informacoes-ao-mercado/remuneracao-aos-acionistas/,0.0,23.465750909135174,,,
VVAL,2019-10-18,60746948000112,BBDC4,1237.409046225754,1275.623326408388,BBDC4_2019-10-18_DISTRIBUTION_604,DISTRIBUTION,0,https://www.bradescori.com.br/informacoes-ao-mercado/remuneracao-aos-acionistas/,0.0,1291.260527371201,,,
VVAL,2019-10-30,02149205000169,PSSA3,906.3249657457193,916.5990960370245,CONT_2147_PSSA3_2019-10-30,DISTRIBUTION,0,cache/market.json.gz; B3,0.0,577.4061223713585,,,
VVAL,2019-11-01,60872504000123,ITUB4,1212.913902657752,1213.4144173356026,ITUB4_2019-11-01_DISTRIBUTION_211,DISTRIBUTION,0,cache/market.json.gz; SQLite corporate_actions/B3,0.0,18.19370853986628,,,
VVAL,2019-11-04,60746948000112,BBDC4,1284.409349835589,1285.1078715349568,BBDC4_2019-11-04_DISTRIBUTION_606,DISTRIBUTION,0,https://www.bradescori.com.br/informacoes-ao-mercado/remuneracao-aos-acionistas/,0.0,24.37142209094448,,,
VVAL,2019-11-12,92702067000196,BRSR6,2140.2142169393487,2166.58627806552,CONT_671_BRSR6_2019-11-12,DISTRIBUTION,0,cache/market.json.gz; B3,0.0,558.5602546523158,,,
VVAL,2019-11-22,00000000000191,BBAS3,1025.8572043402455,1033.8674954783103,CONT_211_BBAS3_2019-11-22,DISTRIBUTION,0,cache/market.json.gz; B3,0.0,374.48111070453206,,,
VVAL,2019-12-02,60872504000123,ITUB4,1222.4370570930168,1222.9568007397402,ITUB4_2019-12-02_DISTRIBUTION_210,DISTRIBUTION,0,cache/market.json.gz; SQLite corporate_actions/B3,0.0,18.33655585639525,,,
VVAL,2019-12-03,60746948000112,BBDC4,1295.3923731916066,1296.12196128485,BBDC4_2019-12-03_DISTRIBUTION_607,DISTRIBUTION,0,https://www.bradescori.com.br/informacoes-ao-mercado/remuneracao-aos-acionistas/,0.0,24.579822861367454,,,
VVAL,2019-12-03,02474103000119,TBLE3,1103.6114478406992,1140.3059702311446,TBLE3_2019-12-03_DISTRIBUTION_354;TBLE3_2019-12-03_DISTRIBUTION_355,DISTRIBUTION,0,cache/market.json.gz; SQLite corporate_actions/B3,0.0,1687.2141395126757,,,
VVAL,2019-12-12,00000000000191,BBAS3,1035.2349802996569,1038.9639005697682,CONT_210_BBAS3_2019-12-12,DISTRIBUTION,0,cache/market.json.gz; B3,0.0,182.38149041114082,,,
VVAL,2019-12-13,60872504000123,ITUB4,1232.7769115685608,1234.0521277844384,ITUB4_2019-12-13_DISTRIBUTION_209,DISTRIBUTION,0,cache/market.json.gz; SQLite corporate_actions/B3,0.0,46.303100798515146,,,
VVAL,2019-12-20,60746948000112,BBDC4,1296.12196128485,1316.2308290311391,BBDC4_2019-12-20_DISTRIBUTION_608,DISTRIBUTION,0,https://www.bradescori.com.br/informacoes-ao-mercado/remuneracao-aos-acionistas/,0.0,717.6854898650616,,,
VVAL,2019-12-26,76483817000120,CPLE6,1236.6667448611465,1282.2821296832078,CONT_916_CPLE6_2019-12-26,DISTRIBUTION,0,cache/market.json.gz; B3,0.0,3050.7569368994637,,,
VVAL,2020-01-02,03983431000103,ENBR3,2352.326569134676,2394.220500089811,CONT_1102_ENBR3_2020-01-02,DISTRIBUTION,0,cache/market.json.gz; B3,0.0,917.896027227016,,,
VVAL,2020-01-02,60872504000123,ITUB4,1234.0521277844384,1234.5388693546927,ITUB4_2020-01-02_DISTRIBUTION_208,DISTRIBUTION,0,cache/market.json.gz; SQLite corporate_actions/B3,0.0,18.510781916766575,,,
VVAL,2020-01-02,76484013000145,SAPR4,3201.566976321739,3251.6440621332436,CONT_2234_SAPR4_2020-01-02,DISTRIBUTION,0,cache/market.json.gz; B3,0.0,1024.0764048452754,,,
VVAL,2020-01-03,60746948000112,BBDC4,1324.4973687726188,1325.1673790257103,BBDC4_2020-01-03_DISTRIBUTION_580,DISTRIBUTION,0,https://www.bradescori.com.br/informacoes-ao-mercado/remuneracao-aos-acionistas/,0.0,25.132084593463002,,,
VVAL,2020-02-03,60872504000123,ITUB4,1245.5606644900354,1246.1285492914747,ITUB4_2020-02-03_DISTRIBUTION_207,DISTRIBUTION,0,cache/market.json.gz; SQLite corporate_actions/B3,0.0,18.68340996735053,,,
VVAL,2020-02-04,60746948000112,BBDC4,1338.5517892663997,1339.3191235424704,BBDC4_2020-02-04_DISTRIBUTION_582,DISTRIBUTION,0,https://www.bradescori.com.br/informacoes-ao-mercado/remuneracao-aos-acionistas/,0.0,25.398764537938185,,,
VVAL,2020-02-14,17344597000194,BBSE3,1027.129887049841,1083.6811425200517,CONT_267_BBSE3_2020-02-14,DISTRIBUTION,0,cache/market.json.gz; B3,0.0,1949.8872886128675,,,
VVAL,2020-02-18,60746948000112,BBDC4,1339.3191235424704,1341.9933917336648,BBDC4_2020-02-18_DISTRIBUTION_581,DISTRIBUTION,0,https://www.bradescori.com.br/informacoes-ao-mercado/remuneracao-aos-acionistas/,0.0,85.76378089160744,,,
VVAL,2020-02-21,60872504000123,ITUB4,1262.8132581079806,1301.7139345748503,ITUB4_2020-02-21_DISTRIBUTION_205;ITUB4_2020-02-21_DISTRIBUTION_206,DISTRIBUTION,0,cache/market.json.gz; SQLite corporate_actions/B3,0.0,1271.2741069373042,,,
VVAL,2020-02-26,00000000000191,BBAS3,1043.171728421874,1053.2939866356419,CONT_208_BBAS3_2020-02-26;CONT_209_BBAS3_2020-02-26,DISTRIBUTION,0,cache/market.json.gz; B3,0.0,457.82973900872236,,,
VVAL,2020-03-02,60872504000123,ITUB4,1301.7139345748503,1302.3264097636402,ITUB4_2020-03-02_DISTRIBUTION_204,DISTRIBUTION,0,cache/market.json.gz; SQLite corporate_actions/B3,0.0,19.525709018622756,,,
VVAL,2020-03-03,60746948000112,BBDC4,1356.7270182061966,1357.581720597817,BBDC4_2020-03-03_DISTRIBUTION_583,DISTRIBUTION,0,https://www.bradescori.com.br/informacoes-ao-mercado/remuneracao-aos-acionistas/,0.0,25.7436360356021,,,
VVAL,2020-03-11,92702067000196,BRSR6,2243.9297738541572,2278.553405506135,CONT_670_BRSR6_2020-03-11,DISTRIBUTION,0,cache/market.json.gz; B3,0.0,553.9781064316445,,,
VVAL,2020-03-12,00000000000191,BBAS3,1056.6069827297565,1062.7410690050724,CONT_207_BBAS3_2020-03-12,DISTRIBUTION,0,cache/market.json.gz; B3,0.0,191.6901961036194,,,
VVAL,2020-03-30,76484013000145,SAPR4,3251.6440621332436,9754.93218639973,CONT_2193_SAPR4_2020-03-30,SHARES,0,cache/market.json.gz; B3,0.0,0.0,,,
VVAL,2020-04-01,03983431000103,ENBR3,2409.912355112182,2440.115923168677,CONT_1101_ENBR3_2020-04-01,DISTRIBUTION,0,cache/market.json.gz; B3,0.0,468.155304875673,,,
VVAL,2020-04-01,02149205000169,PSSA3,916.5990960370245,937.6279966803224,CONT_2146_PSSA3_2020-04-01,DISTRIBUTION,0,cache/market.json.gz; B3,0.0,902.7707046167795,,,
VVAL,2020-04-01,60872504000123,ITUB4,1316.6291968500364,1317.552067782408,ITUB4_2020-04-01_DISTRIBUTION_203,DISTRIBUTION,0,cache/market.json.gz; SQLite corporate_actions/B3,0.0,19.749437952750544,,,
VVAL,2020-04-02,60746948000112,BBDC4,1382.6814019578549,1383.9964954671282,BBDC4_2020-04-02_DISTRIBUTION_584,DISTRIBUTION,0,https://www.bradescori.com.br/informacoes-ao-mercado/remuneracao-aos-acionistas/,0.0,26.23611551000252,,,
VVAL,2020-04-14,60746948000112,BBDC4,1383.9964954671282,1522.396145013841,BBDC4_2020-04-14_SHARES_672,SHARES,0,originals/bradesco_remuneracao.html.gz; owned_capital_events_fre.json; SEC 6K 20150317/20160404/20180319/20200403,0.0,0.0,,,
VVAL,2020-04-29,43776517000180,SBSP3,1018.2359651270496,1052.2356123060554,CONT_2259_SBSP3_2020-04-29,DISTRIBUTION,0,cache/market.json.gz; B3,0.0,1401.8054531904093,,,
VVAL,2020-05-04,60872504000123,ITUB4,1337.9805401647748,1338.897383842366,ITUB4_2020-05-04_DISTRIBUTION_202,DISTRIBUTION,0,cache/market.json.gz; SQLite corporate_actions/B3,0.0,20.06970810247162,,,
VVAL,2020-05-05,60746948000112,BBDC4,1552.0217882772013,1553.6310405720865,BBDC4_2020-05-05_DISTRIBUTION_585,DISTRIBUTION,0,https://www.bradescori.com.br/informacoes-ao-mercado/remuneracao-aos-acionistas/,0.0,29.44931699639833,,,
VVAL,2020-06-01,60872504000123,ITUB4,1360.5618373731036,1361.4244082759183,ITUB4_2020-06-01_DISTRIBUTION_201,DISTRIBUTION,0,cache/market.json.gz; SQLite corporate_actions/B3,0.0,20.408427560596554,,,
VVAL,2020-06-02,60746948000112,BBDC4,1579.9281097029354,1581.3784645222554,BBDC4_2020-06-02_DISTRIBUTION_586,DISTRIBUTION,0,https://www.bradescori.com.br/informacoes-ao-mercado/remuneracao-aos-acionistas/,0.0,29.978834115344245,,,
VVAL,2020-06-10,92702067000196,BRSR6,2411.9517386494263,2442.488596869364,CONT_669_BRSR6_2020-06-10,DISTRIBUTION,0,cache/market.json.gz; B3,0.0,434.53949246971496,,,
VVAL,2020-06-30,02149205000169,PSSA3,937.728474896408,948.8279248896052,CONT_2145_PSSA3_2020-06-30,DISTRIBUTION,0,cache/market.json.gz; B3,0.0,559.6342686570076,,,
VVAL,2020-07-01,60872504000123,ITUB4,1634.4095791036232,1635.3488949536827,ITUB4_2020-07-01_DISTRIBUTION_200,DISTRIBUTION,0,cache/market.json.gz; SQLite corporate_actions/B3,0.0,24.516143686554347,,,
VVAL,2020-07-01,76484013000145,SAPR4,9754.93218639973,9915.942509619774,CONT_2731_SAPR4_2020-07-01,DISTRIBUTION,0,https://ri.sanepar.com.br/docs/Sanepar-2025-12-18-cW6NmzgB.pdf,0.0,1003.0943136608668,,,
VVAL,2020-07-02,60746948000112,BBDC4,1966.6191729545408,1968.3785422700782,BBDC4_2020-07-02_DISTRIBUTION_587,DISTRIBUTION,0,https://www.bradescori.com.br/informacoes-ao-mercado/remuneracao-aos-acionistas/,0.0,37.316223182550374,,,
VVAL,2020-08-03,60872504000123,ITUB4,1650.4832795950374,1651.3908033924688,ITUB4_2020-08-03_DISTRIBUTION_199,DISTRIBUTION,0,cache/market.json.gz; SQLite corporate_actions/B3,0.0,24.75724919392556,,,
VVAL,2020-08-04,60746948000112,BBDC4,1988.7674901604516,1990.504897309218,BBDC4_2020-08-04_DISTRIBUTION_588,DISTRIBUTION,0,https://www.bradescori.com.br/informacoes-ao-mercado/remuneracao-aos-acionistas/,0.0,37.736483271203944,,,
VVAL,2020-08-10,02474103000119,TBLE3,1159.9093569584272,1181.1715562727086,TBLE3_2020-08-10_DISTRIBUTION_353,DISTRIBUTION,0,cache/market.json.gz; SQLite corporate_actions/B3,0.0,963.390250930092,,,
VVAL,2020-08-13,17344597000194,BBSE3,1496.9518529860288,1545.2992728789325,CONT_2559_BBSE3_2020-08-13,DISTRIBUTION,0,BBSE_DIV,0.0,1310.2150790976868,,,
VVAL,2020-08-18,60872504000123,ITUB4,1665.4788073976163,1669.1134538048495,ITUB4_2020-08-18_DISTRIBUTION_198,DISTRIBUTION,0,cache/market.json.gz; SQLite corporate_actions/B3,0.0,88.1038289113339,,,
VVAL,2020-08-24,00000000000191,BBAS3,1323.5942707330282,1341.0912897811793,CONT_205_BBAS3_2020-08-24;CONT_206_BBAS3_2020-08-24,DISTRIBUTION,0,cache/market.json.gz; B3,0.0,585.2752871606494,,,
VVAL,2020-09-01,60872504000123,ITUB4,1669.1134538048495,1670.1420775438419,ITUB4_2020-09-01_DISTRIBUTION_197,DISTRIBUTION,0,cache/market.json.gz; SQLite corporate_actions/B3,0.0,25.036701807072742,,,
VVAL,2020-09-02,60746948000112,BBDC4,2013.4484984255437,2015.2574378521044,BBDC4_2020-09-02_DISTRIBUTION_589,DISTRIBUTION,0,https://www.bradescori.com.br/informacoes-ao-mercado/remuneracao-aos-acionistas/,0.0,38.20480068896149,,,
VVAL,2020-09-14,00000000000191,BBAS3,1351.290689203358,1355.5860405379697,CONT_204_BBAS3_2020-09-14,DISTRIBUTION,0,cache/market.json.gz; B3,0.0,138.99756918803595,,,
VVAL,2020-10-01,60872504000123,ITUB4,1693.7475893059834,1694.875751554633,ITUB4_2020-10-01_DISTRIBUTION_196,DISTRIBUTION,0,cache/market.json.gz; SQLite corporate_actions/B3,0.0,25.40621383958975,,,
VVAL,2020-10-02,60746948000112,BBDC4,2038.6942374088412,2040.6638827125191,BBDC4_2020-10-02_DISTRIBUTION_590,DISTRIBUTION,0,https://www.bradescori.com.br/informacoes-ao-mercado/remuneracao-aos-acionistas/,0.0,38.68383376423341,,,
VVAL,2020-11-03,02149205000169,PSSA3,966.5781314374078,977.7911684109943,CONT_2735_PSSA3_2020-11-03,DISTRIBUTION,0,https://api.mziq.com/mzfilemanager/v2/d/b77a3922-d280-4451-b3ee-0afec4577834/f9e62720-e79a-1676-864d-2a184a052c0f?origin=2;https://api.mziq.com/mzfilemanager/v2/d/b77a3922-d280-4451-b3ee-0afec4577834/493a6ff0-1341-22f7-1a72-d9896b29432f?origin=2,0.0,540.916903605812,,,
VVAL,2020-11-03,60872504000123,ITUB4,1718.1091305302568,1719.1811620176925,ITUB4_2020-11-03_DISTRIBUTION_195,DISTRIBUTION,0,cache/market.json.gz; SQLite corporate_actions/B3,0.0,25.771636957953852,,,
VVAL,2020-11-04,60746948000112,BBDC4,2055.6844481914504,2057.5706290313296,BBDC4_2020-11-04_DISTRIBUTION_591,DISTRIBUTION,0,https://www.bradescori.com.br/informacoes-ao-mercado/remuneracao-aos-acionistas/,0.0,39.00621976870316,,,
VVAL,2020-11-17,00000000000191,BBAS3,1382.1034020261607,1389.974672466293,CONT_203_BBAS3_2020-11-17,DISTRIBUTION,0,cache/market.json.gz; B3,0.0,269.1974490525268,,,
VVAL,2020-12-01,60872504000123,ITUB4,1735.5022077218148,1736.3772508517586,ITUB4_2020-12-01_DISTRIBUTION_194,DISTRIBUTION,0,cache/market.json.gz; SQLite corporate_actions/B3,0.0,26.03253311582722,,,
VVAL,2020-12-02,60746948000112,BBDC4,2057.9164286501164,2059.4229321675393,BBDC4_2020-12-02_DISTRIBUTION_592,DISTRIBUTION,0,https://www.bradescori.com.br/informacoes-ao-mercado/remuneracao-aos-acionistas/,0.0,39.048571171598084,,,
VVAL,2020-12-11,60872504000123,ITUB4,1739.116548569389,1742.6703471140054,ITUB4_2020-12-11_DISTRIBUTION_193,DISTRIBUTION,0,cache/market.json.gz; SQLite corporate_actions/B3,0.0,111.23389444649811,,,
VVAL,2020-12-11,92702067000196,BRSR6,3243.143488184421,3266.8993754417847,CONT_668_BRSR6_2020-12-11,DISTRIBUTION,0,cache/market.json.gz; B3,0.0,333.0575393482385,,,
VVAL,2020-12-14,00000000000191,BBAS3,1398.3594247567382,1402.608428856097,CONT_202_BBAS3_2020-12-14,DISTRIBUTION,0,cache/market.json.gz; B3,0.0,163.5866578253068,,,
VVAL,2020-12-21,02474103000119,TBLE3,1185.2290649223937,1209.5886585351786,TBLE3_2020-12-21_DISTRIBUTION_351;TBLE3_2020-12-21_DISTRIBUTION_352,DISTRIBUTION,0,cache/market.json.gz; SQLite corporate_actions/B3,0.0,1059.642322156139,,,
VVAL,2020-12-29,60746948000112,BBDC4,2059.4229321675393,2090.488077606325,BBDC4_2020-12-29_DISTRIBUTION_593,DISTRIBUTION,0,https://www.bradescori.com.br/informacoes-ao-mercado/remuneracao-aos-acionistas/,0.0,855.2234539297681,,,
VVAL,2020-12-29,76483817000120,CPLE6,1282.2821296832078,1336.917576704887,CONT_915_CPLE6_2020-12-29,DISTRIBUTION,0,cache/market.json.gz; B3,0.0,3975.275125297384,,,
VVAL,2020-12-30,92702067000196,BRSR6,3266.8993754417847,3277.864410407217,CONT_667_BRSR6_2020-12-30,DISTRIBUTION,0,cache/market.json.gz; B3,0.0,159.76055944634825,,,
VVAL,2021-01-04,60872504000123,ITUB4,1742.6703471140054,1743.5163035931869,ITUB4_2021-01-04_DISTRIBUTION_192,DISTRIBUTION,0,cache/market.json.gz; SQLite corporate_actions/B3,0.0,26.14005520671008,,,
VVAL,2021-01-04,92702067000196,BRSR6,3277.864410407217,3295.552329654214,CONT_666_BRSR6_2021-01-04,DISTRIBUTION,0,cache/market.json.gz; B3,0.0,256.4748290814634,,,
VVAL,2021-01-04,76484013000145,SAPR4,9911.245330491294,10109.576962567426,CONT_2740_SAPR4_2021-01-04,DISTRIBUTION,0,https://ri.sanepar.com.br/docs/Sanepar-2025-12-18-cW6NmzgB.pdf,0.0,985.7082114183714,,,
VVAL,2021-01-05,60746948000112,BBDC4,2090.488077606325,2091.9991866344913,BBDC4_2021-01-05_DISTRIBUTION_564,DISTRIBUTION,0,https://www.bradescori.com.br/informacoes-ao-mercado/remuneracao-aos-acionistas/,0.0,39.66661198935719,,,
VVAL,2021-01-05,03983431000103,ENBR3,2672.3183700185878,2710.2692849394753,CONT_2385_ENBR3_2021-01-05,DISTRIBUTION,0,EDP_RI;EDP_APR2023,0.0,724.8624749889503,,,
VVAL,2021-01-26,60872504000123,ITUB4,1745.545756497993,1748.6451042907695,ITUB4_2021-01-26_DISTRIBUTION_191,DISTRIBUTION,0,cache/market.json.gz; SQLite corporate_actions/B3,0.0,87.55657514593933,,,
VVAL,2021-02-01,60872504000123,ITUB4,1748.6451042907695,1749.5470876664353,ITUB4_2021-02-01_DISTRIBUTION_190,DISTRIBUTION,0,cache/market.json.gz; SQLite corporate_actions/B3,0.0,26.22967656436154,,,
VVAL,2021-02-02,60746948000112,BBDC4,2091.9991866344913,2093.5787841273104,BBDC4_2021-02-02_DISTRIBUTION_565,DISTRIBUTION,0,https://www.bradescori.com.br/informacoes-ao-mercado/remuneracao-aos-acionistas/,0.0,39.69528499454482,,,
VVAL,2021-02-12,17344597000194,BBSE3,1651.2674387446013,1679.2586634519253,CONT_2558_BBSE3_2021-02-12,DISTRIBUTION,0,BBSE_DIV,0.0,784.0342040521458,,,
VVAL,2021-02-18,60746948000112,BBDC4,2093.5787841273104,2095.412769479829,BBDC4_2021-02-18_DISTRIBUTION_566,DISTRIBUTION,0,https://www.bradescori.com.br/informacoes-ao-mercado/remuneracao-aos-acionistas/,0.0,45.68457513123795,,,
VVAL,2021-02-23,00000000000191,BBAS3,1413.5657612004447,1433.8129479376814,CONT_200_BBAS3_2021-02-23;CONT_201_BBAS3_2021-02-23,DISTRIBUTION,0,cache/market.json.gz; B3,0.0,616.1218924141136,,,
VVAL,2021-02-26,60872504000123,ITUB4,1752.720620673304,1762.8038749148268,ITUB4_2021-02-26_DISTRIBUTION_188;ITUB4_2021-02-26_DISTRIBUTION_189,DISTRIBUTION,0,cache/market.json.gz; SQLite corporate_actions/B3,0.0,257.62714587090693,,,
VVAL,2021-03-01,60872504000123,ITUB4,1762.8038749148268,1763.8713782706493,ITUB4_2021-03-01_DISTRIBUTION_187,DISTRIBUTION,0,cache/market.json.gz; SQLite corporate_actions/B3,0.0,26.4420581237224,,,
VVAL,2021-03-02,60746948000112,BBDC4,2095.412769479829,2097.1551032693574,BBDC4_2021-03-02_DISTRIBUTION_567,DISTRIBUTION,0,https://www.bradescori.com.br/informacoes-ao-mercado/remuneracao-aos-acionistas/,0.0,39.760057077040784,,,
VVAL,2021-03-08,92702067000196,BRSR6,3391.8374728484923,3455.8801072787282,CONT_665_BRSR6_2021-03-08,DISTRIBUTION,0,cache/market.json.gz; B3,0.0,771.7137448843409,,,
VVAL,2021-03-12,76483817000120,CPLE6,1336.917576704887,13369.175767048871,CPLE6_SPLIT_20210312,SHARES,0,CPLE_RI; B3; same capital event as frozen CPLE3 v12,0.0,0.0,,,
VVAL,2021-03-12,00000000000191,BBAS3,1449.1111477037373,1456.149686331578,CONT_199_BBAS3_2021-03-12,DISTRIBUTION,0,cache/market.json.gz; B3,0.0,211.156158835223,,,
VVAL,2021-03-26,60872504000123,ITUB4,1771.2271481904731,1774.4225504984306,ITUB4_2021-03-26_DISTRIBUTION_186,DISTRIBUTION,0,cache/market.json.gz; SQLite corporate_actions/B3,0.0,89.69494278436555,,,
VVAL,2021-04-01,76483817000120,CPLE6,13369.175767048871,13576.944151697217,CONT_913_CPLE6_2021-04-01;CONT_914_CPLE6_2021-04-01,DISTRIBUTION,0,cache/market.json.gz; B3,0.0,1321.4069263634724,,,
VVAL,2021-04-01,02149205000169,PSSA3,1003.1548340303099,1039.9583203578716,CONT_2742_PSSA3_2021-04-01;CONT_2743_PSSA3_2021-04-01;CONT_2744_PSSA3_2021-04-01,DISTRIBUTION,0,https://api.mziq.com/mzfilemanager/v2/d/b77a3922-d280-4451-b3ee-0afec4577834/493a6ff0-1341-22f7-1a72-d9896b29432f?origin=2;https://api.mziq.com/mzfilemanager/v2/d/b77a3922-d280-4451-b3ee-0afec4577834/493a6ff0-1341-22f7-1a72-d9896b29432f?origin=2;https://api.mziq.com/mzfilemanager/v2/d/b77a3922-d280-4451-b3ee-0afec4577834/41759930-edbb-5e54-ff18-92877b91d282?origin=2,0.0,1648.4281526114892,,,
VVAL,2021-04-01,60872504000123,ITUB4,1774.4225504984306,1775.4047032016585,ITUB4_2021-04-01_DISTRIBUTION_185,DISTRIBUTION,0,cache/market.json.gz; SQLite corporate_actions/B3,0.0,26.616338257476457,,,
VVAL,2021-04-05,60746948000112,BBDC4,2097.1551032693574,2098.685019360396,BBDC4_2021-04-05_DISTRIBUTION_568,DISTRIBUTION,0,https://www.bradescori.com.br/informacoes-ao-mercado/remuneracao-aos-acionistas/,0.0,39.79311752791133,,,
VVAL,2021-04-12,03983431000103,ENBR3,2710.2692849394753,2814.4968669669643,CONT_2386_ENBR3_2021-04-12,DISTRIBUTION,0,EDP_RI;EDP_APR2023,0.0,1975.1126794209135,,,
VVAL,2021-04-19,60746948000112,BBDC4,2098.685019360396,2308.5535212964355,BBDC4_2021-04-19_SHARES_673,SHARES,0,originals/bradesco_remuneracao.html.gz; owned_capital_events_fre.json; SEC 6K 20150317/20160404/20180319/20200403,0.0,0.0,,,
VVAL,2021-04-28,60872504000123,ITUB4,1780.8685535681548,1784.4340784141502,ITUB4_2021-04-28_DISTRIBUTION_184,DISTRIBUTION,0,cache/market.json.gz; SQLite corporate_actions/B3,0.0,100.58345590552939,,,
VVAL,2021-04-30,76483817000120,CPLE6,13576.944151697217,13749.479242259482,CONT_912_CPLE6_2021-04-30,DISTRIBUTION,0,cache/market.json.gz; B3,0.0,1080.0696669197791,,,
VVAL,2021-04-30,43776517000180,SBSP3,1107.3087835251963,1117.6079458665865,CONT_2436_SBSP3_2021-04-30,DISTRIBUTION,0,SBSP_2021;SBSP_2022;SBSP_2023;SBSP_2024,0.0,440.59816496467556,,,
VVAL,2021-05-03,60872504000123,ITUB4,1784.4340784141502,1785.393451574588,ITUB4_2021-05-03_DISTRIBUTION_183,DISTRIBUTION,0,cache/market.json.gz; SQLite corporate_actions/B3,0.0,26.76651117621225,,,
VVAL,2021-05-03,92702067000196,BRSR6,3499.33853974952,3515.3873323661714,CONT_664_BRSR6_2021-05-03,DISTRIBUTION,0,cache/market.json.gz; B3,0.0,195.7952699231483,,,
VVAL,2021-05-04,60746948000112,BBDC4,2308.5535212964355,2310.3940407137834,BBDC4_2021-05-04_DISTRIBUTION_569,DISTRIBUTION,0,https://www.bradescori.com.br/informacoes-ao-mercado/remuneracao-aos-acionistas/,0.0,43.804362132877294,,,
VVAL,2021-05-12,02474103000119,TBLE3,1214.5029432185147,1238.0222975196657,TBLE3_2021-05-12_DISTRIBUTION_350,DISTRIBUTION,0,cache/market.json.gz; SQLite corporate_actions/B3,0.0,907.3766889384024,,,
VVAL,2021-05-24,00000000000191,BBAS3,1483.5221866628112,1502.2216989889848,CONT_197_BBAS3_2021-05-24;CONT_198_BBAS3_2021-05-24,DISTRIBUTION,0,cache/market.json.gz; B3,0.0,614.8399652845914,,,
VVAL,2021-05-25,60872504000123,ITUB4,1787.8756242938098,1790.8804883602952,ITUB4_2021-05-25_DISTRIBUTION_182,DISTRIBUTION,0,cache/market.json.gz; SQLite corporate_actions/B3,0.0,87.14105792808029,,,
VVAL,2021-06-01,60872504000123,ITUB4,1790.8804883602952,1791.7583709526286,ITUB4_2021-06-01_DISTRIBUTION_181,DISTRIBUTION,0,cache/market.json.gz; SQLite corporate_actions/B3,0.0,26.863207325404428,,,
VVAL,2021-06-02,60746948000112,BBDC4,2310.3940407137834,2311.953048026631,BBDC4_2021-06-02_DISTRIBUTION_570,DISTRIBUTION,0,https://www.bradescori.com.br/informacoes-ao-mercado/remuneracao-aos-acionistas/,0.0,43.83928563728226,,,
VVAL,2021-06-04,92702067000196,BRSR6,3571.292327351321,3632.0940359884994,CONT_663_BRSR6_2021-06-04,DISTRIBUTION,0,cache/market.json.gz; B3,0.0,865.208313907049,,,
VVAL,2021-06-14,00000000000191,BBAS3,1507.047858366783,1514.1777356674845,CONT_196_BBAS3_2021-06-14,DISTRIBUTION,0,cache/market.json.gz; B3,0.0,253.9662294509893,,,
VVAL,2021-07-01,60872504000123,ITUB4,1791.7583709526286,1792.663604215151,ITUB4_2021-07-01_DISTRIBUTION_180,DISTRIBUTION,0,cache/market.json.gz; SQLite corporate_actions/B3,0.0,26.87637556428943,,,
VVAL,2021-07-01,76484013000145,SAPR4,11589.15760677127,11884.180162687446,CONT_2749_SAPR4_2021-07-01,DISTRIBUTION,0,https://ri.sanepar.com.br/docs/Sanepar-2025-12-18-cW6NmzgB.pdf,0.0,1194.8413514605083,,,
VVAL,2021-07-02,60746948000112,BBDC4,2311.953048026631,2313.6403121613725,BBDC4_2021-07-02_DISTRIBUTION_571,DISTRIBUTION,0,https://www.bradescori.com.br/informacoes-ao-mercado/remuneracao-aos-acionistas/,0.0,43.86886750327315,,,
VVAL,2021-07-05,60746948000112,BBDC4,2313.6403121613725,2363.5031953721013,BBDC4_2021-07-05_DISTRIBUTION_572,DISTRIBUTION,0,https://www.bradescori.com.br/informacoes-ao-mercado/remuneracao-aos-acionistas/,0.0,1247.070709100327,,,
VVAL,2021-07-30,02149205000169,PSSA3,1045.2014759527897,1059.1923436215752,CONT_2751_PSSA3_2021-07-30,DISTRIBUTION,0,https://api.mziq.com/mzfilemanager/v2/d/b77a3922-d280-4451-b3ee-0afec4577834/84eee7cb-7942-984d-6623-ff1f2c09cdbe?origin=2;https://api.mziq.com/mzfilemanager/v2/d/b77a3922-d280-4451-b3ee-0afec4577834/c01dc413-7f12-69a6-0b0a-53d2e29990ed?origin=2;https://api.mziq.com/mzfilemanager/v2/d/b77a3922-d280-4451-b3ee-0afec4577834/bd82067a-476b-c3a3-b00a-9a8d540f77cb?origin=2,0.0,722.7682237694567,,,
VVAL,2021-08-02,60872504000123,ITUB4,1792.663604215151,1793.546110091857,ITUB4_2021-08-02_DISTRIBUTION_179,DISTRIBUTION,0,cache/market.json.gz; SQLite corporate_actions/B3,0.0,26.889954063227265,,,
VVAL,2021-08-03,60746948000112,BBDC4,2363.5031953721013,2365.332192994576,BBDC4_2021-08-03_DISTRIBUTION_573,DISTRIBUTION,0,https://www.bradescori.com.br/informacoes-ao-mercado/remuneracao-aos-acionistas/,0.0,44.847021703075306,,,
VVAL,2021-08-12,17344597000194,BBSE3,2059.612810003114,2110.9429925979243,CONT_2557_BBSE3_2021-08-12,DISTRIBUTION,0,BBSE_DIV,0.0,1072.8008162315336,,,
VVAL,2021-08-16,60872504000123,ITUB4,1793.546110091857,1799.6846014587632,ITUB4_2021-08-16_DISTRIBUTION_178,DISTRIBUTION,0,cache/market.json.gz; SQLite corporate_actions/B3,0.0,186.24182807193841,,,
VVAL,2021-08-17,02474103000119,TBLE3,1294.8852275343343,1328.7219158983194,TBLE3_2021-08-17_DISTRIBUTION_349,DISTRIBUTION,0,cache/market.json.gz; SQLite corporate_actions/B3,0.0,1252.9725701183725,,,
VVAL,2021-08-24,00000000000191,BBAS3,1575.368275058331,1593.2990987322264,CONT_194_BBAS3_2021-08-24;CONT_195_BBAS3_2021-08-24,DISTRIBUTION,0,cache/market.json.gz; B3,0.0,548.6832044212003,,,
VVAL,2021-09-01,60872504000123,ITUB4,1799.6846014587632,1800.55373439572,ITUB4_2021-09-01_DISTRIBUTION_177,DISTRIBUTION,0,cache/market.json.gz; SQLite corporate_actions/B3,0.0,26.995269021881445,,,
VVAL,2021-09-02,60746948000112,BBDC4,2365.332192994576,2367.346633146444,BBDC4_2021-09-02_DISTRIBUTION_574,DISTRIBUTION,0,https://www.bradescori.com.br/informacoes-ao-mercado/remuneracao-aos-acionistas/,0.0,44.88172658362321,,,
VVAL,2021-09-14,00000000000191,BBAS3,1600.3330211628174,1610.4474569962927,CONT_193_BBAS3_2021-09-14,DISTRIBUTION,0,cache/market.json.gz; B3,0.0,295.64495941247867,,,
VVAL,2021-09-27,17281106000103,CSMG3,2036.468993010836,2097.052453789942,CONT_2381_CSMG3_2021-09-27;CONT_2382_CSMG3_2021-09-27,DISTRIBUTION,0,CSMG_RI;B3_ESPEC,0.0,873.6135044347103,,,
VVAL,2021-10-01,76483817000120,CPLE6,13749.479242259482,14849.5010516628,CONT_910_CPLE6_2021-10-01;CONT_911_CPLE6_2021-10-01,DISTRIBUTION,0,cache/market.json.gz; B3,0.0,7480.148303942572,,,
VVAL,2021-10-01,60872504000123,ITUB4,1800.55373439572,1801.4640244535542,ITUB4_2021-10-01_DISTRIBUTION_176,DISTRIBUTION,0,cache/market.json.gz; SQLite corporate_actions/B3,0.0,27.0083060159358,,,
VVAL,2021-10-04,60746948000112,BBDC4,2372.118598455348,2374.289871843242,BBDC4_2021-10-04_DISTRIBUTION_575,DISTRIBUTION,0,https://www.bradescori.com.br/informacoes-ao-mercado/remuneracao-aos-acionistas/,0.0,45.010497331037925,,,
VVAL,2021-10-04,60872504000123,XPBR31,0,41.591923889344784,ITUB4_2021-10-04_SPINOFF_686,SPINOFF,0,B3 OC 108/2021-PRE,0.0,0.0,,,
VVAL,2021-10-21,02149205000169,PSSA3,1057.2981418523018,2114.5962837046036,CONT_2862_PSSA3_2021-10-21,SHARES,0,https://api.mziq.com/mzfilemanager/v2/d/b77a3922-d280-4451-b3ee-0afec4577834/58c7cb8a-888b-4fff-3949-6efc460cb9e1?origin=2,0.0,0.0,,,
VVAL,2021-11-01,02149205000169,PSSA3,2114.5962837046036,2139.655308338229,CONT_2754_PSSA3_2021-11-01,DISTRIBUTION,0,https://api.mziq.com/mzfilemanager/v2/d/b77a3922-d280-4451-b3ee-0afec4577834/0c125129-e67a-53e9-aa2c-5b25822a1a8c?origin=2;https://api.mziq.com/mzfilemanager/v2/d/b77a3922-d280-4451-b3ee-0afec4577834/c01dc413-7f12-69a6-0b0a-53d2e29990ed?origin=2;https://api.mziq.com/mzfilemanager/v2/d/b77a3922-d280-4451-b3ee-0afec4577834/bd82067a-476b-c3a3-b00a-9a8d540f77cb?origin=2,0.0,586.3811764268324,,,
VVAL,2021-11-01,60872504000123,ITUB4,1801.4640244535542,1802.7768171881373,ITUB4_2021-11-01_DISTRIBUTION_175,DISTRIBUTION,0,cache/market.json.gz; SQLite corporate_actions/B3,0.0,31.79584003160523,,,
VVAL,2021-11-03,60746948000112,BBDC4,2382.055433654776,2384.271073207767,BBDC4_2021-11-03_DISTRIBUTION_576,DISTRIBUTION,0,https://www.bradescori.com.br/informacoes-ao-mercado/remuneracao-aos-acionistas/,0.0,45.19904688101155,,,
VVAL,2021-11-22,60872504000123,ITUB4,1802.9870822601886,1824.5993176747338,ITUB4_2021-11-22_DISTRIBUTION_174,DISTRIBUTION,0,cache/market.json.gz; SQLite corporate_actions/B3,0.0,476.9820355990151,,,
VVAL,2021-11-23,00000000000191,BBAS3,1627.394969718005,1648.9749806225695,CONT_192_BBAS3_2021-11-23,DISTRIBUTION,0,cache/market.json.gz; B3,0.0,640.7105237565197,,,
VVAL,2021-12-01,60872504000123,ITUB4,1824.5993176747338,1826.0486506160912,ITUB4_2021-12-01_DISTRIBUTION_173,DISTRIBUTION,0,cache/market.json.gz; SQLite corporate_actions/B3,0.0,32.20417795695905,,,
VVAL,2021-12-02,60746948000112,BBDC4,2393.636667800096,2395.8181662913016,BBDC4_2021-12-02_DISTRIBUTION_577,DISTRIBUTION,0,https://www.bradescori.com.br/informacoes-ao-mercado/remuneracao-aos-acionistas/,0.0,45.418798586903264,,,
VVAL,2021-12-14,00000000000191,BBAS3,1648.9749806225695,1657.9754870362135,CONT_191_BBAS3_2021-12-14,DISTRIBUTION,0,cache/market.json.gz; B3,0.0,288.55623562142375,,,
VVAL,2021-12-21,60746948000112,BBDC4,2395.8181662913016,2425.672445166348,BBDC4_2021-12-21_DISTRIBUTION_578;BBDC4_2021-12-21_DISTRIBUTION_579,DISTRIBUTION,0,https://www.bradescori.com.br/informacoes-ao-mercado/remuneracao-aos-acionistas/,0.0,569.9181837246413,,,
VVAL,2021-12-30,02474103000119,TBLE3,1334.32918830691,1336.8837607979806,TBLE3_2021-12-30_DISTRIBUTION_348,DISTRIBUTION,0,cache/market.json.gz; SQLite corporate_actions/B3,0.0,98.12112938201987,,,
VVAL,2022-01-03,76483817000120,CPLE6,14849.5010516628,15097.146249983656,CONT_909_CPLE6_2022-01-03,DISTRIBUTION,0,cache/market.json.gz; B3,0.0,1592.3586252031043,,,
VVAL,2022-01-03,60872504000123,ITUB4,1834.1353137005456,1835.6403108314994,ITUB4_2022-01-03_DISTRIBUTION_172,DISTRIBUTION,0,cache/market.json.gz; SQLite corporate_actions/B3,0.0,32.37248828681463,,,
VVAL,2022-01-03,76484013000145,SAPR4,12255.053362312188,12652.24373986791,CONT_2758_SAPR4_2022-01-03,DISTRIBUTION,0,https://ri.sanepar.com.br/docs/Sanepar-2025-12-18-cW6NmzgB.pdf,0.0,1461.6605894050572,,,
VVAL,2022-01-04,60746948000112,BBDC4,2434.3295343701393,2436.6624100245704,BBDC4_2022-01-04_DISTRIBUTION_550,DISTRIBUTION,0,https://www.bradescori.com.br/informacoes-ao-mercado/remuneracao-aos-acionistas/,0.0,46.190937957732324,,,
VVAL,2022-01-05,03983431000103,ENBR3,2893.296182817496,3008.5071546167296,CONT_2387_ENBR3_2022-01-05,DISTRIBUTION,0,EDP_RI;EDP_APR2023,0.0,2283.4814610608105,,,
VVAL,2022-02-01,60872504000123,ITUB4,1846.4277751625873,1847.7062941987435,ITUB4_2022-02-01_DISTRIBUTION_171,DISTRIBUTION,0,cache/market.json.gz; SQLite corporate_actions/B3,0.0,32.589450231619665,,,
VVAL,2022-02-02,60746948000112,BBDC4,2437.7426946844307,2439.803082302372,BBDC4_2022-02-02_DISTRIBUTION_551,DISTRIBUTION,0,https://www.bradescori.com.br/informacoes-ao-mercado/remuneracao-aos-acionistas/,0.0,46.25570202278239,,,
VVAL,2022-02-11,17344597000194,BBSE3,2210.5201698019023,2299.5969908971315,CONT_2556_BBSE3_2022-02-11,DISTRIBUTION,0,BBSE_DIV,0.0,2027.3884481274133,,,
VVAL,2022-02-22,60872504000123,ITUB4,1850.6988034731503,1851.6805722364684,ITUB4_2022-02-22_DISTRIBUTION_170,DISTRIBUTION,0,cache/market.json.gz; SQLite corporate_actions/B3,0.0,25.280545655443234,,,
VVAL,2022-02-25,02474103000119,TBLE3,1339.5784295576173,1365.8778587384822,TBLE3_2022-02-25_DISTRIBUTION_347,DISTRIBUTION,0,cache/market.json.gz; SQLite corporate_actions/B3,0.0,1048.5582414410833,,,
VVAL,2022-03-02,60872504000123,ITUB4,1851.6805722364684,1852.986291856923,ITUB4_2022-03-02_DISTRIBUTION_169,DISTRIBUTION,0,cache/market.json.gz; SQLite corporate_actions/B3,0.0,32.68216209997367,,,
VVAL,2022-03-03,60746948000112,BBDC4,2456.643450982178,2458.916212574742,BBDC4_2022-03-03_DISTRIBUTION_552,DISTRIBUTION,0,https://www.bradescori.com.br/informacoes-ao-mercado/remuneracao-aos-acionistas/,0.0,46.614340263487684,,,
VVAL,2022-03-03,00000000000191,BBAS3,1666.4496335544525,1688.6135832248426,CONT_189_BBAS3_2022-03-03;CONT_190_BBAS3_2022-03-03,DISTRIBUTION,0,cache/market.json.gz; B3,0.0,770.6405300394688,,,
VVAL,2022-03-15,00000000000191,BBAS3,1688.6135832248426,1699.3784318782027,CONT_188_BBAS3_2022-03-15,DISTRIBUTION,0,cache/market.json.gz; B3,0.0,355.6705995070209,,,
VVAL,2022-03-23,17281106000103,CSMG3,2572.6313394100225,2588.5020496249754,CONT_2383_CSMG3_2022-03-23,DISTRIBUTION,0,CSMG_RI;B3_ESPEC,0.0,229.80788391251465,,,
VVAL,2022-04-01,02149205000169,PSSA3,2217.889122689504,2265.3546856584876,CONT_2761_PSSA3_2022-04-01;CONT_2762_PSSA3_2022-04-01,DISTRIBUTION,0,https://api.mziq.com/mzfilemanager/v2/d/b77a3922-d280-4451-b3ee-0afec4577834/c01dc413-7f12-69a6-0b0a-53d2e29990ed?origin=2;https://api.mziq.com/mzfilemanager/v2/d/b77a3922-d280-4451-b3ee-0afec4577834/c01dc413-7f12-69a6-0b0a-53d2e29990ed?origin=2;https://api.mziq.com/mzfilemanager/v2/d/b77a3922-d280-4451-b3ee-0afec4577834/bd82067a-476b-c3a3-b00a-9a8d540f77cb?origin=2;https://api.mziq.com/mzfilemanager/v2/d/b77a3922-d280-4451-b3ee-0afec4577834/ae2ce35a-8763-7d60-073f-ca45097755f1?origin=2,0.0,992.5049216814456,,,
VVAL,2022-04-01,60872504000123,ITUB4,1859.9141755447647,1861.1061684713575,ITUB4_2022-04-01_DISTRIBUTION_168,DISTRIBUTION,0,cache/market.json.gz; SQLite corporate_actions/B3,0.0,32.827485198365096,,,
VVAL,2022-04-04,60746948000112,BBDC4,2472.3510324115246,2474.4960890471425,BBDC4_2022-04-04_DISTRIBUTION_553,DISTRIBUTION,0,https://www.bradescori.com.br/informacoes-ao-mercado/remuneracao-aos-acionistas/,0.0,46.91238862096149,,,
VVAL,2022-04-06,03983431000103,ENBR3,3008.5071546167296,3198.6625428994976,CONT_2388_ENBR3_2022-04-06,DISTRIBUTION,0,EDP_RI;EDP_APR2023,0.0,4225.252727643104,,,
VVAL,2022-04-19,60746948000112,BBDC4,2474.4960890471425,2721.945697951857,BBDC4_2022-04-19_SHARES_674,SHARES,0,originals/bradesco_remuneracao.html.gz; owned_capital_events_fre.json; SEC 6K 20150317/20160404/20180319/20200403,0.0,0.0,,,
VVAL,2022-04-29,43776517000180,SBSP3,1340.2216267074195,1368.5941155351106,CONT_2437_SBSP3_2022-04-29,DISTRIBUTION,0,SBSP_2021;SBSP_2022;SBSP_2023;SBSP_2024,0.0,1263.4269274970843,,,
VVAL,2022-04-29,76484013000145,SAPR4,12855.420431374045,12895.236561150345,CONT_2765_SAPR4_2022-04-29,DISTRIBUTION,0,https://ri.sanepar.com.br/docs/Sanepar-2025-12-18-cW6NmzgB.pdf,0.0,155.28290612757309,,,
VVAL,2022-05-02,76483817000120,CPLE6,15097.146249983656,16249.542684787806,CONT_908_CPLE6_2022-05-02,DISTRIBUTION,0,cache/market.json.gz; B3,0.0,7824.771792320179,,,
VVAL,2022-05-02,60872504000123,ITUB4,1867.7061514754412,1869.0941520469587,ITUB4_2022-05-02_DISTRIBUTION_167,DISTRIBUTION,0,cache/market.json.gz; SQLite corporate_actions/B3,0.0,32.96501357354153,,,
VVAL,2022-05-03,60746948000112,BBDC4,2741.783640884122,2744.6627123232533,BBDC4_2022-05-03_DISTRIBUTION_554,DISTRIBUTION,0,https://www.bradescori.com.br/informacoes-ao-mercado/remuneracao-aos-acionistas/,0.0,52.0248209051008,,,
VVAL,2022-05-12,02474103000119,TBLE3,1370.851090734595,1392.955001679246,TBLE3_2022-05-12_DISTRIBUTION_346,DISTRIBUTION,0,cache/market.json.gz; SQLite corporate_actions/B3,0.0,923.7224383769624,,,
VVAL,2022-05-24,00000000000191,BBAS3,1705.4608774530955,1735.8285087860925,CONT_186_BBAS3_2022-05-24;CONT_187_BBAS3_2022-05-24,DISTRIBUTION,0,cache/market.json.gz; B3,0.0,1147.8964643872887,,,
VVAL,2022-06-01,60872504000123,ITUB4,1883.2274100218158,1884.5167414332543,ITUB4_2022-06-01_DISTRIBUTION_166,DISTRIBUTION,0,cache/market.json.gz; SQLite corporate_actions/B3,0.0,33.238963786885044,,,
VVAL,2022-06-02,60746948000112,BBDC4,2757.273537468698,2759.8855563770467,BBDC4_2022-06-02_DISTRIBUTION_555,DISTRIBUTION,0,https://www.bradescori.com.br/informacoes-ao-mercado/remuneracao-aos-acionistas/,0.0,52.31873873422289,,,
VVAL,2022-06-14,00000000000191,BBAS3,1735.8285087860925,1748.7894837315685,CONT_185_BBAS3_2022-06-14,DISTRIBUTION,0,cache/market.json.gz; B3,0.0,434.45188017235245,,,
VVAL,2022-06-21,60746948000112,BBDC4,2759.8855563770467,2788.9939645118843,BBDC4_2022-06-21_DISTRIBUTION_556,DISTRIBUTION,0,https://www.bradescori.com.br/informacoes-ao-mercado/remuneracao-aos-acionistas/,0.0,542.5807276333725,,,
VVAL,2022-06-22,17281106000103,CSMG3,2784.7910223984386,2817.667609856285,CONT_2384_CSMG3_2022-06-22,DISTRIBUTION,0,CSMG_RI;B3_ESPEC,0.0,390.24509312463294,,,
VVAL,2022-07-01,60872504000123,ITUB4,1897.6741600288767,1899.1399783625534,ITUB4_2022-07-01_DISTRIBUTION_165,DISTRIBUTION,0,cache/market.json.gz; SQLite corporate_actions/B3,0.0,33.493948924509674,,,
VVAL,2022-07-01,76484013000145,SAPR4,13063.56124127229,13433.100884237723,CONT_2768_SAPR4_2022-07-01,DISTRIBUTION,0,https://ri.sanepar.com.br/docs/Sanepar-2025-12-18-cW6NmzgB.pdf,0.0,1374.687471831411,,,
VVAL,2022-07-04,60746948000112,BBDC4,2796.0344339355106,2799.1315862613337,BBDC4_2022-07-04_DISTRIBUTION_557,DISTRIBUTION,0,https://www.bradescori.com.br/informacoes-ao-mercado/remuneracao-aos-acionistas/,0.0,53.05421934134943,,,
VVAL,2022-08-01,60872504000123,ITUB4,1905.5798854096345,1907.0129269510694,ITUB4_2022-08-01_DISTRIBUTION_164,DISTRIBUTION,0,cache/market.json.gz; SQLite corporate_actions/B3,0.0,33.633484977480045,,,
VVAL,2022-08-02,60746948000112,BBDC4,2808.33123084932,2811.3469381902423,BBDC4_2022-08-02_DISTRIBUTION_558,DISTRIBUTION,0,https://www.bradescori.com.br/informacoes-ao-mercado/remuneracao-aos-acionistas/,0.0,53.28754871410075,,,
VVAL,2022-08-15,90400888000142,SANB4,177.12797481403842,179.83027232964548,CONT_2283_SANB4_2022-08-15,DISTRIBUTION,0,cache/market.json.gz; B3,0.0,42.42607099503099,,,
VVAL,2022-08-17,02474103000119,TBLE3,1395.7915502198161,1418.9323568974073,TBLE3_2022-08-17_DISTRIBUTION_345,DISTRIBUTION,0,cache/market.json.gz; SQLite corporate_actions/B3,0.0,988.575261266693,,,
VVAL,2022-08-18,17344597000194,BBSE3,2312.250212966897,2395.807735830908,CONT_2555_BBSE3_2022-08-18,DISTRIBUTION,0,BBSE_DIV,0.0,2395.594180511188,,,
VVAL,2022-08-19,60872504000123,ITUB4,1912.9876737043328,1934.9970851904582,ITUB4_2022-08-19_DISTRIBUTION_163,DISTRIBUTION,0,cache/market.json.gz; SQLite corporate_actions/B3,0.0,586.330721990378,,,
VVAL,2022-08-23,00000000000191,BBAS3,1748.7894837315685,1773.3583009834704,CONT_183_BBAS3_2022-08-23;CONT_184_BBAS3_2022-08-23,DISTRIBUTION,0,cache/market.json.gz; B3,0.0,1020.0972922989633,,,
VVAL,2022-08-31,02149205000169,PSSA3,2367.6669292069355,2437.5757879851944,CONT_2770_PSSA3_2022-08-31,DISTRIBUTION,0,https://api.mziq.com/mzfilemanager/v2/d/b77a3922-d280-4451-b3ee-0afec4577834/4283e85d-e75d-f77c-2344-92e1a5e53405?origin=2;https://api.mziq.com/mzfilemanager/v2/d/b77a3922-d280-4451-b3ee-0afec4577834/7c50ca38-1ebc-6181-44f4-b4691917af27?origin=2;https://api.mziq.com/mzfilemanager/v2/d/b77a3922-d280-4451-b3ee-0afec4577834/41d3f69d-2eaf-9718-f70f-a7a11423b31a?origin=2,0.0,1475.776008809051,,,
VVAL,2022-09-01,60872504000123,ITUB4,1934.9970851904582,1936.301121026793,ITUB4_2022-09-01_DISTRIBUTION_162,DISTRIBUTION,0,cache/market.json.gz; SQLite corporate_actions/B3,0.0,34.152698553611586,,,
VVAL,2022-09-02,60746948000112,BBDC4,2818.1975024874346,2820.966780547195,BBDC4_2022-09-02_DISTRIBUTION_559,DISTRIBUTION,0,https://www.bradescori.com.br/informacoes-ao-mercado/remuneracao-aos-acionistas/,0.0,53.474759333976095,,,
VVAL,2022-09-13,00000000000191,BBAS3,1773.3583009834704,1785.4276978802507,CONT_182_BBAS3_2022-09-13,DISTRIBUTION,0,cache/market.json.gz; B3,0.0,485.43114318850365,,,
VVAL,2022-09-21,17281106000103,CSMG3,2935.947350071604,2969.184859317703,CONT_2455_CSMG3_2022-09-21,DISTRIBUTION,0,CSMG_RI_V4,0.0,454.68912648663263,,,
VVAL,2022-10-03,60872504000123,ITUB4,1940.2627501820598,1941.4138640489746,ITUB4_2022-10-03_DISTRIBUTION_161,DISTRIBUTION,0,cache/market.json.gz; SQLite corporate_actions/B3,0.0,34.24563754071335,,,
VVAL,2022-10-04,60746948000112,BBDC4,2823.1503595155596,2825.6795728701436,BBDC4_2022-10-04_DISTRIBUTION_560,DISTRIBUTION,0,https://www.bradescori.com.br/informacoes-ao-mercado/remuneracao-aos-acionistas/,0.0,53.56873885008907,,,
VVAL,2022-10-24,90400888000142,SANB4,352.42613207463194,357.7382030187451,CONT_2281_SANB4_2022-10-24;CONT_2282_SANB4_2022-10-24,DISTRIBUTION,0,cache/market.json.gz; B3,0.0,84.40880730195772,,,
VVAL,2022-11-01,02149205000169,PSSA3,2444.432966553799,2453.5978735484373,CONT_2774_PSSA3_2022-11-01,DISTRIBUTION,0,https://api.mziq.com/mzfilemanager/v2/d/b77a3922-d280-4451-b3ee-0afec4577834/93c93bbe-d850-f472-be6b-d36e031cbee7?origin=2;https://api.mziq.com/mzfilemanager/v2/d/b77a3922-d280-4451-b3ee-0afec4577834/41d3f69d-2eaf-9718-f70f-a7a11423b31a?origin=2;https://api.mziq.com/mzfilemanager/v2/d/b77a3922-d280-4451-b3ee-0afec4577834/478c2702-5245-8bef-9e67-f34653abeda5?origin=2,0.0,214.5504727444818,,,
VVAL,2022-11-01,60872504000123,ITUB4,1941.4138640489746,1942.5388133168822,ITUB4_2022-11-01_DISTRIBUTION_160,DISTRIBUTION,0,cache/market.json.gz; SQLite corporate_actions/B3,0.0,34.2659547004644,,,
VVAL,2022-11-03,60746948000112,BBDC4,2834.4800755943543,2837.2227435213663,BBDC4_2022-11-03_DISTRIBUTION_561,DISTRIBUTION,0,https://www.bradescori.com.br/informacoes-ao-mercado/remuneracao-aos-acionistas/,0.0,53.78371804870843,,,
VVAL,2022-11-22,76483817000120,CPLE6,16249.542684787806,16523.193030248174,CONT_907_CPLE6_2022-11-22,DISTRIBUTION,0,cache/market.json.gz; B3,0.0,2276.7708742302593,,,
VVAL,2022-11-22,02474103000119,TBLE3,1426.2002372263535,1446.9811160983686,TBLE3_2022-11-22_DISTRIBUTION_344,DISTRIBUTION,0,cache/market.json.gz; SQLite corporate_actions/B3,0.0,826.4555527400402,,,
VVAL,2022-11-22,00000000000191,BBAS3,1785.4276978802507,1827.6340621502543,CONT_180_BBAS3_2022-11-22;CONT_181_BBAS3_2022-11-22,DISTRIBUTION,0,cache/market.json.gz; B3,0.0,1436.7046397509262,,,
VVAL,2022-12-01,60872504000123,ITUB4,1943.0722706287454,1944.3923331990532,ITUB4_2022-12-01_DISTRIBUTION_159,DISTRIBUTION,0,cache/market.json.gz; SQLite corporate_actions/B3,0.0,34.29522557659735,,,
VVAL,2022-12-02,60746948000112,BBDC4,2863.177859770238,2866.7125541763644,BBDC4_2022-12-02_DISTRIBUTION_562,DISTRIBUTION,0,https://www.bradescori.com.br/informacoes-ao-mercado/remuneracao-aos-acionistas/,0.0,54.328253022169044,,,
VVAL,2022-12-09,60872504000123,ITUB4,1951.0263898209432,1990.013237753666,ITUB4_2022-12-09_DISTRIBUTION_158,DISTRIBUTION,0,cache/market.json.gz; SQLite corporate_actions/B3,0.0,948.5500102031461,,,
VVAL,2022-12-13,00000000000191,BBAS3,1827.6340621502543,1847.4549524577653,CONT_179_BBAS3_2022-12-13,DISTRIBUTION,0,cache/market.json.gz; B3,0.0,631.4935651973033,,,
VVAL,2022-12-23,02474103000119,TBLE3,1449.172347979711,1458.4981751565526,TBLE3_2022-12-23_DISTRIBUTION_343,DISTRIBUTION,0,cache/market.json.gz; SQLite corporate_actions/B3,0.0,355.2207571658994,,,
VVAL,2023-01-02,60872504000123,ITUB4,1990.013237753666,1991.4474449258323,ITUB4_2023-01-02_DISTRIBUTION_157,DISTRIBUTION,0,cache/market.json.gz; SQLite corporate_actions/B3,0.0,35.12373364635221,,,
VVAL,2023-01-02,76484013000145,SAPR4,13719.654502234569,14475.199144529439,CONT_2776_SAPR4_2023-01-02,DISTRIBUTION,0,https://ri.sanepar.com.br/docs/Sanepar-2025-12-18-cW6NmzgB.pdf,0.0,2606.6290159173,,,
VVAL,2023-01-03,60746948000112,BBDC4,2893.6157849198735,2897.537628265462,BBDC4_2023-01-03_DISTRIBUTION_535,DISTRIBUTION,0,https://www.bradescori.com.br/informacoes-ao-mercado/remuneracao-aos-acionistas/,0.0,54.90580683823968,,,
VVAL,2023-01-03,03983431000103,ENBR3,3198.6625428994976,3390.8564273676416,CONT_2389_ENBR3_2023-01-03,DISTRIBUTION,0,EDP_RI;EDP_APR2023,0.0,3680.5128875649543,,,
VVAL,2023-01-09,60746948000112,BBDC4,2897.537628265462,3013.6392738425184,BBDC4_2023-01-09_DISTRIBUTION_563,DISTRIBUTION,0,https://www.bradescori.com.br/informacoes-ao-mercado/remuneracao-aos-acionistas/,0.0,1690.4399596019387,,,
VVAL,2023-01-27,90400888000142,SANB4,606.5108971934508,616.1074026195374,CONT_2280_SANB4_2023-01-27,DISTRIBUTION,0,cache/market.json.gz; B3,0.0,145.3870572052119,,,
VVAL,2023-02-01,60872504000123,ITUB4,1998.7153752074644,2000.1275980406274,ITUB4_2023-02-01_DISTRIBUTION_156,DISTRIBUTION,0,cache/market.json.gz; SQLite corporate_actions/B3,0.0,35.27732637241174,,,
VVAL,2023-02-02,60746948000112,BBDC4,3045.9079086438587,3050.0539287871948,BBDC4_2023-02-02_DISTRIBUTION_536,DISTRIBUTION,0,https://www.bradescori.com.br/informacoes-ao-mercado/remuneracao-aos-acionistas/,0.0,57.795520798106665,,,
VVAL,2023-02-15,17344597000194,BBSE3,2395.807735830908,2521.9663911888333,CONT_2554_BBSE3_2023-02-15,DISTRIBUTION,0,BBSE_DIV,0.0,4407.983418205908,,,
VVAL,2023-02-24,00000000000191,BBAS3,1847.4549524577653,1874.2079803764695,CONT_177_BBAS3_2023-02-24;CONT_178_BBAS3_2023-02-24,DISTRIBUTION,0,cache/market.json.gz; B3,0.0,1082.9625701491477,,,
VVAL,2023-03-01,60872504000123,ITUB4,2007.9365335941459,2009.3541367868634,ITUB4_2023-03-01_DISTRIBUTION_155,DISTRIBUTION,0,cache/market.json.gz; SQLite corporate_actions/B3,0.0,35.44007981793667,,,
VVAL,2023-03-02,60746948000112,BBDC4,3087.6764042089253,3092.257175907414,BBDC4_2023-03-02_DISTRIBUTION_537,DISTRIBUTION,0,https://www.bradescori.com.br/informacoes-ao-mercado/remuneracao-aos-acionistas/,0.0,58.58807002367115,,,
VVAL,2023-03-14,00000000000191,BBAS3,1874.2079803764695,1891.797703201639,CONT_176_BBAS3_2023-03-14,DISTRIBUTION,0,cache/market.json.gz; B3,0.0,659.7905031721034,,,
VVAL,2023-03-23,17281106000103,CSMG3,3106.6468162472706,3310.2340446842027,CONT_2456_CSMG3_2023-03-23;CONT_2457_CSMG3_2023-03-23,DISTRIBUTION,0,CSMG_RI_V4,0.0,3088.4182553882583,,,
VVAL,2023-03-24,60872504000123,ITUB4,2017.0281403315912,2039.7870280476495,ITUB4_2023-03-24_DISTRIBUTION_154,DISTRIBUTION,0,cache/market.json.gz; SQLite corporate_actions/B3,0.0,528.4613727668769,,,
VVAL,2023-04-03,60872504000123,ITUB4,2039.7870280476495,2041.2852486487748,ITUB4_2023-04-03_DISTRIBUTION_153,DISTRIBUTION,0,cache/market.json.gz; SQLite corporate_actions/B3,0.0,36.00224104504101,,,
VVAL,2023-04-04,60746948000112,BBDC4,3131.5450445540155,3136.0774983370293,BBDC4_2023-04-04_DISTRIBUTION_538,DISTRIBUTION,0,https://www.bradescori.com.br/informacoes-ao-mercado/remuneracao-aos-acionistas/,0.0,59.42046909530893,,,
VVAL,2023-04-12,03983431000103,ENBR3,3390.8564273676416,3432.5064349960658,CONT_2390_ENBR3_2023-04-12,DISTRIBUTION,0,EDP_RI;EDP_APR2023,0.0,913.3846672913438,,,
VVAL,2023-04-25,90400888000142,SANB4,852.4141778156583,865.0409181210636,CONT_2279_SANB4_2023-04-25,DISTRIBUTION,0,cache/market.json.gz; B3,0.0,180.05731675507994,,,
VVAL,2023-05-02,43776517000180,SBSP3,1368.623446647829,1407.8852163852982,CONT_2438_SBSP3_2023-05-02,DISTRIBUTION,0,SBSP_2021;SBSP_2022;SBSP_2023;SBSP_2024,0.0,1746.3635179226299,,,
VVAL,2023-05-02,60872504000123,ITUB4,2051.11206842308,2052.5659691462797,ITUB4_2023-05-02_DISTRIBUTION_152,DISTRIBUTION,0,cache/market.json.gz; SQLite corporate_actions/B3,0.0,36.20212800766736,,,
VVAL,2023-05-03,60746948000112,BBDC4,3171.246299828637,3175.6225756709064,BBDC4_2023-05-03_DISTRIBUTION_539,DISTRIBUTION,0,https://www.bradescori.com.br/informacoes-ao-mercado/remuneracao-aos-acionistas/,0.0,60.17379283120511,,,
VVAL,2023-05-09,02474103000119,TBLE3,1471.8020579836336,1533.5637461204874,TBLE3_2023-05-09_DISTRIBUTION_342,DISTRIBUTION,0,cache/market.json.gz; SQLite corporate_actions/B3,0.0,2624.8717458162887,,,
VVAL,2023-06-01,60872504000123,ITUB4,2062.3297569668343,2063.6930573492486,ITUB4_2023-06-01_DISTRIBUTION_151,DISTRIBUTION,0,cache/market.json.gz; SQLite corporate_actions/B3,0.0,36.40012021046462,,,
VVAL,2023-06-02,60746948000112,BBDC4,3203.51023974625,3207.2998903029043,BBDC4_2023-06-02_DISTRIBUTION_540,DISTRIBUTION,0,https://www.bradescori.com.br/informacoes-ao-mercado/remuneracao-aos-acionistas/,0.0,60.7859949287293,,,
VVAL,2023-06-02,00000000000191,BBAS3,1891.797703201639,1924.57542119652,CONT_174_BBAS3_2023-06-02;CONT_175_BBAS3_2023-06-02,DISTRIBUTION,0,cache/market.json.gz; B3,0.0,1470.73620643031,,,
VVAL,2023-06-13,00000000000191,BBAS3,1924.57542119652,1937.979813480134,CONT_173_BBAS3_2023-06-13,DISTRIBUTION,0,cache/market.json.gz; B3,0.0,651.7215528293085,,,
VVAL,2023-06-20,60872504000123,ITUB4,2072.0895577288366,2091.2758389952896,ITUB4_2023-06-20_DISTRIBUTION_150,DISTRIBUTION,0,cache/market.json.gz; SQLite corporate_actions/B3,0.0,551.7974492231891,,,
VVAL,2023-06-22,17281106000103,CSMG3,3334.061933933143,3389.5342133052477,CONT_2458_CSMG3_2023-06-22,DISTRIBUTION,0,CSMG_RI_V4,0.0,1129.9703308097771,,,
VVAL,2023-06-27,60746948000112,BBDC4,3207.2998903029043,3245.8770192837396,BBDC4_2023-06-27_DISTRIBUTION_541,DISTRIBUTION,0,https://www.bradescori.com.br/informacoes-ao-mercado/remuneracao-aos-acionistas/,0.0,631.5076014162753,,,
VVAL,2023-06-30,02149205000169,PSSA3,2484.7605651194926,2536.842349273339,CONT_2786_PSSA3_2023-06-30,DISTRIBUTION,0,https://api.mziq.com/mzfilemanager/v2/d/b77a3922-d280-4451-b3ee-0afec4577834/48f3e545-5f5b-0f87-1454-e0d6df50b7a5?origin=2;https://api.mziq.com/mzfilemanager/v2/d/b77a3922-d280-4451-b3ee-0afec4577834/3ada0e5c-8000-0a0c-803a-056115098836?origin=2,0.0,1464.5397704061586,,,
VVAL,2023-07-03,60872504000123,ITUB4,2091.2758389952896,2092.550390741086,ITUB4_2023-07-03_DISTRIBUTION_149,DISTRIBUTION,0,cache/market.json.gz; SQLite corporate_actions/B3,0.0,36.91101855826686,,,
VVAL,2023-07-03,76484013000145,SAPR4,14731.72371265922,15367.662813881612,CONT_2787_SAPR4_2023-07-03,DISTRIBUTION,0,https://ri.sanepar.com.br/docs/Sanepar-2025-12-18-cW6NmzgB.pdf,0.0,2702.741180195167,,,
VVAL,2023-07-04,60746948000112,BBDC4,3274.672964701661,3278.4296934829595,BBDC4_2023-07-04_DISTRIBUTION_542,DISTRIBUTION,0,https://www.bradescori.com.br/informacoes-ao-mercado/remuneracao-aos-acionistas/,0.0,62.136294042677754,,,
VVAL,2023-07-21,90400888000142,SANB4,1111.5882347962672,1126.4522997192662,CONT_2278_SANB4_2023-07-21,DISTRIBUTION,0,cache/market.json.gz; B3,0.0,234.85222578338423,,,
VVAL,2023-08-01,60872504000123,ITUB4,2099.780886580188,2101.0717654603045,ITUB4_2023-08-01_DISTRIBUTION_148,DISTRIBUTION,0,cache/market.json.gz; SQLite corporate_actions/B3,0.0,37.061132648140315,,,
VVAL,2023-08-02,60746948000112,BBDC4,3304.3772324585198,3308.1384758208383,BBDC4_2023-08-02_DISTRIBUTION_543,DISTRIBUTION,0,https://www.bradescori.com.br/informacoes-ao-mercado/remuneracao-aos-acionistas/,0.0,62.69992684984901,,,
VVAL,2023-08-17,17344597000194,BBSE3,2521.9663911888333,2658.6624761679864,CONT_2553_BBSE3_2023-08-17,DISTRIBUTION,0,BBSE_DIV,0.0,4054.405880481675,,,
VVAL,2023-08-22,02474103000119,TBLE3,1540.3332093559104,1575.4445465213296,TBLE3_2023-08-22_DISTRIBUTION_341,DISTRIBUTION,0,cache/market.json.gz; SQLite corporate_actions/B3,0.0,1448.342658073541,,,
VVAL,2023-08-22,00000000000191,BBAS3,1937.979813480134,1965.0025782396394,CONT_171_BBAS3_2023-08-22;CONT_172_BBAS3_2023-08-22,DISTRIBUTION,0,cache/market.json.gz; B3,0.0,1296.282025513479,,,
VVAL,2023-09-01,60872504000123,ITUB4,2107.036991980751,2108.381990277621,ITUB4_2023-09-01_DISTRIBUTION_147,DISTRIBUTION,0,cache/market.json.gz; SQLite corporate_actions/B3,0.0,37.18920290846025,,,
VVAL,2023-09-04,60746948000112,BBDC4,3308.1384758208383,3312.3513144600497,BBDC4_2023-09-04_DISTRIBUTION_544,DISTRIBUTION,0,https://www.bradescori.com.br/informacoes-ao-mercado/remuneracao-aos-acionistas/,0.0,62.77129572425152,,,
VVAL,2023-09-11,60872504000123,XPBR31,41.591923889344784,42.563271043128154,XPBR31_2023-09-11_DISTRIBUTION_687,DISTRIBUTION,0,https://api.mziq.com/mzfilemanager/v2/d/d1820734-8b3f-4a23-8642-331a3a8561a6/974f8122-1809-7583-6d0a-c5e21b2004b8?origin=1,0.0,119.08716105384089,,,
VVAL,2023-09-12,00000000000191,BBAS3,1965.0025782396394,1978.886265086945,CONT_170_BBAS3_2023-09-12,DISTRIBUTION,0,cache/market.json.gz; B3,0.0,656.6983878775554,,,
VVAL,2023-09-13,03983431000103,ENBR3,3432.5064349960658,0,EDP_REDEMPTION_20230913,REDEMPTION,0,originals/edp_redemption_2023.bin.gz,83169.63091995468,0.0,,,
VVAL,2023-09-13,REDEMPTION_CASH,,0,0,EDP_REDEMPTION_20230913,REDEMPTION_CASH,0,Accepted compulsory redemption,,,83169.63091995468,80689.9288342724,INVESTED
VVAL,2023-09-19,60872504000123,ITUB4,2411.6412252145365,2435.553411589731,ITUB4_2023-09-19_DISTRIBUTION_146,DISTRIBUTION,0,cache/market.json.gz; SQLite corporate_actions/B3,0.0,649.4549819502746,,,
VVAL,2023-09-22,17281106000103,CSMG3,3856.43882410102,3930.92357559259,CONT_2459_CSMG3_2023-09-22,DISTRIBUTION,0,CSMG_RI_V4,0.0,1296.0346759533195,,,
VVAL,2023-09-29,02149205000169,PSSA3,2760.0731949183737,2790.6964658466077,CONT_2792_PSSA3_2023-09-29,DISTRIBUTION,0,https://api.mziq.com/mzfilemanager/v2/d/b77a3922-d280-4451-b3ee-0afec4577834/278b0bbf-318b-7e48-5e64-4da0386b1ef5?origin=2;https://api.mziq.com/mzfilemanager/v2/d/b77a3922-d280-4451-b3ee-0afec4577834/3ada0e5c-8000-0a0c-803a-056115098836?origin=2,0.0,805.0857927032669,,,
VVAL,2023-10-02,76483817000120,CPLE6,16523.193030248174,16858.101916971664,CONT_906_CPLE6_2023-10-02,DISTRIBUTION,0,cache/market.json.gz; B3,0.0,2890.2636924237195,,,
VVAL,2023-10-02,60872504000123,ITUB4,2435.553411589731,2437.1490878226396,ITUB4_2023-10-02_DISTRIBUTION_145,DISTRIBUTION,0,cache/market.json.gz; SQLite corporate_actions/B3,0.0,42.98751771455875,,,
VVAL,2023-10-03,60746948000112,BBDC4,4388.837239033358,4394.824108073095,BBDC4_2023-10-03_DISTRIBUTION_545,DISTRIBUTION,0,https://www.bradescori.com.br/informacoes-ao-mercado/remuneracao-aos-acionistas/,0.0,83.27734834274531,,,
VVAL,2023-10-20,90400888000142,SANB4,3465.649933427368,3518.5579354924366,CONT_2276_SANB4_2023-10-20;CONT_2277_SANB4_2023-10-20,DISTRIBUTION,0,cache/market.json.gz; B3,0.0,732.2467485805478,,,
VVAL,2023-11-01,60872504000123,ITUB4,2446.111615443009,2447.700058048328,ITUB4_2023-11-01_DISTRIBUTION_144,DISTRIBUTION,0,cache/market.json.gz; SQLite corporate_actions/B3,0.0,43.17387001256911,,,
VVAL,2023-11-03,60746948000112,BBDC4,4428.258584755113,4433.947505597925,BBDC4_2023-11-03_DISTRIBUTION_546,DISTRIBUTION,0,https://www.bradescori.com.br/informacoes-ao-mercado/remuneracao-aos-acionistas/,0.0,84.02536084833856,,,
VVAL,2023-11-22,00000000000191,BBAS3,1978.886265086945,2009.5603888914895,CONT_168_BBAS3_2023-11-22;CONT_169_BBAS3_2023-11-22,DISTRIBUTION,0,cache/market.json.gz; B3,0.0,1559.7791954610868,,,
VVAL,2023-12-01,60872504000123,ITUB4,2456.338944433105,2457.715274032129,ITUB4_2023-12-01_DISTRIBUTION_143,DISTRIBUTION,0,cache/market.json.gz; SQLite corporate_actions/B3,0.0,43.354382369244306,,,
VVAL,2023-12-04,60746948000112,BBDC4,4459.975196582163,4465.205553658794,BBDC4_2023-12-04_DISTRIBUTION_547,DISTRIBUTION,0,https://www.bradescori.com.br/informacoes-ao-mercado/remuneracao-aos-acionistas/,0.0,84.627177499884,,,
VVAL,2023-12-07,60872504000123,ITUB4,2463.1495068483146,2482.4091236754234,ITUB4_2023-12-07_DISTRIBUTION_142,DISTRIBUTION,0,cache/market.json.gz; SQLite corporate_actions/B3,0.0,608.9890840731773,,,
VVAL,2023-12-12,00000000000191,BBAS3,2009.5603888914895,2022.6629702902603,CONT_167_BBAS3_2023-12-12,DISTRIBUTION,0,cache/market.json.gz; B3,0.0,687.8855234354719,,,
VVAL,2023-12-12,60872504000123,XPBR31,42.563271043128154,43.931686648108354,XPBR31_2023-12-12_DISTRIBUTION_688,DISTRIBUTION,0,https://api.mziq.com/mzfilemanager/v2/d/d1820734-8b3f-4a23-8642-331a3a8561a6/bcf8391a-ada6-8146-717d-479c39aa4bd9?origin=1,0.0,153.72780906347603,,,
VVAL,2023-12-14,17281106000103,CSMG3,3989.235470762816,4185.954644714545,CONT_2460_CSMG3_2023-12-14,DISTRIBUTION,0,CSMG_RI_V4,0.0,3918.645945118433,,,
VVAL,2023-12-22,60746948000112,BBDC4,4465.205553658794,4647.990446037297,BBDC4_2023-12-22_DISTRIBUTION_548;BBDC4_2023-12-22_DISTRIBUTION_549,DISTRIBUTION,0,https://www.bradescori.com.br/informacoes-ao-mercado/remuneracao-aos-acionistas/,0.0,3076.269738730202,,,
VVAL,2023-12-22,02474103000119,TBLE3,1762.6120989417802,1769.6400773160867,TBLE3_2023-12-22_DISTRIBUTION_340,DISTRIBUTION,0,cache/market.json.gz; SQLite corporate_actions/B3,0.0,313.23699614283555,,,
VVAL,2023-12-22,17281106000103,CSMG3,4185.954644714545,4235.1894276256235,CONT_2461_CSMG3_2023-12-22,DISTRIBUTION,0,CSMG_RI_V4,0.0,1011.2824409935587,,,
VVAL,2023-12-28,02149205000169,PSSA3,2809.566504682315,2861.399848653948,CONT_2796_PSSA3_2023-12-28,DISTRIBUTION,0,https://api.mziq.com/mzfilemanager/v2/d/b77a3922-d280-4451-b3ee-0afec4577834/f7090ee5-156b-83e5-90db-4d562bf4c5da?origin=2,0.0,1489.6903057447262,,,
VVAL,2024-01-02,60872504000123,ITUB4,2482.4091236754234,2483.716239458027,ITUB4_2024-01-02_DISTRIBUTION_141,DISTRIBUTION,0,cache/market.json.gz; SQLite corporate_actions/B3,0.0,43.81452103287122,,,
VVAL,2024-01-02,76484013000145,SAPR4,16276.320134305724,16633.304801392227,CONT_2797_SAPR4_2024-01-02,DISTRIBUTION,0,https://ri.sanepar.com.br/docs/Sanepar-2025-12-18-cW6NmzgB.pdf,0.0,2038.3824490639217,,,
VVAL,2024-01-03,60746948000112,BBDC4,4673.181309690838,4678.475203587778,BBDC4_2024-01-03_DISTRIBUTION_520,DISTRIBUTION,0,https://www.bradescori.com.br/informacoes-ao-mercado/remuneracao-aos-acionistas/,0.0,88.67272277375349,,,
VVAL,2024-01-22,90400888000142,SANB4,3670.178884943813,3718.8883014053863,CONT_2275_SANB4_2024-01-22,DISTRIBUTION,0,cache/market.json.gz; B3,0.0,774.4797217390126,,,
VVAL,2024-02-01,60872504000123,ITUB4,2488.37460620612,2489.7181305805325,ITUB4_2024-02-01_DISTRIBUTION_140,DISTRIBUTION,0,cache/market.json.gz; SQLite corporate_actions/B3,0.0,43.91981179953802,,,
VVAL,2024-02-02,60746948000112,BBDC4,4710.4361645881745,4716.2703438655735,BBDC4_2024-02-02_DISTRIBUTION_521,DISTRIBUTION,0,https://www.bradescori.com.br/informacoes-ao-mercado/remuneracao-aos-acionistas/,0.0,89.37962652975317,,,
VVAL,2024-02-09,17344597000194,BBSE3,2669.9600796010927,2771.081097341325,CONT_2552_BBSE3_2024-02-09,DISTRIBUTION,0,BBSE_DIV,0.0,3315.7581717022117,,,
VVAL,2024-02-22,00000000000191,BBAS3,2022.6629702902603,2044.4052788199133,CONT_165_BBAS3_2024-02-22;CONT_166_BBAS3_2024-02-22,DISTRIBUTION,0,cache/market.json.gz; B3,0.0,1263.2281255728358,,,
VVAL,2024-02-22,60872504000123,ITUB4,2494.9298333115894,2577.105123964537,ITUB4_2024-02-22_DISTRIBUTION_139,DISTRIBUTION,0,cache/market.json.gz; SQLite corporate_actions/B3,0.0,2807.107928704702,,,
VVAL,2024-03-01,60872504000123,ITUB4,2577.105123964537,2578.440196034921,ITUB4_2024-03-01_DISTRIBUTION_138,DISTRIBUTION,0,cache/market.json.gz; SQLite corporate_actions/B3,0.0,45.485905437974075,,,
VVAL,2024-03-04,60746948000112,BBDC4,4761.226901313957,4767.845463296235,BBDC4_2024-03-04_DISTRIBUTION_522,DISTRIBUTION,0,https://www.bradescori.com.br/informacoes-ao-mercado/remuneracao-aos-acionistas/,0.0,90.34337105809416,,,
VVAL,2024-03-12,00000000000191,BBAS3,2044.4052788199133,2058.9587729363666,CONT_164_BBAS3_2024-03-12,DISTRIBUTION,0,cache/market.json.gz; B3,0.0,838.2812611077223,,,
VVAL,2024-03-22,60872504000123,ITUB4,2579.4377128566694,2597.9343925413887,ITUB4_2024-03-22_DISTRIBUTION_137,DISTRIBUTION,0,cache/market.json.gz; SQLite corporate_actions/B3,0.0,623.7080389687426,,,
VVAL,2024-03-26,17281106000103,CSMG3,4256.848541448571,4431.839986593042,CONT_2462_CSMG3_2024-03-26;CONT_2463_CSMG3_2024-03-26;CONT_2464_CSMG3_2024-03-26,DISTRIBUTION,0,CSMG_RI_V4,0.0,3716.8182948685626,,,
VVAL,2024-04-01,02149205000169,PSSA3,2888.544574802457,2925.3256907221057,CONT_2799_PSSA3_2024-04-01;CONT_2800_PSSA3_2024-04-01,DISTRIBUTION,0,https://api.mziq.com/mzfilemanager/v2/d/b77a3922-d280-4451-b3ee-0afec4577834/595d4d3e-f1bf-31d5-9d2d-53b9f100a5b7?origin=2;https://api.mziq.com/mzfilemanager/v2/d/b77a3922-d280-4451-b3ee-0afec4577834/a730da5f-6984-07cc-1fac-1fab6adcd8e6?origin=2;https://api.mziq.com/mzfilemanager/v2/d/b77a3922-d280-4451-b3ee-0afec4577834/c51162ba-772b-3276-e991-5239fc18f0bc?origin=2;https://api.mziq.com/mzfilemanager/v2/d/b77a3922-d280-4451-b3ee-0afec4577834/ba54f038-ceec-de5f-c468-8a33b22d345a?origin=2;https://api.mziq.com/mzfilemanager/v2/d/b77a3922-d280-4451-b3ee-0afec4577834/b5cca7ab-60ac-611f-1138-e8ff6eeaf480?origin=2;https://api.mziq.com/mzfilemanager/v2/d/b77a3922-d280-4451-b3ee-0afec4577834/12d0f45e-e5c8-5f7a-dbc5-3e171187dab9?origin=2,0.0,1135.065237280351,,,
VVAL,2024-04-01,60872504000123,ITUB4,2597.9343925413887,2599.3056109034806,ITUB4_2024-04-01_DISTRIBUTION_136,DISTRIBUTION,0,cache/market.json.gz; SQLite corporate_actions/B3,0.0,45.853542028355506,,,
VVAL,2024-04-02,60746948000112,BBDC4,4811.94845249674,4818.382969960022,BBDC4_2024-04-02_DISTRIBUTION_523,DISTRIBUTION,0,https://www.bradescori.com.br/informacoes-ao-mercado/remuneracao-aos-acionistas/,0.0,91.30580280397122,,,
VVAL,2024-04-16,00000000000191,BBAS3,2058.9587729363666,4117.917545872733,CONT_146_BBAS3_2024-04-16,SHARES,0,cache/market.json.gz; B3,0.0,0.0,,,
VVAL,2024-04-22,90400888000142,SANB4,3880.8054869104812,3938.532941964634,CONT_2274_SANB4_2024-04-22,DISTRIBUTION,0,cache/market.json.gz; B3,0.0,817.9980381173456,,,
VVAL,2024-04-23,76483817000120,CPLE6,16858.101916971664,16941.65200482428,CONT_905_CPLE6_2024-04-23,DISTRIBUTION,0,cache/market.json.gz; B3,0.0,770.3318100011161,,,
VVAL,2024-04-26,43776517000180,SBSP3,1409.1390873963626,1433.801589723042,CONT_2439_SBSP3_2024-04-26,DISTRIBUTION,0,SBSP_2021;SBSP_2022;SBSP_2023;SBSP_2024,0.0,2029.7239414857206,,,
VVAL,2024-04-29,17281106000103,CSMG3,4431.839986593042,4600.7404795380035,CONT_2465_CSMG3_2024-04-29,DISTRIBUTION,0,CSMG_RI_V4,0.0,3506.374233537398,,,
VVAL,2024-05-02,60872504000123,ITUB4,2601.0862895636774,2602.5299742495517,ITUB4_2024-05-02_DISTRIBUTION_135,DISTRIBUTION,0,cache/market.json.gz; SQLite corporate_actions/B3,0.0,45.9091730107989,,,
VVAL,2024-05-03,60746948000112,BBDC4,4864.771494332339,4871.4701960691755,BBDC4_2024-05-03_DISTRIBUTION_524,DISTRIBUTION,0,https://www.bradescori.com.br/informacoes-ao-mercado/remuneracao-aos-acionistas/,0.0,92.3081099336007,,,
VVAL,2024-05-07,02474103000119,TBLE3,1826.0365418592853,1879.3693777904014,TBLE3_2024-05-07_DISTRIBUTION_339,DISTRIBUTION,0,cache/market.json.gz; SQLite corporate_actions/B3,0.0,2225.579243405469,,,
VVAL,2024-06-03,60872504000123,ITUB4,2607.530102546935,2608.993469997172,ITUB4_2024-06-03_DISTRIBUTION_134,DISTRIBUTION,0,cache/market.json.gz; SQLite corporate_actions/B3,0.0,46.0229063099534,,,
VVAL,2024-06-04,60746948000112,BBDC4,4935.639484104887,4942.927641031249,BBDC4_2024-06-04_DISTRIBUTION_525,DISTRIBUTION,0,https://www.bradescori.com.br/informacoes-ao-mercado/remuneracao-aos-acionistas/,0.0,93.65281650374875,,,
VVAL,2024-06-12,00000000000191,BBAS3,4117.917545872733,4188.972127361127,CONT_162_BBAS3_2024-06-12;CONT_163_BBAS3_2024-06-12,DISTRIBUTION,0,cache/market.json.gz; B3,0.0,1885.78859270196,,,
VVAL,2024-06-14,00000000000191,BBAS3,4188.972127361127,4221.318347734338,CONT_161_BBAS3_2024-06-14,DISTRIBUTION,0,cache/market.json.gz; B3,0.0,855.5575288714499,,,
VVAL,2024-06-18,60746948000112,BBDC4,4942.927641031249,5100.660328959157,BBDC4_2024-06-18_DISTRIBUTION_526,DISTRIBUTION,0,https://www.bradescori.com.br/informacoes-ao-mercado/remuneracao-aos-acionistas/,0.0,1952.7306765475057,,,
VVAL,2024-06-21,60872504000123,ITUB4,2615.038776666978,2635.6276955171475,ITUB4_2024-06-21_DISTRIBUTION_133,DISTRIBUTION,0,cache/market.json.gz; SQLite corporate_actions/B3,0.0,656.3747329434115,,,
VVAL,2024-06-26,17281106000103,CSMG3,4606.745017863435,4692.196255906967,CONT_2466_CSMG3_2024-06-26;CONT_2467_CSMG3_2024-06-26,DISTRIBUTION,0,CSMG_RI_V4,0.0,1772.2586770228452,,,
VVAL,2024-07-01,02149205000169,PSSA3,3186.851680253827,3220.1255046659858,CONT_2809_PSSA3_2024-07-01,DISTRIBUTION,0,https://api.mziq.com/mzfilemanager/v2/d/b77a3922-d280-4451-b3ee-0afec4577834/e777cb3f-2ccb-ec02-431c-98d1c9239971?origin=2;https://api.mziq.com/mzfilemanager/v2/d/b77a3922-d280-4451-b3ee-0afec4577834/a730da5f-6984-07cc-1fac-1fab6adcd8e6?origin=2;https://api.mziq.com/mzfilemanager/v2/d/b77a3922-d280-4451-b3ee-0afec4577834/c51162ba-772b-3276-e991-5239fc18f0bc?origin=2,0.0,1017.1808122796916,,,
VVAL,2024-07-01,60872504000123,ITUB4,2897.203992459301,2898.790085836066,ITUB4_2024-07-01_DISTRIBUTION_132,DISTRIBUTION,0,cache/market.json.gz; SQLite corporate_actions/B3,0.0,51.13565046690666,,,
VVAL,2024-07-01,76484013000145,SAPR4,17814.583654361933,18323.619752069313,CONT_2810_SAPR4_2024-07-01,DISTRIBUTION,0,https://ri.sanepar.com.br/docs/Sanepar-2025-12-18-cW6NmzgB.pdf,0.0,2723.343122734475,,,
VVAL,2024-07-02,60746948000112,BBDC4,7139.5672459285,7150.644263494661,BBDC4_2024-07-02_DISTRIBUTION_527,DISTRIBUTION,0,https://www.bradescori.com.br/informacoes-ao-mercado/remuneracao-aos-acionistas/,0.0,135.4719248341493,,,
VVAL,2024-07-22,90400888000142,SANB4,6000.912589304538,6085.202495302264,CONT_2273_SANB4_2024-07-22,DISTRIBUTION,0,cache/market.json.gz; B3,0.0,1265.1914890258581,,,
VVAL,2024-08-01,60872504000123,ITUB4,2905.037005049049,2906.5735319636165,ITUB4_2024-08-01_DISTRIBUTION_131,DISTRIBUTION,0,cache/market.json.gz; SQLite corporate_actions/B3,0.0,51.27390313911572,,,
VVAL,2024-08-02,60746948000112,BBDC4,7198.520093571949,7209.317765023189,BBDC4_2024-08-02_DISTRIBUTION_528,DISTRIBUTION,0,https://www.bradescori.com.br/informacoes-ao-mercado/remuneracao-aos-acionistas/,0.0,136.59054385818985,,,
VVAL,2024-08-19,17344597000194,BBSE3,3011.740558211547,3127.9418262803515,CONT_2551_BBSE3_2024-08-19,DISTRIBUTION,0,BBSE_DIV,0.0,4189.055713880397,,,
VVAL,2024-08-22,02474103000119,TBLE3,2176.733280289522,2230.8202762466994,TBLE3_2024-08-22_DISTRIBUTION_338,DISTRIBUTION,0,cache/market.json.gz; SQLite corporate_actions/B3,0.0,2488.5426839897323,,,
VVAL,2024-08-22,00000000000191,BBAS3,4221.318347734338,4269.557893700417,CONT_159_BBAS3_2024-08-22;CONT_160_BBAS3_2024-08-22,DISTRIBUTION,0,cache/market.json.gz; B3,0.0,1351.1896825098522,,,
VVAL,2024-09-02,60872504000123,ITUB4,2913.0747554100894,2914.487664710254,ITUB4_2024-09-02_DISTRIBUTION_130,DISTRIBUTION,0,cache/market.json.gz; SQLite corporate_actions/B3,0.0,51.41576943298808,,,
VVAL,2024-09-03,60746948000112,BBDC4,7220.94910033601,7229.648537159985,BBDC4_2024-09-03_DISTRIBUTION_529,DISTRIBUTION,0,https://www.bradescori.com.br/informacoes-ao-mercado/remuneracao-aos-acionistas/,0.0,137.01612997759761,,,
VVAL,2024-09-12,00000000000191,BBAS3,4269.557893700417,4297.77992513743,CONT_158_BBAS3_2024-09-12,DISTRIBUTION,0,cache/market.json.gz; B3,0.0,796.7079474668822,,,
VVAL,2024-09-18,17281106000103,CSMG3,4884.112022845324,4951.470277005062,CONT_2468_CSMG3_2024-09-18;CONT_2469_CSMG3_2024-09-18,DISTRIBUTION,0,CSMG_RI_V4,0.0,1725.0448890308858,,,
VVAL,2024-09-20,60872504000123,ITUB4,2921.3943560594194,2943.589798066575,ITUB4_2024-09-20_DISTRIBUTION_129,DISTRIBUTION,0,cache/market.json.gz; SQLite corporate_actions/B3,0.0,797.4822313171003,,,
VVAL,2024-09-30,02149205000169,PSSA3,3235.263587328874,3271.6290820288946,CONT_2814_PSSA3_2024-09-30,DISTRIBUTION,0,https://api.mziq.com/mzfilemanager/v2/d/b77a3922-d280-4451-b3ee-0afec4577834/570ca052-e3e2-0149-87a1-af4b28a97d7e?origin=2;https://api.mziq.com/mzfilemanager/v2/d/b77a3922-d280-4451-b3ee-0afec4577834/a730da5f-6984-07cc-1fac-1fab6adcd8e6?origin=2;https://api.mziq.com/mzfilemanager/v2/d/b77a3922-d280-4451-b3ee-0afec4577834/c51162ba-772b-3276-e991-5239fc18f0bc?origin=2,0.0,1325.885936762738,,,
VVAL,2024-10-01,60746948000112,BBDC4,7229.648537159985,7326.861345752801,BBDC4_2024-10-01_DISTRIBUTION_530,DISTRIBUTION,0,https://www.bradescori.com.br/informacoes-ao-mercado/remuneracao-aos-acionistas/,0.0,1428.0561582284633,,,
VVAL,2024-10-01,76483817000120,CPLE6,16941.65200482428,17226.843042462544,CONT_903_CPLE6_2024-10-01;CONT_904_CPLE6_2024-10-01,DISTRIBUTION,0,cache/market.json.gz; B3,0.0,2869.021838640938,,,
VVAL,2024-10-01,60872504000123,ITUB4,2943.589798066575,2945.05330116336,ITUB4_2024-10-01_DISTRIBUTION_128,DISTRIBUTION,0,cache/market.json.gz; SQLite corporate_actions/B3,0.0,51.95435993587505,,,
VVAL,2024-10-02,60746948000112,BBDC4,7345.432205984705,7354.601822638061,BBDC4_2024-10-02_DISTRIBUTION_531,DISTRIBUTION,0,https://www.bradescori.com.br/informacoes-ao-mercado/remuneracao-aos-acionistas/,0.0,139.37817313100842,,,
VVAL,2024-10-18,90400888000142,SANB4,6221.196193864829,6308.925827998665,CONT_2271_SANB4_2024-10-18;CONT_2272_SANB4_2024-10-18,DISTRIBUTION,0,cache/market.json.gz; B3,0.0,1311.5580303008455,,,
VVAL,2024-11-01,60872504000123,ITUB4,2951.445036561508,2952.9415319621203,ITUB4_2024-11-01_DISTRIBUTION_127,DISTRIBUTION,0,cache/market.json.gz; SQLite corporate_actions/B3,0.0,52.093004895310614,,,
VVAL,2024-11-04,60746948000112,BBDC4,7374.132001484191,7384.048567484826,BBDC4_2024-11-04_DISTRIBUTION_532,DISTRIBUTION,0,https://www.bradescori.com.br/informacoes-ao-mercado/remuneracao-aos-acionistas/,0.0,139.92274626895025,,,
VVAL,2024-11-26,00000000000191,BBAS3,4297.77992513743,4378.696760420982,CONT_157_BBAS3_2024-11-26,DISTRIBUTION,0,cache/market.json.gz; B3,0.0,2077.1351617287755,,,
VVAL,2024-12-02,60872504000123,ITUB4,2957.4962078538024,2959.1213575446063,ITUB4_2024-12-02_DISTRIBUTION_126,DISTRIBUTION,0,cache/market.json.gz; SQLite corporate_actions/B3,0.0,52.19980806861961,,,
VVAL,2024-12-03,60746948000112,BBDC4,7426.456207163472,7437.912759039715,BBDC4_2024-12-03_DISTRIBUTION_533,DISTRIBUTION,0,https://www.bradescori.com.br/informacoes-ao-mercado/remuneracao-aos-acionistas/,0.0,140.9155880777913,,,
VVAL,2024-12-10,60872504000123,ITUB4,2969.1153185756525,2997.065862781074,ITUB4_2024-12-10_DISTRIBUTION_125;XPBR31_2024-12-10_DISTRIBUTION_689,DISTRIBUTION,0,cache/market.json.gz; SQLite corporate_actions/B3;https://www.sec.gov/Archives/edgar/data/1787425/000095010324016520/dp220822_ex9902.htm,0.0,922.0884533368546,,,
VVAL,2024-12-10,60872504000123,XPBR31,43.931686648108354,46.14480020730193,ITUB4_2024-12-10_DISTRIBUTION_125;XPBR31_2024-12-10_DISTRIBUTION_689,DISTRIBUTION,0,cache/market.json.gz; SQLite corporate_actions/B3;https://www.sec.gov/Archives/edgar/data/1787425/000095010324016520/dp220822_ex9902.htm,0.0,172.8441689730178,,,
VVAL,2024-12-12,76483817000120,CPLE6,17226.843042462544,17619.04131633323,CONT_902_CPLE6_2024-12-12,DISTRIBUTION,0,cache/market.json.gz; B3,0.0,3608.2241196103023,,,
VVAL,2024-12-12,00000000000191,BBAS3,4381.958769694822,4413.080568377228,CONT_156_BBAS3_2024-12-12,DISTRIBUTION,0,cache/market.json.gz; B3,0.0,773.3766972577919,,,
VVAL,2024-12-20,02474103000119,TBLE3,2297.1784472167124,2316.294545682701,TBLE3_2024-12-20_DISTRIBUTION_337,DISTRIBUTION,0,cache/market.json.gz; SQLite corporate_actions/B3,0.0,703.8547455177084,,,
VVAL,2024-12-26,17281106000103,CSMG3,4951.854093572355,5041.360050306479,CONT_2470_CSMG3_2024-12-26,DISTRIBUTION,0,CSMG_RI_V4,0.0,1829.5017556454873,,,
VVAL,2025-01-02,60746948000112,BBDC4,7437.912759039715,7629.7166998809125,BBDC4_2025-01-02_DISTRIBUTION_534,DISTRIBUTION,0,https://www.bradescori.com.br/informacoes-ao-mercado/remuneracao-aos-acionistas/,0.0,2186.564925589658,,,
VVAL,2025-01-02,02149205000169,PSSA3,3266.1742578238914,3304.1429772952674,CONT_2817_PSSA3_2025-01-02,DISTRIBUTION,0,https://api.mziq.com/mzfilemanager/v2/d/b77a3922-d280-4451-b3ee-0afec4577834/40e2196e-eb57-3662-b172-55aa2cb52627?origin=2;https://api.mziq.com/mzfilemanager/v2/d/b77a3922-d280-4451-b3ee-0afec4577834/a730da5f-6984-07cc-1fac-1fab6adcd8e6?origin=2;https://api.mziq.com/mzfilemanager/v2/d/b77a3922-d280-4451-b3ee-0afec4577834/c51162ba-772b-3276-e991-5239fc18f0bc?origin=2;https://api.mziq.com/mzfilemanager/v2/d/b77a3922-d280-4451-b3ee-0afec4577834/da5a8cba-c0a0-3baf-39e4-4db496dbb574?origin=2,0.0,1375.2270192532449,,,
VVAL,2025-01-02,60872504000123,ITUB4,2997.065862781074,2998.7962590021434,ITUB4_2025-01-02_DISTRIBUTION_124,DISTRIBUTION,0,cache/market.json.gz; SQLite corporate_actions/B3,0.0,52.89821247808595,,,
VVAL,2025-01-02,76484013000145,SAPR4,18515.055200015522,19080.183985388514,CONT_2818_SAPR4_2025-01-02,DISTRIBUTION,0,https://ri.sanepar.com.br/docs/Sanepar-2025-12-18-cW6NmzgB.pdf,0.0,3017.7877138917784,,,
VVAL,2025-01-03,60746948000112,BBDC4,7678.520528283127,7691.529319392658,BBDC4_2025-01-03_DISTRIBUTION_504,DISTRIBUTION,0,https://www.bradescori.com.br/informacoes-ao-mercado/remuneracao-aos-acionistas/,0.0,145.6984604267514,,,
VVAL,2025-01-23,90400888000142,SANB4,6482.413932545233,6588.283985995626,CONT_2270_SANB4_2025-01-23,DISTRIBUTION,0,cache/market.json.gz; B3,0.0,1366.7823900445599,,,
VVAL,2025-02-03,60872504000123,ITUB4,3008.949931631918,3010.5361910791494,ITUB4_2025-02-03_DISTRIBUTION_123,DISTRIBUTION,0,cache/market.json.gz; SQLite corporate_actions/B3,0.0,53.10796629330335,,,
VVAL,2025-02-04,60746948000112,BBDC4,7735.779914693126,7747.9814896180915,BBDC4_2025-02-04_DISTRIBUTION_505,DISTRIBUTION,0,https://www.bradescori.com.br/informacoes-ao-mercado/remuneracao-aos-acionistas/,0.0,146.78494634733835,,,
VVAL,2025-02-18,60872504000123,ITUB4,3017.6349777578544,3161.642517809367,ITUB4_2025-02-18_DISTRIBUTION_121;ITUB4_2025-02-18_DISTRIBUTION_122,DISTRIBUTION,0,cache/market.json.gz; SQLite corporate_actions/B3,0.0,4781.050329710212,,,
VVAL,2025-02-21,17344597000194,BBSE3,3142.009835220342,3334.8178486177094,CONT_2550_BBSE3_2025-02-21,DISTRIBUTION,0,BBSE_DIV,0.0,7139.680736104499,,,
VVAL,2025-03-05,60872504000123,ITUB4,3161.642517809367,3163.3648323290995,ITUB4_2025-03-05_DISTRIBUTION_120,DISTRIBUTION,0,cache/market.json.gz; SQLite corporate_actions/B3,0.0,55.802990439335325,,,
VVAL,2025-03-06,60746948000112,BBDC4,7806.313091299347,7819.137619429356,BBDC4_2025-03-06_DISTRIBUTION_506,DISTRIBUTION,0,https://www.bradescori.com.br/informacoes-ao-mercado/remuneracao-aos-acionistas/,0.0,148.12329990160467,,,
VVAL,2025-03-06,17281106000103,CSMG3,5043.801027408316,5150.504753335379,CONT_2471_CSMG3_2025-03-06;CONT_2472_CSMG3_2025-03-06,DISTRIBUTION,0,CSMG_RI_V4,0.0,2401.9008706181826,,,
VVAL,2025-03-12,00000000000191,BBAS3,4413.080568377228,4438.903551524051,CONT_154_BBAS3_2025-03-12;CONT_155_BBAS3_2025-03-12,DISTRIBUTION,0,cache/market.json.gz; B3,0.0,698.5116941215773,,,
VVAL,2025-03-18,60872504000123,ITUB4,3170.081232986206,3487.089356284827,ITUB4_2025-03-18_SHARES_665,SHARES,0,https://www.itau.com.br/relacoes-com-investidores/informacoes-ao-mercado/recompra/; owned_capital_events_fre.json; B3,0.0,0.0,,,
VVAL,2025-03-27,17281106000103,CSMG3,5150.504753335379,5159.474930015454,CONT_2473_CSMG3_2025-03-27,DISTRIBUTION,0,CSMG_RI_V4,0.0,182.63279720633744,,,
VVAL,2025-03-31,02149205000169,PSSA3,3298.447669374561,3384.087086775407,CONT_2823_PSSA3_2025-03-31;CONT_2824_PSSA3_2025-03-31;CONT_2825_PSSA3_2025-03-31,DISTRIBUTION,0,https://api.mziq.com/mzfilemanager/v2/d/b77a3922-d280-4451-b3ee-0afec4577834/2e6836fc-964e-5c54-74c0-a476d1b256eb?origin=2;https://api.mziq.com/mzfilemanager/v2/d/b77a3922-d280-4451-b3ee-0afec4577834/5fc07a56-476a-56fa-1f90-8b87c4a74dfe?origin=2;https://api.mziq.com/mzfilemanager/v2/d/b77a3922-d280-4451-b3ee-0afec4577834/a730da5f-6984-07cc-1fac-1fab6adcd8e6?origin=2;https://api.mziq.com/mzfilemanager/v2/d/b77a3922-d280-4451-b3ee-0afec4577834/c51162ba-772b-3276-e991-5239fc18f0bc?origin=2;https://api.mziq.com/mzfilemanager/v2/d/b77a3922-d280-4451-b3ee-0afec4577834/da5a8cba-c0a0-3baf-39e4-4db496dbb574?origin=2;https://api.mziq.com/mzfilemanager/v2/d/b77a3922-d280-4451-b3ee-0afec4577834/c51162ba-772b-3276-e991-5239fc18f0bc?origin=2,0.0,3425.5766960338397,,,
VVAL,2025-04-01,60746948000112,BBDC4,7819.137619429356,7962.1059333676685,BBDC4_2025-04-01_DISTRIBUTION_507,DISTRIBUTION,0,https://www.bradescori.com.br/informacoes-ao-mercado/remuneracao-aos-acionistas/,0.0,1781.3851916713677,,,
VVAL,2025-04-01,60872504000123,ITUB4,3487.089356284827,3489.0494558752225,ITUB4_2025-04-01_DISTRIBUTION_119,DISTRIBUTION,0,cache/market.json.gz; SQLite corporate_actions/B3,0.0,61.54712713842719,,,
VVAL,2025-04-02,60746948000112,BBDC4,7998.643228249688,8010.814256919711,BBDC4_2025-04-02_DISTRIBUTION_508,DISTRIBUTION,0,https://www.bradescori.com.br/informacoes-ao-mercado/remuneracao-aos-acionistas/,0.0,151.77272751518123,,,
VVAL,2025-04-22,90400888000142,SANB4,6725.50934122481,6825.502404017196,CONT_2269_SANB4_2025-04-22,DISTRIBUTION,0,cache/market.json.gz; B3,0.0,1415.9017691401802,,,
VVAL,2025-04-25,76483817000120,CPLE6,17619.04131633323,18303.737005208834,CONT_901_CPLE6_2025-04-25,DISTRIBUTION,0,cache/market.json.gz; B3,0.0,7723.367370516799,,,
VVAL,2025-05-02,60872504000123,ITUB4,3493.500553322357,3495.2389318046276,ITUB4_2025-05-02_DISTRIBUTION_118,DISTRIBUTION,0,cache/market.json.gz; SQLite corporate_actions/B3,0.0,61.6602847661396,,,
VVAL,2025-05-05,60746948000112,BBDC4,8045.509740307153,8056.9880869710605,BBDC4_2025-05-05_DISTRIBUTION_509,DISTRIBUTION,0,https://www.bradescori.com.br/informacoes-ao-mercado/remuneracao-aos-acionistas/,0.0,152.66201062996782,,,
VVAL,2025-05-07,02474103000119,TBLE3,2408.6858621112065,2461.202485033404,TBLE3_2025-05-07_DISTRIBUTION_336,DISTRIBUTION,0,cache/market.json.gz; SQLite corporate_actions/B3,0.0,2111.16824147234,,,
VVAL,2025-06-02,60872504000123,ITUB4,3496.035945333044,3497.6969153043797,ITUB4_2025-06-02_DISTRIBUTION_117,DISTRIBUTION,0,cache/market.json.gz; SQLite corporate_actions/B3,0.0,61.70503443512822,,,
VVAL,2025-06-03,60746948000112,BBDC4,8062.224412151475,8071.495876899094,BBDC4_2025-06-03_DISTRIBUTION_510,DISTRIBUTION,0,https://www.bradescori.com.br/informacoes-ao-mercado/remuneracao-aos-acionistas/,0.0,152.9791683357115,,,
VVAL,2025-06-03,00000000000191,BBAS3,4464.801296513011,4482.374285454574,CONT_153_BBAS3_2025-06-03,DISTRIBUTION,0,cache/market.json.gz; B3,0.0,403.8272858771309,,,
VVAL,2025-06-10,60872504000123,ITUB4,3497.962452606449,3530.4254874791104,ITUB4_2025-06-10_DISTRIBUTION_116,DISTRIBUTION,0,cache/market.json.gz; SQLite corporate_actions/B3,0.0,1168.6692554158146,,,
VVAL,2025-06-24,17281106000103,CSMG3,5211.776732438091,5296.760109460977,CONT_2474_CSMG3_2025-06-24,DISTRIBUTION,0,CSMG_RI_V4,0.0,2258.0083274980766,,,
VVAL,2025-06-27,02149205000169,PSSA3,3384.087086775407,3414.2683033205644,CONT_2834_PSSA3_2025-06-27,DISTRIBUTION,0,https://api.mziq.com/mzfilemanager/v2/d/b77a3922-d280-4451-b3ee-0afec4577834/2db74f29-0975-b7c2-5402-9b64be1a06ee?origin=2;https://api.mziq.com/mzfilemanager/v2/d/b77a3922-d280-4451-b3ee-0afec4577834/5fc07a56-476a-56fa-1f90-8b87c4a74dfe?origin=2,0.0,1635.2183124166195,,,
VVAL,2025-07-01,60746948000112,BBDC4,8071.495876899094,8215.293061012795,BBDC4_2025-07-01_DISTRIBUTION_511,DISTRIBUTION,0,https://www.bradescori.com.br/informacoes-ao-mercado/remuneracao-aos-acionistas/,0.0,2398.5370310165545,,,
VVAL,2025-07-01,60872504000123,ITUB4,3530.4254874791104,3532.1050564778707,ITUB4_2025-07-01_DISTRIBUTION_115,DISTRIBUTION,0,cache/market.json.gz; SQLite corporate_actions/B3,0.0,62.3120098540063,,,
VVAL,2025-07-01,76484013000145,SAPR4,19261.044547612153,20010.738321876197,CONT_2835_SAPR4_2025-07-01,DISTRIBUTION,0,https://ri.sanepar.com.br/docs/Sanepar-2025-12-18-cW6NmzgB.pdf,0.0,5525.243116325995,,,
VVAL,2025-07-02,60746948000112,BBDC4,8221.42048734607,8230.955932545095,BBDC4_2025-07-02_DISTRIBUTION_512,DISTRIBUTION,0,https://www.bradescori.com.br/informacoes-ao-mercado/remuneracao-aos-acionistas/,0.0,155.99988345607858,,,
VVAL,2025-07-18,90400888000142,SANB4,6934.300279969392,7075.44978104167,CONT_2268_SANB4_2025-07-18,DISTRIBUTION,0,cache/market.json.gz; B3,0.0,1946.451619786706,,,
VVAL,2025-08-01,60872504000123,ITUB4,3535.3303233701217,3537.1167127261906,ITUB4_2025-08-01_DISTRIBUTION_114,DISTRIBUTION,0,cache/market.json.gz; SQLite corporate_actions/B3,0.0,62.398580207482645,,,
VVAL,2025-08-04,60746948000112,BBDC4,8234.852262347284,8244.830215656431,BBDC4_2025-08-04_DISTRIBUTION_513,DISTRIBUTION,0,https://www.bradescori.com.br/informacoes-ao-mercado/remuneracao-aos-acionistas/,0.0,156.25474882125758,,,
VVAL,2025-08-15,17344597000194,BBSE3,3361.298780006571,3560.382710428025,CONT_2549_BBSE3_2025-08-15,DISTRIBUTION,0,BBSE_DIV,0.0,6527.962078519471,,,
VVAL,2025-08-19,60872504000123,ITUB4,3539.031762079475,3574.451319841515,ITUB4_2025-08-19_DISTRIBUTION_113,DISTRIBUTION,0,cache/market.json.gz; SQLite corporate_actions/B3,0.0,1286.0841423396812,,,
VVAL,2025-08-22,02474103000119,TBLE3,2502.093503778524,2558.154132999182,TBLE3_2025-08-22_DISTRIBUTION_335,DISTRIBUTION,0,cache/market.json.gz; SQLite corporate_actions/B3,0.0,2205.42515354068,,,
VVAL,2025-09-01,60872504000123,ITUB4,3574.451319841515,3576.0781652720257,ITUB4_2025-09-01_DISTRIBUTION_112,DISTRIBUTION,0,cache/market.json.gz; SQLite corporate_actions/B3,0.0,63.08906579520274,,,
VVAL,2025-09-02,60746948000112,BBDC4,8245.461077493066,8254.93751898685,BBDC4_2025-09-02_DISTRIBUTION_514,DISTRIBUTION,0,https://www.bradescori.com.br/informacoes-ao-mercado/remuneracao-aos-acionistas/,0.0,156.4560490623651,,,
VVAL,2025-09-23,17281106000103,CSMG3,5296.760109460977,5367.418695764469,CONT_2475_CSMG3_2025-09-23,DISTRIBUTION,0,CSMG_RI_V4,0.0,2370.5955704821326,,,
VVAL,2025-09-26,02149205000169,PSSA3,3414.2683033205644,3451.5698035685773,CONT_2840_PSSA3_2025-09-26,DISTRIBUTION,0,https://api.mziq.com/mzfilemanager/v2/d/b77a3922-d280-4451-b3ee-0afec4577834/d5711793-58d6-82f4-b474-008bee510428?origin=2;https://api.mziq.com/mzfilemanager/v2/d/b77a3922-d280-4451-b3ee-0afec4577834/5fc07a56-476a-56fa-1f90-8b87c4a74dfe?origin=2,0.0,1822.5513021179136,,,
VVAL,2025-09-30,60746948000112,BBDC4,8254.93751898685,8393.606190923794,BBDC4_2025-09-30_DISTRIBUTION_515,DISTRIBUTION,0,https://www.bradescori.com.br/informacoes-ao-mercado/remuneracao-aos-acionistas/,0.0,2453.048806564534,,,
VVAL,2025-10-01,60872504000123,ITUB4,3576.0781652720257,3577.724000464126,ITUB4_2025-10-01_DISTRIBUTION_111,DISTRIBUTION,0,cache/market.json.gz; SQLite corporate_actions/B3,0.0,63.11777961705125,,,
VVAL,2025-10-02,60746948000112,BBDC4,8393.606190923794,8402.925504808756,BBDC4_2025-10-02_DISTRIBUTION_516,DISTRIBUTION,0,https://www.bradescori.com.br/informacoes-ao-mercado/remuneracao-aos-acionistas/,0.0,159.26707429399653,,,
VVAL,2025-10-22,90400888000142,SANB4,7199.86431611496,7334.955960797043,CONT_2267_SANB4_2025-10-22,DISTRIBUTION,0,cache/market.json.gz; B3,0.0,2020.9710044439616,,,
VVAL,2025-11-03,60872504000123,ITUB4,3579.3634427361467,3580.9396843719824,ITUB4_2025-11-03_DISTRIBUTION_110,DISTRIBUTION,0,cache/market.json.gz; SQLite corporate_actions/B3,0.0,63.175764764292985,,,
VVAL,2025-11-04,60746948000112,BBDC4,8402.925504808756,8411.59093450957,BBDC4_2025-11-04_DISTRIBUTION_517,DISTRIBUTION,0,https://www.bradescori.com.br/informacoes-ao-mercado/remuneracao-aos-acionistas/,0.0,159.44390649497473,,,
VVAL,2025-11-10,76483817000120,CPLE5,0,18303.737005208834,CPLE_PNB_PNA_20251110,CONVERSION,0,https://www.sec.gov/Archives/edgar/data/1041792/000129281425003781/elp20251104_6k.htm,0.0,0.0,,,
VVAL,2025-11-10,76483817000120,CPLE6,18303.737005208834,0,CPLE_PNB_PNA_20251110,CONVERSION,0,https://www.sec.gov/Archives/edgar/data/1041792/000129281425003781/elp20251104_6k.htm,0.0,0.0,,,
VVAL,2025-11-27,02474103000119,TBLE3,2607.361514012102,3650.3061196169424,TBLE3_2025-11-27_SHARES_676,SHARES,0,originals/engie_bonus_2018_doe.pdf.gz p34; owned_capital_events_fre.json; B3 2025-11-26,0.0,0.0,,,
VVAL,2025-12-01,60872504000123,ITUB4,3582.064425327642,3583.5952591558994,ITUB4_2025-12-01_DISTRIBUTION_109,DISTRIBUTION,0,cache/market.json.gz; SQLite corporate_actions/B3,0.0,63.22343710703287,,,
VVAL,2025-12-02,60746948000112,BBDC4,8411.59093450957,8419.75922168298,BBDC4_2025-12-02_DISTRIBUTION_518,DISTRIBUTION,0,https://www.bradescori.com.br/informacoes-ao-mercado/remuneracao-aos-acionistas/,0.0,159.6083313684506,,,
VVAL,2025-12-02,00000000000191,BBAS3,4696.9209845100195,4711.895986849616,CONT_152_BBAS3_2025-12-02,DISTRIBUTION,0,cache/market.json.gz; B3,0.0,337.8360527813003,,,
VVAL,2025-12-03,00000000000191,BBAS3,4711.895986849616,4721.545611351067,CONT_151_BBAS3_2025-12-03,DISTRIBUTION,0,cache/market.json.gz; B3,0.0,215.95859634248094,,,
VVAL,2025-12-10,60872504000123,ITUB4,3585.4960434242885,3788.950489083274,ITUB4_2025-12-10_DISTRIBUTION_107;ITUB4_2025-12-10_DISTRIBUTION_108;XPBR31_2025-12-10_DISTRIBUTION_690,DISTRIBUTION,0,cache/market.json.gz; SQLite corporate_actions/B3;https://www.sec.gov/Archives/edgar/data/1787425/000095010325014854/dp237494_ex9901.htm,0.0,8024.243336790385,,,
VVAL,2025-12-10,60872504000123,XPBR31,46.14480020730193,46.605736582592264,ITUB4_2025-12-10_DISTRIBUTION_107;ITUB4_2025-12-10_DISTRIBUTION_108;XPBR31_2025-12-10_DISTRIBUTION_690,DISTRIBUTION,0,cache/market.json.gz; SQLite corporate_actions/B3;https://www.sec.gov/Archives/edgar/data/1787425/000095010325014854/dp237494_ex9901.htm,0.0,45.39762360234529,,,
VVAL,2025-12-17,17281106000103,CSMG3,5367.418695764469,5433.441449365008,CONT_2476_CSMG3_2025-12-17;CONT_2477_CSMG3_2025-12-17,DISTRIBUTION,0,CSMG_RI_V4,0.0,2831.055674391141,,,
VVAL,2025-12-19,02474103000119,TBLE3,3671.4467019287326,3681.814721298507,TBLE3_2025-12-19_DISTRIBUTION_334,DISTRIBUTION,0,cache/market.json.gz; SQLite corporate_actions/B3,0.0,321.4086004629949,,,
VVAL,2025-12-22,76483817000120,CPLE3,0,19419.674519397373,CPLE_PNA_ON_20251222,CONVERSION,0,B3 CL055/2025-VNC https://b3.com.br/data/files/50/05/93/F6/AFAEA9105B12E5A9AC094EA8/CL%20055-2025-VNC%20TRATAMENTO%20DAS%20POSICOES%20GARANTIAS%20E%20DAS%20CARTEIRAS%20DE%20%C3%8DNDICES%20EM%20VIRTUDE%20DA%20CONVERSAO_%20EN.pdf,0.0,0.0,,,
VVAL,2025-12-22,76483817000120,CPLE5,18303.737005208834,0,CPLE_PNA_ON_20251222,CONVERSION,0,B3 CL055/2025-VNC https://b3.com.br/data/files/50/05/93/F6/AFAEA9105B12E5A9AC094EA8/CL%20055-2025-VNC%20TRATAMENTO%20DAS%20POSICOES%20GARANTIAS%20E%20DAS%20CARTEIRAS%20DE%20%C3%8DNDICES%20EM%20VIRTUDE%20DA%20CONVERSAO_%20EN.pdf,0.0,0.0,,,
VVAL,2025-12-23,17281106000103,CSMG3,5433.441449365008,5478.428567582017,CONT_2478_CSMG3_2025-12-23,DISTRIBUTION,0,CSMG_RI_V4,0.0,1978.0835880019074,,,
VVAL,2025-12-26,60872504000123,ITUB4,3788.950489083274,3902.6190037557726,ITUB4_2025-12-26_SHARES_666,SHARES,0,https://www.itau.com.br/relacoes-com-investidores/informacoes-ao-mercado/recompra/; owned_capital_events_fre.json; B3,0.0,0.0,,,
VVAL,2025-12-29,02149205000169,PSSA3,3451.5698035685773,3490.6017173547143,CONT_2846_PSSA3_2025-12-29,DISTRIBUTION,0,https://api.mziq.com/mzfilemanager/v2/d/b77a3922-d280-4451-b3ee-0afec4577834/327fe168-5b79-7e0a-4b23-ad197ef5a182?origin=2;https://api.mziq.com/mzfilemanager/v2/d/b77a3922-d280-4451-b3ee-0afec4577834/5fc07a56-476a-56fa-1f90-8b87c4a74dfe?origin=2,0.0,1855.5771813929523,,,
VVAL,2025-12-30,60746948000112,BBDC4,8419.75922168298,8598.573718364176,BBDC4_2025-12-30_DISTRIBUTION_519,DISTRIBUTION,0,https://www.bradescori.com.br/informacoes-ao-mercado/remuneracao-aos-acionistas/,0.0,3252.6356946309697,,,
VVAL,2026-01-02,76483817000120,CPLE3,19307.919633530368,20619.866201066576,CONT_2378_CPLE3_2026-01-02;CONT_2379_CPLE3_2026-01-02,DISTRIBUTION,0,https://api.mziq.com/mzfilemanager/v2/d/16a31b1b-5ecd-4214-a2e0-308a2393e330/9e7c31ff-8290-49b4-d586-e043b31e16dc?origin=2,0.0,15927.031329889563,,,
VVAL,2026-01-02,60872504000123,ITUB4,3902.6190037557726,3904.4314537870955,ITUB4_2026-01-02_DISTRIBUTION_106,DISTRIBUTION,0,cache/market.json.gz; SQLite corporate_actions/B3,0.0,70.95741872628746,,,
VVAL,2026-01-02,76484013000145,SAPR4,20093.904419190127,20383.793858513396,CONT_2848_SAPR4_2026-01-02,DISTRIBUTION,0,https://ri.sanepar.com.br/docs/Sanepar-2025-12-18-cW6NmzgB.pdf,0.0,2261.137626721491,,,
VVAL,2026-01-05,60746948000112,BBDC4,8601.504882176128,8610.108567587402,BBDC4_2026-01-05_DISTRIBUTION_497,DISTRIBUTION,0,https://www.bradescori.com.br/informacoes-ao-mercado/remuneracao-aos-acionistas/,0.0,163.21191225185953,,,
VVAL,2026-01-05,90400888000142,SANB4,7412.469361983182,7449.623103208137,CONT_2266_SANB4_2026-01-05,DISTRIBUTION,0,cache/market.json.gz; B3,0.0,644.988947665205,,,
VVAL,2026-01-21,90400888000142,SANB4,7449.623103208137,7568.095523017818,CONT_2265_SANB4_2026-01-21,DISTRIBUTION,0,cache/market.json.gz; B3,0.0,2091.038209640877,,,
VVAL,2026-02-02,60872504000123,ITUB4,3905.689617748697,3907.2374217728884,ITUB4_2026-02-02_DISTRIBUTION_105,DISTRIBUTION,0,cache/market.json.gz; SQLite corporate_actions/B3,0.0,71.01324862990681,,,
VVAL,2026-02-03,60746948000112,BBDC4,8610.108567587402,8617.644322455448,BBDC4_2026-02-03_DISTRIBUTION_498,DISTRIBUTION,0,https://www.bradescori.com.br/informacoes-ao-mercado/remuneracao-aos-acionistas/,0.0,163.37516553923453,,,
VVAL,2026-02-13,17344597000194,BBSE3,3637.5733848140994,3911.8396436671055,CONT_2548_BBSE3_2026-02-13,DISTRIBUTION,0,BBSE_DIV,0.0,9275.684874408658,,,
VVAL,2026-02-24,00000000000191,BBAS3,4788.291473113764,4827.397952684283,CONT_149_BBAS3_2026-02-24;CONT_150_BBAS3_2026-02-24,DISTRIBUTION,0,cache/market.json.gz; B3,0.0,1060.5677259524718,,,
VVAL,2026-03-02,60872504000123,ITUB4,3907.2374217728884,3908.784490387929,ITUB4_2026-03-02_DISTRIBUTION_104,DISTRIBUTION,0,cache/market.json.gz; SQLite corporate_actions/B3,0.0,71.04139080267466,,,
VVAL,2026-03-03,60746948000112,BBDC4,8618.757556957877,8626.853560842064,BBDC4_2026-03-03_DISTRIBUTION_499,DISTRIBUTION,0,https://www.bradescori.com.br/informacoes-ao-mercado/remuneracao-aos-acionistas/,0.0,163.53927846058232,,,
VVAL,2026-03-03,00000000000191,BBAS3,4848.790947233703,4861.9885962377,CONT_148_BBAS3_2026-03-03,DISTRIBUTION,0,cache/market.json.gz; B3,0.0,340.10341483300215,,,
VVAL,2026-03-09,17281106000103,CSMG3,5478.428567582017,5478.615676309643,CONT_2479_CSMG3_2026-03-09,DISTRIBUTION,0,CSMG_RI_V4,0.0,9.94295778604735,,,
VVAL,2026-03-20,60872504000123,ITUB4,3908.8966229901102,3941.7181838524157,ITUB4_2026-03-20_DISTRIBUTION_103,DISTRIBUTION,0,cache/market.json.gz; SQLite corporate_actions/B3,0.0,1363.7358538287897,,,
VVAL,2026-03-24,17281106000103,CSMG3,5478.615676309643,5525.510900634795,CONT_2480_CSMG3_2026-03-24,DISTRIBUTION,0,CSMG_RI_V4,0.0,2566.106675072296,,,
VVAL,2026-03-31,02149205000169,PSSA3,3491.5916088558633,3529.080272929115,CONT_2852_PSSA3_2026-03-31,DISTRIBUTION,0,https://api.mziq.com/mzfilemanager/v2/d/b77a3922-d280-4451-b3ee-0afec4577834/e08580a4-e955-9ee1-6c71-cf3552965f03?origin=2;https://api.mziq.com/mzfilemanager/v2/d/b77a3922-d280-4451-b3ee-0afec4577834/c7efe69b-d37e-c02f-fff7-a51df3341ac0?origin=2,0.0,1893.5524223399418,,,
VVAL,2026-04-01,02149205000169,PSSA3,3529.080272929115,3591.8109212968907,CONT_2853_PSSA3_2026-04-01,DISTRIBUTION,0,https://api.mziq.com/mzfilemanager/v2/d/b77a3922-d280-4451-b3ee-0afec4577834/5fc07a56-476a-56fa-1f90-8b87c4a74dfe?origin=2,0.0,3127.122821133612,,,
VVAL,2026-04-01,60872504000123,ITUB4,3941.7181838524157,3943.3533269055483,ITUB4_2026-04-01_DISTRIBUTION_102,DISTRIBUTION,0,cache/market.json.gz; SQLite corporate_actions/B3,0.0,71.66832001880462,,,
VVAL,2026-04-02,60746948000112,BBDC4,8634.683210639008,8643.252324901423,BBDC4_2026-04-02_DISTRIBUTION_501,DISTRIBUTION,0,https://www.bradescori.com.br/informacoes-ao-mercado/remuneracao-aos-acionistas/,0.0,163.84146469738195,,,
VVAL,2026-04-07,60746948000112,BBDC4,8643.252324901423,8777.035346537523,BBDC4_2026-04-07_DISTRIBUTION_500,DISTRIBUTION,0,https://www.bradescori.com.br/informacoes-ao-mercado/remuneracao-aos-acionistas/,0.0,2569.9718456294963,,,
VVAL,2026-04-22,90400888000142,SANB4,7665.4651780881695,7807.459499851732,CONT_2264_SANB4_2026-04-22,DISTRIBUTION,0,cache/market.json.gz; B3,0.0,2146.9541450650636,,,
VVAL,2026-04-30,76483817000120,CPLE3,20619.866201066576,20928.131191943656,CONT_2380_CPLE3_2026-04-30,DISTRIBUTION,0,CPLE_RI,0.0,4901.413354945586,,,
VVAL,2026-05-04,60872504000123,ITUB4,3944.821297674866,3946.5129189209583,ITUB4_2026-05-04_DISTRIBUTION_101,DISTRIBUTION,0,cache/market.json.gz; SQLite corporate_actions/B3,0.0,71.72474083432441,,,
VVAL,2026-05-05,60746948000112,BBDC4,8783.758106361345,8792.44336599503,BBDC4_2026-05-05_DISTRIBUTION_502,DISTRIBUTION,0,https://www.bradescori.com.br/informacoes-ao-mercado/remuneracao-aos-acionistas/,0.0,166.6701323704082,,,
VVAL,2026-05-05,02474103000119,TBLE3,3771.5249629232458,3825.625932580626,TBLE3_2026-05-05_DISTRIBUTION_333,DISTRIBUTION,0,cache/market.json.gz; SQLite corporate_actions/B3,0.0,1841.5970071372121,,,
VVAL,2026-06-01,60872504000123,ITUB4,3948.299400262357,3950.1232818603135,ITUB4_2026-06-01_DISTRIBUTION_100,DISTRIBUTION,0,cache/market.json.gz; SQLite corporate_actions/B3,0.0,71.78797969557017,,,
VVAL,2026-06-02,60746948000112,BBDC4,8801.312375887557,8810.721008072447,BBDC4_2026-06-02_DISTRIBUTION_503,DISTRIBUTION,0,https://www.bradescori.com.br/informacoes-ao-mercado/remuneracao-aos-acionistas/,0.0,167.00322128180258,,,
VVAL,2026-06-02,00000000000191,BBAS3,4953.234006768108,4968.097198131339,CONT_147_BBAS3_2026-06-02,DISTRIBUTION,0,cache/market.json.gz; B3,0.0,295.62887621465626,,,
VVAL,2026-06-10,60872504000123,XPBR31,46.605736582592264,47.223364012885334,XPBR31_2026-06-10_DISTRIBUTION_691,DISTRIBUTION,0,https://www.sec.gov/Archives/edgar/data/1787425/000095010326007333/dp246817_ex9901.htm,0.0,48.249054854494474,,,
VVAL,2026-06-19,60872504000123,ITUB4,3952.7009029841834,3988.5775872774343,ITUB4_2026-06-19_DISTRIBUTION_99,DISTRIBUTION,0,cache/market.json.gz; SQLite corporate_actions/B3,0.0,1430.4034027719163,,,
VVAL,2026-06-23,02149205000169,PSSA3,3593.2591615758,3628.5654730804195,CONT_2857_PSSA3_2026-06-23,DISTRIBUTION,0,https://api.mziq.com/mzfilemanager/v2/d/b77a3922-d280-4451-b3ee-0afec4577834/f8d74364-4778-d466-02ec-0d7bf05ca8fa?origin=2,0.0,1842.6363974260744,,,
VVAL,2026-06-24,17281106000103,CSMG3,5525.510900634795,5561.147370477515,CONT_2481_CSMG3_2026-06-24,DISTRIBUTION,0,CSMG_RI_V4,0.0,2076.8934624337753,,,
