mode,portfolio,date,issuer,ticker,event_id,source_amount,gross_amount,withheld_additional,reinvested,original_type,amount_basis,date_status,source
CG_ONLY,V0,2014-07-01,28195667000106,ABCB4,B00S_ABCB4_2014-07-01_DISTRIBUTION_39,119.85294117647061,,0.0,119.85294117647061,JCP,UNKNOWN,EX_DATE_ECONOMIC_REINVESTMENT,cache/market.json.gz; B3
CG_ONLY,V0,2014-07-01,60872504000123,ITUB4,ITUB4_2014-07-01_DISTRIBUTION_295,2.3459493274945262,,0.0,2.3459493274945262,CASH_DIVIDEND,UNKNOWN,EX_DATE_ECONOMIC_REINVESTMENT,cache/market.json.gz; SQLite corporate_actions/B3
CG_ONLY,V0,2014-07-02,60746948000112,BBDC4,BBDC4_2014-07-02_DISTRIBUTION_332,3.2292965678627144,,0.0,3.2292965678627144,JCP,UNKNOWN,EX_DATE_ECONOMIC_REINVESTMENT,cache/market.json.gz; SQLite corporate_actions/B3
CG_ONLY,V0,2014-08-01,60872504000123,ITUB4,ITUB4_2014-08-01_DISTRIBUTION_294,2.34704624893818,,0.0,2.34704624893818,CASH_DIVIDEND,UNKNOWN,EX_DATE_ECONOMIC_REINVESTMENT,cache/market.json.gz; SQLite corporate_actions/B3
CG_ONLY,V0,2014-08-01,02558157000162,VIVT4,B00S_VIVT4_2014-08-01_DISTRIBUTION_82,30.416166803333336,,0.0,30.416166803333336,JCP,UNKNOWN,EX_DATE_ECONOMIC_REINVESTMENT,cache/market.json.gz; B3
CG_ONLY,V0,2014-08-04,60746948000112,BBDC4,BBDC4_2014-08-04_DISTRIBUTION_331,3.231390077541129,,0.0,3.231390077541129,JCP,UNKNOWN,EX_DATE_ECONOMIC_REINVESTMENT,cache/market.json.gz; SQLite corporate_actions/B3
CG_ONLY,V0,2014-08-07,02998609000127,GETI4,B00S_GETI4_2014-08-07_DISTRIBUTION_83,299.4729921988662,,0.0,299.4729921988662,,UNKNOWN,EX_DATE_ECONOMIC_REINVESTMENT,originals/owned_proventos_44287.zip; PN payment 87; record date corroborated by historical B3-derived distribution table
CG_ONLY,V0,2014-08-13,02998611000104,TRPL4,B00S_TRPL4_2014-08-13_DISTRIBUTION_72,36.6048007767989,,0.0,36.6048007767989,JCP,UNKNOWN,EX_DATE_ECONOMIC_REINVESTMENT,cache/market.json.gz; B3
CG_ONLY,V0,2014-08-14,60872504000123,ITUB4,ITUB4_2014-08-14_DISTRIBUTION_293,50.96215457312892,,0.0,50.96215457312892,JCP,UNKNOWN,EX_DATE_ECONOMIC_REINVESTMENT,cache/market.json.gz; SQLite corporate_actions/B3
CG_ONLY,V0,2014-08-20,00000000000191,BBAS3,B00S_BBAS3_2014-08-20_DISTRIBUTION_47,0.28378125553319916,,0.0,0.28378125553319916,CASH_DIVIDEND,UNKNOWN,EX_DATE_ECONOMIC_REINVESTMENT,cache/market.json.gz; B3
CG_ONLY,V0,2014-09-01,60872504000123,ITUB4,ITUB4_2014-09-01_DISTRIBUTION_292,2.369751899259136,,0.0,2.369751899259136,CASH_DIVIDEND,UNKNOWN,EX_DATE_ECONOMIC_REINVESTMENT,cache/market.json.gz; SQLite corporate_actions/B3
CG_ONLY,V0,2014-09-01,02558157000162,VIVT4,B00S_VIVT4_2014-09-01_DISTRIBUTION_81,31.983664960078933,,0.0,31.983664960078933,JCP,UNKNOWN,EX_DATE_ECONOMIC_REINVESTMENT,cache/market.json.gz; B3
CG_ONLY,V0,2014-09-02,60746948000112,BBDC4,BBDC4_2014-09-02_DISTRIBUTION_330,3.2332796001186592,,0.0,3.2332796001186592,JCP,UNKNOWN,EX_DATE_ECONOMIC_REINVESTMENT,cache/market.json.gz; SQLite corporate_actions/B3
CG_ONLY,V0,2014-09-04,92702067000196,BRSR6,B00S_BRSR6_2014-09-04_DISTRIBUTION_52,77.0380465116279,,0.0,77.0380465116279,JCP,UNKNOWN,EX_DATE_ECONOMIC_REINVESTMENT,cache/market.json.gz; B3
CG_ONLY,V0,2014-09-05,02429144000193,CPFE3,B00S_CPFE3_2014-09-05_DISTRIBUTION_54,116.10170325156471,,0.0,116.10170325156471,CASH_DIVIDEND,UNKNOWN,EX_DATE_ECONOMIC_REINVESTMENT,cache/market.json.gz; B3
CG_ONLY,V0,2014-09-12,00000000000191,BBAS3,B00S_BBAS3_2014-09-12_DISTRIBUTION_46,67.71377234435974,,0.0,67.71377234435974,JCP,UNKNOWN,EX_DATE_ECONOMIC_REINVESTMENT,cache/market.json.gz; B3
CG_ONLY,V0,2014-09-12,02474103000119,TBLE3,TBLE3_2014-09-12_DISTRIBUTION_372,112.59206805907442,,0.0,112.59206805907442,CASH_DIVIDEND,UNKNOWN,EX_DATE_ECONOMIC_REINVESTMENT,cache/market.json.gz; SQLite corporate_actions/B3
CG_ONLY,V0,2014-09-23,17281106000103,CSMG3,B00S_CSMG3_2014-09-23_DISTRIBUTION_60,40.38929490143714,,0.0,40.38929490143714,JCP,UNKNOWN,EX_DATE_ECONOMIC_REINVESTMENT,cache/market.json.gz; B3
CG_ONLY,V0,2014-10-01,60872504000123,ITUB4,ITUB4_2014-10-01_DISTRIBUTION_291,2.3706295851477504,,0.0,2.3706295851477504,CASH_DIVIDEND,UNKNOWN,EX_DATE_ECONOMIC_REINVESTMENT,cache/market.json.gz; SQLite corporate_actions/B3
CG_ONLY,V0,2014-10-01,02558157000162,VIVT4,B00S_VIVT4_2014-10-01_DISTRIBUTION_80,28.22228219048115,,0.0,28.22228219048115,JCP,UNKNOWN,EX_DATE_ECONOMIC_REINVESTMENT,cache/market.json.gz; B3
CG_ONLY,V0,2014-10-02,60746948000112,BBDC4,BBDC4_2014-10-02_DISTRIBUTION_329,3.300955760532609,,0.0,3.300955760532609,JCP,UNKNOWN,EX_DATE_ECONOMIC_REINVESTMENT,cache/market.json.gz; SQLite corporate_actions/B3
CG_ONLY,V0,2014-10-30,02149205000169,PSSA3,B00S_PSSA3_2014-10-30_DISTRIBUTION_67,112.89893190313546,,0.0,112.89893190313546,JCP,UNKNOWN,EX_DATE_ECONOMIC_REINVESTMENT,cache/market.json.gz; B3
CG_ONLY,V0,2014-11-03,60872504000123,ITUB4,ITUB4_2014-11-03_DISTRIBUTION_290,2.4281435055519256,,0.0,2.4281435055519256,CASH_DIVIDEND,UNKNOWN,EX_DATE_ECONOMIC_REINVESTMENT,cache/market.json.gz; SQLite corporate_actions/B3
CG_ONLY,V0,2014-11-03,02558157000162,VIVT4,B00S_VIVT4_2014-11-03_DISTRIBUTION_79,34.663205695428715,,0.0,34.663205695428715,JCP,UNKNOWN,EX_DATE_ECONOMIC_REINVESTMENT,cache/market.json.gz; B3
CG_ONLY,V0,2014-11-04,60746948000112,BBDC4,BBDC4_2014-11-04_DISTRIBUTION_328,3.3029300192538824,,0.0,3.3029300192538824,JCP,UNKNOWN,EX_DATE_ECONOMIC_REINVESTMENT,cache/market.json.gz; SQLite corporate_actions/B3
CG_ONLY,V0,2014-11-07,76483817000120,CPLE6,B00S_CPLE6_2014-11-07_DISTRIBUTION_56,212.53172543152868,,0.0,212.53172543152868,CASH_DIVIDEND,UNKNOWN,EX_DATE_ECONOMIC_REINVESTMENT,cache/market.json.gz; B3
CG_ONLY,V0,2014-11-07,76483817000120,CPLE6,B00S_CPLE6_2014-11-07_DISTRIBUTION_57,18.17782373695614,,0.0,18.17782373695614,JCP,UNKNOWN,EX_DATE_ECONOMIC_REINVESTMENT,cache/market.json.gz; B3
CG_ONLY,V0,2014-11-10,17155730000164,CMIG4,CMIG4_2014-11-10_DISTRIBUTION_637,321.6785043879424,,0.0,321.6785043879424,,UNKNOWN,EX_DATE_ECONOMIC_REINVESTMENT,https://api.mziq.com/mzfilemanager/v2/d/716a131f-9624-452c-9088-0cd6983c1349/a2eb9f5f-37e1-8913-c1eb-c4281b5e23b2?origin=2
CG_ONLY,V0,2014-11-11,02474103000119,TBLE3,TBLE3_2014-11-11_DISTRIBUTION_371,97.27916877651174,,0.0,97.27916877651174,CASH_DIVIDEND,UNKNOWN,EX_DATE_ECONOMIC_REINVESTMENT,cache/market.json.gz; SQLite corporate_actions/B3
CG_ONLY,V0,2014-11-17,00000000000191,BBAS3,B00S_BBAS3_2014-11-17_DISTRIBUTION_45,11.62463255496704,,0.0,11.62463255496704,CASH_DIVIDEND,UNKNOWN,EX_DATE_ECONOMIC_REINVESTMENT,cache/market.json.gz; B3
CG_ONLY,V0,2014-11-25,02998611000104,TRPL4,B00S_TRPL4_2014-11-25_DISTRIBUTION_71,191.79962729497606,,0.0,191.79962729497606,CASH_DIVIDEND,UNKNOWN,EX_DATE_ECONOMIC_REINVESTMENT,cache/market.json.gz; B3
CG_ONLY,V0,2014-11-26,92702067000196,BRSR6,B00S_BRSR6_2014-11-26_DISTRIBUTION_51,78.45876895150609,,0.0,78.45876895150609,JCP,UNKNOWN,EX_DATE_ECONOMIC_REINVESTMENT,cache/market.json.gz; B3
CG_ONLY,V0,2014-11-26,02474103000119,TBLE3,TBLE3_2014-11-26_DISTRIBUTION_370,58.061566543039994,,0.0,58.061566543039994,JCP,UNKNOWN,EX_DATE_ECONOMIC_REINVESTMENT,cache/market.json.gz; SQLite corporate_actions/B3
CG_ONLY,V0,2014-12-01,60872504000123,ITUB4,ITUB4_2014-12-01_DISTRIBUTION_289,2.4291386463328895,,0.0,2.4291386463328895,CASH_DIVIDEND,UNKNOWN,EX_DATE_ECONOMIC_REINVESTMENT,cache/market.json.gz; SQLite corporate_actions/B3
CG_ONLY,V0,2014-12-01,02558157000162,VIVT4,B00S_VIVT4_2014-12-01_DISTRIBUTION_78,52.81051736228553,,0.0,52.81051736228553,JCP,UNKNOWN,EX_DATE_ECONOMIC_REINVESTMENT,cache/market.json.gz; B3
CG_ONLY,V0,2014-12-02,60746948000112,BBDC4,BBDC4_2014-12-02_DISTRIBUTION_327,3.304763485627875,,0.0,3.304763485627875,JCP,UNKNOWN,EX_DATE_ECONOMIC_REINVESTMENT,cache/market.json.gz; SQLite corporate_actions/B3
CG_ONLY,V0,2014-12-12,00000000000191,BBAS3,B00S_BBAS3_2014-12-12_DISTRIBUTION_44,71.41385449301904,,0.0,71.41385449301904,JCP,UNKNOWN,EX_DATE_ECONOMIC_REINVESTMENT,cache/market.json.gz; B3
CG_ONLY,V0,2014-12-22,03220438000173,EQTL3,B00S_EQTL3_2014-12-22_DISTRIBUTION_64,67.29657505439523,,0.0,67.29657505439523,JCP,UNKNOWN,EX_DATE_ECONOMIC_REINVESTMENT,cache/market.json.gz; B3
CG_ONLY,V0,2014-12-23,60746948000112,BBDC4,BBDC4_2014-12-23_DISTRIBUTION_326,103.72964535241489,,0.0,103.72964535241489,JCP,UNKNOWN,EX_DATE_ECONOMIC_REINVESTMENT,cache/market.json.gz; SQLite corporate_actions/B3
CG_ONLY,V0,2014-12-23,02149205000169,PSSA3,B00S_PSSA3_2014-12-23_DISTRIBUTION_66,39.932995578956636,,0.0,39.932995578956636,JCP,UNKNOWN,EX_DATE_ECONOMIC_REINVESTMENT,cache/market.json.gz; B3
CG_ONLY,V0,2014-12-29,17155730000164,CMIG4,CMIG4_2014-12-29_DISTRIBUTION_638,75.39189209861718,,0.0,75.39189209861718,,UNKNOWN,EX_DATE_ECONOMIC_REINVESTMENT,https://api.mziq.com/mzfilemanager/v2/d/716a131f-9624-452c-9088-0cd6983c1349/a2eb9f5f-37e1-8913-c1eb-c4281b5e23b2?origin=2
CG_ONLY,V0,2014-12-30,03983431000103,ENBR3,B00S_ENBR3_2014-12-30_DISTRIBUTION_62,163.65631152744052,,0.0,163.65631152744052,JCP,UNKNOWN,EX_DATE_ECONOMIC_REINVESTMENT,cache/market.json.gz; B3
CG_ONLY,V0,2015-01-02,28195667000106,ABCB4,B00S_ABCB4_2015-01-02_DISTRIBUTION_38,141.41279235100444,,0.0,141.41279235100444,JCP,UNKNOWN,EX_DATE_ECONOMIC_REINVESTMENT,cache/market.json.gz; B3
CG_ONLY,V0,2015-01-02,60872504000123,ITUB4,ITUB4_2015-01-02_DISTRIBUTION_288,2.4301239648752095,,0.0,2.4301239648752095,CASH_DIVIDEND,UNKNOWN,EX_DATE_ECONOMIC_REINVESTMENT,cache/market.json.gz; SQLite corporate_actions/B3
CG_ONLY,V0,2015-01-02,02558157000162,VIVT4,B00S_VIVT4_2015-01-02_DISTRIBUTION_77,54.66521655371343,,0.0,54.66521655371343,JCP,UNKNOWN,EX_DATE_ECONOMIC_REINVESTMENT,cache/market.json.gz; B3
CG_ONLY,V0,2015-01-05,60746948000112,BBDC4,BBDC4_2015-01-05_DISTRIBUTION_325,3.366564544318024,,0.0,3.366564544318024,JCP,UNKNOWN,EX_DATE_ECONOMIC_REINVESTMENT,cache/market.json.gz; SQLite corporate_actions/B3
CG_ONLY,V0,2015-02-02,60872504000123,ITUB4,ITUB4_2015-02-02_DISTRIBUTION_287,2.4312014658942203,,0.0,2.4312014658942203,CASH_DIVIDEND,UNKNOWN,EX_DATE_ECONOMIC_REINVESTMENT,cache/market.json.gz; SQLite corporate_actions/B3
CG_ONLY,V0,2015-02-03,60746948000112,BBDC4,BBDC4_2015-02-03_DISTRIBUTION_324,3.3749505903611032,,0.0,3.3749505903611032,JCP,UNKNOWN,EX_DATE_ECONOMIC_REINVESTMENT,cache/market.json.gz; SQLite corporate_actions/B3
CG_ONLY,V0,2015-02-10,60746948000112,BBDC4,BBDC4_2015-02-10_DISTRIBUTION_323,25.689274612419247,,0.0,25.689274612419247,CASH_DIVIDEND,UNKNOWN,EX_DATE_ECONOMIC_REINVESTMENT,cache/market.json.gz; SQLite corporate_actions/B3
CG_ONLY,V0,2015-02-11,60872504000123,ITUB4,ITUB4_2015-02-11_DISTRIBUTION_285,50.513075998698284,,0.0,50.513075998698284,CASH_DIVIDEND,UNKNOWN,EX_DATE_ECONOMIC_REINVESTMENT,cache/market.json.gz; SQLite corporate_actions/B3
CG_ONLY,V0,2015-02-11,60872504000123,ITUB4,ITUB4_2015-02-11_DISTRIBUTION_286,88.72358761769401,,0.0,88.72358761769401,JCP,UNKNOWN,EX_DATE_ECONOMIC_REINVESTMENT,cache/market.json.gz; SQLite corporate_actions/B3
CG_ONLY,V0,2015-02-11,02558157000162,VIVT4,B00S_VIVT4_2015-02-11_DISTRIBUTION_76,319.18242523449254,,0.0,319.18242523449254,CASH_DIVIDEND,UNKNOWN,EX_DATE_ECONOMIC_REINVESTMENT,cache/market.json.gz; B3
CG_ONLY,V0,2015-02-20,00000000000191,BBAS3,B00S_BBAS3_2015-02-20_DISTRIBUTION_43,0.3940239965405118,,0.0,0.3940239965405118,CASH_DIVIDEND,UNKNOWN,EX_DATE_ECONOMIC_REINVESTMENT,cache/market.json.gz; B3
CG_ONLY,V0,2015-03-02,60872504000123,ITUB4,ITUB4_2015-03-02_DISTRIBUTION_284,2.536087992220302,,0.0,2.536087992220302,CASH_DIVIDEND,UNKNOWN,EX_DATE_ECONOMIC_REINVESTMENT,cache/market.json.gz; SQLite corporate_actions/B3
CG_ONLY,V0,2015-03-03,60746948000112,BBDC4,BBDC4_2015-03-03_DISTRIBUTION_322,3.3948410424824713,,0.0,3.3948410424824713,JCP,UNKNOWN,EX_DATE_ECONOMIC_REINVESTMENT,cache/market.json.gz; SQLite corporate_actions/B3
CG_ONLY,V0,2015-03-05,92702067000196,BRSR6,B00S_BRSR6_2015-03-05_DISTRIBUTION_50,90.42349178940438,,0.0,90.42349178940438,JCP,UNKNOWN,EX_DATE_ECONOMIC_REINVESTMENT,cache/market.json.gz; B3
CG_ONLY,V0,2015-03-24,00000000000191,BBAS3,B00S_BBAS3_2015-03-24_DISTRIBUTION_42,95.09309690477656,,0.0,95.09309690477656,JCP,UNKNOWN,EX_DATE_ECONOMIC_REINVESTMENT,cache/market.json.gz; B3
CG_ONLY,V0,2015-03-25,17281106000103,CSMG3,B00S_CSMG3_2015-03-25_DISTRIBUTION_59,5.918887984969039,,0.0,5.918887984969039,JCP,UNKNOWN,EX_DATE_ECONOMIC_REINVESTMENT,cache/market.json.gz; B3
CG_ONLY,V0,2015-03-30,02149205000169,PSSA3,B00S_PSSA3_2015-03-30_DISTRIBUTION_65,127.59137675190563,,0.0,127.59137675190563,CASH_DIVIDEND,UNKNOWN,EX_DATE_ECONOMIC_REINVESTMENT,cache/market.json.gz; B3
CG_ONLY,V0,2015-04-01,60872504000123,ITUB4,ITUB4_2015-04-01_DISTRIBUTION_283,2.5371353853888956,,0.0,2.5371353853888956,CASH_DIVIDEND,UNKNOWN,EX_DATE_ECONOMIC_REINVESTMENT,cache/market.json.gz; SQLite corporate_actions/B3
CG_ONLY,V0,2015-04-02,60746948000112,BBDC4,BBDC4_2015-04-02_DISTRIBUTION_321,3.8227270591221085,,0.0,3.8227270591221085,JCP,UNKNOWN,EX_DATE_ECONOMIC_REINVESTMENT,cache/market.json.gz; SQLite corporate_actions/B3
CG_ONLY,V0,2015-04-07,43776517000180,SBSP3,B00S_SBSP3_2015-04-07_DISTRIBUTION_68,135.98798371558212,,0.0,135.98798371558212,JCP,UNKNOWN,EX_DATE_ECONOMIC_REINVESTMENT,cache/market.json.gz; B3
CG_ONLY,V0,2015-04-10,02558157000162,VIVT4,B00S_VIVT4_2015-04-10_DISTRIBUTION_75,2.2651973744344223,,0.0,2.2651973744344223,CASH_DIVIDEND,UNKNOWN,EX_DATE_ECONOMIC_REINVESTMENT,cache/market.json.gz; B3
CG_ONLY,V0,2015-04-13,03983431000103,ENBR3,B00S_ENBR3_2015-04-13_DISTRIBUTION_61,86.69929557359917,,0.0,86.69929557359917,CASH_DIVIDEND,UNKNOWN,EX_DATE_ECONOMIC_REINVESTMENT,cache/market.json.gz; B3
CG_ONLY,V0,2015-04-13,03378521000175,LIGT3,B00S_LIGT3_2015-04-13_DISTRIBUTION_86,307.60264286163823,,0.0,307.60264286163823,,UNKNOWN,EX_DATE_ECONOMIC_REINVESTMENT,Light AGM 2015-04-10; entitlement on AGM date; source in b00s_initial_evidence.json
CG_ONLY,V0,2015-04-20,03220438000173,EQTL3,B00S_EQTL3_2015-04-20_DISTRIBUTION_63,108.97836643873187,,0.0,108.97836643873187,CASH_DIVIDEND,UNKNOWN,EX_DATE_ECONOMIC_REINVESTMENT,cache/market.json.gz; B3
CG_ONLY,V0,2015-04-24,76483817000120,CPLE6,B00S_CPLE6_2015-04-24_DISTRIBUTION_55,163.4835799767991,,0.0,163.4835799767991,CASH_DIVIDEND,UNKNOWN,EX_DATE_ECONOMIC_REINVESTMENT,cache/market.json.gz; B3
CG_ONLY,V0,2015-04-28,07047251000170,COCE5,B00S_COCE5_2015-04-28_DISTRIBUTION_53,85.44785118028175,,0.0,85.44785118028175,CASH_DIVIDEND,UNKNOWN,EX_DATE_ECONOMIC_REINVESTMENT,cache/market.json.gz; B3
CG_ONLY,V0,2015-05-04,92702067000196,BRSR6,B00S_BRSR6_2015-05-04_DISTRIBUTION_49,15.234666418696715,,0.0,15.234666418696715,CASH_DIVIDEND,UNKNOWN,EX_DATE_ECONOMIC_REINVESTMENT,cache/market.json.gz; B3
CG_ONLY,V0,2015-05-04,17155730000164,CMIG4,CMIG4_2015-05-04_DISTRIBUTION_639,209.4144221459536,,0.0,209.4144221459536,,UNKNOWN,EX_DATE_ECONOMIC_REINVESTMENT,https://api.mziq.com/mzfilemanager/v2/d/716a131f-9624-452c-9088-0cd6983c1349/a2eb9f5f-37e1-8913-c1eb-c4281b5e23b2?origin=2
CG_ONLY,V0,2015-05-04,60872504000123,ITUB4,ITUB4_2015-05-04_DISTRIBUTION_282,2.574346551546734,,0.0,2.574346551546734,CASH_DIVIDEND,UNKNOWN,EX_DATE_ECONOMIC_REINVESTMENT,cache/market.json.gz; SQLite corporate_actions/B3
CG_ONLY,V0,2015-05-05,60746948000112,BBDC4,BBDC4_2015-05-05_DISTRIBUTION_320,3.9042330112299597,,0.0,3.9042330112299597,JCP,UNKNOWN,EX_DATE_ECONOMIC_REINVESTMENT,cache/market.json.gz; SQLite corporate_actions/B3
CG_ONLY,V0,2015-05-07,02998611000104,TRPL4,B00S_TRPL4_2015-05-07_DISTRIBUTION_70,37.046744125942084,,0.0,37.046744125942084,CASH_DIVIDEND,UNKNOWN,EX_DATE_ECONOMIC_REINVESTMENT,cache/market.json.gz; B3
CG_ONLY,V0,2015-05-11,02998609000127,GETI4,B00S_GETI4_2015-05-11_DISTRIBUTION_84,121.89174312694246,,0.0,121.89174312694246,,UNKNOWN,EX_DATE_ECONOMIC_REINVESTMENT,originals/owned_proventos_50033.zip; PN payment 80; record date corroborated by historical B3-derived distribution table
CG_ONLY,V0,2015-05-11,02474103000119,TBLE3,TBLE3_2015-05-11_DISTRIBUTION_369,47.942762578861846,,0.0,47.942762578861846,CASH_DIVIDEND,UNKNOWN,EX_DATE_ECONOMIC_REINVESTMENT,cache/market.json.gz; SQLite corporate_actions/B3
CG_ONLY,V0,2015-05-12,17281106000103,CSMG3,B00S_CSMG3_2015-05-12_DISTRIBUTION_58,12.655484362908913,,0.0,12.655484362908913,JCP,UNKNOWN,EX_DATE_ECONOMIC_REINVESTMENT,cache/market.json.gz; B3
CG_ONLY,V0,2015-05-13,02558115000121,TIMP3,B00S_TIMP3_2015-05-13_DISTRIBUTION_85,90.70228088447342,,0.0,90.70228088447342,,UNKNOWN,EX_DATE_ECONOMIC_REINVESTMENT,"originals/tim_2015_ago.pdf.gz; 2015-04-14 AGM, record 2015-05-12"
CG_ONLY,V0,2015-05-22,00000000000191,BBAS3,B00S_BBAS3_2015-05-22_DISTRIBUTION_41,117.84111010103591,,0.0,117.84111010103591,CASH_DIVIDEND,UNKNOWN,EX_DATE_ECONOMIC_REINVESTMENT,cache/market.json.gz; B3
CG_ONLY,V0,2015-05-26,02558157000162,VIVT4,B00S_VIVT4_2015-05-26_DISTRIBUTION_73,25.292992633337374,,0.0,25.292992633337374,CASH_DIVIDEND,UNKNOWN,EX_DATE_ECONOMIC_REINVESTMENT,cache/market.json.gz; B3
CG_ONLY,V0,2015-05-26,02558157000162,VIVT4,B00S_VIVT4_2015-05-26_DISTRIBUTION_74,48.244041504628946,,0.0,48.244041504628946,JCP,UNKNOWN,EX_DATE_ECONOMIC_REINVESTMENT,cache/market.json.gz; B3
CG_ONLY,V0,2015-05-27,02998611000104,TRPL4,B00S_TRPL4_2015-05-27_DISTRIBUTION_69,132.85327479157914,,0.0,132.85327479157914,CASH_DIVIDEND,UNKNOWN,EX_DATE_ECONOMIC_REINVESTMENT,cache/market.json.gz; B3
CG_ONLY,V0,2015-06-01,60872504000123,ITUB4,ITUB4_2015-06-01_DISTRIBUTION_281,2.6026711435323824,,0.0,2.6026711435323824,CASH_DIVIDEND,UNKNOWN,EX_DATE_ECONOMIC_REINVESTMENT,cache/market.json.gz; SQLite corporate_actions/B3
CG_ONLY,V0,2015-06-02,60746948000112,BBDC4,BBDC4_2015-06-02_DISTRIBUTION_319,4.083739184763939,,0.0,4.083739184763939,JCP,UNKNOWN,EX_DATE_ECONOMIC_REINVESTMENT,cache/market.json.gz; SQLite corporate_actions/B3
CG_ONLY,V0,2015-06-03,92702067000196,BRSR6,B00S_BRSR6_2015-06-03_DISTRIBUTION_48,122.09059211624428,,0.0,122.09059211624428,JCP,UNKNOWN,EX_DATE_ECONOMIC_REINVESTMENT,cache/market.json.gz; B3
CG_ONLY,V0,2015-06-12,00000000000191,BBAS3,B00S_BBAS3_2015-06-12_DISTRIBUTION_40,79.33927999531542,,0.0,79.33927999531542,JCP,UNKNOWN,EX_DATE_ECONOMIC_REINVESTMENT,cache/market.json.gz; B3
CG_ONLY,V0,2015-06-23,60746948000112,BBDC4,BBDC4_2015-06-23_DISTRIBUTION_318,40.89523642274872,,0.0,40.89523642274872,CASH_DIVIDEND,UNKNOWN,EX_DATE_ECONOMIC_REINVESTMENT,cache/market.json.gz; SQLite corporate_actions/B3
CG_ONLY,V0,2015-07-01,28195667000106,ABCB4,CONT_26_ABCB4_2015-07-01,238.10127979936922,,0.0,238.10127979936922,,UNKNOWN,EX_DATE_ECONOMIC_REINVESTMENT,cache/market.json.gz; B3
CG_ONLY,V0,2015-07-01,60872504000123,ITUB4,ITUB4_2015-07-01_DISTRIBUTION_280,3.0375658006608646,,0.0,3.0375658006608646,CASH_DIVIDEND,UNKNOWN,EX_DATE_ECONOMIC_REINVESTMENT,cache/market.json.gz; SQLite corporate_actions/B3
CG_ONLY,V0,2015-07-02,60746948000112,BBDC4,BBDC4_2015-07-02_DISTRIBUTION_317,4.70938107394005,,0.0,4.70938107394005,JCP,UNKNOWN,EX_DATE_ECONOMIC_REINVESTMENT,cache/market.json.gz; SQLite corporate_actions/B3
CG_ONLY,V0,2015-08-03,60872504000123,ITUB4,ITUB4_2015-08-03_DISTRIBUTION_279,3.378591875559979,,0.0,3.378591875559979,CASH_DIVIDEND,UNKNOWN,EX_DATE_ECONOMIC_REINVESTMENT,cache/market.json.gz; SQLite corporate_actions/B3
CG_ONLY,V0,2015-08-03,02558157000162,VIVT4,CONT_2802_VIVT4_2015-08-03,21.49443214350489,,0.0,21.49443214350489,,UNKNOWN,EX_DATE_ECONOMIC_REINVESTMENT,cache/market.json.gz; B3
CG_ONLY,V0,2015-08-04,60746948000112,BBDC4,BBDC4_2015-08-04_DISTRIBUTION_316,4.850521066972057,,0.0,4.850521066972057,JCP,UNKNOWN,EX_DATE_ECONOMIC_REINVESTMENT,cache/market.json.gz; SQLite corporate_actions/B3
CG_ONLY,V0,2015-08-10,02998609000127,GETI4,GETI_DIST_20150810,149.21451618189198,,0.0,149.21451618189198,,UNKNOWN,EX_DATE_ECONOMIC_REINVESTMENT,https://www.fundamentus.com.br/proventos.php?interface=mobile&papel=geti4&tipo=2
CG_ONLY,V0,2015-08-12,17281106000103,CSMG3,CONT_994_CSMG3_2015-08-12,4.840356877805742,,0.0,4.840356877805742,,UNKNOWN,EX_DATE_ECONOMIC_REINVESTMENT,cache/market.json.gz; B3
CG_ONLY,V0,2015-08-13,60872504000123,ITUB4,ITUB4_2015-08-13_DISTRIBUTION_278,79.34968760898983,,0.0,79.34968760898983,JCP,UNKNOWN,EX_DATE_ECONOMIC_REINVESTMENT,cache/market.json.gz; SQLite corporate_actions/B3
CG_ONLY,V0,2015-08-21,02474103000119,TBLE3,TBLE3_2015-08-21_DISTRIBUTION_368,98.06006830841152,,0.0,98.06006830841152,CASH_DIVIDEND,UNKNOWN,EX_DATE_ECONOMIC_REINVESTMENT,cache/market.json.gz; SQLite corporate_actions/B3
CG_ONLY,V0,2015-08-24,00000000000191,BBAS3,CONT_253_BBAS3_2015-08-24,37.660906093146494,,0.0,37.660906093146494,,UNKNOWN,EX_DATE_ECONOMIC_REINVESTMENT,cache/market.json.gz; B3
CG_ONLY,V0,2015-08-24,00000000000191,BBAS3,CONT_254_BBAS3_2015-08-24,0.8858544585353092,,0.0,0.8858544585353092,,UNKNOWN,EX_DATE_ECONOMIC_REINVESTMENT,cache/market.json.gz; B3
CG_ONLY,V0,2015-09-01,60872504000123,ITUB4,ITUB4_2015-09-01_DISTRIBUTION_277,3.484593834956061,,0.0,3.484593834956061,CASH_DIVIDEND,UNKNOWN,EX_DATE_ECONOMIC_REINVESTMENT,cache/market.json.gz; SQLite corporate_actions/B3
CG_ONLY,V0,2015-09-01,02558157000162,VIVT4,CONT_2801_VIVT4_2015-09-01,23.158589980696348,,0.0,23.158589980696348,,UNKNOWN,EX_DATE_ECONOMIC_REINVESTMENT,cache/market.json.gz; B3
CG_ONLY,V0,2015-09-02,60746948000112,BBDC4,BBDC4_2015-09-02_DISTRIBUTION_315,4.9804796980186765,,0.0,4.9804796980186765,JCP,UNKNOWN,EX_DATE_ECONOMIC_REINVESTMENT,cache/market.json.gz; SQLite corporate_actions/B3
CG_ONLY,V0,2015-09-10,92702067000196,BRSR6,CONT_695_BRSR6_2015-09-10,184.4411795605059,,0.0,184.4411795605059,,UNKNOWN,EX_DATE_ECONOMIC_REINVESTMENT,cache/market.json.gz; B3
CG_ONLY,V0,2015-09-14,00000000000191,BBAS3,CONT_252_BBAS3_2015-09-14,86.29933479336636,,0.0,86.29933479336636,,UNKNOWN,EX_DATE_ECONOMIC_REINVESTMENT,cache/market.json.gz; B3
CG_ONLY,V0,2015-10-01,60872504000123,ITUB4,ITUB4_2015-10-01_DISTRIBUTION_276,3.4984943552823786,,0.0,3.4984943552823786,CASH_DIVIDEND,UNKNOWN,EX_DATE_ECONOMIC_REINVESTMENT,cache/market.json.gz; SQLite corporate_actions/B3
CG_ONLY,V0,2015-10-01,02558157000162,VIVT4,CONT_2800_VIVT4_2015-10-01,14.416376619260502,,0.0,14.416376619260502,,UNKNOWN,EX_DATE_ECONOMIC_REINVESTMENT,cache/market.json.gz; B3
CG_ONLY,V0,2015-10-02,60746948000112,BBDC4,BBDC4_2015-10-02_DISTRIBUTION_314,5.1180385255148755,,0.0,5.1180385255148755,JCP,UNKNOWN,EX_DATE_ECONOMIC_REINVESTMENT,cache/market.json.gz; SQLite corporate_actions/B3
CG_ONLY,V0,2015-10-29,02149205000169,PSSA3,CONT_2161_PSSA3_2015-10-29,148.11732848270137,,0.0,148.11732848270137,,UNKNOWN,EX_DATE_ECONOMIC_REINVESTMENT,cache/market.json.gz; B3
CG_ONLY,V0,2015-11-03,60872504000123,ITUB4,ITUB4_2015-11-03_DISTRIBUTION_275,3.500446640078853,,0.0,3.500446640078853,CASH_DIVIDEND,UNKNOWN,EX_DATE_ECONOMIC_REINVESTMENT,cache/market.json.gz; SQLite corporate_actions/B3
CG_ONLY,V0,2015-11-03,02558157000162,VIVT4,CONT_2799_VIVT4_2015-11-03,8.728435196135738,,0.0,8.728435196135738,,UNKNOWN,EX_DATE_ECONOMIC_REINVESTMENT,cache/market.json.gz; B3
CG_ONLY,V0,2015-11-04,60746948000112,BBDC4,BBDC4_2015-11-04_DISTRIBUTION_313,5.371960757297199,,0.0,5.371960757297199,JCP,UNKNOWN,EX_DATE_ECONOMIC_REINVESTMENT,cache/market.json.gz; SQLite corporate_actions/B3
CG_ONLY,V0,2015-11-12,17281106000103,CSMG3,CONT_993_CSMG3_2015-11-12,12.329966427399524,,0.0,12.329966427399524,,UNKNOWN,EX_DATE_ECONOMIC_REINVESTMENT,cache/market.json.gz; B3
CG_ONLY,V0,2015-11-24,00000000000191,BBAS3,CONT_251_BBAS3_2015-11-24,63.034993442214116,,0.0,63.034993442214116,,UNKNOWN,EX_DATE_ECONOMIC_REINVESTMENT,cache/market.json.gz; B3
CG_ONLY,V0,2015-11-24,02474103000119,TBLE3,TBLE3_2015-11-24_DISTRIBUTION_367,100.32715867539005,,0.0,100.32715867539005,JCP,UNKNOWN,EX_DATE_ECONOMIC_REINVESTMENT,cache/market.json.gz; SQLite corporate_actions/B3
CG_ONLY,V0,2015-11-26,02998611000104,TRPL4,CONT_1398_TRPL4_2015-11-26,246.0425966164898,,0.0,246.0425966164898,,UNKNOWN,EX_DATE_ECONOMIC_REINVESTMENT,cache/market.json.gz; B3
CG_ONLY,V0,2015-12-01,60872504000123,ITUB4,ITUB4_2015-12-01_DISTRIBUTION_274,3.5458381583459153,,0.0,3.5458381583459153,CASH_DIVIDEND,UNKNOWN,EX_DATE_ECONOMIC_REINVESTMENT,cache/market.json.gz; SQLite corporate_actions/B3
CG_ONLY,V0,2015-12-01,02558157000162,VIVT4,CONT_2798_VIVT4_2015-12-01,23.397222318120424,,0.0,23.397222318120424,,UNKNOWN,EX_DATE_ECONOMIC_REINVESTMENT,cache/market.json.gz; B3
CG_ONLY,V0,2015-12-02,60746948000112,BBDC4,BBDC4_2015-12-02_DISTRIBUTION_312,5.557591952538001,,0.0,5.557591952538001,JCP,UNKNOWN,EX_DATE_ECONOMIC_REINVESTMENT,cache/market.json.gz; SQLite corporate_actions/B3
CG_ONLY,V0,2015-12-04,92702067000196,BRSR6,CONT_694_BRSR6_2015-12-04,259.24350713538195,,0.0,259.24350713538195,,UNKNOWN,EX_DATE_ECONOMIC_REINVESTMENT,cache/market.json.gz; B3
CG_ONLY,V0,2015-12-10,60872504000123,ITUB4,ITUB4_2015-12-10_DISTRIBUTION_273,49.593423197078,,0.0,49.593423197078,JCP,UNKNOWN,EX_DATE_ECONOMIC_REINVESTMENT,cache/market.json.gz; SQLite corporate_actions/B3
CG_ONLY,V0,2015-12-14,00000000000191,BBAS3,CONT_250_BBAS3_2015-12-14,105.08084436420515,,0.0,105.08084436420515,,UNKNOWN,EX_DATE_ECONOMIC_REINVESTMENT,cache/market.json.gz; B3
CG_ONLY,V0,2015-12-14,02149205000169,PSSA3,CONT_2160_PSSA3_2015-12-14,62.930591496164396,,0.0,62.930591496164396,,UNKNOWN,EX_DATE_ECONOMIC_REINVESTMENT,cache/market.json.gz; B3
CG_ONLY,V0,2015-12-17,60746948000112,BBDC4,BBDC4_2015-12-17_DISTRIBUTION_311,247.56551532526836,,0.0,247.56551532526836,JCP,UNKNOWN,EX_DATE_ECONOMIC_REINVESTMENT,cache/market.json.gz; SQLite corporate_actions/B3
CG_ONLY,V0,2015-12-22,03983431000103,ENBR3,CONT_1109_ENBR3_2015-12-22,18.804719912457127,,0.0,18.804719912457127,,UNKNOWN,EX_DATE_ECONOMIC_REINVESTMENT,cache/market.json.gz; B3
CG_ONLY,V0,2015-12-28,03220438000173,EQTL3,CONT_1127_EQTL3_2015-12-28,69.4418561772719,,0.0,69.4418561772719,,UNKNOWN,EX_DATE_ECONOMIC_REINVESTMENT,cache/market.json.gz; B3
CG_ONLY,V0,2016-01-04,28195667000106,ABCB4,CONT_25_ABCB4_2016-01-04,330.6280385686989,,0.0,330.6280385686989,,UNKNOWN,EX_DATE_ECONOMIC_REINVESTMENT,cache/market.json.gz; B3
CG_ONLY,V0,2016-01-04,17155730000164,CMIG4,CMIG4_2016-01-04_DISTRIBUTION_640,141.93557158363222,,0.0,141.93557158363222,,UNKNOWN,EX_DATE_ECONOMIC_REINVESTMENT,https://api.mziq.com/mzfilemanager/v2/d/716a131f-9624-452c-9088-0cd6983c1349/a2eb9f5f-37e1-8913-c1eb-c4281b5e23b2?origin=2
CG_ONLY,V0,2016-01-04,60872504000123,ITUB4,ITUB4_2016-01-04_DISTRIBUTION_272,3.5851665010068676,,0.0,3.5851665010068676,CASH_DIVIDEND,UNKNOWN,EX_DATE_ECONOMIC_REINVESTMENT,cache/market.json.gz; SQLite corporate_actions/B3
CG_ONLY,V0,2016-01-04,02558157000162,VIVT4,CONT_2797_VIVT4_2016-01-04,31.094930908564475,,0.0,31.094930908564475,,UNKNOWN,EX_DATE_ECONOMIC_REINVESTMENT,cache/market.json.gz; B3
CG_ONLY,V0,2016-01-05,60746948000112,BBDC4,BBDC4_2016-01-05_DISTRIBUTION_310,5.955759885215022,,0.0,5.955759885215022,JCP,UNKNOWN,EX_DATE_ECONOMIC_REINVESTMENT,cache/market.json.gz; SQLite corporate_actions/B3
CG_ONLY,V0,2016-02-01,60872504000123,ITUB4,ITUB4_2016-02-01_DISTRIBUTION_271,3.6512481257062515,,0.0,3.6512481257062515,CASH_DIVIDEND,UNKNOWN,EX_DATE_ECONOMIC_REINVESTMENT,cache/market.json.gz; SQLite corporate_actions/B3
CG_ONLY,V0,2016-02-02,60746948000112,BBDC4,BBDC4_2016-02-02_DISTRIBUTION_309,6.149649118001039,,0.0,6.149649118001039,JCP,UNKNOWN,EX_DATE_ECONOMIC_REINVESTMENT,cache/market.json.gz; SQLite corporate_actions/B3
CG_ONLY,V0,2016-02-19,60872504000123,ITUB4,ITUB4_2016-02-19_DISTRIBUTION_269,49.00276030339902,,0.0,49.00276030339902,CASH_DIVIDEND,UNKNOWN,EX_DATE_ECONOMIC_REINVESTMENT,cache/market.json.gz; SQLite corporate_actions/B3
CG_ONLY,V0,2016-02-19,60872504000123,ITUB4,ITUB4_2016-02-19_DISTRIBUTION_270,112.95383738621874,,0.0,112.95383738621874,JCP,UNKNOWN,EX_DATE_ECONOMIC_REINVESTMENT,cache/market.json.gz; SQLite corporate_actions/B3
CG_ONLY,V0,2016-03-01,60872504000123,ITUB4,ITUB4_2016-03-01_DISTRIBUTION_268,3.8124271107429,,0.0,3.8124271107429,CASH_DIVIDEND,UNKNOWN,EX_DATE_ECONOMIC_REINVESTMENT,cache/market.json.gz; SQLite corporate_actions/B3
CG_ONLY,V0,2016-03-01,02558157000162,VIVT4,CONT_2796_VIVT4_2016-03-01,21.61619237456828,,0.0,21.61619237456828,,UNKNOWN,EX_DATE_ECONOMIC_REINVESTMENT,cache/market.json.gz; B3
CG_ONLY,V0,2016-03-02,60746948000112,BBDC4,BBDC4_2016-03-02_DISTRIBUTION_308,6.1708192549926375,,0.0,6.1708192549926375,JCP,UNKNOWN,EX_DATE_ECONOMIC_REINVESTMENT,cache/market.json.gz; SQLite corporate_actions/B3
CG_ONLY,V0,2016-03-03,00000000000191,BBAS3,CONT_248_BBAS3_2016-03-03,38.97748319773789,,0.0,38.97748319773789,,UNKNOWN,EX_DATE_ECONOMIC_REINVESTMENT,cache/market.json.gz; B3
CG_ONLY,V0,2016-03-03,00000000000191,BBAS3,CONT_249_BBAS3_2016-03-03,0.9950434778833528,,0.0,0.9950434778833528,,UNKNOWN,EX_DATE_ECONOMIC_REINVESTMENT,cache/market.json.gz; B3
CG_ONLY,V0,2016-03-11,92702067000196,BRSR6,CONT_693_BRSR6_2016-03-11,221.95844081489437,,0.0,221.95844081489437,,UNKNOWN,EX_DATE_ECONOMIC_REINVESTMENT,cache/market.json.gz; B3
CG_ONLY,V0,2016-03-14,00000000000191,BBAS3,CONT_247_BBAS3_2016-03-14,43.6150021051532,,0.0,43.6150021051532,,UNKNOWN,EX_DATE_ECONOMIC_REINVESTMENT,cache/market.json.gz; B3
CG_ONLY,V0,2016-03-30,02149205000169,PSSA3,CONT_2159_PSSA3_2016-03-30,33.559132224855595,,0.0,33.559132224855595,,UNKNOWN,EX_DATE_ECONOMIC_REINVESTMENT,cache/market.json.gz; B3
CG_ONLY,V0,2016-04-01,60872504000123,ITUB4,ITUB4_2016-04-01_DISTRIBUTION_267,3.876224463331757,,0.0,3.876224463331757,CASH_DIVIDEND,UNKNOWN,EX_DATE_ECONOMIC_REINVESTMENT,cache/market.json.gz; SQLite corporate_actions/B3
CG_ONLY,V0,2016-04-01,02558157000162,VIVT4,CONT_2795_VIVT4_2016-04-01,36.871162784873015,,0.0,36.871162784873015,,UNKNOWN,EX_DATE_ECONOMIC_REINVESTMENT,cache/market.json.gz; B3
CG_ONLY,V0,2016-04-04,60746948000112,BBDC4,BBDC4_2016-04-04_DISTRIBUTION_307,6.176046492346968,,0.0,6.176046492346968,JCP,UNKNOWN,EX_DATE_ECONOMIC_REINVESTMENT,cache/market.json.gz; SQLite corporate_actions/B3
CG_ONLY,V0,2016-04-06,43776517000180,SBSP3,CONT_2263_SBSP3_2016-04-06,95.0427091657983,,0.0,95.0427091657983,,UNKNOWN,EX_DATE_ECONOMIC_REINVESTMENT,cache/market.json.gz; B3
CG_ONLY,V0,2016-04-13,02558115000121,TIMP3,TIMP_GROSS_2016-04-13,183.30883432102974,,0.0,183.30883432102974,,UNKNOWN,EX_DATE_ECONOMIC_REINVESTMENT,research/graham_v6_comparison/audit_v13_inputs/documents/TIM_DIV.html.gz
CG_ONLY,V0,2016-04-14,03983431000103,ENBR3,CONT_1108_ENBR3_2016-04-14,382.5394127312959,,0.0,382.5394127312959,,UNKNOWN,EX_DATE_ECONOMIC_REINVESTMENT,cache/market.json.gz; B3
CG_ONLY,V0,2016-04-18,03220438000173,EQTL3,CONT_1126_EQTL3_2016-04-18,131.93302691354535,,0.0,131.93302691354535,,UNKNOWN,EX_DATE_ECONOMIC_REINVESTMENT,cache/market.json.gz; B3
CG_ONLY,V0,2016-04-29,76483817000120,CPLE6,CONT_923_CPLE6_2016-04-29,204.05758423663713,,0.0,204.05758423663713,,UNKNOWN,EX_DATE_ECONOMIC_REINVESTMENT,cache/market.json.gz; B3
CG_ONLY,V0,2016-04-29,76483817000120,CPLE6,CONT_924_CPLE6_2016-04-29,132.73593957125493,,0.0,132.73593957125493,,UNKNOWN,EX_DATE_ECONOMIC_REINVESTMENT,cache/market.json.gz; B3
CG_ONLY,V0,2016-04-29,02998609000127,TIET11,CONT_2619_TIET11_2016-04-29,597.236214111892,,0.0,597.236214111892,,UNKNOWN,EX_DATE_ECONOMIC_REINVESTMENT,cache/market.json.gz; B3
CG_ONLY,V0,2016-04-29,02558157000162,VIVT4,CONT_2794_VIVT4_2016-04-29,143.6273922469725,,0.0,143.6273922469725,,UNKNOWN,EX_DATE_ECONOMIC_REINVESTMENT,cache/market.json.gz; B3
CG_ONLY,V0,2016-05-02,17155730000164,CMIG4,CMIG4_2016-05-02_DISTRIBUTION_641,359.16672559972244,,0.0,359.16672559972244,,UNKNOWN,EX_DATE_ECONOMIC_REINVESTMENT,https://api.mziq.com/mzfilemanager/v2/d/716a131f-9624-452c-9088-0cd6983c1349/a2eb9f5f-37e1-8913-c1eb-c4281b5e23b2?origin=2
CG_ONLY,V0,2016-05-02,02429144000193,CPFE3,CONT_847_CPFE3_2016-05-02,87.28088773885192,,0.0,87.28088773885192,,UNKNOWN,EX_DATE_ECONOMIC_REINVESTMENT,cache/market.json.gz; B3
CG_ONLY,V0,2016-05-02,60872504000123,ITUB4,ITUB4_2016-05-02_DISTRIBUTION_266,3.9278581295492825,,0.0,3.9278581295492825,CASH_DIVIDEND,UNKNOWN,EX_DATE_ECONOMIC_REINVESTMENT,cache/market.json.gz; SQLite corporate_actions/B3
CG_ONLY,V0,2016-05-02,02558157000162,VIVT4,CONT_2793_VIVT4_2016-05-02,25.003123613957186,,0.0,25.003123613957186,,UNKNOWN,EX_DATE_ECONOMIC_REINVESTMENT,cache/market.json.gz; B3
CG_ONLY,V0,2016-05-03,60746948000112,BBDC4,BBDC4_2016-05-03_DISTRIBUTION_306,6.79850278752913,,0.0,6.79850278752913,JCP,UNKNOWN,EX_DATE_ECONOMIC_REINVESTMENT,cache/market.json.gz; SQLite corporate_actions/B3
CG_ONLY,V0,2016-05-09,02998609000127,TIET11,CONT_2618_TIET11_2016-05-09,130.39889332824725,,0.0,130.39889332824725,,UNKNOWN,EX_DATE_ECONOMIC_REINVESTMENT,cache/market.json.gz; B3
CG_ONLY,V0,2016-05-11,02474103000119,TBLE3,TBLE3_2016-05-11_DISTRIBUTION_366,70.57322422277035,,0.0,70.57322422277035,CASH_DIVIDEND,UNKNOWN,EX_DATE_ECONOMIC_REINVESTMENT,cache/market.json.gz; SQLite corporate_actions/B3
CG_ONLY,V0,2016-05-12,17281106000103,CSMG3,CONT_992_CSMG3_2016-05-12,122.21472708683991,,0.0,122.21472708683991,,UNKNOWN,EX_DATE_ECONOMIC_REINVESTMENT,cache/market.json.gz; B3
CG_ONLY,V0,2016-05-24,00000000000191,BBAS3,CONT_246_BBAS3_2016-05-24,59.585780183572055,,0.0,59.585780183572055,,UNKNOWN,EX_DATE_ECONOMIC_REINVESTMENT,cache/market.json.gz; B3
CG_ONLY,V0,2016-06-01,60872504000123,ITUB4,ITUB4_2016-06-01_DISTRIBUTION_265,3.981784271214996,,0.0,3.981784271214996,CASH_DIVIDEND,UNKNOWN,EX_DATE_ECONOMIC_REINVESTMENT,cache/market.json.gz; SQLite corporate_actions/B3
CG_ONLY,V0,2016-06-02,60746948000112,BBDC4,BBDC4_2016-06-02_DISTRIBUTION_305,6.859722638168547,,0.0,6.859722638168547,JCP,UNKNOWN,EX_DATE_ECONOMIC_REINVESTMENT,cache/market.json.gz; SQLite corporate_actions/B3
CG_ONLY,V0,2016-06-14,00000000000191,BBAS3,CONT_245_BBAS3_2016-06-14,63.583202231535175,,0.0,63.583202231535175,,UNKNOWN,EX_DATE_ECONOMIC_REINVESTMENT,cache/market.json.gz; B3
CG_ONLY,V0,2016-06-14,92702067000196,BRSR6,CONT_692_BRSR6_2016-06-14,229.58608479863724,,0.0,229.58608479863724,,UNKNOWN,EX_DATE_ECONOMIC_REINVESTMENT,cache/market.json.gz; B3
CG_ONLY,V0,2016-06-22,02998611000104,TRPL4,CONT_1397_TRPL4_2016-06-22,121.93342652185082,,0.0,121.93342652185082,,UNKNOWN,EX_DATE_ECONOMIC_REINVESTMENT,cache/market.json.gz; B3
CG_ONLY,V0,2016-06-23,60746948000112,BBDC4,BBDC4_2016-06-23_DISTRIBUTION_304,68.66224912348913,,0.0,68.66224912348913,JCP,UNKNOWN,EX_DATE_ECONOMIC_REINVESTMENT,cache/market.json.gz; SQLite corporate_actions/B3
CG_ONLY,V0,2016-07-01,28195667000106,ABCB4,CONT_24_ABCB4_2016-07-01,451.8678186039064,,0.0,451.8678186039064,,UNKNOWN,EX_DATE_ECONOMIC_REINVESTMENT,cache/market.json.gz; B3
CG_ONLY,V0,2016-07-01,60872504000123,ITUB4,ITUB4_2016-07-01_DISTRIBUTION_264,5.315527829640422,,0.0,5.315527829640422,CASH_DIVIDEND,UNKNOWN,EX_DATE_ECONOMIC_REINVESTMENT,cache/market.json.gz; SQLite corporate_actions/B3
CG_ONLY,V0,2016-07-01,02558157000162,VIVT4,CONT_2792_VIVT4_2016-07-01,24.0165863579487,,0.0,24.0165863579487,,UNKNOWN,EX_DATE_ECONOMIC_REINVESTMENT,cache/market.json.gz; B3
CG_ONLY,V0,2016-07-04,60746948000112,BBDC4,BBDC4_2016-07-04_DISTRIBUTION_303,8.106215978494484,,0.0,8.106215978494484,JCP,UNKNOWN,EX_DATE_ECONOMIC_REINVESTMENT,cache/market.json.gz; SQLite corporate_actions/B3
CG_ONLY,V0,2016-08-01,60872504000123,ITUB4,ITUB4_2016-08-01_DISTRIBUTION_263,5.318107348160144,,0.0,5.318107348160144,CASH_DIVIDEND,UNKNOWN,EX_DATE_ECONOMIC_REINVESTMENT,cache/market.json.gz; SQLite corporate_actions/B3
CG_ONLY,V0,2016-08-02,60746948000112,BBDC4,BBDC4_2016-08-02_DISTRIBUTION_302,8.197911520822018,,0.0,8.197911520822018,JCP,UNKNOWN,EX_DATE_ECONOMIC_REINVESTMENT,cache/market.json.gz; SQLite corporate_actions/B3
CG_ONLY,V0,2016-08-09,02474103000119,TBLE3,TBLE3_2016-08-09_DISTRIBUTION_365,286.2119869467075,,0.0,286.2119869467075,CASH_DIVIDEND,UNKNOWN,EX_DATE_ECONOMIC_REINVESTMENT,cache/market.json.gz; SQLite corporate_actions/B3
CG_ONLY,V0,2016-08-15,60872504000123,ITUB4,ITUB4_2016-08-15_DISTRIBUTION_262,144.17787797562568,,0.0,144.17787797562568,JCP,UNKNOWN,EX_DATE_ECONOMIC_REINVESTMENT,cache/market.json.gz; SQLite corporate_actions/B3
CG_ONLY,V0,2016-08-23,00000000000191,BBAS3,CONT_243_BBAS3_2016-08-23,87.35058161434162,,0.0,87.35058161434162,,UNKNOWN,EX_DATE_ECONOMIC_REINVESTMENT,cache/market.json.gz; B3
CG_ONLY,V0,2016-08-23,00000000000191,BBAS3,CONT_244_BBAS3_2016-08-23,2.0419613082025143,,0.0,2.0419613082025143,,UNKNOWN,EX_DATE_ECONOMIC_REINVESTMENT,cache/market.json.gz; B3
CG_ONLY,V0,2016-09-01,60872504000123,ITUB4,ITUB4_2016-09-01_DISTRIBUTION_261,5.479765804986377,,0.0,5.479765804986377,CASH_DIVIDEND,UNKNOWN,EX_DATE_ECONOMIC_REINVESTMENT,cache/market.json.gz; SQLite corporate_actions/B3
CG_ONLY,V0,2016-09-02,60746948000112,BBDC4,BBDC4_2016-09-02_DISTRIBUTION_301,8.292739880911675,,0.0,8.292739880911675,JCP,UNKNOWN,EX_DATE_ECONOMIC_REINVESTMENT,cache/market.json.gz; SQLite corporate_actions/B3
CG_ONLY,V0,2016-09-08,92702067000196,BRSR6,CONT_691_BRSR6_2016-09-08,241.11218359718305,,0.0,241.11218359718305,,UNKNOWN,EX_DATE_ECONOMIC_REINVESTMENT,cache/market.json.gz; B3
CG_ONLY,V0,2016-09-13,00000000000191,BBAS3,CONT_242_BBAS3_2016-09-13,81.39104932919699,,0.0,81.39104932919699,,UNKNOWN,EX_DATE_ECONOMIC_REINVESTMENT,cache/market.json.gz; B3
CG_ONLY,V0,2016-10-03,60746948000112,BBDC4,BBDC4_2016-10-03_DISTRIBUTION_300,274.73989339665195,,0.0,274.73989339665195,JCP,UNKNOWN,EX_DATE_ECONOMIC_REINVESTMENT,cache/market.json.gz; SQLite corporate_actions/B3
CG_ONLY,V0,2016-10-03,60872504000123,ITUB4,ITUB4_2016-10-03_DISTRIBUTION_260,5.48203705359303,,0.0,5.48203705359303,CASH_DIVIDEND,UNKNOWN,EX_DATE_ECONOMIC_REINVESTMENT,cache/market.json.gz; SQLite corporate_actions/B3
CG_ONLY,V0,2016-10-03,02558157000162,VIVT4,CONT_2791_VIVT4_2016-10-03,100.78285037510423,,0.0,100.78285037510423,,UNKNOWN,EX_DATE_ECONOMIC_REINVESTMENT,cache/market.json.gz; B3
CG_ONLY,V0,2016-10-04,60746948000112,BBDC4,BBDC4_2016-10-04_DISTRIBUTION_299,8.473053869280719,,0.0,8.473053869280719,JCP,UNKNOWN,EX_DATE_ECONOMIC_REINVESTMENT,cache/market.json.gz; SQLite corporate_actions/B3
CG_ONLY,V0,2016-10-28,02149205000169,PSSA3,CONT_2158_PSSA3_2016-10-28,467.2938671633583,,0.0,467.2938671633583,,UNKNOWN,EX_DATE_ECONOMIC_REINVESTMENT,cache/market.json.gz; B3
CG_ONLY,V0,2016-11-01,60872504000123,ITUB4,ITUB4_2016-11-01_DISTRIBUTION_259,6.032729166418201,,0.0,6.032729166418201,CASH_DIVIDEND,UNKNOWN,EX_DATE_ECONOMIC_REINVESTMENT,cache/market.json.gz; SQLite corporate_actions/B3
CG_ONLY,V0,2016-11-03,60746948000112,BBDC4,BBDC4_2016-11-03_DISTRIBUTION_298,8.478377530830928,,0.0,8.478377530830928,JCP,UNKNOWN,EX_DATE_ECONOMIC_REINVESTMENT,cache/market.json.gz; SQLite corporate_actions/B3
CG_ONLY,V0,2016-11-11,02474103000119,TBLE3,TBLE3_2016-11-11_DISTRIBUTION_364,214.21218533978322,,0.0,214.21218533978322,JCP,UNKNOWN,EX_DATE_ECONOMIC_REINVESTMENT,cache/market.json.gz; SQLite corporate_actions/B3
CG_ONLY,V0,2016-11-22,00000000000191,BBAS3,CONT_241_BBAS3_2016-11-22,71.01303374944455,,0.0,71.01303374944455,,UNKNOWN,EX_DATE_ECONOMIC_REINVESTMENT,cache/market.json.gz; B3
CG_ONLY,V0,2016-12-01,60872504000123,ITUB4,ITUB4_2016-12-01_DISTRIBUTION_258,6.035158453330853,,0.0,6.035158453330853,CASH_DIVIDEND,UNKNOWN,EX_DATE_ECONOMIC_REINVESTMENT,cache/market.json.gz; SQLite corporate_actions/B3
CG_ONLY,V0,2016-12-02,60746948000112,BBDC4,BBDC4_2016-12-02_DISTRIBUTION_297,8.51225515727723,,0.0,8.51225515727723,JCP,UNKNOWN,EX_DATE_ECONOMIC_REINVESTMENT,cache/market.json.gz; SQLite corporate_actions/B3
CG_ONLY,V0,2016-12-05,02998611000104,TRPL4,CONT_1396_TRPL4_2016-12-05,162.46198173093993,,0.0,162.46198173093993,,UNKNOWN,EX_DATE_ECONOMIC_REINVESTMENT,cache/market.json.gz; B3
CG_ONLY,V0,2016-12-13,00000000000191,BBAS3,CONT_240_BBAS3_2016-12-13,49.91457054249693,,0.0,49.91457054249693,,UNKNOWN,EX_DATE_ECONOMIC_REINVESTMENT,cache/market.json.gz; B3
CG_ONLY,V0,2016-12-15,92702067000196,BRSR6,CONT_690_BRSR6_2016-12-15,53.3707831402792,,0.0,53.3707831402792,,UNKNOWN,EX_DATE_ECONOMIC_REINVESTMENT,cache/market.json.gz; B3
CG_ONLY,V0,2016-12-21,02149205000169,PSSA3,CONT_2157_PSSA3_2016-12-21,45.459294183312934,,0.0,45.459294183312934,,UNKNOWN,EX_DATE_ECONOMIC_REINVESTMENT,cache/market.json.gz; B3
CG_ONLY,V0,2016-12-22,60746948000112,BBDC4,BBDC4_2016-12-22_DISTRIBUTION_296,126.76837678259521,,0.0,126.76837678259521,JCP,UNKNOWN,EX_DATE_ECONOMIC_REINVESTMENT,cache/market.json.gz; SQLite corporate_actions/B3
CG_ONLY,V0,2016-12-23,60872504000123,ITUB4,ITUB4_2016-12-23_DISTRIBUTION_257,189.74908381272002,,0.0,189.74908381272002,JCP,UNKNOWN,EX_DATE_ECONOMIC_REINVESTMENT,cache/market.json.gz; SQLite corporate_actions/B3
CG_ONLY,V0,2016-12-27,17155730000164,CMIG4,CMIG4_2016-12-27_DISTRIBUTION_642,470.522508008863,,0.0,470.522508008863,,UNKNOWN,EX_DATE_ECONOMIC_REINVESTMENT,https://api.mziq.com/mzfilemanager/v2/d/716a131f-9624-452c-9088-0cd6983c1349/a2eb9f5f-37e1-8913-c1eb-c4281b5e23b2?origin=2
CG_ONLY,V0,2016-12-27,03220438000173,EQTL3,CONT_1125_EQTL3_2016-12-27,68.61396709426117,,0.0,68.61396709426117,,UNKNOWN,EX_DATE_ECONOMIC_REINVESTMENT,cache/market.json.gz; B3
CG_ONLY,V0,2016-12-29,03983431000103,ENBR3,CONT_1107_ENBR3_2016-12-29,485.9015069376976,,0.0,485.9015069376976,,UNKNOWN,EX_DATE_ECONOMIC_REINVESTMENT,cache/market.json.gz; B3
CG_ONLY,V0,2017-01-02,28195667000106,ABCB4,CONT_23_ABCB4_2017-01-02,504.5730177345652,,0.0,504.5730177345652,,UNKNOWN,EX_DATE_ECONOMIC_REINVESTMENT,cache/market.json.gz; B3
CG_ONLY,V0,2017-01-02,60872504000123,ITUB4,ITUB4_2017-01-02_DISTRIBUTION_256,6.125494192846203,,0.0,6.125494192846203,CASH_DIVIDEND,UNKNOWN,EX_DATE_ECONOMIC_REINVESTMENT,cache/market.json.gz; SQLite corporate_actions/B3
CG_ONLY,V0,2017-01-02,02558157000162,VIVT4,CONT_2790_VIVT4_2017-01-02,103.52920796920293,,0.0,103.52920796920293,,UNKNOWN,EX_DATE_ECONOMIC_REINVESTMENT,cache/market.json.gz; B3
CG_ONLY,V0,2017-01-03,60746948000112,BBDC4,BBDC4_2017-01-03_DISTRIBUTION_623,8.659001751837216,,0.0,8.659001751837216,JCP Mensais,UNKNOWN,EX_DATE_ECONOMIC_REINVESTMENT,https://www.bradescori.com.br/informacoes-ao-mercado/remuneracao-aos-acionistas/
CG_ONLY,V0,2017-01-13,02429144000193,CPFE3,CONT_846_CPFE3_2017-01-13,120.11049017305511,,0.0,120.11049017305511,,UNKNOWN,EX_DATE_ECONOMIC_REINVESTMENT,cache/market.json.gz; B3
CG_ONLY,V0,2017-02-01,60872504000123,ITUB4,ITUB4_2017-02-01_DISTRIBUTION_255,6.128234497435904,,0.0,6.128234497435904,CASH_DIVIDEND,UNKNOWN,EX_DATE_ECONOMIC_REINVESTMENT,cache/market.json.gz; SQLite corporate_actions/B3
CG_ONLY,V0,2017-02-02,60746948000112,BBDC4,BBDC4_2017-02-02_DISTRIBUTION_624,8.697326014453482,,0.0,8.697326014453482,JCP Mensais,UNKNOWN,EX_DATE_ECONOMIC_REINVESTMENT,https://www.bradescori.com.br/informacoes-ao-mercado/remuneracao-aos-acionistas/
CG_ONLY,V0,2017-02-21,60872504000123,ITUB4,ITUB4_2017-02-21_DISTRIBUTION_254,316.91517997191136,,0.0,316.91517997191136,JCP,UNKNOWN,EX_DATE_ECONOMIC_REINVESTMENT,cache/market.json.gz; SQLite corporate_actions/B3
CG_ONLY,V0,2017-03-01,60872504000123,ITUB4,ITUB4_2017-03-01_DISTRIBUTION_253,6.247048295239003,,0.0,6.247048295239003,CASH_DIVIDEND,UNKNOWN,EX_DATE_ECONOMIC_REINVESTMENT,cache/market.json.gz; SQLite corporate_actions/B3
CG_ONLY,V0,2017-03-01,02558157000162,VIVT4,CONT_2789_VIVT4_2017-03-01,32.08238596076442,,0.0,32.08238596076442,,UNKNOWN,EX_DATE_ECONOMIC_REINVESTMENT,cache/market.json.gz; B3
CG_ONLY,V0,2017-03-02,00000000000191,BBAS3,CONT_238_BBAS3_2017-03-02,16.473859806198156,,0.0,16.473859806198156,,UNKNOWN,EX_DATE_ECONOMIC_REINVESTMENT,cache/market.json.gz; B3
CG_ONLY,V0,2017-03-02,00000000000191,BBAS3,CONT_239_BBAS3_2017-03-02,0.38513094727520775,,0.0,0.38513094727520775,,UNKNOWN,EX_DATE_ECONOMIC_REINVESTMENT,cache/market.json.gz; B3
CG_ONLY,V0,2017-03-02,60746948000112,BBDC4,BBDC4_2017-03-02_DISTRIBUTION_625,8.775812865783706,,0.0,8.775812865783706,JCP Mensais,UNKNOWN,EX_DATE_ECONOMIC_REINVESTMENT,https://www.bradescori.com.br/informacoes-ao-mercado/remuneracao-aos-acionistas/
CG_ONLY,V0,2017-03-14,00000000000191,BBAS3,CONT_237_BBAS3_2017-03-14,46.96525214545518,,0.0,46.96525214545518,,UNKNOWN,EX_DATE_ECONOMIC_REINVESTMENT,cache/market.json.gz; B3
CG_ONLY,V0,2017-03-14,92702067000196,BRSR6,CONT_689_BRSR6_2017-03-14,255.47826855192517,,0.0,255.47826855192517,,UNKNOWN,EX_DATE_ECONOMIC_REINVESTMENT,cache/market.json.gz; B3
CG_ONLY,V0,2017-04-03,60872504000123,ITUB4,ITUB4_2017-04-03_DISTRIBUTION_252,6.249393870318568,,0.0,6.249393870318568,CASH_DIVIDEND,UNKNOWN,EX_DATE_ECONOMIC_REINVESTMENT,cache/market.json.gz; SQLite corporate_actions/B3
CG_ONLY,V0,2017-04-03,02558157000162,VIVT4,CONT_2788_VIVT4_2017-04-03,64.03618453325137,,0.0,64.03618453325137,,UNKNOWN,EX_DATE_ECONOMIC_REINVESTMENT,cache/market.json.gz; B3
CG_ONLY,V0,2017-04-04,60746948000112,BBDC4,BBDC4_2017-04-04_DISTRIBUTION_626,8.865368764057072,,0.0,8.865368764057072,JCP Mensais,UNKNOWN,EX_DATE_ECONOMIC_REINVESTMENT,https://www.bradescori.com.br/informacoes-ao-mercado/remuneracao-aos-acionistas/
CG_ONLY,V0,2017-04-11,43776517000180,SBSP3,CONT_2262_SBSP3_2017-04-11,543.3448027682055,,0.0,543.3448027682055,,UNKNOWN,EX_DATE_ECONOMIC_REINVESTMENT,cache/market.json.gz; B3
CG_ONLY,V0,2017-04-20,02558115000121,TIMP3,TIMP_GROSS_2017-04-20,100.93135552530877,,0.0,100.93135552530877,,UNKNOWN,EX_DATE_ECONOMIC_REINVESTMENT,research/graham_v6_comparison/audit_v13_inputs/documents/TIM_DIV.html.gz
CG_ONLY,V0,2017-04-27,02558157000162,VIVT4,CONT_2787_VIVT4_2017-04-27,358.660194691908,,0.0,358.660194691908,,UNKNOWN,EX_DATE_ECONOMIC_REINVESTMENT,cache/market.json.gz; B3
CG_ONLY,V0,2017-04-28,03220438000173,EQTL3,CONT_1124_EQTL3_2017-04-28,155.02768295500064,,0.0,155.02768295500064,,UNKNOWN,EX_DATE_ECONOMIC_REINVESTMENT,cache/market.json.gz; B3
CG_ONLY,V0,2017-05-02,76483817000120,CPLE6,CONT_921_CPLE6_2017-05-02,381.50543576922877,,0.0,381.50543576922877,,UNKNOWN,EX_DATE_ECONOMIC_REINVESTMENT,cache/market.json.gz; B3
CG_ONLY,V0,2017-05-02,76483817000120,CPLE6,CONT_922_CPLE6_2017-05-02,481.2992167265058,,0.0,481.2992167265058,,UNKNOWN,EX_DATE_ECONOMIC_REINVESTMENT,cache/market.json.gz; B3
CG_ONLY,V0,2017-05-02,60872504000123,ITUB4,ITUB4_2017-05-02_DISTRIBUTION_251,6.258559254400339,,0.0,6.258559254400339,CASH_DIVIDEND,UNKNOWN,EX_DATE_ECONOMIC_REINVESTMENT,cache/market.json.gz; SQLite corporate_actions/B3
CG_ONLY,V0,2017-05-03,60746948000112,BBDC4,BBDC4_2017-05-03_DISTRIBUTION_627,9.776273180603162,,0.0,9.776273180603162,JCP Mensais,UNKNOWN,EX_DATE_ECONOMIC_REINVESTMENT,https://www.bradescori.com.br/informacoes-ao-mercado/remuneracao-aos-acionistas/
CG_ONLY,V0,2017-05-05,92702067000196,BRSR6,CONT_688_BRSR6_2017-05-05,53.23066563755583,,0.0,53.23066563755583,,UNKNOWN,EX_DATE_ECONOMIC_REINVESTMENT,cache/market.json.gz; B3
CG_ONLY,V0,2017-05-15,17155730000164,CMIG4,CMIG4_2017-05-15_DISTRIBUTION_643,405.49686503620245,,0.0,405.49686503620245,,UNKNOWN,EX_DATE_ECONOMIC_REINVESTMENT,https://api.mziq.com/mzfilemanager/v2/d/716a131f-9624-452c-9088-0cd6983c1349/a2eb9f5f-37e1-8913-c1eb-c4281b5e23b2?origin=2
CG_ONLY,V0,2017-05-16,92702067000196,BRSR6,CONT_687_BRSR6_2017-05-16,261.54029174467144,,0.0,261.54029174467144,,UNKNOWN,EX_DATE_ECONOMIC_REINVESTMENT,cache/market.json.gz; B3
CG_ONLY,V0,2017-05-23,00000000000191,BBAS3,CONT_236_BBAS3_2017-05-23,119.39268092245067,,0.0,119.39268092245067,,UNKNOWN,EX_DATE_ECONOMIC_REINVESTMENT,cache/market.json.gz; B3
CG_ONLY,V0,2017-05-30,02474103000119,TBLE3,TBLE3_2017-05-30_DISTRIBUTION_363,244.98473282803272,,0.0,244.98473282803272,CASH_DIVIDEND,UNKNOWN,EX_DATE_ECONOMIC_REINVESTMENT,cache/market.json.gz; SQLite corporate_actions/B3
CG_ONLY,V0,2017-06-01,60872504000123,ITUB4,ITUB4_2017-06-01_DISTRIBUTION_250,6.260903284083635,,0.0,6.260903284083635,CASH_DIVIDEND,UNKNOWN,EX_DATE_ECONOMIC_REINVESTMENT,cache/market.json.gz; SQLite corporate_actions/B3
CG_ONLY,V0,2017-06-02,60746948000112,BBDC4,BBDC4_2017-06-02_DISTRIBUTION_628,9.93074291704761,,0.0,9.93074291704761,JCP Mensais,UNKNOWN,EX_DATE_ECONOMIC_REINVESTMENT,https://www.bradescori.com.br/informacoes-ao-mercado/remuneracao-aos-acionistas/
CG_ONLY,V0,2017-06-02,02998611000104,TRPL4,CONT_1395_TRPL4_2017-06-02,181.63769507525737,,0.0,181.63769507525737,,UNKNOWN,EX_DATE_ECONOMIC_REINVESTMENT,cache/market.json.gz; B3
CG_ONLY,V0,2017-06-13,00000000000191,BBAS3,CONT_235_BBAS3_2017-06-13,51.625795667664455,,0.0,51.625795667664455,,UNKNOWN,EX_DATE_ECONOMIC_REINVESTMENT,cache/market.json.gz; B3
CG_ONLY,V0,2017-07-03,28195667000106,ABCB4,CONT_22_ABCB4_2017-07-03,514.835541100569,,0.0,514.835541100569,,UNKNOWN,EX_DATE_ECONOMIC_REINVESTMENT,cache/market.json.gz; B3
CG_ONLY,V0,2017-07-03,60746948000112,BBDC4,BBDC4_2017-07-03_DISTRIBUTION_629,89.13598506499591,,0.0,89.13598506499591,JCP Intermediários,UNKNOWN,EX_DATE_ECONOMIC_REINVESTMENT,https://www.bradescori.com.br/informacoes-ao-mercado/remuneracao-aos-acionistas/
CG_ONLY,V0,2017-07-03,60872504000123,ITUB4,ITUB4_2017-07-03_DISTRIBUTION_249,6.3658380253487925,,0.0,6.3658380253487925,CASH_DIVIDEND,UNKNOWN,EX_DATE_ECONOMIC_REINVESTMENT,cache/market.json.gz; SQLite corporate_actions/B3
CG_ONLY,V0,2017-07-03,02149205000169,PSSA3,CONT_2156_PSSA3_2017-07-03,383.9873998393985,,0.0,383.9873998393985,,UNKNOWN,EX_DATE_ECONOMIC_REINVESTMENT,cache/market.json.gz; B3
CG_ONLY,V0,2017-07-03,02558157000162,VIVT4,CONT_2786_VIVT4_2017-07-03,20.080658802266463,,0.0,20.080658802266463,,UNKNOWN,EX_DATE_ECONOMIC_REINVESTMENT,cache/market.json.gz; B3
CG_ONLY,V0,2017-07-03,76484013000145,SAPR4,CONT_2241_SAPR4_2017-07-03,442.8171058741568,,0.0,442.8171058741568,,UNKNOWN,EX_DATE_ECONOMIC_REINVESTMENT,cache/market.json.gz; B3
CG_ONLY,V0,2017-07-04,60746948000112,BBDC4,BBDC4_2017-07-04_DISTRIBUTION_630,10.618032697146006,,0.0,10.618032697146006,JCP Mensais,UNKNOWN,EX_DATE_ECONOMIC_REINVESTMENT,https://www.bradescori.com.br/informacoes-ao-mercado/remuneracao-aos-acionistas/
CG_ONLY,V0,2017-08-01,60872504000123,ITUB4,ITUB4_2017-08-01_DISTRIBUTION_248,6.384299512383179,,0.0,6.384299512383179,CASH_DIVIDEND,UNKNOWN,EX_DATE_ECONOMIC_REINVESTMENT,cache/market.json.gz; SQLite corporate_actions/B3
CG_ONLY,V0,2017-08-02,60746948000112,BBDC4,BBDC4_2017-08-02_DISTRIBUTION_631,10.625172142304905,,0.0,10.625172142304905,JCP Mensais,UNKNOWN,EX_DATE_ECONOMIC_REINVESTMENT,https://www.bradescori.com.br/informacoes-ao-mercado/remuneracao-aos-acionistas/
CG_ONLY,V0,2017-08-10,02474103000119,TBLE3,TBLE3_2017-08-10_DISTRIBUTION_362,669.7521331675575,,0.0,669.7521331675575,CASH_DIVIDEND,UNKNOWN,EX_DATE_ECONOMIC_REINVESTMENT,cache/market.json.gz; SQLite corporate_actions/B3
CG_ONLY,V0,2017-08-15,92702067000196,BRSR6,CONT_686_BRSR6_2017-08-15,241.1260802255454,,0.0,241.1260802255454,,UNKNOWN,EX_DATE_ECONOMIC_REINVESTMENT,cache/market.json.gz; B3
CG_ONLY,V0,2017-08-15,60872504000123,ITUB4,ITUB4_2017-08-15_DISTRIBUTION_247,171.53960981583003,,0.0,171.53960981583003,JCP,UNKNOWN,EX_DATE_ECONOMIC_REINVESTMENT,cache/market.json.gz; SQLite corporate_actions/B3
CG_ONLY,V0,2017-08-22,00000000000191,BBAS3,CONT_233_BBAS3_2017-08-22,117.06102393063438,,0.0,117.06102393063438,,UNKNOWN,EX_DATE_ECONOMIC_REINVESTMENT,cache/market.json.gz; B3
CG_ONLY,V0,2017-08-22,00000000000191,BBAS3,CONT_234_BBAS3_2017-08-22,1.8850242412979614,,0.0,1.8850242412979614,,UNKNOWN,EX_DATE_ECONOMIC_REINVESTMENT,cache/market.json.gz; B3
CG_ONLY,V0,2017-09-01,60872504000123,ITUB4,ITUB4_2017-09-01_DISTRIBUTION_246,6.513622026024767,,0.0,6.513622026024767,CASH_DIVIDEND,UNKNOWN,EX_DATE_ECONOMIC_REINVESTMENT,cache/market.json.gz; SQLite corporate_actions/B3
CG_ONLY,V0,2017-09-04,60746948000112,BBDC4,BBDC4_2017-09-04_DISTRIBUTION_632,10.631684112976494,,0.0,10.631684112976494,JCP Mensais,UNKNOWN,EX_DATE_ECONOMIC_REINVESTMENT,https://www.bradescori.com.br/informacoes-ao-mercado/remuneracao-aos-acionistas/
CG_ONLY,V0,2017-09-12,00000000000191,BBAS3,CONT_232_BBAS3_2017-09-12,44.70131665245072,,0.0,44.70131665245072,,UNKNOWN,EX_DATE_ECONOMIC_REINVESTMENT,cache/market.json.gz; B3
CG_ONLY,V0,2017-10-02,60872504000123,ITUB4,ITUB4_2017-10-02_DISTRIBUTION_245,6.516037300235139,,0.0,6.516037300235139,CASH_DIVIDEND,UNKNOWN,EX_DATE_ECONOMIC_REINVESTMENT,cache/market.json.gz; SQLite corporate_actions/B3
CG_ONLY,V0,2017-10-02,02558157000162,VIVT4,CONT_2785_VIVT4_2017-10-02,66.33773650318128,,0.0,66.33773650318128,,UNKNOWN,EX_DATE_ECONOMIC_REINVESTMENT,cache/market.json.gz; B3
CG_ONLY,V0,2017-10-03,60746948000112,BBDC4,BBDC4_2017-10-03_DISTRIBUTION_633,10.637574161893049,,0.0,10.637574161893049,JCP Mensais,UNKNOWN,EX_DATE_ECONOMIC_REINVESTMENT,https://www.bradescori.com.br/informacoes-ao-mercado/remuneracao-aos-acionistas/
CG_ONLY,V0,2017-10-31,02149205000169,PSSA3,CONT_2155_PSSA3_2017-10-31,395.3959695436655,,0.0,395.3959695436655,,UNKNOWN,EX_DATE_ECONOMIC_REINVESTMENT,cache/market.json.gz; B3
CG_ONLY,V0,2017-11-01,60872504000123,ITUB4,ITUB4_2017-11-01_DISTRIBUTION_244,6.518288868065213,,0.0,6.518288868065213,CASH_DIVIDEND,UNKNOWN,EX_DATE_ECONOMIC_REINVESTMENT,cache/market.json.gz; SQLite corporate_actions/B3
CG_ONLY,V0,2017-11-03,60746948000112,BBDC4,BBDC4_2017-11-03_DISTRIBUTION_634,10.643044241512163,,0.0,10.643044241512163,JCP Mensais,UNKNOWN,EX_DATE_ECONOMIC_REINVESTMENT,https://www.bradescori.com.br/informacoes-ao-mercado/remuneracao-aos-acionistas/
CG_ONLY,V0,2017-11-10,02474103000119,TBLE3,TBLE3_2017-11-10_DISTRIBUTION_361,321.57250434200546,,0.0,321.57250434200546,JCP,UNKNOWN,EX_DATE_ECONOMIC_REINVESTMENT,cache/market.json.gz; SQLite corporate_actions/B3
CG_ONLY,V0,2017-11-14,92702067000196,BRSR6,CONT_685_BRSR6_2017-11-14,88.2506827659402,,0.0,88.2506827659402,,UNKNOWN,EX_DATE_ECONOMIC_REINVESTMENT,cache/market.json.gz; B3
CG_ONLY,V0,2017-11-16,02558115000121,TIMP3,TIMP_GROSS_2017-11-16,125.11126540079326,,0.0,125.11126540079326,,UNKNOWN,EX_DATE_ECONOMIC_REINVESTMENT,research/graham_v6_comparison/audit_v13_inputs/documents/TIM_DIV.html.gz
CG_ONLY,V0,2017-11-21,02998611000104,TRPL4,CONT_1394_TRPL4_2017-11-21,571.7275211810941,,0.0,571.7275211810941,,UNKNOWN,EX_DATE_ECONOMIC_REINVESTMENT,cache/market.json.gz; B3
CG_ONLY,V0,2017-11-22,00000000000191,BBAS3,CONT_231_BBAS3_2017-11-22,131.09809271476465,,0.0,131.09809271476465,,UNKNOWN,EX_DATE_ECONOMIC_REINVESTMENT,cache/market.json.gz; B3
CG_ONLY,V0,2017-12-01,60872504000123,ITUB4,ITUB4_2017-12-01_DISTRIBUTION_243,6.520654566904337,,0.0,6.520654566904337,CASH_DIVIDEND,UNKNOWN,EX_DATE_ECONOMIC_REINVESTMENT,cache/market.json.gz; SQLite corporate_actions/B3
CG_ONLY,V0,2017-12-04,60746948000112,BBDC4,BBDC4_2017-12-04_DISTRIBUTION_635,10.648997948223874,,0.0,10.648997948223874,JCP Mensais,UNKNOWN,EX_DATE_ECONOMIC_REINVESTMENT,https://www.bradescori.com.br/informacoes-ao-mercado/remuneracao-aos-acionistas/
CG_ONLY,V0,2017-12-12,00000000000191,BBAS3,CONT_230_BBAS3_2017-12-12,48.83683544917509,,0.0,48.83683544917509,,UNKNOWN,EX_DATE_ECONOMIC_REINVESTMENT,cache/market.json.gz; B3
CG_ONLY,V0,2017-12-15,60872504000123,ITUB4,ITUB4_2017-12-15_DISTRIBUTION_242,62.8384921253611,,0.0,62.8384921253611,JCP,UNKNOWN,EX_DATE_ECONOMIC_REINVESTMENT,cache/market.json.gz; SQLite corporate_actions/B3
CG_ONLY,V0,2017-12-26,60746948000112,BBDC4,BBDC4_2017-12-26_DISTRIBUTION_636,466.02768179671057,,0.0,466.02768179671057,JCP Complementares,UNKNOWN,EX_DATE_ECONOMIC_REINVESTMENT,https://www.bradescori.com.br/informacoes-ao-mercado/remuneracao-aos-acionistas/
CG_ONLY,V0,2017-12-27,03983431000103,ENBR3,CONT_1106_ENBR3_2017-12-27,141.9828585690337,,0.0,141.9828585690337,,UNKNOWN,EX_DATE_ECONOMIC_REINVESTMENT,cache/market.json.gz; B3
CG_ONLY,V0,2017-12-27,02558157000162,VIVT4,CONT_2784_VIVT4_2017-12-27,326.08697210672875,,0.0,326.08697210672875,,UNKNOWN,EX_DATE_ECONOMIC_REINVESTMENT,cache/market.json.gz; B3
CG_ONLY,V0,2018-01-02,28195667000106,ABCB4,CONT_21_ABCB4_2018-01-02,544.0260830422627,,0.0,544.0260830422627,,UNKNOWN,EX_DATE_ECONOMIC_REINVESTMENT,cache/market.json.gz; B3
CG_ONLY,V0,2018-01-02,76483817000120,CPLE6,CONT_920_CPLE6_2018-01-02,688.0351874492717,,0.0,688.0351874492717,,UNKNOWN,EX_DATE_ECONOMIC_REINVESTMENT,cache/market.json.gz; B3
CG_ONLY,V0,2018-01-02,60872504000123,ITUB4,ITUB4_2018-01-02_DISTRIBUTION_241,6.545966201821815,,0.0,6.545966201821815,CASH_DIVIDEND,UNKNOWN,EX_DATE_ECONOMIC_REINVESTMENT,cache/market.json.gz; SQLite corporate_actions/B3
CG_ONLY,V0,2018-01-02,76484013000145,SAPR4,CONT_2240_SAPR4_2018-01-02,530.0774514178156,,0.0,530.0774514178156,,UNKNOWN,EX_DATE_ECONOMIC_REINVESTMENT,cache/market.json.gz; B3
CG_ONLY,V0,2018-01-03,60746948000112,BBDC4,BBDC4_2018-01-03_DISTRIBUTION_609,10.920570133959036,,0.0,10.920570133959036,JCP Mensais,UNKNOWN,EX_DATE_ECONOMIC_REINVESTMENT,https://www.bradescori.com.br/informacoes-ao-mercado/remuneracao-aos-acionistas/
CG_ONLY,V0,2018-01-04,03220438000173,EQTL3,CONT_1123_EQTL3_2018-01-04,32.25564566159782,,0.0,32.25564566159782,,UNKNOWN,EX_DATE_ECONOMIC_REINVESTMENT,cache/market.json.gz; B3
CG_ONLY,V0,2018-01-05,92702067000196,BRSR6,CONT_684_BRSR6_2018-01-05,372.150334386636,,0.0,372.150334386636,,UNKNOWN,EX_DATE_ECONOMIC_REINVESTMENT,cache/market.json.gz; B3
CG_ONLY,V0,2018-02-01,60872504000123,ITUB4,ITUB4_2018-02-01_DISTRIBUTION_240,6.548203883978318,,0.0,6.548203883978318,CASH_DIVIDEND,UNKNOWN,EX_DATE_ECONOMIC_REINVESTMENT,cache/market.json.gz; SQLite corporate_actions/B3
CG_ONLY,V0,2018-02-02,60746948000112,BBDC4,BBDC4_2018-02-02_DISTRIBUTION_610,10.92653489309729,,0.0,10.92653489309729,JCP Mensais,UNKNOWN,EX_DATE_ECONOMIC_REINVESTMENT,https://www.bradescori.com.br/informacoes-ao-mercado/remuneracao-aos-acionistas/
CG_ONLY,V0,2018-02-16,60872504000123,ITUB4,ITUB4_2018-02-16_DISTRIBUTION_238,420.86411654915935,,0.0,420.86411654915935,CASH_DIVIDEND,UNKNOWN,EX_DATE_ECONOMIC_REINVESTMENT,cache/market.json.gz; SQLite corporate_actions/B3
CG_ONLY,V0,2018-02-16,60872504000123,ITUB4,ITUB4_2018-02-16_DISTRIBUTION_239,501.6483680137728,,0.0,501.6483680137728,JCP,UNKNOWN,EX_DATE_ECONOMIC_REINVESTMENT,cache/market.json.gz; SQLite corporate_actions/B3
CG_ONLY,V0,2018-02-27,92702067000196,BRSR6,CONT_683_BRSR6_2018-02-27,258.50997399720274,,0.0,258.50997399720274,,UNKNOWN,EX_DATE_ECONOMIC_REINVESTMENT,cache/market.json.gz; B3
CG_ONLY,V0,2018-03-01,60872504000123,ITUB4,ITUB4_2018-03-01_DISTRIBUTION_237,6.822309093252728,,0.0,6.822309093252728,CASH_DIVIDEND,UNKNOWN,EX_DATE_ECONOMIC_REINVESTMENT,cache/market.json.gz; SQLite corporate_actions/B3
CG_ONLY,V0,2018-03-02,00000000000191,BBAS3,CONT_228_BBAS3_2018-03-02,143.8273902423879,,0.0,143.8273902423879,,UNKNOWN,EX_DATE_ECONOMIC_REINVESTMENT,cache/market.json.gz; B3
CG_ONLY,V0,2018-03-02,00000000000191,BBAS3,CONT_229_BBAS3_2018-03-02,1.8125404430233687,,0.0,1.8125404430233687,,UNKNOWN,EX_DATE_ECONOMIC_REINVESTMENT,cache/market.json.gz; B3
CG_ONLY,V0,2018-03-02,60746948000112,BBDC4,BBDC4_2018-03-02_DISTRIBUTION_611,10.931931272915833,,0.0,10.931931272915833,JCP Mensais,UNKNOWN,EX_DATE_ECONOMIC_REINVESTMENT,https://www.bradescori.com.br/informacoes-ao-mercado/remuneracao-aos-acionistas/
CG_ONLY,V0,2018-03-13,00000000000191,BBAS3,CONT_227_BBAS3_2018-03-13,48.721799806435605,,0.0,48.721799806435605,,UNKNOWN,EX_DATE_ECONOMIC_REINVESTMENT,cache/market.json.gz; B3
CG_ONLY,V0,2018-04-02,60872504000123,ITUB4,ITUB4_2018-04-02_DISTRIBUTION_236,6.8243113361875505,,0.0,6.8243113361875505,CASH_DIVIDEND,UNKNOWN,EX_DATE_ECONOMIC_REINVESTMENT,cache/market.json.gz; SQLite corporate_actions/B3
CG_ONLY,V0,2018-04-02,02149205000169,PSSA3,CONT_2154_PSSA3_2018-04-02,45.88232276794942,,0.0,45.88232276794942,,UNKNOWN,EX_DATE_ECONOMIC_REINVESTMENT,cache/market.json.gz; B3
CG_ONLY,V0,2018-04-03,60746948000112,BBDC4,BBDC4_2018-04-03_DISTRIBUTION_612,12.030942208435237,,0.0,12.030942208435237,JCP Mensais,UNKNOWN,EX_DATE_ECONOMIC_REINVESTMENT,https://www.bradescori.com.br/informacoes-ao-mercado/remuneracao-aos-acionistas/
CG_ONLY,V0,2018-04-10,03983431000103,ENBR3,CONT_1105_ENBR3_2018-04-10,640.3921670769394,,0.0,640.3921670769394,,UNKNOWN,EX_DATE_ECONOMIC_REINVESTMENT,cache/market.json.gz; B3
CG_ONLY,V0,2018-04-13,02558157000162,VIVT4,CONT_2783_VIVT4_2018-04-13,504.6271660332109,,0.0,504.6271660332109,,UNKNOWN,EX_DATE_ECONOMIC_REINVESTMENT,cache/market.json.gz; B3
CG_ONLY,V0,2018-04-18,02998611000104,TRPL4,CONT_1393_TRPL4_2018-04-18,145.70559949056977,,0.0,145.70559949056977,,UNKNOWN,EX_DATE_ECONOMIC_REINVESTMENT,cache/market.json.gz; B3
CG_ONLY,V0,2018-04-20,02558115000121,TIMP3,TIMP_GROSS_2018-04-20,68.49424810147183,,0.0,68.49424810147183,,UNKNOWN,EX_DATE_ECONOMIC_REINVESTMENT,research/graham_v6_comparison/audit_v13_inputs/documents/TIM_DIV.html.gz
CG_ONLY,V0,2018-04-24,02474103000119,TBLE3,TBLE3_2018-04-24_DISTRIBUTION_360,504.8704904476788,,0.0,504.8704904476788,CASH_DIVIDEND,UNKNOWN,EX_DATE_ECONOMIC_REINVESTMENT,cache/market.json.gz; SQLite corporate_actions/B3
CG_ONLY,V0,2018-04-27,76484013000145,SAPR4,CONT_2239_SAPR4_2018-04-27,23.559694147310115,,0.0,23.559694147310115,,UNKNOWN,EX_DATE_ECONOMIC_REINVESTMENT,cache/market.json.gz; B3
CG_ONLY,V0,2018-04-30,02429144000193,CPFE3,CONT_845_CPFE3_2018-04-30,215.35206066251234,,0.0,215.35206066251234,,UNKNOWN,EX_DATE_ECONOMIC_REINVESTMENT,cache/market.json.gz; B3
CG_ONLY,V0,2018-04-30,03220438000173,EQTL3,CONT_1122_EQTL3_2018-04-30,323.40618443550983,,0.0,323.40618443550983,,UNKNOWN,EX_DATE_ECONOMIC_REINVESTMENT,cache/market.json.gz; B3
CG_ONLY,V0,2018-04-30,43776517000180,SBSP3,CONT_2261_SBSP3_2018-04-30,562.9808126744144,,0.0,562.9808126744144,,UNKNOWN,EX_DATE_ECONOMIC_REINVESTMENT,cache/market.json.gz; B3
CG_ONLY,V0,2018-05-02,17155730000164,CMIG4,CMIG4_2018-05-02_DISTRIBUTION_644,1203.1242956250612,,0.0,1203.1242956250612,,UNKNOWN,EX_DATE_ECONOMIC_REINVESTMENT,https://api.mziq.com/mzfilemanager/v2/d/716a131f-9624-452c-9088-0cd6983c1349/a2eb9f5f-37e1-8913-c1eb-c4281b5e23b2?origin=2
CG_ONLY,V0,2018-05-02,60872504000123,ITUB4,ITUB4_2018-05-02_DISTRIBUTION_235,6.826316520713364,,0.0,6.826316520713364,CASH_DIVIDEND,UNKNOWN,EX_DATE_ECONOMIC_REINVESTMENT,cache/market.json.gz; SQLite corporate_actions/B3
CG_ONLY,V0,2018-05-03,60746948000112,BBDC4,BBDC4_2018-05-03_DISTRIBUTION_613,12.037290507392274,,0.0,12.037290507392274,JCP Mensais,UNKNOWN,EX_DATE_ECONOMIC_REINVESTMENT,https://www.bradescori.com.br/informacoes-ao-mercado/remuneracao-aos-acionistas/
CG_ONLY,V0,2018-05-04,92702067000196,BRSR6,CONT_682_BRSR6_2018-05-04,62.49507024796733,,0.0,62.49507024796733,,UNKNOWN,EX_DATE_ECONOMIC_REINVESTMENT,cache/market.json.gz; B3
CG_ONLY,V0,2018-05-14,02558115000121,TIMP3,TIMP_GROSS_2018-05-14,152.90459064117667,,0.0,152.90459064117667,,UNKNOWN,EX_DATE_ECONOMIC_REINVESTMENT,research/graham_v6_comparison/audit_v13_inputs/documents/TIM_DIV.html.gz
CG_ONLY,V0,2018-05-15,92702067000196,BRSR6,CONT_681_BRSR6_2018-05-15,273.96288344972334,,0.0,273.96288344972334,,UNKNOWN,EX_DATE_ECONOMIC_REINVESTMENT,cache/market.json.gz; B3
CG_ONLY,V0,2018-05-22,00000000000191,BBAS3,CONT_226_BBAS3_2018-05-22,127.81950093553185,,0.0,127.81950093553185,,UNKNOWN,EX_DATE_ECONOMIC_REINVESTMENT,cache/market.json.gz; B3
CG_ONLY,V0,2018-05-29,02149205000169,PSSA3,CONT_2153_PSSA3_2018-05-29,834.9608727117098,,0.0,834.9608727117098,,UNKNOWN,EX_DATE_ECONOMIC_REINVESTMENT,cache/market.json.gz; B3
CG_ONLY,V0,2018-06-01,60872504000123,ITUB4,ITUB4_2018-06-01_DISTRIBUTION_234,6.828419082270052,,0.0,6.828419082270052,CASH_DIVIDEND,UNKNOWN,EX_DATE_ECONOMIC_REINVESTMENT,cache/market.json.gz; SQLite corporate_actions/B3
CG_ONLY,V0,2018-06-04,60746948000112,BBDC4,BBDC4_2018-06-04_DISTRIBUTION_614,12.086792670177664,,0.0,12.086792670177664,JCP Mensais,UNKNOWN,EX_DATE_ECONOMIC_REINVESTMENT,https://www.bradescori.com.br/informacoes-ao-mercado/remuneracao-aos-acionistas/
CG_ONLY,V0,2018-06-06,02998611000104,TRPL4,CONT_1392_TRPL4_2018-06-06,1337.8363040245206,,0.0,1337.8363040245206,,UNKNOWN,EX_DATE_ECONOMIC_REINVESTMENT,cache/market.json.gz; B3
CG_ONLY,V0,2018-06-12,00000000000191,BBAS3,CONT_225_BBAS3_2018-06-12,46.81471339089047,,0.0,46.81471339089047,,UNKNOWN,EX_DATE_ECONOMIC_REINVESTMENT,cache/market.json.gz; B3
CG_ONLY,V0,2018-06-18,76483817000120,CPLE6,CONT_919_CPLE6_2018-06-18,69.0196518078284,,0.0,69.0196518078284,,UNKNOWN,EX_DATE_ECONOMIC_REINVESTMENT,cache/market.json.gz; B3
CG_ONLY,V0,2018-06-28,02149205000169,PSSA3,CONT_2152_PSSA3_2018-06-28,396.05306629055957,,0.0,396.05306629055957,,UNKNOWN,EX_DATE_ECONOMIC_REINVESTMENT,cache/market.json.gz; B3
CG_ONLY,V0,2018-07-02,28195667000106,ABCB4,CONT_20_ABCB4_2018-07-02,612.4294971030919,,0.0,612.4294971030919,,UNKNOWN,EX_DATE_ECONOMIC_REINVESTMENT,cache/market.json.gz; B3
CG_ONLY,V0,2018-07-02,60746948000112,BBDC4,BBDC4_2018-07-02_DISTRIBUTION_615,120.62579443973644,,0.0,120.62579443973644,JCP Intermediários,UNKNOWN,EX_DATE_ECONOMIC_REINVESTMENT,https://www.bradescori.com.br/informacoes-ao-mercado/remuneracao-aos-acionistas/
CG_ONLY,V0,2018-07-02,60872504000123,ITUB4,ITUB4_2018-07-02_DISTRIBUTION_233,6.359945052193357,,0.0,6.359945052193357,CASH_DIVIDEND,UNKNOWN,EX_DATE_ECONOMIC_REINVESTMENT,cache/market.json.gz; SQLite corporate_actions/B3
CG_ONLY,V0,2018-07-02,02558157000162,VIVT4,CONT_2782_VIVT4_2018-07-02,91.37567034881103,,0.0,91.37567034881103,,UNKNOWN,EX_DATE_ECONOMIC_REINVESTMENT,cache/market.json.gz; B3
CG_ONLY,V0,2018-07-03,60746948000112,BBDC4,BBDC4_2018-07-03_DISTRIBUTION_616,12.260212504066327,,0.0,12.260212504066327,JCP Mensais,UNKNOWN,EX_DATE_ECONOMIC_REINVESTMENT,https://www.bradescori.com.br/informacoes-ao-mercado/remuneracao-aos-acionistas/
CG_ONLY,V0,2018-07-03,76484013000145,SAPR4,CONT_2238_SAPR4_2018-07-03,623.9948354362174,,0.0,623.9948354362174,,UNKNOWN,EX_DATE_ECONOMIC_REINVESTMENT,cache/market.json.gz; B3
CG_ONLY,V0,2018-07-26,02558115000121,TIMP3,TIMP_GROSS_2018-07-26,130.19006133818675,,0.0,130.19006133818675,,UNKNOWN,EX_DATE_ECONOMIC_REINVESTMENT,research/graham_v6_comparison/audit_v13_inputs/documents/TIM_DIV.html.gz
CG_ONLY,V0,2018-08-01,60872504000123,ITUB4,ITUB4_2018-08-01_DISTRIBUTION_232,6.390722327000569,,0.0,6.390722327000569,CASH_DIVIDEND,UNKNOWN,EX_DATE_ECONOMIC_REINVESTMENT,cache/market.json.gz; SQLite corporate_actions/B3
CG_ONLY,V0,2018-08-02,60746948000112,BBDC4,BBDC4_2018-08-02_DISTRIBUTION_617,12.268592734273968,,0.0,12.268592734273968,JCP Mensais,UNKNOWN,EX_DATE_ECONOMIC_REINVESTMENT,https://www.bradescori.com.br/informacoes-ao-mercado/remuneracao-aos-acionistas/
CG_ONLY,V0,2018-08-10,17344597000194,BBSE3,CONT_271_BBSE3_2018-08-10,5.050623553061286,,0.0,5.050623553061286,,UNKNOWN,EX_DATE_ECONOMIC_REINVESTMENT,cache/market.json.gz; B3
CG_ONLY,V0,2018-08-16,92702067000196,BRSR6,CONT_680_BRSR6_2018-08-16,254.1746270613869,,0.0,254.1746270613869,,UNKNOWN,EX_DATE_ECONOMIC_REINVESTMENT,cache/market.json.gz; B3
CG_ONLY,V0,2018-08-20,60872504000123,ITUB4,ITUB4_2018-08-20_DISTRIBUTION_230,265.94159678855954,,0.0,265.94159678855954,CASH_DIVIDEND,UNKNOWN,EX_DATE_ECONOMIC_REINVESTMENT,cache/market.json.gz; SQLite corporate_actions/B3
CG_ONLY,V0,2018-08-20,60872504000123,ITUB4,ITUB4_2018-08-20_DISTRIBUTION_231,53.35879474026868,,0.0,53.35879474026868,JCP,UNKNOWN,EX_DATE_ECONOMIC_REINVESTMENT,cache/market.json.gz; SQLite corporate_actions/B3
CG_ONLY,V0,2018-08-21,02474103000119,TBLE3,TBLE3_2018-08-21_DISTRIBUTION_359,881.0641693804578,,0.0,881.0641693804578,CASH_DIVIDEND,UNKNOWN,EX_DATE_ECONOMIC_REINVESTMENT,cache/market.json.gz; SQLite corporate_actions/B3
CG_ONLY,V0,2018-08-22,00000000000191,BBAS3,CONT_223_BBAS3_2018-08-22,159.2143592268383,,0.0,159.2143592268383,,UNKNOWN,EX_DATE_ECONOMIC_REINVESTMENT,cache/market.json.gz; B3
CG_ONLY,V0,2018-08-22,00000000000191,BBAS3,CONT_224_BBAS3_2018-08-22,1.7735238693714226,,0.0,1.7735238693714226,,UNKNOWN,EX_DATE_ECONOMIC_REINVESTMENT,cache/market.json.gz; B3
CG_ONLY,V0,2018-09-03,60872504000123,ITUB4,ITUB4_2018-09-03_DISTRIBUTION_229,6.5054416089386145,,0.0,6.5054416089386145,CASH_DIVIDEND,UNKNOWN,EX_DATE_ECONOMIC_REINVESTMENT,cache/market.json.gz; SQLite corporate_actions/B3
CG_ONLY,V0,2018-09-04,60746948000112,BBDC4,BBDC4_2018-09-04_DISTRIBUTION_618,12.276121654190904,,0.0,12.276121654190904,JCP Mensais,UNKNOWN,EX_DATE_ECONOMIC_REINVESTMENT,https://www.bradescori.com.br/informacoes-ao-mercado/remuneracao-aos-acionistas/
CG_ONLY,V0,2018-09-12,00000000000191,BBAS3,CONT_222_BBAS3_2018-09-12,51.61936488660797,,0.0,51.61936488660797,,UNKNOWN,EX_DATE_ECONOMIC_REINVESTMENT,cache/market.json.gz; B3
CG_ONLY,V0,2018-09-18,02558157000162,VIVT4,CONT_2781_VIVT4_2018-09-18,696.6933127831988,,0.0,696.6933127831988,,UNKNOWN,EX_DATE_ECONOMIC_REINVESTMENT,cache/market.json.gz; B3
CG_ONLY,V0,2018-10-01,60872504000123,ITUB4,ITUB4_2018-10-01_DISTRIBUTION_228,6.507783380576101,,0.0,6.507783380576101,CASH_DIVIDEND,UNKNOWN,EX_DATE_ECONOMIC_REINVESTMENT,cache/market.json.gz; SQLite corporate_actions/B3
CG_ONLY,V0,2018-10-02,60746948000112,BBDC4,BBDC4_2018-10-02_DISTRIBUTION_619,12.28459825767158,,0.0,12.28459825767158,JCP Mensais,UNKNOWN,EX_DATE_ECONOMIC_REINVESTMENT,https://www.bradescori.com.br/informacoes-ao-mercado/remuneracao-aos-acionistas/
CG_ONLY,V0,2018-10-30,92702067000196,BRSR6,CONT_679_BRSR6_2018-10-30,205.01268831423187,,0.0,205.01268831423187,,UNKNOWN,EX_DATE_ECONOMIC_REINVESTMENT,cache/market.json.gz; B3
CG_ONLY,V0,2018-11-01,60872504000123,ITUB4,ITUB4_2018-11-01_DISTRIBUTION_227,6.510021270321829,,0.0,6.510021270321829,CASH_DIVIDEND,UNKNOWN,EX_DATE_ECONOMIC_REINVESTMENT,cache/market.json.gz; SQLite corporate_actions/B3
CG_ONLY,V0,2018-11-05,60746948000112,BBDC4,BBDC4_2018-11-05_DISTRIBUTION_620,12.292368187857615,,0.0,12.292368187857615,JCP Mensais,UNKNOWN,EX_DATE_ECONOMIC_REINVESTMENT,https://www.bradescori.com.br/informacoes-ao-mercado/remuneracao-aos-acionistas/
CG_ONLY,V0,2018-11-07,02149205000169,PSSA3,CONT_2151_PSSA3_2018-11-07,330.2695179485475,,0.0,330.2695179485475,,UNKNOWN,EX_DATE_ECONOMIC_REINVESTMENT,cache/market.json.gz; B3
CG_ONLY,V0,2018-11-13,02474103000119,TBLE3,TBLE3_2018-11-13_DISTRIBUTION_358,528.445491867913,,0.0,528.445491867913,CASH_DIVIDEND,UNKNOWN,EX_DATE_ECONOMIC_REINVESTMENT,cache/market.json.gz; SQLite corporate_actions/B3
CG_ONLY,V0,2018-11-22,00000000000191,BBAS3,CONT_221_BBAS3_2018-11-22,254.82757040228196,,0.0,254.82757040228196,,UNKNOWN,EX_DATE_ECONOMIC_REINVESTMENT,cache/market.json.gz; B3
CG_ONLY,V0,2018-11-27,02149205000169,PSSA3,CONT_2150_PSSA3_2018-11-27,403.7288463911351,,0.0,403.7288463911351,,UNKNOWN,EX_DATE_ECONOMIC_REINVESTMENT,cache/market.json.gz; B3
CG_ONLY,V0,2018-12-03,60872504000123,ITUB4,ITUB4_2018-12-03_DISTRIBUTION_226,9.76853647291343,,0.0,9.76853647291343,CASH_DIVIDEND,UNKNOWN,EX_DATE_ECONOMIC_REINVESTMENT,cache/market.json.gz; SQLite corporate_actions/B3
CG_ONLY,V0,2018-12-04,60746948000112,BBDC4,BBDC4_2018-12-04_DISTRIBUTION_621,12.298668710238012,,0.0,12.298668710238012,JCP Mensais,UNKNOWN,EX_DATE_ECONOMIC_REINVESTMENT,https://www.bradescori.com.br/informacoes-ao-mercado/remuneracao-aos-acionistas/
CG_ONLY,V0,2018-12-07,92702067000196,BRSR6,CONT_678_BRSR6_2018-12-07,88.6442922066164,,0.0,88.6442922066164,,UNKNOWN,EX_DATE_ECONOMIC_REINVESTMENT,cache/market.json.gz; B3
CG_ONLY,V0,2018-12-07,02998611000104,TRPL4,CONT_1390_TRPL4_2018-12-07,1173.6594465241574,,0.0,1173.6594465241574,,UNKNOWN,EX_DATE_ECONOMIC_REINVESTMENT,cache/market.json.gz; B3
CG_ONLY,V0,2018-12-07,02998611000104,TRPL4,CONT_1391_TRPL4_2018-12-07,1097.640434100476,,0.0,1097.640434100476,,UNKNOWN,EX_DATE_ECONOMIC_REINVESTMENT,cache/market.json.gz; B3
CG_ONLY,V0,2018-12-12,00000000000191,BBAS3,CONT_220_BBAS3_2018-12-12,77.53705975629478,,0.0,77.53705975629478,,UNKNOWN,EX_DATE_ECONOMIC_REINVESTMENT,cache/market.json.gz; B3
CG_ONLY,V0,2018-12-12,17344597000194,BBSE3,CONT_270_BBSE3_2018-12-12,1003.2489142725092,,0.0,1003.2489142725092,,UNKNOWN,EX_DATE_ECONOMIC_REINVESTMENT,cache/market.json.gz; B3
CG_ONLY,V0,2018-12-18,60872504000123,ITUB4,ITUB4_2018-12-18_DISTRIBUTION_225,6.906011807570861,,0.0,6.906011807570861,JCP,UNKNOWN,EX_DATE_ECONOMIC_REINVESTMENT,cache/market.json.gz; SQLite corporate_actions/B3
CG_ONLY,V0,2018-12-18,02558157000162,VIVT4,CONT_2780_VIVT4_2018-12-18,367.1712173217872,,0.0,367.1712173217872,,UNKNOWN,EX_DATE_ECONOMIC_REINVESTMENT,cache/market.json.gz; B3
CG_ONLY,V0,2018-12-26,60746948000112,BBDC4,BBDC4_2018-12-26_DISTRIBUTION_622,473.5249123607974,,0.0,473.5249123607974,JCP Complementares,UNKNOWN,EX_DATE_ECONOMIC_REINVESTMENT,https://www.bradescori.com.br/informacoes-ao-mercado/remuneracao-aos-acionistas/
CG_ONLY,V0,2018-12-26,17155730000164,CMIG4,CMIG4_2018-12-26_DISTRIBUTION_645,345.4062510322998,,0.0,345.4062510322998,,UNKNOWN,EX_DATE_ECONOMIC_REINVESTMENT,https://api.mziq.com/mzfilemanager/v2/d/716a131f-9624-452c-9088-0cd6983c1349/a2eb9f5f-37e1-8913-c1eb-c4281b5e23b2?origin=2
CG_ONLY,V0,2018-12-27,92702067000196,BRSR6,CONT_677_BRSR6_2018-12-27,133.42591554235608,,0.0,133.42591554235608,,UNKNOWN,EX_DATE_ECONOMIC_REINVESTMENT,cache/market.json.gz; B3
CG_ONLY,V0,2018-12-27,02474103000119,TBLE3,TBLE3_2018-12-27_DISTRIBUTION_357,329.4153506843908,,0.0,329.4153506843908,JCP,UNKNOWN,EX_DATE_ECONOMIC_REINVESTMENT,cache/market.json.gz; SQLite corporate_actions/B3
CG_ONLY,V0,2018-12-28,76483817000120,CPLE6,CONT_918_CPLE6_2018-12-28,885.3933303613368,,0.0,885.3933303613368,,UNKNOWN,EX_DATE_ECONOMIC_REINVESTMENT,cache/market.json.gz; B3
CG_ONLY,V0,2019-01-02,28195667000106,ABCB4,CONT_19_ABCB4_2019-01-02,669.2605199037353,,0.0,669.2605199037353,,UNKNOWN,EX_DATE_ECONOMIC_REINVESTMENT,cache/market.json.gz; B3
CG_ONLY,V0,2019-01-02,03983431000103,ENBR3,CONT_1104_ENBR3_2019-01-02,992.6595100141702,,0.0,992.6595100141702,,UNKNOWN,EX_DATE_ECONOMIC_REINVESTMENT,cache/market.json.gz; B3
CG_ONLY,V0,2019-01-02,60872504000123,ITUB4,ITUB4_2019-01-02_DISTRIBUTION_224,9.775607824670493,,0.0,9.775607824670493,CASH_DIVIDEND,UNKNOWN,EX_DATE_ECONOMIC_REINVESTMENT,cache/market.json.gz; SQLite corporate_actions/B3
CG_ONLY,V0,2019-01-02,76484013000145,SAPR4,CONT_2237_SAPR4_2019-01-02,712.2064593454438,,0.0,712.2064593454438,,UNKNOWN,EX_DATE_ECONOMIC_REINVESTMENT,cache/market.json.gz; B3
CG_ONLY,V0,2019-01-03,60746948000112,BBDC4,BBDC4_2019-01-03_DISTRIBUTION_594,12.550355072422356,,0.0,12.550355072422356,JCP Mensais,UNKNOWN,EX_DATE_ECONOMIC_REINVESTMENT,https://www.bradescori.com.br/informacoes-ao-mercado/remuneracao-aos-acionistas/
CG_ONLY,V0,2019-01-03,02558115000121,TIMP3,TIMP_GROSS_2019-01-03,245.04192715608835,,0.0,245.04192715608835,,UNKNOWN,EX_DATE_ECONOMIC_REINVESTMENT,research/graham_v6_comparison/audit_v13_inputs/documents/TIM_DIV.html.gz
CG_ONLY,V0,2019-02-01,60872504000123,ITUB4,ITUB4_2019-02-01_DISTRIBUTION_223,9.798193988428455,,0.0,9.798193988428455,CASH_DIVIDEND,UNKNOWN,EX_DATE_ECONOMIC_REINVESTMENT,cache/market.json.gz; SQLite corporate_actions/B3
CG_ONLY,V0,2019-02-04,60746948000112,BBDC4,BBDC4_2019-02-04_DISTRIBUTION_595,12.556194714167853,,0.0,12.556194714167853,JCP Mensais,UNKNOWN,EX_DATE_ECONOMIC_REINVESTMENT,https://www.bradescori.com.br/informacoes-ao-mercado/remuneracao-aos-acionistas/
CG_ONLY,V0,2019-02-15,17344597000194,BBSE3,CONT_269_BBSE3_2019-02-15,5.331402656150078,,0.0,5.331402656150078,,UNKNOWN,EX_DATE_ECONOMIC_REINVESTMENT,cache/market.json.gz; B3
CG_ONLY,V0,2019-02-22,00000000000191,BBAS3,CONT_218_BBAS3_2019-02-22,362.2201240653411,,0.0,362.2201240653411,,UNKNOWN,EX_DATE_ECONOMIC_REINVESTMENT,cache/market.json.gz; B3
CG_ONLY,V0,2019-02-22,00000000000191,BBAS3,CONT_219_BBAS3_2019-02-22,4.034849872223299,,0.0,4.034849872223299,,UNKNOWN,EX_DATE_ECONOMIC_REINVESTMENT,cache/market.json.gz; B3
CG_ONLY,V0,2019-02-22,60872504000123,ITUB4,ITUB4_2019-02-22_DISTRIBUTION_221,692.0934546800943,,0.0,692.0934546800943,CASH_DIVIDEND,UNKNOWN,EX_DATE_ECONOMIC_REINVESTMENT,cache/market.json.gz; SQLite corporate_actions/B3
CG_ONLY,V0,2019-02-22,60872504000123,ITUB4,ITUB4_2019-02-22_DISTRIBUTION_222,493.6279003876108,,0.0,493.6279003876108,JCP,UNKNOWN,EX_DATE_ECONOMIC_REINVESTMENT,cache/market.json.gz; SQLite corporate_actions/B3
CG_ONLY,V0,2019-03-01,60872504000123,ITUB4,ITUB4_2019-03-01_DISTRIBUTION_220,10.365618414916083,,0.0,10.365618414916083,CASH_DIVIDEND,UNKNOWN,EX_DATE_ECONOMIC_REINVESTMENT,cache/market.json.gz; SQLite corporate_actions/B3
CG_ONLY,V0,2019-03-01,02558157000162,VIVT4,CONT_2779_VIVT4_2019-03-01,200.30549877311537,,0.0,200.30549877311537,,UNKNOWN,EX_DATE_ECONOMIC_REINVESTMENT,cache/market.json.gz; B3
CG_ONLY,V0,2019-03-06,60746948000112,BBDC4,BBDC4_2019-03-06_DISTRIBUTION_596,12.561411517243574,,0.0,12.561411517243574,JCP Mensais,UNKNOWN,EX_DATE_ECONOMIC_REINVESTMENT,https://www.bradescori.com.br/informacoes-ao-mercado/remuneracao-aos-acionistas/
CG_ONLY,V0,2019-03-08,92702067000196,BRSR6,CONT_676_BRSR6_2019-03-08,380.6389481711971,,0.0,380.6389481711971,,UNKNOWN,EX_DATE_ECONOMIC_REINVESTMENT,cache/market.json.gz; B3
CG_ONLY,V0,2019-03-12,00000000000191,BBAS3,CONT_217_BBAS3_2019-03-12,97.68538649273786,,0.0,97.68538649273786,,UNKNOWN,EX_DATE_ECONOMIC_REINVESTMENT,cache/market.json.gz; B3
CG_ONLY,V0,2019-04-01,60872504000123,ITUB4,ITUB4_2019-04-01_DISTRIBUTION_219,10.469864501162968,,0.0,10.469864501162968,CASH_DIVIDEND,UNKNOWN,EX_DATE_ECONOMIC_REINVESTMENT,cache/market.json.gz; SQLite corporate_actions/B3
CG_ONLY,V0,2019-04-01,02149205000169,PSSA3,CONT_2149_PSSA3_2019-04-01,347.991759870556,,0.0,347.991759870556,,UNKNOWN,EX_DATE_ECONOMIC_REINVESTMENT,cache/market.json.gz; B3
CG_ONLY,V0,2019-04-02,60746948000112,BBDC4,BBDC4_2019-04-02_DISTRIBUTION_597,15.080469951020934,,0.0,15.080469951020934,JCP Mensais,UNKNOWN,EX_DATE_ECONOMIC_REINVESTMENT,https://www.bradescori.com.br/informacoes-ao-mercado/remuneracao-aos-acionistas/
CG_ONLY,V0,2019-04-12,02558157000162,VIVT4,CONT_2778_VIVT4_2019-04-12,737.5590409082596,,0.0,737.5590409082596,,UNKNOWN,EX_DATE_ECONOMIC_REINVESTMENT,cache/market.json.gz; B3
CG_ONLY,V0,2019-04-17,03983431000103,ENBR3,CONT_1103_ENBR3_2019-04-17,91.42463282022067,,0.0,91.42463282022067,,UNKNOWN,EX_DATE_ECONOMIC_REINVESTMENT,cache/market.json.gz; B3
CG_ONLY,V0,2019-04-25,76484013000145,SAPR4,CONT_2236_SAPR4_2019-04-25,431.94590340542675,,0.0,431.94590340542675,,UNKNOWN,EX_DATE_ECONOMIC_REINVESTMENT,cache/market.json.gz; B3
CG_ONLY,V0,2019-04-30,76483817000120,CPLE6,CONT_917_CPLE6_2019-04-30,323.6436825417877,,0.0,323.6436825417877,,UNKNOWN,EX_DATE_ECONOMIC_REINVESTMENT,cache/market.json.gz; B3
CG_ONLY,V0,2019-04-30,43776517000180,SBSP3,CONT_2260_SBSP3_2019-04-30,875.9667709054072,,0.0,875.9667709054072,,UNKNOWN,EX_DATE_ECONOMIC_REINVESTMENT,cache/market.json.gz; B3
CG_ONLY,V0,2019-05-02,92702067000196,BRSR6,CONT_675_BRSR6_2019-05-02,41.70898169883573,,0.0,41.70898169883573,,UNKNOWN,EX_DATE_ECONOMIC_REINVESTMENT,cache/market.json.gz; B3
CG_ONLY,V0,2019-05-02,02429144000193,CPFE3,CONT_844_CPFE3_2019-05-02,401.8335307099073,,0.0,401.8335307099073,,UNKNOWN,EX_DATE_ECONOMIC_REINVESTMENT,cache/market.json.gz; B3
CG_ONLY,V0,2019-05-02,03220438000173,EQTL3,CONT_1121_EQTL3_2019-05-02,298.1086530513326,,0.0,298.1086530513326,,UNKNOWN,EX_DATE_ECONOMIC_REINVESTMENT,cache/market.json.gz; B3
CG_ONLY,V0,2019-05-02,60872504000123,ITUB4,ITUB4_2019-05-02_DISTRIBUTION_218,10.591112110935136,,0.0,10.591112110935136,CASH_DIVIDEND,UNKNOWN,EX_DATE_ECONOMIC_REINVESTMENT,cache/market.json.gz; SQLite corporate_actions/B3
CG_ONLY,V0,2019-05-02,02558157000162,VIVT4,CONT_2777_VIVT4_2019-05-02,175.81626538747506,,0.0,175.81626538747506,,UNKNOWN,EX_DATE_ECONOMIC_REINVESTMENT,cache/market.json.gz; B3
CG_ONLY,V0,2019-05-03,60746948000112,BBDC4,BBDC4_2019-05-03_DISTRIBUTION_598,15.088510103787184,,0.0,15.088510103787184,JCP Mensais,UNKNOWN,EX_DATE_ECONOMIC_REINVESTMENT,https://www.bradescori.com.br/informacoes-ao-mercado/remuneracao-aos-acionistas/
CG_ONLY,V0,2019-05-06,17155730000164,CMIG4,CMIG4_2019-05-06_DISTRIBUTION_646,1092.990967990287,,0.0,1092.990967990287,,UNKNOWN,EX_DATE_ECONOMIC_REINVESTMENT,https://api.mziq.com/mzfilemanager/v2/d/716a131f-9624-452c-9088-0cd6983c1349/a2eb9f5f-37e1-8913-c1eb-c4281b5e23b2?origin=2
CG_ONLY,V0,2019-05-07,02474103000119,TBLE3,TBLE3_2019-05-07_DISTRIBUTION_356,64.88648158835038,,0.0,64.88648158835038,CASH_DIVIDEND,UNKNOWN,EX_DATE_ECONOMIC_REINVESTMENT,cache/market.json.gz; SQLite corporate_actions/B3
CG_ONLY,V0,2019-05-17,92702067000196,BRSR6,CONT_674_BRSR6_2019-05-17,352.1424406237803,,0.0,352.1424406237803,,UNKNOWN,EX_DATE_ECONOMIC_REINVESTMENT,cache/market.json.gz; B3
CG_ONLY,V0,2019-05-22,00000000000191,BBAS3,CONT_216_BBAS3_2019-05-22,260.3197217118482,,0.0,260.3197217118482,,UNKNOWN,EX_DATE_ECONOMIC_REINVESTMENT,cache/market.json.gz; B3
CG_ONLY,V0,2019-06-03,60872504000123,ITUB4,ITUB4_2019-06-03_DISTRIBUTION_217,10.727365968411654,,0.0,10.727365968411654,CASH_DIVIDEND,UNKNOWN,EX_DATE_ECONOMIC_REINVESTMENT,cache/market.json.gz; SQLite corporate_actions/B3
CG_ONLY,V0,2019-06-04,60746948000112,BBDC4,BBDC4_2019-06-04_DISTRIBUTION_600,15.09872342434704,,0.0,15.09872342434704,JCP Mensais,UNKNOWN,EX_DATE_ECONOMIC_REINVESTMENT,https://www.bradescori.com.br/informacoes-ao-mercado/remuneracao-aos-acionistas/
CG_ONLY,V0,2019-06-06,92702067000196,BRSR6,CONT_673_BRSR6_2019-06-06,98.0925530656024,,0.0,98.0925530656024,,UNKNOWN,EX_DATE_ECONOMIC_REINVESTMENT,cache/market.json.gz; B3
CG_ONLY,V0,2019-06-12,00000000000191,BBAS3,CONT_215_BBAS3_2019-06-12,108.2522666769658,,0.0,108.2522666769658,,UNKNOWN,EX_DATE_ECONOMIC_REINVESTMENT,cache/market.json.gz; B3
CG_ONLY,V0,2019-06-26,02149205000169,PSSA3,CONT_2148_PSSA3_2019-06-26,337.4525549385845,,0.0,337.4525549385845,,UNKNOWN,EX_DATE_ECONOMIC_REINVESTMENT,cache/market.json.gz; B3
CG_ONLY,V0,2019-07-01,60746948000112,BBDC4,BBDC4_2019-07-01_DISTRIBUTION_599,143.54301645275433,,0.0,143.54301645275433,JCP Intermediário,UNKNOWN,EX_DATE_ECONOMIC_REINVESTMENT,https://www.bradescori.com.br/informacoes-ao-mercado/remuneracao-aos-acionistas/
CG_ONLY,V0,2019-07-01,60872504000123,ITUB4,ITUB4_2019-07-01_DISTRIBUTION_216,11.744291509811262,,0.0,11.744291509811262,CASH_DIVIDEND,UNKNOWN,EX_DATE_ECONOMIC_REINVESTMENT,cache/market.json.gz; SQLite corporate_actions/B3
CG_ONLY,V0,2019-07-01,02558157000162,VIVT4,CONT_2776_VIVT4_2019-07-01,336.2188735820857,,0.0,336.2188735820857,,UNKNOWN,EX_DATE_ECONOMIC_REINVESTMENT,cache/market.json.gz; B3
CG_ONLY,V0,2019-07-01,76484013000145,SAPR4,CONT_2235_SAPR4_2019-07-01,692.334676932501,,0.0,692.334676932501,,UNKNOWN,EX_DATE_ECONOMIC_REINVESTMENT,cache/market.json.gz; B3
CG_ONLY,V0,2019-07-02,60746948000112,BBDC4,BBDC4_2019-07-02_DISTRIBUTION_601,14.423504076462008,,0.0,14.423504076462008,JCP Mensais,UNKNOWN,EX_DATE_ECONOMIC_REINVESTMENT,https://www.bradescori.com.br/informacoes-ao-mercado/remuneracao-aos-acionistas/
CG_ONLY,V0,2019-07-05,28195667000106,ABCB4,CONT_18_ABCB4_2019-07-05,832.1920800701007,,0.0,832.1920800701007,,UNKNOWN,EX_DATE_ECONOMIC_REINVESTMENT,cache/market.json.gz; B3
CG_ONLY,V0,2019-08-01,60872504000123,ITUB4,ITUB4_2019-08-01_DISTRIBUTION_215,11.79612660292547,,0.0,11.79612660292547,CASH_DIVIDEND,UNKNOWN,EX_DATE_ECONOMIC_REINVESTMENT,cache/market.json.gz; SQLite corporate_actions/B3
CG_ONLY,V0,2019-08-02,60746948000112,BBDC4,BBDC4_2019-08-02_DISTRIBUTION_602,14.676768683527888,,0.0,14.676768683527888,JCP Mensais,UNKNOWN,EX_DATE_ECONOMIC_REINVESTMENT,https://www.bradescori.com.br/informacoes-ao-mercado/remuneracao-aos-acionistas/
CG_ONLY,V0,2019-08-05,02998611000104,TRPL4,CONT_1389_TRPL4_2019-08-05,652.7428834618812,,0.0,652.7428834618812,,UNKNOWN,EX_DATE_ECONOMIC_REINVESTMENT,cache/market.json.gz; B3
CG_ONLY,V0,2019-08-12,02558115000121,TIMP3,TIMP_GROSS_2019-08-12,374.22731524571253,,0.0,374.22731524571253,,UNKNOWN,EX_DATE_ECONOMIC_REINVESTMENT,research/graham_v6_comparison/audit_v13_inputs/documents/TIM_DIV.html.gz
CG_ONLY,V0,2019-08-12,17344597000194,BBSE3,CONT_268_BBSE3_2019-08-12,7.185005299455731,,0.0,7.185005299455731,,UNKNOWN,EX_DATE_ECONOMIC_REINVESTMENT,cache/market.json.gz; B3
CG_ONLY,V0,2019-08-13,92702067000196,BRSR6,CONT_672_BRSR6_2019-08-13,330.71863729962854,,0.0,330.71863729962854,,UNKNOWN,EX_DATE_ECONOMIC_REINVESTMENT,cache/market.json.gz; B3
CG_ONLY,V0,2019-08-16,60872504000123,ITUB4,ITUB4_2019-08-16_DISTRIBUTION_214,624.5097094438107,,0.0,624.5097094438107,CASH_DIVIDEND,UNKNOWN,EX_DATE_ECONOMIC_REINVESTMENT,cache/market.json.gz; SQLite corporate_actions/B3
CG_ONLY,V0,2019-08-22,00000000000191,BBAS3,CONT_213_BBAS3_2019-08-22,237.8729057399416,,0.0,237.8729057399416,,UNKNOWN,EX_DATE_ECONOMIC_REINVESTMENT,cache/market.json.gz; B3
CG_ONLY,V0,2019-08-22,00000000000191,BBAS3,CONT_214_BBAS3_2019-08-22,2.5553569179305238,,0.0,2.5553569179305238,,UNKNOWN,EX_DATE_ECONOMIC_REINVESTMENT,cache/market.json.gz; B3
CG_ONLY,V0,2019-09-02,60872504000123,ITUB4,ITUB4_2019-09-02_DISTRIBUTION_213,12.17720479053909,,0.0,12.17720479053909,CASH_DIVIDEND,UNKNOWN,EX_DATE_ECONOMIC_REINVESTMENT,cache/market.json.gz; SQLite corporate_actions/B3
CG_ONLY,V0,2019-09-03,60746948000112,BBDC4,BBDC4_2019-09-03_DISTRIBUTION_603,15.034409236522912,,0.0,15.034409236522912,JCP Mensais,UNKNOWN,EX_DATE_ECONOMIC_REINVESTMENT,https://www.bradescori.com.br/informacoes-ao-mercado/remuneracao-aos-acionistas/
CG_ONLY,V0,2019-09-12,00000000000191,BBAS3,CONT_212_BBAS3_2019-09-12,130.0837352968633,,0.0,130.0837352968633,,UNKNOWN,EX_DATE_ECONOMIC_REINVESTMENT,cache/market.json.gz; B3
CG_ONLY,V0,2019-10-01,60872504000123,ITUB4,ITUB4_2019-10-01_DISTRIBUTION_212,12.33095911447344,,0.0,12.33095911447344,CASH_DIVIDEND,UNKNOWN,EX_DATE_ECONOMIC_REINVESTMENT,cache/market.json.gz; SQLite corporate_actions/B3
CG_ONLY,V0,2019-10-02,60746948000112,BBDC4,BBDC4_2019-10-02_DISTRIBUTION_605,15.313500440458592,,0.0,15.313500440458592,JCP Mensais,UNKNOWN,EX_DATE_ECONOMIC_REINVESTMENT,https://www.bradescori.com.br/informacoes-ao-mercado/remuneracao-aos-acionistas/
CG_ONLY,V0,2019-10-08,02558115000121,TIMP3,TIMP_GROSS_2019-10-08,389.6505807322976,,0.0,389.6505807322976,,UNKNOWN,EX_DATE_ECONOMIC_REINVESTMENT,research/graham_v6_comparison/audit_v13_inputs/documents/TIM_DIV.html.gz
CG_ONLY,V0,2019-10-18,60746948000112,BBDC4,BBDC4_2019-10-18_DISTRIBUTION_604,842.6629401809515,,0.0,842.6629401809515,Dividendos Extraordinários,UNKNOWN,EX_DATE_ECONOMIC_REINVESTMENT,https://www.bradescori.com.br/informacoes-ao-mercado/remuneracao-aos-acionistas/
CG_ONLY,V0,2019-10-30,02149205000169,PSSA3,CONT_2147_PSSA3_2019-10-30,350.6642422512708,,0.0,350.6642422512708,,UNKNOWN,EX_DATE_ECONOMIC_REINVESTMENT,cache/market.json.gz; B3
CG_ONLY,V0,2019-11-01,60872504000123,ITUB4,ITUB4_2019-11-01_DISTRIBUTION_211,12.435000372544762,,0.0,12.435000372544762,CASH_DIVIDEND,UNKNOWN,EX_DATE_ECONOMIC_REINVESTMENT,cache/market.json.gz; SQLite corporate_actions/B3
CG_ONLY,V0,2019-11-04,60746948000112,BBDC4,BBDC4_2019-11-04_DISTRIBUTION_606,15.90465046297109,,0.0,15.90465046297109,JCP Mensais,UNKNOWN,EX_DATE_ECONOMIC_REINVESTMENT,https://www.bradescori.com.br/informacoes-ao-mercado/remuneracao-aos-acionistas/
CG_ONLY,V0,2019-11-11,02998611000104,TRPL4,CONT_1387_TRPL4_2019-11-11,537.8486915039033,,0.0,537.8486915039033,,UNKNOWN,EX_DATE_ECONOMIC_REINVESTMENT,cache/market.json.gz; B3
CG_ONLY,V0,2019-11-11,02998611000104,TRPL4,CONT_1388_TRPL4_2019-11-11,409.3920238700723,,0.0,409.3920238700723,,UNKNOWN,EX_DATE_ECONOMIC_REINVESTMENT,cache/market.json.gz; B3
CG_ONLY,V0,2019-11-12,92702067000196,BRSR6,CONT_671_BRSR6_2019-11-12,330.7089607672222,,0.0,330.7089607672222,,UNKNOWN,EX_DATE_ECONOMIC_REINVESTMENT,cache/market.json.gz; B3
CG_ONLY,V0,2019-11-19,33376989000191,IRBR3,CONT_1354_IRBR3_2019-11-19,180.53102478168384,,0.0,180.53102478168384,,UNKNOWN,EX_DATE_ECONOMIC_REINVESTMENT,cache/market.json.gz; B3
CG_ONLY,V0,2019-11-22,00000000000191,BBAS3,CONT_211_BBAS3_2019-11-22,213.2157059317212,,0.0,213.2157059317212,,UNKNOWN,EX_DATE_ECONOMIC_REINVESTMENT,cache/market.json.gz; B3
CG_ONLY,V0,2019-12-02,60872504000123,ITUB4,ITUB4_2019-12-02_DISTRIBUTION_210,12.464182487942233,,0.0,12.464182487942233,CASH_DIVIDEND,UNKNOWN,EX_DATE_ECONOMIC_REINVESTMENT,cache/market.json.gz; SQLite corporate_actions/B3
CG_ONLY,V0,2019-12-03,60746948000112,BBDC4,BBDC4_2019-12-03_DISTRIBUTION_607,16.067338525664187,,0.0,16.067338525664187,JCP Mensais,UNKNOWN,EX_DATE_ECONOMIC_REINVESTMENT,https://www.bradescori.com.br/informacoes-ao-mercado/remuneracao-aos-acionistas/
CG_ONLY,V0,2019-12-03,02474103000119,TBLE3,TBLE3_2019-12-03_DISTRIBUTION_354,723.3803621709255,,0.0,723.3803621709255,CASH_DIVIDEND,UNKNOWN,EX_DATE_ECONOMIC_REINVESTMENT,cache/market.json.gz; SQLite corporate_actions/B3
CG_ONLY,V0,2019-12-03,02474103000119,TBLE3,TBLE3_2019-12-03_DISTRIBUTION_355,286.63160316166807,,0.0,286.63160316166807,JCP,UNKNOWN,EX_DATE_ECONOMIC_REINVESTMENT,cache/market.json.gz; SQLite corporate_actions/B3
CG_ONLY,V0,2019-12-12,00000000000191,BBAS3,CONT_210_BBAS3_2019-12-12,104.80379531151941,,0.0,104.80379531151941,,UNKNOWN,EX_DATE_ECONOMIC_REINVESTMENT,cache/market.json.gz; B3
CG_ONLY,V0,2019-12-13,60872504000123,ITUB4,ITUB4_2019-12-13_DISTRIBUTION_209,31.399060011638102,,0.0,31.399060011638102,JCP,UNKNOWN,EX_DATE_ECONOMIC_REINVESTMENT,cache/market.json.gz; SQLite corporate_actions/B3
CG_ONLY,V0,2019-12-16,02998611000104,TRPL4,CONT_1386_TRPL4_2019-12-16,206.99057809968352,,0.0,206.99057809968352,,UNKNOWN,EX_DATE_ECONOMIC_REINVESTMENT,cache/market.json.gz; B3
CG_ONLY,V0,2019-12-20,60746948000112,BBDC4,BBDC4_2019-12-20_DISTRIBUTION_608,469.1366486103942,,0.0,469.1366486103942,JCP Complementar,UNKNOWN,EX_DATE_ECONOMIC_REINVESTMENT,https://www.bradescori.com.br/informacoes-ao-mercado/remuneracao-aos-acionistas/
CG_ONLY,V0,2019-12-26,17155730000164,CMIG4,CMIG4_2019-12-26_DISTRIBUTION_647,558.6099882546299,,0.0,558.6099882546299,,UNKNOWN,EX_DATE_ECONOMIC_REINVESTMENT,https://api.mziq.com/mzfilemanager/v2/d/716a131f-9624-452c-9088-0cd6983c1349/a2eb9f5f-37e1-8913-c1eb-c4281b5e23b2?origin=2
CG_ONLY,V0,2019-12-26,76483817000120,CPLE6,CONT_916_CPLE6_2019-12-26,1456.5635951421966,,0.0,1456.5635951421966,,UNKNOWN,EX_DATE_ECONOMIC_REINVESTMENT,cache/market.json.gz; B3
CG_ONLY,V0,2020-01-02,28195667000106,ABCB4,CONT_17_ABCB4_2020-01-02,783.973774094264,,0.0,783.973774094264,,UNKNOWN,EX_DATE_ECONOMIC_REINVESTMENT,cache/market.json.gz; B3
CG_ONLY,V0,2020-01-02,03983431000103,ENBR3,CONT_1102_ENBR3_2020-01-02,599.5493374747721,,0.0,599.5493374747721,,UNKNOWN,EX_DATE_ECONOMIC_REINVESTMENT,cache/market.json.gz; B3
CG_ONLY,V0,2020-01-02,60872504000123,ITUB4,ITUB4_2020-01-02_DISTRIBUTION_208,12.552531952364143,,0.0,12.552531952364143,CASH_DIVIDEND,UNKNOWN,EX_DATE_ECONOMIC_REINVESTMENT,cache/market.json.gz; SQLite corporate_actions/B3
CG_ONLY,V0,2020-01-02,02558157000162,VIVT4,CONT_2774_VIVT4_2020-01-02,353.78555815129386,,0.0,353.78555815129386,,UNKNOWN,EX_DATE_ECONOMIC_REINVESTMENT,cache/market.json.gz; B3
CG_ONLY,V0,2020-01-02,02558157000162,VIVT4,CONT_2775_VIVT4_2020-01-02,123.82494535121548,,0.0,123.82494535121548,,UNKNOWN,EX_DATE_ECONOMIC_REINVESTMENT,cache/market.json.gz; B3
CG_ONLY,V0,2020-01-02,76484013000145,SAPR4,CONT_2234_SAPR4_2020-01-02,636.4806524081234,,0.0,636.4806524081234,,UNKNOWN,EX_DATE_ECONOMIC_REINVESTMENT,cache/market.json.gz; B3
CG_ONLY,V0,2020-01-03,60746948000112,BBDC4,BBDC4_2020-01-03_DISTRIBUTION_580,16.42369426151129,,0.0,16.42369426151129,JCP Mensais,UNKNOWN,EX_DATE_ECONOMIC_REINVESTMENT,https://www.bradescori.com.br/informacoes-ao-mercado/remuneracao-aos-acionistas/
CG_ONLY,V0,2020-01-20,02558115000121,TIMP3,TIMP_GROSS_2020-01-20,260.28842768807795,,0.0,260.28842768807795,,UNKNOWN,EX_DATE_ECONOMIC_REINVESTMENT,research/graham_v6_comparison/audit_v13_inputs/documents/TIM_DIV.html.gz
CG_ONLY,V0,2020-02-03,60872504000123,ITUB4,ITUB4_2020-02-03_DISTRIBUTION_207,12.648624780852117,,0.0,12.648624780852117,CASH_DIVIDEND,UNKNOWN,EX_DATE_ECONOMIC_REINVESTMENT,cache/market.json.gz; SQLite corporate_actions/B3
CG_ONLY,V0,2020-02-04,60746948000112,BBDC4,BBDC4_2020-02-04_DISTRIBUTION_582,16.654959217570035,,0.0,16.654959217570035,JCP Mensais,UNKNOWN,EX_DATE_ECONOMIC_REINVESTMENT,https://www.bradescori.com.br/informacoes-ao-mercado/remuneracao-aos-acionistas/
CG_ONLY,V0,2020-02-14,17344597000194,BBSE3,CONT_267_BBSE3_2020-02-14,1702.8249396871802,,0.0,1702.8249396871802,,UNKNOWN,EX_DATE_ECONOMIC_REINVESTMENT,cache/market.json.gz; B3
CG_ONLY,V0,2020-02-18,60746948000112,BBDC4,BBDC4_2020-02-18_DISTRIBUTION_581,56.23865172499796,,0.0,56.23865172499796,Dividendos Complementares,UNKNOWN,EX_DATE_ECONOMIC_REINVESTMENT,https://www.bradescori.com.br/informacoes-ao-mercado/remuneracao-aos-acionistas/
CG_ONLY,V0,2020-02-21,60872504000123,ITUB4,ITUB4_2020-02-21_DISTRIBUTION_205,414.1630220731307,,0.0,414.1630220731307,CASH_DIVIDEND,UNKNOWN,EX_DATE_ECONOMIC_REINVESTMENT,cache/market.json.gz; SQLite corporate_actions/B3
CG_ONLY,V0,2020-02-21,60872504000123,ITUB4,ITUB4_2020-02-21_DISTRIBUTION_206,448.70517809454446,,0.0,448.70517809454446,JCP,UNKNOWN,EX_DATE_ECONOMIC_REINVESTMENT,cache/market.json.gz; SQLite corporate_actions/B3
CG_ONLY,V0,2020-02-26,00000000000191,BBAS3,CONT_208_BBAS3_2020-02-26,264.90519202312544,,0.0,264.90519202312544,,UNKNOWN,EX_DATE_ECONOMIC_REINVESTMENT,cache/market.json.gz; B3
CG_ONLY,V0,2020-02-26,00000000000191,BBAS3,CONT_209_BBAS3_2020-02-26,1.9534752175240362,,0.0,1.9534752175240362,,UNKNOWN,EX_DATE_ECONOMIC_REINVESTMENT,cache/market.json.gz; B3
CG_ONLY,V0,2020-03-02,60872504000123,ITUB4,ITUB4_2020-03-02_DISTRIBUTION_204,13.252935229276769,,0.0,13.252935229276769,CASH_DIVIDEND,UNKNOWN,EX_DATE_ECONOMIC_REINVESTMENT,cache/market.json.gz; SQLite corporate_actions/B3
CG_ONLY,V0,2020-03-02,02558157000162,VIVT4,CONT_2773_VIVT4_2020-03-02,97.12509539237851,,0.0,97.12509539237851,,UNKNOWN,EX_DATE_ECONOMIC_REINVESTMENT,cache/market.json.gz; B3
CG_ONLY,V0,2020-03-03,60746948000112,BBDC4,BBDC4_2020-03-03_DISTRIBUTION_583,16.910616891331106,,0.0,16.910616891331106,JCP Mensais,UNKNOWN,EX_DATE_ECONOMIC_REINVESTMENT,https://www.bradescori.com.br/informacoes-ao-mercado/remuneracao-aos-acionistas/
CG_ONLY,V0,2020-03-11,92702067000196,BRSR6,CONT_670_BRSR6_2020-03-11,340.1422458905668,,0.0,340.1422458905668,,UNKNOWN,EX_DATE_ECONOMIC_REINVESTMENT,cache/market.json.gz; B3
CG_ONLY,V0,2020-03-12,00000000000191,BBAS3,CONT_207_BBAS3_2020-03-12,112.34496873370817,,0.0,112.34496873370817,,UNKNOWN,EX_DATE_ECONOMIC_REINVESTMENT,cache/market.json.gz; B3
CG_ONLY,V0,2020-04-01,03983431000103,ENBR3,CONT_1101_ENBR3_2020-04-01,304.4068904228336,,0.0,304.4068904228336,,UNKNOWN,EX_DATE_ECONOMIC_REINVESTMENT,cache/market.json.gz; B3
CG_ONLY,V0,2020-04-01,60872504000123,ITUB4,ITUB4_2020-04-01_DISTRIBUTION_203,13.397262700426776,,0.0,13.397262700426776,CASH_DIVIDEND,UNKNOWN,EX_DATE_ECONOMIC_REINVESTMENT,cache/market.json.gz; SQLite corporate_actions/B3
CG_ONLY,V0,2020-04-01,02149205000169,PSSA3,CONT_2146_PSSA3_2020-04-01,548.2612545931534,,0.0,548.2612545931534,,UNKNOWN,EX_DATE_ECONOMIC_REINVESTMENT,cache/market.json.gz; B3
CG_ONLY,V0,2020-04-01,02558157000162,VIVT4,CONT_2772_VIVT4_2020-04-01,54.19856290227404,,0.0,54.19856290227404,,UNKNOWN,EX_DATE_ECONOMIC_REINVESTMENT,cache/market.json.gz; B3
CG_ONLY,V0,2020-04-02,60746948000112,BBDC4,BBDC4_2020-04-02_DISTRIBUTION_584,17.19728488316367,,0.0,17.19728488316367,JCP Mensais,UNKNOWN,EX_DATE_ECONOMIC_REINVESTMENT,https://www.bradescori.com.br/informacoes-ao-mercado/remuneracao-aos-acionistas/
CG_ONLY,V0,2020-04-17,02998611000104,TRPL4,CONT_1385_TRPL4_2020-04-17,301.5415958825128,,0.0,301.5415958825128,,UNKNOWN,EX_DATE_ECONOMIC_REINVESTMENT,cache/market.json.gz; B3
CG_ONLY,V0,2020-04-29,43776517000180,SBSP3,CONT_2259_SBSP3_2020-04-29,833.0089724816539,,0.0,833.0089724816539,,UNKNOWN,EX_DATE_ECONOMIC_REINVESTMENT,cache/market.json.gz; B3
CG_ONLY,V0,2020-05-04,60872504000123,ITUB4,ITUB4_2020-05-04_DISTRIBUTION_202,13.554338630941745,,0.0,13.554338630941745,CASH_DIVIDEND,UNKNOWN,EX_DATE_ECONOMIC_REINVESTMENT,cache/market.json.gz; SQLite corporate_actions/B3
CG_ONLY,V0,2020-05-05,60746948000112,BBDC4,BBDC4_2020-05-05_DISTRIBUTION_585,19.27572838209966,,0.0,19.27572838209966,JCP Mensais,UNKNOWN,EX_DATE_ECONOMIC_REINVESTMENT,https://www.bradescori.com.br/informacoes-ao-mercado/remuneracao-aos-acionistas/
CG_ONLY,V0,2020-05-29,02558157000162,VIVT4,CONT_2771_VIVT4_2020-05-29,794.735568718221,,0.0,794.735568718221,,UNKNOWN,EX_DATE_ECONOMIC_REINVESTMENT,cache/market.json.gz; B3
CG_ONLY,V0,2020-06-01,60872504000123,ITUB4,ITUB4_2020-06-01_DISTRIBUTION_201,13.73172050849944,,0.0,13.73172050849944,CASH_DIVIDEND,UNKNOWN,EX_DATE_ECONOMIC_REINVESTMENT,cache/market.json.gz; SQLite corporate_actions/B3
CG_ONLY,V0,2020-06-02,60746948000112,BBDC4,BBDC4_2020-06-02_DISTRIBUTION_586,19.600776507997264,,0.0,19.600776507997264,JCP Mensais,UNKNOWN,EX_DATE_ECONOMIC_REINVESTMENT,https://www.bradescori.com.br/informacoes-ao-mercado/remuneracao-aos-acionistas/
CG_ONLY,V0,2020-06-10,92702067000196,BRSR6,CONT_669_BRSR6_2020-06-10,269.15900447914606,,0.0,269.15900447914606,,UNKNOWN,EX_DATE_ECONOMIC_REINVESTMENT,cache/market.json.gz; B3
CG_ONLY,V0,2020-06-30,02149205000169,PSSA3,CONT_2145_PSSA3_2020-06-30,339.8348086570391,,0.0,339.8348086570391,,UNKNOWN,EX_DATE_ECONOMIC_REINVESTMENT,cache/market.json.gz; B3
CG_ONLY,V0,2020-07-01,60872504000123,ITUB4,ITUB4_2020-07-01_DISTRIBUTION_200,11.955747545100412,,0.0,11.955747545100412,CASH_DIVIDEND,UNKNOWN,EX_DATE_ECONOMIC_REINVESTMENT,cache/market.json.gz; SQLite corporate_actions/B3
CG_ONLY,V0,2020-07-01,02558157000162,VIVT4,CONT_2732_VIVT4_2020-07-01,232.20519571667865,,0.0,232.20519571667865,,UNKNOWN,EX_DATE_ECONOMIC_REINVESTMENT,https://api.mziq.com/mzfilemanager/v2/d/24165f81-24d6-4648-bf9f-66712905d5a2/34b95df5-e8c3-6d48-b667-42e740e0df5e?origin=2
CG_ONLY,V0,2020-07-01,76484013000145,SAPR4,CONT_2731_SAPR4_2020-07-01,623.439931010039,,0.0,623.439931010039,,UNKNOWN,EX_DATE_ECONOMIC_REINVESTMENT,https://ri.sanepar.com.br/docs/Sanepar-2025-12-18-cW6NmzgB.pdf
CG_ONLY,V0,2020-07-02,60746948000112,BBDC4,BBDC4_2020-07-02_DISTRIBUTION_587,18.713232018504016,,0.0,18.713232018504016,JCP Mensais,UNKNOWN,EX_DATE_ECONOMIC_REINVESTMENT,https://www.bradescori.com.br/informacoes-ao-mercado/remuneracao-aos-acionistas/
CG_ONLY,V0,2020-07-07,02998611000104,TRPL4,CONT_1384_TRPL4_2020-07-07,148.1958256281277,,0.0,148.1958256281277,,UNKNOWN,EX_DATE_ECONOMIC_REINVESTMENT,cache/market.json.gz; B3
CG_ONLY,V0,2020-07-20,03220438000173,EQTL3,CONT_1120_EQTL3_2020-07-20,501.36438405433705,,0.0,501.36438405433705,,UNKNOWN,EX_DATE_ECONOMIC_REINVESTMENT,cache/market.json.gz; B3
CG_ONLY,V0,2020-08-03,17155730000164,CMIG4,CMIG4_2020-08-03_DISTRIBUTION_648,462.82968691443045,,0.0,462.82968691443045,,UNKNOWN,EX_DATE_ECONOMIC_REINVESTMENT,https://api.mziq.com/mzfilemanager/v2/d/716a131f-9624-452c-9088-0cd6983c1349/a2eb9f5f-37e1-8913-c1eb-c4281b5e23b2?origin=2
CG_ONLY,V0,2020-08-03,60872504000123,ITUB4,ITUB4_2020-08-03_DISTRIBUTION_199,12.03715021514084,,0.0,12.03715021514084,CASH_DIVIDEND,UNKNOWN,EX_DATE_ECONOMIC_REINVESTMENT,cache/market.json.gz; SQLite corporate_actions/B3
CG_ONLY,V0,2020-08-03,02998609000127,TIET4,CONT_2570_TIET4_2020-08-03,317.43257039598495,,0.0,317.43257039598495,,UNKNOWN,EX_DATE_ECONOMIC_REINVESTMENT,cache/market.json.gz; B3
CG_ONLY,V0,2020-08-04,60746948000112,BBDC4,BBDC4_2020-08-04_DISTRIBUTION_588,18.834938394705105,,0.0,18.834938394705105,JCP Mensais,UNKNOWN,EX_DATE_ECONOMIC_REINVESTMENT,https://www.bradescori.com.br/informacoes-ao-mercado/remuneracao-aos-acionistas/
CG_ONLY,V0,2020-08-07,90400888000142,SANB4,CONT_2295_SANB4_2020-08-07,151.55200592375743,,0.0,151.55200592375743,,UNKNOWN,EX_DATE_ECONOMIC_REINVESTMENT,cache/market.json.gz; B3
CG_ONLY,V0,2020-08-10,02474103000119,TBLE3,TBLE3_2020-08-10_DISTRIBUTION_353,404.833802621227,,0.0,404.833802621227,CASH_DIVIDEND,UNKNOWN,EX_DATE_ECONOMIC_REINVESTMENT,cache/market.json.gz; SQLite corporate_actions/B3
CG_ONLY,V0,2020-08-11,02998609000127,TIET4,CONT_2569_TIET4_2020-08-11,445.18303096040665,,0.0,445.18303096040665,,UNKNOWN,EX_DATE_ECONOMIC_REINVESTMENT,cache/market.json.gz; B3
CG_ONLY,V0,2020-08-13,28195667000106,ABCB4,CONT_16_ABCB4_2020-08-13,232.43786903732226,,0.0,232.43786903732226,,UNKNOWN,EX_DATE_ECONOMIC_REINVESTMENT,cache/market.json.gz; B3
CG_ONLY,V0,2020-08-13,17344597000194,BBSE3,CONT_2559_BBSE3_2020-08-13,660.0436689207677,,0.0,660.0436689207677,,UNKNOWN,EX_DATE_ECONOMIC_REINVESTMENT,BBSE_DIV
CG_ONLY,V0,2020-08-17,33376989000191,IRBR3,CONT_1352_IRBR3_2020-08-17,60.077790847723996,,0.0,60.077790847723996,,UNKNOWN,EX_DATE_ECONOMIC_REINVESTMENT,cache/market.json.gz; B3
CG_ONLY,V0,2020-08-17,33376989000191,IRBR3,CONT_1353_IRBR3_2020-08-17,2.9974602268739465,,0.0,2.9974602268739465,,UNKNOWN,EX_DATE_ECONOMIC_REINVESTMENT,cache/market.json.gz; B3
CG_ONLY,V0,2020-08-18,60872504000123,ITUB4,ITUB4_2020-08-18_DISTRIBUTION_198,42.713198099695724,,0.0,42.713198099695724,JCP,UNKNOWN,EX_DATE_ECONOMIC_REINVESTMENT,cache/market.json.gz; SQLite corporate_actions/B3
CG_ONLY,V0,2020-08-24,00000000000191,BBAS3,CONT_205_BBAS3_2020-08-24,281.33596197069426,,0.0,281.33596197069426,,UNKNOWN,EX_DATE_ECONOMIC_REINVESTMENT,cache/market.json.gz; B3
CG_ONLY,V0,2020-08-24,00000000000191,BBAS3,CONT_206_BBAS3_2020-08-24,1.0002144138027176,,0.0,1.0002144138027176,,UNKNOWN,EX_DATE_ECONOMIC_REINVESTMENT,cache/market.json.gz; B3
CG_ONLY,V0,2020-09-01,60872504000123,ITUB4,ITUB4_2020-09-01_DISTRIBUTION_197,12.137924279371903,,0.0,12.137924279371903,CASH_DIVIDEND,UNKNOWN,EX_DATE_ECONOMIC_REINVESTMENT,cache/market.json.gz; SQLite corporate_actions/B3
CG_ONLY,V0,2020-09-02,60746948000112,BBDC4,BBDC4_2020-09-02_DISTRIBUTION_589,18.968345075973062,,0.0,18.968345075973062,JCP Mensais,UNKNOWN,EX_DATE_ECONOMIC_REINVESTMENT,https://www.bradescori.com.br/informacoes-ao-mercado/remuneracao-aos-acionistas/
CG_ONLY,V0,2020-09-14,00000000000191,BBAS3,CONT_204_BBAS3_2020-09-14,66.8909289016177,,0.0,66.8909289016177,,UNKNOWN,EX_DATE_ECONOMIC_REINVESTMENT,cache/market.json.gz; B3
CG_ONLY,V0,2020-09-28,17155730000164,CMIG4,CMIG4_2020-09-28_DISTRIBUTION_649,157.32235940011935,,0.0,157.32235940011935,,UNKNOWN,EX_DATE_ECONOMIC_REINVESTMENT,https://api.mziq.com/mzfilemanager/v2/d/716a131f-9624-452c-9088-0cd6983c1349/a2eb9f5f-37e1-8913-c1eb-c4281b5e23b2?origin=2
CG_ONLY,V0,2020-09-29,02558157000162,VIVT4,CONT_2733_VIVT4_2020-09-29,172.76738366119042,,0.0,172.76738366119042,,UNKNOWN,EX_DATE_ECONOMIC_REINVESTMENT,https://api.mziq.com/mzfilemanager/v2/d/24165f81-24d6-4648-bf9f-66712905d5a2/34b95df5-e8c3-6d48-b667-42e740e0df5e?origin=2
CG_ONLY,V0,2020-10-01,60872504000123,ITUB4,ITUB4_2020-10-01_DISTRIBUTION_196,12.25925465227271,,0.0,12.25925465227271,CASH_DIVIDEND,UNKNOWN,EX_DATE_ECONOMIC_REINVESTMENT,cache/market.json.gz; SQLite corporate_actions/B3
CG_ONLY,V0,2020-10-02,60746948000112,BBDC4,BBDC4_2020-10-02_DISTRIBUTION_590,19.127506706420697,,0.0,19.127506706420697,JCP Mensais,UNKNOWN,EX_DATE_ECONOMIC_REINVESTMENT,https://www.bradescori.com.br/informacoes-ao-mercado/remuneracao-aos-acionistas/
CG_ONLY,V0,2020-10-20,02558115000121,TIMS3,CONT_2734_TIMS3_2020-10-20,528.5483468852741,,0.0,528.5483468852741,,UNKNOWN,EX_DATE_ECONOMIC_REINVESTMENT,https://api.mziq.com/mzfilemanager/v2/d/4c4aa51f-1235-4aa1-8b83-adc92e8dacc3/f254c76d-5442-4947-aad9-e2816de7e7d3?origin=2;https://api.mziq.com/mzfilemanager/v2/d/4c4aa51f-1235-4aa1-8b83-adc92e8dacc3/be78844f-4634-42c0-ae1c-a18bd2d7782e?origin=2
CG_ONLY,V0,2020-11-03,60872504000123,ITUB4,ITUB4_2020-11-03_DISTRIBUTION_195,12.397650778551684,,0.0,12.397650778551684,CASH_DIVIDEND,UNKNOWN,EX_DATE_ECONOMIC_REINVESTMENT,cache/market.json.gz; SQLite corporate_actions/B3
CG_ONLY,V0,2020-11-03,02149205000169,PSSA3,CONT_2735_PSSA3_2020-11-03,230.15708394056156,,0.0,230.15708394056156,,UNKNOWN,EX_DATE_ECONOMIC_REINVESTMENT,https://api.mziq.com/mzfilemanager/v2/d/b77a3922-d280-4451-b3ee-0afec4577834/f9e62720-e79a-1676-864d-2a184a052c0f?origin=2;https://api.mziq.com/mzfilemanager/v2/d/b77a3922-d280-4451-b3ee-0afec4577834/493a6ff0-1341-22f7-1a72-d9896b29432f?origin=2
CG_ONLY,V0,2020-11-04,60746948000112,BBDC4,BBDC4_2020-11-04_DISTRIBUTION_591,19.22715257774488,,0.0,19.22715257774488,JCP Mensais,UNKNOWN,EX_DATE_ECONOMIC_REINVESTMENT,https://www.bradescori.com.br/informacoes-ao-mercado/remuneracao-aos-acionistas/
CG_ONLY,V0,2020-11-05,02998611000104,TRPL4,CONT_1383_TRPL4_2020-11-05,520.3778521048434,,0.0,520.3778521048434,,UNKNOWN,EX_DATE_ECONOMIC_REINVESTMENT,cache/market.json.gz; B3
CG_ONLY,V0,2020-11-05,90400888000142,SANB4,CONT_2294_SANB4_2020-11-05,199.94319036317862,,0.0,199.94319036317862,,UNKNOWN,EX_DATE_ECONOMIC_REINVESTMENT,cache/market.json.gz; B3
CG_ONLY,V0,2020-11-11,02998609000127,TIET4,CONT_2568_TIET4_2020-11-11,227.26529812167078,,0.0,227.26529812167078,,UNKNOWN,EX_DATE_ECONOMIC_REINVESTMENT,cache/market.json.gz; B3
CG_ONLY,V0,2020-11-17,00000000000191,BBAS3,CONT_203_BBAS3_2020-11-17,129.02391957832592,,0.0,129.02391957832592,,UNKNOWN,EX_DATE_ECONOMIC_REINVESTMENT,cache/market.json.gz; B3
CG_ONLY,V0,2020-11-30,02558157000162,VIVT3,CONT_2736_VIVT3_2020-11-30,106.02641942952532,,0.0,106.02641942952532,,UNKNOWN,EX_DATE_ECONOMIC_REINVESTMENT,https://api.mziq.com/mzfilemanager/v2/d/24165f81-24d6-4648-bf9f-66712905d5a2/34b95df5-e8c3-6d48-b667-42e740e0df5e?origin=2
CG_ONLY,V0,2020-12-01,60872504000123,ITUB4,ITUB4_2020-12-01_DISTRIBUTION_194,12.497272447606358,,0.0,12.497272447606358,CASH_DIVIDEND,UNKNOWN,EX_DATE_ECONOMIC_REINVESTMENT,cache/market.json.gz; SQLite corporate_actions/B3
CG_ONLY,V0,2020-12-02,60746948000112,BBDC4,BBDC4_2020-12-02_DISTRIBUTION_592,19.24479433537431,,0.0,19.24479433537431,JCP Mensais,UNKNOWN,EX_DATE_ECONOMIC_REINVESTMENT,https://www.bradescori.com.br/informacoes-ao-mercado/remuneracao-aos-acionistas/
CG_ONLY,V0,2020-12-11,92702067000196,BRSR6,CONT_668_BRSR6_2020-12-11,162.04565530611856,,0.0,162.04565530611856,,UNKNOWN,EX_DATE_ECONOMIC_REINVESTMENT,cache/market.json.gz; B3
CG_ONLY,V0,2020-12-11,60872504000123,ITUB4,ITUB4_2020-12-11_DISTRIBUTION_193,53.4016333956072,,0.0,53.4016333956072,JCP,UNKNOWN,EX_DATE_ECONOMIC_REINVESTMENT,cache/market.json.gz; SQLite corporate_actions/B3
CG_ONLY,V0,2020-12-14,00000000000191,BBAS3,CONT_202_BBAS3_2020-12-14,78.30202047170776,,0.0,78.30202047170776,,UNKNOWN,EX_DATE_ECONOMIC_REINVESTMENT,cache/market.json.gz; B3
CG_ONLY,V0,2020-12-15,02998609000127,TIET4,CONT_2567_TIET4_2020-12-15,126.3624607036821,,0.0,126.3624607036821,,UNKNOWN,EX_DATE_ECONOMIC_REINVESTMENT,cache/market.json.gz; B3
CG_ONLY,V0,2020-12-17,02998611000104,TRPL4,CONT_1381_TRPL4_2020-12-17,179.13617536728336,,0.0,179.13617536728336,,UNKNOWN,EX_DATE_ECONOMIC_REINVESTMENT,cache/market.json.gz; B3
CG_ONLY,V0,2020-12-17,02998611000104,TRPL4,CONT_1382_TRPL4_2020-12-17,673.0709448093252,,0.0,673.0709448093252,,UNKNOWN,EX_DATE_ECONOMIC_REINVESTMENT,cache/market.json.gz; B3
CG_ONLY,V0,2020-12-21,02474103000119,TBLE3,TBLE3_2020-12-21_DISTRIBUTION_351,345.93445470411376,,0.0,345.93445470411376,CASH_DIVIDEND,UNKNOWN,EX_DATE_ECONOMIC_REINVESTMENT,cache/market.json.gz; SQLite corporate_actions/B3
CG_ONLY,V0,2020-12-21,02474103000119,TBLE3,TBLE3_2020-12-21_DISTRIBUTION_352,109.18227766703488,,0.0,109.18227766703488,JCP,UNKNOWN,EX_DATE_ECONOMIC_REINVESTMENT,cache/market.json.gz; SQLite corporate_actions/B3
CG_ONLY,V0,2020-12-21,02558115000121,TIMS3,CONT_2737_TIMS3_2020-12-21,626.3037024439197,,0.0,626.3037024439197,,UNKNOWN,EX_DATE_ECONOMIC_REINVESTMENT,https://api.mziq.com/mzfilemanager/v2/d/4c4aa51f-1235-4aa1-8b83-adc92e8dacc3/c586e22e-1cf8-403d-8731-dc96ab412253?origin=2;https://api.mziq.com/mzfilemanager/v2/d/4c4aa51f-1235-4aa1-8b83-adc92e8dacc3/620d660d-c87e-4aec-b107-f541814149da?origin=2
CG_ONLY,V0,2020-12-29,60746948000112,BBDC4,BBDC4_2020-12-29_DISTRIBUTION_593,421.49044095211315,,0.0,421.49044095211315,JCP Complementares,UNKNOWN,EX_DATE_ECONOMIC_REINVESTMENT,https://www.bradescori.com.br/informacoes-ao-mercado/remuneracao-aos-acionistas/
CG_ONLY,V0,2020-12-29,76483817000120,CPLE6,CONT_915_CPLE6_2020-12-29,1897.9686510414772,,0.0,1897.9686510414772,,UNKNOWN,EX_DATE_ECONOMIC_REINVESTMENT,cache/market.json.gz; B3
CG_ONLY,V0,2020-12-29,02558157000162,VIVT3,CONT_2738_VIVT3_2020-12-29,323.3256783656722,,0.0,323.3256783656722,,UNKNOWN,EX_DATE_ECONOMIC_REINVESTMENT,https://api.mziq.com/mzfilemanager/v2/d/24165f81-24d6-4648-bf9f-66712905d5a2/34b95df5-e8c3-6d48-b667-42e740e0df5e?origin=2
CG_ONLY,V0,2020-12-29,02558157000162,VIVT3,CONT_2739_VIVT3_2020-12-29,70.05389697733374,,0.0,70.05389697733374,,UNKNOWN,EX_DATE_ECONOMIC_REINVESTMENT,https://api.mziq.com/mzfilemanager/v2/d/24165f81-24d6-4648-bf9f-66712905d5a2/34b95df5-e8c3-6d48-b667-42e740e0df5e?origin=2
CG_ONLY,V0,2020-12-30,92702067000196,BRSR6,CONT_667_BRSR6_2020-12-30,77.72982589800225,,0.0,77.72982589800225,,UNKNOWN,EX_DATE_ECONOMIC_REINVESTMENT,cache/market.json.gz; B3
CG_ONLY,V0,2021-01-04,92702067000196,BRSR6,CONT_666_BRSR6_2021-01-04,124.78514021739498,,0.0,124.78514021739498,,UNKNOWN,EX_DATE_ECONOMIC_REINVESTMENT,cache/market.json.gz; B3
CG_ONLY,V0,2021-01-04,17155730000164,CMIG4,CMIG4_2021-01-04_DISTRIBUTION_650,578.1790788302105,,0.0,578.1790788302105,,UNKNOWN,EX_DATE_ECONOMIC_REINVESTMENT,https://api.mziq.com/mzfilemanager/v2/d/716a131f-9624-452c-9088-0cd6983c1349/a2eb9f5f-37e1-8913-c1eb-c4281b5e23b2?origin=2
CG_ONLY,V0,2021-01-04,60872504000123,ITUB4,ITUB4_2021-01-04_DISTRIBUTION_192,12.549427061201053,,0.0,12.549427061201053,CASH_DIVIDEND,UNKNOWN,EX_DATE_ECONOMIC_REINVESTMENT,cache/market.json.gz; SQLite corporate_actions/B3
CG_ONLY,V0,2021-01-04,76484013000145,SAPR4,CONT_2740_SAPR4_2021-01-04,612.9245191889296,,0.0,612.9245191889296,,UNKNOWN,EX_DATE_ECONOMIC_REINVESTMENT,https://ri.sanepar.com.br/docs/Sanepar-2025-12-18-cW6NmzgB.pdf
CG_ONLY,V0,2021-01-05,60746948000112,BBDC4,BBDC4_2021-01-05_DISTRIBUTION_564,19.549391099654677,,0.0,19.549391099654677,JCP Mensais,UNKNOWN,EX_DATE_ECONOMIC_REINVESTMENT,https://www.bradescori.com.br/informacoes-ao-mercado/remuneracao-aos-acionistas/
CG_ONLY,V0,2021-01-05,03983431000103,ENBR3,CONT_2385_ENBR3_2021-01-05,328.02069011346856,,0.0,328.02069011346856,,UNKNOWN,EX_DATE_ECONOMIC_REINVESTMENT,EDP_RI;EDP_APR2023
CG_ONLY,V0,2021-01-07,28195667000106,ABCB4,CONT_15_ABCB4_2021-01-07,521.671554608646,,0.0,521.671554608646,,UNKNOWN,EX_DATE_ECONOMIC_REINVESTMENT,cache/market.json.gz; B3
CG_ONLY,V0,2021-01-07,01083200000118,NEOE3,CONT_2057_NEOE3_2021-01-07,243.49063229516935,,0.0,243.49063229516935,,UNKNOWN,EX_DATE_ECONOMIC_REINVESTMENT,cache/market.json.gz; B3
CG_ONLY,V0,2021-01-11,90400888000142,SANB4,CONT_2293_SANB4_2021-01-11,134.0389293879124,,0.0,134.0389293879124,,UNKNOWN,EX_DATE_ECONOMIC_REINVESTMENT,cache/market.json.gz; B3
CG_ONLY,V0,2021-01-26,60872504000123,ITUB4,ITUB4_2021-01-26_DISTRIBUTION_191,42.06292510856654,,0.0,42.06292510856654,JCP,UNKNOWN,EX_DATE_ECONOMIC_REINVESTMENT,cache/market.json.gz; SQLite corporate_actions/B3
CG_ONLY,V0,2021-02-01,60872504000123,ITUB4,ITUB4_2021-02-01_DISTRIBUTION_190,12.600960226113079,,0.0,12.600960226113079,CASH_DIVIDEND,UNKNOWN,EX_DATE_ECONOMIC_REINVESTMENT,cache/market.json.gz; SQLite corporate_actions/B3
CG_ONLY,V0,2021-02-02,60746948000112,BBDC4,BBDC4_2021-02-02_DISTRIBUTION_565,19.563522374404478,,0.0,19.563522374404478,JCP Mensais,UNKNOWN,EX_DATE_ECONOMIC_REINVESTMENT,https://www.bradescori.com.br/informacoes-ao-mercado/remuneracao-aos-acionistas/
CG_ONLY,V0,2021-02-12,17344597000194,BBSE3,CONT_2558_BBSE3_2021-02-12,385.6936718323893,,0.0,385.6936718323893,,UNKNOWN,EX_DATE_ECONOMIC_REINVESTMENT,BBSE_DIV
CG_ONLY,V0,2021-02-17,90400888000142,SANB4,CONT_2292_SANB4_2021-02-17,103.63269743633523,,0.0,103.63269743633523,,UNKNOWN,EX_DATE_ECONOMIC_REINVESTMENT,cache/market.json.gz; B3
CG_ONLY,V0,2021-02-18,60746948000112,BBDC4,BBDC4_2021-02-18_DISTRIBUTION_566,22.51529892953183,,0.0,22.51529892953183,JCP Suplementares,UNKNOWN,EX_DATE_ECONOMIC_REINVESTMENT,https://www.bradescori.com.br/informacoes-ao-mercado/remuneracao-aos-acionistas/
CG_ONLY,V0,2021-02-23,00000000000191,BBAS3,CONT_200_BBAS3_2021-02-23,294.43874892156725,,0.0,294.43874892156725,,UNKNOWN,EX_DATE_ECONOMIC_REINVESTMENT,cache/market.json.gz; B3
CG_ONLY,V0,2021-02-23,00000000000191,BBAS3,CONT_201_BBAS3_2021-02-23,0.9030050385285435,,0.0,0.9030050385285435,,UNKNOWN,EX_DATE_ECONOMIC_REINVESTMENT,cache/market.json.gz; B3
CG_ONLY,V0,2021-02-26,60872504000123,ITUB4,ITUB4_2021-02-26_DISTRIBUTION_188,81.28294509392788,,0.0,81.28294509392788,CASH_DIVIDEND,UNKNOWN,EX_DATE_ECONOMIC_REINVESTMENT,cache/market.json.gz; SQLite corporate_actions/B3
CG_ONLY,V0,2021-02-26,60872504000123,ITUB4,ITUB4_2021-02-26_DISTRIBUTION_189,42.64515401216584,,0.0,42.64515401216584,JCP,UNKNOWN,EX_DATE_ECONOMIC_REINVESTMENT,cache/market.json.gz; SQLite corporate_actions/B3
CG_ONLY,V0,2021-02-26,02998611000104,TRPL4,CONT_1380_TRPL4_2021-02-26,844.9241405835517,,0.0,844.9241405835517,,UNKNOWN,EX_DATE_ECONOMIC_REINVESTMENT,cache/market.json.gz; B3
CG_ONLY,V0,2021-03-01,60872504000123,ITUB4,ITUB4_2021-03-01_DISTRIBUTION_187,12.719599049425373,,0.0,12.719599049425373,CASH_DIVIDEND,UNKNOWN,EX_DATE_ECONOMIC_REINVESTMENT,cache/market.json.gz; SQLite corporate_actions/B3
CG_ONLY,V0,2021-03-01,02558157000162,VIVT3,CONT_2741_VIVT3_2021-03-01,42.11609293310291,,0.0,42.11609293310291,,UNKNOWN,EX_DATE_ECONOMIC_REINVESTMENT,https://api.mziq.com/mzfilemanager/v2/d/24165f81-24d6-4648-bf9f-66712905d5a2/34b95df5-e8c3-6d48-b667-42e740e0df5e?origin=2
CG_ONLY,V0,2021-03-02,60746948000112,BBDC4,BBDC4_2021-03-02_DISTRIBUTION_567,19.610293162404187,,0.0,19.610293162404187,JCP Mensais,UNKNOWN,EX_DATE_ECONOMIC_REINVESTMENT,https://www.bradescori.com.br/informacoes-ao-mercado/remuneracao-aos-acionistas/
CG_ONLY,V0,2021-03-02,02998609000127,TIET4,CONT_2566_TIET4_2021-03-02,28.67290573819827,,0.0,28.67290573819827,,UNKNOWN,EX_DATE_ECONOMIC_REINVESTMENT,cache/market.json.gz; B3
CG_ONLY,V0,2021-03-08,92702067000196,BRSR6,CONT_665_BRSR6_2021-03-08,374.84765779580636,,0.0,374.84765779580636,,UNKNOWN,EX_DATE_ECONOMIC_REINVESTMENT,cache/market.json.gz; B3
CG_ONLY,V0,2021-03-12,00000000000191,BBAS3,CONT_199_BBAS3_2021-03-12,101.35040917350018,,0.0,101.35040917350018,,UNKNOWN,EX_DATE_ECONOMIC_REINVESTMENT,cache/market.json.gz; B3
CG_ONLY,V0,2021-03-26,60872504000123,ITUB4,ITUB4_2021-03-26_DISTRIBUTION_186,43.224329167366285,,0.0,43.224329167366285,JCP,UNKNOWN,EX_DATE_ECONOMIC_REINVESTMENT,cache/market.json.gz; SQLite corporate_actions/B3
CG_ONLY,V0,2021-03-31,02998611000104,TRPL4,CONT_1379_TRPL4_2021-03-31,862.3845533995193,,0.0,862.3845533995193,,UNKNOWN,EX_DATE_ECONOMIC_REINVESTMENT,cache/market.json.gz; B3
CG_ONLY,V0,2021-04-01,28195667000106,ABCB4,CONT_14_ABCB4_2021-04-01,336.3598182407252,,0.0,336.3598182407252,,UNKNOWN,EX_DATE_ECONOMIC_REINVESTMENT,cache/market.json.gz; B3
CG_ONLY,V0,2021-04-01,76483817000120,CPLE6,CONT_913_CPLE6_2021-04-01,328.8476513015115,,0.0,328.8476513015115,,UNKNOWN,EX_DATE_ECONOMIC_REINVESTMENT,cache/market.json.gz; B3
CG_ONLY,V0,2021-04-01,76483817000120,CPLE6,CONT_914_CPLE6_2021-04-01,302.04929103762413,,0.0,302.04929103762413,,UNKNOWN,EX_DATE_ECONOMIC_REINVESTMENT,cache/market.json.gz; B3
CG_ONLY,V0,2021-04-01,60872504000123,ITUB4,ITUB4_2021-04-01_DISTRIBUTION_185,12.8265131829892,,0.0,12.8265131829892,CASH_DIVIDEND,UNKNOWN,EX_DATE_ECONOMIC_REINVESTMENT,cache/market.json.gz; SQLite corporate_actions/B3
CG_ONLY,V0,2021-04-01,02149205000169,PSSA3,CONT_2742_PSSA3_2021-04-01,406.9979997158212,,0.0,406.9979997158212,,UNKNOWN,EX_DATE_ECONOMIC_REINVESTMENT,https://api.mziq.com/mzfilemanager/v2/d/b77a3922-d280-4451-b3ee-0afec4577834/493a6ff0-1341-22f7-1a72-d9896b29432f?origin=2;https://api.mziq.com/mzfilemanager/v2/d/b77a3922-d280-4451-b3ee-0afec4577834/41759930-edbb-5e54-ff18-92877b91d282?origin=2
CG_ONLY,V0,2021-04-01,02149205000169,PSSA3,CONT_2743_PSSA3_2021-04-01,113.53802202432234,,0.0,113.53802202432234,,UNKNOWN,EX_DATE_ECONOMIC_REINVESTMENT,https://api.mziq.com/mzfilemanager/v2/d/b77a3922-d280-4451-b3ee-0afec4577834/493a6ff0-1341-22f7-1a72-d9896b29432f?origin=2
CG_ONLY,V0,2021-04-01,02149205000169,PSSA3,CONT_2744_PSSA3_2021-04-01,203.70254325740643,,0.0,203.70254325740643,,UNKNOWN,EX_DATE_ECONOMIC_REINVESTMENT,https://api.mziq.com/mzfilemanager/v2/d/b77a3922-d280-4451-b3ee-0afec4577834/493a6ff0-1341-22f7-1a72-d9896b29432f?origin=2
CG_ONLY,V0,2021-04-01,02558157000162,VIVT3,CONT_2745_VIVT3_2021-04-01,76.56371407936997,,0.0,76.56371407936997,,UNKNOWN,EX_DATE_ECONOMIC_REINVESTMENT,https://api.mziq.com/mzfilemanager/v2/d/24165f81-24d6-4648-bf9f-66712905d5a2/34b95df5-e8c3-6d48-b667-42e740e0df5e?origin=2
CG_ONLY,V0,2021-04-05,60746948000112,BBDC4,BBDC4_2021-04-05_DISTRIBUTION_568,19.626599103122444,,0.0,19.626599103122444,JCP Mensais,UNKNOWN,EX_DATE_ECONOMIC_REINVESTMENT,https://www.bradescori.com.br/informacoes-ao-mercado/remuneracao-aos-acionistas/
CG_ONLY,V0,2021-04-12,03983431000103,ENBR3,CONT_2386_ENBR3_2021-04-12,902.7714759323406,,0.0,902.7714759323406,,UNKNOWN,EX_DATE_ECONOMIC_REINVESTMENT,EDP_RI;EDP_APR2023
CG_ONLY,V0,2021-04-13,01083200000118,NEOE3,CONT_2056_NEOE3_2021-04-13,194.32403126316024,,0.0,194.32403126316024,,UNKNOWN,EX_DATE_ECONOMIC_REINVESTMENT,cache/market.json.gz; B3
CG_ONLY,V0,2021-04-16,02558157000162,VIVT3,CONT_2746_VIVT3_2021-04-16,456.0270364661319,,0.0,456.0270364661319,,UNKNOWN,EX_DATE_ECONOMIC_REINVESTMENT,https://api.mziq.com/mzfilemanager/v2/d/24165f81-24d6-4648-bf9f-66712905d5a2/34b95df5-e8c3-6d48-b667-42e740e0df5e?origin=2
CG_ONLY,V0,2021-04-27,07047251000170,COCE5,CONT_827_COCE5_2021-04-27,792.8728816954499,,0.0,792.8728816954499,,UNKNOWN,EX_DATE_ECONOMIC_REINVESTMENT,cache/market.json.gz; B3
CG_ONLY,V0,2021-04-28,60872504000123,ITUB4,ITUB4_2021-04-28_DISTRIBUTION_184,48.51870378837958,,0.0,48.51870378837958,JCP,UNKNOWN,EX_DATE_ECONOMIC_REINVESTMENT,cache/market.json.gz; SQLite corporate_actions/B3
CG_ONLY,V0,2021-04-30,76483817000120,CPLE6,CONT_912_CPLE6_2021-04-30,515.6720740432269,,0.0,515.6720740432269,,UNKNOWN,EX_DATE_ECONOMIC_REINVESTMENT,cache/market.json.gz; B3
CG_ONLY,V0,2021-04-30,43776517000180,SBSP3,CONT_2436_SBSP3_2021-04-30,249.6392320254986,,0.0,249.6392320254986,,UNKNOWN,EX_DATE_ECONOMIC_REINVESTMENT,SBSP_2021;SBSP_2022;SBSP_2023;SBSP_2024
CG_ONLY,V0,2021-05-03,92702067000196,BRSR6,CONT_664_BRSR6_2021-05-03,95.01612329199597,,0.0,95.01612329199597,,UNKNOWN,EX_DATE_ECONOMIC_REINVESTMENT,cache/market.json.gz; B3
CG_ONLY,V0,2021-05-03,17155730000164,CMIG4,CMIG4_2021-05-03_DISTRIBUTION_651,1263.640598647044,,0.0,1263.640598647044,,UNKNOWN,EX_DATE_ECONOMIC_REINVESTMENT,https://api.mziq.com/mzfilemanager/v2/d/716a131f-9624-452c-9088-0cd6983c1349/a2eb9f5f-37e1-8913-c1eb-c4281b5e23b2?origin=2
CG_ONLY,V0,2021-05-03,03220438000173,EQTL3,CONT_1119_EQTL3_2021-05-03,1143.036865623464,,0.0,1143.036865623464,,UNKNOWN,EX_DATE_ECONOMIC_REINVESTMENT,cache/market.json.gz; B3
CG_ONLY,V0,2021-05-03,60872504000123,ITUB4,ITUB4_2021-05-03_DISTRIBUTION_183,12.91143176097215,,0.0,12.91143176097215,CASH_DIVIDEND,UNKNOWN,EX_DATE_ECONOMIC_REINVESTMENT,cache/market.json.gz; SQLite corporate_actions/B3
CG_ONLY,V0,2021-05-03,02558157000162,VIVT3,CONT_2747_VIVT3_2021-05-03,82.14837048997285,,0.0,82.14837048997285,,UNKNOWN,EX_DATE_ECONOMIC_REINVESTMENT,https://api.mziq.com/mzfilemanager/v2/d/24165f81-24d6-4648-bf9f-66712905d5a2/34b95df5-e8c3-6d48-b667-42e740e0df5e?origin=2
CG_ONLY,V0,2021-05-04,60746948000112,BBDC4,BBDC4_2021-05-04_DISTRIBUTION_569,21.60500880452394,,0.0,21.60500880452394,JCP Mensais,UNKNOWN,EX_DATE_ECONOMIC_REINVESTMENT,https://www.bradescori.com.br/informacoes-ao-mercado/remuneracao-aos-acionistas/
CG_ONLY,V0,2021-05-10,90400888000142,SANB4,CONT_2291_SANB4_2021-05-10,608.6828567864009,,0.0,608.6828567864009,,UNKNOWN,EX_DATE_ECONOMIC_REINVESTMENT,cache/market.json.gz; B3
CG_ONLY,V0,2021-05-11,02998609000127,AESB3,CONT_30_AESB3_2021-05-11,248.12113669319345,,0.0,248.12113669319345,,UNKNOWN,EX_DATE_ECONOMIC_REINVESTMENT,cache/market.json.gz; B3
CG_ONLY,V0,2021-05-12,02474103000119,TBLE3,TBLE3_2021-05-12_DISTRIBUTION_350,401.7804031904564,,0.0,401.7804031904564,CASH_DIVIDEND,UNKNOWN,EX_DATE_ECONOMIC_REINVESTMENT,cache/market.json.gz; SQLite corporate_actions/B3
CG_ONLY,V0,2021-05-24,00000000000191,BBAS3,CONT_197_BBAS3_2021-05-24,52.97295947888394,,0.0,52.97295947888394,,UNKNOWN,EX_DATE_ECONOMIC_REINVESTMENT,cache/market.json.gz; B3
CG_ONLY,V0,2021-05-24,00000000000191,BBAS3,CONT_198_BBAS3_2021-05-24,242.37273614403804,,0.0,242.37273614403804,,UNKNOWN,EX_DATE_ECONOMIC_REINVESTMENT,cache/market.json.gz; B3
CG_ONLY,V0,2021-05-25,60872504000123,ITUB4,ITUB4_2021-05-25_DISTRIBUTION_182,42.094637631647885,,0.0,42.094637631647885,JCP,UNKNOWN,EX_DATE_ECONOMIC_REINVESTMENT,cache/market.json.gz; SQLite corporate_actions/B3
CG_ONLY,V0,2021-06-01,60872504000123,ITUB4,ITUB4_2021-06-01_DISTRIBUTION_181,12.97662668865007,,0.0,12.97662668865007,CASH_DIVIDEND,UNKNOWN,EX_DATE_ECONOMIC_REINVESTMENT,cache/market.json.gz; SQLite corporate_actions/B3
CG_ONLY,V0,2021-06-02,60746948000112,BBDC4,BBDC4_2021-06-02_DISTRIBUTION_570,21.62223363290668,,0.0,21.62223363290668,JCP Mensais,UNKNOWN,EX_DATE_ECONOMIC_REINVESTMENT,https://www.bradescori.com.br/informacoes-ao-mercado/remuneracao-aos-acionistas/
CG_ONLY,V0,2021-06-04,92702067000196,BRSR6,CONT_663_BRSR6_2021-06-04,419.9989612048905,,0.0,419.9989612048905,,UNKNOWN,EX_DATE_ECONOMIC_REINVESTMENT,cache/market.json.gz; B3
CG_ONLY,V0,2021-06-14,00000000000191,BBAS3,CONT_196_BBAS3_2021-06-14,122.15417181969686,,0.0,122.15417181969686,,UNKNOWN,EX_DATE_ECONOMIC_REINVESTMENT,cache/market.json.gz; B3
CG_ONLY,V0,2021-06-22,02558115000121,TIMS3,CONT_2748_TIMS3_2021-06-22,382.4780523058398,,0.0,382.4780523058398,,UNKNOWN,EX_DATE_ECONOMIC_REINVESTMENT,https://api.mziq.com/mzfilemanager/v2/d/4c4aa51f-1235-4aa1-8b83-adc92e8dacc3/ec8c4a27-ea86-4980-8cb4-8beef111e7ac?origin=2
CG_ONLY,V0,2021-07-01,28195667000106,ABCB4,CONT_13_ABCB4_2021-07-01,346.60895062294446,,0.0,346.60895062294446,,UNKNOWN,EX_DATE_ECONOMIC_REINVESTMENT,cache/market.json.gz; B3
CG_ONLY,V0,2021-07-01,60872504000123,ITUB4,ITUB4_2021-07-01_DISTRIBUTION_180,12.650892102354414,,0.0,12.650892102354414,CASH_DIVIDEND,UNKNOWN,EX_DATE_ECONOMIC_REINVESTMENT,cache/market.json.gz; SQLite corporate_actions/B3
CG_ONLY,V0,2021-07-01,02558157000162,VIVT3,CONT_2750_VIVT3_2021-07-01,223.74288561981302,,0.0,223.74288561981302,,UNKNOWN,EX_DATE_ECONOMIC_REINVESTMENT,https://api.mziq.com/mzfilemanager/v2/d/24165f81-24d6-4648-bf9f-66712905d5a2/34b95df5-e8c3-6d48-b667-42e740e0df5e?origin=2
CG_ONLY,V0,2021-07-01,76484013000145,SAPR4,CONT_2749_SAPR4_2021-07-01,618.4299431183257,,0.0,618.4299431183257,,UNKNOWN,EX_DATE_ECONOMIC_REINVESTMENT,https://ri.sanepar.com.br/docs/Sanepar-2025-12-18-cW6NmzgB.pdf
CG_ONLY,V0,2021-07-02,60746948000112,BBDC4,BBDC4_2021-07-02_DISTRIBUTION_571,18.6352396274996,,0.0,18.6352396274996,JCP Mensais,UNKNOWN,EX_DATE_ECONOMIC_REINVESTMENT,https://www.bradescori.com.br/informacoes-ao-mercado/remuneracao-aos-acionistas/
CG_ONLY,V0,2021-07-02,01083200000118,NEOE3,CONT_2055_NEOE3_2021-07-02,204.20049253302693,,0.0,204.20049253302693,,UNKNOWN,EX_DATE_ECONOMIC_REINVESTMENT,cache/market.json.gz; B3
CG_ONLY,V0,2021-07-05,60746948000112,BBDC4,BBDC4_2021-07-05_DISTRIBUTION_572,529.7483800963516,,0.0,529.7483800963516,JCP Intermediários,UNKNOWN,EX_DATE_ECONOMIC_REINVESTMENT,https://www.bradescori.com.br/informacoes-ao-mercado/remuneracao-aos-acionistas/
CG_ONLY,V0,2021-07-07,02998611000104,TRPL4,CONT_1378_TRPL4_2021-07-07,506.93867641098734,,0.0,506.93867641098734,,UNKNOWN,EX_DATE_ECONOMIC_REINVESTMENT,cache/market.json.gz; B3
CG_ONLY,V0,2021-07-30,02149205000169,PSSA3,CONT_2751_PSSA3_2021-07-30,325.4776986877158,,0.0,325.4776986877158,,UNKNOWN,EX_DATE_ECONOMIC_REINVESTMENT,https://api.mziq.com/mzfilemanager/v2/d/b77a3922-d280-4451-b3ee-0afec4577834/84eee7cb-7942-984d-6623-ff1f2c09cdbe?origin=2;https://api.mziq.com/mzfilemanager/v2/d/b77a3922-d280-4451-b3ee-0afec4577834/c01dc413-7f12-69a6-0b0a-53d2e29990ed?origin=2;https://api.mziq.com/mzfilemanager/v2/d/b77a3922-d280-4451-b3ee-0afec4577834/bd82067a-476b-c3a3-b00a-9a8d540f77cb?origin=2
CG_ONLY,V0,2021-08-02,60872504000123,ITUB4,ITUB4_2021-08-02_DISTRIBUTION_179,12.707518057879975,,0.0,12.707518057879975,CASH_DIVIDEND,UNKNOWN,EX_DATE_ECONOMIC_REINVESTMENT,cache/market.json.gz; SQLite corporate_actions/B3
CG_ONLY,V0,2021-08-03,60746948000112,BBDC4,BBDC4_2021-08-03_DISTRIBUTION_573,19.1806554451961,,0.0,19.1806554451961,JCP Mensais,UNKNOWN,EX_DATE_ECONOMIC_REINVESTMENT,https://www.bradescori.com.br/informacoes-ao-mercado/remuneracao-aos-acionistas/
CG_ONLY,V0,2021-08-05,90400888000142,SANB4,CONT_2290_SANB4_2021-08-05,572.3737719302314,,0.0,572.3737719302314,,UNKNOWN,EX_DATE_ECONOMIC_REINVESTMENT,cache/market.json.gz; B3
CG_ONLY,V0,2021-08-10,02998609000127,AESB3,CONT_29_AESB3_2021-08-10,109.90028676592956,,0.0,109.90028676592956,,UNKNOWN,EX_DATE_ECONOMIC_REINVESTMENT,cache/market.json.gz; B3
CG_ONLY,V0,2021-08-12,17344597000194,BBSE3,CONT_2557_BBSE3_2021-08-12,577.5468335318798,,0.0,577.5468335318798,,UNKNOWN,EX_DATE_ECONOMIC_REINVESTMENT,BBSE_DIV
CG_ONLY,V0,2021-08-16,60872504000123,ITUB4,ITUB4_2021-08-16_DISTRIBUTION_178,88.01321816288343,,0.0,88.01321816288343,JCP,UNKNOWN,EX_DATE_ECONOMIC_REINVESTMENT,cache/market.json.gz; SQLite corporate_actions/B3
CG_ONLY,V0,2021-08-17,02474103000119,TBLE3,TBLE3_2021-08-17_DISTRIBUTION_349,628.3647997330861,,0.0,628.3647997330861,CASH_DIVIDEND,UNKNOWN,EX_DATE_ECONOMIC_REINVESTMENT,cache/market.json.gz; SQLite corporate_actions/B3
CG_ONLY,V0,2021-08-24,00000000000191,BBAS3,CONT_194_BBAS3_2021-08-24,272.50719608571774,,0.0,272.50719608571774,,UNKNOWN,EX_DATE_ECONOMIC_REINVESTMENT,cache/market.json.gz; B3
CG_ONLY,V0,2021-08-24,00000000000191,BBAS3,CONT_195_BBAS3_2021-08-24,2.129012897453691,,0.0,2.129012897453691,,UNKNOWN,EX_DATE_ECONOMIC_REINVESTMENT,cache/market.json.gz; B3
CG_ONLY,V0,2021-09-01,60872504000123,ITUB4,ITUB4_2021-09-01_DISTRIBUTION_177,12.75728726669737,,0.0,12.75728726669737,CASH_DIVIDEND,UNKNOWN,EX_DATE_ECONOMIC_REINVESTMENT,cache/market.json.gz; SQLite corporate_actions/B3
CG_ONLY,V0,2021-09-01,02429144000193,CPFE3,CONT_841_CPFE3_2021-09-01,1425.1094560369143,,0.0,1425.1094560369143,,UNKNOWN,EX_DATE_ECONOMIC_REINVESTMENT,cache/market.json.gz; B3
CG_ONLY,V0,2021-09-02,60746948000112,BBDC4,BBDC4_2021-09-02_DISTRIBUTION_574,19.467702162011022,,0.0,19.467702162011022,JCP Mensais,UNKNOWN,EX_DATE_ECONOMIC_REINVESTMENT,https://www.bradescori.com.br/informacoes-ao-mercado/remuneracao-aos-acionistas/
CG_ONLY,V0,2021-09-14,00000000000191,BBAS3,CONT_193_BBAS3_2021-09-14,148.83759946383947,,0.0,148.83759946383947,,UNKNOWN,EX_DATE_ECONOMIC_REINVESTMENT,cache/market.json.gz; B3
CG_ONLY,V0,2021-09-27,17281106000103,CSMG3,CONT_2381_CSMG3_2021-09-27,255.11834282440233,,0.0,255.11834282440233,,UNKNOWN,EX_DATE_ECONOMIC_REINVESTMENT,CSMG_RI;B3_ESPEC
CG_ONLY,V0,2021-09-27,17281106000103,CSMG3,CONT_2382_CSMG3_2021-09-27,468.09175392727474,,0.0,468.09175392727474,,UNKNOWN,EX_DATE_ECONOMIC_REINVESTMENT,CSMG_RI;B3_ESPEC
CG_ONLY,V0,2021-09-30,02558115000121,TIMS3,CONT_2752_TIMS3_2021-09-30,124.96148280813127,,0.0,124.96148280813127,,UNKNOWN,EX_DATE_ECONOMIC_REINVESTMENT,https://api.mziq.com/mzfilemanager/v2/d/4c4aa51f-1235-4aa1-8b83-adc92e8dacc3/fa04ad1c-865b-81a3-87f8-ff70523311ae?origin=2
CG_ONLY,V0,2021-10-01,76483817000120,CPLE6,CONT_910_CPLE6_2021-10-01,1927.8283543174482,,0.0,1927.8283543174482,,UNKNOWN,EX_DATE_ECONOMIC_REINVESTMENT,cache/market.json.gz; B3
CG_ONLY,V0,2021-10-01,76483817000120,CPLE6,CONT_911_CPLE6_2021-10-01,385.9441634932073,,0.0,385.9441634932073,,UNKNOWN,EX_DATE_ECONOMIC_REINVESTMENT,cache/market.json.gz; B3
CG_ONLY,V0,2021-10-01,60872504000123,ITUB4,ITUB4_2021-10-01_DISTRIBUTION_176,12.78954359618634,,0.0,12.78954359618634,CASH_DIVIDEND,UNKNOWN,EX_DATE_ECONOMIC_REINVESTMENT,cache/market.json.gz; SQLite corporate_actions/B3
CG_ONLY,V0,2021-10-01,02558157000162,VIVT3,CONT_2753_VIVT3_2021-10-01,217.76986330807438,,0.0,217.76986330807438,,UNKNOWN,EX_DATE_ECONOMIC_REINVESTMENT,https://api.mziq.com/mzfilemanager/v2/d/24165f81-24d6-4648-bf9f-66712905d5a2/34b95df5-e8c3-6d48-b667-42e740e0df5e?origin=2
CG_ONLY,V0,2021-10-04,60746948000112,BBDC4,BBDC4_2021-10-04_DISTRIBUTION_575,19.80183307857531,,0.0,19.80183307857531,JCP Mensais,UNKNOWN,EX_DATE_ECONOMIC_REINVESTMENT,https://www.bradescori.com.br/informacoes-ao-mercado/remuneracao-aos-acionistas/
CG_ONLY,V0,2021-10-07,28195667000106,ABCB4,CONT_12_ABCB4_2021-10-07,379.04342324833345,,0.0,379.04342324833345,,UNKNOWN,EX_DATE_ECONOMIC_REINVESTMENT,cache/market.json.gz; B3
CG_ONLY,V0,2021-11-01,60872504000123,ITUB4,ITUB4_2021-11-01_DISTRIBUTION_175,15.096863682505964,,0.0,15.096863682505964,JCP,UNKNOWN,EX_DATE_ECONOMIC_REINVESTMENT,cache/market.json.gz; SQLite corporate_actions/B3
CG_ONLY,V0,2021-11-01,02149205000169,PSSA3,CONT_2754_PSSA3_2021-11-01,266.90353514195726,,0.0,266.90353514195726,,UNKNOWN,EX_DATE_ECONOMIC_REINVESTMENT,https://api.mziq.com/mzfilemanager/v2/d/b77a3922-d280-4451-b3ee-0afec4577834/0c125129-e67a-53e9-aa2c-5b25822a1a8c?origin=2;https://api.mziq.com/mzfilemanager/v2/d/b77a3922-d280-4451-b3ee-0afec4577834/c01dc413-7f12-69a6-0b0a-53d2e29990ed?origin=2;https://api.mziq.com/mzfilemanager/v2/d/b77a3922-d280-4451-b3ee-0afec4577834/bd82067a-476b-c3a3-b00a-9a8d540f77cb?origin=2
CG_ONLY,V0,2021-11-03,60746948000112,BBDC4,BBDC4_2021-11-03_DISTRIBUTION_576,20.208980315582608,,0.0,20.208980315582608,JCP Mensais,UNKNOWN,EX_DATE_ECONOMIC_REINVESTMENT,https://www.bradescori.com.br/informacoes-ao-mercado/remuneracao-aos-acionistas/
CG_ONLY,V0,2021-11-04,02998611000104,TRPL4,CONT_1376_TRPL4_2021-11-04,549.7324822543017,,0.0,549.7324822543017,,UNKNOWN,EX_DATE_ECONOMIC_REINVESTMENT,cache/market.json.gz; B3
CG_ONLY,V0,2021-11-04,02998611000104,TRPL4,CONT_1377_TRPL4_2021-11-04,810.9287766952998,,0.0,810.9287766952998,,UNKNOWN,EX_DATE_ECONOMIC_REINVESTMENT,cache/market.json.gz; B3
CG_ONLY,V0,2021-11-05,90400888000142,SANB4,CONT_2289_SANB4_2021-11-05,527.8978232132283,,0.0,527.8978232132283,,UNKNOWN,EX_DATE_ECONOMIC_REINVESTMENT,cache/market.json.gz; B3
CG_ONLY,V0,2021-11-22,60872504000123,ITUB4,ITUB4_2021-11-22_DISTRIBUTION_174,227.7080125912903,,0.0,227.7080125912903,JCP,UNKNOWN,EX_DATE_ECONOMIC_REINVESTMENT,cache/market.json.gz; SQLite corporate_actions/B3
CG_ONLY,V0,2021-11-23,00000000000191,BBAS3,CONT_192_BBAS3_2021-11-23,324.19535962084365,,0.0,324.19535962084365,,UNKNOWN,EX_DATE_ECONOMIC_REINVESTMENT,cache/market.json.gz; B3
CG_ONLY,V0,2021-12-01,60872504000123,ITUB4,ITUB4_2021-12-01_DISTRIBUTION_173,15.374057747282018,,0.0,15.374057747282018,JCP,UNKNOWN,EX_DATE_ECONOMIC_REINVESTMENT,cache/market.json.gz; SQLite corporate_actions/B3
CG_ONLY,V0,2021-12-02,60746948000112,BBDC4,BBDC4_2021-12-02_DISTRIBUTION_577,20.585255028165165,,0.0,20.585255028165165,JCP Mensais,UNKNOWN,EX_DATE_ECONOMIC_REINVESTMENT,https://www.bradescori.com.br/informacoes-ao-mercado/remuneracao-aos-acionistas/
CG_ONLY,V0,2021-12-07,07859971000130,TAEE4,CONT_2412_TAEE4_2021-12-07,644.1057307471605,,0.0,644.1057307471605,,UNKNOWN,EX_DATE_ECONOMIC_REINVESTMENT,cache/market.json.gz; B3
CG_ONLY,V0,2021-12-07,07859971000130,TAEE4,CONT_2413_TAEE4_2021-12-07,405.3753058636875,,0.0,405.3753058636875,,UNKNOWN,EX_DATE_ECONOMIC_REINVESTMENT,cache/market.json.gz; B3
CG_ONLY,V0,2021-12-10,02429144000193,CPFE3,CONT_840_CPFE3_2021-12-10,698.3937142807637,,0.0,698.3937142807637,,UNKNOWN,EX_DATE_ECONOMIC_REINVESTMENT,cache/market.json.gz; B3
CG_ONLY,V0,2021-12-14,00000000000191,BBAS3,CONT_191_BBAS3_2021-12-14,146.00757925692247,,0.0,146.00757925692247,,UNKNOWN,EX_DATE_ECONOMIC_REINVESTMENT,cache/market.json.gz; B3
CG_ONLY,V0,2021-12-21,60746948000112,BBDC4,BBDC4_2021-12-21_DISTRIBUTION_578,234.82289506945844,,0.0,234.82289506945844,Dividendos,UNKNOWN,EX_DATE_ECONOMIC_REINVESTMENT,https://www.bradescori.com.br/informacoes-ao-mercado/remuneracao-aos-acionistas/
CG_ONLY,V0,2021-12-21,60746948000112,BBDC4,BBDC4_2021-12-21_DISTRIBUTION_579,23.482289615532004,,0.0,23.482289615532004,JCP Complementares,UNKNOWN,EX_DATE_ECONOMIC_REINVESTMENT,https://www.bradescori.com.br/informacoes-ao-mercado/remuneracao-aos-acionistas/
CG_ONLY,V0,2021-12-21,02558115000121,TIMS3,CONT_2755_TIMS3_2021-12-21,512.1190865293087,,0.0,512.1190865293087,,UNKNOWN,EX_DATE_ECONOMIC_REINVESTMENT,https://api.mziq.com/mzfilemanager/v2/d/4c4aa51f-1235-4aa1-8b83-adc92e8dacc3/44eca3b7-91a5-79c3-458a-10bea257e8bd?origin=2
CG_ONLY,V0,2021-12-22,17155730000164,CMIG4,CMIG4_2021-12-22_DISTRIBUTION_652,1183.3609872737538,,0.0,1183.3609872737538,,UNKNOWN,EX_DATE_ECONOMIC_REINVESTMENT,https://api.mziq.com/mzfilemanager/v2/d/716a131f-9624-452c-9088-0cd6983c1349/a2eb9f5f-37e1-8913-c1eb-c4281b5e23b2?origin=2
CG_ONLY,V0,2021-12-23,02998611000104,TRPL4,CONT_1375_TRPL4_2021-12-23,191.0340196173001,,0.0,191.0340196173001,,UNKNOWN,EX_DATE_ECONOMIC_REINVESTMENT,cache/market.json.gz; B3
CG_ONLY,V0,2021-12-28,02558157000162,VIVT3,CONT_2756_VIVT3_2021-12-28,549.7424687049139,,0.0,549.7424687049139,,UNKNOWN,EX_DATE_ECONOMIC_REINVESTMENT,https://api.mziq.com/mzfilemanager/v2/d/24165f81-24d6-4648-bf9f-66712905d5a2/34b95df5-e8c3-6d48-b667-42e740e0df5e?origin=2
CG_ONLY,V0,2021-12-28,02558157000162,VIVT3,CONT_2757_VIVT3_2021-12-28,295.0284582042125,,0.0,295.0284582042125,,UNKNOWN,EX_DATE_ECONOMIC_REINVESTMENT,https://api.mziq.com/mzfilemanager/v2/d/24165f81-24d6-4648-bf9f-66712905d5a2/34b95df5-e8c3-6d48-b667-42e740e0df5e?origin=2
CG_ONLY,V0,2021-12-30,02474103000119,TBLE3,TBLE3_2021-12-30_DISTRIBUTION_348,49.41644427162945,,0.0,49.41644427162945,JCP,UNKNOWN,EX_DATE_ECONOMIC_REINVESTMENT,cache/market.json.gz; SQLite corporate_actions/B3
CG_ONLY,V0,2022-01-03,28195667000106,ABCB4,CONT_11_ABCB4_2022-01-03,418.8710071169162,,0.0,418.8710071169162,,UNKNOWN,EX_DATE_ECONOMIC_REINVESTMENT,cache/market.json.gz; B3
CG_ONLY,V0,2022-01-03,76483817000120,CPLE6,CONT_909_CPLE6_2022-01-03,492.5511468204156,,0.0,492.5511468204156,,UNKNOWN,EX_DATE_ECONOMIC_REINVESTMENT,cache/market.json.gz; B3
CG_ONLY,V0,2022-01-03,60872504000123,ITUB4,ITUB4_2022-01-03_DISTRIBUTION_172,15.594483205483963,,0.0,15.594483205483963,JCP,UNKNOWN,EX_DATE_ECONOMIC_REINVESTMENT,cache/market.json.gz; SQLite corporate_actions/B3
CG_ONLY,V0,2022-01-03,76484013000145,SAPR4,CONT_2758_SAPR4_2022-01-03,764.8233685509579,,0.0,764.8233685509579,,UNKNOWN,EX_DATE_ECONOMIC_REINVESTMENT,https://ri.sanepar.com.br/docs/Sanepar-2025-12-18-cW6NmzgB.pdf
CG_ONLY,V0,2022-01-04,60746948000112,BBDC4,BBDC4_2022-01-04_DISTRIBUTION_550,21.15410253541859,,0.0,21.15410253541859,JCP Mensais,UNKNOWN,EX_DATE_ECONOMIC_REINVESTMENT,https://www.bradescori.com.br/informacoes-ao-mercado/remuneracao-aos-acionistas/
CG_ONLY,V0,2022-01-05,03983431000103,ENBR3,CONT_2387_ENBR3_2022-01-05,1133.520771006558,,0.0,1133.520771006558,,UNKNOWN,EX_DATE_ECONOMIC_REINVESTMENT,EDP_RI;EDP_APR2023
CG_ONLY,V0,2022-01-06,01083200000118,NEOE3,CONT_2054_NEOE3_2022-01-06,200.3944528242189,,0.0,200.3944528242189,,UNKNOWN,EX_DATE_ECONOMIC_REINVESTMENT,cache/market.json.gz; B3
CG_ONLY,V0,2022-01-10,90400888000142,SANB4,CONT_2288_SANB4_2022-01-10,46.11449730425665,,0.0,46.11449730425665,,UNKNOWN,EX_DATE_ECONOMIC_REINVESTMENT,cache/market.json.gz; B3
CG_ONLY,V0,2022-02-01,60872504000123,ITUB4,ITUB4_2022-02-01_DISTRIBUTION_171,15.819876781202067,,0.0,15.819876781202067,JCP,UNKNOWN,EX_DATE_ECONOMIC_REINVESTMENT,cache/market.json.gz; SQLite corporate_actions/B3
CG_ONLY,V0,2022-02-02,60746948000112,BBDC4,BBDC4_2022-02-02_DISTRIBUTION_551,21.312310339416562,,0.0,21.312310339416562,JCP Mensais,UNKNOWN,EX_DATE_ECONOMIC_REINVESTMENT,https://www.bradescori.com.br/informacoes-ao-mercado/remuneracao-aos-acionistas/
CG_ONLY,V0,2022-02-11,17344597000194,BBSE3,CONT_2556_BBSE3_2022-02-11,1086.9028234772875,,0.0,1086.9028234772875,,UNKNOWN,EX_DATE_ECONOMIC_REINVESTMENT,BBSE_DIV
CG_ONLY,V0,2022-02-11,90400888000142,SANB4,CONT_2286_SANB4_2022-02-11,244.83384805421338,,0.0,244.83384805421338,,UNKNOWN,EX_DATE_ECONOMIC_REINVESTMENT,cache/market.json.gz; B3
CG_ONLY,V0,2022-02-11,90400888000142,SANB4,CONT_2287_SANB4_2022-02-11,320.1673397683606,,0.0,320.1673397683606,,UNKNOWN,EX_DATE_ECONOMIC_REINVESTMENT,cache/market.json.gz; B3
CG_ONLY,V0,2022-02-22,60872504000123,ITUB4,ITUB4_2022-02-22_DISTRIBUTION_170,12.306325426784278,,0.0,12.306325426784278,JCP,UNKNOWN,EX_DATE_ECONOMIC_REINVESTMENT,cache/market.json.gz; SQLite corporate_actions/B3
CG_ONLY,V0,2022-02-25,02474103000119,TBLE3,TBLE3_2022-02-25_DISTRIBUTION_347,527.6321630392833,,0.0,527.6321630392833,CASH_DIVIDEND,UNKNOWN,EX_DATE_ECONOMIC_REINVESTMENT,cache/market.json.gz; SQLite corporate_actions/B3
CG_ONLY,V0,2022-03-02,60872504000123,ITUB4,ITUB4_2022-03-02_DISTRIBUTION_169,15.909360815817399,,0.0,15.909360815817399,JCP,UNKNOWN,EX_DATE_ECONOMIC_REINVESTMENT,cache/market.json.gz; SQLite corporate_actions/B3
CG_ONLY,V0,2022-03-02,02558157000162,VIVT3,CONT_2759_VIVT3_2022-03-02,67.89471402054691,,0.0,67.89471402054691,,UNKNOWN,EX_DATE_ECONOMIC_REINVESTMENT,https://api.mziq.com/mzfilemanager/v2/d/24165f81-24d6-4648-bf9f-66712905d5a2/34b95df5-e8c3-6d48-b667-42e740e0df5e?origin=2
CG_ONLY,V0,2022-03-03,00000000000191,BBAS3,CONT_189_BBAS3_2022-03-03,383.13458558837243,,0.0,383.13458558837243,,UNKNOWN,EX_DATE_ECONOMIC_REINVESTMENT,cache/market.json.gz; B3
CG_ONLY,V0,2022-03-03,00000000000191,BBAS3,CONT_190_BBAS3_2022-03-03,6.9497736915487405,,0.0,6.9497736915487405,,UNKNOWN,EX_DATE_ECONOMIC_REINVESTMENT,cache/market.json.gz; B3
CG_ONLY,V0,2022-03-03,60746948000112,BBDC4,BBDC4_2022-03-03_DISTRIBUTION_552,21.68912500354611,,0.0,21.68912500354611,JCP Mensais,UNKNOWN,EX_DATE_ECONOMIC_REINVESTMENT,https://www.bradescori.com.br/informacoes-ao-mercado/remuneracao-aos-acionistas/
CG_ONLY,V0,2022-03-15,00000000000191,BBAS3,CONT_188_BBAS3_2022-03-15,180.03405286287756,,0.0,180.03405286287756,,UNKNOWN,EX_DATE_ECONOMIC_REINVESTMENT,cache/market.json.gz; B3
CG_ONLY,V0,2022-03-23,17281106000103,CSMG3,CONT_2383_CSMG3_2022-03-23,164.63614216980537,,0.0,164.63614216980537,,UNKNOWN,EX_DATE_ECONOMIC_REINVESTMENT,CSMG_RI;B3_ESPEC
CG_ONLY,V0,2022-03-29,17155730000164,CMIG4,CMIG4_2022-03-29_DISTRIBUTION_653,316.5101497012912,,0.0,316.5101497012912,,UNKNOWN,EX_DATE_ECONOMIC_REINVESTMENT,https://api.mziq.com/mzfilemanager/v2/d/716a131f-9624-452c-9088-0cd6983c1349/a2eb9f5f-37e1-8913-c1eb-c4281b5e23b2?origin=2
CG_ONLY,V0,2022-03-29,02558115000121,TIMS3,CONT_2760_TIMS3_2022-03-29,181.54299327330241,,0.0,181.54299327330241,,UNKNOWN,EX_DATE_ECONOMIC_REINVESTMENT,https://api.mziq.com/mzfilemanager/v2/d/4c4aa51f-1235-4aa1-8b83-adc92e8dacc3/d66d8c7b-438f-f636-8557-60ffdf4a2e60?origin=2
CG_ONLY,V0,2022-04-01,28195667000106,ABCB4,CONT_10_ABCB4_2022-04-01,532.2121443766646,,0.0,532.2121443766646,,UNKNOWN,EX_DATE_ECONOMIC_REINVESTMENT,cache/market.json.gz; B3
CG_ONLY,V0,2022-04-01,60872504000123,ITUB4,ITUB4_2022-04-01_DISTRIBUTION_168,16.03891033922328,,0.0,16.03891033922328,JCP,UNKNOWN,EX_DATE_ECONOMIC_REINVESTMENT,cache/market.json.gz; SQLite corporate_actions/B3
CG_ONLY,V0,2022-04-01,02149205000169,PSSA3,CONT_2761_PSSA3_2022-04-01,439.9096564028511,,0.0,439.9096564028511,,UNKNOWN,EX_DATE_ECONOMIC_REINVESTMENT,https://api.mziq.com/mzfilemanager/v2/d/b77a3922-d280-4451-b3ee-0afec4577834/c01dc413-7f12-69a6-0b0a-53d2e29990ed?origin=2;https://api.mziq.com/mzfilemanager/v2/d/b77a3922-d280-4451-b3ee-0afec4577834/bd82067a-476b-c3a3-b00a-9a8d540f77cb?origin=2;https://api.mziq.com/mzfilemanager/v2/d/b77a3922-d280-4451-b3ee-0afec4577834/ae2ce35a-8763-7d60-073f-ca45097755f1?origin=2
CG_ONLY,V0,2022-04-01,02149205000169,PSSA3,CONT_2762_PSSA3_2022-04-01,39.8498251252856,,0.0,39.8498251252856,,UNKNOWN,EX_DATE_ECONOMIC_REINVESTMENT,https://api.mziq.com/mzfilemanager/v2/d/b77a3922-d280-4451-b3ee-0afec4577834/c01dc413-7f12-69a6-0b0a-53d2e29990ed?origin=2
CG_ONLY,V0,2022-04-01,02558157000162,VIVT3,CONT_2763_VIVT3_2022-04-01,94.58755734267096,,0.0,94.58755734267096,,UNKNOWN,EX_DATE_ECONOMIC_REINVESTMENT,https://api.mziq.com/mzfilemanager/v2/d/24165f81-24d6-4648-bf9f-66712905d5a2/34b95df5-e8c3-6d48-b667-42e740e0df5e?origin=2
CG_ONLY,V0,2022-04-04,60746948000112,BBDC4,BBDC4_2022-04-04_DISTRIBUTION_553,21.994159194127523,,0.0,21.994159194127523,JCP Mensais,UNKNOWN,EX_DATE_ECONOMIC_REINVESTMENT,https://www.bradescori.com.br/informacoes-ao-mercado/remuneracao-aos-acionistas/
CG_ONLY,V0,2022-04-06,03983431000103,ENBR3,CONT_2388_ENBR3_2022-04-06,2097.41651561761,,0.0,2097.41651561761,,UNKNOWN,EX_DATE_ECONOMIC_REINVESTMENT,EDP_RI;EDP_APR2023
CG_ONLY,V0,2022-04-22,90400888000142,SANB4,CONT_2284_SANB4_2022-04-22,139.0421314786713,,0.0,139.0421314786713,,UNKNOWN,EX_DATE_ECONOMIC_REINVESTMENT,cache/market.json.gz; B3
CG_ONLY,V0,2022-04-22,90400888000142,SANB4,CONT_2285_SANB4_2022-04-22,198.63161640415785,,0.0,198.63161640415785,,UNKNOWN,EX_DATE_ECONOMIC_REINVESTMENT,cache/market.json.gz; B3
CG_ONLY,V0,2022-04-26,01083200000118,NEOE3,CONT_2053_NEOE3_2022-04-26,832.6783191351514,,0.0,832.6783191351514,,UNKNOWN,EX_DATE_ECONOMIC_REINVESTMENT,cache/market.json.gz; B3
CG_ONLY,V0,2022-04-27,02558157000162,VIVT3,CONT_2764_VIVT3_2022-04-27,769.9998258963026,,0.0,769.9998258963026,,UNKNOWN,EX_DATE_ECONOMIC_REINVESTMENT,https://api.mziq.com/mzfilemanager/v2/d/24165f81-24d6-4648-bf9f-66712905d5a2/34b95df5-e8c3-6d48-b667-42e740e0df5e?origin=2
CG_ONLY,V0,2022-04-29,43776517000180,SBSP3,CONT_2437_SBSP3_2022-04-29,668.5389811000908,,0.0,668.5389811000908,,UNKNOWN,EX_DATE_ECONOMIC_REINVESTMENT,SBSP_2021;SBSP_2022;SBSP_2023;SBSP_2024
CG_ONLY,V0,2022-04-29,76484013000145,SAPR4,CONT_2765_SAPR4_2022-04-29,81.37823692469,,0.0,81.37823692469,,UNKNOWN,EX_DATE_ECONOMIC_REINVESTMENT,https://ri.sanepar.com.br/docs/Sanepar-2025-12-18-cW6NmzgB.pdf
CG_ONLY,V0,2022-05-02,17155730000164,CMIG4,CMIG4_2022-05-02_DISTRIBUTION_654,1319.3354468675975,,0.0,1319.3354468675975,,UNKNOWN,EX_DATE_ECONOMIC_REINVESTMENT,https://api.mziq.com/mzfilemanager/v2/d/716a131f-9624-452c-9088-0cd6983c1349/a2eb9f5f-37e1-8913-c1eb-c4281b5e23b2?origin=2
CG_ONLY,V0,2022-05-02,76483817000120,CPLE6,CONT_908_CPLE6_2022-05-02,2420.3720562155117,,0.0,2420.3720562155117,,UNKNOWN,EX_DATE_ECONOMIC_REINVESTMENT,cache/market.json.gz; B3
CG_ONLY,V0,2022-05-02,03220438000173,EQTL3,CONT_1118_EQTL3_2022-05-02,1046.873561770188,,0.0,1046.873561770188,,UNKNOWN,EX_DATE_ECONOMIC_REINVESTMENT,cache/market.json.gz; B3
CG_ONLY,V0,2022-05-02,60872504000123,ITUB4,ITUB4_2022-05-02_DISTRIBUTION_167,16.161290967514923,,0.0,16.161290967514923,JCP,UNKNOWN,EX_DATE_ECONOMIC_REINVESTMENT,cache/market.json.gz; SQLite corporate_actions/B3
CG_ONLY,V0,2022-05-02,02558157000162,VIVT3,CONT_2766_VIVT3_2022-05-02,58.2696342535786,,0.0,58.2696342535786,,UNKNOWN,EX_DATE_ECONOMIC_REINVESTMENT,https://api.mziq.com/mzfilemanager/v2/d/24165f81-24d6-4648-bf9f-66712905d5a2/34b95df5-e8c3-6d48-b667-42e740e0df5e?origin=2
CG_ONLY,V0,2022-05-02,02429144000193,CPFE3,CONT_839_CPFE3_2022-05-02,1665.3632380718211,,0.0,1665.3632380718211,,UNKNOWN,EX_DATE_ECONOMIC_REINVESTMENT,cache/market.json.gz; B3
CG_ONLY,V0,2022-05-03,60746948000112,BBDC4,BBDC4_2022-05-03_DISTRIBUTION_554,24.604026316314926,,0.0,24.604026316314926,JCP Mensais,UNKNOWN,EX_DATE_ECONOMIC_REINVESTMENT,https://www.bradescori.com.br/informacoes-ao-mercado/remuneracao-aos-acionistas/
CG_ONLY,V0,2022-05-10,07859971000130,TAEE4,CONT_2411_TAEE4_2022-05-10,1368.1298479130899,,0.0,1368.1298479130899,,UNKNOWN,EX_DATE_ECONOMIC_REINVESTMENT,cache/market.json.gz; B3
CG_ONLY,V0,2022-05-12,02474103000119,TBLE3,TBLE3_2022-05-12_DISTRIBUTION_346,464.93074591329844,,0.0,464.93074591329844,CASH_DIVIDEND,UNKNOWN,EX_DATE_ECONOMIC_REINVESTMENT,cache/market.json.gz; SQLite corporate_actions/B3
CG_ONLY,V0,2022-05-24,00000000000191,BBAS3,CONT_186_BBAS3_2022-05-24,134.20697674476833,,0.0,134.20697674476833,,UNKNOWN,EX_DATE_ECONOMIC_REINVESTMENT,cache/market.json.gz; B3
CG_ONLY,V0,2022-05-24,00000000000191,BBAS3,CONT_187_BBAS3_2022-05-24,447.27067242973396,,0.0,447.27067242973396,,UNKNOWN,EX_DATE_ECONOMIC_REINVESTMENT,cache/market.json.gz; B3
CG_ONLY,V0,2022-06-01,60872504000123,ITUB4,ITUB4_2022-06-01_DISTRIBUTION_166,16.395584070786082,,0.0,16.395584070786082,JCP,UNKNOWN,EX_DATE_ECONOMIC_REINVESTMENT,cache/market.json.gz; SQLite corporate_actions/B3
CG_ONLY,V0,2022-06-02,60746948000112,BBDC4,BBDC4_2022-06-02_DISTRIBUTION_555,24.864794416745145,,0.0,24.864794416745145,JCP Mensais,UNKNOWN,EX_DATE_ECONOMIC_REINVESTMENT,https://www.bradescori.com.br/informacoes-ao-mercado/remuneracao-aos-acionistas/
CG_ONLY,V0,2022-06-14,00000000000191,BBAS3,CONT_185_BBAS3_2022-06-14,220.07564776053644,,0.0,220.07564776053644,,UNKNOWN,EX_DATE_ECONOMIC_REINVESTMENT,cache/market.json.gz; B3
CG_ONLY,V0,2022-06-21,60746948000112,BBDC4,BBDC4_2022-06-21_DISTRIBUTION_556,257.86474547152875,,0.0,257.86474547152875,JCP Intermediários,UNKNOWN,EX_DATE_ECONOMIC_REINVESTMENT,https://www.bradescori.com.br/informacoes-ao-mercado/remuneracao-aos-acionistas/
CG_ONLY,V0,2022-06-22,17281106000103,CSMG3,CONT_2384_CSMG3_2022-06-22,267.8443043931889,,0.0,267.8443043931889,,UNKNOWN,EX_DATE_ECONOMIC_REINVESTMENT,CSMG_RI;B3_ESPEC
CG_ONLY,V0,2022-06-24,02558115000121,TIMS3,CONT_2767_TIMS3_2022-06-24,253.0504962376869,,0.0,253.0504962376869,,UNKNOWN,EX_DATE_ECONOMIC_REINVESTMENT,https://api.mziq.com/mzfilemanager/v2/d/4c4aa51f-1235-4aa1-8b83-adc92e8dacc3/bc75af4c-8995-f1c7-4dd9-96c258fe802b?origin=2
CG_ONLY,V0,2022-06-27,17155730000164,CMIG4,CMIG4_2022-06-27_DISTRIBUTION_655,480.1927090415678,,0.0,480.1927090415678,,UNKNOWN,EX_DATE_ECONOMIC_REINVESTMENT,https://api.mziq.com/mzfilemanager/v2/d/716a131f-9624-452c-9088-0cd6983c1349/a2eb9f5f-37e1-8913-c1eb-c4281b5e23b2?origin=2
CG_ONLY,V0,2022-07-01,28195667000106,ABCB4,CONT_9_ABCB4_2022-07-01,616.4706993477436,,0.0,616.4706993477436,,UNKNOWN,EX_DATE_ECONOMIC_REINVESTMENT,cache/market.json.gz; B3
CG_ONLY,V0,2022-07-01,60872504000123,ITUB4,ITUB4_2022-07-01_DISTRIBUTION_165,16.581134691255308,,0.0,16.581134691255308,JCP,UNKNOWN,EX_DATE_ECONOMIC_REINVESTMENT,cache/market.json.gz; SQLite corporate_actions/B3
CG_ONLY,V0,2022-07-01,02558157000162,VIVT3,CONT_2769_VIVT3_2022-07-01,187.12379127443586,,0.0,187.12379127443586,,UNKNOWN,EX_DATE_ECONOMIC_REINVESTMENT,https://api.mziq.com/mzfilemanager/v2/d/24165f81-24d6-4648-bf9f-66712905d5a2/34b95df5-e8c3-6d48-b667-42e740e0df5e?origin=2
CG_ONLY,V0,2022-07-01,76484013000145,SAPR4,CONT_2768_SAPR4_2022-07-01,720.4569539492852,,0.0,720.4569539492852,,UNKNOWN,EX_DATE_ECONOMIC_REINVESTMENT,https://ri.sanepar.com.br/docs/Sanepar-2025-12-18-cW6NmzgB.pdf
CG_ONLY,V0,2022-07-04,60746948000112,BBDC4,BBDC4_2022-07-04_DISTRIBUTION_557,25.48042090206083,,0.0,25.48042090206083,JCP Mensais,UNKNOWN,EX_DATE_ECONOMIC_REINVESTMENT,https://www.bradescori.com.br/informacoes-ao-mercado/remuneracao-aos-acionistas/
CG_ONLY,V0,2022-07-06,01083200000118,NEOE3,CONT_2052_NEOE3_2022-07-06,226.39910797081131,,0.0,226.39910797081131,,UNKNOWN,EX_DATE_ECONOMIC_REINVESTMENT,cache/market.json.gz; B3
CG_ONLY,V0,2022-08-01,60872504000123,ITUB4,ITUB4_2022-08-01_DISTRIBUTION_164,16.810254266512725,,0.0,16.810254266512725,JCP,UNKNOWN,EX_DATE_ECONOMIC_REINVESTMENT,cache/market.json.gz; SQLite corporate_actions/B3
CG_ONLY,V0,2022-08-02,60746948000112,BBDC4,BBDC4_2022-08-02_DISTRIBUTION_558,25.83906784138981,,0.0,25.83906784138981,JCP Mensais,UNKNOWN,EX_DATE_ECONOMIC_REINVESTMENT,https://www.bradescori.com.br/informacoes-ao-mercado/remuneracao-aos-acionistas/
CG_ONLY,V0,2022-08-10,02998609000127,AESB3,CONT_28_AESB3_2022-08-10,235.59642854557043,,0.0,235.59642854557043,,UNKNOWN,EX_DATE_ECONOMIC_REINVESTMENT,cache/market.json.gz; B3
CG_ONLY,V0,2022-08-15,90400888000142,SANB4,CONT_2283_SANB4_2022-08-15,363.194933521488,,0.0,363.194933521488,,UNKNOWN,EX_DATE_ECONOMIC_REINVESTMENT,cache/market.json.gz; B3
CG_ONLY,V0,2022-08-16,07859971000130,TAEE4,CONT_2409_TAEE4_2022-08-16,676.8554317111382,,0.0,676.8554317111382,,UNKNOWN,EX_DATE_ECONOMIC_REINVESTMENT,cache/market.json.gz; B3
CG_ONLY,V0,2022-08-16,07859971000130,TAEE4,CONT_2410_TAEE4_2022-08-16,433.85084960669354,,0.0,433.85084960669354,,UNKNOWN,EX_DATE_ECONOMIC_REINVESTMENT,cache/market.json.gz; B3
CG_ONLY,V0,2022-08-17,02474103000119,TBLE3,TBLE3_2022-08-17_DISTRIBUTION_345,497.3471524530975,,0.0,497.3471524530975,CASH_DIVIDEND,UNKNOWN,EX_DATE_ECONOMIC_REINVESTMENT,cache/market.json.gz; SQLite corporate_actions/B3
CG_ONLY,V0,2022-08-18,17344597000194,BBSE3,CONT_2555_BBSE3_2022-08-18,1277.2735014324435,,0.0,1277.2735014324435,,UNKNOWN,EX_DATE_ECONOMIC_REINVESTMENT,BBSE_DIV
CG_ONLY,V0,2022-08-19,60872504000123,ITUB4,ITUB4_2022-08-19_DISTRIBUTION_163,295.2856834941175,,0.0,295.2856834941175,JCP,UNKNOWN,EX_DATE_ECONOMIC_REINVESTMENT,cache/market.json.gz; SQLite corporate_actions/B3
CG_ONLY,V0,2022-08-23,00000000000191,BBAS3,CONT_183_BBAS3_2022-08-23,505.5444263171869,,0.0,505.5444263171869,,UNKNOWN,EX_DATE_ECONOMIC_REINVESTMENT,cache/market.json.gz; B3
CG_ONLY,V0,2022-08-23,00000000000191,BBAS3,CONT_184_BBAS3_2022-08-23,11.195361510183666,,0.0,11.195361510183666,,UNKNOWN,EX_DATE_ECONOMIC_REINVESTMENT,cache/market.json.gz; B3
CG_ONLY,V0,2022-08-31,02149205000169,PSSA3,CONT_2770_PSSA3_2022-08-31,746.6574633921655,,0.0,746.6574633921655,,UNKNOWN,EX_DATE_ECONOMIC_REINVESTMENT,https://api.mziq.com/mzfilemanager/v2/d/b77a3922-d280-4451-b3ee-0afec4577834/4283e85d-e75d-f77c-2344-92e1a5e53405?origin=2;https://api.mziq.com/mzfilemanager/v2/d/b77a3922-d280-4451-b3ee-0afec4577834/7c50ca38-1ebc-6181-44f4-b4691917af27?origin=2;https://api.mziq.com/mzfilemanager/v2/d/b77a3922-d280-4451-b3ee-0afec4577834/41d3f69d-2eaf-9718-f70f-a7a11423b31a?origin=2
CG_ONLY,V0,2022-09-01,60872504000123,ITUB4,ITUB4_2022-09-01_DISTRIBUTION_162,17.199854207430143,,0.0,17.199854207430143,JCP,UNKNOWN,EX_DATE_ECONOMIC_REINVESTMENT,cache/market.json.gz; SQLite corporate_actions/B3
CG_ONLY,V0,2022-09-01,02558157000162,VIVT3,CONT_2771_VIVT3_2022-09-01,117.82649534163573,,0.0,117.82649534163573,,UNKNOWN,EX_DATE_ECONOMIC_REINVESTMENT,https://api.mziq.com/mzfilemanager/v2/d/24165f81-24d6-4648-bf9f-66712905d5a2/34b95df5-e8c3-6d48-b667-42e740e0df5e?origin=2
CG_ONLY,V0,2022-09-02,60746948000112,BBDC4,BBDC4_2022-09-02_DISTRIBUTION_559,26.08415337386549,,0.0,26.08415337386549,JCP Mensais,UNKNOWN,EX_DATE_ECONOMIC_REINVESTMENT,https://www.bradescori.com.br/informacoes-ao-mercado/remuneracao-aos-acionistas/
CG_ONLY,V0,2022-09-13,00000000000191,BBAS3,CONT_182_BBAS3_2022-09-13,245.89966842350006,,0.0,245.89966842350006,,UNKNOWN,EX_DATE_ECONOMIC_REINVESTMENT,cache/market.json.gz; B3
CG_ONLY,V0,2022-09-21,17281106000103,CSMG3,CONT_2455_CSMG3_2022-09-21,309.24296669284666,,0.0,309.24296669284666,,UNKNOWN,EX_DATE_ECONOMIC_REINVESTMENT,CSMG_RI_V4
CG_ONLY,V0,2022-09-22,02558115000121,TIMS3,CONT_2772_TIMS3_2022-09-22,233.42907962334445,,0.0,233.42907962334445,,UNKNOWN,EX_DATE_ECONOMIC_REINVESTMENT,https://api.mziq.com/mzfilemanager/v2/d/4c4aa51f-1235-4aa1-8b83-adc92e8dacc3/e8292dc6-6925-d665-bf16-5f2fa1b5dd91?origin=2;https://api.mziq.com/mzfilemanager/v2/d/4c4aa51f-1235-4aa1-8b83-adc92e8dacc3/cb7f9c33-0c95-4504-aef8-f40895087360?origin=2
CG_ONLY,V0,2022-09-22,02558115000121,TIMS3,CONT_2773_TIMS3_2022-09-22,223.9013604873697,,0.0,223.9013604873697,,UNKNOWN,EX_DATE_ECONOMIC_REINVESTMENT,https://api.mziq.com/mzfilemanager/v2/d/4c4aa51f-1235-4aa1-8b83-adc92e8dacc3/e8292dc6-6925-d665-bf16-5f2fa1b5dd91?origin=2
CG_ONLY,V0,2022-09-26,17155730000164,CMIG4,CMIG4_2022-09-26_DISTRIBUTION_656,651.0915739577492,,0.0,651.0915739577492,,UNKNOWN,EX_DATE_ECONOMIC_REINVESTMENT,https://api.mziq.com/mzfilemanager/v2/d/716a131f-9624-452c-9088-0cd6983c1349/a2eb9f5f-37e1-8913-c1eb-c4281b5e23b2?origin=2
CG_ONLY,V0,2022-10-03,28195667000106,ABCB4,CONT_8_ABCB4_2022-10-03,648.622772089062,,0.0,648.622772089062,,UNKNOWN,EX_DATE_ECONOMIC_REINVESTMENT,cache/market.json.gz; B3
CG_ONLY,V0,2022-10-03,60872504000123,ITUB4,ITUB4_2022-10-03_DISTRIBUTION_161,17.31589088150187,,0.0,17.31589088150187,JCP,UNKNOWN,EX_DATE_ECONOMIC_REINVESTMENT,cache/market.json.gz; SQLite corporate_actions/B3
CG_ONLY,V0,2022-10-04,60746948000112,BBDC4,BBDC4_2022-10-04_DISTRIBUTION_560,26.242317079682184,,0.0,26.242317079682184,JCP Mensais,UNKNOWN,EX_DATE_ECONOMIC_REINVESTMENT,https://www.bradescori.com.br/informacoes-ao-mercado/remuneracao-aos-acionistas/
CG_ONLY,V0,2022-10-24,90400888000142,SANB4,CONT_2281_SANB4_2022-10-24,182.13404100685395,,0.0,182.13404100685395,,UNKNOWN,EX_DATE_ECONOMIC_REINVESTMENT,cache/market.json.gz; B3
CG_ONLY,V0,2022-10-24,90400888000142,SANB4,CONT_2282_SANB4_2022-10-24,195.46092204767646,,0.0,195.46092204767646,,UNKNOWN,EX_DATE_ECONOMIC_REINVESTMENT,cache/market.json.gz; B3
CG_ONLY,V0,2022-11-01,60872504000123,ITUB4,ITUB4_2022-11-01_DISTRIBUTION_160,17.358818606940194,,0.0,17.358818606940194,JCP,UNKNOWN,EX_DATE_ECONOMIC_REINVESTMENT,cache/market.json.gz; SQLite corporate_actions/B3
CG_ONLY,V0,2022-11-01,02149205000169,PSSA3,CONT_2774_PSSA3_2022-11-01,109.98374946595813,,0.0,109.98374946595813,,UNKNOWN,EX_DATE_ECONOMIC_REINVESTMENT,https://api.mziq.com/mzfilemanager/v2/d/b77a3922-d280-4451-b3ee-0afec4577834/93c93bbe-d850-f472-be6b-d36e031cbee7?origin=2;https://api.mziq.com/mzfilemanager/v2/d/b77a3922-d280-4451-b3ee-0afec4577834/41d3f69d-2eaf-9718-f70f-a7a11423b31a?origin=2;https://api.mziq.com/mzfilemanager/v2/d/b77a3922-d280-4451-b3ee-0afec4577834/478c2702-5245-8bef-9e67-f34653abeda5?origin=2
CG_ONLY,V0,2022-11-03,60746948000112,BBDC4,BBDC4_2022-11-03_DISTRIBUTION_561,26.485516839191384,,0.0,26.485516839191384,JCP Mensais,UNKNOWN,EX_DATE_ECONOMIC_REINVESTMENT,https://www.bradescori.com.br/informacoes-ao-mercado/remuneracao-aos-acionistas/
CG_ONLY,V0,2022-11-16,07859971000130,TAEE4,CONT_2407_TAEE4_2022-11-16,471.2079803994558,,0.0,471.2079803994558,,UNKNOWN,EX_DATE_ECONOMIC_REINVESTMENT,cache/market.json.gz; B3
CG_ONLY,V0,2022-11-16,07859971000130,TAEE4,CONT_2408_TAEE4_2022-11-16,102.88942316232213,,0.0,102.88942316232213,,UNKNOWN,EX_DATE_ECONOMIC_REINVESTMENT,cache/market.json.gz; B3
CG_ONLY,V0,2022-11-22,00000000000191,BBAS3,CONT_180_BBAS3_2022-11-22,153.93864932233487,,0.0,153.93864932233487,,UNKNOWN,EX_DATE_ECONOMIC_REINVESTMENT,cache/market.json.gz; B3
CG_ONLY,V0,2022-11-22,00000000000191,BBAS3,CONT_181_BBAS3_2022-11-22,573.8374719556285,,0.0,573.8374719556285,,UNKNOWN,EX_DATE_ECONOMIC_REINVESTMENT,cache/market.json.gz; B3
CG_ONLY,V0,2022-11-22,76483817000120,CPLE6,CONT_907_CPLE6_2022-11-22,704.2547372181298,,0.0,704.2547372181298,,UNKNOWN,EX_DATE_ECONOMIC_REINVESTMENT,cache/market.json.gz; B3
CG_ONLY,V0,2022-11-22,02474103000119,TBLE3,TBLE3_2022-11-22_DISTRIBUTION_344,419.6317349382822,,0.0,419.6317349382822,CASH_DIVIDEND,UNKNOWN,EX_DATE_ECONOMIC_REINVESTMENT,cache/market.json.gz; SQLite corporate_actions/B3
CG_ONLY,V0,2022-12-01,60872504000123,ITUB4,ITUB4_2022-12-01_DISTRIBUTION_159,17.39995284216756,,0.0,17.39995284216756,JCP,UNKNOWN,EX_DATE_ECONOMIC_REINVESTMENT,cache/market.json.gz; SQLite corporate_actions/B3
CG_ONLY,V0,2022-12-02,60746948000112,BBDC4,BBDC4_2022-12-02_DISTRIBUTION_562,27.042984323624616,,0.0,27.042984323624616,JCP Mensais,UNKNOWN,EX_DATE_ECONOMIC_REINVESTMENT,https://www.bradescori.com.br/informacoes-ao-mercado/remuneracao-aos-acionistas/
CG_ONLY,V0,2022-12-09,60872504000123,ITUB4,ITUB4_2022-12-09_DISTRIBUTION_158,483.1114125646508,,0.0,483.1114125646508,JCP,UNKNOWN,EX_DATE_ECONOMIC_REINVESTMENT,cache/market.json.gz; SQLite corporate_actions/B3
CG_ONLY,V0,2022-12-13,00000000000191,BBAS3,CONT_179_BBAS3_2022-12-13,319.88894917953496,,0.0,319.88894917953496,,UNKNOWN,EX_DATE_ECONOMIC_REINVESTMENT,cache/market.json.gz; B3
CG_ONLY,V0,2022-12-22,17155730000164,CMIG4,CMIG4_2022-12-22_DISTRIBUTION_657,560.9588375614366,,0.0,560.9588375614366,,UNKNOWN,EX_DATE_ECONOMIC_REINVESTMENT,https://api.mziq.com/mzfilemanager/v2/d/716a131f-9624-452c-9088-0cd6983c1349/a2eb9f5f-37e1-8913-c1eb-c4281b5e23b2?origin=2
CG_ONLY,V0,2022-12-22,02558115000121,TIMS3,CONT_2775_TIMS3_2022-12-22,444.352709038191,,0.0,444.352709038191,,UNKNOWN,EX_DATE_ECONOMIC_REINVESTMENT,https://api.mziq.com/mzfilemanager/v2/d/4c4aa51f-1235-4aa1-8b83-adc92e8dacc3/cb7f9c33-0c95-4504-aef8-f40895087360?origin=2
CG_ONLY,V0,2022-12-23,02474103000119,TBLE3,TBLE3_2022-12-23_DISTRIBUTION_343,180.68787997755672,,0.0,180.68787997755672,JCP,UNKNOWN,EX_DATE_ECONOMIC_REINVESTMENT,cache/market.json.gz; SQLite corporate_actions/B3
CG_ONLY,V0,2022-12-27,02998611000104,TRPL4,CONT_1374_TRPL4_2022-12-27,1247.8518826506117,,0.0,1247.8518826506117,,UNKNOWN,EX_DATE_ECONOMIC_REINVESTMENT,cache/market.json.gz; B3
CG_ONLY,V0,2022-12-28,17155730000164,CMIG4,CMIG4_2022-12-28_DISTRIBUTION_658,737.4613238653604,,0.0,737.4613238653604,,UNKNOWN,EX_DATE_ECONOMIC_REINVESTMENT,https://api.mziq.com/mzfilemanager/v2/d/716a131f-9624-452c-9088-0cd6983c1349/a2eb9f5f-37e1-8913-c1eb-c4281b5e23b2?origin=2
CG_ONLY,V0,2023-01-02,28195667000106,ABCB4,CONT_7_ABCB4_2023-01-02,673.9354960123387,,0.0,673.9354960123387,,UNKNOWN,EX_DATE_ECONOMIC_REINVESTMENT,cache/market.json.gz; B3
CG_ONLY,V0,2023-01-02,60872504000123,ITUB4,ITUB4_2023-01-02_DISTRIBUTION_157,17.88906899363131,,0.0,17.88906899363131,JCP,UNKNOWN,EX_DATE_ECONOMIC_REINVESTMENT,cache/market.json.gz; SQLite corporate_actions/B3
CG_ONLY,V0,2023-01-02,02558157000162,VIVT3,CONT_2777_VIVT3_2023-01-02,408.68978006381013,,0.0,408.68978006381013,,UNKNOWN,EX_DATE_ECONOMIC_REINVESTMENT,https://api.mziq.com/mzfilemanager/v2/d/24165f81-24d6-4648-bf9f-66712905d5a2/34b95df5-e8c3-6d48-b667-42e740e0df5e?origin=2
CG_ONLY,V0,2023-01-02,02558157000162,VIVT3,CONT_2778_VIVT3_2023-01-02,292.21319274667803,,0.0,292.21319274667803,,UNKNOWN,EX_DATE_ECONOMIC_REINVESTMENT,https://api.mziq.com/mzfilemanager/v2/d/24165f81-24d6-4648-bf9f-66712905d5a2/34b95df5-e8c3-6d48-b667-42e740e0df5e?origin=2
CG_ONLY,V0,2023-01-02,76484013000145,SAPR4,CONT_2776_SAPR4_2023-01-02,1398.0450359772353,,0.0,1398.0450359772353,,UNKNOWN,EX_DATE_ECONOMIC_REINVESTMENT,https://ri.sanepar.com.br/docs/Sanepar-2025-12-18-cW6NmzgB.pdf
CG_ONLY,V0,2023-01-03,60746948000112,BBDC4,BBDC4_2023-01-03_DISTRIBUTION_535,27.632475175136378,,0.0,27.632475175136378,JCP Mensais,UNKNOWN,EX_DATE_ECONOMIC_REINVESTMENT,https://www.bradescori.com.br/informacoes-ao-mercado/remuneracao-aos-acionistas/
CG_ONLY,V0,2023-01-03,03983431000103,ENBR3,CONT_2389_ENBR3_2023-01-03,1827.0075221342468,,0.0,1827.0075221342468,,UNKNOWN,EX_DATE_ECONOMIC_REINVESTMENT,EDP_RI;EDP_APR2023
CG_ONLY,V0,2023-01-05,01083200000118,NEOE3,CONT_2051_NEOE3_2023-01-05,442.0660181352089,,0.0,442.0660181352089,,UNKNOWN,EX_DATE_ECONOMIC_REINVESTMENT,cache/market.json.gz; B3
CG_ONLY,V0,2023-01-09,60746948000112,BBDC4,BBDC4_2023-01-09_DISTRIBUTION_563,850.7486349554335,,0.0,850.7486349554335,JCP Complementares,UNKNOWN,EX_DATE_ECONOMIC_REINVESTMENT,https://www.bradescori.com.br/informacoes-ao-mercado/remuneracao-aos-acionistas/
CG_ONLY,V0,2023-01-11,07859971000130,TAEE4,CONT_2406_TAEE4_2023-01-11,1078.7358120747572,,0.0,1078.7358120747572,,UNKNOWN,EX_DATE_ECONOMIC_REINVESTMENT,cache/market.json.gz; B3
CG_ONLY,V0,2023-01-27,90400888000142,SANB4,CONT_2280_SANB4_2023-01-27,399.0731989047764,,0.0,399.0731989047764,,UNKNOWN,EX_DATE_ECONOMIC_REINVESTMENT,cache/market.json.gz; B3
CG_ONLY,V0,2023-02-01,60872504000123,ITUB4,ITUB4_2023-02-01_DISTRIBUTION_156,18.04618464389318,,0.0,18.04618464389318,JCP,UNKNOWN,EX_DATE_ECONOMIC_REINVESTMENT,cache/market.json.gz; SQLite corporate_actions/B3
CG_ONLY,V0,2023-02-02,60746948000112,BBDC4,BBDC4_2023-02-02_DISTRIBUTION_536,29.404233049912317,,0.0,29.404233049912317,JCP Mensais,UNKNOWN,EX_DATE_ECONOMIC_REINVESTMENT,https://www.bradescori.com.br/informacoes-ao-mercado/remuneracao-aos-acionistas/
CG_ONLY,V0,2023-02-15,17344597000194,BBSE3,CONT_2554_BBSE3_2023-02-15,2350.231295697421,,0.0,2350.231295697421,,UNKNOWN,EX_DATE_ECONOMIC_REINVESTMENT,BBSE_DIV
CG_ONLY,V0,2023-02-24,00000000000191,BBAS3,CONT_177_BBAS3_2023-02-24,536.7371728924335,,0.0,536.7371728924335,,UNKNOWN,EX_DATE_ECONOMIC_REINVESTMENT,cache/market.json.gz; B3
CG_ONLY,V0,2023-02-24,00000000000191,BBAS3,CONT_178_BBAS3_2023-02-24,11.847607156024774,,0.0,11.847607156024774,,UNKNOWN,EX_DATE_ECONOMIC_REINVESTMENT,cache/market.json.gz; B3
CG_ONLY,V0,2023-03-01,60872504000123,ITUB4,ITUB4_2023-03-01_DISTRIBUTION_155,18.201132456168338,,0.0,18.201132456168338,JCP,UNKNOWN,EX_DATE_ECONOMIC_REINVESTMENT,cache/market.json.gz; SQLite corporate_actions/B3
CG_ONLY,V0,2023-03-01,02558157000162,VIVT3,CONT_2779_VIVT3_2023-03-01,45.256157976614055,,0.0,45.256157976614055,,UNKNOWN,EX_DATE_ECONOMIC_REINVESTMENT,https://api.mziq.com/mzfilemanager/v2/d/24165f81-24d6-4648-bf9f-66712905d5a2/34b95df5-e8c3-6d48-b667-42e740e0df5e?origin=2
CG_ONLY,V0,2023-03-02,60746948000112,BBDC4,BBDC4_2023-03-02_DISTRIBUTION_537,30.22133452796028,,0.0,30.22133452796028,JCP Mensais,UNKNOWN,EX_DATE_ECONOMIC_REINVESTMENT,https://www.bradescori.com.br/informacoes-ao-mercado/remuneracao-aos-acionistas/
CG_ONLY,V0,2023-03-14,00000000000191,BBAS3,CONT_176_BBAS3_2023-03-14,334.22302675786966,,0.0,334.22302675786966,,UNKNOWN,EX_DATE_ECONOMIC_REINVESTMENT,cache/market.json.gz; B3
CG_ONLY,V0,2023-03-23,17281106000103,CSMG3,CONT_2456_CSMG3_2023-03-23,1317.436114151621,,0.0,1317.436114151621,,UNKNOWN,EX_DATE_ECONOMIC_REINVESTMENT,CSMG_RI_V4
CG_ONLY,V0,2023-03-23,17281106000103,CSMG3,CONT_2457_CSMG3_2023-03-23,706.4814641879831,,0.0,706.4814641879831,,UNKNOWN,EX_DATE_ECONOMIC_REINVESTMENT,CSMG_RI_V4
CG_ONLY,V0,2023-03-24,60872504000123,ITUB4,ITUB4_2023-03-24_DISTRIBUTION_154,272.5324693668941,,0.0,272.5324693668941,JCP,UNKNOWN,EX_DATE_ECONOMIC_REINVESTMENT,cache/market.json.gz; SQLite corporate_actions/B3
CG_ONLY,V0,2023-03-28,17155730000164,CMIG4,CMIG4_2023-03-28_DISTRIBUTION_392,309.7992335037533,,0.0,309.7992335037533,JCP,UNKNOWN,EX_DATE_ECONOMIC_REINVESTMENT,cache/market.json.gz; SQLite corporate_actions/B3
CG_ONLY,V0,2023-04-03,60872504000123,ITUB4,ITUB4_2023-04-03_DISTRIBUTION_153,18.56669221323675,,0.0,18.56669221323675,JCP,UNKNOWN,EX_DATE_ECONOMIC_REINVESTMENT,cache/market.json.gz; SQLite corporate_actions/B3
CG_ONLY,V0,2023-04-03,02558157000162,VIVT3,CONT_2780_VIVT3_2023-04-03,124.85752404974497,,0.0,124.85752404974497,,UNKNOWN,EX_DATE_ECONOMIC_REINVESTMENT,https://api.mziq.com/mzfilemanager/v2/d/24165f81-24d6-4648-bf9f-66712905d5a2/34b95df5-e8c3-6d48-b667-42e740e0df5e?origin=2
CG_ONLY,V0,2023-04-04,60746948000112,BBDC4,BBDC4_2023-04-04_DISTRIBUTION_538,30.981419599022196,,0.0,30.981419599022196,JCP Mensais,UNKNOWN,EX_DATE_ECONOMIC_REINVESTMENT,https://www.bradescori.com.br/informacoes-ao-mercado/remuneracao-aos-acionistas/
CG_ONLY,V0,2023-04-11,02558115000121,TIMS3,CONT_2781_TIMS3_2023-04-11,603.9146741802855,,0.0,603.9146741802855,,UNKNOWN,EX_DATE_ECONOMIC_REINVESTMENT,https://api.mziq.com/mzfilemanager/v2/d/4c4aa51f-1235-4aa1-8b83-adc92e8dacc3/65baccdd-ad03-3938-5dcf-db9a05043e8c?origin=2
CG_ONLY,V0,2023-04-12,03983431000103,ENBR3,CONT_2390_ENBR3_2023-04-12,453.4043783358225,,0.0,453.4043783358225,,UNKNOWN,EX_DATE_ECONOMIC_REINVESTMENT,EDP_RI;EDP_APR2023
CG_ONLY,V0,2023-04-14,02558157000162,VIVT3,CONT_2782_VIVT3_2023-04-14,360.02596223343835,,0.0,360.02596223343835,,UNKNOWN,EX_DATE_ECONOMIC_REINVESTMENT,https://api.mziq.com/mzfilemanager/v2/d/24165f81-24d6-4648-bf9f-66712905d5a2/34b95df5-e8c3-6d48-b667-42e740e0df5e?origin=2
CG_ONLY,V0,2023-04-25,90400888000142,SANB4,CONT_2279_SANB4_2023-04-25,370.504580426396,,0.0,370.504580426396,,UNKNOWN,EX_DATE_ECONOMIC_REINVESTMENT,cache/market.json.gz; B3
CG_ONLY,V0,2023-04-26,02558115000121,TIMS3,CONT_2783_TIMS3_2023-04-26,235.91432262481612,,0.0,235.91432262481612,,UNKNOWN,EX_DATE_ECONOMIC_REINVESTMENT,https://api.mziq.com/mzfilemanager/v2/d/4c4aa51f-1235-4aa1-8b83-adc92e8dacc3/1bb47dfa-27fa-b744-32bc-1c8d88460d5e?origin=2
CG_ONLY,V0,2023-04-28,17155730000164,CMIG4,CMIG4_2023-04-28_DISTRIBUTION_391,183.30145866113554,,0.0,183.30145866113554,CASH_DIVIDEND,UNKNOWN,EX_DATE_ECONOMIC_REINVESTMENT,cache/market.json.gz; SQLite corporate_actions/B3
CG_ONLY,V0,2023-04-28,01083200000118,NEOE3,CONT_2050_NEOE3_2023-04-28,1062.4577903393524,,0.0,1062.4577903393524,,UNKNOWN,EX_DATE_ECONOMIC_REINVESTMENT,cache/market.json.gz; B3
CG_ONLY,V0,2023-05-02,03220438000173,EQTL3,CONT_1117_EQTL3_2023-05-02,587.2181620163781,,0.0,587.2181620163781,,UNKNOWN,EX_DATE_ECONOMIC_REINVESTMENT,cache/market.json.gz; B3
CG_ONLY,V0,2023-05-02,60872504000123,ITUB4,ITUB4_2023-05-02_DISTRIBUTION_152,18.74945463070813,,0.0,18.74945463070813,JCP,UNKNOWN,EX_DATE_ECONOMIC_REINVESTMENT,cache/market.json.gz; SQLite corporate_actions/B3
CG_ONLY,V0,2023-05-02,43776517000180,SBSP3,CONT_2438_SBSP3_2023-05-02,924.0637827319048,,0.0,924.0637827319048,,UNKNOWN,EX_DATE_ECONOMIC_REINVESTMENT,SBSP_2021;SBSP_2022;SBSP_2023;SBSP_2024
CG_ONLY,V0,2023-05-02,02429144000193,CPFE3,CONT_838_CPFE3_2023-05-02,1331.878363538871,,0.0,1331.878363538871,,UNKNOWN,EX_DATE_ECONOMIC_REINVESTMENT,cache/market.json.gz; B3
CG_ONLY,V0,2023-05-03,60746948000112,BBDC4,BBDC4_2023-05-03_DISTRIBUTION_539,31.68542197946517,,0.0,31.68542197946517,JCP Mensais,UNKNOWN,EX_DATE_ECONOMIC_REINVESTMENT,https://www.bradescori.com.br/informacoes-ao-mercado/remuneracao-aos-acionistas/
CG_ONLY,V0,2023-05-04,07859971000130,TAEE4,CONT_2405_TAEE4_2023-05-04,64.22943039684337,,0.0,64.22943039684337,,UNKNOWN,EX_DATE_ECONOMIC_REINVESTMENT,cache/market.json.gz; B3
CG_ONLY,V0,2023-05-09,02474103000119,TBLE3,TBLE3_2023-05-09_DISTRIBUTION_342,1348.7531719992046,,0.0,1348.7531719992046,CASH_DIVIDEND,UNKNOWN,EX_DATE_ECONOMIC_REINVESTMENT,cache/market.json.gz; SQLite corporate_actions/B3
CG_ONLY,V0,2023-06-01,60872504000123,ITUB4,ITUB4_2023-06-01_DISTRIBUTION_151,18.935142295118894,,0.0,18.935142295118894,JCP,UNKNOWN,EX_DATE_ECONOMIC_REINVESTMENT,cache/market.json.gz; SQLite corporate_actions/B3
CG_ONLY,V0,2023-06-01,02558157000162,VIVT3,CONT_2784_VIVT3_2023-06-01,141.89423503685163,,0.0,141.89423503685163,,UNKNOWN,EX_DATE_ECONOMIC_REINVESTMENT,https://api.mziq.com/mzfilemanager/v2/d/24165f81-24d6-4648-bf9f-66712905d5a2/34b95df5-e8c3-6d48-b667-42e740e0df5e?origin=2
CG_ONLY,V0,2023-06-02,00000000000191,BBAS3,CONT_174_BBAS3_2023-06-02,117.8794472087381,,0.0,117.8794472087381,,UNKNOWN,EX_DATE_ECONOMIC_REINVESTMENT,cache/market.json.gz; B3
CG_ONLY,V0,2023-06-02,00000000000191,BBAS3,CONT_175_BBAS3_2023-06-02,627.1356812483407,,0.0,627.1356812483407,,UNKNOWN,EX_DATE_ECONOMIC_REINVESTMENT,cache/market.json.gz; B3
CG_ONLY,V0,2023-06-02,60746948000112,BBDC4,BBDC4_2023-06-02_DISTRIBUTION_540,32.20445793375906,,0.0,32.20445793375906,JCP Mensais,UNKNOWN,EX_DATE_ECONOMIC_REINVESTMENT,https://www.bradescori.com.br/informacoes-ao-mercado/remuneracao-aos-acionistas/
CG_ONLY,V0,2023-06-13,00000000000191,BBAS3,CONT_173_BBAS3_2023-06-13,330.13562478199674,,0.0,330.13562478199674,,UNKNOWN,EX_DATE_ECONOMIC_REINVESTMENT,cache/market.json.gz; B3
CG_ONLY,V0,2023-06-20,60872504000123,ITUB4,ITUB4_2023-06-20_DISTRIBUTION_150,287.93554692497366,,0.0,287.93554692497366,JCP,UNKNOWN,EX_DATE_ECONOMIC_REINVESTMENT,cache/market.json.gz; SQLite corporate_actions/B3
CG_ONLY,V0,2023-06-22,17281106000103,CSMG3,CONT_2458_CSMG3_2023-06-22,735.2055721573895,,0.0,735.2055721573895,,UNKNOWN,EX_DATE_ECONOMIC_REINVESTMENT,CSMG_RI_V4
CG_ONLY,V0,2023-06-23,02558115000121,TIMS3,CONT_2785_TIMS3_2023-06-23,299.6806131295248,,0.0,299.6806131295248,,UNKNOWN,EX_DATE_ECONOMIC_REINVESTMENT,https://api.mziq.com/mzfilemanager/v2/d/4c4aa51f-1235-4aa1-8b83-adc92e8dacc3/f9bfbb53-bd62-8696-5738-d8d4278047c5?origin=2;https://api.mziq.com/mzfilemanager/v2/d/4c4aa51f-1235-4aa1-8b83-adc92e8dacc3/83680557-8387-d00f-24f1-bfd20a1effa5?origin=2
CG_ONLY,V0,2023-06-26,17155730000164,CMIG4,CMIG4_2023-06-26_DISTRIBUTION_390,315.7890054863108,,0.0,315.7890054863108,JCP,UNKNOWN,EX_DATE_ECONOMIC_REINVESTMENT,cache/market.json.gz; SQLite corporate_actions/B3
CG_ONLY,V0,2023-06-27,60746948000112,BBDC4,BBDC4_2023-06-27_DISTRIBUTION_541,334.5731201488892,,0.0,334.5731201488892,JCP Intermediários,UNKNOWN,EX_DATE_ECONOMIC_REINVESTMENT,https://www.bradescori.com.br/informacoes-ao-mercado/remuneracao-aos-acionistas/
CG_ONLY,V0,2023-06-30,02149205000169,PSSA3,CONT_2786_PSSA3_2023-06-30,759.76817561029,,0.0,759.76817561029,,UNKNOWN,EX_DATE_ECONOMIC_REINVESTMENT,https://api.mziq.com/mzfilemanager/v2/d/b77a3922-d280-4451-b3ee-0afec4577834/48f3e545-5f5b-0f87-1454-e0d6df50b7a5?origin=2;https://api.mziq.com/mzfilemanager/v2/d/b77a3922-d280-4451-b3ee-0afec4577834/3ada0e5c-8000-0a0c-803a-056115098836?origin=2
CG_ONLY,V0,2023-07-03,28195667000106,ABCB4,CONT_6_ABCB4_2023-07-03,1572.082191838907,,0.0,1572.082191838907,,UNKNOWN,EX_DATE_ECONOMIC_REINVESTMENT,cache/market.json.gz; B3
CG_ONLY,V0,2023-07-03,60872504000123,ITUB4,ITUB4_2023-07-03_DISTRIBUTION_149,19.260680402010426,,0.0,19.260680402010426,JCP,UNKNOWN,EX_DATE_ECONOMIC_REINVESTMENT,cache/market.json.gz; SQLite corporate_actions/B3
CG_ONLY,V0,2023-07-03,76484013000145,SAPR4,CONT_2787_SAPR4_2023-07-03,1472.2983473236263,,0.0,1472.2983473236263,,UNKNOWN,EX_DATE_ECONOMIC_REINVESTMENT,https://ri.sanepar.com.br/docs/Sanepar-2025-12-18-cW6NmzgB.pdf
CG_ONLY,V0,2023-07-03,01083200000118,NEOE3,CONT_2049_NEOE3_2023-07-03,610.8262454534071,,0.0,610.8262454534071,,UNKNOWN,EX_DATE_ECONOMIC_REINVESTMENT,cache/market.json.gz; B3
CG_ONLY,V0,2023-07-04,60746948000112,BBDC4,BBDC4_2023-07-04_DISTRIBUTION_542,33.10154135848452,,0.0,33.10154135848452,JCP Mensais,UNKNOWN,EX_DATE_ECONOMIC_REINVESTMENT,https://www.bradescori.com.br/informacoes-ao-mercado/remuneracao-aos-acionistas/
CG_ONLY,V0,2023-07-21,90400888000142,SANB4,CONT_2278_SANB4_2023-07-21,389.92766855060614,,0.0,389.92766855060614,,UNKNOWN,EX_DATE_ECONOMIC_REINVESTMENT,cache/market.json.gz; B3
CG_ONLY,V0,2023-08-01,60872504000123,ITUB4,ITUB4_2023-08-01_DISTRIBUTION_148,19.38716005856634,,0.0,19.38716005856634,JCP,UNKNOWN,EX_DATE_ECONOMIC_REINVESTMENT,cache/market.json.gz; SQLite corporate_actions/B3
CG_ONLY,V0,2023-08-01,02558157000162,VIVT3,CONT_2788_VIVT3_2023-08-01,183.53922894943946,,0.0,183.53922894943946,,UNKNOWN,EX_DATE_ECONOMIC_REINVESTMENT,https://api.mziq.com/mzfilemanager/v2/d/24165f81-24d6-4648-bf9f-66712905d5a2/34b95df5-e8c3-6d48-b667-42e740e0df5e?origin=2
CG_ONLY,V0,2023-08-02,60746948000112,BBDC4,BBDC4_2023-08-02_DISTRIBUTION_543,33.60102043466595,,0.0,33.60102043466595,JCP Mensais,UNKNOWN,EX_DATE_ECONOMIC_REINVESTMENT,https://www.bradescori.com.br/informacoes-ao-mercado/remuneracao-aos-acionistas/
CG_ONLY,V0,2023-08-08,07859971000130,TAEE4,CONT_2403_TAEE4_2023-08-08,245.70432794730777,,0.0,245.70432794730777,,UNKNOWN,EX_DATE_ECONOMIC_REINVESTMENT,cache/market.json.gz; B3
CG_ONLY,V0,2023-08-08,07859971000130,TAEE4,CONT_2404_TAEE4_2023-08-08,546.6796306698883,,0.0,546.6796306698883,,UNKNOWN,EX_DATE_ECONOMIC_REINVESTMENT,cache/market.json.gz; B3
CG_ONLY,V0,2023-08-17,17344597000194,BBSE3,CONT_2553_BBSE3_2023-08-17,2161.7122120767867,,0.0,2161.7122120767867,,UNKNOWN,EX_DATE_ECONOMIC_REINVESTMENT,BBSE_DIV
CG_ONLY,V0,2023-08-18,02429144000193,CPFE3,CONT_837_CPFE3_2023-08-18,880.2806836104157,,0.0,880.2806836104157,,UNKNOWN,EX_DATE_ECONOMIC_REINVESTMENT,cache/market.json.gz; B3
CG_ONLY,V0,2023-08-22,00000000000191,BBAS3,CONT_171_BBAS3_2023-08-22,642.6760860756013,,0.0,642.6760860756013,,UNKNOWN,EX_DATE_ECONOMIC_REINVESTMENT,cache/market.json.gz; B3
CG_ONLY,V0,2023-08-22,00000000000191,BBAS3,CONT_172_BBAS3_2023-08-22,13.967651619917335,,0.0,13.967651619917335,,UNKNOWN,EX_DATE_ECONOMIC_REINVESTMENT,cache/market.json.gz; B3
CG_ONLY,V0,2023-08-22,02474103000119,TBLE3,TBLE3_2023-08-22_DISTRIBUTION_341,747.4184335416709,,0.0,747.4184335416709,CASH_DIVIDEND,UNKNOWN,EX_DATE_ECONOMIC_REINVESTMENT,cache/market.json.gz; SQLite corporate_actions/B3
CG_ONLY,V0,2023-09-01,60872504000123,ITUB4,ITUB4_2023-09-01_DISTRIBUTION_147,19.50453619975133,,0.0,19.50453619975133,JCP,UNKNOWN,EX_DATE_ECONOMIC_REINVESTMENT,cache/market.json.gz; SQLite corporate_actions/B3
CG_ONLY,V0,2023-09-01,02558157000162,VIVT3,CONT_2789_VIVT3_2023-09-01,121.8995545706067,,0.0,121.8995545706067,,UNKNOWN,EX_DATE_ECONOMIC_REINVESTMENT,https://api.mziq.com/mzfilemanager/v2/d/24165f81-24d6-4648-bf9f-66712905d5a2/34b95df5-e8c3-6d48-b667-42e740e0df5e?origin=2
CG_ONLY,V0,2023-09-04,60746948000112,BBDC4,BBDC4_2023-09-04_DISTRIBUTION_544,33.63926716201765,,0.0,33.63926716201765,JCP Mensais,UNKNOWN,EX_DATE_ECONOMIC_REINVESTMENT,https://www.bradescori.com.br/informacoes-ao-mercado/remuneracao-aos-acionistas/
CG_ONLY,V0,2023-09-11,60872504000123,XPBR31,XPBR31_2023-09-11_DISTRIBUTION_687,56.543328780727414,,0.0,56.543328780727414,,UNKNOWN,EX_DATE_ECONOMIC_REINVESTMENT,https://api.mziq.com/mzfilemanager/v2/d/d1820734-8b3f-4a23-8642-331a3a8561a6/974f8122-1809-7583-6d0a-c5e21b2004b8?origin=1
CG_ONLY,V0,2023-09-12,00000000000191,BBAS3,CONT_170_BBAS3_2023-09-12,332.65668694567245,,0.0,332.65668694567245,,UNKNOWN,EX_DATE_ECONOMIC_REINVESTMENT,cache/market.json.gz; B3
CG_ONLY,V0,2023-09-19,60872504000123,ITUB4,ITUB4_2023-09-19_DISTRIBUTION_146,329.0477881087817,,0.0,329.0477881087817,JCP,UNKNOWN,EX_DATE_ECONOMIC_REINVESTMENT,cache/market.json.gz; SQLite corporate_actions/B3
CG_ONLY,V0,2023-09-22,02558115000121,TIMS3,CONT_2790_TIMS3_2023-09-22,456.8886368900522,,0.0,456.8886368900522,,UNKNOWN,EX_DATE_ECONOMIC_REINVESTMENT,https://api.mziq.com/mzfilemanager/v2/d/4c4aa51f-1235-4aa1-8b83-adc92e8dacc3/d33fa338-50a0-bacd-2e30-a8d3cd8573cf?origin=2
CG_ONLY,V0,2023-09-22,17281106000103,CSMG3,CONT_2459_CSMG3_2023-09-22,741.1599551567244,,0.0,741.1599551567244,,UNKNOWN,EX_DATE_ECONOMIC_REINVESTMENT,CSMG_RI_V4
CG_ONLY,V0,2023-09-25,02558157000162,VIVT3,CONT_2791_VIVT3_2023-09-25,102.2667321992712,,0.0,102.2667321992712,,UNKNOWN,EX_DATE_ECONOMIC_REINVESTMENT,https://api.mziq.com/mzfilemanager/v2/d/24165f81-24d6-4648-bf9f-66712905d5a2/34b95df5-e8c3-6d48-b667-42e740e0df5e?origin=2
CG_ONLY,V0,2023-09-26,17155730000164,CMIG4,CMIG4_2023-09-26_DISTRIBUTION_389,311.70528219476955,,0.0,311.70528219476955,JCP,UNKNOWN,EX_DATE_ECONOMIC_REINVESTMENT,cache/market.json.gz; SQLite corporate_actions/B3
CG_ONLY,V0,2023-09-29,02149205000169,PSSA3,CONT_2792_PSSA3_2023-09-29,406.51674535582305,,0.0,406.51674535582305,,UNKNOWN,EX_DATE_ECONOMIC_REINVESTMENT,https://api.mziq.com/mzfilemanager/v2/d/b77a3922-d280-4451-b3ee-0afec4577834/278b0bbf-318b-7e48-5e64-4da0386b1ef5?origin=2;https://api.mziq.com/mzfilemanager/v2/d/b77a3922-d280-4451-b3ee-0afec4577834/3ada0e5c-8000-0a0c-803a-056115098836?origin=2
CG_ONLY,V0,2023-10-02,76483817000120,CPLE6,CONT_906_CPLE6_2023-10-02,894.0214055958235,,0.0,894.0214055958235,,UNKNOWN,EX_DATE_ECONOMIC_REINVESTMENT,cache/market.json.gz; B3
CG_ONLY,V0,2023-10-02,60872504000123,ITUB4,ITUB4_2023-10-02_DISTRIBUTION_145,21.77971993961181,,0.0,21.77971993961181,JCP,UNKNOWN,EX_DATE_ECONOMIC_REINVESTMENT,cache/market.json.gz; SQLite corporate_actions/B3
CG_ONLY,V0,2023-10-03,60746948000112,BBDC4,BBDC4_2023-10-03_DISTRIBUTION_545,42.64039894986888,,0.0,42.64039894986888,JCP Mensais,UNKNOWN,EX_DATE_ECONOMIC_REINVESTMENT,https://www.bradescori.com.br/informacoes-ao-mercado/remuneracao-aos-acionistas/
CG_ONLY,V0,2023-10-20,90400888000142,SANB4,CONT_2276_SANB4_2023-10-20,126.78775889287246,,0.0,126.78775889287246,,UNKNOWN,EX_DATE_ECONOMIC_REINVESTMENT,cache/market.json.gz; B3
CG_ONLY,V0,2023-10-20,90400888000142,SANB4,CONT_2277_SANB4_2023-10-20,373.6902367107067,,0.0,373.6902367107067,,UNKNOWN,EX_DATE_ECONOMIC_REINVESTMENT,cache/market.json.gz; B3
CG_ONLY,V0,2023-10-24,02558157000162,VIVT3,CONT_2793_VIVT3_2023-10-24,77.17789552905293,,0.0,77.17789552905293,,UNKNOWN,EX_DATE_ECONOMIC_REINVESTMENT,https://api.mziq.com/mzfilemanager/v2/d/24165f81-24d6-4648-bf9f-66712905d5a2/34b95df5-e8c3-6d48-b667-42e740e0df5e?origin=2
CG_ONLY,V0,2023-11-01,60872504000123,ITUB4,ITUB4_2023-11-01_DISTRIBUTION_144,21.93033370658562,,0.0,21.93033370658562,JCP,UNKNOWN,EX_DATE_ECONOMIC_REINVESTMENT,cache/market.json.gz; SQLite corporate_actions/B3
CG_ONLY,V0,2023-11-03,60746948000112,BBDC4,BBDC4_2023-11-03_DISTRIBUTION_546,43.2096119517141,,0.0,43.2096119517141,JCP Mensais,UNKNOWN,EX_DATE_ECONOMIC_REINVESTMENT,https://www.bradescori.com.br/informacoes-ao-mercado/remuneracao-aos-acionistas/
CG_ONLY,V0,2023-11-14,07859971000130,TAEE4,CONT_2401_TAEE4_2023-11-14,12.152505575367883,,0.0,12.152505575367883,,UNKNOWN,EX_DATE_ECONOMIC_REINVESTMENT,cache/market.json.gz; B3
CG_ONLY,V0,2023-11-14,07859971000130,TAEE4,CONT_2402_TAEE4_2023-11-14,597.7954787584798,,0.0,597.7954787584798,,UNKNOWN,EX_DATE_ECONOMIC_REINVESTMENT,cache/market.json.gz; B3
CG_ONLY,V0,2023-11-22,00000000000191,BBAS3,CONT_168_BBAS3_2023-11-22,102.23575386164997,,0.0,102.23575386164997,,UNKNOWN,EX_DATE_ECONOMIC_REINVESTMENT,cache/market.json.gz; B3
CG_ONLY,V0,2023-11-22,00000000000191,BBAS3,CONT_169_BBAS3_2023-11-22,687.8849303170625,,0.0,687.8849303170625,,UNKNOWN,EX_DATE_ECONOMIC_REINVESTMENT,cache/market.json.gz; B3
CG_ONLY,V0,2023-12-01,60872504000123,ITUB4,ITUB4_2023-12-01_DISTRIBUTION_143,22.05633709182117,,0.0,22.05633709182117,JCP,UNKNOWN,EX_DATE_ECONOMIC_REINVESTMENT,cache/market.json.gz; SQLite corporate_actions/B3
CG_ONLY,V0,2023-12-04,60746948000112,BBDC4,BBDC4_2023-12-04_DISTRIBUTION_547,43.627390988687544,,0.0,43.627390988687544,JCP Mensais,UNKNOWN,EX_DATE_ECONOMIC_REINVESTMENT,https://www.bradescori.com.br/informacoes-ao-mercado/remuneracao-aos-acionistas/
CG_ONLY,V0,2023-12-07,60872504000123,ITUB4,ITUB4_2023-12-07_DISTRIBUTION_142,309.7759856961562,,0.0,309.7759856961562,JCP,UNKNOWN,EX_DATE_ECONOMIC_REINVESTMENT,cache/market.json.gz; SQLite corporate_actions/B3
CG_ONLY,V0,2023-12-12,00000000000191,BBAS3,CONT_167_BBAS3_2023-12-12,348.4548210381783,,0.0,348.4548210381783,,UNKNOWN,EX_DATE_ECONOMIC_REINVESTMENT,cache/market.json.gz; B3
CG_ONLY,V0,2023-12-12,60872504000123,XPBR31,XPBR31_2023-12-12_DISTRIBUTION_688,72.99092508122784,,0.0,72.99092508122784,,UNKNOWN,EX_DATE_ECONOMIC_REINVESTMENT,https://api.mziq.com/mzfilemanager/v2/d/d1820734-8b3f-4a23-8642-331a3a8561a6/bcf8391a-ada6-8146-717d-479c39aa4bd9?origin=1
CG_ONLY,V0,2023-12-14,02998611000104,TRPL4,CONT_1373_TRPL4_2023-12-14,2986.565905675535,,0.0,2986.565905675535,,UNKNOWN,EX_DATE_ECONOMIC_REINVESTMENT,cache/market.json.gz; B3
CG_ONLY,V0,2023-12-14,17281106000103,CSMG3,CONT_2460_CSMG3_2023-12-14,2215.642670565002,,0.0,2215.642670565002,,UNKNOWN,EX_DATE_ECONOMIC_REINVESTMENT,CSMG_RI_V4
CG_ONLY,V0,2023-12-22,60746948000112,BBDC4,BBDC4_2023-12-22_DISTRIBUTION_548,453.2416971611347,,0.0,453.2416971611347,JCP Intermediários,UNKNOWN,EX_DATE_ECONOMIC_REINVESTMENT,https://www.bradescori.com.br/informacoes-ao-mercado/remuneracao-aos-acionistas/
CG_ONLY,V0,2023-12-22,60746948000112,BBDC4,BBDC4_2023-12-22_DISTRIBUTION_549,1132.6509988162793,,0.0,1132.6509988162793,JCP Complementares,UNKNOWN,EX_DATE_ECONOMIC_REINVESTMENT,https://www.bradescori.com.br/informacoes-ao-mercado/remuneracao-aos-acionistas/
CG_ONLY,V0,2023-12-22,17155730000164,CMIG4,CMIG4_2023-12-22_DISTRIBUTION_388,1003.4764228529559,,0.0,1003.4764228529559,JCP,UNKNOWN,EX_DATE_ECONOMIC_REINVESTMENT,cache/market.json.gz; SQLite corporate_actions/B3
CG_ONLY,V0,2023-12-22,02474103000119,TBLE3,TBLE3_2023-12-22_DISTRIBUTION_340,158.39842353137317,,0.0,158.39842353137317,JCP,UNKNOWN,EX_DATE_ECONOMIC_REINVESTMENT,cache/market.json.gz; SQLite corporate_actions/B3
CG_ONLY,V0,2023-12-22,02558115000121,TIMS3,CONT_2794_TIMS3_2023-12-22,712.3443861714621,,0.0,712.3443861714621,,UNKNOWN,EX_DATE_ECONOMIC_REINVESTMENT,https://api.mziq.com/mzfilemanager/v2/d/4c4aa51f-1235-4aa1-8b83-adc92e8dacc3/91b24dc2-38fd-230c-4323-946e884a2ae0?origin=2
CG_ONLY,V0,2023-12-22,17281106000103,CSMG3,CONT_2461_CSMG3_2023-12-22,571.789480253936,,0.0,571.789480253936,,UNKNOWN,EX_DATE_ECONOMIC_REINVESTMENT,CSMG_RI_V4
CG_ONLY,V0,2023-12-27,02558157000162,VIVT3,CONT_2795_VIVT3_2023-12-27,439.13472295638024,,0.0,439.13472295638024,,UNKNOWN,EX_DATE_ECONOMIC_REINVESTMENT,https://api.mziq.com/mzfilemanager/v2/d/24165f81-24d6-4648-bf9f-66712905d5a2/34b95df5-e8c3-6d48-b667-42e740e0df5e?origin=2
CG_ONLY,V0,2023-12-28,02149205000169,PSSA3,CONT_2796_PSSA3_2023-12-28,755.6954506493609,,0.0,755.6954506493609,,UNKNOWN,EX_DATE_ECONOMIC_REINVESTMENT,https://api.mziq.com/mzfilemanager/v2/d/b77a3922-d280-4451-b3ee-0afec4577834/f7090ee5-156b-83e5-90db-4d562bf4c5da?origin=2
CG_ONLY,V0,2024-01-02,28195667000106,ABCB4,CONT_5_ABCB4_2024-01-02,1495.5241880232356,,0.0,1495.5241880232356,,UNKNOWN,EX_DATE_ECONOMIC_REINVESTMENT,cache/market.json.gz; B3
CG_ONLY,V0,2024-01-02,60872504000123,ITUB4,ITUB4_2024-01-02_DISTRIBUTION_141,22.28724093046589,,0.0,22.28724093046589,JCP,UNKNOWN,EX_DATE_ECONOMIC_REINVESTMENT,cache/market.json.gz; SQLite corporate_actions/B3
CG_ONLY,V0,2024-01-02,76484013000145,SAPR4,CONT_2797_SAPR4_2024-01-02,1058.499225735069,,0.0,1058.499225735069,,UNKNOWN,EX_DATE_ECONOMIC_REINVESTMENT,https://ri.sanepar.com.br/docs/Sanepar-2025-12-18-cW6NmzgB.pdf
CG_ONLY,V0,2024-01-03,60746948000112,BBDC4,BBDC4_2024-01-03_DISTRIBUTION_520,45.787200837697625,,0.0,45.787200837697625,JCP Mensais,UNKNOWN,EX_DATE_ECONOMIC_REINVESTMENT,https://www.bradescori.com.br/informacoes-ao-mercado/remuneracao-aos-acionistas/
CG_ONLY,V0,2024-01-04,07859971000130,TAEE4,CONT_2400_TAEE4_2024-01-04,700.445065301457,,0.0,700.445065301457,,UNKNOWN,EX_DATE_ECONOMIC_REINVESTMENT,cache/market.json.gz; B3
CG_ONLY,V0,2024-01-05,01083200000118,NEOE3,CONT_2048_NEOE3_2024-01-05,857.8456520062912,,0.0,857.8456520062912,,UNKNOWN,EX_DATE_ECONOMIC_REINVESTMENT,cache/market.json.gz; B3
CG_ONLY,V0,2024-01-22,90400888000142,SANB4,CONT_2275_SANB4_2024-01-22,516.4769075002758,,0.0,516.4769075002758,,UNKNOWN,EX_DATE_ECONOMIC_REINVESTMENT,cache/market.json.gz; B3
CG_ONLY,V0,2024-02-01,60872504000123,ITUB4,ITUB4_2024-02-01_DISTRIBUTION_140,22.32632559191304,,0.0,22.32632559191304,JCP,UNKNOWN,EX_DATE_ECONOMIC_REINVESTMENT,cache/market.json.gz; SQLite corporate_actions/B3
CG_ONLY,V0,2024-02-02,60746948000112,BBDC4,BBDC4_2024-02-02_DISTRIBUTION_521,46.24878940686523,,0.0,46.24878940686523,JCP Mensais,UNKNOWN,EX_DATE_ECONOMIC_REINVESTMENT,https://www.bradescori.com.br/informacoes-ao-mercado/remuneracao-aos-acionistas/
CG_ONLY,V0,2024-02-09,17344597000194,BBSE3,CONT_2552_BBSE3_2024-02-09,1760.4023498720337,,0.0,1760.4023498720337,,UNKNOWN,EX_DATE_ECONOMIC_REINVESTMENT,BBSE_DIV
CG_ONLY,V0,2024-02-22,00000000000191,BBAS3,CONT_165_BBAS3_2024-02-22,628.7309552418122,,0.0,628.7309552418122,,UNKNOWN,EX_DATE_ECONOMIC_REINVESTMENT,cache/market.json.gz; B3
CG_ONLY,V0,2024-02-22,00000000000191,BBAS3,CONT_166_BBAS3_2024-02-22,11.169021470181253,,0.0,11.169021470181253,,UNKNOWN,EX_DATE_ECONOMIC_REINVESTMENT,cache/market.json.gz; B3
CG_ONLY,V0,2024-02-22,60872504000123,ITUB4,ITUB4_2024-02-22_DISTRIBUTION_139,1426.5983880242554,,0.0,1426.5983880242554,CASH_DIVIDEND,UNKNOWN,EX_DATE_ECONOMIC_REINVESTMENT,cache/market.json.gz; SQLite corporate_actions/B3
CG_ONLY,V0,2024-03-01,60872504000123,ITUB4,ITUB4_2024-03-01_DISTRIBUTION_138,23.11636068997893,,0.0,23.11636068997893,JCP,UNKNOWN,EX_DATE_ECONOMIC_REINVESTMENT,cache/market.json.gz; SQLite corporate_actions/B3
CG_ONLY,V0,2024-03-04,60746948000112,BBDC4,BBDC4_2024-03-04_DISTRIBUTION_522,46.94764494924715,,0.0,46.94764494924715,JCP Mensais,UNKNOWN,EX_DATE_ECONOMIC_REINVESTMENT,https://www.bradescori.com.br/informacoes-ao-mercado/remuneracao-aos-acionistas/
CG_ONLY,V0,2024-03-12,00000000000191,BBAS3,CONT_164_BBAS3_2024-03-12,424.639183217745,,0.0,424.639183217745,,UNKNOWN,EX_DATE_ECONOMIC_REINVESTMENT,cache/market.json.gz; B3
CG_ONLY,V0,2024-03-22,60872504000123,ITUB4,ITUB4_2024-03-22_DISTRIBUTION_137,316.85165325538776,,0.0,316.85165325538776,JCP,UNKNOWN,EX_DATE_ECONOMIC_REINVESTMENT,cache/market.json.gz; SQLite corporate_actions/B3
CG_ONLY,V0,2024-03-25,02558115000121,TIMS3,CONT_2798_TIMS3_2024-03-25,220.83159757824484,,0.0,220.83159757824484,,UNKNOWN,EX_DATE_ECONOMIC_REINVESTMENT,https://api.mziq.com/mzfilemanager/v2/d/4c4aa51f-1235-4aa1-8b83-adc92e8dacc3/c868d86f-70be-ac1e-09f4-aa649775ffce?origin=2;https://api.mziq.com/mzfilemanager/v2/d/4c4aa51f-1235-4aa1-8b83-adc92e8dacc3/faf16da3-dab4-e1dd-f656-258905eb9fb1?origin=2
CG_ONLY,V0,2024-03-26,17281106000103,CSMG3,CONT_2462_CSMG3_2024-03-26,1001.9169300346466,,0.0,1001.9169300346466,,UNKNOWN,EX_DATE_ECONOMIC_REINVESTMENT,CSMG_RI_V4
CG_ONLY,V0,2024-03-26,17281106000103,CSMG3,CONT_2463_CSMG3_2024-03-26,346.27284881145346,,0.0,346.27284881145346,,UNKNOWN,EX_DATE_ECONOMIC_REINVESTMENT,CSMG_RI_V4
CG_ONLY,V0,2024-03-26,17281106000103,CSMG3,CONT_2464_CSMG3_2024-03-26,742.6447619067095,,0.0,742.6447619067095,,UNKNOWN,EX_DATE_ECONOMIC_REINVESTMENT,CSMG_RI_V4
CG_ONLY,V0,2024-03-27,17155730000164,CMIG4,CMIG4_2024-03-27_DISTRIBUTION_387,306.3404729098223,,0.0,306.3404729098223,JCP,UNKNOWN,EX_DATE_ECONOMIC_REINVESTMENT,cache/market.json.gz; SQLite corporate_actions/B3
CG_ONLY,V0,2024-04-01,60872504000123,ITUB4,ITUB4_2024-04-01_DISTRIBUTION_136,23.29418524622859,,0.0,23.29418524622859,JCP,UNKNOWN,EX_DATE_ECONOMIC_REINVESTMENT,cache/market.json.gz; SQLite corporate_actions/B3
CG_ONLY,V0,2024-04-01,02149205000169,PSSA3,CONT_2799_PSSA3_2024-04-01,137.94764525038764,,0.0,137.94764525038764,,UNKNOWN,EX_DATE_ECONOMIC_REINVESTMENT,https://api.mziq.com/mzfilemanager/v2/d/b77a3922-d280-4451-b3ee-0afec4577834/ba54f038-ceec-de5f-c468-8a33b22d345a?origin=2;https://api.mziq.com/mzfilemanager/v2/d/b77a3922-d280-4451-b3ee-0afec4577834/b5cca7ab-60ac-611f-1138-e8ff6eeaf480?origin=2;https://api.mziq.com/mzfilemanager/v2/d/b77a3922-d280-4451-b3ee-0afec4577834/12d0f45e-e5c8-5f7a-dbc5-3e171187dab9?origin=2
CG_ONLY,V0,2024-04-01,02149205000169,PSSA3,CONT_2800_PSSA3_2024-04-01,441.19775582463535,,0.0,441.19775582463535,,UNKNOWN,EX_DATE_ECONOMIC_REINVESTMENT,https://api.mziq.com/mzfilemanager/v2/d/b77a3922-d280-4451-b3ee-0afec4577834/595d4d3e-f1bf-31d5-9d2d-53b9f100a5b7?origin=2;https://api.mziq.com/mzfilemanager/v2/d/b77a3922-d280-4451-b3ee-0afec4577834/a730da5f-6984-07cc-1fac-1fab6adcd8e6?origin=2;https://api.mziq.com/mzfilemanager/v2/d/b77a3922-d280-4451-b3ee-0afec4577834/c51162ba-772b-3276-e991-5239fc18f0bc?origin=2
CG_ONLY,V0,2024-04-01,02558157000162,VIVT3,CONT_2801_VIVT3_2024-04-01,156.68655712550355,,0.0,156.68655712550355,,UNKNOWN,EX_DATE_ECONOMIC_REINVESTMENT,https://api.mziq.com/mzfilemanager/v2/d/24165f81-24d6-4648-bf9f-66712905d5a2/34b95df5-e8c3-6d48-b667-42e740e0df5e?origin=2
CG_ONLY,V0,2024-04-02,60746948000112,BBDC4,BBDC4_2024-04-02_DISTRIBUTION_523,47.56387141339297,,0.0,47.56387141339297,JCP Mensais,UNKNOWN,EX_DATE_ECONOMIC_REINVESTMENT,https://www.bradescori.com.br/informacoes-ao-mercado/remuneracao-aos-acionistas/
CG_ONLY,V0,2024-04-10,02558115000121,TIMS3,CONT_2802_TIMS3_2024-04-10,483.6328675077329,,0.0,483.6328675077329,,UNKNOWN,EX_DATE_ECONOMIC_REINVESTMENT,https://api.mziq.com/mzfilemanager/v2/d/4c4aa51f-1235-4aa1-8b83-adc92e8dacc3/1c513fe5-4ad4-c0cd-56b1-b8cf5e09401c?origin=2;https://api.mziq.com/mzfilemanager/v2/d/4c4aa51f-1235-4aa1-8b83-adc92e8dacc3/56b8f088-3226-1f4d-1e20-01d4c3f66c49?origin=2
CG_ONLY,V0,2024-04-10,02558115000121,TIMS3,CONT_2803_TIMS3_2024-04-10,484.742115535175,,0.0,484.742115535175,,UNKNOWN,EX_DATE_ECONOMIC_REINVESTMENT,https://api.mziq.com/mzfilemanager/v2/d/4c4aa51f-1235-4aa1-8b83-adc92e8dacc3/1c513fe5-4ad4-c0cd-56b1-b8cf5e09401c?origin=2
CG_ONLY,V0,2024-04-10,02558115000121,TIMS3,CONT_2804_TIMS3_2024-04-10,484.742115535175,,0.0,484.742115535175,,UNKNOWN,EX_DATE_ECONOMIC_REINVESTMENT,https://api.mziq.com/mzfilemanager/v2/d/4c4aa51f-1235-4aa1-8b83-adc92e8dacc3/1c513fe5-4ad4-c0cd-56b1-b8cf5e09401c?origin=2
CG_ONLY,V0,2024-04-11,02558157000162,VIVT3,CONT_2805_VIVT3_2024-04-11,787.42009159645,,0.0,787.42009159645,,UNKNOWN,EX_DATE_ECONOMIC_REINVESTMENT,https://api.mziq.com/mzfilemanager/v2/d/24165f81-24d6-4648-bf9f-66712905d5a2/34b95df5-e8c3-6d48-b667-42e740e0df5e?origin=2
CG_ONLY,V0,2024-04-22,01083200000118,NEOE3,CONT_2047_NEOE3_2024-04-22,524.8650501545699,,0.0,524.8650501545699,,UNKNOWN,EX_DATE_ECONOMIC_REINVESTMENT,cache/market.json.gz; B3
CG_ONLY,V0,2024-04-22,90400888000142,SANB4,CONT_2274_SANB4_2024-04-22,535.5346942438102,,0.0,535.5346942438102,,UNKNOWN,EX_DATE_ECONOMIC_REINVESTMENT,cache/market.json.gz; B3
CG_ONLY,V0,2024-04-23,76483817000120,CPLE6,CONT_905_CPLE6_2024-04-23,238.28037883105665,,0.0,238.28037883105665,,UNKNOWN,EX_DATE_ECONOMIC_REINVESTMENT,cache/market.json.gz; B3
CG_ONLY,V0,2024-04-23,02998609000127,AESB3,CONT_27_AESB3_2024-04-23,247.90369902452687,,0.0,247.90369902452687,,UNKNOWN,EX_DATE_ECONOMIC_REINVESTMENT,cache/market.json.gz; B3
CG_ONLY,V0,2024-04-26,43776517000180,SBSP3,CONT_2439_SBSP3_2024-04-26,1073.5900887663101,,0.0,1073.5900887663101,,UNKNOWN,EX_DATE_ECONOMIC_REINVESTMENT,SBSP_2021;SBSP_2022;SBSP_2023;SBSP_2024
CG_ONLY,V0,2024-04-29,02429144000193,CPFE3,CONT_836_CPFE3_2024-04-29,3218.405310072933,,0.0,3218.405310072933,,UNKNOWN,EX_DATE_ECONOMIC_REINVESTMENT,cache/market.json.gz; B3
CG_ONLY,V0,2024-04-29,17281106000103,CSMG3,CONT_2465_CSMG3_2024-04-29,1972.4527212985279,,0.0,1972.4527212985279,,UNKNOWN,EX_DATE_ECONOMIC_REINVESTMENT,CSMG_RI_V4
CG_ONLY,V0,2024-04-30,17155730000164,CMIG4,CMIG4_2024-04-30_DISTRIBUTION_386,426.09655044104073,,0.0,426.09655044104073,CASH_DIVIDEND,UNKNOWN,EX_DATE_ECONOMIC_REINVESTMENT,cache/market.json.gz; SQLite corporate_actions/B3
CG_ONLY,V0,2024-04-30,02558157000162,VIVT3,CONT_2806_VIVT3_2024-04-30,203.28009246823157,,0.0,203.28009246823157,,UNKNOWN,EX_DATE_ECONOMIC_REINVESTMENT,https://api.mziq.com/mzfilemanager/v2/d/24165f81-24d6-4648-bf9f-66712905d5a2/34b95df5-e8c3-6d48-b667-42e740e0df5e?origin=2
CG_ONLY,V0,2024-05-02,03220438000173,EQTL3,CONT_1116_EQTL3_2024-05-02,764.8806130039316,,0.0,764.8806130039316,,UNKNOWN,EX_DATE_ECONOMIC_REINVESTMENT,cache/market.json.gz; B3
CG_ONLY,V0,2024-05-02,60872504000123,ITUB4,ITUB4_2024-05-02_DISTRIBUTION_135,23.30648017354904,,0.0,23.30648017354904,JCP,UNKNOWN,EX_DATE_ECONOMIC_REINVESTMENT,cache/market.json.gz; SQLite corporate_actions/B3
CG_ONLY,V0,2024-05-03,60746948000112,BBDC4,BBDC4_2024-05-03_DISTRIBUTION_524,48.27844398992885,,0.0,48.27844398992885,JCP Mensais,UNKNOWN,EX_DATE_ECONOMIC_REINVESTMENT,https://www.bradescori.com.br/informacoes-ao-mercado/remuneracao-aos-acionistas/
CG_ONLY,V0,2024-05-06,07859971000130,TAEE4,CONT_2399_TAEE4_2024-05-06,1251.3141710173854,,0.0,1251.3141710173854,,UNKNOWN,EX_DATE_ECONOMIC_REINVESTMENT,cache/market.json.gz; B3
CG_ONLY,V0,2024-05-07,02474103000119,TBLE3,TBLE3_2024-05-07_DISTRIBUTION_339,1139.6813641921801,,0.0,1139.6813641921801,CASH_DIVIDEND,UNKNOWN,EX_DATE_ECONOMIC_REINVESTMENT,cache/market.json.gz; SQLite corporate_actions/B3
CG_ONLY,V0,2024-05-14,07859971000130,TAEE4,CONT_2398_TAEE4_2024-05-14,479.2939119484871,,0.0,479.2939119484871,,UNKNOWN,EX_DATE_ECONOMIC_REINVESTMENT,cache/market.json.gz; B3
CG_ONLY,V0,2024-06-03,60872504000123,ITUB4,ITUB4_2024-06-03_DISTRIBUTION_134,23.349746413515337,,0.0,23.349746413515337,JCP,UNKNOWN,EX_DATE_ECONOMIC_REINVESTMENT,cache/market.json.gz; SQLite corporate_actions/B3
CG_ONLY,V0,2024-06-04,60746948000112,BBDC4,BBDC4_2024-06-04_DISTRIBUTION_525,49.27903129108682,,0.0,49.27903129108682,JCP Mensais,UNKNOWN,EX_DATE_ECONOMIC_REINVESTMENT,https://www.bradescori.com.br/informacoes-ao-mercado/remuneracao-aos-acionistas/
CG_ONLY,V0,2024-06-12,00000000000191,BBAS3,CONT_162_BBAS3_2024-06-12,343.7379054865146,,0.0,343.7379054865146,,UNKNOWN,EX_DATE_ECONOMIC_REINVESTMENT,cache/market.json.gz; B3
CG_ONLY,V0,2024-06-12,00000000000191,BBAS3,CONT_163_BBAS3_2024-06-12,611.525876347442,,0.0,611.525876347442,,UNKNOWN,EX_DATE_ECONOMIC_REINVESTMENT,cache/market.json.gz; B3
CG_ONLY,V0,2024-06-14,00000000000191,BBAS3,CONT_161_BBAS3_2024-06-14,433.39063761927395,,0.0,433.39063761927395,,UNKNOWN,EX_DATE_ECONOMIC_REINVESTMENT,cache/market.json.gz; B3
CG_ONLY,V0,2024-06-18,60746948000112,BBDC4,BBDC4_2024-06-18_DISTRIBUTION_526,1027.504347493893,,0.0,1027.504347493893,JCP Intermediários,UNKNOWN,EX_DATE_ECONOMIC_REINVESTMENT,https://www.bradescori.com.br/informacoes-ao-mercado/remuneracao-aos-acionistas/
CG_ONLY,V0,2024-06-21,60872504000123,ITUB4,ITUB4_2024-06-21_DISTRIBUTION_133,332.7604393354034,,0.0,332.7604393354034,JCP,UNKNOWN,EX_DATE_ECONOMIC_REINVESTMENT,cache/market.json.gz; SQLite corporate_actions/B3
CG_ONLY,V0,2024-06-24,17155730000164,CMIG4,CMIG4_2024-06-24_DISTRIBUTION_385,346.72210225164855,,0.0,346.72210225164855,JCP,UNKNOWN,EX_DATE_ECONOMIC_REINVESTMENT,cache/market.json.gz; SQLite corporate_actions/B3
CG_ONLY,V0,2024-06-24,02558115000121,TIMS3,CONT_2807_TIMS3_2024-06-24,343.69366147383755,,0.0,343.69366147383755,,UNKNOWN,EX_DATE_ECONOMIC_REINVESTMENT,https://api.mziq.com/mzfilemanager/v2/d/4c4aa51f-1235-4aa1-8b83-adc92e8dacc3/a9b987e8-5f5b-af7e-b56d-4353e72d5c13?origin=2
CG_ONLY,V0,2024-06-26,17281106000103,CSMG3,CONT_2466_CSMG3_2024-06-26,175.73647041380534,,0.0,175.73647041380534,,UNKNOWN,EX_DATE_ECONOMIC_REINVESTMENT,CSMG_RI_V4
CG_ONLY,V0,2024-06-26,17281106000103,CSMG3,CONT_2467_CSMG3_2024-06-26,819.9188264735005,,0.0,819.9188264735005,,UNKNOWN,EX_DATE_ECONOMIC_REINVESTMENT,CSMG_RI_V4
CG_ONLY,V0,2024-06-27,02558157000162,VIVT3,CONT_2808_VIVT3_2024-06-27,95.16148509834423,,0.0,95.16148509834423,,UNKNOWN,EX_DATE_ECONOMIC_REINVESTMENT,https://api.mziq.com/mzfilemanager/v2/d/24165f81-24d6-4648-bf9f-66712905d5a2/34b95df5-e8c3-6d48-b667-42e740e0df5e?origin=2
CG_ONLY,V0,2024-07-01,28195667000106,ABCB4,CONT_4_ABCB4_2024-07-01,1539.193549683385,,0.0,1539.193549683385,,UNKNOWN,EX_DATE_ECONOMIC_REINVESTMENT,cache/market.json.gz; B3
CG_ONLY,V0,2024-07-01,60872504000123,ITUB4,ITUB4_2024-07-01_DISTRIBUTION_132,22.577491579388393,,0.0,22.577491579388393,JCP,UNKNOWN,EX_DATE_ECONOMIC_REINVESTMENT,cache/market.json.gz; SQLite corporate_actions/B3
CG_ONLY,V0,2024-07-01,02149205000169,PSSA3,CONT_2809_PSSA3_2024-07-01,447.68953541263863,,0.0,447.68953541263863,,UNKNOWN,EX_DATE_ECONOMIC_REINVESTMENT,https://api.mziq.com/mzfilemanager/v2/d/b77a3922-d280-4451-b3ee-0afec4577834/e777cb3f-2ccb-ec02-431c-98d1c9239971?origin=2;https://api.mziq.com/mzfilemanager/v2/d/b77a3922-d280-4451-b3ee-0afec4577834/a730da5f-6984-07cc-1fac-1fab6adcd8e6?origin=2;https://api.mziq.com/mzfilemanager/v2/d/b77a3922-d280-4451-b3ee-0afec4577834/c51162ba-772b-3276-e991-5239fc18f0bc?origin=2
CG_ONLY,V0,2024-07-01,76484013000145,SAPR4,CONT_2810_SAPR4_2024-07-01,1187.178893233233,,0.0,1187.178893233233,,UNKNOWN,EX_DATE_ECONOMIC_REINVESTMENT,https://ri.sanepar.com.br/docs/Sanepar-2025-12-18-cW6NmzgB.pdf
CG_ONLY,V0,2024-07-02,60746948000112,BBDC4,BBDC4_2024-07-02_DISTRIBUTION_527,65.93981854968149,,0.0,65.93981854968149,JCP Mensais,UNKNOWN,EX_DATE_ECONOMIC_REINVESTMENT,https://www.bradescori.com.br/informacoes-ao-mercado/remuneracao-aos-acionistas/
CG_ONLY,V0,2024-07-02,01083200000118,NEOE3,CONT_2046_NEOE3_2024-07-02,383.6368052810896,,0.0,383.6368052810896,,UNKNOWN,EX_DATE_ECONOMIC_REINVESTMENT,cache/market.json.gz; B3
CG_ONLY,V0,2024-07-22,90400888000142,SANB4,CONT_2273_SANB4_2024-07-22,630.8805212779399,,0.0,630.8805212779399,,UNKNOWN,EX_DATE_ECONOMIC_REINVESTMENT,cache/market.json.gz; B3
CG_ONLY,V0,2024-07-23,61186680000174,BMGB4,CONT_610_BMGB4_2024-07-23,1021.6427501446423,,0.0,1021.6427501446423,,UNKNOWN,EX_DATE_ECONOMIC_REINVESTMENT,cache/market.json.gz; B3
CG_ONLY,V0,2024-07-29,02558157000162,VIVT3,CONT_2811_VIVT3_2024-07-29,377.3923211392493,,0.0,377.3923211392493,,UNKNOWN,EX_DATE_ECONOMIC_REINVESTMENT,https://api.mziq.com/mzfilemanager/v2/d/24165f81-24d6-4648-bf9f-66712905d5a2/34b95df5-e8c3-6d48-b667-42e740e0df5e?origin=2
CG_ONLY,V0,2024-08-01,60872504000123,ITUB4,ITUB4_2024-08-01_DISTRIBUTION_131,22.59951590929653,,0.0,22.59951590929653,JCP,UNKNOWN,EX_DATE_ECONOMIC_REINVESTMENT,cache/market.json.gz; SQLite corporate_actions/B3
CG_ONLY,V0,2024-08-02,60746948000112,BBDC4,BBDC4_2024-08-02_DISTRIBUTION_528,66.23790372679633,,0.0,66.23790372679633,JCP Mensais,UNKNOWN,EX_DATE_ECONOMIC_REINVESTMENT,https://www.bradescori.com.br/informacoes-ao-mercado/remuneracao-aos-acionistas/
CG_ONLY,V0,2024-08-16,07859971000130,TAEE4,CONT_2396_TAEE4_2024-08-16,385.4267310250336,,0.0,385.4267310250336,,UNKNOWN,EX_DATE_ECONOMIC_REINVESTMENT,cache/market.json.gz; B3
CG_ONLY,V0,2024-08-16,07859971000130,TAEE4,CONT_2397_TAEE4_2024-08-16,433.5246565127329,,0.0,433.5246565127329,,UNKNOWN,EX_DATE_ECONOMIC_REINVESTMENT,cache/market.json.gz; B3
CG_ONLY,V0,2024-08-19,17344597000194,BBSE3,CONT_2551_BBSE3_2024-08-19,1833.614931219964,,0.0,1833.614931219964,,UNKNOWN,EX_DATE_ECONOMIC_REINVESTMENT,BBSE_DIV
CG_ONLY,V0,2024-08-22,00000000000191,BBAS3,CONT_159_BBAS3_2024-08-22,515.082230526252,,0.0,515.082230526252,,UNKNOWN,EX_DATE_ECONOMIC_REINVESTMENT,cache/market.json.gz; B3
CG_ONLY,V0,2024-08-22,00000000000191,BBAS3,CONT_160_BBAS3_2024-08-22,9.181358293766376,,0.0,9.181358293766376,,UNKNOWN,EX_DATE_ECONOMIC_REINVESTMENT,cache/market.json.gz; B3
CG_ONLY,V0,2024-08-22,02474103000119,TBLE3,TBLE3_2024-08-22_DISTRIBUTION_338,1123.8012997660958,,0.0,1123.8012997660958,CASH_DIVIDEND,UNKNOWN,EX_DATE_ECONOMIC_REINVESTMENT,cache/market.json.gz; SQLite corporate_actions/B3
CG_ONLY,V0,2024-08-26,17155730000164,CMIG4,CMIG4_2024-08-26_DISTRIBUTION_384,2178.7207366500606,,0.0,2178.7207366500606,CASH_DIVIDEND,UNKNOWN,EX_DATE_ECONOMIC_REINVESTMENT,cache/market.json.gz; SQLite corporate_actions/B3
CG_ONLY,V0,2024-08-27,02558157000162,VIVT3,CONT_2812_VIVT3_2024-08-27,234.82234885636188,,0.0,234.82234885636188,,UNKNOWN,EX_DATE_ECONOMIC_REINVESTMENT,https://api.mziq.com/mzfilemanager/v2/d/24165f81-24d6-4648-bf9f-66712905d5a2/34b95df5-e8c3-6d48-b667-42e740e0df5e?origin=2
CG_ONLY,V0,2024-09-02,60872504000123,ITUB4,ITUB4_2024-09-02_DISTRIBUTION_130,22.629359252448086,,0.0,22.629359252448086,JCP,UNKNOWN,EX_DATE_ECONOMIC_REINVESTMENT,cache/market.json.gz; SQLite corporate_actions/B3
CG_ONLY,V0,2024-09-03,60746948000112,BBDC4,BBDC4_2024-09-03_DISTRIBUTION_529,66.33725958227272,,0.0,66.33725958227272,JCP Mensais,UNKNOWN,EX_DATE_ECONOMIC_REINVESTMENT,https://www.bradescori.com.br/informacoes-ao-mercado/remuneracao-aos-acionistas/
CG_ONLY,V0,2024-09-12,00000000000191,BBAS3,CONT_158_BBAS3_2024-09-12,309.7899210587826,,0.0,309.7899210587826,,UNKNOWN,EX_DATE_ECONOMIC_REINVESTMENT,cache/market.json.gz; B3
CG_ONLY,V0,2024-09-18,17281106000103,CSMG3,CONT_2468_CSMG3_2024-09-18,52.898080844186325,,0.0,52.898080844186325,,UNKNOWN,EX_DATE_ECONOMIC_REINVESTMENT,CSMG_RI_V4
CG_ONLY,V0,2024-09-18,17281106000103,CSMG3,CONT_2469_CSMG3_2024-09-18,693.7828856796515,,0.0,693.7828856796515,,UNKNOWN,EX_DATE_ECONOMIC_REINVESTMENT,CSMG_RI_V4
CG_ONLY,V0,2024-09-20,60872504000123,ITUB4,ITUB4_2024-09-20_DISTRIBUTION_129,350.1619633898896,,0.0,350.1619633898896,JCP,UNKNOWN,EX_DATE_ECONOMIC_REINVESTMENT,cache/market.json.gz; SQLite corporate_actions/B3
CG_ONLY,V0,2024-09-24,17155730000164,CMIG4,CMIG4_2024-09-24_DISTRIBUTION_383,378.2182872740811,,0.0,378.2182872740811,JCP,UNKNOWN,EX_DATE_ECONOMIC_REINVESTMENT,cache/market.json.gz; SQLite corporate_actions/B3
CG_ONLY,V0,2024-09-24,02558115000121,TIMS3,CONT_2813_TIMS3_2024-09-24,338.8308855451965,,0.0,338.8308855451965,,UNKNOWN,EX_DATE_ECONOMIC_REINVESTMENT,https://api.mziq.com/mzfilemanager/v2/d/4c4aa51f-1235-4aa1-8b83-adc92e8dacc3/fe09b9a3-18a3-e37d-1df3-896ec7b734c4?origin=2
CG_ONLY,V0,2024-09-30,02149205000169,PSSA3,CONT_2814_PSSA3_2024-09-30,582.7046568623147,,0.0,582.7046568623147,,UNKNOWN,EX_DATE_ECONOMIC_REINVESTMENT,https://api.mziq.com/mzfilemanager/v2/d/b77a3922-d280-4451-b3ee-0afec4577834/570ca052-e3e2-0149-87a1-af4b28a97d7e?origin=2;https://api.mziq.com/mzfilemanager/v2/d/b77a3922-d280-4451-b3ee-0afec4577834/a730da5f-6984-07cc-1fac-1fab6adcd8e6?origin=2;https://api.mziq.com/mzfilemanager/v2/d/b77a3922-d280-4451-b3ee-0afec4577834/c51162ba-772b-3276-e991-5239fc18f0bc?origin=2
CG_ONLY,V0,2024-10-01,60746948000112,BBDC4,BBDC4_2024-10-01_DISTRIBUTION_530,691.4027719360763,,0.0,691.4027719360763,JCP Intermediários,UNKNOWN,EX_DATE_ECONOMIC_REINVESTMENT,https://www.bradescori.com.br/informacoes-ao-mercado/remuneracao-aos-acionistas/
CG_ONLY,V0,2024-10-01,76483817000120,CPLE6,CONT_903_CPLE6_2024-10-01,329.3411617030652,,0.0,329.3411617030652,,UNKNOWN,EX_DATE_ECONOMIC_REINVESTMENT,cache/market.json.gz; B3
CG_ONLY,V0,2024-10-01,76483817000120,CPLE6,CONT_904_CPLE6_2024-10-01,461.14894203441975,,0.0,461.14894203441975,,UNKNOWN,EX_DATE_ECONOMIC_REINVESTMENT,cache/market.json.gz; B3
CG_ONLY,V0,2024-10-01,60872504000123,ITUB4,ITUB4_2024-10-01_DISTRIBUTION_128,22.812346115555297,,0.0,22.812346115555297,JCP,UNKNOWN,EX_DATE_ECONOMIC_REINVESTMENT,cache/market.json.gz; SQLite corporate_actions/B3
CG_ONLY,V0,2024-10-02,60746948000112,BBDC4,BBDC4_2024-10-02_DISTRIBUTION_531,67.31025191604061,,0.0,67.31025191604061,JCP Mensais,UNKNOWN,EX_DATE_ECONOMIC_REINVESTMENT,https://www.bradescori.com.br/informacoes-ao-mercado/remuneracao-aos-acionistas/
CG_ONLY,V0,2024-10-18,90400888000142,SANB4,CONT_2271_SANB4_2024-10-18,85.69943771753093,,0.0,85.69943771753093,,UNKNOWN,EX_DATE_ECONOMIC_REINVESTMENT,cache/market.json.gz; B3
CG_ONLY,V0,2024-10-18,90400888000142,SANB4,CONT_2272_SANB4_2024-10-18,557.0463451791949,,0.0,557.0463451791949,,UNKNOWN,EX_DATE_ECONOMIC_REINVESTMENT,cache/market.json.gz; B3
CG_ONLY,V0,2024-10-22,61186680000174,BMGB4,CONT_609_BMGB4_2024-10-22,1050.67448599607,,0.0,1050.67448599607,,UNKNOWN,EX_DATE_ECONOMIC_REINVESTMENT,cache/market.json.gz; B3
CG_ONLY,V0,2024-11-01,60872504000123,ITUB4,ITUB4_2024-11-01_DISTRIBUTION_127,22.823688028483176,,0.0,22.823688028483176,JCP,UNKNOWN,EX_DATE_ECONOMIC_REINVESTMENT,cache/market.json.gz; SQLite corporate_actions/B3
CG_ONLY,V0,2024-11-04,60746948000112,BBDC4,BBDC4_2024-11-04_DISTRIBUTION_532,67.39427817747803,,0.0,67.39427817747803,JCP Mensais,UNKNOWN,EX_DATE_ECONOMIC_REINVESTMENT,https://www.bradescori.com.br/informacoes-ao-mercado/remuneracao-aos-acionistas/
CG_ONLY,V0,2024-11-12,07859971000130,TAEE4,CONT_2394_TAEE4_2024-11-12,350.0466126348734,,0.0,350.0466126348734,,UNKNOWN,EX_DATE_ECONOMIC_REINVESTMENT,cache/market.json.gz; B3
CG_ONLY,V0,2024-11-12,07859971000130,TAEE4,CONT_2395_TAEE4_2024-11-12,520.3094168279092,,0.0,520.3094168279092,,UNKNOWN,EX_DATE_ECONOMIC_REINVESTMENT,cache/market.json.gz; B3
CG_ONLY,V0,2024-11-26,00000000000191,BBAS3,CONT_157_BBAS3_2024-11-26,812.9604501370741,,0.0,812.9604501370741,,UNKNOWN,EX_DATE_ECONOMIC_REINVESTMENT,cache/market.json.gz; B3
CG_ONLY,V0,2024-12-02,60872504000123,ITUB4,ITUB4_2024-12-02_DISTRIBUTION_126,22.83526051034766,,0.0,22.83526051034766,JCP,UNKNOWN,EX_DATE_ECONOMIC_REINVESTMENT,cache/market.json.gz; SQLite corporate_actions/B3
CG_ONLY,V0,2024-12-03,60746948000112,BBDC4,BBDC4_2024-12-03_DISTRIBUTION_533,67.56294452754712,,0.0,67.56294452754712,JCP Mensais,UNKNOWN,EX_DATE_ECONOMIC_REINVESTMENT,https://www.bradescori.com.br/informacoes-ao-mercado/remuneracao-aos-acionistas/
CG_ONLY,V0,2024-12-05,61186680000174,BMGB4,CONT_608_BMGB4_2024-12-05,1505.5368930315092,,0.0,1505.5368930315092,,UNKNOWN,EX_DATE_ECONOMIC_REINVESTMENT,cache/market.json.gz; B3
CG_ONLY,V0,2024-12-10,60872504000123,ITUB4,ITUB4_2024-12-10_DISTRIBUTION_125,402.8581608426516,,0.0,402.8581608426516,JCP,UNKNOWN,EX_DATE_ECONOMIC_REINVESTMENT,cache/market.json.gz; SQLite corporate_actions/B3
CG_ONLY,V0,2024-12-10,60872504000123,XPBR31,XPBR31_2024-12-10_DISTRIBUTION_689,78.56665176751308,,0.0,78.56665176751308,,UNKNOWN,EX_DATE_ECONOMIC_REINVESTMENT,https://www.sec.gov/Archives/edgar/data/1787425/000095010324016520/dp220822_ex9902.htm
CG_ONLY,V0,2024-12-12,00000000000191,BBAS3,CONT_156_BBAS3_2024-12-12,303.50945452387515,,0.0,303.50945452387515,,UNKNOWN,EX_DATE_ECONOMIC_REINVESTMENT,cache/market.json.gz; B3
CG_ONLY,V0,2024-12-12,76483817000120,CPLE6,CONT_902_CPLE6_2024-12-12,994.51335342259,,0.0,994.51335342259,,UNKNOWN,EX_DATE_ECONOMIC_REINVESTMENT,cache/market.json.gz; B3
CG_ONLY,V0,2024-12-18,01083200000118,NEOE3,CONT_2045_NEOE3_2024-12-18,619.8774847516296,,0.0,619.8774847516296,,UNKNOWN,EX_DATE_ECONOMIC_REINVESTMENT,cache/market.json.gz; B3
CG_ONLY,V0,2024-12-20,02474103000119,TBLE3,TBLE3_2024-12-20_DISTRIBUTION_337,317.7029444031839,,0.0,317.7029444031839,JCP,UNKNOWN,EX_DATE_ECONOMIC_REINVESTMENT,cache/market.json.gz; SQLite corporate_actions/B3
CG_ONLY,V0,2024-12-26,17155730000164,CMIG4,CMIG4_2024-12-26_DISTRIBUTION_382,451.55506531417484,,0.0,451.55506531417484,JCP,UNKNOWN,EX_DATE_ECONOMIC_REINVESTMENT,cache/market.json.gz; SQLite corporate_actions/B3
CG_ONLY,V0,2024-12-26,02558115000121,TIMS3,CONT_2815_TIMS3_2024-12-26,740.7952079949715,,0.0,740.7952079949715,,UNKNOWN,EX_DATE_ECONOMIC_REINVESTMENT,https://api.mziq.com/mzfilemanager/v2/d/4c4aa51f-1235-4aa1-8b83-adc92e8dacc3/460d56a0-3839-eea2-ca39-3b7a421cc079?origin=2
CG_ONLY,V0,2024-12-26,17281106000103,CSMG3,CONT_2470_CSMG3_2024-12-26,791.8334563031973,,0.0,791.8334563031973,,UNKNOWN,EX_DATE_ECONOMIC_REINVESTMENT,CSMG_RI_V4
CG_ONLY,V0,2024-12-27,02558157000162,VIVT3,CONT_2816_VIVT3_2024-12-27,712.8069713628855,,0.0,712.8069713628855,,UNKNOWN,EX_DATE_ECONOMIC_REINVESTMENT,https://api.mziq.com/mzfilemanager/v2/d/24165f81-24d6-4648-bf9f-66712905d5a2/34b95df5-e8c3-6d48-b667-42e740e0df5e?origin=2
CG_ONLY,V0,2024-12-30,28195667000106,ABCB4,CONT_3_ABCB4_2024-12-30,1778.000270279724,,0.0,1778.000270279724,,UNKNOWN,EX_DATE_ECONOMIC_REINVESTMENT,cache/market.json.gz; B3
CG_ONLY,V0,2024-12-30,00001180000126,ELET3,CONT_88_ELET3_2024-12-30,1008.1634182413387,,0.0,1008.1634182413387,,UNKNOWN,EX_DATE_ECONOMIC_REINVESTMENT,cache/market.json.gz; B3
CG_ONLY,V0,2025-01-02,60746948000112,BBDC4,BBDC4_2025-01-02_DISTRIBUTION_534,1048.3635401070085,,0.0,1048.3635401070085,JCP Complementar,UNKNOWN,EX_DATE_ECONOMIC_REINVESTMENT,https://www.bradescori.com.br/informacoes-ao-mercado/remuneracao-aos-acionistas/
CG_ONLY,V0,2025-01-02,60872504000123,ITUB4,ITUB4_2025-01-02_DISTRIBUTION_124,23.11109797944778,,0.0,23.11109797944778,JCP,UNKNOWN,EX_DATE_ECONOMIC_REINVESTMENT,cache/market.json.gz; SQLite corporate_actions/B3
CG_ONLY,V0,2025-01-02,02149205000169,PSSA3,CONT_2817_PSSA3_2025-01-02,605.3986239932159,,0.0,605.3986239932159,,UNKNOWN,EX_DATE_ECONOMIC_REINVESTMENT,https://api.mziq.com/mzfilemanager/v2/d/b77a3922-d280-4451-b3ee-0afec4577834/40e2196e-eb57-3662-b172-55aa2cb52627?origin=2;https://api.mziq.com/mzfilemanager/v2/d/b77a3922-d280-4451-b3ee-0afec4577834/a730da5f-6984-07cc-1fac-1fab6adcd8e6?origin=2;https://api.mziq.com/mzfilemanager/v2/d/b77a3922-d280-4451-b3ee-0afec4577834/c51162ba-772b-3276-e991-5239fc18f0bc?origin=2;https://api.mziq.com/mzfilemanager/v2/d/b77a3922-d280-4451-b3ee-0afec4577834/da5a8cba-c0a0-3baf-39e4-4db496dbb574?origin=2
CG_ONLY,V0,2025-01-02,76484013000145,SAPR4,CONT_2818_SAPR4_2025-01-02,1316.0988074774534,,0.0,1316.0988074774534,,UNKNOWN,EX_DATE_ECONOMIC_REINVESTMENT,https://ri.sanepar.com.br/docs/Sanepar-2025-12-18-cW6NmzgB.pdf
CG_ONLY,V0,2025-01-03,60746948000112,BBDC4,BBDC4_2025-01-03_DISTRIBUTION_504,69.53415459800232,,0.0,69.53415459800232,JCP Mensais,UNKNOWN,EX_DATE_ECONOMIC_REINVESTMENT,https://www.bradescori.com.br/informacoes-ao-mercado/remuneracao-aos-acionistas/
CG_ONLY,V0,2025-01-10,02998611000104,TRPL4,CONT_1372_TRPL4_2025-01-10,1375.0929178839342,,0.0,1375.0929178839342,,UNKNOWN,EX_DATE_ECONOMIC_REINVESTMENT,cache/market.json.gz; B3
CG_ONLY,V0,2025-01-14,03220438000173,EQTL3,CONT_1115_EQTL3_2025-01-14,127.84341258461944,,0.0,127.84341258461944,,UNKNOWN,EX_DATE_ECONOMIC_REINVESTMENT,cache/market.json.gz; B3
CG_ONLY,V0,2025-01-23,90400888000142,SANB4,CONT_2270_SANB4_2025-01-23,661.2196452948849,,0.0,661.2196452948849,,UNKNOWN,EX_DATE_ECONOMIC_REINVESTMENT,cache/market.json.gz; B3
CG_ONLY,V0,2025-02-03,60872504000123,ITUB4,ITUB4_2025-02-03_DISTRIBUTION_123,23.171212705826523,,0.0,23.171212705826523,JCP,UNKNOWN,EX_DATE_ECONOMIC_REINVESTMENT,cache/market.json.gz; SQLite corporate_actions/B3
CG_ONLY,V0,2025-02-04,60746948000112,BBDC4,BBDC4_2025-02-04_DISTRIBUTION_505,69.78303211351736,,0.0,69.78303211351736,JCP Mensais,UNKNOWN,EX_DATE_ECONOMIC_REINVESTMENT,https://www.bradescori.com.br/informacoes-ao-mercado/remuneracao-aos-acionistas/
CG_ONLY,V0,2025-02-12,02998611000104,TRPL4,CONT_1371_TRPL4_2025-02-12,1427.3802908321313,,0.0,1427.3802908321313,,UNKNOWN,EX_DATE_ECONOMIC_REINVESTMENT,cache/market.json.gz; B3
CG_ONLY,V0,2025-02-18,60872504000123,ITUB4,ITUB4_2025-02-18_DISTRIBUTION_121,1643.4470925640883,,0.0,1643.4470925640883,CASH_DIVIDEND,UNKNOWN,EX_DATE_ECONOMIC_REINVESTMENT,cache/market.json.gz; SQLite corporate_actions/B3
CG_ONLY,V0,2025-02-18,60872504000123,ITUB4,ITUB4_2025-02-18_DISTRIBUTION_122,438.0668770791088,,0.0,438.0668770791088,JCP,UNKNOWN,EX_DATE_ECONOMIC_REINVESTMENT,cache/market.json.gz; SQLite corporate_actions/B3
CG_ONLY,V0,2025-02-18,02558115000121,TIMS3,CONT_2819_TIMS3_2025-02-18,233.27489932024463,,0.0,233.27489932024463,,UNKNOWN,EX_DATE_ECONOMIC_REINVESTMENT,https://api.mziq.com/mzfilemanager/v2/d/4c4aa51f-1235-4aa1-8b83-adc92e8dacc3/c3e2e836-6075-b3ce-b317-55fd6a9c84d5?origin=2
CG_ONLY,V0,2025-02-21,17344597000194,BBSE3,CONT_2550_BBSE3_2025-02-21,3111.1569414988776,,0.0,3111.1569414988776,,UNKNOWN,EX_DATE_ECONOMIC_REINVESTMENT,BBSE_DIV
CG_ONLY,V0,2025-02-25,02558157000162,VIVT3,CONT_2820_VIVT3_2025-02-25,108.86610523889765,,0.0,108.86610523889765,,UNKNOWN,EX_DATE_ECONOMIC_REINVESTMENT,https://api.mziq.com/mzfilemanager/v2/d/24165f81-24d6-4648-bf9f-66712905d5a2/34b95df5-e8c3-6d48-b667-42e740e0df5e?origin=2
CG_ONLY,V0,2025-02-28,02558157000162,VIVT3,CONT_2821_VIVT3_2025-02-28,1212.907178890999,,0.0,1212.907178890999,,UNKNOWN,EX_DATE_ECONOMIC_REINVESTMENT,https://api.mziq.com/mzfilemanager/v2/d/24165f81-24d6-4648-bf9f-66712905d5a2/34b95df5-e8c3-6d48-b667-42e740e0df5e?origin=2
CG_ONLY,V0,2025-03-05,60872504000123,ITUB4,ITUB4_2025-03-05_DISTRIBUTION_120,24.294808909569163,,0.0,24.294808909569163,JCP,UNKNOWN,EX_DATE_ECONOMIC_REINVESTMENT,cache/market.json.gz; SQLite corporate_actions/B3
CG_ONLY,V0,2025-03-06,60746948000112,BBDC4,BBDC4_2025-03-06_DISTRIBUTION_506,70.26224066009772,,0.0,70.26224066009772,JCP Mensais,UNKNOWN,EX_DATE_ECONOMIC_REINVESTMENT,https://www.bradescori.com.br/informacoes-ao-mercado/remuneracao-aos-acionistas/
CG_ONLY,V0,2025-03-06,17281106000103,CSMG3,CONT_2471_CSMG3_2025-03-06,386.89851492438726,,0.0,386.89851492438726,,UNKNOWN,EX_DATE_ECONOMIC_REINVESTMENT,CSMG_RI_V4
CG_ONLY,V0,2025-03-06,17281106000103,CSMG3,CONT_2472_CSMG3_2025-03-06,652.174021574925,,0.0,652.174021574925,,UNKNOWN,EX_DATE_ECONOMIC_REINVESTMENT,CSMG_RI_V4
CG_ONLY,V0,2025-03-12,00000000000191,BBAS3,CONT_154_BBAS3_2025-03-12,15.50013786594484,,0.0,15.50013786594484,,UNKNOWN,EX_DATE_ECONOMIC_REINVESTMENT,cache/market.json.gz; B3
CG_ONLY,V0,2025-03-12,00000000000191,BBAS3,CONT_155_BBAS3_2025-03-12,259.21691909892803,,0.0,259.21691909892803,,UNKNOWN,EX_DATE_ECONOMIC_REINVESTMENT,cache/market.json.gz; B3
CG_ONLY,V0,2025-03-12,02998611000104,TRPL4,CONT_1370_TRPL4_2025-03-12,1479.985560106168,,0.0,1479.985560106168,,UNKNOWN,EX_DATE_ECONOMIC_REINVESTMENT,cache/market.json.gz; B3
CG_ONLY,V0,2025-03-25,02558157000162,VIVT3,CONT_2822_VIVT3_2025-03-25,124.50296003620433,,0.0,124.50296003620433,,UNKNOWN,EX_DATE_ECONOMIC_REINVESTMENT,https://api.mziq.com/mzfilemanager/v2/d/24165f81-24d6-4648-bf9f-66712905d5a2/34b95df5-e8c3-6d48-b667-42e740e0df5e?origin=2
CG_ONLY,V0,2025-03-26,17155730000164,CMIG4,CMIG4_2025-03-26_DISTRIBUTION_381,439.9920398750971,,0.0,439.9920398750971,JCP,UNKNOWN,EX_DATE_ECONOMIC_REINVESTMENT,cache/market.json.gz; SQLite corporate_actions/B3
CG_ONLY,V0,2025-03-27,17281106000103,CSMG3,CONT_2473_CSMG3_2025-03-27,79.00772515741349,,0.0,79.00772515741349,,UNKNOWN,EX_DATE_ECONOMIC_REINVESTMENT,CSMG_RI_V4
CG_ONLY,V0,2025-03-31,02149205000169,PSSA3,CONT_2823_PSSA3_2025-03-31,696.5707227863729,,0.0,696.5707227863729,,UNKNOWN,EX_DATE_ECONOMIC_REINVESTMENT,https://api.mziq.com/mzfilemanager/v2/d/b77a3922-d280-4451-b3ee-0afec4577834/a730da5f-6984-07cc-1fac-1fab6adcd8e6?origin=2;https://api.mziq.com/mzfilemanager/v2/d/b77a3922-d280-4451-b3ee-0afec4577834/c51162ba-772b-3276-e991-5239fc18f0bc?origin=2;https://api.mziq.com/mzfilemanager/v2/d/b77a3922-d280-4451-b3ee-0afec4577834/da5a8cba-c0a0-3baf-39e4-4db496dbb574?origin=2
CG_ONLY,V0,2025-03-31,02149205000169,PSSA3,CONT_2824_PSSA3_2025-03-31,184.5976645608394,,0.0,184.5976645608394,,UNKNOWN,EX_DATE_ECONOMIC_REINVESTMENT,https://api.mziq.com/mzfilemanager/v2/d/b77a3922-d280-4451-b3ee-0afec4577834/c51162ba-772b-3276-e991-5239fc18f0bc?origin=2
CG_ONLY,V0,2025-03-31,02149205000169,PSSA3,CONT_2825_PSSA3_2025-03-31,629.433288669658,,0.0,629.433288669658,,UNKNOWN,EX_DATE_ECONOMIC_REINVESTMENT,https://api.mziq.com/mzfilemanager/v2/d/b77a3922-d280-4451-b3ee-0afec4577834/2e6836fc-964e-5c54-74c0-a476d1b256eb?origin=2;https://api.mziq.com/mzfilemanager/v2/d/b77a3922-d280-4451-b3ee-0afec4577834/5fc07a56-476a-56fa-1f90-8b87c4a74dfe?origin=2
CG_ONLY,V0,2025-04-01,60746948000112,BBDC4,BBDC4_2025-04-01_DISTRIBUTION_507,844.99950466059,,0.0,844.99950466059,JCP Intermediários,UNKNOWN,EX_DATE_ECONOMIC_REINVESTMENT,https://www.bradescori.com.br/informacoes-ao-mercado/remuneracao-aos-acionistas/
CG_ONLY,V0,2025-04-01,60872504000123,ITUB4,ITUB4_2025-04-01_DISTRIBUTION_119,26.738847939877296,,0.0,26.738847939877296,JCP,UNKNOWN,EX_DATE_ECONOMIC_REINVESTMENT,cache/market.json.gz; SQLite corporate_actions/B3
CG_ONLY,V0,2025-04-01,02558115000121,TIMS3,CONT_2826_TIMS3_2025-04-01,574.4222735698484,,0.0,574.4222735698484,,UNKNOWN,EX_DATE_ECONOMIC_REINVESTMENT,https://api.mziq.com/mzfilemanager/v2/d/4c4aa51f-1235-4aa1-8b83-adc92e8dacc3/63e953d4-a03b-a28c-2791-3e2e5f65522e?origin=2;https://api.mziq.com/mzfilemanager/v2/d/4c4aa51f-1235-4aa1-8b83-adc92e8dacc3/81ea23ff-0f2a-9337-a19e-18732415238d?origin=2
CG_ONLY,V0,2025-04-02,60746948000112,BBDC4,BBDC4_2025-04-02_DISTRIBUTION_508,71.7351932051601,,0.0,71.7351932051601,JCP Mensais,UNKNOWN,EX_DATE_ECONOMIC_REINVESTMENT,https://www.bradescori.com.br/informacoes-ao-mercado/remuneracao-aos-acionistas/
CG_ONLY,V0,2025-04-03,61186680000174,BMGB4,CONT_607_BMGB4_2025-04-03,1313.8973313179454,,0.0,1313.8973313179454,,UNKNOWN,EX_DATE_ECONOMIC_REINVESTMENT,cache/market.json.gz; B3
CG_ONLY,V0,2025-04-04,02558115000121,TIMS3,CONT_2827_TIMS3_2025-04-04,810.907455402852,,0.0,810.907455402852,,UNKNOWN,EX_DATE_ECONOMIC_REINVESTMENT,https://api.mziq.com/mzfilemanager/v2/d/4c4aa51f-1235-4aa1-8b83-adc92e8dacc3/762980b9-e792-0a74-6f3f-67a09abe2c68?origin=2;https://api.mziq.com/mzfilemanager/v2/d/4c4aa51f-1235-4aa1-8b83-adc92e8dacc3/874a85d8-21a6-3d74-940e-4a72a17a74d8?origin=2
CG_ONLY,V0,2025-04-04,02558115000121,TIMS3,CONT_2828_TIMS3_2025-04-04,809.7219198020813,,0.0,809.7219198020813,,UNKNOWN,EX_DATE_ECONOMIC_REINVESTMENT,https://api.mziq.com/mzfilemanager/v2/d/4c4aa51f-1235-4aa1-8b83-adc92e8dacc3/762980b9-e792-0a74-6f3f-67a09abe2c68?origin=2
CG_ONLY,V0,2025-04-04,02558115000121,TIMS3,CONT_2829_TIMS3_2025-04-04,809.7219198020813,,0.0,809.7219198020813,,UNKNOWN,EX_DATE_ECONOMIC_REINVESTMENT,https://api.mziq.com/mzfilemanager/v2/d/4c4aa51f-1235-4aa1-8b83-adc92e8dacc3/762980b9-e792-0a74-6f3f-67a09abe2c68?origin=2
CG_ONLY,V0,2025-04-14,02558157000162,VIVT3,CONT_2830_VIVT3_2025-04-14,149.7794341285866,,0.0,149.7794341285866,,UNKNOWN,EX_DATE_ECONOMIC_REINVESTMENT,https://api.mziq.com/mzfilemanager/v2/d/24165f81-24d6-4648-bf9f-66712905d5a2/34b95df5-e8c3-6d48-b667-42e740e0df5e?origin=2
CG_ONLY,V0,2025-04-22,01083200000118,NEOE3,CONT_2044_NEOE3_2025-04-22,844.8045354403504,,0.0,844.8045354403504,,UNKNOWN,EX_DATE_ECONOMIC_REINVESTMENT,cache/market.json.gz; B3
CG_ONLY,V0,2025-04-22,90400888000142,SANB4,CONT_2269_SANB4_2025-04-22,678.3938799759417,,0.0,678.3938799759417,,UNKNOWN,EX_DATE_ECONOMIC_REINVESTMENT,cache/market.json.gz; B3
CG_ONLY,V0,2025-04-25,76483817000120,CPLE6,CONT_901_CPLE6_2025-04-25,2128.7458119970775,,0.0,2128.7458119970775,,UNKNOWN,EX_DATE_ECONOMIC_REINVESTMENT,cache/market.json.gz; B3
CG_ONLY,V0,2025-04-25,02998609000127,AURE3,CONT_78_AURE3_2025-04-25,212.85391924679493,,0.0,212.85391924679493,,UNKNOWN,EX_DATE_ECONOMIC_REINVESTMENT,cache/market.json.gz; B3
CG_ONLY,V0,2025-04-30,02429144000193,CPFE3,CONT_835_CPFE3_2025-04-30,3778.6535616856627,,0.0,3778.6535616856627,,UNKNOWN,EX_DATE_ECONOMIC_REINVESTMENT,cache/market.json.gz; B3
CG_ONLY,V0,2025-04-30,07859971000130,TAEE4,CONT_2393_TAEE4_2025-04-30,430.2585764283223,,0.0,430.2585764283223,,UNKNOWN,EX_DATE_ECONOMIC_REINVESTMENT,cache/market.json.gz; B3
CG_ONLY,V0,2025-04-30,00001180000126,ELET3,CONT_87_ELET3_2025-04-30,1078.4345463919517,,0.0,1078.4345463919517,,UNKNOWN,EX_DATE_ECONOMIC_REINVESTMENT,cache/market.json.gz; B3
CG_ONLY,V0,2025-05-02,17155730000164,CMIG4,CMIG4_2025-05-02_DISTRIBUTION_380,1547.6275463986485,,0.0,1547.6275463986485,CASH_DIVIDEND,UNKNOWN,EX_DATE_ECONOMIC_REINVESTMENT,cache/market.json.gz; SQLite corporate_actions/B3
CG_ONLY,V0,2025-05-02,03220438000173,EQTL3,CONT_1113_EQTL3_2025-05-02,771.794934462141,,0.0,771.794934462141,,UNKNOWN,EX_DATE_ECONOMIC_REINVESTMENT,cache/market.json.gz; B3
CG_ONLY,V0,2025-05-02,03220438000173,EQTL3,CONT_1114_EQTL3_2025-05-02,244.7670051443112,,0.0,244.7670051443112,,UNKNOWN,EX_DATE_ECONOMIC_REINVESTMENT,cache/market.json.gz; B3
CG_ONLY,V0,2025-05-02,60872504000123,ITUB4,ITUB4_2025-05-02_DISTRIBUTION_118,26.75387789739764,,0.0,26.75387789739764,JCP,UNKNOWN,EX_DATE_ECONOMIC_REINVESTMENT,cache/market.json.gz; SQLite corporate_actions/B3
CG_ONLY,V0,2025-05-05,60746948000112,BBDC4,BBDC4_2025-05-05_DISTRIBUTION_509,71.92488795909361,,0.0,71.92488795909361,JCP Mensais,UNKNOWN,EX_DATE_ECONOMIC_REINVESTMENT,https://www.bradescori.com.br/informacoes-ao-mercado/remuneracao-aos-acionistas/
CG_ONLY,V0,2025-05-07,02474103000119,TBLE3,TBLE3_2025-05-07_DISTRIBUTION_336,958.5920164510861,,0.0,958.5920164510861,CASH_DIVIDEND,UNKNOWN,EX_DATE_ECONOMIC_REINVESTMENT,cache/market.json.gz; SQLite corporate_actions/B3
CG_ONLY,V0,2025-05-13,07859971000130,TAEE4,CONT_2392_TAEE4_2025-05-13,740.100955770676,,0.0,740.100955770676,,UNKNOWN,EX_DATE_ECONOMIC_REINVESTMENT,cache/market.json.gz; B3
CG_ONLY,V0,2025-05-22,02558115000121,TIMS3,CONT_2831_TIMS3_2025-05-22,373.81503111684447,,0.0,373.81503111684447,,UNKNOWN,EX_DATE_ECONOMIC_REINVESTMENT,https://api.mziq.com/mzfilemanager/v2/d/4c4aa51f-1235-4aa1-8b83-adc92e8dacc3/0013d0b5-ccfb-f36d-38e0-d593d79e4c33?origin=2
CG_ONLY,V0,2025-05-23,02558157000162,VIVT3,CONT_2832_VIVT3_2025-05-23,312.9469000938498,,0.0,312.9469000938498,,UNKNOWN,EX_DATE_ECONOMIC_REINVESTMENT,https://api.mziq.com/mzfilemanager/v2/d/24165f81-24d6-4648-bf9f-66712905d5a2/34b95df5-e8c3-6d48-b667-42e740e0df5e?origin=2
CG_ONLY,V0,2025-06-02,60872504000123,ITUB4,ITUB4_2025-06-02_DISTRIBUTION_117,26.767190723585664,,0.0,26.767190723585664,JCP,UNKNOWN,EX_DATE_ECONOMIC_REINVESTMENT,cache/market.json.gz; SQLite corporate_actions/B3
CG_ONLY,V0,2025-06-03,00000000000191,BBAS3,CONT_153_BBAS3_2025-06-03,159.8968559831046,,0.0,159.8968559831046,,UNKNOWN,EX_DATE_ECONOMIC_REINVESTMENT,cache/market.json.gz; B3
CG_ONLY,V0,2025-06-03,60746948000112,BBDC4,BBDC4_2025-06-03_DISTRIBUTION_510,72.02750156897106,,0.0,72.02750156897106,JCP Mensais,UNKNOWN,EX_DATE_ECONOMIC_REINVESTMENT,https://www.bradescori.com.br/informacoes-ao-mercado/remuneracao-aos-acionistas/
CG_ONLY,V0,2025-06-10,60872504000123,ITUB4,ITUB4_2025-06-10_DISTRIBUTION_116,506.92165494147474,,0.0,506.92165494147474,JCP,UNKNOWN,EX_DATE_ECONOMIC_REINVESTMENT,cache/market.json.gz; SQLite corporate_actions/B3
CG_ONLY,V0,2025-06-18,01083200000118,NEOE3,CONT_2043_NEOE3_2025-06-18,533.8977906432895,,0.0,533.8977906432895,,UNKNOWN,EX_DATE_ECONOMIC_REINVESTMENT,cache/market.json.gz; B3
CG_ONLY,V0,2025-06-24,17155730000164,CMIG4,CMIG4_2025-06-24_DISTRIBUTION_379,507.34123872405905,,0.0,507.34123872405905,JCP,UNKNOWN,EX_DATE_ECONOMIC_REINVESTMENT,cache/market.json.gz; SQLite corporate_actions/B3
CG_ONLY,V0,2025-06-24,02558157000162,VIVT3,CONT_2833_VIVT3_2025-06-24,126.2978577259409,,0.0,126.2978577259409,,UNKNOWN,EX_DATE_ECONOMIC_REINVESTMENT,https://api.mziq.com/mzfilemanager/v2/d/24165f81-24d6-4648-bf9f-66712905d5a2/34b95df5-e8c3-6d48-b667-42e740e0df5e?origin=2
CG_ONLY,V0,2025-06-24,17281106000103,CSMG3,CONT_2474_CSMG3_2025-06-24,977.0299061144113,,0.0,977.0299061144113,,UNKNOWN,EX_DATE_ECONOMIC_REINVESTMENT,CSMG_RI_V4
CG_ONLY,V0,2025-06-27,02149205000169,PSSA3,CONT_2834_PSSA3_2025-06-27,721.0942105748205,,0.0,721.0942105748205,,UNKNOWN,EX_DATE_ECONOMIC_REINVESTMENT,https://api.mziq.com/mzfilemanager/v2/d/b77a3922-d280-4451-b3ee-0afec4577834/2db74f29-0975-b7c2-5402-9b64be1a06ee?origin=2;https://api.mziq.com/mzfilemanager/v2/d/b77a3922-d280-4451-b3ee-0afec4577834/5fc07a56-476a-56fa-1f90-8b87c4a74dfe?origin=2
CG_ONLY,V0,2025-07-01,28195667000106,ABCB4,CONT_2_ABCB4_2025-07-01,2832.5927967261605,,0.0,2832.5927967261605,,UNKNOWN,EX_DATE_ECONOMIC_REINVESTMENT,cache/market.json.gz; B3
CG_ONLY,V0,2025-07-01,60746948000112,BBDC4,BBDC4_2025-07-01_DISTRIBUTION_511,1034.5636603142004,,0.0,1034.5636603142004,JCP Intermediários,UNKNOWN,EX_DATE_ECONOMIC_REINVESTMENT,https://www.bradescori.com.br/informacoes-ao-mercado/remuneracao-aos-acionistas/
CG_ONLY,V0,2025-07-01,60872504000123,ITUB4,ITUB4_2025-07-01_DISTRIBUTION_115,26.896133915470443,,0.0,26.896133915470443,JCP,UNKNOWN,EX_DATE_ECONOMIC_REINVESTMENT,cache/market.json.gz; SQLite corporate_actions/B3
CG_ONLY,V0,2025-07-01,76484013000145,SAPR4,CONT_2835_SAPR4_2025-07-01,2226.247996536377,,0.0,2226.247996536377,,UNKNOWN,EX_DATE_ECONOMIC_REINVESTMENT,https://ri.sanepar.com.br/docs/Sanepar-2025-12-18-cW6NmzgB.pdf
CG_ONLY,V0,2025-07-02,60746948000112,BBDC4,BBDC4_2025-07-02_DISTRIBUTION_512,67.23745474964225,,0.0,67.23745474964225,JCP Mensais,UNKNOWN,EX_DATE_ECONOMIC_REINVESTMENT,https://www.bradescori.com.br/informacoes-ao-mercado/remuneracao-aos-acionistas/
CG_ONLY,V0,2025-07-18,90400888000142,SANB4,CONT_2268_SANB4_2025-07-18,1064.1866965593197,,0.0,1064.1866965593197,,UNKNOWN,EX_DATE_ECONOMIC_REINVESTMENT,cache/market.json.gz; B3
CG_ONLY,V0,2025-07-25,61186680000174,BMGB4,CONT_606_BMGB4_2025-07-25,1590.1643712550838,,0.0,1590.1643712550838,,UNKNOWN,EX_DATE_ECONOMIC_REINVESTMENT,cache/market.json.gz; B3
CG_ONLY,V0,2025-07-28,02558115000121,TIMS3,CONT_2836_TIMS3_2025-07-28,352.0060447367069,,0.0,352.0060447367069,,UNKNOWN,EX_DATE_ECONOMIC_REINVESTMENT,https://api.mziq.com/mzfilemanager/v2/d/4c4aa51f-1235-4aa1-8b83-adc92e8dacc3/b70c1dd1-8c25-def3-dcf4-a93d901b4918?origin=2
CG_ONLY,V0,2025-07-28,02558157000162,VIVT3,CONT_2837_VIVT3_2025-07-28,194.4915655224776,,0.0,194.4915655224776,,UNKNOWN,EX_DATE_ECONOMIC_REINVESTMENT,https://api.mziq.com/mzfilemanager/v2/d/24165f81-24d6-4648-bf9f-66712905d5a2/34b95df5-e8c3-6d48-b667-42e740e0df5e?origin=2
CG_ONLY,V0,2025-08-01,60872504000123,ITUB4,ITUB4_2025-08-01_DISTRIBUTION_114,26.932669051333182,,0.0,26.932669051333182,JCP,UNKNOWN,EX_DATE_ECONOMIC_REINVESTMENT,cache/market.json.gz; SQLite corporate_actions/B3
CG_ONLY,V0,2025-08-04,60746948000112,BBDC4,BBDC4_2025-08-04_DISTRIBUTION_513,67.31634047437247,,0.0,67.31634047437247,JCP Mensais,UNKNOWN,EX_DATE_ECONOMIC_REINVESTMENT,https://www.bradescori.com.br/informacoes-ao-mercado/remuneracao-aos-acionistas/
CG_ONLY,V0,2025-08-15,17344597000194,BBSE3,CONT_2549_BBSE3_2025-08-15,3176.0427130909,,0.0,3176.0427130909,,UNKNOWN,EX_DATE_ECONOMIC_REINVESTMENT,BBSE_DIV
CG_ONLY,V0,2025-08-18,00001180000126,ELET3,CONT_86_ELET3_2025-08-18,2557.037348815767,,0.0,2557.037348815767,,UNKNOWN,EX_DATE_ECONOMIC_REINVESTMENT,cache/market.json.gz; B3
CG_ONLY,V0,2025-08-19,60872504000123,ITUB4,ITUB4_2025-08-19_DISTRIBUTION_113,554.8032541606092,,0.0,554.8032541606092,JCP,UNKNOWN,EX_DATE_ECONOMIC_REINVESTMENT,cache/market.json.gz; SQLite corporate_actions/B3
CG_ONLY,V0,2025-08-19,07859971000130,TAEE4,CONT_2390_TAEE4_2025-08-19,386.83469213477537,,0.0,386.83469213477537,,UNKNOWN,EX_DATE_ECONOMIC_REINVESTMENT,cache/market.json.gz; B3
CG_ONLY,V0,2025-08-19,07859971000130,TAEE4,CONT_2391_TAEE4_2025-08-19,1073.7963098396551,,0.0,1073.7963098396551,,UNKNOWN,EX_DATE_ECONOMIC_REINVESTMENT,cache/market.json.gz; B3
CG_ONLY,V0,2025-08-22,02474103000119,TBLE3,TBLE3_2025-08-22_DISTRIBUTION_335,1145.18708083565,,0.0,1145.18708083565,CASH_DIVIDEND,UNKNOWN,EX_DATE_ECONOMIC_REINVESTMENT,cache/market.json.gz; SQLite corporate_actions/B3
CG_ONLY,V0,2025-08-26,02558157000162,VIVT3,CONT_2838_VIVT3_2025-08-26,148.3231841420722,,0.0,148.3231841420722,,UNKNOWN,EX_DATE_ECONOMIC_REINVESTMENT,https://api.mziq.com/mzfilemanager/v2/d/24165f81-24d6-4648-bf9f-66712905d5a2/34b95df5-e8c3-6d48-b667-42e740e0df5e?origin=2
CG_ONLY,V0,2025-09-01,60872504000123,ITUB4,ITUB4_2025-09-01_DISTRIBUTION_112,27.215963445015802,,0.0,27.215963445015802,JCP,UNKNOWN,EX_DATE_ECONOMIC_REINVESTMENT,cache/market.json.gz; SQLite corporate_actions/B3
CG_ONLY,V0,2025-09-02,60746948000112,BBDC4,BBDC4_2025-09-02_DISTRIBUTION_514,67.3979059087965,,0.0,67.3979059087965,JCP Mensais,UNKNOWN,EX_DATE_ECONOMIC_REINVESTMENT,https://www.bradescori.com.br/informacoes-ao-mercado/remuneracao-aos-acionistas/
CG_ONLY,V0,2025-09-23,02558157000162,VIVT3,CONT_2839_VIVT3_2025-09-23,238.0700603991348,,0.0,238.0700603991348,,UNKNOWN,EX_DATE_ECONOMIC_REINVESTMENT,https://api.mziq.com/mzfilemanager/v2/d/24165f81-24d6-4648-bf9f-66712905d5a2/34b95df5-e8c3-6d48-b667-42e740e0df5e?origin=2
CG_ONLY,V0,2025-09-23,17281106000103,CSMG3,CONT_2475_CSMG3_2025-09-23,942.9663097422957,,0.0,942.9663097422957,,UNKNOWN,EX_DATE_ECONOMIC_REINVESTMENT,CSMG_RI_V4
CG_ONLY,V0,2025-09-26,02149205000169,PSSA3,CONT_2840_PSSA3_2025-09-26,572.923075633764,,0.0,572.923075633764,,UNKNOWN,EX_DATE_ECONOMIC_REINVESTMENT,https://api.mziq.com/mzfilemanager/v2/d/b77a3922-d280-4451-b3ee-0afec4577834/d5711793-58d6-82f4-b474-008bee510428?origin=2;https://api.mziq.com/mzfilemanager/v2/d/b77a3922-d280-4451-b3ee-0afec4577834/5fc07a56-476a-56fa-1f90-8b87c4a74dfe?origin=2
CG_ONLY,V0,2025-09-29,02558115000121,TIMS3,CONT_2841_TIMS3_2025-09-29,534.4100910747682,,0.0,534.4100910747682,,UNKNOWN,EX_DATE_ECONOMIC_REINVESTMENT,https://api.mziq.com/mzfilemanager/v2/d/4c4aa51f-1235-4aa1-8b83-adc92e8dacc3/4d85e48c-99f9-7d97-8169-1e3a158f4c34?origin=2
CG_ONLY,V0,2025-09-30,60746948000112,BBDC4,BBDC4_2025-09-30_DISTRIBUTION_515,1056.7207445499246,,0.0,1056.7207445499246,JCP Intermediários,UNKNOWN,EX_DATE_ECONOMIC_REINVESTMENT,https://www.bradescori.com.br/informacoes-ao-mercado/remuneracao-aos-acionistas/
CG_ONLY,V0,2025-09-30,17155730000164,CMIG4,CMIG4_2025-09-30_DISTRIBUTION_378,572.2833191730357,,0.0,572.2833191730357,JCP,UNKNOWN,EX_DATE_ECONOMIC_REINVESTMENT,cache/market.json.gz; SQLite corporate_actions/B3
CG_ONLY,V0,2025-10-01,60872504000123,ITUB4,ITUB4_2025-10-01_DISTRIBUTION_111,27.228350287584256,,0.0,27.228350287584256,JCP,UNKNOWN,EX_DATE_ECONOMIC_REINVESTMENT,cache/market.json.gz; SQLite corporate_actions/B3
CG_ONLY,V0,2025-10-02,60746948000112,BBDC4,BBDC4_2025-10-02_DISTRIBUTION_516,68.60883520941577,,0.0,68.60883520941577,JCP Mensais,UNKNOWN,EX_DATE_ECONOMIC_REINVESTMENT,https://www.bradescori.com.br/informacoes-ao-mercado/remuneracao-aos-acionistas/
CG_ONLY,V0,2025-10-22,90400888000142,SANB4,CONT_2267_SANB4_2025-10-22,1099.2329030542899,,0.0,1099.2329030542899,,UNKNOWN,EX_DATE_ECONOMIC_REINVESTMENT,cache/market.json.gz; B3
CG_ONLY,V0,2025-10-28,02558157000162,VIVT3,CONT_2842_VIVT3_2025-10-28,227.01091953992113,,0.0,227.01091953992113,,UNKNOWN,EX_DATE_ECONOMIC_REINVESTMENT,https://api.mziq.com/mzfilemanager/v2/d/24165f81-24d6-4648-bf9f-66712905d5a2/34b95df5-e8c3-6d48-b667-42e740e0df5e?origin=2
CG_ONLY,V0,2025-10-31,02998611000104,TRPL4,CONT_1369_TRPL4_2025-10-31,570.778372275257,,0.0,570.778372275257,,UNKNOWN,EX_DATE_ECONOMIC_REINVESTMENT,cache/market.json.gz; B3
CG_ONLY,V0,2025-11-03,60872504000123,ITUB4,ITUB4_2025-11-03_DISTRIBUTION_110,27.268118997585898,,0.0,27.268118997585898,JCP,UNKNOWN,EX_DATE_ECONOMIC_REINVESTMENT,cache/market.json.gz; SQLite corporate_actions/B3
CG_ONLY,V0,2025-11-04,60746948000112,BBDC4,BBDC4_2025-11-04_DISTRIBUTION_517,68.68501072397464,,0.0,68.68501072397464,JCP Mensais,UNKNOWN,EX_DATE_ECONOMIC_REINVESTMENT,https://www.bradescori.com.br/informacoes-ao-mercado/remuneracao-aos-acionistas/
CG_ONLY,V0,2025-11-06,03220438000173,EQTL3,CONT_1112_EQTL3_2025-11-06,1055.8732592057636,,0.0,1055.8732592057636,,UNKNOWN,EX_DATE_ECONOMIC_REINVESTMENT,cache/market.json.gz; B3
CG_ONLY,V0,2025-11-12,61186680000174,BMGB4,CONT_605_BMGB4_2025-11-12,1635.597639005229,,0.0,1635.597639005229,,UNKNOWN,EX_DATE_ECONOMIC_REINVESTMENT,cache/market.json.gz; B3
CG_ONLY,V0,2025-11-17,07859971000130,TAEE4,CONT_2388_TAEE4_2025-11-17,894.8772330087505,,0.0,894.8772330087505,,UNKNOWN,EX_DATE_ECONOMIC_REINVESTMENT,cache/market.json.gz; B3
CG_ONLY,V0,2025-11-17,07859971000130,TAEE4,CONT_2389_TAEE4_2025-11-17,723.2212367592234,,0.0,723.2212367592234,,UNKNOWN,EX_DATE_ECONOMIC_REINVESTMENT,cache/market.json.gz; B3
CG_ONLY,V0,2025-11-17,00001180000126,ELET3,CONT_85_ELET3_2025-11-17,2863.1643978194006,,0.0,2863.1643978194006,,UNKNOWN,EX_DATE_ECONOMIC_REINVESTMENT,cache/market.json.gz; B3
CG_ONLY,V0,2025-11-25,02998611000104,TRPL4,CONT_1368_TRPL4_2025-11-25,575.892851087824,,0.0,575.892851087824,,UNKNOWN,EX_DATE_ECONOMIC_REINVESTMENT,cache/market.json.gz; B3
CG_ONLY,V0,2025-11-25,02558157000162,VIVT3,CONT_2843_VIVT3_2025-11-25,204.6222881608773,,0.0,204.6222881608773,,UNKNOWN,EX_DATE_ECONOMIC_REINVESTMENT,https://api.mziq.com/mzfilemanager/v2/d/24165f81-24d6-4648-bf9f-66712905d5a2/34b95df5-e8c3-6d48-b667-42e740e0df5e?origin=2
CG_ONLY,V0,2025-12-01,60872504000123,ITUB4,ITUB4_2025-12-01_DISTRIBUTION_109,27.290785499486116,,0.0,27.290785499486116,JCP,UNKNOWN,EX_DATE_ECONOMIC_REINVESTMENT,cache/market.json.gz; SQLite corporate_actions/B3
CG_ONLY,V0,2025-12-02,00000000000191,BBAS3,CONT_152_BBAS3_2025-12-02,197.32334097289387,,0.0,197.32334097289387,,UNKNOWN,EX_DATE_ECONOMIC_REINVESTMENT,cache/market.json.gz; B3
CG_ONLY,V0,2025-12-02,60746948000112,BBDC4,BBDC4_2025-12-02_DISTRIBUTION_518,68.75584142830347,,0.0,68.75584142830347,JCP Mensais,UNKNOWN,EX_DATE_ECONOMIC_REINVESTMENT,https://www.bradescori.com.br/informacoes-ao-mercado/remuneracao-aos-acionistas/
CG_ONLY,V0,2025-12-03,00000000000191,BBAS3,CONT_151_BBAS3_2025-12-03,126.137134835935,,0.0,126.137134835935,,UNKNOWN,EX_DATE_ECONOMIC_REINVESTMENT,cache/market.json.gz; B3
CG_ONLY,V0,2025-12-10,60872504000123,ITUB4,ITUB4_2025-12-10_DISTRIBUTION_107,2894.335327893871,,0.0,2894.335327893871,CASH_DIVIDEND,UNKNOWN,EX_DATE_ECONOMIC_REINVESTMENT,cache/market.json.gz; SQLite corporate_actions/B3
CG_ONLY,V0,2025-12-10,60872504000123,ITUB4,ITUB4_2025-12-10_DISTRIBUTION_108,572.8333756134888,,0.0,572.8333756134888,JCP,UNKNOWN,EX_DATE_ECONOMIC_REINVESTMENT,cache/market.json.gz; SQLite corporate_actions/B3
CG_ONLY,V0,2025-12-10,60872504000123,XPBR31,XPBR31_2025-12-10_DISTRIBUTION_690,20.534564952038576,,0.0,20.534564952038576,,UNKNOWN,EX_DATE_ECONOMIC_REINVESTMENT,https://www.sec.gov/Archives/edgar/data/1787425/000095010325014854/dp237494_ex9901.htm
CG_ONLY,V0,2025-12-12,61186680000174,BMGB4,CONT_604_BMGB4_2025-12-12,1675.8832951383627,,0.0,1675.8832951383627,,UNKNOWN,EX_DATE_ECONOMIC_REINVESTMENT,cache/market.json.gz; B3
CG_ONLY,V0,2025-12-17,17281106000103,CSMG3,CONT_2476_CSMG3_2025-12-17,336.2139766931444,,0.0,336.2139766931444,,UNKNOWN,EX_DATE_ECONOMIC_REINVESTMENT,CSMG_RI_V4
CG_ONLY,V0,2025-12-17,17281106000103,CSMG3,CONT_2477_CSMG3_2025-12-17,789.912366912846,,0.0,789.912366912846,,UNKNOWN,EX_DATE_ECONOMIC_REINVESTMENT,CSMG_RI_V4
CG_ONLY,V0,2025-12-18,02998611000104,TRPL4,CONT_1367_TRPL4_2025-12-18,580.6270606458039,,0.0,580.6270606458039,,UNKNOWN,EX_DATE_ECONOMIC_REINVESTMENT,cache/market.json.gz; B3
CG_ONLY,V0,2025-12-19,02474103000119,TBLE3,TBLE3_2025-12-19_DISTRIBUTION_334,168.3395347764236,,0.0,168.3395347764236,JCP,UNKNOWN,EX_DATE_ECONOMIC_REINVESTMENT,cache/market.json.gz; SQLite corporate_actions/B3
CG_ONLY,V0,2025-12-22,02558115000121,TIMS3,CONT_2844_TIMS3_2025-12-22,2026.7921852767345,,0.0,2026.7921852767345,,UNKNOWN,EX_DATE_ECONOMIC_REINVESTMENT,https://api.mziq.com/mzfilemanager/v2/d/4c4aa51f-1235-4aa1-8b83-adc92e8dacc3/a90ba21d-abd1-b1d8-b86f-3aaf8864a22e?origin=2
CG_ONLY,V0,2025-12-23,17155730000164,CMIG4,CMIG4_2025-12-23_DISTRIBUTION_377,803.8766411625609,,0.0,803.8766411625609,CASH_DIVIDEND,UNKNOWN,EX_DATE_ECONOMIC_REINVESTMENT,cache/market.json.gz; SQLite corporate_actions/B3
CG_ONLY,V0,2025-12-23,02558115000121,TIMS3,CONT_2845_TIMS3_2025-12-23,492.1305387842681,,0.0,492.1305387842681,,UNKNOWN,EX_DATE_ECONOMIC_REINVESTMENT,https://api.mziq.com/mzfilemanager/v2/d/4c4aa51f-1235-4aa1-8b83-adc92e8dacc3/5053180d-b455-fbe7-7774-9c55ddd309c9?origin=2
CG_ONLY,V0,2025-12-23,17281106000103,CSMG3,CONT_2478_CSMG3_2025-12-23,786.8344160284581,,0.0,786.8344160284581,,UNKNOWN,EX_DATE_ECONOMIC_REINVESTMENT,CSMG_RI_V4
CG_ONLY,V0,2025-12-23,61186680000174,BMGB4,CONT_603_BMGB4_2025-12-23,2519.0337691654063,,0.0,2519.0337691654063,,UNKNOWN,EX_DATE_ECONOMIC_REINVESTMENT,cache/market.json.gz; B3
CG_ONLY,V0,2025-12-26,17155730000164,CMIG4,CMIG4_2025-12-26_DISTRIBUTION_376,661.013874812864,,0.0,661.013874812864,JCP,UNKNOWN,EX_DATE_ECONOMIC_REINVESTMENT,cache/market.json.gz; SQLite corporate_actions/B3
CG_ONLY,V0,2025-12-29,02149205000169,PSSA3,CONT_2846_PSSA3_2025-12-29,601.1457387808199,,0.0,601.1457387808199,,UNKNOWN,EX_DATE_ECONOMIC_REINVESTMENT,https://api.mziq.com/mzfilemanager/v2/d/b77a3922-d280-4451-b3ee-0afec4577834/327fe168-5b79-7e0a-4b23-ad197ef5a182?origin=2;https://api.mziq.com/mzfilemanager/v2/d/b77a3922-d280-4451-b3ee-0afec4577834/5fc07a56-476a-56fa-1f90-8b87c4a74dfe?origin=2
CG_ONLY,V0,2025-12-30,28195667000106,ABCB4,CONT_1_ABCB4_2025-12-30,4203.360615097787,,0.0,4203.360615097787,,UNKNOWN,EX_DATE_ECONOMIC_REINVESTMENT,cache/market.json.gz; B3
CG_ONLY,V0,2025-12-30,60746948000112,BBDC4,BBDC4_2025-12-30_DISTRIBUTION_519,1401.1656041176598,,0.0,1401.1656041176598,JCP Complementar,UNKNOWN,EX_DATE_ECONOMIC_REINVESTMENT,https://www.bradescori.com.br/informacoes-ao-mercado/remuneracao-aos-acionistas/
CG_ONLY,V0,2025-12-30,03220438000173,EQTL3,CONT_1111_EQTL3_2025-12-30,222.28482961382636,,0.0,222.28482961382636,,UNKNOWN,EX_DATE_ECONOMIC_REINVESTMENT,cache/market.json.gz; B3
CG_ONLY,V0,2025-12-30,02998611000104,TRPL4,CONT_1366_TRPL4_2025-12-30,651.9531929230499,,0.0,651.9531929230499,,UNKNOWN,EX_DATE_ECONOMIC_REINVESTMENT,cache/market.json.gz; B3
CG_ONLY,V0,2025-12-30,02558157000162,VIVT3,CONT_2847_VIVT3_2025-12-30,211.6601150224631,,0.0,211.6601150224631,,UNKNOWN,EX_DATE_ECONOMIC_REINVESTMENT,https://api.mziq.com/mzfilemanager/v2/d/24165f81-24d6-4648-bf9f-66712905d5a2/34b95df5-e8c3-6d48-b667-42e740e0df5e?origin=2
CG_ONLY,V0,2026-01-02,76483817000120,CPLE3,CONT_2378_CPLE3_2026-01-02,1854.4607984840563,,0.0,1854.4607984840563,,UNKNOWN,EX_DATE_ECONOMIC_REINVESTMENT,https://api.mziq.com/mzfilemanager/v2/d/16a31b1b-5ecd-4214-a2e0-308a2393e330/9e7c31ff-8290-49b4-d586-e043b31e16dc?origin=2
CG_ONLY,V0,2026-01-02,76483817000120,CPLE3,CONT_2379_CPLE3_2026-01-02,2275.9291617463,,0.0,2275.9291617463,,UNKNOWN,EX_DATE_ECONOMIC_REINVESTMENT,https://api.mziq.com/mzfilemanager/v2/d/16a31b1b-5ecd-4214-a2e0-308a2393e330/9e7c31ff-8290-49b4-d586-e043b31e16dc?origin=2
CG_ONLY,V0,2026-01-02,60872504000123,ITUB4,ITUB4_2026-01-02_DISTRIBUTION_106,30.659755837845385,,0.0,30.659755837845385,JCP,UNKNOWN,EX_DATE_ECONOMIC_REINVESTMENT,cache/market.json.gz; SQLite corporate_actions/B3
CG_ONLY,V0,2026-01-02,76484013000145,SAPR4,CONT_2848_SAPR4_2026-01-02,936.024260935779,,0.0,936.024260935779,,UNKNOWN,EX_DATE_ECONOMIC_REINVESTMENT,https://ri.sanepar.com.br/docs/Sanepar-2025-12-18-cW6NmzgB.pdf
CG_ONLY,V0,2026-01-02,01083200000118,NEOE3,CONT_2041_NEOE3_2026-01-02,1864.1647085428488,,0.0,1864.1647085428488,,UNKNOWN,EX_DATE_ECONOMIC_REINVESTMENT,cache/market.json.gz; B3
CG_ONLY,V0,2026-01-02,01083200000118,NEOE3,CONT_2042_NEOE3_2026-01-02,189.4476329193679,,0.0,189.4476329193679,,UNKNOWN,EX_DATE_ECONOMIC_REINVESTMENT,cache/market.json.gz; B3
CG_ONLY,V0,2026-01-05,60746948000112,BBDC4,BBDC4_2026-01-05_DISTRIBUTION_497,70.36249796458043,,0.0,70.36249796458043,JCP Mensais,UNKNOWN,EX_DATE_ECONOMIC_REINVESTMENT,https://www.bradescori.com.br/informacoes-ao-mercado/remuneracao-aos-acionistas/
CG_ONLY,V0,2026-01-05,90400888000142,SANB4,CONT_2266_SANB4_2026-01-05,347.37646384564295,,0.0,347.37646384564295,,UNKNOWN,EX_DATE_ECONOMIC_REINVESTMENT,cache/market.json.gz; B3
CG_ONLY,V0,2026-01-21,90400888000142,SANB4,CONT_2265_SANB4_2026-01-21,1126.1859007981222,,0.0,1126.1859007981222,,UNKNOWN,EX_DATE_ECONOMIC_REINVESTMENT,cache/market.json.gz; B3
CG_ONLY,V0,2026-01-30,02998611000104,TRPL4,CONT_1365_TRPL4_2026-01-30,657.8845229283676,,0.0,657.8845229283676,,UNKNOWN,EX_DATE_ECONOMIC_REINVESTMENT,cache/market.json.gz; B3
CG_ONLY,V0,2026-02-02,60872504000123,ITUB4,ITUB4_2026-02-02_DISTRIBUTION_105,30.70354730644256,,0.0,30.70354730644256,JCP,UNKNOWN,EX_DATE_ECONOMIC_REINVESTMENT,cache/market.json.gz; SQLite corporate_actions/B3
CG_ONLY,V0,2026-02-03,60746948000112,BBDC4,BBDC4_2026-02-03_DISTRIBUTION_498,70.4328782998277,,0.0,70.4328782998277,JCP Mensais,UNKNOWN,EX_DATE_ECONOMIC_REINVESTMENT,https://www.bradescori.com.br/informacoes-ao-mercado/remuneracao-aos-acionistas/
CG_ONLY,V0,2026-02-13,17344597000194,BBSE3,CONT_2548_BBSE3_2026-02-13,4526.688470467418,,0.0,4526.688470467418,,UNKNOWN,EX_DATE_ECONOMIC_REINVESTMENT,BBSE_DIV
CG_ONLY,V0,2026-02-24,00000000000191,BBAS3,CONT_149_BBAS3_2026-02-24,600.9511355657515,,0.0,600.9511355657515,,UNKNOWN,EX_DATE_ECONOMIC_REINVESTMENT,cache/market.json.gz; B3
CG_ONLY,V0,2026-02-24,00000000000191,BBAS3,CONT_150_BBAS3_2026-02-24,14.412532758923328,,0.0,14.412532758923328,,UNKNOWN,EX_DATE_ECONOMIC_REINVESTMENT,cache/market.json.gz; B3
CG_ONLY,V0,2026-02-24,02558157000162,VIVT3,CONT_2849_VIVT3_2026-02-24,198.06176800674535,,0.0,198.06176800674535,,UNKNOWN,EX_DATE_ECONOMIC_REINVESTMENT,https://api.mziq.com/mzfilemanager/v2/d/24165f81-24d6-4648-bf9f-66712905d5a2/34b95df5-e8c3-6d48-b667-42e740e0df5e?origin=2
CG_ONLY,V0,2026-02-27,02998611000104,TRPL4,CONT_1364_TRPL4_2026-02-27,664.0410478633394,,0.0,664.0410478633394,,UNKNOWN,EX_DATE_ECONOMIC_REINVESTMENT,cache/market.json.gz; B3
CG_ONLY,V0,2026-03-02,60872504000123,ITUB4,ITUB4_2026-03-02_DISTRIBUTION_104,30.715714958951835,,0.0,30.715714958951835,JCP,UNKNOWN,EX_DATE_ECONOMIC_REINVESTMENT,cache/market.json.gz; SQLite corporate_actions/B3
CG_ONLY,V0,2026-03-03,00000000000191,BBAS3,CONT_148_BBAS3_2026-03-03,196.7006318856751,,0.0,196.7006318856751,,UNKNOWN,EX_DATE_ECONOMIC_REINVESTMENT,cache/market.json.gz; B3
CG_ONLY,V0,2026-03-03,60746948000112,BBDC4,BBDC4_2026-03-03_DISTRIBUTION_499,70.50275836213973,,0.0,70.50275836213973,JCP Mensais,UNKNOWN,EX_DATE_ECONOMIC_REINVESTMENT,https://www.bradescori.com.br/informacoes-ao-mercado/remuneracao-aos-acionistas/
CG_ONLY,V0,2026-03-09,17281106000103,CSMG3,CONT_2479_CSMG3_2026-03-09,3.9550711762806623,,0.0,3.9550711762806623,,UNKNOWN,EX_DATE_ECONOMIC_REINVESTMENT,CSMG_RI_V4
CG_ONLY,V0,2026-03-13,02998611000104,TRPL4,CONT_1363_TRPL4_2026-03-13,378.15555089586024,,0.0,378.15555089586024,,UNKNOWN,EX_DATE_ECONOMIC_REINVESTMENT,cache/market.json.gz; B3
CG_ONLY,V0,2026-03-20,60872504000123,ITUB4,ITUB4_2026-03-20_DISTRIBUTION_103,589.6128956403503,,0.0,589.6128956403503,JCP,UNKNOWN,EX_DATE_ECONOMIC_REINVESTMENT,cache/market.json.gz; SQLite corporate_actions/B3
CG_ONLY,V0,2026-03-24,02558115000121,TIMS3,CONT_2850_TIMS3_2026-03-24,464.2004253734988,,0.0,464.2004253734988,,UNKNOWN,EX_DATE_ECONOMIC_REINVESTMENT,https://api.mziq.com/mzfilemanager/v2/d/4c4aa51f-1235-4aa1-8b83-adc92e8dacc3/892687da-d4ef-6268-740a-f790682cbf9d?origin=2;https://api.mziq.com/mzfilemanager/v2/d/4c4aa51f-1235-4aa1-8b83-adc92e8dacc3/81ea23ff-0f2a-9337-a19e-18732415238d?origin=2
CG_ONLY,V0,2026-03-24,17281106000103,CSMG3,CONT_2480_CSMG3_2026-03-24,1020.7359584772469,,0.0,1020.7359584772469,,UNKNOWN,EX_DATE_ECONOMIC_REINVESTMENT,CSMG_RI_V4
CG_ONLY,V0,2026-03-25,17155730000164,CMIG4,CMIG4_2026-03-25_DISTRIBUTION_375,656.5814097649185,,0.0,656.5814097649185,JCP,UNKNOWN,EX_DATE_ECONOMIC_REINVESTMENT,cache/market.json.gz; SQLite corporate_actions/B3
CG_ONLY,V0,2026-03-26,02558157000162,VIVT3,CONT_2851_VIVT3_2026-03-26,122.17569550347437,,0.0,122.17569550347437,,UNKNOWN,EX_DATE_ECONOMIC_REINVESTMENT,https://api.mziq.com/mzfilemanager/v2/d/24165f81-24d6-4648-bf9f-66712905d5a2/34b95df5-e8c3-6d48-b667-42e740e0df5e?origin=2
CG_ONLY,V0,2026-03-31,02149205000169,PSSA3,CONT_2852_PSSA3_2026-03-31,628.2468742689316,,0.0,628.2468742689316,,UNKNOWN,EX_DATE_ECONOMIC_REINVESTMENT,https://api.mziq.com/mzfilemanager/v2/d/b77a3922-d280-4451-b3ee-0afec4577834/e08580a4-e955-9ee1-6c71-cf3552965f03?origin=2;https://api.mziq.com/mzfilemanager/v2/d/b77a3922-d280-4451-b3ee-0afec4577834/c7efe69b-d37e-c02f-fff7-a51df3341ac0?origin=2
CG_ONLY,V0,2026-04-01,60872504000123,ITUB4,ITUB4_2026-04-01_DISTRIBUTION_102,30.985887460044573,,0.0,30.985887460044573,JCP,UNKNOWN,EX_DATE_ECONOMIC_REINVESTMENT,cache/market.json.gz; SQLite corporate_actions/B3
CG_ONLY,V0,2026-04-01,02149205000169,PSSA3,CONT_2853_PSSA3_2026-04-01,1037.5235006192702,,0.0,1037.5235006192702,,UNKNOWN,EX_DATE_ECONOMIC_REINVESTMENT,https://api.mziq.com/mzfilemanager/v2/d/b77a3922-d280-4451-b3ee-0afec4577834/5fc07a56-476a-56fa-1f90-8b87c4a74dfe?origin=2
CG_ONLY,V0,2026-04-02,60746948000112,BBDC4,BBDC4_2026-04-02_DISTRIBUTION_501,70.70657302051725,,0.0,70.70657302051725,JCP Mensais,UNKNOWN,EX_DATE_ECONOMIC_REINVESTMENT,https://www.bradescori.com.br/informacoes-ao-mercado/remuneracao-aos-acionistas/
CG_ONLY,V0,2026-04-06,02998611000104,TRPL4,CONT_1362_TRPL4_2026-04-06,380.20282916205895,,0.0,380.20282916205895,,UNKNOWN,EX_DATE_ECONOMIC_REINVESTMENT,cache/market.json.gz; B3
CG_ONLY,V0,2026-04-07,60746948000112,BBDC4,BBDC4_2026-04-07_DISTRIBUTION_500,1109.0837249246047,,0.0,1109.0837249246047,JCP Intermediários,UNKNOWN,EX_DATE_ECONOMIC_REINVESTMENT,https://www.bradescori.com.br/informacoes-ao-mercado/remuneracao-aos-acionistas/
CG_ONLY,V0,2026-04-20,02998611000104,TRPL4,CONT_1361_TRPL4_2026-04-20,382.05420207700445,,0.0,382.05420207700445,,UNKNOWN,EX_DATE_ECONOMIC_REINVESTMENT,cache/market.json.gz; B3
CG_ONLY,V0,2026-04-22,90400888000142,SANB4,CONT_2264_SANB4_2026-04-22,1151.475076849361,,0.0,1151.475076849361,,UNKNOWN,EX_DATE_ECONOMIC_REINVESTMENT,cache/market.json.gz; B3
CG_ONLY,V0,2026-04-28,02558157000162,VIVT3,CONT_2854_VIVT3_2026-04-28,223.31812502391702,,0.0,223.31812502391702,,UNKNOWN,EX_DATE_ECONOMIC_REINVESTMENT,https://api.mziq.com/mzfilemanager/v2/d/24165f81-24d6-4648-bf9f-66712905d5a2/34b95df5-e8c3-6d48-b667-42e740e0df5e?origin=2
CG_ONLY,V0,2026-04-30,76483817000120,CPLE3,CONT_2380_CPLE3_2026-04-30,1277.0003023651905,,0.0,1277.0003023651905,,UNKNOWN,EX_DATE_ECONOMIC_REINVESTMENT,CPLE_RI
CG_ONLY,V0,2026-04-30,02429144000193,CPFE3,CONT_834_CPFE3_2026-04-30,5478.624319325085,,0.0,5478.624319325085,,UNKNOWN,EX_DATE_ECONOMIC_REINVESTMENT,cache/market.json.gz; B3
CG_ONLY,V0,2026-04-30,07859971000130,TAEE4,CONT_2387_TAEE4_2026-04-30,1332.4657422133084,,0.0,1332.4657422133084,,UNKNOWN,EX_DATE_ECONOMIC_REINVESTMENT,cache/market.json.gz; B3
CG_ONLY,V0,2026-05-04,17155730000164,CMIG4,CMIG4_2026-05-04_DISTRIBUTION_374,682.1646190167886,,0.0,682.1646190167886,CASH_DIVIDEND,UNKNOWN,EX_DATE_ECONOMIC_REINVESTMENT,cache/market.json.gz; SQLite corporate_actions/B3
CG_ONLY,V0,2026-05-04,60872504000123,ITUB4,ITUB4_2026-05-04_DISTRIBUTION_101,31.0156226114854,,0.0,31.0156226114854,JCP,UNKNOWN,EX_DATE_ECONOMIC_REINVESTMENT,cache/market.json.gz; SQLite corporate_actions/B3
CG_ONLY,V0,2026-05-05,60746948000112,BBDC4,BBDC4_2026-05-05_DISTRIBUTION_502,71.99996794654595,,0.0,71.99996794654595,JCP Mensais,UNKNOWN,EX_DATE_ECONOMIC_REINVESTMENT,https://www.bradescori.com.br/informacoes-ao-mercado/remuneracao-aos-acionistas/
CG_ONLY,V0,2026-05-05,02474103000119,TBLE3,TBLE3_2026-05-05_DISTRIBUTION_333,963.0072015437316,,0.0,963.0072015437316,CASH_DIVIDEND,UNKNOWN,EX_DATE_ECONOMIC_REINVESTMENT,cache/market.json.gz; SQLite corporate_actions/B3
CG_ONLY,V0,2026-05-12,07859971000130,TAEE4,CONT_2386_TAEE4_2026-05-12,1004.1290221882713,,0.0,1004.1290221882713,,UNKNOWN,EX_DATE_ECONOMIC_REINVESTMENT,cache/market.json.gz; B3
CG_ONLY,V0,2026-05-12,61186680000174,BMGB4,CONT_602_BMGB4_2026-05-12,1766.6607042754022,,0.0,1766.6607042754022,,UNKNOWN,EX_DATE_ECONOMIC_REINVESTMENT,cache/market.json.gz; B3
CG_ONLY,V0,2026-05-25,02558157000162,VIVT3,CONT_2855_VIVT3_2026-05-25,2563.9972635862296,,0.0,2563.9972635862296,,UNKNOWN,EX_DATE_ECONOMIC_REINVESTMENT,https://api.mziq.com/mzfilemanager/v2/d/24165f81-24d6-4648-bf9f-66712905d5a2/34b95df5-e8c3-6d48-b667-42e740e0df5e?origin=2
CG_ONLY,V0,2026-05-28,02558157000162,VIVT3,CONT_2856_VIVT3_2026-05-28,398.95291305901446,,0.0,398.95291305901446,,UNKNOWN,EX_DATE_ECONOMIC_REINVESTMENT,https://api.mziq.com/mzfilemanager/v2/d/24165f81-24d6-4648-bf9f-66712905d5a2/34b95df5-e8c3-6d48-b667-42e740e0df5e?origin=2
CG_ONLY,V0,2026-06-01,60872504000123,ITUB4,ITUB4_2026-06-01_DISTRIBUTION_100,32.46908890775769,,0.0,32.46908890775769,JCP,UNKNOWN,EX_DATE_ECONOMIC_REINVESTMENT,cache/market.json.gz; SQLite corporate_actions/B3
CG_ONLY,V0,2026-06-02,00000000000191,BBAS3,CONT_147_BBAS3_2026-06-02,193.5589355357602,,0.0,193.5589355357602,,UNKNOWN,EX_DATE_ECONOMIC_REINVESTMENT,cache/market.json.gz; B3
CG_ONLY,V0,2026-06-02,60746948000112,BBDC4,BBDC4_2026-06-02_DISTRIBUTION_503,76.74302313701386,,0.0,76.74302313701386,JCP Mensais,UNKNOWN,EX_DATE_ECONOMIC_REINVESTMENT,https://www.bradescori.com.br/informacoes-ao-mercado/remuneracao-aos-acionistas/
CG_ONLY,V0,2026-06-10,60872504000123,XPBR31,XPBR31_2026-06-10_DISTRIBUTION_691,21.82434392299125,,0.0,21.82434392299125,,UNKNOWN,EX_DATE_ECONOMIC_REINVESTMENT,https://www.sec.gov/Archives/edgar/data/1787425/000095010326007333/dp246817_ex9901.htm
CG_ONLY,V0,2026-06-19,60872504000123,ITUB4,ITUB4_2026-06-19_DISTRIBUTION_99,647.4216340204359,,0.0,647.4216340204359,JCP,UNKNOWN,EX_DATE_ECONOMIC_REINVESTMENT,cache/market.json.gz; SQLite corporate_actions/B3
CG_ONLY,V0,2026-06-23,02149205000169,PSSA3,CONT_2857_PSSA3_2026-06-23,712.7090306499283,,0.0,712.7090306499283,,UNKNOWN,EX_DATE_ECONOMIC_REINVESTMENT,https://api.mziq.com/mzfilemanager/v2/d/b77a3922-d280-4451-b3ee-0afec4577834/f8d74364-4778-d466-02ec-0d7bf05ca8fa?origin=2
CG_ONLY,V0,2026-06-23,02558115000121,TIMS3,CONT_2858_TIMS3_2026-06-23,525.4868689060077,,0.0,525.4868689060077,,UNKNOWN,EX_DATE_ECONOMIC_REINVESTMENT,https://api.mziq.com/mzfilemanager/v2/d/4c4aa51f-1235-4aa1-8b83-adc92e8dacc3/25999361-3614-1392-dad2-f96e99522a8d?origin=2
CG_ONLY,V0,2026-06-24,17155730000164,CMIG4,CMIG4_2026-06-24_DISTRIBUTION_373,693.1862210876855,,0.0,693.1862210876855,JCP,UNKNOWN,EX_DATE_ECONOMIC_REINVESTMENT,cache/market.json.gz; SQLite corporate_actions/B3
CG_ONLY,V0,2026-06-24,17281106000103,CSMG3,CONT_2481_CSMG3_2026-06-24,826.1386245654581,,0.0,826.1386245654581,,UNKNOWN,EX_DATE_ECONOMIC_REINVESTMENT,CSMG_RI_V4
CG_ONLY,V0,2026-06-29,02558157000162,VIVT3,CONT_2859_VIVT3_2026-06-29,154.06065998396093,,0.0,154.06065998396093,,UNKNOWN,EX_DATE_ECONOMIC_REINVESTMENT,https://api.mziq.com/mzfilemanager/v2/d/24165f81-24d6-4648-bf9f-66712905d5a2/34b95df5-e8c3-6d48-b667-42e740e0df5e?origin=2
CG_ONLY,V0,2026-06-30,28195667000106,ABCB4,CONT_0_ABCB4_2026-06-30,3554.2686830070056,,0.0,3554.2686830070056,,UNKNOWN,EX_DATE_ECONOMIC_REINVESTMENT,cache/market.json.gz; B3
CG_ONLY,BH padrão,2014-07-01,60872504000123,ITUB4,ITUB4_2014-07-01_DISTRIBUTION_295,5.864873318736315,,0.0,5.864873318736315,CASH_DIVIDEND,UNKNOWN,EX_DATE_ECONOMIC_REINVESTMENT,cache/market.json.gz; SQLite corporate_actions/B3
CG_ONLY,BH padrão,2014-07-02,60746948000112,BBDC4,BBDC4_2014-07-02_DISTRIBUTION_332,8.295971367958316,,0.0,8.295971367958316,JCP,UNKNOWN,EX_DATE_ECONOMIC_REINVESTMENT,cache/market.json.gz; SQLite corporate_actions/B3
CG_ONLY,BH padrão,2014-07-23,84429695000111,WEGE3,WEGE3_2014-07-23_DISTRIBUTION_98,70.40293976678721,,0.0,70.40293976678721,CASH_DIVIDEND,UNKNOWN,EX_DATE_ECONOMIC_REINVESTMENT,cache/market.json.gz; SQLite corporate_actions/B3
CG_ONLY,BH padrão,2014-08-01,60872504000123,ITUB4,ITUB4_2014-08-01_DISTRIBUTION_294,6.0060122998312595,,0.0,6.0060122998312595,CASH_DIVIDEND,UNKNOWN,EX_DATE_ECONOMIC_REINVESTMENT,cache/market.json.gz; SQLite corporate_actions/B3
CG_ONLY,BH padrão,2014-08-04,60746948000112,BBDC4,BBDC4_2014-08-04_DISTRIBUTION_331,8.301349534994293,,0.0,8.301349534994293,JCP,UNKNOWN,EX_DATE_ECONOMIC_REINVESTMENT,cache/market.json.gz; SQLite corporate_actions/B3
CG_ONLY,BH padrão,2014-08-14,60872504000123,ITUB4,ITUB4_2014-08-14_DISTRIBUTION_293,130.41043708899497,,0.0,130.41043708899497,JCP,UNKNOWN,EX_DATE_ECONOMIC_REINVESTMENT,cache/market.json.gz; SQLite corporate_actions/B3
CG_ONLY,BH padrão,2014-09-01,60872504000123,ITUB4,ITUB4_2014-09-01_DISTRIBUTION_292,6.0641152942503185,,0.0,6.0641152942503185,CASH_DIVIDEND,UNKNOWN,EX_DATE_ECONOMIC_REINVESTMENT,cache/market.json.gz; SQLite corporate_actions/B3
CG_ONLY,BH padrão,2014-09-02,60746948000112,BBDC4,BBDC4_2014-09-02_DISTRIBUTION_330,8.306203664948876,,0.0,8.306203664948876,JCP,UNKNOWN,EX_DATE_ECONOMIC_REINVESTMENT,cache/market.json.gz; SQLite corporate_actions/B3
CG_ONLY,BH padrão,2014-09-12,02474103000119,TBLE3,TBLE3_2014-09-12_DISTRIBUTION_372,284.75739426385707,,0.0,284.75739426385707,CASH_DIVIDEND,UNKNOWN,EX_DATE_ECONOMIC_REINVESTMENT,cache/market.json.gz; SQLite corporate_actions/B3
CG_ONLY,BH padrão,2014-09-23,61585865000151,RADL3,RADL3_2014-09-23_DISTRIBUTION_496,47.752843272855074,,0.0,47.752843272855074,JCP,UNKNOWN,EX_DATE_ECONOMIC_REINVESTMENT,cache/market.json.gz; SQLite corporate_actions/B3
CG_ONLY,BH padrão,2014-09-24,84429695000111,WEGE3,WEGE3_2014-09-24_DISTRIBUTION_97,36.93091935472052,,0.0,36.93091935472052,JCP,UNKNOWN,EX_DATE_ECONOMIC_REINVESTMENT,cache/market.json.gz; SQLite corporate_actions/B3
CG_ONLY,BH padrão,2014-09-29,02846056000197,CCRO3,CCRO3_2014-09-29_DISTRIBUTION_25,544.0125872924089,,0.0,544.0125872924089,CASH_DIVIDEND,UNKNOWN,EX_DATE_ECONOMIC_REINVESTMENT,cache/market.json.gz; SQLite corporate_actions/B3
CG_ONLY,BH padrão,2014-10-01,60872504000123,ITUB4,ITUB4_2014-10-01_DISTRIBUTION_291,6.066361262877819,,0.0,6.066361262877819,CASH_DIVIDEND,UNKNOWN,EX_DATE_ECONOMIC_REINVESTMENT,cache/market.json.gz; SQLite corporate_actions/B3
CG_ONLY,BH padrão,2014-10-02,60746948000112,BBDC4,BBDC4_2014-10-02_DISTRIBUTION_329,8.398776093273355,,0.0,8.398776093273355,JCP,UNKNOWN,EX_DATE_ECONOMIC_REINVESTMENT,cache/market.json.gz; SQLite corporate_actions/B3
CG_ONLY,BH padrão,2014-11-03,60872504000123,ITUB4,ITUB4_2014-11-03_DISTRIBUTION_290,6.170478975764452,,0.0,6.170478975764452,CASH_DIVIDEND,UNKNOWN,EX_DATE_ECONOMIC_REINVESTMENT,cache/market.json.gz; SQLite corporate_actions/B3
CG_ONLY,BH padrão,2014-11-04,60746948000112,BBDC4,BBDC4_2014-11-04_DISTRIBUTION_328,8.403799292053666,,0.0,8.403799292053666,JCP,UNKNOWN,EX_DATE_ECONOMIC_REINVESTMENT,cache/market.json.gz; SQLite corporate_actions/B3
CG_ONLY,BH padrão,2014-11-10,17155730000164,CMIG4,CMIG4_2014-11-10_DISTRIBUTION_637,842.9972116039521,,0.0,842.9972116039521,,UNKNOWN,EX_DATE_ECONOMIC_REINVESTMENT,https://api.mziq.com/mzfilemanager/v2/d/716a131f-9624-452c-9088-0cd6983c1349/a2eb9f5f-37e1-8913-c1eb-c4281b5e23b2?origin=2
CG_ONLY,BH padrão,2014-11-11,02474103000119,TBLE3,TBLE3_2014-11-11_DISTRIBUTION_371,249.81269501028268,,0.0,249.81269501028268,CASH_DIVIDEND,UNKNOWN,EX_DATE_ECONOMIC_REINVESTMENT,cache/market.json.gz; SQLite corporate_actions/B3
CG_ONLY,BH padrão,2014-11-26,02474103000119,TBLE3,TBLE3_2014-11-26_DISTRIBUTION_370,149.10197729956167,,0.0,149.10197729956167,JCP,UNKNOWN,EX_DATE_ECONOMIC_REINVESTMENT,cache/market.json.gz; SQLite corporate_actions/B3
CG_ONLY,BH padrão,2014-12-01,60872504000123,ITUB4,ITUB4_2014-12-01_DISTRIBUTION_289,6.173007860590585,,0.0,6.173007860590585,CASH_DIVIDEND,UNKNOWN,EX_DATE_ECONOMIC_REINVESTMENT,cache/market.json.gz; SQLite corporate_actions/B3
CG_ONLY,BH padrão,2014-12-02,60746948000112,BBDC4,BBDC4_2014-12-02_DISTRIBUTION_327,8.40846426628138,,0.0,8.40846426628138,JCP,UNKNOWN,EX_DATE_ECONOMIC_REINVESTMENT,cache/market.json.gz; SQLite corporate_actions/B3
CG_ONLY,BH padrão,2014-12-12,61585865000151,RADL3,RADL3_2014-12-12_DISTRIBUTION_495,51.17287820149278,,0.0,51.17287820149278,JCP,UNKNOWN,EX_DATE_ECONOMIC_REINVESTMENT,cache/market.json.gz; SQLite corporate_actions/B3
CG_ONLY,BH padrão,2014-12-17,84429695000111,WEGE3,WEGE3_2014-12-17_DISTRIBUTION_96,39.450678837775385,,0.0,39.450678837775385,JCP,UNKNOWN,EX_DATE_ECONOMIC_REINVESTMENT,cache/market.json.gz; SQLite corporate_actions/B3
CG_ONLY,BH padrão,2014-12-23,60746948000112,BBDC4,BBDC4_2014-12-23_DISTRIBUTION_326,263.92418703879184,,0.0,263.92418703879184,JCP,UNKNOWN,EX_DATE_ECONOMIC_REINVESTMENT,cache/market.json.gz; SQLite corporate_actions/B3
CG_ONLY,BH padrão,2014-12-29,17155730000164,CMIG4,CMIG4_2014-12-29_DISTRIBUTION_638,198.49816462134476,,0.0,198.49816462134476,,UNKNOWN,EX_DATE_ECONOMIC_REINVESTMENT,https://api.mziq.com/mzfilemanager/v2/d/716a131f-9624-452c-9088-0cd6983c1349/a2eb9f5f-37e1-8913-c1eb-c4281b5e23b2?origin=2
CG_ONLY,BH padrão,2015-01-02,60872504000123,ITUB4,ITUB4_2015-01-02_DISTRIBUTION_288,6.1755117848174335,,0.0,6.1755117848174335,CASH_DIVIDEND,UNKNOWN,EX_DATE_ECONOMIC_REINVESTMENT,cache/market.json.gz; SQLite corporate_actions/B3
CG_ONLY,BH padrão,2015-01-05,60746948000112,BBDC4,BBDC4_2015-01-05_DISTRIBUTION_325,8.755211295685125,,0.0,8.755211295685125,JCP,UNKNOWN,EX_DATE_ECONOMIC_REINVESTMENT,cache/market.json.gz; SQLite corporate_actions/B3
CG_ONLY,BH padrão,2015-02-02,60872504000123,ITUB4,ITUB4_2015-02-02_DISTRIBUTION_287,6.361611797847158,,0.0,6.361611797847158,CASH_DIVIDEND,UNKNOWN,EX_DATE_ECONOMIC_REINVESTMENT,cache/market.json.gz; SQLite corporate_actions/B3
CG_ONLY,BH padrão,2015-02-03,60746948000112,BBDC4,BBDC4_2015-02-03_DISTRIBUTION_324,9.030773712746772,,0.0,9.030773712746772,JCP,UNKNOWN,EX_DATE_ECONOMIC_REINVESTMENT,cache/market.json.gz; SQLite corporate_actions/B3
CG_ONLY,BH padrão,2015-02-10,60746948000112,BBDC4,BBDC4_2015-02-10_DISTRIBUTION_323,68.73997697386928,,0.0,68.73997697386928,CASH_DIVIDEND,UNKNOWN,EX_DATE_ECONOMIC_REINVESTMENT,cache/market.json.gz; SQLite corporate_actions/B3
CG_ONLY,BH padrão,2015-02-11,60872504000123,ITUB4,ITUB4_2015-02-11_DISTRIBUTION_285,134.99022132289264,,0.0,134.99022132289264,CASH_DIVIDEND,UNKNOWN,EX_DATE_ECONOMIC_REINVESTMENT,cache/market.json.gz; SQLite corporate_actions/B3
CG_ONLY,BH padrão,2015-02-11,60872504000123,ITUB4,ITUB4_2015-02-11_DISTRIBUTION_286,237.10329439019338,,0.0,237.10329439019338,JCP,UNKNOWN,EX_DATE_ECONOMIC_REINVESTMENT,cache/market.json.gz; SQLite corporate_actions/B3
CG_ONLY,BH padrão,2015-02-25,84429695000111,WEGE3,WEGE3_2015-02-25_DISTRIBUTION_95,107.39824392446724,,0.0,107.39824392446724,CASH_DIVIDEND,UNKNOWN,EX_DATE_ECONOMIC_REINVESTMENT,cache/market.json.gz; SQLite corporate_actions/B3
CG_ONLY,BH padrão,2015-02-27,61585865000151,RADL3,RADL3_2015-02-27_DISTRIBUTION_494,63.24978676738405,,0.0,63.24978676738405,JCP,UNKNOWN,EX_DATE_ECONOMIC_REINVESTMENT,cache/market.json.gz; SQLite corporate_actions/B3
CG_ONLY,BH padrão,2015-03-02,60872504000123,ITUB4,ITUB4_2015-03-02_DISTRIBUTION_284,6.777395210954313,,0.0,6.777395210954313,CASH_DIVIDEND,UNKNOWN,EX_DATE_ECONOMIC_REINVESTMENT,cache/market.json.gz; SQLite corporate_actions/B3
CG_ONLY,BH padrão,2015-03-03,60746948000112,BBDC4,BBDC4_2015-03-03_DISTRIBUTION_322,9.180344111147063,,0.0,9.180344111147063,JCP,UNKNOWN,EX_DATE_ECONOMIC_REINVESTMENT,cache/market.json.gz; SQLite corporate_actions/B3
CG_ONLY,BH padrão,2015-03-24,61585865000151,RADL3,RADL3_2015-03-24_DISTRIBUTION_493,70.76259246926995,,0.0,70.76259246926995,JCP,UNKNOWN,EX_DATE_ECONOMIC_REINVESTMENT,cache/market.json.gz; SQLite corporate_actions/B3
CG_ONLY,BH padrão,2015-03-25,84429695000111,WEGE3,WEGE3_2015-03-25_DISTRIBUTION_94,44.04058409938228,,0.0,44.04058409938228,JCP,UNKNOWN,EX_DATE_ECONOMIC_REINVESTMENT,cache/market.json.gz; SQLite corporate_actions/B3
CG_ONLY,BH padrão,2015-04-01,60872504000123,ITUB4,ITUB4_2015-04-01_DISTRIBUTION_283,6.831363461861019,,0.0,6.831363461861019,CASH_DIVIDEND,UNKNOWN,EX_DATE_ECONOMIC_REINVESTMENT,cache/market.json.gz; SQLite corporate_actions/B3
CG_ONLY,BH padrão,2015-04-02,60746948000112,BBDC4,BBDC4_2015-04-02_DISTRIBUTION_321,10.48596099048049,,0.0,10.48596099048049,JCP,UNKNOWN,EX_DATE_ECONOMIC_REINVESTMENT,cache/market.json.gz; SQLite corporate_actions/B3
CG_ONLY,BH padrão,2015-04-17,02846056000197,CCRO3,CCRO3_2015-04-17_DISTRIBUTION_24,58.42208996236769,,0.0,58.42208996236769,CASH_DIVIDEND,UNKNOWN,EX_DATE_ECONOMIC_REINVESTMENT,cache/market.json.gz; SQLite corporate_actions/B3
CG_ONLY,BH padrão,2015-05-04,60872504000123,ITUB4,ITUB4_2015-05-04_DISTRIBUTION_282,7.028423638238916,,0.0,7.028423638238916,CASH_DIVIDEND,UNKNOWN,EX_DATE_ECONOMIC_REINVESTMENT,cache/market.json.gz; SQLite corporate_actions/B3
CG_ONLY,BH padrão,2015-05-04,17155730000164,CMIG4,CMIG4_2015-05-04_DISTRIBUTION_639,575.8357299342942,,0.0,575.8357299342942,,UNKNOWN,EX_DATE_ECONOMIC_REINVESTMENT,https://api.mziq.com/mzfilemanager/v2/d/716a131f-9624-452c-9088-0cd6983c1349/a2eb9f5f-37e1-8913-c1eb-c4281b5e23b2?origin=2
CG_ONLY,BH padrão,2015-05-05,60746948000112,BBDC4,BBDC4_2015-05-05_DISTRIBUTION_320,10.715157164467092,,0.0,10.715157164467092,JCP,UNKNOWN,EX_DATE_ECONOMIC_REINVESTMENT,cache/market.json.gz; SQLite corporate_actions/B3
CG_ONLY,BH padrão,2015-05-11,02474103000119,TBLE3,TBLE3_2015-05-11_DISTRIBUTION_369,130.6716331537493,,0.0,130.6716331537493,CASH_DIVIDEND,UNKNOWN,EX_DATE_ECONOMIC_REINVESTMENT,cache/market.json.gz; SQLite corporate_actions/B3
CG_ONLY,BH padrão,2015-06-01,60872504000123,ITUB4,ITUB4_2015-06-01_DISTRIBUTION_281,7.131811082500851,,0.0,7.131811082500851,CASH_DIVIDEND,UNKNOWN,EX_DATE_ECONOMIC_REINVESTMENT,cache/market.json.gz; SQLite corporate_actions/B3
CG_ONLY,BH padrão,2015-06-02,60746948000112,BBDC4,BBDC4_2015-06-02_DISTRIBUTION_319,11.255124774247212,,0.0,11.255124774247212,JCP,UNKNOWN,EX_DATE_ECONOMIC_REINVESTMENT,cache/market.json.gz; SQLite corporate_actions/B3
CG_ONLY,BH padrão,2015-06-23,60746948000112,BBDC4,BBDC4_2015-06-23_DISTRIBUTION_318,112.71067220150658,,0.0,112.71067220150658,CASH_DIVIDEND,UNKNOWN,EX_DATE_ECONOMIC_REINVESTMENT,cache/market.json.gz; SQLite corporate_actions/B3
CG_ONLY,BH padrão,2015-06-23,61585865000151,RADL3,RADL3_2015-06-23_DISTRIBUTION_492,78.27766726132016,,0.0,78.27766726132016,JCP,UNKNOWN,EX_DATE_ECONOMIC_REINVESTMENT,cache/market.json.gz; SQLite corporate_actions/B3
CG_ONLY,BH padrão,2015-06-24,84429695000111,WEGE3,WEGE3_2015-06-24_DISTRIBUTION_93,53.80320425966317,,0.0,53.80320425966317,JCP,UNKNOWN,EX_DATE_ECONOMIC_REINVESTMENT,cache/market.json.gz; SQLite corporate_actions/B3
CG_ONLY,BH padrão,2015-07-01,60872504000123,ITUB4,ITUB4_2015-07-01_DISTRIBUTION_280,7.451267964328304,,0.0,7.451267964328304,CASH_DIVIDEND,UNKNOWN,EX_DATE_ECONOMIC_REINVESTMENT,cache/market.json.gz; SQLite corporate_actions/B3
CG_ONLY,BH padrão,2015-07-02,60746948000112,BBDC4,BBDC4_2015-07-02_DISTRIBUTION_317,11.642792147709798,,0.0,11.642792147709798,JCP,UNKNOWN,EX_DATE_ECONOMIC_REINVESTMENT,cache/market.json.gz; SQLite corporate_actions/B3
CG_ONLY,BH padrão,2015-07-29,84429695000111,WEGE3,WEGE3_2015-07-29_DISTRIBUTION_92,91.69907858396218,,0.0,91.69907858396218,CASH_DIVIDEND,UNKNOWN,EX_DATE_ECONOMIC_REINVESTMENT,cache/market.json.gz; SQLite corporate_actions/B3
CG_ONLY,BH padrão,2015-08-03,60872504000123,ITUB4,ITUB4_2015-08-03_DISTRIBUTION_279,8.407497416383201,,0.0,8.407497416383201,CASH_DIVIDEND,UNKNOWN,EX_DATE_ECONOMIC_REINVESTMENT,cache/market.json.gz; SQLite corporate_actions/B3
CG_ONLY,BH padrão,2015-08-04,60746948000112,BBDC4,BBDC4_2015-08-04_DISTRIBUTION_316,12.003900695587625,,0.0,12.003900695587625,JCP,UNKNOWN,EX_DATE_ECONOMIC_REINVESTMENT,cache/market.json.gz; SQLite corporate_actions/B3
CG_ONLY,BH padrão,2015-08-13,60872504000123,ITUB4,ITUB4_2015-08-13_DISTRIBUTION_278,198.68513708531802,,0.0,198.68513708531802,JCP,UNKNOWN,EX_DATE_ECONOMIC_REINVESTMENT,cache/market.json.gz; SQLite corporate_actions/B3
CG_ONLY,BH padrão,2015-08-21,02474103000119,TBLE3,TBLE3_2015-08-21_DISTRIBUTION_368,249.9701963479051,,0.0,249.9701963479051,CASH_DIVIDEND,UNKNOWN,EX_DATE_ECONOMIC_REINVESTMENT,cache/market.json.gz; SQLite corporate_actions/B3
CG_ONLY,BH padrão,2015-09-01,60872504000123,ITUB4,ITUB4_2015-09-01_DISTRIBUTION_277,8.725138367229835,,0.0,8.725138367229835,CASH_DIVIDEND,UNKNOWN,EX_DATE_ECONOMIC_REINVESTMENT,cache/market.json.gz; SQLite corporate_actions/B3
CG_ONLY,BH padrão,2015-09-02,60746948000112,BBDC4,BBDC4_2015-09-02_DISTRIBUTION_315,12.462158750993153,,0.0,12.462158750993153,JCP,UNKNOWN,EX_DATE_ECONOMIC_REINVESTMENT,cache/market.json.gz; SQLite corporate_actions/B3
CG_ONLY,BH padrão,2015-09-22,61585865000151,RADL3,RADL3_2015-09-22_DISTRIBUTION_491,86.87318370160283,,0.0,86.87318370160283,JCP,UNKNOWN,EX_DATE_ECONOMIC_REINVESTMENT,cache/market.json.gz; SQLite corporate_actions/B3
CG_ONLY,BH padrão,2015-09-23,84429695000111,WEGE3,WEGE3_2015-09-23_DISTRIBUTION_91,60.06131303634178,,0.0,60.06131303634178,JCP,UNKNOWN,EX_DATE_ECONOMIC_REINVESTMENT,cache/market.json.gz; SQLite corporate_actions/B3
CG_ONLY,BH padrão,2015-10-01,60872504000123,ITUB4,ITUB4_2015-10-01_DISTRIBUTION_276,8.946202734080028,,0.0,8.946202734080028,CASH_DIVIDEND,UNKNOWN,EX_DATE_ECONOMIC_REINVESTMENT,cache/market.json.gz; SQLite corporate_actions/B3
CG_ONLY,BH padrão,2015-10-02,60746948000112,BBDC4,BBDC4_2015-10-02_DISTRIBUTION_314,12.854301557629476,,0.0,12.854301557629476,JCP,UNKNOWN,EX_DATE_ECONOMIC_REINVESTMENT,cache/market.json.gz; SQLite corporate_actions/B3
CG_ONLY,BH padrão,2015-10-05,02846056000197,CCRO3,CCRO3_2015-10-05_DISTRIBUTION_23,594.4671961831822,,0.0,594.4671961831822,CASH_DIVIDEND,UNKNOWN,EX_DATE_ECONOMIC_REINVESTMENT,cache/market.json.gz; SQLite corporate_actions/B3
CG_ONLY,BH padrão,2015-11-03,60872504000123,ITUB4,ITUB4_2015-11-03_DISTRIBUTION_275,9.036894379385565,,0.0,9.036894379385565,CASH_DIVIDEND,UNKNOWN,EX_DATE_ECONOMIC_REINVESTMENT,cache/market.json.gz; SQLite corporate_actions/B3
CG_ONLY,BH padrão,2015-11-04,60746948000112,BBDC4,BBDC4_2015-11-04_DISTRIBUTION_313,13.35043038862218,,0.0,13.35043038862218,JCP,UNKNOWN,EX_DATE_ECONOMIC_REINVESTMENT,cache/market.json.gz; SQLite corporate_actions/B3
CG_ONLY,BH padrão,2015-11-24,02474103000119,TBLE3,TBLE3_2015-11-24_DISTRIBUTION_367,255.74935838550138,,0.0,255.74935838550138,JCP,UNKNOWN,EX_DATE_ECONOMIC_REINVESTMENT,cache/market.json.gz; SQLite corporate_actions/B3
CG_ONLY,BH padrão,2015-12-01,60872504000123,ITUB4,ITUB4_2015-12-01_DISTRIBUTION_274,9.180559776824307,,0.0,9.180559776824307,CASH_DIVIDEND,UNKNOWN,EX_DATE_ECONOMIC_REINVESTMENT,cache/market.json.gz; SQLite corporate_actions/B3
CG_ONLY,BH padrão,2015-12-02,60746948000112,BBDC4,BBDC4_2015-12-02_DISTRIBUTION_312,13.929613772947656,,0.0,13.929613772947656,JCP,UNKNOWN,EX_DATE_ECONOMIC_REINVESTMENT,cache/market.json.gz; SQLite corporate_actions/B3
CG_ONLY,BH padrão,2015-12-10,60872504000123,ITUB4,ITUB4_2015-12-10_DISTRIBUTION_273,129.97996133397078,,0.0,129.97996133397078,JCP,UNKNOWN,EX_DATE_ECONOMIC_REINVESTMENT,cache/market.json.gz; SQLite corporate_actions/B3
CG_ONLY,BH padrão,2015-12-14,61585865000151,RADL3,RADL3_2015-12-14_DISTRIBUTION_490,94.98169059744522,,0.0,94.98169059744522,JCP,UNKNOWN,EX_DATE_ECONOMIC_REINVESTMENT,cache/market.json.gz; SQLite corporate_actions/B3
CG_ONLY,BH padrão,2015-12-16,84429695000111,WEGE3,WEGE3_2015-12-16_DISTRIBUTION_90,67.58372183106715,,0.0,67.58372183106715,JCP,UNKNOWN,EX_DATE_ECONOMIC_REINVESTMENT,cache/market.json.gz; SQLite corporate_actions/B3
CG_ONLY,BH padrão,2015-12-17,60746948000112,BBDC4,BBDC4_2015-12-17_DISTRIBUTION_311,620.5011165684645,,0.0,620.5011165684645,JCP,UNKNOWN,EX_DATE_ECONOMIC_REINVESTMENT,cache/market.json.gz; SQLite corporate_actions/B3
CG_ONLY,BH padrão,2015-12-18,02846056000197,CCRO3,CCRO3_2015-12-18_DISTRIBUTION_22,66.78362013098446,,0.0,66.78362013098446,CASH_DIVIDEND,UNKNOWN,EX_DATE_ECONOMIC_REINVESTMENT,cache/market.json.gz; SQLite corporate_actions/B3
CG_ONLY,BH padrão,2016-01-04,60872504000123,ITUB4,ITUB4_2016-01-04_DISTRIBUTION_272,9.396403255425534,,0.0,9.396403255425534,CASH_DIVIDEND,UNKNOWN,EX_DATE_ECONOMIC_REINVESTMENT,cache/market.json.gz; SQLite corporate_actions/B3
CG_ONLY,BH padrão,2016-01-04,17155730000164,CMIG4,CMIG4_2016-01-04_DISTRIBUTION_640,326.3700564122581,,0.0,326.3700564122581,,UNKNOWN,EX_DATE_ECONOMIC_REINVESTMENT,https://api.mziq.com/mzfilemanager/v2/d/716a131f-9624-452c-9088-0cd6983c1349/a2eb9f5f-37e1-8913-c1eb-c4281b5e23b2?origin=2
CG_ONLY,BH padrão,2016-01-05,60746948000112,BBDC4,BBDC4_2016-01-05_DISTRIBUTION_310,15.112849536153337,,0.0,15.112849536153337,JCP,UNKNOWN,EX_DATE_ECONOMIC_REINVESTMENT,cache/market.json.gz; SQLite corporate_actions/B3
CG_ONLY,BH padrão,2016-02-01,60872504000123,ITUB4,ITUB4_2016-02-01_DISTRIBUTION_271,9.622147086945784,,0.0,9.622147086945784,CASH_DIVIDEND,UNKNOWN,EX_DATE_ECONOMIC_REINVESTMENT,cache/market.json.gz; SQLite corporate_actions/B3
CG_ONLY,BH padrão,2016-02-02,60746948000112,BBDC4,BBDC4_2016-02-02_DISTRIBUTION_309,15.808589159940684,,0.0,15.808589159940684,JCP,UNKNOWN,EX_DATE_ECONOMIC_REINVESTMENT,cache/market.json.gz; SQLite corporate_actions/B3
CG_ONLY,BH padrão,2016-02-19,60872504000123,ITUB4,ITUB4_2016-02-19_DISTRIBUTION_269,130.5991634766932,,0.0,130.5991634766932,CASH_DIVIDEND,UNKNOWN,EX_DATE_ECONOMIC_REINVESTMENT,cache/market.json.gz; SQLite corporate_actions/B3
CG_ONLY,BH padrão,2016-02-19,60872504000123,ITUB4,ITUB4_2016-02-19_DISTRIBUTION_270,301.0376677311251,,0.0,301.0376677311251,JCP,UNKNOWN,EX_DATE_ECONOMIC_REINVESTMENT,cache/market.json.gz; SQLite corporate_actions/B3
CG_ONLY,BH padrão,2016-02-24,84429695000111,WEGE3,WEGE3_2016-02-24_DISTRIBUTION_89,95.70636419938816,,0.0,95.70636419938816,CASH_DIVIDEND,UNKNOWN,EX_DATE_ECONOMIC_REINVESTMENT,cache/market.json.gz; SQLite corporate_actions/B3
CG_ONLY,BH padrão,2016-03-01,60872504000123,ITUB4,ITUB4_2016-03-01_DISTRIBUTION_268,10.1606478573076,,0.0,10.1606478573076,CASH_DIVIDEND,UNKNOWN,EX_DATE_ECONOMIC_REINVESTMENT,cache/market.json.gz; SQLite corporate_actions/B3
CG_ONLY,BH padrão,2016-03-02,60746948000112,BBDC4,BBDC4_2016-03-02_DISTRIBUTION_308,16.0876215449339,,0.0,16.0876215449339,JCP,UNKNOWN,EX_DATE_ECONOMIC_REINVESTMENT,cache/market.json.gz; SQLite corporate_actions/B3
CG_ONLY,BH padrão,2016-03-16,02846056000197,CCRO3,CCRO3_2016-03-16_DISTRIBUTION_21,398.86810944768337,,0.0,398.86810944768337,CASH_DIVIDEND,UNKNOWN,EX_DATE_ECONOMIC_REINVESTMENT,cache/market.json.gz; SQLite corporate_actions/B3
CG_ONLY,BH padrão,2016-03-22,61585865000151,RADL3,RADL3_2016-03-22_DISTRIBUTION_489,105.82431815937538,,0.0,105.82431815937538,JCP,UNKNOWN,EX_DATE_ECONOMIC_REINVESTMENT,cache/market.json.gz; SQLite corporate_actions/B3
CG_ONLY,BH padrão,2016-03-23,84429695000111,WEGE3,WEGE3_2016-03-23_DISTRIBUTION_88,68.36621998235479,,0.0,68.36621998235479,JCP,UNKNOWN,EX_DATE_ECONOMIC_REINVESTMENT,cache/market.json.gz; SQLite corporate_actions/B3
CG_ONLY,BH padrão,2016-04-01,60872504000123,ITUB4,ITUB4_2016-04-01_DISTRIBUTION_267,10.357450735576226,,0.0,10.357450735576226,CASH_DIVIDEND,UNKNOWN,EX_DATE_ECONOMIC_REINVESTMENT,cache/market.json.gz; SQLite corporate_actions/B3
CG_ONLY,BH padrão,2016-04-04,60746948000112,BBDC4,BBDC4_2016-04-04_DISTRIBUTION_307,16.156122238364755,,0.0,16.156122238364755,JCP,UNKNOWN,EX_DATE_ECONOMIC_REINVESTMENT,cache/market.json.gz; SQLite corporate_actions/B3
CG_ONLY,BH padrão,2016-04-15,02932074000191,HYPE3,HYPE3_2016-04-15_DISTRIBUTION_438,38.25482286361221,,0.0,38.25482286361221,CASH_DIVIDEND,UNKNOWN,EX_DATE_ECONOMIC_REINVESTMENT,cache/market.json.gz; SQLite corporate_actions/B3
CG_ONLY,BH padrão,2016-05-02,60872504000123,ITUB4,ITUB4_2016-05-02_DISTRIBUTION_266,10.500716845284874,,0.0,10.500716845284874,CASH_DIVIDEND,UNKNOWN,EX_DATE_ECONOMIC_REINVESTMENT,cache/market.json.gz; SQLite corporate_actions/B3
CG_ONLY,BH padrão,2016-05-02,17155730000164,CMIG4,CMIG4_2016-05-02_DISTRIBUTION_641,889.5205160222633,,0.0,889.5205160222633,,UNKNOWN,EX_DATE_ECONOMIC_REINVESTMENT,https://api.mziq.com/mzfilemanager/v2/d/716a131f-9624-452c-9088-0cd6983c1349/a2eb9f5f-37e1-8913-c1eb-c4281b5e23b2?origin=2
CG_ONLY,BH padrão,2016-05-03,60746948000112,BBDC4,BBDC4_2016-05-03_DISTRIBUTION_306,17.90042451835503,,0.0,17.90042451835503,JCP,UNKNOWN,EX_DATE_ECONOMIC_REINVESTMENT,cache/market.json.gz; SQLite corporate_actions/B3
CG_ONLY,BH padrão,2016-05-03,02932074000191,HYPE3,HYPE3_2016-05-03_DISTRIBUTION_437,204.77736153450823,,0.0,204.77736153450823,CASH_DIVIDEND,UNKNOWN,EX_DATE_ECONOMIC_REINVESTMENT,cache/market.json.gz; SQLite corporate_actions/B3
CG_ONLY,BH padrão,2016-05-11,02474103000119,TBLE3,TBLE3_2016-05-11_DISTRIBUTION_366,184.25923906115887,,0.0,184.25923906115887,CASH_DIVIDEND,UNKNOWN,EX_DATE_ECONOMIC_REINVESTMENT,cache/market.json.gz; SQLite corporate_actions/B3
CG_ONLY,BH padrão,2016-06-01,60872504000123,ITUB4,ITUB4_2016-06-01_DISTRIBUTION_265,10.653047266304169,,0.0,10.653047266304169,CASH_DIVIDEND,UNKNOWN,EX_DATE_ECONOMIC_REINVESTMENT,cache/market.json.gz; SQLite corporate_actions/B3
CG_ONLY,BH padrão,2016-06-02,60746948000112,BBDC4,BBDC4_2016-06-02_DISTRIBUTION_305,18.127749996280667,,0.0,18.127749996280667,JCP,UNKNOWN,EX_DATE_ECONOMIC_REINVESTMENT,cache/market.json.gz; SQLite corporate_actions/B3
CG_ONLY,BH padrão,2016-06-23,60746948000112,BBDC4,BBDC4_2016-06-23_DISTRIBUTION_304,181.44933140114077,,0.0,181.44933140114077,JCP,UNKNOWN,EX_DATE_ECONOMIC_REINVESTMENT,cache/market.json.gz; SQLite corporate_actions/B3
CG_ONLY,BH padrão,2016-06-27,61585865000151,RADL3,RADL3_2016-06-27_DISTRIBUTION_488,106.34412238618974,,0.0,106.34412238618974,JCP,UNKNOWN,EX_DATE_ECONOMIC_REINVESTMENT,cache/market.json.gz; SQLite corporate_actions/B3
CG_ONLY,BH padrão,2016-06-29,84429695000111,WEGE3,WEGE3_2016-06-29_DISTRIBUTION_87,91.11233941343016,,0.0,91.11233941343016,JCP,UNKNOWN,EX_DATE_ECONOMIC_REINVESTMENT,cache/market.json.gz; SQLite corporate_actions/B3
CG_ONLY,BH padrão,2016-07-01,60872504000123,ITUB4,ITUB4_2016-07-01_DISTRIBUTION_264,10.841581582744702,,0.0,10.841581582744702,CASH_DIVIDEND,UNKNOWN,EX_DATE_ECONOMIC_REINVESTMENT,cache/market.json.gz; SQLite corporate_actions/B3
CG_ONLY,BH padrão,2016-07-04,60746948000112,BBDC4,BBDC4_2016-07-04_DISTRIBUTION_303,18.374496208948603,,0.0,18.374496208948603,JCP,UNKNOWN,EX_DATE_ECONOMIC_REINVESTMENT,cache/market.json.gz; SQLite corporate_actions/B3
CG_ONLY,BH padrão,2016-07-28,02932074000191,HYPE3,HYPE3_2016-07-28_DISTRIBUTION_436,247.8041485695276,,0.0,247.8041485695276,CASH_DIVIDEND,UNKNOWN,EX_DATE_ECONOMIC_REINVESTMENT,cache/market.json.gz; SQLite corporate_actions/B3
CG_ONLY,BH padrão,2016-08-01,84429695000111,WEGE3,WEGE3_2016-08-01_DISTRIBUTION_86,51.90026065299077,,0.0,51.90026065299077,CASH_DIVIDEND,UNKNOWN,EX_DATE_ECONOMIC_REINVESTMENT,cache/market.json.gz; SQLite corporate_actions/B3
CG_ONLY,BH padrão,2016-08-01,60872504000123,ITUB4,ITUB4_2016-08-01_DISTRIBUTION_263,11.036098397018126,,0.0,11.036098397018126,CASH_DIVIDEND,UNKNOWN,EX_DATE_ECONOMIC_REINVESTMENT,cache/market.json.gz; SQLite corporate_actions/B3
CG_ONLY,BH padrão,2016-08-02,60746948000112,BBDC4,BBDC4_2016-08-02_DISTRIBUTION_302,18.509866531480565,,0.0,18.509866531480565,JCP,UNKNOWN,EX_DATE_ECONOMIC_REINVESTMENT,cache/market.json.gz; SQLite corporate_actions/B3
CG_ONLY,BH padrão,2016-08-09,02474103000119,TBLE3,TBLE3_2016-08-09_DISTRIBUTION_365,602.9068364525756,,0.0,602.9068364525756,CASH_DIVIDEND,UNKNOWN,EX_DATE_ECONOMIC_REINVESTMENT,cache/market.json.gz; SQLite corporate_actions/B3
CG_ONLY,BH padrão,2016-08-15,60872504000123,ITUB4,ITUB4_2016-08-15_DISTRIBUTION_262,299.81507398774033,,0.0,299.81507398774033,JCP,UNKNOWN,EX_DATE_ECONOMIC_REINVESTMENT,cache/market.json.gz; SQLite corporate_actions/B3
CG_ONLY,BH padrão,2016-09-01,60872504000123,ITUB4,ITUB4_2016-09-01_DISTRIBUTION_261,11.395065687783442,,0.0,11.395065687783442,CASH_DIVIDEND,UNKNOWN,EX_DATE_ECONOMIC_REINVESTMENT,cache/market.json.gz; SQLite corporate_actions/B3
CG_ONLY,BH padrão,2016-09-02,60746948000112,BBDC4,BBDC4_2016-09-02_DISTRIBUTION_301,18.617444558039868,,0.0,18.617444558039868,JCP,UNKNOWN,EX_DATE_ECONOMIC_REINVESTMENT,cache/market.json.gz; SQLite corporate_actions/B3
CG_ONLY,BH padrão,2016-09-26,84429695000111,WEGE3,WEGE3_2016-09-26_DISTRIBUTION_85,88.62693427146807,,0.0,88.62693427146807,JCP,UNKNOWN,EX_DATE_ECONOMIC_REINVESTMENT,cache/market.json.gz; SQLite corporate_actions/B3
CG_ONLY,BH padrão,2016-09-27,61585865000151,RADL3,RADL3_2016-09-27_DISTRIBUTION_487,109.72010096396323,,0.0,109.72010096396323,JCP,UNKNOWN,EX_DATE_ECONOMIC_REINVESTMENT,cache/market.json.gz; SQLite corporate_actions/B3
CG_ONLY,BH padrão,2016-10-03,60872504000123,ITUB4,ITUB4_2016-10-03_DISTRIBUTION_260,11.49454683433126,,0.0,11.49454683433126,CASH_DIVIDEND,UNKNOWN,EX_DATE_ECONOMIC_REINVESTMENT,cache/market.json.gz; SQLite corporate_actions/B3
CG_ONLY,BH padrão,2016-10-03,60746948000112,BBDC4,BBDC4_2016-10-03_DISTRIBUTION_300,616.7991287134923,,0.0,616.7991287134923,JCP,UNKNOWN,EX_DATE_ECONOMIC_REINVESTMENT,cache/market.json.gz; SQLite corporate_actions/B3
CG_ONLY,BH padrão,2016-10-04,60746948000112,BBDC4,BBDC4_2016-10-04_DISTRIBUTION_299,19.070752353681485,,0.0,19.070752353681485,JCP,UNKNOWN,EX_DATE_ECONOMIC_REINVESTMENT,cache/market.json.gz; SQLite corporate_actions/B3
CG_ONLY,BH padrão,2016-11-01,60872504000123,ITUB4,ITUB4_2016-11-01_DISTRIBUTION_259,12.791386781534252,,0.0,12.791386781534252,CASH_DIVIDEND,UNKNOWN,EX_DATE_ECONOMIC_REINVESTMENT,cache/market.json.gz; SQLite corporate_actions/B3
CG_ONLY,BH padrão,2016-11-03,60746948000112,BBDC4,BBDC4_2016-11-03_DISTRIBUTION_298,19.0827346014761,,0.0,19.0827346014761,JCP,UNKNOWN,EX_DATE_ECONOMIC_REINVESTMENT,cache/market.json.gz; SQLite corporate_actions/B3
CG_ONLY,BH padrão,2016-11-10,02846056000197,CCRO3,CCRO3_2016-11-10_DISTRIBUTION_20,674.1633147880048,,0.0,674.1633147880048,CASH_DIVIDEND,UNKNOWN,EX_DATE_ECONOMIC_REINVESTMENT,cache/market.json.gz; SQLite corporate_actions/B3
CG_ONLY,BH padrão,2016-11-11,02474103000119,TBLE3,TBLE3_2016-11-11_DISTRIBUTION_364,445.0680682816157,,0.0,445.0680682816157,JCP,UNKNOWN,EX_DATE_ECONOMIC_REINVESTMENT,cache/market.json.gz; SQLite corporate_actions/B3
CG_ONLY,BH padrão,2016-12-01,60872504000123,ITUB4,ITUB4_2016-12-01_DISTRIBUTION_258,12.79653767554024,,0.0,12.79653767554024,CASH_DIVIDEND,UNKNOWN,EX_DATE_ECONOMIC_REINVESTMENT,cache/market.json.gz; SQLite corporate_actions/B3
CG_ONLY,BH padrão,2016-12-02,60746948000112,BBDC4,BBDC4_2016-12-02_DISTRIBUTION_297,19.094167858320457,,0.0,19.094167858320457,JCP,UNKNOWN,EX_DATE_ECONOMIC_REINVESTMENT,cache/market.json.gz; SQLite corporate_actions/B3
CG_ONLY,BH padrão,2016-12-16,61585865000151,RADL3,RADL3_2016-12-16_DISTRIBUTION_486,111.75424660167133,,0.0,111.75424660167133,JCP,UNKNOWN,EX_DATE_ECONOMIC_REINVESTMENT,cache/market.json.gz; SQLite corporate_actions/B3
CG_ONLY,BH padrão,2016-12-19,84429695000111,WEGE3,WEGE3_2016-12-19_DISTRIBUTION_84,127.63182867179692,,0.0,127.63182867179692,JCP,UNKNOWN,EX_DATE_ECONOMIC_REINVESTMENT,cache/market.json.gz; SQLite corporate_actions/B3
CG_ONLY,BH padrão,2016-12-22,60746948000112,BBDC4,BBDC4_2016-12-22_DISTRIBUTION_296,284.3590353778741,,0.0,284.3590353778741,JCP,UNKNOWN,EX_DATE_ECONOMIC_REINVESTMENT,cache/market.json.gz; SQLite corporate_actions/B3
CG_ONLY,BH padrão,2016-12-23,60872504000123,ITUB4,ITUB4_2016-12-23_DISTRIBUTION_257,402.3309940716816,,0.0,402.3309940716816,JCP,UNKNOWN,EX_DATE_ECONOMIC_REINVESTMENT,cache/market.json.gz; SQLite corporate_actions/B3
CG_ONLY,BH padrão,2016-12-27,17155730000164,CMIG4,CMIG4_2016-12-27_DISTRIBUTION_642,976.5122672929264,,0.0,976.5122672929264,,UNKNOWN,EX_DATE_ECONOMIC_REINVESTMENT,https://api.mziq.com/mzfilemanager/v2/d/716a131f-9624-452c-9088-0cd6983c1349/a2eb9f5f-37e1-8913-c1eb-c4281b5e23b2?origin=2
CG_ONLY,BH padrão,2017-01-02,60872504000123,ITUB4,ITUB4_2017-01-02_DISTRIBUTION_256,12.988079406067293,,0.0,12.988079406067293,CASH_DIVIDEND,UNKNOWN,EX_DATE_ECONOMIC_REINVESTMENT,cache/market.json.gz; SQLite corporate_actions/B3
CG_ONLY,BH padrão,2017-01-03,60746948000112,BBDC4,BBDC4_2017-01-03_DISTRIBUTION_623,19.31201849159857,,0.0,19.31201849159857,JCP Mensais,UNKNOWN,EX_DATE_ECONOMIC_REINVESTMENT,https://www.bradescori.com.br/informacoes-ao-mercado/remuneracao-aos-acionistas/
CG_ONLY,BH padrão,2017-02-01,60872504000123,ITUB4,ITUB4_2017-02-01_DISTRIBUTION_255,13.012526077367419,,0.0,13.012526077367419,CASH_DIVIDEND,UNKNOWN,EX_DATE_ECONOMIC_REINVESTMENT,cache/market.json.gz; SQLite corporate_actions/B3
CG_ONLY,BH padrão,2017-02-02,60746948000112,BBDC4,BBDC4_2017-02-02_DISTRIBUTION_624,19.324233220341323,,0.0,19.324233220341323,JCP Mensais,UNKNOWN,EX_DATE_ECONOMIC_REINVESTMENT,https://www.bradescori.com.br/informacoes-ao-mercado/remuneracao-aos-acionistas/
CG_ONLY,BH padrão,2017-02-16,02932074000191,HYPE3,HYPE3_2017-02-16_DISTRIBUTION_435,644.4156028519604,,0.0,644.4156028519604,CASH_DIVIDEND,UNKNOWN,EX_DATE_ECONOMIC_REINVESTMENT,cache/market.json.gz; SQLite corporate_actions/B3
CG_ONLY,BH padrão,2017-02-21,60872504000123,ITUB4,ITUB4_2017-02-21_DISTRIBUTION_254,672.9290541058017,,0.0,672.9290541058017,JCP,UNKNOWN,EX_DATE_ECONOMIC_REINVESTMENT,cache/market.json.gz; SQLite corporate_actions/B3
CG_ONLY,BH padrão,2017-03-01,84429695000111,WEGE3,WEGE3_2017-03-01_DISTRIBUTION_83,109.34851414901479,,0.0,109.34851414901479,CASH_DIVIDEND,UNKNOWN,EX_DATE_ECONOMIC_REINVESTMENT,cache/market.json.gz; SQLite corporate_actions/B3
CG_ONLY,BH padrão,2017-03-01,60872504000123,ITUB4,ITUB4_2017-03-01_DISTRIBUTION_253,13.264812056781356,,0.0,13.264812056781356,CASH_DIVIDEND,UNKNOWN,EX_DATE_ECONOMIC_REINVESTMENT,cache/market.json.gz; SQLite corporate_actions/B3
CG_ONLY,BH padrão,2017-03-02,60746948000112,BBDC4,BBDC4_2017-03-02_DISTRIBUTION_625,19.35108498606233,,0.0,19.35108498606233,JCP Mensais,UNKNOWN,EX_DATE_ECONOMIC_REINVESTMENT,https://www.bradescori.com.br/informacoes-ao-mercado/remuneracao-aos-acionistas/
CG_ONLY,BH padrão,2017-03-27,84429695000111,WEGE3,WEGE3_2017-03-27_DISTRIBUTION_82,114.61984835145503,,0.0,114.61984835145503,JCP,UNKNOWN,EX_DATE_ECONOMIC_REINVESTMENT,cache/market.json.gz; SQLite corporate_actions/B3
CG_ONLY,BH padrão,2017-03-27,61585865000151,RADL3,RADL3_2017-03-27_DISTRIBUTION_485,114.15743855894851,,0.0,114.15743855894851,JCP,UNKNOWN,EX_DATE_ECONOMIC_REINVESTMENT,cache/market.json.gz; SQLite corporate_actions/B3
CG_ONLY,BH padrão,2017-04-03,60872504000123,ITUB4,ITUB4_2017-04-03_DISTRIBUTION_252,13.269792586965378,,0.0,13.269792586965378,CASH_DIVIDEND,UNKNOWN,EX_DATE_ECONOMIC_REINVESTMENT,cache/market.json.gz; SQLite corporate_actions/B3
CG_ONLY,BH padrão,2017-04-04,60746948000112,BBDC4,BBDC4_2017-04-04_DISTRIBUTION_626,19.436033316696122,,0.0,19.436033316696122,JCP Mensais,UNKNOWN,EX_DATE_ECONOMIC_REINVESTMENT,https://www.bradescori.com.br/informacoes-ao-mercado/remuneracao-aos-acionistas/
CG_ONLY,BH padrão,2017-04-12,02846056000197,CCRO3,CCRO3_2017-04-12_DISTRIBUTION_19,352.7120404937041,,0.0,352.7120404937041,CASH_DIVIDEND,UNKNOWN,EX_DATE_ECONOMIC_REINVESTMENT,cache/market.json.gz; SQLite corporate_actions/B3
CG_ONLY,BH padrão,2017-04-20,02932074000191,HYPE3,HYPE3_2017-04-20_DISTRIBUTION_434,57.53291015089026,,0.0,57.53291015089026,CASH_DIVIDEND,UNKNOWN,EX_DATE_ECONOMIC_REINVESTMENT,cache/market.json.gz; SQLite corporate_actions/B3
CG_ONLY,BH padrão,2017-05-02,60872504000123,ITUB4,ITUB4_2017-05-02_DISTRIBUTION_251,13.274959951679929,,0.0,13.274959951679929,CASH_DIVIDEND,UNKNOWN,EX_DATE_ECONOMIC_REINVESTMENT,cache/market.json.gz; SQLite corporate_actions/B3
CG_ONLY,BH padrão,2017-05-03,60746948000112,BBDC4,BBDC4_2017-05-03_DISTRIBUTION_627,21.41651471455465,,0.0,21.41651471455465,JCP Mensais,UNKNOWN,EX_DATE_ECONOMIC_REINVESTMENT,https://www.bradescori.com.br/informacoes-ao-mercado/remuneracao-aos-acionistas/
CG_ONLY,BH padrão,2017-05-15,17155730000164,CMIG4,CMIG4_2017-05-15_DISTRIBUTION_643,850.3491664692556,,0.0,850.3491664692556,,UNKNOWN,EX_DATE_ECONOMIC_REINVESTMENT,https://api.mziq.com/mzfilemanager/v2/d/716a131f-9624-452c-9088-0cd6983c1349/a2eb9f5f-37e1-8913-c1eb-c4281b5e23b2?origin=2
CG_ONLY,BH padrão,2017-05-30,02474103000119,TBLE3,TBLE3_2017-05-30_DISTRIBUTION_363,522.4295521600816,,0.0,522.4295521600816,CASH_DIVIDEND,UNKNOWN,EX_DATE_ECONOMIC_REINVESTMENT,cache/market.json.gz; SQLite corporate_actions/B3
CG_ONLY,BH padrão,2017-06-01,60872504000123,ITUB4,ITUB4_2017-06-01_DISTRIBUTION_250,13.279985897877882,,0.0,13.279985897877882,CASH_DIVIDEND,UNKNOWN,EX_DATE_ECONOMIC_REINVESTMENT,cache/market.json.gz; SQLite corporate_actions/B3
CG_ONLY,BH padrão,2017-06-02,60746948000112,BBDC4,BBDC4_2017-06-02_DISTRIBUTION_628,21.656443777525194,,0.0,21.656443777525194,JCP Mensais,UNKNOWN,EX_DATE_ECONOMIC_REINVESTMENT,https://www.bradescori.com.br/informacoes-ao-mercado/remuneracao-aos-acionistas/
CG_ONLY,BH padrão,2017-06-27,61585865000151,RADL3,RADL3_2017-06-27_DISTRIBUTION_484,109.97717145676877,,0.0,109.97717145676877,JCP,UNKNOWN,EX_DATE_ECONOMIC_REINVESTMENT,cache/market.json.gz; SQLite corporate_actions/B3
CG_ONLY,BH padrão,2017-07-03,84429695000111,WEGE3,WEGE3_2017-07-03_DISTRIBUTION_81,110.00518709871236,,0.0,110.00518709871236,JCP,UNKNOWN,EX_DATE_ECONOMIC_REINVESTMENT,cache/market.json.gz; SQLite corporate_actions/B3
CG_ONLY,BH padrão,2017-07-03,60872504000123,ITUB4,ITUB4_2017-07-03_DISTRIBUTION_249,13.41588968706768,,0.0,13.41588968706768,CASH_DIVIDEND,UNKNOWN,EX_DATE_ECONOMIC_REINVESTMENT,cache/market.json.gz; SQLite corporate_actions/B3
CG_ONLY,BH padrão,2017-07-03,60746948000112,BBDC4,BBDC4_2017-07-03_DISTRIBUTION_629,184.20449578798664,,0.0,184.20449578798664,JCP Intermediários,UNKNOWN,EX_DATE_ECONOMIC_REINVESTMENT,https://www.bradescori.com.br/informacoes-ao-mercado/remuneracao-aos-acionistas/
CG_ONLY,BH padrão,2017-07-04,60746948000112,BBDC4,BBDC4_2017-07-04_DISTRIBUTION_630,21.971825421886162,,0.0,21.971825421886162,JCP Mensais,UNKNOWN,EX_DATE_ECONOMIC_REINVESTMENT,https://www.bradescori.com.br/informacoes-ao-mercado/remuneracao-aos-acionistas/
CG_ONLY,BH padrão,2017-07-24,84429695000111,WEGE3,WEGE3_2017-07-24_DISTRIBUTION_80,97.21806019971908,,0.0,97.21806019971908,CASH_DIVIDEND,UNKNOWN,EX_DATE_ECONOMIC_REINVESTMENT,cache/market.json.gz; SQLite corporate_actions/B3
CG_ONLY,BH padrão,2017-08-01,60872504000123,ITUB4,ITUB4_2017-08-01_DISTRIBUTION_248,13.487667744281929,,0.0,13.487667744281929,CASH_DIVIDEND,UNKNOWN,EX_DATE_ECONOMIC_REINVESTMENT,cache/market.json.gz; SQLite corporate_actions/B3
CG_ONLY,BH padrão,2017-08-02,60746948000112,BBDC4,BBDC4_2017-08-02_DISTRIBUTION_631,22.035502589709022,,0.0,22.035502589709022,JCP Mensais,UNKNOWN,EX_DATE_ECONOMIC_REINVESTMENT,https://www.bradescori.com.br/informacoes-ao-mercado/remuneracao-aos-acionistas/
CG_ONLY,BH padrão,2017-08-10,02474103000119,TBLE3,TBLE3_2017-08-10_DISTRIBUTION_362,1296.8174528313443,,0.0,1296.8174528313443,CASH_DIVIDEND,UNKNOWN,EX_DATE_ECONOMIC_REINVESTMENT,cache/market.json.gz; SQLite corporate_actions/B3
CG_ONLY,BH padrão,2017-08-15,60872504000123,ITUB4,ITUB4_2017-08-15_DISTRIBUTION_247,360.81933259388,,0.0,360.81933259388,JCP,UNKNOWN,EX_DATE_ECONOMIC_REINVESTMENT,cache/market.json.gz; SQLite corporate_actions/B3
CG_ONLY,BH padrão,2017-09-01,60872504000123,ITUB4,ITUB4_2017-09-01_DISTRIBUTION_246,13.700863344170719,,0.0,13.700863344170719,CASH_DIVIDEND,UNKNOWN,EX_DATE_ECONOMIC_REINVESTMENT,cache/market.json.gz; SQLite corporate_actions/B3
CG_ONLY,BH padrão,2017-09-04,60746948000112,BBDC4,BBDC4_2017-09-04_DISTRIBUTION_632,22.049007739995158,,0.0,22.049007739995158,JCP Mensais,UNKNOWN,EX_DATE_ECONOMIC_REINVESTMENT,https://www.bradescori.com.br/informacoes-ao-mercado/remuneracao-aos-acionistas/
CG_ONLY,BH padrão,2017-09-28,61585865000151,RADL3,RADL3_2017-09-28_DISTRIBUTION_483,114.7043230056044,,0.0,114.7043230056044,JCP,UNKNOWN,EX_DATE_ECONOMIC_REINVESTMENT,cache/market.json.gz; SQLite corporate_actions/B3
CG_ONLY,BH padrão,2017-10-02,84429695000111,WEGE3,WEGE3_2017-10-02_DISTRIBUTION_79,107.20858399748491,,0.0,107.20858399748491,JCP,UNKNOWN,EX_DATE_ECONOMIC_REINVESTMENT,cache/market.json.gz; SQLite corporate_actions/B3
CG_ONLY,BH padrão,2017-10-02,60872504000123,ITUB4,ITUB4_2017-10-02_DISTRIBUTION_245,13.732097129326664,,0.0,13.732097129326664,CASH_DIVIDEND,UNKNOWN,EX_DATE_ECONOMIC_REINVESTMENT,cache/market.json.gz; SQLite corporate_actions/B3
CG_ONLY,BH padrão,2017-10-03,60746948000112,BBDC4,BBDC4_2017-10-03_DISTRIBUTION_633,22.06122308920701,,0.0,22.06122308920701,JCP Mensais,UNKNOWN,EX_DATE_ECONOMIC_REINVESTMENT,https://www.bradescori.com.br/informacoes-ao-mercado/remuneracao-aos-acionistas/
CG_ONLY,BH padrão,2017-10-20,02846056000197,CCRO3,CCRO3_2017-10-20_DISTRIBUTION_18,867.7041794003815,,0.0,867.7041794003815,CASH_DIVIDEND,UNKNOWN,EX_DATE_ECONOMIC_REINVESTMENT,cache/market.json.gz; SQLite corporate_actions/B3
CG_ONLY,BH padrão,2017-11-01,60872504000123,ITUB4,ITUB4_2017-11-01_DISTRIBUTION_244,13.7368421525227,,0.0,13.7368421525227,CASH_DIVIDEND,UNKNOWN,EX_DATE_ECONOMIC_REINVESTMENT,cache/market.json.gz; SQLite corporate_actions/B3
CG_ONLY,BH padrão,2017-11-03,60746948000112,BBDC4,BBDC4_2017-11-03_DISTRIBUTION_634,22.13026351834177,,0.0,22.13026351834177,JCP Mensais,UNKNOWN,EX_DATE_ECONOMIC_REINVESTMENT,https://www.bradescori.com.br/informacoes-ao-mercado/remuneracao-aos-acionistas/
CG_ONLY,BH padrão,2017-11-10,02474103000119,TBLE3,TBLE3_2017-11-10_DISTRIBUTION_361,643.7243499450366,,0.0,643.7243499450366,JCP,UNKNOWN,EX_DATE_ECONOMIC_REINVESTMENT,cache/market.json.gz; SQLite corporate_actions/B3
CG_ONLY,BH padrão,2017-12-01,60872504000123,ITUB4,ITUB4_2017-12-01_DISTRIBUTION_243,13.828514425282325,,0.0,13.828514425282325,CASH_DIVIDEND,UNKNOWN,EX_DATE_ECONOMIC_REINVESTMENT,cache/market.json.gz; SQLite corporate_actions/B3
CG_ONLY,BH padrão,2017-12-04,60746948000112,BBDC4,BBDC4_2017-12-04_DISTRIBUTION_635,22.26474987975765,,0.0,22.26474987975765,JCP Mensais,UNKNOWN,EX_DATE_ECONOMIC_REINVESTMENT,https://www.bradescori.com.br/informacoes-ao-mercado/remuneracao-aos-acionistas/
CG_ONLY,BH padrão,2017-12-15,60872504000123,ITUB4,ITUB4_2017-12-15_DISTRIBUTION_242,133.99278822479272,,0.0,133.99278822479272,JCP,UNKNOWN,EX_DATE_ECONOMIC_REINVESTMENT,cache/market.json.gz; SQLite corporate_actions/B3
CG_ONLY,BH padrão,2017-12-18,84429695000111,WEGE3,WEGE3_2017-12-18_DISTRIBUTION_78,105.88257693072451,,0.0,105.88257693072451,JCP,UNKNOWN,EX_DATE_ECONOMIC_REINVESTMENT,cache/market.json.gz; SQLite corporate_actions/B3
CG_ONLY,BH padrão,2017-12-18,61585865000151,RADL3,RADL3_2017-12-18_DISTRIBUTION_482,116.07296828177006,,0.0,116.07296828177006,JCP,UNKNOWN,EX_DATE_ECONOMIC_REINVESTMENT,cache/market.json.gz; SQLite corporate_actions/B3
CG_ONLY,BH padrão,2017-12-26,60746948000112,BBDC4,BBDC4_2017-12-26_DISTRIBUTION_636,974.3630173182295,,0.0,974.3630173182295,JCP Complementares,UNKNOWN,EX_DATE_ECONOMIC_REINVESTMENT,https://www.bradescori.com.br/informacoes-ao-mercado/remuneracao-aos-acionistas/
CG_ONLY,BH padrão,2018-01-02,60872504000123,ITUB4,ITUB4_2018-01-02_DISTRIBUTION_241,13.958200353654982,,0.0,13.958200353654982,CASH_DIVIDEND,UNKNOWN,EX_DATE_ECONOMIC_REINVESTMENT,cache/market.json.gz; SQLite corporate_actions/B3
CG_ONLY,BH padrão,2018-01-02,02932074000191,HYPE3,HYPE3_2018-01-02_DISTRIBUTION_433,1094.09685527076,,0.0,1094.09685527076,JCP,UNKNOWN,EX_DATE_ECONOMIC_REINVESTMENT,cache/market.json.gz; SQLite corporate_actions/B3
CG_ONLY,BH padrão,2018-01-03,60746948000112,BBDC4,BBDC4_2018-01-03_DISTRIBUTION_609,22.894384862559214,,0.0,22.894384862559214,JCP Mensais,UNKNOWN,EX_DATE_ECONOMIC_REINVESTMENT,https://www.bradescori.com.br/informacoes-ao-mercado/remuneracao-aos-acionistas/
CG_ONLY,BH padrão,2018-02-01,60872504000123,ITUB4,ITUB4_2018-02-01_DISTRIBUTION_240,14.023166078653642,,0.0,14.023166078653642,CASH_DIVIDEND,UNKNOWN,EX_DATE_ECONOMIC_REINVESTMENT,cache/market.json.gz; SQLite corporate_actions/B3
CG_ONLY,BH padrão,2018-02-02,60746948000112,BBDC4,BBDC4_2018-02-02_DISTRIBUTION_610,22.906889657606406,,0.0,22.906889657606406,JCP Mensais,UNKNOWN,EX_DATE_ECONOMIC_REINVESTMENT,https://www.bradescori.com.br/informacoes-ao-mercado/remuneracao-aos-acionistas/
CG_ONLY,BH padrão,2018-02-16,60872504000123,ITUB4,ITUB4_2018-02-16_DISTRIBUTION_238,901.292554032248,,0.0,901.292554032248,CASH_DIVIDEND,UNKNOWN,EX_DATE_ECONOMIC_REINVESTMENT,cache/market.json.gz; SQLite corporate_actions/B3
CG_ONLY,BH padrão,2018-02-16,60872504000123,ITUB4,ITUB4_2018-02-16_DISTRIBUTION_239,1074.294341224576,,0.0,1074.294341224576,JCP,UNKNOWN,EX_DATE_ECONOMIC_REINVESTMENT,cache/market.json.gz; SQLite corporate_actions/B3
CG_ONLY,BH padrão,2018-03-01,60872504000123,ITUB4,ITUB4_2018-03-01_DISTRIBUTION_237,14.610170231362442,,0.0,14.610170231362442,CASH_DIVIDEND,UNKNOWN,EX_DATE_ECONOMIC_REINVESTMENT,cache/market.json.gz; SQLite corporate_actions/B3
CG_ONLY,BH padrão,2018-03-02,60746948000112,BBDC4,BBDC4_2018-03-02_DISTRIBUTION_611,22.91820287613939,,0.0,22.91820287613939,JCP Mensais,UNKNOWN,EX_DATE_ECONOMIC_REINVESTMENT,https://www.bradescori.com.br/informacoes-ao-mercado/remuneracao-aos-acionistas/
CG_ONLY,BH padrão,2018-03-05,84429695000111,WEGE3,WEGE3_2018-03-05_DISTRIBUTION_77,153.12205402721037,,0.0,153.12205402721037,CASH_DIVIDEND,UNKNOWN,EX_DATE_ECONOMIC_REINVESTMENT,cache/market.json.gz; SQLite corporate_actions/B3
CG_ONLY,BH padrão,2018-03-26,84429695000111,WEGE3,WEGE3_2018-03-26_DISTRIBUTION_76,98.19609535400465,,0.0,98.19609535400465,JCP,UNKNOWN,EX_DATE_ECONOMIC_REINVESTMENT,cache/market.json.gz; SQLite corporate_actions/B3
CG_ONLY,BH padrão,2018-03-27,61585865000151,RADL3,RADL3_2018-03-27_DISTRIBUTION_481,115.28168619645857,,0.0,115.28168619645857,JCP,UNKNOWN,EX_DATE_ECONOMIC_REINVESTMENT,cache/market.json.gz; SQLite corporate_actions/B3
CG_ONLY,BH padrão,2018-04-02,60872504000123,ITUB4,ITUB4_2018-04-02_DISTRIBUTION_236,14.614458091927311,,0.0,14.614458091927311,CASH_DIVIDEND,UNKNOWN,EX_DATE_ECONOMIC_REINVESTMENT,cache/market.json.gz; SQLite corporate_actions/B3
CG_ONLY,BH padrão,2018-04-03,60746948000112,BBDC4,BBDC4_2018-04-03_DISTRIBUTION_612,25.22221988416174,,0.0,25.22221988416174,JCP Mensais,UNKNOWN,EX_DATE_ECONOMIC_REINVESTMENT,https://www.bradescori.com.br/informacoes-ao-mercado/remuneracao-aos-acionistas/
CG_ONLY,BH padrão,2018-04-06,02932074000191,HYPE3,HYPE3_2018-04-06_DISTRIBUTION_432,259.36536422025915,,0.0,259.36536422025915,JCP,UNKNOWN,EX_DATE_ECONOMIC_REINVESTMENT,cache/market.json.gz; SQLite corporate_actions/B3
CG_ONLY,BH padrão,2018-04-17,02846056000197,CCRO3,CCRO3_2018-04-17_DISTRIBUTION_17,483.167830325924,,0.0,483.167830325924,CASH_DIVIDEND,UNKNOWN,EX_DATE_ECONOMIC_REINVESTMENT,cache/market.json.gz; SQLite corporate_actions/B3
CG_ONLY,BH padrão,2018-04-24,02474103000119,TBLE3,TBLE3_2018-04-24_DISTRIBUTION_360,1038.8639808082594,,0.0,1038.8639808082594,CASH_DIVIDEND,UNKNOWN,EX_DATE_ECONOMIC_REINVESTMENT,cache/market.json.gz; SQLite corporate_actions/B3
CG_ONLY,BH padrão,2018-05-02,60872504000123,ITUB4,ITUB4_2018-05-02_DISTRIBUTION_235,14.6187522519935,,0.0,14.6187522519935,CASH_DIVIDEND,UNKNOWN,EX_DATE_ECONOMIC_REINVESTMENT,cache/market.json.gz; SQLite corporate_actions/B3
CG_ONLY,BH padrão,2018-05-02,17155730000164,CMIG4,CMIG4_2018-05-02_DISTRIBUTION_644,2393.585233767412,,0.0,2393.585233767412,,UNKNOWN,EX_DATE_ECONOMIC_REINVESTMENT,https://api.mziq.com/mzfilemanager/v2/d/716a131f-9624-452c-9088-0cd6983c1349/a2eb9f5f-37e1-8913-c1eb-c4281b5e23b2?origin=2
CG_ONLY,BH padrão,2018-05-03,60746948000112,BBDC4,BBDC4_2018-05-03_DISTRIBUTION_613,25.23552874970284,,0.0,25.23552874970284,JCP Mensais,UNKNOWN,EX_DATE_ECONOMIC_REINVESTMENT,https://www.bradescori.com.br/informacoes-ao-mercado/remuneracao-aos-acionistas/
CG_ONLY,BH padrão,2018-06-01,60872504000123,ITUB4,ITUB4_2018-06-01_DISTRIBUTION_234,14.623254947759001,,0.0,14.623254947759001,CASH_DIVIDEND,UNKNOWN,EX_DATE_ECONOMIC_REINVESTMENT,cache/market.json.gz; SQLite corporate_actions/B3
CG_ONLY,BH padrão,2018-06-04,60746948000112,BBDC4,BBDC4_2018-06-04_DISTRIBUTION_614,25.250052235842954,,0.0,25.250052235842954,JCP Mensais,UNKNOWN,EX_DATE_ECONOMIC_REINVESTMENT,https://www.bradescori.com.br/informacoes-ao-mercado/remuneracao-aos-acionistas/
CG_ONLY,BH padrão,2018-06-27,61585865000151,RADL3,RADL3_2018-06-27_DISTRIBUTION_480,114.38941880009473,,0.0,114.38941880009473,JCP,UNKNOWN,EX_DATE_ECONOMIC_REINVESTMENT,cache/market.json.gz; SQLite corporate_actions/B3
CG_ONLY,BH padrão,2018-07-02,84429695000111,WEGE3,WEGE3_2018-07-02_DISTRIBUTION_75,95.9237679371913,,0.0,95.9237679371913,JCP,UNKNOWN,EX_DATE_ECONOMIC_REINVESTMENT,cache/market.json.gz; SQLite corporate_actions/B3
CG_ONLY,BH padrão,2018-07-02,60872504000123,ITUB4,ITUB4_2018-07-02_DISTRIBUTION_233,14.62826062608434,,0.0,14.62826062608434,CASH_DIVIDEND,UNKNOWN,EX_DATE_ECONOMIC_REINVESTMENT,cache/market.json.gz; SQLite corporate_actions/B3
CG_ONLY,BH padrão,2018-07-02,60746948000112,BBDC4,BBDC4_2018-07-02_DISTRIBUTION_615,252.6110773406887,,0.0,252.6110773406887,JCP Intermediários,UNKNOWN,EX_DATE_ECONOMIC_REINVESTMENT,https://www.bradescori.com.br/informacoes-ao-mercado/remuneracao-aos-acionistas/
CG_ONLY,BH padrão,2018-07-03,60746948000112,BBDC4,BBDC4_2018-07-03_DISTRIBUTION_616,25.72220544743685,,0.0,25.72220544743685,JCP Mensais,UNKNOWN,EX_DATE_ECONOMIC_REINVESTMENT,https://www.bradescori.com.br/informacoes-ao-mercado/remuneracao-aos-acionistas/
CG_ONLY,BH padrão,2018-07-04,02932074000191,HYPE3,HYPE3_2018-07-04_DISTRIBUTION_431,262.65654058790557,,0.0,262.65654058790557,JCP,UNKNOWN,EX_DATE_ECONOMIC_REINVESTMENT,cache/market.json.gz; SQLite corporate_actions/B3
CG_ONLY,BH padrão,2018-07-23,84429695000111,WEGE3,WEGE3_2018-07-23_DISTRIBUTION_74,202.24777517310943,,0.0,202.24777517310943,CASH_DIVIDEND,UNKNOWN,EX_DATE_ECONOMIC_REINVESTMENT,cache/market.json.gz; SQLite corporate_actions/B3
CG_ONLY,BH padrão,2018-08-01,60872504000123,ITUB4,ITUB4_2018-08-01_DISTRIBUTION_232,14.633698641186974,,0.0,14.633698641186974,CASH_DIVIDEND,UNKNOWN,EX_DATE_ECONOMIC_REINVESTMENT,cache/market.json.gz; SQLite corporate_actions/B3
CG_ONLY,BH padrão,2018-08-02,60746948000112,BBDC4,BBDC4_2018-08-02_DISTRIBUTION_617,25.779213736338118,,0.0,25.779213736338118,JCP Mensais,UNKNOWN,EX_DATE_ECONOMIC_REINVESTMENT,https://www.bradescori.com.br/informacoes-ao-mercado/remuneracao-aos-acionistas/
CG_ONLY,BH padrão,2018-08-20,60872504000123,ITUB4,ITUB4_2018-08-20_DISTRIBUTION_230,608.9623339004276,,0.0,608.9623339004276,CASH_DIVIDEND,UNKNOWN,EX_DATE_ECONOMIC_REINVESTMENT,cache/market.json.gz; SQLite corporate_actions/B3
CG_ONLY,BH padrão,2018-08-20,60872504000123,ITUB4,ITUB4_2018-08-20_DISTRIBUTION_231,122.1828272505345,,0.0,122.1828272505345,JCP,UNKNOWN,EX_DATE_ECONOMIC_REINVESTMENT,cache/market.json.gz; SQLite corporate_actions/B3
CG_ONLY,BH padrão,2018-08-21,02474103000119,TBLE3,TBLE3_2018-08-21_DISTRIBUTION_359,1941.0178463539617,,0.0,1941.0178463539617,CASH_DIVIDEND,UNKNOWN,EX_DATE_ECONOMIC_REINVESTMENT,cache/market.json.gz; SQLite corporate_actions/B3
CG_ONLY,BH padrão,2018-09-03,60872504000123,ITUB4,ITUB4_2018-09-03_DISTRIBUTION_229,14.896386849861287,,0.0,14.896386849861287,CASH_DIVIDEND,UNKNOWN,EX_DATE_ECONOMIC_REINVESTMENT,cache/market.json.gz; SQLite corporate_actions/B3
CG_ONLY,BH padrão,2018-09-04,60746948000112,BBDC4,BBDC4_2018-09-04_DISTRIBUTION_618,26.020665124265776,,0.0,26.020665124265776,JCP Mensais,UNKNOWN,EX_DATE_ECONOMIC_REINVESTMENT,https://www.bradescori.com.br/informacoes-ao-mercado/remuneracao-aos-acionistas/
CG_ONLY,BH padrão,2018-09-24,84429695000111,WEGE3,WEGE3_2018-09-24_DISTRIBUTION_73,96.87434249280435,,0.0,96.87434249280435,JCP,UNKNOWN,EX_DATE_ECONOMIC_REINVESTMENT,cache/market.json.gz; SQLite corporate_actions/B3
CG_ONLY,BH padrão,2018-09-27,61585865000151,RADL3,RADL3_2018-09-27_DISTRIBUTION_479,118.06140181645462,,0.0,118.06140181645462,JCP,UNKNOWN,EX_DATE_ECONOMIC_REINVESTMENT,cache/market.json.gz; SQLite corporate_actions/B3
CG_ONLY,BH padrão,2018-10-01,60872504000123,ITUB4,ITUB4_2018-10-01_DISTRIBUTION_228,14.905511235939006,,0.0,14.905511235939006,CASH_DIVIDEND,UNKNOWN,EX_DATE_ECONOMIC_REINVESTMENT,cache/market.json.gz; SQLite corporate_actions/B3
CG_ONLY,BH padrão,2018-10-02,60746948000112,BBDC4,BBDC4_2018-10-02_DISTRIBUTION_619,26.193666817624447,,0.0,26.193666817624447,JCP Mensais,UNKNOWN,EX_DATE_ECONOMIC_REINVESTMENT,https://www.bradescori.com.br/informacoes-ao-mercado/remuneracao-aos-acionistas/
CG_ONLY,BH padrão,2018-10-03,02932074000191,HYPE3,HYPE3_2018-10-03_DISTRIBUTION_430,268.85522613857376,,0.0,268.85522613857376,JCP,UNKNOWN,EX_DATE_ECONOMIC_REINVESTMENT,cache/market.json.gz; SQLite corporate_actions/B3
CG_ONLY,BH padrão,2018-10-24,02846056000197,CCRO3,CCRO3_2018-10-24_DISTRIBUTION_16,1346.4712532177916,,0.0,1346.4712532177916,CASH_DIVIDEND,UNKNOWN,EX_DATE_ECONOMIC_REINVESTMENT,cache/market.json.gz; SQLite corporate_actions/B3
CG_ONLY,BH padrão,2018-11-01,60872504000123,ITUB4,ITUB4_2018-11-01_DISTRIBUTION_227,14.910636927560718,,0.0,14.910636927560718,CASH_DIVIDEND,UNKNOWN,EX_DATE_ECONOMIC_REINVESTMENT,cache/market.json.gz; SQLite corporate_actions/B3
CG_ONLY,BH padrão,2018-11-05,60746948000112,BBDC4,BBDC4_2018-11-05_DISTRIBUTION_620,26.210234145120246,,0.0,26.210234145120246,JCP Mensais,UNKNOWN,EX_DATE_ECONOMIC_REINVESTMENT,https://www.bradescori.com.br/informacoes-ao-mercado/remuneracao-aos-acionistas/
CG_ONLY,BH padrão,2018-11-13,02474103000119,TBLE3,TBLE3_2018-11-13_DISTRIBUTION_358,1163.661687499971,,0.0,1163.661687499971,CASH_DIVIDEND,UNKNOWN,EX_DATE_ECONOMIC_REINVESTMENT,cache/market.json.gz; SQLite corporate_actions/B3
CG_ONLY,BH padrão,2018-12-03,60872504000123,ITUB4,ITUB4_2018-12-03_DISTRIBUTION_226,22.372673239376123,,0.0,22.372673239376123,CASH_DIVIDEND,UNKNOWN,EX_DATE_ECONOMIC_REINVESTMENT,cache/market.json.gz; SQLite corporate_actions/B3
CG_ONLY,BH padrão,2018-12-04,60746948000112,BBDC4,BBDC4_2018-12-04_DISTRIBUTION_621,26.223668347895746,,0.0,26.223668347895746,JCP Mensais,UNKNOWN,EX_DATE_ECONOMIC_REINVESTMENT,https://www.bradescori.com.br/informacoes-ao-mercado/remuneracao-aos-acionistas/
CG_ONLY,BH padrão,2018-12-17,61585865000151,RADL3,RADL3_2018-12-17_DISTRIBUTION_478,128.61254084321232,,0.0,128.61254084321232,JCP,UNKNOWN,EX_DATE_ECONOMIC_REINVESTMENT,cache/market.json.gz; SQLite corporate_actions/B3
CG_ONLY,BH padrão,2018-12-18,60872504000123,ITUB4,ITUB4_2018-12-18_DISTRIBUTION_225,15.816693318029378,,0.0,15.816693318029378,JCP,UNKNOWN,EX_DATE_ECONOMIC_REINVESTMENT,cache/market.json.gz; SQLite corporate_actions/B3
CG_ONLY,BH padrão,2018-12-26,84429695000111,WEGE3,WEGE3_2018-12-26_DISTRIBUTION_72,130.18149283999736,,0.0,130.18149283999736,JCP,UNKNOWN,EX_DATE_ECONOMIC_REINVESTMENT,cache/market.json.gz; SQLite corporate_actions/B3
CG_ONLY,BH padrão,2018-12-26,60746948000112,BBDC4,BBDC4_2018-12-26_DISTRIBUTION_622,1009.6670256577419,,0.0,1009.6670256577419,JCP Complementares,UNKNOWN,EX_DATE_ECONOMIC_REINVESTMENT,https://www.bradescori.com.br/informacoes-ao-mercado/remuneracao-aos-acionistas/
CG_ONLY,BH padrão,2018-12-26,02932074000191,HYPE3,HYPE3_2018-12-26_DISTRIBUTION_429,216.56566973470657,,0.0,216.56566973470657,JCP,UNKNOWN,EX_DATE_ECONOMIC_REINVESTMENT,cache/market.json.gz; SQLite corporate_actions/B3
CG_ONLY,BH padrão,2018-12-26,17155730000164,CMIG4,CMIG4_2018-12-26_DISTRIBUTION_645,759.561952973909,,0.0,759.561952973909,,UNKNOWN,EX_DATE_ECONOMIC_REINVESTMENT,https://api.mziq.com/mzfilemanager/v2/d/716a131f-9624-452c-9088-0cd6983c1349/a2eb9f5f-37e1-8913-c1eb-c4281b5e23b2?origin=2
CG_ONLY,BH padrão,2018-12-27,02474103000119,TBLE3,TBLE3_2018-12-27_DISTRIBUTION_357,725.3880083465774,,0.0,725.3880083465774,JCP,UNKNOWN,EX_DATE_ECONOMIC_REINVESTMENT,cache/market.json.gz; SQLite corporate_actions/B3
CG_ONLY,BH padrão,2019-01-02,60872504000123,ITUB4,ITUB4_2019-01-02_DISTRIBUTION_224,22.38886860729639,,0.0,22.38886860729639,CASH_DIVIDEND,UNKNOWN,EX_DATE_ECONOMIC_REINVESTMENT,cache/market.json.gz; SQLite corporate_actions/B3
CG_ONLY,BH padrão,2019-01-03,60746948000112,BBDC4,BBDC4_2019-01-03_DISTRIBUTION_594,26.76032315542921,,0.0,26.76032315542921,JCP Mensais,UNKNOWN,EX_DATE_ECONOMIC_REINVESTMENT,https://www.bradescori.com.br/informacoes-ao-mercado/remuneracao-aos-acionistas/
CG_ONLY,BH padrão,2019-02-01,60872504000123,ITUB4,ITUB4_2019-02-01_DISTRIBUTION_223,22.397945175650698,,0.0,22.397945175650698,CASH_DIVIDEND,UNKNOWN,EX_DATE_ECONOMIC_REINVESTMENT,cache/market.json.gz; SQLite corporate_actions/B3
CG_ONLY,BH padrão,2019-02-04,60746948000112,BBDC4,BBDC4_2019-02-04_DISTRIBUTION_595,26.772774651766937,,0.0,26.772774651766937,JCP Mensais,UNKNOWN,EX_DATE_ECONOMIC_REINVESTMENT,https://www.bradescori.com.br/informacoes-ao-mercado/remuneracao-aos-acionistas/
CG_ONLY,BH padrão,2019-02-22,60872504000123,ITUB4,ITUB4_2019-02-22_DISTRIBUTION_221,1569.5077775004406,,0.0,1569.5077775004406,CASH_DIVIDEND,UNKNOWN,EX_DATE_ECONOMIC_REINVESTMENT,cache/market.json.gz; SQLite corporate_actions/B3
CG_ONLY,BH padrão,2019-02-22,60872504000123,ITUB4,ITUB4_2019-02-22_DISTRIBUTION_222,1119.4338331196632,,0.0,1119.4338331196632,JCP,UNKNOWN,EX_DATE_ECONOMIC_REINVESTMENT,cache/market.json.gz; SQLite corporate_actions/B3
CG_ONLY,BH padrão,2019-02-25,84429695000111,WEGE3,WEGE3_2019-02-25_DISTRIBUTION_71,215.27427685993726,,0.0,215.27427685993726,CASH_DIVIDEND,UNKNOWN,EX_DATE_ECONOMIC_REINVESTMENT,cache/market.json.gz; SQLite corporate_actions/B3
CG_ONLY,BH padrão,2019-03-01,60872504000123,ITUB4,ITUB4_2019-03-01_DISTRIBUTION_220,23.50682355222179,,0.0,23.50682355222179,CASH_DIVIDEND,UNKNOWN,EX_DATE_ECONOMIC_REINVESTMENT,cache/market.json.gz; SQLite corporate_actions/B3
CG_ONLY,BH padrão,2019-03-06,60746948000112,BBDC4,BBDC4_2019-03-06_DISTRIBUTION_596,26.783898108859496,,0.0,26.783898108859496,JCP Mensais,UNKNOWN,EX_DATE_ECONOMIC_REINVESTMENT,https://www.bradescori.com.br/informacoes-ao-mercado/remuneracao-aos-acionistas/
CG_ONLY,BH padrão,2019-03-25,84429695000111,WEGE3,WEGE3_2019-03-25_DISTRIBUTION_70,122.50339237672874,,0.0,122.50339237672874,JCP,UNKNOWN,EX_DATE_ECONOMIC_REINVESTMENT,cache/market.json.gz; SQLite corporate_actions/B3
CG_ONLY,BH padrão,2019-03-27,61585865000151,RADL3,RADL3_2019-03-27_DISTRIBUTION_477,136.47281069975995,,0.0,136.47281069975995,JCP,UNKNOWN,EX_DATE_ECONOMIC_REINVESTMENT,cache/market.json.gz; SQLite corporate_actions/B3
CG_ONLY,BH padrão,2019-04-01,60872504000123,ITUB4,ITUB4_2019-04-01_DISTRIBUTION_219,23.539975279689447,,0.0,23.539975279689447,CASH_DIVIDEND,UNKNOWN,EX_DATE_ECONOMIC_REINVESTMENT,cache/market.json.gz; SQLite corporate_actions/B3
CG_ONLY,BH padrão,2019-04-02,60746948000112,BBDC4,BBDC4_2019-04-02_DISTRIBUTION_597,32.15512604195737,,0.0,32.15512604195737,JCP Mensais,UNKNOWN,EX_DATE_ECONOMIC_REINVESTMENT,https://www.bradescori.com.br/informacoes-ao-mercado/remuneracao-aos-acionistas/
CG_ONLY,BH padrão,2019-04-12,02932074000191,HYPE3,HYPE3_2019-04-12_DISTRIBUTION_428,40.91984078899505,,0.0,40.91984078899505,JCP,UNKNOWN,EX_DATE_ECONOMIC_REINVESTMENT,cache/market.json.gz; SQLite corporate_actions/B3
CG_ONLY,BH padrão,2019-05-02,60872504000123,ITUB4,ITUB4_2019-05-02_DISTRIBUTION_218,23.588565461906782,,0.0,23.588565461906782,CASH_DIVIDEND,UNKNOWN,EX_DATE_ECONOMIC_REINVESTMENT,cache/market.json.gz; SQLite corporate_actions/B3
CG_ONLY,BH padrão,2019-05-03,60746948000112,BBDC4,BBDC4_2019-05-03_DISTRIBUTION_598,32.17226954785838,,0.0,32.17226954785838,JCP Mensais,UNKNOWN,EX_DATE_ECONOMIC_REINVESTMENT,https://www.bradescori.com.br/informacoes-ao-mercado/remuneracao-aos-acionistas/
CG_ONLY,BH padrão,2019-05-06,17155730000164,CMIG4,CMIG4_2019-05-06_DISTRIBUTION_646,2403.5301959602116,,0.0,2403.5301959602116,,UNKNOWN,EX_DATE_ECONOMIC_REINVESTMENT,https://api.mziq.com/mzfilemanager/v2/d/716a131f-9624-452c-9088-0cd6983c1349/a2eb9f5f-37e1-8913-c1eb-c4281b5e23b2?origin=2
CG_ONLY,BH padrão,2019-05-07,02474103000119,TBLE3,TBLE3_2019-05-07_DISTRIBUTION_356,142.3840473094577,,0.0,142.3840473094577,CASH_DIVIDEND,UNKNOWN,EX_DATE_ECONOMIC_REINVESTMENT,cache/market.json.gz; SQLite corporate_actions/B3
CG_ONLY,BH padrão,2019-05-08,02846056000197,CCRO3,CCRO3_2019-05-08_DISTRIBUTION_15,1153.097433682515,,0.0,1153.097433682515,CASH_DIVIDEND,UNKNOWN,EX_DATE_ECONOMIC_REINVESTMENT,cache/market.json.gz; SQLite corporate_actions/B3
CG_ONLY,BH padrão,2019-06-03,60872504000123,ITUB4,ITUB4_2019-06-03_DISTRIBUTION_217,23.696609937735705,,0.0,23.696609937735705,CASH_DIVIDEND,UNKNOWN,EX_DATE_ECONOMIC_REINVESTMENT,cache/market.json.gz; SQLite corporate_actions/B3
CG_ONLY,BH padrão,2019-06-04,60746948000112,BBDC4,BBDC4_2019-06-04_DISTRIBUTION_600,32.18924570663945,,0.0,32.18924570663945,JCP Mensais,UNKNOWN,EX_DATE_ECONOMIC_REINVESTMENT,https://www.bradescori.com.br/informacoes-ao-mercado/remuneracao-aos-acionistas/
CG_ONLY,BH padrão,2019-06-27,61585865000151,RADL3,RADL3_2019-06-27_DISTRIBUTION_476,130.06993885070682,,0.0,130.06993885070682,JCP,UNKNOWN,EX_DATE_ECONOMIC_REINVESTMENT,cache/market.json.gz; SQLite corporate_actions/B3
CG_ONLY,BH padrão,2019-07-01,84429695000111,WEGE3,WEGE3_2019-07-01_DISTRIBUTION_69,116.8741994631624,,0.0,116.8741994631624,JCP,UNKNOWN,EX_DATE_ECONOMIC_REINVESTMENT,cache/market.json.gz; SQLite corporate_actions/B3
CG_ONLY,BH padrão,2019-07-01,60872504000123,ITUB4,ITUB4_2019-07-01_DISTRIBUTION_216,23.837059609252197,,0.0,23.837059609252197,CASH_DIVIDEND,UNKNOWN,EX_DATE_ECONOMIC_REINVESTMENT,cache/market.json.gz; SQLite corporate_actions/B3
CG_ONLY,BH padrão,2019-07-01,60746948000112,BBDC4,BBDC4_2019-07-01_DISTRIBUTION_599,322.12864491490706,,0.0,322.12864491490706,JCP Intermediário,UNKNOWN,EX_DATE_ECONOMIC_REINVESTMENT,https://www.bradescori.com.br/informacoes-ao-mercado/remuneracao-aos-acionistas/
CG_ONLY,BH padrão,2019-07-02,60746948000112,BBDC4,BBDC4_2019-07-02_DISTRIBUTION_601,32.368163480837815,,0.0,32.368163480837815,JCP Mensais,UNKNOWN,EX_DATE_ECONOMIC_REINVESTMENT,https://www.bradescori.com.br/informacoes-ao-mercado/remuneracao-aos-acionistas/
CG_ONLY,BH padrão,2019-07-03,02932074000191,HYPE3,HYPE3_2019-07-03_DISTRIBUTION_427,423.3485233454035,,0.0,423.3485233454035,JCP,UNKNOWN,EX_DATE_ECONOMIC_REINVESTMENT,cache/market.json.gz; SQLite corporate_actions/B3
CG_ONLY,BH padrão,2019-07-29,84429695000111,WEGE3,WEGE3_2019-07-29_DISTRIBUTION_68,244.35117141692496,,0.0,244.35117141692496,CASH_DIVIDEND,UNKNOWN,EX_DATE_ECONOMIC_REINVESTMENT,cache/market.json.gz; SQLite corporate_actions/B3
CG_ONLY,BH padrão,2019-08-01,60872504000123,ITUB4,ITUB4_2019-08-01_DISTRIBUTION_215,24.005262044239213,,0.0,24.005262044239213,CASH_DIVIDEND,UNKNOWN,EX_DATE_ECONOMIC_REINVESTMENT,cache/market.json.gz; SQLite corporate_actions/B3
CG_ONLY,BH padrão,2019-08-02,60746948000112,BBDC4,BBDC4_2019-08-02_DISTRIBUTION_602,32.67809975068923,,0.0,32.67809975068923,JCP Mensais,UNKNOWN,EX_DATE_ECONOMIC_REINVESTMENT,https://www.bradescori.com.br/informacoes-ao-mercado/remuneracao-aos-acionistas/
CG_ONLY,BH padrão,2019-08-16,60872504000123,ITUB4,ITUB4_2019-08-16_DISTRIBUTION_214,1276.6898285127925,,0.0,1276.6898285127925,CASH_DIVIDEND,UNKNOWN,EX_DATE_ECONOMIC_REINVESTMENT,cache/market.json.gz; SQLite corporate_actions/B3
CG_ONLY,BH padrão,2019-09-02,60872504000123,ITUB4,ITUB4_2019-09-02_DISTRIBUTION_213,24.893950023041683,,0.0,24.893950023041683,CASH_DIVIDEND,UNKNOWN,EX_DATE_ECONOMIC_REINVESTMENT,cache/market.json.gz; SQLite corporate_actions/B3
CG_ONLY,BH padrão,2019-09-03,60746948000112,BBDC4,BBDC4_2019-09-03_DISTRIBUTION_603,33.12410975972127,,0.0,33.12410975972127,JCP Mensais,UNKNOWN,EX_DATE_ECONOMIC_REINVESTMENT,https://www.bradescori.com.br/informacoes-ao-mercado/remuneracao-aos-acionistas/
CG_ONLY,BH padrão,2019-09-23,84429695000111,WEGE3,WEGE3_2019-09-23_DISTRIBUTION_67,112.89444280197115,,0.0,112.89444280197115,JCP,UNKNOWN,EX_DATE_ECONOMIC_REINVESTMENT,cache/market.json.gz; SQLite corporate_actions/B3
CG_ONLY,BH padrão,2019-09-27,61585865000151,RADL3,RADL3_2019-09-27_DISTRIBUTION_475,126.6828904325333,,0.0,126.6828904325333,JCP,UNKNOWN,EX_DATE_ECONOMIC_REINVESTMENT,cache/market.json.gz; SQLite corporate_actions/B3
CG_ONLY,BH padrão,2019-10-01,60872504000123,ITUB4,ITUB4_2019-10-01_DISTRIBUTION_212,25.255533012875787,,0.0,25.255533012875787,CASH_DIVIDEND,UNKNOWN,EX_DATE_ECONOMIC_REINVESTMENT,cache/market.json.gz; SQLite corporate_actions/B3
CG_ONLY,BH padrão,2019-10-02,60746948000112,BBDC4,BBDC4_2019-10-02_DISTRIBUTION_605,33.58438030906737,,0.0,33.58438030906737,JCP Mensais,UNKNOWN,EX_DATE_ECONOMIC_REINVESTMENT,https://www.bradescori.com.br/informacoes-ao-mercado/remuneracao-aos-acionistas/
CG_ONLY,BH padrão,2019-10-03,02932074000191,HYPE3,HYPE3_2019-10-03_DISTRIBUTION_426,448.1830576381028,,0.0,448.1830576381028,JCP,UNKNOWN,EX_DATE_ECONOMIC_REINVESTMENT,cache/market.json.gz; SQLite corporate_actions/B3
CG_ONLY,BH padrão,2019-10-18,60746948000112,BBDC4,BBDC4_2019-10-18_DISTRIBUTION_604,1848.0629406340004,,0.0,1848.0629406340004,Dividendos Extraordinários,UNKNOWN,EX_DATE_ECONOMIC_REINVESTMENT,https://www.bradescori.com.br/informacoes-ao-mercado/remuneracao-aos-acionistas/
CG_ONLY,BH padrão,2019-10-21,02846056000197,CCRO3,CCRO3_2019-10-21_DISTRIBUTION_14,1894.4626364843261,,0.0,1894.4626364843261,CASH_DIVIDEND,UNKNOWN,EX_DATE_ECONOMIC_REINVESTMENT,cache/market.json.gz; SQLite corporate_actions/B3
CG_ONLY,BH padrão,2019-11-01,60872504000123,ITUB4,ITUB4_2019-11-01_DISTRIBUTION_211,25.63891226660709,,0.0,25.63891226660709,CASH_DIVIDEND,UNKNOWN,EX_DATE_ECONOMIC_REINVESTMENT,cache/market.json.gz; SQLite corporate_actions/B3
CG_ONLY,BH padrão,2019-11-04,60746948000112,BBDC4,BBDC4_2019-11-04_DISTRIBUTION_606,35.01813744132025,,0.0,35.01813744132025,JCP Mensais,UNKNOWN,EX_DATE_ECONOMIC_REINVESTMENT,https://www.bradescori.com.br/informacoes-ao-mercado/remuneracao-aos-acionistas/
CG_ONLY,BH padrão,2019-12-02,60872504000123,ITUB4,ITUB4_2019-12-02_DISTRIBUTION_210,25.993956143297943,,0.0,25.993956143297943,CASH_DIVIDEND,UNKNOWN,EX_DATE_ECONOMIC_REINVESTMENT,cache/market.json.gz; SQLite corporate_actions/B3
CG_ONLY,BH padrão,2019-12-03,60746948000112,BBDC4,BBDC4_2019-12-03_DISTRIBUTION_607,35.46224976961193,,0.0,35.46224976961193,JCP Mensais,UNKNOWN,EX_DATE_ECONOMIC_REINVESTMENT,https://www.bradescori.com.br/informacoes-ao-mercado/remuneracao-aos-acionistas/
CG_ONLY,BH padrão,2019-12-03,02474103000119,TBLE3,TBLE3_2019-12-03_DISTRIBUTION_354,1665.1314846288553,,0.0,1665.1314846288553,CASH_DIVIDEND,UNKNOWN,EX_DATE_ECONOMIC_REINVESTMENT,cache/market.json.gz; SQLite corporate_actions/B3
CG_ONLY,BH padrão,2019-12-03,02474103000119,TBLE3,TBLE3_2019-12-03_DISTRIBUTION_355,659.7902457315564,,0.0,659.7902457315564,JCP,UNKNOWN,EX_DATE_ECONOMIC_REINVESTMENT,cache/market.json.gz; SQLite corporate_actions/B3
CG_ONLY,BH padrão,2019-12-12,61585865000151,RADL3,RADL3_2019-12-12_DISTRIBUTION_474,119.57010282454858,,0.0,119.57010282454858,JCP,UNKNOWN,EX_DATE_ECONOMIC_REINVESTMENT,cache/market.json.gz; SQLite corporate_actions/B3
CG_ONLY,BH padrão,2019-12-13,60872504000123,ITUB4,ITUB4_2019-12-13_DISTRIBUTION_209,65.99048063352276,,0.0,65.99048063352276,JCP,UNKNOWN,EX_DATE_ECONOMIC_REINVESTMENT,cache/market.json.gz; SQLite corporate_actions/B3
CG_ONLY,BH padrão,2019-12-20,60746948000112,BBDC4,BBDC4_2019-12-20_DISTRIBUTION_608,1035.4322828592265,,0.0,1035.4322828592265,JCP Complementar,UNKNOWN,EX_DATE_ECONOMIC_REINVESTMENT,https://www.bradescori.com.br/informacoes-ao-mercado/remuneracao-aos-acionistas/
CG_ONLY,BH padrão,2019-12-23,84429695000111,WEGE3,WEGE3_2019-12-23_DISTRIBUTION_66,105.77188338489997,,0.0,105.77188338489997,JCP,UNKNOWN,EX_DATE_ECONOMIC_REINVESTMENT,cache/market.json.gz; SQLite corporate_actions/B3
CG_ONLY,BH padrão,2019-12-26,02932074000191,HYPE3,HYPE3_2019-12-26_DISTRIBUTION_425,553.067126462608,,0.0,553.067126462608,JCP,UNKNOWN,EX_DATE_ECONOMIC_REINVESTMENT,cache/market.json.gz; SQLite corporate_actions/B3
CG_ONLY,BH padrão,2019-12-26,17155730000164,CMIG4,CMIG4_2019-12-26_DISTRIBUTION_647,1509.7116468300585,,0.0,1509.7116468300585,,UNKNOWN,EX_DATE_ECONOMIC_REINVESTMENT,https://api.mziq.com/mzfilemanager/v2/d/716a131f-9624-452c-9088-0cd6983c1349/a2eb9f5f-37e1-8913-c1eb-c4281b5e23b2?origin=2
CG_ONLY,BH padrão,2020-01-02,60872504000123,ITUB4,ITUB4_2020-01-02_DISTRIBUTION_208,26.381287095764446,,0.0,26.381287095764446,CASH_DIVIDEND,UNKNOWN,EX_DATE_ECONOMIC_REINVESTMENT,cache/market.json.gz; SQLite corporate_actions/B3
CG_ONLY,BH padrão,2020-01-03,60746948000112,BBDC4,BBDC4_2020-01-03_DISTRIBUTION_580,36.32367840884947,,0.0,36.32367840884947,JCP Mensais,UNKNOWN,EX_DATE_ECONOMIC_REINVESTMENT,https://www.bradescori.com.br/informacoes-ao-mercado/remuneracao-aos-acionistas/
CG_ONLY,BH padrão,2020-02-03,60872504000123,ITUB4,ITUB4_2020-02-03_DISTRIBUTION_207,26.737248496520273,,0.0,26.737248496520273,CASH_DIVIDEND,UNKNOWN,EX_DATE_ECONOMIC_REINVESTMENT,cache/market.json.gz; SQLite corporate_actions/B3
CG_ONLY,BH padrão,2020-02-04,60746948000112,BBDC4,BBDC4_2020-02-04_DISTRIBUTION_582,36.78447064128418,,0.0,36.78447064128418,JCP Mensais,UNKNOWN,EX_DATE_ECONOMIC_REINVESTMENT,https://www.bradescori.com.br/informacoes-ao-mercado/remuneracao-aos-acionistas/
CG_ONLY,BH padrão,2020-02-18,60746948000112,BBDC4,BBDC4_2020-02-18_DISTRIBUTION_581,124.20979278659672,,0.0,124.20979278659672,Dividendos Complementares,UNKNOWN,EX_DATE_ECONOMIC_REINVESTMENT,https://www.bradescori.com.br/informacoes-ao-mercado/remuneracao-aos-acionistas/
CG_ONLY,BH padrão,2020-02-21,60872504000123,ITUB4,ITUB4_2020-02-21_DISTRIBUTION_205,876.022638065717,,0.0,876.022638065717,CASH_DIVIDEND,UNKNOWN,EX_DATE_ECONOMIC_REINVESTMENT,cache/market.json.gz; SQLite corporate_actions/B3
CG_ONLY,BH padrão,2020-02-21,60872504000123,ITUB4,ITUB4_2020-02-21_DISTRIBUTION_206,949.0849565964463,,0.0,949.0849565964463,JCP,UNKNOWN,EX_DATE_ECONOMIC_REINVESTMENT,cache/market.json.gz; SQLite corporate_actions/B3
CG_ONLY,BH padrão,2020-02-26,84429695000111,WEGE3,WEGE3_2020-02-26_DISTRIBUTION_65,464.6105045663241,,0.0,464.6105045663241,CASH_DIVIDEND,UNKNOWN,EX_DATE_ECONOMIC_REINVESTMENT,cache/market.json.gz; SQLite corporate_actions/B3
CG_ONLY,BH padrão,2020-03-02,60872504000123,ITUB4,ITUB4_2020-03-02_DISTRIBUTION_204,28.032129048003483,,0.0,28.032129048003483,CASH_DIVIDEND,UNKNOWN,EX_DATE_ECONOMIC_REINVESTMENT,cache/market.json.gz; SQLite corporate_actions/B3
CG_ONLY,BH padrão,2020-03-03,60746948000112,BBDC4,BBDC4_2020-03-03_DISTRIBUTION_583,37.35771510169144,,0.0,37.35771510169144,JCP Mensais,UNKNOWN,EX_DATE_ECONOMIC_REINVESTMENT,https://www.bradescori.com.br/informacoes-ao-mercado/remuneracao-aos-acionistas/
CG_ONLY,BH padrão,2020-03-23,84429695000111,WEGE3,WEGE3_2020-03-23_DISTRIBUTION_64,84.03576633702006,,0.0,84.03576633702006,JCP,UNKNOWN,EX_DATE_ECONOMIC_REINVESTMENT,cache/market.json.gz; SQLite corporate_actions/B3
CG_ONLY,BH padrão,2020-03-27,61585865000151,RADL3,RADL3_2020-03-27_DISTRIBUTION_473,114.77731690403085,,0.0,114.77731690403085,JCP,UNKNOWN,EX_DATE_ECONOMIC_REINVESTMENT,cache/market.json.gz; SQLite corporate_actions/B3
CG_ONLY,BH padrão,2020-03-30,02932074000191,HYPE3,HYPE3_2020-03-30_DISTRIBUTION_424,553.0197641691136,,0.0,553.0197641691136,JCP,UNKNOWN,EX_DATE_ECONOMIC_REINVESTMENT,cache/market.json.gz; SQLite corporate_actions/B3
CG_ONLY,BH padrão,2020-04-01,60872504000123,ITUB4,ITUB4_2020-04-01_DISTRIBUTION_203,28.42148285115396,,0.0,28.42148285115396,CASH_DIVIDEND,UNKNOWN,EX_DATE_ECONOMIC_REINVESTMENT,cache/market.json.gz; SQLite corporate_actions/B3
CG_ONLY,BH padrão,2020-04-02,60746948000112,BBDC4,BBDC4_2020-04-02_DISTRIBUTION_584,38.10656083159036,,0.0,38.10656083159036,JCP Mensais,UNKNOWN,EX_DATE_ECONOMIC_REINVESTMENT,https://www.bradescori.com.br/informacoes-ao-mercado/remuneracao-aos-acionistas/
CG_ONLY,BH padrão,2020-04-13,02846056000197,CCRO3,CCRO3_2020-04-13_DISTRIBUTION_13,1262.7972851924455,,0.0,1262.7972851924455,CASH_DIVIDEND,UNKNOWN,EX_DATE_ECONOMIC_REINVESTMENT,cache/market.json.gz; SQLite corporate_actions/B3
CG_ONLY,BH padrão,2020-04-14,61585865000151,RADL3,RADL3_2020-04-14_DISTRIBUTION_472,49.32481009453679,,0.0,49.32481009453679,CASH_DIVIDEND,UNKNOWN,EX_DATE_ECONOMIC_REINVESTMENT,cache/market.json.gz; SQLite corporate_actions/B3
CG_ONLY,BH padrão,2020-05-04,60872504000123,ITUB4,ITUB4_2020-05-04_DISTRIBUTION_202,28.932653966114458,,0.0,28.932653966114458,CASH_DIVIDEND,UNKNOWN,EX_DATE_ECONOMIC_REINVESTMENT,cache/market.json.gz; SQLite corporate_actions/B3
CG_ONLY,BH padrão,2020-05-05,60746948000112,BBDC4,BBDC4_2020-05-05_DISTRIBUTION_585,42.75636163418498,,0.0,42.75636163418498,JCP Mensais,UNKNOWN,EX_DATE_ECONOMIC_REINVESTMENT,https://www.bradescori.com.br/informacoes-ao-mercado/remuneracao-aos-acionistas/
CG_ONLY,BH padrão,2020-06-01,60872504000123,ITUB4,ITUB4_2020-06-01_DISTRIBUTION_201,29.438340247053908,,0.0,29.438340247053908,CASH_DIVIDEND,UNKNOWN,EX_DATE_ECONOMIC_REINVESTMENT,cache/market.json.gz; SQLite corporate_actions/B3
CG_ONLY,BH padrão,2020-06-02,60746948000112,BBDC4,BBDC4_2020-06-02_DISTRIBUTION_586,43.646829812790095,,0.0,43.646829812790095,JCP Mensais,UNKNOWN,EX_DATE_ECONOMIC_REINVESTMENT,https://www.bradescori.com.br/informacoes-ao-mercado/remuneracao-aos-acionistas/
CG_ONLY,BH padrão,2020-06-26,61585865000151,RADL3,RADL3_2020-06-26_DISTRIBUTION_471,119.89389702169133,,0.0,119.89389702169133,JCP,UNKNOWN,EX_DATE_ECONOMIC_REINVESTMENT,cache/market.json.gz; SQLite corporate_actions/B3
CG_ONLY,BH padrão,2020-06-29,84429695000111,WEGE3,WEGE3_2020-06-29_DISTRIBUTION_63,106.36219298968832,,0.0,106.36219298968832,JCP,UNKNOWN,EX_DATE_ECONOMIC_REINVESTMENT,cache/market.json.gz; SQLite corporate_actions/B3
CG_ONLY,BH padrão,2020-06-29,02932074000191,HYPE3,HYPE3_2020-06-29_DISTRIBUTION_423,564.9948765005679,,0.0,564.9948765005679,JCP,UNKNOWN,EX_DATE_ECONOMIC_REINVESTMENT,cache/market.json.gz; SQLite corporate_actions/B3
CG_ONLY,BH padrão,2020-07-01,60872504000123,ITUB4,ITUB4_2020-07-01_DISTRIBUTION_200,29.97583881680846,,0.0,29.97583881680846,CASH_DIVIDEND,UNKNOWN,EX_DATE_ECONOMIC_REINVESTMENT,cache/market.json.gz; SQLite corporate_actions/B3
CG_ONLY,BH padrão,2020-07-02,60746948000112,BBDC4,BBDC4_2020-07-02_DISTRIBUTION_587,44.349358321224834,,0.0,44.349358321224834,JCP Mensais,UNKNOWN,EX_DATE_ECONOMIC_REINVESTMENT,https://www.bradescori.com.br/informacoes-ao-mercado/remuneracao-aos-acionistas/
CG_ONLY,BH padrão,2020-07-27,84429695000111,WEGE3,WEGE3_2020-07-27_DISTRIBUTION_62,353.0043530746628,,0.0,353.0043530746628,CASH_DIVIDEND,UNKNOWN,EX_DATE_ECONOMIC_REINVESTMENT,cache/market.json.gz; SQLite corporate_actions/B3
CG_ONLY,BH padrão,2020-08-03,60872504000123,ITUB4,ITUB4_2020-08-03_DISTRIBUTION_199,30.363009519152506,,0.0,30.363009519152506,CASH_DIVIDEND,UNKNOWN,EX_DATE_ECONOMIC_REINVESTMENT,cache/market.json.gz; SQLite corporate_actions/B3
CG_ONLY,BH padrão,2020-08-03,17155730000164,CMIG4,CMIG4_2020-08-03_DISTRIBUTION_648,1439.7876422737002,,0.0,1439.7876422737002,,UNKNOWN,EX_DATE_ECONOMIC_REINVESTMENT,https://api.mziq.com/mzfilemanager/v2/d/716a131f-9624-452c-9088-0cd6983c1349/a2eb9f5f-37e1-8913-c1eb-c4281b5e23b2?origin=2
CG_ONLY,BH padrão,2020-08-04,60746948000112,BBDC4,BBDC4_2020-08-04_DISTRIBUTION_588,44.96690655786423,,0.0,44.96690655786423,JCP Mensais,UNKNOWN,EX_DATE_ECONOMIC_REINVESTMENT,https://www.bradescori.com.br/informacoes-ao-mercado/remuneracao-aos-acionistas/
CG_ONLY,BH padrão,2020-08-10,02474103000119,TBLE3,TBLE3_2020-08-10_DISTRIBUTION_353,1320.585879895077,,0.0,1320.585879895077,CASH_DIVIDEND,UNKNOWN,EX_DATE_ECONOMIC_REINVESTMENT,cache/market.json.gz; SQLite corporate_actions/B3
CG_ONLY,BH padrão,2020-08-18,60872504000123,ITUB4,ITUB4_2020-08-18_DISTRIBUTION_198,108.31253156768958,,0.0,108.31253156768958,JCP,UNKNOWN,EX_DATE_ECONOMIC_REINVESTMENT,cache/market.json.gz; SQLite corporate_actions/B3
CG_ONLY,BH padrão,2020-09-01,60872504000123,ITUB4,ITUB4_2020-09-01_DISTRIBUTION_197,30.779463144087554,,0.0,30.779463144087554,CASH_DIVIDEND,UNKNOWN,EX_DATE_ECONOMIC_REINVESTMENT,cache/market.json.gz; SQLite corporate_actions/B3
CG_ONLY,BH padrão,2020-09-02,60746948000112,BBDC4,BBDC4_2020-09-02_DISTRIBUTION_589,45.573492818881725,,0.0,45.573492818881725,JCP Mensais,UNKNOWN,EX_DATE_ECONOMIC_REINVESTMENT,https://www.bradescori.com.br/informacoes-ao-mercado/remuneracao-aos-acionistas/
CG_ONLY,BH padrão,2020-09-25,61585865000151,RADL3,RADL3_2020-09-25_DISTRIBUTION_470,122.50817109991262,,0.0,122.50817109991262,JCP,UNKNOWN,EX_DATE_ECONOMIC_REINVESTMENT,cache/market.json.gz; SQLite corporate_actions/B3
CG_ONLY,BH padrão,2020-09-28,84429695000111,WEGE3,WEGE3_2020-09-28_DISTRIBUTION_61,96.13700898200759,,0.0,96.13700898200759,JCP,UNKNOWN,EX_DATE_ECONOMIC_REINVESTMENT,cache/market.json.gz; SQLite corporate_actions/B3
CG_ONLY,BH padrão,2020-09-28,17155730000164,CMIG4,CMIG4_2020-09-28_DISTRIBUTION_649,488.6878937219932,,0.0,488.6878937219932,,UNKNOWN,EX_DATE_ECONOMIC_REINVESTMENT,https://api.mziq.com/mzfilemanager/v2/d/716a131f-9624-452c-9088-0cd6983c1349/a2eb9f5f-37e1-8913-c1eb-c4281b5e23b2?origin=2
CG_ONLY,BH padrão,2020-10-01,60872504000123,ITUB4,ITUB4_2020-10-01_DISTRIBUTION_196,31.191067938006093,,0.0,31.191067938006093,CASH_DIVIDEND,UNKNOWN,EX_DATE_ECONOMIC_REINVESTMENT,cache/market.json.gz; SQLite corporate_actions/B3
CG_ONLY,BH padrão,2020-10-02,02846056000197,CCRO3,CCRO3_2020-10-02_DISTRIBUTION_12,831.1797637050702,,0.0,831.1797637050702,CASH_DIVIDEND,UNKNOWN,EX_DATE_ECONOMIC_REINVESTMENT,cache/market.json.gz; SQLite corporate_actions/B3
CG_ONLY,BH padrão,2020-10-02,60746948000112,BBDC4,BBDC4_2020-10-02_DISTRIBUTION_590,46.20645418132397,,0.0,46.20645418132397,JCP Mensais,UNKNOWN,EX_DATE_ECONOMIC_REINVESTMENT,https://www.bradescori.com.br/informacoes-ao-mercado/remuneracao-aos-acionistas/
CG_ONLY,BH padrão,2020-10-26,02932074000191,HYPE3,HYPE3_2020-10-26_DISTRIBUTION_422,580.6035378911264,,0.0,580.6035378911264,JCP,UNKNOWN,EX_DATE_ECONOMIC_REINVESTMENT,cache/market.json.gz; SQLite corporate_actions/B3
CG_ONLY,BH padrão,2020-11-03,60872504000123,ITUB4,ITUB4_2020-11-03_DISTRIBUTION_195,31.617310924334568,,0.0,31.617310924334568,CASH_DIVIDEND,UNKNOWN,EX_DATE_ECONOMIC_REINVESTMENT,cache/market.json.gz; SQLite corporate_actions/B3
CG_ONLY,BH padrão,2020-11-04,60746948000112,BBDC4,BBDC4_2020-11-04_DISTRIBUTION_591,46.71134712872563,,0.0,46.71134712872563,JCP Mensais,UNKNOWN,EX_DATE_ECONOMIC_REINVESTMENT,https://www.bradescori.com.br/informacoes-ao-mercado/remuneracao-aos-acionistas/
CG_ONLY,BH padrão,2020-12-01,60872504000123,ITUB4,ITUB4_2020-12-01_DISTRIBUTION_194,31.953821640366478,,0.0,31.953821640366478,CASH_DIVIDEND,UNKNOWN,EX_DATE_ECONOMIC_REINVESTMENT,cache/market.json.gz; SQLite corporate_actions/B3
CG_ONLY,BH padrão,2020-12-02,60746948000112,BBDC4,BBDC4_2020-12-02_DISTRIBUTION_592,47.12118195197396,,0.0,47.12118195197396,JCP Mensais,UNKNOWN,EX_DATE_ECONOMIC_REINVESTMENT,https://www.bradescori.com.br/informacoes-ao-mercado/remuneracao-aos-acionistas/
CG_ONLY,BH padrão,2020-12-11,60872504000123,ITUB4,ITUB4_2020-12-11_DISTRIBUTION_193,137.37930436916474,,0.0,137.37930436916474,JCP,UNKNOWN,EX_DATE_ECONOMIC_REINVESTMENT,cache/market.json.gz; SQLite corporate_actions/B3
CG_ONLY,BH padrão,2020-12-17,61585865000151,RADL3,RADL3_2020-12-17_DISTRIBUTION_469,115.30469388307989,,0.0,115.30469388307989,JCP,UNKNOWN,EX_DATE_ECONOMIC_REINVESTMENT,cache/market.json.gz; SQLite corporate_actions/B3
CG_ONLY,BH padrão,2020-12-21,84429695000111,WEGE3,WEGE3_2020-12-21_DISTRIBUTION_60,102.91969968270907,,0.0,102.91969968270907,JCP,UNKNOWN,EX_DATE_ECONOMIC_REINVESTMENT,cache/market.json.gz; SQLite corporate_actions/B3
CG_ONLY,BH padrão,2020-12-21,02474103000119,TBLE3,TBLE3_2020-12-21_DISTRIBUTION_351,1117.8153611390642,,0.0,1117.8153611390642,CASH_DIVIDEND,UNKNOWN,EX_DATE_ECONOMIC_REINVESTMENT,cache/market.json.gz; SQLite corporate_actions/B3
CG_ONLY,BH padrão,2020-12-21,02474103000119,TBLE3,TBLE3_2020-12-21_DISTRIBUTION_352,352.7998598600154,,0.0,352.7998598600154,JCP,UNKNOWN,EX_DATE_ECONOMIC_REINVESTMENT,cache/market.json.gz; SQLite corporate_actions/B3
CG_ONLY,BH padrão,2020-12-29,60746948000112,BBDC4,BBDC4_2020-12-29_DISTRIBUTION_593,1032.025981312518,,0.0,1032.025981312518,JCP Complementares,UNKNOWN,EX_DATE_ECONOMIC_REINVESTMENT,https://www.bradescori.com.br/informacoes-ao-mercado/remuneracao-aos-acionistas/
CG_ONLY,BH padrão,2020-12-29,02932074000191,HYPE3,HYPE3_2020-12-29_DISTRIBUTION_421,595.2646102152246,,0.0,595.2646102152246,JCP,UNKNOWN,EX_DATE_ECONOMIC_REINVESTMENT,cache/market.json.gz; SQLite corporate_actions/B3
CG_ONLY,BH padrão,2021-01-04,60872504000123,ITUB4,ITUB4_2021-01-04_DISTRIBUTION_192,32.284247695711684,,0.0,32.284247695711684,CASH_DIVIDEND,UNKNOWN,EX_DATE_ECONOMIC_REINVESTMENT,cache/market.json.gz; SQLite corporate_actions/B3
CG_ONLY,BH padrão,2021-01-04,17155730000164,CMIG4,CMIG4_2021-01-04_DISTRIBUTION_650,1797.6907864787452,,0.0,1797.6907864787452,,UNKNOWN,EX_DATE_ECONOMIC_REINVESTMENT,https://api.mziq.com/mzfilemanager/v2/d/716a131f-9624-452c-9088-0cd6983c1349/a2eb9f5f-37e1-8913-c1eb-c4281b5e23b2?origin=2
CG_ONLY,BH padrão,2021-01-05,60746948000112,BBDC4,BBDC4_2021-01-05_DISTRIBUTION_564,48.228822318703614,,0.0,48.228822318703614,JCP Mensais,UNKNOWN,EX_DATE_ECONOMIC_REINVESTMENT,https://www.bradescori.com.br/informacoes-ao-mercado/remuneracao-aos-acionistas/
CG_ONLY,BH padrão,2021-01-26,60872504000123,ITUB4,ITUB4_2021-01-26_DISTRIBUTION_191,108.83339584217896,,0.0,108.83339584217896,JCP,UNKNOWN,EX_DATE_ECONOMIC_REINVESTMENT,cache/market.json.gz; SQLite corporate_actions/B3
CG_ONLY,BH padrão,2021-02-01,60872504000123,ITUB4,ITUB4_2021-02-01_DISTRIBUTION_190,32.603659606184095,,0.0,32.603659606184095,CASH_DIVIDEND,UNKNOWN,EX_DATE_ECONOMIC_REINVESTMENT,cache/market.json.gz; SQLite corporate_actions/B3
CG_ONLY,BH padrão,2021-02-02,60746948000112,BBDC4,BBDC4_2021-02-02_DISTRIBUTION_565,48.64414793422287,,0.0,48.64414793422287,JCP Mensais,UNKNOWN,EX_DATE_ECONOMIC_REINVESTMENT,https://www.bradescori.com.br/informacoes-ao-mercado/remuneracao-aos-acionistas/
CG_ONLY,BH padrão,2021-02-18,60746948000112,BBDC4,BBDC4_2021-02-18_DISTRIBUTION_566,55.9836572857824,,0.0,55.9836572857824,JCP Suplementares,UNKNOWN,EX_DATE_ECONOMIC_REINVESTMENT,https://www.bradescori.com.br/informacoes-ao-mercado/remuneracao-aos-acionistas/
CG_ONLY,BH padrão,2021-02-26,60872504000123,ITUB4,ITUB4_2021-02-26_DISTRIBUTION_188,211.388845734065,,0.0,211.388845734065,CASH_DIVIDEND,UNKNOWN,EX_DATE_ECONOMIC_REINVESTMENT,cache/market.json.gz; SQLite corporate_actions/B3
CG_ONLY,BH padrão,2021-02-26,60872504000123,ITUB4,ITUB4_2021-02-26_DISTRIBUTION_189,110.905305810045,,0.0,110.905305810045,JCP,UNKNOWN,EX_DATE_ECONOMIC_REINVESTMENT,cache/market.json.gz; SQLite corporate_actions/B3
CG_ONLY,BH padrão,2021-03-01,84429695000111,WEGE3,WEGE3_2021-03-01_DISTRIBUTION_59,975.3771904540284,,0.0,975.3771904540284,CASH_DIVIDEND,UNKNOWN,EX_DATE_ECONOMIC_REINVESTMENT,cache/market.json.gz; SQLite corporate_actions/B3
CG_ONLY,BH padrão,2021-03-01,60872504000123,ITUB4,ITUB4_2021-03-01_DISTRIBUTION_187,33.079280753804795,,0.0,33.079280753804795,CASH_DIVIDEND,UNKNOWN,EX_DATE_ECONOMIC_REINVESTMENT,cache/market.json.gz; SQLite corporate_actions/B3
CG_ONLY,BH padrão,2021-03-02,60746948000112,BBDC4,BBDC4_2021-03-02_DISTRIBUTION_567,49.15005340760923,,0.0,49.15005340760923,JCP Mensais,UNKNOWN,EX_DATE_ECONOMIC_REINVESTMENT,https://www.bradescori.com.br/informacoes-ao-mercado/remuneracao-aos-acionistas/
CG_ONLY,BH padrão,2021-03-12,61585865000151,RADL3,RADL3_2021-03-12_DISTRIBUTION_468,108.02080446769233,,0.0,108.02080446769233,JCP,UNKNOWN,EX_DATE_ECONOMIC_REINVESTMENT,cache/market.json.gz; SQLite corporate_actions/B3
CG_ONLY,BH padrão,2021-03-26,60872504000123,ITUB4,ITUB4_2021-03-26_DISTRIBUTION_186,112.85328722952292,,0.0,112.85328722952292,JCP,UNKNOWN,EX_DATE_ECONOMIC_REINVESTMENT,cache/market.json.gz; SQLite corporate_actions/B3
CG_ONLY,BH padrão,2021-03-29,84429695000111,WEGE3,WEGE3_2021-03-29_DISTRIBUTION_58,94.85539298164969,,0.0,94.85539298164969,JCP,UNKNOWN,EX_DATE_ECONOMIC_REINVESTMENT,cache/market.json.gz; SQLite corporate_actions/B3
CG_ONLY,BH padrão,2021-03-29,02932074000191,HYPE3,HYPE3_2021-03-29_DISTRIBUTION_420,645.0699688471952,,0.0,645.0699688471952,JCP,UNKNOWN,EX_DATE_ECONOMIC_REINVESTMENT,cache/market.json.gz; SQLite corporate_actions/B3
CG_ONLY,BH padrão,2021-04-01,60872504000123,ITUB4,ITUB4_2021-04-01_DISTRIBUTION_185,33.488412759127186,,0.0,33.488412759127186,CASH_DIVIDEND,UNKNOWN,EX_DATE_ECONOMIC_REINVESTMENT,cache/market.json.gz; SQLite corporate_actions/B3
CG_ONLY,BH padrão,2021-04-05,60746948000112,BBDC4,BBDC4_2021-04-05_DISTRIBUTION_568,49.51653793004903,,0.0,49.51653793004903,JCP Mensais,UNKNOWN,EX_DATE_ECONOMIC_REINVESTMENT,https://www.bradescori.com.br/informacoes-ao-mercado/remuneracao-aos-acionistas/
CG_ONLY,BH padrão,2021-04-09,02846056000197,CCRO3,CCRO3_2021-04-09_DISTRIBUTION_11,434.7145110342434,,0.0,434.7145110342434,CASH_DIVIDEND,UNKNOWN,EX_DATE_ECONOMIC_REINVESTMENT,cache/market.json.gz; SQLite corporate_actions/B3
CG_ONLY,BH padrão,2021-04-28,60872504000123,ITUB4,ITUB4_2021-04-28_DISTRIBUTION_184,127.33683208822583,,0.0,127.33683208822583,JCP,UNKNOWN,EX_DATE_ECONOMIC_REINVESTMENT,cache/market.json.gz; SQLite corporate_actions/B3
CG_ONLY,BH padrão,2021-05-03,60872504000123,ITUB4,ITUB4_2021-05-03_DISTRIBUTION_183,33.88591800260058,,0.0,33.88591800260058,CASH_DIVIDEND,UNKNOWN,EX_DATE_ECONOMIC_REINVESTMENT,cache/market.json.gz; SQLite corporate_actions/B3
CG_ONLY,BH padrão,2021-05-03,17155730000164,CMIG4,CMIG4_2021-05-03_DISTRIBUTION_651,3950.854864479568,,0.0,3950.854864479568,,UNKNOWN,EX_DATE_ECONOMIC_REINVESTMENT,https://api.mziq.com/mzfilemanager/v2/d/716a131f-9624-452c-9088-0cd6983c1349/a2eb9f5f-37e1-8913-c1eb-c4281b5e23b2?origin=2
CG_ONLY,BH padrão,2021-05-04,60746948000112,BBDC4,BBDC4_2021-05-04_DISTRIBUTION_569,54.84711799653097,,0.0,54.84711799653097,JCP Mensais,UNKNOWN,EX_DATE_ECONOMIC_REINVESTMENT,https://www.bradescori.com.br/informacoes-ao-mercado/remuneracao-aos-acionistas/
CG_ONLY,BH padrão,2021-05-12,02474103000119,TBLE3,TBLE3_2021-05-12_DISTRIBUTION_350,1286.9308583860811,,0.0,1286.9308583860811,CASH_DIVIDEND,UNKNOWN,EX_DATE_ECONOMIC_REINVESTMENT,cache/market.json.gz; SQLite corporate_actions/B3
CG_ONLY,BH padrão,2021-05-25,60872504000123,ITUB4,ITUB4_2021-05-25_DISTRIBUTION_182,111.20400787884088,,0.0,111.20400787884088,JCP,UNKNOWN,EX_DATE_ECONOMIC_REINVESTMENT,cache/market.json.gz; SQLite corporate_actions/B3
CG_ONLY,BH padrão,2021-06-01,60872504000123,ITUB4,ITUB4_2021-06-01_DISTRIBUTION_181,34.28115735673879,,0.0,34.28115735673879,CASH_DIVIDEND,UNKNOWN,EX_DATE_ECONOMIC_REINVESTMENT,cache/market.json.gz; SQLite corporate_actions/B3
CG_ONLY,BH padrão,2021-06-02,60746948000112,BBDC4,BBDC4_2021-06-02_DISTRIBUTION_570,55.166976667523805,,0.0,55.166976667523805,JCP Mensais,UNKNOWN,EX_DATE_ECONOMIC_REINVESTMENT,https://www.bradescori.com.br/informacoes-ao-mercado/remuneracao-aos-acionistas/
CG_ONLY,BH padrão,2021-06-24,61585865000151,RADL3,RADL3_2021-06-24_DISTRIBUTION_467,122.8820541418134,,0.0,122.8820541418134,JCP,UNKNOWN,EX_DATE_ECONOMIC_REINVESTMENT,cache/market.json.gz; SQLite corporate_actions/B3
CG_ONLY,BH padrão,2021-06-28,84429695000111,WEGE3,WEGE3_2021-06-28_DISTRIBUTION_57,115.20021885550669,,0.0,115.20021885550669,JCP,UNKNOWN,EX_DATE_ECONOMIC_REINVESTMENT,cache/market.json.gz; SQLite corporate_actions/B3
CG_ONLY,BH padrão,2021-07-01,60872504000123,ITUB4,ITUB4_2021-07-01_DISTRIBUTION_180,34.57648314044654,,0.0,34.57648314044654,CASH_DIVIDEND,UNKNOWN,EX_DATE_ECONOMIC_REINVESTMENT,cache/market.json.gz; SQLite corporate_actions/B3
CG_ONLY,BH padrão,2021-07-02,60746948000112,BBDC4,BBDC4_2021-07-02_DISTRIBUTION_571,55.50921313989643,,0.0,55.50921313989643,JCP Mensais,UNKNOWN,EX_DATE_ECONOMIC_REINVESTMENT,https://www.bradescori.com.br/informacoes-ao-mercado/remuneracao-aos-acionistas/
CG_ONLY,BH padrão,2021-07-05,60746948000112,BBDC4,BBDC4_2021-07-05_DISTRIBUTION_572,1577.973577430666,,0.0,1577.973577430666,JCP Intermediários,UNKNOWN,EX_DATE_ECONOMIC_REINVESTMENT,https://www.bradescori.com.br/informacoes-ao-mercado/remuneracao-aos-acionistas/
CG_ONLY,BH padrão,2021-07-23,02932074000191,HYPE3,HYPE3_2021-07-23_DISTRIBUTION_419,664.788778240186,,0.0,664.788778240186,JCP,UNKNOWN,EX_DATE_ECONOMIC_REINVESTMENT,cache/market.json.gz; SQLite corporate_actions/B3
CG_ONLY,BH padrão,2021-08-02,84429695000111,WEGE3,WEGE3_2021-08-02_DISTRIBUTION_56,888.1305051833948,,0.0,888.1305051833948,CASH_DIVIDEND,UNKNOWN,EX_DATE_ECONOMIC_REINVESTMENT,cache/market.json.gz; SQLite corporate_actions/B3
CG_ONLY,BH padrão,2021-08-02,60872504000123,ITUB4,ITUB4_2021-08-02_DISTRIBUTION_179,34.862546675487124,,0.0,34.862546675487124,CASH_DIVIDEND,UNKNOWN,EX_DATE_ECONOMIC_REINVESTMENT,cache/market.json.gz; SQLite corporate_actions/B3
CG_ONLY,BH padrão,2021-08-03,60746948000112,BBDC4,BBDC4_2021-08-03_DISTRIBUTION_573,57.09395222806234,,0.0,57.09395222806234,JCP Mensais,UNKNOWN,EX_DATE_ECONOMIC_REINVESTMENT,https://www.bradescori.com.br/informacoes-ao-mercado/remuneracao-aos-acionistas/
CG_ONLY,BH padrão,2021-08-16,60872504000123,ITUB4,ITUB4_2021-08-16_DISTRIBUTION_178,243.128579073674,,0.0,243.128579073674,JCP,UNKNOWN,EX_DATE_ECONOMIC_REINVESTMENT,cache/market.json.gz; SQLite corporate_actions/B3
CG_ONLY,BH padrão,2021-08-17,02474103000119,TBLE3,TBLE3_2021-08-17_DISTRIBUTION_349,1739.489918621838,,0.0,1739.489918621838,CASH_DIVIDEND,UNKNOWN,EX_DATE_ECONOMIC_REINVESTMENT,cache/market.json.gz; SQLite corporate_actions/B3
CG_ONLY,BH padrão,2021-09-01,60872504000123,ITUB4,ITUB4_2021-09-01_DISTRIBUTION_177,35.24085575699157,,0.0,35.24085575699157,CASH_DIVIDEND,UNKNOWN,EX_DATE_ECONOMIC_REINVESTMENT,cache/market.json.gz; SQLite corporate_actions/B3
CG_ONLY,BH padrão,2021-09-02,60746948000112,BBDC4,BBDC4_2021-09-02_DISTRIBUTION_574,57.563309486690216,,0.0,57.563309486690216,JCP Mensais,UNKNOWN,EX_DATE_ECONOMIC_REINVESTMENT,https://www.bradescori.com.br/informacoes-ao-mercado/remuneracao-aos-acionistas/
CG_ONLY,BH padrão,2021-09-27,84429695000111,WEGE3,WEGE3_2021-09-27_DISTRIBUTION_55,116.76239242271572,,0.0,116.76239242271572,JCP,UNKNOWN,EX_DATE_ECONOMIC_REINVESTMENT,cache/market.json.gz; SQLite corporate_actions/B3
CG_ONLY,BH padrão,2021-09-28,02932074000191,HYPE3,HYPE3_2021-09-28_DISTRIBUTION_418,676.0665313017528,,0.0,676.0665313017528,JCP,UNKNOWN,EX_DATE_ECONOMIC_REINVESTMENT,cache/market.json.gz; SQLite corporate_actions/B3
CG_ONLY,BH padrão,2021-10-01,60872504000123,ITUB4,ITUB4_2021-10-01_DISTRIBUTION_176,35.476159074959874,,0.0,35.476159074959874,CASH_DIVIDEND,UNKNOWN,EX_DATE_ECONOMIC_REINVESTMENT,cache/market.json.gz; SQLite corporate_actions/B3
CG_ONLY,BH padrão,2021-10-04,60746948000112,BBDC4,BBDC4_2021-10-04_DISTRIBUTION_575,58.09309708252501,,0.0,58.09309708252501,JCP Mensais,UNKNOWN,EX_DATE_ECONOMIC_REINVESTMENT,https://www.bradescori.com.br/informacoes-ao-mercado/remuneracao-aos-acionistas/
CG_ONLY,BH padrão,2021-11-01,60872504000123,ITUB4,ITUB4_2021-11-01_DISTRIBUTION_175,42.03095158847123,,0.0,42.03095158847123,JCP,UNKNOWN,EX_DATE_ECONOMIC_REINVESTMENT,cache/market.json.gz; SQLite corporate_actions/B3
CG_ONLY,BH padrão,2021-11-03,60746948000112,BBDC4,BBDC4_2021-11-03_DISTRIBUTION_576,58.644668392666176,,0.0,58.644668392666176,JCP Mensais,UNKNOWN,EX_DATE_ECONOMIC_REINVESTMENT,https://www.bradescori.com.br/informacoes-ao-mercado/remuneracao-aos-acionistas/
CG_ONLY,BH padrão,2021-11-16,61585865000151,RADL3,RADL3_2021-11-16_DISTRIBUTION_465,295.8573240290578,,0.0,295.8573240290578,CASH_DIVIDEND,UNKNOWN,EX_DATE_ECONOMIC_REINVESTMENT,cache/market.json.gz; SQLite corporate_actions/B3
CG_ONLY,BH padrão,2021-11-16,61585865000151,RADL3,RADL3_2021-11-16_DISTRIBUTION_466,130.67031811418755,,0.0,130.67031811418755,JCP,UNKNOWN,EX_DATE_ECONOMIC_REINVESTMENT,cache/market.json.gz; SQLite corporate_actions/B3
CG_ONLY,BH padrão,2021-11-22,60872504000123,ITUB4,ITUB4_2021-11-22_DISTRIBUTION_174,635.260665079523,,0.0,635.260665079523,JCP,UNKNOWN,EX_DATE_ECONOMIC_REINVESTMENT,cache/market.json.gz; SQLite corporate_actions/B3
CG_ONLY,BH padrão,2021-12-01,02846056000197,CCRO3,CCRO3_2021-12-01_DISTRIBUTION_10,397.1503959093522,,0.0,397.1503959093522,CASH_DIVIDEND,UNKNOWN,EX_DATE_ECONOMIC_REINVESTMENT,cache/market.json.gz; SQLite corporate_actions/B3
CG_ONLY,BH padrão,2021-12-01,60872504000123,ITUB4,ITUB4_2021-12-01_DISTRIBUTION_173,42.890603797237354,,0.0,42.890603797237354,JCP,UNKNOWN,EX_DATE_ECONOMIC_REINVESTMENT,cache/market.json.gz; SQLite corporate_actions/B3
CG_ONLY,BH padrão,2021-12-02,60746948000112,BBDC4,BBDC4_2021-12-02_DISTRIBUTION_577,59.225686037267494,,0.0,59.225686037267494,JCP Mensais,UNKNOWN,EX_DATE_ECONOMIC_REINVESTMENT,https://www.bradescori.com.br/informacoes-ao-mercado/remuneracao-aos-acionistas/
CG_ONLY,BH padrão,2021-12-09,61585865000151,RADL3,RADL3_2021-12-09_DISTRIBUTION_463,101.54678849396895,,0.0,101.54678849396895,CASH_DIVIDEND,UNKNOWN,EX_DATE_ECONOMIC_REINVESTMENT,cache/market.json.gz; SQLite corporate_actions/B3
CG_ONLY,BH padrão,2021-12-09,61585865000151,RADL3,RADL3_2021-12-09_DISTRIBUTION_464,143.65155714841674,,0.0,143.65155714841674,JCP,UNKNOWN,EX_DATE_ECONOMIC_REINVESTMENT,cache/market.json.gz; SQLite corporate_actions/B3
CG_ONLY,BH padrão,2021-12-20,84429695000111,WEGE3,WEGE3_2021-12-20_DISTRIBUTION_54,180.54241705442,,0.0,180.54241705442,JCP,UNKNOWN,EX_DATE_ECONOMIC_REINVESTMENT,cache/market.json.gz; SQLite corporate_actions/B3
CG_ONLY,BH padrão,2021-12-21,60746948000112,BBDC4,BBDC4_2021-12-21_DISTRIBUTION_578,675.6072265666548,,0.0,675.6072265666548,Dividendos,UNKNOWN,EX_DATE_ECONOMIC_REINVESTMENT,https://www.bradescori.com.br/informacoes-ao-mercado/remuneracao-aos-acionistas/
CG_ONLY,BH padrão,2021-12-21,60746948000112,BBDC4,BBDC4_2021-12-21_DISTRIBUTION_579,67.56072296907793,,0.0,67.56072296907793,JCP Complementares,UNKNOWN,EX_DATE_ECONOMIC_REINVESTMENT,https://www.bradescori.com.br/informacoes-ao-mercado/remuneracao-aos-acionistas/
CG_ONLY,BH padrão,2021-12-22,17155730000164,CMIG4,CMIG4_2021-12-22_DISTRIBUTION_652,4256.966488599159,,0.0,4256.966488599159,,UNKNOWN,EX_DATE_ECONOMIC_REINVESTMENT,https://api.mziq.com/mzfilemanager/v2/d/716a131f-9624-452c-9088-0cd6983c1349/a2eb9f5f-37e1-8913-c1eb-c4281b5e23b2?origin=2
CG_ONLY,BH padrão,2021-12-29,02932074000191,HYPE3,HYPE3_2021-12-29_DISTRIBUTION_417,700.4998128602381,,0.0,700.4998128602381,JCP,UNKNOWN,EX_DATE_ECONOMIC_REINVESTMENT,cache/market.json.gz; SQLite corporate_actions/B3
CG_ONLY,BH padrão,2021-12-30,02474103000119,TBLE3,TBLE3_2021-12-30_DISTRIBUTION_348,138.71259841388343,,0.0,138.71259841388343,JCP,UNKNOWN,EX_DATE_ECONOMIC_REINVESTMENT,cache/market.json.gz; SQLite corporate_actions/B3
CG_ONLY,BH padrão,2022-01-03,60872504000123,ITUB4,ITUB4_2022-01-03_DISTRIBUTION_172,43.33152897521638,,0.0,43.33152897521638,JCP,UNKNOWN,EX_DATE_ECONOMIC_REINVESTMENT,cache/market.json.gz; SQLite corporate_actions/B3
CG_ONLY,BH padrão,2022-01-04,60746948000112,BBDC4,BBDC4_2022-01-04_DISTRIBUTION_550,60.53397261380995,,0.0,60.53397261380995,JCP Mensais,UNKNOWN,EX_DATE_ECONOMIC_REINVESTMENT,https://www.bradescori.com.br/informacoes-ao-mercado/remuneracao-aos-acionistas/
CG_ONLY,BH padrão,2022-02-01,60872504000123,ITUB4,ITUB4_2022-02-01_DISTRIBUTION_171,43.81252350323196,,0.0,43.81252350323196,JCP,UNKNOWN,EX_DATE_ECONOMIC_REINVESTMENT,cache/market.json.gz; SQLite corporate_actions/B3
CG_ONLY,BH padrão,2022-02-02,60746948000112,BBDC4,BBDC4_2022-02-02_DISTRIBUTION_551,61.002794509656894,,0.0,61.002794509656894,JCP Mensais,UNKNOWN,EX_DATE_ECONOMIC_REINVESTMENT,https://www.bradescori.com.br/informacoes-ao-mercado/remuneracao-aos-acionistas/
CG_ONLY,BH padrão,2022-02-21,84429695000111,WEGE3,WEGE3_2022-02-21_DISTRIBUTION_53,1158.8383261836843,,0.0,1158.8383261836843,CASH_DIVIDEND,UNKNOWN,EX_DATE_ECONOMIC_REINVESTMENT,cache/market.json.gz; SQLite corporate_actions/B3
CG_ONLY,BH padrão,2022-02-22,60872504000123,ITUB4,ITUB4_2022-02-22_DISTRIBUTION_170,34.19720592660407,,0.0,34.19720592660407,JCP,UNKNOWN,EX_DATE_ECONOMIC_REINVESTMENT,cache/market.json.gz; SQLite corporate_actions/B3
CG_ONLY,BH padrão,2022-02-25,02474103000119,TBLE3,TBLE3_2022-02-25_DISTRIBUTION_347,1493.5673246028925,,0.0,1493.5673246028925,CASH_DIVIDEND,UNKNOWN,EX_DATE_ECONOMIC_REINVESTMENT,cache/market.json.gz; SQLite corporate_actions/B3
CG_ONLY,BH padrão,2022-03-02,60872504000123,ITUB4,ITUB4_2022-03-02_DISTRIBUTION_169,44.209434507154796,,0.0,44.209434507154796,JCP,UNKNOWN,EX_DATE_ECONOMIC_REINVESTMENT,cache/market.json.gz; SQLite corporate_actions/B3
CG_ONLY,BH padrão,2022-03-03,60746948000112,BBDC4,BBDC4_2022-03-03_DISTRIBUTION_552,61.670219524353854,,0.0,61.670219524353854,JCP Mensais,UNKNOWN,EX_DATE_ECONOMIC_REINVESTMENT,https://www.bradescori.com.br/informacoes-ao-mercado/remuneracao-aos-acionistas/
CG_ONLY,BH padrão,2022-03-28,84429695000111,WEGE3,WEGE3_2022-03-28_DISTRIBUTION_52,209.0630552121614,,0.0,209.0630552121614,JCP,UNKNOWN,EX_DATE_ECONOMIC_REINVESTMENT,cache/market.json.gz; SQLite corporate_actions/B3
CG_ONLY,BH padrão,2022-03-29,02932074000191,HYPE3,HYPE3_2022-03-29_DISTRIBUTION_416,722.3313161922873,,0.0,722.3313161922873,JCP,UNKNOWN,EX_DATE_ECONOMIC_REINVESTMENT,cache/market.json.gz; SQLite corporate_actions/B3
CG_ONLY,BH padrão,2022-03-29,17155730000164,CMIG4,CMIG4_2022-03-29_DISTRIBUTION_653,1138.5985469100174,,0.0,1138.5985469100174,,UNKNOWN,EX_DATE_ECONOMIC_REINVESTMENT,https://api.mziq.com/mzfilemanager/v2/d/716a131f-9624-452c-9088-0cd6983c1349/a2eb9f5f-37e1-8913-c1eb-c4281b5e23b2?origin=2
CG_ONLY,BH padrão,2022-04-01,60872504000123,ITUB4,ITUB4_2022-04-01_DISTRIBUTION_168,44.58145723434288,,0.0,44.58145723434288,JCP,UNKNOWN,EX_DATE_ECONOMIC_REINVESTMENT,cache/market.json.gz; SQLite corporate_actions/B3
CG_ONLY,BH padrão,2022-04-04,60746948000112,BBDC4,BBDC4_2022-04-04_DISTRIBUTION_553,62.31789088218454,,0.0,62.31789088218454,JCP Mensais,UNKNOWN,EX_DATE_ECONOMIC_REINVESTMENT,https://www.bradescori.com.br/informacoes-ao-mercado/remuneracao-aos-acionistas/
CG_ONLY,BH padrão,2022-04-05,61585865000151,RADL3,RADL3_2022-04-05_DISTRIBUTION_462,164.00135992070068,,0.0,164.00135992070068,JCP,UNKNOWN,EX_DATE_ECONOMIC_REINVESTMENT,cache/market.json.gz; SQLite corporate_actions/B3
CG_ONLY,BH padrão,2022-04-20,02846056000197,CCRO3,CCRO3_2022-04-20_DISTRIBUTION_9,480.32502171971424,,0.0,480.32502171971424,CASH_DIVIDEND,UNKNOWN,EX_DATE_ECONOMIC_REINVESTMENT,cache/market.json.gz; SQLite corporate_actions/B3
CG_ONLY,BH padrão,2022-05-02,60872504000123,ITUB4,ITUB4_2022-05-02_DISTRIBUTION_167,44.96583464614855,,0.0,44.96583464614855,JCP,UNKNOWN,EX_DATE_ECONOMIC_REINVESTMENT,cache/market.json.gz; SQLite corporate_actions/B3
CG_ONLY,BH padrão,2022-05-02,17155730000164,CMIG4,CMIG4_2022-05-02_DISTRIBUTION_654,4746.114537268492,,0.0,4746.114537268492,,UNKNOWN,EX_DATE_ECONOMIC_REINVESTMENT,https://api.mziq.com/mzfilemanager/v2/d/716a131f-9624-452c-9088-0cd6983c1349/a2eb9f5f-37e1-8913-c1eb-c4281b5e23b2?origin=2
CG_ONLY,BH padrão,2022-05-03,60746948000112,BBDC4,BBDC4_2022-05-03_DISTRIBUTION_554,69.32936461855797,,0.0,69.32936461855797,JCP Mensais,UNKNOWN,EX_DATE_ECONOMIC_REINVESTMENT,https://www.bradescori.com.br/informacoes-ao-mercado/remuneracao-aos-acionistas/
CG_ONLY,BH padrão,2022-05-12,02474103000119,TBLE3,TBLE3_2022-05-12_DISTRIBUTION_346,1325.9975058347504,,0.0,1325.9975058347504,CASH_DIVIDEND,UNKNOWN,EX_DATE_ECONOMIC_REINVESTMENT,cache/market.json.gz; SQLite corporate_actions/B3
CG_ONLY,BH padrão,2022-06-01,60872504000123,ITUB4,ITUB4_2022-06-01_DISTRIBUTION_166,45.463373359040816,,0.0,45.463373359040816,JCP,UNKNOWN,EX_DATE_ECONOMIC_REINVESTMENT,cache/market.json.gz; SQLite corporate_actions/B3
CG_ONLY,BH padrão,2022-06-02,60746948000112,BBDC4,BBDC4_2022-06-02_DISTRIBUTION_555,69.99715317553836,,0.0,69.99715317553836,JCP Mensais,UNKNOWN,EX_DATE_ECONOMIC_REINVESTMENT,https://www.bradescori.com.br/informacoes-ao-mercado/remuneracao-aos-acionistas/
CG_ONLY,BH padrão,2022-06-21,60746948000112,BBDC4,BBDC4_2022-06-21_DISTRIBUTION_556,725.9178493422897,,0.0,725.9178493422897,JCP Intermediários,UNKNOWN,EX_DATE_ECONOMIC_REINVESTMENT,https://www.bradescori.com.br/informacoes-ao-mercado/remuneracao-aos-acionistas/
CG_ONLY,BH padrão,2022-06-27,84429695000111,WEGE3,WEGE3_2022-06-27_DISTRIBUTION_51,246.46203600672638,,0.0,246.46203600672638,JCP,UNKNOWN,EX_DATE_ECONOMIC_REINVESTMENT,cache/market.json.gz; SQLite corporate_actions/B3
CG_ONLY,BH padrão,2022-06-27,17155730000164,CMIG4,CMIG4_2022-06-27_DISTRIBUTION_655,1727.4223947241821,,0.0,1727.4223947241821,,UNKNOWN,EX_DATE_ECONOMIC_REINVESTMENT,https://api.mziq.com/mzfilemanager/v2/d/716a131f-9624-452c-9088-0cd6983c1349/a2eb9f5f-37e1-8913-c1eb-c4281b5e23b2?origin=2
CG_ONLY,BH padrão,2022-06-28,02932074000191,HYPE3,HYPE3_2022-06-28_DISTRIBUTION_415,728.5547156503891,,0.0,728.5547156503891,JCP,UNKNOWN,EX_DATE_ECONOMIC_REINVESTMENT,cache/market.json.gz; SQLite corporate_actions/B3
CG_ONLY,BH padrão,2022-07-01,60872504000123,ITUB4,ITUB4_2022-07-01_DISTRIBUTION_165,45.954444592959746,,0.0,45.954444592959746,JCP,UNKNOWN,EX_DATE_ECONOMIC_REINVESTMENT,cache/market.json.gz; SQLite corporate_actions/B3
CG_ONLY,BH padrão,2022-07-04,60746948000112,BBDC4,BBDC4_2022-07-04_DISTRIBUTION_557,71.57851623912376,,0.0,71.57851623912376,JCP Mensais,UNKNOWN,EX_DATE_ECONOMIC_REINVESTMENT,https://www.bradescori.com.br/informacoes-ao-mercado/remuneracao-aos-acionistas/
CG_ONLY,BH padrão,2022-07-06,61585865000151,RADL3,RADL3_2022-07-06_DISTRIBUTION_461,185.94900578878384,,0.0,185.94900578878384,JCP,UNKNOWN,EX_DATE_ECONOMIC_REINVESTMENT,cache/market.json.gz; SQLite corporate_actions/B3
CG_ONLY,BH padrão,2022-07-25,84429695000111,WEGE3,WEGE3_2022-07-25_DISTRIBUTION_50,752.3994402812975,,0.0,752.3994402812975,CASH_DIVIDEND,UNKNOWN,EX_DATE_ECONOMIC_REINVESTMENT,cache/market.json.gz; SQLite corporate_actions/B3
CG_ONLY,BH padrão,2022-08-01,60872504000123,ITUB4,ITUB4_2022-08-01_DISTRIBUTION_164,46.535401554748674,,0.0,46.535401554748674,JCP,UNKNOWN,EX_DATE_ECONOMIC_REINVESTMENT,cache/market.json.gz; SQLite corporate_actions/B3
CG_ONLY,BH padrão,2022-08-02,60746948000112,BBDC4,BBDC4_2022-08-02_DISTRIBUTION_558,72.53784448336559,,0.0,72.53784448336559,JCP Mensais,UNKNOWN,EX_DATE_ECONOMIC_REINVESTMENT,https://www.bradescori.com.br/informacoes-ao-mercado/remuneracao-aos-acionistas/
CG_ONLY,BH padrão,2022-08-17,02474103000119,TBLE3,TBLE3_2022-08-17_DISTRIBUTION_345,1427.5741901002207,,0.0,1427.5741901002207,CASH_DIVIDEND,UNKNOWN,EX_DATE_ECONOMIC_REINVESTMENT,cache/market.json.gz; SQLite corporate_actions/B3
CG_ONLY,BH padrão,2022-08-19,60872504000123,ITUB4,ITUB4_2022-08-19_DISTRIBUTION_163,818.3866966707446,,0.0,818.3866966707446,JCP,UNKNOWN,EX_DATE_ECONOMIC_REINVESTMENT,cache/market.json.gz; SQLite corporate_actions/B3
CG_ONLY,BH padrão,2022-09-01,60872504000123,ITUB4,ITUB4_2022-09-01_DISTRIBUTION_162,47.66953717997499,,0.0,47.66953717997499,JCP,UNKNOWN,EX_DATE_ECONOMIC_REINVESTMENT,cache/market.json.gz; SQLite corporate_actions/B3
CG_ONLY,BH padrão,2022-09-02,60746948000112,BBDC4,BBDC4_2022-09-02_DISTRIBUTION_559,73.30500588502335,,0.0,73.30500588502335,JCP Mensais,UNKNOWN,EX_DATE_ECONOMIC_REINVESTMENT,https://www.bradescori.com.br/informacoes-ao-mercado/remuneracao-aos-acionistas/
CG_ONLY,BH padrão,2022-09-26,84429695000111,WEGE3,WEGE3_2022-09-26_DISTRIBUTION_49,252.82305732377048,,0.0,252.82305732377048,JCP,UNKNOWN,EX_DATE_ECONOMIC_REINVESTMENT,cache/market.json.gz; SQLite corporate_actions/B3
CG_ONLY,BH padrão,2022-09-26,17155730000164,CMIG4,CMIG4_2022-09-26_DISTRIBUTION_656,2342.2058367268373,,0.0,2342.2058367268373,,UNKNOWN,EX_DATE_ECONOMIC_REINVESTMENT,https://api.mziq.com/mzfilemanager/v2/d/716a131f-9624-452c-9088-0cd6983c1349/a2eb9f5f-37e1-8913-c1eb-c4281b5e23b2?origin=2
CG_ONLY,BH padrão,2022-09-29,02932074000191,HYPE3,HYPE3_2022-09-29_DISTRIBUTION_414,734.2229216324873,,0.0,734.2229216324873,JCP,UNKNOWN,EX_DATE_ECONOMIC_REINVESTMENT,cache/market.json.gz; SQLite corporate_actions/B3
CG_ONLY,BH padrão,2022-10-03,60872504000123,ITUB4,ITUB4_2022-10-03_DISTRIBUTION_161,48.11630635448686,,0.0,48.11630635448686,JCP,UNKNOWN,EX_DATE_ECONOMIC_REINVESTMENT,cache/market.json.gz; SQLite corporate_actions/B3
CG_ONLY,BH padrão,2022-10-04,60746948000112,BBDC4,BBDC4_2022-10-04_DISTRIBUTION_560,73.89846914303112,,0.0,73.89846914303112,JCP Mensais,UNKNOWN,EX_DATE_ECONOMIC_REINVESTMENT,https://www.bradescori.com.br/informacoes-ao-mercado/remuneracao-aos-acionistas/
CG_ONLY,BH padrão,2022-10-06,61585865000151,RADL3,RADL3_2022-10-06_DISTRIBUTION_459,272.3224581834506,,0.0,272.3224581834506,CASH_DIVIDEND,UNKNOWN,EX_DATE_ECONOMIC_REINVESTMENT,cache/market.json.gz; SQLite corporate_actions/B3
CG_ONLY,BH padrão,2022-10-06,61585865000151,RADL3,RADL3_2022-10-06_DISTRIBUTION_460,207.72503797888842,,0.0,207.72503797888842,JCP,UNKNOWN,EX_DATE_ECONOMIC_REINVESTMENT,cache/market.json.gz; SQLite corporate_actions/B3
CG_ONLY,BH padrão,2022-11-01,60872504000123,ITUB4,ITUB4_2022-11-01_DISTRIBUTION_160,48.424042553584215,,0.0,48.424042553584215,JCP,UNKNOWN,EX_DATE_ECONOMIC_REINVESTMENT,cache/market.json.gz; SQLite corporate_actions/B3
CG_ONLY,BH padrão,2022-11-03,02846056000197,CCRO3,CCRO3_2022-11-03_DISTRIBUTION_8,1719.0566066333502,,0.0,1719.0566066333502,CASH_DIVIDEND,UNKNOWN,EX_DATE_ECONOMIC_REINVESTMENT,cache/market.json.gz; SQLite corporate_actions/B3
CG_ONLY,BH padrão,2022-11-03,60746948000112,BBDC4,BBDC4_2022-11-03_DISTRIBUTION_561,74.60265367878395,,0.0,74.60265367878395,JCP Mensais,UNKNOWN,EX_DATE_ECONOMIC_REINVESTMENT,https://www.bradescori.com.br/informacoes-ao-mercado/remuneracao-aos-acionistas/
CG_ONLY,BH padrão,2022-11-22,02474103000119,TBLE3,TBLE3_2022-11-22_DISTRIBUTION_344,1209.5433099869178,,0.0,1209.5433099869178,CASH_DIVIDEND,UNKNOWN,EX_DATE_ECONOMIC_REINVESTMENT,cache/market.json.gz; SQLite corporate_actions/B3
CG_ONLY,BH padrão,2022-12-01,60872504000123,ITUB4,ITUB4_2022-12-01_DISTRIBUTION_159,48.720676541545274,,0.0,48.720676541545274,JCP,UNKNOWN,EX_DATE_ECONOMIC_REINVESTMENT,cache/market.json.gz; SQLite corporate_actions/B3
CG_ONLY,BH padrão,2022-12-02,60746948000112,BBDC4,BBDC4_2022-12-02_DISTRIBUTION_562,75.66454138552716,,0.0,75.66454138552716,JCP Mensais,UNKNOWN,EX_DATE_ECONOMIC_REINVESTMENT,https://www.bradescori.com.br/informacoes-ao-mercado/remuneracao-aos-acionistas/
CG_ONLY,BH padrão,2022-12-08,61585865000151,RADL3,RADL3_2022-12-08_DISTRIBUTION_458,229.6711034515129,,0.0,229.6711034515129,JCP,UNKNOWN,EX_DATE_ECONOMIC_REINVESTMENT,cache/market.json.gz; SQLite corporate_actions/B3
CG_ONLY,BH padrão,2022-12-09,60872504000123,ITUB4,ITUB4_2022-12-09_DISTRIBUTION_158,1352.5555679799536,,0.0,1352.5555679799536,JCP,UNKNOWN,EX_DATE_ECONOMIC_REINVESTMENT,cache/market.json.gz; SQLite corporate_actions/B3
CG_ONLY,BH padrão,2022-12-19,84429695000111,WEGE3,WEGE3_2022-12-19_DISTRIBUTION_48,311.92825755763613,,0.0,311.92825755763613,JCP,UNKNOWN,EX_DATE_ECONOMIC_REINVESTMENT,cache/market.json.gz; SQLite corporate_actions/B3
CG_ONLY,BH padrão,2022-12-22,17155730000164,CMIG4,CMIG4_2022-12-22_DISTRIBUTION_657,2017.966621059604,,0.0,2017.966621059604,,UNKNOWN,EX_DATE_ECONOMIC_REINVESTMENT,https://api.mziq.com/mzfilemanager/v2/d/716a131f-9624-452c-9088-0cd6983c1349/a2eb9f5f-37e1-8913-c1eb-c4281b5e23b2?origin=2
CG_ONLY,BH padrão,2022-12-23,02932074000191,HYPE3,HYPE3_2022-12-23_DISTRIBUTION_413,739.5423350288302,,0.0,739.5423350288302,JCP,UNKNOWN,EX_DATE_ECONOMIC_REINVESTMENT,cache/market.json.gz; SQLite corporate_actions/B3
CG_ONLY,BH padrão,2022-12-23,02474103000119,TBLE3,TBLE3_2022-12-23_DISTRIBUTION_343,521.2934627985766,,0.0,521.2934627985766,JCP,UNKNOWN,EX_DATE_ECONOMIC_REINVESTMENT,cache/market.json.gz; SQLite corporate_actions/B3
CG_ONLY,BH padrão,2022-12-28,17155730000164,CMIG4,CMIG4_2022-12-28_DISTRIBUTION_658,2652.9082639147086,,0.0,2652.9082639147086,,UNKNOWN,EX_DATE_ECONOMIC_REINVESTMENT,https://api.mziq.com/mzfilemanager/v2/d/716a131f-9624-452c-9088-0cd6983c1349/a2eb9f5f-37e1-8913-c1eb-c4281b5e23b2?origin=2
CG_ONLY,BH padrão,2023-01-02,60872504000123,ITUB4,ITUB4_2023-01-02_DISTRIBUTION_157,50.0836023410555,,0.0,50.0836023410555,JCP,UNKNOWN,EX_DATE_ECONOMIC_REINVESTMENT,cache/market.json.gz; SQLite corporate_actions/B3
CG_ONLY,BH padrão,2023-01-03,60746948000112,BBDC4,BBDC4_2023-01-03_DISTRIBUTION_535,76.75252482948913,,0.0,76.75252482948913,JCP Mensais,UNKNOWN,EX_DATE_ECONOMIC_REINVESTMENT,https://www.bradescori.com.br/informacoes-ao-mercado/remuneracao-aos-acionistas/
CG_ONLY,BH padrão,2023-01-09,60746948000112,BBDC4,BBDC4_2023-01-09_DISTRIBUTION_563,2363.056704627932,,0.0,2363.056704627932,JCP Complementares,UNKNOWN,EX_DATE_ECONOMIC_REINVESTMENT,https://www.bradescori.com.br/informacoes-ao-mercado/remuneracao-aos-acionistas/
CG_ONLY,BH padrão,2023-02-01,60872504000123,ITUB4,ITUB4_2023-02-01_DISTRIBUTION_156,50.49102158733939,,0.0,50.49102158733939,JCP,UNKNOWN,EX_DATE_ECONOMIC_REINVESTMENT,cache/market.json.gz; SQLite corporate_actions/B3
CG_ONLY,BH padrão,2023-02-02,60746948000112,BBDC4,BBDC4_2023-02-02_DISTRIBUTION_536,81.12267125144004,,0.0,81.12267125144004,JCP Mensais,UNKNOWN,EX_DATE_ECONOMIC_REINVESTMENT,https://www.bradescori.com.br/informacoes-ao-mercado/remuneracao-aos-acionistas/
CG_ONLY,BH padrão,2023-02-22,84429695000111,WEGE3,WEGE3_2023-02-22_DISTRIBUTION_47,1300.5952857015993,,0.0,1300.5952857015993,CASH_DIVIDEND,UNKNOWN,EX_DATE_ECONOMIC_REINVESTMENT,cache/market.json.gz; SQLite corporate_actions/B3
CG_ONLY,BH padrão,2023-03-01,60872504000123,ITUB4,ITUB4_2023-03-01_DISTRIBUTION_155,50.90783330198435,,0.0,50.90783330198435,JCP,UNKNOWN,EX_DATE_ECONOMIC_REINVESTMENT,cache/market.json.gz; SQLite corporate_actions/B3
CG_ONLY,BH padrão,2023-03-02,60746948000112,BBDC4,BBDC4_2023-03-02_DISTRIBUTION_537,82.45688588385492,,0.0,82.45688588385492,JCP Mensais,UNKNOWN,EX_DATE_ECONOMIC_REINVESTMENT,https://www.bradescori.com.br/informacoes-ao-mercado/remuneracao-aos-acionistas/
CG_ONLY,BH padrão,2023-03-20,84429695000111,WEGE3,WEGE3_2023-03-20_DISTRIBUTION_46,307.7528241178835,,0.0,307.7528241178835,JCP,UNKNOWN,EX_DATE_ECONOMIC_REINVESTMENT,cache/market.json.gz; SQLite corporate_actions/B3
CG_ONLY,BH padrão,2023-03-24,60872504000123,ITUB4,ITUB4_2023-03-24_DISTRIBUTION_154,761.3467858923229,,0.0,761.3467858923229,JCP,UNKNOWN,EX_DATE_ECONOMIC_REINVESTMENT,cache/market.json.gz; SQLite corporate_actions/B3
CG_ONLY,BH padrão,2023-03-28,17155730000164,CMIG4,CMIG4_2023-03-28_DISTRIBUTION_392,1114.4570164151412,,0.0,1114.4570164151412,JCP,UNKNOWN,EX_DATE_ECONOMIC_REINVESTMENT,cache/market.json.gz; SQLite corporate_actions/B3
CG_ONLY,BH padrão,2023-03-30,02932074000191,HYPE3,HYPE3_2023-03-30_DISTRIBUTION_412,745.5458782809267,,0.0,745.5458782809267,JCP,UNKNOWN,EX_DATE_ECONOMIC_REINVESTMENT,cache/market.json.gz; SQLite corporate_actions/B3
CG_ONLY,BH padrão,2023-04-03,60872504000123,ITUB4,ITUB4_2023-04-03_DISTRIBUTION_153,51.867916780843416,,0.0,51.867916780843416,JCP,UNKNOWN,EX_DATE_ECONOMIC_REINVESTMENT,cache/market.json.gz; SQLite corporate_actions/B3
CG_ONLY,BH padrão,2023-04-04,60746948000112,BBDC4,BBDC4_2023-04-04_DISTRIBUTION_538,83.7914317152217,,0.0,83.7914317152217,JCP Mensais,UNKNOWN,EX_DATE_ECONOMIC_REINVESTMENT,https://www.bradescori.com.br/informacoes-ao-mercado/remuneracao-aos-acionistas/
CG_ONLY,BH padrão,2023-04-05,61585865000151,RADL3,RADL3_2023-04-05_DISTRIBUTION_457,205.36674064246122,,0.0,205.36674064246122,JCP,UNKNOWN,EX_DATE_ECONOMIC_REINVESTMENT,cache/market.json.gz; SQLite corporate_actions/B3
CG_ONLY,BH padrão,2023-04-20,02846056000197,CCRO3,CCRO3_2023-04-20_DISTRIBUTION_7,229.40465877164542,,0.0,229.40465877164542,CASH_DIVIDEND,UNKNOWN,EX_DATE_ECONOMIC_REINVESTMENT,cache/market.json.gz; SQLite corporate_actions/B3
CG_ONLY,BH padrão,2023-04-25,61585865000151,RADL3,RADL3_2023-04-25_DISTRIBUTION_456,203.1986039634267,,0.0,203.1986039634267,CASH_DIVIDEND,UNKNOWN,EX_DATE_ECONOMIC_REINVESTMENT,cache/market.json.gz; SQLite corporate_actions/B3
CG_ONLY,BH padrão,2023-04-28,17155730000164,CMIG4,CMIG4_2023-04-28_DISTRIBUTION_391,659.3999423873897,,0.0,659.3999423873897,CASH_DIVIDEND,UNKNOWN,EX_DATE_ECONOMIC_REINVESTMENT,cache/market.json.gz; SQLite corporate_actions/B3
CG_ONLY,BH padrão,2023-05-02,60872504000123,ITUB4,ITUB4_2023-05-02_DISTRIBUTION_152,52.2952413670971,,0.0,52.2952413670971,JCP,UNKNOWN,EX_DATE_ECONOMIC_REINVESTMENT,cache/market.json.gz; SQLite corporate_actions/B3
CG_ONLY,BH padrão,2023-05-03,60746948000112,BBDC4,BBDC4_2023-05-03_DISTRIBUTION_539,85.05433737467409,,0.0,85.05433737467409,JCP Mensais,UNKNOWN,EX_DATE_ECONOMIC_REINVESTMENT,https://www.bradescori.com.br/informacoes-ao-mercado/remuneracao-aos-acionistas/
CG_ONLY,BH padrão,2023-05-09,02474103000119,TBLE3,TBLE3_2023-05-09_DISTRIBUTION_342,3901.0553274533413,,0.0,3901.0553274533413,CASH_DIVIDEND,UNKNOWN,EX_DATE_ECONOMIC_REINVESTMENT,cache/market.json.gz; SQLite corporate_actions/B3
CG_ONLY,BH padrão,2023-06-01,60872504000123,ITUB4,ITUB4_2023-06-01_DISTRIBUTION_151,52.72355695619644,,0.0,52.72355695619644,JCP,UNKNOWN,EX_DATE_ECONOMIC_REINVESTMENT,cache/market.json.gz; SQLite corporate_actions/B3
CG_ONLY,BH padrão,2023-06-02,60746948000112,BBDC4,BBDC4_2023-06-02_DISTRIBUTION_540,86.16188184338071,,0.0,86.16188184338071,JCP Mensais,UNKNOWN,EX_DATE_ECONOMIC_REINVESTMENT,https://www.bradescori.com.br/informacoes-ao-mercado/remuneracao-aos-acionistas/
CG_ONLY,BH padrão,2023-06-20,60872504000123,ITUB4,ITUB4_2023-06-20_DISTRIBUTION_150,801.6607085818987,,0.0,801.6607085818987,JCP,UNKNOWN,EX_DATE_ECONOMIC_REINVESTMENT,cache/market.json.gz; SQLite corporate_actions/B3
CG_ONLY,BH padrão,2023-06-26,84429695000111,WEGE3,WEGE3_2023-06-26_DISTRIBUTION_45,337.44974034217375,,0.0,337.44974034217375,JCP,UNKNOWN,EX_DATE_ECONOMIC_REINVESTMENT,cache/market.json.gz; SQLite corporate_actions/B3
CG_ONLY,BH padrão,2023-06-26,17155730000164,CMIG4,CMIG4_2023-06-26_DISTRIBUTION_390,1136.004337036924,,0.0,1136.004337036924,JCP,UNKNOWN,EX_DATE_ECONOMIC_REINVESTMENT,cache/market.json.gz; SQLite corporate_actions/B3
CG_ONLY,BH padrão,2023-06-27,60746948000112,BBDC4,BBDC4_2023-06-27_DISTRIBUTION_541,895.1384837942197,,0.0,895.1384837942197,JCP Intermediários,UNKNOWN,EX_DATE_ECONOMIC_REINVESTMENT,https://www.bradescori.com.br/informacoes-ao-mercado/remuneracao-aos-acionistas/
CG_ONLY,BH padrão,2023-07-03,60872504000123,ITUB4,ITUB4_2023-07-03_DISTRIBUTION_149,53.62495483361924,,0.0,53.62495483361924,JCP,UNKNOWN,EX_DATE_ECONOMIC_REINVESTMENT,cache/market.json.gz; SQLite corporate_actions/B3
CG_ONLY,BH padrão,2023-07-04,60746948000112,BBDC4,BBDC4_2023-07-04_DISTRIBUTION_542,88.27854518138118,,0.0,88.27854518138118,JCP Mensais,UNKNOWN,EX_DATE_ECONOMIC_REINVESTMENT,https://www.bradescori.com.br/informacoes-ao-mercado/remuneracao-aos-acionistas/
CG_ONLY,BH padrão,2023-07-04,02932074000191,HYPE3,HYPE3_2023-07-04_DISTRIBUTION_411,759.4656068361184,,0.0,759.4656068361184,JCP,UNKNOWN,EX_DATE_ECONOMIC_REINVESTMENT,cache/market.json.gz; SQLite corporate_actions/B3
CG_ONLY,BH padrão,2023-07-06,61585865000151,RADL3,RADL3_2023-07-06_DISTRIBUTION_455,262.84146207967495,,0.0,262.84146207967495,JCP,UNKNOWN,EX_DATE_ECONOMIC_REINVESTMENT,cache/market.json.gz; SQLite corporate_actions/B3
CG_ONLY,BH padrão,2023-07-24,84429695000111,WEGE3,WEGE3_2023-07-24_DISTRIBUTION_44,841.8850470941883,,0.0,841.8850470941883,CASH_DIVIDEND,UNKNOWN,EX_DATE_ECONOMIC_REINVESTMENT,cache/market.json.gz; SQLite corporate_actions/B3
CG_ONLY,BH padrão,2023-08-01,60872504000123,ITUB4,ITUB4_2023-08-01_DISTRIBUTION_148,53.97749788335012,,0.0,53.97749788335012,JCP,UNKNOWN,EX_DATE_ECONOMIC_REINVESTMENT,cache/market.json.gz; SQLite corporate_actions/B3
CG_ONLY,BH padrão,2023-08-02,60746948000112,BBDC4,BBDC4_2023-08-02_DISTRIBUTION_543,89.26597722349659,,0.0,89.26597722349659,JCP Mensais,UNKNOWN,EX_DATE_ECONOMIC_REINVESTMENT,https://www.bradescori.com.br/informacoes-ao-mercado/remuneracao-aos-acionistas/
CG_ONLY,BH padrão,2023-08-22,02474103000119,TBLE3,TBLE3_2023-08-22_DISTRIBUTION_341,2165.6936427979326,,0.0,2165.6936427979326,CASH_DIVIDEND,UNKNOWN,EX_DATE_ECONOMIC_REINVESTMENT,cache/market.json.gz; SQLite corporate_actions/B3
CG_ONLY,BH padrão,2023-09-01,60872504000123,ITUB4,ITUB4_2023-09-01_DISTRIBUTION_147,54.30144810566867,,0.0,54.30144810566867,JCP,UNKNOWN,EX_DATE_ECONOMIC_REINVESTMENT,cache/market.json.gz; SQLite corporate_actions/B3
CG_ONLY,BH padrão,2023-09-04,60746948000112,BBDC4,BBDC4_2023-09-04_DISTRIBUTION_544,90.42372601162685,,0.0,90.42372601162685,JCP Mensais,UNKNOWN,EX_DATE_ECONOMIC_REINVESTMENT,https://www.bradescori.com.br/informacoes-ao-mercado/remuneracao-aos-acionistas/
CG_ONLY,BH padrão,2023-09-11,60872504000123,XPBR31,XPBR31_2023-09-11_DISTRIBUTION_687,157.42143299523215,,0.0,157.42143299523215,,UNKNOWN,EX_DATE_ECONOMIC_REINVESTMENT,https://api.mziq.com/mzfilemanager/v2/d/d1820734-8b3f-4a23-8642-331a3a8561a6/974f8122-1809-7583-6d0a-c5e21b2004b8?origin=1
CG_ONLY,BH padrão,2023-09-19,60872504000123,ITUB4,ITUB4_2023-09-19_DISTRIBUTION_146,833.2538655409414,,0.0,833.2538655409414,JCP,UNKNOWN,EX_DATE_ECONOMIC_REINVESTMENT,cache/market.json.gz; SQLite corporate_actions/B3
CG_ONLY,BH padrão,2023-09-25,84429695000111,WEGE3,WEGE3_2023-09-25_DISTRIBUTION_43,348.0701439474261,,0.0,348.0701439474261,JCP,UNKNOWN,EX_DATE_ECONOMIC_REINVESTMENT,cache/market.json.gz; SQLite corporate_actions/B3
CG_ONLY,BH padrão,2023-09-26,17155730000164,CMIG4,CMIG4_2023-09-26_DISTRIBUTION_389,1121.313745249837,,0.0,1121.313745249837,JCP,UNKNOWN,EX_DATE_ECONOMIC_REINVESTMENT,cache/market.json.gz; SQLite corporate_actions/B3
CG_ONLY,BH padrão,2023-09-28,02932074000191,HYPE3,HYPE3_2023-09-28_DISTRIBUTION_410,768.4941032175618,,0.0,768.4941032175618,JCP,UNKNOWN,EX_DATE_ECONOMIC_REINVESTMENT,cache/market.json.gz; SQLite corporate_actions/B3
CG_ONLY,BH padrão,2023-10-02,60872504000123,ITUB4,ITUB4_2023-10-02_DISTRIBUTION_145,55.153191985843115,,0.0,55.153191985843115,JCP,UNKNOWN,EX_DATE_ECONOMIC_REINVESTMENT,cache/market.json.gz; SQLite corporate_actions/B3
CG_ONLY,BH padrão,2023-10-03,60746948000112,BBDC4,BBDC4_2023-10-03_DISTRIBUTION_545,91.65060112482315,,0.0,91.65060112482315,JCP Mensais,UNKNOWN,EX_DATE_ECONOMIC_REINVESTMENT,https://www.bradescori.com.br/informacoes-ao-mercado/remuneracao-aos-acionistas/
CG_ONLY,BH padrão,2023-10-05,61585865000151,RADL3,RADL3_2023-10-05_DISTRIBUTION_454,235.25143623589418,,0.0,235.25143623589418,JCP,UNKNOWN,EX_DATE_ECONOMIC_REINVESTMENT,cache/market.json.gz; SQLite corporate_actions/B3
CG_ONLY,BH padrão,2023-10-31,02846056000197,CCRO3,CCRO3_2023-10-31_DISTRIBUTION_6,1026.6941625181535,,0.0,1026.6941625181535,CASH_DIVIDEND,UNKNOWN,EX_DATE_ECONOMIC_REINVESTMENT,cache/market.json.gz; SQLite corporate_actions/B3
CG_ONLY,BH padrão,2023-11-01,60872504000123,ITUB4,ITUB4_2023-11-01_DISTRIBUTION_144,55.45712715199628,,0.0,55.45712715199628,JCP,UNKNOWN,EX_DATE_ECONOMIC_REINVESTMENT,cache/market.json.gz; SQLite corporate_actions/B3
CG_ONLY,BH padrão,2023-11-03,60746948000112,BBDC4,BBDC4_2023-11-03_DISTRIBUTION_546,92.82102236187954,,0.0,92.82102236187954,JCP Mensais,UNKNOWN,EX_DATE_ECONOMIC_REINVESTMENT,https://www.bradescori.com.br/informacoes-ao-mercado/remuneracao-aos-acionistas/
CG_ONLY,BH padrão,2023-12-01,60872504000123,ITUB4,ITUB4_2023-12-01_DISTRIBUTION_143,55.70745578166867,,0.0,55.70745578166867,JCP,UNKNOWN,EX_DATE_ECONOMIC_REINVESTMENT,cache/market.json.gz; SQLite corporate_actions/B3
CG_ONLY,BH padrão,2023-12-04,60746948000112,BBDC4,BBDC4_2023-12-04_DISTRIBUTION_547,93.88384165216173,,0.0,93.88384165216173,JCP Mensais,UNKNOWN,EX_DATE_ECONOMIC_REINVESTMENT,https://www.bradescori.com.br/informacoes-ao-mercado/remuneracao-aos-acionistas/
CG_ONLY,BH padrão,2023-12-07,60872504000123,ITUB4,ITUB4_2023-12-07_DISTRIBUTION_142,782.5675874709068,,0.0,782.5675874709068,JCP,UNKNOWN,EX_DATE_ECONOMIC_REINVESTMENT,cache/market.json.gz; SQLite corporate_actions/B3
CG_ONLY,BH padrão,2023-12-07,61585865000151,RADL3,RADL3_2023-12-07_DISTRIBUTION_453,225.3549526293785,,0.0,225.3549526293785,JCP,UNKNOWN,EX_DATE_ECONOMIC_REINVESTMENT,cache/market.json.gz; SQLite corporate_actions/B3
CG_ONLY,BH padrão,2023-12-12,60872504000123,XPBR31,XPBR31_2023-12-12_DISTRIBUTION_688,203.2129389922115,,0.0,203.2129389922115,,UNKNOWN,EX_DATE_ECONOMIC_REINVESTMENT,https://api.mziq.com/mzfilemanager/v2/d/d1820734-8b3f-4a23-8642-331a3a8561a6/bcf8391a-ada6-8146-717d-479c39aa4bd9?origin=1
CG_ONLY,BH padrão,2023-12-18,84429695000111,WEGE3,WEGE3_2023-12-18_DISTRIBUTION_42,419.2670965147481,,0.0,419.2670965147481,JCP,UNKNOWN,EX_DATE_ECONOMIC_REINVESTMENT,cache/market.json.gz; SQLite corporate_actions/B3
CG_ONLY,BH padrão,2023-12-21,61585865000151,RADL3,RADL3_2023-12-21_DISTRIBUTION_452,215.13331184953125,,0.0,215.13331184953125,CASH_DIVIDEND,UNKNOWN,EX_DATE_ECONOMIC_REINVESTMENT,cache/market.json.gz; SQLite corporate_actions/B3
CG_ONLY,BH padrão,2023-12-22,60746948000112,BBDC4,BBDC4_2023-12-22_DISTRIBUTION_548,975.3521987474943,,0.0,975.3521987474943,JCP Intermediários,UNKNOWN,EX_DATE_ECONOMIC_REINVESTMENT,https://www.bradescori.com.br/informacoes-ao-mercado/remuneracao-aos-acionistas/
CG_ONLY,BH padrão,2023-12-22,60746948000112,BBDC4,BBDC4_2023-12-22_DISTRIBUTION_549,2437.405139528133,,0.0,2437.405139528133,JCP Complementares,UNKNOWN,EX_DATE_ECONOMIC_REINVESTMENT,https://www.bradescori.com.br/informacoes-ao-mercado/remuneracao-aos-acionistas/
CG_ONLY,BH padrão,2023-12-22,02474103000119,TBLE3,TBLE3_2023-12-22_DISTRIBUTION_340,423.44055657802994,,0.0,423.44055657802994,JCP,UNKNOWN,EX_DATE_ECONOMIC_REINVESTMENT,cache/market.json.gz; SQLite corporate_actions/B3
CG_ONLY,BH padrão,2023-12-22,17155730000164,CMIG4,CMIG4_2023-12-22_DISTRIBUTION_388,3575.0820430724198,,0.0,3575.0820430724198,JCP,UNKNOWN,EX_DATE_ECONOMIC_REINVESTMENT,cache/market.json.gz; SQLite corporate_actions/B3
CG_ONLY,BH padrão,2023-12-27,02932074000191,HYPE3,HYPE3_2023-12-27_DISTRIBUTION_409,789.9375591942754,,0.0,789.9375591942754,JCP,UNKNOWN,EX_DATE_ECONOMIC_REINVESTMENT,cache/market.json.gz; SQLite corporate_actions/B3
CG_ONLY,BH padrão,2024-01-02,60872504000123,ITUB4,ITUB4_2024-01-02_DISTRIBUTION_141,56.302854874763646,,0.0,56.302854874763646,JCP,UNKNOWN,EX_DATE_ECONOMIC_REINVESTMENT,cache/market.json.gz; SQLite corporate_actions/B3
CG_ONLY,BH padrão,2024-01-03,60746948000112,BBDC4,BBDC4_2024-01-03_DISTRIBUTION_520,98.6966546140065,,0.0,98.6966546140065,JCP Mensais,UNKNOWN,EX_DATE_ECONOMIC_REINVESTMENT,https://www.bradescori.com.br/informacoes-ao-mercado/remuneracao-aos-acionistas/
CG_ONLY,BH padrão,2024-02-01,60872504000123,ITUB4,ITUB4_2024-02-01_DISTRIBUTION_140,56.419651452062126,,0.0,56.419651452062126,JCP,UNKNOWN,EX_DATE_ECONOMIC_REINVESTMENT,cache/market.json.gz; SQLite corporate_actions/B3
CG_ONLY,BH padrão,2024-02-02,60746948000112,BBDC4,BBDC4_2024-02-02_DISTRIBUTION_521,99.76888628745318,,0.0,99.76888628745318,JCP Mensais,UNKNOWN,EX_DATE_ECONOMIC_REINVESTMENT,https://www.bradescori.com.br/informacoes-ao-mercado/remuneracao-aos-acionistas/
CG_ONLY,BH padrão,2024-02-02,02932074000191,HYPE3,HYPE3_2024-02-02_DISTRIBUTION_408,255.68659508672636,,0.0,255.68659508672636,JCP,UNKNOWN,EX_DATE_ECONOMIC_REINVESTMENT,cache/market.json.gz; SQLite corporate_actions/B3
CG_ONLY,BH padrão,2024-02-22,60872504000123,ITUB4,ITUB4_2024-02-22_DISTRIBUTION_139,3599.996668968782,,0.0,3599.996668968782,CASH_DIVIDEND,UNKNOWN,EX_DATE_ECONOMIC_REINVESTMENT,cache/market.json.gz; SQLite corporate_actions/B3
CG_ONLY,BH padrão,2024-02-23,02932074000191,HYPE3,HYPE3_2024-02-23_DISTRIBUTION_407,256.48152863443045,,0.0,256.48152863443045,JCP,UNKNOWN,EX_DATE_ECONOMIC_REINVESTMENT,cache/market.json.gz; SQLite corporate_actions/B3
CG_ONLY,BH padrão,2024-02-26,84429695000111,WEGE3,WEGE3_2024-02-26_DISTRIBUTION_41,1739.8515113608726,,0.0,1739.8515113608726,CASH_DIVIDEND,UNKNOWN,EX_DATE_ECONOMIC_REINVESTMENT,cache/market.json.gz; SQLite corporate_actions/B3
CG_ONLY,BH padrão,2024-03-01,60872504000123,ITUB4,ITUB4_2024-03-01_DISTRIBUTION_138,58.33374142379174,,0.0,58.33374142379174,JCP,UNKNOWN,EX_DATE_ECONOMIC_REINVESTMENT,cache/market.json.gz; SQLite corporate_actions/B3
CG_ONLY,BH padrão,2024-03-04,60746948000112,BBDC4,BBDC4_2024-03-04_DISTRIBUTION_522,101.16620768056407,,0.0,101.16620768056407,JCP Mensais,UNKNOWN,EX_DATE_ECONOMIC_REINVESTMENT,https://www.bradescori.com.br/informacoes-ao-mercado/remuneracao-aos-acionistas/
CG_ONLY,BH padrão,2024-03-22,60872504000123,ITUB4,ITUB4_2024-03-22_DISTRIBUTION_137,799.6957300104802,,0.0,799.6957300104802,JCP,UNKNOWN,EX_DATE_ECONOMIC_REINVESTMENT,cache/market.json.gz; SQLite corporate_actions/B3
CG_ONLY,BH padrão,2024-03-22,02932074000191,HYPE3,HYPE3_2024-03-22_DISTRIBUTION_406,258.7973279983506,,0.0,258.7973279983506,JCP,UNKNOWN,EX_DATE_ECONOMIC_REINVESTMENT,cache/market.json.gz; SQLite corporate_actions/B3
CG_ONLY,BH padrão,2024-03-25,84429695000111,WEGE3,WEGE3_2024-03-25_DISTRIBUTION_40,340.068035030629,,0.0,340.068035030629,JCP,UNKNOWN,EX_DATE_ECONOMIC_REINVESTMENT,cache/market.json.gz; SQLite corporate_actions/B3
CG_ONLY,BH padrão,2024-03-27,17155730000164,CMIG4,CMIG4_2024-03-27_DISTRIBUTION_387,1072.8314297682819,,0.0,1072.8314297682819,JCP,UNKNOWN,EX_DATE_ECONOMIC_REINVESTMENT,cache/market.json.gz; SQLite corporate_actions/B3
CG_ONLY,BH padrão,2024-04-01,60872504000123,ITUB4,ITUB4_2024-04-01_DISTRIBUTION_136,58.79174144774759,,0.0,58.79174144774759,JCP,UNKNOWN,EX_DATE_ECONOMIC_REINVESTMENT,cache/market.json.gz; SQLite corporate_actions/B3
CG_ONLY,BH padrão,2024-04-02,60746948000112,BBDC4,BBDC4_2024-04-02_DISTRIBUTION_523,102.41123523039751,,0.0,102.41123523039751,JCP Mensais,UNKNOWN,EX_DATE_ECONOMIC_REINVESTMENT,https://www.bradescori.com.br/informacoes-ao-mercado/remuneracao-aos-acionistas/
CG_ONLY,BH padrão,2024-04-04,61585865000151,RADL3,RADL3_2024-04-04_DISTRIBUTION_451,193.26344781226607,,0.0,193.26344781226607,JCP,UNKNOWN,EX_DATE_ECONOMIC_REINVESTMENT,cache/market.json.gz; SQLite corporate_actions/B3
CG_ONLY,BH padrão,2024-04-18,61585865000151,RADL3,RADL3_2024-04-18_DISTRIBUTION_450,219.33835967325217,,0.0,219.33835967325217,CASH_DIVIDEND,UNKNOWN,EX_DATE_ECONOMIC_REINVESTMENT,cache/market.json.gz; SQLite corporate_actions/B3
CG_ONLY,BH padrão,2024-04-19,02846056000197,CCRO3,CCRO3_2024-04-19_DISTRIBUTION_5,1828.614001383695,,0.0,1828.614001383695,CASH_DIVIDEND,UNKNOWN,EX_DATE_ECONOMIC_REINVESTMENT,cache/market.json.gz; SQLite corporate_actions/B3
CG_ONLY,BH padrão,2024-04-24,02932074000191,HYPE3,HYPE3_2024-04-24_DISTRIBUTION_405,261.4814879084904,,0.0,261.4814879084904,JCP,UNKNOWN,EX_DATE_ECONOMIC_REINVESTMENT,cache/market.json.gz; SQLite corporate_actions/B3
CG_ONLY,BH padrão,2024-04-30,17155730000164,CMIG4,CMIG4_2024-04-30_DISTRIBUTION_386,1490.7462519628402,,0.0,1490.7462519628402,CASH_DIVIDEND,UNKNOWN,EX_DATE_ECONOMIC_REINVESTMENT,cache/market.json.gz; SQLite corporate_actions/B3
CG_ONLY,BH padrão,2024-05-02,60872504000123,ITUB4,ITUB4_2024-05-02_DISTRIBUTION_135,58.84683160993613,,0.0,58.84683160993613,JCP,UNKNOWN,EX_DATE_ECONOMIC_REINVESTMENT,cache/market.json.gz; SQLite corporate_actions/B3
CG_ONLY,BH padrão,2024-05-03,60746948000112,BBDC4,BBDC4_2024-05-03_DISTRIBUTION_524,103.5648497983697,,0.0,103.5648497983697,JCP Mensais,UNKNOWN,EX_DATE_ECONOMIC_REINVESTMENT,https://www.bradescori.com.br/informacoes-ao-mercado/remuneracao-aos-acionistas/
CG_ONLY,BH padrão,2024-05-07,02474103000119,TBLE3,TBLE3_2024-05-07_DISTRIBUTION_339,2972.925083995627,,0.0,2972.925083995627,CASH_DIVIDEND,UNKNOWN,EX_DATE_ECONOMIC_REINVESTMENT,cache/market.json.gz; SQLite corporate_actions/B3
CG_ONLY,BH padrão,2024-05-24,02932074000191,HYPE3,HYPE3_2024-05-24_DISTRIBUTION_404,264.79427581928445,,0.0,264.79427581928445,JCP,UNKNOWN,EX_DATE_ECONOMIC_REINVESTMENT,cache/market.json.gz; SQLite corporate_actions/B3
CG_ONLY,BH padrão,2024-06-03,60872504000123,ITUB4,ITUB4_2024-06-03_DISTRIBUTION_134,58.958887871572756,,0.0,58.958887871572756,JCP,UNKNOWN,EX_DATE_ECONOMIC_REINVESTMENT,cache/market.json.gz; SQLite corporate_actions/B3
CG_ONLY,BH padrão,2024-06-04,60746948000112,BBDC4,BBDC4_2024-06-04_DISTRIBUTION_525,104.94607596183833,,0.0,104.94607596183833,JCP Mensais,UNKNOWN,EX_DATE_ECONOMIC_REINVESTMENT,https://www.bradescori.com.br/informacoes-ao-mercado/remuneracao-aos-acionistas/
CG_ONLY,BH padrão,2024-06-18,60746948000112,BBDC4,BBDC4_2024-06-18_DISTRIBUTION_526,2188.2035112714784,,0.0,2188.2035112714784,JCP Intermediários,UNKNOWN,EX_DATE_ECONOMIC_REINVESTMENT,https://www.bradescori.com.br/informacoes-ao-mercado/remuneracao-aos-acionistas/
CG_ONLY,BH padrão,2024-06-21,60872504000123,ITUB4,ITUB4_2024-06-21_DISTRIBUTION_133,840.0313114092311,,0.0,840.0313114092311,JCP,UNKNOWN,EX_DATE_ECONOMIC_REINVESTMENT,cache/market.json.gz; SQLite corporate_actions/B3
CG_ONLY,BH padrão,2024-06-24,02932074000191,HYPE3,HYPE3_2024-06-24_DISTRIBUTION_403,268.89491035564873,,0.0,268.89491035564873,JCP,UNKNOWN,EX_DATE_ECONOMIC_REINVESTMENT,cache/market.json.gz; SQLite corporate_actions/B3
CG_ONLY,BH padrão,2024-06-24,17155730000164,CMIG4,CMIG4_2024-06-24_DISTRIBUTION_385,1213.0459020832698,,0.0,1213.0459020832698,JCP,UNKNOWN,EX_DATE_ECONOMIC_REINVESTMENT,cache/market.json.gz; SQLite corporate_actions/B3
CG_ONLY,BH padrão,2024-07-01,84429695000111,WEGE3,WEGE3_2024-07-01_DISTRIBUTION_39,370.05038741769727,,0.0,370.05038741769727,JCP,UNKNOWN,EX_DATE_ECONOMIC_REINVESTMENT,cache/market.json.gz; SQLite corporate_actions/B3
CG_ONLY,BH padrão,2024-07-01,60872504000123,ITUB4,ITUB4_2024-07-01_DISTRIBUTION_132,59.53500465898121,,0.0,59.53500465898121,JCP,UNKNOWN,EX_DATE_ECONOMIC_REINVESTMENT,cache/market.json.gz; SQLite corporate_actions/B3
CG_ONLY,BH padrão,2024-07-02,60746948000112,BBDC4,BBDC4_2024-07-02_DISTRIBUTION_527,109.67702292872104,,0.0,109.67702292872104,JCP Mensais,UNKNOWN,EX_DATE_ECONOMIC_REINVESTMENT,https://www.bradescori.com.br/informacoes-ao-mercado/remuneracao-aos-acionistas/
CG_ONLY,BH padrão,2024-07-04,61585865000151,RADL3,RADL3_2024-07-04_DISTRIBUTION_449,201.611768585719,,0.0,201.611768585719,JCP,UNKNOWN,EX_DATE_ECONOMIC_REINVESTMENT,cache/market.json.gz; SQLite corporate_actions/B3
CG_ONLY,BH padrão,2024-07-25,02932074000191,HYPE3,HYPE3_2024-07-25_DISTRIBUTION_402,271.97075456266674,,0.0,271.97075456266674,JCP,UNKNOWN,EX_DATE_ECONOMIC_REINVESTMENT,cache/market.json.gz; SQLite corporate_actions/B3
CG_ONLY,BH padrão,2024-08-01,60872504000123,ITUB4,ITUB4_2024-08-01_DISTRIBUTION_131,59.642619081261266,,0.0,59.642619081261266,JCP,UNKNOWN,EX_DATE_ECONOMIC_REINVESTMENT,cache/market.json.gz; SQLite corporate_actions/B3
CG_ONLY,BH padrão,2024-08-02,60746948000112,BBDC4,BBDC4_2024-08-02_DISTRIBUTION_528,110.92918916464338,,0.0,110.92918916464338,JCP Mensais,UNKNOWN,EX_DATE_ECONOMIC_REINVESTMENT,https://www.bradescori.com.br/informacoes-ao-mercado/remuneracao-aos-acionistas/
CG_ONLY,BH padrão,2024-08-05,84429695000111,WEGE3,WEGE3_2024-08-05_DISTRIBUTION_38,1107.4297708482363,,0.0,1107.4297708482363,CASH_DIVIDEND,UNKNOWN,EX_DATE_ECONOMIC_REINVESTMENT,cache/market.json.gz; SQLite corporate_actions/B3
CG_ONLY,BH padrão,2024-08-22,02474103000119,TBLE3,TBLE3_2024-08-22_DISTRIBUTION_338,2885.395382996721,,0.0,2885.395382996721,CASH_DIVIDEND,UNKNOWN,EX_DATE_ECONOMIC_REINVESTMENT,cache/market.json.gz; SQLite corporate_actions/B3
CG_ONLY,BH padrão,2024-08-26,17155730000164,CMIG4,CMIG4_2024-08-26_DISTRIBUTION_384,8073.995154676511,,0.0,8073.995154676511,CASH_DIVIDEND,UNKNOWN,EX_DATE_ECONOMIC_REINVESTMENT,cache/market.json.gz; SQLite corporate_actions/B3
CG_ONLY,BH padrão,2024-09-02,60872504000123,ITUB4,ITUB4_2024-09-02_DISTRIBUTION_130,59.77985252770071,,0.0,59.77985252770071,JCP,UNKNOWN,EX_DATE_ECONOMIC_REINVESTMENT,cache/market.json.gz; SQLite corporate_actions/B3
CG_ONLY,BH padrão,2024-09-03,60746948000112,BBDC4,BBDC4_2024-09-03_DISTRIBUTION_529,111.79489831248596,,0.0,111.79489831248596,JCP Mensais,UNKNOWN,EX_DATE_ECONOMIC_REINVESTMENT,https://www.bradescori.com.br/informacoes-ao-mercado/remuneracao-aos-acionistas/
CG_ONLY,BH padrão,2024-09-20,60872504000123,ITUB4,ITUB4_2024-09-20_DISTRIBUTION_129,926.1715528202313,,0.0,926.1715528202313,JCP,UNKNOWN,EX_DATE_ECONOMIC_REINVESTMENT,cache/market.json.gz; SQLite corporate_actions/B3
CG_ONLY,BH padrão,2024-09-24,02932074000191,HYPE3,HYPE3_2024-09-24_DISTRIBUTION_401,555.2835415685361,,0.0,555.2835415685361,JCP,UNKNOWN,EX_DATE_ECONOMIC_REINVESTMENT,cache/market.json.gz; SQLite corporate_actions/B3
CG_ONLY,BH padrão,2024-09-24,17155730000164,CMIG4,CMIG4_2024-09-24_DISTRIBUTION_383,1401.6172736099772,,0.0,1401.6172736099772,JCP,UNKNOWN,EX_DATE_ECONOMIC_REINVESTMENT,cache/market.json.gz; SQLite corporate_actions/B3
CG_ONLY,BH padrão,2024-09-30,84429695000111,WEGE3,WEGE3_2024-09-30_DISTRIBUTION_37,415.26092693788814,,0.0,415.26092693788814,JCP,UNKNOWN,EX_DATE_ECONOMIC_REINVESTMENT,cache/market.json.gz; SQLite corporate_actions/B3
CG_ONLY,BH padrão,2024-10-01,60872504000123,ITUB4,ITUB4_2024-10-01_DISTRIBUTION_128,60.33820984088778,,0.0,60.33820984088778,JCP,UNKNOWN,EX_DATE_ECONOMIC_REINVESTMENT,cache/market.json.gz; SQLite corporate_actions/B3
CG_ONLY,BH padrão,2024-10-01,60746948000112,BBDC4,BBDC4_2024-10-01_DISTRIBUTION_530,1165.1868507727768,,0.0,1165.1868507727768,JCP Intermediários,UNKNOWN,EX_DATE_ECONOMIC_REINVESTMENT,https://www.bradescori.com.br/informacoes-ao-mercado/remuneracao-aos-acionistas/
CG_ONLY,BH padrão,2024-10-02,60746948000112,BBDC4,BBDC4_2024-10-02_DISTRIBUTION_531,114.15056748679032,,0.0,114.15056748679032,JCP Mensais,UNKNOWN,EX_DATE_ECONOMIC_REINVESTMENT,https://www.bradescori.com.br/informacoes-ao-mercado/remuneracao-aos-acionistas/
CG_ONLY,BH padrão,2024-10-04,61585865000151,RADL3,RADL3_2024-10-04_DISTRIBUTION_447,279.06483306437815,,0.0,279.06483306437815,CASH_DIVIDEND,UNKNOWN,EX_DATE_ECONOMIC_REINVESTMENT,cache/market.json.gz; SQLite corporate_actions/B3
CG_ONLY,BH padrão,2024-10-04,61585865000151,RADL3,RADL3_2024-10-04_DISTRIBUTION_448,300.38959785161614,,0.0,300.38959785161614,JCP,UNKNOWN,EX_DATE_ECONOMIC_REINVESTMENT,cache/market.json.gz; SQLite corporate_actions/B3
CG_ONLY,BH padrão,2024-11-01,60872504000123,ITUB4,ITUB4_2024-11-01_DISTRIBUTION_127,60.44451826218723,,0.0,60.44451826218723,JCP,UNKNOWN,EX_DATE_ECONOMIC_REINVESTMENT,cache/market.json.gz; SQLite corporate_actions/B3
CG_ONLY,BH padrão,2024-11-04,60746948000112,BBDC4,BBDC4_2024-11-04_DISTRIBUTION_532,115.01126065015539,,0.0,115.01126065015539,JCP Mensais,UNKNOWN,EX_DATE_ECONOMIC_REINVESTMENT,https://www.bradescori.com.br/informacoes-ao-mercado/remuneracao-aos-acionistas/
CG_ONLY,BH padrão,2024-11-06,02846056000197,CCRO3,CCRO3_2024-11-06_DISTRIBUTION_4,1109.438937846877,,0.0,1109.438937846877,CASH_DIVIDEND,UNKNOWN,EX_DATE_ECONOMIC_REINVESTMENT,cache/market.json.gz; SQLite corporate_actions/B3
CG_ONLY,BH padrão,2024-12-02,60872504000123,ITUB4,ITUB4_2024-12-02_DISTRIBUTION_126,60.53981850992553,,0.0,60.53981850992553,JCP,UNKNOWN,EX_DATE_ECONOMIC_REINVESTMENT,cache/market.json.gz; SQLite corporate_actions/B3
CG_ONLY,BH padrão,2024-12-03,60746948000112,BBDC4,BBDC4_2024-12-03_DISTRIBUTION_533,116.01554510696346,,0.0,116.01554510696346,JCP Mensais,UNKNOWN,EX_DATE_ECONOMIC_REINVESTMENT,https://www.bradescori.com.br/informacoes-ao-mercado/remuneracao-aos-acionistas/
CG_ONLY,BH padrão,2024-12-05,61585865000151,RADL3,RADL3_2024-12-05_DISTRIBUTION_446,329.3022992961387,,0.0,329.3022992961387,JCP,UNKNOWN,EX_DATE_ECONOMIC_REINVESTMENT,cache/market.json.gz; SQLite corporate_actions/B3
CG_ONLY,BH padrão,2024-12-10,60872504000123,ITUB4,ITUB4_2024-12-10_DISTRIBUTION_125,1067.3964640951622,,0.0,1067.3964640951622,JCP,UNKNOWN,EX_DATE_ECONOMIC_REINVESTMENT,cache/market.json.gz; SQLite corporate_actions/B3
CG_ONLY,BH padrão,2024-12-10,60872504000123,XPBR31,XPBR31_2024-12-10_DISTRIBUTION_689,228.4828735845066,,0.0,228.4828735845066,,UNKNOWN,EX_DATE_ECONOMIC_REINVESTMENT,https://www.sec.gov/Archives/edgar/data/1787425/000095010324016520/dp220822_ex9902.htm
CG_ONLY,BH padrão,2024-12-20,02474103000119,TBLE3,TBLE3_2024-12-20_DISTRIBUTION_337,802.0683399744322,,0.0,802.0683399744322,JCP,UNKNOWN,EX_DATE_ECONOMIC_REINVESTMENT,cache/market.json.gz; SQLite corporate_actions/B3
CG_ONLY,BH padrão,2024-12-23,84429695000111,WEGE3,WEGE3_2024-12-23_DISTRIBUTION_36,473.3997694691857,,0.0,473.3997694691857,JCP,UNKNOWN,EX_DATE_ECONOMIC_REINVESTMENT,cache/market.json.gz; SQLite corporate_actions/B3
CG_ONLY,BH padrão,2024-12-26,17155730000164,CMIG4,CMIG4_2024-12-26_DISTRIBUTION_382,1673.3917973452824,,0.0,1673.3917973452824,JCP,UNKNOWN,EX_DATE_ECONOMIC_REINVESTMENT,cache/market.json.gz; SQLite corporate_actions/B3
CG_ONLY,BH padrão,2024-12-30,02932074000191,HYPE3,HYPE3_2024-12-30_DISTRIBUTION_399,359.93875034724147,,0.0,359.93875034724147,CASH_DIVIDEND,UNKNOWN,EX_DATE_ECONOMIC_REINVESTMENT,cache/market.json.gz; SQLite corporate_actions/B3
CG_ONLY,BH padrão,2024-12-30,02932074000191,HYPE3,HYPE3_2024-12-30_DISTRIBUTION_400,500.1581106920461,,0.0,500.1581106920461,JCP,UNKNOWN,EX_DATE_ECONOMIC_REINVESTMENT,cache/market.json.gz; SQLite corporate_actions/B3
CG_ONLY,BH padrão,2025-01-02,60872504000123,ITUB4,ITUB4_2025-01-02_DISTRIBUTION_124,61.234217554437265,,0.0,61.234217554437265,JCP,UNKNOWN,EX_DATE_ECONOMIC_REINVESTMENT,cache/market.json.gz; SQLite corporate_actions/B3
CG_ONLY,BH padrão,2025-01-02,60746948000112,BBDC4,BBDC4_2025-01-02_DISTRIBUTION_534,1800.1948912423488,,0.0,1800.1948912423488,JCP Complementar,UNKNOWN,EX_DATE_ECONOMIC_REINVESTMENT,https://www.bradescori.com.br/informacoes-ao-mercado/remuneracao-aos-acionistas/
CG_ONLY,BH padrão,2025-01-03,60746948000112,BBDC4,BBDC4_2025-01-03_DISTRIBUTION_504,120.08849027295246,,0.0,120.08849027295246,JCP Mensais,UNKNOWN,EX_DATE_ECONOMIC_REINVESTMENT,https://www.bradescori.com.br/informacoes-ao-mercado/remuneracao-aos-acionistas/
CG_ONLY,BH padrão,2025-02-03,60872504000123,ITUB4,ITUB4_2025-02-03_DISTRIBUTION_123,61.359861941482734,,0.0,61.359861941482734,JCP,UNKNOWN,EX_DATE_ECONOMIC_REINVESTMENT,cache/market.json.gz; SQLite corporate_actions/B3
CG_ONLY,BH padrão,2025-02-04,60746948000112,BBDC4,BBDC4_2025-02-04_DISTRIBUTION_505,121.12877005423337,,0.0,121.12877005423337,JCP Mensais,UNKNOWN,EX_DATE_ECONOMIC_REINVESTMENT,https://www.bradescori.com.br/informacoes-ao-mercado/remuneracao-aos-acionistas/
CG_ONLY,BH padrão,2025-02-18,60872504000123,ITUB4,ITUB4_2025-02-18_DISTRIBUTION_121,4354.545375414533,,0.0,4354.545375414533,CASH_DIVIDEND,UNKNOWN,EX_DATE_ECONOMIC_REINVESTMENT,cache/market.json.gz; SQLite corporate_actions/B3
CG_ONLY,BH padrão,2025-02-18,60872504000123,ITUB4,ITUB4_2025-02-18_DISTRIBUTION_122,1160.7201122190863,,0.0,1160.7201122190863,JCP,UNKNOWN,EX_DATE_ECONOMIC_REINVESTMENT,cache/market.json.gz; SQLite corporate_actions/B3
CG_ONLY,BH padrão,2025-03-05,84429695000111,WEGE3,WEGE3_2025-03-05_DISTRIBUTION_35,1798.8709362019094,,0.0,1798.8709362019094,CASH_DIVIDEND,UNKNOWN,EX_DATE_ECONOMIC_REINVESTMENT,cache/market.json.gz; SQLite corporate_actions/B3
CG_ONLY,BH padrão,2025-03-05,60872504000123,ITUB4,ITUB4_2025-03-05_DISTRIBUTION_120,64.37253031290915,,0.0,64.37253031290915,JCP,UNKNOWN,EX_DATE_ECONOMIC_REINVESTMENT,cache/market.json.gz; SQLite corporate_actions/B3
CG_ONLY,BH padrão,2025-03-06,60746948000112,BBDC4,BBDC4_2025-03-06_DISTRIBUTION_506,122.26860565149099,,0.0,122.26860565149099,JCP Mensais,UNKNOWN,EX_DATE_ECONOMIC_REINVESTMENT,https://www.bradescori.com.br/informacoes-ao-mercado/remuneracao-aos-acionistas/
CG_ONLY,BH padrão,2025-03-24,84429695000111,WEGE3,WEGE3_2025-03-24_DISTRIBUTION_34,482.73678361526714,,0.0,482.73678361526714,JCP,UNKNOWN,EX_DATE_ECONOMIC_REINVESTMENT,cache/market.json.gz; SQLite corporate_actions/B3
CG_ONLY,BH padrão,2025-03-26,17155730000164,CMIG4,CMIG4_2025-03-26_DISTRIBUTION_381,1630.5410502081977,,0.0,1630.5410502081977,JCP,UNKNOWN,EX_DATE_ECONOMIC_REINVESTMENT,cache/market.json.gz; SQLite corporate_actions/B3
CG_ONLY,BH padrão,2025-03-28,02932074000191,HYPE3,HYPE3_2025-03-28_DISTRIBUTION_398,912.7040936273107,,0.0,912.7040936273107,JCP,UNKNOWN,EX_DATE_ECONOMIC_REINVESTMENT,cache/market.json.gz; SQLite corporate_actions/B3
CG_ONLY,BH padrão,2025-04-01,60872504000123,ITUB4,ITUB4_2025-04-01_DISTRIBUTION_119,70.86483245996003,,0.0,70.86483245996003,JCP,UNKNOWN,EX_DATE_ECONOMIC_REINVESTMENT,cache/market.json.gz; SQLite corporate_actions/B3
CG_ONLY,BH padrão,2025-04-01,60746948000112,BBDC4,BBDC4_2025-04-01_DISTRIBUTION_507,1470.4471454427312,,0.0,1470.4471454427312,JCP Intermediários,UNKNOWN,EX_DATE_ECONOMIC_REINVESTMENT,https://www.bradescori.com.br/informacoes-ao-mercado/remuneracao-aos-acionistas/
CG_ONLY,BH padrão,2025-04-02,60746948000112,BBDC4,BBDC4_2025-04-02_DISTRIBUTION_508,125.51929494223002,,0.0,125.51929494223002,JCP Mensais,UNKNOWN,EX_DATE_ECONOMIC_REINVESTMENT,https://www.bradescori.com.br/informacoes-ao-mercado/remuneracao-aos-acionistas/
CG_ONLY,BH padrão,2025-04-04,61585865000151,RADL3,RADL3_2025-04-04_DISTRIBUTION_445,320.7691648284573,,0.0,320.7691648284573,JCP,UNKNOWN,EX_DATE_ECONOMIC_REINVESTMENT,cache/market.json.gz; SQLite corporate_actions/B3
CG_ONLY,BH padrão,2025-04-24,02846056000197,CCRO3,CCRO3_2025-04-24_DISTRIBUTION_3,1215.8881999767066,,0.0,1215.8881999767066,CASH_DIVIDEND,UNKNOWN,EX_DATE_ECONOMIC_REINVESTMENT,cache/market.json.gz; SQLite corporate_actions/B3
CG_ONLY,BH padrão,2025-04-30,61585865000151,RADL3,RADL3_2025-04-30_DISTRIBUTION_444,283.46958940547927,,0.0,283.46958940547927,CASH_DIVIDEND,UNKNOWN,EX_DATE_ECONOMIC_REINVESTMENT,cache/market.json.gz; SQLite corporate_actions/B3
CG_ONLY,BH padrão,2025-05-02,60872504000123,ITUB4,ITUB4_2025-05-02_DISTRIBUTION_118,70.90466571769628,,0.0,70.90466571769628,JCP,UNKNOWN,EX_DATE_ECONOMIC_REINVESTMENT,cache/market.json.gz; SQLite corporate_actions/B3
CG_ONLY,BH padrão,2025-05-02,17155730000164,CMIG4,CMIG4_2025-05-02_DISTRIBUTION_380,5731.509266519141,,0.0,5731.509266519141,CASH_DIVIDEND,UNKNOWN,EX_DATE_ECONOMIC_REINVESTMENT,cache/market.json.gz; SQLite corporate_actions/B3
CG_ONLY,BH padrão,2025-05-05,60746948000112,BBDC4,BBDC4_2025-05-05_DISTRIBUTION_509,126.51939474118255,,0.0,126.51939474118255,JCP Mensais,UNKNOWN,EX_DATE_ECONOMIC_REINVESTMENT,https://www.bradescori.com.br/informacoes-ao-mercado/remuneracao-aos-acionistas/
CG_ONLY,BH padrão,2025-05-07,02474103000119,TBLE3,TBLE3_2025-05-07_DISTRIBUTION_336,2349.9026354809384,,0.0,2349.9026354809384,CASH_DIVIDEND,UNKNOWN,EX_DATE_ECONOMIC_REINVESTMENT,cache/market.json.gz; SQLite corporate_actions/B3
CG_ONLY,BH padrão,2025-06-02,60872504000123,ITUB4,ITUB4_2025-06-02_DISTRIBUTION_117,70.9399481352299,,0.0,70.9399481352299,JCP,UNKNOWN,EX_DATE_ECONOMIC_REINVESTMENT,cache/market.json.gz; SQLite corporate_actions/B3
CG_ONLY,BH padrão,2025-06-03,60746948000112,BBDC4,BBDC4_2025-06-03_DISTRIBUTION_510,127.08021835296508,,0.0,127.08021835296508,JCP Mensais,UNKNOWN,EX_DATE_ECONOMIC_REINVESTMENT,https://www.bradescori.com.br/informacoes-ao-mercado/remuneracao-aos-acionistas/
CG_ONLY,BH padrão,2025-06-10,60872504000123,ITUB4,ITUB4_2025-06-10_DISTRIBUTION_116,1343.4729210669996,,0.0,1343.4729210669996,JCP,UNKNOWN,EX_DATE_ECONOMIC_REINVESTMENT,cache/market.json.gz; SQLite corporate_actions/B3
CG_ONLY,BH padrão,2025-06-23,84429695000111,WEGE3,WEGE3_2025-06-23_DISTRIBUTION_33,563.5652387987653,,0.0,563.5652387987653,JCP,UNKNOWN,EX_DATE_ECONOMIC_REINVESTMENT,cache/market.json.gz; SQLite corporate_actions/B3
CG_ONLY,BH padrão,2025-06-24,17155730000164,CMIG4,CMIG4_2025-06-24_DISTRIBUTION_379,1872.7033528978718,,0.0,1872.7033528978718,JCP,UNKNOWN,EX_DATE_ECONOMIC_REINVESTMENT,cache/market.json.gz; SQLite corporate_actions/B3
CG_ONLY,BH padrão,2025-06-27,02932074000191,HYPE3,HYPE3_2025-06-27_DISTRIBUTION_397,955.2046279067994,,0.0,955.2046279067994,JCP,UNKNOWN,EX_DATE_ECONOMIC_REINVESTMENT,cache/market.json.gz; SQLite corporate_actions/B3
CG_ONLY,BH padrão,2025-07-01,60872504000123,ITUB4,ITUB4_2025-07-01_DISTRIBUTION_115,71.6323266896687,,0.0,71.6323266896687,JCP,UNKNOWN,EX_DATE_ECONOMIC_REINVESTMENT,cache/market.json.gz; SQLite corporate_actions/B3
CG_ONLY,BH padrão,2025-07-01,60746948000112,BBDC4,BBDC4_2025-07-01_DISTRIBUTION_511,1992.4713472121953,,0.0,1992.4713472121953,JCP Intermediários,UNKNOWN,EX_DATE_ECONOMIC_REINVESTMENT,https://www.bradescori.com.br/informacoes-ao-mercado/remuneracao-aos-acionistas/
CG_ONLY,BH padrão,2025-07-02,60746948000112,BBDC4,BBDC4_2025-07-02_DISTRIBUTION_512,129.89158725058422,,0.0,129.89158725058422,JCP Mensais,UNKNOWN,EX_DATE_ECONOMIC_REINVESTMENT,https://www.bradescori.com.br/informacoes-ao-mercado/remuneracao-aos-acionistas/
CG_ONLY,BH padrão,2025-07-04,61585865000151,RADL3,RADL3_2025-07-04_DISTRIBUTION_443,371.33036666091914,,0.0,371.33036666091914,JCP,UNKNOWN,EX_DATE_ECONOMIC_REINVESTMENT,cache/market.json.gz; SQLite corporate_actions/B3
CG_ONLY,BH padrão,2025-07-28,84429695000111,WEGE3,WEGE3_2025-07-28_DISTRIBUTION_32,1029.5891448146108,,0.0,1029.5891448146108,CASH_DIVIDEND,UNKNOWN,EX_DATE_ECONOMIC_REINVESTMENT,cache/market.json.gz; SQLite corporate_actions/B3
CG_ONLY,BH padrão,2025-08-01,60872504000123,ITUB4,ITUB4_2025-08-01_DISTRIBUTION_114,71.6664051415844,,0.0,71.6664051415844,JCP,UNKNOWN,EX_DATE_ECONOMIC_REINVESTMENT,cache/market.json.gz; SQLite corporate_actions/B3
CG_ONLY,BH padrão,2025-08-04,60746948000112,BBDC4,BBDC4_2025-08-04_DISTRIBUTION_513,130.42382782323472,,0.0,130.42382782323472,JCP Mensais,UNKNOWN,EX_DATE_ECONOMIC_REINVESTMENT,https://www.bradescori.com.br/informacoes-ao-mercado/remuneracao-aos-acionistas/
CG_ONLY,BH padrão,2025-08-06,02846056000197,CCRO3,CCRO3_2025-08-06_DISTRIBUTION_2,1408.2356655439862,,0.0,1408.2356655439862,CASH_DIVIDEND,UNKNOWN,EX_DATE_ECONOMIC_REINVESTMENT,cache/market.json.gz; SQLite corporate_actions/B3
CG_ONLY,BH padrão,2025-08-19,60872504000123,ITUB4,ITUB4_2025-08-19_DISTRIBUTION_113,1476.3020594342267,,0.0,1476.3020594342267,JCP,UNKNOWN,EX_DATE_ECONOMIC_REINVESTMENT,cache/market.json.gz; SQLite corporate_actions/B3
CG_ONLY,BH padrão,2025-08-22,02474103000119,TBLE3,TBLE3_2025-08-22_DISTRIBUTION_335,2430.2962469624567,,0.0,2430.2962469624567,CASH_DIVIDEND,UNKNOWN,EX_DATE_ECONOMIC_REINVESTMENT,cache/market.json.gz; SQLite corporate_actions/B3
CG_ONLY,BH padrão,2025-09-01,60872504000123,ITUB4,ITUB4_2025-09-01_DISTRIBUTION_112,72.4202365109634,,0.0,72.4202365109634,JCP,UNKNOWN,EX_DATE_ECONOMIC_REINVESTMENT,cache/market.json.gz; SQLite corporate_actions/B3
CG_ONLY,BH padrão,2025-09-02,60746948000112,BBDC4,BBDC4_2025-09-02_DISTRIBUTION_514,130.93966561473746,,0.0,130.93966561473746,JCP Mensais,UNKNOWN,EX_DATE_ECONOMIC_REINVESTMENT,https://www.bradescori.com.br/informacoes-ao-mercado/remuneracao-aos-acionistas/
CG_ONLY,BH padrão,2025-09-29,84429695000111,WEGE3,WEGE3_2025-09-29_DISTRIBUTION_31,665.0720085162424,,0.0,665.0720085162424,JCP,UNKNOWN,EX_DATE_ECONOMIC_REINVESTMENT,cache/market.json.gz; SQLite corporate_actions/B3
CG_ONLY,BH padrão,2025-09-29,02932074000191,HYPE3,HYPE3_2025-09-29_DISTRIBUTION_396,988.8965314537771,,0.0,988.8965314537771,JCP,UNKNOWN,EX_DATE_ECONOMIC_REINVESTMENT,cache/market.json.gz; SQLite corporate_actions/B3
CG_ONLY,BH padrão,2025-09-30,60746948000112,BBDC4,BBDC4_2025-09-30_DISTRIBUTION_515,2052.9816034160267,,0.0,2052.9816034160267,JCP Intermediários,UNKNOWN,EX_DATE_ECONOMIC_REINVESTMENT,https://www.bradescori.com.br/informacoes-ao-mercado/remuneracao-aos-acionistas/
CG_ONLY,BH padrão,2025-09-30,17155730000164,CMIG4,CMIG4_2025-09-30_DISTRIBUTION_378,1916.648029781934,,0.0,1916.648029781934,JCP,UNKNOWN,EX_DATE_ECONOMIC_REINVESTMENT,cache/market.json.gz; SQLite corporate_actions/B3
CG_ONLY,BH padrão,2025-10-01,60872504000123,ITUB4,ITUB4_2025-10-01_DISTRIBUTION_111,72.45319724264002,,0.0,72.45319724264002,JCP,UNKNOWN,EX_DATE_ECONOMIC_REINVESTMENT,cache/market.json.gz; SQLite corporate_actions/B3
CG_ONLY,BH padrão,2025-10-02,60746948000112,BBDC4,BBDC4_2025-10-02_DISTRIBUTION_516,133.556820419355,,0.0,133.556820419355,JCP Mensais,UNKNOWN,EX_DATE_ECONOMIC_REINVESTMENT,https://www.bradescori.com.br/informacoes-ao-mercado/remuneracao-aos-acionistas/
CG_ONLY,BH padrão,2025-10-06,61585865000151,RADL3,RADL3_2025-10-06_DISTRIBUTION_442,410.23413368046766,,0.0,410.23413368046766,JCP,UNKNOWN,EX_DATE_ECONOMIC_REINVESTMENT,cache/market.json.gz; SQLite corporate_actions/B3
CG_ONLY,BH padrão,2025-11-03,60872504000123,ITUB4,ITUB4_2025-11-03_DISTRIBUTION_110,72.48654271672953,,0.0,72.48654271672953,JCP,UNKNOWN,EX_DATE_ECONOMIC_REINVESTMENT,cache/market.json.gz; SQLite corporate_actions/B3
CG_ONLY,BH padrão,2025-11-04,60746948000112,BBDC4,BBDC4_2025-11-04_DISTRIBUTION_517,133.98980527008393,,0.0,133.98980527008393,JCP Mensais,UNKNOWN,EX_DATE_ECONOMIC_REINVESTMENT,https://www.bradescori.com.br/informacoes-ao-mercado/remuneracao-aos-acionistas/
CG_ONLY,BH padrão,2025-12-01,60872504000123,ITUB4,ITUB4_2025-12-01_DISTRIBUTION_109,72.51846356201273,,0.0,72.51846356201273,JCP,UNKNOWN,EX_DATE_ECONOMIC_REINVESTMENT,cache/market.json.gz; SQLite corporate_actions/B3
CG_ONLY,BH padrão,2025-12-02,60746948000112,BBDC4,BBDC4_2025-12-02_DISTRIBUTION_518,134.3930300940898,,0.0,134.3930300940898,JCP Mensais,UNKNOWN,EX_DATE_ECONOMIC_REINVESTMENT,https://www.bradescori.com.br/informacoes-ao-mercado/remuneracao-aos-acionistas/
CG_ONLY,BH padrão,2025-12-04,84429695000111,WEGE3,WEGE3_2025-12-04_DISTRIBUTION_29,673.4952650488583,,0.0,673.4952650488583,JCP,UNKNOWN,EX_DATE_ECONOMIC_REINVESTMENT,cache/market.json.gz; SQLite corporate_actions/B3
CG_ONLY,BH padrão,2025-12-04,84429695000111,WEGE3,WEGE3_2025-12-04_DISTRIBUTION_30,2067.7942033485983,,0.0,2067.7942033485983,CASH_DIVIDEND,UNKNOWN,EX_DATE_ECONOMIC_REINVESTMENT,cache/market.json.gz; SQLite corporate_actions/B3
CG_ONLY,BH padrão,2025-12-08,61585865000151,RADL3,RADL3_2025-12-08_DISTRIBUTION_440,384.9185039346734,,0.0,384.9185039346734,CASH_DIVIDEND,UNKNOWN,EX_DATE_ECONOMIC_REINVESTMENT,cache/market.json.gz; SQLite corporate_actions/B3
CG_ONLY,BH padrão,2025-12-08,61585865000151,RADL3,RADL3_2025-12-08_DISTRIBUTION_441,430.5165433650034,,0.0,430.5165433650034,JCP,UNKNOWN,EX_DATE_ECONOMIC_REINVESTMENT,cache/market.json.gz; SQLite corporate_actions/B3
CG_ONLY,BH padrão,2025-12-10,60872504000123,ITUB4,ITUB4_2025-12-10_DISTRIBUTION_107,7679.238564969266,,0.0,7679.238564969266,CASH_DIVIDEND,UNKNOWN,EX_DATE_ECONOMIC_REINVESTMENT,cache/market.json.gz; SQLite corporate_actions/B3
CG_ONLY,BH padrão,2025-12-10,60872504000123,ITUB4,ITUB4_2025-12-10_DISTRIBUTION_108,1519.839151641633,,0.0,1519.839151641633,JCP,UNKNOWN,EX_DATE_ECONOMIC_REINVESTMENT,cache/market.json.gz; SQLite corporate_actions/B3
CG_ONLY,BH padrão,2025-12-10,60872504000123,XPBR31,XPBR31_2025-12-10_DISTRIBUTION_690,60.01116240253905,,0.0,60.01116240253905,,UNKNOWN,EX_DATE_ECONOMIC_REINVESTMENT,https://www.sec.gov/Archives/edgar/data/1787425/000095010325014854/dp237494_ex9901.htm
CG_ONLY,BH padrão,2025-12-11,02846056000197,CCRO3,CCRO3_2025-12-11_DISTRIBUTION_1,1177.3319578438905,,0.0,1177.3319578438905,CASH_DIVIDEND,UNKNOWN,EX_DATE_ECONOMIC_REINVESTMENT,cache/market.json.gz; SQLite corporate_actions/B3
CG_ONLY,BH padrão,2025-12-19,02474103000119,TBLE3,TBLE3_2025-12-19_DISTRIBUTION_334,350.5276102313005,,0.0,350.5276102313005,JCP,UNKNOWN,EX_DATE_ECONOMIC_REINVESTMENT,cache/market.json.gz; SQLite corporate_actions/B3
CG_ONLY,BH padrão,2025-12-22,84429695000111,WEGE3,WEGE3_2025-12-22_DISTRIBUTION_28,2523.1191580867294,,0.0,2523.1191580867294,CASH_DIVIDEND,UNKNOWN,EX_DATE_ECONOMIC_REINVESTMENT,cache/market.json.gz; SQLite corporate_actions/B3
CG_ONLY,BH padrão,2025-12-23,17155730000164,CMIG4,CMIG4_2025-12-23_DISTRIBUTION_377,2670.2585942547503,,0.0,2670.2585942547503,CASH_DIVIDEND,UNKNOWN,EX_DATE_ECONOMIC_REINVESTMENT,cache/market.json.gz; SQLite corporate_actions/B3
CG_ONLY,BH padrão,2025-12-26,17155730000164,CMIG4,CMIG4_2025-12-26_DISTRIBUTION_376,2195.707512520876,,0.0,2195.707512520876,JCP,UNKNOWN,EX_DATE_ECONOMIC_REINVESTMENT,cache/market.json.gz; SQLite corporate_actions/B3
CG_ONLY,BH padrão,2025-12-29,02932074000191,HYPE3,HYPE3_2025-12-29_DISTRIBUTION_395,1031.624992228036,,0.0,1031.624992228036,JCP,UNKNOWN,EX_DATE_ECONOMIC_REINVESTMENT,cache/market.json.gz; SQLite corporate_actions/B3
CG_ONLY,BH padrão,2025-12-30,60746948000112,BBDC4,BBDC4_2025-12-30_DISTRIBUTION_519,2738.776623035716,,0.0,2738.776623035716,JCP Complementar,UNKNOWN,EX_DATE_ECONOMIC_REINVESTMENT,https://www.bradescori.com.br/informacoes-ao-mercado/remuneracao-aos-acionistas/
CG_ONLY,BH padrão,2026-01-02,60872504000123,ITUB4,ITUB4_2026-01-02_DISTRIBUTION_106,81.3463378460193,,0.0,81.3463378460193,JCP,UNKNOWN,EX_DATE_ECONOMIC_REINVESTMENT,cache/market.json.gz; SQLite corporate_actions/B3
CG_ONLY,BH padrão,2026-01-05,60746948000112,BBDC4,BBDC4_2026-01-05_DISTRIBUTION_497,137.71786372701683,,0.0,137.71786372701683,JCP Mensais,UNKNOWN,EX_DATE_ECONOMIC_REINVESTMENT,https://www.bradescori.com.br/informacoes-ao-mercado/remuneracao-aos-acionistas/
CG_ONLY,BH padrão,2026-02-02,60872504000123,ITUB4,ITUB4_2026-02-02_DISTRIBUTION_105,81.38411662289585,,0.0,81.38411662289585,JCP,UNKNOWN,EX_DATE_ECONOMIC_REINVESTMENT,cache/market.json.gz; SQLite corporate_actions/B3
CG_ONLY,BH padrão,2026-02-03,60746948000112,BBDC4,BBDC4_2026-02-03_DISTRIBUTION_498,138.04080383567933,,0.0,138.04080383567933,JCP Mensais,UNKNOWN,EX_DATE_ECONOMIC_REINVESTMENT,https://www.bradescori.com.br/informacoes-ao-mercado/remuneracao-aos-acionistas/
CG_ONLY,BH padrão,2026-03-02,60872504000123,ITUB4,ITUB4_2026-03-02_DISTRIBUTION_104,81.41636871549474,,0.0,81.41636871549474,JCP,UNKNOWN,EX_DATE_ECONOMIC_REINVESTMENT,cache/market.json.gz; SQLite corporate_actions/B3
CG_ONLY,BH padrão,2026-03-03,60746948000112,BBDC4,BBDC4_2026-03-03_DISTRIBUTION_499,138.333845989251,,0.0,138.333845989251,JCP Mensais,UNKNOWN,EX_DATE_ECONOMIC_REINVESTMENT,https://www.bradescori.com.br/informacoes-ao-mercado/remuneracao-aos-acionistas/
CG_ONLY,BH padrão,2026-03-20,60872504000123,ITUB4,ITUB4_2026-03-20_DISTRIBUTION_103,1562.852792943857,,0.0,1562.852792943857,JCP,UNKNOWN,EX_DATE_ECONOMIC_REINVESTMENT,cache/market.json.gz; SQLite corporate_actions/B3
CG_ONLY,BH padrão,2026-03-23,84429695000111,WEGE3,WEGE3_2026-03-23_DISTRIBUTION_27,617.2150629866043,,0.0,617.2150629866043,JCP,UNKNOWN,EX_DATE_ECONOMIC_REINVESTMENT,cache/market.json.gz; SQLite corporate_actions/B3
CG_ONLY,BH padrão,2026-03-25,17155730000164,CMIG4,CMIG4_2026-03-25_DISTRIBUTION_375,2155.3393479478086,,0.0,2155.3393479478086,JCP,UNKNOWN,EX_DATE_ECONOMIC_REINVESTMENT,cache/market.json.gz; SQLite corporate_actions/B3
CG_ONLY,BH padrão,2026-04-01,60872504000123,ITUB4,ITUB4_2026-04-01_DISTRIBUTION_102,82.13249933446778,,0.0,82.13249933446778,JCP,UNKNOWN,EX_DATE_ECONOMIC_REINVESTMENT,cache/market.json.gz; SQLite corporate_actions/B3
CG_ONLY,BH padrão,2026-04-01,02932074000191,HYPE3,HYPE3_2026-04-01_DISTRIBUTION_394,970.7017715682598,,0.0,970.7017715682598,JCP,UNKNOWN,EX_DATE_ECONOMIC_REINVESTMENT,cache/market.json.gz; SQLite corporate_actions/B3
CG_ONLY,BH padrão,2026-04-02,60746948000112,BBDC4,BBDC4_2026-04-02_DISTRIBUTION_501,138.7616714574581,,0.0,138.7616714574581,JCP Mensais,UNKNOWN,EX_DATE_ECONOMIC_REINVESTMENT,https://www.bradescori.com.br/informacoes-ao-mercado/remuneracao-aos-acionistas/
CG_ONLY,BH padrão,2026-04-07,60746948000112,BBDC4,BBDC4_2026-04-07_DISTRIBUTION_500,2176.577153755485,,0.0,2176.577153755485,JCP Intermediários,UNKNOWN,EX_DATE_ECONOMIC_REINVESTMENT,https://www.bradescori.com.br/informacoes-ao-mercado/remuneracao-aos-acionistas/
CG_ONLY,BH padrão,2026-04-07,61585865000151,RADL3,RADL3_2026-04-07_DISTRIBUTION_439,454.97907498715745,,0.0,454.97907498715745,JCP,UNKNOWN,EX_DATE_ECONOMIC_REINVESTMENT,cache/market.json.gz; SQLite corporate_actions/B3
CG_ONLY,BH padrão,2026-04-22,02846056000197,CCRO3,CCRO3_2026-04-22_DISTRIBUTION_0,507.5171623623289,,0.0,507.5171623623289,CASH_DIVIDEND,UNKNOWN,EX_DATE_ECONOMIC_REINVESTMENT,cache/market.json.gz; SQLite corporate_actions/B3
CG_ONLY,BH padrão,2026-05-04,60872504000123,ITUB4,ITUB4_2026-05-04_DISTRIBUTION_101,82.16657036122798,,0.0,82.16657036122798,JCP,UNKNOWN,EX_DATE_ECONOMIC_REINVESTMENT,cache/market.json.gz; SQLite corporate_actions/B3
CG_ONLY,BH padrão,2026-05-04,17155730000164,CMIG4,CMIG4_2026-05-04_DISTRIBUTION_374,2235.3425504126444,,0.0,2235.3425504126444,CASH_DIVIDEND,UNKNOWN,EX_DATE_ECONOMIC_REINVESTMENT,cache/market.json.gz; SQLite corporate_actions/B3
CG_ONLY,BH padrão,2026-05-05,60746948000112,BBDC4,BBDC4_2026-05-05_DISTRIBUTION_502,141.33741969883857,,0.0,141.33741969883857,JCP Mensais,UNKNOWN,EX_DATE_ECONOMIC_REINVESTMENT,https://www.bradescori.com.br/informacoes-ao-mercado/remuneracao-aos-acionistas/
CG_ONLY,BH padrão,2026-05-05,02474103000119,TBLE3,TBLE3_2026-05-05_DISTRIBUTION_333,1989.1404422992775,,0.0,1989.1404422992775,CASH_DIVIDEND,UNKNOWN,EX_DATE_ECONOMIC_REINVESTMENT,cache/market.json.gz; SQLite corporate_actions/B3
CG_ONLY,BH padrão,2026-06-01,60872504000123,ITUB4,ITUB4_2026-06-01_DISTRIBUTION_100,82.20180509194279,,0.0,82.20180509194279,JCP,UNKNOWN,EX_DATE_ECONOMIC_REINVESTMENT,cache/market.json.gz; SQLite corporate_actions/B3
CG_ONLY,BH padrão,2026-06-02,60746948000112,BBDC4,BBDC4_2026-06-02_DISTRIBUTION_503,141.77028385829885,,0.0,141.77028385829885,JCP Mensais,UNKNOWN,EX_DATE_ECONOMIC_REINVESTMENT,https://www.bradescori.com.br/informacoes-ao-mercado/remuneracao-aos-acionistas/
CG_ONLY,BH padrão,2026-06-10,60872504000123,XPBR31,XPBR31_2026-06-10_DISTRIBUTION_691,63.780472123490156,,0.0,63.780472123490156,,UNKNOWN,EX_DATE_ECONOMIC_REINVESTMENT,https://www.sec.gov/Archives/edgar/data/1787425/000095010326007333/dp246817_ex9901.htm
CG_ONLY,BH padrão,2026-06-19,60872504000123,ITUB4,ITUB4_2026-06-19_DISTRIBUTION_99,1636.8348187605184,,0.0,1636.8348187605184,JCP,UNKNOWN,EX_DATE_ECONOMIC_REINVESTMENT,cache/market.json.gz; SQLite corporate_actions/B3
CG_ONLY,BH padrão,2026-06-22,84429695000111,WEGE3,WEGE3_2026-06-22_DISTRIBUTION_26,645.1059266963905,,0.0,645.1059266963905,JCP,UNKNOWN,EX_DATE_ECONOMIC_REINVESTMENT,cache/market.json.gz; SQLite corporate_actions/B3
CG_ONLY,BH padrão,2026-06-24,17155730000164,CMIG4,CMIG4_2026-06-24_DISTRIBUTION_373,2104.7129470477157,,0.0,2104.7129470477157,JCP,UNKNOWN,EX_DATE_ECONOMIC_REINVESTMENT,cache/market.json.gz; SQLite corporate_actions/B3
CG_ONLY,BH padrão,2026-06-29,02932074000191,HYPE3,HYPE3_2026-06-29_DISTRIBUTION_393,1013.0780678218977,,0.0,1013.0780678218977,JCP,UNKNOWN,EX_DATE_ECONOMIC_REINVESTMENT,cache/market.json.gz; SQLite corporate_actions/B3
CG_ONLY,BESST-10 BH,2014-07-01,60872504000123,ITUB4,ITUB4_2014-07-01_DISTRIBUTION_295,4.6918986549890525,,0.0,4.6918986549890525,CASH_DIVIDEND,UNKNOWN,EX_DATE_ECONOMIC_REINVESTMENT,cache/market.json.gz; SQLite corporate_actions/B3
CG_ONLY,BESST-10 BH,2014-07-02,60746948000112,BBDC4,BBDC4_2014-07-02_DISTRIBUTION_332,6.623047094916804,,0.0,6.623047094916804,JCP,UNKNOWN,EX_DATE_ECONOMIC_REINVESTMENT,cache/market.json.gz; SQLite corporate_actions/B3
CG_ONLY,BESST-10 BH,2014-08-01,02558157000162,VIVT4,B00S_VIVT4_2014-08-01_DISTRIBUTION_82,62.64580052631808,,0.0,62.64580052631808,JCP,UNKNOWN,EX_DATE_ECONOMIC_REINVESTMENT,cache/market.json.gz; B3
CG_ONLY,BESST-10 BH,2014-08-01,60872504000123,ITUB4,ITUB4_2014-08-01_DISTRIBUTION_294,4.7948697687250625,,0.0,4.7948697687250625,CASH_DIVIDEND,UNKNOWN,EX_DATE_ECONOMIC_REINVESTMENT,cache/market.json.gz; SQLite corporate_actions/B3
CG_ONLY,BESST-10 BH,2014-08-04,60746948000112,BBDC4,BBDC4_2014-08-04_DISTRIBUTION_331,6.627340727570983,,0.0,6.627340727570983,JCP,UNKNOWN,EX_DATE_ECONOMIC_REINVESTMENT,cache/market.json.gz; SQLite corporate_actions/B3
CG_ONLY,BESST-10 BH,2014-08-14,60872504000123,ITUB4,ITUB4_2014-08-14_DISTRIBUTION_293,104.11251777519864,,0.0,104.11251777519864,JCP,UNKNOWN,EX_DATE_ECONOMIC_REINVESTMENT,cache/market.json.gz; SQLite corporate_actions/B3
CG_ONLY,BESST-10 BH,2014-08-19,17344597000194,BBSE3,PR5_BBSE3_2014-08-19_CASH_DIVIDEND,3.4017476722760716,,0.0,3.4017476722760716,,UNKNOWN,EX_DATE_ECONOMIC_REINVESTMENT,PR3 cache/market.json.gz; pre-existing B3 row; accepted next-session convention
CG_ONLY,BESST-10 BH,2014-09-01,02558157000162,VIVT4,B00S_VIVT4_2014-09-01_DISTRIBUTION_81,63.83930458314439,,0.0,63.83930458314439,JCP,UNKNOWN,EX_DATE_ECONOMIC_REINVESTMENT,cache/market.json.gz; B3
CG_ONLY,BESST-10 BH,2014-09-01,60872504000123,ITUB4,ITUB4_2014-09-01_DISTRIBUTION_292,4.841256002636068,,0.0,4.841256002636068,CASH_DIVIDEND,UNKNOWN,EX_DATE_ECONOMIC_REINVESTMENT,cache/market.json.gz; SQLite corporate_actions/B3
CG_ONLY,BESST-10 BH,2014-09-02,60746948000112,BBDC4,BBDC4_2014-09-02_DISTRIBUTION_330,6.6312159978519585,,0.0,6.6312159978519585,JCP,UNKNOWN,EX_DATE_ECONOMIC_REINVESTMENT,cache/market.json.gz; SQLite corporate_actions/B3
CG_ONLY,BESST-10 BH,2014-09-12,02474103000119,TBLE3,TBLE3_2014-09-12_DISTRIBUTION_372,220.99493500621168,,0.0,220.99493500621168,CASH_DIVIDEND,UNKNOWN,EX_DATE_ECONOMIC_REINVESTMENT,cache/market.json.gz; SQLite corporate_actions/B3
CG_ONLY,BESST-10 BH,2014-09-23,17281106000103,CSMG3,B00S_CSMG3_2014-09-23_DISTRIBUTION_60,77.60128239737708,,0.0,77.60128239737708,JCP,UNKNOWN,EX_DATE_ECONOMIC_REINVESTMENT,cache/market.json.gz; B3
CG_ONLY,BESST-10 BH,2014-10-01,02558157000162,VIVT4,B00S_VIVT4_2014-10-01_DISTRIBUTION_80,55.32045974318309,,0.0,55.32045974318309,JCP,UNKNOWN,EX_DATE_ECONOMIC_REINVESTMENT,cache/market.json.gz; B3
CG_ONLY,BESST-10 BH,2014-10-01,60872504000123,ITUB4,ITUB4_2014-10-01_DISTRIBUTION_291,4.843049060414822,,0.0,4.843049060414822,CASH_DIVIDEND,UNKNOWN,EX_DATE_ECONOMIC_REINVESTMENT,cache/market.json.gz; SQLite corporate_actions/B3
CG_ONLY,BESST-10 BH,2014-10-02,60746948000112,BBDC4,BBDC4_2014-10-02_DISTRIBUTION_329,6.634519602791342,,0.0,6.634519602791342,JCP,UNKNOWN,EX_DATE_ECONOMIC_REINVESTMENT,cache/market.json.gz; SQLite corporate_actions/B3
CG_ONLY,BESST-10 BH,2014-10-30,02149205000169,PSSA3,B00S_PSSA3_2014-10-30_DISTRIBUTION_67,219.33312028079442,,0.0,219.33312028079442,JCP,UNKNOWN,EX_DATE_ECONOMIC_REINVESTMENT,cache/market.json.gz; B3
CG_ONLY,BESST-10 BH,2014-11-03,02558157000162,VIVT4,B00S_VIVT4_2014-11-03_DISTRIBUTION_79,67.94576222791808,,0.0,67.94576222791808,JCP,UNKNOWN,EX_DATE_ECONOMIC_REINVESTMENT,cache/market.json.gz; B3
CG_ONLY,BESST-10 BH,2014-11-03,60872504000123,ITUB4,ITUB4_2014-11-03_DISTRIBUTION_290,4.845253117936249,,0.0,4.845253117936249,CASH_DIVIDEND,UNKNOWN,EX_DATE_ECONOMIC_REINVESTMENT,cache/market.json.gz; SQLite corporate_actions/B3
CG_ONLY,BESST-10 BH,2014-11-04,60746948000112,BBDC4,BBDC4_2014-11-04_DISTRIBUTION_328,6.6384876227035985,,0.0,6.6384876227035985,JCP,UNKNOWN,EX_DATE_ECONOMIC_REINVESTMENT,cache/market.json.gz; SQLite corporate_actions/B3
CG_ONLY,BESST-10 BH,2014-11-10,17155730000164,CMIG4,CMIG4_2014-11-10_DISTRIBUTION_637,633.7221203291374,,0.0,633.7221203291374,,UNKNOWN,EX_DATE_ECONOMIC_REINVESTMENT,https://api.mziq.com/mzfilemanager/v2/d/716a131f-9624-452c-9088-0cd6983c1349/a2eb9f5f-37e1-8913-c1eb-c4281b5e23b2?origin=2
CG_ONLY,BESST-10 BH,2014-11-11,02474103000119,TBLE3,TBLE3_2014-11-11_DISTRIBUTION_371,189.17601186281283,,0.0,189.17601186281283,CASH_DIVIDEND,UNKNOWN,EX_DATE_ECONOMIC_REINVESTMENT,cache/market.json.gz; SQLite corporate_actions/B3
CG_ONLY,BESST-10 BH,2014-11-26,02474103000119,TBLE3,TBLE3_2014-11-26_DISTRIBUTION_370,112.91066462907222,,0.0,112.91066462907222,JCP,UNKNOWN,EX_DATE_ECONOMIC_REINVESTMENT,cache/market.json.gz; SQLite corporate_actions/B3
CG_ONLY,BESST-10 BH,2014-12-01,02558157000162,VIVT4,B00S_VIVT4_2014-12-01_DISTRIBUTION_78,103.51757097597006,,0.0,103.51757097597006,JCP,UNKNOWN,EX_DATE_ECONOMIC_REINVESTMENT,cache/market.json.gz; B3
CG_ONLY,BESST-10 BH,2014-12-01,60872504000123,ITUB4,ITUB4_2014-12-01_DISTRIBUTION_289,4.847238877410813,,0.0,4.847238877410813,CASH_DIVIDEND,UNKNOWN,EX_DATE_ECONOMIC_REINVESTMENT,cache/market.json.gz; SQLite corporate_actions/B3
CG_ONLY,BESST-10 BH,2014-12-02,60746948000112,BBDC4,BBDC4_2014-12-02_DISTRIBUTION_327,6.642172667121567,,0.0,6.642172667121567,JCP,UNKNOWN,EX_DATE_ECONOMIC_REINVESTMENT,cache/market.json.gz; SQLite corporate_actions/B3
CG_ONLY,BESST-10 BH,2014-12-23,02149205000169,PSSA3,B00S_PSSA3_2014-12-23_DISTRIBUTION_66,76.49530014505918,,0.0,76.49530014505918,JCP,UNKNOWN,EX_DATE_ECONOMIC_REINVESTMENT,cache/market.json.gz; B3
CG_ONLY,BESST-10 BH,2014-12-23,60746948000112,BBDC4,BBDC4_2014-12-23_DISTRIBUTION_326,208.48397113027346,,0.0,208.48397113027346,JCP,UNKNOWN,EX_DATE_ECONOMIC_REINVESTMENT,cache/market.json.gz; SQLite corporate_actions/B3
CG_ONLY,BESST-10 BH,2014-12-29,17155730000164,CMIG4,CMIG4_2014-12-29_DISTRIBUTION_638,145.57782413875435,,0.0,145.57782413875435,,UNKNOWN,EX_DATE_ECONOMIC_REINVESTMENT,https://api.mziq.com/mzfilemanager/v2/d/716a131f-9624-452c-9088-0cd6983c1349/a2eb9f5f-37e1-8913-c1eb-c4281b5e23b2?origin=2
CG_ONLY,BESST-10 BH,2015-01-02,02558157000162,VIVT4,B00S_VIVT4_2015-01-02_DISTRIBUTION_77,107.15309595806053,,0.0,107.15309595806053,JCP,UNKNOWN,EX_DATE_ECONOMIC_REINVESTMENT,cache/market.json.gz; B3
CG_ONLY,BESST-10 BH,2015-01-02,60872504000123,ITUB4,ITUB4_2015-01-02_DISTRIBUTION_288,4.849205037041997,,0.0,4.849205037041997,CASH_DIVIDEND,UNKNOWN,EX_DATE_ECONOMIC_REINVESTMENT,cache/market.json.gz; SQLite corporate_actions/B3
CG_ONLY,BESST-10 BH,2015-01-05,60746948000112,BBDC4,BBDC4_2015-01-05_DISTRIBUTION_325,6.766385278588644,,0.0,6.766385278588644,JCP,UNKNOWN,EX_DATE_ECONOMIC_REINVESTMENT,cache/market.json.gz; SQLite corporate_actions/B3
CG_ONLY,BESST-10 BH,2015-02-02,60872504000123,ITUB4,ITUB4_2015-02-02_DISTRIBUTION_287,4.851355142733857,,0.0,4.851355142733857,CASH_DIVIDEND,UNKNOWN,EX_DATE_ECONOMIC_REINVESTMENT,cache/market.json.gz; SQLite corporate_actions/B3
CG_ONLY,BESST-10 BH,2015-02-03,60746948000112,BBDC4,BBDC4_2015-02-03_DISTRIBUTION_324,6.770462797106615,,0.0,6.770462797106615,JCP,UNKNOWN,EX_DATE_ECONOMIC_REINVESTMENT,cache/market.json.gz; SQLite corporate_actions/B3
CG_ONLY,BESST-10 BH,2015-02-10,60746948000112,BBDC4,BBDC4_2015-02-10_DISTRIBUTION_323,51.535059074577596,,0.0,51.535059074577596,CASH_DIVIDEND,UNKNOWN,EX_DATE_ECONOMIC_REINVESTMENT,cache/market.json.gz; SQLite corporate_actions/B3
CG_ONLY,BESST-10 BH,2015-02-11,02558157000162,VIVT4,B00S_VIVT4_2015-02-11_DISTRIBUTION_76,625.651688504191,,0.0,625.651688504191,CASH_DIVIDEND,UNKNOWN,EX_DATE_ECONOMIC_REINVESTMENT,cache/market.json.gz; B3
CG_ONLY,BESST-10 BH,2015-02-11,60872504000123,ITUB4,ITUB4_2015-02-11_DISTRIBUTION_285,99.10926895580842,,0.0,99.10926895580842,CASH_DIVIDEND,UNKNOWN,EX_DATE_ECONOMIC_REINVESTMENT,cache/market.json.gz; SQLite corporate_actions/B3
CG_ONLY,BESST-10 BH,2015-02-11,60872504000123,ITUB4,ITUB4_2015-02-11_DISTRIBUTION_286,174.08026999094002,,0.0,174.08026999094002,JCP,UNKNOWN,EX_DATE_ECONOMIC_REINVESTMENT,cache/market.json.gz; SQLite corporate_actions/B3
CG_ONLY,BESST-10 BH,2015-02-13,17344597000194,BBSE3,PR5_BBSE3_2015-02-13_CASH_DIVIDEND,4.73205569946366,,0.0,4.73205569946366,,UNKNOWN,EX_DATE_ECONOMIC_REINVESTMENT,PR3 cache/market.json.gz; pre-existing B3 row; accepted next-session convention
CG_ONLY,BESST-10 BH,2015-03-02,60872504000123,ITUB4,ITUB4_2015-03-02_DISTRIBUTION_284,4.975935872981392,,0.0,4.975935872981392,CASH_DIVIDEND,UNKNOWN,EX_DATE_ECONOMIC_REINVESTMENT,cache/market.json.gz; SQLite corporate_actions/B3
CG_ONLY,BESST-10 BH,2015-03-03,60746948000112,BBDC4,BBDC4_2015-03-03_DISTRIBUTION_322,6.804702146787879,,0.0,6.804702146787879,JCP,UNKNOWN,EX_DATE_ECONOMIC_REINVESTMENT,cache/market.json.gz; SQLite corporate_actions/B3
CG_ONLY,BESST-10 BH,2015-03-25,17281106000103,CSMG3,B00S_CSMG3_2015-03-25_DISTRIBUTION_59,11.182399318666684,,0.0,11.182399318666684,JCP,UNKNOWN,EX_DATE_ECONOMIC_REINVESTMENT,cache/market.json.gz; B3
CG_ONLY,BESST-10 BH,2015-03-30,02149205000169,PSSA3,B00S_PSSA3_2015-03-30_DISTRIBUTION_65,239.91285586755478,,0.0,239.91285586755478,CASH_DIVIDEND,UNKNOWN,EX_DATE_ECONOMIC_REINVESTMENT,cache/market.json.gz; B3
CG_ONLY,BESST-10 BH,2015-04-01,60872504000123,ITUB4,ITUB4_2015-04-01_DISTRIBUTION_283,4.9779909125765105,,0.0,4.9779909125765105,CASH_DIVIDEND,UNKNOWN,EX_DATE_ECONOMIC_REINVESTMENT,cache/market.json.gz; SQLite corporate_actions/B3
CG_ONLY,BESST-10 BH,2015-04-02,60746948000112,BBDC4,BBDC4_2015-04-02_DISTRIBUTION_321,7.537931663088461,,0.0,7.537931663088461,JCP,UNKNOWN,EX_DATE_ECONOMIC_REINVESTMENT,cache/market.json.gz; SQLite corporate_actions/B3
CG_ONLY,BESST-10 BH,2015-04-07,43776517000180,SBSP3,B00S_SBSP3_2015-04-07_DISTRIBUTION_68,259.2325017595882,,0.0,259.2325017595882,JCP,UNKNOWN,EX_DATE_ECONOMIC_REINVESTMENT,cache/market.json.gz; B3
CG_ONLY,BESST-10 BH,2015-04-10,02558157000162,VIVT4,B00S_VIVT4_2015-04-10_DISTRIBUTION_75,4.440171043468229,,0.0,4.440171043468229,CASH_DIVIDEND,UNKNOWN,EX_DATE_ECONOMIC_REINVESTMENT,cache/market.json.gz; B3
CG_ONLY,BESST-10 BH,2015-05-04,17155730000164,CMIG4,CMIG4_2015-05-04_DISTRIBUTION_639,406.78799140338066,,0.0,406.78799140338066,,UNKNOWN,EX_DATE_ECONOMIC_REINVESTMENT,https://api.mziq.com/mzfilemanager/v2/d/716a131f-9624-452c-9088-0cd6983c1349/a2eb9f5f-37e1-8913-c1eb-c4281b5e23b2?origin=2
CG_ONLY,BESST-10 BH,2015-05-04,60872504000123,ITUB4,ITUB4_2015-05-04_DISTRIBUTION_282,5.005455113025072,,0.0,5.005455113025072,CASH_DIVIDEND,UNKNOWN,EX_DATE_ECONOMIC_REINVESTMENT,cache/market.json.gz; SQLite corporate_actions/B3
CG_ONLY,BESST-10 BH,2015-05-05,60746948000112,BBDC4,BBDC4_2015-05-05_DISTRIBUTION_320,7.582077986742986,,0.0,7.582077986742986,JCP,UNKNOWN,EX_DATE_ECONOMIC_REINVESTMENT,cache/market.json.gz; SQLite corporate_actions/B3
CG_ONLY,BESST-10 BH,2015-05-11,02474103000119,TBLE3,TBLE3_2015-05-11_DISTRIBUTION_369,92.06528086056733,,0.0,92.06528086056733,CASH_DIVIDEND,UNKNOWN,EX_DATE_ECONOMIC_REINVESTMENT,cache/market.json.gz; SQLite corporate_actions/B3
CG_ONLY,BESST-10 BH,2015-05-12,17281106000103,CSMG3,B00S_CSMG3_2015-05-12_DISTRIBUTION_58,24.633306417072703,,0.0,24.633306417072703,JCP,UNKNOWN,EX_DATE_ECONOMIC_REINVESTMENT,cache/market.json.gz; B3
CG_ONLY,BESST-10 BH,2015-05-13,02558115000121,TIMP3,B00S_TIMP3_2015-05-13_DISTRIBUTION_85,180.96558104230155,,0.0,180.96558104230155,,UNKNOWN,EX_DATE_ECONOMIC_REINVESTMENT,"originals/tim_2015_ago.pdf.gz; 2015-04-14 AGM, record 2015-05-12"
CG_ONLY,BESST-10 BH,2015-05-26,02558157000162,VIVT4,B00S_VIVT4_2015-05-26_DISTRIBUTION_73,48.9373236181452,,0.0,48.9373236181452,CASH_DIVIDEND,UNKNOWN,EX_DATE_ECONOMIC_REINVESTMENT,cache/market.json.gz; B3
CG_ONLY,BESST-10 BH,2015-05-26,02558157000162,VIVT4,B00S_VIVT4_2015-05-26_DISTRIBUTION_74,93.34341356852457,,0.0,93.34341356852457,JCP,UNKNOWN,EX_DATE_ECONOMIC_REINVESTMENT,cache/market.json.gz; B3
CG_ONLY,BESST-10 BH,2015-06-01,60872504000123,ITUB4,ITUB4_2015-06-01_DISTRIBUTION_281,5.007382759410063,,0.0,5.007382759410063,CASH_DIVIDEND,UNKNOWN,EX_DATE_ECONOMIC_REINVESTMENT,cache/market.json.gz; SQLite corporate_actions/B3
CG_ONLY,BESST-10 BH,2015-06-02,60746948000112,BBDC4,BBDC4_2015-06-02_DISTRIBUTION_319,7.907780368072088,,0.0,7.907780368072088,JCP,UNKNOWN,EX_DATE_ECONOMIC_REINVESTMENT,cache/market.json.gz; SQLite corporate_actions/B3
CG_ONLY,BESST-10 BH,2015-06-23,60746948000112,BBDC4,BBDC4_2015-06-23_DISTRIBUTION_318,79.18981430989024,,0.0,79.18981430989024,CASH_DIVIDEND,UNKNOWN,EX_DATE_ECONOMIC_REINVESTMENT,cache/market.json.gz; SQLite corporate_actions/B3
CG_ONLY,BESST-10 BH,2015-07-01,60872504000123,ITUB4,ITUB4_2015-07-01_DISTRIBUTION_280,5.196575889288661,,0.0,5.196575889288661,CASH_DIVIDEND,UNKNOWN,EX_DATE_ECONOMIC_REINVESTMENT,cache/market.json.gz; SQLite corporate_actions/B3
CG_ONLY,BESST-10 BH,2015-07-02,60746948000112,BBDC4,BBDC4_2015-07-02_DISTRIBUTION_317,8.072305554967242,,0.0,8.072305554967242,JCP,UNKNOWN,EX_DATE_ECONOMIC_REINVESTMENT,cache/market.json.gz; SQLite corporate_actions/B3
CG_ONLY,BESST-10 BH,2015-08-03,02558157000162,VIVT4,CONT_2802_VIVT4_2015-08-03,36.92904770525688,,0.0,36.92904770525688,,UNKNOWN,EX_DATE_ECONOMIC_REINVESTMENT,cache/market.json.gz; B3
CG_ONLY,BESST-10 BH,2015-08-03,60872504000123,ITUB4,ITUB4_2015-08-03_DISTRIBUTION_279,5.792920907913901,,0.0,5.792920907913901,CASH_DIVIDEND,UNKNOWN,EX_DATE_ECONOMIC_REINVESTMENT,cache/market.json.gz; SQLite corporate_actions/B3
CG_ONLY,BESST-10 BH,2015-08-04,60746948000112,BBDC4,BBDC4_2015-08-04_DISTRIBUTION_316,8.261459695245447,,0.0,8.261459695245447,JCP,UNKNOWN,EX_DATE_ECONOMIC_REINVESTMENT,cache/market.json.gz; SQLite corporate_actions/B3
CG_ONLY,BESST-10 BH,2015-08-12,17281106000103,CSMG3,CONT_994_CSMG3_2015-08-12,7.57616972880722,,0.0,7.57616972880722,,UNKNOWN,EX_DATE_ECONOMIC_REINVESTMENT,cache/market.json.gz; B3
CG_ONLY,BESST-10 BH,2015-08-13,17344597000194,BBSE3,CONT_277_BBSE3_2015-08-13,6.678445672868357,,0.0,6.678445672868357,,UNKNOWN,EX_DATE_ECONOMIC_REINVESTMENT,cache/market.json.gz; B3
CG_ONLY,BESST-10 BH,2015-08-13,60872504000123,ITUB4,ITUB4_2015-08-13_DISTRIBUTION_278,135.42625152381783,,0.0,135.42625152381783,JCP,UNKNOWN,EX_DATE_ECONOMIC_REINVESTMENT,cache/market.json.gz; SQLite corporate_actions/B3
CG_ONLY,BESST-10 BH,2015-08-21,02474103000119,TBLE3,TBLE3_2015-08-21_DISTRIBUTION_368,169.6787338199608,,0.0,169.6787338199608,CASH_DIVIDEND,UNKNOWN,EX_DATE_ECONOMIC_REINVESTMENT,cache/market.json.gz; SQLite corporate_actions/B3
CG_ONLY,BESST-10 BH,2015-09-01,02558157000162,VIVT4,CONT_2801_VIVT4_2015-09-01,39.724519725509765,,0.0,39.724519725509765,,UNKNOWN,EX_DATE_ECONOMIC_REINVESTMENT,cache/market.json.gz; B3
CG_ONLY,BESST-10 BH,2015-09-01,60872504000123,ITUB4,ITUB4_2015-09-01_DISTRIBUTION_277,5.947162432151031,,0.0,5.947162432151031,CASH_DIVIDEND,UNKNOWN,EX_DATE_ECONOMIC_REINVESTMENT,cache/market.json.gz; SQLite corporate_actions/B3
CG_ONLY,BESST-10 BH,2015-09-02,60746948000112,BBDC4,BBDC4_2015-09-02_DISTRIBUTION_315,8.53368363983399,,0.0,8.53368363983399,JCP,UNKNOWN,EX_DATE_ECONOMIC_REINVESTMENT,cache/market.json.gz; SQLite corporate_actions/B3
CG_ONLY,BESST-10 BH,2015-10-01,02558157000162,VIVT4,CONT_2800_VIVT4_2015-10-01,24.72877830038648,,0.0,24.72877830038648,,UNKNOWN,EX_DATE_ECONOMIC_REINVESTMENT,cache/market.json.gz; B3
CG_ONLY,BESST-10 BH,2015-10-01,60872504000123,ITUB4,ITUB4_2015-10-01_DISTRIBUTION_276,6.014977354346229,,0.0,6.014977354346229,CASH_DIVIDEND,UNKNOWN,EX_DATE_ECONOMIC_REINVESTMENT,cache/market.json.gz; SQLite corporate_actions/B3
CG_ONLY,BESST-10 BH,2015-10-02,60746948000112,BBDC4,BBDC4_2015-10-02_DISTRIBUTION_314,8.876536608502922,,0.0,8.876536608502922,JCP,UNKNOWN,EX_DATE_ECONOMIC_REINVESTMENT,cache/market.json.gz; SQLite corporate_actions/B3
CG_ONLY,BESST-10 BH,2015-10-29,02149205000169,PSSA3,CONT_2161_PSSA3_2015-10-29,303.346279528746,,0.0,303.346279528746,,UNKNOWN,EX_DATE_ECONOMIC_REINVESTMENT,cache/market.json.gz; B3
CG_ONLY,BESST-10 BH,2015-11-03,02558157000162,VIVT4,CONT_2799_VIVT4_2015-11-03,15.092213970475122,,0.0,15.092213970475122,,UNKNOWN,EX_DATE_ECONOMIC_REINVESTMENT,cache/market.json.gz; B3
CG_ONLY,BESST-10 BH,2015-11-03,60872504000123,ITUB4,ITUB4_2015-11-03_DISTRIBUTION_275,6.018333926530573,,0.0,6.018333926530573,CASH_DIVIDEND,UNKNOWN,EX_DATE_ECONOMIC_REINVESTMENT,cache/market.json.gz; SQLite corporate_actions/B3
CG_ONLY,BESST-10 BH,2015-11-04,60746948000112,BBDC4,BBDC4_2015-11-04_DISTRIBUTION_313,9.470124253389534,,0.0,9.470124253389534,JCP,UNKNOWN,EX_DATE_ECONOMIC_REINVESTMENT,cache/market.json.gz; SQLite corporate_actions/B3
CG_ONLY,BESST-10 BH,2015-11-12,17281106000103,CSMG3,CONT_993_CSMG3_2015-11-12,20.05666090472707,,0.0,20.05666090472707,,UNKNOWN,EX_DATE_ECONOMIC_REINVESTMENT,cache/market.json.gz; B3
CG_ONLY,BESST-10 BH,2015-11-24,02474103000119,TBLE3,TBLE3_2015-11-24_DISTRIBUTION_367,173.60160507183966,,0.0,173.60160507183966,JCP,UNKNOWN,EX_DATE_ECONOMIC_REINVESTMENT,cache/market.json.gz; SQLite corporate_actions/B3
CG_ONLY,BESST-10 BH,2015-12-01,02558157000162,VIVT4,CONT_2798_VIVT4_2015-12-01,40.8610319469403,,0.0,40.8610319469403,,UNKNOWN,EX_DATE_ECONOMIC_REINVESTMENT,cache/market.json.gz; B3
CG_ONLY,BESST-10 BH,2015-12-01,60872504000123,ITUB4,ITUB4_2015-12-01_DISTRIBUTION_274,6.182523765770789,,0.0,6.182523765770789,CASH_DIVIDEND,UNKNOWN,EX_DATE_ECONOMIC_REINVESTMENT,cache/market.json.gz; SQLite corporate_actions/B3
CG_ONLY,BESST-10 BH,2015-12-02,60746948000112,BBDC4,BBDC4_2015-12-02_DISTRIBUTION_312,9.85951658408099,,0.0,9.85951658408099,JCP,UNKNOWN,EX_DATE_ECONOMIC_REINVESTMENT,cache/market.json.gz; SQLite corporate_actions/B3
CG_ONLY,BESST-10 BH,2015-12-10,60872504000123,ITUB4,ITUB4_2015-12-10_DISTRIBUTION_273,87.26123535871635,,0.0,87.26123535871635,JCP,UNKNOWN,EX_DATE_ECONOMIC_REINVESTMENT,cache/market.json.gz; SQLite corporate_actions/B3
CG_ONLY,BESST-10 BH,2015-12-14,02149205000169,PSSA3,CONT_2160_PSSA3_2015-12-14,124.7321342836196,,0.0,124.7321342836196,,UNKNOWN,EX_DATE_ECONOMIC_REINVESTMENT,cache/market.json.gz; B3
CG_ONLY,BESST-10 BH,2015-12-17,60746948000112,BBDC4,BBDC4_2015-12-17_DISTRIBUTION_311,439.1967465120138,,0.0,439.1967465120138,JCP,UNKNOWN,EX_DATE_ECONOMIC_REINVESTMENT,cache/market.json.gz; SQLite corporate_actions/B3
CG_ONLY,BESST-10 BH,2016-01-04,02558157000162,VIVT4,CONT_2797_VIVT4_2016-01-04,54.79478436034497,,0.0,54.79478436034497,,UNKNOWN,EX_DATE_ECONOMIC_REINVESTMENT,cache/market.json.gz; B3
CG_ONLY,BESST-10 BH,2016-01-04,17155730000164,CMIG4,CMIG4_2016-01-04_DISTRIBUTION_640,251.11443798931487,,0.0,251.11443798931487,,UNKNOWN,EX_DATE_ECONOMIC_REINVESTMENT,https://api.mziq.com/mzfilemanager/v2/d/716a131f-9624-452c-9088-0cd6983c1349/a2eb9f5f-37e1-8913-c1eb-c4281b5e23b2?origin=2
CG_ONLY,BESST-10 BH,2016-01-04,60872504000123,ITUB4,ITUB4_2016-01-04_DISTRIBUTION_272,6.308216648028814,,0.0,6.308216648028814,CASH_DIVIDEND,UNKNOWN,EX_DATE_ECONOMIC_REINVESTMENT,cache/market.json.gz; SQLite corporate_actions/B3
CG_ONLY,BESST-10 BH,2016-01-05,60746948000112,BBDC4,BBDC4_2016-01-05_DISTRIBUTION_310,10.589329388168046,,0.0,10.589329388168046,JCP,UNKNOWN,EX_DATE_ECONOMIC_REINVESTMENT,cache/market.json.gz; SQLite corporate_actions/B3
CG_ONLY,BESST-10 BH,2016-02-01,60872504000123,ITUB4,ITUB4_2016-02-01_DISTRIBUTION_271,6.446557530121321,,0.0,6.446557530121321,CASH_DIVIDEND,UNKNOWN,EX_DATE_ECONOMIC_REINVESTMENT,cache/market.json.gz; SQLite corporate_actions/B3
CG_ONLY,BESST-10 BH,2016-02-02,60746948000112,BBDC4,BBDC4_2016-02-02_DISTRIBUTION_309,11.011116765935013,,0.0,11.011116765935013,JCP,UNKNOWN,EX_DATE_ECONOMIC_REINVESTMENT,cache/market.json.gz; SQLite corporate_actions/B3
CG_ONLY,BESST-10 BH,2016-02-19,60872504000123,ITUB4,ITUB4_2016-02-19_DISTRIBUTION_269,86.9796370427276,,0.0,86.9796370427276,CASH_DIVIDEND,UNKNOWN,EX_DATE_ECONOMIC_REINVESTMENT,cache/market.json.gz; SQLite corporate_actions/B3
CG_ONLY,BESST-10 BH,2016-02-19,60872504000123,ITUB4,ITUB4_2016-02-19_DISTRIBUTION_270,200.49245629444886,,0.0,200.49245629444886,JCP,UNKNOWN,EX_DATE_ECONOMIC_REINVESTMENT,cache/market.json.gz; SQLite corporate_actions/B3
CG_ONLY,BESST-10 BH,2016-02-24,17344597000194,BBSE3,CONT_276_BBSE3_2016-02-24,8.812016441302584,,0.0,8.812016441302584,,UNKNOWN,EX_DATE_ECONOMIC_REINVESTMENT,cache/market.json.gz; B3
CG_ONLY,BESST-10 BH,2016-03-01,02558157000162,VIVT4,CONT_2796_VIVT4_2016-03-01,38.52119104854101,,0.0,38.52119104854101,,UNKNOWN,EX_DATE_ECONOMIC_REINVESTMENT,cache/market.json.gz; B3
CG_ONLY,BESST-10 BH,2016-03-01,60872504000123,ITUB4,ITUB4_2016-03-01_DISTRIBUTION_268,6.767037699328762,,0.0,6.767037699328762,CASH_DIVIDEND,UNKNOWN,EX_DATE_ECONOMIC_REINVESTMENT,cache/market.json.gz; SQLite corporate_actions/B3
CG_ONLY,BESST-10 BH,2016-03-02,60746948000112,BBDC4,BBDC4_2016-03-02_DISTRIBUTION_308,11.036256475377582,,0.0,11.036256475377582,JCP,UNKNOWN,EX_DATE_ECONOMIC_REINVESTMENT,cache/market.json.gz; SQLite corporate_actions/B3
CG_ONLY,BESST-10 BH,2016-03-30,02149205000169,PSSA3,CONT_2159_PSSA3_2016-03-30,62.95598777972093,,0.0,62.95598777972093,,UNKNOWN,EX_DATE_ECONOMIC_REINVESTMENT,cache/market.json.gz; B3
CG_ONLY,BESST-10 BH,2016-04-01,02558157000162,VIVT4,CONT_2795_VIVT4_2016-04-01,65.78713752582206,,0.0,65.78713752582206,,UNKNOWN,EX_DATE_ECONOMIC_REINVESTMENT,cache/market.json.gz; B3
CG_ONLY,BESST-10 BH,2016-04-01,60872504000123,ITUB4,ITUB4_2016-04-01_DISTRIBUTION_267,6.904071530893295,,0.0,6.904071530893295,CASH_DIVIDEND,UNKNOWN,EX_DATE_ECONOMIC_REINVESTMENT,cache/market.json.gz; SQLite corporate_actions/B3
CG_ONLY,BESST-10 BH,2016-04-04,60746948000112,BBDC4,BBDC4_2016-04-04_DISTRIBUTION_307,11.045605174426479,,0.0,11.045605174426479,JCP,UNKNOWN,EX_DATE_ECONOMIC_REINVESTMENT,cache/market.json.gz; SQLite corporate_actions/B3
CG_ONLY,BESST-10 BH,2016-04-06,43776517000180,SBSP3,CONT_2263_SBSP3_2016-04-06,160.69951107881246,,0.0,160.69951107881246,,UNKNOWN,EX_DATE_ECONOMIC_REINVESTMENT,cache/market.json.gz; B3
CG_ONLY,BESST-10 BH,2016-04-13,02558115000121,TIMP3,TIMP_GROSS_2016-04-13,331.6600050243907,,0.0,331.6600050243907,,UNKNOWN,EX_DATE_ECONOMIC_REINVESTMENT,research/graham_v6_comparison/audit_v13_inputs/documents/TIM_DIV.html.gz
CG_ONLY,BESST-10 BH,2016-04-29,02558157000162,VIVT4,CONT_2794_VIVT4_2016-04-29,256.35055173808365,,0.0,256.35055173808365,,UNKNOWN,EX_DATE_ECONOMIC_REINVESTMENT,cache/market.json.gz; B3
CG_ONLY,BESST-10 BH,2016-05-02,02558157000162,VIVT4,CONT_2793_VIVT4_2016-05-02,44.62633786869815,,0.0,44.62633786869815,,UNKNOWN,EX_DATE_ECONOMIC_REINVESTMENT,cache/market.json.gz; B3
CG_ONLY,BESST-10 BH,2016-05-02,17155730000164,CMIG4,CMIG4_2016-05-02_DISTRIBUTION_641,643.0805030422999,,0.0,643.0805030422999,,UNKNOWN,EX_DATE_ECONOMIC_REINVESTMENT,https://api.mziq.com/mzfilemanager/v2/d/716a131f-9624-452c-9088-0cd6983c1349/a2eb9f5f-37e1-8913-c1eb-c4281b5e23b2?origin=2
CG_ONLY,BESST-10 BH,2016-05-02,60872504000123,ITUB4,ITUB4_2016-05-02_DISTRIBUTION_266,6.998802097458452,,0.0,6.998802097458452,CASH_DIVIDEND,UNKNOWN,EX_DATE_ECONOMIC_REINVESTMENT,cache/market.json.gz; SQLite corporate_actions/B3
CG_ONLY,BESST-10 BH,2016-05-03,60746948000112,BBDC4,BBDC4_2016-05-03_DISTRIBUTION_306,12.158842661132267,,0.0,12.158842661132267,JCP,UNKNOWN,EX_DATE_ECONOMIC_REINVESTMENT,cache/market.json.gz; SQLite corporate_actions/B3
CG_ONLY,BESST-10 BH,2016-05-11,02474103000119,TBLE3,TBLE3_2016-05-11_DISTRIBUTION_366,123.55997896837135,,0.0,123.55997896837135,CASH_DIVIDEND,UNKNOWN,EX_DATE_ECONOMIC_REINVESTMENT,cache/market.json.gz; SQLite corporate_actions/B3
CG_ONLY,BESST-10 BH,2016-05-12,17281106000103,CSMG3,CONT_992_CSMG3_2016-05-12,198.80178532339198,,0.0,198.80178532339198,,UNKNOWN,EX_DATE_ECONOMIC_REINVESTMENT,cache/market.json.gz; B3
CG_ONLY,BESST-10 BH,2016-06-01,60872504000123,ITUB4,ITUB4_2016-06-01_DISTRIBUTION_265,7.071222210160422,,0.0,7.071222210160422,CASH_DIVIDEND,UNKNOWN,EX_DATE_ECONOMIC_REINVESTMENT,cache/market.json.gz; SQLite corporate_actions/B3
CG_ONLY,BESST-10 BH,2016-06-02,60746948000112,BBDC4,BBDC4_2016-06-02_DISTRIBUTION_305,12.22494836713645,,0.0,12.22494836713645,JCP,UNKNOWN,EX_DATE_ECONOMIC_REINVESTMENT,cache/market.json.gz; SQLite corporate_actions/B3
CG_ONLY,BESST-10 BH,2016-06-23,60746948000112,BBDC4,BBDC4_2016-06-23_DISTRIBUTION_304,122.36536294275318,,0.0,122.36536294275318,JCP,UNKNOWN,EX_DATE_ECONOMIC_REINVESTMENT,cache/market.json.gz; SQLite corporate_actions/B3
CG_ONLY,BESST-10 BH,2016-07-01,02558157000162,VIVT4,CONT_2792_VIVT4_2016-07-01,33.83049416577376,,0.0,33.83049416577376,,UNKNOWN,EX_DATE_ECONOMIC_REINVESTMENT,cache/market.json.gz; B3
CG_ONLY,BESST-10 BH,2016-07-01,60872504000123,ITUB4,ITUB4_2016-07-01_DISTRIBUTION_264,7.190366821835869,,0.0,7.190366821835869,CASH_DIVIDEND,UNKNOWN,EX_DATE_ECONOMIC_REINVESTMENT,cache/market.json.gz; SQLite corporate_actions/B3
CG_ONLY,BESST-10 BH,2016-07-04,60746948000112,BBDC4,BBDC4_2016-07-04_DISTRIBUTION_303,12.366823863833705,,0.0,12.366823863833705,JCP,UNKNOWN,EX_DATE_ECONOMIC_REINVESTMENT,cache/market.json.gz; SQLite corporate_actions/B3
CG_ONLY,BESST-10 BH,2016-08-01,60872504000123,ITUB4,ITUB4_2016-08-01_DISTRIBUTION_263,7.340152152454833,,0.0,7.340152152454833,CASH_DIVIDEND,UNKNOWN,EX_DATE_ECONOMIC_REINVESTMENT,cache/market.json.gz; SQLite corporate_actions/B3
CG_ONLY,BESST-10 BH,2016-08-02,60746948000112,BBDC4,BBDC4_2016-08-02_DISTRIBUTION_302,12.44160157322875,,0.0,12.44160157322875,JCP,UNKNOWN,EX_DATE_ECONOMIC_REINVESTMENT,cache/market.json.gz; SQLite corporate_actions/B3
CG_ONLY,BESST-10 BH,2016-08-09,02474103000119,TBLE3,TBLE3_2016-08-09_DISTRIBUTION_365,404.5672411659158,,0.0,404.5672411659158,CASH_DIVIDEND,UNKNOWN,EX_DATE_ECONOMIC_REINVESTMENT,cache/market.json.gz; SQLite corporate_actions/B3
CG_ONLY,BESST-10 BH,2016-08-12,17344597000194,BBSE3,CONT_275_BBSE3_2016-08-12,9.102241698610289,,0.0,9.102241698610289,,UNKNOWN,EX_DATE_ECONOMIC_REINVESTMENT,cache/market.json.gz; B3
CG_ONLY,BESST-10 BH,2016-08-15,60872504000123,ITUB4,ITUB4_2016-08-15_DISTRIBUTION_262,200.06853523355713,,0.0,200.06853523355713,JCP,UNKNOWN,EX_DATE_ECONOMIC_REINVESTMENT,cache/market.json.gz; SQLite corporate_actions/B3
CG_ONLY,BESST-10 BH,2016-08-23,17281106000103,CSMG3,CONT_991_CSMG3_2016-08-23,217.44130531280553,,0.0,217.44130531280553,,UNKNOWN,EX_DATE_ECONOMIC_REINVESTMENT,cache/market.json.gz; B3
CG_ONLY,BESST-10 BH,2016-09-01,60872504000123,ITUB4,ITUB4_2016-09-01_DISTRIBUTION_261,7.604000928713217,,0.0,7.604000928713217,CASH_DIVIDEND,UNKNOWN,EX_DATE_ECONOMIC_REINVESTMENT,cache/market.json.gz; SQLite corporate_actions/B3
CG_ONLY,BESST-10 BH,2016-09-02,60746948000112,BBDC4,BBDC4_2016-09-02_DISTRIBUTION_301,12.512799045419644,,0.0,12.512799045419644,JCP,UNKNOWN,EX_DATE_ECONOMIC_REINVESTMENT,cache/market.json.gz; SQLite corporate_actions/B3
CG_ONLY,BESST-10 BH,2016-10-03,02558157000162,VIVT4,CONT_2791_VIVT4_2016-10-03,143.81077274173902,,0.0,143.81077274173902,,UNKNOWN,EX_DATE_ECONOMIC_REINVESTMENT,cache/market.json.gz; B3
CG_ONLY,BESST-10 BH,2016-10-03,60746948000112,BBDC4,BBDC4_2016-10-03_DISTRIBUTION_300,414.5511767160826,,0.0,414.5511767160826,JCP,UNKNOWN,EX_DATE_ECONOMIC_REINVESTMENT,cache/market.json.gz; SQLite corporate_actions/B3
CG_ONLY,BESST-10 BH,2016-10-03,60872504000123,ITUB4,ITUB4_2016-10-03_DISTRIBUTION_260,7.677952882269891,,0.0,7.677952882269891,CASH_DIVIDEND,UNKNOWN,EX_DATE_ECONOMIC_REINVESTMENT,cache/market.json.gz; SQLite corporate_actions/B3
CG_ONLY,BESST-10 BH,2016-10-04,60746948000112,BBDC4,BBDC4_2016-10-04_DISTRIBUTION_299,12.78487229671424,,0.0,12.78487229671424,JCP,UNKNOWN,EX_DATE_ECONOMIC_REINVESTMENT,cache/market.json.gz; SQLite corporate_actions/B3
CG_ONLY,BESST-10 BH,2016-10-28,02149205000169,PSSA3,CONT_2158_PSSA3_2016-10-28,628.0547759063642,,0.0,628.0547759063642,,UNKNOWN,EX_DATE_ECONOMIC_REINVESTMENT,cache/market.json.gz; B3
CG_ONLY,BESST-10 BH,2016-11-01,60872504000123,ITUB4,ITUB4_2016-11-01_DISTRIBUTION_259,8.533394914305546,,0.0,8.533394914305546,CASH_DIVIDEND,UNKNOWN,EX_DATE_ECONOMIC_REINVESTMENT,cache/market.json.gz; SQLite corporate_actions/B3
CG_ONLY,BESST-10 BH,2016-11-03,60746948000112,BBDC4,BBDC4_2016-11-03_DISTRIBUTION_298,12.792905095055946,,0.0,12.792905095055946,JCP,UNKNOWN,EX_DATE_ECONOMIC_REINVESTMENT,cache/market.json.gz; SQLite corporate_actions/B3
CG_ONLY,BESST-10 BH,2016-11-11,02474103000119,TBLE3,TBLE3_2016-11-11_DISTRIBUTION_364,300.77508533985997,,0.0,300.77508533985997,JCP,UNKNOWN,EX_DATE_ECONOMIC_REINVESTMENT,cache/market.json.gz; SQLite corporate_actions/B3
CG_ONLY,BESST-10 BH,2016-11-17,17281106000103,CSMG3,CONT_990_CSMG3_2016-11-17,233.5037448241429,,0.0,233.5037448241429,,UNKNOWN,EX_DATE_ECONOMIC_REINVESTMENT,cache/market.json.gz; B3
CG_ONLY,BESST-10 BH,2016-12-01,60872504000123,ITUB4,ITUB4_2016-12-01_DISTRIBUTION_258,8.53683118071399,,0.0,8.53683118071399,CASH_DIVIDEND,UNKNOWN,EX_DATE_ECONOMIC_REINVESTMENT,cache/market.json.gz; SQLite corporate_actions/B3
CG_ONLY,BESST-10 BH,2016-12-02,60746948000112,BBDC4,BBDC4_2016-12-02_DISTRIBUTION_297,12.825560458979494,,0.0,12.825560458979494,JCP,UNKNOWN,EX_DATE_ECONOMIC_REINVESTMENT,cache/market.json.gz; SQLite corporate_actions/B3
CG_ONLY,BESST-10 BH,2016-12-21,02149205000169,PSSA3,CONT_2157_PSSA3_2016-12-21,62.56163847320693,,0.0,62.56163847320693,,UNKNOWN,EX_DATE_ECONOMIC_REINVESTMENT,cache/market.json.gz; B3
CG_ONLY,BESST-10 BH,2016-12-22,60746948000112,BBDC4,BBDC4_2016-12-22_DISTRIBUTION_296,191.00408184097805,,0.0,191.00408184097805,JCP,UNKNOWN,EX_DATE_ECONOMIC_REINVESTMENT,cache/market.json.gz; SQLite corporate_actions/B3
CG_ONLY,BESST-10 BH,2016-12-23,60872504000123,ITUB4,ITUB4_2016-12-23_DISTRIBUTION_257,268.4032089182893,,0.0,268.4032089182893,JCP,UNKNOWN,EX_DATE_ECONOMIC_REINVESTMENT,cache/market.json.gz; SQLite corporate_actions/B3
CG_ONLY,BESST-10 BH,2016-12-27,17155730000164,CMIG4,CMIG4_2016-12-27_DISTRIBUTION_642,682.5079869886171,,0.0,682.5079869886171,,UNKNOWN,EX_DATE_ECONOMIC_REINVESTMENT,https://api.mziq.com/mzfilemanager/v2/d/716a131f-9624-452c-9088-0cd6983c1349/a2eb9f5f-37e1-8913-c1eb-c4281b5e23b2?origin=2
CG_ONLY,BESST-10 BH,2017-01-02,02558157000162,VIVT4,CONT_2790_VIVT4_2017-01-02,146.3960029760067,,0.0,146.3960029760067,,UNKNOWN,EX_DATE_ECONOMIC_REINVESTMENT,cache/market.json.gz; B3
CG_ONLY,BESST-10 BH,2017-01-02,60872504000123,ITUB4,ITUB4_2017-01-02_DISTRIBUTION_256,8.664612574324606,,0.0,8.664612574324606,CASH_DIVIDEND,UNKNOWN,EX_DATE_ECONOMIC_REINVESTMENT,cache/market.json.gz; SQLite corporate_actions/B3
CG_ONLY,BESST-10 BH,2017-01-03,60746948000112,BBDC4,BBDC4_2017-01-03_DISTRIBUTION_623,13.010391907235958,,0.0,13.010391907235958,JCP Mensais,UNKNOWN,EX_DATE_ECONOMIC_REINVESTMENT,https://www.bradescori.com.br/informacoes-ao-mercado/remuneracao-aos-acionistas/
CG_ONLY,BESST-10 BH,2017-02-01,60872504000123,ITUB4,ITUB4_2017-02-01_DISTRIBUTION_255,8.71406326194913,,0.0,8.71406326194913,CASH_DIVIDEND,UNKNOWN,EX_DATE_ECONOMIC_REINVESTMENT,cache/market.json.gz; SQLite corporate_actions/B3
CG_ONLY,BESST-10 BH,2017-02-02,60746948000112,BBDC4,BBDC4_2017-02-02_DISTRIBUTION_624,13.040050952529908,,0.0,13.040050952529908,JCP Mensais,UNKNOWN,EX_DATE_ECONOMIC_REINVESTMENT,https://www.bradescori.com.br/informacoes-ao-mercado/remuneracao-aos-acionistas/
CG_ONLY,BESST-10 BH,2017-02-17,17344597000194,BBSE3,CONT_274_BBSE3_2017-02-17,11.02027069224525,,0.0,11.02027069224525,,UNKNOWN,EX_DATE_ECONOMIC_REINVESTMENT,cache/market.json.gz; B3
CG_ONLY,BESST-10 BH,2017-02-21,60872504000123,ITUB4,ITUB4_2017-02-21_DISTRIBUTION_254,452.20910511966,,0.0,452.20910511966,JCP,UNKNOWN,EX_DATE_ECONOMIC_REINVESTMENT,cache/market.json.gz; SQLite corporate_actions/B3
CG_ONLY,BESST-10 BH,2017-03-01,02558157000162,VIVT4,CONT_2789_VIVT4_2017-03-01,45.56203798334102,,0.0,45.56203798334102,,UNKNOWN,EX_DATE_ECONOMIC_REINVESTMENT,cache/market.json.gz; B3
CG_ONLY,BESST-10 BH,2017-03-01,60872504000123,ITUB4,ITUB4_2017-03-01_DISTRIBUTION_253,8.913969092549333,,0.0,8.913969092549333,CASH_DIVIDEND,UNKNOWN,EX_DATE_ECONOMIC_REINVESTMENT,cache/market.json.gz; SQLite corporate_actions/B3
CG_ONLY,BESST-10 BH,2017-03-02,60746948000112,BBDC4,BBDC4_2017-03-02_DISTRIBUTION_625,13.147045630795231,,0.0,13.147045630795231,JCP Mensais,UNKNOWN,EX_DATE_ECONOMIC_REINVESTMENT,https://www.bradescori.com.br/informacoes-ao-mercado/remuneracao-aos-acionistas/
CG_ONLY,BESST-10 BH,2017-03-17,17281106000103,CSMG3,CONT_989_CSMG3_2017-03-17,283.3202424348637,,0.0,283.3202424348637,,UNKNOWN,EX_DATE_ECONOMIC_REINVESTMENT,cache/market.json.gz; B3
CG_ONLY,BESST-10 BH,2017-03-23,17281106000103,CSMG3,CONT_988_CSMG3_2017-03-23,249.93614406986964,,0.0,249.93614406986964,,UNKNOWN,EX_DATE_ECONOMIC_REINVESTMENT,cache/market.json.gz; B3
CG_ONLY,BESST-10 BH,2017-04-03,02558157000162,VIVT4,CONT_2788_VIVT4_2017-04-03,91.06311866442125,,0.0,91.06311866442125,,UNKNOWN,EX_DATE_ECONOMIC_REINVESTMENT,cache/market.json.gz; B3
CG_ONLY,BESST-10 BH,2017-04-03,60872504000123,ITUB4,ITUB4_2017-04-03_DISTRIBUTION_252,8.951754146612839,,0.0,8.951754146612839,CASH_DIVIDEND,UNKNOWN,EX_DATE_ECONOMIC_REINVESTMENT,cache/market.json.gz; SQLite corporate_actions/B3
CG_ONLY,BESST-10 BH,2017-04-04,60746948000112,BBDC4,BBDC4_2017-04-04_DISTRIBUTION_626,13.258875259395278,,0.0,13.258875259395278,JCP Mensais,UNKNOWN,EX_DATE_ECONOMIC_REINVESTMENT,https://www.bradescori.com.br/informacoes-ao-mercado/remuneracao-aos-acionistas/
CG_ONLY,BESST-10 BH,2017-04-11,43776517000180,SBSP3,CONT_2262_SBSP3_2017-04-11,891.5153833793944,,0.0,891.5153833793944,,UNKNOWN,EX_DATE_ECONOMIC_REINVESTMENT,cache/market.json.gz; B3
CG_ONLY,BESST-10 BH,2017-04-20,02558115000121,TIMP3,TIMP_GROSS_2017-04-20,141.48077347932917,,0.0,141.48077347932917,,UNKNOWN,EX_DATE_ECONOMIC_REINVESTMENT,research/graham_v6_comparison/audit_v13_inputs/documents/TIM_DIV.html.gz
CG_ONLY,BESST-10 BH,2017-04-27,02558157000162,VIVT4,CONT_2787_VIVT4_2017-04-27,511.63558219958526,,0.0,511.63558219958526,,UNKNOWN,EX_DATE_ECONOMIC_REINVESTMENT,cache/market.json.gz; B3
CG_ONLY,BESST-10 BH,2017-05-02,60872504000123,ITUB4,ITUB4_2017-05-02_DISTRIBUTION_251,9.006681066095926,,0.0,9.006681066095926,CASH_DIVIDEND,UNKNOWN,EX_DATE_ECONOMIC_REINVESTMENT,cache/market.json.gz; SQLite corporate_actions/B3
CG_ONLY,BESST-10 BH,2017-05-03,60746948000112,BBDC4,BBDC4_2017-05-03_DISTRIBUTION_627,14.593207798705635,,0.0,14.593207798705635,JCP Mensais,UNKNOWN,EX_DATE_ECONOMIC_REINVESTMENT,https://www.bradescori.com.br/informacoes-ao-mercado/remuneracao-aos-acionistas/
CG_ONLY,BESST-10 BH,2017-05-15,17155730000164,CMIG4,CMIG4_2017-05-15_DISTRIBUTION_643,589.9062804249241,,0.0,589.9062804249241,,UNKNOWN,EX_DATE_ECONOMIC_REINVESTMENT,https://api.mziq.com/mzfilemanager/v2/d/716a131f-9624-452c-9088-0cd6983c1349/a2eb9f5f-37e1-8913-c1eb-c4281b5e23b2?origin=2
CG_ONLY,BESST-10 BH,2017-05-30,02474103000119,TBLE3,TBLE3_2017-05-30_DISTRIBUTION_363,350.1377171059358,,0.0,350.1377171059358,CASH_DIVIDEND,UNKNOWN,EX_DATE_ECONOMIC_REINVESTMENT,cache/market.json.gz; SQLite corporate_actions/B3
CG_ONLY,BESST-10 BH,2017-06-01,60872504000123,ITUB4,ITUB4_2017-06-01_DISTRIBUTION_250,9.010054354884725,,0.0,9.010054354884725,CASH_DIVIDEND,UNKNOWN,EX_DATE_ECONOMIC_REINVESTMENT,cache/market.json.gz; SQLite corporate_actions/B3
CG_ONLY,BESST-10 BH,2017-06-02,60746948000112,BBDC4,BBDC4_2017-06-02_DISTRIBUTION_628,14.796496185038539,,0.0,14.796496185038539,JCP Mensais,UNKNOWN,EX_DATE_ECONOMIC_REINVESTMENT,https://www.bradescori.com.br/informacoes-ao-mercado/remuneracao-aos-acionistas/
CG_ONLY,BESST-10 BH,2017-06-22,17281106000103,CSMG3,CONT_987_CSMG3_2017-06-22,293.0048667619382,,0.0,293.0048667619382,,UNKNOWN,EX_DATE_ECONOMIC_REINVESTMENT,cache/market.json.gz; B3
CG_ONLY,BESST-10 BH,2017-07-03,02149205000169,PSSA3,CONT_2156_PSSA3_2017-07-03,540.6664784487862,,0.0,540.6664784487862,,UNKNOWN,EX_DATE_ECONOMIC_REINVESTMENT,cache/market.json.gz; B3
CG_ONLY,BESST-10 BH,2017-07-03,02558157000162,VIVT4,CONT_2786_VIVT4_2017-07-03,26.684499251256987,,0.0,26.684499251256987,,UNKNOWN,EX_DATE_ECONOMIC_REINVESTMENT,cache/market.json.gz; B3
CG_ONLY,BESST-10 BH,2017-07-03,60746948000112,BBDC4,BBDC4_2017-07-03_DISTRIBUTION_629,125.8554334771468,,0.0,125.8554334771468,JCP Intermediários,UNKNOWN,EX_DATE_ECONOMIC_REINVESTMENT,https://www.bradescori.com.br/informacoes-ao-mercado/remuneracao-aos-acionistas/
CG_ONLY,BESST-10 BH,2017-07-03,60872504000123,ITUB4,ITUB4_2017-07-03_DISTRIBUTION_249,9.130102396180481,,0.0,9.130102396180481,CASH_DIVIDEND,UNKNOWN,EX_DATE_ECONOMIC_REINVESTMENT,cache/market.json.gz; SQLite corporate_actions/B3
CG_ONLY,BESST-10 BH,2017-07-04,60746948000112,BBDC4,BBDC4_2017-07-04_DISTRIBUTION_630,15.052448868772874,,0.0,15.052448868772874,JCP Mensais,UNKNOWN,EX_DATE_ECONOMIC_REINVESTMENT,https://www.bradescori.com.br/informacoes-ao-mercado/remuneracao-aos-acionistas/
CG_ONLY,BESST-10 BH,2017-08-01,60872504000123,ITUB4,ITUB4_2017-08-01_DISTRIBUTION_248,9.209982938598067,,0.0,9.209982938598067,CASH_DIVIDEND,UNKNOWN,EX_DATE_ECONOMIC_REINVESTMENT,cache/market.json.gz; SQLite corporate_actions/B3
CG_ONLY,BESST-10 BH,2017-08-02,60746948000112,BBDC4,BBDC4_2017-08-02_DISTRIBUTION_631,15.14418852088575,,0.0,15.14418852088575,JCP Mensais,UNKNOWN,EX_DATE_ECONOMIC_REINVESTMENT,https://www.bradescori.com.br/informacoes-ao-mercado/remuneracao-aos-acionistas/
CG_ONLY,BESST-10 BH,2017-08-10,02474103000119,TBLE3,TBLE3_2017-08-10_DISTRIBUTION_362,884.1458730132978,,0.0,884.1458730132978,CASH_DIVIDEND,UNKNOWN,EX_DATE_ECONOMIC_REINVESTMENT,cache/market.json.gz; SQLite corporate_actions/B3
CG_ONLY,BESST-10 BH,2017-08-11,17344597000194,BBSE3,CONT_273_BBSE3_2017-08-11,7.952133982982146,,0.0,7.952133982982146,,UNKNOWN,EX_DATE_ECONOMIC_REINVESTMENT,cache/market.json.gz; B3
CG_ONLY,BESST-10 BH,2017-08-15,60872504000123,ITUB4,ITUB4_2017-08-15_DISTRIBUTION_247,247.1918074447523,,0.0,247.1918074447523,JCP,UNKNOWN,EX_DATE_ECONOMIC_REINVESTMENT,cache/market.json.gz; SQLite corporate_actions/B3
CG_ONLY,BESST-10 BH,2017-09-01,60872504000123,ITUB4,ITUB4_2017-09-01_DISTRIBUTION_246,9.386251976168522,,0.0,9.386251976168522,CASH_DIVIDEND,UNKNOWN,EX_DATE_ECONOMIC_REINVESTMENT,cache/market.json.gz; SQLite corporate_actions/B3
CG_ONLY,BESST-10 BH,2017-09-04,60746948000112,BBDC4,BBDC4_2017-09-04_DISTRIBUTION_632,15.15347011276701,,0.0,15.15347011276701,JCP Mensais,UNKNOWN,EX_DATE_ECONOMIC_REINVESTMENT,https://www.bradescori.com.br/informacoes-ao-mercado/remuneracao-aos-acionistas/
CG_ONLY,BESST-10 BH,2017-09-25,17281106000103,CSMG3,CONT_986_CSMG3_2017-09-25,308.6600780104921,,0.0,308.6600780104921,,UNKNOWN,EX_DATE_ECONOMIC_REINVESTMENT,cache/market.json.gz; B3
CG_ONLY,BESST-10 BH,2017-10-02,02558157000162,VIVT4,CONT_2785_VIVT4_2017-10-02,90.5486886698192,,0.0,90.5486886698192,,UNKNOWN,EX_DATE_ECONOMIC_REINVESTMENT,cache/market.json.gz; B3
CG_ONLY,BESST-10 BH,2017-10-02,60872504000123,ITUB4,ITUB4_2017-10-02_DISTRIBUTION_245,9.430734419361018,,0.0,9.430734419361018,CASH_DIVIDEND,UNKNOWN,EX_DATE_ECONOMIC_REINVESTMENT,cache/market.json.gz; SQLite corporate_actions/B3
CG_ONLY,BESST-10 BH,2017-10-03,60746948000112,BBDC4,BBDC4_2017-10-03_DISTRIBUTION_633,15.161865271922542,,0.0,15.161865271922542,JCP Mensais,UNKNOWN,EX_DATE_ECONOMIC_REINVESTMENT,https://www.bradescori.com.br/informacoes-ao-mercado/remuneracao-aos-acionistas/
CG_ONLY,BESST-10 BH,2017-10-31,02149205000169,PSSA3,CONT_2155_PSSA3_2017-10-31,564.8837771731584,,0.0,564.8837771731584,,UNKNOWN,EX_DATE_ECONOMIC_REINVESTMENT,cache/market.json.gz; B3
CG_ONLY,BESST-10 BH,2017-11-01,60872504000123,ITUB4,ITUB4_2017-11-01_DISTRIBUTION_244,9.436196838317128,,0.0,9.436196838317128,CASH_DIVIDEND,UNKNOWN,EX_DATE_ECONOMIC_REINVESTMENT,cache/market.json.gz; SQLite corporate_actions/B3
CG_ONLY,BESST-10 BH,2017-11-03,60746948000112,BBDC4,BBDC4_2017-11-03_DISTRIBUTION_634,15.16966184367372,,0.0,15.16966184367372,JCP Mensais,UNKNOWN,EX_DATE_ECONOMIC_REINVESTMENT,https://www.bradescori.com.br/informacoes-ao-mercado/remuneracao-aos-acionistas/
CG_ONLY,BESST-10 BH,2017-11-10,02474103000119,TBLE3,TBLE3_2017-11-10_DISTRIBUTION_361,440.8475059105343,,0.0,440.8475059105343,JCP,UNKNOWN,EX_DATE_ECONOMIC_REINVESTMENT,cache/market.json.gz; SQLite corporate_actions/B3
CG_ONLY,BESST-10 BH,2017-11-16,02558115000121,TIMP3,TIMP_GROSS_2017-11-16,184.10026851056796,,0.0,184.10026851056796,,UNKNOWN,EX_DATE_ECONOMIC_REINVESTMENT,research/graham_v6_comparison/audit_v13_inputs/documents/TIM_DIV.html.gz
CG_ONLY,BESST-10 BH,2017-11-21,17281106000103,CSMG3,CONT_985_CSMG3_2017-11-21,958.0002557512743,,0.0,958.0002557512743,,UNKNOWN,EX_DATE_ECONOMIC_REINVESTMENT,cache/market.json.gz; B3
CG_ONLY,BESST-10 BH,2017-12-01,60872504000123,ITUB4,ITUB4_2017-12-01_DISTRIBUTION_243,9.473949285986837,,0.0,9.473949285986837,CASH_DIVIDEND,UNKNOWN,EX_DATE_ECONOMIC_REINVESTMENT,cache/market.json.gz; SQLite corporate_actions/B3
CG_ONLY,BESST-10 BH,2017-12-04,60746948000112,BBDC4,BBDC4_2017-12-04_DISTRIBUTION_635,15.243628155171844,,0.0,15.243628155171844,JCP Mensais,UNKNOWN,EX_DATE_ECONOMIC_REINVESTMENT,https://www.bradescori.com.br/informacoes-ao-mercado/remuneracao-aos-acionistas/
CG_ONLY,BESST-10 BH,2017-12-15,60872504000123,ITUB4,ITUB4_2017-12-15_DISTRIBUTION_242,91.69413142583122,,0.0,91.69413142583122,JCP,UNKNOWN,EX_DATE_ECONOMIC_REINVESTMENT,cache/market.json.gz; SQLite corporate_actions/B3
CG_ONLY,BESST-10 BH,2017-12-26,60746948000112,BBDC4,BBDC4_2017-12-26_DISTRIBUTION_636,667.1005784643481,,0.0,667.1005784643481,JCP Complementares,UNKNOWN,EX_DATE_ECONOMIC_REINVESTMENT,https://www.bradescori.com.br/informacoes-ao-mercado/remuneracao-aos-acionistas/
CG_ONLY,BESST-10 BH,2017-12-27,02558157000162,VIVT4,CONT_2784_VIVT4_2017-12-27,460.4230902644059,,0.0,460.4230902644059,,UNKNOWN,EX_DATE_ECONOMIC_REINVESTMENT,cache/market.json.gz; B3
CG_ONLY,BESST-10 BH,2018-01-02,60872504000123,ITUB4,ITUB4_2018-01-02_DISTRIBUTION_241,9.551895103107546,,0.0,9.551895103107546,CASH_DIVIDEND,UNKNOWN,EX_DATE_ECONOMIC_REINVESTMENT,cache/market.json.gz; SQLite corporate_actions/B3
CG_ONLY,BESST-10 BH,2018-01-03,60746948000112,BBDC4,BBDC4_2018-01-03_DISTRIBUTION_609,15.645561395420257,,0.0,15.645561395420257,JCP Mensais,UNKNOWN,EX_DATE_ECONOMIC_REINVESTMENT,https://www.bradescori.com.br/informacoes-ao-mercado/remuneracao-aos-acionistas/
CG_ONLY,BESST-10 BH,2018-02-01,60872504000123,ITUB4,ITUB4_2018-02-01_DISTRIBUTION_240,9.585370413827222,,0.0,9.585370413827222,CASH_DIVIDEND,UNKNOWN,EX_DATE_ECONOMIC_REINVESTMENT,cache/market.json.gz; SQLite corporate_actions/B3
CG_ONLY,BESST-10 BH,2018-02-02,60746948000112,BBDC4,BBDC4_2018-02-02_DISTRIBUTION_610,15.654106920439713,,0.0,15.654106920439713,JCP Mensais,UNKNOWN,EX_DATE_ECONOMIC_REINVESTMENT,https://www.bradescori.com.br/informacoes-ao-mercado/remuneracao-aos-acionistas/
CG_ONLY,BESST-10 BH,2018-02-16,60872504000123,ITUB4,ITUB4_2018-02-16_DISTRIBUTION_238,616.0679359545124,,0.0,616.0679359545124,CASH_DIVIDEND,UNKNOWN,EX_DATE_ECONOMIC_REINVESTMENT,cache/market.json.gz; SQLite corporate_actions/B3
CG_ONLY,BESST-10 BH,2018-02-16,60872504000123,ITUB4,ITUB4_2018-02-16_DISTRIBUTION_239,734.3212749787757,,0.0,734.3212749787757,JCP,UNKNOWN,EX_DATE_ECONOMIC_REINVESTMENT,cache/market.json.gz; SQLite corporate_actions/B3
CG_ONLY,BESST-10 BH,2018-02-23,17344597000194,BBSE3,CONT_272_BBSE3_2018-02-23,9.596995782794641,,0.0,9.596995782794641,,UNKNOWN,EX_DATE_ECONOMIC_REINVESTMENT,cache/market.json.gz; B3
CG_ONLY,BESST-10 BH,2018-02-28,17281106000103,CSMG3,CONT_984_CSMG3_2018-02-28,376.212676120038,,0.0,376.212676120038,,UNKNOWN,EX_DATE_ECONOMIC_REINVESTMENT,cache/market.json.gz; B3
CG_ONLY,BESST-10 BH,2018-03-01,60872504000123,ITUB4,ITUB4_2018-03-01_DISTRIBUTION_237,9.986610205655236,,0.0,9.986610205655236,CASH_DIVIDEND,UNKNOWN,EX_DATE_ECONOMIC_REINVESTMENT,cache/market.json.gz; SQLite corporate_actions/B3
CG_ONLY,BESST-10 BH,2018-03-02,60746948000112,BBDC4,BBDC4_2018-03-02_DISTRIBUTION_611,15.664758657675353,,0.0,15.664758657675353,JCP Mensais,UNKNOWN,EX_DATE_ECONOMIC_REINVESTMENT,https://www.bradescori.com.br/informacoes-ao-mercado/remuneracao-aos-acionistas/
CG_ONLY,BESST-10 BH,2018-03-27,17281106000103,CSMG3,CONT_983_CSMG3_2018-03-27,631.7101958900453,,0.0,631.7101958900453,,UNKNOWN,EX_DATE_ECONOMIC_REINVESTMENT,cache/market.json.gz; B3
CG_ONLY,BESST-10 BH,2018-04-02,02149205000169,PSSA3,CONT_2154_PSSA3_2018-04-02,65.73698843171607,,0.0,65.73698843171607,,UNKNOWN,EX_DATE_ECONOMIC_REINVESTMENT,cache/market.json.gz; B3
CG_ONLY,BESST-10 BH,2018-04-02,60872504000123,ITUB4,ITUB4_2018-04-02_DISTRIBUTION_236,9.989541122365955,,0.0,9.989541122365955,CASH_DIVIDEND,UNKNOWN,EX_DATE_ECONOMIC_REINVESTMENT,cache/market.json.gz; SQLite corporate_actions/B3
CG_ONLY,BESST-10 BH,2018-04-03,60746948000112,BBDC4,BBDC4_2018-04-03_DISTRIBUTION_612,17.25710332557654,,0.0,17.25710332557654,JCP Mensais,UNKNOWN,EX_DATE_ECONOMIC_REINVESTMENT,https://www.bradescori.com.br/informacoes-ao-mercado/remuneracao-aos-acionistas/
CG_ONLY,BESST-10 BH,2018-04-13,02558157000162,VIVT4,CONT_2783_VIVT4_2018-04-13,738.4636398573083,,0.0,738.4636398573083,,UNKNOWN,EX_DATE_ECONOMIC_REINVESTMENT,cache/market.json.gz; B3
CG_ONLY,BESST-10 BH,2018-04-20,02558115000121,TIMP3,TIMP_GROSS_2018-04-20,100.79100356492098,,0.0,100.79100356492098,,UNKNOWN,EX_DATE_ECONOMIC_REINVESTMENT,research/graham_v6_comparison/audit_v13_inputs/documents/TIM_DIV.html.gz
CG_ONLY,BESST-10 BH,2018-04-24,02474103000119,TBLE3,TBLE3_2018-04-24_DISTRIBUTION_360,732.1162686309135,,0.0,732.1162686309135,CASH_DIVIDEND,UNKNOWN,EX_DATE_ECONOMIC_REINVESTMENT,cache/market.json.gz; SQLite corporate_actions/B3
CG_ONLY,BESST-10 BH,2018-04-30,43776517000180,SBSP3,CONT_2261_SBSP3_2018-04-30,852.1313170089658,,0.0,852.1313170089658,,UNKNOWN,EX_DATE_ECONOMIC_REINVESTMENT,cache/market.json.gz; B3
CG_ONLY,BESST-10 BH,2018-05-02,17155730000164,CMIG4,CMIG4_2018-05-02_DISTRIBUTION_644,1724.9751713165433,,0.0,1724.9751713165433,,UNKNOWN,EX_DATE_ECONOMIC_REINVESTMENT,https://api.mziq.com/mzfilemanager/v2/d/716a131f-9624-452c-9088-0cd6983c1349/a2eb9f5f-37e1-8913-c1eb-c4281b5e23b2?origin=2
CG_ONLY,BESST-10 BH,2018-05-02,60872504000123,ITUB4,ITUB4_2018-05-02_DISTRIBUTION_235,9.992476345026786,,0.0,9.992476345026786,CASH_DIVIDEND,UNKNOWN,EX_DATE_ECONOMIC_REINVESTMENT,cache/market.json.gz; SQLite corporate_actions/B3
CG_ONLY,BESST-10 BH,2018-05-03,60746948000112,BBDC4,BBDC4_2018-05-03_DISTRIBUTION_613,17.38461201626783,,0.0,17.38461201626783,JCP Mensais,UNKNOWN,EX_DATE_ECONOMIC_REINVESTMENT,https://www.bradescori.com.br/informacoes-ao-mercado/remuneracao-aos-acionistas/
CG_ONLY,BESST-10 BH,2018-05-08,17281106000103,CSMG3,CONT_982_CSMG3_2018-05-08,2334.3402109659455,,0.0,2334.3402109659455,,UNKNOWN,EX_DATE_ECONOMIC_REINVESTMENT,cache/market.json.gz; B3
CG_ONLY,BESST-10 BH,2018-05-14,02558115000121,TIMP3,TIMP_GROSS_2018-05-14,225.0029391895238,,0.0,225.0029391895238,,UNKNOWN,EX_DATE_ECONOMIC_REINVESTMENT,research/graham_v6_comparison/audit_v13_inputs/documents/TIM_DIV.html.gz
CG_ONLY,BESST-10 BH,2018-05-29,02149205000169,PSSA3,CONT_2153_PSSA3_2018-05-29,1196.2736391525166,,0.0,1196.2736391525166,,UNKNOWN,EX_DATE_ECONOMIC_REINVESTMENT,cache/market.json.gz; B3
CG_ONLY,BESST-10 BH,2018-06-01,60872504000123,ITUB4,ITUB4_2018-06-01_DISTRIBUTION_234,10.012468917457175,,0.0,10.012468917457175,CASH_DIVIDEND,UNKNOWN,EX_DATE_ECONOMIC_REINVESTMENT,cache/market.json.gz; SQLite corporate_actions/B3
CG_ONLY,BESST-10 BH,2018-06-04,60746948000112,BBDC4,BBDC4_2018-06-04_DISTRIBUTION_614,17.586742759156312,,0.0,17.586742759156312,JCP Mensais,UNKNOWN,EX_DATE_ECONOMIC_REINVESTMENT,https://www.bradescori.com.br/informacoes-ao-mercado/remuneracao-aos-acionistas/
CG_ONLY,BESST-10 BH,2018-06-26,17281106000103,CSMG3,CONT_981_CSMG3_2018-06-26,448.1435625188304,,0.0,448.1435625188304,,UNKNOWN,EX_DATE_ECONOMIC_REINVESTMENT,cache/market.json.gz; B3
CG_ONLY,BESST-10 BH,2018-06-28,02149205000169,PSSA3,CONT_2152_PSSA3_2018-06-28,567.4371798647231,,0.0,567.4371798647231,,UNKNOWN,EX_DATE_ECONOMIC_REINVESTMENT,cache/market.json.gz; B3
CG_ONLY,BESST-10 BH,2018-07-02,02558157000162,VIVT4,CONT_2782_VIVT4_2018-07-02,142.96378362807212,,0.0,142.96378362807212,,UNKNOWN,EX_DATE_ECONOMIC_REINVESTMENT,cache/market.json.gz; B3
CG_ONLY,BESST-10 BH,2018-07-02,60746948000112,BBDC4,BBDC4_2018-07-02_DISTRIBUTION_615,175.94442949300773,,0.0,175.94442949300773,JCP Intermediários,UNKNOWN,EX_DATE_ECONOMIC_REINVESTMENT,https://www.bradescori.com.br/informacoes-ao-mercado/remuneracao-aos-acionistas/
CG_ONLY,BESST-10 BH,2018-07-02,60872504000123,ITUB4,ITUB4_2018-07-02_DISTRIBUTION_233,10.060662135858019,,0.0,10.060662135858019,CASH_DIVIDEND,UNKNOWN,EX_DATE_ECONOMIC_REINVESTMENT,cache/market.json.gz; SQLite corporate_actions/B3
CG_ONLY,BESST-10 BH,2018-07-03,60746948000112,BBDC4,BBDC4_2018-07-03_DISTRIBUTION_616,18.01847075219437,,0.0,18.01847075219437,JCP Mensais,UNKNOWN,EX_DATE_ECONOMIC_REINVESTMENT,https://www.bradescori.com.br/informacoes-ao-mercado/remuneracao-aos-acionistas/
CG_ONLY,BESST-10 BH,2018-07-26,02558115000121,TIMP3,TIMP_GROSS_2018-07-26,236.3939037365919,,0.0,236.3939037365919,,UNKNOWN,EX_DATE_ECONOMIC_REINVESTMENT,research/graham_v6_comparison/audit_v13_inputs/documents/TIM_DIV.html.gz
CG_ONLY,BESST-10 BH,2018-08-01,60872504000123,ITUB4,ITUB4_2018-08-01_DISTRIBUTION_232,10.134919513155534,,0.0,10.134919513155534,CASH_DIVIDEND,UNKNOWN,EX_DATE_ECONOMIC_REINVESTMENT,cache/market.json.gz; SQLite corporate_actions/B3
CG_ONLY,BESST-10 BH,2018-08-02,60746948000112,BBDC4,BBDC4_2018-08-02_DISTRIBUTION_617,18.13365477368653,,0.0,18.13365477368653,JCP Mensais,UNKNOWN,EX_DATE_ECONOMIC_REINVESTMENT,https://www.bradescori.com.br/informacoes-ao-mercado/remuneracao-aos-acionistas/
CG_ONLY,BESST-10 BH,2018-08-10,17344597000194,BBSE3,CONT_271_BBSE3_2018-08-10,7.257447126026732,,0.0,7.257447126026732,,UNKNOWN,EX_DATE_ECONOMIC_REINVESTMENT,cache/market.json.gz; B3
CG_ONLY,BESST-10 BH,2018-08-20,60872504000123,ITUB4,ITUB4_2018-08-20_DISTRIBUTION_230,422.2162666962099,,0.0,422.2162666962099,CASH_DIVIDEND,UNKNOWN,EX_DATE_ECONOMIC_REINVESTMENT,cache/market.json.gz; SQLite corporate_actions/B3
CG_ONLY,BESST-10 BH,2018-08-20,60872504000123,ITUB4,ITUB4_2018-08-20_DISTRIBUTION_231,84.71390479225238,,0.0,84.71390479225238,JCP,UNKNOWN,EX_DATE_ECONOMIC_REINVESTMENT,cache/market.json.gz; SQLite corporate_actions/B3
CG_ONLY,BESST-10 BH,2018-08-21,02474103000119,TBLE3,TBLE3_2018-08-21_DISTRIBUTION_359,1395.716685836414,,0.0,1395.716685836414,CASH_DIVIDEND,UNKNOWN,EX_DATE_ECONOMIC_REINVESTMENT,cache/market.json.gz; SQLite corporate_actions/B3
CG_ONLY,BESST-10 BH,2018-09-03,60872504000123,ITUB4,ITUB4_2018-09-03_DISTRIBUTION_229,10.328219814067111,,0.0,10.328219814067111,CASH_DIVIDEND,UNKNOWN,EX_DATE_ECONOMIC_REINVESTMENT,cache/market.json.gz; SQLite corporate_actions/B3
CG_ONLY,BESST-10 BH,2018-09-04,60746948000112,BBDC4,BBDC4_2018-09-04_DISTRIBUTION_618,18.353285540502085,,0.0,18.353285540502085,JCP Mensais,UNKNOWN,EX_DATE_ECONOMIC_REINVESTMENT,https://www.bradescori.com.br/informacoes-ao-mercado/remuneracao-aos-acionistas/
CG_ONLY,BESST-10 BH,2018-09-18,02558157000162,VIVT4,CONT_2781_VIVT4_2018-09-18,1064.1467672561585,,0.0,1064.1467672561585,,UNKNOWN,EX_DATE_ECONOMIC_REINVESTMENT,cache/market.json.gz; B3
CG_ONLY,BESST-10 BH,2018-09-25,17281106000103,CSMG3,CONT_980_CSMG3_2018-09-25,480.4083103158188,,0.0,480.4083103158188,,UNKNOWN,EX_DATE_ECONOMIC_REINVESTMENT,cache/market.json.gz; B3
CG_ONLY,BESST-10 BH,2018-10-01,60872504000123,ITUB4,ITUB4_2018-10-01_DISTRIBUTION_228,10.393591642682752,,0.0,10.393591642682752,CASH_DIVIDEND,UNKNOWN,EX_DATE_ECONOMIC_REINVESTMENT,cache/market.json.gz; SQLite corporate_actions/B3
CG_ONLY,BESST-10 BH,2018-10-02,60746948000112,BBDC4,BBDC4_2018-10-02_DISTRIBUTION_619,18.54474719358236,,0.0,18.54474719358236,JCP Mensais,UNKNOWN,EX_DATE_ECONOMIC_REINVESTMENT,https://www.bradescori.com.br/informacoes-ao-mercado/remuneracao-aos-acionistas/
CG_ONLY,BESST-10 BH,2018-11-01,60872504000123,ITUB4,ITUB4_2018-11-01_DISTRIBUTION_227,10.415301769287314,,0.0,10.415301769287314,CASH_DIVIDEND,UNKNOWN,EX_DATE_ECONOMIC_REINVESTMENT,cache/market.json.gz; SQLite corporate_actions/B3
CG_ONLY,BESST-10 BH,2018-11-05,60746948000112,BBDC4,BBDC4_2018-11-05_DISTRIBUTION_620,18.601730812090263,,0.0,18.601730812090263,JCP Mensais,UNKNOWN,EX_DATE_ECONOMIC_REINVESTMENT,https://www.bradescori.com.br/informacoes-ao-mercado/remuneracao-aos-acionistas/
CG_ONLY,BESST-10 BH,2018-11-07,02149205000169,PSSA3,CONT_2151_PSSA3_2018-11-07,628.825954829493,,0.0,628.825954829493,,UNKNOWN,EX_DATE_ECONOMIC_REINVESTMENT,cache/market.json.gz; B3
CG_ONLY,BESST-10 BH,2018-11-13,02474103000119,TBLE3,TBLE3_2018-11-13_DISTRIBUTION_358,842.8373763952475,,0.0,842.8373763952475,CASH_DIVIDEND,UNKNOWN,EX_DATE_ECONOMIC_REINVESTMENT,cache/market.json.gz; SQLite corporate_actions/B3
CG_ONLY,BESST-10 BH,2018-11-27,02149205000169,PSSA3,CONT_2150_PSSA3_2018-11-27,768.6909131095359,,0.0,768.6909131095359,,UNKNOWN,EX_DATE_ECONOMIC_REINVESTMENT,cache/market.json.gz; B3
CG_ONLY,BESST-10 BH,2018-12-03,60872504000123,ITUB4,ITUB4_2018-12-03_DISTRIBUTION_226,15.69002030784802,,0.0,15.69002030784802,CASH_DIVIDEND,UNKNOWN,EX_DATE_ECONOMIC_REINVESTMENT,cache/market.json.gz; SQLite corporate_actions/B3
CG_ONLY,BESST-10 BH,2018-12-04,60746948000112,BBDC4,BBDC4_2018-12-04_DISTRIBUTION_621,18.659457032185188,,0.0,18.659457032185188,JCP Mensais,UNKNOWN,EX_DATE_ECONOMIC_REINVESTMENT,https://www.bradescori.com.br/informacoes-ao-mercado/remuneracao-aos-acionistas/
CG_ONLY,BESST-10 BH,2018-12-12,17344597000194,BBSE3,CONT_270_BBSE3_2018-12-12,1482.496840789767,,0.0,1482.496840789767,,UNKNOWN,EX_DATE_ECONOMIC_REINVESTMENT,cache/market.json.gz; B3
CG_ONLY,BESST-10 BH,2018-12-18,02558157000162,VIVT4,CONT_2780_VIVT4_2018-12-18,562.5033492353953,,0.0,562.5033492353953,,UNKNOWN,EX_DATE_ECONOMIC_REINVESTMENT,cache/market.json.gz; B3
CG_ONLY,BESST-10 BH,2018-12-18,60872504000123,ITUB4,ITUB4_2018-12-18_DISTRIBUTION_225,11.118477065606173,,0.0,11.118477065606173,JCP,UNKNOWN,EX_DATE_ECONOMIC_REINVESTMENT,cache/market.json.gz; SQLite corporate_actions/B3
CG_ONLY,BESST-10 BH,2018-12-26,17155730000164,CMIG4,CMIG4_2018-12-26_DISTRIBUTION_645,554.6655453081324,,0.0,554.6655453081324,,UNKNOWN,EX_DATE_ECONOMIC_REINVESTMENT,https://api.mziq.com/mzfilemanager/v2/d/716a131f-9624-452c-9088-0cd6983c1349/a2eb9f5f-37e1-8913-c1eb-c4281b5e23b2?origin=2
CG_ONLY,BESST-10 BH,2018-12-26,60746948000112,BBDC4,BBDC4_2018-12-26_DISTRIBUTION_622,718.4287961598864,,0.0,718.4287961598864,JCP Complementares,UNKNOWN,EX_DATE_ECONOMIC_REINVESTMENT,https://www.bradescori.com.br/informacoes-ao-mercado/remuneracao-aos-acionistas/
CG_ONLY,BESST-10 BH,2018-12-27,02474103000119,TBLE3,TBLE3_2018-12-27_DISTRIBUTION_357,526.4432906344598,,0.0,526.4432906344598,JCP,UNKNOWN,EX_DATE_ECONOMIC_REINVESTMENT,cache/market.json.gz; SQLite corporate_actions/B3
CG_ONLY,BESST-10 BH,2019-01-02,60872504000123,ITUB4,ITUB4_2019-01-02_DISTRIBUTION_224,15.738442740831337,,0.0,15.738442740831337,CASH_DIVIDEND,UNKNOWN,EX_DATE_ECONOMIC_REINVESTMENT,cache/market.json.gz; SQLite corporate_actions/B3
CG_ONLY,BESST-10 BH,2019-01-03,02558115000121,TIMP3,TIMP_GROSS_2019-01-03,405.1558542314593,,0.0,405.1558542314593,,UNKNOWN,EX_DATE_ECONOMIC_REINVESTMENT,research/graham_v6_comparison/audit_v13_inputs/documents/TIM_DIV.html.gz
CG_ONLY,BESST-10 BH,2019-01-03,60746948000112,BBDC4,BBDC4_2019-01-03_DISTRIBUTION_594,19.085130072841352,,0.0,19.085130072841352,JCP Mensais,UNKNOWN,EX_DATE_ECONOMIC_REINVESTMENT,https://www.bradescori.com.br/informacoes-ao-mercado/remuneracao-aos-acionistas/
CG_ONLY,BESST-10 BH,2019-02-01,60872504000123,ITUB4,ITUB4_2019-02-01_DISTRIBUTION_223,15.819200406531817,,0.0,15.819200406531817,CASH_DIVIDEND,UNKNOWN,EX_DATE_ECONOMIC_REINVESTMENT,cache/market.json.gz; SQLite corporate_actions/B3
CG_ONLY,BESST-10 BH,2019-02-04,60746948000112,BBDC4,BBDC4_2019-02-04_DISTRIBUTION_595,19.110372580180833,,0.0,19.110372580180833,JCP Mensais,UNKNOWN,EX_DATE_ECONOMIC_REINVESTMENT,https://www.bradescori.com.br/informacoes-ao-mercado/remuneracao-aos-acionistas/
CG_ONLY,BESST-10 BH,2019-02-15,17344597000194,BBSE3,CONT_269_BBSE3_2019-02-15,7.959735256757273,,0.0,7.959735256757273,,UNKNOWN,EX_DATE_ECONOMIC_REINVESTMENT,cache/market.json.gz; B3
CG_ONLY,BESST-10 BH,2019-02-22,60872504000123,ITUB4,ITUB4_2019-02-22_DISTRIBUTION_221,1116.8200691396316,,0.0,1116.8200691396316,CASH_DIVIDEND,UNKNOWN,EX_DATE_ECONOMIC_REINVESTMENT,cache/market.json.gz; SQLite corporate_actions/B3
CG_ONLY,BESST-10 BH,2019-02-22,60872504000123,ITUB4,ITUB4_2019-02-22_DISTRIBUTION_222,796.5593983184923,,0.0,796.5593983184923,JCP,UNKNOWN,EX_DATE_ECONOMIC_REINVESTMENT,cache/market.json.gz; SQLite corporate_actions/B3
CG_ONLY,BESST-10 BH,2019-03-01,02558157000162,VIVT4,CONT_2779_VIVT4_2019-03-01,307.5411146647863,,0.0,307.5411146647863,,UNKNOWN,EX_DATE_ECONOMIC_REINVESTMENT,cache/market.json.gz; B3
CG_ONLY,BESST-10 BH,2019-03-01,60872504000123,ITUB4,ITUB4_2019-03-01_DISTRIBUTION_220,16.726831610006524,,0.0,16.726831610006524,CASH_DIVIDEND,UNKNOWN,EX_DATE_ECONOMIC_REINVESTMENT,cache/market.json.gz; SQLite corporate_actions/B3
CG_ONLY,BESST-10 BH,2019-03-06,60746948000112,BBDC4,BBDC4_2019-03-06_DISTRIBUTION_596,19.143147641747262,,0.0,19.143147641747262,JCP Mensais,UNKNOWN,EX_DATE_ECONOMIC_REINVESTMENT,https://www.bradescori.com.br/informacoes-ao-mercado/remuneracao-aos-acionistas/
CG_ONLY,BESST-10 BH,2019-03-11,17281106000103,CSMG3,CONT_979_CSMG3_2019-03-11,821.2458590565834,,0.0,821.2458590565834,,UNKNOWN,EX_DATE_ECONOMIC_REINVESTMENT,cache/market.json.gz; B3
CG_ONLY,BESST-10 BH,2019-03-27,17281106000103,CSMG3,CONT_978_CSMG3_2019-03-27,477.52247097253877,,0.0,477.52247097253877,,UNKNOWN,EX_DATE_ECONOMIC_REINVESTMENT,cache/market.json.gz; B3
CG_ONLY,BESST-10 BH,2019-04-01,02149205000169,PSSA3,CONT_2149_PSSA3_2019-04-01,648.6913460617385,,0.0,648.6913460617385,,UNKNOWN,EX_DATE_ECONOMIC_REINVESTMENT,cache/market.json.gz; B3
CG_ONLY,BESST-10 BH,2019-04-01,60872504000123,ITUB4,ITUB4_2019-04-01_DISTRIBUTION_219,16.858304490483324,,0.0,16.858304490483324,CASH_DIVIDEND,UNKNOWN,EX_DATE_ECONOMIC_REINVESTMENT,cache/market.json.gz; SQLite corporate_actions/B3
CG_ONLY,BESST-10 BH,2019-04-02,60746948000112,BBDC4,BBDC4_2019-04-02_DISTRIBUTION_597,23.015212602398055,,0.0,23.015212602398055,JCP Mensais,UNKNOWN,EX_DATE_ECONOMIC_REINVESTMENT,https://www.bradescori.com.br/informacoes-ao-mercado/remuneracao-aos-acionistas/
CG_ONLY,BESST-10 BH,2019-04-12,02558157000162,VIVT4,CONT_2778_VIVT4_2019-04-12,1132.4377423436563,,0.0,1132.4377423436563,,UNKNOWN,EX_DATE_ECONOMIC_REINVESTMENT,cache/market.json.gz; B3
CG_ONLY,BESST-10 BH,2019-04-30,43776517000180,SBSP3,CONT_2260_SBSP3_2019-04-30,1232.2643268935242,,0.0,1232.2643268935242,,UNKNOWN,EX_DATE_ECONOMIC_REINVESTMENT,cache/market.json.gz; B3
CG_ONLY,BESST-10 BH,2019-05-02,02558157000162,VIVT4,CONT_2777_VIVT4_2019-05-02,269.94581260573324,,0.0,269.94581260573324,,UNKNOWN,EX_DATE_ECONOMIC_REINVESTMENT,cache/market.json.gz; B3
CG_ONLY,BESST-10 BH,2019-05-02,60872504000123,ITUB4,ITUB4_2019-05-02_DISTRIBUTION_218,17.031226629814697,,0.0,17.031226629814697,CASH_DIVIDEND,UNKNOWN,EX_DATE_ECONOMIC_REINVESTMENT,cache/market.json.gz; SQLite corporate_actions/B3
CG_ONLY,BESST-10 BH,2019-05-03,60746948000112,BBDC4,BBDC4_2019-05-03_DISTRIBUTION_598,23.12573278209796,,0.0,23.12573278209796,JCP Mensais,UNKNOWN,EX_DATE_ECONOMIC_REINVESTMENT,https://www.bradescori.com.br/informacoes-ao-mercado/remuneracao-aos-acionistas/
CG_ONLY,BESST-10 BH,2019-05-06,17155730000164,CMIG4,CMIG4_2019-05-06_DISTRIBUTION_646,1755.1634617652146,,0.0,1755.1634617652146,,UNKNOWN,EX_DATE_ECONOMIC_REINVESTMENT,https://api.mziq.com/mzfilemanager/v2/d/716a131f-9624-452c-9088-0cd6983c1349/a2eb9f5f-37e1-8913-c1eb-c4281b5e23b2?origin=2
CG_ONLY,BESST-10 BH,2019-05-07,02474103000119,TBLE3,TBLE3_2019-05-07_DISTRIBUTION_356,103.9206621638146,,0.0,103.9206621638146,CASH_DIVIDEND,UNKNOWN,EX_DATE_ECONOMIC_REINVESTMENT,cache/market.json.gz; SQLite corporate_actions/B3
CG_ONLY,BESST-10 BH,2019-06-03,60872504000123,ITUB4,ITUB4_2019-06-03_DISTRIBUTION_217,17.222045185435015,,0.0,17.222045185435015,CASH_DIVIDEND,UNKNOWN,EX_DATE_ECONOMIC_REINVESTMENT,cache/market.json.gz; SQLite corporate_actions/B3
CG_ONLY,BESST-10 BH,2019-06-04,60746948000112,BBDC4,BBDC4_2019-06-04_DISTRIBUTION_600,23.20764481037863,,0.0,23.20764481037863,JCP Mensais,UNKNOWN,EX_DATE_ECONOMIC_REINVESTMENT,https://www.bradescori.com.br/informacoes-ao-mercado/remuneracao-aos-acionistas/
CG_ONLY,BESST-10 BH,2019-06-24,17281106000103,CSMG3,CONT_977_CSMG3_2019-06-24,190.23723253470732,,0.0,190.23723253470732,,UNKNOWN,EX_DATE_ECONOMIC_REINVESTMENT,cache/market.json.gz; B3
CG_ONLY,BESST-10 BH,2019-06-26,02149205000169,PSSA3,CONT_2148_PSSA3_2019-06-26,612.0926721025934,,0.0,612.0926721025934,,UNKNOWN,EX_DATE_ECONOMIC_REINVESTMENT,cache/market.json.gz; B3
CG_ONLY,BESST-10 BH,2019-07-01,02558157000162,VIVT4,CONT_2776_VIVT4_2019-07-01,474.97560894426533,,0.0,474.97560894426533,,UNKNOWN,EX_DATE_ECONOMIC_REINVESTMENT,cache/market.json.gz; B3
CG_ONLY,BESST-10 BH,2019-07-01,60746948000112,BBDC4,BBDC4_2019-07-01_DISTRIBUTION_599,232.24673366271995,,0.0,232.24673366271995,JCP Intermediário,UNKNOWN,EX_DATE_ECONOMIC_REINVESTMENT,https://www.bradescori.com.br/informacoes-ao-mercado/remuneracao-aos-acionistas/
CG_ONLY,BESST-10 BH,2019-07-01,60872504000123,ITUB4,ITUB4_2019-07-01_DISTRIBUTION_216,17.402148768365937,,0.0,17.402148768365937,CASH_DIVIDEND,UNKNOWN,EX_DATE_ECONOMIC_REINVESTMENT,cache/market.json.gz; SQLite corporate_actions/B3
CG_ONLY,BESST-10 BH,2019-07-02,60746948000112,BBDC4,BBDC4_2019-07-02_DISTRIBUTION_601,23.40919575550427,,0.0,23.40919575550427,JCP Mensais,UNKNOWN,EX_DATE_ECONOMIC_REINVESTMENT,https://www.bradescori.com.br/informacoes-ao-mercado/remuneracao-aos-acionistas/
CG_ONLY,BESST-10 BH,2019-08-01,60872504000123,ITUB4,ITUB4_2019-08-01_DISTRIBUTION_215,17.56914814872528,,0.0,17.56914814872528,CASH_DIVIDEND,UNKNOWN,EX_DATE_ECONOMIC_REINVESTMENT,cache/market.json.gz; SQLite corporate_actions/B3
CG_ONLY,BESST-10 BH,2019-08-02,60746948000112,BBDC4,BBDC4_2019-08-02_DISTRIBUTION_602,23.642260864685575,,0.0,23.642260864685575,JCP Mensais,UNKNOWN,EX_DATE_ECONOMIC_REINVESTMENT,https://www.bradescori.com.br/informacoes-ao-mercado/remuneracao-aos-acionistas/
CG_ONLY,BESST-10 BH,2019-08-12,02558115000121,TIMP3,TIMP_GROSS_2019-08-12,468.7802443115446,,0.0,468.7802443115446,,UNKNOWN,EX_DATE_ECONOMIC_REINVESTMENT,research/graham_v6_comparison/audit_v13_inputs/documents/TIM_DIV.html.gz
CG_ONLY,BESST-10 BH,2019-08-12,17344597000194,BBSE3,CONT_268_BBSE3_2019-08-12,10.619595325485351,,0.0,10.619595325485351,,UNKNOWN,EX_DATE_ECONOMIC_REINVESTMENT,cache/market.json.gz; B3
CG_ONLY,BESST-10 BH,2019-08-16,60872504000123,ITUB4,ITUB4_2019-08-16_DISTRIBUTION_214,932.5427101860574,,0.0,932.5427101860574,CASH_DIVIDEND,UNKNOWN,EX_DATE_ECONOMIC_REINVESTMENT,cache/market.json.gz; SQLite corporate_actions/B3
CG_ONLY,BESST-10 BH,2019-09-02,60872504000123,ITUB4,ITUB4_2019-09-02_DISTRIBUTION_213,18.183485998918133,,0.0,18.183485998918133,CASH_DIVIDEND,UNKNOWN,EX_DATE_ECONOMIC_REINVESTMENT,cache/market.json.gz; SQLite corporate_actions/B3
CG_ONLY,BESST-10 BH,2019-09-03,60746948000112,BBDC4,BBDC4_2019-09-03_DISTRIBUTION_603,23.958650070053032,,0.0,23.958650070053032,JCP Mensais,UNKNOWN,EX_DATE_ECONOMIC_REINVESTMENT,https://www.bradescori.com.br/informacoes-ao-mercado/remuneracao-aos-acionistas/
CG_ONLY,BESST-10 BH,2019-09-25,17281106000103,CSMG3,CONT_976_CSMG3_2019-09-25,474.25654822716547,,0.0,474.25654822716547,,UNKNOWN,EX_DATE_ECONOMIC_REINVESTMENT,cache/market.json.gz; B3
CG_ONLY,BESST-10 BH,2019-10-01,60872504000123,ITUB4,ITUB4_2019-10-01_DISTRIBUTION_212,18.425634994714574,,0.0,18.425634994714574,CASH_DIVIDEND,UNKNOWN,EX_DATE_ECONOMIC_REINVESTMENT,cache/market.json.gz; SQLite corporate_actions/B3
CG_ONLY,BESST-10 BH,2019-10-02,60746948000112,BBDC4,BBDC4_2019-10-02_DISTRIBUTION_605,24.25274947323547,,0.0,24.25274947323547,JCP Mensais,UNKNOWN,EX_DATE_ECONOMIC_REINVESTMENT,https://www.bradescori.com.br/informacoes-ao-mercado/remuneracao-aos-acionistas/
CG_ONLY,BESST-10 BH,2019-10-08,02558115000121,TIMP3,TIMP_GROSS_2019-10-08,505.88089721599414,,0.0,505.88089721599414,,UNKNOWN,EX_DATE_ECONOMIC_REINVESTMENT,research/graham_v6_comparison/audit_v13_inputs/documents/TIM_DIV.html.gz
CG_ONLY,BESST-10 BH,2019-10-18,60746948000112,BBDC4,BBDC4_2019-10-18_DISTRIBUTION_604,1334.5670546097952,,0.0,1334.5670546097952,Dividendos Extraordinários,UNKNOWN,EX_DATE_ECONOMIC_REINVESTMENT,https://www.bradescori.com.br/informacoes-ao-mercado/remuneracao-aos-acionistas/
CG_ONLY,BESST-10 BH,2019-10-30,02149205000169,PSSA3,CONT_2147_PSSA3_2019-10-30,558.8596787773964,,0.0,558.8596787773964,,UNKNOWN,EX_DATE_ECONOMIC_REINVESTMENT,cache/market.json.gz; B3
CG_ONLY,BESST-10 BH,2019-11-01,60872504000123,ITUB4,ITUB4_2019-11-01_DISTRIBUTION_211,18.655834192912735,,0.0,18.655834192912735,CASH_DIVIDEND,UNKNOWN,EX_DATE_ECONOMIC_REINVESTMENT,cache/market.json.gz; SQLite corporate_actions/B3
CG_ONLY,BESST-10 BH,2019-11-04,60746948000112,BBDC4,BBDC4_2019-11-04_DISTRIBUTION_606,25.210806398110428,,0.0,25.210806398110428,JCP Mensais,UNKNOWN,EX_DATE_ECONOMIC_REINVESTMENT,https://www.bradescori.com.br/informacoes-ao-mercado/remuneracao-aos-acionistas/
CG_ONLY,BESST-10 BH,2019-12-02,60872504000123,ITUB4,ITUB4_2019-12-02_DISTRIBUTION_210,18.82962699020295,,0.0,18.82962699020295,CASH_DIVIDEND,UNKNOWN,EX_DATE_ECONOMIC_REINVESTMENT,cache/market.json.gz; SQLite corporate_actions/B3
CG_ONLY,BESST-10 BH,2019-12-03,02474103000119,TBLE3,TBLE3_2019-12-03_DISTRIBUTION_354,1220.180902655186,,0.0,1220.180902655186,CASH_DIVIDEND,UNKNOWN,EX_DATE_ECONOMIC_REINVESTMENT,cache/market.json.gz; SQLite corporate_actions/B3
CG_ONLY,BESST-10 BH,2019-12-03,02474103000119,TBLE3,TBLE3_2019-12-03_DISTRIBUTION_355,483.4834155930094,,0.0,483.4834155930094,JCP,UNKNOWN,EX_DATE_ECONOMIC_REINVESTMENT,cache/market.json.gz; SQLite corporate_actions/B3
CG_ONLY,BESST-10 BH,2019-12-03,60746948000112,BBDC4,BBDC4_2019-12-03_DISTRIBUTION_607,25.53238159634058,,0.0,25.53238159634058,JCP Mensais,UNKNOWN,EX_DATE_ECONOMIC_REINVESTMENT,https://www.bradescori.com.br/informacoes-ao-mercado/remuneracao-aos-acionistas/
CG_ONLY,BESST-10 BH,2019-12-13,60872504000123,ITUB4,ITUB4_2019-12-13_DISTRIBUTION_209,47.77371285235826,,0.0,47.77371285235826,JCP,UNKNOWN,EX_DATE_ECONOMIC_REINVESTMENT,cache/market.json.gz; SQLite corporate_actions/B3
CG_ONLY,BESST-10 BH,2019-12-20,60746948000112,BBDC4,BBDC4_2019-12-20_DISTRIBUTION_608,745.4984479238001,,0.0,745.4984479238001,JCP Complementar,UNKNOWN,EX_DATE_ECONOMIC_REINVESTMENT,https://www.bradescori.com.br/informacoes-ao-mercado/remuneracao-aos-acionistas/
CG_ONLY,BESST-10 BH,2019-12-26,17155730000164,CMIG4,CMIG4_2019-12-26_DISTRIBUTION_647,1103.579853952525,,0.0,1103.579853952525,,UNKNOWN,EX_DATE_ECONOMIC_REINVESTMENT,https://api.mziq.com/mzfilemanager/v2/d/716a131f-9624-452c-9088-0cd6983c1349/a2eb9f5f-37e1-8913-c1eb-c4281b5e23b2?origin=2
CG_ONLY,BESST-10 BH,2020-01-02,02558157000162,VIVT4,CONT_2774_VIVT4_2020-01-02,522.5504188151035,,0.0,522.5504188151035,,UNKNOWN,EX_DATE_ECONOMIC_REINVESTMENT,cache/market.json.gz; B3
CG_ONLY,BESST-10 BH,2020-01-02,02558157000162,VIVT4,CONT_2775_VIVT4_2020-01-02,182.8926465827201,,0.0,182.8926465827201,,UNKNOWN,EX_DATE_ECONOMIC_REINVESTMENT,cache/market.json.gz; B3
CG_ONLY,BESST-10 BH,2020-01-02,60872504000123,ITUB4,ITUB4_2020-01-02_DISTRIBUTION_208,19.098694573659976,,0.0,19.098694573659976,CASH_DIVIDEND,UNKNOWN,EX_DATE_ECONOMIC_REINVESTMENT,cache/market.json.gz; SQLite corporate_actions/B3
CG_ONLY,BESST-10 BH,2020-01-03,60746948000112,BBDC4,BBDC4_2020-01-03_DISTRIBUTION_580,26.172130009684174,,0.0,26.172130009684174,JCP Mensais,UNKNOWN,EX_DATE_ECONOMIC_REINVESTMENT,https://www.bradescori.com.br/informacoes-ao-mercado/remuneracao-aos-acionistas/
CG_ONLY,BESST-10 BH,2020-01-20,02558115000121,TIMP3,TIMP_GROSS_2020-01-20,348.6485653693908,,0.0,348.6485653693908,,UNKNOWN,EX_DATE_ECONOMIC_REINVESTMENT,research/graham_v6_comparison/audit_v13_inputs/documents/TIM_DIV.html.gz
CG_ONLY,BESST-10 BH,2020-02-03,60872504000123,ITUB4,ITUB4_2020-02-03_DISTRIBUTION_207,19.36651959406967,,0.0,19.36651959406967,CASH_DIVIDEND,UNKNOWN,EX_DATE_ECONOMIC_REINVESTMENT,cache/market.json.gz; SQLite corporate_actions/B3
CG_ONLY,BESST-10 BH,2020-02-04,60746948000112,BBDC4,BBDC4_2020-02-04_DISTRIBUTION_582,26.59459673507627,,0.0,26.59459673507627,JCP Mensais,UNKNOWN,EX_DATE_ECONOMIC_REINVESTMENT,https://www.bradescori.com.br/informacoes-ao-mercado/remuneracao-aos-acionistas/
CG_ONLY,BESST-10 BH,2020-02-14,17344597000194,BBSE3,CONT_267_BBSE3_2020-02-14,2619.833783353997,,0.0,2619.833783353997,,UNKNOWN,EX_DATE_ECONOMIC_REINVESTMENT,cache/market.json.gz; B3
CG_ONLY,BESST-10 BH,2020-02-18,60746948000112,BBDC4,BBDC4_2020-02-18_DISTRIBUTION_581,89.80173676876389,,0.0,89.80173676876389,Dividendos Complementares,UNKNOWN,EX_DATE_ECONOMIC_REINVESTMENT,https://www.bradescori.com.br/informacoes-ao-mercado/remuneracao-aos-acionistas/
CG_ONLY,BESST-10 BH,2020-02-21,60872504000123,ITUB4,ITUB4_2020-02-21_DISTRIBUTION_205,637.4164751775363,,0.0,637.4164751775363,CASH_DIVIDEND,UNKNOWN,EX_DATE_ECONOMIC_REINVESTMENT,cache/market.json.gz; SQLite corporate_actions/B3
CG_ONLY,BESST-10 BH,2020-02-21,60872504000123,ITUB4,ITUB4_2020-02-21_DISTRIBUTION_206,690.5784866627488,,0.0,690.5784866627488,JCP,UNKNOWN,EX_DATE_ECONOMIC_REINVESTMENT,cache/market.json.gz; SQLite corporate_actions/B3
CG_ONLY,BESST-10 BH,2020-03-02,02558157000162,VIVT4,CONT_2773_VIVT4_2020-03-02,145.54912825447877,,0.0,145.54912825447877,,UNKNOWN,EX_DATE_ECONOMIC_REINVESTMENT,cache/market.json.gz; B3
CG_ONLY,BESST-10 BH,2020-03-02,60872504000123,ITUB4,ITUB4_2020-03-02_DISTRIBUTION_204,20.396893999170583,,0.0,20.396893999170583,CASH_DIVIDEND,UNKNOWN,EX_DATE_ECONOMIC_REINVESTMENT,cache/market.json.gz; SQLite corporate_actions/B3
CG_ONLY,BESST-10 BH,2020-03-03,60746948000112,BBDC4,BBDC4_2020-03-03_DISTRIBUTION_583,27.126246591204122,,0.0,27.126246591204122,JCP Mensais,UNKNOWN,EX_DATE_ECONOMIC_REINVESTMENT,https://www.bradescori.com.br/informacoes-ao-mercado/remuneracao-aos-acionistas/
CG_ONLY,BESST-10 BH,2020-03-26,17281106000103,CSMG3,CONT_975_CSMG3_2020-03-26,416.27829884679903,,0.0,416.27829884679903,,UNKNOWN,EX_DATE_ECONOMIC_REINVESTMENT,cache/market.json.gz; B3
CG_ONLY,BESST-10 BH,2020-04-01,02149205000169,PSSA3,CONT_2146_PSSA3_2020-04-01,875.0753922022759,,0.0,875.0753922022759,,UNKNOWN,EX_DATE_ECONOMIC_REINVESTMENT,cache/market.json.gz; B3
CG_ONLY,BESST-10 BH,2020-04-01,02558157000162,VIVT4,CONT_2772_VIVT4_2020-04-01,81.76295743805393,,0.0,81.76295743805393,,UNKNOWN,EX_DATE_ECONOMIC_REINVESTMENT,cache/market.json.gz; B3
CG_ONLY,BESST-10 BH,2020-04-01,60872504000123,ITUB4,ITUB4_2020-04-01_DISTRIBUTION_203,20.765264726973793,,0.0,20.765264726973793,CASH_DIVIDEND,UNKNOWN,EX_DATE_ECONOMIC_REINVESTMENT,cache/market.json.gz; SQLite corporate_actions/B3
CG_ONLY,BESST-10 BH,2020-04-02,60746948000112,BBDC4,BBDC4_2020-04-02_DISTRIBUTION_584,28.05713192500631,,0.0,28.05713192500631,JCP Mensais,UNKNOWN,EX_DATE_ECONOMIC_REINVESTMENT,https://www.bradescori.com.br/informacoes-ao-mercado/remuneracao-aos-acionistas/
CG_ONLY,BESST-10 BH,2020-04-29,43776517000180,SBSP3,CONT_2259_SBSP3_2020-04-29,1499.8207407993273,,0.0,1499.8207407993273,,UNKNOWN,EX_DATE_ECONOMIC_REINVESTMENT,cache/market.json.gz; B3
CG_ONLY,BESST-10 BH,2020-05-04,60872504000123,ITUB4,ITUB4_2020-05-04_DISTRIBUTION_202,21.371050848092207,,0.0,21.371050848092207,CASH_DIVIDEND,UNKNOWN,EX_DATE_ECONOMIC_REINVESTMENT,cache/market.json.gz; SQLite corporate_actions/B3
CG_ONLY,BESST-10 BH,2020-05-05,60746948000112,BBDC4,BBDC4_2020-05-05_DISTRIBUTION_585,31.872344270947092,,0.0,31.872344270947092,JCP Mensais,UNKNOWN,EX_DATE_ECONOMIC_REINVESTMENT,https://www.bradescori.com.br/informacoes-ao-mercado/remuneracao-aos-acionistas/
CG_ONLY,BESST-10 BH,2020-05-29,02558157000162,VIVT4,CONT_2771_VIVT4_2020-05-29,1198.9234953845812,,0.0,1198.9234953845812,,UNKNOWN,EX_DATE_ECONOMIC_REINVESTMENT,cache/market.json.gz; B3
CG_ONLY,BESST-10 BH,2020-06-01,60872504000123,ITUB4,ITUB4_2020-06-01_DISTRIBUTION_201,21.95350547115081,,0.0,21.95350547115081,CASH_DIVIDEND,UNKNOWN,EX_DATE_ECONOMIC_REINVESTMENT,cache/market.json.gz; SQLite corporate_actions/B3
CG_ONLY,BESST-10 BH,2020-06-02,60746948000112,BBDC4,BBDC4_2020-06-02_DISTRIBUTION_586,32.6949162830546,,0.0,32.6949162830546,JCP Mensais,UNKNOWN,EX_DATE_ECONOMIC_REINVESTMENT,https://www.bradescori.com.br/informacoes-ao-mercado/remuneracao-aos-acionistas/
CG_ONLY,BESST-10 BH,2020-06-24,17281106000103,CSMG3,CONT_974_CSMG3_2020-06-24,405.49348248107356,,0.0,405.49348248107356,,UNKNOWN,EX_DATE_ECONOMIC_REINVESTMENT,cache/market.json.gz; B3
CG_ONLY,BESST-10 BH,2020-06-30,02149205000169,PSSA3,CONT_2145_PSSA3_2020-06-30,547.8455632163243,,0.0,547.8455632163243,,UNKNOWN,EX_DATE_ECONOMIC_REINVESTMENT,cache/market.json.gz; B3
CG_ONLY,BESST-10 BH,2020-07-01,02558157000162,VIVT4,CONT_2732_VIVT4_2020-07-01,507.44323013292376,,0.0,507.44323013292376,,UNKNOWN,EX_DATE_ECONOMIC_REINVESTMENT,https://api.mziq.com/mzfilemanager/v2/d/24165f81-24d6-4648-bf9f-66712905d5a2/34b95df5-e8c3-6d48-b667-42e740e0df5e?origin=2
CG_ONLY,BESST-10 BH,2020-07-01,60872504000123,ITUB4,ITUB4_2020-07-01_DISTRIBUTION_200,22.43524707209321,,0.0,22.43524707209321,CASH_DIVIDEND,UNKNOWN,EX_DATE_ECONOMIC_REINVESTMENT,cache/market.json.gz; SQLite corporate_actions/B3
CG_ONLY,BESST-10 BH,2020-07-02,60746948000112,BBDC4,BBDC4_2020-07-02_DISTRIBUTION_587,33.463410863747725,,0.0,33.463410863747725,JCP Mensais,UNKNOWN,EX_DATE_ECONOMIC_REINVESTMENT,https://www.bradescori.com.br/informacoes-ao-mercado/remuneracao-aos-acionistas/
CG_ONLY,BESST-10 BH,2020-08-03,17155730000164,CMIG4,CMIG4_2020-08-03_DISTRIBUTION_648,1048.4819159435463,,0.0,1048.4819159435463,,UNKNOWN,EX_DATE_ECONOMIC_REINVESTMENT,https://api.mziq.com/mzfilemanager/v2/d/716a131f-9624-452c-9088-0cd6983c1349/a2eb9f5f-37e1-8913-c1eb-c4281b5e23b2?origin=2
CG_ONLY,BESST-10 BH,2020-08-03,60872504000123,ITUB4,ITUB4_2020-08-03_DISTRIBUTION_199,22.827293998836257,,0.0,22.827293998836257,CASH_DIVIDEND,UNKNOWN,EX_DATE_ECONOMIC_REINVESTMENT,cache/market.json.gz; SQLite corporate_actions/B3
CG_ONLY,BESST-10 BH,2020-08-04,60746948000112,BBDC4,BBDC4_2020-08-04_DISTRIBUTION_588,34.23986917182946,,0.0,34.23986917182946,JCP Mensais,UNKNOWN,EX_DATE_ECONOMIC_REINVESTMENT,https://www.bradescori.com.br/informacoes-ao-mercado/remuneracao-aos-acionistas/
CG_ONLY,BESST-10 BH,2020-08-10,02474103000119,TBLE3,TBLE3_2020-08-10_DISTRIBUTION_353,956.4268608637849,,0.0,956.4268608637849,CASH_DIVIDEND,UNKNOWN,EX_DATE_ECONOMIC_REINVESTMENT,cache/market.json.gz; SQLite corporate_actions/B3
CG_ONLY,BESST-10 BH,2020-08-13,17344597000194,BBSE3,CONT_2559_BBSE3_2020-08-13,1361.5334750720037,,0.0,1361.5334750720037,,UNKNOWN,EX_DATE_ECONOMIC_REINVESTMENT,BBSE_DIV
CG_ONLY,BESST-10 BH,2020-08-18,60872504000123,ITUB4,ITUB4_2020-08-18_DISTRIBUTION_198,81.91147704521748,,0.0,81.91147704521748,JCP,UNKNOWN,EX_DATE_ECONOMIC_REINVESTMENT,cache/market.json.gz; SQLite corporate_actions/B3
CG_ONLY,BESST-10 BH,2020-09-01,60872504000123,ITUB4,ITUB4_2020-09-01_DISTRIBUTION_197,23.27700453770148,,0.0,23.27700453770148,CASH_DIVIDEND,UNKNOWN,EX_DATE_ECONOMIC_REINVESTMENT,cache/market.json.gz; SQLite corporate_actions/B3
CG_ONLY,BESST-10 BH,2020-09-02,60746948000112,BBDC4,BBDC4_2020-09-02_DISTRIBUTION_589,35.083027963880916,,0.0,35.083027963880916,JCP Mensais,UNKNOWN,EX_DATE_ECONOMIC_REINVESTMENT,https://www.bradescori.com.br/informacoes-ao-mercado/remuneracao-aos-acionistas/
CG_ONLY,BESST-10 BH,2020-09-23,17281106000103,CSMG3,CONT_2686_CSMG3_2020-09-23,586.4633216726302,,0.0,586.4633216726302,,UNKNOWN,EX_DATE_ECONOMIC_REINVESTMENT,B3
CG_ONLY,BESST-10 BH,2020-09-28,17155730000164,CMIG4,CMIG4_2020-09-28_DISTRIBUTION_649,353.188095254544,,0.0,353.188095254544,,UNKNOWN,EX_DATE_ECONOMIC_REINVESTMENT,https://api.mziq.com/mzfilemanager/v2/d/716a131f-9624-452c-9088-0cd6983c1349/a2eb9f5f-37e1-8913-c1eb-c4281b5e23b2?origin=2
CG_ONLY,BESST-10 BH,2020-09-29,02558157000162,VIVT4,CONT_2733_VIVT4_2020-09-29,376.51220897026906,,0.0,376.51220897026906,,UNKNOWN,EX_DATE_ECONOMIC_REINVESTMENT,https://api.mziq.com/mzfilemanager/v2/d/24165f81-24d6-4648-bf9f-66712905d5a2/34b95df5-e8c3-6d48-b667-42e740e0df5e?origin=2
CG_ONLY,BESST-10 BH,2020-10-01,60872504000123,ITUB4,ITUB4_2020-10-01_DISTRIBUTION_196,23.873947128036463,,0.0,23.873947128036463,CASH_DIVIDEND,UNKNOWN,EX_DATE_ECONOMIC_REINVESTMENT,cache/market.json.gz; SQLite corporate_actions/B3
CG_ONLY,BESST-10 BH,2020-10-02,60746948000112,BBDC4,BBDC4_2020-10-02_DISTRIBUTION_590,35.924267210110585,,0.0,35.924267210110585,JCP Mensais,UNKNOWN,EX_DATE_ECONOMIC_REINVESTMENT,https://www.bradescori.com.br/informacoes-ao-mercado/remuneracao-aos-acionistas/
CG_ONLY,BESST-10 BH,2020-10-20,02558115000121,TIMS3,CONT_2734_TIMS3_2020-10-20,708.3327000138131,,0.0,708.3327000138131,,UNKNOWN,EX_DATE_ECONOMIC_REINVESTMENT,https://api.mziq.com/mzfilemanager/v2/d/4c4aa51f-1235-4aa1-8b83-adc92e8dacc3/f254c76d-5442-4947-aad9-e2816de7e7d3?origin=2;https://api.mziq.com/mzfilemanager/v2/d/4c4aa51f-1235-4aa1-8b83-adc92e8dacc3/be78844f-4634-42c0-ae1c-a18bd2d7782e?origin=2
CG_ONLY,BESST-10 BH,2020-11-03,02149205000169,PSSA3,CONT_2735_PSSA3_2020-11-03,521.3673166680459,,0.0,521.3673166680459,,UNKNOWN,EX_DATE_ECONOMIC_REINVESTMENT,https://api.mziq.com/mzfilemanager/v2/d/b77a3922-d280-4451-b3ee-0afec4577834/f9e62720-e79a-1676-864d-2a184a052c0f?origin=2;https://api.mziq.com/mzfilemanager/v2/d/b77a3922-d280-4451-b3ee-0afec4577834/493a6ff0-1341-22f7-1a72-d9896b29432f?origin=2
CG_ONLY,BESST-10 BH,2020-11-03,60872504000123,ITUB4,ITUB4_2020-11-03_DISTRIBUTION_195,24.45771242771769,,0.0,24.45771242771769,CASH_DIVIDEND,UNKNOWN,EX_DATE_ECONOMIC_REINVESTMENT,cache/market.json.gz; SQLite corporate_actions/B3
CG_ONLY,BESST-10 BH,2020-11-04,60746948000112,BBDC4,BBDC4_2020-11-04_DISTRIBUTION_591,36.481270063575,,0.0,36.481270063575,JCP Mensais,UNKNOWN,EX_DATE_ECONOMIC_REINVESTMENT,https://www.bradescori.com.br/informacoes-ao-mercado/remuneracao-aos-acionistas/
CG_ONLY,BESST-10 BH,2020-11-20,17281106000103,CSMG3,CONT_2687_CSMG3_2020-11-20,7696.457714890439,,0.0,7696.457714890439,,UNKNOWN,EX_DATE_ECONOMIC_REINVESTMENT,B3
CG_ONLY,BESST-10 BH,2020-11-30,02558157000162,VIVT3,CONT_2736_VIVT3_2020-11-30,230.67063797725243,,0.0,230.67063797725243,,UNKNOWN,EX_DATE_ECONOMIC_REINVESTMENT,https://api.mziq.com/mzfilemanager/v2/d/24165f81-24d6-4648-bf9f-66712905d5a2/34b95df5-e8c3-6d48-b667-42e740e0df5e?origin=2
CG_ONLY,BESST-10 BH,2020-12-01,60872504000123,ITUB4,ITUB4_2020-12-01_DISTRIBUTION_194,24.85180561830376,,0.0,24.85180561830376,CASH_DIVIDEND,UNKNOWN,EX_DATE_ECONOMIC_REINVESTMENT,cache/market.json.gz; SQLite corporate_actions/B3
CG_ONLY,BESST-10 BH,2020-12-02,60746948000112,BBDC4,BBDC4_2020-12-02_DISTRIBUTION_592,36.64902953251318,,0.0,36.64902953251318,JCP Mensais,UNKNOWN,EX_DATE_ECONOMIC_REINVESTMENT,https://www.bradescori.com.br/informacoes-ao-mercado/remuneracao-aos-acionistas/
CG_ONLY,BESST-10 BH,2020-12-11,60872504000123,ITUB4,ITUB4_2020-12-11_DISTRIBUTION_193,106.42785569301252,,0.0,106.42785569301252,JCP,UNKNOWN,EX_DATE_ECONOMIC_REINVESTMENT,cache/market.json.gz; SQLite corporate_actions/B3
CG_ONLY,BESST-10 BH,2020-12-21,02474103000119,TBLE3,TBLE3_2020-12-21_DISTRIBUTION_351,798.411034660775,,0.0,798.411034660775,CASH_DIVIDEND,UNKNOWN,EX_DATE_ECONOMIC_REINVESTMENT,cache/market.json.gz; SQLite corporate_actions/B3
CG_ONLY,BESST-10 BH,2020-12-21,02474103000119,TBLE3,TBLE3_2020-12-21_DISTRIBUTION_352,251.99090201442348,,0.0,251.99090201442348,JCP,UNKNOWN,EX_DATE_ECONOMIC_REINVESTMENT,cache/market.json.gz; SQLite corporate_actions/B3
CG_ONLY,BESST-10 BH,2020-12-21,02558115000121,TIMS3,CONT_2737_TIMS3_2020-12-21,853.5395256203302,,0.0,853.5395256203302,,UNKNOWN,EX_DATE_ECONOMIC_REINVESTMENT,https://api.mziq.com/mzfilemanager/v2/d/4c4aa51f-1235-4aa1-8b83-adc92e8dacc3/c586e22e-1cf8-403d-8731-dc96ab412253?origin=2;https://api.mziq.com/mzfilemanager/v2/d/4c4aa51f-1235-4aa1-8b83-adc92e8dacc3/620d660d-c87e-4aec-b107-f541814149da?origin=2
CG_ONLY,BESST-10 BH,2020-12-29,02558157000162,VIVT3,CONT_2738_VIVT3_2020-12-29,707.2578603209568,,0.0,707.2578603209568,,UNKNOWN,EX_DATE_ECONOMIC_REINVESTMENT,https://api.mziq.com/mzfilemanager/v2/d/24165f81-24d6-4648-bf9f-66712905d5a2/34b95df5-e8c3-6d48-b667-42e740e0df5e?origin=2
CG_ONLY,BESST-10 BH,2020-12-29,02558157000162,VIVT3,CONT_2739_VIVT3_2020-12-29,153.2392030653949,,0.0,153.2392030653949,,UNKNOWN,EX_DATE_ECONOMIC_REINVESTMENT,https://api.mziq.com/mzfilemanager/v2/d/24165f81-24d6-4648-bf9f-66712905d5a2/34b95df5-e8c3-6d48-b667-42e740e0df5e?origin=2
CG_ONLY,BESST-10 BH,2020-12-29,60746948000112,BBDC4,BBDC4_2020-12-29_DISTRIBUTION_593,802.669820676239,,0.0,802.669820676239,JCP Complementares,UNKNOWN,EX_DATE_ECONOMIC_REINVESTMENT,https://www.bradescori.com.br/informacoes-ao-mercado/remuneracao-aos-acionistas/
CG_ONLY,BESST-10 BH,2021-01-04,17155730000164,CMIG4,CMIG4_2021-01-04_DISTRIBUTION_650,1285.743638054206,,0.0,1285.743638054206,,UNKNOWN,EX_DATE_ECONOMIC_REINVESTMENT,https://api.mziq.com/mzfilemanager/v2/d/716a131f-9624-452c-9088-0cd6983c1349/a2eb9f5f-37e1-8913-c1eb-c4281b5e23b2?origin=2
CG_ONLY,BESST-10 BH,2021-01-04,60872504000123,ITUB4,ITUB4_2021-01-04_DISTRIBUTION_192,25.010632210537562,,0.0,25.010632210537562,CASH_DIVIDEND,UNKNOWN,EX_DATE_ECONOMIC_REINVESTMENT,cache/market.json.gz; SQLite corporate_actions/B3
CG_ONLY,BESST-10 BH,2021-01-05,60746948000112,BBDC4,BBDC4_2021-01-05_DISTRIBUTION_564,37.309419118737914,,0.0,37.309419118737914,JCP Mensais,UNKNOWN,EX_DATE_ECONOMIC_REINVESTMENT,https://www.bradescori.com.br/informacoes-ao-mercado/remuneracao-aos-acionistas/
CG_ONLY,BESST-10 BH,2021-01-26,60872504000123,ITUB4,ITUB4_2021-01-26_DISTRIBUTION_191,83.90298881823227,,0.0,83.90298881823227,JCP,UNKNOWN,EX_DATE_ECONOMIC_REINVESTMENT,cache/market.json.gz; SQLite corporate_actions/B3
CG_ONLY,BESST-10 BH,2021-02-01,60872504000123,ITUB4,ITUB4_2021-02-01_DISTRIBUTION_190,25.13515696356633,,0.0,25.13515696356633,CASH_DIVIDEND,UNKNOWN,EX_DATE_ECONOMIC_REINVESTMENT,cache/market.json.gz; SQLite corporate_actions/B3
CG_ONLY,BESST-10 BH,2021-02-02,60746948000112,BBDC4,BBDC4_2021-02-02_DISTRIBUTION_565,37.48845306675434,,0.0,37.48845306675434,JCP Mensais,UNKNOWN,EX_DATE_ECONOMIC_REINVESTMENT,https://www.bradescori.com.br/informacoes-ao-mercado/remuneracao-aos-acionistas/
CG_ONLY,BESST-10 BH,2021-02-12,17344597000194,BBSE3,CONT_2558_BBSE3_2021-02-12,808.2501040560824,,0.0,808.2501040560824,,UNKNOWN,EX_DATE_ECONOMIC_REINVESTMENT,BBSE_DIV
CG_ONLY,BESST-10 BH,2021-02-18,60746948000112,BBDC4,BBDC4_2021-02-18_DISTRIBUTION_566,43.144772758714005,,0.0,43.144772758714005,JCP Suplementares,UNKNOWN,EX_DATE_ECONOMIC_REINVESTMENT,https://www.bradescori.com.br/informacoes-ao-mercado/remuneracao-aos-acionistas/
CG_ONLY,BESST-10 BH,2021-02-26,60872504000123,ITUB4,ITUB4_2021-02-26_DISTRIBUTION_188,162.57261046653224,,0.0,162.57261046653224,CASH_DIVIDEND,UNKNOWN,EX_DATE_ECONOMIC_REINVESTMENT,cache/market.json.gz; SQLite corporate_actions/B3
CG_ONLY,BESST-10 BH,2021-02-26,60872504000123,ITUB4,ITUB4_2021-02-26_DISTRIBUTION_189,85.29383382324106,,0.0,85.29383382324106,JCP,UNKNOWN,EX_DATE_ECONOMIC_REINVESTMENT,cache/market.json.gz; SQLite corporate_actions/B3
CG_ONLY,BESST-10 BH,2021-03-01,02558157000162,VIVT3,CONT_2741_VIVT3_2021-03-01,92.09784378772336,,0.0,92.09784378772336,,UNKNOWN,EX_DATE_ECONOMIC_REINVESTMENT,https://api.mziq.com/mzfilemanager/v2/d/24165f81-24d6-4648-bf9f-66712905d5a2/34b95df5-e8c3-6d48-b667-42e740e0df5e?origin=2
CG_ONLY,BESST-10 BH,2021-03-01,60872504000123,ITUB4,ITUB4_2021-03-01_DISTRIBUTION_187,25.440249724750455,,0.0,25.440249724750455,CASH_DIVIDEND,UNKNOWN,EX_DATE_ECONOMIC_REINVESTMENT,cache/market.json.gz; SQLite corporate_actions/B3
CG_ONLY,BESST-10 BH,2021-03-02,60746948000112,BBDC4,BBDC4_2021-03-02_DISTRIBUTION_567,37.78028751669013,,0.0,37.78028751669013,JCP Mensais,UNKNOWN,EX_DATE_ECONOMIC_REINVESTMENT,https://www.bradescori.com.br/informacoes-ao-mercado/remuneracao-aos-acionistas/
CG_ONLY,BESST-10 BH,2021-03-03,17281106000103,CSMG3,CONT_2688_CSMG3_2021-03-03,811.5547931963056,,0.0,811.5547931963056,,UNKNOWN,EX_DATE_ECONOMIC_REINVESTMENT,B3
CG_ONLY,BESST-10 BH,2021-03-25,17281106000103,CSMG3,CONT_2689_CSMG3_2021-03-25,706.7906549364715,,0.0,706.7906549364715,,UNKNOWN,EX_DATE_ECONOMIC_REINVESTMENT,B3
CG_ONLY,BESST-10 BH,2021-03-26,60872504000123,ITUB4,ITUB4_2021-03-26_DISTRIBUTION_186,86.96884471550635,,0.0,86.96884471550635,JCP,UNKNOWN,EX_DATE_ECONOMIC_REINVESTMENT,cache/market.json.gz; SQLite corporate_actions/B3
CG_ONLY,BESST-10 BH,2021-04-01,02149205000169,PSSA3,CONT_2742_PSSA3_2021-04-01,913.0153991911602,,0.0,913.0153991911602,,UNKNOWN,EX_DATE_ECONOMIC_REINVESTMENT,https://api.mziq.com/mzfilemanager/v2/d/b77a3922-d280-4451-b3ee-0afec4577834/493a6ff0-1341-22f7-1a72-d9896b29432f?origin=2;https://api.mziq.com/mzfilemanager/v2/d/b77a3922-d280-4451-b3ee-0afec4577834/41759930-edbb-5e54-ff18-92877b91d282?origin=2
CG_ONLY,BESST-10 BH,2021-04-01,02149205000169,PSSA3,CONT_2743_PSSA3_2021-04-01,254.6989483346145,,0.0,254.6989483346145,,UNKNOWN,EX_DATE_ECONOMIC_REINVESTMENT,https://api.mziq.com/mzfilemanager/v2/d/b77a3922-d280-4451-b3ee-0afec4577834/493a6ff0-1341-22f7-1a72-d9896b29432f?origin=2
CG_ONLY,BESST-10 BH,2021-04-01,02149205000169,PSSA3,CONT_2744_PSSA3_2021-04-01,456.96430689653283,,0.0,456.96430689653283,,UNKNOWN,EX_DATE_ECONOMIC_REINVESTMENT,https://api.mziq.com/mzfilemanager/v2/d/b77a3922-d280-4451-b3ee-0afec4577834/493a6ff0-1341-22f7-1a72-d9896b29432f?origin=2
CG_ONLY,BESST-10 BH,2021-04-01,02558157000162,VIVT3,CONT_2745_VIVT3_2021-04-01,166.78938072784754,,0.0,166.78938072784754,,UNKNOWN,EX_DATE_ECONOMIC_REINVESTMENT,https://api.mziq.com/mzfilemanager/v2/d/24165f81-24d6-4648-bf9f-66712905d5a2/34b95df5-e8c3-6d48-b667-42e740e0df5e?origin=2
CG_ONLY,BESST-10 BH,2021-04-01,60872504000123,ITUB4,ITUB4_2021-04-01_DISTRIBUTION_185,25.807387985907106,,0.0,25.807387985907106,CASH_DIVIDEND,UNKNOWN,EX_DATE_ECONOMIC_REINVESTMENT,cache/market.json.gz; SQLite corporate_actions/B3
CG_ONLY,BESST-10 BH,2021-04-05,60746948000112,BBDC4,BBDC4_2021-04-05_DISTRIBUTION_568,37.81170179099312,,0.0,37.81170179099312,JCP Mensais,UNKNOWN,EX_DATE_ECONOMIC_REINVESTMENT,https://www.bradescori.com.br/informacoes-ao-mercado/remuneracao-aos-acionistas/
CG_ONLY,BESST-10 BH,2021-04-16,02558157000162,VIVT3,CONT_2746_VIVT3_2021-04-16,992.4736696562768,,0.0,992.4736696562768,,UNKNOWN,EX_DATE_ECONOMIC_REINVESTMENT,https://api.mziq.com/mzfilemanager/v2/d/24165f81-24d6-4648-bf9f-66712905d5a2/34b95df5-e8c3-6d48-b667-42e740e0df5e?origin=2
CG_ONLY,BESST-10 BH,2021-04-28,60872504000123,ITUB4,ITUB4_2021-04-28_DISTRIBUTION_184,97.88311855985607,,0.0,97.88311855985607,JCP,UNKNOWN,EX_DATE_ECONOMIC_REINVESTMENT,cache/market.json.gz; SQLite corporate_actions/B3
CG_ONLY,BESST-10 BH,2021-04-30,43776517000180,SBSP3,CONT_2436_SBSP3_2021-04-30,465.8259654926552,,0.0,465.8259654926552,,UNKNOWN,EX_DATE_ECONOMIC_REINVESTMENT,SBSP_2021;SBSP_2022;SBSP_2023;SBSP_2024
CG_ONLY,BESST-10 BH,2021-05-03,02558157000162,VIVT3,CONT_2747_VIVT3_2021-05-03,178.78346720024308,,0.0,178.78346720024308,,UNKNOWN,EX_DATE_ECONOMIC_REINVESTMENT,https://api.mziq.com/mzfilemanager/v2/d/24165f81-24d6-4648-bf9f-66712905d5a2/34b95df5-e8c3-6d48-b667-42e740e0df5e?origin=2
CG_ONLY,BESST-10 BH,2021-05-03,17155730000164,CMIG4,CMIG4_2021-05-03_DISTRIBUTION_651,2810.0599277729384,,0.0,2810.0599277729384,,UNKNOWN,EX_DATE_ECONOMIC_REINVESTMENT,https://api.mziq.com/mzfilemanager/v2/d/716a131f-9624-452c-9088-0cd6983c1349/a2eb9f5f-37e1-8913-c1eb-c4281b5e23b2?origin=2
CG_ONLY,BESST-10 BH,2021-05-03,60872504000123,ITUB4,ITUB4_2021-05-03_DISTRIBUTION_183,26.04791775454265,,0.0,26.04791775454265,CASH_DIVIDEND,UNKNOWN,EX_DATE_ECONOMIC_REINVESTMENT,cache/market.json.gz; SQLite corporate_actions/B3
CG_ONLY,BESST-10 BH,2021-05-04,60746948000112,BBDC4,BBDC4_2021-05-04_DISTRIBUTION_569,41.623214792137574,,0.0,41.623214792137574,JCP Mensais,UNKNOWN,EX_DATE_ECONOMIC_REINVESTMENT,https://www.bradescori.com.br/informacoes-ao-mercado/remuneracao-aos-acionistas/
CG_ONLY,BESST-10 BH,2021-05-12,02474103000119,TBLE3,TBLE3_2021-05-12_DISTRIBUTION_350,900.8338879530405,,0.0,900.8338879530405,CASH_DIVIDEND,UNKNOWN,EX_DATE_ECONOMIC_REINVESTMENT,cache/market.json.gz; SQLite corporate_actions/B3
CG_ONLY,BESST-10 BH,2021-05-25,60872504000123,ITUB4,ITUB4_2021-05-25_DISTRIBUTION_182,85.13454155586307,,0.0,85.13454155586307,JCP,UNKNOWN,EX_DATE_ECONOMIC_REINVESTMENT,cache/market.json.gz; SQLite corporate_actions/B3
CG_ONLY,BESST-10 BH,2021-06-01,60872504000123,ITUB4,ITUB4_2021-06-01_DISTRIBUTION_181,26.244653149103563,,0.0,26.244653149103563,CASH_DIVIDEND,UNKNOWN,EX_DATE_ECONOMIC_REINVESTMENT,cache/market.json.gz; SQLite corporate_actions/B3
CG_ONLY,BESST-10 BH,2021-06-02,60746948000112,BBDC4,BBDC4_2021-06-02_DISTRIBUTION_570,41.65639935308912,,0.0,41.65639935308912,JCP Mensais,UNKNOWN,EX_DATE_ECONOMIC_REINVESTMENT,https://www.bradescori.com.br/informacoes-ao-mercado/remuneracao-aos-acionistas/
CG_ONLY,BESST-10 BH,2021-06-22,02558115000121,TIMS3,CONT_2748_TIMS3_2021-06-22,542.2558860992099,,0.0,542.2558860992099,,UNKNOWN,EX_DATE_ECONOMIC_REINVESTMENT,https://api.mziq.com/mzfilemanager/v2/d/4c4aa51f-1235-4aa1-8b83-adc92e8dacc3/ec8c4a27-ea86-4980-8cb4-8beef111e7ac?origin=2
CG_ONLY,BESST-10 BH,2021-06-23,17281106000103,CSMG3,CONT_2690_CSMG3_2021-06-23,608.328719095005,,0.0,608.328719095005,,UNKNOWN,EX_DATE_ECONOMIC_REINVESTMENT,B3
CG_ONLY,BESST-10 BH,2021-07-01,02558157000162,VIVT3,CONT_2750_VIVT3_2021-07-01,410.1104065024649,,0.0,410.1104065024649,,UNKNOWN,EX_DATE_ECONOMIC_REINVESTMENT,https://api.mziq.com/mzfilemanager/v2/d/24165f81-24d6-4648-bf9f-66712905d5a2/34b95df5-e8c3-6d48-b667-42e740e0df5e?origin=2
CG_ONLY,BESST-10 BH,2021-07-01,60872504000123,ITUB4,ITUB4_2021-07-01_DISTRIBUTION_180,26.30693543665142,,0.0,26.30693543665142,CASH_DIVIDEND,UNKNOWN,EX_DATE_ECONOMIC_REINVESTMENT,cache/market.json.gz; SQLite corporate_actions/B3
CG_ONLY,BESST-10 BH,2021-07-02,60746948000112,BBDC4,BBDC4_2021-07-02_DISTRIBUTION_571,41.68450825143025,,0.0,41.68450825143025,JCP Mensais,UNKNOWN,EX_DATE_ECONOMIC_REINVESTMENT,https://www.bradescori.com.br/informacoes-ao-mercado/remuneracao-aos-acionistas/
CG_ONLY,BESST-10 BH,2021-07-05,60746948000112,BBDC4,BBDC4_2021-07-05_DISTRIBUTION_572,1184.9754101751305,,0.0,1184.9754101751305,JCP Intermediários,UNKNOWN,EX_DATE_ECONOMIC_REINVESTMENT,https://www.bradescori.com.br/informacoes-ao-mercado/remuneracao-aos-acionistas/
CG_ONLY,BESST-10 BH,2021-07-30,02149205000169,PSSA3,CONT_2751_PSSA3_2021-07-30,715.648662205318,,0.0,715.648662205318,,UNKNOWN,EX_DATE_ECONOMIC_REINVESTMENT,https://api.mziq.com/mzfilemanager/v2/d/b77a3922-d280-4451-b3ee-0afec4577834/84eee7cb-7942-984d-6623-ff1f2c09cdbe?origin=2;https://api.mziq.com/mzfilemanager/v2/d/b77a3922-d280-4451-b3ee-0afec4577834/c01dc413-7f12-69a6-0b0a-53d2e29990ed?origin=2;https://api.mziq.com/mzfilemanager/v2/d/b77a3922-d280-4451-b3ee-0afec4577834/bd82067a-476b-c3a3-b00a-9a8d540f77cb?origin=2
CG_ONLY,BESST-10 BH,2021-08-02,60872504000123,ITUB4,ITUB4_2021-08-02_DISTRIBUTION_179,26.3202262426989,,0.0,26.3202262426989,CASH_DIVIDEND,UNKNOWN,EX_DATE_ECONOMIC_REINVESTMENT,cache/market.json.gz; SQLite corporate_actions/B3
CG_ONLY,BESST-10 BH,2021-08-03,60746948000112,BBDC4,BBDC4_2021-08-03_DISTRIBUTION_573,42.61395729202338,,0.0,42.61395729202338,JCP Mensais,UNKNOWN,EX_DATE_ECONOMIC_REINVESTMENT,https://www.bradescori.com.br/informacoes-ao-mercado/remuneracao-aos-acionistas/
CG_ONLY,BESST-10 BH,2021-08-12,17344597000194,BBSE3,CONT_2557_BBSE3_2021-08-12,996.2097125556816,,0.0,996.2097125556816,,UNKNOWN,EX_DATE_ECONOMIC_REINVESTMENT,BBSE_DIV
CG_ONLY,BESST-10 BH,2021-08-16,60872504000123,ITUB4,ITUB4_2021-08-16_DISTRIBUTION_178,182.2958506801902,,0.0,182.2958506801902,JCP,UNKNOWN,EX_DATE_ECONOMIC_REINVESTMENT,cache/market.json.gz; SQLite corporate_actions/B3
CG_ONLY,BESST-10 BH,2021-08-17,02474103000119,TBLE3,TBLE3_2021-08-17_DISTRIBUTION_349,1210.9013709596798,,0.0,1210.9013709596798,CASH_DIVIDEND,UNKNOWN,EX_DATE_ECONOMIC_REINVESTMENT,cache/market.json.gz; SQLite corporate_actions/B3
CG_ONLY,BESST-10 BH,2021-09-01,60872504000123,ITUB4,ITUB4_2021-09-01_DISTRIBUTION_177,26.423309852734118,,0.0,26.423309852734118,CASH_DIVIDEND,UNKNOWN,EX_DATE_ECONOMIC_REINVESTMENT,cache/market.json.gz; SQLite corporate_actions/B3
CG_ONLY,BESST-10 BH,2021-09-02,60746948000112,BBDC4,BBDC4_2021-09-02_DISTRIBUTION_574,42.716081270386546,,0.0,42.716081270386546,JCP Mensais,UNKNOWN,EX_DATE_ECONOMIC_REINVESTMENT,https://www.bradescori.com.br/informacoes-ao-mercado/remuneracao-aos-acionistas/
CG_ONLY,BESST-10 BH,2021-09-27,17281106000103,CSMG3,CONT_2381_CSMG3_2021-09-27,638.2426729358317,,0.0,638.2426729358317,,UNKNOWN,EX_DATE_ECONOMIC_REINVESTMENT,CSMG_RI;B3_ESPEC
CG_ONLY,BESST-10 BH,2021-09-27,17281106000103,CSMG3,CONT_2382_CSMG3_2021-09-27,1171.049203668585,,0.0,1171.049203668585,,UNKNOWN,EX_DATE_ECONOMIC_REINVESTMENT,CSMG_RI;B3_ESPEC
CG_ONLY,BESST-10 BH,2021-09-30,02558115000121,TIMS3,CONT_2752_TIMS3_2021-09-30,222.73201649813763,,0.0,222.73201649813763,,UNKNOWN,EX_DATE_ECONOMIC_REINVESTMENT,https://api.mziq.com/mzfilemanager/v2/d/4c4aa51f-1235-4aa1-8b83-adc92e8dacc3/fa04ad1c-865b-81a3-87f8-ff70523311ae?origin=2
CG_ONLY,BESST-10 BH,2021-10-01,02558157000162,VIVT3,CONT_2753_VIVT3_2021-10-01,404.32400845095634,,0.0,404.32400845095634,,UNKNOWN,EX_DATE_ECONOMIC_REINVESTMENT,https://api.mziq.com/mzfilemanager/v2/d/24165f81-24d6-4648-bf9f-66712905d5a2/34b95df5-e8c3-6d48-b667-42e740e0df5e?origin=2
CG_ONLY,BESST-10 BH,2021-10-01,60872504000123,ITUB4,ITUB4_2021-10-01_DISTRIBUTION_176,26.436070626970793,,0.0,26.436070626970793,CASH_DIVIDEND,UNKNOWN,EX_DATE_ECONOMIC_REINVESTMENT,cache/market.json.gz; SQLite corporate_actions/B3
CG_ONLY,BESST-10 BH,2021-10-04,60746948000112,BBDC4,BBDC4_2021-10-04_DISTRIBUTION_575,43.0348433871348,,0.0,43.0348433871348,JCP Mensais,UNKNOWN,EX_DATE_ECONOMIC_REINVESTMENT,https://www.bradescori.com.br/informacoes-ao-mercado/remuneracao-aos-acionistas/
CG_ONLY,BESST-10 BH,2021-11-01,02149205000169,PSSA3,CONT_2754_PSSA3_2021-11-01,581.8801120312392,,0.0,581.8801120312392,,UNKNOWN,EX_DATE_ECONOMIC_REINVESTMENT,https://api.mziq.com/mzfilemanager/v2/d/b77a3922-d280-4451-b3ee-0afec4577834/0c125129-e67a-53e9-aa2c-5b25822a1a8c?origin=2;https://api.mziq.com/mzfilemanager/v2/d/b77a3922-d280-4451-b3ee-0afec4577834/c01dc413-7f12-69a6-0b0a-53d2e29990ed?origin=2;https://api.mziq.com/mzfilemanager/v2/d/b77a3922-d280-4451-b3ee-0afec4577834/bd82067a-476b-c3a3-b00a-9a8d540f77cb?origin=2
CG_ONLY,BESST-10 BH,2021-11-01,60872504000123,ITUB4,ITUB4_2021-11-01_DISTRIBUTION_175,31.122218958132347,,0.0,31.122218958132347,JCP,UNKNOWN,EX_DATE_ECONOMIC_REINVESTMENT,cache/market.json.gz; SQLite corporate_actions/B3
CG_ONLY,BESST-10 BH,2021-11-03,60746948000112,BBDC4,BBDC4_2021-11-03_DISTRIBUTION_576,43.47208103468781,,0.0,43.47208103468781,JCP Mensais,UNKNOWN,EX_DATE_ECONOMIC_REINVESTMENT,https://www.bradescori.com.br/informacoes-ao-mercado/remuneracao-aos-acionistas/
CG_ONLY,BESST-10 BH,2021-11-22,60872504000123,ITUB4,ITUB4_2021-11-22_DISTRIBUTION_174,468.0891461624684,,0.0,468.0891461624684,JCP,UNKNOWN,EX_DATE_ECONOMIC_REINVESTMENT,cache/market.json.gz; SQLite corporate_actions/B3
CG_ONLY,BESST-10 BH,2021-12-01,60872504000123,ITUB4,ITUB4_2021-12-01_DISTRIBUTION_173,31.603760807901324,,0.0,31.603760807901324,JCP,UNKNOWN,EX_DATE_ECONOMIC_REINVESTMENT,cache/market.json.gz; SQLite corporate_actions/B3
CG_ONLY,BESST-10 BH,2021-12-02,60746948000112,BBDC4,BBDC4_2021-12-02_DISTRIBUTION_577,43.92306028058705,,0.0,43.92306028058705,JCP Mensais,UNKNOWN,EX_DATE_ECONOMIC_REINVESTMENT,https://www.bradescori.com.br/informacoes-ao-mercado/remuneracao-aos-acionistas/
CG_ONLY,BESST-10 BH,2021-12-21,02558115000121,TIMS3,CONT_2755_TIMS3_2021-12-21,930.5139774714419,,0.0,930.5139774714419,,UNKNOWN,EX_DATE_ECONOMIC_REINVESTMENT,https://api.mziq.com/mzfilemanager/v2/d/4c4aa51f-1235-4aa1-8b83-adc92e8dacc3/44eca3b7-91a5-79c3-458a-10bea257e8bd?origin=2
CG_ONLY,BESST-10 BH,2021-12-21,60746948000112,BBDC4,BBDC4_2021-12-21_DISTRIBUTION_578,501.0450519697606,,0.0,501.0450519697606,Dividendos,UNKNOWN,EX_DATE_ECONOMIC_REINVESTMENT,https://www.bradescori.com.br/informacoes-ao-mercado/remuneracao-aos-acionistas/
CG_ONLY,BESST-10 BH,2021-12-21,60746948000112,BBDC4,BBDC4_2021-12-21_DISTRIBUTION_579,50.104505428667935,,0.0,50.104505428667935,JCP Complementares,UNKNOWN,EX_DATE_ECONOMIC_REINVESTMENT,https://www.bradescori.com.br/informacoes-ao-mercado/remuneracao-aos-acionistas/
CG_ONLY,BESST-10 BH,2021-12-22,17155730000164,CMIG4,CMIG4_2021-12-22_DISTRIBUTION_652,3021.6851043337733,,0.0,3021.6851043337733,,UNKNOWN,EX_DATE_ECONOMIC_REINVESTMENT,https://api.mziq.com/mzfilemanager/v2/d/716a131f-9624-452c-9088-0cd6983c1349/a2eb9f5f-37e1-8913-c1eb-c4281b5e23b2?origin=2
CG_ONLY,BESST-10 BH,2021-12-28,02558157000162,VIVT3,CONT_2756_VIVT3_2021-12-28,1026.0704719621133,,0.0,1026.0704719621133,,UNKNOWN,EX_DATE_ECONOMIC_REINVESTMENT,https://api.mziq.com/mzfilemanager/v2/d/24165f81-24d6-4648-bf9f-66712905d5a2/34b95df5-e8c3-6d48-b667-42e740e0df5e?origin=2
CG_ONLY,BESST-10 BH,2021-12-28,02558157000162,VIVT3,CONT_2757_VIVT3_2021-12-28,550.657819951586,,0.0,550.657819951586,,UNKNOWN,EX_DATE_ECONOMIC_REINVESTMENT,https://api.mziq.com/mzfilemanager/v2/d/24165f81-24d6-4648-bf9f-66712905d5a2/34b95df5-e8c3-6d48-b667-42e740e0df5e?origin=2
CG_ONLY,BESST-10 BH,2021-12-30,02474103000119,TBLE3,TBLE3_2021-12-30_DISTRIBUTION_348,95.82312712969642,,0.0,95.82312712969642,JCP,UNKNOWN,EX_DATE_ECONOMIC_REINVESTMENT,cache/market.json.gz; SQLite corporate_actions/B3
CG_ONLY,BESST-10 BH,2022-01-03,60872504000123,ITUB4,ITUB4_2022-01-03_DISTRIBUTION_172,31.909920862671594,,0.0,31.909920862671594,JCP,UNKNOWN,EX_DATE_ECONOMIC_REINVESTMENT,cache/market.json.gz; SQLite corporate_actions/B3
CG_ONLY,BESST-10 BH,2022-01-04,60746948000112,BBDC4,BBDC4_2022-01-04_DISTRIBUTION_550,44.94608249590483,,0.0,44.94608249590483,JCP Mensais,UNKNOWN,EX_DATE_ECONOMIC_REINVESTMENT,https://www.bradescori.com.br/informacoes-ao-mercado/remuneracao-aos-acionistas/
CG_ONLY,BESST-10 BH,2022-02-01,60872504000123,ITUB4,ITUB4_2022-02-01_DISTRIBUTION_171,32.3454837644378,,0.0,32.3454837644378,JCP,UNKNOWN,EX_DATE_ECONOMIC_REINVESTMENT,cache/market.json.gz; SQLite corporate_actions/B3
CG_ONLY,BESST-10 BH,2022-02-02,60746948000112,BBDC4,BBDC4_2022-02-02_DISTRIBUTION_551,45.03480166687028,,0.0,45.03480166687028,JCP Mensais,UNKNOWN,EX_DATE_ECONOMIC_REINVESTMENT,https://www.bradescori.com.br/informacoes-ao-mercado/remuneracao-aos-acionistas/
CG_ONLY,BESST-10 BH,2022-02-11,17344597000194,BBSE3,CONT_2556_BBSE3_2022-02-11,1984.9625771232854,,0.0,1984.9625771232854,,UNKNOWN,EX_DATE_ECONOMIC_REINVESTMENT,BBSE_DIV
CG_ONLY,BESST-10 BH,2022-02-22,60872504000123,ITUB4,ITUB4_2022-02-22_DISTRIBUTION_170,25.094514212994078,,0.0,25.094514212994078,JCP,UNKNOWN,EX_DATE_ECONOMIC_REINVESTMENT,cache/market.json.gz; SQLite corporate_actions/B3
CG_ONLY,BESST-10 BH,2022-02-25,02474103000119,TBLE3,TBLE3_2022-02-25_DISTRIBUTION_347,1027.612416666162,,0.0,1027.612416666162,CASH_DIVIDEND,UNKNOWN,EX_DATE_ECONOMIC_REINVESTMENT,cache/market.json.gz; SQLite corporate_actions/B3
CG_ONLY,BESST-10 BH,2022-03-02,02558157000162,VIVT3,CONT_2759_VIVT3_2022-03-02,126.72253868781848,,0.0,126.72253868781848,,UNKNOWN,EX_DATE_ECONOMIC_REINVESTMENT,https://api.mziq.com/mzfilemanager/v2/d/24165f81-24d6-4648-bf9f-66712905d5a2/34b95df5-e8c3-6d48-b667-42e740e0df5e?origin=2
CG_ONLY,BESST-10 BH,2022-03-02,60872504000123,ITUB4,ITUB4_2022-03-02_DISTRIBUTION_169,32.44166453157936,,0.0,32.44166453157936,JCP,UNKNOWN,EX_DATE_ECONOMIC_REINVESTMENT,cache/market.json.gz; SQLite corporate_actions/B3
CG_ONLY,BESST-10 BH,2022-03-03,60746948000112,BBDC4,BBDC4_2022-03-03_DISTRIBUTION_552,45.74874962352015,,0.0,45.74874962352015,JCP Mensais,UNKNOWN,EX_DATE_ECONOMIC_REINVESTMENT,https://www.bradescori.com.br/informacoes-ao-mercado/remuneracao-aos-acionistas/
CG_ONLY,BESST-10 BH,2022-03-23,17281106000103,CSMG3,CONT_2383_CSMG3_2022-03-23,387.95911150806876,,0.0,387.95911150806876,,UNKNOWN,EX_DATE_ECONOMIC_REINVESTMENT,CSMG_RI;B3_ESPEC
CG_ONLY,BESST-10 BH,2022-03-29,02558115000121,TIMS3,CONT_2760_TIMS3_2022-03-29,330.66201516959273,,0.0,330.66201516959273,,UNKNOWN,EX_DATE_ECONOMIC_REINVESTMENT,https://api.mziq.com/mzfilemanager/v2/d/4c4aa51f-1235-4aa1-8b83-adc92e8dacc3/d66d8c7b-438f-f636-8557-60ffdf4a2e60?origin=2
CG_ONLY,BESST-10 BH,2022-03-29,17155730000164,CMIG4,CMIG4_2022-03-29_DISTRIBUTION_653,808.201398396782,,0.0,808.201398396782,,UNKNOWN,EX_DATE_ECONOMIC_REINVESTMENT,https://api.mziq.com/mzfilemanager/v2/d/716a131f-9624-452c-9088-0cd6983c1349/a2eb9f5f-37e1-8913-c1eb-c4281b5e23b2?origin=2
CG_ONLY,BESST-10 BH,2022-04-01,02149205000169,PSSA3,CONT_2761_PSSA3_2022-04-01,933.2433061853054,,0.0,933.2433061853054,,UNKNOWN,EX_DATE_ECONOMIC_REINVESTMENT,https://api.mziq.com/mzfilemanager/v2/d/b77a3922-d280-4451-b3ee-0afec4577834/c01dc413-7f12-69a6-0b0a-53d2e29990ed?origin=2;https://api.mziq.com/mzfilemanager/v2/d/b77a3922-d280-4451-b3ee-0afec4577834/bd82067a-476b-c3a3-b00a-9a8d540f77cb?origin=2;https://api.mziq.com/mzfilemanager/v2/d/b77a3922-d280-4451-b3ee-0afec4577834/ae2ce35a-8763-7d60-073f-ca45097755f1?origin=2
CG_ONLY,BESST-10 BH,2022-04-01,02149205000169,PSSA3,CONT_2762_PSSA3_2022-04-01,84.53913663757156,,0.0,84.53913663757156,,UNKNOWN,EX_DATE_ECONOMIC_REINVESTMENT,https://api.mziq.com/mzfilemanager/v2/d/b77a3922-d280-4451-b3ee-0afec4577834/c01dc413-7f12-69a6-0b0a-53d2e29990ed?origin=2
CG_ONLY,BESST-10 BH,2022-04-01,02558157000162,VIVT3,CONT_2763_VIVT3_2022-04-01,176.5435729078326,,0.0,176.5435729078326,,UNKNOWN,EX_DATE_ECONOMIC_REINVESTMENT,https://api.mziq.com/mzfilemanager/v2/d/24165f81-24d6-4648-bf9f-66712905d5a2/34b95df5-e8c3-6d48-b667-42e740e0df5e?origin=2
CG_ONLY,BESST-10 BH,2022-04-01,60872504000123,ITUB4,ITUB4_2022-04-01_DISTRIBUTION_168,32.66596424445086,,0.0,32.66596424445086,JCP,UNKNOWN,EX_DATE_ECONOMIC_REINVESTMENT,cache/market.json.gz; SQLite corporate_actions/B3
CG_ONLY,BESST-10 BH,2022-04-04,60746948000112,BBDC4,BBDC4_2022-04-04_DISTRIBUTION_553,46.33480356676406,,0.0,46.33480356676406,JCP Mensais,UNKNOWN,EX_DATE_ECONOMIC_REINVESTMENT,https://www.bradescori.com.br/informacoes-ao-mercado/remuneracao-aos-acionistas/
CG_ONLY,BESST-10 BH,2022-04-27,02558157000162,VIVT3,CONT_2764_VIVT3_2022-04-27,1437.1712751780394,,0.0,1437.1712751780394,,UNKNOWN,EX_DATE_ECONOMIC_REINVESTMENT,https://api.mziq.com/mzfilemanager/v2/d/24165f81-24d6-4648-bf9f-66712905d5a2/34b95df5-e8c3-6d48-b667-42e740e0df5e?origin=2
CG_ONLY,BESST-10 BH,2022-04-29,43776517000180,SBSP3,CONT_2437_SBSP3_2022-04-29,1236.2236178348403,,0.0,1236.2236178348403,,UNKNOWN,EX_DATE_ECONOMIC_REINVESTMENT,SBSP_2021;SBSP_2022;SBSP_2023;SBSP_2024
CG_ONLY,BESST-10 BH,2022-05-02,02558157000162,VIVT3,CONT_2766_VIVT3_2022-05-02,108.75774480454417,,0.0,108.75774480454417,,UNKNOWN,EX_DATE_ECONOMIC_REINVESTMENT,https://api.mziq.com/mzfilemanager/v2/d/24165f81-24d6-4648-bf9f-66712905d5a2/34b95df5-e8c3-6d48-b667-42e740e0df5e?origin=2
CG_ONLY,BESST-10 BH,2022-05-02,17155730000164,CMIG4,CMIG4_2022-05-02_DISTRIBUTION_654,3368.8927641630244,,0.0,3368.8927641630244,,UNKNOWN,EX_DATE_ECONOMIC_REINVESTMENT,https://api.mziq.com/mzfilemanager/v2/d/716a131f-9624-452c-9088-0cd6983c1349/a2eb9f5f-37e1-8913-c1eb-c4281b5e23b2?origin=2
CG_ONLY,BESST-10 BH,2022-05-02,60872504000123,ITUB4,ITUB4_2022-05-02_DISTRIBUTION_167,32.91640527067529,,0.0,32.91640527067529,JCP,UNKNOWN,EX_DATE_ECONOMIC_REINVESTMENT,cache/market.json.gz; SQLite corporate_actions/B3
CG_ONLY,BESST-10 BH,2022-05-03,60746948000112,BBDC4,BBDC4_2022-05-03_DISTRIBUTION_554,51.766081106234864,,0.0,51.766081106234864,JCP Mensais,UNKNOWN,EX_DATE_ECONOMIC_REINVESTMENT,https://www.bradescori.com.br/informacoes-ao-mercado/remuneracao-aos-acionistas/
CG_ONLY,BESST-10 BH,2022-05-12,02474103000119,TBLE3,TBLE3_2022-05-12_DISTRIBUTION_346,909.8097106671396,,0.0,909.8097106671396,CASH_DIVIDEND,UNKNOWN,EX_DATE_ECONOMIC_REINVESTMENT,cache/market.json.gz; SQLite corporate_actions/B3
CG_ONLY,BESST-10 BH,2022-06-01,60872504000123,ITUB4,ITUB4_2022-06-01_DISTRIBUTION_166,33.41779485515394,,0.0,33.41779485515394,JCP,UNKNOWN,EX_DATE_ECONOMIC_REINVESTMENT,cache/market.json.gz; SQLite corporate_actions/B3
CG_ONLY,BESST-10 BH,2022-06-02,60746948000112,BBDC4,BBDC4_2022-06-02_DISTRIBUTION_555,52.29406137717588,,0.0,52.29406137717588,JCP Mensais,UNKNOWN,EX_DATE_ECONOMIC_REINVESTMENT,https://www.bradescori.com.br/informacoes-ao-mercado/remuneracao-aos-acionistas/
CG_ONLY,BESST-10 BH,2022-06-21,60746948000112,BBDC4,BBDC4_2022-06-21_DISTRIBUTION_556,542.3248067402742,,0.0,542.3248067402742,JCP Intermediários,UNKNOWN,EX_DATE_ECONOMIC_REINVESTMENT,https://www.bradescori.com.br/informacoes-ao-mercado/remuneracao-aos-acionistas/
CG_ONLY,BESST-10 BH,2022-06-22,17281106000103,CSMG3,CONT_2384_CSMG3_2022-06-22,613.7488169947816,,0.0,613.7488169947816,,UNKNOWN,EX_DATE_ECONOMIC_REINVESTMENT,CSMG_RI;B3_ESPEC
CG_ONLY,BESST-10 BH,2022-06-24,02558115000121,TIMS3,CONT_2767_TIMS3_2022-06-24,464.24190048617754,,0.0,464.24190048617754,,UNKNOWN,EX_DATE_ECONOMIC_REINVESTMENT,https://api.mziq.com/mzfilemanager/v2/d/4c4aa51f-1235-4aa1-8b83-adc92e8dacc3/bc75af4c-8995-f1c7-4dd9-96c258fe802b?origin=2
CG_ONLY,BESST-10 BH,2022-06-27,17155730000164,CMIG4,CMIG4_2022-06-27_DISTRIBUTION_655,1226.1610545936655,,0.0,1226.1610545936655,,UNKNOWN,EX_DATE_ECONOMIC_REINVESTMENT,https://api.mziq.com/mzfilemanager/v2/d/716a131f-9624-452c-9088-0cd6983c1349/a2eb9f5f-37e1-8913-c1eb-c4281b5e23b2?origin=2
CG_ONLY,BESST-10 BH,2022-07-01,02558157000162,VIVT3,CONT_2769_VIVT3_2022-07-01,349.25843964833234,,0.0,349.25843964833234,,UNKNOWN,EX_DATE_ECONOMIC_REINVESTMENT,https://api.mziq.com/mzfilemanager/v2/d/24165f81-24d6-4648-bf9f-66712905d5a2/34b95df5-e8c3-6d48-b667-42e740e0df5e?origin=2
CG_ONLY,BESST-10 BH,2022-07-01,60872504000123,ITUB4,ITUB4_2022-07-01_DISTRIBUTION_165,33.89333593204479,,0.0,33.89333593204479,JCP,UNKNOWN,EX_DATE_ECONOMIC_REINVESTMENT,cache/market.json.gz; SQLite corporate_actions/B3
CG_ONLY,BESST-10 BH,2022-07-04,60746948000112,BBDC4,BBDC4_2022-07-04_DISTRIBUTION_557,53.53285663846942,,0.0,53.53285663846942,JCP Mensais,UNKNOWN,EX_DATE_ECONOMIC_REINVESTMENT,https://www.bradescori.com.br/informacoes-ao-mercado/remuneracao-aos-acionistas/
CG_ONLY,BESST-10 BH,2022-08-01,60872504000123,ITUB4,ITUB4_2022-08-01_DISTRIBUTION_164,34.39885591760275,,0.0,34.39885591760275,JCP,UNKNOWN,EX_DATE_ECONOMIC_REINVESTMENT,cache/market.json.gz; SQLite corporate_actions/B3
CG_ONLY,BESST-10 BH,2022-08-02,60746948000112,BBDC4,BBDC4_2022-08-02_DISTRIBUTION_558,54.178824818856725,,0.0,54.178824818856725,JCP Mensais,UNKNOWN,EX_DATE_ECONOMIC_REINVESTMENT,https://www.bradescori.com.br/informacoes-ao-mercado/remuneracao-aos-acionistas/
CG_ONLY,BESST-10 BH,2022-08-17,02474103000119,TBLE3,TBLE3_2022-08-17_DISTRIBUTION_345,975.8306947078752,,0.0,975.8306947078752,CASH_DIVIDEND,UNKNOWN,EX_DATE_ECONOMIC_REINVESTMENT,cache/market.json.gz; SQLite corporate_actions/B3
CG_ONLY,BESST-10 BH,2022-08-18,17344597000194,BBSE3,CONT_2555_BBSE3_2022-08-18,2361.0625886331204,,0.0,2361.0625886331204,,UNKNOWN,EX_DATE_ECONOMIC_REINVESTMENT,BBSE_DIV
CG_ONLY,BESST-10 BH,2022-08-19,60872504000123,ITUB4,ITUB4_2022-08-19_DISTRIBUTION_163,603.832054624815,,0.0,603.832054624815,JCP,UNKNOWN,EX_DATE_ECONOMIC_REINVESTMENT,cache/market.json.gz; SQLite corporate_actions/B3
CG_ONLY,BESST-10 BH,2022-08-31,02149205000169,PSSA3,CONT_2770_PSSA3_2022-08-31,1579.5106163259127,,0.0,1579.5106163259127,,UNKNOWN,EX_DATE_ECONOMIC_REINVESTMENT,https://api.mziq.com/mzfilemanager/v2/d/b77a3922-d280-4451-b3ee-0afec4577834/4283e85d-e75d-f77c-2344-92e1a5e53405?origin=2;https://api.mziq.com/mzfilemanager/v2/d/b77a3922-d280-4451-b3ee-0afec4577834/7c50ca38-1ebc-6181-44f4-b4691917af27?origin=2;https://api.mziq.com/mzfilemanager/v2/d/b77a3922-d280-4451-b3ee-0afec4577834/41d3f69d-2eaf-9718-f70f-a7a11423b31a?origin=2
CG_ONLY,BESST-10 BH,2022-09-01,02558157000162,VIVT3,CONT_2771_VIVT3_2022-09-01,220.71439571881095,,0.0,220.71439571881095,,UNKNOWN,EX_DATE_ECONOMIC_REINVESTMENT,https://api.mziq.com/mzfilemanager/v2/d/24165f81-24d6-4648-bf9f-66712905d5a2/34b95df5-e8c3-6d48-b667-42e740e0df5e?origin=2
CG_ONLY,BESST-10 BH,2022-09-01,60872504000123,ITUB4,ITUB4_2022-09-01_DISTRIBUTION_162,35.172119360560565,,0.0,35.172119360560565,JCP,UNKNOWN,EX_DATE_ECONOMIC_REINVESTMENT,cache/market.json.gz; SQLite corporate_actions/B3
CG_ONLY,BESST-10 BH,2022-09-02,60746948000112,BBDC4,BBDC4_2022-09-02_DISTRIBUTION_559,54.621731851459664,,0.0,54.621731851459664,JCP Mensais,UNKNOWN,EX_DATE_ECONOMIC_REINVESTMENT,https://www.bradescori.com.br/informacoes-ao-mercado/remuneracao-aos-acionistas/
CG_ONLY,BESST-10 BH,2022-09-21,17281106000103,CSMG3,CONT_2455_CSMG3_2022-09-21,693.928160245777,,0.0,693.928160245777,,UNKNOWN,EX_DATE_ECONOMIC_REINVESTMENT,CSMG_RI_V4
CG_ONLY,BESST-10 BH,2022-09-22,02558115000121,TIMS3,CONT_2772_TIMS3_2022-09-22,433.7753224114596,,0.0,433.7753224114596,,UNKNOWN,EX_DATE_ECONOMIC_REINVESTMENT,https://api.mziq.com/mzfilemanager/v2/d/4c4aa51f-1235-4aa1-8b83-adc92e8dacc3/e8292dc6-6925-d665-bf16-5f2fa1b5dd91?origin=2;https://api.mziq.com/mzfilemanager/v2/d/4c4aa51f-1235-4aa1-8b83-adc92e8dacc3/cb7f9c33-0c95-4504-aef8-f40895087360?origin=2
CG_ONLY,BESST-10 BH,2022-09-22,02558115000121,TIMS3,CONT_2773_TIMS3_2022-09-22,416.07020423714295,,0.0,416.07020423714295,,UNKNOWN,EX_DATE_ECONOMIC_REINVESTMENT,https://api.mziq.com/mzfilemanager/v2/d/4c4aa51f-1235-4aa1-8b83-adc92e8dacc3/e8292dc6-6925-d665-bf16-5f2fa1b5dd91?origin=2
CG_ONLY,BESST-10 BH,2022-09-26,17155730000164,CMIG4,CMIG4_2022-09-26_DISTRIBUTION_656,1662.5473813513793,,0.0,1662.5473813513793,,UNKNOWN,EX_DATE_ECONOMIC_REINVESTMENT,https://api.mziq.com/mzfilemanager/v2/d/716a131f-9624-452c-9088-0cd6983c1349/a2eb9f5f-37e1-8913-c1eb-c4281b5e23b2?origin=2
CG_ONLY,BESST-10 BH,2022-10-03,60872504000123,ITUB4,ITUB4_2022-10-03_DISTRIBUTION_161,35.394476211413625,,0.0,35.394476211413625,JCP,UNKNOWN,EX_DATE_ECONOMIC_REINVESTMENT,cache/market.json.gz; SQLite corporate_actions/B3
CG_ONLY,BESST-10 BH,2022-10-04,60746948000112,BBDC4,BBDC4_2022-10-04_DISTRIBUTION_560,54.88441164655403,,0.0,54.88441164655403,JCP Mensais,UNKNOWN,EX_DATE_ECONOMIC_REINVESTMENT,https://www.bradescori.com.br/informacoes-ao-mercado/remuneracao-aos-acionistas/
CG_ONLY,BESST-10 BH,2022-11-01,02149205000169,PSSA3,CONT_2774_PSSA3_2022-11-01,231.90504815359373,,0.0,231.90504815359373,,UNKNOWN,EX_DATE_ECONOMIC_REINVESTMENT,https://api.mziq.com/mzfilemanager/v2/d/b77a3922-d280-4451-b3ee-0afec4577834/93c93bbe-d850-f472-be6b-d36e031cbee7?origin=2;https://api.mziq.com/mzfilemanager/v2/d/b77a3922-d280-4451-b3ee-0afec4577834/41d3f69d-2eaf-9718-f70f-a7a11423b31a?origin=2;https://api.mziq.com/mzfilemanager/v2/d/b77a3922-d280-4451-b3ee-0afec4577834/478c2702-5245-8bef-9e67-f34653abeda5?origin=2
CG_ONLY,BESST-10 BH,2022-11-01,60872504000123,ITUB4,ITUB4_2022-11-01_DISTRIBUTION_160,35.463197460370985,,0.0,35.463197460370985,JCP,UNKNOWN,EX_DATE_ECONOMIC_REINVESTMENT,cache/market.json.gz; SQLite corporate_actions/B3
CG_ONLY,BESST-10 BH,2022-11-03,60746948000112,BBDC4,BBDC4_2022-11-03_DISTRIBUTION_561,55.37394775733574,,0.0,55.37394775733574,JCP Mensais,UNKNOWN,EX_DATE_ECONOMIC_REINVESTMENT,https://www.bradescori.com.br/informacoes-ao-mercado/remuneracao-aos-acionistas/
CG_ONLY,BESST-10 BH,2022-11-22,02474103000119,TBLE3,TBLE3_2022-11-22_DISTRIBUTION_344,828.7645998783863,,0.0,828.7645998783863,CASH_DIVIDEND,UNKNOWN,EX_DATE_ECONOMIC_REINVESTMENT,cache/market.json.gz; SQLite corporate_actions/B3
CG_ONLY,BESST-10 BH,2022-12-01,60872504000123,ITUB4,ITUB4_2022-12-01_DISTRIBUTION_159,35.531597402390545,,0.0,35.531597402390545,JCP,UNKNOWN,EX_DATE_ECONOMIC_REINVESTMENT,cache/market.json.gz; SQLite corporate_actions/B3
CG_ONLY,BESST-10 BH,2022-12-02,60746948000112,BBDC4,BBDC4_2022-12-02_DISTRIBUTION_562,56.461108025156115,,0.0,56.461108025156115,JCP Mensais,UNKNOWN,EX_DATE_ECONOMIC_REINVESTMENT,https://www.bradescori.com.br/informacoes-ao-mercado/remuneracao-aos-acionistas/
CG_ONLY,BESST-10 BH,2022-12-09,60872504000123,ITUB4,ITUB4_2022-12-09_DISTRIBUTION_158,986.4421613419835,,0.0,986.4421613419835,JCP,UNKNOWN,EX_DATE_ECONOMIC_REINVESTMENT,cache/market.json.gz; SQLite corporate_actions/B3
CG_ONLY,BESST-10 BH,2022-12-22,02558115000121,TIMS3,CONT_2775_TIMS3_2022-12-22,837.3881193090434,,0.0,837.3881193090434,,UNKNOWN,EX_DATE_ECONOMIC_REINVESTMENT,https://api.mziq.com/mzfilemanager/v2/d/4c4aa51f-1235-4aa1-8b83-adc92e8dacc3/cb7f9c33-0c95-4504-aef8-f40895087360?origin=2
CG_ONLY,BESST-10 BH,2022-12-22,17155730000164,CMIG4,CMIG4_2022-12-22_DISTRIBUTION_657,1432.395508921453,,0.0,1432.395508921453,,UNKNOWN,EX_DATE_ECONOMIC_REINVESTMENT,https://api.mziq.com/mzfilemanager/v2/d/716a131f-9624-452c-9088-0cd6983c1349/a2eb9f5f-37e1-8913-c1eb-c4281b5e23b2?origin=2
CG_ONLY,BESST-10 BH,2022-12-23,02474103000119,TBLE3,TBLE3_2022-12-23_DISTRIBUTION_343,357.3686612275916,,0.0,357.3686612275916,JCP,UNKNOWN,EX_DATE_ECONOMIC_REINVESTMENT,cache/market.json.gz; SQLite corporate_actions/B3
CG_ONLY,BESST-10 BH,2022-12-28,17155730000164,CMIG4,CMIG4_2022-12-28_DISTRIBUTION_658,1883.0905542018863,,0.0,1883.0905542018863,,UNKNOWN,EX_DATE_ECONOMIC_REINVESTMENT,https://api.mziq.com/mzfilemanager/v2/d/716a131f-9624-452c-9088-0cd6983c1349/a2eb9f5f-37e1-8913-c1eb-c4281b5e23b2?origin=2
CG_ONLY,BESST-10 BH,2023-01-02,02558157000162,VIVT3,CONT_2777_VIVT3_2023-01-02,781.4079814890794,,0.0,781.4079814890794,,UNKNOWN,EX_DATE_ECONOMIC_REINVESTMENT,https://api.mziq.com/mzfilemanager/v2/d/24165f81-24d6-4648-bf9f-66712905d5a2/34b95df5-e8c3-6d48-b667-42e740e0df5e?origin=2
CG_ONLY,BESST-10 BH,2023-01-02,02558157000162,VIVT3,CONT_2778_VIVT3_2023-01-02,558.7067067667066,,0.0,558.7067067667066,,UNKNOWN,EX_DATE_ECONOMIC_REINVESTMENT,https://api.mziq.com/mzfilemanager/v2/d/24165f81-24d6-4648-bf9f-66712905d5a2/34b95df5-e8c3-6d48-b667-42e740e0df5e?origin=2
CG_ONLY,BESST-10 BH,2023-01-02,60872504000123,ITUB4,ITUB4_2023-01-02_DISTRIBUTION_157,36.52683713016621,,0.0,36.52683713016621,JCP,UNKNOWN,EX_DATE_ECONOMIC_REINVESTMENT,cache/market.json.gz; SQLite corporate_actions/B3
CG_ONLY,BESST-10 BH,2023-01-03,60746948000112,BBDC4,BBDC4_2023-01-03_DISTRIBUTION_535,57.52502728815657,,0.0,57.52502728815657,JCP Mensais,UNKNOWN,EX_DATE_ECONOMIC_REINVESTMENT,https://www.bradescori.com.br/informacoes-ao-mercado/remuneracao-aos-acionistas/
CG_ONLY,BESST-10 BH,2023-01-09,60746948000112,BBDC4,BBDC4_2023-01-09_DISTRIBUTION_563,1771.080517796276,,0.0,1771.080517796276,JCP Complementares,UNKNOWN,EX_DATE_ECONOMIC_REINVESTMENT,https://www.bradescori.com.br/informacoes-ao-mercado/remuneracao-aos-acionistas/
CG_ONLY,BESST-10 BH,2023-02-01,60872504000123,ITUB4,ITUB4_2023-02-01_DISTRIBUTION_156,36.818304533897866,,0.0,36.818304533897866,JCP,UNKNOWN,EX_DATE_ECONOMIC_REINVESTMENT,cache/market.json.gz; SQLite corporate_actions/B3
CG_ONLY,BESST-10 BH,2023-02-02,60746948000112,BBDC4,BBDC4_2023-02-02_DISTRIBUTION_536,61.10004418696967,,0.0,61.10004418696967,JCP Mensais,UNKNOWN,EX_DATE_ECONOMIC_REINVESTMENT,https://www.bradescori.com.br/informacoes-ao-mercado/remuneracao-aos-acionistas/
CG_ONLY,BESST-10 BH,2023-02-15,17344597000194,BBSE3,CONT_2554_BBSE3_2023-02-15,4348.057147897598,,0.0,4348.057147897598,,UNKNOWN,EX_DATE_ECONOMIC_REINVESTMENT,BBSE_DIV
CG_ONLY,BESST-10 BH,2023-03-01,02558157000162,VIVT3,CONT_2779_VIVT3_2023-03-01,86.94960317609805,,0.0,86.94960317609805,,UNKNOWN,EX_DATE_ECONOMIC_REINVESTMENT,https://api.mziq.com/mzfilemanager/v2/d/24165f81-24d6-4648-bf9f-66712905d5a2/34b95df5-e8c3-6d48-b667-42e740e0df5e?origin=2
CG_ONLY,BESST-10 BH,2023-03-01,60872504000123,ITUB4,ITUB4_2023-03-01_DISTRIBUTION_155,37.114485036366716,,0.0,37.114485036366716,JCP,UNKNOWN,EX_DATE_ECONOMIC_REINVESTMENT,cache/market.json.gz; SQLite corporate_actions/B3
CG_ONLY,BESST-10 BH,2023-03-02,60746948000112,BBDC4,BBDC4_2023-03-02_DISTRIBUTION_537,62.611807936348185,,0.0,62.611807936348185,JCP Mensais,UNKNOWN,EX_DATE_ECONOMIC_REINVESTMENT,https://www.bradescori.com.br/informacoes-ao-mercado/remuneracao-aos-acionistas/
CG_ONLY,BESST-10 BH,2023-03-23,17281106000103,CSMG3,CONT_2456_CSMG3_2023-03-23,2932.3658346858574,,0.0,2932.3658346858574,,UNKNOWN,EX_DATE_ECONOMIC_REINVESTMENT,CSMG_RI_V4
CG_ONLY,BESST-10 BH,2023-03-23,17281106000103,CSMG3,CONT_2457_CSMG3_2023-03-23,1572.4953082508698,,0.0,1572.4953082508698,,UNKNOWN,EX_DATE_ECONOMIC_REINVESTMENT,CSMG_RI_V4
CG_ONLY,BESST-10 BH,2023-03-24,60872504000123,ITUB4,ITUB4_2023-03-24_DISTRIBUTION_154,555.5699828643666,,0.0,555.5699828643666,JCP,UNKNOWN,EX_DATE_ECONOMIC_REINVESTMENT,cache/market.json.gz; SQLite corporate_actions/B3
CG_ONLY,BESST-10 BH,2023-03-28,17155730000164,CMIG4,CMIG4_2023-03-28_DISTRIBUTION_392,791.0652280070096,,0.0,791.0652280070096,JCP,UNKNOWN,EX_DATE_ECONOMIC_REINVESTMENT,cache/market.json.gz; SQLite corporate_actions/B3
CG_ONLY,BESST-10 BH,2023-04-03,02558157000162,VIVT3,CONT_2780_VIVT3_2023-04-03,240.57060483807598,,0.0,240.57060483807598,,UNKNOWN,EX_DATE_ECONOMIC_REINVESTMENT,https://api.mziq.com/mzfilemanager/v2/d/24165f81-24d6-4648-bf9f-66712905d5a2/34b95df5-e8c3-6d48-b667-42e740e0df5e?origin=2
CG_ONLY,BESST-10 BH,2023-04-03,60872504000123,ITUB4,ITUB4_2023-04-03_DISTRIBUTION_153,37.849056659994936,,0.0,37.849056659994936,JCP,UNKNOWN,EX_DATE_ECONOMIC_REINVESTMENT,cache/market.json.gz; SQLite corporate_actions/B3
CG_ONLY,BESST-10 BH,2023-04-04,60746948000112,BBDC4,BBDC4_2023-04-04_DISTRIBUTION_538,64.00998336685733,,0.0,64.00998336685733,JCP Mensais,UNKNOWN,EX_DATE_ECONOMIC_REINVESTMENT,https://www.bradescori.com.br/informacoes-ao-mercado/remuneracao-aos-acionistas/
CG_ONLY,BESST-10 BH,2023-04-11,02558115000121,TIMS3,CONT_2781_TIMS3_2023-04-11,1152.6438922839307,,0.0,1152.6438922839307,,UNKNOWN,EX_DATE_ECONOMIC_REINVESTMENT,https://api.mziq.com/mzfilemanager/v2/d/4c4aa51f-1235-4aa1-8b83-adc92e8dacc3/65baccdd-ad03-3938-5dcf-db9a05043e8c?origin=2
CG_ONLY,BESST-10 BH,2023-04-14,02558157000162,VIVT3,CONT_2782_VIVT3_2023-04-14,695.1907698613793,,0.0,695.1907698613793,,UNKNOWN,EX_DATE_ECONOMIC_REINVESTMENT,https://api.mziq.com/mzfilemanager/v2/d/24165f81-24d6-4648-bf9f-66712905d5a2/34b95df5-e8c3-6d48-b667-42e740e0df5e?origin=2
CG_ONLY,BESST-10 BH,2023-04-26,02558115000121,TIMS3,CONT_2783_TIMS3_2023-04-26,450.2708986909262,,0.0,450.2708986909262,,UNKNOWN,EX_DATE_ECONOMIC_REINVESTMENT,https://api.mziq.com/mzfilemanager/v2/d/4c4aa51f-1235-4aa1-8b83-adc92e8dacc3/1bb47dfa-27fa-b744-32bc-1c8d88460d5e?origin=2
CG_ONLY,BESST-10 BH,2023-04-28,17155730000164,CMIG4,CMIG4_2023-04-28_DISTRIBUTION_391,468.0560650516647,,0.0,468.0560650516647,CASH_DIVIDEND,UNKNOWN,EX_DATE_ECONOMIC_REINVESTMENT,cache/market.json.gz; SQLite corporate_actions/B3
CG_ONLY,BESST-10 BH,2023-05-02,43776517000180,SBSP3,CONT_2438_SBSP3_2023-05-02,1709.0454903503557,,0.0,1709.0454903503557,,UNKNOWN,EX_DATE_ECONOMIC_REINVESTMENT,SBSP_2021;SBSP_2022;SBSP_2023;SBSP_2024
CG_ONLY,BESST-10 BH,2023-05-02,60872504000123,ITUB4,ITUB4_2023-05-02_DISTRIBUTION_152,38.196744663009305,,0.0,38.196744663009305,JCP,UNKNOWN,EX_DATE_ECONOMIC_REINVESTMENT,cache/market.json.gz; SQLite corporate_actions/B3
CG_ONLY,BESST-10 BH,2023-05-03,60746948000112,BBDC4,BBDC4_2023-05-03_DISTRIBUTION_539,65.31013037418242,,0.0,65.31013037418242,JCP Mensais,UNKNOWN,EX_DATE_ECONOMIC_REINVESTMENT,https://www.bradescori.com.br/informacoes-ao-mercado/remuneracao-aos-acionistas/
CG_ONLY,BESST-10 BH,2023-05-09,02474103000119,TBLE3,TBLE3_2023-05-09_DISTRIBUTION_342,2681.9654975831745,,0.0,2681.9654975831745,CASH_DIVIDEND,UNKNOWN,EX_DATE_ECONOMIC_REINVESTMENT,cache/market.json.gz; SQLite corporate_actions/B3
CG_ONLY,BESST-10 BH,2023-06-01,02558157000162,VIVT3,CONT_2784_VIVT3_2023-06-01,274.61241931442,,0.0,274.61241931442,,UNKNOWN,EX_DATE_ECONOMIC_REINVESTMENT,https://api.mziq.com/mzfilemanager/v2/d/24165f81-24d6-4648-bf9f-66712905d5a2/34b95df5-e8c3-6d48-b667-42e740e0df5e?origin=2
CG_ONLY,BESST-10 BH,2023-06-01,60872504000123,ITUB4,ITUB4_2023-06-01_DISTRIBUTION_151,38.556667248363944,,0.0,38.556667248363944,JCP,UNKNOWN,EX_DATE_ECONOMIC_REINVESTMENT,cache/market.json.gz; SQLite corporate_actions/B3
CG_ONLY,BESST-10 BH,2023-06-02,60746948000112,BBDC4,BBDC4_2023-06-02_DISTRIBUTION_540,66.27166347506778,,0.0,66.27166347506778,JCP Mensais,UNKNOWN,EX_DATE_ECONOMIC_REINVESTMENT,https://www.bradescori.com.br/informacoes-ao-mercado/remuneracao-aos-acionistas/
CG_ONLY,BESST-10 BH,2023-06-20,60872504000123,ITUB4,ITUB4_2023-06-20_DISTRIBUTION_150,586.1368199336886,,0.0,586.1368199336886,JCP,UNKNOWN,EX_DATE_ECONOMIC_REINVESTMENT,cache/market.json.gz; SQLite corporate_actions/B3
CG_ONLY,BESST-10 BH,2023-06-22,17281106000103,CSMG3,CONT_2458_CSMG3_2023-06-22,1636.4297882127735,,0.0,1636.4297882127735,,UNKNOWN,EX_DATE_ECONOMIC_REINVESTMENT,CSMG_RI_V4
CG_ONLY,BESST-10 BH,2023-06-23,02558115000121,TIMS3,CONT_2785_TIMS3_2023-06-23,574.3106569529799,,0.0,574.3106569529799,,UNKNOWN,EX_DATE_ECONOMIC_REINVESTMENT,https://api.mziq.com/mzfilemanager/v2/d/4c4aa51f-1235-4aa1-8b83-adc92e8dacc3/f9bfbb53-bd62-8696-5738-d8d4278047c5?origin=2;https://api.mziq.com/mzfilemanager/v2/d/4c4aa51f-1235-4aa1-8b83-adc92e8dacc3/83680557-8387-d00f-24f1-bfd20a1effa5?origin=2
CG_ONLY,BESST-10 BH,2023-06-26,17155730000164,CMIG4,CMIG4_2023-06-26_DISTRIBUTION_390,806.3599732053846,,0.0,806.3599732053846,JCP,UNKNOWN,EX_DATE_ECONOMIC_REINVESTMENT,cache/market.json.gz; SQLite corporate_actions/B3
CG_ONLY,BESST-10 BH,2023-06-27,60746948000112,BBDC4,BBDC4_2023-06-27_DISTRIBUTION_541,688.4983834200032,,0.0,688.4983834200032,JCP Intermediários,UNKNOWN,EX_DATE_ECONOMIC_REINVESTMENT,https://www.bradescori.com.br/informacoes-ao-mercado/remuneracao-aos-acionistas/
CG_ONLY,BESST-10 BH,2023-06-30,02149205000169,PSSA3,CONT_2786_PSSA3_2023-06-30,1588.1943117308292,,0.0,1588.1943117308292,,UNKNOWN,EX_DATE_ECONOMIC_REINVESTMENT,https://api.mziq.com/mzfilemanager/v2/d/b77a3922-d280-4451-b3ee-0afec4577834/48f3e545-5f5b-0f87-1454-e0d6df50b7a5?origin=2;https://api.mziq.com/mzfilemanager/v2/d/b77a3922-d280-4451-b3ee-0afec4577834/3ada0e5c-8000-0a0c-803a-056115098836?origin=2
CG_ONLY,BESST-10 BH,2023-07-03,60872504000123,ITUB4,ITUB4_2023-07-03_DISTRIBUTION_149,39.20805916865536,,0.0,39.20805916865536,JCP,UNKNOWN,EX_DATE_ECONOMIC_REINVESTMENT,cache/market.json.gz; SQLite corporate_actions/B3
CG_ONLY,BESST-10 BH,2023-07-04,60746948000112,BBDC4,BBDC4_2023-07-04_DISTRIBUTION_542,68.06184370251606,,0.0,68.06184370251606,JCP Mensais,UNKNOWN,EX_DATE_ECONOMIC_REINVESTMENT,https://www.bradescori.com.br/informacoes-ao-mercado/remuneracao-aos-acionistas/
CG_ONLY,BESST-10 BH,2023-08-01,02558157000162,VIVT3,CONT_2788_VIVT3_2023-08-01,356.8418507684311,,0.0,356.8418507684311,,UNKNOWN,EX_DATE_ECONOMIC_REINVESTMENT,https://api.mziq.com/mzfilemanager/v2/d/24165f81-24d6-4648-bf9f-66712905d5a2/34b95df5-e8c3-6d48-b667-42e740e0df5e?origin=2
CG_ONLY,BESST-10 BH,2023-08-01,60872504000123,ITUB4,ITUB4_2023-08-01_DISTRIBUTION_148,39.45964527325479,,0.0,39.45964527325479,JCP,UNKNOWN,EX_DATE_ECONOMIC_REINVESTMENT,cache/market.json.gz; SQLite corporate_actions/B3
CG_ONLY,BESST-10 BH,2023-08-02,60746948000112,BBDC4,BBDC4_2023-08-02_DISTRIBUTION_543,69.08252382303108,,0.0,69.08252382303108,JCP Mensais,UNKNOWN,EX_DATE_ECONOMIC_REINVESTMENT,https://www.bradescori.com.br/informacoes-ao-mercado/remuneracao-aos-acionistas/
CG_ONLY,BESST-10 BH,2023-08-17,17344597000194,BBSE3,CONT_2553_BBSE3_2023-08-17,3999.286475601464,,0.0,3999.286475601464,,UNKNOWN,EX_DATE_ECONOMIC_REINVESTMENT,BBSE_DIV
CG_ONLY,BESST-10 BH,2023-08-22,02474103000119,TBLE3,TBLE3_2023-08-22_DISTRIBUTION_341,1490.8276111563664,,0.0,1490.8276111563664,CASH_DIVIDEND,UNKNOWN,EX_DATE_ECONOMIC_REINVESTMENT,cache/market.json.gz; SQLite corporate_actions/B3
CG_ONLY,BESST-10 BH,2023-09-01,02558157000162,VIVT3,CONT_2789_VIVT3_2023-09-01,237.67378206123783,,0.0,237.67378206123783,,UNKNOWN,EX_DATE_ECONOMIC_REINVESTMENT,https://api.mziq.com/mzfilemanager/v2/d/24165f81-24d6-4648-bf9f-66712905d5a2/34b95df5-e8c3-6d48-b667-42e740e0df5e?origin=2
CG_ONLY,BESST-10 BH,2023-09-01,60872504000123,ITUB4,ITUB4_2023-09-01_DISTRIBUTION_147,39.69195778785377,,0.0,39.69195778785377,JCP,UNKNOWN,EX_DATE_ECONOMIC_REINVESTMENT,cache/market.json.gz; SQLite corporate_actions/B3
CG_ONLY,BESST-10 BH,2023-09-04,60746948000112,BBDC4,BBDC4_2023-09-04_DISTRIBUTION_544,70.29974753107813,,0.0,70.29974753107813,JCP Mensais,UNKNOWN,EX_DATE_ECONOMIC_REINVESTMENT,https://www.bradescori.com.br/informacoes-ao-mercado/remuneracao-aos-acionistas/
CG_ONLY,BESST-10 BH,2023-09-11,60872504000123,XPBR31,XPBR31_2023-09-11_DISTRIBUTION_687,116.56420140923996,,0.0,116.56420140923996,,UNKNOWN,EX_DATE_ECONOMIC_REINVESTMENT,https://api.mziq.com/mzfilemanager/v2/d/d1820734-8b3f-4a23-8642-331a3a8561a6/974f8122-1809-7583-6d0a-c5e21b2004b8?origin=1
CG_ONLY,BESST-10 BH,2023-09-19,60872504000123,ITUB4,ITUB4_2023-09-19_DISTRIBUTION_146,609.3845963870964,,0.0,609.3845963870964,JCP,UNKNOWN,EX_DATE_ECONOMIC_REINVESTMENT,cache/market.json.gz; SQLite corporate_actions/B3
CG_ONLY,BESST-10 BH,2023-09-22,02558115000121,TIMS3,CONT_2790_TIMS3_2023-09-22,859.6653732635311,,0.0,859.6653732635311,,UNKNOWN,EX_DATE_ECONOMIC_REINVESTMENT,https://api.mziq.com/mzfilemanager/v2/d/4c4aa51f-1235-4aa1-8b83-adc92e8dacc3/d33fa338-50a0-bacd-2e30-a8d3cd8573cf?origin=2
CG_ONLY,BESST-10 BH,2023-09-22,17281106000103,CSMG3,CONT_2459_CSMG3_2023-09-22,1649.6831286110876,,0.0,1649.6831286110876,,UNKNOWN,EX_DATE_ECONOMIC_REINVESTMENT,CSMG_RI_V4
CG_ONLY,BESST-10 BH,2023-09-25,02558157000162,VIVT3,CONT_2791_VIVT3_2023-09-25,181.7345291999891,,0.0,181.7345291999891,,UNKNOWN,EX_DATE_ECONOMIC_REINVESTMENT,https://api.mziq.com/mzfilemanager/v2/d/24165f81-24d6-4648-bf9f-66712905d5a2/34b95df5-e8c3-6d48-b667-42e740e0df5e?origin=2
CG_ONLY,BESST-10 BH,2023-09-26,17155730000164,CMIG4,CMIG4_2023-09-26_DISTRIBUTION_389,795.9322795658471,,0.0,795.9322795658471,JCP,UNKNOWN,EX_DATE_ECONOMIC_REINVESTMENT,cache/market.json.gz; SQLite corporate_actions/B3
CG_ONLY,BESST-10 BH,2023-09-29,02149205000169,PSSA3,CONT_2792_PSSA3_2023-09-29,804.266682118425,,0.0,804.266682118425,,UNKNOWN,EX_DATE_ECONOMIC_REINVESTMENT,https://api.mziq.com/mzfilemanager/v2/d/b77a3922-d280-4451-b3ee-0afec4577834/278b0bbf-318b-7e48-5e64-4da0386b1ef5?origin=2;https://api.mziq.com/mzfilemanager/v2/d/b77a3922-d280-4451-b3ee-0afec4577834/3ada0e5c-8000-0a0c-803a-056115098836?origin=2
CG_ONLY,BESST-10 BH,2023-10-02,60872504000123,ITUB4,ITUB4_2023-10-02_DISTRIBUTION_145,40.3352531895355,,0.0,40.3352531895355,JCP,UNKNOWN,EX_DATE_ECONOMIC_REINVESTMENT,cache/market.json.gz; SQLite corporate_actions/B3
CG_ONLY,BESST-10 BH,2023-10-03,60746948000112,BBDC4,BBDC4_2023-10-03_DISTRIBUTION_545,71.7867539050515,,0.0,71.7867539050515,JCP Mensais,UNKNOWN,EX_DATE_ECONOMIC_REINVESTMENT,https://www.bradescori.com.br/informacoes-ao-mercado/remuneracao-aos-acionistas/
CG_ONLY,BESST-10 BH,2023-10-24,02558157000162,VIVT3,CONT_2793_VIVT3_2023-10-24,137.61376555131758,,0.0,137.61376555131758,,UNKNOWN,EX_DATE_ECONOMIC_REINVESTMENT,https://api.mziq.com/mzfilemanager/v2/d/24165f81-24d6-4648-bf9f-66712905d5a2/34b95df5-e8c3-6d48-b667-42e740e0df5e?origin=2
CG_ONLY,BESST-10 BH,2023-11-01,60872504000123,ITUB4,ITUB4_2023-11-01_DISTRIBUTION_144,40.63415527626535,,0.0,40.63415527626535,JCP,UNKNOWN,EX_DATE_ECONOMIC_REINVESTMENT,cache/market.json.gz; SQLite corporate_actions/B3
CG_ONLY,BESST-10 BH,2023-11-03,60746948000112,BBDC4,BBDC4_2023-11-03_DISTRIBUTION_546,73.3816788966572,,0.0,73.3816788966572,JCP Mensais,UNKNOWN,EX_DATE_ECONOMIC_REINVESTMENT,https://www.bradescori.com.br/informacoes-ao-mercado/remuneracao-aos-acionistas/
CG_ONLY,BESST-10 BH,2023-12-01,60872504000123,ITUB4,ITUB4_2023-12-01_DISTRIBUTION_143,40.960023109443355,,0.0,40.960023109443355,JCP,UNKNOWN,EX_DATE_ECONOMIC_REINVESTMENT,cache/market.json.gz; SQLite corporate_actions/B3
CG_ONLY,BESST-10 BH,2023-12-04,60746948000112,BBDC4,BBDC4_2023-12-04_DISTRIBUTION_547,74.82615438589876,,0.0,74.82615438589876,JCP Mensais,UNKNOWN,EX_DATE_ECONOMIC_REINVESTMENT,https://www.bradescori.com.br/informacoes-ao-mercado/remuneracao-aos-acionistas/
CG_ONLY,BESST-10 BH,2023-12-07,60872504000123,ITUB4,ITUB4_2023-12-07_DISTRIBUTION_142,576.2720945680106,,0.0,576.2720945680106,JCP,UNKNOWN,EX_DATE_ECONOMIC_REINVESTMENT,cache/market.json.gz; SQLite corporate_actions/B3
CG_ONLY,BESST-10 BH,2023-12-12,60872504000123,XPBR31,XPBR31_2023-12-12_DISTRIBUTION_688,150.4709587440305,,0.0,150.4709587440305,,UNKNOWN,EX_DATE_ECONOMIC_REINVESTMENT,https://api.mziq.com/mzfilemanager/v2/d/d1820734-8b3f-4a23-8642-331a3a8561a6/bcf8391a-ada6-8146-717d-479c39aa4bd9?origin=1
CG_ONLY,BESST-10 BH,2023-12-14,17281106000103,CSMG3,CONT_2460_CSMG3_2023-12-14,4915.015209204424,,0.0,4915.015209204424,,UNKNOWN,EX_DATE_ECONOMIC_REINVESTMENT,CSMG_RI_V4
CG_ONLY,BESST-10 BH,2023-12-22,02474103000119,TBLE3,TBLE3_2023-12-22_DISTRIBUTION_340,296.0344645356566,,0.0,296.0344645356566,JCP,UNKNOWN,EX_DATE_ECONOMIC_REINVESTMENT,cache/market.json.gz; SQLite corporate_actions/B3
CG_ONLY,BESST-10 BH,2023-12-22,02558115000121,TIMS3,CONT_2794_TIMS3_2023-12-22,1341.9504177675105,,0.0,1341.9504177675105,,UNKNOWN,EX_DATE_ECONOMIC_REINVESTMENT,https://api.mziq.com/mzfilemanager/v2/d/4c4aa51f-1235-4aa1-8b83-adc92e8dacc3/91b24dc2-38fd-230c-4323-946e884a2ae0?origin=2
CG_ONLY,BESST-10 BH,2023-12-22,17155730000164,CMIG4,CMIG4_2023-12-22_DISTRIBUTION_388,2537.6690620550216,,0.0,2537.6690620550216,JCP,UNKNOWN,EX_DATE_ECONOMIC_REINVESTMENT,cache/market.json.gz; SQLite corporate_actions/B3
CG_ONLY,BESST-10 BH,2023-12-22,17281106000103,CSMG3,CONT_2461_CSMG3_2023-12-22,1268.4148167242738,,0.0,1268.4148167242738,,UNKNOWN,EX_DATE_ECONOMIC_REINVESTMENT,CSMG_RI_V4
CG_ONLY,BESST-10 BH,2023-12-22,60746948000112,BBDC4,BBDC4_2023-12-22_DISTRIBUTION_548,777.3633132153084,,0.0,777.3633132153084,JCP Intermediários,UNKNOWN,EX_DATE_ECONOMIC_REINVESTMENT,https://www.bradescori.com.br/informacoes-ao-mercado/remuneracao-aos-acionistas/
CG_ONLY,BESST-10 BH,2023-12-22,60746948000112,BBDC4,BBDC4_2023-12-22_DISTRIBUTION_549,1942.6309156269572,,0.0,1942.6309156269572,JCP Complementares,UNKNOWN,EX_DATE_ECONOMIC_REINVESTMENT,https://www.bradescori.com.br/informacoes-ao-mercado/remuneracao-aos-acionistas/
CG_ONLY,BESST-10 BH,2023-12-27,02558157000162,VIVT3,CONT_2795_VIVT3_2023-12-27,786.6070764406098,,0.0,786.6070764406098,,UNKNOWN,EX_DATE_ECONOMIC_REINVESTMENT,https://api.mziq.com/mzfilemanager/v2/d/24165f81-24d6-4648-bf9f-66712905d5a2/34b95df5-e8c3-6d48-b667-42e740e0df5e?origin=2
CG_ONLY,BESST-10 BH,2023-12-28,02149205000169,PSSA3,CONT_2796_PSSA3_2023-12-28,1488.640332319983,,0.0,1488.640332319983,,UNKNOWN,EX_DATE_ECONOMIC_REINVESTMENT,https://api.mziq.com/mzfilemanager/v2/d/b77a3922-d280-4451-b3ee-0afec4577834/f7090ee5-156b-83e5-90db-4d562bf4c5da?origin=2
CG_ONLY,BESST-10 BH,2024-01-02,60872504000123,ITUB4,ITUB4_2024-01-02_DISTRIBUTION_141,41.46065417007191,,0.0,41.46065417007191,JCP,UNKNOWN,EX_DATE_ECONOMIC_REINVESTMENT,cache/market.json.gz; SQLite corporate_actions/B3
CG_ONLY,BESST-10 BH,2024-01-03,60746948000112,BBDC4,BBDC4_2024-01-03_DISTRIBUTION_520,79.08100296827732,,0.0,79.08100296827732,JCP Mensais,UNKNOWN,EX_DATE_ECONOMIC_REINVESTMENT,https://www.bradescori.com.br/informacoes-ao-mercado/remuneracao-aos-acionistas/
CG_ONLY,BESST-10 BH,2024-02-01,60872504000123,ITUB4,ITUB4_2024-02-01_DISTRIBUTION_140,41.58188772778696,,0.0,41.58188772778696,JCP,UNKNOWN,EX_DATE_ECONOMIC_REINVESTMENT,cache/market.json.gz; SQLite corporate_actions/B3
CG_ONLY,BESST-10 BH,2024-02-02,60746948000112,BBDC4,BBDC4_2024-02-02_DISTRIBUTION_521,80.27938339739438,,0.0,80.27938339739438,JCP Mensais,UNKNOWN,EX_DATE_ECONOMIC_REINVESTMENT,https://www.bradescori.com.br/informacoes-ao-mercado/remuneracao-aos-acionistas/
CG_ONLY,BESST-10 BH,2024-02-09,17344597000194,BBSE3,CONT_2552_BBSE3_2024-02-09,3260.8109913600842,,0.0,3260.8109913600842,,UNKNOWN,EX_DATE_ECONOMIC_REINVESTMENT,BBSE_DIV
CG_ONLY,BESST-10 BH,2024-02-22,60872504000123,ITUB4,ITUB4_2024-02-22_DISTRIBUTION_139,2659.1738819306656,,0.0,2659.1738819306656,CASH_DIVIDEND,UNKNOWN,EX_DATE_ECONOMIC_REINVESTMENT,cache/market.json.gz; SQLite corporate_actions/B3
CG_ONLY,BESST-10 BH,2024-03-01,60872504000123,ITUB4,ITUB4_2024-03-01_DISTRIBUTION_138,43.08880698877922,,0.0,43.08880698877922,JCP,UNKNOWN,EX_DATE_ECONOMIC_REINVESTMENT,cache/market.json.gz; SQLite corporate_actions/B3
CG_ONLY,BESST-10 BH,2024-03-04,60746948000112,BBDC4,BBDC4_2024-03-04_DISTRIBUTION_522,82.04538237126542,,0.0,82.04538237126542,JCP Mensais,UNKNOWN,EX_DATE_ECONOMIC_REINVESTMENT,https://www.bradescori.com.br/informacoes-ao-mercado/remuneracao-aos-acionistas/
CG_ONLY,BESST-10 BH,2024-03-22,60872504000123,ITUB4,ITUB4_2024-03-22_DISTRIBUTION_137,590.9269036736134,,0.0,590.9269036736134,JCP,UNKNOWN,EX_DATE_ECONOMIC_REINVESTMENT,cache/market.json.gz; SQLite corporate_actions/B3
CG_ONLY,BESST-10 BH,2024-03-25,02558115000121,TIMS3,CONT_2798_TIMS3_2024-03-25,416.0137433231092,,0.0,416.0137433231092,,UNKNOWN,EX_DATE_ECONOMIC_REINVESTMENT,https://api.mziq.com/mzfilemanager/v2/d/4c4aa51f-1235-4aa1-8b83-adc92e8dacc3/c868d86f-70be-ac1e-09f4-aa649775ffce?origin=2;https://api.mziq.com/mzfilemanager/v2/d/4c4aa51f-1235-4aa1-8b83-adc92e8dacc3/faf16da3-dab4-e1dd-f656-258905eb9fb1?origin=2
CG_ONLY,BESST-10 BH,2024-03-26,17281106000103,CSMG3,CONT_2462_CSMG3_2024-03-26,2222.5772300295753,,0.0,2222.5772300295753,,UNKNOWN,EX_DATE_ECONOMIC_REINVESTMENT,CSMG_RI_V4
CG_ONLY,BESST-10 BH,2024-03-26,17281106000103,CSMG3,CONT_2463_CSMG3_2024-03-26,768.1456676445188,,0.0,768.1456676445188,,UNKNOWN,EX_DATE_ECONOMIC_REINVESTMENT,CSMG_RI_V4
CG_ONLY,BESST-10 BH,2024-03-26,17281106000103,CSMG3,CONT_2464_CSMG3_2024-03-26,1647.4273348764655,,0.0,1647.4273348764655,,UNKNOWN,EX_DATE_ECONOMIC_REINVESTMENT,CSMG_RI_V4
CG_ONLY,BESST-10 BH,2024-03-27,17155730000164,CMIG4,CMIG4_2024-03-27_DISTRIBUTION_387,761.5185037218109,,0.0,761.5185037218109,JCP,UNKNOWN,EX_DATE_ECONOMIC_REINVESTMENT,cache/market.json.gz; SQLite corporate_actions/B3
CG_ONLY,BESST-10 BH,2024-04-01,02149205000169,PSSA3,CONT_2799_PSSA3_2024-04-01,270.9782616855217,,0.0,270.9782616855217,,UNKNOWN,EX_DATE_ECONOMIC_REINVESTMENT,https://api.mziq.com/mzfilemanager/v2/d/b77a3922-d280-4451-b3ee-0afec4577834/ba54f038-ceec-de5f-c468-8a33b22d345a?origin=2;https://api.mziq.com/mzfilemanager/v2/d/b77a3922-d280-4451-b3ee-0afec4577834/b5cca7ab-60ac-611f-1138-e8ff6eeaf480?origin=2;https://api.mziq.com/mzfilemanager/v2/d/b77a3922-d280-4451-b3ee-0afec4577834/12d0f45e-e5c8-5f7a-dbc5-3e171187dab9?origin=2
CG_ONLY,BESST-10 BH,2024-04-01,02149205000169,PSSA3,CONT_2800_PSSA3_2024-04-01,866.6693854462659,,0.0,866.6693854462659,,UNKNOWN,EX_DATE_ECONOMIC_REINVESTMENT,https://api.mziq.com/mzfilemanager/v2/d/b77a3922-d280-4451-b3ee-0afec4577834/595d4d3e-f1bf-31d5-9d2d-53b9f100a5b7?origin=2;https://api.mziq.com/mzfilemanager/v2/d/b77a3922-d280-4451-b3ee-0afec4577834/a730da5f-6984-07cc-1fac-1fab6adcd8e6?origin=2;https://api.mziq.com/mzfilemanager/v2/d/b77a3922-d280-4451-b3ee-0afec4577834/c51162ba-772b-3276-e991-5239fc18f0bc?origin=2
CG_ONLY,BESST-10 BH,2024-04-01,02558157000162,VIVT3,CONT_2801_VIVT3_2024-04-01,283.01694774996827,,0.0,283.01694774996827,,UNKNOWN,EX_DATE_ECONOMIC_REINVESTMENT,https://api.mziq.com/mzfilemanager/v2/d/24165f81-24d6-4648-bf9f-66712905d5a2/34b95df5-e8c3-6d48-b667-42e740e0df5e?origin=2
CG_ONLY,BESST-10 BH,2024-04-01,60872504000123,ITUB4,ITUB4_2024-04-01_DISTRIBUTION_136,43.44355037989491,,0.0,43.44355037989491,JCP,UNKNOWN,EX_DATE_ECONOMIC_REINVESTMENT,cache/market.json.gz; SQLite corporate_actions/B3
CG_ONLY,BESST-10 BH,2024-04-02,60746948000112,BBDC4,BBDC4_2024-04-02_DISTRIBUTION_523,83.53262517992836,,0.0,83.53262517992836,JCP Mensais,UNKNOWN,EX_DATE_ECONOMIC_REINVESTMENT,https://www.bradescori.com.br/informacoes-ao-mercado/remuneracao-aos-acionistas/
CG_ONLY,BESST-10 BH,2024-04-10,02558115000121,TIMS3,CONT_2802_TIMS3_2024-04-10,911.5656797410618,,0.0,911.5656797410618,,UNKNOWN,EX_DATE_ECONOMIC_REINVESTMENT,https://api.mziq.com/mzfilemanager/v2/d/4c4aa51f-1235-4aa1-8b83-adc92e8dacc3/1c513fe5-4ad4-c0cd-56b1-b8cf5e09401c?origin=2;https://api.mziq.com/mzfilemanager/v2/d/4c4aa51f-1235-4aa1-8b83-adc92e8dacc3/56b8f088-3226-1f4d-1e20-01d4c3f66c49?origin=2
CG_ONLY,BESST-10 BH,2024-04-10,02558115000121,TIMS3,CONT_2803_TIMS3_2024-04-10,913.6564235677736,,0.0,913.6564235677736,,UNKNOWN,EX_DATE_ECONOMIC_REINVESTMENT,https://api.mziq.com/mzfilemanager/v2/d/4c4aa51f-1235-4aa1-8b83-adc92e8dacc3/1c513fe5-4ad4-c0cd-56b1-b8cf5e09401c?origin=2
CG_ONLY,BESST-10 BH,2024-04-10,02558115000121,TIMS3,CONT_2804_TIMS3_2024-04-10,913.6564235677736,,0.0,913.6564235677736,,UNKNOWN,EX_DATE_ECONOMIC_REINVESTMENT,https://api.mziq.com/mzfilemanager/v2/d/4c4aa51f-1235-4aa1-8b83-adc92e8dacc3/1c513fe5-4ad4-c0cd-56b1-b8cf5e09401c?origin=2
CG_ONLY,BESST-10 BH,2024-04-11,02558157000162,VIVT3,CONT_2805_VIVT3_2024-04-11,1427.357953652726,,0.0,1427.357953652726,,UNKNOWN,EX_DATE_ECONOMIC_REINVESTMENT,https://api.mziq.com/mzfilemanager/v2/d/24165f81-24d6-4648-bf9f-66712905d5a2/34b95df5-e8c3-6d48-b667-42e740e0df5e?origin=2
CG_ONLY,BESST-10 BH,2024-04-26,43776517000180,SBSP3,CONT_2439_SBSP3_2024-04-26,1994.0702479965964,,0.0,1994.0702479965964,,UNKNOWN,EX_DATE_ECONOMIC_REINVESTMENT,SBSP_2021;SBSP_2022;SBSP_2023;SBSP_2024
CG_ONLY,BESST-10 BH,2024-04-29,17281106000103,CSMG3,CONT_2465_CSMG3_2024-04-29,4375.540899899139,,0.0,4375.540899899139,,UNKNOWN,EX_DATE_ECONOMIC_REINVESTMENT,CSMG_RI_V4
CG_ONLY,BESST-10 BH,2024-04-30,02558157000162,VIVT3,CONT_2806_VIVT3_2024-04-30,368.4862246980797,,0.0,368.4862246980797,,UNKNOWN,EX_DATE_ECONOMIC_REINVESTMENT,https://api.mziq.com/mzfilemanager/v2/d/24165f81-24d6-4648-bf9f-66712905d5a2/34b95df5-e8c3-6d48-b667-42e740e0df5e?origin=2
CG_ONLY,BESST-10 BH,2024-04-30,17155730000164,CMIG4,CMIG4_2024-04-30_DISTRIBUTION_386,1058.1633085347205,,0.0,1058.1633085347205,CASH_DIVIDEND,UNKNOWN,EX_DATE_ECONOMIC_REINVESTMENT,cache/market.json.gz; SQLite corporate_actions/B3
CG_ONLY,BESST-10 BH,2024-05-02,60872504000123,ITUB4,ITUB4_2024-05-02_DISTRIBUTION_135,43.53073029177086,,0.0,43.53073029177086,JCP,UNKNOWN,EX_DATE_ECONOMIC_REINVESTMENT,cache/market.json.gz; SQLite corporate_actions/B3
CG_ONLY,BESST-10 BH,2024-05-03,60746948000112,BBDC4,BBDC4_2024-05-03_DISTRIBUTION_524,85.0145922069823,,0.0,85.0145922069823,JCP Mensais,UNKNOWN,EX_DATE_ECONOMIC_REINVESTMENT,https://www.bradescori.com.br/informacoes-ao-mercado/remuneracao-aos-acionistas/
CG_ONLY,BESST-10 BH,2024-05-07,02474103000119,TBLE3,TBLE3_2024-05-07_DISTRIBUTION_339,2145.1688509343144,,0.0,2145.1688509343144,CASH_DIVIDEND,UNKNOWN,EX_DATE_ECONOMIC_REINVESTMENT,cache/market.json.gz; SQLite corporate_actions/B3
CG_ONLY,BESST-10 BH,2024-06-03,60872504000123,ITUB4,ITUB4_2024-06-03_DISTRIBUTION_134,43.706753792466756,,0.0,43.706753792466756,JCP,UNKNOWN,EX_DATE_ECONOMIC_REINVESTMENT,cache/market.json.gz; SQLite corporate_actions/B3
CG_ONLY,BESST-10 BH,2024-06-04,60746948000112,BBDC4,BBDC4_2024-06-04_DISTRIBUTION_525,86.75560057391537,,0.0,86.75560057391537,JCP Mensais,UNKNOWN,EX_DATE_ECONOMIC_REINVESTMENT,https://www.bradescori.com.br/informacoes-ao-mercado/remuneracao-aos-acionistas/
CG_ONLY,BESST-10 BH,2024-06-18,60746948000112,BBDC4,BBDC4_2024-06-18_DISTRIBUTION_526,1808.9186094708189,,0.0,1808.9186094708189,JCP Intermediários,UNKNOWN,EX_DATE_ECONOMIC_REINVESTMENT,https://www.bradescori.com.br/informacoes-ao-mercado/remuneracao-aos-acionistas/
CG_ONLY,BESST-10 BH,2024-06-21,60872504000123,ITUB4,ITUB4_2024-06-21_DISTRIBUTION_133,623.7112349889958,,0.0,623.7112349889958,JCP,UNKNOWN,EX_DATE_ECONOMIC_REINVESTMENT,cache/market.json.gz; SQLite corporate_actions/B3
CG_ONLY,BESST-10 BH,2024-06-24,02558115000121,TIMS3,CONT_2807_TIMS3_2024-06-24,648.5949054974606,,0.0,648.5949054974606,,UNKNOWN,EX_DATE_ECONOMIC_REINVESTMENT,https://api.mziq.com/mzfilemanager/v2/d/4c4aa51f-1235-4aa1-8b83-adc92e8dacc3/a9b987e8-5f5b-af7e-b56d-4353e72d5c13?origin=2
CG_ONLY,BESST-10 BH,2024-06-24,17155730000164,CMIG4,CMIG4_2024-06-24_DISTRIBUTION_385,861.0457101353246,,0.0,861.0457101353246,JCP,UNKNOWN,EX_DATE_ECONOMIC_REINVESTMENT,cache/market.json.gz; SQLite corporate_actions/B3
CG_ONLY,BESST-10 BH,2024-06-26,17281106000103,CSMG3,CONT_2466_CSMG3_2024-06-26,389.8405805099863,,0.0,389.8405805099863,,UNKNOWN,EX_DATE_ECONOMIC_REINVESTMENT,CSMG_RI_V4
CG_ONLY,BESST-10 BH,2024-06-26,17281106000103,CSMG3,CONT_2467_CSMG3_2024-06-26,1818.8463130666494,,0.0,1818.8463130666494,,UNKNOWN,EX_DATE_ECONOMIC_REINVESTMENT,CSMG_RI_V4
CG_ONLY,BESST-10 BH,2024-06-27,02558157000162,VIVT3,CONT_2808_VIVT3_2024-06-27,173.24103114391664,,0.0,173.24103114391664,,UNKNOWN,EX_DATE_ECONOMIC_REINVESTMENT,https://api.mziq.com/mzfilemanager/v2/d/24165f81-24d6-4648-bf9f-66712905d5a2/34b95df5-e8c3-6d48-b667-42e740e0df5e?origin=2
CG_ONLY,BESST-10 BH,2024-07-01,02149205000169,PSSA3,CONT_2809_PSSA3_2024-07-01,937.5990580326768,,0.0,937.5990580326768,,UNKNOWN,EX_DATE_ECONOMIC_REINVESTMENT,https://api.mziq.com/mzfilemanager/v2/d/b77a3922-d280-4451-b3ee-0afec4577834/e777cb3f-2ccb-ec02-431c-98d1c9239971?origin=2;https://api.mziq.com/mzfilemanager/v2/d/b77a3922-d280-4451-b3ee-0afec4577834/a730da5f-6984-07cc-1fac-1fab6adcd8e6?origin=2;https://api.mziq.com/mzfilemanager/v2/d/b77a3922-d280-4451-b3ee-0afec4577834/c51162ba-772b-3276-e991-5239fc18f0bc?origin=2
CG_ONLY,BESST-10 BH,2024-07-01,60872504000123,ITUB4,ITUB4_2024-07-01_DISTRIBUTION_132,44.20388951768392,,0.0,44.20388951768392,JCP,UNKNOWN,EX_DATE_ECONOMIC_REINVESTMENT,cache/market.json.gz; SQLite corporate_actions/B3
CG_ONLY,BESST-10 BH,2024-07-02,60746948000112,BBDC4,BBDC4_2024-07-02_DISTRIBUTION_527,91.39186925115996,,0.0,91.39186925115996,JCP Mensais,UNKNOWN,EX_DATE_ECONOMIC_REINVESTMENT,https://www.bradescori.com.br/informacoes-ao-mercado/remuneracao-aos-acionistas/
CG_ONLY,BESST-10 BH,2024-07-29,02558157000162,VIVT3,CONT_2811_VIVT3_2024-07-29,651.3944830131537,,0.0,651.3944830131537,,UNKNOWN,EX_DATE_ECONOMIC_REINVESTMENT,https://api.mziq.com/mzfilemanager/v2/d/24165f81-24d6-4648-bf9f-66712905d5a2/34b95df5-e8c3-6d48-b667-42e740e0df5e?origin=2
CG_ONLY,BESST-10 BH,2024-08-01,60872504000123,ITUB4,ITUB4_2024-08-01_DISTRIBUTION_131,44.3429040986111,,0.0,44.3429040986111,JCP,UNKNOWN,EX_DATE_ECONOMIC_REINVESTMENT,cache/market.json.gz; SQLite corporate_actions/B3
CG_ONLY,BESST-10 BH,2024-08-02,60746948000112,BBDC4,BBDC4_2024-08-02_DISTRIBUTION_528,93.16580818103262,,0.0,93.16580818103262,JCP Mensais,UNKNOWN,EX_DATE_ECONOMIC_REINVESTMENT,https://www.bradescori.com.br/informacoes-ao-mercado/remuneracao-aos-acionistas/
CG_ONLY,BESST-10 BH,2024-08-19,17344597000194,BBSE3,CONT_2551_BBSE3_2024-08-19,3802.6437922561213,,0.0,3802.6437922561213,,UNKNOWN,EX_DATE_ECONOMIC_REINVESTMENT,BBSE_DIV
CG_ONLY,BESST-10 BH,2024-08-22,02474103000119,TBLE3,TBLE3_2024-08-22_DISTRIBUTION_338,2100.0610353241186,,0.0,2100.0610353241186,CASH_DIVIDEND,UNKNOWN,EX_DATE_ECONOMIC_REINVESTMENT,cache/market.json.gz; SQLite corporate_actions/B3
CG_ONLY,BESST-10 BH,2024-08-26,17155730000164,CMIG4,CMIG4_2024-08-26_DISTRIBUTION_384,5731.093011112106,,0.0,5731.093011112106,CASH_DIVIDEND,UNKNOWN,EX_DATE_ECONOMIC_REINVESTMENT,cache/market.json.gz; SQLite corporate_actions/B3
CG_ONLY,BESST-10 BH,2024-08-27,02558157000162,VIVT3,CONT_2812_VIVT3_2024-08-27,407.16731800303785,,0.0,407.16731800303785,,UNKNOWN,EX_DATE_ECONOMIC_REINVESTMENT,https://api.mziq.com/mzfilemanager/v2/d/24165f81-24d6-4648-bf9f-66712905d5a2/34b95df5-e8c3-6d48-b667-42e740e0df5e?origin=2
CG_ONLY,BESST-10 BH,2024-09-02,60872504000123,ITUB4,ITUB4_2024-09-02_DISTRIBUTION_130,44.50667955877558,,0.0,44.50667955877558,JCP,UNKNOWN,EX_DATE_ECONOMIC_REINVESTMENT,cache/market.json.gz; SQLite corporate_actions/B3
CG_ONLY,BESST-10 BH,2024-09-03,60746948000112,BBDC4,BBDC4_2024-09-03_DISTRIBUTION_529,94.22923204372508,,0.0,94.22923204372508,JCP Mensais,UNKNOWN,EX_DATE_ECONOMIC_REINVESTMENT,https://www.bradescori.com.br/informacoes-ao-mercado/remuneracao-aos-acionistas/
CG_ONLY,BESST-10 BH,2024-09-18,17281106000103,CSMG3,CONT_2468_CSMG3_2024-09-18,146.31970965760118,,0.0,146.31970965760118,,UNKNOWN,EX_DATE_ECONOMIC_REINVESTMENT,CSMG_RI_V4
CG_ONLY,BESST-10 BH,2024-09-18,17281106000103,CSMG3,CONT_2469_CSMG3_2024-09-18,1919.05091409788,,0.0,1919.05091409788,,UNKNOWN,EX_DATE_ECONOMIC_REINVESTMENT,CSMG_RI_V4
CG_ONLY,BESST-10 BH,2024-09-20,60872504000123,ITUB4,ITUB4_2024-09-20_DISTRIBUTION_129,690.5977565846454,,0.0,690.5977565846454,JCP,UNKNOWN,EX_DATE_ECONOMIC_REINVESTMENT,cache/market.json.gz; SQLite corporate_actions/B3
CG_ONLY,BESST-10 BH,2024-09-24,02558115000121,TIMS3,CONT_2813_TIMS3_2024-09-24,657.6700855727967,,0.0,657.6700855727967,,UNKNOWN,EX_DATE_ECONOMIC_REINVESTMENT,https://api.mziq.com/mzfilemanager/v2/d/4c4aa51f-1235-4aa1-8b83-adc92e8dacc3/fe09b9a3-18a3-e37d-1df3-896ec7b734c4?origin=2
CG_ONLY,BESST-10 BH,2024-09-24,17155730000164,CMIG4,CMIG4_2024-09-24_DISTRIBUTION_383,994.8976692644528,,0.0,994.8976692644528,JCP,UNKNOWN,EX_DATE_ECONOMIC_REINVESTMENT,cache/market.json.gz; SQLite corporate_actions/B3
CG_ONLY,BESST-10 BH,2024-09-30,02149205000169,PSSA3,CONT_2814_PSSA3_2024-09-30,1219.4495694821794,,0.0,1219.4495694821794,,UNKNOWN,EX_DATE_ECONOMIC_REINVESTMENT,https://api.mziq.com/mzfilemanager/v2/d/b77a3922-d280-4451-b3ee-0afec4577834/570ca052-e3e2-0149-87a1-af4b28a97d7e?origin=2;https://api.mziq.com/mzfilemanager/v2/d/b77a3922-d280-4451-b3ee-0afec4577834/a730da5f-6984-07cc-1fac-1fab6adcd8e6?origin=2;https://api.mziq.com/mzfilemanager/v2/d/b77a3922-d280-4451-b3ee-0afec4577834/c51162ba-772b-3276-e991-5239fc18f0bc?origin=2
CG_ONLY,BESST-10 BH,2024-10-01,60746948000112,BBDC4,BBDC4_2024-10-01_DISTRIBUTION_530,982.1079833971518,,0.0,982.1079833971518,JCP Intermediários,UNKNOWN,EX_DATE_ECONOMIC_REINVESTMENT,https://www.bradescori.com.br/informacoes-ao-mercado/remuneracao-aos-acionistas/
CG_ONLY,BESST-10 BH,2024-10-01,60872504000123,ITUB4,ITUB4_2024-10-01_DISTRIBUTION_128,44.99105184732299,,0.0,44.99105184732299,JCP,UNKNOWN,EX_DATE_ECONOMIC_REINVESTMENT,cache/market.json.gz; SQLite corporate_actions/B3
CG_ONLY,BESST-10 BH,2024-10-02,60746948000112,BBDC4,BBDC4_2024-10-02_DISTRIBUTION_531,96.74112479014993,,0.0,96.74112479014993,JCP Mensais,UNKNOWN,EX_DATE_ECONOMIC_REINVESTMENT,https://www.bradescori.com.br/informacoes-ao-mercado/remuneracao-aos-acionistas/
CG_ONLY,BESST-10 BH,2024-11-01,60872504000123,ITUB4,ITUB4_2024-11-01_DISTRIBUTION_127,45.16521923847024,,0.0,45.16521923847024,JCP,UNKNOWN,EX_DATE_ECONOMIC_REINVESTMENT,cache/market.json.gz; SQLite corporate_actions/B3
CG_ONLY,BESST-10 BH,2024-11-04,60746948000112,BBDC4,BBDC4_2024-11-04_DISTRIBUTION_532,97.88799735978736,,0.0,97.88799735978736,JCP Mensais,UNKNOWN,EX_DATE_ECONOMIC_REINVESTMENT,https://www.bradescori.com.br/informacoes-ao-mercado/remuneracao-aos-acionistas/
CG_ONLY,BESST-10 BH,2024-12-02,60872504000123,ITUB4,ITUB4_2024-12-02_DISTRIBUTION_126,45.31429178577084,,0.0,45.31429178577084,JCP,UNKNOWN,EX_DATE_ECONOMIC_REINVESTMENT,cache/market.json.gz; SQLite corporate_actions/B3
CG_ONLY,BESST-10 BH,2024-12-03,60746948000112,BBDC4,BBDC4_2024-12-03_DISTRIBUTION_533,99.17519000531495,,0.0,99.17519000531495,JCP Mensais,UNKNOWN,EX_DATE_ECONOMIC_REINVESTMENT,https://www.bradescori.com.br/informacoes-ao-mercado/remuneracao-aos-acionistas/
CG_ONLY,BESST-10 BH,2024-12-10,60872504000123,ITUB4,ITUB4_2024-12-10_DISTRIBUTION_125,800.8164610836265,,0.0,800.8164610836265,JCP,UNKNOWN,EX_DATE_ECONOMIC_REINVESTMENT,cache/market.json.gz; SQLite corporate_actions/B3
CG_ONLY,BESST-10 BH,2024-12-10,60872504000123,XPBR31,XPBR31_2024-12-10_DISTRIBUTION_689,169.18232281542615,,0.0,169.18232281542615,,UNKNOWN,EX_DATE_ECONOMIC_REINVESTMENT,https://www.sec.gov/Archives/edgar/data/1787425/000095010324016520/dp220822_ex9902.htm
CG_ONLY,BESST-10 BH,2024-12-20,02474103000119,TBLE3,TBLE3_2024-12-20_DISTRIBUTION_337,595.1376052085523,,0.0,595.1376052085523,JCP,UNKNOWN,EX_DATE_ECONOMIC_REINVESTMENT,cache/market.json.gz; SQLite corporate_actions/B3
CG_ONLY,BESST-10 BH,2024-12-26,02558115000121,TIMS3,CONT_2815_TIMS3_2024-12-26,1448.9606939808684,,0.0,1448.9606939808684,,UNKNOWN,EX_DATE_ECONOMIC_REINVESTMENT,https://api.mziq.com/mzfilemanager/v2/d/4c4aa51f-1235-4aa1-8b83-adc92e8dacc3/460d56a0-3839-eea2-ca39-3b7a421cc079?origin=2
CG_ONLY,BESST-10 BH,2024-12-26,17155730000164,CMIG4,CMIG4_2024-12-26_DISTRIBUTION_382,1187.8089905792267,,0.0,1187.8089905792267,JCP,UNKNOWN,EX_DATE_ECONOMIC_REINVESTMENT,cache/market.json.gz; SQLite corporate_actions/B3
CG_ONLY,BESST-10 BH,2024-12-26,17281106000103,CSMG3,CONT_2470_CSMG3_2024-12-26,2190.2654987565993,,0.0,2190.2654987565993,,UNKNOWN,EX_DATE_ECONOMIC_REINVESTMENT,CSMG_RI_V4
CG_ONLY,BESST-10 BH,2024-12-27,02558157000162,VIVT3,CONT_2816_VIVT3_2024-12-27,1257.6332804813612,,0.0,1257.6332804813612,,UNKNOWN,EX_DATE_ECONOMIC_REINVESTMENT,https://api.mziq.com/mzfilemanager/v2/d/24165f81-24d6-4648-bf9f-66712905d5a2/34b95df5-e8c3-6d48-b667-42e740e0df5e?origin=2
CG_ONLY,BESST-10 BH,2025-01-02,02149205000169,PSSA3,CONT_2817_PSSA3_2025-01-02,1266.9421510528111,,0.0,1266.9421510528111,,UNKNOWN,EX_DATE_ECONOMIC_REINVESTMENT,https://api.mziq.com/mzfilemanager/v2/d/b77a3922-d280-4451-b3ee-0afec4577834/40e2196e-eb57-3662-b172-55aa2cb52627?origin=2;https://api.mziq.com/mzfilemanager/v2/d/b77a3922-d280-4451-b3ee-0afec4577834/a730da5f-6984-07cc-1fac-1fab6adcd8e6?origin=2;https://api.mziq.com/mzfilemanager/v2/d/b77a3922-d280-4451-b3ee-0afec4577834/c51162ba-772b-3276-e991-5239fc18f0bc?origin=2;https://api.mziq.com/mzfilemanager/v2/d/b77a3922-d280-4451-b3ee-0afec4577834/da5a8cba-c0a0-3baf-39e4-4db496dbb574?origin=2
CG_ONLY,BESST-10 BH,2025-01-02,60746948000112,BBDC4,BBDC4_2025-01-02_DISTRIBUTION_534,1538.8857607051941,,0.0,1538.8857607051941,JCP Complementar,UNKNOWN,EX_DATE_ECONOMIC_REINVESTMENT,https://www.bradescori.com.br/informacoes-ao-mercado/remuneracao-aos-acionistas/
CG_ONLY,BESST-10 BH,2025-01-02,60872504000123,ITUB4,ITUB4_2025-01-02_DISTRIBUTION_124,45.94110159502783,,0.0,45.94110159502783,JCP,UNKNOWN,EX_DATE_ECONOMIC_REINVESTMENT,cache/market.json.gz; SQLite corporate_actions/B3
CG_ONLY,BESST-10 BH,2025-01-03,60746948000112,BBDC4,BBDC4_2025-01-03_DISTRIBUTION_504,103.2265311627376,,0.0,103.2265311627376,JCP Mensais,UNKNOWN,EX_DATE_ECONOMIC_REINVESTMENT,https://www.bradescori.com.br/informacoes-ao-mercado/remuneracao-aos-acionistas/
CG_ONLY,BESST-10 BH,2025-02-03,60872504000123,ITUB4,ITUB4_2025-02-03_DISTRIBUTION_123,46.154826366147915,,0.0,46.154826366147915,JCP,UNKNOWN,EX_DATE_ECONOMIC_REINVESTMENT,cache/market.json.gz; SQLite corporate_actions/B3
CG_ONLY,BESST-10 BH,2025-02-04,60746948000112,BBDC4,BBDC4_2025-02-04_DISTRIBUTION_505,104.68789850197416,,0.0,104.68789850197416,JCP Mensais,UNKNOWN,EX_DATE_ECONOMIC_REINVESTMENT,https://www.bradescori.com.br/informacoes-ao-mercado/remuneracao-aos-acionistas/
CG_ONLY,BESST-10 BH,2025-02-18,02558115000121,TIMS3,CONT_2819_TIMS3_2025-02-18,458.35124643459903,,0.0,458.35124643459903,,UNKNOWN,EX_DATE_ECONOMIC_REINVESTMENT,https://api.mziq.com/mzfilemanager/v2/d/4c4aa51f-1235-4aa1-8b83-adc92e8dacc3/c3e2e836-6075-b3ce-b317-55fd6a9c84d5?origin=2
CG_ONLY,BESST-10 BH,2025-02-18,60872504000123,ITUB4,ITUB4_2025-02-18_DISTRIBUTION_121,3283.77273984797,,0.0,3283.77273984797,CASH_DIVIDEND,UNKNOWN,EX_DATE_ECONOMIC_REINVESTMENT,cache/market.json.gz; SQLite corporate_actions/B3
CG_ONLY,BESST-10 BH,2025-02-18,60872504000123,ITUB4,ITUB4_2025-02-18_DISTRIBUTION_122,875.3017214191898,,0.0,875.3017214191898,JCP,UNKNOWN,EX_DATE_ECONOMIC_REINVESTMENT,cache/market.json.gz; SQLite corporate_actions/B3
CG_ONLY,BESST-10 BH,2025-02-21,17344597000194,BBSE3,CONT_2550_BBSE3_2025-02-21,6480.956700482528,,0.0,6480.956700482528,,UNKNOWN,EX_DATE_ECONOMIC_REINVESTMENT,BBSE_DIV
CG_ONLY,BESST-10 BH,2025-02-25,02558157000162,VIVT3,CONT_2820_VIVT3_2025-02-25,193.61039098998629,,0.0,193.61039098998629,,UNKNOWN,EX_DATE_ECONOMIC_REINVESTMENT,https://api.mziq.com/mzfilemanager/v2/d/24165f81-24d6-4648-bf9f-66712905d5a2/34b95df5-e8c3-6d48-b667-42e740e0df5e?origin=2
CG_ONLY,BESST-10 BH,2025-02-28,02558157000162,VIVT3,CONT_2821_VIVT3_2025-02-28,2157.066541733347,,0.0,2157.066541733347,,UNKNOWN,EX_DATE_ECONOMIC_REINVESTMENT,https://api.mziq.com/mzfilemanager/v2/d/24165f81-24d6-4648-bf9f-66712905d5a2/34b95df5-e8c3-6d48-b667-42e740e0df5e?origin=2
CG_ONLY,BESST-10 BH,2025-03-05,60872504000123,ITUB4,ITUB4_2025-03-05_DISTRIBUTION_120,48.54347400535362,,0.0,48.54347400535362,JCP,UNKNOWN,EX_DATE_ECONOMIC_REINVESTMENT,cache/market.json.gz; SQLite corporate_actions/B3
CG_ONLY,BESST-10 BH,2025-03-06,17281106000103,CSMG3,CONT_2471_CSMG3_2025-03-06,1070.1877547777833,,0.0,1070.1877547777833,,UNKNOWN,EX_DATE_ECONOMIC_REINVESTMENT,CSMG_RI_V4
CG_ONLY,BESST-10 BH,2025-03-06,17281106000103,CSMG3,CONT_2472_CSMG3_2025-03-06,1803.957950084323,,0.0,1803.957950084323,,UNKNOWN,EX_DATE_ECONOMIC_REINVESTMENT,CSMG_RI_V4
CG_ONLY,BESST-10 BH,2025-03-06,60746948000112,BBDC4,BBDC4_2025-03-06_DISTRIBUTION_506,106.320619539456,,0.0,106.320619539456,JCP Mensais,UNKNOWN,EX_DATE_ECONOMIC_REINVESTMENT,https://www.bradescori.com.br/informacoes-ao-mercado/remuneracao-aos-acionistas/
CG_ONLY,BESST-10 BH,2025-03-25,02558157000162,VIVT3,CONT_2822_VIVT3_2025-03-25,222.38087330713174,,0.0,222.38087330713174,,UNKNOWN,EX_DATE_ECONOMIC_REINVESTMENT,https://api.mziq.com/mzfilemanager/v2/d/24165f81-24d6-4648-bf9f-66712905d5a2/34b95df5-e8c3-6d48-b667-42e740e0df5e?origin=2
CG_ONLY,BESST-10 BH,2025-03-26,17155730000164,CMIG4,CMIG4_2025-03-26_DISTRIBUTION_381,1157.3926213922778,,0.0,1157.3926213922778,JCP,UNKNOWN,EX_DATE_ECONOMIC_REINVESTMENT,cache/market.json.gz; SQLite corporate_actions/B3
CG_ONLY,BESST-10 BH,2025-03-27,17281106000103,CSMG3,CONT_2473_CSMG3_2025-03-27,218.54077163577892,,0.0,218.54077163577892,,UNKNOWN,EX_DATE_ECONOMIC_REINVESTMENT,CSMG_RI_V4
CG_ONLY,BESST-10 BH,2025-03-31,02149205000169,PSSA3,CONT_2823_PSSA3_2025-03-31,1457.741684423234,,0.0,1457.741684423234,,UNKNOWN,EX_DATE_ECONOMIC_REINVESTMENT,https://api.mziq.com/mzfilemanager/v2/d/b77a3922-d280-4451-b3ee-0afec4577834/a730da5f-6984-07cc-1fac-1fab6adcd8e6?origin=2;https://api.mziq.com/mzfilemanager/v2/d/b77a3922-d280-4451-b3ee-0afec4577834/c51162ba-772b-3276-e991-5239fc18f0bc?origin=2;https://api.mziq.com/mzfilemanager/v2/d/b77a3922-d280-4451-b3ee-0afec4577834/da5a8cba-c0a0-3baf-39e4-4db496dbb574?origin=2
CG_ONLY,BESST-10 BH,2025-03-31,02149205000169,PSSA3,CONT_2824_PSSA3_2025-03-31,386.31498809065005,,0.0,386.31498809065005,,UNKNOWN,EX_DATE_ECONOMIC_REINVESTMENT,https://api.mziq.com/mzfilemanager/v2/d/b77a3922-d280-4451-b3ee-0afec4577834/c51162ba-772b-3276-e991-5239fc18f0bc?origin=2
CG_ONLY,BESST-10 BH,2025-03-31,02149205000169,PSSA3,CONT_2825_PSSA3_2025-03-31,1317.2404645246068,,0.0,1317.2404645246068,,UNKNOWN,EX_DATE_ECONOMIC_REINVESTMENT,https://api.mziq.com/mzfilemanager/v2/d/b77a3922-d280-4451-b3ee-0afec4577834/2e6836fc-964e-5c54-74c0-a476d1b256eb?origin=2;https://api.mziq.com/mzfilemanager/v2/d/b77a3922-d280-4451-b3ee-0afec4577834/5fc07a56-476a-56fa-1f90-8b87c4a74dfe?origin=2
CG_ONLY,BESST-10 BH,2025-04-01,02558115000121,TIMS3,CONT_2826_TIMS3_2025-04-01,1132.4305973594644,,0.0,1132.4305973594644,,UNKNOWN,EX_DATE_ECONOMIC_REINVESTMENT,https://api.mziq.com/mzfilemanager/v2/d/4c4aa51f-1235-4aa1-8b83-adc92e8dacc3/63e953d4-a03b-a28c-2791-3e2e5f65522e?origin=2;https://api.mziq.com/mzfilemanager/v2/d/4c4aa51f-1235-4aa1-8b83-adc92e8dacc3/81ea23ff-0f2a-9337-a19e-18732415238d?origin=2
CG_ONLY,BESST-10 BH,2025-04-01,60746948000112,BBDC4,BBDC4_2025-04-01_DISTRIBUTION_507,1278.6508087702991,,0.0,1278.6508087702991,JCP Intermediários,UNKNOWN,EX_DATE_ECONOMIC_REINVESTMENT,https://www.bradescori.com.br/informacoes-ao-mercado/remuneracao-aos-acionistas/
CG_ONLY,BESST-10 BH,2025-04-01,60872504000123,ITUB4,ITUB4_2025-04-01_DISTRIBUTION_119,53.58512815544882,,0.0,53.58512815544882,JCP,UNKNOWN,EX_DATE_ECONOMIC_REINVESTMENT,cache/market.json.gz; SQLite corporate_actions/B3
CG_ONLY,BESST-10 BH,2025-04-02,60746948000112,BBDC4,BBDC4_2025-04-02_DISTRIBUTION_508,109.86839154291644,,0.0,109.86839154291644,JCP Mensais,UNKNOWN,EX_DATE_ECONOMIC_REINVESTMENT,https://www.bradescori.com.br/informacoes-ao-mercado/remuneracao-aos-acionistas/
CG_ONLY,BESST-10 BH,2025-04-04,02558115000121,TIMS3,CONT_2827_TIMS3_2025-04-04,1601.528413792227,,0.0,1601.528413792227,,UNKNOWN,EX_DATE_ECONOMIC_REINVESTMENT,https://api.mziq.com/mzfilemanager/v2/d/4c4aa51f-1235-4aa1-8b83-adc92e8dacc3/762980b9-e792-0a74-6f3f-67a09abe2c68?origin=2;https://api.mziq.com/mzfilemanager/v2/d/4c4aa51f-1235-4aa1-8b83-adc92e8dacc3/874a85d8-21a6-3d74-940e-4a72a17a74d8?origin=2
CG_ONLY,BESST-10 BH,2025-04-04,02558115000121,TIMS3,CONT_2828_TIMS3_2025-04-04,1599.1870011716546,,0.0,1599.1870011716546,,UNKNOWN,EX_DATE_ECONOMIC_REINVESTMENT,https://api.mziq.com/mzfilemanager/v2/d/4c4aa51f-1235-4aa1-8b83-adc92e8dacc3/762980b9-e792-0a74-6f3f-67a09abe2c68?origin=2
CG_ONLY,BESST-10 BH,2025-04-04,02558115000121,TIMS3,CONT_2829_TIMS3_2025-04-04,1599.1870011716546,,0.0,1599.1870011716546,,UNKNOWN,EX_DATE_ECONOMIC_REINVESTMENT,https://api.mziq.com/mzfilemanager/v2/d/4c4aa51f-1235-4aa1-8b83-adc92e8dacc3/762980b9-e792-0a74-6f3f-67a09abe2c68?origin=2
CG_ONLY,BESST-10 BH,2025-04-14,02558157000162,VIVT3,CONT_2830_VIVT3_2025-04-14,268.53518155302856,,0.0,268.53518155302856,,UNKNOWN,EX_DATE_ECONOMIC_REINVESTMENT,https://api.mziq.com/mzfilemanager/v2/d/24165f81-24d6-4648-bf9f-66712905d5a2/34b95df5-e8c3-6d48-b667-42e740e0df5e?origin=2
CG_ONLY,BESST-10 BH,2025-04-30,43776517000180,SBSP3,CONT_2541_SBSP3_2025-04-30,1481.120009247705,,0.0,1481.120009247705,,UNKNOWN,EX_DATE_ECONOMIC_REINVESTMENT,SBSP_DPA25
CG_ONLY,BESST-10 BH,2025-04-30,43776517000180,SBSP3,CONT_2542_SBSP3_2025-04-30,3773.681567150244,,0.0,3773.681567150244,,UNKNOWN,EX_DATE_ECONOMIC_REINVESTMENT,SBSP_DPA25
CG_ONLY,BESST-10 BH,2025-05-02,17155730000164,CMIG4,CMIG4_2025-05-02_DISTRIBUTION_380,4068.346843315414,,0.0,4068.346843315414,CASH_DIVIDEND,UNKNOWN,EX_DATE_ECONOMIC_REINVESTMENT,cache/market.json.gz; SQLite corporate_actions/B3
CG_ONLY,BESST-10 BH,2025-05-02,60872504000123,ITUB4,ITUB4_2025-05-02_DISTRIBUTION_118,53.7510181645352,,0.0,53.7510181645352,JCP,UNKNOWN,EX_DATE_ECONOMIC_REINVESTMENT,cache/market.json.gz; SQLite corporate_actions/B3
CG_ONLY,BESST-10 BH,2025-05-05,60746948000112,BBDC4,BBDC4_2025-05-05_DISTRIBUTION_509,111.38328205564837,,0.0,111.38328205564837,JCP Mensais,UNKNOWN,EX_DATE_ECONOMIC_REINVESTMENT,https://www.bradescori.com.br/informacoes-ao-mercado/remuneracao-aos-acionistas/
CG_ONLY,BESST-10 BH,2025-05-07,02474103000119,TBLE3,TBLE3_2025-05-07_DISTRIBUTION_336,1800.0391668610732,,0.0,1800.0391668610732,CASH_DIVIDEND,UNKNOWN,EX_DATE_ECONOMIC_REINVESTMENT,cache/market.json.gz; SQLite corporate_actions/B3
CG_ONLY,BESST-10 BH,2025-05-22,02558115000121,TIMS3,CONT_2831_TIMS3_2025-05-22,739.2782200058231,,0.0,739.2782200058231,,UNKNOWN,EX_DATE_ECONOMIC_REINVESTMENT,https://api.mziq.com/mzfilemanager/v2/d/4c4aa51f-1235-4aa1-8b83-adc92e8dacc3/0013d0b5-ccfb-f36d-38e0-d593d79e4c33?origin=2
CG_ONLY,BESST-10 BH,2025-05-23,02558157000162,VIVT3,CONT_2832_VIVT3_2025-05-23,563.554566628113,,0.0,563.554566628113,,UNKNOWN,EX_DATE_ECONOMIC_REINVESTMENT,https://api.mziq.com/mzfilemanager/v2/d/24165f81-24d6-4648-bf9f-66712905d5a2/34b95df5-e8c3-6d48-b667-42e740e0df5e?origin=2
CG_ONLY,BESST-10 BH,2025-06-02,60872504000123,ITUB4,ITUB4_2025-06-02_DISTRIBUTION_117,53.8440985776112,,0.0,53.8440985776112,JCP,UNKNOWN,EX_DATE_ECONOMIC_REINVESTMENT,cache/market.json.gz; SQLite corporate_actions/B3
CG_ONLY,BESST-10 BH,2025-06-03,60746948000112,BBDC4,BBDC4_2025-06-03_DISTRIBUTION_510,112.28588783951561,,0.0,112.28588783951561,JCP Mensais,UNKNOWN,EX_DATE_ECONOMIC_REINVESTMENT,https://www.bradescori.com.br/informacoes-ao-mercado/remuneracao-aos-acionistas/
CG_ONLY,BESST-10 BH,2025-06-10,60872504000123,ITUB4,ITUB4_2025-06-10_DISTRIBUTION_116,1021.0089894146179,,0.0,1021.0089894146179,JCP,UNKNOWN,EX_DATE_ECONOMIC_REINVESTMENT,cache/market.json.gz; SQLite corporate_actions/B3
CG_ONLY,BESST-10 BH,2025-06-24,02558157000162,VIVT3,CONT_2833_VIVT3_2025-06-24,228.29795664621008,,0.0,228.29795664621008,,UNKNOWN,EX_DATE_ECONOMIC_REINVESTMENT,https://api.mziq.com/mzfilemanager/v2/d/24165f81-24d6-4648-bf9f-66712905d5a2/34b95df5-e8c3-6d48-b667-42e740e0df5e?origin=2
CG_ONLY,BESST-10 BH,2025-06-24,17155730000164,CMIG4,CMIG4_2025-06-24_DISTRIBUTION_379,1329.2845601304068,,0.0,1329.2845601304068,JCP,UNKNOWN,EX_DATE_ECONOMIC_REINVESTMENT,cache/market.json.gz; SQLite corporate_actions/B3
CG_ONLY,BESST-10 BH,2025-06-24,17281106000103,CSMG3,CONT_2474_CSMG3_2025-06-24,2674.8469929736884,,0.0,2674.8469929736884,,UNKNOWN,EX_DATE_ECONOMIC_REINVESTMENT,CSMG_RI_V4
CG_ONLY,BESST-10 BH,2025-06-27,02149205000169,PSSA3,CONT_2834_PSSA3_2025-06-27,1509.062977763936,,0.0,1509.062977763936,,UNKNOWN,EX_DATE_ECONOMIC_REINVESTMENT,https://api.mziq.com/mzfilemanager/v2/d/b77a3922-d280-4451-b3ee-0afec4577834/2db74f29-0975-b7c2-5402-9b64be1a06ee?origin=2;https://api.mziq.com/mzfilemanager/v2/d/b77a3922-d280-4451-b3ee-0afec4577834/5fc07a56-476a-56fa-1f90-8b87c4a74dfe?origin=2
CG_ONLY,BESST-10 BH,2025-07-01,60746948000112,BBDC4,BBDC4_2025-07-01_DISTRIBUTION_511,1760.51329716099,,0.0,1760.51329716099,JCP Intermediários,UNKNOWN,EX_DATE_ECONOMIC_REINVESTMENT,https://www.bradescori.com.br/informacoes-ao-mercado/remuneracao-aos-acionistas/
CG_ONLY,BESST-10 BH,2025-07-01,60872504000123,ITUB4,ITUB4_2025-07-01_DISTRIBUTION_115,54.43894576211485,,0.0,54.43894576211485,JCP,UNKNOWN,EX_DATE_ECONOMIC_REINVESTMENT,cache/market.json.gz; SQLite corporate_actions/B3
CG_ONLY,BESST-10 BH,2025-07-02,60746948000112,BBDC4,BBDC4_2025-07-02_DISTRIBUTION_512,115.15822940978389,,0.0,115.15822940978389,JCP Mensais,UNKNOWN,EX_DATE_ECONOMIC_REINVESTMENT,https://www.bradescori.com.br/informacoes-ao-mercado/remuneracao-aos-acionistas/
CG_ONLY,BESST-10 BH,2025-07-28,02558115000121,TIMS3,CONT_2836_TIMS3_2025-07-28,794.7366671026522,,0.0,794.7366671026522,,UNKNOWN,EX_DATE_ECONOMIC_REINVESTMENT,https://api.mziq.com/mzfilemanager/v2/d/4c4aa51f-1235-4aa1-8b83-adc92e8dacc3/b70c1dd1-8c25-def3-dcf4-a93d901b4918?origin=2
CG_ONLY,BESST-10 BH,2025-07-28,02558157000162,VIVT3,CONT_2837_VIVT3_2025-07-28,379.922167334318,,0.0,379.922167334318,,UNKNOWN,EX_DATE_ECONOMIC_REINVESTMENT,https://api.mziq.com/mzfilemanager/v2/d/24165f81-24d6-4648-bf9f-66712905d5a2/34b95df5-e8c3-6d48-b667-42e740e0df5e?origin=2
CG_ONLY,BESST-10 BH,2025-08-01,60872504000123,ITUB4,ITUB4_2025-08-01_DISTRIBUTION_114,54.601899886211065,,0.0,54.601899886211065,JCP,UNKNOWN,EX_DATE_ECONOMIC_REINVESTMENT,cache/market.json.gz; SQLite corporate_actions/B3
CG_ONLY,BESST-10 BH,2025-08-04,60746948000112,BBDC4,BBDC4_2025-08-04_DISTRIBUTION_513,116.1019917609381,,0.0,116.1019917609381,JCP Mensais,UNKNOWN,EX_DATE_ECONOMIC_REINVESTMENT,https://www.bradescori.com.br/informacoes-ao-mercado/remuneracao-aos-acionistas/
CG_ONLY,BESST-10 BH,2025-08-15,17344597000194,BBSE3,CONT_2549_BBSE3_2025-08-15,5947.71725088135,,0.0,5947.71725088135,,UNKNOWN,EX_DATE_ECONOMIC_REINVESTMENT,BBSE_DIV
CG_ONLY,BESST-10 BH,2025-08-19,60872504000123,ITUB4,ITUB4_2025-08-19_DISTRIBUTION_113,1127.7873486545457,,0.0,1127.7873486545457,JCP,UNKNOWN,EX_DATE_ECONOMIC_REINVESTMENT,cache/market.json.gz; SQLite corporate_actions/B3
CG_ONLY,BESST-10 BH,2025-08-22,02474103000119,TBLE3,TBLE3_2025-08-22_DISTRIBUTION_335,1900.6367287880705,,0.0,1900.6367287880705,CASH_DIVIDEND,UNKNOWN,EX_DATE_ECONOMIC_REINVESTMENT,cache/market.json.gz; SQLite corporate_actions/B3
CG_ONLY,BESST-10 BH,2025-08-26,02558157000162,VIVT3,CONT_2838_VIVT3_2025-08-26,290.1761875596754,,0.0,290.1761875596754,,UNKNOWN,EX_DATE_ECONOMIC_REINVESTMENT,https://api.mziq.com/mzfilemanager/v2/d/24165f81-24d6-4648-bf9f-66712905d5a2/34b95df5-e8c3-6d48-b667-42e740e0df5e?origin=2
CG_ONLY,BESST-10 BH,2025-09-01,60872504000123,ITUB4,ITUB4_2025-09-01_DISTRIBUTION_112,55.32379095571761,,0.0,55.32379095571761,JCP,UNKNOWN,EX_DATE_ECONOMIC_REINVESTMENT,cache/market.json.gz; SQLite corporate_actions/B3
CG_ONLY,BESST-10 BH,2025-09-02,60746948000112,BBDC4,BBDC4_2025-09-02_DISTRIBUTION_514,116.95990618975594,,0.0,116.95990618975594,JCP Mensais,UNKNOWN,EX_DATE_ECONOMIC_REINVESTMENT,https://www.bradescori.com.br/informacoes-ao-mercado/remuneracao-aos-acionistas/
CG_ONLY,BESST-10 BH,2025-09-23,02558157000162,VIVT3,CONT_2839_VIVT3_2025-09-23,466.41763637606215,,0.0,466.41763637606215,,UNKNOWN,EX_DATE_ECONOMIC_REINVESTMENT,https://api.mziq.com/mzfilemanager/v2/d/24165f81-24d6-4648-bf9f-66712905d5a2/34b95df5-e8c3-6d48-b667-42e740e0df5e?origin=2
CG_ONLY,BESST-10 BH,2025-09-23,17281106000103,CSMG3,CONT_2475_CSMG3_2025-09-23,2808.2183559911064,,0.0,2808.2183559911064,,UNKNOWN,EX_DATE_ECONOMIC_REINVESTMENT,CSMG_RI_V4
CG_ONLY,BESST-10 BH,2025-09-26,02149205000169,PSSA3,CONT_2840_PSSA3_2025-09-26,1681.9434287260276,,0.0,1681.9434287260276,,UNKNOWN,EX_DATE_ECONOMIC_REINVESTMENT,https://api.mziq.com/mzfilemanager/v2/d/b77a3922-d280-4451-b3ee-0afec4577834/d5711793-58d6-82f4-b474-008bee510428?origin=2;https://api.mziq.com/mzfilemanager/v2/d/b77a3922-d280-4451-b3ee-0afec4577834/5fc07a56-476a-56fa-1f90-8b87c4a74dfe?origin=2
CG_ONLY,BESST-10 BH,2025-09-29,02558115000121,TIMS3,CONT_2841_TIMS3_2025-09-29,1206.6604027079213,,0.0,1206.6604027079213,,UNKNOWN,EX_DATE_ECONOMIC_REINVESTMENT,https://api.mziq.com/mzfilemanager/v2/d/4c4aa51f-1235-4aa1-8b83-adc92e8dacc3/4d85e48c-99f9-7d97-8169-1e3a158f4c34?origin=2
CG_ONLY,BESST-10 BH,2025-09-30,17155730000164,CMIG4,CMIG4_2025-09-30_DISTRIBUTION_378,1360.4774238541304,,0.0,1360.4774238541304,JCP,UNKNOWN,EX_DATE_ECONOMIC_REINVESTMENT,cache/market.json.gz; SQLite corporate_actions/B3
CG_ONLY,BESST-10 BH,2025-09-30,60746948000112,BBDC4,BBDC4_2025-09-30_DISTRIBUTION_515,1833.7952416292694,,0.0,1833.7952416292694,JCP Intermediários,UNKNOWN,EX_DATE_ECONOMIC_REINVESTMENT,https://www.bradescori.com.br/informacoes-ao-mercado/remuneracao-aos-acionistas/
CG_ONLY,BESST-10 BH,2025-10-01,60872504000123,ITUB4,ITUB4_2025-10-01_DISTRIBUTION_111,55.430005823947695,,0.0,55.430005823947695,JCP,UNKNOWN,EX_DATE_ECONOMIC_REINVESTMENT,cache/market.json.gz; SQLite corporate_actions/B3
CG_ONLY,BESST-10 BH,2025-10-02,60746948000112,BBDC4,BBDC4_2025-10-02_DISTRIBUTION_516,119.66333929924058,,0.0,119.66333929924058,JCP Mensais,UNKNOWN,EX_DATE_ECONOMIC_REINVESTMENT,https://www.bradescori.com.br/informacoes-ao-mercado/remuneracao-aos-acionistas/
CG_ONLY,BESST-10 BH,2025-10-28,02558157000162,VIVT3,CONT_2842_VIVT3_2025-10-28,445.6004990784987,,0.0,445.6004990784987,,UNKNOWN,EX_DATE_ECONOMIC_REINVESTMENT,https://api.mziq.com/mzfilemanager/v2/d/24165f81-24d6-4648-bf9f-66712905d5a2/34b95df5-e8c3-6d48-b667-42e740e0df5e?origin=2
CG_ONLY,BESST-10 BH,2025-11-03,60872504000123,ITUB4,ITUB4_2025-11-03_DISTRIBUTION_110,55.584576617587686,,0.0,55.584576617587686,JCP,UNKNOWN,EX_DATE_ECONOMIC_REINVESTMENT,cache/market.json.gz; SQLite corporate_actions/B3
CG_ONLY,BESST-10 BH,2025-11-04,60746948000112,BBDC4,BBDC4_2025-11-04_DISTRIBUTION_517,120.27491657637144,,0.0,120.27491657637144,JCP Mensais,UNKNOWN,EX_DATE_ECONOMIC_REINVESTMENT,https://www.bradescori.com.br/informacoes-ao-mercado/remuneracao-aos-acionistas/
CG_ONLY,BESST-10 BH,2025-11-25,02558157000162,VIVT3,CONT_2843_VIVT3_2025-11-25,402.11101651370825,,0.0,402.11101651370825,,UNKNOWN,EX_DATE_ECONOMIC_REINVESTMENT,https://api.mziq.com/mzfilemanager/v2/d/24165f81-24d6-4648-bf9f-66712905d5a2/34b95df5-e8c3-6d48-b667-42e740e0df5e?origin=2
CG_ONLY,BESST-10 BH,2025-12-01,60872504000123,ITUB4,ITUB4_2025-12-01_DISTRIBUTION_109,55.71067565894005,,0.0,55.71067565894005,JCP,UNKNOWN,EX_DATE_ECONOMIC_REINVESTMENT,cache/market.json.gz; SQLite corporate_actions/B3
CG_ONLY,BESST-10 BH,2025-12-02,60746948000112,BBDC4,BBDC4_2025-12-02_DISTRIBUTION_518,120.82189323911028,,0.0,120.82189323911028,JCP Mensais,UNKNOWN,EX_DATE_ECONOMIC_REINVESTMENT,https://www.bradescori.com.br/informacoes-ao-mercado/remuneracao-aos-acionistas/
CG_ONLY,BESST-10 BH,2025-12-10,60872504000123,ITUB4,ITUB4_2025-12-10_DISTRIBUTION_107,5910.786595066915,,0.0,5910.786595066915,CASH_DIVIDEND,UNKNOWN,EX_DATE_ECONOMIC_REINVESTMENT,cache/market.json.gz; SQLite corporate_actions/B3
CG_ONLY,BESST-10 BH,2025-12-10,60872504000123,ITUB4,ITUB4_2025-12-10_DISTRIBUTION_108,1169.8353695067408,,0.0,1169.8353695067408,JCP,UNKNOWN,EX_DATE_ECONOMIC_REINVESTMENT,cache/market.json.gz; SQLite corporate_actions/B3
CG_ONLY,BESST-10 BH,2025-12-10,60872504000123,XPBR31,XPBR31_2025-12-10_DISTRIBUTION_690,44.43583753493106,,0.0,44.43583753493106,,UNKNOWN,EX_DATE_ECONOMIC_REINVESTMENT,https://www.sec.gov/Archives/edgar/data/1787425/000095010325014854/dp237494_ex9901.htm
CG_ONLY,BESST-10 BH,2025-12-17,17281106000103,CSMG3,CONT_2476_CSMG3_2025-12-17,1001.2682861898696,,0.0,1001.2682861898696,,UNKNOWN,EX_DATE_ECONOMIC_REINVESTMENT,CSMG_RI_V4
CG_ONLY,BESST-10 BH,2025-12-17,17281106000103,CSMG3,CONT_2477_CSMG3_2025-12-17,2352.4132150545897,,0.0,2352.4132150545897,,UNKNOWN,EX_DATE_ECONOMIC_REINVESTMENT,CSMG_RI_V4
CG_ONLY,BESST-10 BH,2025-12-19,02474103000119,TBLE3,TBLE3_2025-12-19_DISTRIBUTION_334,280.6877905112977,,0.0,280.6877905112977,JCP,UNKNOWN,EX_DATE_ECONOMIC_REINVESTMENT,cache/market.json.gz; SQLite corporate_actions/B3
CG_ONLY,BESST-10 BH,2025-12-22,02558115000121,TIMS3,CONT_2844_TIMS3_2025-12-22,4570.837076131846,,0.0,4570.837076131846,,UNKNOWN,EX_DATE_ECONOMIC_REINVESTMENT,https://api.mziq.com/mzfilemanager/v2/d/4c4aa51f-1235-4aa1-8b83-adc92e8dacc3/a90ba21d-abd1-b1d8-b86f-3aaf8864a22e?origin=2
CG_ONLY,BESST-10 BH,2025-12-23,02558115000121,TIMS3,CONT_2845_TIMS3_2025-12-23,1109.856515785183,,0.0,1109.856515785183,,UNKNOWN,EX_DATE_ECONOMIC_REINVESTMENT,https://api.mziq.com/mzfilemanager/v2/d/4c4aa51f-1235-4aa1-8b83-adc92e8dacc3/5053180d-b455-fbe7-7774-9c55ddd309c9?origin=2
CG_ONLY,BESST-10 BH,2025-12-23,17155730000164,CMIG4,CMIG4_2025-12-23_DISTRIBUTION_377,1896.7795184844847,,0.0,1896.7795184844847,CASH_DIVIDEND,UNKNOWN,EX_DATE_ECONOMIC_REINVESTMENT,cache/market.json.gz; SQLite corporate_actions/B3
CG_ONLY,BESST-10 BH,2025-12-23,17281106000103,CSMG3,CONT_2478_CSMG3_2025-12-23,2343.246866179688,,0.0,2343.246866179688,,UNKNOWN,EX_DATE_ECONOMIC_REINVESTMENT,CSMG_RI_V4
CG_ONLY,BESST-10 BH,2025-12-26,17155730000164,CMIG4,CMIG4_2025-12-26_DISTRIBUTION_376,1559.6890306028472,,0.0,1559.6890306028472,JCP,UNKNOWN,EX_DATE_ECONOMIC_REINVESTMENT,cache/market.json.gz; SQLite corporate_actions/B3
CG_ONLY,BESST-10 BH,2025-12-26,43776517000180,SBSP3,CONT_2639_SBSP3_2025-12-26,3846.2165754958323,,0.0,3846.2165754958323,,UNKNOWN,EX_DATE_ECONOMIC_REINVESTMENT,B3
CG_ONLY,BESST-10 BH,2025-12-29,02149205000169,PSSA3,CONT_2846_PSSA3_2025-12-29,1712.5016160065106,,0.0,1712.5016160065106,,UNKNOWN,EX_DATE_ECONOMIC_REINVESTMENT,https://api.mziq.com/mzfilemanager/v2/d/b77a3922-d280-4451-b3ee-0afec4577834/327fe168-5b79-7e0a-4b23-ad197ef5a182?origin=2;https://api.mziq.com/mzfilemanager/v2/d/b77a3922-d280-4451-b3ee-0afec4577834/5fc07a56-476a-56fa-1f90-8b87c4a74dfe?origin=2
CG_ONLY,BESST-10 BH,2025-12-30,02558157000162,VIVT3,CONT_2847_VIVT3_2025-12-30,416.5035101975922,,0.0,416.5035101975922,,UNKNOWN,EX_DATE_ECONOMIC_REINVESTMENT,https://api.mziq.com/mzfilemanager/v2/d/24165f81-24d6-4648-bf9f-66712905d5a2/34b95df5-e8c3-6d48-b667-42e740e0df5e?origin=2
CG_ONLY,BESST-10 BH,2025-12-30,60746948000112,BBDC4,BBDC4_2025-12-30_DISTRIBUTION_519,2462.212337369901,,0.0,2462.212337369901,JCP Complementar,UNKNOWN,EX_DATE_ECONOMIC_REINVESTMENT,https://www.bradescori.com.br/informacoes-ao-mercado/remuneracao-aos-acionistas/
CG_ONLY,BESST-10 BH,2026-01-02,60872504000123,ITUB4,ITUB4_2026-01-02_DISTRIBUTION_106,62.613088424081226,,0.0,62.613088424081226,JCP,UNKNOWN,EX_DATE_ECONOMIC_REINVESTMENT,cache/market.json.gz; SQLite corporate_actions/B3
CG_ONLY,BESST-10 BH,2026-01-05,60746948000112,BBDC4,BBDC4_2026-01-05_DISTRIBUTION_497,123.99492032941446,,0.0,123.99492032941446,JCP Mensais,UNKNOWN,EX_DATE_ECONOMIC_REINVESTMENT,https://www.bradescori.com.br/informacoes-ao-mercado/remuneracao-aos-acionistas/
CG_ONLY,BESST-10 BH,2026-02-02,60872504000123,ITUB4,ITUB4_2026-02-02_DISTRIBUTION_105,62.73121001486038,,0.0,62.73121001486038,JCP,UNKNOWN,EX_DATE_ECONOMIC_REINVESTMENT,cache/market.json.gz; SQLite corporate_actions/B3
CG_ONLY,BESST-10 BH,2026-02-03,60746948000112,BBDC4,BBDC4_2026-02-03_DISTRIBUTION_498,124.43418356129706,,0.0,124.43418356129706,JCP Mensais,UNKNOWN,EX_DATE_ECONOMIC_REINVESTMENT,https://www.bradescori.com.br/informacoes-ao-mercado/remuneracao-aos-acionistas/
CG_ONLY,BESST-10 BH,2026-02-13,17344597000194,BBSE3,CONT_2548_BBSE3_2026-02-13,8511.917037552841,,0.0,8511.917037552841,,UNKNOWN,EX_DATE_ECONOMIC_REINVESTMENT,BBSE_DIV
CG_ONLY,BESST-10 BH,2026-02-24,02558157000162,VIVT3,CONT_2849_VIVT3_2026-02-24,390.12382552441437,,0.0,390.12382552441437,,UNKNOWN,EX_DATE_ECONOMIC_REINVESTMENT,https://api.mziq.com/mzfilemanager/v2/d/24165f81-24d6-4648-bf9f-66712905d5a2/34b95df5-e8c3-6d48-b667-42e740e0df5e?origin=2
CG_ONLY,BESST-10 BH,2026-03-02,60872504000123,ITUB4,ITUB4_2026-03-02_DISTRIBUTION_104,62.797955021071736,,0.0,62.797955021071736,JCP,UNKNOWN,EX_DATE_ECONOMIC_REINVESTMENT,cache/market.json.gz; SQLite corporate_actions/B3
CG_ONLY,BESST-10 BH,2026-03-03,60746948000112,BBDC4,BBDC4_2026-03-03_DISTRIBUTION_499,124.92230285540181,,0.0,124.92230285540181,JCP Mensais,UNKNOWN,EX_DATE_ECONOMIC_REINVESTMENT,https://www.bradescori.com.br/informacoes-ao-mercado/remuneracao-aos-acionistas/
CG_ONLY,BESST-10 BH,2026-03-09,17281106000103,CSMG3,CONT_2479_CSMG3_2026-03-09,11.778473272834168,,0.0,11.778473272834168,,UNKNOWN,EX_DATE_ECONOMIC_REINVESTMENT,CSMG_RI_V4
CG_ONLY,BESST-10 BH,2026-03-20,43776517000180,SBSP3,CONT_2640_SBSP3_2026-03-20,1272.2863146789862,,0.0,1272.2863146789862,,UNKNOWN,EX_DATE_ECONOMIC_REINVESTMENT,B3
CG_ONLY,BESST-10 BH,2026-03-20,60872504000123,ITUB4,ITUB4_2026-03-20_DISTRIBUTION_103,1206.715907612728,,0.0,1206.715907612728,JCP,UNKNOWN,EX_DATE_ECONOMIC_REINVESTMENT,cache/market.json.gz; SQLite corporate_actions/B3
CG_ONLY,BESST-10 BH,2026-03-24,02558115000121,TIMS3,CONT_2850_TIMS3_2026-03-24,1042.2590946730393,,0.0,1042.2590946730393,,UNKNOWN,EX_DATE_ECONOMIC_REINVESTMENT,https://api.mziq.com/mzfilemanager/v2/d/4c4aa51f-1235-4aa1-8b83-adc92e8dacc3/892687da-d4ef-6268-740a-f790682cbf9d?origin=2;https://api.mziq.com/mzfilemanager/v2/d/4c4aa51f-1235-4aa1-8b83-adc92e8dacc3/81ea23ff-0f2a-9337-a19e-18732415238d?origin=2
CG_ONLY,BESST-10 BH,2026-03-24,17281106000103,CSMG3,CONT_2480_CSMG3_2026-03-24,3039.821704764146,,0.0,3039.821704764146,,UNKNOWN,EX_DATE_ECONOMIC_REINVESTMENT,CSMG_RI_V4
CG_ONLY,BESST-10 BH,2026-03-25,17155730000164,CMIG4,CMIG4_2026-03-25_DISTRIBUTION_375,1535.7391615655845,,0.0,1535.7391615655845,JCP,UNKNOWN,EX_DATE_ECONOMIC_REINVESTMENT,cache/market.json.gz; SQLite corporate_actions/B3
CG_ONLY,BESST-10 BH,2026-03-26,02558157000162,VIVT3,CONT_2851_VIVT3_2026-03-26,240.9159233670727,,0.0,240.9159233670727,,UNKNOWN,EX_DATE_ECONOMIC_REINVESTMENT,https://api.mziq.com/mzfilemanager/v2/d/24165f81-24d6-4648-bf9f-66712905d5a2/34b95df5-e8c3-6d48-b667-42e740e0df5e?origin=2
CG_ONLY,BESST-10 BH,2026-03-31,02149205000169,PSSA3,CONT_2852_PSSA3_2026-03-31,1749.1026360471583,,0.0,1749.1026360471583,,UNKNOWN,EX_DATE_ECONOMIC_REINVESTMENT,https://api.mziq.com/mzfilemanager/v2/d/b77a3922-d280-4451-b3ee-0afec4577834/e08580a4-e955-9ee1-6c71-cf3552965f03?origin=2;https://api.mziq.com/mzfilemanager/v2/d/b77a3922-d280-4451-b3ee-0afec4577834/c7efe69b-d37e-c02f-fff7-a51df3341ac0?origin=2
CG_ONLY,BESST-10 BH,2026-04-01,02149205000169,PSSA3,CONT_2853_PSSA3_2026-04-01,2888.5700259245746,,0.0,2888.5700259245746,,UNKNOWN,EX_DATE_ECONOMIC_REINVESTMENT,https://api.mziq.com/mzfilemanager/v2/d/b77a3922-d280-4451-b3ee-0afec4577834/5fc07a56-476a-56fa-1f90-8b87c4a74dfe?origin=2
CG_ONLY,BESST-10 BH,2026-04-01,60872504000123,ITUB4,ITUB4_2026-04-01_DISTRIBUTION_102,63.41646118327311,,0.0,63.41646118327311,JCP,UNKNOWN,EX_DATE_ECONOMIC_REINVESTMENT,cache/market.json.gz; SQLite corporate_actions/B3
CG_ONLY,BESST-10 BH,2026-04-02,60746948000112,BBDC4,BBDC4_2026-04-02_DISTRIBUTION_501,125.54548161001424,,0.0,125.54548161001424,JCP Mensais,UNKNOWN,EX_DATE_ECONOMIC_REINVESTMENT,https://www.bradescori.com.br/informacoes-ao-mercado/remuneracao-aos-acionistas/
CG_ONLY,BESST-10 BH,2026-04-07,60746948000112,BBDC4,BBDC4_2026-04-07_DISTRIBUTION_500,1969.2716595256852,,0.0,1969.2716595256852,JCP Intermediários,UNKNOWN,EX_DATE_ECONOMIC_REINVESTMENT,https://www.bradescori.com.br/informacoes-ao-mercado/remuneracao-aos-acionistas/
CG_ONLY,BESST-10 BH,2026-04-28,02558157000162,VIVT3,CONT_2854_VIVT3_2026-04-28,440.9091223515285,,0.0,440.9091223515285,,UNKNOWN,EX_DATE_ECONOMIC_REINVESTMENT,https://api.mziq.com/mzfilemanager/v2/d/24165f81-24d6-4648-bf9f-66712905d5a2/34b95df5-e8c3-6d48-b667-42e740e0df5e?origin=2
CG_ONLY,BESST-10 BH,2026-05-04,17155730000164,CMIG4,CMIG4_2026-05-04_DISTRIBUTION_374,1593.7503355671306,,0.0,1593.7503355671306,CASH_DIVIDEND,UNKNOWN,EX_DATE_ECONOMIC_REINVESTMENT,cache/market.json.gz; SQLite corporate_actions/B3
CG_ONLY,BESST-10 BH,2026-05-04,60872504000123,ITUB4,ITUB4_2026-05-04_DISTRIBUTION_101,63.539194210350296,,0.0,63.539194210350296,JCP,UNKNOWN,EX_DATE_ECONOMIC_REINVESTMENT,cache/market.json.gz; SQLite corporate_actions/B3
CG_ONLY,BESST-10 BH,2026-05-05,02474103000119,TBLE3,TBLE3_2026-05-05_DISTRIBUTION_333,1621.9422051239997,,0.0,1621.9422051239997,CASH_DIVIDEND,UNKNOWN,EX_DATE_ECONOMIC_REINVESTMENT,cache/market.json.gz; SQLite corporate_actions/B3
CG_ONLY,BESST-10 BH,2026-05-05,60746948000112,BBDC4,BBDC4_2026-05-05_DISTRIBUTION_502,128.11008640719803,,0.0,128.11008640719803,JCP Mensais,UNKNOWN,EX_DATE_ECONOMIC_REINVESTMENT,https://www.bradescori.com.br/informacoes-ao-mercado/remuneracao-aos-acionistas/
CG_ONLY,BESST-10 BH,2026-05-25,02558157000162,VIVT3,CONT_2855_VIVT3_2026-05-25,4854.352724427825,,0.0,4854.352724427825,,UNKNOWN,EX_DATE_ECONOMIC_REINVESTMENT,https://api.mziq.com/mzfilemanager/v2/d/24165f81-24d6-4648-bf9f-66712905d5a2/34b95df5-e8c3-6d48-b667-42e740e0df5e?origin=2
CG_ONLY,BESST-10 BH,2026-05-28,02558157000162,VIVT3,CONT_2856_VIVT3_2026-05-28,755.3277017611421,,0.0,755.3277017611421,,UNKNOWN,EX_DATE_ECONOMIC_REINVESTMENT,https://api.mziq.com/mzfilemanager/v2/d/24165f81-24d6-4648-bf9f-66712905d5a2/34b95df5-e8c3-6d48-b667-42e740e0df5e?origin=2
CG_ONLY,BESST-10 BH,2026-06-01,60872504000123,ITUB4,ITUB4_2026-06-01_DISTRIBUTION_100,63.6720749887429,,0.0,63.6720749887429,JCP,UNKNOWN,EX_DATE_ECONOMIC_REINVESTMENT,cache/market.json.gz; SQLite corporate_actions/B3
CG_ONLY,BESST-10 BH,2026-06-02,60746948000112,BBDC4,BBDC4_2026-06-02_DISTRIBUTION_503,128.77403311549546,,0.0,128.77403311549546,JCP Mensais,UNKNOWN,EX_DATE_ECONOMIC_REINVESTMENT,https://www.bradescori.com.br/informacoes-ao-mercado/remuneracao-aos-acionistas/
CG_ONLY,BESST-10 BH,2026-06-10,60872504000123,XPBR31,XPBR31_2026-06-10_DISTRIBUTION_691,47.226858866188145,,0.0,47.226858866188145,,UNKNOWN,EX_DATE_ECONOMIC_REINVESTMENT,https://www.sec.gov/Archives/edgar/data/1787425/000095010326007333/dp246817_ex9901.htm
CG_ONLY,BESST-10 BH,2026-06-19,60872504000123,ITUB4,ITUB4_2026-06-19_DISTRIBUTION_99,1270.0489914543798,,0.0,1270.0489914543798,JCP,UNKNOWN,EX_DATE_ECONOMIC_REINVESTMENT,cache/market.json.gz; SQLite corporate_actions/B3
CG_ONLY,BESST-10 BH,2026-06-23,02149205000169,PSSA3,CONT_2857_PSSA3_2026-06-23,1704.7994706040647,,0.0,1704.7994706040647,,UNKNOWN,EX_DATE_ECONOMIC_REINVESTMENT,https://api.mziq.com/mzfilemanager/v2/d/b77a3922-d280-4451-b3ee-0afec4577834/f8d74364-4778-d466-02ec-0d7bf05ca8fa?origin=2
CG_ONLY,BESST-10 BH,2026-06-23,02558115000121,TIMS3,CONT_2858_TIMS3_2026-06-23,1078.4200008435282,,0.0,1078.4200008435282,,UNKNOWN,EX_DATE_ECONOMIC_REINVESTMENT,https://api.mziq.com/mzfilemanager/v2/d/4c4aa51f-1235-4aa1-8b83-adc92e8dacc3/25999361-3614-1392-dad2-f96e99522a8d?origin=2
CG_ONLY,BESST-10 BH,2026-06-24,17155730000164,CMIG4,CMIG4_2026-06-24_DISTRIBUTION_373,1503.454098451241,,0.0,1503.454098451241,JCP,UNKNOWN,EX_DATE_ECONOMIC_REINVESTMENT,cache/market.json.gz; SQLite corporate_actions/B3
CG_ONLY,BESST-10 BH,2026-06-24,17281106000103,CSMG3,CONT_2481_CSMG3_2026-06-24,2460.2974953919556,,0.0,2460.2974953919556,,UNKNOWN,EX_DATE_ECONOMIC_REINVESTMENT,CSMG_RI_V4
CG_ONLY,BESST-10 BH,2026-06-29,02558157000162,VIVT3,CONT_2859_VIVT3_2026-06-29,291.8462017081945,,0.0,291.8462017081945,,UNKNOWN,EX_DATE_ECONOMIC_REINVESTMENT,https://api.mziq.com/mzfilemanager/v2/d/24165f81-24d6-4648-bf9f-66712905d5a2/34b95df5-e8c3-6d48-b667-42e740e0df5e?origin=2
CG_ONLY,V10,2014-07-01,60872504000123,ITUB4,ITUB4_2014-07-01_DISTRIBUTION_295,5.213220727765614,,0.0,5.213220727765614,CASH_DIVIDEND,UNKNOWN,EX_DATE_ECONOMIC_REINVESTMENT,cache/market.json.gz; SQLite corporate_actions/B3
CG_ONLY,V10,2014-07-02,60746948000112,BBDC4,BBDC4_2014-07-02_DISTRIBUTION_332,7.34431678396665,,0.0,7.34431678396665,JCP,UNKNOWN,EX_DATE_ECONOMIC_REINVESTMENT,cache/market.json.gz; SQLite corporate_actions/B3
CG_ONLY,V10,2014-08-01,60872504000123,ITUB4,ITUB4_2014-08-01_DISTRIBUTION_294,5.317045464829827,,0.0,5.317045464829827,CASH_DIVIDEND,UNKNOWN,EX_DATE_ECONOMIC_REINVESTMENT,cache/market.json.gz; SQLite corporate_actions/B3
CG_ONLY,V10,2014-08-01,02558157000162,VIVT4,B00S_VIVT4_2014-08-01_DISTRIBUTION_82,69.46811605848079,,0.0,69.46811605848079,JCP,UNKNOWN,EX_DATE_ECONOMIC_REINVESTMENT,cache/market.json.gz; B3
CG_ONLY,V10,2014-08-04,60746948000112,BBDC4,BBDC4_2014-08-04_DISTRIBUTION_331,7.3490780060921095,,0.0,7.3490780060921095,JCP,UNKNOWN,EX_DATE_ECONOMIC_REINVESTMENT,cache/market.json.gz; SQLite corporate_actions/B3
CG_ONLY,V10,2014-08-14,60872504000123,ITUB4,ITUB4_2014-08-14_DISTRIBUTION_293,115.45068316127116,,0.0,115.45068316127116,JCP,UNKNOWN,EX_DATE_ECONOMIC_REINVESTMENT,cache/market.json.gz; SQLite corporate_actions/B3
CG_ONLY,V10,2014-09-01,60872504000123,ITUB4,ITUB4_2014-09-01_DISTRIBUTION_292,5.368483298711315,,0.0,5.368483298711315,CASH_DIVIDEND,UNKNOWN,EX_DATE_ECONOMIC_REINVESTMENT,cache/market.json.gz; SQLite corporate_actions/B3
CG_ONLY,V10,2014-09-01,02558157000162,VIVT4,B00S_VIVT4_2014-09-01_DISTRIBUTION_81,70.71756103956149,,0.0,70.71756103956149,JCP,UNKNOWN,EX_DATE_ECONOMIC_REINVESTMENT,cache/market.json.gz; B3
CG_ONLY,V10,2014-09-02,60746948000112,BBDC4,BBDC4_2014-09-02_DISTRIBUTION_330,7.353375304927386,,0.0,7.353375304927386,JCP,UNKNOWN,EX_DATE_ECONOMIC_REINVESTMENT,cache/market.json.gz; SQLite corporate_actions/B3
CG_ONLY,V10,2014-09-12,02474103000119,TBLE3,TBLE3_2014-09-12_DISTRIBUTION_372,244.80524687528688,,0.0,244.80524687528688,CASH_DIVIDEND,UNKNOWN,EX_DATE_ECONOMIC_REINVESTMENT,cache/market.json.gz; SQLite corporate_actions/B3
CG_ONLY,V10,2014-09-23,17281106000103,CSMG3,B00S_CSMG3_2014-09-23_DISTRIBUTION_60,85.78666226826839,,0.0,85.78666226826839,JCP,UNKNOWN,EX_DATE_ECONOMIC_REINVESTMENT,cache/market.json.gz; B3
CG_ONLY,V10,2014-10-01,60872504000123,ITUB4,ITUB4_2014-10-01_DISTRIBUTION_291,5.370471625858986,,0.0,5.370471625858986,CASH_DIVIDEND,UNKNOWN,EX_DATE_ECONOMIC_REINVESTMENT,cache/market.json.gz; SQLite corporate_actions/B3
CG_ONLY,V10,2014-10-01,02558157000162,VIVT4,B00S_VIVT4_2014-10-01_DISTRIBUTION_80,61.299845997059336,,0.0,61.299845997059336,JCP,UNKNOWN,EX_DATE_ECONOMIC_REINVESTMENT,cache/market.json.gz; B3
CG_ONLY,V10,2014-10-02,60746948000112,BBDC4,BBDC4_2014-10-02_DISTRIBUTION_329,7.35703868235113,,0.0,7.35703868235113,JCP,UNKNOWN,EX_DATE_ECONOMIC_REINVESTMENT,cache/market.json.gz; SQLite corporate_actions/B3
CG_ONLY,V10,2014-10-30,02149205000169,PSSA3,B00S_PSSA3_2014-10-30_DISTRIBUTION_67,242.55851224428545,,0.0,242.55851224428545,JCP,UNKNOWN,EX_DATE_ECONOMIC_REINVESTMENT,cache/market.json.gz; B3
CG_ONLY,V10,2014-11-03,60872504000123,ITUB4,ITUB4_2014-11-03_DISTRIBUTION_290,5.372915711853763,,0.0,5.372915711853763,CASH_DIVIDEND,UNKNOWN,EX_DATE_ECONOMIC_REINVESTMENT,cache/market.json.gz; SQLite corporate_actions/B3
CG_ONLY,V10,2014-11-03,02558157000162,VIVT4,B00S_VIVT4_2014-11-03_DISTRIBUTION_79,75.28977127196477,,0.0,75.28977127196477,JCP,UNKNOWN,EX_DATE_ECONOMIC_REINVESTMENT,cache/market.json.gz; B3
CG_ONLY,V10,2014-11-04,60746948000112,BBDC4,BBDC4_2014-11-04_DISTRIBUTION_328,7.361438831530662,,0.0,7.361438831530662,JCP,UNKNOWN,EX_DATE_ECONOMIC_REINVESTMENT,cache/market.json.gz; SQLite corporate_actions/B3
CG_ONLY,V10,2014-11-10,17155730000164,CMIG4,CMIG4_2014-11-10_DISTRIBUTION_637,699.1569519465645,,0.0,699.1569519465645,,UNKNOWN,EX_DATE_ECONOMIC_REINVESTMENT,https://api.mziq.com/mzfilemanager/v2/d/716a131f-9624-452c-9088-0cd6983c1349/a2eb9f5f-37e1-8913-c1eb-c4281b5e23b2?origin=2
CG_ONLY,V10,2014-11-11,02474103000119,TBLE3,TBLE3_2014-11-11_DISTRIBUTION_371,209.34577062175214,,0.0,209.34577062175214,CASH_DIVIDEND,UNKNOWN,EX_DATE_ECONOMIC_REINVESTMENT,cache/market.json.gz; SQLite corporate_actions/B3
CG_ONLY,V10,2014-11-26,02474103000119,TBLE3,TBLE3_2014-11-26_DISTRIBUTION_370,124.94908770636705,,0.0,124.94908770636705,JCP,UNKNOWN,EX_DATE_ECONOMIC_REINVESTMENT,cache/market.json.gz; SQLite corporate_actions/B3
CG_ONLY,V10,2014-12-01,60872504000123,ITUB4,ITUB4_2014-12-01_DISTRIBUTION_289,5.375117726489769,,0.0,5.375117726489769,CASH_DIVIDEND,UNKNOWN,EX_DATE_ECONOMIC_REINVESTMENT,cache/market.json.gz; SQLite corporate_actions/B3
CG_ONLY,V10,2014-12-01,02558157000162,VIVT4,B00S_VIVT4_2014-12-01_DISTRIBUTION_78,114.70640678467188,,0.0,114.70640678467188,JCP,UNKNOWN,EX_DATE_ECONOMIC_REINVESTMENT,cache/market.json.gz; B3
CG_ONLY,V10,2014-12-02,60746948000112,BBDC4,BBDC4_2014-12-02_DISTRIBUTION_327,7.365525188336025,,0.0,7.365525188336025,JCP,UNKNOWN,EX_DATE_ECONOMIC_REINVESTMENT,cache/market.json.gz; SQLite corporate_actions/B3
CG_ONLY,V10,2014-12-23,60746948000112,BBDC4,BBDC4_2014-12-23_DISTRIBUTION_326,231.1885007635326,,0.0,231.1885007635326,JCP,UNKNOWN,EX_DATE_ECONOMIC_REINVESTMENT,cache/market.json.gz; SQLite corporate_actions/B3
CG_ONLY,V10,2014-12-23,02149205000169,PSSA3,B00S_PSSA3_2014-12-23_DISTRIBUTION_66,84.63047732351092,,0.0,84.63047732351092,JCP,UNKNOWN,EX_DATE_ECONOMIC_REINVESTMENT,cache/market.json.gz; B3
CG_ONLY,V10,2014-12-29,17155730000164,CMIG4,CMIG4_2014-12-29_DISTRIBUTION_638,160.59815075261932,,0.0,160.59815075261932,,UNKNOWN,EX_DATE_ECONOMIC_REINVESTMENT,https://api.mziq.com/mzfilemanager/v2/d/716a131f-9624-452c-9088-0cd6983c1349/a2eb9f5f-37e1-8913-c1eb-c4281b5e23b2?origin=2
CG_ONLY,V10,2015-01-02,60872504000123,ITUB4,ITUB4_2015-01-02_DISTRIBUTION_288,5.377298006800677,,0.0,5.377298006800677,CASH_DIVIDEND,UNKNOWN,EX_DATE_ECONOMIC_REINVESTMENT,cache/market.json.gz; SQLite corporate_actions/B3
CG_ONLY,V10,2015-01-02,02558157000162,VIVT4,B00S_VIVT4_2015-01-02_DISTRIBUTION_77,118.73488237137504,,0.0,118.73488237137504,JCP,UNKNOWN,EX_DATE_ECONOMIC_REINVESTMENT,cache/market.json.gz; B3
CG_ONLY,V10,2015-01-05,60746948000112,BBDC4,BBDC4_2015-01-05_DISTRIBUTION_325,7.503264925666013,,0.0,7.503264925666013,JCP,UNKNOWN,EX_DATE_ECONOMIC_REINVESTMENT,cache/market.json.gz; SQLite corporate_actions/B3
CG_ONLY,V10,2015-02-02,60872504000123,ITUB4,ITUB4_2015-02-02_DISTRIBUTION_287,5.379682265449864,,0.0,5.379682265449864,CASH_DIVIDEND,UNKNOWN,EX_DATE_ECONOMIC_REINVESTMENT,cache/market.json.gz; SQLite corporate_actions/B3
CG_ONLY,V10,2015-02-03,60746948000112,BBDC4,BBDC4_2015-02-03_DISTRIBUTION_324,7.507786498177771,,0.0,7.507786498177771,JCP,UNKNOWN,EX_DATE_ECONOMIC_REINVESTMENT,cache/market.json.gz; SQLite corporate_actions/B3
CG_ONLY,V10,2015-02-10,60746948000112,BBDC4,BBDC4_2015-02-10_DISTRIBUTION_323,57.1473815450632,,0.0,57.1473815450632,CASH_DIVIDEND,UNKNOWN,EX_DATE_ECONOMIC_REINVESTMENT,cache/market.json.gz; SQLite corporate_actions/B3
CG_ONLY,V10,2015-02-11,60872504000123,ITUB4,ITUB4_2015-02-11_DISTRIBUTION_285,109.90256554229617,,0.0,109.90256554229617,CASH_DIVIDEND,UNKNOWN,EX_DATE_ECONOMIC_REINVESTMENT,cache/market.json.gz; SQLite corporate_actions/B3
CG_ONLY,V10,2015-02-11,60872504000123,ITUB4,ITUB4_2015-02-11_DISTRIBUTION_286,193.0381334043596,,0.0,193.0381334043596,JCP,UNKNOWN,EX_DATE_ECONOMIC_REINVESTMENT,cache/market.json.gz; SQLite corporate_actions/B3
CG_ONLY,V10,2015-02-11,02558157000162,VIVT4,B00S_VIVT4_2015-02-11_DISTRIBUTION_76,693.2760922659007,,0.0,693.2760922659007,CASH_DIVIDEND,UNKNOWN,EX_DATE_ECONOMIC_REINVESTMENT,cache/market.json.gz; B3
CG_ONLY,V10,2015-03-02,60872504000123,ITUB4,ITUB4_2015-03-02_DISTRIBUTION_284,5.517830210799373,,0.0,5.517830210799373,CASH_DIVIDEND,UNKNOWN,EX_DATE_ECONOMIC_REINVESTMENT,cache/market.json.gz; SQLite corporate_actions/B3
CG_ONLY,V10,2015-03-03,60746948000112,BBDC4,BBDC4_2015-03-03_DISTRIBUTION_322,7.545754615712254,,0.0,7.545754615712254,JCP,UNKNOWN,EX_DATE_ECONOMIC_REINVESTMENT,cache/market.json.gz; SQLite corporate_actions/B3
CG_ONLY,V10,2015-03-25,17281106000103,CSMG3,B00S_CSMG3_2015-03-25_DISTRIBUTION_59,12.205636022781968,,0.0,12.205636022781968,JCP,UNKNOWN,EX_DATE_ECONOMIC_REINVESTMENT,cache/market.json.gz; B3
CG_ONLY,V10,2015-03-30,02149205000169,PSSA3,B00S_PSSA3_2015-03-30_DISTRIBUTION_65,264.8521567413832,,0.0,264.8521567413832,CASH_DIVIDEND,UNKNOWN,EX_DATE_ECONOMIC_REINVESTMENT,cache/market.json.gz; B3
CG_ONLY,V10,2015-04-01,60872504000123,ITUB4,ITUB4_2015-04-01_DISTRIBUTION_283,5.52010905036881,,0.0,5.52010905036881,CASH_DIVIDEND,UNKNOWN,EX_DATE_ECONOMIC_REINVESTMENT,cache/market.json.gz; SQLite corporate_actions/B3
CG_ONLY,V10,2015-04-02,60746948000112,BBDC4,BBDC4_2015-04-02_DISTRIBUTION_321,8.34158120082821,,0.0,8.34158120082821,JCP,UNKNOWN,EX_DATE_ECONOMIC_REINVESTMENT,cache/market.json.gz; SQLite corporate_actions/B3
CG_ONLY,V10,2015-04-07,43776517000180,SBSP3,B00S_SBSP3_2015-04-07_DISTRIBUTION_68,284.90718216668876,,0.0,284.90718216668876,JCP,UNKNOWN,EX_DATE_ECONOMIC_REINVESTMENT,cache/market.json.gz; B3
CG_ONLY,V10,2015-04-10,02558157000162,VIVT4,B00S_VIVT4_2015-04-10_DISTRIBUTION_75,4.920092899241397,,0.0,4.920092899241397,CASH_DIVIDEND,UNKNOWN,EX_DATE_ECONOMIC_REINVESTMENT,cache/market.json.gz; B3
CG_ONLY,V10,2015-05-04,17155730000164,CMIG4,CMIG4_2015-05-04_DISTRIBUTION_639,448.2127512495472,,0.0,448.2127512495472,,UNKNOWN,EX_DATE_ECONOMIC_REINVESTMENT,https://api.mziq.com/mzfilemanager/v2/d/716a131f-9624-452c-9088-0cd6983c1349/a2eb9f5f-37e1-8913-c1eb-c4281b5e23b2?origin=2
CG_ONLY,V10,2015-05-04,60872504000123,ITUB4,ITUB4_2015-05-04_DISTRIBUTION_282,5.539489512493552,,0.0,5.539489512493552,CASH_DIVIDEND,UNKNOWN,EX_DATE_ECONOMIC_REINVESTMENT,cache/market.json.gz; SQLite corporate_actions/B3
CG_ONLY,V10,2015-05-05,60746948000112,BBDC4,BBDC4_2015-05-05_DISTRIBUTION_320,8.37979150966359,,0.0,8.37979150966359,JCP,UNKNOWN,EX_DATE_ECONOMIC_REINVESTMENT,cache/market.json.gz; SQLite corporate_actions/B3
CG_ONLY,V10,2015-05-11,02474103000119,TBLE3,TBLE3_2015-05-11_DISTRIBUTION_369,101.62922534784899,,0.0,101.62922534784899,CASH_DIVIDEND,UNKNOWN,EX_DATE_ECONOMIC_REINVESTMENT,cache/market.json.gz; SQLite corporate_actions/B3
CG_ONLY,V10,2015-05-12,17281106000103,CSMG3,B00S_CSMG3_2015-05-12_DISTRIBUTION_58,26.988808568191455,,0.0,26.988808568191455,JCP,UNKNOWN,EX_DATE_ECONOMIC_REINVESTMENT,cache/market.json.gz; B3
CG_ONLY,V10,2015-05-13,02558115000121,TIMP3,B00S_TIMP3_2015-05-13_DISTRIBUTION_85,198.46214990004617,,0.0,198.46214990004617,,UNKNOWN,EX_DATE_ECONOMIC_REINVESTMENT,"originals/tim_2015_ago.pdf.gz; 2015-04-14 AGM, record 2015-05-12"
CG_ONLY,V10,2015-05-26,02558157000162,VIVT4,B00S_VIVT4_2015-05-26_DISTRIBUTION_73,54.124922893952764,,0.0,54.124922893952764,CASH_DIVIDEND,UNKNOWN,EX_DATE_ECONOMIC_REINVESTMENT,cache/market.json.gz; B3
CG_ONLY,V10,2015-05-26,02558157000162,VIVT4,B00S_VIVT4_2015-05-26_DISTRIBUTION_74,103.2382788539228,,0.0,103.2382788539228,JCP,UNKNOWN,EX_DATE_ECONOMIC_REINVESTMENT,cache/market.json.gz; B3
CG_ONLY,V10,2015-06-01,60872504000123,ITUB4,ITUB4_2015-06-01_DISTRIBUTION_281,5.5416228203931,,0.0,5.5416228203931,CASH_DIVIDEND,UNKNOWN,EX_DATE_ECONOMIC_REINVESTMENT,cache/market.json.gz; SQLite corporate_actions/B3
CG_ONLY,V10,2015-06-02,60746948000112,BBDC4,BBDC4_2015-06-02_DISTRIBUTION_319,8.704468757218347,,0.0,8.704468757218347,JCP,UNKNOWN,EX_DATE_ECONOMIC_REINVESTMENT,cache/market.json.gz; SQLite corporate_actions/B3
CG_ONLY,V10,2015-06-23,60746948000112,BBDC4,BBDC4_2015-06-23_DISTRIBUTION_318,87.16798298210881,,0.0,87.16798298210881,CASH_DIVIDEND,UNKNOWN,EX_DATE_ECONOMIC_REINVESTMENT,cache/market.json.gz; SQLite corporate_actions/B3
CG_ONLY,V10,2015-07-01,60872504000123,ITUB4,ITUB4_2015-07-01_DISTRIBUTION_280,5.7262211323866445,,0.0,5.7262211323866445,CASH_DIVIDEND,UNKNOWN,EX_DATE_ECONOMIC_REINVESTMENT,cache/market.json.gz; SQLite corporate_actions/B3
CG_ONLY,V10,2015-07-02,60746948000112,BBDC4,BBDC4_2015-07-02_DISTRIBUTION_317,8.86597610385567,,0.0,8.86597610385567,JCP,UNKNOWN,EX_DATE_ECONOMIC_REINVESTMENT,cache/market.json.gz; SQLite corporate_actions/B3
CG_ONLY,V10,2015-08-03,60872504000123,ITUB4,ITUB4_2015-08-03_DISTRIBUTION_279,6.366823354660662,,0.0,6.366823354660662,CASH_DIVIDEND,UNKNOWN,EX_DATE_ECONOMIC_REINVESTMENT,cache/market.json.gz; SQLite corporate_actions/B3
CG_ONLY,V10,2015-08-03,02558157000162,VIVT4,CONT_2802_VIVT4_2015-08-03,40.603935701581264,,0.0,40.603935701581264,,UNKNOWN,EX_DATE_ECONOMIC_REINVESTMENT,cache/market.json.gz; B3
CG_ONLY,V10,2015-08-04,60746948000112,BBDC4,BBDC4_2015-08-04_DISTRIBUTION_316,9.062190495740511,,0.0,9.062190495740511,JCP,UNKNOWN,EX_DATE_ECONOMIC_REINVESTMENT,cache/market.json.gz; SQLite corporate_actions/B3
CG_ONLY,V10,2015-08-12,17281106000103,CSMG3,CONT_994_CSMG3_2015-08-12,8.231920681362213,,0.0,8.231920681362213,,UNKNOWN,EX_DATE_ECONOMIC_REINVESTMENT,cache/market.json.gz; B3
CG_ONLY,V10,2015-08-13,60872504000123,ITUB4,ITUB4_2015-08-13_DISTRIBUTION_278,148.71508782046178,,0.0,148.71508782046178,JCP,UNKNOWN,EX_DATE_ECONOMIC_REINVESTMENT,cache/market.json.gz; SQLite corporate_actions/B3
CG_ONLY,V10,2015-08-21,02474103000119,TBLE3,TBLE3_2015-08-21_DISTRIBUTION_368,186.58436876775912,,0.0,186.58436876775912,CASH_DIVIDEND,UNKNOWN,EX_DATE_ECONOMIC_REINVESTMENT,cache/market.json.gz; SQLite corporate_actions/B3
CG_ONLY,V10,2015-09-01,60872504000123,ITUB4,ITUB4_2015-09-01_DISTRIBUTION_277,6.5307336903166355,,0.0,6.5307336903166355,CASH_DIVIDEND,UNKNOWN,EX_DATE_ECONOMIC_REINVESTMENT,cache/market.json.gz; SQLite corporate_actions/B3
CG_ONLY,V10,2015-09-01,02558157000162,VIVT4,CONT_2801_VIVT4_2015-09-01,43.67759108180813,,0.0,43.67759108180813,,UNKNOWN,EX_DATE_ECONOMIC_REINVESTMENT,cache/market.json.gz; B3
CG_ONLY,V10,2015-09-02,60746948000112,BBDC4,BBDC4_2015-09-02_DISTRIBUTION_315,9.343868646058253,,0.0,9.343868646058253,JCP,UNKNOWN,EX_DATE_ECONOMIC_REINVESTMENT,cache/market.json.gz; SQLite corporate_actions/B3
CG_ONLY,V10,2015-10-01,60872504000123,ITUB4,ITUB4_2015-10-01_DISTRIBUTION_276,6.599905937507602,,0.0,6.599905937507602,CASH_DIVIDEND,UNKNOWN,EX_DATE_ECONOMIC_REINVESTMENT,cache/market.json.gz; SQLite corporate_actions/B3
CG_ONLY,V10,2015-10-01,02558157000162,VIVT4,CONT_2800_VIVT4_2015-10-01,27.189591567632494,,0.0,27.189591567632494,,UNKNOWN,EX_DATE_ECONOMIC_REINVESTMENT,cache/market.json.gz; B3
CG_ONLY,V10,2015-10-02,60746948000112,BBDC4,BBDC4_2015-10-02_DISTRIBUTION_314,9.78414668096642,,0.0,9.78414668096642,JCP,UNKNOWN,EX_DATE_ECONOMIC_REINVESTMENT,cache/market.json.gz; SQLite corporate_actions/B3
CG_ONLY,V10,2015-10-29,02149205000169,PSSA3,CONT_2161_PSSA3_2015-10-29,334.8795798463425,,0.0,334.8795798463425,,UNKNOWN,EX_DATE_ECONOMIC_REINVESTMENT,cache/market.json.gz; B3
CG_ONLY,V10,2015-11-03,60872504000123,ITUB4,ITUB4_2015-11-03_DISTRIBUTION_275,6.621947375973953,,0.0,6.621947375973953,CASH_DIVIDEND,UNKNOWN,EX_DATE_ECONOMIC_REINVESTMENT,cache/market.json.gz; SQLite corporate_actions/B3
CG_ONLY,V10,2015-11-03,02558157000162,VIVT4,CONT_2799_VIVT4_2015-11-03,16.660812893925463,,0.0,16.660812893925463,,UNKNOWN,EX_DATE_ECONOMIC_REINVESTMENT,cache/market.json.gz; B3
CG_ONLY,V10,2015-11-04,60746948000112,BBDC4,BBDC4_2015-11-04_DISTRIBUTION_313,10.466529826262088,,0.0,10.466529826262088,JCP,UNKNOWN,EX_DATE_ECONOMIC_REINVESTMENT,cache/market.json.gz; SQLite corporate_actions/B3
CG_ONLY,V10,2015-11-12,17281106000103,CSMG3,CONT_993_CSMG3_2015-11-12,21.726160378031498,,0.0,21.726160378031498,,UNKNOWN,EX_DATE_ECONOMIC_REINVESTMENT,cache/market.json.gz; B3
CG_ONLY,V10,2015-11-24,02474103000119,TBLE3,TBLE3_2015-11-24_DISTRIBUTION_367,190.89808822930138,,0.0,190.89808822930138,JCP,UNKNOWN,EX_DATE_ECONOMIC_REINVESTMENT,cache/market.json.gz; SQLite corporate_actions/B3
CG_ONLY,V10,2015-12-01,60872504000123,ITUB4,ITUB4_2015-12-01_DISTRIBUTION_274,6.820650661578315,,0.0,6.820650661578315,CASH_DIVIDEND,UNKNOWN,EX_DATE_ECONOMIC_REINVESTMENT,cache/market.json.gz; SQLite corporate_actions/B3
CG_ONLY,V10,2015-12-01,02558157000162,VIVT4,CONT_2798_VIVT4_2015-12-01,45.15118554461845,,0.0,45.15118554461845,,UNKNOWN,EX_DATE_ECONOMIC_REINVESTMENT,cache/market.json.gz; B3
CG_ONLY,V10,2015-12-02,60746948000112,BBDC4,BBDC4_2015-12-02_DISTRIBUTION_312,10.910071247693331,,0.0,10.910071247693331,JCP,UNKNOWN,EX_DATE_ECONOMIC_REINVESTMENT,cache/market.json.gz; SQLite corporate_actions/B3
CG_ONLY,V10,2015-12-10,60872504000123,ITUB4,ITUB4_2015-12-10_DISTRIBUTION_273,96.42002478706121,,0.0,96.42002478706121,JCP,UNKNOWN,EX_DATE_ECONOMIC_REINVESTMENT,cache/market.json.gz; SQLite corporate_actions/B3
CG_ONLY,V10,2015-12-14,02149205000169,PSSA3,CONT_2160_PSSA3_2015-12-14,137.6982265519358,,0.0,137.6982265519358,,UNKNOWN,EX_DATE_ECONOMIC_REINVESTMENT,cache/market.json.gz; B3
CG_ONLY,V10,2015-12-17,60746948000112,BBDC4,BBDC4_2015-12-17_DISTRIBUTION_311,485.994192041598,,0.0,485.994192041598,JCP,UNKNOWN,EX_DATE_ECONOMIC_REINVESTMENT,cache/market.json.gz; SQLite corporate_actions/B3
CG_ONLY,V10,2016-01-04,17155730000164,CMIG4,CMIG4_2016-01-04_DISTRIBUTION_640,277.7663425901476,,0.0,277.7663425901476,,UNKNOWN,EX_DATE_ECONOMIC_REINVESTMENT,https://api.mziq.com/mzfilemanager/v2/d/716a131f-9624-452c-9088-0cd6983c1349/a2eb9f5f-37e1-8913-c1eb-c4281b5e23b2?origin=2
CG_ONLY,V10,2016-01-04,60872504000123,ITUB4,ITUB4_2016-01-04_DISTRIBUTION_272,6.970316235665517,,0.0,6.970316235665517,CASH_DIVIDEND,UNKNOWN,EX_DATE_ECONOMIC_REINVESTMENT,cache/market.json.gz; SQLite corporate_actions/B3
CG_ONLY,V10,2016-01-04,02558157000162,VIVT4,CONT_2797_VIVT4_2016-01-04,60.62361172380788,,0.0,60.62361172380788,,UNKNOWN,EX_DATE_ECONOMIC_REINVESTMENT,cache/market.json.gz; B3
CG_ONLY,V10,2016-01-05,60746948000112,BBDC4,BBDC4_2016-01-05_DISTRIBUTION_310,11.772687156355673,,0.0,11.772687156355673,JCP,UNKNOWN,EX_DATE_ECONOMIC_REINVESTMENT,cache/market.json.gz; SQLite corporate_actions/B3
CG_ONLY,V10,2016-02-01,60872504000123,ITUB4,ITUB4_2016-02-01_DISTRIBUTION_271,7.1566040909296005,,0.0,7.1566040909296005,CASH_DIVIDEND,UNKNOWN,EX_DATE_ECONOMIC_REINVESTMENT,cache/market.json.gz; SQLite corporate_actions/B3
CG_ONLY,V10,2016-02-02,60746948000112,BBDC4,BBDC4_2016-02-02_DISTRIBUTION_309,12.26810696880131,,0.0,12.26810696880131,JCP,UNKNOWN,EX_DATE_ECONOMIC_REINVESTMENT,cache/market.json.gz; SQLite corporate_actions/B3
CG_ONLY,V10,2016-02-19,60872504000123,ITUB4,ITUB4_2016-02-19_DISTRIBUTION_269,96.76537057032091,,0.0,96.76537057032091,CASH_DIVIDEND,UNKNOWN,EX_DATE_ECONOMIC_REINVESTMENT,cache/market.json.gz; SQLite corporate_actions/B3
CG_ONLY,V10,2016-02-19,60872504000123,ITUB4,ITUB4_2016-02-19_DISTRIBUTION_270,223.04906630451748,,0.0,223.04906630451748,JCP,UNKNOWN,EX_DATE_ECONOMIC_REINVESTMENT,cache/market.json.gz; SQLite corporate_actions/B3
CG_ONLY,V10,2016-03-01,60872504000123,ITUB4,ITUB4_2016-03-01_DISTRIBUTION_268,7.528370235865785,,0.0,7.528370235865785,CASH_DIVIDEND,UNKNOWN,EX_DATE_ECONOMIC_REINVESTMENT,cache/market.json.gz; SQLite corporate_actions/B3
CG_ONLY,V10,2016-03-01,02558157000162,VIVT4,CONT_2796_VIVT4_2016-03-01,42.899378512799274,,0.0,42.899378512799274,,UNKNOWN,EX_DATE_ECONOMIC_REINVESTMENT,cache/market.json.gz; B3
CG_ONLY,V10,2016-03-02,60746948000112,BBDC4,BBDC4_2016-03-02_DISTRIBUTION_308,12.29479225311832,,0.0,12.29479225311832,JCP,UNKNOWN,EX_DATE_ECONOMIC_REINVESTMENT,cache/market.json.gz; SQLite corporate_actions/B3
CG_ONLY,V10,2016-03-30,02149205000169,PSSA3,CONT_2159_PSSA3_2016-03-30,70.10668422418465,,0.0,70.10668422418465,,UNKNOWN,EX_DATE_ECONOMIC_REINVESTMENT,cache/market.json.gz; B3
CG_ONLY,V10,2016-04-01,60872504000123,ITUB4,ITUB4_2016-04-01_DISTRIBUTION_267,7.68735410788785,,0.0,7.68735410788785,CASH_DIVIDEND,UNKNOWN,EX_DATE_ECONOMIC_REINVESTMENT,cache/market.json.gz; SQLite corporate_actions/B3
CG_ONLY,V10,2016-04-01,02558157000162,VIVT4,CONT_2795_VIVT4_2016-04-01,73.28451537424141,,0.0,73.28451537424141,,UNKNOWN,EX_DATE_ECONOMIC_REINVESTMENT,cache/market.json.gz; B3
CG_ONLY,V10,2016-04-04,60746948000112,BBDC4,BBDC4_2016-04-04_DISTRIBUTION_307,12.305207044845892,,0.0,12.305207044845892,JCP,UNKNOWN,EX_DATE_ECONOMIC_REINVESTMENT,cache/market.json.gz; SQLite corporate_actions/B3
CG_ONLY,V10,2016-04-06,43776517000180,SBSP3,CONT_2263_SBSP3_2016-04-06,176.26580127735855,,0.0,176.26580127735855,,UNKNOWN,EX_DATE_ECONOMIC_REINVESTMENT,cache/market.json.gz; B3
CG_ONLY,V10,2016-04-13,02558115000121,TIMP3,TIMP_GROSS_2016-04-13,370.27159309113813,,0.0,370.27159309113813,,UNKNOWN,EX_DATE_ECONOMIC_REINVESTMENT,research/graham_v6_comparison/audit_v13_inputs/documents/TIM_DIV.html.gz
CG_ONLY,V10,2016-04-29,02558157000162,VIVT4,CONT_2794_VIVT4_2016-04-29,285.67216475513356,,0.0,285.67216475513356,,UNKNOWN,EX_DATE_ECONOMIC_REINVESTMENT,cache/market.json.gz; B3
CG_ONLY,V10,2016-05-02,17155730000164,CMIG4,CMIG4_2016-05-02_DISTRIBUTION_641,717.3812057895398,,0.0,717.3812057895398,,UNKNOWN,EX_DATE_ECONOMIC_REINVESTMENT,https://api.mziq.com/mzfilemanager/v2/d/716a131f-9624-452c-9088-0cd6983c1349/a2eb9f5f-37e1-8913-c1eb-c4281b5e23b2?origin=2
CG_ONLY,V10,2016-05-02,60872504000123,ITUB4,ITUB4_2016-05-02_DISTRIBUTION_266,7.796508939168983,,0.0,7.796508939168983,CASH_DIVIDEND,UNKNOWN,EX_DATE_ECONOMIC_REINVESTMENT,cache/market.json.gz; SQLite corporate_actions/B3
CG_ONLY,V10,2016-05-02,02558157000162,VIVT4,CONT_2793_VIVT4_2016-05-02,49.730739636052306,,0.0,49.730739636052306,,UNKNOWN,EX_DATE_ECONOMIC_REINVESTMENT,cache/market.json.gz; B3
CG_ONLY,V10,2016-05-03,60746948000112,BBDC4,BBDC4_2016-05-03_DISTRIBUTION_306,13.545394209575855,,0.0,13.545394209575855,JCP,UNKNOWN,EX_DATE_ECONOMIC_REINVESTMENT,cache/market.json.gz; SQLite corporate_actions/B3
CG_ONLY,V10,2016-05-11,02474103000119,TBLE3,TBLE3_2016-05-11_DISTRIBUTION_366,136.78605719909524,,0.0,136.78605719909524,CASH_DIVIDEND,UNKNOWN,EX_DATE_ECONOMIC_REINVESTMENT,cache/market.json.gz; SQLite corporate_actions/B3
CG_ONLY,V10,2016-05-12,17281106000103,CSMG3,CONT_992_CSMG3_2016-05-12,215.3498776237987,,0.0,215.3498776237987,,UNKNOWN,EX_DATE_ECONOMIC_REINVESTMENT,cache/market.json.gz; B3
CG_ONLY,V10,2016-06-01,60872504000123,ITUB4,ITUB4_2016-06-01_DISTRIBUTION_265,7.878366392423235,,0.0,7.878366392423235,CASH_DIVIDEND,UNKNOWN,EX_DATE_ECONOMIC_REINVESTMENT,cache/market.json.gz; SQLite corporate_actions/B3
CG_ONLY,V10,2016-06-02,60746948000112,BBDC4,BBDC4_2016-06-02_DISTRIBUTION_305,13.628367054341593,,0.0,13.628367054341593,JCP,UNKNOWN,EX_DATE_ECONOMIC_REINVESTMENT,cache/market.json.gz; SQLite corporate_actions/B3
CG_ONLY,V10,2016-06-23,60746948000112,BBDC4,BBDC4_2016-06-23_DISTRIBUTION_304,136.41285270411282,,0.0,136.41285270411282,JCP,UNKNOWN,EX_DATE_ECONOMIC_REINVESTMENT,cache/market.json.gz; SQLite corporate_actions/B3
CG_ONLY,V10,2016-07-01,60872504000123,ITUB4,ITUB4_2016-07-01_DISTRIBUTION_264,10.420559138763704,,0.0,10.420559138763704,CASH_DIVIDEND,UNKNOWN,EX_DATE_ECONOMIC_REINVESTMENT,cache/market.json.gz; SQLite corporate_actions/B3
CG_ONLY,V10,2016-07-01,02558157000162,VIVT4,CONT_2792_VIVT4_2016-07-01,47.09591644072015,,0.0,47.09591644072015,,UNKNOWN,EX_DATE_ECONOMIC_REINVESTMENT,cache/market.json.gz; B3
CG_ONLY,V10,2016-07-04,60746948000112,BBDC4,BBDC4_2016-07-04_DISTRIBUTION_303,15.951171080041817,,0.0,15.951171080041817,JCP,UNKNOWN,EX_DATE_ECONOMIC_REINVESTMENT,cache/market.json.gz; SQLite corporate_actions/B3
CG_ONLY,V10,2016-08-01,60872504000123,ITUB4,ITUB4_2016-08-01_DISTRIBUTION_263,10.45179149562004,,0.0,10.45179149562004,CASH_DIVIDEND,UNKNOWN,EX_DATE_ECONOMIC_REINVESTMENT,cache/market.json.gz; SQLite corporate_actions/B3
CG_ONLY,V10,2016-08-02,60746948000112,BBDC4,BBDC4_2016-08-02_DISTRIBUTION_302,16.131686312208622,,0.0,16.131686312208622,JCP,UNKNOWN,EX_DATE_ECONOMIC_REINVESTMENT,cache/market.json.gz; SQLite corporate_actions/B3
CG_ONLY,V10,2016-08-09,02474103000119,TBLE3,TBLE3_2016-08-09_DISTRIBUTION_365,565.0765114599103,,0.0,565.0765114599103,CASH_DIVIDEND,UNKNOWN,EX_DATE_ECONOMIC_REINVESTMENT,cache/market.json.gz; SQLite corporate_actions/B3
CG_ONLY,V10,2016-08-15,60872504000123,ITUB4,ITUB4_2016-08-15_DISTRIBUTION_262,284.0735219702884,,0.0,284.0735219702884,JCP,UNKNOWN,EX_DATE_ECONOMIC_REINVESTMENT,cache/market.json.gz; SQLite corporate_actions/B3
CG_ONLY,V10,2016-09-01,60872504000123,ITUB4,ITUB4_2016-09-01_DISTRIBUTION_261,10.79677682631726,,0.0,10.79677682631726,CASH_DIVIDEND,UNKNOWN,EX_DATE_ECONOMIC_REINVESTMENT,cache/market.json.gz; SQLite corporate_actions/B3
CG_ONLY,V10,2016-09-02,60746948000112,BBDC4,BBDC4_2016-09-02_DISTRIBUTION_301,16.233298019391363,,0.0,16.233298019391363,JCP,UNKNOWN,EX_DATE_ECONOMIC_REINVESTMENT,cache/market.json.gz; SQLite corporate_actions/B3
CG_ONLY,V10,2016-10-03,60746948000112,BBDC4,BBDC4_2016-10-03_DISTRIBUTION_300,537.8119453125008,,0.0,537.8119453125008,JCP,UNKNOWN,EX_DATE_ECONOMIC_REINVESTMENT,cache/market.json.gz; SQLite corporate_actions/B3
CG_ONLY,V10,2016-10-03,60872504000123,ITUB4,ITUB4_2016-10-03_DISTRIBUTION_260,10.80125186506815,,0.0,10.80125186506815,CASH_DIVIDEND,UNKNOWN,EX_DATE_ECONOMIC_REINVESTMENT,cache/market.json.gz; SQLite corporate_actions/B3
CG_ONLY,V10,2016-10-03,02558157000162,VIVT4,CONT_2791_VIVT4_2016-10-03,197.73758129912386,,0.0,197.73758129912386,,UNKNOWN,EX_DATE_ECONOMIC_REINVESTMENT,cache/market.json.gz; B3
CG_ONLY,V10,2016-10-04,60746948000112,BBDC4,BBDC4_2016-10-04_DISTRIBUTION_299,16.586268298490236,,0.0,16.586268298490236,JCP,UNKNOWN,EX_DATE_ECONOMIC_REINVESTMENT,cache/market.json.gz; SQLite corporate_actions/B3
CG_ONLY,V10,2016-10-28,02149205000169,PSSA3,CONT_2158_PSSA3_2016-10-28,916.3548911609802,,0.0,916.3548911609802,,UNKNOWN,EX_DATE_ECONOMIC_REINVESTMENT,cache/market.json.gz; B3
CG_ONLY,V10,2016-11-01,60872504000123,ITUB4,ITUB4_2016-11-01_DISTRIBUTION_259,11.886279958198724,,0.0,11.886279958198724,CASH_DIVIDEND,UNKNOWN,EX_DATE_ECONOMIC_REINVESTMENT,cache/market.json.gz; SQLite corporate_actions/B3
CG_ONLY,V10,2016-11-03,60746948000112,BBDC4,BBDC4_2016-11-03_DISTRIBUTION_298,16.59668953269509,,0.0,16.59668953269509,JCP,UNKNOWN,EX_DATE_ECONOMIC_REINVESTMENT,cache/market.json.gz; SQLite corporate_actions/B3
CG_ONLY,V10,2016-11-11,02474103000119,TBLE3,TBLE3_2016-11-11_DISTRIBUTION_364,428.08719959573864,,0.0,428.08719959573864,JCP,UNKNOWN,EX_DATE_ECONOMIC_REINVESTMENT,cache/market.json.gz; SQLite corporate_actions/B3
CG_ONLY,V10,2016-12-01,60872504000123,ITUB4,ITUB4_2016-12-01_DISTRIBUTION_258,11.891066379658401,,0.0,11.891066379658401,CASH_DIVIDEND,UNKNOWN,EX_DATE_ECONOMIC_REINVESTMENT,cache/market.json.gz; SQLite corporate_actions/B3
CG_ONLY,V10,2016-12-02,60746948000112,BBDC4,BBDC4_2016-12-02_DISTRIBUTION_297,16.606633296948807,,0.0,16.606633296948807,JCP,UNKNOWN,EX_DATE_ECONOMIC_REINVESTMENT,cache/market.json.gz; SQLite corporate_actions/B3
CG_ONLY,V10,2016-12-21,02149205000169,PSSA3,CONT_2157_PSSA3_2016-12-21,88.20871239627424,,0.0,88.20871239627424,,UNKNOWN,EX_DATE_ECONOMIC_REINVESTMENT,cache/market.json.gz; B3
CG_ONLY,V10,2016-12-22,60746948000112,BBDC4,BBDC4_2016-12-22_DISTRIBUTION_296,247.31353888966083,,0.0,247.31353888966083,JCP,UNKNOWN,EX_DATE_ECONOMIC_REINVESTMENT,cache/market.json.gz; SQLite corporate_actions/B3
CG_ONLY,V10,2016-12-23,60872504000123,ITUB4,ITUB4_2016-12-23_DISTRIBUTION_257,373.8624211019909,,0.0,373.8624211019909,JCP,UNKNOWN,EX_DATE_ECONOMIC_REINVESTMENT,cache/market.json.gz; SQLite corporate_actions/B3
CG_ONLY,V10,2016-12-27,17155730000164,CMIG4,CMIG4_2016-12-27_DISTRIBUTION_642,931.4135577790983,,0.0,931.4135577790983,,UNKNOWN,EX_DATE_ECONOMIC_REINVESTMENT,https://api.mziq.com/mzfilemanager/v2/d/716a131f-9624-452c-9088-0cd6983c1349/a2eb9f5f-37e1-8913-c1eb-c4281b5e23b2?origin=2
CG_ONLY,V10,2017-01-02,60872504000123,ITUB4,ITUB4_2017-01-02_DISTRIBUTION_256,12.069054792612118,,0.0,12.069054792612118,CASH_DIVIDEND,UNKNOWN,EX_DATE_ECONOMIC_REINVESTMENT,cache/market.json.gz; SQLite corporate_actions/B3
CG_ONLY,V10,2017-01-02,02558157000162,VIVT4,CONT_2790_VIVT4_2017-01-02,206.43232513273642,,0.0,206.43232513273642,,UNKNOWN,EX_DATE_ECONOMIC_REINVESTMENT,cache/market.json.gz; B3
CG_ONLY,V10,2017-01-03,60746948000112,BBDC4,BBDC4_2017-01-03_DISTRIBUTION_623,16.79311100669705,,0.0,16.79311100669705,JCP Mensais,UNKNOWN,EX_DATE_ECONOMIC_REINVESTMENT,https://www.bradescori.com.br/informacoes-ao-mercado/remuneracao-aos-acionistas/
CG_ONLY,V10,2017-02-01,60872504000123,ITUB4,ITUB4_2017-02-01_DISTRIBUTION_255,12.07445401187514,,0.0,12.07445401187514,CASH_DIVIDEND,UNKNOWN,EX_DATE_ECONOMIC_REINVESTMENT,cache/market.json.gz; SQLite corporate_actions/B3
CG_ONLY,V10,2017-02-02,60746948000112,BBDC4,BBDC4_2017-02-02_DISTRIBUTION_624,16.803732542492646,,0.0,16.803732542492646,JCP Mensais,UNKNOWN,EX_DATE_ECONOMIC_REINVESTMENT,https://www.bradescori.com.br/informacoes-ao-mercado/remuneracao-aos-acionistas/
CG_ONLY,V10,2017-02-21,60872504000123,ITUB4,ITUB4_2017-02-21_DISTRIBUTION_254,624.4176471766941,,0.0,624.4176471766941,JCP,UNKNOWN,EX_DATE_ECONOMIC_REINVESTMENT,cache/market.json.gz; SQLite corporate_actions/B3
CG_ONLY,V10,2017-03-01,60872504000123,ITUB4,ITUB4_2017-03-01_DISTRIBUTION_253,12.308552713246637,,0.0,12.308552713246637,CASH_DIVIDEND,UNKNOWN,EX_DATE_ECONOMIC_REINVESTMENT,cache/market.json.gz; SQLite corporate_actions/B3
CG_ONLY,V10,2017-03-01,02558157000162,VIVT4,CONT_2789_VIVT4_2017-03-01,62.7098767605378,,0.0,62.7098767605378,,UNKNOWN,EX_DATE_ECONOMIC_REINVESTMENT,cache/market.json.gz; B3
CG_ONLY,V10,2017-03-02,60746948000112,BBDC4,BBDC4_2017-03-02_DISTRIBUTION_625,16.89333226722987,,0.0,16.89333226722987,JCP Mensais,UNKNOWN,EX_DATE_ECONOMIC_REINVESTMENT,https://www.bradescori.com.br/informacoes-ao-mercado/remuneracao-aos-acionistas/
CG_ONLY,V10,2017-04-03,60872504000123,ITUB4,ITUB4_2017-04-03_DISTRIBUTION_252,12.313174197369259,,0.0,12.313174197369259,CASH_DIVIDEND,UNKNOWN,EX_DATE_ECONOMIC_REINVESTMENT,cache/market.json.gz; SQLite corporate_actions/B3
CG_ONLY,V10,2017-04-03,02558157000162,VIVT4,CONT_2788_VIVT4_2017-04-03,126.19418432299494,,0.0,126.19418432299494,,UNKNOWN,EX_DATE_ECONOMIC_REINVESTMENT,cache/market.json.gz; B3
CG_ONLY,V10,2017-04-04,60746948000112,BBDC4,BBDC4_2017-04-04_DISTRIBUTION_626,17.04891582994973,,0.0,17.04891582994973,JCP Mensais,UNKNOWN,EX_DATE_ECONOMIC_REINVESTMENT,https://www.bradescori.com.br/informacoes-ao-mercado/remuneracao-aos-acionistas/
CG_ONLY,V10,2017-04-11,43776517000180,SBSP3,CONT_2262_SBSP3_2017-04-11,1056.0873049852366,,0.0,1056.0873049852366,,UNKNOWN,EX_DATE_ECONOMIC_REINVESTMENT,cache/market.json.gz; B3
CG_ONLY,V10,2017-04-20,02558115000121,TIMP3,TIMP_GROSS_2017-04-20,194.76294863482474,,0.0,194.76294863482474,,UNKNOWN,EX_DATE_ECONOMIC_REINVESTMENT,research/graham_v6_comparison/audit_v13_inputs/documents/TIM_DIV.html.gz
CG_ONLY,V10,2017-04-27,02558157000162,VIVT4,CONT_2787_VIVT4_2017-04-27,707.9990377974309,,0.0,707.9990377974309,,UNKNOWN,EX_DATE_ECONOMIC_REINVESTMENT,cache/market.json.gz; B3
CG_ONLY,V10,2017-05-02,60872504000123,ITUB4,ITUB4_2017-05-02_DISTRIBUTION_251,12.31796904713459,,0.0,12.31796904713459,CASH_DIVIDEND,UNKNOWN,EX_DATE_ECONOMIC_REINVESTMENT,cache/market.json.gz; SQLite corporate_actions/B3
CG_ONLY,V10,2017-05-03,60746948000112,BBDC4,BBDC4_2017-05-03_DISTRIBUTION_627,18.76466642770465,,0.0,18.76466642770465,JCP Mensais,UNKNOWN,EX_DATE_ECONOMIC_REINVESTMENT,https://www.bradescori.com.br/informacoes-ao-mercado/remuneracao-aos-acionistas/
CG_ONLY,V10,2017-05-15,17155730000164,CMIG4,CMIG4_2017-05-15_DISTRIBUTION_643,786.5140106493993,,0.0,786.5140106493993,,UNKNOWN,EX_DATE_ECONOMIC_REINVESTMENT,https://api.mziq.com/mzfilemanager/v2/d/716a131f-9624-452c-9088-0cd6983c1349/a2eb9f5f-37e1-8913-c1eb-c4281b5e23b2?origin=2
CG_ONLY,V10,2017-05-30,02474103000119,TBLE3,TBLE3_2017-05-30_DISTRIBUTION_363,499.62521752602396,,0.0,499.62521752602396,CASH_DIVIDEND,UNKNOWN,EX_DATE_ECONOMIC_REINVESTMENT,cache/market.json.gz; SQLite corporate_actions/B3
CG_ONLY,V10,2017-06-01,60872504000123,ITUB4,ITUB4_2017-06-01_DISTRIBUTION_250,12.322582518687822,,0.0,12.322582518687822,CASH_DIVIDEND,UNKNOWN,EX_DATE_ECONOMIC_REINVESTMENT,cache/market.json.gz; SQLite corporate_actions/B3
CG_ONLY,V10,2017-06-02,60746948000112,BBDC4,BBDC4_2017-06-02_DISTRIBUTION_628,19.117105900046397,,0.0,19.117105900046397,JCP Mensais,UNKNOWN,EX_DATE_ECONOMIC_REINVESTMENT,https://www.bradescori.com.br/informacoes-ao-mercado/remuneracao-aos-acionistas/
CG_ONLY,V10,2017-07-03,60746948000112,BBDC4,BBDC4_2017-07-03_DISTRIBUTION_629,149.40381378408995,,0.0,149.40381378408995,JCP Intermediários,UNKNOWN,EX_DATE_ECONOMIC_REINVESTMENT,https://www.bradescori.com.br/informacoes-ao-mercado/remuneracao-aos-acionistas/
CG_ONLY,V10,2017-07-03,60872504000123,ITUB4,ITUB4_2017-07-03_DISTRIBUTION_249,10.643609776034655,,0.0,10.643609776034655,CASH_DIVIDEND,UNKNOWN,EX_DATE_ECONOMIC_REINVESTMENT,cache/market.json.gz; SQLite corporate_actions/B3
CG_ONLY,V10,2017-07-03,02149205000169,PSSA3,CONT_2156_PSSA3_2017-07-03,641.9332160385783,,0.0,641.9332160385783,,UNKNOWN,EX_DATE_ECONOMIC_REINVESTMENT,cache/market.json.gz; B3
CG_ONLY,V10,2017-07-03,02558157000162,VIVT4,CONT_2786_VIVT4_2017-07-03,33.70550730924329,,0.0,33.70550730924329,,UNKNOWN,EX_DATE_ECONOMIC_REINVESTMENT,cache/market.json.gz; B3
CG_ONLY,V10,2017-07-03,76484013000145,SAPR4,CONT_2241_SAPR4_2017-07-03,769.8716725552409,,0.0,769.8716725552409,,UNKNOWN,EX_DATE_ECONOMIC_REINVESTMENT,cache/market.json.gz; B3
CG_ONLY,V10,2017-07-04,60746948000112,BBDC4,BBDC4_2017-07-04_DISTRIBUTION_630,17.898981053977305,,0.0,17.898981053977305,JCP Mensais,UNKNOWN,EX_DATE_ECONOMIC_REINVESTMENT,https://www.bradescori.com.br/informacoes-ao-mercado/remuneracao-aos-acionistas/
CG_ONLY,V10,2017-08-01,60872504000123,ITUB4,ITUB4_2017-08-01_DISTRIBUTION_248,10.760972889234932,,0.0,10.760972889234932,CASH_DIVIDEND,UNKNOWN,EX_DATE_ECONOMIC_REINVESTMENT,cache/market.json.gz; SQLite corporate_actions/B3
CG_ONLY,V10,2017-08-02,60746948000112,BBDC4,BBDC4_2017-08-02_DISTRIBUTION_631,17.911016126507207,,0.0,17.911016126507207,JCP Mensais,UNKNOWN,EX_DATE_ECONOMIC_REINVESTMENT,https://www.bradescori.com.br/informacoes-ao-mercado/remuneracao-aos-acionistas/
CG_ONLY,V10,2017-08-10,02474103000119,TBLE3,TBLE3_2017-08-10_DISTRIBUTION_362,1130.3890907347034,,0.0,1130.3890907347034,CASH_DIVIDEND,UNKNOWN,EX_DATE_ECONOMIC_REINVESTMENT,cache/market.json.gz; SQLite corporate_actions/B3
CG_ONLY,V10,2017-08-15,60872504000123,ITUB4,ITUB4_2017-08-15_DISTRIBUTION_247,289.3224767233577,,0.0,289.3224767233577,JCP,UNKNOWN,EX_DATE_ECONOMIC_REINVESTMENT,cache/market.json.gz; SQLite corporate_actions/B3
CG_ONLY,V10,2017-09-01,60872504000123,ITUB4,ITUB4_2017-09-01_DISTRIBUTION_246,10.986018092454538,,0.0,10.986018092454538,CASH_DIVIDEND,UNKNOWN,EX_DATE_ECONOMIC_REINVESTMENT,cache/market.json.gz; SQLite corporate_actions/B3
CG_ONLY,V10,2017-09-04,60746948000112,BBDC4,BBDC4_2017-09-04_DISTRIBUTION_632,17.921993455641456,,0.0,17.921993455641456,JCP Mensais,UNKNOWN,EX_DATE_ECONOMIC_REINVESTMENT,https://www.bradescori.com.br/informacoes-ao-mercado/remuneracao-aos-acionistas/
CG_ONLY,V10,2017-10-02,60872504000123,ITUB4,ITUB4_2017-10-02_DISTRIBUTION_245,10.990019798899093,,0.0,10.990019798899093,CASH_DIVIDEND,UNKNOWN,EX_DATE_ECONOMIC_REINVESTMENT,cache/market.json.gz; SQLite corporate_actions/B3
CG_ONLY,V10,2017-10-02,02558157000162,VIVT4,CONT_2785_VIVT4_2017-10-02,111.54586754291148,,0.0,111.54586754291148,,UNKNOWN,EX_DATE_ECONOMIC_REINVESTMENT,cache/market.json.gz; B3
CG_ONLY,V10,2017-10-03,60746948000112,BBDC4,BBDC4_2017-10-03_DISTRIBUTION_633,17.931922401706277,,0.0,17.931922401706277,JCP Mensais,UNKNOWN,EX_DATE_ECONOMIC_REINVESTMENT,https://www.bradescori.com.br/informacoes-ao-mercado/remuneracao-aos-acionistas/
CG_ONLY,V10,2017-10-31,02149205000169,PSSA3,CONT_2155_PSSA3_2017-10-31,666.4387074735594,,0.0,666.4387074735594,,UNKNOWN,EX_DATE_ECONOMIC_REINVESTMENT,cache/market.json.gz; B3
CG_ONLY,V10,2017-11-01,60872504000123,ITUB4,ITUB4_2017-11-01_DISTRIBUTION_244,10.993817317834441,,0.0,10.993817317834441,CASH_DIVIDEND,UNKNOWN,EX_DATE_ECONOMIC_REINVESTMENT,cache/market.json.gz; SQLite corporate_actions/B3
CG_ONLY,V10,2017-11-03,60746948000112,BBDC4,BBDC4_2017-11-03_DISTRIBUTION_634,17.94114339906604,,0.0,17.94114339906604,JCP Mensais,UNKNOWN,EX_DATE_ECONOMIC_REINVESTMENT,https://www.bradescori.com.br/informacoes-ao-mercado/remuneracao-aos-acionistas/
CG_ONLY,V10,2017-11-10,02474103000119,TBLE3,TBLE3_2017-11-10_DISTRIBUTION_361,541.5933136879188,,0.0,541.5933136879188,JCP,UNKNOWN,EX_DATE_ECONOMIC_REINVESTMENT,cache/market.json.gz; SQLite corporate_actions/B3
CG_ONLY,V10,2017-11-16,02558115000121,TIMP3,TIMP_GROSS_2017-11-16,210.50285394171544,,0.0,210.50285394171544,,UNKNOWN,EX_DATE_ECONOMIC_REINVESTMENT,research/graham_v6_comparison/audit_v13_inputs/documents/TIM_DIV.html.gz
CG_ONLY,V10,2017-12-01,60872504000123,ITUB4,ITUB4_2017-12-01_DISTRIBUTION_243,10.997807331378295,,0.0,10.997807331378295,CASH_DIVIDEND,UNKNOWN,EX_DATE_ECONOMIC_REINVESTMENT,cache/market.json.gz; SQLite corporate_actions/B3
CG_ONLY,V10,2017-12-04,60746948000112,BBDC4,BBDC4_2017-12-04_DISTRIBUTION_635,17.95117965405539,,0.0,17.95117965405539,JCP Mensais,UNKNOWN,EX_DATE_ECONOMIC_REINVESTMENT,https://www.bradescori.com.br/informacoes-ao-mercado/remuneracao-aos-acionistas/
CG_ONLY,V10,2017-12-15,60872504000123,ITUB4,ITUB4_2017-12-15_DISTRIBUTION_242,105.98408829945805,,0.0,105.98408829945805,JCP,UNKNOWN,EX_DATE_ECONOMIC_REINVESTMENT,cache/market.json.gz; SQLite corporate_actions/B3
CG_ONLY,V10,2017-12-26,60746948000112,BBDC4,BBDC4_2017-12-26_DISTRIBUTION_636,785.5900320734889,,0.0,785.5900320734889,JCP Complementares,UNKNOWN,EX_DATE_ECONOMIC_REINVESTMENT,https://www.bradescori.com.br/informacoes-ao-mercado/remuneracao-aos-acionistas/
CG_ONLY,V10,2017-12-27,02558157000162,VIVT4,CONT_2784_VIVT4_2017-12-27,552.5307040833388,,0.0,552.5307040833388,,UNKNOWN,EX_DATE_ECONOMIC_REINVESTMENT,cache/market.json.gz; B3
CG_ONLY,V10,2018-01-02,60872504000123,ITUB4,ITUB4_2018-01-02_DISTRIBUTION_241,11.040498211750567,,0.0,11.040498211750567,CASH_DIVIDEND,UNKNOWN,EX_DATE_ECONOMIC_REINVESTMENT,cache/market.json.gz; SQLite corporate_actions/B3
CG_ONLY,V10,2018-01-02,76484013000145,SAPR4,CONT_2240_SAPR4_2018-01-02,911.9703044427276,,0.0,911.9703044427276,,UNKNOWN,EX_DATE_ECONOMIC_REINVESTMENT,cache/market.json.gz; B3
CG_ONLY,V10,2018-01-03,60746948000112,BBDC4,BBDC4_2018-01-03_DISTRIBUTION_609,18.408973065123657,,0.0,18.408973065123657,JCP Mensais,UNKNOWN,EX_DATE_ECONOMIC_REINVESTMENT,https://www.bradescori.com.br/informacoes-ao-mercado/remuneracao-aos-acionistas/
CG_ONLY,V10,2018-02-01,60872504000123,ITUB4,ITUB4_2018-02-01_DISTRIBUTION_240,11.044272310956954,,0.0,11.044272310956954,CASH_DIVIDEND,UNKNOWN,EX_DATE_ECONOMIC_REINVESTMENT,cache/market.json.gz; SQLite corporate_actions/B3
CG_ONLY,V10,2018-02-02,60746948000112,BBDC4,BBDC4_2018-02-02_DISTRIBUTION_610,18.419027951358455,,0.0,18.419027951358455,JCP Mensais,UNKNOWN,EX_DATE_ECONOMIC_REINVESTMENT,https://www.bradescori.com.br/informacoes-ao-mercado/remuneracao-aos-acionistas/
CG_ONLY,V10,2018-02-16,60872504000123,ITUB4,ITUB4_2018-02-16_DISTRIBUTION_238,709.8340234109045,,0.0,709.8340234109045,CASH_DIVIDEND,UNKNOWN,EX_DATE_ECONOMIC_REINVESTMENT,cache/market.json.gz; SQLite corporate_actions/B3
CG_ONLY,V10,2018-02-16,60872504000123,ITUB4,ITUB4_2018-02-16_DISTRIBUTION_239,846.0856257464693,,0.0,846.0856257464693,JCP,UNKNOWN,EX_DATE_ECONOMIC_REINVESTMENT,cache/market.json.gz; SQLite corporate_actions/B3
CG_ONLY,V10,2018-03-01,60872504000123,ITUB4,ITUB4_2018-03-01_DISTRIBUTION_237,11.50658115575108,,0.0,11.50658115575108,CASH_DIVIDEND,UNKNOWN,EX_DATE_ECONOMIC_REINVESTMENT,cache/market.json.gz; SQLite corporate_actions/B3
CG_ONLY,V10,2018-03-02,60746948000112,BBDC4,BBDC4_2018-03-02_DISTRIBUTION_611,18.428124711830677,,0.0,18.428124711830677,JCP Mensais,UNKNOWN,EX_DATE_ECONOMIC_REINVESTMENT,https://www.bradescori.com.br/informacoes-ao-mercado/remuneracao-aos-acionistas/
CG_ONLY,V10,2018-04-02,60872504000123,ITUB4,ITUB4_2018-04-02_DISTRIBUTION_236,11.509958160590372,,0.0,11.509958160590372,CASH_DIVIDEND,UNKNOWN,EX_DATE_ECONOMIC_REINVESTMENT,cache/market.json.gz; SQLite corporate_actions/B3
CG_ONLY,V10,2018-04-02,02149205000169,PSSA3,CONT_2154_PSSA3_2018-04-02,77.33451586936327,,0.0,77.33451586936327,,UNKNOWN,EX_DATE_ECONOMIC_REINVESTMENT,cache/market.json.gz; B3
CG_ONLY,V10,2018-04-03,60746948000112,BBDC4,BBDC4_2018-04-03_DISTRIBUTION_612,20.28074435183829,,0.0,20.28074435183829,JCP Mensais,UNKNOWN,EX_DATE_ECONOMIC_REINVESTMENT,https://www.bradescori.com.br/informacoes-ao-mercado/remuneracao-aos-acionistas/
CG_ONLY,V10,2018-04-13,02558157000162,VIVT4,CONT_2783_VIVT4_2018-04-13,878.7642329017749,,0.0,878.7642329017749,,UNKNOWN,EX_DATE_ECONOMIC_REINVESTMENT,cache/market.json.gz; B3
CG_ONLY,V10,2018-04-20,02558115000121,TIMP3,TIMP_GROSS_2018-04-20,115.24329689866862,,0.0,115.24329689866862,,UNKNOWN,EX_DATE_ECONOMIC_REINVESTMENT,research/graham_v6_comparison/audit_v13_inputs/documents/TIM_DIV.html.gz
CG_ONLY,V10,2018-04-24,02474103000119,TBLE3,TBLE3_2018-04-24_DISTRIBUTION_360,874.7699123022985,,0.0,874.7699123022985,CASH_DIVIDEND,UNKNOWN,EX_DATE_ECONOMIC_REINVESTMENT,cache/market.json.gz; SQLite corporate_actions/B3
CG_ONLY,V10,2018-04-27,76484013000145,SAPR4,CONT_2239_SAPR4_2018-04-27,41.37059054339916,,0.0,41.37059054339916,,UNKNOWN,EX_DATE_ECONOMIC_REINVESTMENT,cache/market.json.gz; B3
CG_ONLY,V10,2018-04-30,43776517000180,SBSP3,CONT_2261_SBSP3_2018-04-30,977.9052975038128,,0.0,977.9052975038128,,UNKNOWN,EX_DATE_ECONOMIC_REINVESTMENT,cache/market.json.gz; B3
CG_ONLY,V10,2018-05-02,17155730000164,CMIG4,CMIG4_2018-05-02_DISTRIBUTION_644,2128.5485861458537,,0.0,2128.5485861458537,,UNKNOWN,EX_DATE_ECONOMIC_REINVESTMENT,https://api.mziq.com/mzfilemanager/v2/d/716a131f-9624-452c-9088-0cd6983c1349/a2eb9f5f-37e1-8913-c1eb-c4281b5e23b2?origin=2
CG_ONLY,V10,2018-05-02,60872504000123,ITUB4,ITUB4_2018-05-02_DISTRIBUTION_235,11.513340126749213,,0.0,11.513340126749213,CASH_DIVIDEND,UNKNOWN,EX_DATE_ECONOMIC_REINVESTMENT,cache/market.json.gz; SQLite corporate_actions/B3
CG_ONLY,V10,2018-05-03,60746948000112,BBDC4,BBDC4_2018-05-03_DISTRIBUTION_613,20.347232228077026,,0.0,20.347232228077026,JCP Mensais,UNKNOWN,EX_DATE_ECONOMIC_REINVESTMENT,https://www.bradescori.com.br/informacoes-ao-mercado/remuneracao-aos-acionistas/
CG_ONLY,V10,2018-05-14,02558115000121,TIMP3,TIMP_GROSS_2018-05-14,257.2658234064454,,0.0,257.2658234064454,,UNKNOWN,EX_DATE_ECONOMIC_REINVESTMENT,research/graham_v6_comparison/audit_v13_inputs/documents/TIM_DIV.html.gz
CG_ONLY,V10,2018-05-29,02149205000169,PSSA3,CONT_2153_PSSA3_2018-05-29,1407.3240186115138,,0.0,1407.3240186115138,,UNKNOWN,EX_DATE_ECONOMIC_REINVESTMENT,cache/market.json.gz; B3
CG_ONLY,V10,2018-06-01,60872504000123,ITUB4,ITUB4_2018-06-01_DISTRIBUTION_234,11.516886330073675,,0.0,11.516886330073675,CASH_DIVIDEND,UNKNOWN,EX_DATE_ECONOMIC_REINVESTMENT,cache/market.json.gz; SQLite corporate_actions/B3
CG_ONLY,V10,2018-06-04,60746948000112,BBDC4,BBDC4_2018-06-04_DISTRIBUTION_614,20.50828747798577,,0.0,20.50828747798577,JCP Mensais,UNKNOWN,EX_DATE_ECONOMIC_REINVESTMENT,https://www.bradescori.com.br/informacoes-ao-mercado/remuneracao-aos-acionistas/
CG_ONLY,V10,2018-06-28,02149205000169,PSSA3,CONT_2152_PSSA3_2018-06-28,667.5462420475477,,0.0,667.5462420475477,,UNKNOWN,EX_DATE_ECONOMIC_REINVESTMENT,cache/market.json.gz; B3
CG_ONLY,V10,2018-07-02,60746948000112,BBDC4,BBDC4_2018-07-02_DISTRIBUTION_615,201.22547233505614,,0.0,201.22547233505614,JCP Intermediários,UNKNOWN,EX_DATE_ECONOMIC_REINVESTMENT,https://www.bradescori.com.br/informacoes-ao-mercado/remuneracao-aos-acionistas/
CG_ONLY,V10,2018-07-02,60872504000123,ITUB4,ITUB4_2018-07-02_DISTRIBUTION_233,10.609529687217766,,0.0,10.609529687217766,CASH_DIVIDEND,UNKNOWN,EX_DATE_ECONOMIC_REINVESTMENT,cache/market.json.gz; SQLite corporate_actions/B3
CG_ONLY,V10,2018-07-02,02558157000162,VIVT4,CONT_2782_VIVT4_2018-07-02,152.43101619577658,,0.0,152.43101619577658,,UNKNOWN,EX_DATE_ECONOMIC_REINVESTMENT,cache/market.json.gz; B3
CG_ONLY,V10,2018-07-03,60746948000112,BBDC4,BBDC4_2018-07-03_DISTRIBUTION_616,20.430854865812723,,0.0,20.430854865812723,JCP Mensais,UNKNOWN,EX_DATE_ECONOMIC_REINVESTMENT,https://www.bradescori.com.br/informacoes-ao-mercado/remuneracao-aos-acionistas/
CG_ONLY,V10,2018-07-03,76484013000145,SAPR4,CONT_2238_SAPR4_2018-07-03,1039.0777286088025,,0.0,1039.0777286088025,,UNKNOWN,EX_DATE_ECONOMIC_REINVESTMENT,cache/market.json.gz; B3
CG_ONLY,V10,2018-07-26,02558115000121,TIMP3,TIMP_GROSS_2018-07-26,217.0963513273848,,0.0,217.0963513273848,,UNKNOWN,EX_DATE_ECONOMIC_REINVESTMENT,research/graham_v6_comparison/audit_v13_inputs/documents/TIM_DIV.html.gz
CG_ONLY,V10,2018-08-01,60872504000123,ITUB4,ITUB4_2018-08-01_DISTRIBUTION_232,10.637941596184215,,0.0,10.637941596184215,CASH_DIVIDEND,UNKNOWN,EX_DATE_ECONOMIC_REINVESTMENT,cache/market.json.gz; SQLite corporate_actions/B3
CG_ONLY,V10,2018-08-02,60746948000112,BBDC4,BBDC4_2018-08-02_DISTRIBUTION_617,20.44481997996206,,0.0,20.44481997996206,JCP Mensais,UNKNOWN,EX_DATE_ECONOMIC_REINVESTMENT,https://www.bradescori.com.br/informacoes-ao-mercado/remuneracao-aos-acionistas/
CG_ONLY,V10,2018-08-10,17344597000194,BBSE3,CONT_271_BBSE3_2018-08-10,8.452837847875562,,0.0,8.452837847875562,,UNKNOWN,EX_DATE_ECONOMIC_REINVESTMENT,cache/market.json.gz; B3
CG_ONLY,V10,2018-08-20,60872504000123,ITUB4,ITUB4_2018-08-20_DISTRIBUTION_230,442.6841020270815,,0.0,442.6841020270815,CASH_DIVIDEND,UNKNOWN,EX_DATE_ECONOMIC_REINVESTMENT,cache/market.json.gz; SQLite corporate_actions/B3
CG_ONLY,V10,2018-08-20,60872504000123,ITUB4,ITUB4_2018-08-20_DISTRIBUTION_231,88.82059226569008,,0.0,88.82059226569008,JCP,UNKNOWN,EX_DATE_ECONOMIC_REINVESTMENT,cache/market.json.gz; SQLite corporate_actions/B3
CG_ONLY,V10,2018-08-21,02474103000119,TBLE3,TBLE3_2018-08-21_DISTRIBUTION_359,1466.54859916683,,0.0,1466.54859916683,CASH_DIVIDEND,UNKNOWN,EX_DATE_ECONOMIC_REINVESTMENT,cache/market.json.gz; SQLite corporate_actions/B3
CG_ONLY,V10,2018-09-03,60872504000123,ITUB4,ITUB4_2018-09-03_DISTRIBUTION_229,10.828902329379751,,0.0,10.828902329379751,CASH_DIVIDEND,UNKNOWN,EX_DATE_ECONOMIC_REINVESTMENT,cache/market.json.gz; SQLite corporate_actions/B3
CG_ONLY,V10,2018-09-04,60746948000112,BBDC4,BBDC4_2018-09-04_DISTRIBUTION_618,20.469036299525335,,0.0,20.469036299525335,JCP Mensais,UNKNOWN,EX_DATE_ECONOMIC_REINVESTMENT,https://www.bradescori.com.br/informacoes-ao-mercado/remuneracao-aos-acionistas/
CG_ONLY,V10,2018-09-18,02558157000162,VIVT4,CONT_2781_VIVT4_2018-09-18,1156.5534701323627,,0.0,1156.5534701323627,,UNKNOWN,EX_DATE_ECONOMIC_REINVESTMENT,cache/market.json.gz; B3
CG_ONLY,V10,2018-10-01,60872504000123,ITUB4,ITUB4_2018-10-01_DISTRIBUTION_228,10.853770474657605,,0.0,10.853770474657605,CASH_DIVIDEND,UNKNOWN,EX_DATE_ECONOMIC_REINVESTMENT,cache/market.json.gz; SQLite corporate_actions/B3
CG_ONLY,V10,2018-10-02,60746948000112,BBDC4,BBDC4_2018-10-02_DISTRIBUTION_619,20.48317007151215,,0.0,20.48317007151215,JCP Mensais,UNKNOWN,EX_DATE_ECONOMIC_REINVESTMENT,https://www.bradescori.com.br/informacoes-ao-mercado/remuneracao-aos-acionistas/
CG_ONLY,V10,2018-11-01,60872504000123,ITUB4,ITUB4_2018-11-01_DISTRIBUTION_227,10.857502857901986,,0.0,10.857502857901986,CASH_DIVIDEND,UNKNOWN,EX_DATE_ECONOMIC_REINVESTMENT,cache/market.json.gz; SQLite corporate_actions/B3
CG_ONLY,V10,2018-11-05,60746948000112,BBDC4,BBDC4_2018-11-05_DISTRIBUTION_620,20.496125546172863,,0.0,20.496125546172863,JCP Mensais,UNKNOWN,EX_DATE_ECONOMIC_REINVESTMENT,https://www.bradescori.com.br/informacoes-ao-mercado/remuneracao-aos-acionistas/
CG_ONLY,V10,2018-11-07,02149205000169,PSSA3,CONT_2151_PSSA3_2018-11-07,551.8345078986894,,0.0,551.8345078986894,,UNKNOWN,EX_DATE_ECONOMIC_REINVESTMENT,cache/market.json.gz; B3
CG_ONLY,V10,2018-11-13,02474103000119,TBLE3,TBLE3_2018-11-13_DISTRIBUTION_358,880.1019175414245,,0.0,880.1019175414245,CASH_DIVIDEND,UNKNOWN,EX_DATE_ECONOMIC_REINVESTMENT,cache/market.json.gz; SQLite corporate_actions/B3
CG_ONLY,V10,2018-11-27,02149205000169,PSSA3,CONT_2150_PSSA3_2018-11-27,674.5748461941503,,0.0,674.5748461941503,,UNKNOWN,EX_DATE_ECONOMIC_REINVESTMENT,cache/market.json.gz; B3
CG_ONLY,V10,2018-12-03,60872504000123,ITUB4,ITUB4_2018-12-03_DISTRIBUTION_226,16.292516502515106,,0.0,16.292516502515106,CASH_DIVIDEND,UNKNOWN,EX_DATE_ECONOMIC_REINVESTMENT,cache/market.json.gz; SQLite corporate_actions/B3
CG_ONLY,V10,2018-12-04,60746948000112,BBDC4,BBDC4_2018-12-04_DISTRIBUTION_621,20.50663095048077,,0.0,20.50663095048077,JCP Mensais,UNKNOWN,EX_DATE_ECONOMIC_REINVESTMENT,https://www.bradescori.com.br/informacoes-ao-mercado/remuneracao-aos-acionistas/
CG_ONLY,V10,2018-12-12,17344597000194,BBSE3,CONT_270_BBSE3_2018-12-12,1681.9448611406306,,0.0,1681.9448611406306,,UNKNOWN,EX_DATE_ECONOMIC_REINVESTMENT,cache/market.json.gz; B3
CG_ONLY,V10,2018-12-18,60872504000123,ITUB4,ITUB4_2018-12-18_DISTRIBUTION_225,11.518236293983437,,0.0,11.518236293983437,JCP,UNKNOWN,EX_DATE_ECONOMIC_REINVESTMENT,cache/market.json.gz; SQLite corporate_actions/B3
CG_ONLY,V10,2018-12-18,02558157000162,VIVT4,CONT_2780_VIVT4_2018-12-18,611.9467091045157,,0.0,611.9467091045157,,UNKNOWN,EX_DATE_ECONOMIC_REINVESTMENT,cache/market.json.gz; B3
CG_ONLY,V10,2018-12-26,60746948000112,BBDC4,BBDC4_2018-12-26_DISTRIBUTION_622,789.5489221169289,,0.0,789.5489221169289,JCP Complementares,UNKNOWN,EX_DATE_ECONOMIC_REINVESTMENT,https://www.bradescori.com.br/informacoes-ao-mercado/remuneracao-aos-acionistas/
CG_ONLY,V10,2018-12-26,17155730000164,CMIG4,CMIG4_2018-12-26_DISTRIBUTION_645,577.734101368836,,0.0,577.734101368836,,UNKNOWN,EX_DATE_ECONOMIC_REINVESTMENT,https://api.mziq.com/mzfilemanager/v2/d/716a131f-9624-452c-9088-0cd6983c1349/a2eb9f5f-37e1-8913-c1eb-c4281b5e23b2?origin=2
CG_ONLY,V10,2018-12-27,02474103000119,TBLE3,TBLE3_2018-12-27_DISTRIBUTION_357,548.6262751152005,,0.0,548.6262751152005,JCP,UNKNOWN,EX_DATE_ECONOMIC_REINVESTMENT,cache/market.json.gz; SQLite corporate_actions/B3
CG_ONLY,V10,2019-01-02,60872504000123,ITUB4,ITUB4_2019-01-02_DISTRIBUTION_224,16.304310502109256,,0.0,16.304310502109256,CASH_DIVIDEND,UNKNOWN,EX_DATE_ECONOMIC_REINVESTMENT,cache/market.json.gz; SQLite corporate_actions/B3
CG_ONLY,V10,2019-01-02,76484013000145,SAPR4,CONT_2237_SAPR4_2019-01-02,1188.7908563606481,,0.0,1188.7908563606481,,UNKNOWN,EX_DATE_ECONOMIC_REINVESTMENT,cache/market.json.gz; B3
CG_ONLY,V10,2019-01-03,60746948000112,BBDC4,BBDC4_2019-01-03_DISTRIBUTION_594,20.92628932702415,,0.0,20.92628932702415,JCP Mensais,UNKNOWN,EX_DATE_ECONOMIC_REINVESTMENT,https://www.bradescori.com.br/informacoes-ao-mercado/remuneracao-aos-acionistas/
CG_ONLY,V10,2019-01-03,02558115000121,TIMP3,TIMP_GROSS_2019-01-03,410.41617749048845,,0.0,410.41617749048845,,UNKNOWN,EX_DATE_ECONOMIC_REINVESTMENT,research/graham_v6_comparison/audit_v13_inputs/documents/TIM_DIV.html.gz
CG_ONLY,V10,2019-02-01,60872504000123,ITUB4,ITUB4_2019-02-01_DISTRIBUTION_223,16.336825822872466,,0.0,16.336825822872466,CASH_DIVIDEND,UNKNOWN,EX_DATE_ECONOMIC_REINVESTMENT,cache/market.json.gz; SQLite corporate_actions/B3
CG_ONLY,V10,2019-02-04,60746948000112,BBDC4,BBDC4_2019-02-04_DISTRIBUTION_595,20.936026265304168,,0.0,20.936026265304168,JCP Mensais,UNKNOWN,EX_DATE_ECONOMIC_REINVESTMENT,https://www.bradescori.com.br/informacoes-ao-mercado/remuneracao-aos-acionistas/
CG_ONLY,V10,2019-02-15,17344597000194,BBSE3,CONT_269_BBSE3_2019-02-15,8.912434523974019,,0.0,8.912434523974019,,UNKNOWN,EX_DATE_ECONOMIC_REINVESTMENT,cache/market.json.gz; B3
CG_ONLY,V10,2019-02-22,60872504000123,ITUB4,ITUB4_2019-02-22_DISTRIBUTION_221,1152.2692628446177,,0.0,1152.2692628446177,CASH_DIVIDEND,UNKNOWN,EX_DATE_ECONOMIC_REINVESTMENT,cache/market.json.gz; SQLite corporate_actions/B3
CG_ONLY,V10,2019-02-22,60872504000123,ITUB4,ITUB4_2019-02-22_DISTRIBUTION_222,821.8431384560355,,0.0,821.8431384560355,JCP,UNKNOWN,EX_DATE_ECONOMIC_REINVESTMENT,cache/market.json.gz; SQLite corporate_actions/B3
CG_ONLY,V10,2019-03-01,60872504000123,ITUB4,ITUB4_2019-03-01_DISTRIBUTION_220,17.257761085755114,,0.0,17.257761085755114,CASH_DIVIDEND,UNKNOWN,EX_DATE_ECONOMIC_REINVESTMENT,cache/market.json.gz; SQLite corporate_actions/B3
CG_ONLY,V10,2019-03-01,02558157000162,VIVT4,CONT_2779_VIVT4_2019-03-01,332.81837430399673,,0.0,332.81837430399673,,UNKNOWN,EX_DATE_ECONOMIC_REINVESTMENT,cache/market.json.gz; B3
CG_ONLY,V10,2019-03-06,60746948000112,BBDC4,BBDC4_2019-03-06_DISTRIBUTION_596,20.944724690957838,,0.0,20.944724690957838,JCP Mensais,UNKNOWN,EX_DATE_ECONOMIC_REINVESTMENT,https://www.bradescori.com.br/informacoes-ao-mercado/remuneracao-aos-acionistas/
CG_ONLY,V10,2019-04-01,60872504000123,ITUB4,ITUB4_2019-04-01_DISTRIBUTION_219,17.382128258049775,,0.0,17.382128258049775,CASH_DIVIDEND,UNKNOWN,EX_DATE_ECONOMIC_REINVESTMENT,cache/market.json.gz; SQLite corporate_actions/B3
CG_ONLY,V10,2019-04-01,02149205000169,PSSA3,CONT_2149_PSSA3_2019-04-01,578.7606291817004,,0.0,578.7606291817004,,UNKNOWN,EX_DATE_ECONOMIC_REINVESTMENT,cache/market.json.gz; B3
CG_ONLY,V10,2019-04-02,60746948000112,BBDC4,BBDC4_2019-04-02_DISTRIBUTION_597,25.1449680556048,,0.0,25.1449680556048,JCP Mensais,UNKNOWN,EX_DATE_ECONOMIC_REINVESTMENT,https://www.bradescori.com.br/informacoes-ao-mercado/remuneracao-aos-acionistas/
CG_ONLY,V10,2019-04-12,02558157000162,VIVT4,CONT_2778_VIVT4_2019-04-12,1217.741729804251,,0.0,1217.741729804251,,UNKNOWN,EX_DATE_ECONOMIC_REINVESTMENT,cache/market.json.gz; B3
CG_ONLY,V10,2019-04-25,76484013000145,SAPR4,CONT_2236_SAPR4_2019-04-25,720.7460833201835,,0.0,720.7460833201835,,UNKNOWN,EX_DATE_ECONOMIC_REINVESTMENT,cache/market.json.gz; B3
CG_ONLY,V10,2019-04-30,43776517000180,SBSP3,CONT_2260_SBSP3_2019-04-30,1465.7542875691445,,0.0,1465.7542875691445,,UNKNOWN,EX_DATE_ECONOMIC_REINVESTMENT,cache/market.json.gz; B3
CG_ONLY,V10,2019-05-02,60872504000123,ITUB4,ITUB4_2019-05-02_DISTRIBUTION_218,17.542951728921388,,0.0,17.542951728921388,CASH_DIVIDEND,UNKNOWN,EX_DATE_ECONOMIC_REINVESTMENT,cache/market.json.gz; SQLite corporate_actions/B3
CG_ONLY,V10,2019-05-02,02558157000162,VIVT4,CONT_2777_VIVT4_2019-05-02,290.2802233662777,,0.0,290.2802233662777,,UNKNOWN,EX_DATE_ECONOMIC_REINVESTMENT,cache/market.json.gz; B3
CG_ONLY,V10,2019-05-03,60746948000112,BBDC4,BBDC4_2019-05-03_DISTRIBUTION_598,25.1583740956769,,0.0,25.1583740956769,JCP Mensais,UNKNOWN,EX_DATE_ECONOMIC_REINVESTMENT,https://www.bradescori.com.br/informacoes-ao-mercado/remuneracao-aos-acionistas/
CG_ONLY,V10,2019-05-06,17155730000164,CMIG4,CMIG4_2019-05-06_DISTRIBUTION_646,1828.1607608690135,,0.0,1828.1607608690135,,UNKNOWN,EX_DATE_ECONOMIC_REINVESTMENT,https://api.mziq.com/mzfilemanager/v2/d/716a131f-9624-452c-9088-0cd6983c1349/a2eb9f5f-37e1-8913-c1eb-c4281b5e23b2?origin=2
CG_ONLY,V10,2019-05-07,02474103000119,TBLE3,TBLE3_2019-05-07_DISTRIBUTION_356,108.05421884994149,,0.0,108.05421884994149,CASH_DIVIDEND,UNKNOWN,EX_DATE_ECONOMIC_REINVESTMENT,cache/market.json.gz; SQLite corporate_actions/B3
CG_ONLY,V10,2019-06-03,60872504000123,ITUB4,ITUB4_2019-06-03_DISTRIBUTION_217,17.7334616893099,,0.0,17.7334616893099,CASH_DIVIDEND,UNKNOWN,EX_DATE_ECONOMIC_REINVESTMENT,cache/market.json.gz; SQLite corporate_actions/B3
CG_ONLY,V10,2019-06-04,60746948000112,BBDC4,BBDC4_2019-06-04_DISTRIBUTION_600,25.171649272073342,,0.0,25.171649272073342,JCP Mensais,UNKNOWN,EX_DATE_ECONOMIC_REINVESTMENT,https://www.bradescori.com.br/informacoes-ao-mercado/remuneracao-aos-acionistas/
CG_ONLY,V10,2019-06-26,02149205000169,PSSA3,CONT_2148_PSSA3_2019-06-26,557.7244887295485,,0.0,557.7244887295485,,UNKNOWN,EX_DATE_ECONOMIC_REINVESTMENT,cache/market.json.gz; B3
CG_ONLY,V10,2019-07-01,60746948000112,BBDC4,BBDC4_2019-07-01_DISTRIBUTION_599,251.90118911714072,,0.0,251.90118911714072,JCP Intermediário,UNKNOWN,EX_DATE_ECONOMIC_REINVESTMENT,https://www.bradescori.com.br/informacoes-ao-mercado/remuneracao-aos-acionistas/
CG_ONLY,V10,2019-07-01,60872504000123,ITUB4,ITUB4_2019-07-01_DISTRIBUTION_216,17.910996085283443,,0.0,17.910996085283443,CASH_DIVIDEND,UNKNOWN,EX_DATE_ECONOMIC_REINVESTMENT,cache/market.json.gz; SQLite corporate_actions/B3
CG_ONLY,V10,2019-07-01,02558157000162,VIVT4,CONT_2776_VIVT4_2019-07-01,507.7163290159242,,0.0,507.7163290159242,,UNKNOWN,EX_DATE_ECONOMIC_REINVESTMENT,cache/market.json.gz; B3
CG_ONLY,V10,2019-07-01,76484013000145,SAPR4,CONT_2235_SAPR4_2019-07-01,1302.488851920436,,0.0,1302.488851920436,,UNKNOWN,EX_DATE_ECONOMIC_REINVESTMENT,cache/market.json.gz; B3
CG_ONLY,V10,2019-07-02,60746948000112,BBDC4,BBDC4_2019-07-02_DISTRIBUTION_601,25.311561076832792,,0.0,25.311561076832792,JCP Mensais,UNKNOWN,EX_DATE_ECONOMIC_REINVESTMENT,https://www.bradescori.com.br/informacoes-ao-mercado/remuneracao-aos-acionistas/
CG_ONLY,V10,2019-08-01,60872504000123,ITUB4,ITUB4_2019-08-01_DISTRIBUTION_215,18.07953769149961,,0.0,18.07953769149961,CASH_DIVIDEND,UNKNOWN,EX_DATE_ECONOMIC_REINVESTMENT,cache/market.json.gz; SQLite corporate_actions/B3
CG_ONLY,V10,2019-08-02,60746948000112,BBDC4,BBDC4_2019-08-02_DISTRIBUTION_602,25.484538486337396,,0.0,25.484538486337396,JCP Mensais,UNKNOWN,EX_DATE_ECONOMIC_REINVESTMENT,https://www.bradescori.com.br/informacoes-ao-mercado/remuneracao-aos-acionistas/
CG_ONLY,V10,2019-08-12,02558115000121,TIMP3,TIMP_GROSS_2019-08-12,483.3396810129295,,0.0,483.3396810129295,,UNKNOWN,EX_DATE_ECONOMIC_REINVESTMENT,research/graham_v6_comparison/audit_v13_inputs/documents/TIM_DIV.html.gz
CG_ONLY,V10,2019-08-12,17344597000194,BBSE3,CONT_268_BBSE3_2019-08-12,11.545962179136676,,0.0,11.545962179136676,,UNKNOWN,EX_DATE_ECONOMIC_REINVESTMENT,cache/market.json.gz; B3
CG_ONLY,V10,2019-08-16,60872504000123,ITUB4,ITUB4_2019-08-16_DISTRIBUTION_214,959.763608258452,,0.0,959.763608258452,CASH_DIVIDEND,UNKNOWN,EX_DATE_ECONOMIC_REINVESTMENT,cache/market.json.gz; SQLite corporate_actions/B3
CG_ONLY,V10,2019-09-02,60872504000123,ITUB4,ITUB4_2019-09-02_DISTRIBUTION_213,18.714261494314595,,0.0,18.714261494314595,CASH_DIVIDEND,UNKNOWN,EX_DATE_ECONOMIC_REINVESTMENT,cache/market.json.gz; SQLite corporate_actions/B3
CG_ONLY,V10,2019-09-03,60746948000112,BBDC4,BBDC4_2019-09-03_DISTRIBUTION_603,25.75627293675641,,0.0,25.75627293675641,JCP Mensais,UNKNOWN,EX_DATE_ECONOMIC_REINVESTMENT,https://www.bradescori.com.br/informacoes-ao-mercado/remuneracao-aos-acionistas/
CG_ONLY,V10,2019-10-01,60872504000123,ITUB4,ITUB4_2019-10-01_DISTRIBUTION_212,18.974636849985263,,0.0,18.974636849985263,CASH_DIVIDEND,UNKNOWN,EX_DATE_ECONOMIC_REINVESTMENT,cache/market.json.gz; SQLite corporate_actions/B3
CG_ONLY,V10,2019-10-02,60746948000112,BBDC4,BBDC4_2019-10-02_DISTRIBUTION_605,25.99879189888509,,0.0,25.99879189888509,JCP Mensais,UNKNOWN,EX_DATE_ECONOMIC_REINVESTMENT,https://www.bradescori.com.br/informacoes-ao-mercado/remuneracao-aos-acionistas/
CG_ONLY,V10,2019-10-08,02558115000121,TIMP3,TIMP_GROSS_2019-10-08,522.8875786924369,,0.0,522.8875786924369,,UNKNOWN,EX_DATE_ECONOMIC_REINVESTMENT,research/graham_v6_comparison/audit_v13_inputs/documents/TIM_DIV.html.gz
CG_ONLY,V10,2019-10-18,60746948000112,BBDC4,BBDC4_2019-10-18_DISTRIBUTION_604,1430.6473237683292,,0.0,1430.6473237683292,Dividendos Extraordinários,UNKNOWN,EX_DATE_ECONOMIC_REINVESTMENT,https://www.bradescori.com.br/informacoes-ao-mercado/remuneracao-aos-acionistas/
CG_ONLY,V10,2019-10-30,02149205000169,PSSA3,CONT_2147_PSSA3_2019-10-30,522.8385572279163,,0.0,522.8385572279163,,UNKNOWN,EX_DATE_ECONOMIC_REINVESTMENT,cache/market.json.gz; B3
CG_ONLY,V10,2019-11-01,60872504000123,ITUB4,ITUB4_2019-11-01_DISTRIBUTION_211,19.223004396791563,,0.0,19.223004396791563,CASH_DIVIDEND,UNKNOWN,EX_DATE_ECONOMIC_REINVESTMENT,cache/market.json.gz; SQLite corporate_actions/B3
CG_ONLY,V10,2019-11-04,60746948000112,BBDC4,BBDC4_2019-11-04_DISTRIBUTION_606,26.95083561145788,,0.0,26.95083561145788,JCP Mensais,UNKNOWN,EX_DATE_ECONOMIC_REINVESTMENT,https://www.bradescori.com.br/informacoes-ao-mercado/remuneracao-aos-acionistas/
CG_ONLY,V10,2019-12-02,60872504000123,ITUB4,ITUB4_2019-12-02_DISTRIBUTION_210,19.401837220607536,,0.0,19.401837220607536,CASH_DIVIDEND,UNKNOWN,EX_DATE_ECONOMIC_REINVESTMENT,cache/market.json.gz; SQLite corporate_actions/B3
CG_ONLY,V10,2019-12-03,60746948000112,BBDC4,BBDC4_2019-12-03_DISTRIBUTION_607,27.22174010946248,,0.0,27.22174010946248,JCP Mensais,UNKNOWN,EX_DATE_ECONOMIC_REINVESTMENT,https://www.bradescori.com.br/informacoes-ao-mercado/remuneracao-aos-acionistas/
CG_ONLY,V10,2019-12-03,02474103000119,TBLE3,TBLE3_2019-12-03_DISTRIBUTION_354,1263.0289656960636,,0.0,1263.0289656960636,CASH_DIVIDEND,UNKNOWN,EX_DATE_ECONOMIC_REINVESTMENT,cache/market.json.gz; SQLite corporate_actions/B3
CG_ONLY,V10,2019-12-03,02474103000119,TBLE3,TBLE3_2019-12-03_DISTRIBUTION_355,500.4614946839607,,0.0,500.4614946839607,JCP,UNKNOWN,EX_DATE_ECONOMIC_REINVESTMENT,cache/market.json.gz; SQLite corporate_actions/B3
CG_ONLY,V10,2019-12-13,60872504000123,ITUB4,ITUB4_2019-12-13_DISTRIBUTION_209,49.232653728629536,,0.0,49.232653728629536,JCP,UNKNOWN,EX_DATE_ECONOMIC_REINVESTMENT,cache/market.json.gz; SQLite corporate_actions/B3
CG_ONLY,V10,2019-12-20,60746948000112,BBDC4,BBDC4_2019-12-20_DISTRIBUTION_608,794.8246004711887,,0.0,794.8246004711887,JCP Complementar,UNKNOWN,EX_DATE_ECONOMIC_REINVESTMENT,https://www.bradescori.com.br/informacoes-ao-mercado/remuneracao-aos-acionistas/
CG_ONLY,V10,2019-12-26,17155730000164,CMIG4,CMIG4_2019-12-26_DISTRIBUTION_647,1148.5906694458629,,0.0,1148.5906694458629,,UNKNOWN,EX_DATE_ECONOMIC_REINVESTMENT,https://api.mziq.com/mzfilemanager/v2/d/716a131f-9624-452c-9088-0cd6983c1349/a2eb9f5f-37e1-8913-c1eb-c4281b5e23b2?origin=2
CG_ONLY,V10,2020-01-02,60872504000123,ITUB4,ITUB4_2020-01-02_DISTRIBUTION_208,19.681941395673675,,0.0,19.681941395673675,CASH_DIVIDEND,UNKNOWN,EX_DATE_ECONOMIC_REINVESTMENT,cache/market.json.gz; SQLite corporate_actions/B3
CG_ONLY,V10,2020-01-02,02558157000162,VIVT4,CONT_2774_VIVT4_2020-01-02,551.2870901232692,,0.0,551.2870901232692,,UNKNOWN,EX_DATE_ECONOMIC_REINVESTMENT,cache/market.json.gz; B3
CG_ONLY,V10,2020-01-02,02558157000162,VIVT4,CONT_2775_VIVT4_2020-01-02,192.95048154043695,,0.0,192.95048154043695,,UNKNOWN,EX_DATE_ECONOMIC_REINVESTMENT,cache/market.json.gz; B3
CG_ONLY,V10,2020-01-02,76484013000145,SAPR4,CONT_2234_SAPR4_2020-01-02,1197.4107058997579,,0.0,1197.4107058997579,,UNKNOWN,EX_DATE_ECONOMIC_REINVESTMENT,cache/market.json.gz; B3
CG_ONLY,V10,2020-01-03,60746948000112,BBDC4,BBDC4_2020-01-03_DISTRIBUTION_580,27.830801768521706,,0.0,27.830801768521706,JCP Mensais,UNKNOWN,EX_DATE_ECONOMIC_REINVESTMENT,https://www.bradescori.com.br/informacoes-ao-mercado/remuneracao-aos-acionistas/
CG_ONLY,V10,2020-01-20,02558115000121,TIMP3,TIMP_GROSS_2020-01-20,360.3571367902963,,0.0,360.3571367902963,,UNKNOWN,EX_DATE_ECONOMIC_REINVESTMENT,research/graham_v6_comparison/audit_v13_inputs/documents/TIM_DIV.html.gz
CG_ONLY,V10,2020-02-03,60872504000123,ITUB4,ITUB4_2020-02-03_DISTRIBUTION_207,19.939600636260614,,0.0,19.939600636260614,CASH_DIVIDEND,UNKNOWN,EX_DATE_ECONOMIC_REINVESTMENT,cache/market.json.gz; SQLite corporate_actions/B3
CG_ONLY,V10,2020-02-04,60746948000112,BBDC4,BBDC4_2020-02-04_DISTRIBUTION_582,28.20227953247751,,0.0,28.20227953247751,JCP Mensais,UNKNOWN,EX_DATE_ECONOMIC_REINVESTMENT,https://www.bradescori.com.br/informacoes-ao-mercado/remuneracao-aos-acionistas/
CG_ONLY,V10,2020-02-14,17344597000194,BBSE3,CONT_267_BBSE3_2020-02-14,2793.7156746939645,,0.0,2793.7156746939645,,UNKNOWN,EX_DATE_ECONOMIC_REINVESTMENT,cache/market.json.gz; B3
CG_ONLY,V10,2020-02-18,60746948000112,BBDC4,BBDC4_2020-02-18_DISTRIBUTION_581,95.23038488168977,,0.0,95.23038488168977,Dividendos Complementares,UNKNOWN,EX_DATE_ECONOMIC_REINVESTMENT,https://www.bradescori.com.br/informacoes-ao-mercado/remuneracao-aos-acionistas/
CG_ONLY,V10,2020-02-21,60872504000123,ITUB4,ITUB4_2020-02-21_DISTRIBUTION_205,655.5877313319347,,0.0,655.5877313319347,CASH_DIVIDEND,UNKNOWN,EX_DATE_ECONOMIC_REINVESTMENT,cache/market.json.gz; SQLite corporate_actions/B3
CG_ONLY,V10,2020-02-21,60872504000123,ITUB4,ITUB4_2020-02-21_DISTRIBUTION_206,710.2652676992298,,0.0,710.2652676992298,JCP,UNKNOWN,EX_DATE_ECONOMIC_REINVESTMENT,cache/market.json.gz; SQLite corporate_actions/B3
CG_ONLY,V10,2020-03-02,60872504000123,ITUB4,ITUB4_2020-03-02_DISTRIBUTION_204,20.978361846404695,,0.0,20.978361846404695,CASH_DIVIDEND,UNKNOWN,EX_DATE_ECONOMIC_REINVESTMENT,cache/market.json.gz; SQLite corporate_actions/B3
CG_ONLY,V10,2020-03-02,02558157000162,VIVT4,CONT_2773_VIVT4_2020-03-02,153.0400007562202,,0.0,153.0400007562202,,UNKNOWN,EX_DATE_ECONOMIC_REINVESTMENT,cache/market.json.gz; B3
CG_ONLY,V10,2020-03-03,60746948000112,BBDC4,BBDC4_2020-03-03_DISTRIBUTION_583,28.662408167878915,,0.0,28.662408167878915,JCP Mensais,UNKNOWN,EX_DATE_ECONOMIC_REINVESTMENT,https://www.bradescori.com.br/informacoes-ao-mercado/remuneracao-aos-acionistas/
CG_ONLY,V10,2020-04-01,60872504000123,ITUB4,ITUB4_2020-04-01_DISTRIBUTION_203,21.322535825589927,,0.0,21.322535825589927,CASH_DIVIDEND,UNKNOWN,EX_DATE_ECONOMIC_REINVESTMENT,cache/market.json.gz; SQLite corporate_actions/B3
CG_ONLY,V10,2020-04-01,02149205000169,PSSA3,CONT_2146_PSSA3_2020-04-01,842.8164635634419,,0.0,842.8164635634419,,UNKNOWN,EX_DATE_ECONOMIC_REINVESTMENT,cache/market.json.gz; B3
CG_ONLY,V10,2020-04-01,02558157000162,VIVT4,CONT_2772_VIVT4_2020-04-01,85.87420606493674,,0.0,85.87420606493674,,UNKNOWN,EX_DATE_ECONOMIC_REINVESTMENT,cache/market.json.gz; B3
CG_ONLY,V10,2020-04-02,60746948000112,BBDC4,BBDC4_2020-04-02_DISTRIBUTION_584,29.454413526373536,,0.0,29.454413526373536,JCP Mensais,UNKNOWN,EX_DATE_ECONOMIC_REINVESTMENT,https://www.bradescori.com.br/informacoes-ao-mercado/remuneracao-aos-acionistas/
CG_ONLY,V10,2020-04-29,43776517000180,SBSP3,CONT_2259_SBSP3_2020-04-29,1784.0074028221854,,0.0,1784.0074028221854,,UNKNOWN,EX_DATE_ECONOMIC_REINVESTMENT,cache/market.json.gz; B3
CG_ONLY,V10,2020-05-04,60872504000123,ITUB4,ITUB4_2020-05-04_DISTRIBUTION_202,21.884096382318557,,0.0,21.884096382318557,CASH_DIVIDEND,UNKNOWN,EX_DATE_ECONOMIC_REINVESTMENT,cache/market.json.gz; SQLite corporate_actions/B3
CG_ONLY,V10,2020-05-05,60746948000112,BBDC4,BBDC4_2020-05-05_DISTRIBUTION_585,33.30751319419208,,0.0,33.30751319419208,JCP Mensais,UNKNOWN,EX_DATE_ECONOMIC_REINVESTMENT,https://www.bradescori.com.br/informacoes-ao-mercado/remuneracao-aos-acionistas/
CG_ONLY,V10,2020-05-29,02558157000162,VIVT4,CONT_2771_VIVT4_2020-05-29,1259.2084059184476,,0.0,1259.2084059184476,,UNKNOWN,EX_DATE_ECONOMIC_REINVESTMENT,cache/market.json.gz; B3
CG_ONLY,V10,2020-06-01,60872504000123,ITUB4,ITUB4_2020-06-01_DISTRIBUTION_201,22.445678707726653,,0.0,22.445678707726653,CASH_DIVIDEND,UNKNOWN,EX_DATE_ECONOMIC_REINVESTMENT,cache/market.json.gz; SQLite corporate_actions/B3
CG_ONLY,V10,2020-06-02,60746948000112,BBDC4,BBDC4_2020-06-02_DISTRIBUTION_586,34.08475418637123,,0.0,34.08475418637123,JCP Mensais,UNKNOWN,EX_DATE_ECONOMIC_REINVESTMENT,https://www.bradescori.com.br/informacoes-ao-mercado/remuneracao-aos-acionistas/
CG_ONLY,V10,2020-06-30,02149205000169,PSSA3,CONT_2145_PSSA3_2020-06-30,536.2262808905748,,0.0,536.2262808905748,,UNKNOWN,EX_DATE_ECONOMIC_REINVESTMENT,cache/market.json.gz; B3
CG_ONLY,V10,2020-07-01,60872504000123,ITUB4,ITUB4_2020-07-01_DISTRIBUTION_200,22.927778278432555,,0.0,22.927778278432555,CASH_DIVIDEND,UNKNOWN,EX_DATE_ECONOMIC_REINVESTMENT,cache/market.json.gz; SQLite corporate_actions/B3
CG_ONLY,V10,2020-07-01,02558157000162,VIVT4,CONT_2732_VIVT4_2020-07-01,532.4208377246539,,0.0,532.4208377246539,,UNKNOWN,EX_DATE_ECONOMIC_REINVESTMENT,https://api.mziq.com/mzfilemanager/v2/d/24165f81-24d6-4648-bf9f-66712905d5a2/34b95df5-e8c3-6d48-b667-42e740e0df5e?origin=2
CG_ONLY,V10,2020-07-01,76484013000145,SAPR4,CONT_2731_SAPR4_2020-07-01,1172.8772038119212,,0.0,1172.8772038119212,,UNKNOWN,EX_DATE_ECONOMIC_REINVESTMENT,https://ri.sanepar.com.br/docs/Sanepar-2025-12-18-cW6NmzgB.pdf
CG_ONLY,V10,2020-07-02,60746948000112,BBDC4,BBDC4_2020-07-02_DISTRIBUTION_587,34.75431260131126,,0.0,34.75431260131126,JCP Mensais,UNKNOWN,EX_DATE_ECONOMIC_REINVESTMENT,https://www.bradescori.com.br/informacoes-ao-mercado/remuneracao-aos-acionistas/
CG_ONLY,V10,2020-08-03,17155730000164,CMIG4,CMIG4_2020-08-03_DISTRIBUTION_648,1090.235368620313,,0.0,1090.235368620313,,UNKNOWN,EX_DATE_ECONOMIC_REINVESTMENT,https://api.mziq.com/mzfilemanager/v2/d/716a131f-9624-452c-9088-0cd6983c1349/a2eb9f5f-37e1-8913-c1eb-c4281b5e23b2?origin=2
CG_ONLY,V10,2020-08-03,60872504000123,ITUB4,ITUB4_2020-08-03_DISTRIBUTION_199,23.295556313349124,,0.0,23.295556313349124,CASH_DIVIDEND,UNKNOWN,EX_DATE_ECONOMIC_REINVESTMENT,cache/market.json.gz; SQLite corporate_actions/B3
CG_ONLY,V10,2020-08-04,60746948000112,BBDC4,BBDC4_2020-08-04_DISTRIBUTION_588,35.43086353027691,,0.0,35.43086353027691,JCP Mensais,UNKNOWN,EX_DATE_ECONOMIC_REINVESTMENT,https://www.bradescori.com.br/informacoes-ao-mercado/remuneracao-aos-acionistas/
CG_ONLY,V10,2020-08-10,02474103000119,TBLE3,TBLE3_2020-08-10_DISTRIBUTION_353,991.2616826898159,,0.0,991.2616826898159,CASH_DIVIDEND,UNKNOWN,EX_DATE_ECONOMIC_REINVESTMENT,cache/market.json.gz; SQLite corporate_actions/B3
CG_ONLY,V10,2020-08-13,17344597000194,BBSE3,CONT_2559_BBSE3_2020-08-13,1431.3623373393923,,0.0,1431.3623373393923,,UNKNOWN,EX_DATE_ECONOMIC_REINVESTMENT,BBSE_DIV
CG_ONLY,V10,2020-08-18,60872504000123,ITUB4,ITUB4_2020-08-18_DISTRIBUTION_198,83.48366274540165,,0.0,83.48366274540165,JCP,UNKNOWN,EX_DATE_ECONOMIC_REINVESTMENT,cache/market.json.gz; SQLite corporate_actions/B3
CG_ONLY,V10,2020-09-01,60872504000123,ITUB4,ITUB4_2020-09-01_DISTRIBUTION_197,23.723776772770496,,0.0,23.723776772770496,CASH_DIVIDEND,UNKNOWN,EX_DATE_ECONOMIC_REINVESTMENT,cache/market.json.gz; SQLite corporate_actions/B3
CG_ONLY,V10,2020-09-02,60746948000112,BBDC4,BBDC4_2020-09-02_DISTRIBUTION_589,36.21742429999364,,0.0,36.21742429999364,JCP Mensais,UNKNOWN,EX_DATE_ECONOMIC_REINVESTMENT,https://www.bradescori.com.br/informacoes-ao-mercado/remuneracao-aos-acionistas/
CG_ONLY,V10,2020-09-28,17155730000164,CMIG4,CMIG4_2020-09-28_DISTRIBUTION_649,367.7889827873345,,0.0,367.7889827873345,,UNKNOWN,EX_DATE_ECONOMIC_REINVESTMENT,https://api.mziq.com/mzfilemanager/v2/d/716a131f-9624-452c-9088-0cd6983c1349/a2eb9f5f-37e1-8913-c1eb-c4281b5e23b2?origin=2
CG_ONLY,V10,2020-09-29,02558157000162,VIVT4,CONT_2733_VIVT4_2020-09-29,394.36204696170176,,0.0,394.36204696170176,,UNKNOWN,EX_DATE_ECONOMIC_REINVESTMENT,https://api.mziq.com/mzfilemanager/v2/d/24165f81-24d6-4648-bf9f-66712905d5a2/34b95df5-e8c3-6d48-b667-42e740e0df5e?origin=2
CG_ONLY,V10,2020-10-01,60872504000123,ITUB4,ITUB4_2020-10-01_DISTRIBUTION_196,24.30502948660809,,0.0,24.30502948660809,CASH_DIVIDEND,UNKNOWN,EX_DATE_ECONOMIC_REINVESTMENT,cache/market.json.gz; SQLite corporate_actions/B3
CG_ONLY,V10,2020-10-02,60746948000112,BBDC4,BBDC4_2020-10-02_DISTRIBUTION_590,36.99137199677871,,0.0,36.99137199677871,JCP Mensais,UNKNOWN,EX_DATE_ECONOMIC_REINVESTMENT,https://www.bradescori.com.br/informacoes-ao-mercado/remuneracao-aos-acionistas/
CG_ONLY,V10,2020-10-20,02558115000121,TIMS3,CONT_2734_TIMS3_2020-10-20,733.8634929063645,,0.0,733.8634929063645,,UNKNOWN,EX_DATE_ECONOMIC_REINVESTMENT,https://api.mziq.com/mzfilemanager/v2/d/4c4aa51f-1235-4aa1-8b83-adc92e8dacc3/f254c76d-5442-4947-aad9-e2816de7e7d3?origin=2;https://api.mziq.com/mzfilemanager/v2/d/4c4aa51f-1235-4aa1-8b83-adc92e8dacc3/be78844f-4634-42c0-ae1c-a18bd2d7782e?origin=2
CG_ONLY,V10,2020-11-03,60872504000123,ITUB4,ITUB4_2020-11-03_DISTRIBUTION_195,24.86576854466675,,0.0,24.86576854466675,CASH_DIVIDEND,UNKNOWN,EX_DATE_ECONOMIC_REINVESTMENT,cache/market.json.gz; SQLite corporate_actions/B3
CG_ONLY,V10,2020-11-03,02149205000169,PSSA3,CONT_2735_PSSA3_2020-11-03,517.1970111543748,,0.0,517.1970111543748,,UNKNOWN,EX_DATE_ECONOMIC_REINVESTMENT,https://api.mziq.com/mzfilemanager/v2/d/b77a3922-d280-4451-b3ee-0afec4577834/f9e62720-e79a-1676-864d-2a184a052c0f?origin=2;https://api.mziq.com/mzfilemanager/v2/d/b77a3922-d280-4451-b3ee-0afec4577834/493a6ff0-1341-22f7-1a72-d9896b29432f?origin=2
CG_ONLY,V10,2020-11-04,60746948000112,BBDC4,BBDC4_2020-11-04_DISTRIBUTION_591,37.53394203549455,,0.0,37.53394203549455,JCP Mensais,UNKNOWN,EX_DATE_ECONOMIC_REINVESTMENT,https://www.bradescori.com.br/informacoes-ao-mercado/remuneracao-aos-acionistas/
CG_ONLY,V10,2020-11-30,02558157000162,VIVT3,CONT_2736_VIVT3_2020-11-30,240.9200049257953,,0.0,240.9200049257953,,UNKNOWN,EX_DATE_ECONOMIC_REINVESTMENT,https://api.mziq.com/mzfilemanager/v2/d/24165f81-24d6-4648-bf9f-66712905d5a2/34b95df5-e8c3-6d48-b667-42e740e0df5e?origin=2
CG_ONLY,V10,2020-12-01,60872504000123,ITUB4,ITUB4_2020-12-01_DISTRIBUTION_194,25.276639218974694,,0.0,25.276639218974694,CASH_DIVIDEND,UNKNOWN,EX_DATE_ECONOMIC_REINVESTMENT,cache/market.json.gz; SQLite corporate_actions/B3
CG_ONLY,V10,2020-12-02,60746948000112,BBDC4,BBDC4_2020-12-02_DISTRIBUTION_592,37.72261842363767,,0.0,37.72261842363767,JCP Mensais,UNKNOWN,EX_DATE_ECONOMIC_REINVESTMENT,https://www.bradescori.com.br/informacoes-ao-mercado/remuneracao-aos-acionistas/
CG_ONLY,V10,2020-12-11,60872504000123,ITUB4,ITUB4_2020-12-11_DISTRIBUTION_193,108.41221422471834,,0.0,108.41221422471834,JCP,UNKNOWN,EX_DATE_ECONOMIC_REINVESTMENT,cache/market.json.gz; SQLite corporate_actions/B3
CG_ONLY,V10,2020-12-21,02474103000119,TBLE3,TBLE3_2020-12-21_DISTRIBUTION_351,827.5064879474555,,0.0,827.5064879474555,CASH_DIVIDEND,UNKNOWN,EX_DATE_ECONOMIC_REINVESTMENT,cache/market.json.gz; SQLite corporate_actions/B3
CG_ONLY,V10,2020-12-21,02474103000119,TBLE3,TBLE3_2020-12-21_DISTRIBUTION_352,261.17387820079875,,0.0,261.17387820079875,JCP,UNKNOWN,EX_DATE_ECONOMIC_REINVESTMENT,cache/market.json.gz; SQLite corporate_actions/B3
CG_ONLY,V10,2020-12-21,02558115000121,TIMS3,CONT_2737_TIMS3_2020-12-21,883.0332226340929,,0.0,883.0332226340929,,UNKNOWN,EX_DATE_ECONOMIC_REINVESTMENT,https://api.mziq.com/mzfilemanager/v2/d/4c4aa51f-1235-4aa1-8b83-adc92e8dacc3/c586e22e-1cf8-403d-8731-dc96ab412253?origin=2;https://api.mziq.com/mzfilemanager/v2/d/4c4aa51f-1235-4aa1-8b83-adc92e8dacc3/620d660d-c87e-4aec-b107-f541814149da?origin=2
CG_ONLY,V10,2020-12-29,60746948000112,BBDC4,BBDC4_2020-12-29_DISTRIBUTION_593,826.1830600092043,,0.0,826.1830600092043,JCP Complementares,UNKNOWN,EX_DATE_ECONOMIC_REINVESTMENT,https://www.bradescori.com.br/informacoes-ao-mercado/remuneracao-aos-acionistas/
CG_ONLY,V10,2020-12-29,02558157000162,VIVT3,CONT_2738_VIVT3_2020-12-29,736.2714458793575,,0.0,736.2714458793575,,UNKNOWN,EX_DATE_ECONOMIC_REINVESTMENT,https://api.mziq.com/mzfilemanager/v2/d/24165f81-24d6-4648-bf9f-66712905d5a2/34b95df5-e8c3-6d48-b667-42e740e0df5e?origin=2
CG_ONLY,V10,2020-12-29,02558157000162,VIVT3,CONT_2739_VIVT3_2020-12-29,159.52547993621164,,0.0,159.52547993621164,,UNKNOWN,EX_DATE_ECONOMIC_REINVESTMENT,https://api.mziq.com/mzfilemanager/v2/d/24165f81-24d6-4648-bf9f-66712905d5a2/34b95df5-e8c3-6d48-b667-42e740e0df5e?origin=2
CG_ONLY,V10,2021-01-04,17155730000164,CMIG4,CMIG4_2021-01-04_DISTRIBUTION_650,1338.8966137843208,,0.0,1338.8966137843208,,UNKNOWN,EX_DATE_ECONOMIC_REINVESTMENT,https://api.mziq.com/mzfilemanager/v2/d/716a131f-9624-452c-9088-0cd6983c1349/a2eb9f5f-37e1-8913-c1eb-c4281b5e23b2?origin=2
CG_ONLY,V10,2021-01-04,60872504000123,ITUB4,ITUB4_2021-01-04_DISTRIBUTION_192,25.476958071254824,,0.0,25.476958071254824,CASH_DIVIDEND,UNKNOWN,EX_DATE_ECONOMIC_REINVESTMENT,cache/market.json.gz; SQLite corporate_actions/B3
CG_ONLY,V10,2021-01-04,76484013000145,SAPR4,CONT_2740_SAPR4_2021-01-04,1153.094565260534,,0.0,1153.094565260534,,UNKNOWN,EX_DATE_ECONOMIC_REINVESTMENT,https://ri.sanepar.com.br/docs/Sanepar-2025-12-18-cW6NmzgB.pdf
CG_ONLY,V10,2021-01-05,60746948000112,BBDC4,BBDC4_2021-01-05_DISTRIBUTION_564,38.41078244375222,,0.0,38.41078244375222,JCP Mensais,UNKNOWN,EX_DATE_ECONOMIC_REINVESTMENT,https://www.bradescori.com.br/informacoes-ao-mercado/remuneracao-aos-acionistas/
CG_ONLY,V10,2021-01-26,60872504000123,ITUB4,ITUB4_2021-01-26_DISTRIBUTION_191,85.59961823343775,,0.0,85.59961823343775,JCP,UNKNOWN,EX_DATE_ECONOMIC_REINVESTMENT,cache/market.json.gz; SQLite corporate_actions/B3
CG_ONLY,V10,2021-02-01,60872504000123,ITUB4,ITUB4_2021-02-01_DISTRIBUTION_190,25.64342308448581,,0.0,25.64342308448581,CASH_DIVIDEND,UNKNOWN,EX_DATE_ECONOMIC_REINVESTMENT,cache/market.json.gz; SQLite corporate_actions/B3
CG_ONLY,V10,2021-02-02,60746948000112,BBDC4,BBDC4_2021-02-02_DISTRIBUTION_565,38.58311523725388,,0.0,38.58311523725388,JCP Mensais,UNKNOWN,EX_DATE_ECONOMIC_REINVESTMENT,https://www.bradescori.com.br/informacoes-ao-mercado/remuneracao-aos-acionistas/
CG_ONLY,V10,2021-02-12,17344597000194,BBSE3,CONT_2558_BBSE3_2021-02-12,842.397717466098,,0.0,842.397717466098,,UNKNOWN,EX_DATE_ECONOMIC_REINVESTMENT,BBSE_DIV
CG_ONLY,V10,2021-02-18,60746948000112,BBDC4,BBDC4_2021-02-18_DISTRIBUTION_566,44.40459936478026,,0.0,44.40459936478026,JCP Suplementares,UNKNOWN,EX_DATE_ECONOMIC_REINVESTMENT,https://www.bradescori.com.br/informacoes-ao-mercado/remuneracao-aos-acionistas/
CG_ONLY,V10,2021-02-26,60872504000123,ITUB4,ITUB4_2021-02-26_DISTRIBUTION_188,166.0734591871395,,0.0,166.0734591871395,CASH_DIVIDEND,UNKNOWN,EX_DATE_ECONOMIC_REINVESTMENT,cache/market.json.gz; SQLite corporate_actions/B3
CG_ONLY,V10,2021-02-26,60872504000123,ITUB4,ITUB4_2021-02-26_DISTRIBUTION_189,87.13055655383442,,0.0,87.13055655383442,JCP,UNKNOWN,EX_DATE_ECONOMIC_REINVESTMENT,cache/market.json.gz; SQLite corporate_actions/B3
CG_ONLY,V10,2021-03-01,60872504000123,ITUB4,ITUB4_2021-03-01_DISTRIBUTION_187,25.988081647023463,,0.0,25.988081647023463,CASH_DIVIDEND,UNKNOWN,EX_DATE_ECONOMIC_REINVESTMENT,cache/market.json.gz; SQLite corporate_actions/B3
CG_ONLY,V10,2021-03-01,02558157000162,VIVT3,CONT_2741_VIVT3_2021-03-01,95.95547626140079,,0.0,95.95547626140079,,UNKNOWN,EX_DATE_ECONOMIC_REINVESTMENT,https://api.mziq.com/mzfilemanager/v2/d/24165f81-24d6-4648-bf9f-66712905d5a2/34b95df5-e8c3-6d48-b667-42e740e0df5e?origin=2
CG_ONLY,V10,2021-03-02,60746948000112,BBDC4,BBDC4_2021-03-02_DISTRIBUTION_567,38.9248104704743,,0.0,38.9248104704743,JCP Mensais,UNKNOWN,EX_DATE_ECONOMIC_REINVESTMENT,https://www.bradescori.com.br/informacoes-ao-mercado/remuneracao-aos-acionistas/
CG_ONLY,V10,2021-03-26,60872504000123,ITUB4,ITUB4_2021-03-26_DISTRIBUTION_186,89.3022065104412,,0.0,89.3022065104412,JCP,UNKNOWN,EX_DATE_ECONOMIC_REINVESTMENT,cache/market.json.gz; SQLite corporate_actions/B3
CG_ONLY,V10,2021-04-01,60872504000123,ITUB4,ITUB4_2021-04-01_DISTRIBUTION_185,26.499796553025156,,0.0,26.499796553025156,CASH_DIVIDEND,UNKNOWN,EX_DATE_ECONOMIC_REINVESTMENT,cache/market.json.gz; SQLite corporate_actions/B3
CG_ONLY,V10,2021-04-01,02149205000169,PSSA3,CONT_2742_PSSA3_2021-04-01,927.9576292441607,,0.0,927.9576292441607,,UNKNOWN,EX_DATE_ECONOMIC_REINVESTMENT,https://api.mziq.com/mzfilemanager/v2/d/b77a3922-d280-4451-b3ee-0afec4577834/493a6ff0-1341-22f7-1a72-d9896b29432f?origin=2;https://api.mziq.com/mzfilemanager/v2/d/b77a3922-d280-4451-b3ee-0afec4577834/41759930-edbb-5e54-ff18-92877b91d282?origin=2
CG_ONLY,V10,2021-04-01,02149205000169,PSSA3,CONT_2743_PSSA3_2021-04-01,258.8673011177599,,0.0,258.8673011177599,,UNKNOWN,EX_DATE_ECONOMIC_REINVESTMENT,https://api.mziq.com/mzfilemanager/v2/d/b77a3922-d280-4451-b3ee-0afec4577834/493a6ff0-1341-22f7-1a72-d9896b29432f?origin=2
CG_ONLY,V10,2021-04-01,02149205000169,PSSA3,CONT_2744_PSSA3_2021-04-01,464.44289466811574,,0.0,464.44289466811574,,UNKNOWN,EX_DATE_ECONOMIC_REINVESTMENT,https://api.mziq.com/mzfilemanager/v2/d/b77a3922-d280-4451-b3ee-0afec4577834/493a6ff0-1341-22f7-1a72-d9896b29432f?origin=2
CG_ONLY,V10,2021-04-01,02558157000162,VIVT3,CONT_2745_VIVT3_2021-04-01,173.3699404938647,,0.0,173.3699404938647,,UNKNOWN,EX_DATE_ECONOMIC_REINVESTMENT,https://api.mziq.com/mzfilemanager/v2/d/24165f81-24d6-4648-bf9f-66712905d5a2/34b95df5-e8c3-6d48-b667-42e740e0df5e?origin=2
CG_ONLY,V10,2021-04-05,60746948000112,BBDC4,BBDC4_2021-04-05_DISTRIBUTION_568,38.957176414560124,,0.0,38.957176414560124,JCP Mensais,UNKNOWN,EX_DATE_ECONOMIC_REINVESTMENT,https://www.bradescori.com.br/informacoes-ao-mercado/remuneracao-aos-acionistas/
CG_ONLY,V10,2021-04-16,02558157000162,VIVT3,CONT_2746_VIVT3_2021-04-16,1030.8400834930183,,0.0,1030.8400834930183,,UNKNOWN,EX_DATE_ECONOMIC_REINVESTMENT,https://api.mziq.com/mzfilemanager/v2/d/24165f81-24d6-4648-bf9f-66712905d5a2/34b95df5-e8c3-6d48-b667-42e740e0df5e?origin=2
CG_ONLY,V10,2021-04-28,60872504000123,ITUB4,ITUB4_2021-04-28_DISTRIBUTION_184,100.56085746954476,,0.0,100.56085746954476,JCP,UNKNOWN,EX_DATE_ECONOMIC_REINVESTMENT,cache/market.json.gz; SQLite corporate_actions/B3
CG_ONLY,V10,2021-04-30,43776517000180,SBSP3,CONT_2436_SBSP3_2021-04-30,532.8388009840883,,0.0,532.8388009840883,,UNKNOWN,EX_DATE_ECONOMIC_REINVESTMENT,SBSP_2021;SBSP_2022;SBSP_2023;SBSP_2024
CG_ONLY,V10,2021-05-03,17155730000164,CMIG4,CMIG4_2021-05-03_DISTRIBUTION_651,2926.228534577887,,0.0,2926.228534577887,,UNKNOWN,EX_DATE_ECONOMIC_REINVESTMENT,https://api.mziq.com/mzfilemanager/v2/d/716a131f-9624-452c-9088-0cd6983c1349/a2eb9f5f-37e1-8913-c1eb-c4281b5e23b2?origin=2
CG_ONLY,V10,2021-05-03,60872504000123,ITUB4,ITUB4_2021-05-03_DISTRIBUTION_183,26.7604974507551,,0.0,26.7604974507551,CASH_DIVIDEND,UNKNOWN,EX_DATE_ECONOMIC_REINVESTMENT,cache/market.json.gz; SQLite corporate_actions/B3
CG_ONLY,V10,2021-05-03,02558157000162,VIVT3,CONT_2747_VIVT3_2021-05-03,185.6947643958126,,0.0,185.6947643958126,,UNKNOWN,EX_DATE_ECONOMIC_REINVESTMENT,https://api.mziq.com/mzfilemanager/v2/d/24165f81-24d6-4648-bf9f-66712905d5a2/34b95df5-e8c3-6d48-b667-42e740e0df5e?origin=2
CG_ONLY,V10,2021-05-04,60746948000112,BBDC4,BBDC4_2021-05-04_DISTRIBUTION_569,42.884156089073045,,0.0,42.884156089073045,JCP Mensais,UNKNOWN,EX_DATE_ECONOMIC_REINVESTMENT,https://www.bradescori.com.br/informacoes-ao-mercado/remuneracao-aos-acionistas/
CG_ONLY,V10,2021-05-12,02474103000119,TBLE3,TBLE3_2021-05-12_DISTRIBUTION_350,930.5539466683629,,0.0,930.5539466683629,CASH_DIVIDEND,UNKNOWN,EX_DATE_ECONOMIC_REINVESTMENT,cache/market.json.gz; SQLite corporate_actions/B3
CG_ONLY,V10,2021-05-25,60872504000123,ITUB4,ITUB4_2021-05-25_DISTRIBUTION_182,87.40031424905561,,0.0,87.40031424905561,JCP,UNKNOWN,EX_DATE_ECONOMIC_REINVESTMENT,cache/market.json.gz; SQLite corporate_actions/B3
CG_ONLY,V10,2021-06-01,60872504000123,ITUB4,ITUB4_2021-06-01_DISTRIBUTION_181,26.943128965861558,,0.0,26.943128965861558,CASH_DIVIDEND,UNKNOWN,EX_DATE_ECONOMIC_REINVESTMENT,cache/market.json.gz; SQLite corporate_actions/B3
CG_ONLY,V10,2021-06-02,60746948000112,BBDC4,BBDC4_2021-06-02_DISTRIBUTION_570,42.91834594919558,,0.0,42.91834594919558,JCP Mensais,UNKNOWN,EX_DATE_ECONOMIC_REINVESTMENT,https://www.bradescori.com.br/informacoes-ao-mercado/remuneracao-aos-acionistas/
CG_ONLY,V10,2021-06-22,02558115000121,TIMS3,CONT_2748_TIMS3_2021-06-22,561.3501380377656,,0.0,561.3501380377656,,UNKNOWN,EX_DATE_ECONOMIC_REINVESTMENT,https://api.mziq.com/mzfilemanager/v2/d/4c4aa51f-1235-4aa1-8b83-adc92e8dacc3/ec8c4a27-ea86-4980-8cb4-8beef111e7ac?origin=2
CG_ONLY,V10,2021-07-01,60872504000123,ITUB4,ITUB4_2021-07-01_DISTRIBUTION_180,26.956336382021295,,0.0,26.956336382021295,CASH_DIVIDEND,UNKNOWN,EX_DATE_ECONOMIC_REINVESTMENT,cache/market.json.gz; SQLite corporate_actions/B3
CG_ONLY,V10,2021-07-01,02558157000162,VIVT3,CONT_2750_VIVT3_2021-07-01,425.24213048589183,,0.0,425.24213048589183,,UNKNOWN,EX_DATE_ECONOMIC_REINVESTMENT,https://api.mziq.com/mzfilemanager/v2/d/24165f81-24d6-4648-bf9f-66712905d5a2/34b95df5-e8c3-6d48-b667-42e740e0df5e?origin=2
CG_ONLY,V10,2021-07-01,76484013000145,SAPR4,CONT_2749_SAPR4_2021-07-01,1244.010089239526,,0.0,1244.010089239526,,UNKNOWN,EX_DATE_ECONOMIC_REINVESTMENT,https://ri.sanepar.com.br/docs/Sanepar-2025-12-18-cW6NmzgB.pdf
CG_ONLY,V10,2021-07-02,60746948000112,BBDC4,BBDC4_2021-07-02_DISTRIBUTION_571,42.9473063836544,,0.0,42.9473063836544,JCP Mensais,UNKNOWN,EX_DATE_ECONOMIC_REINVESTMENT,https://www.bradescori.com.br/informacoes-ao-mercado/remuneracao-aos-acionistas/
CG_ONLY,V10,2021-07-05,60746948000112,BBDC4,BBDC4_2021-07-05_DISTRIBUTION_572,1220.8732724139,,0.0,1220.8732724139,JCP Intermediários,UNKNOWN,EX_DATE_ECONOMIC_REINVESTMENT,https://www.bradescori.com.br/informacoes-ao-mercado/remuneracao-aos-acionistas/
CG_ONLY,V10,2021-07-30,02149205000169,PSSA3,CONT_2751_PSSA3_2021-07-30,727.9910016451036,,0.0,727.9910016451036,,UNKNOWN,EX_DATE_ECONOMIC_REINVESTMENT,https://api.mziq.com/mzfilemanager/v2/d/b77a3922-d280-4451-b3ee-0afec4577834/84eee7cb-7942-984d-6623-ff1f2c09cdbe?origin=2;https://api.mziq.com/mzfilemanager/v2/d/b77a3922-d280-4451-b3ee-0afec4577834/c01dc413-7f12-69a6-0b0a-53d2e29990ed?origin=2;https://api.mziq.com/mzfilemanager/v2/d/b77a3922-d280-4451-b3ee-0afec4577834/bd82067a-476b-c3a3-b00a-9a8d540f77cb?origin=2
CG_ONLY,V10,2021-08-02,60872504000123,ITUB4,ITUB4_2021-08-02_DISTRIBUTION_179,26.969955278812478,,0.0,26.969955278812478,CASH_DIVIDEND,UNKNOWN,EX_DATE_ECONOMIC_REINVESTMENT,cache/market.json.gz; SQLite corporate_actions/B3
CG_ONLY,V10,2021-08-03,60746948000112,BBDC4,BBDC4_2021-08-03_DISTRIBUTION_573,43.90491232381747,,0.0,43.90491232381747,JCP Mensais,UNKNOWN,EX_DATE_ECONOMIC_REINVESTMENT,https://www.bradescori.com.br/informacoes-ao-mercado/remuneracao-aos-acionistas/
CG_ONLY,V10,2021-08-12,17344597000194,BBSE3,CONT_2557_BBSE3_2021-08-12,1045.3363025883682,,0.0,1045.3363025883682,,UNKNOWN,EX_DATE_ECONOMIC_REINVESTMENT,BBSE_DIV
CG_ONLY,V10,2021-08-16,60872504000123,ITUB4,ITUB4_2021-08-16_DISTRIBUTION_178,186.7959224598847,,0.0,186.7959224598847,JCP,UNKNOWN,EX_DATE_ECONOMIC_REINVESTMENT,cache/market.json.gz; SQLite corporate_actions/B3
CG_ONLY,V10,2021-08-17,02474103000119,TBLE3,TBLE3_2021-08-17_DISTRIBUTION_349,1248.4965134589145,,0.0,1248.4965134589145,CASH_DIVIDEND,UNKNOWN,EX_DATE_ECONOMIC_REINVESTMENT,cache/market.json.gz; SQLite corporate_actions/B3
CG_ONLY,V10,2021-09-01,60872504000123,ITUB4,ITUB4_2021-09-01_DISTRIBUTION_177,27.07558356357692,,0.0,27.07558356357692,CASH_DIVIDEND,UNKNOWN,EX_DATE_ECONOMIC_REINVESTMENT,cache/market.json.gz; SQLite corporate_actions/B3
CG_ONLY,V10,2021-09-02,60746948000112,BBDC4,BBDC4_2021-09-02_DISTRIBUTION_574,43.96698585526154,,0.0,43.96698585526154,JCP Mensais,UNKNOWN,EX_DATE_ECONOMIC_REINVESTMENT,https://www.bradescori.com.br/informacoes-ao-mercado/remuneracao-aos-acionistas/
CG_ONLY,V10,2021-09-30,02558115000121,TIMS3,CONT_2752_TIMS3_2021-09-30,230.6404817708813,,0.0,230.6404817708813,,UNKNOWN,EX_DATE_ECONOMIC_REINVESTMENT,https://api.mziq.com/mzfilemanager/v2/d/4c4aa51f-1235-4aa1-8b83-adc92e8dacc3/fa04ad1c-865b-81a3-87f8-ff70523311ae?origin=2
CG_ONLY,V10,2021-10-01,60872504000123,ITUB4,ITUB4_2021-10-01_DISTRIBUTION_176,27.08865934443505,,0.0,27.08865934443505,CASH_DIVIDEND,UNKNOWN,EX_DATE_ECONOMIC_REINVESTMENT,cache/market.json.gz; SQLite corporate_actions/B3
CG_ONLY,V10,2021-10-01,02558157000162,VIVT3,CONT_2753_VIVT3_2021-10-01,418.51134022796924,,0.0,418.51134022796924,,UNKNOWN,EX_DATE_ECONOMIC_REINVESTMENT,https://api.mziq.com/mzfilemanager/v2/d/24165f81-24d6-4648-bf9f-66712905d5a2/34b95df5-e8c3-6d48-b667-42e740e0df5e?origin=2
CG_ONLY,V10,2021-10-04,60746948000112,BBDC4,BBDC4_2021-10-04_DISTRIBUTION_575,44.275310595738084,,0.0,44.275310595738084,JCP Mensais,UNKNOWN,EX_DATE_ECONOMIC_REINVESTMENT,https://www.bradescori.com.br/informacoes-ao-mercado/remuneracao-aos-acionistas/
CG_ONLY,V10,2021-11-01,60872504000123,ITUB4,ITUB4_2021-11-01_DISTRIBUTION_175,31.890436915151415,,0.0,31.890436915151415,JCP,UNKNOWN,EX_DATE_ECONOMIC_REINVESTMENT,cache/market.json.gz; SQLite corporate_actions/B3
CG_ONLY,V10,2021-11-01,02149205000169,PSSA3,CONT_2754_PSSA3_2021-11-01,591.7906087667092,,0.0,591.7906087667092,,UNKNOWN,EX_DATE_ECONOMIC_REINVESTMENT,https://api.mziq.com/mzfilemanager/v2/d/b77a3922-d280-4451-b3ee-0afec4577834/0c125129-e67a-53e9-aa2c-5b25822a1a8c?origin=2;https://api.mziq.com/mzfilemanager/v2/d/b77a3922-d280-4451-b3ee-0afec4577834/c01dc413-7f12-69a6-0b0a-53d2e29990ed?origin=2;https://api.mziq.com/mzfilemanager/v2/d/b77a3922-d280-4451-b3ee-0afec4577834/bd82067a-476b-c3a3-b00a-9a8d540f77cb?origin=2
CG_ONLY,V10,2021-11-03,60746948000112,BBDC4,BBDC4_2021-11-03_DISTRIBUTION_576,44.71768252345119,,0.0,44.71768252345119,JCP Mensais,UNKNOWN,EX_DATE_ECONOMIC_REINVESTMENT,https://www.bradescori.com.br/informacoes-ao-mercado/remuneracao-aos-acionistas/
CG_ONLY,V10,2021-11-22,60872504000123,ITUB4,ITUB4_2021-11-22_DISTRIBUTION_174,479.0534168819668,,0.0,479.0534168819668,JCP,UNKNOWN,EX_DATE_ECONOMIC_REINVESTMENT,cache/market.json.gz; SQLite corporate_actions/B3
CG_ONLY,V10,2021-12-01,60872504000123,ITUB4,ITUB4_2021-12-01_DISTRIBUTION_173,32.34403045972494,,0.0,32.34403045972494,JCP,UNKNOWN,EX_DATE_ECONOMIC_REINVESTMENT,cache/market.json.gz; SQLite corporate_actions/B3
CG_ONLY,V10,2021-12-02,60746948000112,BBDC4,BBDC4_2021-12-02_DISTRIBUTION_577,45.15911084249212,,0.0,45.15911084249212,JCP Mensais,UNKNOWN,EX_DATE_ECONOMIC_REINVESTMENT,https://www.bradescori.com.br/informacoes-ao-mercado/remuneracao-aos-acionistas/
CG_ONLY,V10,2021-12-21,60746948000112,BBDC4,BBDC4_2021-12-21_DISTRIBUTION_578,515.145094500283,,0.0,515.145094500283,Dividendos,UNKNOWN,EX_DATE_ECONOMIC_REINVESTMENT,https://www.bradescori.com.br/informacoes-ao-mercado/remuneracao-aos-acionistas/
CG_ONLY,V10,2021-12-21,60746948000112,BBDC4,BBDC4_2021-12-21_DISTRIBUTION_579,51.51450968824028,,0.0,51.51450968824028,JCP Complementares,UNKNOWN,EX_DATE_ECONOMIC_REINVESTMENT,https://www.bradescori.com.br/informacoes-ao-mercado/remuneracao-aos-acionistas/
CG_ONLY,V10,2021-12-21,02558115000121,TIMS3,CONT_2755_TIMS3_2021-12-21,962.5282155788382,,0.0,962.5282155788382,,UNKNOWN,EX_DATE_ECONOMIC_REINVESTMENT,https://api.mziq.com/mzfilemanager/v2/d/4c4aa51f-1235-4aa1-8b83-adc92e8dacc3/44eca3b7-91a5-79c3-458a-10bea257e8bd?origin=2
CG_ONLY,V10,2021-12-22,17155730000164,CMIG4,CMIG4_2021-12-22_DISTRIBUTION_652,3146.602350868056,,0.0,3146.602350868056,,UNKNOWN,EX_DATE_ECONOMIC_REINVESTMENT,https://api.mziq.com/mzfilemanager/v2/d/716a131f-9624-452c-9088-0cd6983c1349/a2eb9f5f-37e1-8913-c1eb-c4281b5e23b2?origin=2
CG_ONLY,V10,2021-12-28,02558157000162,VIVT3,CONT_2756_VIVT3_2021-12-28,1060.8881103790852,,0.0,1060.8881103790852,,UNKNOWN,EX_DATE_ECONOMIC_REINVESTMENT,https://api.mziq.com/mzfilemanager/v2/d/24165f81-24d6-4648-bf9f-66712905d5a2/34b95df5-e8c3-6d48-b667-42e740e0df5e?origin=2
CG_ONLY,V10,2021-12-28,02558157000162,VIVT3,CONT_2757_VIVT3_2021-12-28,569.3432859019796,,0.0,569.3432859019796,,UNKNOWN,EX_DATE_ECONOMIC_REINVESTMENT,https://api.mziq.com/mzfilemanager/v2/d/24165f81-24d6-4648-bf9f-66712905d5a2/34b95df5-e8c3-6d48-b667-42e740e0df5e?origin=2
CG_ONLY,V10,2021-12-30,02474103000119,TBLE3,TBLE3_2021-12-30_DISTRIBUTION_348,98.46273800742141,,0.0,98.46273800742141,JCP,UNKNOWN,EX_DATE_ECONOMIC_REINVESTMENT,cache/market.json.gz; SQLite corporate_actions/B3
CG_ONLY,V10,2022-01-03,60872504000123,ITUB4,ITUB4_2022-01-03_DISTRIBUTION_172,32.65335780838947,,0.0,32.65335780838947,JCP,UNKNOWN,EX_DATE_ECONOMIC_REINVESTMENT,cache/market.json.gz; SQLite corporate_actions/B3
CG_ONLY,V10,2022-01-03,76484013000145,SAPR4,CONT_2758_SAPR4_2022-01-03,1535.104308935888,,0.0,1535.104308935888,,UNKNOWN,EX_DATE_ECONOMIC_REINVESTMENT,https://ri.sanepar.com.br/docs/Sanepar-2025-12-18-cW6NmzgB.pdf
CG_ONLY,V10,2022-01-04,60746948000112,BBDC4,BBDC4_2022-01-04_DISTRIBUTION_550,46.14698493214261,,0.0,46.14698493214261,JCP Mensais,UNKNOWN,EX_DATE_ECONOMIC_REINVESTMENT,https://www.bradescori.com.br/informacoes-ao-mercado/remuneracao-aos-acionistas/
CG_ONLY,V10,2022-02-01,60872504000123,ITUB4,ITUB4_2022-02-01_DISTRIBUTION_171,33.05439580406382,,0.0,33.05439580406382,JCP,UNKNOWN,EX_DATE_ECONOMIC_REINVESTMENT,cache/market.json.gz; SQLite corporate_actions/B3
CG_ONLY,V10,2022-02-02,60746948000112,BBDC4,BBDC4_2022-02-02_DISTRIBUTION_551,46.23507440516648,,0.0,46.23507440516648,JCP Mensais,UNKNOWN,EX_DATE_ECONOMIC_REINVESTMENT,https://www.bradescori.com.br/informacoes-ao-mercado/remuneracao-aos-acionistas/
CG_ONLY,V10,2022-02-11,17344597000194,BBSE3,CONT_2556_BBSE3_2022-02-11,2062.8322138860417,,0.0,2062.8322138860417,,UNKNOWN,EX_DATE_ECONOMIC_REINVESTMENT,BBSE_DIV
CG_ONLY,V10,2022-02-22,60872504000123,ITUB4,ITUB4_2022-02-22_DISTRIBUTION_170,25.65434514868533,,0.0,25.65434514868533,JCP,UNKNOWN,EX_DATE_ECONOMIC_REINVESTMENT,cache/market.json.gz; SQLite corporate_actions/B3
CG_ONLY,V10,2022-02-25,02474103000119,TBLE3,TBLE3_2022-02-25_DISTRIBUTION_347,1055.2904595317232,,0.0,1055.2904595317232,CASH_DIVIDEND,UNKNOWN,EX_DATE_ECONOMIC_REINVESTMENT,cache/market.json.gz; SQLite corporate_actions/B3
CG_ONLY,V10,2022-03-02,60872504000123,ITUB4,ITUB4_2022-03-02_DISTRIBUTION_169,33.16540228780544,,0.0,33.16540228780544,JCP,UNKNOWN,EX_DATE_ECONOMIC_REINVESTMENT,cache/market.json.gz; SQLite corporate_actions/B3
CG_ONLY,V10,2022-03-02,02558157000162,VIVT3,CONT_2759_VIVT3_2022-03-02,131.02261324592945,,0.0,131.02261324592945,,UNKNOWN,EX_DATE_ECONOMIC_REINVESTMENT,https://api.mziq.com/mzfilemanager/v2/d/24165f81-24d6-4648-bf9f-66712905d5a2/34b95df5-e8c3-6d48-b667-42e740e0df5e?origin=2
CG_ONLY,V10,2022-03-03,60746948000112,BBDC4,BBDC4_2022-03-03_DISTRIBUTION_552,46.937289058194864,,0.0,46.937289058194864,JCP Mensais,UNKNOWN,EX_DATE_ECONOMIC_REINVESTMENT,https://www.bradescori.com.br/informacoes-ao-mercado/remuneracao-aos-acionistas/
CG_ONLY,V10,2022-03-29,17155730000164,CMIG4,CMIG4_2022-03-29_DISTRIBUTION_653,841.6126539866136,,0.0,841.6126539866136,,UNKNOWN,EX_DATE_ECONOMIC_REINVESTMENT,https://api.mziq.com/mzfilemanager/v2/d/716a131f-9624-452c-9088-0cd6983c1349/a2eb9f5f-37e1-8913-c1eb-c4281b5e23b2?origin=2
CG_ONLY,V10,2022-03-29,02558115000121,TIMS3,CONT_2760_TIMS3_2022-03-29,341.44202349727175,,0.0,341.44202349727175,,UNKNOWN,EX_DATE_ECONOMIC_REINVESTMENT,https://api.mziq.com/mzfilemanager/v2/d/4c4aa51f-1235-4aa1-8b83-adc92e8dacc3/d66d8c7b-438f-f636-8557-60ffdf4a2e60?origin=2
CG_ONLY,V10,2022-04-01,60872504000123,ITUB4,ITUB4_2022-04-01_DISTRIBUTION_168,33.38652236573517,,0.0,33.38652236573517,JCP,UNKNOWN,EX_DATE_ECONOMIC_REINVESTMENT,cache/market.json.gz; SQLite corporate_actions/B3
CG_ONLY,V10,2022-04-01,02149205000169,PSSA3,CONT_2761_PSSA3_2022-04-01,949.5486960056181,,0.0,949.5486960056181,,UNKNOWN,EX_DATE_ECONOMIC_REINVESTMENT,https://api.mziq.com/mzfilemanager/v2/d/b77a3922-d280-4451-b3ee-0afec4577834/c01dc413-7f12-69a6-0b0a-53d2e29990ed?origin=2;https://api.mziq.com/mzfilemanager/v2/d/b77a3922-d280-4451-b3ee-0afec4577834/bd82067a-476b-c3a3-b00a-9a8d540f77cb?origin=2;https://api.mziq.com/mzfilemanager/v2/d/b77a3922-d280-4451-b3ee-0afec4577834/ae2ce35a-8763-7d60-073f-ca45097755f1?origin=2
CG_ONLY,V10,2022-04-01,02149205000169,PSSA3,CONT_2762_PSSA3_2022-04-01,86.0161829435159,,0.0,86.0161829435159,,UNKNOWN,EX_DATE_ECONOMIC_REINVESTMENT,https://api.mziq.com/mzfilemanager/v2/d/b77a3922-d280-4451-b3ee-0afec4577834/c01dc413-7f12-69a6-0b0a-53d2e29990ed?origin=2
CG_ONLY,V10,2022-04-01,02558157000162,VIVT3,CONT_2763_VIVT3_2022-04-01,182.53422409048568,,0.0,182.53422409048568,,UNKNOWN,EX_DATE_ECONOMIC_REINVESTMENT,https://api.mziq.com/mzfilemanager/v2/d/24165f81-24d6-4648-bf9f-66712905d5a2/34b95df5-e8c3-6d48-b667-42e740e0df5e?origin=2
CG_ONLY,V10,2022-04-04,60746948000112,BBDC4,BBDC4_2022-04-04_DISTRIBUTION_553,47.442836569273176,,0.0,47.442836569273176,JCP Mensais,UNKNOWN,EX_DATE_ECONOMIC_REINVESTMENT,https://www.bradescori.com.br/informacoes-ao-mercado/remuneracao-aos-acionistas/
CG_ONLY,V10,2022-04-27,02558157000162,VIVT3,CONT_2764_VIVT3_2022-04-27,1485.9387927801392,,0.0,1485.9387927801392,,UNKNOWN,EX_DATE_ECONOMIC_REINVESTMENT,https://api.mziq.com/mzfilemanager/v2/d/24165f81-24d6-4648-bf9f-66712905d5a2/34b95df5-e8c3-6d48-b667-42e740e0df5e?origin=2
CG_ONLY,V10,2022-04-29,43776517000180,SBSP3,CONT_2437_SBSP3_2022-04-29,1330.5774437607433,,0.0,1330.5774437607433,,UNKNOWN,EX_DATE_ECONOMIC_REINVESTMENT,SBSP_2021;SBSP_2022;SBSP_2023;SBSP_2024
CG_ONLY,V10,2022-04-29,76484013000145,SAPR4,CONT_2765_SAPR4_2022-04-29,164.2710192226228,,0.0,164.2710192226228,,UNKNOWN,EX_DATE_ECONOMIC_REINVESTMENT,https://ri.sanepar.com.br/docs/Sanepar-2025-12-18-cW6NmzgB.pdf
CG_ONLY,V10,2022-05-02,17155730000164,CMIG4,CMIG4_2022-05-02_DISTRIBUTION_654,3508.163665477309,,0.0,3508.163665477309,,UNKNOWN,EX_DATE_ECONOMIC_REINVESTMENT,https://api.mziq.com/mzfilemanager/v2/d/716a131f-9624-452c-9088-0cd6983c1349/a2eb9f5f-37e1-8913-c1eb-c4281b5e23b2?origin=2
CG_ONLY,V10,2022-05-02,60872504000123,ITUB4,ITUB4_2022-05-02_DISTRIBUTION_167,33.60594783275197,,0.0,33.60594783275197,JCP,UNKNOWN,EX_DATE_ECONOMIC_REINVESTMENT,cache/market.json.gz; SQLite corporate_actions/B3
CG_ONLY,V10,2022-05-02,02558157000162,VIVT3,CONT_2766_VIVT3_2022-05-02,112.44822020279706,,0.0,112.44822020279706,,UNKNOWN,EX_DATE_ECONOMIC_REINVESTMENT,https://api.mziq.com/mzfilemanager/v2/d/24165f81-24d6-4648-bf9f-66712905d5a2/34b95df5-e8c3-6d48-b667-42e740e0df5e?origin=2
CG_ONLY,V10,2022-05-03,60746948000112,BBDC4,BBDC4_2022-05-03_DISTRIBUTION_554,52.89079303389493,,0.0,52.89079303389493,JCP Mensais,UNKNOWN,EX_DATE_ECONOMIC_REINVESTMENT,https://www.bradescori.com.br/informacoes-ao-mercado/remuneracao-aos-acionistas/
CG_ONLY,V10,2022-05-12,02474103000119,TBLE3,TBLE3_2022-05-12_DISTRIBUTION_346,932.6879979461604,,0.0,932.6879979461604,CASH_DIVIDEND,UNKNOWN,EX_DATE_ECONOMIC_REINVESTMENT,cache/market.json.gz; SQLite corporate_actions/B3
CG_ONLY,V10,2022-06-01,60872504000123,ITUB4,ITUB4_2022-06-01_DISTRIBUTION_166,34.053608430170314,,0.0,34.053608430170314,JCP,UNKNOWN,EX_DATE_ECONOMIC_REINVESTMENT,cache/market.json.gz; SQLite corporate_actions/B3
CG_ONLY,V10,2022-06-02,60746948000112,BBDC4,BBDC4_2022-06-02_DISTRIBUTION_555,53.34766299995363,,0.0,53.34766299995363,JCP Mensais,UNKNOWN,EX_DATE_ECONOMIC_REINVESTMENT,https://www.bradescori.com.br/informacoes-ao-mercado/remuneracao-aos-acionistas/
CG_ONLY,V10,2022-06-21,60746948000112,BBDC4,BBDC4_2022-06-21_DISTRIBUTION_556,553.2513685984736,,0.0,553.2513685984736,JCP Intermediários,UNKNOWN,EX_DATE_ECONOMIC_REINVESTMENT,https://www.bradescori.com.br/informacoes-ao-mercado/remuneracao-aos-acionistas/
CG_ONLY,V10,2022-06-24,02558115000121,TIMS3,CONT_2767_TIMS3_2022-06-24,478.04050876820224,,0.0,478.04050876820224,,UNKNOWN,EX_DATE_ECONOMIC_REINVESTMENT,https://api.mziq.com/mzfilemanager/v2/d/4c4aa51f-1235-4aa1-8b83-adc92e8dacc3/bc75af4c-8995-f1c7-4dd9-96c258fe802b?origin=2
CG_ONLY,V10,2022-06-27,17155730000164,CMIG4,CMIG4_2022-06-27_DISTRIBUTION_655,1276.8508708580189,,0.0,1276.8508708580189,,UNKNOWN,EX_DATE_ECONOMIC_REINVESTMENT,https://api.mziq.com/mzfilemanager/v2/d/716a131f-9624-452c-9088-0cd6983c1349/a2eb9f5f-37e1-8913-c1eb-c4281b5e23b2?origin=2
CG_ONLY,V10,2022-07-01,60872504000123,ITUB4,ITUB4_2022-07-01_DISTRIBUTION_165,34.46467220319796,,0.0,34.46467220319796,JCP,UNKNOWN,EX_DATE_ECONOMIC_REINVESTMENT,cache/market.json.gz; SQLite corporate_actions/B3
CG_ONLY,V10,2022-07-01,02558157000162,VIVT3,CONT_2769_VIVT3_2022-07-01,361.10982256796524,,0.0,361.10982256796524,,UNKNOWN,EX_DATE_ECONOMIC_REINVESTMENT,https://api.mziq.com/mzfilemanager/v2/d/24165f81-24d6-4648-bf9f-66712905d5a2/34b95df5-e8c3-6d48-b667-42e740e0df5e?origin=2
CG_ONLY,V10,2022-07-01,76484013000145,SAPR4,CONT_2768_SAPR4_2022-07-01,1458.5603427313813,,0.0,1458.5603427313813,,UNKNOWN,EX_DATE_ECONOMIC_REINVESTMENT,https://ri.sanepar.com.br/docs/Sanepar-2025-12-18-cW6NmzgB.pdf
CG_ONLY,V10,2022-07-04,60746948000112,BBDC4,BBDC4_2022-07-04_DISTRIBUTION_557,54.5940100799081,,0.0,54.5940100799081,JCP Mensais,UNKNOWN,EX_DATE_ECONOMIC_REINVESTMENT,https://www.bradescori.com.br/informacoes-ao-mercado/remuneracao-aos-acionistas/
CG_ONLY,V10,2022-08-01,60872504000123,ITUB4,ITUB4_2022-08-01_DISTRIBUTION_164,34.97123206516465,,0.0,34.97123206516465,JCP,UNKNOWN,EX_DATE_ECONOMIC_REINVESTMENT,cache/market.json.gz; SQLite corporate_actions/B3
CG_ONLY,V10,2022-08-02,60746948000112,BBDC4,BBDC4_2022-08-02_DISTRIBUTION_558,55.21694843559727,,0.0,55.21694843559727,JCP Mensais,UNKNOWN,EX_DATE_ECONOMIC_REINVESTMENT,https://www.bradescori.com.br/informacoes-ao-mercado/remuneracao-aos-acionistas/
CG_ONLY,V10,2022-08-17,02474103000119,TBLE3,TBLE3_2022-08-17_DISTRIBUTION_345,999.4642757246851,,0.0,999.4642757246851,CASH_DIVIDEND,UNKNOWN,EX_DATE_ECONOMIC_REINVESTMENT,cache/market.json.gz; SQLite corporate_actions/B3
CG_ONLY,V10,2022-08-18,17344597000194,BBSE3,CONT_2555_BBSE3_2022-08-18,2443.2105246363126,,0.0,2443.2105246363126,,UNKNOWN,EX_DATE_ECONOMIC_REINVESTMENT,BBSE_DIV
CG_ONLY,V10,2022-08-19,60872504000123,ITUB4,ITUB4_2022-08-19_DISTRIBUTION_163,613.6630803581855,,0.0,613.6630803581855,JCP,UNKNOWN,EX_DATE_ECONOMIC_REINVESTMENT,cache/market.json.gz; SQLite corporate_actions/B3
CG_ONLY,V10,2022-08-31,02149205000169,PSSA3,CONT_2770_PSSA3_2022-08-31,1595.6336104095897,,0.0,1595.6336104095897,,UNKNOWN,EX_DATE_ECONOMIC_REINVESTMENT,https://api.mziq.com/mzfilemanager/v2/d/b77a3922-d280-4451-b3ee-0afec4577834/4283e85d-e75d-f77c-2344-92e1a5e53405?origin=2;https://api.mziq.com/mzfilemanager/v2/d/b77a3922-d280-4451-b3ee-0afec4577834/7c50ca38-1ebc-6181-44f4-b4691917af27?origin=2;https://api.mziq.com/mzfilemanager/v2/d/b77a3922-d280-4451-b3ee-0afec4577834/41d3f69d-2eaf-9718-f70f-a7a11423b31a?origin=2
CG_ONLY,V10,2022-09-01,60872504000123,ITUB4,ITUB4_2022-09-01_DISTRIBUTION_162,35.7447587358347,,0.0,35.7447587358347,JCP,UNKNOWN,EX_DATE_ECONOMIC_REINVESTMENT,cache/market.json.gz; SQLite corporate_actions/B3
CG_ONLY,V10,2022-09-01,02558157000162,VIVT3,CONT_2771_VIVT3_2022-09-01,228.0395908478374,,0.0,228.0395908478374,,UNKNOWN,EX_DATE_ECONOMIC_REINVESTMENT,https://api.mziq.com/mzfilemanager/v2/d/24165f81-24d6-4648-bf9f-66712905d5a2/34b95df5-e8c3-6d48-b667-42e740e0df5e?origin=2
CG_ONLY,V10,2022-09-02,60746948000112,BBDC4,BBDC4_2022-09-02_DISTRIBUTION_559,55.58879279849026,,0.0,55.58879279849026,JCP Mensais,UNKNOWN,EX_DATE_ECONOMIC_REINVESTMENT,https://www.bradescori.com.br/informacoes-ao-mercado/remuneracao-aos-acionistas/
CG_ONLY,V10,2022-09-22,02558115000121,TIMS3,CONT_2772_TIMS3_2022-09-22,444.9998144160855,,0.0,444.9998144160855,,UNKNOWN,EX_DATE_ECONOMIC_REINVESTMENT,https://api.mziq.com/mzfilemanager/v2/d/4c4aa51f-1235-4aa1-8b83-adc92e8dacc3/e8292dc6-6925-d665-bf16-5f2fa1b5dd91?origin=2;https://api.mziq.com/mzfilemanager/v2/d/4c4aa51f-1235-4aa1-8b83-adc92e8dacc3/cb7f9c33-0c95-4504-aef8-f40895087360?origin=2
CG_ONLY,V10,2022-09-22,02558115000121,TIMS3,CONT_2773_TIMS3_2022-09-22,426.8365536340156,,0.0,426.8365536340156,,UNKNOWN,EX_DATE_ECONOMIC_REINVESTMENT,https://api.mziq.com/mzfilemanager/v2/d/4c4aa51f-1235-4aa1-8b83-adc92e8dacc3/e8292dc6-6925-d665-bf16-5f2fa1b5dd91?origin=2
CG_ONLY,V10,2022-09-26,17155730000164,CMIG4,CMIG4_2022-09-26_DISTRIBUTION_656,1731.2775216341424,,0.0,1731.2775216341424,,UNKNOWN,EX_DATE_ECONOMIC_REINVESTMENT,https://api.mziq.com/mzfilemanager/v2/d/716a131f-9624-452c-9088-0cd6983c1349/a2eb9f5f-37e1-8913-c1eb-c4281b5e23b2?origin=2
CG_ONLY,V10,2022-10-03,60872504000123,ITUB4,ITUB4_2022-10-03_DISTRIBUTION_161,35.93162725064542,,0.0,35.93162725064542,JCP,UNKNOWN,EX_DATE_ECONOMIC_REINVESTMENT,cache/market.json.gz; SQLite corporate_actions/B3
CG_ONLY,V10,2022-10-04,60746948000112,BBDC4,BBDC4_2022-10-04_DISTRIBUTION_560,55.7947832610192,,0.0,55.7947832610192,JCP Mensais,UNKNOWN,EX_DATE_ECONOMIC_REINVESTMENT,https://www.bradescori.com.br/informacoes-ao-mercado/remuneracao-aos-acionistas/
CG_ONLY,V10,2022-11-01,60872504000123,ITUB4,ITUB4_2022-11-01_DISTRIBUTION_160,35.97293343234259,,0.0,35.97293343234259,JCP,UNKNOWN,EX_DATE_ECONOMIC_REINVESTMENT,cache/market.json.gz; SQLite corporate_actions/B3
CG_ONLY,V10,2022-11-01,02149205000169,PSSA3,CONT_2774_PSSA3_2022-11-01,233.86896768876161,,0.0,233.86896768876161,,UNKNOWN,EX_DATE_ECONOMIC_REINVESTMENT,https://api.mziq.com/mzfilemanager/v2/d/b77a3922-d280-4451-b3ee-0afec4577834/93c93bbe-d850-f472-be6b-d36e031cbee7?origin=2;https://api.mziq.com/mzfilemanager/v2/d/b77a3922-d280-4451-b3ee-0afec4577834/41d3f69d-2eaf-9718-f70f-a7a11423b31a?origin=2;https://api.mziq.com/mzfilemanager/v2/d/b77a3922-d280-4451-b3ee-0afec4577834/478c2702-5245-8bef-9e67-f34653abeda5?origin=2
CG_ONLY,V10,2022-11-03,60746948000112,BBDC4,BBDC4_2022-11-03_DISTRIBUTION_561,56.22193338268981,,0.0,56.22193338268981,JCP Mensais,UNKNOWN,EX_DATE_ECONOMIC_REINVESTMENT,https://www.bradescori.com.br/informacoes-ao-mercado/remuneracao-aos-acionistas/
CG_ONLY,V10,2022-11-22,02474103000119,TBLE3,TBLE3_2022-11-22_DISTRIBUTION_344,844.9412270176709,,0.0,844.9412270176709,CASH_DIVIDEND,UNKNOWN,EX_DATE_ECONOMIC_REINVESTMENT,cache/market.json.gz; SQLite corporate_actions/B3
CG_ONLY,V10,2022-12-01,60872504000123,ITUB4,ITUB4_2022-12-01_DISTRIBUTION_159,36.02982047891721,,0.0,36.02982047891721,JCP,UNKNOWN,EX_DATE_ECONOMIC_REINVESTMENT,cache/market.json.gz; SQLite corporate_actions/B3
CG_ONLY,V10,2022-12-02,60746948000112,BBDC4,BBDC4_2022-12-02_DISTRIBUTION_562,57.197020993435686,,0.0,57.197020993435686,JCP Mensais,UNKNOWN,EX_DATE_ECONOMIC_REINVESTMENT,https://www.bradescori.com.br/informacoes-ao-mercado/remuneracao-aos-acionistas/
CG_ONLY,V10,2022-12-09,60872504000123,ITUB4,ITUB4_2022-12-09_DISTRIBUTION_158,999.0979543494868,,0.0,999.0979543494868,JCP,UNKNOWN,EX_DATE_ECONOMIC_REINVESTMENT,cache/market.json.gz; SQLite corporate_actions/B3
CG_ONLY,V10,2022-12-22,17155730000164,CMIG4,CMIG4_2022-12-22_DISTRIBUTION_657,1491.6111110587879,,0.0,1491.6111110587879,,UNKNOWN,EX_DATE_ECONOMIC_REINVESTMENT,https://api.mziq.com/mzfilemanager/v2/d/716a131f-9624-452c-9088-0cd6983c1349/a2eb9f5f-37e1-8913-c1eb-c4281b5e23b2?origin=2
CG_ONLY,V10,2022-12-22,02558115000121,TIMS3,CONT_2775_TIMS3_2022-12-22,854.7771563509493,,0.0,854.7771563509493,,UNKNOWN,EX_DATE_ECONOMIC_REINVESTMENT,https://api.mziq.com/mzfilemanager/v2/d/4c4aa51f-1235-4aa1-8b83-adc92e8dacc3/cb7f9c33-0c95-4504-aef8-f40895087360?origin=2
CG_ONLY,V10,2022-12-23,02474103000119,TBLE3,TBLE3_2022-12-23_DISTRIBUTION_343,363.93723848405205,,0.0,363.93723848405205,JCP,UNKNOWN,EX_DATE_ECONOMIC_REINVESTMENT,cache/market.json.gz; SQLite corporate_actions/B3
CG_ONLY,V10,2022-12-28,17155730000164,CMIG4,CMIG4_2022-12-28_DISTRIBUTION_658,1960.9380064953903,,0.0,1960.9380064953903,,UNKNOWN,EX_DATE_ECONOMIC_REINVESTMENT,https://api.mziq.com/mzfilemanager/v2/d/716a131f-9624-452c-9088-0cd6983c1349/a2eb9f5f-37e1-8913-c1eb-c4281b5e23b2?origin=2
CG_ONLY,V10,2023-01-02,60872504000123,ITUB4,ITUB4_2023-01-02_DISTRIBUTION_157,36.995466825909624,,0.0,36.995466825909624,JCP,UNKNOWN,EX_DATE_ECONOMIC_REINVESTMENT,cache/market.json.gz; SQLite corporate_actions/B3
CG_ONLY,V10,2023-01-02,02558157000162,VIVT3,CONT_2777_VIVT3_2023-01-02,798.8169890752501,,0.0,798.8169890752501,,UNKNOWN,EX_DATE_ECONOMIC_REINVESTMENT,https://api.mziq.com/mzfilemanager/v2/d/24165f81-24d6-4648-bf9f-66712905d5a2/34b95df5-e8c3-6d48-b667-42e740e0df5e?origin=2
CG_ONLY,V10,2023-01-02,02558157000162,VIVT3,CONT_2778_VIVT3_2023-01-02,571.1541471908636,,0.0,571.1541471908636,,UNKNOWN,EX_DATE_ECONOMIC_REINVESTMENT,https://api.mziq.com/mzfilemanager/v2/d/24165f81-24d6-4648-bf9f-66712905d5a2/34b95df5-e8c3-6d48-b667-42e740e0df5e?origin=2
CG_ONLY,V10,2023-01-02,76484013000145,SAPR4,CONT_2776_SAPR4_2023-01-02,2838.5430760346826,,0.0,2838.5430760346826,,UNKNOWN,EX_DATE_ECONOMIC_REINVESTMENT,https://ri.sanepar.com.br/docs/Sanepar-2025-12-18-cW6NmzgB.pdf
CG_ONLY,V10,2023-01-03,60746948000112,BBDC4,BBDC4_2023-01-03_DISTRIBUTION_535,58.171575404376256,,0.0,58.171575404376256,JCP Mensais,UNKNOWN,EX_DATE_ECONOMIC_REINVESTMENT,https://www.bradescori.com.br/informacoes-ao-mercado/remuneracao-aos-acionistas/
CG_ONLY,V10,2023-01-09,60746948000112,BBDC4,BBDC4_2023-01-09_DISTRIBUTION_563,1790.9864409472293,,0.0,1790.9864409472293,JCP Complementares,UNKNOWN,EX_DATE_ECONOMIC_REINVESTMENT,https://www.bradescori.com.br/informacoes-ao-mercado/remuneracao-aos-acionistas/
CG_ONLY,V10,2023-02-01,60872504000123,ITUB4,ITUB4_2023-02-01_DISTRIBUTION_156,37.25347079497949,,0.0,37.25347079497949,JCP,UNKNOWN,EX_DATE_ECONOMIC_REINVESTMENT,cache/market.json.gz; SQLite corporate_actions/B3
CG_ONLY,V10,2023-02-02,60746948000112,BBDC4,BBDC4_2023-02-02_DISTRIBUTION_536,61.63215750096755,,0.0,61.63215750096755,JCP Mensais,UNKNOWN,EX_DATE_ECONOMIC_REINVESTMENT,https://www.bradescori.com.br/informacoes-ao-mercado/remuneracao-aos-acionistas/
CG_ONLY,V10,2023-02-15,17344597000194,BBSE3,CONT_2554_BBSE3_2023-02-15,4495.5992827987775,,0.0,4495.5992827987775,,UNKNOWN,EX_DATE_ECONOMIC_REINVESTMENT,BBSE_DIV
CG_ONLY,V10,2023-03-01,60872504000123,ITUB4,ITUB4_2023-03-01_DISTRIBUTION_155,37.51410441267239,,0.0,37.51410441267239,JCP,UNKNOWN,EX_DATE_ECONOMIC_REINVESTMENT,cache/market.json.gz; SQLite corporate_actions/B3
CG_ONLY,V10,2023-03-01,02558157000162,VIVT3,CONT_2779_VIVT3_2023-03-01,88.60351988447508,,0.0,88.60351988447508,,UNKNOWN,EX_DATE_ECONOMIC_REINVESTMENT,https://api.mziq.com/mzfilemanager/v2/d/24165f81-24d6-4648-bf9f-66712905d5a2/34b95df5-e8c3-6d48-b667-42e740e0df5e?origin=2
CG_ONLY,V10,2023-03-02,60746948000112,BBDC4,BBDC4_2023-03-02_DISTRIBUTION_537,62.98145059375588,,0.0,62.98145059375588,JCP Mensais,UNKNOWN,EX_DATE_ECONOMIC_REINVESTMENT,https://www.bradescori.com.br/informacoes-ao-mercado/remuneracao-aos-acionistas/
CG_ONLY,V10,2023-03-24,60872504000123,ITUB4,ITUB4_2023-03-24_DISTRIBUTION_154,560.8992720353456,,0.0,560.8992720353456,JCP,UNKNOWN,EX_DATE_ECONOMIC_REINVESTMENT,cache/market.json.gz; SQLite corporate_actions/B3
CG_ONLY,V10,2023-03-28,17155730000164,CMIG4,CMIG4_2023-03-28_DISTRIBUTION_392,823.7680698649925,,0.0,823.7680698649925,JCP,UNKNOWN,EX_DATE_ECONOMIC_REINVESTMENT,cache/market.json.gz; SQLite corporate_actions/B3
CG_ONLY,V10,2023-04-03,60872504000123,ITUB4,ITUB4_2023-04-03_DISTRIBUTION_153,38.21212265349935,,0.0,38.21212265349935,JCP,UNKNOWN,EX_DATE_ECONOMIC_REINVESTMENT,cache/market.json.gz; SQLite corporate_actions/B3
CG_ONLY,V10,2023-04-03,02558157000162,VIVT3,CONT_2780_VIVT3_2023-04-03,244.73376475705,,0.0,244.73376475705,,UNKNOWN,EX_DATE_ECONOMIC_REINVESTMENT,https://api.mziq.com/mzfilemanager/v2/d/24165f81-24d6-4648-bf9f-66712905d5a2/34b95df5-e8c3-6d48-b667-42e740e0df5e?origin=2
CG_ONLY,V10,2023-04-04,60746948000112,BBDC4,BBDC4_2023-04-04_DISTRIBUTION_538,64.34768361107629,,0.0,64.34768361107629,JCP Mensais,UNKNOWN,EX_DATE_ECONOMIC_REINVESTMENT,https://www.bradescori.com.br/informacoes-ao-mercado/remuneracao-aos-acionistas/
CG_ONLY,V10,2023-04-11,02558115000121,TIMS3,CONT_2781_TIMS3_2023-04-11,1170.680605562042,,0.0,1170.680605562042,,UNKNOWN,EX_DATE_ECONOMIC_REINVESTMENT,https://api.mziq.com/mzfilemanager/v2/d/4c4aa51f-1235-4aa1-8b83-adc92e8dacc3/65baccdd-ad03-3938-5dcf-db9a05043e8c?origin=2
CG_ONLY,V10,2023-04-14,02558157000162,VIVT3,CONT_2782_VIVT3_2023-04-14,706.4890004616173,,0.0,706.4890004616173,,UNKNOWN,EX_DATE_ECONOMIC_REINVESTMENT,https://api.mziq.com/mzfilemanager/v2/d/24165f81-24d6-4648-bf9f-66712905d5a2/34b95df5-e8c3-6d48-b667-42e740e0df5e?origin=2
CG_ONLY,V10,2023-04-26,02558115000121,TIMS3,CONT_2783_TIMS3_2023-04-26,457.3167930487,,0.0,457.3167930487,,UNKNOWN,EX_DATE_ECONOMIC_REINVESTMENT,https://api.mziq.com/mzfilemanager/v2/d/4c4aa51f-1235-4aa1-8b83-adc92e8dacc3/1bb47dfa-27fa-b744-32bc-1c8d88460d5e?origin=2
CG_ONLY,V10,2023-04-28,17155730000164,CMIG4,CMIG4_2023-04-28_DISTRIBUTION_391,487.405624271475,,0.0,487.405624271475,CASH_DIVIDEND,UNKNOWN,EX_DATE_ECONOMIC_REINVESTMENT,cache/market.json.gz; SQLite corporate_actions/B3
CG_ONLY,V10,2023-05-02,60872504000123,ITUB4,ITUB4_2023-05-02_DISTRIBUTION_152,38.53536982772958,,0.0,38.53536982772958,JCP,UNKNOWN,EX_DATE_ECONOMIC_REINVESTMENT,cache/market.json.gz; SQLite corporate_actions/B3
CG_ONLY,V10,2023-05-02,43776517000180,SBSP3,CONT_2438_SBSP3_2023-05-02,1839.1424593911888,,0.0,1839.1424593911888,,UNKNOWN,EX_DATE_ECONOMIC_REINVESTMENT,SBSP_2021;SBSP_2022;SBSP_2023;SBSP_2024
CG_ONLY,V10,2023-05-03,60746948000112,BBDC4,BBDC4_2023-05-03_DISTRIBUTION_539,65.70629822625459,,0.0,65.70629822625459,JCP Mensais,UNKNOWN,EX_DATE_ECONOMIC_REINVESTMENT,https://www.bradescori.com.br/informacoes-ao-mercado/remuneracao-aos-acionistas/
CG_ONLY,V10,2023-05-09,02474103000119,TBLE3,TBLE3_2023-05-09_DISTRIBUTION_342,2718.903007003552,,0.0,2718.903007003552,CASH_DIVIDEND,UNKNOWN,EX_DATE_ECONOMIC_REINVESTMENT,cache/market.json.gz; SQLite corporate_actions/B3
CG_ONLY,V10,2023-06-01,60872504000123,ITUB4,ITUB4_2023-06-01_DISTRIBUTION_151,38.891977307384686,,0.0,38.891977307384686,JCP,UNKNOWN,EX_DATE_ECONOMIC_REINVESTMENT,cache/market.json.gz; SQLite corporate_actions/B3
CG_ONLY,V10,2023-06-01,02558157000162,VIVT3,CONT_2784_VIVT3_2023-06-01,278.9199576424846,,0.0,278.9199576424846,,UNKNOWN,EX_DATE_ECONOMIC_REINVESTMENT,https://api.mziq.com/mzfilemanager/v2/d/24165f81-24d6-4648-bf9f-66712905d5a2/34b95df5-e8c3-6d48-b667-42e740e0df5e?origin=2
CG_ONLY,V10,2023-06-02,60746948000112,BBDC4,BBDC4_2023-06-02_DISTRIBUTION_540,66.71712707497322,,0.0,66.71712707497322,JCP Mensais,UNKNOWN,EX_DATE_ECONOMIC_REINVESTMENT,https://www.bradescori.com.br/informacoes-ao-mercado/remuneracao-aos-acionistas/
CG_ONLY,V10,2023-06-20,60872504000123,ITUB4,ITUB4_2023-06-20_DISTRIBUTION_150,590.8911309512929,,0.0,590.8911309512929,JCP,UNKNOWN,EX_DATE_ECONOMIC_REINVESTMENT,cache/market.json.gz; SQLite corporate_actions/B3
CG_ONLY,V10,2023-06-23,02558115000121,TIMS3,CONT_2785_TIMS3_2023-06-23,582.0656221418782,,0.0,582.0656221418782,,UNKNOWN,EX_DATE_ECONOMIC_REINVESTMENT,https://api.mziq.com/mzfilemanager/v2/d/4c4aa51f-1235-4aa1-8b83-adc92e8dacc3/f9bfbb53-bd62-8696-5738-d8d4278047c5?origin=2;https://api.mziq.com/mzfilemanager/v2/d/4c4aa51f-1235-4aa1-8b83-adc92e8dacc3/83680557-8387-d00f-24f1-bfd20a1effa5?origin=2
CG_ONLY,V10,2023-06-26,17155730000164,CMIG4,CMIG4_2023-06-26_DISTRIBUTION_390,839.6951037998359,,0.0,839.6951037998359,JCP,UNKNOWN,EX_DATE_ECONOMIC_REINVESTMENT,cache/market.json.gz; SQLite corporate_actions/B3
CG_ONLY,V10,2023-06-27,60746948000112,BBDC4,BBDC4_2023-06-27_DISTRIBUTION_541,693.1263186841109,,0.0,693.1263186841109,JCP Intermediários,UNKNOWN,EX_DATE_ECONOMIC_REINVESTMENT,https://www.bradescori.com.br/informacoes-ao-mercado/remuneracao-aos-acionistas/
CG_ONLY,V10,2023-06-30,02149205000169,PSSA3,CONT_2786_PSSA3_2023-06-30,1597.6069928094453,,0.0,1597.6069928094453,,UNKNOWN,EX_DATE_ECONOMIC_REINVESTMENT,https://api.mziq.com/mzfilemanager/v2/d/b77a3922-d280-4451-b3ee-0afec4577834/48f3e545-5f5b-0f87-1454-e0d6df50b7a5?origin=2;https://api.mziq.com/mzfilemanager/v2/d/b77a3922-d280-4451-b3ee-0afec4577834/3ada0e5c-8000-0a0c-803a-056115098836?origin=2
CG_ONLY,V10,2023-07-03,60872504000123,ITUB4,ITUB4_2023-07-03_DISTRIBUTION_149,39.52608612301989,,0.0,39.52608612301989,JCP,UNKNOWN,EX_DATE_ECONOMIC_REINVESTMENT,cache/market.json.gz; SQLite corporate_actions/B3
CG_ONLY,V10,2023-07-03,76484013000145,SAPR4,CONT_2787_SAPR4_2023-07-03,2982.9560118967597,,0.0,2982.9560118967597,,UNKNOWN,EX_DATE_ECONOMIC_REINVESTMENT,https://ri.sanepar.com.br/docs/Sanepar-2025-12-18-cW6NmzgB.pdf
CG_ONLY,V10,2023-07-04,60746948000112,BBDC4,BBDC4_2023-07-04_DISTRIBUTION_542,68.52625147524243,,0.0,68.52625147524243,JCP Mensais,UNKNOWN,EX_DATE_ECONOMIC_REINVESTMENT,https://www.bradescori.com.br/informacoes-ao-mercado/remuneracao-aos-acionistas/
CG_ONLY,V10,2023-08-01,60872504000123,ITUB4,ITUB4_2023-08-01_DISTRIBUTION_148,39.74686992570103,,0.0,39.74686992570103,JCP,UNKNOWN,EX_DATE_ECONOMIC_REINVESTMENT,cache/market.json.gz; SQLite corporate_actions/B3
CG_ONLY,V10,2023-08-01,02558157000162,VIVT3,CONT_2788_VIVT3_2023-08-01,362.05550822758886,,0.0,362.05550822758886,,UNKNOWN,EX_DATE_ECONOMIC_REINVESTMENT,https://api.mziq.com/mzfilemanager/v2/d/24165f81-24d6-4648-bf9f-66712905d5a2/34b95df5-e8c3-6d48-b667-42e740e0df5e?origin=2
CG_ONLY,V10,2023-08-02,60746948000112,BBDC4,BBDC4_2023-08-02_DISTRIBUTION_543,69.51660832345297,,0.0,69.51660832345297,JCP Mensais,UNKNOWN,EX_DATE_ECONOMIC_REINVESTMENT,https://www.bradescori.com.br/informacoes-ao-mercado/remuneracao-aos-acionistas/
CG_ONLY,V10,2023-08-17,17344597000194,BBSE3,CONT_2553_BBSE3_2023-08-17,4134.993814447496,,0.0,4134.993814447496,,UNKNOWN,EX_DATE_ECONOMIC_REINVESTMENT,BBSE_DIV
CG_ONLY,V10,2023-08-22,02474103000119,TBLE3,TBLE3_2023-08-22_DISTRIBUTION_341,1506.7342659273636,,0.0,1506.7342659273636,CASH_DIVIDEND,UNKNOWN,EX_DATE_ECONOMIC_REINVESTMENT,cache/market.json.gz; SQLite corporate_actions/B3
CG_ONLY,V10,2023-09-01,60872504000123,ITUB4,ITUB4_2023-09-01_DISTRIBUTION_147,39.95406758804623,,0.0,39.95406758804623,JCP,UNKNOWN,EX_DATE_ECONOMIC_REINVESTMENT,cache/market.json.gz; SQLite corporate_actions/B3
CG_ONLY,V10,2023-09-01,02558157000162,VIVT3,CONT_2789_VIVT3_2023-09-01,240.90607227199757,,0.0,240.90607227199757,,UNKNOWN,EX_DATE_ECONOMIC_REINVESTMENT,https://api.mziq.com/mzfilemanager/v2/d/24165f81-24d6-4648-bf9f-66712905d5a2/34b95df5-e8c3-6d48-b667-42e740e0df5e?origin=2
CG_ONLY,V10,2023-09-04,60746948000112,BBDC4,BBDC4_2023-09-04_DISTRIBUTION_544,70.75675104809179,,0.0,70.75675104809179,JCP Mensais,UNKNOWN,EX_DATE_ECONOMIC_REINVESTMENT,https://www.bradescori.com.br/informacoes-ao-mercado/remuneracao-aos-acionistas/
CG_ONLY,V10,2023-09-11,60872504000123,XPBR31,XPBR31_2023-09-11_DISTRIBUTION_687,119.44146131119713,,0.0,119.44146131119713,,UNKNOWN,EX_DATE_ECONOMIC_REINVESTMENT,https://api.mziq.com/mzfilemanager/v2/d/d1820734-8b3f-4a23-8642-331a3a8561a6/974f8122-1809-7583-6d0a-c5e21b2004b8?origin=1
CG_ONLY,V10,2023-09-19,60872504000123,ITUB4,ITUB4_2023-09-19_DISTRIBUTION_146,613.4110787206068,,0.0,613.4110787206068,JCP,UNKNOWN,EX_DATE_ECONOMIC_REINVESTMENT,cache/market.json.gz; SQLite corporate_actions/B3
CG_ONLY,V10,2023-09-22,02558115000121,TIMS3,CONT_2790_TIMS3_2023-09-22,869.512691504328,,0.0,869.512691504328,,UNKNOWN,EX_DATE_ECONOMIC_REINVESTMENT,https://api.mziq.com/mzfilemanager/v2/d/4c4aa51f-1235-4aa1-8b83-adc92e8dacc3/d33fa338-50a0-bacd-2e30-a8d3cd8573cf?origin=2
CG_ONLY,V10,2023-09-25,02558157000162,VIVT3,CONT_2791_VIVT3_2023-09-25,184.16031484487286,,0.0,184.16031484487286,,UNKNOWN,EX_DATE_ECONOMIC_REINVESTMENT,https://api.mziq.com/mzfilemanager/v2/d/24165f81-24d6-4648-bf9f-66712905d5a2/34b95df5-e8c3-6d48-b667-42e740e0df5e?origin=2
CG_ONLY,V10,2023-09-26,17155730000164,CMIG4,CMIG4_2023-09-26_DISTRIBUTION_389,828.8363265985847,,0.0,828.8363265985847,JCP,UNKNOWN,EX_DATE_ECONOMIC_REINVESTMENT,cache/market.json.gz; SQLite corporate_actions/B3
CG_ONLY,V10,2023-09-29,02149205000169,PSSA3,CONT_2792_PSSA3_2023-09-29,809.0822132088392,,0.0,809.0822132088392,,UNKNOWN,EX_DATE_ECONOMIC_REINVESTMENT,https://api.mziq.com/mzfilemanager/v2/d/b77a3922-d280-4451-b3ee-0afec4577834/278b0bbf-318b-7e48-5e64-4da0386b1ef5?origin=2;https://api.mziq.com/mzfilemanager/v2/d/b77a3922-d280-4451-b3ee-0afec4577834/3ada0e5c-8000-0a0c-803a-056115098836?origin=2
CG_ONLY,V10,2023-10-02,60872504000123,ITUB4,ITUB4_2023-10-02_DISTRIBUTION_145,40.60176662841831,,0.0,40.60176662841831,JCP,UNKNOWN,EX_DATE_ECONOMIC_REINVESTMENT,cache/market.json.gz; SQLite corporate_actions/B3
CG_ONLY,V10,2023-10-03,60746948000112,BBDC4,BBDC4_2023-10-03_DISTRIBUTION_545,72.23719094444205,,0.0,72.23719094444205,JCP Mensais,UNKNOWN,EX_DATE_ECONOMIC_REINVESTMENT,https://www.bradescori.com.br/informacoes-ao-mercado/remuneracao-aos-acionistas/
CG_ONLY,V10,2023-10-24,02558157000162,VIVT3,CONT_2793_VIVT3_2023-10-24,139.41459455914054,,0.0,139.41459455914054,,UNKNOWN,EX_DATE_ECONOMIC_REINVESTMENT,https://api.mziq.com/mzfilemanager/v2/d/24165f81-24d6-4648-bf9f-66712905d5a2/34b95df5-e8c3-6d48-b667-42e740e0df5e?origin=2
CG_ONLY,V10,2023-11-01,60872504000123,ITUB4,ITUB4_2023-11-01_DISTRIBUTION_144,40.9035697235967,,0.0,40.9035697235967,JCP,UNKNOWN,EX_DATE_ECONOMIC_REINVESTMENT,cache/market.json.gz; SQLite corporate_actions/B3
CG_ONLY,V10,2023-11-03,60746948000112,BBDC4,BBDC4_2023-11-03_DISTRIBUTION_546,73.80328278314364,,0.0,73.80328278314364,JCP Mensais,UNKNOWN,EX_DATE_ECONOMIC_REINVESTMENT,https://www.bradescori.com.br/informacoes-ao-mercado/remuneracao-aos-acionistas/
CG_ONLY,V10,2023-12-01,60872504000123,ITUB4,ITUB4_2023-12-01_DISTRIBUTION_143,41.23031873516626,,0.0,41.23031873516626,JCP,UNKNOWN,EX_DATE_ECONOMIC_REINVESTMENT,cache/market.json.gz; SQLite corporate_actions/B3
CG_ONLY,V10,2023-12-04,60746948000112,BBDC4,BBDC4_2023-12-04_DISTRIBUTION_547,75.2632146998449,,0.0,75.2632146998449,JCP Mensais,UNKNOWN,EX_DATE_ECONOMIC_REINVESTMENT,https://www.bradescori.com.br/informacoes-ao-mercado/remuneracao-aos-acionistas/
CG_ONLY,V10,2023-12-07,60872504000123,ITUB4,ITUB4_2023-12-07_DISTRIBUTION_142,580.2749971077237,,0.0,580.2749971077237,JCP,UNKNOWN,EX_DATE_ECONOMIC_REINVESTMENT,cache/market.json.gz; SQLite corporate_actions/B3
CG_ONLY,V10,2023-12-12,60872504000123,XPBR31,XPBR31_2023-12-12_DISTRIBUTION_688,154.18516988921087,,0.0,154.18516988921087,,UNKNOWN,EX_DATE_ECONOMIC_REINVESTMENT,https://api.mziq.com/mzfilemanager/v2/d/d1820734-8b3f-4a23-8642-331a3a8561a6/bcf8391a-ada6-8146-717d-479c39aa4bd9?origin=1
CG_ONLY,V10,2023-12-22,60746948000112,BBDC4,BBDC4_2023-12-22_DISTRIBUTION_548,781.9039000797874,,0.0,781.9039000797874,JCP Intermediários,UNKNOWN,EX_DATE_ECONOMIC_REINVESTMENT,https://www.bradescori.com.br/informacoes-ao-mercado/remuneracao-aos-acionistas/
CG_ONLY,V10,2023-12-22,60746948000112,BBDC4,BBDC4_2023-12-22_DISTRIBUTION_549,1953.9778421773533,,0.0,1953.9778421773533,JCP Complementares,UNKNOWN,EX_DATE_ECONOMIC_REINVESTMENT,https://www.bradescori.com.br/informacoes-ao-mercado/remuneracao-aos-acionistas/
CG_ONLY,V10,2023-12-22,17155730000164,CMIG4,CMIG4_2023-12-22_DISTRIBUTION_388,2642.5769597682893,,0.0,2642.5769597682893,JCP,UNKNOWN,EX_DATE_ECONOMIC_REINVESTMENT,cache/market.json.gz; SQLite corporate_actions/B3
CG_ONLY,V10,2023-12-22,02474103000119,TBLE3,TBLE3_2023-12-22_DISTRIBUTION_340,299.065145302662,,0.0,299.065145302662,JCP,UNKNOWN,EX_DATE_ECONOMIC_REINVESTMENT,cache/market.json.gz; SQLite corporate_actions/B3
CG_ONLY,V10,2023-12-22,02558115000121,TIMS3,CONT_2794_TIMS3_2023-12-22,1357.2960120461948,,0.0,1357.2960120461948,,UNKNOWN,EX_DATE_ECONOMIC_REINVESTMENT,https://api.mziq.com/mzfilemanager/v2/d/4c4aa51f-1235-4aa1-8b83-adc92e8dacc3/91b24dc2-38fd-230c-4323-946e884a2ae0?origin=2
CG_ONLY,V10,2023-12-27,02558157000162,VIVT3,CONT_2795_VIVT3_2023-12-27,796.8510969247328,,0.0,796.8510969247328,,UNKNOWN,EX_DATE_ECONOMIC_REINVESTMENT,https://api.mziq.com/mzfilemanager/v2/d/24165f81-24d6-4648-bf9f-66712905d5a2/34b95df5-e8c3-6d48-b667-42e740e0df5e?origin=2
CG_ONLY,V10,2023-12-28,02149205000169,PSSA3,CONT_2796_PSSA3_2023-12-28,1498.8158116624656,,0.0,1498.8158116624656,,UNKNOWN,EX_DATE_ECONOMIC_REINVESTMENT,https://api.mziq.com/mzfilemanager/v2/d/b77a3922-d280-4451-b3ee-0afec4577834/f7090ee5-156b-83e5-90db-4d562bf4c5da?origin=2
CG_ONLY,V10,2024-01-02,60872504000123,ITUB4,ITUB4_2024-01-02_DISTRIBUTION_141,41.74864826077998,,0.0,41.74864826077998,JCP,UNKNOWN,EX_DATE_ECONOMIC_REINVESTMENT,cache/market.json.gz; SQLite corporate_actions/B3
CG_ONLY,V10,2024-01-02,76484013000145,SAPR4,CONT_2797_SAPR4_2024-01-02,2137.6322818365943,,0.0,2137.6322818365943,,UNKNOWN,EX_DATE_ECONOMIC_REINVESTMENT,https://ri.sanepar.com.br/docs/Sanepar-2025-12-18-cW6NmzgB.pdf
CG_ONLY,V10,2024-01-03,60746948000112,BBDC4,BBDC4_2024-01-03_DISTRIBUTION_520,79.53036804125986,,0.0,79.53036804125986,JCP Mensais,UNKNOWN,EX_DATE_ECONOMIC_REINVESTMENT,https://www.bradescori.com.br/informacoes-ao-mercado/remuneracao-aos-acionistas/
CG_ONLY,V10,2024-02-01,60872504000123,ITUB4,ITUB4_2024-02-01_DISTRIBUTION_140,41.87714891090947,,0.0,41.87714891090947,JCP,UNKNOWN,EX_DATE_ECONOMIC_REINVESTMENT,cache/market.json.gz; SQLite corporate_actions/B3
CG_ONLY,V10,2024-02-02,60746948000112,BBDC4,BBDC4_2024-02-02_DISTRIBUTION_521,80.74885850496936,,0.0,80.74885850496936,JCP Mensais,UNKNOWN,EX_DATE_ECONOMIC_REINVESTMENT,https://www.bradescori.com.br/informacoes-ao-mercado/remuneracao-aos-acionistas/
CG_ONLY,V10,2024-02-09,17344597000194,BBSE3,CONT_2552_BBSE3_2024-02-09,3367.6814808321287,,0.0,3367.6814808321287,,UNKNOWN,EX_DATE_ECONOMIC_REINVESTMENT,BBSE_DIV
CG_ONLY,V10,2024-02-22,60872504000123,ITUB4,ITUB4_2024-02-22_DISTRIBUTION_139,2677.864760347913,,0.0,2677.864760347913,CASH_DIVIDEND,UNKNOWN,EX_DATE_ECONOMIC_REINVESTMENT,cache/market.json.gz; SQLite corporate_actions/B3
CG_ONLY,V10,2024-03-01,60872504000123,ITUB4,ITUB4_2024-03-01_DISTRIBUTION_138,43.39167084361927,,0.0,43.39167084361927,JCP,UNKNOWN,EX_DATE_ECONOMIC_REINVESTMENT,cache/market.json.gz; SQLite corporate_actions/B3
CG_ONLY,V10,2024-03-04,60746948000112,BBDC4,BBDC4_2024-03-04_DISTRIBUTION_522,82.5842596801019,,0.0,82.5842596801019,JCP Mensais,UNKNOWN,EX_DATE_ECONOMIC_REINVESTMENT,https://www.bradescori.com.br/informacoes-ao-mercado/remuneracao-aos-acionistas/
CG_ONLY,V10,2024-03-22,60872504000123,ITUB4,ITUB4_2024-03-22_DISTRIBUTION_137,594.903496101433,,0.0,594.903496101433,JCP,UNKNOWN,EX_DATE_ECONOMIC_REINVESTMENT,cache/market.json.gz; SQLite corporate_actions/B3
CG_ONLY,V10,2024-03-25,02558115000121,TIMS3,CONT_2798_TIMS3_2024-03-25,420.77098176863507,,0.0,420.77098176863507,,UNKNOWN,EX_DATE_ECONOMIC_REINVESTMENT,https://api.mziq.com/mzfilemanager/v2/d/4c4aa51f-1235-4aa1-8b83-adc92e8dacc3/c868d86f-70be-ac1e-09f4-aa649775ffce?origin=2;https://api.mziq.com/mzfilemanager/v2/d/4c4aa51f-1235-4aa1-8b83-adc92e8dacc3/faf16da3-dab4-e1dd-f656-258905eb9fb1?origin=2
CG_ONLY,V10,2024-03-27,17155730000164,CMIG4,CMIG4_2024-03-27_DISTRIBUTION_387,792.9998763285737,,0.0,792.9998763285737,JCP,UNKNOWN,EX_DATE_ECONOMIC_REINVESTMENT,cache/market.json.gz; SQLite corporate_actions/B3
CG_ONLY,V10,2024-04-01,60872504000123,ITUB4,ITUB4_2024-04-01_DISTRIBUTION_136,43.73590006376326,,0.0,43.73590006376326,JCP,UNKNOWN,EX_DATE_ECONOMIC_REINVESTMENT,cache/market.json.gz; SQLite corporate_actions/B3
CG_ONLY,V10,2024-04-01,02149205000169,PSSA3,CONT_2799_PSSA3_2024-04-01,272.84127518917626,,0.0,272.84127518917626,,UNKNOWN,EX_DATE_ECONOMIC_REINVESTMENT,https://api.mziq.com/mzfilemanager/v2/d/b77a3922-d280-4451-b3ee-0afec4577834/ba54f038-ceec-de5f-c468-8a33b22d345a?origin=2;https://api.mziq.com/mzfilemanager/v2/d/b77a3922-d280-4451-b3ee-0afec4577834/b5cca7ab-60ac-611f-1138-e8ff6eeaf480?origin=2;https://api.mziq.com/mzfilemanager/v2/d/b77a3922-d280-4451-b3ee-0afec4577834/12d0f45e-e5c8-5f7a-dbc5-3e171187dab9?origin=2
CG_ONLY,V10,2024-04-01,02149205000169,PSSA3,CONT_2800_PSSA3_2024-04-01,872.6278588612448,,0.0,872.6278588612448,,UNKNOWN,EX_DATE_ECONOMIC_REINVESTMENT,https://api.mziq.com/mzfilemanager/v2/d/b77a3922-d280-4451-b3ee-0afec4577834/595d4d3e-f1bf-31d5-9d2d-53b9f100a5b7?origin=2;https://api.mziq.com/mzfilemanager/v2/d/b77a3922-d280-4451-b3ee-0afec4577834/a730da5f-6984-07cc-1fac-1fab6adcd8e6?origin=2;https://api.mziq.com/mzfilemanager/v2/d/b77a3922-d280-4451-b3ee-0afec4577834/c51162ba-772b-3276-e991-5239fc18f0bc?origin=2
CG_ONLY,V10,2024-04-01,02558157000162,VIVT3,CONT_2801_VIVT3_2024-04-01,286.46628317928713,,0.0,286.46628317928713,,UNKNOWN,EX_DATE_ECONOMIC_REINVESTMENT,https://api.mziq.com/mzfilemanager/v2/d/24165f81-24d6-4648-bf9f-66712905d5a2/34b95df5-e8c3-6d48-b667-42e740e0df5e?origin=2
CG_ONLY,V10,2024-04-02,60746948000112,BBDC4,BBDC4_2024-04-02_DISTRIBUTION_523,84.23787100939307,,0.0,84.23787100939307,JCP Mensais,UNKNOWN,EX_DATE_ECONOMIC_REINVESTMENT,https://www.bradescori.com.br/informacoes-ao-mercado/remuneracao-aos-acionistas/
CG_ONLY,V10,2024-04-10,02558115000121,TIMS3,CONT_2802_TIMS3_2024-04-10,921.5106837449091,,0.0,921.5106837449091,,UNKNOWN,EX_DATE_ECONOMIC_REINVESTMENT,https://api.mziq.com/mzfilemanager/v2/d/4c4aa51f-1235-4aa1-8b83-adc92e8dacc3/1c513fe5-4ad4-c0cd-56b1-b8cf5e09401c?origin=2;https://api.mziq.com/mzfilemanager/v2/d/4c4aa51f-1235-4aa1-8b83-adc92e8dacc3/56b8f088-3226-1f4d-1e20-01d4c3f66c49?origin=2
CG_ONLY,V10,2024-04-10,02558115000121,TIMS3,CONT_2803_TIMS3_2024-04-10,923.6242371795183,,0.0,923.6242371795183,,UNKNOWN,EX_DATE_ECONOMIC_REINVESTMENT,https://api.mziq.com/mzfilemanager/v2/d/4c4aa51f-1235-4aa1-8b83-adc92e8dacc3/1c513fe5-4ad4-c0cd-56b1-b8cf5e09401c?origin=2
CG_ONLY,V10,2024-04-10,02558115000121,TIMS3,CONT_2804_TIMS3_2024-04-10,923.6242371795183,,0.0,923.6242371795183,,UNKNOWN,EX_DATE_ECONOMIC_REINVESTMENT,https://api.mziq.com/mzfilemanager/v2/d/4c4aa51f-1235-4aa1-8b83-adc92e8dacc3/1c513fe5-4ad4-c0cd-56b1-b8cf5e09401c?origin=2
CG_ONLY,V10,2024-04-11,02558157000162,VIVT3,CONT_2805_VIVT3_2024-04-11,1444.6239562516228,,0.0,1444.6239562516228,,UNKNOWN,EX_DATE_ECONOMIC_REINVESTMENT,https://api.mziq.com/mzfilemanager/v2/d/24165f81-24d6-4648-bf9f-66712905d5a2/34b95df5-e8c3-6d48-b667-42e740e0df5e?origin=2
CG_ONLY,V10,2024-04-26,43776517000180,SBSP3,CONT_2439_SBSP3_2024-04-26,2138.98958935597,,0.0,2138.98958935597,,UNKNOWN,EX_DATE_ECONOMIC_REINVESTMENT,SBSP_2021;SBSP_2022;SBSP_2023;SBSP_2024
CG_ONLY,V10,2024-04-30,17155730000164,CMIG4,CMIG4_2024-04-30_DISTRIBUTION_386,1101.9080543708055,,0.0,1101.9080543708055,CASH_DIVIDEND,UNKNOWN,EX_DATE_ECONOMIC_REINVESTMENT,cache/market.json.gz; SQLite corporate_actions/B3
CG_ONLY,V10,2024-04-30,02558157000162,VIVT3,CONT_2806_VIVT3_2024-04-30,372.94360982492407,,0.0,372.94360982492407,,UNKNOWN,EX_DATE_ECONOMIC_REINVESTMENT,https://api.mziq.com/mzfilemanager/v2/d/24165f81-24d6-4648-bf9f-66712905d5a2/34b95df5-e8c3-6d48-b667-42e740e0df5e?origin=2
CG_ONLY,V10,2024-05-02,60872504000123,ITUB4,ITUB4_2024-05-02_DISTRIBUTION_135,43.802891435512166,,0.0,43.802891435512166,JCP,UNKNOWN,EX_DATE_ECONOMIC_REINVESTMENT,cache/market.json.gz; SQLite corporate_actions/B3
CG_ONLY,V10,2024-05-03,60746948000112,BBDC4,BBDC4_2024-05-03_DISTRIBUTION_524,85.81652737836816,,0.0,85.81652737836816,JCP Mensais,UNKNOWN,EX_DATE_ECONOMIC_REINVESTMENT,https://www.bradescori.com.br/informacoes-ao-mercado/remuneracao-aos-acionistas/
CG_ONLY,V10,2024-05-07,02474103000119,TBLE3,TBLE3_2024-05-07_DISTRIBUTION_339,2169.246157167817,,0.0,2169.246157167817,CASH_DIVIDEND,UNKNOWN,EX_DATE_ECONOMIC_REINVESTMENT,cache/market.json.gz; SQLite corporate_actions/B3
CG_ONLY,V10,2024-06-03,60872504000123,ITUB4,ITUB4_2024-06-03_DISTRIBUTION_134,43.980838768366226,,0.0,43.980838768366226,JCP,UNKNOWN,EX_DATE_ECONOMIC_REINVESTMENT,cache/market.json.gz; SQLite corporate_actions/B3
CG_ONLY,V10,2024-06-04,60746948000112,BBDC4,BBDC4_2024-06-04_DISTRIBUTION_525,87.64135470203394,,0.0,87.64135470203394,JCP Mensais,UNKNOWN,EX_DATE_ECONOMIC_REINVESTMENT,https://www.bradescori.com.br/informacoes-ao-mercado/remuneracao-aos-acionistas/
CG_ONLY,V10,2024-06-18,60746948000112,BBDC4,BBDC4_2024-06-18_DISTRIBUTION_526,1827.387239912771,,0.0,1827.387239912771,JCP Intermediários,UNKNOWN,EX_DATE_ECONOMIC_REINVESTMENT,https://www.bradescori.com.br/informacoes-ao-mercado/remuneracao-aos-acionistas/
CG_ONLY,V10,2024-06-21,60872504000123,ITUB4,ITUB4_2024-06-21_DISTRIBUTION_133,627.580780416392,,0.0,627.580780416392,JCP,UNKNOWN,EX_DATE_ECONOMIC_REINVESTMENT,cache/market.json.gz; SQLite corporate_actions/B3
CG_ONLY,V10,2024-06-24,17155730000164,CMIG4,CMIG4_2024-06-24_DISTRIBUTION_385,896.6415632889167,,0.0,896.6415632889167,JCP,UNKNOWN,EX_DATE_ECONOMIC_REINVESTMENT,cache/market.json.gz; SQLite corporate_actions/B3
CG_ONLY,V10,2024-06-24,02558115000121,TIMS3,CONT_2807_TIMS3_2024-06-24,655.5282388134915,,0.0,655.5282388134915,,UNKNOWN,EX_DATE_ECONOMIC_REINVESTMENT,https://api.mziq.com/mzfilemanager/v2/d/4c4aa51f-1235-4aa1-8b83-adc92e8dacc3/a9b987e8-5f5b-af7e-b56d-4353e72d5c13?origin=2
CG_ONLY,V10,2024-06-27,02558157000162,VIVT3,CONT_2808_VIVT3_2024-06-27,175.33751451138278,,0.0,175.33751451138278,,UNKNOWN,EX_DATE_ECONOMIC_REINVESTMENT,https://api.mziq.com/mzfilemanager/v2/d/24165f81-24d6-4648-bf9f-66712905d5a2/34b95df5-e8c3-6d48-b667-42e740e0df5e?origin=2
CG_ONLY,V10,2024-07-01,60872504000123,ITUB4,ITUB4_2024-07-01_DISTRIBUTION_132,46.479964193470416,,0.0,46.479964193470416,JCP,UNKNOWN,EX_DATE_ECONOMIC_REINVESTMENT,cache/market.json.gz; SQLite corporate_actions/B3
CG_ONLY,V10,2024-07-01,02149205000169,PSSA3,CONT_2809_PSSA3_2024-07-01,928.1162415292633,,0.0,928.1162415292633,,UNKNOWN,EX_DATE_ECONOMIC_REINVESTMENT,https://api.mziq.com/mzfilemanager/v2/d/b77a3922-d280-4451-b3ee-0afec4577834/e777cb3f-2ccb-ec02-431c-98d1c9239971?origin=2;https://api.mziq.com/mzfilemanager/v2/d/b77a3922-d280-4451-b3ee-0afec4577834/a730da5f-6984-07cc-1fac-1fab6adcd8e6?origin=2;https://api.mziq.com/mzfilemanager/v2/d/b77a3922-d280-4451-b3ee-0afec4577834/c51162ba-772b-3276-e991-5239fc18f0bc?origin=2
CG_ONLY,V10,2024-07-01,76484013000145,SAPR4,CONT_2810_SAPR4_2024-07-01,2461.1699073888904,,0.0,2461.1699073888904,,UNKNOWN,EX_DATE_ECONOMIC_REINVESTMENT,https://ri.sanepar.com.br/docs/Sanepar-2025-12-18-cW6NmzgB.pdf
CG_ONLY,V10,2024-07-02,60746948000112,BBDC4,BBDC4_2024-07-02_DISTRIBUTION_527,134.61032657394168,,0.0,134.61032657394168,JCP Mensais,UNKNOWN,EX_DATE_ECONOMIC_REINVESTMENT,https://www.bradescori.com.br/informacoes-ao-mercado/remuneracao-aos-acionistas/
CG_ONLY,V10,2024-07-29,02558157000162,VIVT3,CONT_2811_VIVT3_2024-07-29,774.2726788905105,,0.0,774.2726788905105,,UNKNOWN,EX_DATE_ECONOMIC_REINVESTMENT,https://api.mziq.com/mzfilemanager/v2/d/24165f81-24d6-4648-bf9f-66712905d5a2/34b95df5-e8c3-6d48-b667-42e740e0df5e?origin=2
CG_ONLY,V10,2024-08-01,60872504000123,ITUB4,ITUB4_2024-08-01_DISTRIBUTION_131,46.50540995550561,,0.0,46.50540995550561,JCP,UNKNOWN,EX_DATE_ECONOMIC_REINVESTMENT,cache/market.json.gz; SQLite corporate_actions/B3
CG_ONLY,V10,2024-08-02,60746948000112,BBDC4,BBDC4_2024-08-02_DISTRIBUTION_528,135.47415792042653,,0.0,135.47415792042653,JCP Mensais,UNKNOWN,EX_DATE_ECONOMIC_REINVESTMENT,https://www.bradescori.com.br/informacoes-ao-mercado/remuneracao-aos-acionistas/
CG_ONLY,V10,2024-08-19,17344597000194,BBSE3,CONT_2551_BBSE3_2024-08-19,3801.3124358764476,,0.0,3801.3124358764476,,UNKNOWN,EX_DATE_ECONOMIC_REINVESTMENT,BBSE_DIV
CG_ONLY,V10,2024-08-22,02474103000119,TBLE3,TBLE3_2024-08-22_DISTRIBUTION_338,2315.2774647159076,,0.0,2315.2774647159076,CASH_DIVIDEND,UNKNOWN,EX_DATE_ECONOMIC_REINVESTMENT,cache/market.json.gz; SQLite corporate_actions/B3
CG_ONLY,V10,2024-08-26,17155730000164,CMIG4,CMIG4_2024-08-26_DISTRIBUTION_384,4516.759811188646,,0.0,4516.759811188646,CASH_DIVIDEND,UNKNOWN,EX_DATE_ECONOMIC_REINVESTMENT,cache/market.json.gz; SQLite corporate_actions/B3
CG_ONLY,V10,2024-08-27,02558157000162,VIVT3,CONT_2812_VIVT3_2024-08-27,481.77061092160136,,0.0,481.77061092160136,,UNKNOWN,EX_DATE_ECONOMIC_REINVESTMENT,https://api.mziq.com/mzfilemanager/v2/d/24165f81-24d6-4648-bf9f-66712905d5a2/34b95df5-e8c3-6d48-b667-42e740e0df5e?origin=2
CG_ONLY,V10,2024-09-02,60872504000123,ITUB4,ITUB4_2024-09-02_DISTRIBUTION_130,46.60249768162477,,0.0,46.60249768162477,JCP,UNKNOWN,EX_DATE_ECONOMIC_REINVESTMENT,cache/market.json.gz; SQLite corporate_actions/B3
CG_ONLY,V10,2024-09-03,60746948000112,BBDC4,BBDC4_2024-09-03_DISTRIBUTION_529,135.67736711180802,,0.0,135.67736711180802,JCP Mensais,UNKNOWN,EX_DATE_ECONOMIC_REINVESTMENT,https://www.bradescori.com.br/informacoes-ao-mercado/remuneracao-aos-acionistas/
CG_ONLY,V10,2024-09-18,17281106000103,CSMG3,CONT_2468_CSMG3_2024-09-18,103.2510115279512,,0.0,103.2510115279512,,UNKNOWN,EX_DATE_ECONOMIC_REINVESTMENT,CSMG_RI_V4
CG_ONLY,V10,2024-09-18,17281106000103,CSMG3,CONT_2469_CSMG3_2024-09-18,1354.184945540945,,0.0,1354.184945540945,,UNKNOWN,EX_DATE_ECONOMIC_REINVESTMENT,CSMG_RI_V4
CG_ONLY,V10,2024-09-20,60872504000123,ITUB4,ITUB4_2024-09-20_DISTRIBUTION_129,722.3518254950731,,0.0,722.3518254950731,JCP,UNKNOWN,EX_DATE_ECONOMIC_REINVESTMENT,cache/market.json.gz; SQLite corporate_actions/B3
CG_ONLY,V10,2024-09-24,17155730000164,CMIG4,CMIG4_2024-09-24_DISTRIBUTION_383,784.0936798732811,,0.0,784.0936798732811,JCP,UNKNOWN,EX_DATE_ECONOMIC_REINVESTMENT,cache/market.json.gz; SQLite corporate_actions/B3
CG_ONLY,V10,2024-09-24,02558115000121,TIMS3,CONT_2813_TIMS3_2024-09-24,700.2211724418272,,0.0,700.2211724418272,,UNKNOWN,EX_DATE_ECONOMIC_REINVESTMENT,https://api.mziq.com/mzfilemanager/v2/d/4c4aa51f-1235-4aa1-8b83-adc92e8dacc3/fe09b9a3-18a3-e37d-1df3-896ec7b734c4?origin=2
CG_ONLY,V10,2024-09-30,02149205000169,PSSA3,CONT_2814_PSSA3_2024-09-30,1208.1608371079365,,0.0,1208.1608371079365,,UNKNOWN,EX_DATE_ECONOMIC_REINVESTMENT,https://api.mziq.com/mzfilemanager/v2/d/b77a3922-d280-4451-b3ee-0afec4577834/570ca052-e3e2-0149-87a1-af4b28a97d7e?origin=2;https://api.mziq.com/mzfilemanager/v2/d/b77a3922-d280-4451-b3ee-0afec4577834/a730da5f-6984-07cc-1fac-1fab6adcd8e6?origin=2;https://api.mziq.com/mzfilemanager/v2/d/b77a3922-d280-4451-b3ee-0afec4577834/c51162ba-772b-3276-e991-5239fc18f0bc?origin=2
CG_ONLY,V10,2024-10-01,60746948000112,BBDC4,BBDC4_2024-10-01_DISTRIBUTION_530,1414.1028480947516,,0.0,1414.1028480947516,JCP Intermediários,UNKNOWN,EX_DATE_ECONOMIC_REINVESTMENT,https://www.bradescori.com.br/informacoes-ao-mercado/remuneracao-aos-acionistas/
CG_ONLY,V10,2024-10-01,60872504000123,ITUB4,ITUB4_2024-10-01_DISTRIBUTION_128,47.05976543217144,,0.0,47.05976543217144,JCP,UNKNOWN,EX_DATE_ECONOMIC_REINVESTMENT,cache/market.json.gz; SQLite corporate_actions/B3
CG_ONLY,V10,2024-10-02,60746948000112,BBDC4,BBDC4_2024-10-02_DISTRIBUTION_531,137.66739562514863,,0.0,137.66739562514863,JCP Mensais,UNKNOWN,EX_DATE_ECONOMIC_REINVESTMENT,https://www.bradescori.com.br/informacoes-ao-mercado/remuneracao-aos-acionistas/
CG_ONLY,V10,2024-11-01,60872504000123,ITUB4,ITUB4_2024-11-01_DISTRIBUTION_127,47.24414949143331,,0.0,47.24414949143331,JCP,UNKNOWN,EX_DATE_ECONOMIC_REINVESTMENT,cache/market.json.gz; SQLite corporate_actions/B3
CG_ONLY,V10,2024-11-04,60746948000112,BBDC4,BBDC4_2024-11-04_DISTRIBUTION_532,137.83925171314303,,0.0,137.83925171314303,JCP Mensais,UNKNOWN,EX_DATE_ECONOMIC_REINVESTMENT,https://www.bradescori.com.br/informacoes-ao-mercado/remuneracao-aos-acionistas/
CG_ONLY,V10,2024-12-02,60872504000123,ITUB4,ITUB4_2024-12-02_DISTRIBUTION_126,47.33714680517631,,0.0,47.33714680517631,JCP,UNKNOWN,EX_DATE_ECONOMIC_REINVESTMENT,cache/market.json.gz; SQLite corporate_actions/B3
CG_ONLY,V10,2024-12-03,60746948000112,BBDC4,BBDC4_2024-12-03_DISTRIBUTION_533,138.7166801446147,,0.0,138.7166801446147,JCP Mensais,UNKNOWN,EX_DATE_ECONOMIC_REINVESTMENT,https://www.bradescori.com.br/informacoes-ao-mercado/remuneracao-aos-acionistas/
CG_ONLY,V10,2024-12-10,60872504000123,ITUB4,ITUB4_2024-12-10_DISTRIBUTION_125,837.7451618089144,,0.0,837.7451618089144,JCP,UNKNOWN,EX_DATE_ECONOMIC_REINVESTMENT,cache/market.json.gz; SQLite corporate_actions/B3
CG_ONLY,V10,2024-12-10,60872504000123,XPBR31,XPBR31_2024-12-10_DISTRIBUTION_689,173.35840353036005,,0.0,173.35840353036005,,UNKNOWN,EX_DATE_ECONOMIC_REINVESTMENT,https://www.sec.gov/Archives/edgar/data/1787425/000095010324016520/dp220822_ex9902.htm
CG_ONLY,V10,2024-12-20,02474103000119,TBLE3,TBLE3_2024-12-20_DISTRIBUTION_337,666.1291544304013,,0.0,666.1291544304013,JCP,UNKNOWN,EX_DATE_ECONOMIC_REINVESTMENT,cache/market.json.gz; SQLite corporate_actions/B3
CG_ONLY,V10,2024-12-26,17155730000164,CMIG4,CMIG4_2024-12-26_DISTRIBUTION_382,936.1299671135035,,0.0,936.1299671135035,JCP,UNKNOWN,EX_DATE_ECONOMIC_REINVESTMENT,cache/market.json.gz; SQLite corporate_actions/B3
CG_ONLY,V10,2024-12-26,02558115000121,TIMS3,CONT_2815_TIMS3_2024-12-26,1542.0457290986892,,0.0,1542.0457290986892,,UNKNOWN,EX_DATE_ECONOMIC_REINVESTMENT,https://api.mziq.com/mzfilemanager/v2/d/4c4aa51f-1235-4aa1-8b83-adc92e8dacc3/460d56a0-3839-eea2-ca39-3b7a421cc079?origin=2
CG_ONLY,V10,2024-12-26,17281106000103,CSMG3,CONT_2470_CSMG3_2024-12-26,1555.4689389410069,,0.0,1555.4689389410069,,UNKNOWN,EX_DATE_ECONOMIC_REINVESTMENT,CSMG_RI_V4
CG_ONLY,V10,2024-12-27,02558157000162,VIVT3,CONT_2816_VIVT3_2024-12-27,1462.4223449563285,,0.0,1462.4223449563285,,UNKNOWN,EX_DATE_ECONOMIC_REINVESTMENT,https://api.mziq.com/mzfilemanager/v2/d/24165f81-24d6-4648-bf9f-66712905d5a2/34b95df5-e8c3-6d48-b667-42e740e0df5e?origin=2
CG_ONLY,V10,2025-01-02,60746948000112,BBDC4,BBDC4_2025-01-02_DISTRIBUTION_534,2152.4448184611933,,0.0,2152.4448184611933,JCP Complementar,UNKNOWN,EX_DATE_ECONOMIC_REINVESTMENT,https://www.bradescori.com.br/informacoes-ao-mercado/remuneracao-aos-acionistas/
CG_ONLY,V10,2025-01-02,60872504000123,ITUB4,ITUB4_2025-01-02_DISTRIBUTION_124,48.059620973984096,,0.0,48.059620973984096,JCP,UNKNOWN,EX_DATE_ECONOMIC_REINVESTMENT,cache/market.json.gz; SQLite corporate_actions/B3
CG_ONLY,V10,2025-01-02,02149205000169,PSSA3,CONT_2817_PSSA3_2025-01-02,1255.2137686458566,,0.0,1255.2137686458566,,UNKNOWN,EX_DATE_ECONOMIC_REINVESTMENT,https://api.mziq.com/mzfilemanager/v2/d/b77a3922-d280-4451-b3ee-0afec4577834/40e2196e-eb57-3662-b172-55aa2cb52627?origin=2;https://api.mziq.com/mzfilemanager/v2/d/b77a3922-d280-4451-b3ee-0afec4577834/a730da5f-6984-07cc-1fac-1fab6adcd8e6?origin=2;https://api.mziq.com/mzfilemanager/v2/d/b77a3922-d280-4451-b3ee-0afec4577834/c51162ba-772b-3276-e991-5239fc18f0bc?origin=2;https://api.mziq.com/mzfilemanager/v2/d/b77a3922-d280-4451-b3ee-0afec4577834/da5a8cba-c0a0-3baf-39e4-4db496dbb574?origin=2
CG_ONLY,V10,2025-01-02,76484013000145,SAPR4,CONT_2818_SAPR4_2025-01-02,2752.961968142276,,0.0,2752.961968142276,,UNKNOWN,EX_DATE_ECONOMIC_REINVESTMENT,https://ri.sanepar.com.br/docs/Sanepar-2025-12-18-cW6NmzgB.pdf
CG_ONLY,V10,2025-01-03,60746948000112,BBDC4,BBDC4_2025-01-03_DISTRIBUTION_504,143.23711249431497,,0.0,143.23711249431497,JCP Mensais,UNKNOWN,EX_DATE_ECONOMIC_REINVESTMENT,https://www.bradescori.com.br/informacoes-ao-mercado/remuneracao-aos-acionistas/
CG_ONLY,V10,2025-02-03,60872504000123,ITUB4,ITUB4_2025-02-03_DISTRIBUTION_123,48.305381431966126,,0.0,48.305381431966126,JCP,UNKNOWN,EX_DATE_ECONOMIC_REINVESTMENT,cache/market.json.gz; SQLite corporate_actions/B3
CG_ONLY,V10,2025-02-04,60746948000112,BBDC4,BBDC4_2025-02-04_DISTRIBUTION_505,144.15381576767467,,0.0,144.15381576767467,JCP Mensais,UNKNOWN,EX_DATE_ECONOMIC_REINVESTMENT,https://www.bradescori.com.br/informacoes-ao-mercado/remuneracao-aos-acionistas/
CG_ONLY,V10,2025-02-18,60872504000123,ITUB4,ITUB4_2025-02-18_DISTRIBUTION_121,3433.581787413157,,0.0,3433.581787413157,CASH_DIVIDEND,UNKNOWN,EX_DATE_ECONOMIC_REINVESTMENT,cache/market.json.gz; SQLite corporate_actions/B3
CG_ONLY,V10,2025-02-18,60872504000123,ITUB4,ITUB4_2025-02-18_DISTRIBUTION_122,915.2338749530694,,0.0,915.2338749530694,JCP,UNKNOWN,EX_DATE_ECONOMIC_REINVESTMENT,cache/market.json.gz; SQLite corporate_actions/B3
CG_ONLY,V10,2025-02-18,02558115000121,TIMS3,CONT_2819_TIMS3_2025-02-18,487.8401367670562,,0.0,487.8401367670562,,UNKNOWN,EX_DATE_ECONOMIC_REINVESTMENT,https://api.mziq.com/mzfilemanager/v2/d/4c4aa51f-1235-4aa1-8b83-adc92e8dacc3/c3e2e836-6075-b3ce-b317-55fd6a9c84d5?origin=2
CG_ONLY,V10,2025-02-21,17344597000194,BBSE3,CONT_2550_BBSE3_2025-02-21,6475.869060581444,,0.0,6475.869060581444,,UNKNOWN,EX_DATE_ECONOMIC_REINVESTMENT,BBSE_DIV
CG_ONLY,V10,2025-02-25,02558157000162,VIVT3,CONT_2820_VIVT3_2025-02-25,223.3539110950687,,0.0,223.3539110950687,,UNKNOWN,EX_DATE_ECONOMIC_REINVESTMENT,https://api.mziq.com/mzfilemanager/v2/d/24165f81-24d6-4648-bf9f-66712905d5a2/34b95df5-e8c3-6d48-b667-42e740e0df5e?origin=2
CG_ONLY,V10,2025-02-28,02558157000162,VIVT3,CONT_2821_VIVT3_2025-02-28,2488.4472683771187,,0.0,2488.4472683771187,,UNKNOWN,EX_DATE_ECONOMIC_REINVESTMENT,https://api.mziq.com/mzfilemanager/v2/d/24165f81-24d6-4648-bf9f-66712905d5a2/34b95df5-e8c3-6d48-b667-42e740e0df5e?origin=2
CG_ONLY,V10,2025-03-05,60872504000123,ITUB4,ITUB4_2025-03-05_DISTRIBUTION_120,50.75807659279824,,0.0,50.75807659279824,JCP,UNKNOWN,EX_DATE_ECONOMIC_REINVESTMENT,cache/market.json.gz; SQLite corporate_actions/B3
CG_ONLY,V10,2025-03-06,60746948000112,BBDC4,BBDC4_2025-03-06_DISTRIBUTION_506,145.66517520338846,,0.0,145.66517520338846,JCP Mensais,UNKNOWN,EX_DATE_ECONOMIC_REINVESTMENT,https://www.bradescori.com.br/informacoes-ao-mercado/remuneracao-aos-acionistas/
CG_ONLY,V10,2025-03-06,17281106000103,CSMG3,CONT_2471_CSMG3_2025-03-06,763.9596660171507,,0.0,763.9596660171507,,UNKNOWN,EX_DATE_ECONOMIC_REINVESTMENT,CSMG_RI_V4
CG_ONLY,V10,2025-03-06,17281106000103,CSMG3,CONT_2472_CSMG3_2025-03-06,1287.7657279320733,,0.0,1287.7657279320733,,UNKNOWN,EX_DATE_ECONOMIC_REINVESTMENT,CSMG_RI_V4
CG_ONLY,V10,2025-03-25,02558157000162,VIVT3,CONT_2822_VIVT3_2025-03-25,255.4350870362858,,0.0,255.4350870362858,,UNKNOWN,EX_DATE_ECONOMIC_REINVESTMENT,https://api.mziq.com/mzfilemanager/v2/d/24165f81-24d6-4648-bf9f-66712905d5a2/34b95df5-e8c3-6d48-b667-42e740e0df5e?origin=2
CG_ONLY,V10,2025-03-26,17155730000164,CMIG4,CMIG4_2025-03-26_DISTRIBUTION_381,912.1583732692728,,0.0,912.1583732692728,JCP,UNKNOWN,EX_DATE_ECONOMIC_REINVESTMENT,cache/market.json.gz; SQLite corporate_actions/B3
CG_ONLY,V10,2025-03-27,17281106000103,CSMG3,CONT_2473_CSMG3_2025-03-27,156.00658311089285,,0.0,156.00658311089285,,UNKNOWN,EX_DATE_ECONOMIC_REINVESTMENT,CSMG_RI_V4
CG_ONLY,V10,2025-03-31,02149205000169,PSSA3,CONT_2823_PSSA3_2025-03-31,1444.247025719783,,0.0,1444.247025719783,,UNKNOWN,EX_DATE_ECONOMIC_REINVESTMENT,https://api.mziq.com/mzfilemanager/v2/d/b77a3922-d280-4451-b3ee-0afec4577834/a730da5f-6984-07cc-1fac-1fab6adcd8e6?origin=2;https://api.mziq.com/mzfilemanager/v2/d/b77a3922-d280-4451-b3ee-0afec4577834/c51162ba-772b-3276-e991-5239fc18f0bc?origin=2;https://api.mziq.com/mzfilemanager/v2/d/b77a3922-d280-4451-b3ee-0afec4577834/da5a8cba-c0a0-3baf-39e4-4db496dbb574?origin=2
CG_ONLY,V10,2025-03-31,02149205000169,PSSA3,CONT_2824_PSSA3_2025-03-31,382.7387791010761,,0.0,382.7387791010761,,UNKNOWN,EX_DATE_ECONOMIC_REINVESTMENT,https://api.mziq.com/mzfilemanager/v2/d/b77a3922-d280-4451-b3ee-0afec4577834/c51162ba-772b-3276-e991-5239fc18f0bc?origin=2
CG_ONLY,V10,2025-03-31,02149205000169,PSSA3,CONT_2825_PSSA3_2025-03-31,1305.0464587627644,,0.0,1305.0464587627644,,UNKNOWN,EX_DATE_ECONOMIC_REINVESTMENT,https://api.mziq.com/mzfilemanager/v2/d/b77a3922-d280-4451-b3ee-0afec4577834/2e6836fc-964e-5c54-74c0-a476d1b256eb?origin=2;https://api.mziq.com/mzfilemanager/v2/d/b77a3922-d280-4451-b3ee-0afec4577834/5fc07a56-476a-56fa-1f90-8b87c4a74dfe?origin=2
CG_ONLY,V10,2025-04-01,60746948000112,BBDC4,BBDC4_2025-04-01_DISTRIBUTION_507,1751.8228814906415,,0.0,1751.8228814906415,JCP Intermediários,UNKNOWN,EX_DATE_ECONOMIC_REINVESTMENT,https://www.bradescori.com.br/informacoes-ao-mercado/remuneracao-aos-acionistas/
CG_ONLY,V10,2025-04-01,60872504000123,ITUB4,ITUB4_2025-04-01_DISTRIBUTION_119,55.98413218041202,,0.0,55.98413218041202,JCP,UNKNOWN,EX_DATE_ECONOMIC_REINVESTMENT,cache/market.json.gz; SQLite corporate_actions/B3
CG_ONLY,V10,2025-04-01,02558115000121,TIMS3,CONT_2826_TIMS3_2025-04-01,1203.9033071199337,,0.0,1203.9033071199337,,UNKNOWN,EX_DATE_ECONOMIC_REINVESTMENT,https://api.mziq.com/mzfilemanager/v2/d/4c4aa51f-1235-4aa1-8b83-adc92e8dacc3/63e953d4-a03b-a28c-2791-3e2e5f65522e?origin=2;https://api.mziq.com/mzfilemanager/v2/d/4c4aa51f-1235-4aa1-8b83-adc92e8dacc3/81ea23ff-0f2a-9337-a19e-18732415238d?origin=2
CG_ONLY,V10,2025-04-02,60746948000112,BBDC4,BBDC4_2025-04-02_DISTRIBUTION_508,149.03257091381457,,0.0,149.03257091381457,JCP Mensais,UNKNOWN,EX_DATE_ECONOMIC_REINVESTMENT,https://www.bradescori.com.br/informacoes-ao-mercado/remuneracao-aos-acionistas/
CG_ONLY,V10,2025-04-04,02558115000121,TIMS3,CONT_2827_TIMS3_2025-04-04,1699.5409339902508,,0.0,1699.5409339902508,,UNKNOWN,EX_DATE_ECONOMIC_REINVESTMENT,https://api.mziq.com/mzfilemanager/v2/d/4c4aa51f-1235-4aa1-8b83-adc92e8dacc3/762980b9-e792-0a74-6f3f-67a09abe2c68?origin=2;https://api.mziq.com/mzfilemanager/v2/d/4c4aa51f-1235-4aa1-8b83-adc92e8dacc3/874a85d8-21a6-3d74-940e-4a72a17a74d8?origin=2
CG_ONLY,V10,2025-04-04,02558115000121,TIMS3,CONT_2828_TIMS3_2025-04-04,1697.056228406663,,0.0,1697.056228406663,,UNKNOWN,EX_DATE_ECONOMIC_REINVESTMENT,https://api.mziq.com/mzfilemanager/v2/d/4c4aa51f-1235-4aa1-8b83-adc92e8dacc3/762980b9-e792-0a74-6f3f-67a09abe2c68?origin=2
CG_ONLY,V10,2025-04-04,02558115000121,TIMS3,CONT_2829_TIMS3_2025-04-04,1697.056228406663,,0.0,1697.056228406663,,UNKNOWN,EX_DATE_ECONOMIC_REINVESTMENT,https://api.mziq.com/mzfilemanager/v2/d/4c4aa51f-1235-4aa1-8b83-adc92e8dacc3/762980b9-e792-0a74-6f3f-67a09abe2c68?origin=2
CG_ONLY,V10,2025-04-14,02558157000162,VIVT3,CONT_2830_VIVT3_2025-04-14,307.29327866386313,,0.0,307.29327866386313,,UNKNOWN,EX_DATE_ECONOMIC_REINVESTMENT,https://api.mziq.com/mzfilemanager/v2/d/24165f81-24d6-4648-bf9f-66712905d5a2/34b95df5-e8c3-6d48-b667-42e740e0df5e?origin=2
CG_ONLY,V10,2025-05-02,17155730000164,CMIG4,CMIG4_2025-05-02_DISTRIBUTION_380,3215.1944812001725,,0.0,3215.1944812001725,CASH_DIVIDEND,UNKNOWN,EX_DATE_ECONOMIC_REINVESTMENT,cache/market.json.gz; SQLite corporate_actions/B3
CG_ONLY,V10,2025-05-02,60872504000123,ITUB4,ITUB4_2025-05-02_DISTRIBUTION_118,56.0323847713414,,0.0,56.0323847713414,JCP,UNKNOWN,EX_DATE_ECONOMIC_REINVESTMENT,cache/market.json.gz; SQLite corporate_actions/B3
CG_ONLY,V10,2025-05-05,60746948000112,BBDC4,BBDC4_2025-05-05_DISTRIBUTION_509,149.63137611256215,,0.0,149.63137611256215,JCP Mensais,UNKNOWN,EX_DATE_ECONOMIC_REINVESTMENT,https://www.bradescori.com.br/informacoes-ao-mercado/remuneracao-aos-acionistas/
CG_ONLY,V10,2025-05-07,02474103000119,TBLE3,TBLE3_2025-05-07_DISTRIBUTION_336,2025.8918462220438,,0.0,2025.8918462220438,CASH_DIVIDEND,UNKNOWN,EX_DATE_ECONOMIC_REINVESTMENT,cache/market.json.gz; SQLite corporate_actions/B3
CG_ONLY,V10,2025-05-22,02558115000121,TIMS3,CONT_2831_TIMS3_2025-05-22,783.4604835496276,,0.0,783.4604835496276,,UNKNOWN,EX_DATE_ECONOMIC_REINVESTMENT,https://api.mziq.com/mzfilemanager/v2/d/4c4aa51f-1235-4aa1-8b83-adc92e8dacc3/0013d0b5-ccfb-f36d-38e0-d593d79e4c33?origin=2
CG_ONLY,V10,2025-05-23,02558157000162,VIVT3,CONT_2832_VIVT3_2025-05-23,642.0539611264121,,0.0,642.0539611264121,,UNKNOWN,EX_DATE_ECONOMIC_REINVESTMENT,https://api.mziq.com/mzfilemanager/v2/d/24165f81-24d6-4648-bf9f-66712905d5a2/34b95df5-e8c3-6d48-b667-42e740e0df5e?origin=2
CG_ONLY,V10,2025-06-02,60872504000123,ITUB4,ITUB4_2025-06-02_DISTRIBUTION_117,56.06026668820675,,0.0,56.06026668820675,JCP,UNKNOWN,EX_DATE_ECONOMIC_REINVESTMENT,cache/market.json.gz; SQLite corporate_actions/B3
CG_ONLY,V10,2025-06-03,60746948000112,BBDC4,BBDC4_2025-06-03_DISTRIBUTION_510,149.84485181046765,,0.0,149.84485181046765,JCP Mensais,UNKNOWN,EX_DATE_ECONOMIC_REINVESTMENT,https://www.bradescori.com.br/informacoes-ao-mercado/remuneracao-aos-acionistas/
CG_ONLY,V10,2025-06-10,60872504000123,ITUB4,ITUB4_2025-06-10_DISTRIBUTION_116,1061.6789583751795,,0.0,1061.6789583751795,JCP,UNKNOWN,EX_DATE_ECONOMIC_REINVESTMENT,cache/market.json.gz; SQLite corporate_actions/B3
CG_ONLY,V10,2025-06-24,17155730000164,CMIG4,CMIG4_2025-06-24_DISTRIBUTION_379,1058.672942242066,,0.0,1058.672942242066,JCP,UNKNOWN,EX_DATE_ECONOMIC_REINVESTMENT,cache/market.json.gz; SQLite corporate_actions/B3
CG_ONLY,V10,2025-06-24,02558157000162,VIVT3,CONT_2833_VIVT3_2025-06-24,259.1175685408683,,0.0,259.1175685408683,,UNKNOWN,EX_DATE_ECONOMIC_REINVESTMENT,https://api.mziq.com/mzfilemanager/v2/d/24165f81-24d6-4648-bf9f-66712905d5a2/34b95df5-e8c3-6d48-b667-42e740e0df5e?origin=2
CG_ONLY,V10,2025-06-24,17281106000103,CSMG3,CONT_2474_CSMG3_2025-06-24,1954.8327965405927,,0.0,1954.8327965405927,,UNKNOWN,EX_DATE_ECONOMIC_REINVESTMENT,CSMG_RI_V4
CG_ONLY,V10,2025-06-27,02149205000169,PSSA3,CONT_2834_PSSA3_2025-06-27,1495.093225739595,,0.0,1495.093225739595,,UNKNOWN,EX_DATE_ECONOMIC_REINVESTMENT,https://api.mziq.com/mzfilemanager/v2/d/b77a3922-d280-4451-b3ee-0afec4577834/2db74f29-0975-b7c2-5402-9b64be1a06ee?origin=2;https://api.mziq.com/mzfilemanager/v2/d/b77a3922-d280-4451-b3ee-0afec4577834/5fc07a56-476a-56fa-1f90-8b87c4a74dfe?origin=2
CG_ONLY,V10,2025-07-01,60746948000112,BBDC4,BBDC4_2025-07-01_DISTRIBUTION_511,2349.394560610212,,0.0,2349.394560610212,JCP Intermediários,UNKNOWN,EX_DATE_ECONOMIC_REINVESTMENT,https://www.bradescori.com.br/informacoes-ao-mercado/remuneracao-aos-acionistas/
CG_ONLY,V10,2025-07-01,60872504000123,ITUB4,ITUB4_2025-07-01_DISTRIBUTION_115,56.607418574151794,,0.0,56.607418574151794,JCP,UNKNOWN,EX_DATE_ECONOMIC_REINVESTMENT,cache/market.json.gz; SQLite corporate_actions/B3
CG_ONLY,V10,2025-07-01,76484013000145,SAPR4,CONT_2835_SAPR4_2025-07-01,5066.480829212547,,0.0,5066.480829212547,,UNKNOWN,EX_DATE_ECONOMIC_REINVESTMENT,https://ri.sanepar.com.br/docs/Sanepar-2025-12-18-cW6NmzgB.pdf
CG_ONLY,V10,2025-07-02,60746948000112,BBDC4,BBDC4_2025-07-02_DISTRIBUTION_512,152.68979234212574,,0.0,152.68979234212574,JCP Mensais,UNKNOWN,EX_DATE_ECONOMIC_REINVESTMENT,https://www.bradescori.com.br/informacoes-ao-mercado/remuneracao-aos-acionistas/
CG_ONLY,V10,2025-07-28,02558115000121,TIMS3,CONT_2836_TIMS3_2025-07-28,840.8022476633985,,0.0,840.8022476633985,,UNKNOWN,EX_DATE_ECONOMIC_REINVESTMENT,https://api.mziq.com/mzfilemanager/v2/d/4c4aa51f-1235-4aa1-8b83-adc92e8dacc3/b70c1dd1-8c25-def3-dcf4-a93d901b4918?origin=2
CG_ONLY,V10,2025-07-28,02558157000162,VIVT3,CONT_2837_VIVT3_2025-07-28,429.856533086177,,0.0,429.856533086177,,UNKNOWN,EX_DATE_ECONOMIC_REINVESTMENT,https://api.mziq.com/mzfilemanager/v2/d/24165f81-24d6-4648-bf9f-66712905d5a2/34b95df5-e8c3-6d48-b667-42e740e0df5e?origin=2
CG_ONLY,V10,2025-08-01,60872504000123,ITUB4,ITUB4_2025-08-01_DISTRIBUTION_114,56.74192371387695,,0.0,56.74192371387695,JCP,UNKNOWN,EX_DATE_ECONOMIC_REINVESTMENT,cache/market.json.gz; SQLite corporate_actions/B3
CG_ONLY,V10,2025-08-04,60746948000112,BBDC4,BBDC4_2025-08-04_DISTRIBUTION_513,152.86688645251337,,0.0,152.86688645251337,JCP Mensais,UNKNOWN,EX_DATE_ECONOMIC_REINVESTMENT,https://www.bradescori.com.br/informacoes-ao-mercado/remuneracao-aos-acionistas/
CG_ONLY,V10,2025-08-15,17344597000194,BBSE3,CONT_2549_BBSE3_2025-08-15,5971.768032453384,,0.0,5971.768032453384,,UNKNOWN,EX_DATE_ECONOMIC_REINVESTMENT,BBSE_DIV
CG_ONLY,V10,2025-08-19,60872504000123,ITUB4,ITUB4_2025-08-19_DISTRIBUTION_113,1170.8197581586267,,0.0,1170.8197581586267,JCP,UNKNOWN,EX_DATE_ECONOMIC_REINVESTMENT,cache/market.json.gz; SQLite corporate_actions/B3
CG_ONLY,V10,2025-08-22,02474103000119,TBLE3,TBLE3_2025-08-22_DISTRIBUTION_335,2137.4136526014486,,0.0,2137.4136526014486,CASH_DIVIDEND,UNKNOWN,EX_DATE_ECONOMIC_REINVESTMENT,cache/market.json.gz; SQLite corporate_actions/B3
CG_ONLY,V10,2025-08-26,02558157000162,VIVT3,CONT_2838_VIVT3_2025-08-26,327.8172477060206,,0.0,327.8172477060206,,UNKNOWN,EX_DATE_ECONOMIC_REINVESTMENT,https://api.mziq.com/mzfilemanager/v2/d/24165f81-24d6-4648-bf9f-66712905d5a2/34b95df5-e8c3-6d48-b667-42e740e0df5e?origin=2
CG_ONLY,V10,2025-09-01,60872504000123,ITUB4,ITUB4_2025-09-01_DISTRIBUTION_112,57.43475277007455,,0.0,57.43475277007455,JCP,UNKNOWN,EX_DATE_ECONOMIC_REINVESTMENT,cache/market.json.gz; SQLite corporate_actions/B3
CG_ONLY,V10,2025-09-02,60746948000112,BBDC4,BBDC4_2025-09-02_DISTRIBUTION_514,153.05211122728102,,0.0,153.05211122728102,JCP Mensais,UNKNOWN,EX_DATE_ECONOMIC_REINVESTMENT,https://www.bradescori.com.br/informacoes-ao-mercado/remuneracao-aos-acionistas/
CG_ONLY,V10,2025-09-23,02558157000162,VIVT3,CONT_2839_VIVT3_2025-09-23,526.1717674999215,,0.0,526.1717674999215,,UNKNOWN,EX_DATE_ECONOMIC_REINVESTMENT,https://api.mziq.com/mzfilemanager/v2/d/24165f81-24d6-4648-bf9f-66712905d5a2/34b95df5-e8c3-6d48-b667-42e740e0df5e?origin=2
CG_ONLY,V10,2025-09-23,17281106000103,CSMG3,CONT_2475_CSMG3_2025-09-23,2055.55603075063,,0.0,2055.55603075063,,UNKNOWN,EX_DATE_ECONOMIC_REINVESTMENT,CSMG_RI_V4
CG_ONLY,V10,2025-09-26,02149205000169,PSSA3,CONT_2840_PSSA3_2025-09-26,1666.373281578764,,0.0,1666.373281578764,,UNKNOWN,EX_DATE_ECONOMIC_REINVESTMENT,https://api.mziq.com/mzfilemanager/v2/d/b77a3922-d280-4451-b3ee-0afec4577834/d5711793-58d6-82f4-b474-008bee510428?origin=2;https://api.mziq.com/mzfilemanager/v2/d/b77a3922-d280-4451-b3ee-0afec4577834/5fc07a56-476a-56fa-1f90-8b87c4a74dfe?origin=2
CG_ONLY,V10,2025-09-29,02558115000121,TIMS3,CONT_2841_TIMS3_2025-09-29,1276.4928684271838,,0.0,1276.4928684271838,,UNKNOWN,EX_DATE_ECONOMIC_REINVESTMENT,https://api.mziq.com/mzfilemanager/v2/d/4c4aa51f-1235-4aa1-8b83-adc92e8dacc3/4d85e48c-99f9-7d97-8169-1e3a158f4c34?origin=2
CG_ONLY,V10,2025-09-30,60746948000112,BBDC4,BBDC4_2025-09-30_DISTRIBUTION_515,2399.679021925242,,0.0,2399.679021925242,JCP Intermediários,UNKNOWN,EX_DATE_ECONOMIC_REINVESTMENT,https://www.bradescori.com.br/informacoes-ao-mercado/remuneracao-aos-acionistas/
CG_ONLY,V10,2025-09-30,17155730000164,CMIG4,CMIG4_2025-09-30_DISTRIBUTION_378,1100.091605208445,,0.0,1100.091605208445,JCP,UNKNOWN,EX_DATE_ECONOMIC_REINVESTMENT,cache/market.json.gz; SQLite corporate_actions/B3
CG_ONLY,V10,2025-10-01,60872504000123,ITUB4,ITUB4_2025-10-01_DISTRIBUTION_111,57.46089313589177,,0.0,57.46089313589177,JCP,UNKNOWN,EX_DATE_ECONOMIC_REINVESTMENT,cache/market.json.gz; SQLite corporate_actions/B3
CG_ONLY,V10,2025-10-02,60746948000112,BBDC4,BBDC4_2025-10-02_DISTRIBUTION_516,155.80197835605432,,0.0,155.80197835605432,JCP Mensais,UNKNOWN,EX_DATE_ECONOMIC_REINVESTMENT,https://www.bradescori.com.br/informacoes-ao-mercado/remuneracao-aos-acionistas/
CG_ONLY,V10,2025-10-28,02558157000162,VIVT3,CONT_2842_VIVT3_2025-10-28,501.7293504939057,,0.0,501.7293504939057,,UNKNOWN,EX_DATE_ECONOMIC_REINVESTMENT,https://api.mziq.com/mzfilemanager/v2/d/24165f81-24d6-4648-bf9f-66712905d5a2/34b95df5-e8c3-6d48-b667-42e740e0df5e?origin=2
CG_ONLY,V10,2025-11-03,60872504000123,ITUB4,ITUB4_2025-11-03_DISTRIBUTION_110,57.550720511278236,,0.0,57.550720511278236,JCP,UNKNOWN,EX_DATE_ECONOMIC_REINVESTMENT,cache/market.json.gz; SQLite corporate_actions/B3
CG_ONLY,V10,2025-11-04,60746948000112,BBDC4,BBDC4_2025-11-04_DISTRIBUTION_517,155.97496330521335,,0.0,155.97496330521335,JCP Mensais,UNKNOWN,EX_DATE_ECONOMIC_REINVESTMENT,https://www.bradescori.com.br/informacoes-ao-mercado/remuneracao-aos-acionistas/
CG_ONLY,V10,2025-11-25,02558157000162,VIVT3,CONT_2843_VIVT3_2025-11-25,451.37535587038565,,0.0,451.37535587038565,,UNKNOWN,EX_DATE_ECONOMIC_REINVESTMENT,https://api.mziq.com/mzfilemanager/v2/d/24165f81-24d6-4648-bf9f-66712905d5a2/34b95df5-e8c3-6d48-b667-42e740e0df5e?origin=2
CG_ONLY,V10,2025-12-01,60872504000123,ITUB4,ITUB4_2025-12-01_DISTRIBUTION_109,57.59223607773703,,0.0,57.59223607773703,JCP,UNKNOWN,EX_DATE_ECONOMIC_REINVESTMENT,cache/market.json.gz; SQLite corporate_actions/B3
CG_ONLY,V10,2025-12-02,60746948000112,BBDC4,BBDC4_2025-12-02_DISTRIBUTION_518,156.1358108670339,,0.0,156.1358108670339,JCP Mensais,UNKNOWN,EX_DATE_ECONOMIC_REINVESTMENT,https://www.bradescori.com.br/informacoes-ao-mercado/remuneracao-aos-acionistas/
CG_ONLY,V10,2025-12-10,60872504000123,ITUB4,ITUB4_2025-12-10_DISTRIBUTION_107,6102.687591949021,,0.0,6102.687591949021,CASH_DIVIDEND,UNKNOWN,EX_DATE_ECONOMIC_REINVESTMENT,cache/market.json.gz; SQLite corporate_actions/B3
CG_ONLY,V10,2025-12-10,60872504000123,ITUB4,ITUB4_2025-12-10_DISTRIBUTION_108,1207.8155215534498,,0.0,1207.8155215534498,JCP,UNKNOWN,EX_DATE_ECONOMIC_REINVESTMENT,cache/market.json.gz; SQLite corporate_actions/B3
CG_ONLY,V10,2025-12-10,60872504000123,XPBR31,XPBR31_2025-12-10_DISTRIBUTION_690,45.53268761414419,,0.0,45.53268761414419,,UNKNOWN,EX_DATE_ECONOMIC_REINVESTMENT,https://www.sec.gov/Archives/edgar/data/1787425/000095010325014854/dp237494_ex9901.htm
CG_ONLY,V10,2025-12-17,17281106000103,CSMG3,CONT_2476_CSMG3_2025-12-17,732.9070617624907,,0.0,732.9070617624907,,UNKNOWN,EX_DATE_ECONOMIC_REINVESTMENT,CSMG_RI_V4
CG_ONLY,V10,2025-12-17,17281106000103,CSMG3,CONT_2477_CSMG3_2025-12-17,1721.916374738722,,0.0,1721.916374738722,,UNKNOWN,EX_DATE_ECONOMIC_REINVESTMENT,CSMG_RI_V4
CG_ONLY,V10,2025-12-19,02474103000119,TBLE3,TBLE3_2025-12-19_DISTRIBUTION_334,315.2940322993433,,0.0,315.2940322993433,JCP,UNKNOWN,EX_DATE_ECONOMIC_REINVESTMENT,cache/market.json.gz; SQLite corporate_actions/B3
CG_ONLY,V10,2025-12-22,02558115000121,TIMS3,CONT_2844_TIMS3_2025-12-22,4833.605701283014,,0.0,4833.605701283014,,UNKNOWN,EX_DATE_ECONOMIC_REINVESTMENT,https://api.mziq.com/mzfilemanager/v2/d/4c4aa51f-1235-4aa1-8b83-adc92e8dacc3/a90ba21d-abd1-b1d8-b86f-3aaf8864a22e?origin=2
CG_ONLY,V10,2025-12-23,17155730000164,CMIG4,CMIG4_2025-12-23_DISTRIBUTION_377,1554.0801771773567,,0.0,1554.0801771773567,CASH_DIVIDEND,UNKNOWN,EX_DATE_ECONOMIC_REINVESTMENT,cache/market.json.gz; SQLite corporate_actions/B3
CG_ONLY,V10,2025-12-23,02558115000121,TIMS3,CONT_2845_TIMS3_2025-12-23,1173.6600305266757,,0.0,1173.6600305266757,,UNKNOWN,EX_DATE_ECONOMIC_REINVESTMENT,https://api.mziq.com/mzfilemanager/v2/d/4c4aa51f-1235-4aa1-8b83-adc92e8dacc3/5053180d-b455-fbe7-7774-9c55ddd309c9?origin=2
CG_ONLY,V10,2025-12-23,17281106000103,CSMG3,CONT_2478_CSMG3_2025-12-23,1715.206802575442,,0.0,1715.206802575442,,UNKNOWN,EX_DATE_ECONOMIC_REINVESTMENT,CSMG_RI_V4
CG_ONLY,V10,2025-12-26,17155730000164,CMIG4,CMIG4_2025-12-26_DISTRIBUTION_376,1277.8932824820456,,0.0,1277.8932824820456,JCP,UNKNOWN,EX_DATE_ECONOMIC_REINVESTMENT,cache/market.json.gz; SQLite corporate_actions/B3
CG_ONLY,V10,2025-12-29,02149205000169,PSSA3,CONT_2846_PSSA3_2025-12-29,1696.5691080340291,,0.0,1696.5691080340291,,UNKNOWN,EX_DATE_ECONOMIC_REINVESTMENT,https://api.mziq.com/mzfilemanager/v2/d/b77a3922-d280-4451-b3ee-0afec4577834/327fe168-5b79-7e0a-4b23-ad197ef5a182?origin=2;https://api.mziq.com/mzfilemanager/v2/d/b77a3922-d280-4451-b3ee-0afec4577834/5fc07a56-476a-56fa-1f90-8b87c4a74dfe?origin=2
CG_ONLY,V10,2025-12-30,60746948000112,BBDC4,BBDC4_2025-12-30_DISTRIBUTION_519,3181.8696886436514,,0.0,3181.8696886436514,JCP Complementar,UNKNOWN,EX_DATE_ECONOMIC_REINVESTMENT,https://www.bradescori.com.br/informacoes-ao-mercado/remuneracao-aos-acionistas/
CG_ONLY,V10,2025-12-30,02558157000162,VIVT3,CONT_2847_VIVT3_2025-12-30,466.4858160081238,,0.0,466.4858160081238,,UNKNOWN,EX_DATE_ECONOMIC_REINVESTMENT,https://api.mziq.com/mzfilemanager/v2/d/24165f81-24d6-4648-bf9f-66712905d5a2/34b95df5-e8c3-6d48-b667-42e740e0df5e?origin=2
CG_ONLY,V10,2026-01-02,60872504000123,ITUB4,ITUB4_2026-01-02_DISTRIBUTION_106,64.6458997755309,,0.0,64.6458997755309,JCP,UNKNOWN,EX_DATE_ECONOMIC_REINVESTMENT,cache/market.json.gz; SQLite corporate_actions/B3
CG_ONLY,V10,2026-01-02,76484013000145,SAPR4,CONT_2848_SAPR4_2026-01-02,2080.900166912645,,0.0,2080.900166912645,,UNKNOWN,EX_DATE_ECONOMIC_REINVESTMENT,https://ri.sanepar.com.br/docs/Sanepar-2025-12-18-cW6NmzgB.pdf
CG_ONLY,V10,2026-01-05,60746948000112,BBDC4,BBDC4_2026-01-05_DISTRIBUTION_497,159.60658218753875,,0.0,159.60658218753875,JCP Mensais,UNKNOWN,EX_DATE_ECONOMIC_REINVESTMENT,https://www.bradescori.com.br/informacoes-ao-mercado/remuneracao-aos-acionistas/
CG_ONLY,V10,2026-02-02,60872504000123,ITUB4,ITUB4_2026-02-02_DISTRIBUTION_105,64.69089831037499,,0.0,64.69089831037499,JCP,UNKNOWN,EX_DATE_ECONOMIC_REINVESTMENT,cache/market.json.gz; SQLite corporate_actions/B3
CG_ONLY,V10,2026-02-03,60746948000112,BBDC4,BBDC4_2026-02-03_DISTRIBUTION_498,159.7662292308783,,0.0,159.7662292308783,JCP Mensais,UNKNOWN,EX_DATE_ECONOMIC_REINVESTMENT,https://www.bradescori.com.br/informacoes-ao-mercado/remuneracao-aos-acionistas/
CG_ONLY,V10,2026-02-13,17344597000194,BBSE3,CONT_2548_BBSE3_2026-02-13,8628.665688565548,,0.0,8628.665688565548,,UNKNOWN,EX_DATE_ECONOMIC_REINVESTMENT,BBSE_DIV
CG_ONLY,V10,2026-02-24,02558157000162,VIVT3,CONT_2849_VIVT3_2026-02-24,435.19075202876866,,0.0,435.19075202876866,,UNKNOWN,EX_DATE_ECONOMIC_REINVESTMENT,https://api.mziq.com/mzfilemanager/v2/d/24165f81-24d6-4648-bf9f-66712905d5a2/34b95df5-e8c3-6d48-b667-42e740e0df5e?origin=2
CG_ONLY,V10,2026-03-02,60872504000123,ITUB4,ITUB4_2026-03-02_DISTRIBUTION_104,64.71653496933486,,0.0,64.71653496933486,JCP,UNKNOWN,EX_DATE_ECONOMIC_REINVESTMENT,cache/market.json.gz; SQLite corporate_actions/B3
CG_ONLY,V10,2026-03-03,60746948000112,BBDC4,BBDC4_2026-03-03_DISTRIBUTION_499,159.90606012037583,,0.0,159.90606012037583,JCP Mensais,UNKNOWN,EX_DATE_ECONOMIC_REINVESTMENT,https://www.bradescori.com.br/informacoes-ao-mercado/remuneracao-aos-acionistas/
CG_ONLY,V10,2026-03-09,17281106000103,CSMG3,CONT_2479_CSMG3_2026-03-09,8.62159159288896,,0.0,8.62159159288896,,UNKNOWN,EX_DATE_ECONOMIC_REINVESTMENT,CSMG_RI_V4
CG_ONLY,V10,2026-03-20,60872504000123,ITUB4,ITUB4_2026-03-20_DISTRIBUTION_103,1242.2860294827283,,0.0,1242.2860294827283,JCP,UNKNOWN,EX_DATE_ECONOMIC_REINVESTMENT,cache/market.json.gz; SQLite corporate_actions/B3
CG_ONLY,V10,2026-03-24,02558115000121,TIMS3,CONT_2850_TIMS3_2026-03-24,1098.955177187126,,0.0,1098.955177187126,,UNKNOWN,EX_DATE_ECONOMIC_REINVESTMENT,https://api.mziq.com/mzfilemanager/v2/d/4c4aa51f-1235-4aa1-8b83-adc92e8dacc3/892687da-d4ef-6268-740a-f790682cbf9d?origin=2;https://api.mziq.com/mzfilemanager/v2/d/4c4aa51f-1235-4aa1-8b83-adc92e8dacc3/81ea23ff-0f2a-9337-a19e-18732415238d?origin=2
CG_ONLY,V10,2026-03-24,17281106000103,CSMG3,CONT_2480_CSMG3_2026-03-24,2225.0847496612505,,0.0,2225.0847496612505,,UNKNOWN,EX_DATE_ECONOMIC_REINVESTMENT,CSMG_RI_V4
CG_ONLY,V10,2026-03-25,17155730000164,CMIG4,CMIG4_2026-03-25_DISTRIBUTION_375,1275.4928364731477,,0.0,1275.4928364731477,JCP,UNKNOWN,EX_DATE_ECONOMIC_REINVESTMENT,cache/market.json.gz; SQLite corporate_actions/B3
CG_ONLY,V10,2026-03-26,02558157000162,VIVT3,CONT_2851_VIVT3_2026-03-26,268.4502584263717,,0.0,268.4502584263717,,UNKNOWN,EX_DATE_ECONOMIC_REINVESTMENT,https://api.mziq.com/mzfilemanager/v2/d/24165f81-24d6-4648-bf9f-66712905d5a2/34b95df5-e8c3-6d48-b667-42e740e0df5e?origin=2
CG_ONLY,V10,2026-03-31,02149205000169,PSSA3,CONT_2852_PSSA3_2026-03-31,1731.4043012381364,,0.0,1731.4043012381364,,UNKNOWN,EX_DATE_ECONOMIC_REINVESTMENT,https://api.mziq.com/mzfilemanager/v2/d/b77a3922-d280-4451-b3ee-0afec4577834/e08580a4-e955-9ee1-6c71-cf3552965f03?origin=2;https://api.mziq.com/mzfilemanager/v2/d/b77a3922-d280-4451-b3ee-0afec4577834/c7efe69b-d37e-c02f-fff7-a51df3341ac0?origin=2
CG_ONLY,V10,2026-04-01,60872504000123,ITUB4,ITUB4_2026-04-01_DISTRIBUTION_102,65.28577544243105,,0.0,65.28577544243105,JCP,UNKNOWN,EX_DATE_ECONOMIC_REINVESTMENT,cache/market.json.gz; SQLite corporate_actions/B3
CG_ONLY,V10,2026-04-01,02149205000169,PSSA3,CONT_2853_PSSA3_2026-04-01,2859.3419644120427,,0.0,2859.3419644120427,,UNKNOWN,EX_DATE_ECONOMIC_REINVESTMENT,https://api.mziq.com/mzfilemanager/v2/d/b77a3922-d280-4451-b3ee-0afec4577834/5fc07a56-476a-56fa-1f90-8b87c4a74dfe?origin=2
CG_ONLY,V10,2026-04-02,60746948000112,BBDC4,BBDC4_2026-04-02_DISTRIBUTION_501,160.14406440045045,,0.0,160.14406440045045,JCP Mensais,UNKNOWN,EX_DATE_ECONOMIC_REINVESTMENT,https://www.bradescori.com.br/informacoes-ao-mercado/remuneracao-aos-acionistas/
CG_ONLY,V10,2026-04-07,60746948000112,BBDC4,BBDC4_2026-04-07_DISTRIBUTION_500,2511.9754484251207,,0.0,2511.9754484251207,JCP Intermediários,UNKNOWN,EX_DATE_ECONOMIC_REINVESTMENT,https://www.bradescori.com.br/informacoes-ao-mercado/remuneracao-aos-acionistas/
CG_ONLY,V10,2026-04-28,02558157000162,VIVT3,CONT_2854_VIVT3_2026-04-28,490.68522284171064,,0.0,490.68522284171064,,UNKNOWN,EX_DATE_ECONOMIC_REINVESTMENT,https://api.mziq.com/mzfilemanager/v2/d/24165f81-24d6-4648-bf9f-66712905d5a2/34b95df5-e8c3-6d48-b667-42e740e0df5e?origin=2
CG_ONLY,V10,2026-05-04,17155730000164,CMIG4,CMIG4_2026-05-04_DISTRIBUTION_374,1327.5075685847403,,0.0,1327.5075685847403,CASH_DIVIDEND,UNKNOWN,EX_DATE_ECONOMIC_REINVESTMENT,cache/market.json.gz; SQLite corporate_actions/B3
CG_ONLY,V10,2026-05-04,60872504000123,ITUB4,ITUB4_2026-05-04_DISTRIBUTION_101,65.36440717670601,,0.0,65.36440717670601,JCP,UNKNOWN,EX_DATE_ECONOMIC_REINVESTMENT,cache/market.json.gz; SQLite corporate_actions/B3
CG_ONLY,V10,2026-05-05,60746948000112,BBDC4,BBDC4_2026-05-05_DISTRIBUTION_502,162.8031241135512,,0.0,162.8031241135512,JCP Mensais,UNKNOWN,EX_DATE_ECONOMIC_REINVESTMENT,https://www.bradescori.com.br/informacoes-ao-mercado/remuneracao-aos-acionistas/
CG_ONLY,V10,2026-05-05,02474103000119,TBLE3,TBLE3_2026-05-05_DISTRIBUTION_333,1826.110491546772,,0.0,1826.110491546772,CASH_DIVIDEND,UNKNOWN,EX_DATE_ECONOMIC_REINVESTMENT,cache/market.json.gz; SQLite corporate_actions/B3
CG_ONLY,V10,2026-05-25,02558157000162,VIVT3,CONT_2855_VIVT3_2026-05-25,5393.153390081782,,0.0,5393.153390081782,,UNKNOWN,EX_DATE_ECONOMIC_REINVESTMENT,https://api.mziq.com/mzfilemanager/v2/d/24165f81-24d6-4648-bf9f-66712905d5a2/34b95df5-e8c3-6d48-b667-42e740e0df5e?origin=2
CG_ONLY,V10,2026-05-28,02558157000162,VIVT3,CONT_2856_VIVT3_2026-05-28,839.1640217812835,,0.0,839.1640217812835,,UNKNOWN,EX_DATE_ECONOMIC_REINVESTMENT,https://api.mziq.com/mzfilemanager/v2/d/24165f81-24d6-4648-bf9f-66712905d5a2/34b95df5-e8c3-6d48-b667-42e740e0df5e?origin=2
CG_ONLY,V10,2026-06-01,60872504000123,ITUB4,ITUB4_2026-06-01_DISTRIBUTION_100,65.4501289711495,,0.0,65.4501289711495,JCP,UNKNOWN,EX_DATE_ECONOMIC_REINVESTMENT,cache/market.json.gz; SQLite corporate_actions/B3
CG_ONLY,V10,2026-06-02,60746948000112,BBDC4,BBDC4_2026-06-02_DISTRIBUTION_503,162.99632434002314,,0.0,162.99632434002314,JCP Mensais,UNKNOWN,EX_DATE_ECONOMIC_REINVESTMENT,https://www.bradescori.com.br/informacoes-ao-mercado/remuneracao-aos-acionistas/
CG_ONLY,V10,2026-06-10,60872504000123,XPBR31,XPBR31_2026-06-10_DISTRIBUTION_691,48.39260225625354,,0.0,48.39260225625354,,UNKNOWN,EX_DATE_ECONOMIC_REINVESTMENT,https://www.sec.gov/Archives/edgar/data/1787425/000095010326007333/dp246817_ex9901.htm
CG_ONLY,V10,2026-06-19,60872504000123,ITUB4,ITUB4_2026-06-19_DISTRIBUTION_99,1304.5381837528519,,0.0,1304.5381837528519,JCP,UNKNOWN,EX_DATE_ECONOMIC_REINVESTMENT,cache/market.json.gz; SQLite corporate_actions/B3
CG_ONLY,V10,2026-06-23,02149205000169,PSSA3,CONT_2857_PSSA3_2026-06-23,1685.2993555360918,,0.0,1685.2993555360918,,UNKNOWN,EX_DATE_ECONOMIC_REINVESTMENT,https://api.mziq.com/mzfilemanager/v2/d/b77a3922-d280-4451-b3ee-0afec4577834/f8d74364-4778-d466-02ec-0d7bf05ca8fa?origin=2
CG_ONLY,V10,2026-06-23,02558115000121,TIMS3,CONT_2858_TIMS3_2026-06-23,1134.6945594405568,,0.0,1134.6945594405568,,UNKNOWN,EX_DATE_ECONOMIC_REINVESTMENT,https://api.mziq.com/mzfilemanager/v2/d/4c4aa51f-1235-4aa1-8b83-adc92e8dacc3/25999361-3614-1392-dad2-f96e99522a8d?origin=2
CG_ONLY,V10,2026-06-24,17155730000164,CMIG4,CMIG4_2026-06-24_DISTRIBUTION_373,1261.5251191255284,,0.0,1261.5251191255284,JCP,UNKNOWN,EX_DATE_ECONOMIC_REINVESTMENT,cache/market.json.gz; SQLite corporate_actions/B3
CG_ONLY,V10,2026-06-24,17281106000103,CSMG3,CONT_2481_CSMG3_2026-06-24,1800.8853703645611,,0.0,1800.8853703645611,,UNKNOWN,EX_DATE_ECONOMIC_REINVESTMENT,CSMG_RI_V4
CG_ONLY,V10,2026-06-29,02558157000162,VIVT3,CONT_2859_VIVT3_2026-06-29,323.58483330251124,,0.0,323.58483330251124,,UNKNOWN,EX_DATE_ECONOMIC_REINVESTMENT,https://api.mziq.com/mzfilemanager/v2/d/24165f81-24d6-4648-bf9f-66712905d5a2/34b95df5-e8c3-6d48-b667-42e740e0df5e?origin=2
CG_ONLY,VVAL,2014-07-02,60746948000112,BBDC4,BBDC4_2014-07-02_DISTRIBUTION_332,6.5949720636711335,,0.0,6.5949720636711335,JCP,UNKNOWN,EX_DATE_ECONOMIC_REINVESTMENT,cache/market.json.gz; SQLite corporate_actions/B3
CG_ONLY,VVAL,2014-08-04,60746948000112,BBDC4,BBDC4_2014-08-04_DISTRIBUTION_331,6.599247495658883,,0.0,6.599247495658883,JCP,UNKNOWN,EX_DATE_ECONOMIC_REINVESTMENT,cache/market.json.gz; SQLite corporate_actions/B3
CG_ONLY,VVAL,2014-08-07,02998609000127,GETI4,B00S_GETI4_2014-08-07_DISTRIBUTION_83,581.2200475316838,,0.0,581.2200475316838,,UNKNOWN,EX_DATE_ECONOMIC_REINVESTMENT,originals/owned_proventos_44287.zip; PN payment 87; record date corroborated by historical B3-derived distribution table
CG_ONLY,VVAL,2014-09-02,60746948000112,BBDC4,BBDC4_2014-09-02_DISTRIBUTION_330,6.603106338707397,,0.0,6.603106338707397,JCP,UNKNOWN,EX_DATE_ECONOMIC_REINVESTMENT,cache/market.json.gz; SQLite corporate_actions/B3
CG_ONLY,VVAL,2014-09-05,02429144000193,CPFE3,B00S_CPFE3_2014-09-05_DISTRIBUTION_54,226.40664435154997,,0.0,226.40664435154997,CASH_DIVIDEND,UNKNOWN,EX_DATE_ECONOMIC_REINVESTMENT,cache/market.json.gz; B3
CG_ONLY,VVAL,2014-09-12,02474103000119,TBLE3,TBLE3_2014-09-12_DISTRIBUTION_372,219.35554163480444,,0.0,219.35554163480444,CASH_DIVIDEND,UNKNOWN,EX_DATE_ECONOMIC_REINVESTMENT,cache/market.json.gz; SQLite corporate_actions/B3
CG_ONLY,VVAL,2014-09-23,17281106000103,CSMG3,B00S_CSMG3_2014-09-23_DISTRIBUTION_60,78.08888135078435,,0.0,78.08888135078435,JCP,UNKNOWN,EX_DATE_ECONOMIC_REINVESTMENT,cache/market.json.gz; B3
CG_ONLY,VVAL,2014-10-02,60746948000112,BBDC4,BBDC4_2014-10-02_DISTRIBUTION_329,6.606395939698059,,0.0,6.606395939698059,JCP,UNKNOWN,EX_DATE_ECONOMIC_REINVESTMENT,cache/market.json.gz; SQLite corporate_actions/B3
CG_ONLY,VVAL,2014-10-30,02149205000169,PSSA3,B00S_PSSA3_2014-10-30_DISTRIBUTION_67,218.01856542092685,,0.0,218.01856542092685,JCP,UNKNOWN,EX_DATE_ECONOMIC_REINVESTMENT,cache/market.json.gz; B3
CG_ONLY,VVAL,2014-11-04,60746948000112,BBDC4,BBDC4_2014-11-04_DISTRIBUTION_328,6.610347139213085,,0.0,6.610347139213085,JCP,UNKNOWN,EX_DATE_ECONOMIC_REINVESTMENT,cache/market.json.gz; SQLite corporate_actions/B3
CG_ONLY,VVAL,2014-11-07,76483817000120,CPLE6,B00S_CPLE6_2014-11-07_DISTRIBUTION_56,417.8725175812816,,0.0,417.8725175812816,CASH_DIVIDEND,UNKNOWN,EX_DATE_ECONOMIC_REINVESTMENT,cache/market.json.gz; B3
CG_ONLY,VVAL,2014-11-07,76483817000120,CPLE6,B00S_CPLE6_2014-11-07_DISTRIBUTION_57,35.74060744901753,,0.0,35.74060744901753,JCP,UNKNOWN,EX_DATE_ECONOMIC_REINVESTMENT,cache/market.json.gz; B3
CG_ONLY,VVAL,2014-11-11,02474103000119,TBLE3,TBLE3_2014-11-11_DISTRIBUTION_371,184.9974302957585,,0.0,184.9974302957585,CASH_DIVIDEND,UNKNOWN,EX_DATE_ECONOMIC_REINVESTMENT,cache/market.json.gz; SQLite corporate_actions/B3
CG_ONLY,VVAL,2014-11-26,02474103000119,TBLE3,TBLE3_2014-11-26_DISTRIBUTION_370,110.41665697293747,,0.0,110.41665697293747,JCP,UNKNOWN,EX_DATE_ECONOMIC_REINVESTMENT,cache/market.json.gz; SQLite corporate_actions/B3
CG_ONLY,VVAL,2014-12-02,60746948000112,BBDC4,BBDC4_2014-12-02_DISTRIBUTION_327,6.614016562764148,,0.0,6.614016562764148,JCP,UNKNOWN,EX_DATE_ECONOMIC_REINVESTMENT,cache/market.json.gz; SQLite corporate_actions/B3
CG_ONLY,VVAL,2014-12-23,60746948000112,BBDC4,BBDC4_2014-12-23_DISTRIBUTION_326,207.6002096350251,,0.0,207.6002096350251,JCP,UNKNOWN,EX_DATE_ECONOMIC_REINVESTMENT,cache/market.json.gz; SQLite corporate_actions/B3
CG_ONLY,VVAL,2014-12-23,02149205000169,PSSA3,B00S_PSSA3_2014-12-23_DISTRIBUTION_66,75.54344369071953,,0.0,75.54344369071953,JCP,UNKNOWN,EX_DATE_ECONOMIC_REINVESTMENT,cache/market.json.gz; B3
CG_ONLY,VVAL,2014-12-30,03983431000103,ENBR3,B00S_ENBR3_2014-12-30_DISTRIBUTION_62,309.14986567379316,,0.0,309.14986567379316,JCP,UNKNOWN,EX_DATE_ECONOMIC_REINVESTMENT,cache/market.json.gz; B3
CG_ONLY,VVAL,2015-01-05,60746948000112,BBDC4,BBDC4_2015-01-05_DISTRIBUTION_325,6.7377026381975735,,0.0,6.7377026381975735,JCP,UNKNOWN,EX_DATE_ECONOMIC_REINVESTMENT,cache/market.json.gz; SQLite corporate_actions/B3
CG_ONLY,VVAL,2015-02-03,60746948000112,BBDC4,BBDC4_2015-02-03_DISTRIBUTION_324,6.741762872154803,,0.0,6.741762872154803,JCP,UNKNOWN,EX_DATE_ECONOMIC_REINVESTMENT,cache/market.json.gz; SQLite corporate_actions/B3
CG_ONLY,VVAL,2015-02-10,60746948000112,BBDC4,BBDC4_2015-02-10_DISTRIBUTION_323,51.316602467968714,,0.0,51.316602467968714,CASH_DIVIDEND,UNKNOWN,EX_DATE_ECONOMIC_REINVESTMENT,cache/market.json.gz; SQLite corporate_actions/B3
CG_ONLY,VVAL,2015-03-03,60746948000112,BBDC4,BBDC4_2015-03-03_DISTRIBUTION_322,6.775857081570816,,0.0,6.775857081570816,JCP,UNKNOWN,EX_DATE_ECONOMIC_REINVESTMENT,cache/market.json.gz; SQLite corporate_actions/B3
CG_ONLY,VVAL,2015-03-25,17281106000103,CSMG3,B00S_CSMG3_2015-03-25_DISTRIBUTION_59,10.55126593284738,,0.0,10.55126593284738,JCP,UNKNOWN,EX_DATE_ECONOMIC_REINVESTMENT,cache/market.json.gz; B3
CG_ONLY,VVAL,2015-03-30,02149205000169,PSSA3,B00S_PSSA3_2015-03-30_DISTRIBUTION_65,232.20420346790695,,0.0,232.20420346790695,CASH_DIVIDEND,UNKNOWN,EX_DATE_ECONOMIC_REINVESTMENT,cache/market.json.gz; B3
CG_ONLY,VVAL,2015-04-02,60746948000112,BBDC4,BBDC4_2015-04-02_DISTRIBUTION_321,7.45759603939632,,0.0,7.45759603939632,JCP,UNKNOWN,EX_DATE_ECONOMIC_REINVESTMENT,cache/market.json.gz; SQLite corporate_actions/B3
CG_ONLY,VVAL,2015-04-07,43776517000180,SBSP3,B00S_SBSP3_2015-04-07_DISTRIBUTION_68,243.69800885198077,,0.0,243.69800885198077,JCP,UNKNOWN,EX_DATE_ECONOMIC_REINVESTMENT,cache/market.json.gz; B3
CG_ONLY,VVAL,2015-04-13,03983431000103,ENBR3,B00S_ENBR3_2015-04-13_DISTRIBUTION_61,162.0952010332384,,0.0,162.0952010332384,CASH_DIVIDEND,UNKNOWN,EX_DATE_ECONOMIC_REINVESTMENT,cache/market.json.gz; B3
CG_ONLY,VVAL,2015-04-13,03378521000175,LIGT3,B00S_LIGT3_2015-04-13_DISTRIBUTION_86,580.6300245524786,,0.0,580.6300245524786,,UNKNOWN,EX_DATE_ECONOMIC_REINVESTMENT,Light AGM 2015-04-10; entitlement on AGM date; source in b00s_initial_evidence.json
CG_ONLY,VVAL,2015-04-24,76483817000120,CPLE6,B00S_CPLE6_2015-04-24_DISTRIBUTION_55,307.0282838233193,,0.0,307.0282838233193,CASH_DIVIDEND,UNKNOWN,EX_DATE_ECONOMIC_REINVESTMENT,cache/market.json.gz; B3
CG_ONLY,VVAL,2015-05-05,60746948000112,BBDC4,BBDC4_2015-05-05_DISTRIBUTION_320,7.497717824046001,,0.0,7.497717824046001,JCP,UNKNOWN,EX_DATE_ECONOMIC_REINVESTMENT,cache/market.json.gz; SQLite corporate_actions/B3
CG_ONLY,VVAL,2015-05-11,02998609000127,GETI4,B00S_GETI4_2015-05-11_DISTRIBUTION_84,227.29187593160935,,0.0,227.29187593160935,,UNKNOWN,EX_DATE_ECONOMIC_REINVESTMENT,originals/owned_proventos_50033.zip; PN payment 80; record date corroborated by historical B3-derived distribution table
CG_ONLY,VVAL,2015-05-11,02474103000119,TBLE3,TBLE3_2015-05-11_DISTRIBUTION_369,88.75161031805487,,0.0,88.75161031805487,CASH_DIVIDEND,UNKNOWN,EX_DATE_ECONOMIC_REINVESTMENT,cache/market.json.gz; SQLite corporate_actions/B3
CG_ONLY,VVAL,2015-05-12,17281106000103,CSMG3,B00S_CSMG3_2015-05-12_DISTRIBUTION_58,23.61650696645014,,0.0,23.61650696645014,JCP,UNKNOWN,EX_DATE_ECONOMIC_REINVESTMENT,cache/market.json.gz; B3
CG_ONLY,VVAL,2015-06-02,60746948000112,BBDC4,BBDC4_2015-06-02_DISTRIBUTION_319,7.858909773775898,,0.0,7.858909773775898,JCP,UNKNOWN,EX_DATE_ECONOMIC_REINVESTMENT,cache/market.json.gz; SQLite corporate_actions/B3
CG_ONLY,VVAL,2015-06-23,60746948000112,BBDC4,BBDC4_2015-06-23_DISTRIBUTION_318,78.70041613399314,,0.0,78.70041613399314,CASH_DIVIDEND,UNKNOWN,EX_DATE_ECONOMIC_REINVESTMENT,cache/market.json.gz; SQLite corporate_actions/B3
CG_ONLY,VVAL,2015-07-01,60872504000123,ITUB4,ITUB4_2015-07-01_DISTRIBUTION_280,4.512236940860831,,0.0,4.512236940860831,CASH_DIVIDEND,UNKNOWN,EX_DATE_ECONOMIC_REINVESTMENT,cache/market.json.gz; SQLite corporate_actions/B3
CG_ONLY,VVAL,2015-07-02,60746948000112,BBDC4,BBDC4_2015-07-02_DISTRIBUTION_317,7.013889495257429,,0.0,7.013889495257429,JCP,UNKNOWN,EX_DATE_ECONOMIC_REINVESTMENT,cache/market.json.gz; SQLite corporate_actions/B3
CG_ONLY,VVAL,2015-08-03,60872504000123,ITUB4,ITUB4_2015-08-03_DISTRIBUTION_279,5.0299809896200225,,0.0,5.0299809896200225,CASH_DIVIDEND,UNKNOWN,EX_DATE_ECONOMIC_REINVESTMENT,cache/market.json.gz; SQLite corporate_actions/B3
CG_ONLY,VVAL,2015-08-04,60746948000112,BBDC4,BBDC4_2015-08-04_DISTRIBUTION_316,7.263345363464189,,0.0,7.263345363464189,JCP,UNKNOWN,EX_DATE_ECONOMIC_REINVESTMENT,cache/market.json.gz; SQLite corporate_actions/B3
CG_ONLY,VVAL,2015-08-10,02998609000127,GETI4,GETI_DIST_20150810,222.18498564803917,,0.0,222.18498564803917,,UNKNOWN,EX_DATE_ECONOMIC_REINVESTMENT,https://www.fundamentus.com.br/proventos.php?interface=mobile&papel=geti4&tipo=2
CG_ONLY,VVAL,2015-08-12,17281106000103,CSMG3,CONT_994_CSMG3_2015-08-12,7.25831843164347,,0.0,7.25831843164347,,UNKNOWN,EX_DATE_ECONOMIC_REINVESTMENT,cache/market.json.gz; B3
CG_ONLY,VVAL,2015-08-13,60872504000123,ITUB4,ITUB4_2015-08-13_DISTRIBUTION_278,118.72481980228957,,0.0,118.72481980228957,JCP,UNKNOWN,EX_DATE_ECONOMIC_REINVESTMENT,cache/market.json.gz; SQLite corporate_actions/B3
CG_ONLY,VVAL,2015-08-21,02474103000119,TBLE3,TBLE3_2015-08-21_DISTRIBUTION_368,146.01114706750792,,0.0,146.01114706750792,CASH_DIVIDEND,UNKNOWN,EX_DATE_ECONOMIC_REINVESTMENT,cache/market.json.gz; SQLite corporate_actions/B3
CG_ONLY,VVAL,2015-08-24,00000000000191,BBAS3,CONT_253_BBAS3_2015-08-24,56.410558432008145,,0.0,56.410558432008145,,UNKNOWN,EX_DATE_ECONOMIC_REINVESTMENT,cache/market.json.gz; B3
CG_ONLY,VVAL,2015-08-24,00000000000191,BBAS3,CONT_254_BBAS3_2015-08-24,1.32688110508724,,0.0,1.32688110508724,,UNKNOWN,EX_DATE_ECONOMIC_REINVESTMENT,cache/market.json.gz; B3
CG_ONLY,VVAL,2015-09-01,60872504000123,ITUB4,ITUB4_2015-09-01_DISTRIBUTION_277,5.213729097182445,,0.0,5.213729097182445,CASH_DIVIDEND,UNKNOWN,EX_DATE_ECONOMIC_REINVESTMENT,cache/market.json.gz; SQLite corporate_actions/B3
CG_ONLY,VVAL,2015-09-02,60746948000112,BBDC4,BBDC4_2015-09-02_DISTRIBUTION_315,7.451943903871628,,0.0,7.451943903871628,JCP,UNKNOWN,EX_DATE_ECONOMIC_REINVESTMENT,cache/market.json.gz; SQLite corporate_actions/B3
CG_ONLY,VVAL,2015-09-14,00000000000191,BBAS3,CONT_252_BBAS3_2015-09-14,129.50687930502437,,0.0,129.50687930502437,,UNKNOWN,EX_DATE_ECONOMIC_REINVESTMENT,cache/market.json.gz; B3
CG_ONLY,VVAL,2015-10-01,60872504000123,ITUB4,ITUB4_2015-10-01_DISTRIBUTION_276,5.222750452840573,,0.0,5.222750452840573,CASH_DIVIDEND,UNKNOWN,EX_DATE_ECONOMIC_REINVESTMENT,cache/market.json.gz; SQLite corporate_actions/B3
CG_ONLY,VVAL,2015-10-02,60746948000112,BBDC4,BBDC4_2015-10-02_DISTRIBUTION_314,7.71546039915524,,0.0,7.71546039915524,JCP,UNKNOWN,EX_DATE_ECONOMIC_REINVESTMENT,cache/market.json.gz; SQLite corporate_actions/B3
CG_ONLY,VVAL,2015-10-29,02149205000169,PSSA3,CONT_2161_PSSA3_2015-10-29,223.59103454964736,,0.0,223.59103454964736,,UNKNOWN,EX_DATE_ECONOMIC_REINVESTMENT,cache/market.json.gz; B3
CG_ONLY,VVAL,2015-11-03,60872504000123,ITUB4,ITUB4_2015-11-03_DISTRIBUTION_275,5.22566493412006,,0.0,5.22566493412006,CASH_DIVIDEND,UNKNOWN,EX_DATE_ECONOMIC_REINVESTMENT,cache/market.json.gz; SQLite corporate_actions/B3
CG_ONLY,VVAL,2015-11-04,60746948000112,BBDC4,BBDC4_2015-11-04_DISTRIBUTION_313,8.162720603326047,,0.0,8.162720603326047,JCP,UNKNOWN,EX_DATE_ECONOMIC_REINVESTMENT,cache/market.json.gz; SQLite corporate_actions/B3
CG_ONLY,VVAL,2015-11-12,17281106000103,CSMG3,CONT_993_CSMG3_2015-11-12,18.533800058791243,,0.0,18.533800058791243,,UNKNOWN,EX_DATE_ECONOMIC_REINVESTMENT,cache/market.json.gz; B3
CG_ONLY,VVAL,2015-11-24,02474103000119,TBLE3,TBLE3_2015-11-24_DISTRIBUTION_367,149.38683781195175,,0.0,149.38683781195175,JCP,UNKNOWN,EX_DATE_ECONOMIC_REINVESTMENT,cache/market.json.gz; SQLite corporate_actions/B3
CG_ONLY,VVAL,2015-11-24,00000000000191,BBAS3,CONT_251_BBAS3_2015-11-24,96.04979996484035,,0.0,96.04979996484035,,UNKNOWN,EX_DATE_ECONOMIC_REINVESTMENT,cache/market.json.gz; B3
CG_ONLY,VVAL,2015-12-01,60872504000123,ITUB4,ITUB4_2015-12-01_DISTRIBUTION_274,5.339739592309645,,0.0,5.339739592309645,CASH_DIVIDEND,UNKNOWN,EX_DATE_ECONOMIC_REINVESTMENT,cache/market.json.gz; SQLite corporate_actions/B3
CG_ONLY,VVAL,2015-12-02,60746948000112,BBDC4,BBDC4_2015-12-02_DISTRIBUTION_312,8.50341687164691,,0.0,8.50341687164691,JCP,UNKNOWN,EX_DATE_ECONOMIC_REINVESTMENT,cache/market.json.gz; SQLite corporate_actions/B3
CG_ONLY,VVAL,2015-12-10,60872504000123,ITUB4,ITUB4_2015-12-10_DISTRIBUTION_273,75.30558050875374,,0.0,75.30558050875374,JCP,UNKNOWN,EX_DATE_ECONOMIC_REINVESTMENT,cache/market.json.gz; SQLite corporate_actions/B3
CG_ONLY,VVAL,2015-12-14,02149205000169,PSSA3,CONT_2160_PSSA3_2015-12-14,95.58328439548085,,0.0,95.58328439548085,,UNKNOWN,EX_DATE_ECONOMIC_REINVESTMENT,cache/market.json.gz; B3
CG_ONLY,VVAL,2015-12-14,00000000000191,BBAS3,CONT_250_BBAS3_2015-12-14,161.06106225013244,,0.0,161.06106225013244,,UNKNOWN,EX_DATE_ECONOMIC_REINVESTMENT,cache/market.json.gz; B3
CG_ONLY,VVAL,2015-12-17,60746948000112,BBDC4,BBDC4_2015-12-17_DISTRIBUTION_311,378.7886548406064,,0.0,378.7886548406064,JCP,UNKNOWN,EX_DATE_ECONOMIC_REINVESTMENT,cache/market.json.gz; SQLite corporate_actions/B3
CG_ONLY,VVAL,2015-12-22,03983431000103,ENBR3,CONT_1109_ENBR3_2015-12-22,28.003781482234512,,0.0,28.003781482234512,,UNKNOWN,EX_DATE_ECONOMIC_REINVESTMENT,cache/market.json.gz; B3
CG_ONLY,VVAL,2016-01-04,60872504000123,ITUB4,ITUB4_2016-01-04_DISTRIBUTION_272,5.443928391592995,,0.0,5.443928391592995,CASH_DIVIDEND,UNKNOWN,EX_DATE_ECONOMIC_REINVESTMENT,cache/market.json.gz; SQLite corporate_actions/B3
CG_ONLY,VVAL,2016-01-05,60746948000112,BBDC4,BBDC4_2016-01-05_DISTRIBUTION_310,9.104158822467257,,0.0,9.104158822467257,JCP,UNKNOWN,EX_DATE_ECONOMIC_REINVESTMENT,cache/market.json.gz; SQLite corporate_actions/B3
CG_ONLY,VVAL,2016-02-01,60872504000123,ITUB4,ITUB4_2016-02-01_DISTRIBUTION_271,5.5501437021629405,,0.0,5.5501437021629405,CASH_DIVIDEND,UNKNOWN,EX_DATE_ECONOMIC_REINVESTMENT,cache/market.json.gz; SQLite corporate_actions/B3
CG_ONLY,VVAL,2016-02-02,60746948000112,BBDC4,BBDC4_2016-02-02_DISTRIBUTION_309,9.405908591549277,,0.0,9.405908591549277,JCP,UNKNOWN,EX_DATE_ECONOMIC_REINVESTMENT,cache/market.json.gz; SQLite corporate_actions/B3
CG_ONLY,VVAL,2016-02-19,60872504000123,ITUB4,ITUB4_2016-02-19_DISTRIBUTION_269,74.5916780228889,,0.0,74.5916780228889,CASH_DIVIDEND,UNKNOWN,EX_DATE_ECONOMIC_REINVESTMENT,cache/market.json.gz; SQLite corporate_actions/B3
CG_ONLY,VVAL,2016-02-19,60872504000123,ITUB4,ITUB4_2016-02-19_DISTRIBUTION_270,171.93758509922472,,0.0,171.93758509922472,JCP,UNKNOWN,EX_DATE_ECONOMIC_REINVESTMENT,cache/market.json.gz; SQLite corporate_actions/B3
CG_ONLY,VVAL,2016-03-01,60872504000123,ITUB4,ITUB4_2016-03-01_DISTRIBUTION_268,5.803251363179671,,0.0,5.803251363179671,CASH_DIVIDEND,UNKNOWN,EX_DATE_ECONOMIC_REINVESTMENT,cache/market.json.gz; SQLite corporate_actions/B3
CG_ONLY,VVAL,2016-03-02,60746948000112,BBDC4,BBDC4_2016-03-02_DISTRIBUTION_308,9.415907208859982,,0.0,9.415907208859982,JCP,UNKNOWN,EX_DATE_ECONOMIC_REINVESTMENT,cache/market.json.gz; SQLite corporate_actions/B3
CG_ONLY,VVAL,2016-03-03,00000000000191,BBAS3,CONT_248_BBAS3_2016-03-03,59.405458556823646,,0.0,59.405458556823646,,UNKNOWN,EX_DATE_ECONOMIC_REINVESTMENT,cache/market.json.gz; B3
CG_ONLY,VVAL,2016-03-03,00000000000191,BBAS3,CONT_249_BBAS3_2016-03-03,1.5165426096846544,,0.0,1.5165426096846544,,UNKNOWN,EX_DATE_ECONOMIC_REINVESTMENT,cache/market.json.gz; B3
CG_ONLY,VVAL,2016-03-14,00000000000191,BBAS3,CONT_247_BBAS3_2016-03-14,66.47348641955993,,0.0,66.47348641955993,,UNKNOWN,EX_DATE_ECONOMIC_REINVESTMENT,cache/market.json.gz; B3
CG_ONLY,VVAL,2016-03-30,02149205000169,PSSA3,CONT_2159_PSSA3_2016-03-30,50.91613898834798,,0.0,50.91613898834798,,UNKNOWN,EX_DATE_ECONOMIC_REINVESTMENT,cache/market.json.gz; B3
CG_ONLY,VVAL,2016-04-01,60872504000123,ITUB4,ITUB4_2016-04-01_DISTRIBUTION_267,5.889635442772573,,0.0,5.889635442772573,CASH_DIVIDEND,UNKNOWN,EX_DATE_ECONOMIC_REINVESTMENT,cache/market.json.gz; SQLite corporate_actions/B3
CG_ONLY,VVAL,2016-04-04,60746948000112,BBDC4,BBDC4_2016-04-04_DISTRIBUTION_307,9.423883326755066,,0.0,9.423883326755066,JCP,UNKNOWN,EX_DATE_ECONOMIC_REINVESTMENT,cache/market.json.gz; SQLite corporate_actions/B3
CG_ONLY,VVAL,2016-04-06,43776517000180,SBSP3,CONT_2263_SBSP3_2016-04-06,141.60984545161324,,0.0,141.60984545161324,,UNKNOWN,EX_DATE_ECONOMIC_REINVESTMENT,cache/market.json.gz; B3
CG_ONLY,VVAL,2016-04-14,03983431000103,ENBR3,CONT_1108_ENBR3_2016-04-14,569.9024910037384,,0.0,569.9024910037384,,UNKNOWN,EX_DATE_ECONOMIC_REINVESTMENT,cache/market.json.gz; B3
CG_ONLY,VVAL,2016-04-29,76483817000120,CPLE6,CONT_923_CPLE6_2016-04-29,308.63510271611824,,0.0,308.63510271611824,,UNKNOWN,EX_DATE_ECONOMIC_REINVESTMENT,cache/market.json.gz; B3
CG_ONLY,VVAL,2016-04-29,76483817000120,CPLE6,CONT_924_CPLE6_2016-04-29,200.7618119020121,,0.0,200.7618119020121,,UNKNOWN,EX_DATE_ECONOMIC_REINVESTMENT,cache/market.json.gz; B3
CG_ONLY,VVAL,2016-04-29,02998609000127,TIET11,CONT_2619_TIET11_2016-04-29,904.8032729862332,,0.0,904.8032729862332,,UNKNOWN,EX_DATE_ECONOMIC_REINVESTMENT,cache/market.json.gz; B3
CG_ONLY,VVAL,2016-05-02,02429144000193,CPFE3,CONT_847_CPFE3_2016-05-02,132.32326122359626,,0.0,132.32326122359626,,UNKNOWN,EX_DATE_ECONOMIC_REINVESTMENT,cache/market.json.gz; B3
CG_ONLY,VVAL,2016-05-02,60872504000123,ITUB4,ITUB4_2016-05-02_DISTRIBUTION_266,5.941865355093553,,0.0,5.941865355093553,CASH_DIVIDEND,UNKNOWN,EX_DATE_ECONOMIC_REINVESTMENT,cache/market.json.gz; SQLite corporate_actions/B3
CG_ONLY,VVAL,2016-05-03,60746948000112,BBDC4,BBDC4_2016-05-03_DISTRIBUTION_306,10.37367467127776,,0.0,10.37367467127776,JCP,UNKNOWN,EX_DATE_ECONOMIC_REINVESTMENT,cache/market.json.gz; SQLite corporate_actions/B3
CG_ONLY,VVAL,2016-05-09,02998609000127,TIET11,CONT_2618_TIET11_2016-05-09,197.13312555984066,,0.0,197.13312555984066,,UNKNOWN,EX_DATE_ECONOMIC_REINVESTMENT,cache/market.json.gz; B3
CG_ONLY,VVAL,2016-05-11,02474103000119,TBLE3,TBLE3_2016-05-11_DISTRIBUTION_366,105.40449362727556,,0.0,105.40449362727556,CASH_DIVIDEND,UNKNOWN,EX_DATE_ECONOMIC_REINVESTMENT,cache/market.json.gz; SQLite corporate_actions/B3
CG_ONLY,VVAL,2016-05-12,17281106000103,CSMG3,CONT_992_CSMG3_2016-05-12,183.70717628506594,,0.0,183.70717628506594,,UNKNOWN,EX_DATE_ECONOMIC_REINVESTMENT,cache/market.json.gz; B3
CG_ONLY,VVAL,2016-05-24,00000000000191,BBAS3,CONT_246_BBAS3_2016-05-24,90.81449865076527,,0.0,90.81449865076527,,UNKNOWN,EX_DATE_ECONOMIC_REINVESTMENT,cache/market.json.gz; B3
CG_ONLY,VVAL,2016-06-01,60872504000123,ITUB4,ITUB4_2016-06-01_DISTRIBUTION_265,6.021504882161381,,0.0,6.021504882161381,CASH_DIVIDEND,UNKNOWN,EX_DATE_ECONOMIC_REINVESTMENT,cache/market.json.gz; SQLite corporate_actions/B3
CG_ONLY,VVAL,2016-06-02,60746948000112,BBDC4,BBDC4_2016-06-02_DISTRIBUTION_305,10.433307349641547,,0.0,10.433307349641547,JCP,UNKNOWN,EX_DATE_ECONOMIC_REINVESTMENT,cache/market.json.gz; SQLite corporate_actions/B3
CG_ONLY,VVAL,2016-06-14,00000000000191,BBAS3,CONT_245_BBAS3_2016-06-14,96.64777810148728,,0.0,96.64777810148728,,UNKNOWN,EX_DATE_ECONOMIC_REINVESTMENT,cache/market.json.gz; B3
CG_ONLY,VVAL,2016-06-23,60746948000112,BBDC4,BBDC4_2016-06-23_DISTRIBUTION_304,104.4319699512341,,0.0,104.4319699512341,JCP,UNKNOWN,EX_DATE_ECONOMIC_REINVESTMENT,cache/market.json.gz; SQLite corporate_actions/B3
CG_ONLY,VVAL,2016-07-01,60872504000123,ITUB4,ITUB4_2016-07-01_DISTRIBUTION_264,7.87532562853493,,0.0,7.87532562853493,CASH_DIVIDEND,UNKNOWN,EX_DATE_ECONOMIC_REINVESTMENT,cache/market.json.gz; SQLite corporate_actions/B3
CG_ONLY,VVAL,2016-07-04,60746948000112,BBDC4,BBDC4_2016-07-04_DISTRIBUTION_303,11.999013266337982,,0.0,11.999013266337982,JCP,UNKNOWN,EX_DATE_ECONOMIC_REINVESTMENT,cache/market.json.gz; SQLite corporate_actions/B3
CG_ONLY,VVAL,2016-08-01,60872504000123,ITUB4,ITUB4_2016-08-01_DISTRIBUTION_263,7.87914736533299,,0.0,7.87914736533299,CASH_DIVIDEND,UNKNOWN,EX_DATE_ECONOMIC_REINVESTMENT,cache/market.json.gz; SQLite corporate_actions/B3
CG_ONLY,VVAL,2016-08-02,60746948000112,BBDC4,BBDC4_2016-08-02_DISTRIBUTION_302,12.110220706914463,,0.0,12.110220706914463,JCP,UNKNOWN,EX_DATE_ECONOMIC_REINVESTMENT,cache/market.json.gz; SQLite corporate_actions/B3
CG_ONLY,VVAL,2016-08-09,02474103000119,TBLE3,TBLE3_2016-08-09_DISTRIBUTION_365,422.4332684560913,,0.0,422.4332684560913,CASH_DIVIDEND,UNKNOWN,EX_DATE_ECONOMIC_REINVESTMENT,cache/market.json.gz; SQLite corporate_actions/B3
CG_ONLY,VVAL,2016-08-15,60872504000123,ITUB4,ITUB4_2016-08-15_DISTRIBUTION_262,213.0639385146802,,0.0,213.0639385146802,JCP,UNKNOWN,EX_DATE_ECONOMIC_REINVESTMENT,cache/market.json.gz; SQLite corporate_actions/B3
CG_ONLY,VVAL,2016-08-23,00000000000191,BBAS3,CONT_243_BBAS3_2016-08-23,129.16605009191147,,0.0,129.16605009191147,,UNKNOWN,EX_DATE_ECONOMIC_REINVESTMENT,cache/market.json.gz; B3
CG_ONLY,VVAL,2016-08-23,00000000000191,BBAS3,CONT_244_BBAS3_2016-08-23,3.0194656033947576,,0.0,3.0194656033947576,,UNKNOWN,EX_DATE_ECONOMIC_REINVESTMENT,cache/market.json.gz; B3
CG_ONLY,VVAL,2016-09-01,60872504000123,ITUB4,ITUB4_2016-09-01_DISTRIBUTION_261,8.097916968550791,,0.0,8.097916968550791,CASH_DIVIDEND,UNKNOWN,EX_DATE_ECONOMIC_REINVESTMENT,cache/market.json.gz; SQLite corporate_actions/B3
CG_ONLY,VVAL,2016-09-02,60746948000112,BBDC4,BBDC4_2016-09-02_DISTRIBUTION_301,12.265534967193927,,0.0,12.265534967193927,JCP,UNKNOWN,EX_DATE_ECONOMIC_REINVESTMENT,cache/market.json.gz; SQLite corporate_actions/B3
CG_ONLY,VVAL,2016-09-08,92702067000196,BRSR6,CONT_691_BRSR6_2016-09-08,355.63781394602984,,0.0,355.63781394602984,,UNKNOWN,EX_DATE_ECONOMIC_REINVESTMENT,cache/market.json.gz; B3
CG_ONLY,VVAL,2016-09-13,00000000000191,BBAS3,CONT_242_BBAS3_2016-09-13,120.35363886990112,,0.0,120.35363886990112,,UNKNOWN,EX_DATE_ECONOMIC_REINVESTMENT,cache/market.json.gz; B3
CG_ONLY,VVAL,2016-10-03,60746948000112,BBDC4,BBDC4_2016-10-03_DISTRIBUTION_300,406.3592754303658,,0.0,406.3592754303658,JCP,UNKNOWN,EX_DATE_ECONOMIC_REINVESTMENT,cache/market.json.gz; SQLite corporate_actions/B3
CG_ONLY,VVAL,2016-10-03,60872504000123,ITUB4,ITUB4_2016-10-03_DISTRIBUTION_260,8.101273386194567,,0.0,8.101273386194567,CASH_DIVIDEND,UNKNOWN,EX_DATE_ECONOMIC_REINVESTMENT,cache/market.json.gz; SQLite corporate_actions/B3
CG_ONLY,VVAL,2016-10-04,60746948000112,BBDC4,BBDC4_2016-10-04_DISTRIBUTION_299,12.578550299205537,,0.0,12.578550299205537,JCP,UNKNOWN,EX_DATE_ECONOMIC_REINVESTMENT,cache/market.json.gz; SQLite corporate_actions/B3
CG_ONLY,VVAL,2016-10-28,02149205000169,PSSA3,CONT_2158_PSSA3_2016-10-28,695.0223062254729,,0.0,695.0223062254729,,UNKNOWN,EX_DATE_ECONOMIC_REINVESTMENT,cache/market.json.gz; B3
CG_ONLY,VVAL,2016-11-01,60872504000123,ITUB4,ITUB4_2016-11-01_DISTRIBUTION_259,8.952559906880312,,0.0,8.952559906880312,CASH_DIVIDEND,UNKNOWN,EX_DATE_ECONOMIC_REINVESTMENT,cache/market.json.gz; SQLite corporate_actions/B3
CG_ONLY,VVAL,2016-11-03,60746948000112,BBDC4,BBDC4_2016-11-03_DISTRIBUTION_298,12.62729220792416,,0.0,12.62729220792416,JCP,UNKNOWN,EX_DATE_ECONOMIC_REINVESTMENT,cache/market.json.gz; SQLite corporate_actions/B3
CG_ONLY,VVAL,2016-11-11,02474103000119,TBLE3,TBLE3_2016-11-11_DISTRIBUTION_364,319.5884460770042,,0.0,319.5884460770042,JCP,UNKNOWN,EX_DATE_ECONOMIC_REINVESTMENT,cache/market.json.gz; SQLite corporate_actions/B3
CG_ONLY,VVAL,2016-11-22,00000000000191,BBAS3,CONT_241_BBAS3_2016-11-22,105.00757871259982,,0.0,105.00757871259982,,UNKNOWN,EX_DATE_ECONOMIC_REINVESTMENT,cache/market.json.gz; B3
CG_ONLY,VVAL,2016-12-01,60872504000123,ITUB4,ITUB4_2016-12-01_DISTRIBUTION_258,8.956164964560934,,0.0,8.956164964560934,CASH_DIVIDEND,UNKNOWN,EX_DATE_ECONOMIC_REINVESTMENT,cache/market.json.gz; SQLite corporate_actions/B3
CG_ONLY,VVAL,2016-12-02,60746948000112,BBDC4,BBDC4_2016-12-02_DISTRIBUTION_297,12.750268215037142,,0.0,12.750268215037142,JCP,UNKNOWN,EX_DATE_ECONOMIC_REINVESTMENT,cache/market.json.gz; SQLite corporate_actions/B3
CG_ONLY,VVAL,2016-12-13,00000000000191,BBAS3,CONT_240_BBAS3_2016-12-13,73.80910120866173,,0.0,73.80910120866173,,UNKNOWN,EX_DATE_ECONOMIC_REINVESTMENT,cache/market.json.gz; B3
CG_ONLY,VVAL,2016-12-15,92702067000196,BRSR6,CONT_690_BRSR6_2016-12-15,78.72131702936589,,0.0,78.72131702936589,,UNKNOWN,EX_DATE_ECONOMIC_REINVESTMENT,cache/market.json.gz; B3
CG_ONLY,VVAL,2016-12-21,02149205000169,PSSA3,CONT_2157_PSSA3_2016-12-21,68.26493014719232,,0.0,68.26493014719232,,UNKNOWN,EX_DATE_ECONOMIC_REINVESTMENT,cache/market.json.gz; B3
CG_ONLY,VVAL,2016-12-22,60746948000112,BBDC4,BBDC4_2016-12-22_DISTRIBUTION_296,189.88279548706382,,0.0,189.88279548706382,JCP,UNKNOWN,EX_DATE_ECONOMIC_REINVESTMENT,cache/market.json.gz; SQLite corporate_actions/B3
CG_ONLY,VVAL,2016-12-23,60872504000123,ITUB4,ITUB4_2016-12-23_DISTRIBUTION_257,281.5873203069081,,0.0,281.5873203069081,JCP,UNKNOWN,EX_DATE_ECONOMIC_REINVESTMENT,cache/market.json.gz; SQLite corporate_actions/B3
CG_ONLY,VVAL,2016-12-29,03983431000103,ENBR3,CONT_1107_ENBR3_2016-12-29,729.1778869709705,,0.0,729.1778869709705,,UNKNOWN,EX_DATE_ECONOMIC_REINVESTMENT,cache/market.json.gz; B3
CG_ONLY,VVAL,2017-01-02,60872504000123,ITUB4,ITUB4_2017-01-02_DISTRIBUTION_256,9.090223049622239,,0.0,9.090223049622239,CASH_DIVIDEND,UNKNOWN,EX_DATE_ECONOMIC_REINVESTMENT,cache/market.json.gz; SQLite corporate_actions/B3
CG_ONLY,VVAL,2017-01-03,60746948000112,BBDC4,BBDC4_2017-01-03_DISTRIBUTION_623,12.998389194490215,,0.0,12.998389194490215,JCP Mensais,UNKNOWN,EX_DATE_ECONOMIC_REINVESTMENT,https://www.bradescori.com.br/informacoes-ao-mercado/remuneracao-aos-acionistas/
CG_ONLY,VVAL,2017-01-13,02429144000193,CPFE3,CONT_846_CPFE3_2017-01-13,179.72233394447457,,0.0,179.72233394447457,,UNKNOWN,EX_DATE_ECONOMIC_REINVESTMENT,cache/market.json.gz; B3
CG_ONLY,VVAL,2017-02-01,60872504000123,ITUB4,ITUB4_2017-02-01_DISTRIBUTION_255,9.106540930819873,,0.0,9.106540930819873,CASH_DIVIDEND,UNKNOWN,EX_DATE_ECONOMIC_REINVESTMENT,cache/market.json.gz; SQLite corporate_actions/B3
CG_ONLY,VVAL,2017-02-02,60746948000112,BBDC4,BBDC4_2017-02-02_DISTRIBUTION_624,13.070516818629022,,0.0,13.070516818629022,JCP Mensais,UNKNOWN,EX_DATE_ECONOMIC_REINVESTMENT,https://www.bradescori.com.br/informacoes-ao-mercado/remuneracao-aos-acionistas/
CG_ONLY,VVAL,2017-02-21,60872504000123,ITUB4,ITUB4_2017-02-21_DISTRIBUTION_254,471.76061863010284,,0.0,471.76061863010284,JCP,UNKNOWN,EX_DATE_ECONOMIC_REINVESTMENT,cache/market.json.gz; SQLite corporate_actions/B3
CG_ONLY,VVAL,2017-03-01,60872504000123,ITUB4,ITUB4_2017-03-01_DISTRIBUTION_253,9.299369530469598,,0.0,9.299369530469598,CASH_DIVIDEND,UNKNOWN,EX_DATE_ECONOMIC_REINVESTMENT,cache/market.json.gz; SQLite corporate_actions/B3
CG_ONLY,VVAL,2017-03-02,60746948000112,BBDC4,BBDC4_2017-03-02_DISTRIBUTION_625,13.190508999914341,,0.0,13.190508999914341,JCP Mensais,UNKNOWN,EX_DATE_ECONOMIC_REINVESTMENT,https://www.bradescori.com.br/informacoes-ao-mercado/remuneracao-aos-acionistas/
CG_ONLY,VVAL,2017-03-02,00000000000191,BBAS3,CONT_238_BBAS3_2017-03-02,24.360037009589362,,0.0,24.360037009589362,,UNKNOWN,EX_DATE_ECONOMIC_REINVESTMENT,cache/market.json.gz; B3
CG_ONLY,VVAL,2017-03-02,00000000000191,BBAS3,CONT_239_BBAS3_2017-03-02,0.5694964167190766,,0.0,0.5694964167190766,,UNKNOWN,EX_DATE_ECONOMIC_REINVESTMENT,cache/market.json.gz; B3
CG_ONLY,VVAL,2017-03-14,00000000000191,BBAS3,CONT_237_BBAS3_2017-03-14,69.44791893867735,,0.0,69.44791893867735,,UNKNOWN,EX_DATE_ECONOMIC_REINVESTMENT,cache/market.json.gz; B3
CG_ONLY,VVAL,2017-03-14,92702067000196,BRSR6,CONT_689_BRSR6_2017-03-14,377.4752110241997,,0.0,377.4752110241997,,UNKNOWN,EX_DATE_ECONOMIC_REINVESTMENT,cache/market.json.gz; B3
CG_ONLY,VVAL,2017-04-03,60872504000123,ITUB4,ITUB4_2017-04-03_DISTRIBUTION_252,9.304098953697794,,0.0,9.304098953697794,CASH_DIVIDEND,UNKNOWN,EX_DATE_ECONOMIC_REINVESTMENT,cache/market.json.gz; SQLite corporate_actions/B3
CG_ONLY,VVAL,2017-04-04,60746948000112,BBDC4,BBDC4_2017-04-04_DISTRIBUTION_626,13.316330499667863,,0.0,13.316330499667863,JCP Mensais,UNKNOWN,EX_DATE_ECONOMIC_REINVESTMENT,https://www.bradescori.com.br/informacoes-ao-mercado/remuneracao-aos-acionistas/
CG_ONLY,VVAL,2017-04-11,43776517000180,SBSP3,CONT_2262_SBSP3_2017-04-11,813.8751791414525,,0.0,813.8751791414525,,UNKNOWN,EX_DATE_ECONOMIC_REINVESTMENT,cache/market.json.gz; B3
CG_ONLY,VVAL,2017-05-02,76483817000120,CPLE6,CONT_921_CPLE6_2017-05-02,569.7448892515065,,0.0,569.7448892515065,,UNKNOWN,EX_DATE_ECONOMIC_REINVESTMENT,cache/market.json.gz; B3
CG_ONLY,VVAL,2017-05-02,76483817000120,CPLE6,CONT_922_CPLE6_2017-05-02,718.7781436921731,,0.0,718.7781436921731,,UNKNOWN,EX_DATE_ECONOMIC_REINVESTMENT,cache/market.json.gz; B3
CG_ONLY,VVAL,2017-05-02,60872504000123,ITUB4,ITUB4_2017-05-02_DISTRIBUTION_251,9.328880868356556,,0.0,9.328880868356556,CASH_DIVIDEND,UNKNOWN,EX_DATE_ECONOMIC_REINVESTMENT,cache/market.json.gz; SQLite corporate_actions/B3
CG_ONLY,VVAL,2017-05-03,60746948000112,BBDC4,BBDC4_2017-05-03_DISTRIBUTION_627,14.693384074383143,,0.0,14.693384074383143,JCP Mensais,UNKNOWN,EX_DATE_ECONOMIC_REINVESTMENT,https://www.bradescori.com.br/informacoes-ao-mercado/remuneracao-aos-acionistas/
CG_ONLY,VVAL,2017-05-05,92702067000196,BRSR6,CONT_688_BRSR6_2017-05-05,78.64957304738861,,0.0,78.64957304738861,,UNKNOWN,EX_DATE_ECONOMIC_REINVESTMENT,cache/market.json.gz; B3
CG_ONLY,VVAL,2017-05-16,92702067000196,BRSR6,CONT_687_BRSR6_2017-05-16,386.4319943032066,,0.0,386.4319943032066,,UNKNOWN,EX_DATE_ECONOMIC_REINVESTMENT,cache/market.json.gz; B3
CG_ONLY,VVAL,2017-05-23,00000000000191,BBAS3,CONT_236_BBAS3_2017-05-23,176.5469756426315,,0.0,176.5469756426315,,UNKNOWN,EX_DATE_ECONOMIC_REINVESTMENT,cache/market.json.gz; B3
CG_ONLY,VVAL,2017-05-30,02474103000119,TBLE3,TBLE3_2017-05-30_DISTRIBUTION_363,364.7545557918515,,0.0,364.7545557918515,CASH_DIVIDEND,UNKNOWN,EX_DATE_ECONOMIC_REINVESTMENT,cache/market.json.gz; SQLite corporate_actions/B3
CG_ONLY,VVAL,2017-06-01,60872504000123,ITUB4,ITUB4_2017-06-01_DISTRIBUTION_250,9.3323748312286,,0.0,9.3323748312286,CASH_DIVIDEND,UNKNOWN,EX_DATE_ECONOMIC_REINVESTMENT,cache/market.json.gz; SQLite corporate_actions/B3
CG_ONLY,VVAL,2017-06-02,60746948000112,BBDC4,BBDC4_2017-06-02_DISTRIBUTION_628,14.938834601568654,,0.0,14.938834601568654,JCP Mensais,UNKNOWN,EX_DATE_ECONOMIC_REINVESTMENT,https://www.bradescori.com.br/informacoes-ao-mercado/remuneracao-aos-acionistas/
CG_ONLY,VVAL,2017-06-13,00000000000191,BBAS3,CONT_235_BBAS3_2017-06-13,76.33950439718082,,0.0,76.33950439718082,,UNKNOWN,EX_DATE_ECONOMIC_REINVESTMENT,cache/market.json.gz; B3
CG_ONLY,VVAL,2017-07-03,60746948000112,BBDC4,BBDC4_2017-07-03_DISTRIBUTION_629,135.4772041479394,,0.0,135.4772041479394,JCP Intermediários,UNKNOWN,EX_DATE_ECONOMIC_REINVESTMENT,https://www.bradescori.com.br/informacoes-ao-mercado/remuneracao-aos-acionistas/
CG_ONLY,VVAL,2017-07-03,02149205000169,PSSA3,CONT_2156_PSSA3_2017-07-03,583.4423051047397,,0.0,583.4423051047397,,UNKNOWN,EX_DATE_ECONOMIC_REINVESTMENT,cache/market.json.gz; B3
CG_ONLY,VVAL,2017-07-03,60872504000123,ITUB4,ITUB4_2017-07-03_DISTRIBUTION_249,9.672401163766843,,0.0,9.672401163766843,CASH_DIVIDEND,UNKNOWN,EX_DATE_ECONOMIC_REINVESTMENT,cache/market.json.gz; SQLite corporate_actions/B3
CG_ONLY,VVAL,2017-07-03,76484013000145,SAPR4,CONT_2241_SAPR4_2017-07-03,672.5401046967667,,0.0,672.5401046967667,,UNKNOWN,EX_DATE_ECONOMIC_REINVESTMENT,cache/market.json.gz; B3
CG_ONLY,VVAL,2017-07-04,60746948000112,BBDC4,BBDC4_2017-07-04_DISTRIBUTION_630,16.13220985680375,,0.0,16.13220985680375,JCP Mensais,UNKNOWN,EX_DATE_ECONOMIC_REINVESTMENT,https://www.bradescori.com.br/informacoes-ao-mercado/remuneracao-aos-acionistas/
CG_ONLY,VVAL,2017-08-01,60872504000123,ITUB4,ITUB4_2017-08-01_DISTRIBUTION_248,9.70021744993989,,0.0,9.70021744993989,CASH_DIVIDEND,UNKNOWN,EX_DATE_ECONOMIC_REINVESTMENT,cache/market.json.gz; SQLite corporate_actions/B3
CG_ONLY,VVAL,2017-08-02,60746948000112,BBDC4,BBDC4_2017-08-02_DISTRIBUTION_631,16.143056972352326,,0.0,16.143056972352326,JCP Mensais,UNKNOWN,EX_DATE_ECONOMIC_REINVESTMENT,https://www.bradescori.com.br/informacoes-ao-mercado/remuneracao-aos-acionistas/
CG_ONLY,VVAL,2017-08-10,02474103000119,TBLE3,TBLE3_2017-08-10_DISTRIBUTION_362,1016.7223983868436,,0.0,1016.7223983868436,CASH_DIVIDEND,UNKNOWN,EX_DATE_ECONOMIC_REINVESTMENT,cache/market.json.gz; SQLite corporate_actions/B3
CG_ONLY,VVAL,2017-08-15,60872504000123,ITUB4,ITUB4_2017-08-15_DISTRIBUTION_247,260.44679063613006,,0.0,260.44679063613006,JCP,UNKNOWN,EX_DATE_ECONOMIC_REINVESTMENT,cache/market.json.gz; SQLite corporate_actions/B3
CG_ONLY,VVAL,2017-08-15,92702067000196,BRSR6,CONT_686_BRSR6_2017-08-15,366.675219651632,,0.0,366.675219651632,,UNKNOWN,EX_DATE_ECONOMIC_REINVESTMENT,cache/market.json.gz; B3
CG_ONLY,VVAL,2017-08-22,00000000000191,BBAS3,CONT_233_BBAS3_2017-08-22,178.03207444288233,,0.0,178.03207444288233,,UNKNOWN,EX_DATE_ECONOMIC_REINVESTMENT,cache/market.json.gz; B3
CG_ONLY,VVAL,2017-08-22,00000000000191,BBAS3,CONT_234_BBAS3_2017-08-22,2.8668361576288306,,0.0,2.8668361576288306,,UNKNOWN,EX_DATE_ECONOMIC_REINVESTMENT,cache/market.json.gz; B3
CG_ONLY,VVAL,2017-09-01,60872504000123,ITUB4,ITUB4_2017-09-01_DISTRIBUTION_246,9.889564013327991,,0.0,9.889564013327991,CASH_DIVIDEND,UNKNOWN,EX_DATE_ECONOMIC_REINVESTMENT,cache/market.json.gz; SQLite corporate_actions/B3
CG_ONLY,VVAL,2017-09-04,60746948000112,BBDC4,BBDC4_2017-09-04_DISTRIBUTION_632,16.152950752156155,,0.0,16.152950752156155,JCP Mensais,UNKNOWN,EX_DATE_ECONOMIC_REINVESTMENT,https://www.bradescori.com.br/informacoes-ao-mercado/remuneracao-aos-acionistas/
CG_ONLY,VVAL,2017-09-12,00000000000191,BBAS3,CONT_232_BBAS3_2017-09-12,67.98392724362047,,0.0,67.98392724362047,,UNKNOWN,EX_DATE_ECONOMIC_REINVESTMENT,cache/market.json.gz; B3
CG_ONLY,VVAL,2017-10-02,60872504000123,ITUB4,ITUB4_2017-10-02_DISTRIBUTION_245,9.91807515156495,,0.0,9.91807515156495,CASH_DIVIDEND,UNKNOWN,EX_DATE_ECONOMIC_REINVESTMENT,cache/market.json.gz; SQLite corporate_actions/B3
CG_ONLY,VVAL,2017-10-03,60746948000112,BBDC4,BBDC4_2017-10-03_DISTRIBUTION_633,16.16189963260312,,0.0,16.16189963260312,JCP Mensais,UNKNOWN,EX_DATE_ECONOMIC_REINVESTMENT,https://www.bradescori.com.br/informacoes-ao-mercado/remuneracao-aos-acionistas/
CG_ONLY,VVAL,2017-10-31,02149205000169,PSSA3,CONT_2155_PSSA3_2017-10-31,600.4018348692559,,0.0,600.4018348692559,,UNKNOWN,EX_DATE_ECONOMIC_REINVESTMENT,cache/market.json.gz; B3
CG_ONLY,VVAL,2017-11-01,60872504000123,ITUB4,ITUB4_2017-11-01_DISTRIBUTION_244,9.921502268065147,,0.0,9.921502268065147,CASH_DIVIDEND,UNKNOWN,EX_DATE_ECONOMIC_REINVESTMENT,cache/market.json.gz; SQLite corporate_actions/B3
CG_ONLY,VVAL,2017-11-03,60746948000112,BBDC4,BBDC4_2017-11-03_DISTRIBUTION_634,16.170210444489456,,0.0,16.170210444489456,JCP Mensais,UNKNOWN,EX_DATE_ECONOMIC_REINVESTMENT,https://www.bradescori.com.br/informacoes-ao-mercado/remuneracao-aos-acionistas/
CG_ONLY,VVAL,2017-11-10,02474103000119,TBLE3,TBLE3_2017-11-10_DISTRIBUTION_361,490.5060348895757,,0.0,490.5060348895757,JCP,UNKNOWN,EX_DATE_ECONOMIC_REINVESTMENT,cache/market.json.gz; SQLite corporate_actions/B3
CG_ONLY,VVAL,2017-11-14,92702067000196,BRSR6,CONT_685_BRSR6_2017-11-14,134.20090625343897,,0.0,134.20090625343897,,UNKNOWN,EX_DATE_ECONOMIC_REINVESTMENT,cache/market.json.gz; B3
CG_ONLY,VVAL,2017-11-22,00000000000191,BBAS3,CONT_231_BBAS3_2017-11-22,199.38032846308442,,0.0,199.38032846308442,,UNKNOWN,EX_DATE_ECONOMIC_REINVESTMENT,cache/market.json.gz; B3
CG_ONLY,VVAL,2017-12-01,60872504000123,ITUB4,ITUB4_2017-12-01_DISTRIBUTION_243,9.92510310363304,,0.0,9.92510310363304,CASH_DIVIDEND,UNKNOWN,EX_DATE_ECONOMIC_REINVESTMENT,cache/market.json.gz; SQLite corporate_actions/B3
CG_ONLY,VVAL,2017-12-04,60746948000112,BBDC4,BBDC4_2017-12-04_DISTRIBUTION_635,16.179256041620174,,0.0,16.179256041620174,JCP Mensais,UNKNOWN,EX_DATE_ECONOMIC_REINVESTMENT,https://www.bradescori.com.br/informacoes-ao-mercado/remuneracao-aos-acionistas/
CG_ONLY,VVAL,2017-12-12,00000000000191,BBAS3,CONT_230_BBAS3_2017-12-12,74.27342451228137,,0.0,74.27342451228137,,UNKNOWN,EX_DATE_ECONOMIC_REINVESTMENT,cache/market.json.gz; B3
CG_ONLY,VVAL,2017-12-15,60872504000123,ITUB4,ITUB4_2017-12-15_DISTRIBUTION_242,95.64661136728968,,0.0,95.64661136728968,JCP,UNKNOWN,EX_DATE_ECONOMIC_REINVESTMENT,cache/market.json.gz; SQLite corporate_actions/B3
CG_ONLY,VVAL,2017-12-26,60746948000112,BBDC4,BBDC4_2017-12-26_DISTRIBUTION_636,708.0460737180679,,0.0,708.0460737180679,JCP Complementares,UNKNOWN,EX_DATE_ECONOMIC_REINVESTMENT,https://www.bradescori.com.br/informacoes-ao-mercado/remuneracao-aos-acionistas/
CG_ONLY,VVAL,2017-12-27,03983431000103,ENBR3,CONT_1106_ENBR3_2017-12-27,216.21957571467894,,0.0,216.21957571467894,,UNKNOWN,EX_DATE_ECONOMIC_REINVESTMENT,cache/market.json.gz; B3
CG_ONLY,VVAL,2018-01-02,76483817000120,CPLE6,CONT_920_CPLE6_2018-01-02,1047.7878493104615,,0.0,1047.7878493104615,,UNKNOWN,EX_DATE_ECONOMIC_REINVESTMENT,cache/market.json.gz; B3
CG_ONLY,VVAL,2018-01-02,60872504000123,ITUB4,ITUB4_2018-01-02_DISTRIBUTION_241,9.96363000054191,,0.0,9.96363000054191,CASH_DIVIDEND,UNKNOWN,EX_DATE_ECONOMIC_REINVESTMENT,cache/market.json.gz; SQLite corporate_actions/B3
CG_ONLY,VVAL,2018-01-02,76484013000145,SAPR4,CONT_2240_SAPR4_2018-01-02,805.4113897840103,,0.0,805.4113897840103,,UNKNOWN,EX_DATE_ECONOMIC_REINVESTMENT,cache/market.json.gz; B3
CG_ONLY,VVAL,2018-01-03,60746948000112,BBDC4,BBDC4_2018-01-03_DISTRIBUTION_609,16.59186161710763,,0.0,16.59186161710763,JCP Mensais,UNKNOWN,EX_DATE_ECONOMIC_REINVESTMENT,https://www.bradescori.com.br/informacoes-ao-mercado/remuneracao-aos-acionistas/
CG_ONLY,VVAL,2018-01-05,92702067000196,BRSR6,CONT_684_BRSR6_2018-01-05,565.4481302484575,,0.0,565.4481302484575,,UNKNOWN,EX_DATE_ECONOMIC_REINVESTMENT,cache/market.json.gz; B3
CG_ONLY,VVAL,2018-02-01,60872504000123,ITUB4,ITUB4_2018-02-01_DISTRIBUTION_240,9.967035981626871,,0.0,9.967035981626871,CASH_DIVIDEND,UNKNOWN,EX_DATE_ECONOMIC_REINVESTMENT,cache/market.json.gz; SQLite corporate_actions/B3
CG_ONLY,VVAL,2018-02-02,60746948000112,BBDC4,BBDC4_2018-02-02_DISTRIBUTION_610,16.6009240064323,,0.0,16.6009240064323,JCP Mensais,UNKNOWN,EX_DATE_ECONOMIC_REINVESTMENT,https://www.bradescori.com.br/informacoes-ao-mercado/remuneracao-aos-acionistas/
CG_ONLY,VVAL,2018-02-16,60872504000123,ITUB4,ITUB4_2018-02-16_DISTRIBUTION_238,640.5982262226956,,0.0,640.5982262226956,CASH_DIVIDEND,UNKNOWN,EX_DATE_ECONOMIC_REINVESTMENT,cache/market.json.gz; SQLite corporate_actions/B3
CG_ONLY,VVAL,2018-02-16,60872504000123,ITUB4,ITUB4_2018-02-16_DISTRIBUTION_239,763.5601185771247,,0.0,763.5601185771247,JCP,UNKNOWN,EX_DATE_ECONOMIC_REINVESTMENT,cache/market.json.gz; SQLite corporate_actions/B3
CG_ONLY,VVAL,2018-02-27,92702067000196,BRSR6,CONT_683_BRSR6_2018-02-27,392.7820774048585,,0.0,392.7820774048585,,UNKNOWN,EX_DATE_ECONOMIC_REINVESTMENT,cache/market.json.gz; B3
CG_ONLY,VVAL,2018-03-01,60872504000123,ITUB4,ITUB4_2018-03-01_DISTRIBUTION_237,10.384252142271153,,0.0,10.384252142271153,CASH_DIVIDEND,UNKNOWN,EX_DATE_ECONOMIC_REINVESTMENT,cache/market.json.gz; SQLite corporate_actions/B3
CG_ONLY,VVAL,2018-03-02,60746948000112,BBDC4,BBDC4_2018-03-02_DISTRIBUTION_611,16.609122844595902,,0.0,16.609122844595902,JCP Mensais,UNKNOWN,EX_DATE_ECONOMIC_REINVESTMENT,https://www.bradescori.com.br/informacoes-ao-mercado/remuneracao-aos-acionistas/
CG_ONLY,VVAL,2018-03-02,00000000000191,BBAS3,CONT_228_BBAS3_2018-03-02,218.73966062120988,,0.0,218.73966062120988,,UNKNOWN,EX_DATE_ECONOMIC_REINVESTMENT,cache/market.json.gz; B3
CG_ONLY,VVAL,2018-03-02,00000000000191,BBAS3,CONT_229_BBAS3_2018-03-02,2.75659928683252,,0.0,2.75659928683252,,UNKNOWN,EX_DATE_ECONOMIC_REINVESTMENT,cache/market.json.gz; B3
CG_ONLY,VVAL,2018-03-13,00000000000191,BBAS3,CONT_227_BBAS3_2018-03-13,74.0984727356429,,0.0,74.0984727356429,,UNKNOWN,EX_DATE_ECONOMIC_REINVESTMENT,cache/market.json.gz; B3
CG_ONLY,VVAL,2018-04-02,02149205000169,PSSA3,CONT_2154_PSSA3_2018-04-02,69.671501228841,,0.0,69.671501228841,,UNKNOWN,EX_DATE_ECONOMIC_REINVESTMENT,cache/market.json.gz; B3
CG_ONLY,VVAL,2018-04-02,60872504000123,ITUB4,ITUB4_2018-04-02_DISTRIBUTION_236,10.387299760782874,,0.0,10.387299760782874,CASH_DIVIDEND,UNKNOWN,EX_DATE_ECONOMIC_REINVESTMENT,cache/market.json.gz; SQLite corporate_actions/B3
CG_ONLY,VVAL,2018-04-03,60746948000112,BBDC4,BBDC4_2018-04-03_DISTRIBUTION_612,18.278874252640325,,0.0,18.278874252640325,JCP Mensais,UNKNOWN,EX_DATE_ECONOMIC_REINVESTMENT,https://www.bradescori.com.br/informacoes-ao-mercado/remuneracao-aos-acionistas/
CG_ONLY,VVAL,2018-04-10,03983431000103,ENBR3,CONT_1105_ENBR3_2018-04-10,967.8317986936836,,0.0,967.8317986936836,,UNKNOWN,EX_DATE_ECONOMIC_REINVESTMENT,cache/market.json.gz; B3
CG_ONLY,VVAL,2018-04-24,02474103000119,TBLE3,TBLE3_2018-04-24_DISTRIBUTION_360,769.112482306299,,0.0,769.112482306299,CASH_DIVIDEND,UNKNOWN,EX_DATE_ECONOMIC_REINVESTMENT,cache/market.json.gz; SQLite corporate_actions/B3
CG_ONLY,VVAL,2018-04-27,76484013000145,SAPR4,CONT_2239_SAPR4_2018-04-27,35.69372160958502,,0.0,35.69372160958502,,UNKNOWN,EX_DATE_ECONOMIC_REINVESTMENT,cache/market.json.gz; B3
CG_ONLY,VVAL,2018-04-30,02429144000193,CPFE3,CONT_845_CPFE3_2018-04-30,326.3715841688863,,0.0,326.3715841688863,,UNKNOWN,EX_DATE_ECONOMIC_REINVESTMENT,cache/market.json.gz; B3
CG_ONLY,VVAL,2018-04-30,43776517000180,SBSP3,CONT_2261_SBSP3_2018-04-30,857.0418699403923,,0.0,857.0418699403923,,UNKNOWN,EX_DATE_ECONOMIC_REINVESTMENT,cache/market.json.gz; B3
CG_ONLY,VVAL,2018-05-02,60872504000123,ITUB4,ITUB4_2018-05-02_DISTRIBUTION_235,10.390351856696913,,0.0,10.390351856696913,CASH_DIVIDEND,UNKNOWN,EX_DATE_ECONOMIC_REINVESTMENT,cache/market.json.gz; SQLite corporate_actions/B3
CG_ONLY,VVAL,2018-05-03,60746948000112,BBDC4,BBDC4_2018-05-03_DISTRIBUTION_613,18.28851936242005,,0.0,18.28851936242005,JCP Mensais,UNKNOWN,EX_DATE_ECONOMIC_REINVESTMENT,https://www.bradescori.com.br/informacoes-ao-mercado/remuneracao-aos-acionistas/
CG_ONLY,VVAL,2018-05-04,92702067000196,BRSR6,CONT_682_BRSR6_2018-05-04,94.95549877632492,,0.0,94.95549877632492,,UNKNOWN,EX_DATE_ECONOMIC_REINVESTMENT,cache/market.json.gz; B3
CG_ONLY,VVAL,2018-05-15,92702067000196,BRSR6,CONT_681_BRSR6_2018-05-15,416.26134895039615,,0.0,416.26134895039615,,UNKNOWN,EX_DATE_ECONOMIC_REINVESTMENT,cache/market.json.gz; B3
CG_ONLY,VVAL,2018-05-22,00000000000191,BBAS3,CONT_226_BBAS3_2018-05-22,194.39408730348146,,0.0,194.39408730348146,,UNKNOWN,EX_DATE_ECONOMIC_REINVESTMENT,cache/market.json.gz; B3
CG_ONLY,VVAL,2018-05-29,02149205000169,PSSA3,CONT_2153_PSSA3_2018-05-29,1267.873419647449,,0.0,1267.873419647449,,UNKNOWN,EX_DATE_ECONOMIC_REINVESTMENT,cache/market.json.gz; B3
CG_ONLY,VVAL,2018-06-01,60872504000123,ITUB4,ITUB4_2018-06-01_DISTRIBUTION_234,10.393552170410475,,0.0,10.393552170410475,CASH_DIVIDEND,UNKNOWN,EX_DATE_ECONOMIC_REINVESTMENT,cache/market.json.gz; SQLite corporate_actions/B3
CG_ONLY,VVAL,2018-06-04,60746948000112,BBDC4,BBDC4_2018-06-04_DISTRIBUTION_614,18.350560037808457,,0.0,18.350560037808457,JCP Mensais,UNKNOWN,EX_DATE_ECONOMIC_REINVESTMENT,https://www.bradescori.com.br/informacoes-ao-mercado/remuneracao-aos-acionistas/
CG_ONLY,VVAL,2018-06-12,00000000000191,BBAS3,CONT_225_BBAS3_2018-06-12,71.10758523202055,,0.0,71.10758523202055,,UNKNOWN,EX_DATE_ECONOMIC_REINVESTMENT,cache/market.json.gz; B3
CG_ONLY,VVAL,2018-06-18,76483817000120,CPLE6,CONT_919_CPLE6_2018-06-18,104.66131246902617,,0.0,104.66131246902617,,UNKNOWN,EX_DATE_ECONOMIC_REINVESTMENT,cache/market.json.gz; B3
CG_ONLY,VVAL,2018-06-28,02149205000169,PSSA3,CONT_2152_PSSA3_2018-06-28,601.3996247379215,,0.0,601.3996247379215,,UNKNOWN,EX_DATE_ECONOMIC_REINVESTMENT,cache/market.json.gz; B3
CG_ONLY,VVAL,2018-07-02,60746948000112,BBDC4,BBDC4_2018-07-02_DISTRIBUTION_615,176.3230434339354,,0.0,176.3230434339354,JCP Intermediários,UNKNOWN,EX_DATE_ECONOMIC_REINVESTMENT,https://www.bradescori.com.br/informacoes-ao-mercado/remuneracao-aos-acionistas/
CG_ONLY,VVAL,2018-07-02,60872504000123,ITUB4,ITUB4_2018-07-02_DISTRIBUTION_233,9.296559437256807,,0.0,9.296559437256807,CASH_DIVIDEND,UNKNOWN,EX_DATE_ECONOMIC_REINVESTMENT,cache/market.json.gz; SQLite corporate_actions/B3
CG_ONLY,VVAL,2018-07-03,60746948000112,BBDC4,BBDC4_2018-07-03_DISTRIBUTION_616,17.878921277678806,,0.0,17.878921277678806,JCP Mensais,UNKNOWN,EX_DATE_ECONOMIC_REINVESTMENT,https://www.bradescori.com.br/informacoes-ao-mercado/remuneracao-aos-acionistas/
CG_ONLY,VVAL,2018-07-03,76484013000145,SAPR4,CONT_2238_SAPR4_2018-07-03,909.4994801671465,,0.0,909.4994801671465,,UNKNOWN,EX_DATE_ECONOMIC_REINVESTMENT,cache/market.json.gz; B3
CG_ONLY,VVAL,2018-08-01,60872504000123,ITUB4,ITUB4_2018-08-01_DISTRIBUTION_232,9.311558421508053,,0.0,9.311558421508053,CASH_DIVIDEND,UNKNOWN,EX_DATE_ECONOMIC_REINVESTMENT,cache/market.json.gz; SQLite corporate_actions/B3
CG_ONLY,VVAL,2018-08-02,60746948000112,BBDC4,BBDC4_2018-08-02_DISTRIBUTION_617,17.8911420671734,,0.0,17.8911420671734,JCP Mensais,UNKNOWN,EX_DATE_ECONOMIC_REINVESTMENT,https://www.bradescori.com.br/informacoes-ao-mercado/remuneracao-aos-acionistas/
CG_ONLY,VVAL,2018-08-10,17344597000194,BBSE3,CONT_271_BBSE3_2018-08-10,7.408386942431305,,0.0,7.408386942431305,,UNKNOWN,EX_DATE_ECONOMIC_REINVESTMENT,cache/market.json.gz; B3
CG_ONLY,VVAL,2018-08-16,92702067000196,BRSR6,CONT_680_BRSR6_2018-08-16,371.60919466274987,,0.0,371.60919466274987,,UNKNOWN,EX_DATE_ECONOMIC_REINVESTMENT,cache/market.json.gz; B3
CG_ONLY,VVAL,2018-08-20,60872504000123,ITUB4,ITUB4_2018-08-20_DISTRIBUTION_230,387.48839153023494,,0.0,387.48839153023494,CASH_DIVIDEND,UNKNOWN,EX_DATE_ECONOMIC_REINVESTMENT,cache/market.json.gz; SQLite corporate_actions/B3
CG_ONLY,VVAL,2018-08-20,60872504000123,ITUB4,ITUB4_2018-08-20_DISTRIBUTION_231,77.74606830061765,,0.0,77.74606830061765,JCP,UNKNOWN,EX_DATE_ECONOMIC_REINVESTMENT,cache/market.json.gz; SQLite corporate_actions/B3
CG_ONLY,VVAL,2018-08-21,02474103000119,TBLE3,TBLE3_2018-08-21_DISTRIBUTION_359,1283.7058409186793,,0.0,1283.7058409186793,CASH_DIVIDEND,UNKNOWN,EX_DATE_ECONOMIC_REINVESTMENT,cache/market.json.gz; SQLite corporate_actions/B3
CG_ONLY,VVAL,2018-08-22,00000000000191,BBAS3,CONT_223_BBAS3_2018-08-22,232.72933046907391,,0.0,232.72933046907391,,UNKNOWN,EX_DATE_ECONOMIC_REINVESTMENT,cache/market.json.gz; B3
CG_ONLY,VVAL,2018-08-22,00000000000191,BBAS3,CONT_224_BBAS3_2018-08-22,2.592423351097821,,0.0,2.592423351097821,,UNKNOWN,EX_DATE_ECONOMIC_REINVESTMENT,cache/market.json.gz; B3
CG_ONLY,VVAL,2018-09-03,60872504000123,ITUB4,ITUB4_2018-09-03_DISTRIBUTION_229,9.478709369582639,,0.0,9.478709369582639,CASH_DIVIDEND,UNKNOWN,EX_DATE_ECONOMIC_REINVESTMENT,cache/market.json.gz; SQLite corporate_actions/B3
CG_ONLY,VVAL,2018-09-04,60746948000112,BBDC4,BBDC4_2018-09-04_DISTRIBUTION_618,17.943498887471144,,0.0,17.943498887471144,JCP Mensais,UNKNOWN,EX_DATE_ECONOMIC_REINVESTMENT,https://www.bradescori.com.br/informacoes-ao-mercado/remuneracao-aos-acionistas/
CG_ONLY,VVAL,2018-09-12,00000000000191,BBAS3,CONT_222_BBAS3_2018-09-12,75.83389027446513,,0.0,75.83389027446513,,UNKNOWN,EX_DATE_ECONOMIC_REINVESTMENT,cache/market.json.gz; B3
CG_ONLY,VVAL,2018-10-01,60872504000123,ITUB4,ITUB4_2018-10-01_DISTRIBUTION_228,9.518301836082443,,0.0,9.518301836082443,CASH_DIVIDEND,UNKNOWN,EX_DATE_ECONOMIC_REINVESTMENT,cache/market.json.gz; SQLite corporate_actions/B3
CG_ONLY,VVAL,2018-10-02,60746948000112,BBDC4,BBDC4_2018-10-02_DISTRIBUTION_619,17.986309740320042,,0.0,17.986309740320042,JCP Mensais,UNKNOWN,EX_DATE_ECONOMIC_REINVESTMENT,https://www.bradescori.com.br/informacoes-ao-mercado/remuneracao-aos-acionistas/
CG_ONLY,VVAL,2018-10-30,92702067000196,BRSR6,CONT_679_BRSR6_2018-10-30,302.7223046673698,,0.0,302.7223046673698,,UNKNOWN,EX_DATE_ECONOMIC_REINVESTMENT,cache/market.json.gz; B3
CG_ONLY,VVAL,2018-11-01,60872504000123,ITUB4,ITUB4_2018-11-01_DISTRIBUTION_227,9.521574979767479,,0.0,9.521574979767479,CASH_DIVIDEND,UNKNOWN,EX_DATE_ECONOMIC_REINVESTMENT,cache/market.json.gz; SQLite corporate_actions/B3
CG_ONLY,VVAL,2018-11-05,60746948000112,BBDC4,BBDC4_2018-11-05_DISTRIBUTION_620,17.997685966717956,,0.0,17.997685966717956,JCP Mensais,UNKNOWN,EX_DATE_ECONOMIC_REINVESTMENT,https://www.bradescori.com.br/informacoes-ao-mercado/remuneracao-aos-acionistas/
CG_ONLY,VVAL,2018-11-07,02149205000169,PSSA3,CONT_2151_PSSA3_2018-11-07,482.61469821319434,,0.0,482.61469821319434,,UNKNOWN,EX_DATE_ECONOMIC_REINVESTMENT,cache/market.json.gz; B3
CG_ONLY,VVAL,2018-11-13,02474103000119,TBLE3,TBLE3_2018-11-13_DISTRIBUTION_358,773.7608409778857,,0.0,773.7608409778857,CASH_DIVIDEND,UNKNOWN,EX_DATE_ECONOMIC_REINVESTMENT,cache/market.json.gz; SQLite corporate_actions/B3
CG_ONLY,VVAL,2018-11-22,00000000000191,BBAS3,CONT_221_BBAS3_2018-11-22,376.1601081145262,,0.0,376.1601081145262,,UNKNOWN,EX_DATE_ECONOMIC_REINVESTMENT,cache/market.json.gz; B3
CG_ONLY,VVAL,2018-11-27,02149205000169,PSSA3,CONT_2150_PSSA3_2018-11-27,589.9590024877004,,0.0,589.9590024877004,,UNKNOWN,EX_DATE_ECONOMIC_REINVESTMENT,cache/market.json.gz; B3
CG_ONLY,VVAL,2018-12-03,60872504000123,ITUB4,ITUB4_2018-12-03_DISTRIBUTION_226,14.343048479163187,,0.0,14.343048479163187,CASH_DIVIDEND,UNKNOWN,EX_DATE_ECONOMIC_REINVESTMENT,cache/market.json.gz; SQLite corporate_actions/B3
CG_ONLY,VVAL,2018-12-04,60746948000112,BBDC4,BBDC4_2018-12-04_DISTRIBUTION_621,18.006910781781716,,0.0,18.006910781781716,JCP Mensais,UNKNOWN,EX_DATE_ECONOMIC_REINVESTMENT,https://www.bradescori.com.br/informacoes-ao-mercado/remuneracao-aos-acionistas/
CG_ONLY,VVAL,2018-12-07,92702067000196,BRSR6,CONT_678_BRSR6_2018-12-07,130.89240794337624,,0.0,130.89240794337624,,UNKNOWN,EX_DATE_ECONOMIC_REINVESTMENT,cache/market.json.gz; B3
CG_ONLY,VVAL,2018-12-12,00000000000191,BBAS3,CONT_220_BBAS3_2018-12-12,114.45523235483134,,0.0,114.45523235483134,,UNKNOWN,EX_DATE_ECONOMIC_REINVESTMENT,cache/market.json.gz; B3
CG_ONLY,VVAL,2018-12-12,17344597000194,BBSE3,CONT_270_BBSE3_2018-12-12,1495.5156339168514,,0.0,1495.5156339168514,,UNKNOWN,EX_DATE_ECONOMIC_REINVESTMENT,cache/market.json.gz; B3
CG_ONLY,VVAL,2018-12-18,60872504000123,ITUB4,ITUB4_2018-12-18_DISTRIBUTION_225,10.163570397978619,,0.0,10.163570397978619,JCP,UNKNOWN,EX_DATE_ECONOMIC_REINVESTMENT,cache/market.json.gz; SQLite corporate_actions/B3
CG_ONLY,VVAL,2018-12-26,60746948000112,BBDC4,BBDC4_2018-12-26_DISTRIBUTION_622,693.3043771423673,,0.0,693.3043771423673,JCP Complementares,UNKNOWN,EX_DATE_ECONOMIC_REINVESTMENT,https://www.bradescori.com.br/informacoes-ao-mercado/remuneracao-aos-acionistas/
CG_ONLY,VVAL,2018-12-27,02474103000119,TBLE3,TBLE3_2018-12-27_DISTRIBUTION_357,482.8515462366442,,0.0,482.8515462366442,JCP,UNKNOWN,EX_DATE_ECONOMIC_REINVESTMENT,cache/market.json.gz; SQLite corporate_actions/B3
CG_ONLY,VVAL,2018-12-27,92702067000196,BRSR6,CONT_677_BRSR6_2018-12-27,197.01707727195313,,0.0,197.01707727195313,,UNKNOWN,EX_DATE_ECONOMIC_REINVESTMENT,cache/market.json.gz; B3
CG_ONLY,VVAL,2018-12-28,76483817000120,CPLE6,CONT_918_CPLE6_2018-12-28,1306.0342926122323,,0.0,1306.0342926122323,,UNKNOWN,EX_DATE_ECONOMIC_REINVESTMENT,cache/market.json.gz; B3
CG_ONLY,VVAL,2019-01-02,03983431000103,ENBR3,CONT_1104_ENBR3_2019-01-02,1483.2783935283105,,0.0,1483.2783935283105,,UNKNOWN,EX_DATE_ECONOMIC_REINVESTMENT,cache/market.json.gz; B3
CG_ONLY,VVAL,2019-01-02,60872504000123,ITUB4,ITUB4_2019-01-02_DISTRIBUTION_224,14.386751873222845,,0.0,14.386751873222845,CASH_DIVIDEND,UNKNOWN,EX_DATE_ECONOMIC_REINVESTMENT,cache/market.json.gz; SQLite corporate_actions/B3
CG_ONLY,VVAL,2019-01-02,76484013000145,SAPR4,CONT_2237_SAPR4_2019-01-02,1057.347870514061,,0.0,1057.347870514061,,UNKNOWN,EX_DATE_ECONOMIC_REINVESTMENT,cache/market.json.gz; B3
CG_ONLY,VVAL,2019-01-03,60746948000112,BBDC4,BBDC4_2019-01-03_DISTRIBUTION_594,18.375413582826514,,0.0,18.375413582826514,JCP Mensais,UNKNOWN,EX_DATE_ECONOMIC_REINVESTMENT,https://www.bradescori.com.br/informacoes-ao-mercado/remuneracao-aos-acionistas/
CG_ONLY,VVAL,2019-02-01,60872504000123,ITUB4,ITUB4_2019-02-01_DISTRIBUTION_223,14.455444158660976,,0.0,14.455444158660976,CASH_DIVIDEND,UNKNOWN,EX_DATE_ECONOMIC_REINVESTMENT,cache/market.json.gz; SQLite corporate_actions/B3
CG_ONLY,VVAL,2019-02-04,60746948000112,BBDC4,BBDC4_2019-02-04_DISTRIBUTION_595,18.38396360644177,,0.0,18.38396360644177,JCP Mensais,UNKNOWN,EX_DATE_ECONOMIC_REINVESTMENT,https://www.bradescori.com.br/informacoes-ao-mercado/remuneracao-aos-acionistas/
CG_ONLY,VVAL,2019-02-15,17344597000194,BBSE3,CONT_269_BBSE3_2019-02-15,8.005533078910222,,0.0,8.005533078910222,,UNKNOWN,EX_DATE_ECONOMIC_REINVESTMENT,cache/market.json.gz; B3
CG_ONLY,VVAL,2019-02-22,00000000000191,BBAS3,CONT_218_BBAS3_2019-02-22,534.686104861343,,0.0,534.686104861343,,UNKNOWN,EX_DATE_ECONOMIC_REINVESTMENT,cache/market.json.gz; B3
CG_ONLY,VVAL,2019-02-22,00000000000191,BBAS3,CONT_219_BBAS3_2019-02-22,5.955986480447985,,0.0,5.955986480447985,,UNKNOWN,EX_DATE_ECONOMIC_REINVESTMENT,cache/market.json.gz; B3
CG_ONLY,VVAL,2019-02-22,60872504000123,ITUB4,ITUB4_2019-02-22_DISTRIBUTION_221,1026.189040274659,,0.0,1026.189040274659,CASH_DIVIDEND,UNKNOWN,EX_DATE_ECONOMIC_REINVESTMENT,cache/market.json.gz; SQLite corporate_actions/B3
CG_ONLY,VVAL,2019-02-22,60872504000123,ITUB4,ITUB4_2019-02-22_DISTRIBUTION_222,731.9178326656795,,0.0,731.9178326656795,JCP,UNKNOWN,EX_DATE_ECONOMIC_REINVESTMENT,cache/market.json.gz; SQLite corporate_actions/B3
CG_ONLY,VVAL,2019-03-01,60872504000123,ITUB4,ITUB4_2019-03-01_DISTRIBUTION_220,15.36943304567566,,0.0,15.36943304567566,CASH_DIVIDEND,UNKNOWN,EX_DATE_ECONOMIC_REINVESTMENT,cache/market.json.gz; SQLite corporate_actions/B3
CG_ONLY,VVAL,2019-03-06,60746948000112,BBDC4,BBDC4_2019-03-06_DISTRIBUTION_596,18.39160171018811,,0.0,18.39160171018811,JCP Mensais,UNKNOWN,EX_DATE_ECONOMIC_REINVESTMENT,https://www.bradescori.com.br/informacoes-ao-mercado/remuneracao-aos-acionistas/
CG_ONLY,VVAL,2019-03-08,92702067000196,BRSR6,CONT_676_BRSR6_2019-03-08,562.9915527854456,,0.0,562.9915527854456,,UNKNOWN,EX_DATE_ECONOMIC_REINVESTMENT,cache/market.json.gz; B3
CG_ONLY,VVAL,2019-03-12,00000000000191,BBAS3,CONT_217_BBAS3_2019-03-12,144.1968994418843,,0.0,144.1968994418843,,UNKNOWN,EX_DATE_ECONOMIC_REINVESTMENT,cache/market.json.gz; B3
CG_ONLY,VVAL,2019-04-01,02149205000169,PSSA3,CONT_2149_PSSA3_2019-04-01,516.8769657708583,,0.0,516.8769657708583,,UNKNOWN,EX_DATE_ECONOMIC_REINVESTMENT,cache/market.json.gz; B3
CG_ONLY,VVAL,2019-04-01,60872504000123,ITUB4,ITUB4_2019-04-01_DISTRIBUTION_219,15.616494376681521,,0.0,15.616494376681521,CASH_DIVIDEND,UNKNOWN,EX_DATE_ECONOMIC_REINVESTMENT,cache/market.json.gz; SQLite corporate_actions/B3
CG_ONLY,VVAL,2019-04-02,60746948000112,BBDC4,BBDC4_2019-04-02_DISTRIBUTION_597,22.07984322151229,,0.0,22.07984322151229,JCP Mensais,UNKNOWN,EX_DATE_ECONOMIC_REINVESTMENT,https://www.bradescori.com.br/informacoes-ao-mercado/remuneracao-aos-acionistas/
CG_ONLY,VVAL,2019-04-17,03983431000103,ENBR3,CONT_1103_ENBR3_2019-04-17,138.24408273745308,,0.0,138.24408273745308,,UNKNOWN,EX_DATE_ECONOMIC_REINVESTMENT,cache/market.json.gz; B3
CG_ONLY,VVAL,2019-04-25,76484013000145,SAPR4,CONT_2236_SAPR4_2019-04-25,642.583211966307,,0.0,642.583211966307,,UNKNOWN,EX_DATE_ECONOMIC_REINVESTMENT,cache/market.json.gz; B3
CG_ONLY,VVAL,2019-04-30,76483817000120,CPLE6,CONT_917_CPLE6_2019-04-30,477.4033567819833,,0.0,477.4033567819833,,UNKNOWN,EX_DATE_ECONOMIC_REINVESTMENT,cache/market.json.gz; B3
CG_ONLY,VVAL,2019-04-30,43776517000180,SBSP3,CONT_2260_SBSP3_2019-04-30,1300.5642460257518,,0.0,1300.5642460257518,,UNKNOWN,EX_DATE_ECONOMIC_REINVESTMENT,cache/market.json.gz; B3
CG_ONLY,VVAL,2019-05-02,02429144000193,CPFE3,CONT_844_CPFE3_2019-05-02,602.0417165852963,,0.0,602.0417165852963,,UNKNOWN,EX_DATE_ECONOMIC_REINVESTMENT,cache/market.json.gz; B3
CG_ONLY,VVAL,2019-05-02,60872504000123,ITUB4,ITUB4_2019-05-02_DISTRIBUTION_218,15.864184419874029,,0.0,15.864184419874029,CASH_DIVIDEND,UNKNOWN,EX_DATE_ECONOMIC_REINVESTMENT,cache/market.json.gz; SQLite corporate_actions/B3
CG_ONLY,VVAL,2019-05-02,92702067000196,BRSR6,CONT_675_BRSR6_2019-05-02,61.69049301062598,,0.0,61.69049301062598,,UNKNOWN,EX_DATE_ECONOMIC_REINVESTMENT,cache/market.json.gz; B3
CG_ONLY,VVAL,2019-05-03,60746948000112,BBDC4,BBDC4_2019-05-03_DISTRIBUTION_598,22.168025552865117,,0.0,22.168025552865117,JCP Mensais,UNKNOWN,EX_DATE_ECONOMIC_REINVESTMENT,https://www.bradescori.com.br/informacoes-ao-mercado/remuneracao-aos-acionistas/
CG_ONLY,VVAL,2019-05-07,02474103000119,TBLE3,TBLE3_2019-05-07_DISTRIBUTION_356,95.46959100525154,,0.0,95.46959100525154,CASH_DIVIDEND,UNKNOWN,EX_DATE_ECONOMIC_REINVESTMENT,cache/market.json.gz; SQLite corporate_actions/B3
CG_ONLY,VVAL,2019-05-17,92702067000196,BRSR6,CONT_674_BRSR6_2019-05-17,520.8432305757418,,0.0,520.8432305757418,,UNKNOWN,EX_DATE_ECONOMIC_REINVESTMENT,cache/market.json.gz; B3
CG_ONLY,VVAL,2019-05-22,00000000000191,BBAS3,CONT_216_BBAS3_2019-05-22,384.2672694673045,,0.0,384.2672694673045,,UNKNOWN,EX_DATE_ECONOMIC_REINVESTMENT,cache/market.json.gz; B3
CG_ONLY,VVAL,2019-06-03,60872504000123,ITUB4,ITUB4_2019-06-03_DISTRIBUTION_217,16.12753462469642,,0.0,16.12753462469642,CASH_DIVIDEND,UNKNOWN,EX_DATE_ECONOMIC_REINVESTMENT,cache/market.json.gz; SQLite corporate_actions/B3
CG_ONLY,VVAL,2019-06-04,60746948000112,BBDC4,BBDC4_2019-06-04_DISTRIBUTION_600,22.26604463434121,,0.0,22.26604463434121,JCP Mensais,UNKNOWN,EX_DATE_ECONOMIC_REINVESTMENT,https://www.bradescori.com.br/informacoes-ao-mercado/remuneracao-aos-acionistas/
CG_ONLY,VVAL,2019-06-06,92702067000196,BRSR6,CONT_673_BRSR6_2019-06-06,145.23282684206387,,0.0,145.23282684206387,,UNKNOWN,EX_DATE_ECONOMIC_REINVESTMENT,cache/market.json.gz; B3
CG_ONLY,VVAL,2019-06-12,00000000000191,BBAS3,CONT_215_BBAS3_2019-06-12,159.7950499334405,,0.0,159.7950499334405,,UNKNOWN,EX_DATE_ECONOMIC_REINVESTMENT,cache/market.json.gz; B3
CG_ONLY,VVAL,2019-06-26,02149205000169,PSSA3,CONT_2148_PSSA3_2019-06-26,507.5420882423393,,0.0,507.5420882423393,,UNKNOWN,EX_DATE_ECONOMIC_REINVESTMENT,cache/market.json.gz; B3
CG_ONLY,VVAL,2019-07-01,60746948000112,BBDC4,BBDC4_2019-07-01_DISTRIBUTION_599,222.82382293275495,,0.0,222.82382293275495,JCP Intermediário,UNKNOWN,EX_DATE_ECONOMIC_REINVESTMENT,https://www.bradescori.com.br/informacoes-ao-mercado/remuneracao-aos-acionistas/
CG_ONLY,VVAL,2019-07-01,60872504000123,ITUB4,ITUB4_2019-07-01_DISTRIBUTION_216,16.399220390609045,,0.0,16.399220390609045,CASH_DIVIDEND,UNKNOWN,EX_DATE_ECONOMIC_REINVESTMENT,cache/market.json.gz; SQLite corporate_actions/B3
CG_ONLY,VVAL,2019-07-01,76484013000145,SAPR4,CONT_2235_SAPR4_2019-07-01,1161.7321960340846,,0.0,1161.7321960340846,,UNKNOWN,EX_DATE_ECONOMIC_REINVESTMENT,cache/market.json.gz; B3
CG_ONLY,VVAL,2019-07-02,60746948000112,BBDC4,BBDC4_2019-07-02_DISTRIBUTION_601,22.447827986831932,,0.0,22.447827986831932,JCP Mensais,UNKNOWN,EX_DATE_ECONOMIC_REINVESTMENT,https://www.bradescori.com.br/informacoes-ao-mercado/remuneracao-aos-acionistas/
CG_ONLY,VVAL,2019-08-01,60872504000123,ITUB4,ITUB4_2019-08-01_DISTRIBUTION_215,16.60554746346619,,0.0,16.60554746346619,CASH_DIVIDEND,UNKNOWN,EX_DATE_ECONOMIC_REINVESTMENT,cache/market.json.gz; SQLite corporate_actions/B3
CG_ONLY,VVAL,2019-08-02,60746948000112,BBDC4,BBDC4_2019-08-02_DISTRIBUTION_602,22.69215919154351,,0.0,22.69215919154351,JCP Mensais,UNKNOWN,EX_DATE_ECONOMIC_REINVESTMENT,https://www.bradescori.com.br/informacoes-ao-mercado/remuneracao-aos-acionistas/
CG_ONLY,VVAL,2019-08-12,17344597000194,BBSE3,CONT_268_BBSE3_2019-08-12,10.722530351944387,,0.0,10.722530351944387,,UNKNOWN,EX_DATE_ECONOMIC_REINVESTMENT,cache/market.json.gz; B3
CG_ONLY,VVAL,2019-08-13,92702067000196,BRSR6,CONT_672_BRSR6_2019-08-13,513.6456629651088,,0.0,513.6456629651088,,UNKNOWN,EX_DATE_ECONOMIC_REINVESTMENT,cache/market.json.gz; B3
CG_ONLY,VVAL,2019-08-16,60872504000123,ITUB4,ITUB4_2019-08-16_DISTRIBUTION_214,883.4493338232313,,0.0,883.4493338232313,CASH_DIVIDEND,UNKNOWN,EX_DATE_ECONOMIC_REINVESTMENT,cache/market.json.gz; SQLite corporate_actions/B3
CG_ONLY,VVAL,2019-08-22,00000000000191,BBAS3,CONT_213_BBAS3_2019-08-22,414.71694486131537,,0.0,414.71694486131537,,UNKNOWN,EX_DATE_ECONOMIC_REINVESTMENT,cache/market.json.gz; B3
CG_ONLY,VVAL,2019-08-22,00000000000191,BBAS3,CONT_214_BBAS3_2019-08-22,4.455109381784585,,0.0,4.455109381784585,,UNKNOWN,EX_DATE_ECONOMIC_REINVESTMENT,cache/market.json.gz; B3
CG_ONLY,VVAL,2019-09-02,60872504000123,ITUB4,ITUB4_2019-09-02_DISTRIBUTION_213,17.22622290310244,,0.0,17.22622290310244,CASH_DIVIDEND,UNKNOWN,EX_DATE_ECONOMIC_REINVESTMENT,cache/market.json.gz; SQLite corporate_actions/B3
CG_ONLY,VVAL,2019-09-03,60746948000112,BBDC4,BBDC4_2019-09-03_DISTRIBUTION_603,22.980369306283468,,0.0,22.980369306283468,JCP Mensais,UNKNOWN,EX_DATE_ECONOMIC_REINVESTMENT,https://www.bradescori.com.br/informacoes-ao-mercado/remuneracao-aos-acionistas/
CG_ONLY,VVAL,2019-09-12,00000000000191,BBAS3,CONT_212_BBAS3_2019-09-12,222.16351377692544,,0.0,222.16351377692544,,UNKNOWN,EX_DATE_ECONOMIC_REINVESTMENT,cache/market.json.gz; B3
CG_ONLY,VVAL,2019-10-01,60872504000123,ITUB4,ITUB4_2019-10-01_DISTRIBUTION_212,17.459274473757336,,0.0,17.459274473757336,CASH_DIVIDEND,UNKNOWN,EX_DATE_ECONOMIC_REINVESTMENT,cache/market.json.gz; SQLite corporate_actions/B3
CG_ONLY,VVAL,2019-10-02,60746948000112,BBDC4,BBDC4_2019-10-02_DISTRIBUTION_605,23.25482038992657,,0.0,23.25482038992657,JCP Mensais,UNKNOWN,EX_DATE_ECONOMIC_REINVESTMENT,https://www.bradescori.com.br/informacoes-ao-mercado/remuneracao-aos-acionistas/
CG_ONLY,VVAL,2019-10-18,60746948000112,BBDC4,BBDC4_2019-10-18_DISTRIBUTION_604,1279.6535579404488,,0.0,1279.6535579404488,Dividendos Extraordinários,UNKNOWN,EX_DATE_ECONOMIC_REINVESTMENT,https://www.bradescori.com.br/informacoes-ao-mercado/remuneracao-aos-acionistas/
CG_ONLY,VVAL,2019-10-30,02149205000169,PSSA3,CONT_2147_PSSA3_2019-10-30,479.37119232518825,,0.0,479.37119232518825,,UNKNOWN,EX_DATE_ECONOMIC_REINVESTMENT,cache/market.json.gz; B3
CG_ONLY,VVAL,2019-11-01,60872504000123,ITUB4,ITUB4_2019-11-01_DISTRIBUTION_211,17.68946874963859,,0.0,17.68946874963859,CASH_DIVIDEND,UNKNOWN,EX_DATE_ECONOMIC_REINVESTMENT,cache/market.json.gz; SQLite corporate_actions/B3
CG_ONLY,VVAL,2019-11-04,60746948000112,BBDC4,BBDC4_2019-11-04_DISTRIBUTION_606,24.15225345139023,,0.0,24.15225345139023,JCP Mensais,UNKNOWN,EX_DATE_ECONOMIC_REINVESTMENT,https://www.bradescori.com.br/informacoes-ao-mercado/remuneracao-aos-acionistas/
CG_ONLY,VVAL,2019-11-12,92702067000196,BRSR6,CONT_671_BRSR6_2019-11-12,506.9791008388854,,0.0,506.9791008388854,,UNKNOWN,EX_DATE_ECONOMIC_REINVESTMENT,cache/market.json.gz; B3
CG_ONLY,VVAL,2019-11-22,00000000000191,BBAS3,CONT_211_BBAS3_2019-11-22,353.62717096808524,,0.0,353.62717096808524,,UNKNOWN,EX_DATE_ECONOMIC_REINVESTMENT,cache/market.json.gz; B3
CG_ONLY,VVAL,2019-12-02,60872504000123,ITUB4,ITUB4_2019-12-02_DISTRIBUTION_210,17.846832128165506,,0.0,17.846832128165506,CASH_DIVIDEND,UNKNOWN,EX_DATE_ECONOMIC_REINVESTMENT,cache/market.json.gz; SQLite corporate_actions/B3
CG_ONLY,VVAL,2019-12-03,60746948000112,BBDC4,BBDC4_2019-12-03_DISTRIBUTION_607,24.360290920866415,,0.0,24.360290920866415,JCP Mensais,UNKNOWN,EX_DATE_ECONOMIC_REINVESTMENT,https://www.bradescori.com.br/informacoes-ao-mercado/remuneracao-aos-acionistas/
CG_ONLY,VVAL,2019-12-03,02474103000119,TBLE3,TBLE3_2019-12-03_DISTRIBUTION_354,1129.9519787926602,,0.0,1129.9519787926602,CASH_DIVIDEND,UNKNOWN,EX_DATE_ECONOMIC_REINVESTMENT,cache/market.json.gz; SQLite corporate_actions/B3
CG_ONLY,VVAL,2019-12-03,02474103000119,TBLE3,TBLE3_2019-12-03_DISTRIBUTION_355,447.73118557579903,,0.0,447.73118557579903,JCP,UNKNOWN,EX_DATE_ECONOMIC_REINVESTMENT,cache/market.json.gz; SQLite corporate_actions/B3
CG_ONLY,VVAL,2019-12-12,00000000000191,BBAS3,CONT_210_BBAS3_2019-12-12,172.71519453760126,,0.0,172.71519453760126,,UNKNOWN,EX_DATE_ECONOMIC_REINVESTMENT,cache/market.json.gz; B3
CG_ONLY,VVAL,2019-12-13,60872504000123,ITUB4,ITUB4_2019-12-13_DISTRIBUTION_209,45.11076609386751,,0.0,45.11076609386751,JCP,UNKNOWN,EX_DATE_ECONOMIC_REINVESTMENT,cache/market.json.gz; SQLite corporate_actions/B3
CG_ONLY,VVAL,2019-12-20,60746948000112,BBDC4,BBDC4_2019-12-20_DISTRIBUTION_608,711.275562130914,,0.0,711.275562130914,JCP Complementar,UNKNOWN,EX_DATE_ECONOMIC_REINVESTMENT,https://www.bradescori.com.br/informacoes-ao-mercado/remuneracao-aos-acionistas/
CG_ONLY,VVAL,2019-12-26,76483817000120,CPLE6,CONT_916_CPLE6_2019-12-26,3137.572701430345,,0.0,3137.572701430345,,UNKNOWN,EX_DATE_ECONOMIC_REINVESTMENT,cache/market.json.gz; B3
CG_ONLY,VVAL,2020-01-02,03983431000103,ENBR3,CONT_1102_ENBR3_2020-01-02,913.7369506459463,,0.0,913.7369506459463,,UNKNOWN,EX_DATE_ECONOMIC_REINVESTMENT,cache/market.json.gz; B3
CG_ONLY,VVAL,2020-01-02,60872504000123,ITUB4,ITUB4_2020-01-02_DISTRIBUTION_208,18.034117345519707,,0.0,18.034117345519707,CASH_DIVIDEND,UNKNOWN,EX_DATE_ECONOMIC_REINVESTMENT,cache/market.json.gz; SQLite corporate_actions/B3
CG_ONLY,VVAL,2020-01-02,76484013000145,SAPR4,CONT_2234_SAPR4_2020-01-02,1068.0095778697876,,0.0,1068.0095778697876,,UNKNOWN,EX_DATE_ECONOMIC_REINVESTMENT,cache/market.json.gz; B3
CG_ONLY,VVAL,2020-01-03,60746948000112,BBDC4,BBDC4_2020-01-03_DISTRIBUTION_580,24.909881269881627,,0.0,24.909881269881627,JCP Mensais,UNKNOWN,EX_DATE_ECONOMIC_REINVESTMENT,https://www.bradescori.com.br/informacoes-ao-mercado/remuneracao-aos-acionistas/
CG_ONLY,VVAL,2020-02-03,60872504000123,ITUB4,ITUB4_2020-02-03_DISTRIBUTION_207,18.214911051082137,,0.0,18.214911051082137,CASH_DIVIDEND,UNKNOWN,EX_DATE_ECONOMIC_REINVESTMENT,cache/market.json.gz; SQLite corporate_actions/B3
CG_ONLY,VVAL,2020-02-04,60746948000112,BBDC4,BBDC4_2020-02-04_DISTRIBUTION_582,25.17732114586536,,0.0,25.17732114586536,JCP Mensais,UNKNOWN,EX_DATE_ECONOMIC_REINVESTMENT,https://www.bradescori.com.br/informacoes-ao-mercado/remuneracao-aos-acionistas/
CG_ONLY,VVAL,2020-02-14,17344597000194,BBSE3,CONT_267_BBSE3_2020-02-14,2575.481204786016,,0.0,2575.481204786016,,UNKNOWN,EX_DATE_ECONOMIC_REINVESTMENT,cache/market.json.gz; B3
CG_ONLY,VVAL,2020-02-18,60746948000112,BBDC4,BBDC4_2020-02-18_DISTRIBUTION_581,85.01603497155452,,0.0,85.01603497155452,Dividendos Complementares,UNKNOWN,EX_DATE_ECONOMIC_REINVESTMENT,https://www.bradescori.com.br/informacoes-ao-mercado/remuneracao-aos-acionistas/
CG_ONLY,VVAL,2020-02-21,60872504000123,ITUB4,ITUB4_2020-02-21_DISTRIBUTION_205,595.3508199165018,,0.0,595.3508199165018,CASH_DIVIDEND,UNKNOWN,EX_DATE_ECONOMIC_REINVESTMENT,cache/market.json.gz; SQLite corporate_actions/B3
CG_ONLY,VVAL,2020-02-21,60872504000123,ITUB4,ITUB4_2020-02-21_DISTRIBUTION_206,645.0044582497695,,0.0,645.0044582497695,JCP,UNKNOWN,EX_DATE_ECONOMIC_REINVESTMENT,cache/market.json.gz; SQLite corporate_actions/B3
CG_ONLY,VVAL,2020-02-26,00000000000191,BBAS3,CONT_208_BBAS3_2020-02-26,432.3969401678912,,0.0,432.3969401678912,,UNKNOWN,EX_DATE_ECONOMIC_REINVESTMENT,cache/market.json.gz; B3
CG_ONLY,VVAL,2020-02-26,00000000000191,BBAS3,CONT_209_BBAS3_2020-02-26,3.1886000432843957,,0.0,3.1886000432843957,,UNKNOWN,EX_DATE_ECONOMIC_REINVESTMENT,cache/market.json.gz; B3
CG_ONLY,VVAL,2020-03-02,60872504000123,ITUB4,ITUB4_2020-03-02_DISTRIBUTION_204,19.05082161984277,,0.0,19.05082161984277,CASH_DIVIDEND,UNKNOWN,EX_DATE_ECONOMIC_REINVESTMENT,cache/market.json.gz; SQLite corporate_actions/B3
CG_ONLY,VVAL,2020-03-03,60746948000112,BBDC4,BBDC4_2020-03-03_DISTRIBUTION_583,25.507600396731174,,0.0,25.507600396731174,JCP Mensais,UNKNOWN,EX_DATE_ECONOMIC_REINVESTMENT,https://www.bradescori.com.br/informacoes-ao-mercado/remuneracao-aos-acionistas/
CG_ONLY,VVAL,2020-03-11,92702067000196,BRSR6,CONT_670_BRSR6_2020-03-11,510.66959089802657,,0.0,510.66959089802657,,UNKNOWN,EX_DATE_ECONOMIC_REINVESTMENT,cache/market.json.gz; B3
CG_ONLY,VVAL,2020-03-12,00000000000191,BBAS3,CONT_207_BBAS3_2020-03-12,182.70161325207195,,0.0,182.70161325207195,,UNKNOWN,EX_DATE_ECONOMIC_REINVESTMENT,cache/market.json.gz; B3
CG_ONLY,VVAL,2020-04-01,03983431000103,ENBR3,CONT_1101_ENBR3_2020-04-01,466.3510592542678,,0.0,466.3510592542678,,UNKNOWN,EX_DATE_ECONOMIC_REINVESTMENT,cache/market.json.gz; B3
CG_ONLY,VVAL,2020-04-01,02149205000169,PSSA3,CONT_2146_PSSA3_2020-04-01,769.1692232540198,,0.0,769.1692232540198,,UNKNOWN,EX_DATE_ECONOMIC_REINVESTMENT,cache/market.json.gz; B3
CG_ONLY,VVAL,2020-04-01,60872504000123,ITUB4,ITUB4_2020-04-01_DISTRIBUTION_203,19.27356753496211,,0.0,19.27356753496211,CASH_DIVIDEND,UNKNOWN,EX_DATE_ECONOMIC_REINVESTMENT,cache/market.json.gz; SQLite corporate_actions/B3
CG_ONLY,VVAL,2020-04-02,60746948000112,BBDC4,BBDC4_2020-04-02_DISTRIBUTION_584,26.017613882197573,,0.0,26.017613882197573,JCP Mensais,UNKNOWN,EX_DATE_ECONOMIC_REINVESTMENT,https://www.bradescori.com.br/informacoes-ao-mercado/remuneracao-aos-acionistas/
CG_ONLY,VVAL,2020-04-29,43776517000180,SBSP3,CONT_2259_SBSP3_2020-04-29,1582.9503365149417,,0.0,1582.9503365149417,,UNKNOWN,EX_DATE_ECONOMIC_REINVESTMENT,cache/market.json.gz; B3
CG_ONLY,VVAL,2020-05-04,60872504000123,ITUB4,ITUB4_2020-05-04_DISTRIBUTION_202,19.622030544816347,,0.0,19.622030544816347,CASH_DIVIDEND,UNKNOWN,EX_DATE_ECONOMIC_REINVESTMENT,cache/market.json.gz; SQLite corporate_actions/B3
CG_ONLY,VVAL,2020-05-05,60746948000112,BBDC4,BBDC4_2020-05-05_DISTRIBUTION_585,29.201900782167876,,0.0,29.201900782167876,JCP Mensais,UNKNOWN,EX_DATE_ECONOMIC_REINVESTMENT,https://www.bradescori.com.br/informacoes-ao-mercado/remuneracao-aos-acionistas/
CG_ONLY,VVAL,2020-06-01,60872504000123,ITUB4,ITUB4_2020-06-01_DISTRIBUTION_201,19.97156577130386,,0.0,19.97156577130386,CASH_DIVIDEND,UNKNOWN,EX_DATE_ECONOMIC_REINVESTMENT,cache/market.json.gz; SQLite corporate_actions/B3
CG_ONLY,VVAL,2020-06-02,60746948000112,BBDC4,BBDC4_2020-06-02_DISTRIBUTION_586,29.707989921092615,,0.0,29.707989921092615,JCP Mensais,UNKNOWN,EX_DATE_ECONOMIC_REINVESTMENT,https://www.bradescori.com.br/informacoes-ao-mercado/remuneracao-aos-acionistas/
CG_ONLY,VVAL,2020-06-10,92702067000196,BRSR6,CONT_669_BRSR6_2020-06-10,405.7915191668036,,0.0,405.7915191668036,,UNKNOWN,EX_DATE_ECONOMIC_REINVESTMENT,cache/market.json.gz; B3
CG_ONLY,VVAL,2020-06-30,02149205000169,PSSA3,CONT_2145_PSSA3_2020-06-30,485.13719970946653,,0.0,485.13719970946653,,UNKNOWN,EX_DATE_ECONOMIC_REINVESTMENT,cache/market.json.gz; B3
CG_ONLY,VVAL,2020-07-01,60872504000123,ITUB4,ITUB4_2020-07-01_DISTRIBUTION_200,29.17596629322332,,0.0,29.17596629322332,CASH_DIVIDEND,UNKNOWN,EX_DATE_ECONOMIC_REINVESTMENT,cache/market.json.gz; SQLite corporate_actions/B3
CG_ONLY,VVAL,2020-07-01,76484013000145,SAPR4,CONT_2731_SAPR4_2020-07-01,827.0124642821487,,0.0,827.0124642821487,,UNKNOWN,EX_DATE_ECONOMIC_REINVESTMENT,https://ri.sanepar.com.br/docs/Sanepar-2025-12-18-cW6NmzgB.pdf
CG_ONLY,VVAL,2020-07-02,60746948000112,BBDC4,BBDC4_2020-07-02_DISTRIBUTION_587,45.69436624920164,,0.0,45.69436624920164,JCP Mensais,UNKNOWN,EX_DATE_ECONOMIC_REINVESTMENT,https://www.bradescori.com.br/informacoes-ao-mercado/remuneracao-aos-acionistas/
CG_ONLY,VVAL,2020-08-03,60872504000123,ITUB4,ITUB4_2020-08-03_DISTRIBUTION_199,29.33108838470126,,0.0,29.33108838470126,CASH_DIVIDEND,UNKNOWN,EX_DATE_ECONOMIC_REINVESTMENT,cache/market.json.gz; SQLite corporate_actions/B3
CG_ONLY,VVAL,2020-08-04,60746948000112,BBDC4,BBDC4_2020-08-04_DISTRIBUTION_588,45.735245168199974,,0.0,45.735245168199974,JCP Mensais,UNKNOWN,EX_DATE_ECONOMIC_REINVESTMENT,https://www.bradescori.com.br/informacoes-ao-mercado/remuneracao-aos-acionistas/
CG_ONLY,VVAL,2020-08-10,02474103000119,TBLE3,TBLE3_2020-08-10_DISTRIBUTION_353,990.7444996964562,,0.0,990.7444996964562,CASH_DIVIDEND,UNKNOWN,EX_DATE_ECONOMIC_REINVESTMENT,cache/market.json.gz; SQLite corporate_actions/B3
CG_ONLY,VVAL,2020-08-13,17344597000194,BBSE3,CONT_2559_BBSE3_2020-08-13,1623.8977820631985,,0.0,1623.8977820631985,,UNKNOWN,EX_DATE_ECONOMIC_REINVESTMENT,BBSE_DIV
CG_ONLY,VVAL,2020-08-18,60872504000123,ITUB4,ITUB4_2020-08-18_DISTRIBUTION_198,103.49784907051874,,0.0,103.49784907051874,JCP,UNKNOWN,EX_DATE_ECONOMIC_REINVESTMENT,cache/market.json.gz; SQLite corporate_actions/B3
CG_ONLY,VVAL,2020-08-24,00000000000191,BBAS3,CONT_205_BBAS3_2020-08-24,680.3494054536077,,0.0,680.3494054536077,,UNKNOWN,EX_DATE_ECONOMIC_REINVESTMENT,cache/market.json.gz; B3
CG_ONLY,VVAL,2020-08-24,00000000000191,BBAS3,CONT_206_BBAS3_2020-08-24,2.4187994915050797,,0.0,2.4187994915050797,,UNKNOWN,EX_DATE_ECONOMIC_REINVESTMENT,cache/market.json.gz; B3
CG_ONLY,VVAL,2020-09-01,60872504000123,ITUB4,ITUB4_2020-09-01_DISTRIBUTION_197,29.411261881249,,0.0,29.411261881249,CASH_DIVIDEND,UNKNOWN,EX_DATE_ECONOMIC_REINVESTMENT,cache/market.json.gz; SQLite corporate_actions/B3
CG_ONLY,VVAL,2020-09-02,60746948000112,BBDC4,BBDC4_2020-09-02_DISTRIBUTION_589,45.77519993531023,,0.0,45.77519993531023,JCP Mensais,UNKNOWN,EX_DATE_ECONOMIC_REINVESTMENT,https://www.bradescori.com.br/informacoes-ao-mercado/remuneracao-aos-acionistas/
CG_ONLY,VVAL,2020-09-14,00000000000191,BBAS3,CONT_204_BBAS3_2020-09-14,160.9273518609638,,0.0,160.9273518609638,,UNKNOWN,EX_DATE_ECONOMIC_REINVESTMENT,cache/market.json.gz; B3
CG_ONLY,VVAL,2020-10-01,60872504000123,ITUB4,ITUB4_2020-10-01_DISTRIBUTION_196,29.682571345461774,,0.0,29.682571345461774,CASH_DIVIDEND,UNKNOWN,EX_DATE_ECONOMIC_REINVESTMENT,cache/market.json.gz; SQLite corporate_actions/B3
CG_ONLY,VVAL,2020-10-02,60746948000112,BBDC4,BBDC4_2020-10-02_DISTRIBUTION_590,45.845540511189355,,0.0,45.845540511189355,JCP Mensais,UNKNOWN,EX_DATE_ECONOMIC_REINVESTMENT,https://www.bradescori.com.br/informacoes-ao-mercado/remuneracao-aos-acionistas/
CG_ONLY,VVAL,2020-11-03,02149205000169,PSSA3,CONT_2735_PSSA3_2020-11-03,554.3286479077873,,0.0,554.3286479077873,,UNKNOWN,EX_DATE_ECONOMIC_REINVESTMENT,https://api.mziq.com/mzfilemanager/v2/d/b77a3922-d280-4451-b3ee-0afec4577834/f9e62720-e79a-1676-864d-2a184a052c0f?origin=2;https://api.mziq.com/mzfilemanager/v2/d/b77a3922-d280-4451-b3ee-0afec4577834/493a6ff0-1341-22f7-1a72-d9896b29432f?origin=2
CG_ONLY,VVAL,2020-11-03,60872504000123,ITUB4,ITUB4_2020-11-03_DISTRIBUTION_195,30.00522266276624,,0.0,30.00522266276624,CASH_DIVIDEND,UNKNOWN,EX_DATE_ECONOMIC_REINVESTMENT,cache/market.json.gz; SQLite corporate_actions/B3
CG_ONLY,VVAL,2020-11-04,60746948000112,BBDC4,BBDC4_2020-11-04_DISTRIBUTION_591,45.889833300125275,,0.0,45.889833300125275,JCP Mensais,UNKNOWN,EX_DATE_ECONOMIC_REINVESTMENT,https://www.bradescori.com.br/informacoes-ao-mercado/remuneracao-aos-acionistas/
CG_ONLY,VVAL,2020-11-17,00000000000191,BBAS3,CONT_203_BBAS3_2020-11-17,306.52427661790824,,0.0,306.52427661790824,,UNKNOWN,EX_DATE_ECONOMIC_REINVESTMENT,cache/market.json.gz; B3
CG_ONLY,VVAL,2020-12-01,60872504000123,ITUB4,ITUB4_2020-12-01_DISTRIBUTION_194,30.023944723495923,,0.0,30.023944723495923,CASH_DIVIDEND,UNKNOWN,EX_DATE_ECONOMIC_REINVESTMENT,cache/market.json.gz; SQLite corporate_actions/B3
CG_ONLY,VVAL,2020-12-02,60746948000112,BBDC4,BBDC4_2020-12-02_DISTRIBUTION_592,45.931939239289285,,0.0,45.931939239289285,JCP Mensais,UNKNOWN,EX_DATE_ECONOMIC_REINVESTMENT,https://www.bradescori.com.br/informacoes-ao-mercado/remuneracao-aos-acionistas/
CG_ONLY,VVAL,2020-12-11,60872504000123,ITUB4,ITUB4_2020-12-11_DISTRIBUTION_193,128.08664925912157,,0.0,128.08664925912157,JCP,UNKNOWN,EX_DATE_ECONOMIC_REINVESTMENT,cache/market.json.gz; SQLite corporate_actions/B3
CG_ONLY,VVAL,2020-12-11,92702067000196,BRSR6,CONT_668_BRSR6_2020-12-11,390.6647046645084,,0.0,390.6647046645084,,UNKNOWN,EX_DATE_ECONOMIC_REINVESTMENT,cache/market.json.gz; B3
CG_ONLY,VVAL,2020-12-14,00000000000191,BBAS3,CONT_202_BBAS3_2020-12-14,185.15263137651434,,0.0,185.15263137651434,,UNKNOWN,EX_DATE_ECONOMIC_REINVESTMENT,cache/market.json.gz; B3
CG_ONLY,VVAL,2020-12-21,02474103000119,TBLE3,TBLE3_2020-12-21_DISTRIBUTION_351,827.9235989136108,,0.0,827.9235989136108,CASH_DIVIDEND,UNKNOWN,EX_DATE_ECONOMIC_REINVESTMENT,cache/market.json.gz; SQLite corporate_actions/B3
CG_ONLY,VVAL,2020-12-21,02474103000119,TBLE3,TBLE3_2020-12-21_DISTRIBUTION_352,261.3055248890816,,0.0,261.3055248890816,JCP,UNKNOWN,EX_DATE_ECONOMIC_REINVESTMENT,cache/market.json.gz; SQLite corporate_actions/B3
CG_ONLY,VVAL,2020-12-29,60746948000112,BBDC4,BBDC4_2020-12-29_DISTRIBUTION_593,1005.9797463342007,,0.0,1005.9797463342007,JCP Complementares,UNKNOWN,EX_DATE_ECONOMIC_REINVESTMENT,https://www.bradescori.com.br/informacoes-ao-mercado/remuneracao-aos-acionistas/
CG_ONLY,VVAL,2020-12-29,76483817000120,CPLE6,CONT_915_CPLE6_2020-12-29,2599.083930428584,,0.0,2599.083930428584,,UNKNOWN,EX_DATE_ECONOMIC_REINVESTMENT,cache/market.json.gz; B3
CG_ONLY,VVAL,2020-12-30,92702067000196,BRSR6,CONT_667_BRSR6_2020-12-30,187.39348130440206,,0.0,187.39348130440206,,UNKNOWN,EX_DATE_ECONOMIC_REINVESTMENT,cache/market.json.gz; B3
CG_ONLY,VVAL,2021-01-04,60872504000123,ITUB4,ITUB4_2021-01-04_DISTRIBUTION_192,30.100466225125118,,0.0,30.100466225125118,CASH_DIVIDEND,UNKNOWN,EX_DATE_ECONOMIC_REINVESTMENT,cache/market.json.gz; SQLite corporate_actions/B3
CG_ONLY,VVAL,2021-01-04,92702067000196,BRSR6,CONT_666_BRSR6_2021-01-04,300.8358962630404,,0.0,300.8358962630404,,UNKNOWN,EX_DATE_ECONOMIC_REINVESTMENT,cache/market.json.gz; B3
CG_ONLY,VVAL,2021-01-04,76484013000145,SAPR4,CONT_2740_SAPR4_2021-01-04,897.6220585440062,,0.0,897.6220585440062,,UNKNOWN,EX_DATE_ECONOMIC_REINVESTMENT,https://ri.sanepar.com.br/docs/Sanepar-2025-12-18-cW6NmzgB.pdf
CG_ONLY,VVAL,2021-01-05,60746948000112,BBDC4,BBDC4_2021-01-05_DISTRIBUTION_564,46.65892648714433,,0.0,46.65892648714433,JCP Mensais,UNKNOWN,EX_DATE_ECONOMIC_REINVESTMENT,https://www.bradescori.com.br/informacoes-ao-mercado/remuneracao-aos-acionistas/
CG_ONLY,VVAL,2021-01-05,03983431000103,ENBR3,CONT_2385_ENBR3_2021-01-05,780.894416215009,,0.0,780.894416215009,,UNKNOWN,EX_DATE_ECONOMIC_REINVESTMENT,EDP_RI;EDP_APR2023
CG_ONLY,VVAL,2021-01-26,60872504000123,ITUB4,ITUB4_2021-01-26_DISTRIBUTION_191,100.7048211728654,,0.0,100.7048211728654,JCP,UNKNOWN,EX_DATE_ECONOMIC_REINVESTMENT,cache/market.json.gz; SQLite corporate_actions/B3
CG_ONLY,VVAL,2021-02-01,60872504000123,ITUB4,ITUB4_2021-02-01_DISTRIBUTION_190,30.168549688396897,,0.0,30.168549688396897,CASH_DIVIDEND,UNKNOWN,EX_DATE_ECONOMIC_REINVESTMENT,cache/market.json.gz; SQLite corporate_actions/B3
CG_ONLY,VVAL,2021-02-02,60746948000112,BBDC4,BBDC4_2021-02-02_DISTRIBUTION_565,46.69265388593438,,0.0,46.69265388593438,JCP Mensais,UNKNOWN,EX_DATE_ECONOMIC_REINVESTMENT,https://www.bradescori.com.br/informacoes-ao-mercado/remuneracao-aos-acionistas/
CG_ONLY,VVAL,2021-02-12,17344597000194,BBSE3,CONT_2558_BBSE3_2021-02-12,910.7098836956798,,0.0,910.7098836956798,,UNKNOWN,EX_DATE_ECONOMIC_REINVESTMENT,BBSE_DIV
CG_ONLY,VVAL,2021-02-18,60746948000112,BBDC4,BBDC4_2021-02-18_DISTRIBUTION_566,53.737718593581256,,0.0,53.737718593581256,JCP Suplementares,UNKNOWN,EX_DATE_ECONOMIC_REINVESTMENT,https://www.bradescori.com.br/informacoes-ao-mercado/remuneracao-aos-acionistas/
CG_ONLY,VVAL,2021-02-23,00000000000191,BBAS3,CONT_200_BBAS3_2021-02-23,689.8254148495078,,0.0,689.8254148495078,,UNKNOWN,EX_DATE_ECONOMIC_REINVESTMENT,cache/market.json.gz; B3
CG_ONLY,VVAL,2021-02-23,00000000000191,BBAS3,CONT_201_BBAS3_2021-02-23,2.1156041030458286,,0.0,2.1156041030458286,,UNKNOWN,EX_DATE_ECONOMIC_REINVESTMENT,cache/market.json.gz; B3
CG_ONLY,VVAL,2021-02-26,60872504000123,ITUB4,ITUB4_2021-02-26_DISTRIBUTION_188,193.99730711737965,,0.0,193.99730711737965,CASH_DIVIDEND,UNKNOWN,EX_DATE_ECONOMIC_REINVESTMENT,cache/market.json.gz; SQLite corporate_actions/B3
CG_ONLY,VVAL,2021-02-26,60872504000123,ITUB4,ITUB4_2021-02-26_DISTRIBUTION_189,101.78082290701984,,0.0,101.78082290701984,JCP,UNKNOWN,EX_DATE_ECONOMIC_REINVESTMENT,cache/market.json.gz; SQLite corporate_actions/B3
CG_ONLY,VVAL,2021-03-01,60872504000123,ITUB4,ITUB4_2021-03-01_DISTRIBUTION_187,30.357757834067954,,0.0,30.357757834067954,CASH_DIVIDEND,UNKNOWN,EX_DATE_ECONOMIC_REINVESTMENT,cache/market.json.gz; SQLite corporate_actions/B3
CG_ONLY,VVAL,2021-03-02,60746948000112,BBDC4,BBDC4_2021-03-02_DISTRIBUTION_567,46.76884380193751,,0.0,46.76884380193751,JCP Mensais,UNKNOWN,EX_DATE_ECONOMIC_REINVESTMENT,https://www.bradescori.com.br/informacoes-ao-mercado/remuneracao-aos-acionistas/
CG_ONLY,VVAL,2021-03-08,92702067000196,BRSR6,CONT_665_BRSR6_2021-03-08,882.1163386618039,,0.0,882.1163386618039,,UNKNOWN,EX_DATE_ECONOMIC_REINVESTMENT,cache/market.json.gz; B3
CG_ONLY,VVAL,2021-03-12,00000000000191,BBAS3,CONT_199_BBAS3_2021-03-12,235.74417748885097,,0.0,235.74417748885097,,UNKNOWN,EX_DATE_ECONOMIC_REINVESTMENT,cache/market.json.gz; B3
CG_ONLY,VVAL,2021-03-26,60872504000123,ITUB4,ITUB4_2021-03-26_DISTRIBUTION_186,102.54985410775355,,0.0,102.54985410775355,JCP,UNKNOWN,EX_DATE_ECONOMIC_REINVESTMENT,cache/market.json.gz; SQLite corporate_actions/B3
CG_ONLY,VVAL,2021-04-01,76483817000120,CPLE6,CONT_913_CPLE6_2021-04-01,450.3249543073,,0.0,450.3249543073,,UNKNOWN,EX_DATE_ECONOMIC_REINVESTMENT,cache/market.json.gz; B3
CG_ONLY,VVAL,2021-04-01,76483817000120,CPLE6,CONT_914_CPLE6_2021-04-01,413.62719984993015,,0.0,413.62719984993015,,UNKNOWN,EX_DATE_ECONOMIC_REINVESTMENT,cache/market.json.gz; B3
CG_ONLY,VVAL,2021-04-01,02149205000169,PSSA3,CONT_2742_PSSA3_2021-04-01,955.8240231757603,,0.0,955.8240231757603,,UNKNOWN,EX_DATE_ECONOMIC_REINVESTMENT,https://api.mziq.com/mzfilemanager/v2/d/b77a3922-d280-4451-b3ee-0afec4577834/493a6ff0-1341-22f7-1a72-d9896b29432f?origin=2;https://api.mziq.com/mzfilemanager/v2/d/b77a3922-d280-4451-b3ee-0afec4577834/41759930-edbb-5e54-ff18-92877b91d282?origin=2
CG_ONLY,VVAL,2021-04-01,02149205000169,PSSA3,CONT_2743_PSSA3_2021-04-01,266.64103772126543,,0.0,266.64103772126543,,UNKNOWN,EX_DATE_ECONOMIC_REINVESTMENT,https://api.mziq.com/mzfilemanager/v2/d/b77a3922-d280-4451-b3ee-0afec4577834/493a6ff0-1341-22f7-1a72-d9896b29432f?origin=2
CG_ONLY,VVAL,2021-04-01,02149205000169,PSSA3,CONT_2744_PSSA3_2021-04-01,478.3900278708418,,0.0,478.3900278708418,,UNKNOWN,EX_DATE_ECONOMIC_REINVESTMENT,https://api.mziq.com/mzfilemanager/v2/d/b77a3922-d280-4451-b3ee-0afec4577834/493a6ff0-1341-22f7-1a72-d9896b29432f?origin=2
CG_ONLY,VVAL,2021-04-01,60872504000123,ITUB4,ITUB4_2021-04-01_DISTRIBUTION_185,30.430942040386707,,0.0,30.430942040386707,CASH_DIVIDEND,UNKNOWN,EX_DATE_ECONOMIC_REINVESTMENT,cache/market.json.gz; SQLite corporate_actions/B3
CG_ONLY,VVAL,2021-04-05,60746948000112,BBDC4,BBDC4_2021-04-05_DISTRIBUTION_568,46.80773205252,,0.0,46.80773205252,JCP Mensais,UNKNOWN,EX_DATE_ECONOMIC_REINVESTMENT,https://www.bradescori.com.br/informacoes-ao-mercado/remuneracao-aos-acionistas/
CG_ONLY,VVAL,2021-04-12,03983431000103,ENBR3,CONT_2386_ENBR3_2021-04-12,2127.789085479653,,0.0,2127.789085479653,,UNKNOWN,EX_DATE_ECONOMIC_REINVESTMENT,EDP_RI;EDP_APR2023
CG_ONLY,VVAL,2021-04-28,60872504000123,ITUB4,ITUB4_2021-04-28_DISTRIBUTION_184,114.6460625551017,,0.0,114.6460625551017,JCP,UNKNOWN,EX_DATE_ECONOMIC_REINVESTMENT,cache/market.json.gz; SQLite corporate_actions/B3
CG_ONLY,VVAL,2021-04-30,76483817000120,CPLE6,CONT_912_CPLE6_2021-04-30,706.162875915299,,0.0,706.162875915299,,UNKNOWN,EX_DATE_ECONOMIC_REINVESTMENT,cache/market.json.gz; B3
CG_ONLY,VVAL,2021-04-30,43776517000180,SBSP3,CONT_2436_SBSP3_2021-04-30,422.86146756606115,,0.0,422.86146756606115,,UNKNOWN,EX_DATE_ECONOMIC_REINVESTMENT,SBSP_2021;SBSP_2022;SBSP_2023;SBSP_2024
CG_ONLY,VVAL,2021-05-03,60872504000123,ITUB4,ITUB4_2021-05-03_DISTRIBUTION_183,30.508746066271957,,0.0,30.508746066271957,CASH_DIVIDEND,UNKNOWN,EX_DATE_ECONOMIC_REINVESTMENT,cache/market.json.gz; SQLite corporate_actions/B3
CG_ONLY,VVAL,2021-05-03,92702067000196,BRSR6,CONT_664_BRSR6_2021-05-03,222.50463497488258,,0.0,222.50463497488258,,UNKNOWN,EX_DATE_ECONOMIC_REINVESTMENT,cache/market.json.gz; B3
CG_ONLY,VVAL,2021-05-04,60746948000112,BBDC4,BBDC4_2021-05-04_DISTRIBUTION_569,51.526067139854355,,0.0,51.526067139854355,JCP Mensais,UNKNOWN,EX_DATE_ECONOMIC_REINVESTMENT,https://www.bradescori.com.br/informacoes-ao-mercado/remuneracao-aos-acionistas/
CG_ONLY,VVAL,2021-05-12,02474103000119,TBLE3,TBLE3_2021-05-12_DISTRIBUTION_350,931.2979924024054,,0.0,931.2979924024054,CASH_DIVIDEND,UNKNOWN,EX_DATE_ECONOMIC_REINVESTMENT,cache/market.json.gz; SQLite corporate_actions/B3
CG_ONLY,VVAL,2021-05-24,00000000000191,BBAS3,CONT_197_BBAS3_2021-05-24,121.97305933136025,,0.0,121.97305933136025,,UNKNOWN,EX_DATE_ECONOMIC_REINVESTMENT,cache/market.json.gz; B3
CG_ONLY,VVAL,2021-05-24,00000000000191,BBAS3,CONT_198_BBAS3_2021-05-24,558.0761282137775,,0.0,558.0761282137775,,UNKNOWN,EX_DATE_ECONOMIC_REINVESTMENT,cache/market.json.gz; B3
CG_ONLY,VVAL,2021-05-25,60872504000123,ITUB4,ITUB4_2021-05-25_DISTRIBUTION_182,99.18638290916297,,0.0,99.18638290916297,JCP,UNKNOWN,EX_DATE_ECONOMIC_REINVESTMENT,cache/market.json.gz; SQLite corporate_actions/B3
CG_ONLY,VVAL,2021-06-01,60872504000123,ITUB4,ITUB4_2021-06-01_DISTRIBUTION_181,30.576451919425224,,0.0,30.576451919425224,CASH_DIVIDEND,UNKNOWN,EX_DATE_ECONOMIC_REINVESTMENT,cache/market.json.gz; SQLite corporate_actions/B3
CG_ONLY,VVAL,2021-06-02,60746948000112,BBDC4,BBDC4_2021-06-02_DISTRIBUTION_570,51.56714685760646,,0.0,51.56714685760646,JCP Mensais,UNKNOWN,EX_DATE_ECONOMIC_REINVESTMENT,https://www.bradescori.com.br/informacoes-ao-mercado/remuneracao-aos-acionistas/
CG_ONLY,VVAL,2021-06-04,92702067000196,BRSR6,CONT_663_BRSR6_2021-06-04,972.3223787106111,,0.0,972.3223787106111,,UNKNOWN,EX_DATE_ECONOMIC_REINVESTMENT,cache/market.json.gz; B3
CG_ONLY,VVAL,2021-06-14,00000000000191,BBAS3,CONT_196_BBAS3_2021-06-14,280.002039480742,,0.0,280.002039480742,,UNKNOWN,EX_DATE_ECONOMIC_REINVESTMENT,cache/market.json.gz; B3
CG_ONLY,VVAL,2021-07-01,60872504000123,ITUB4,ITUB4_2021-07-01_DISTRIBUTION_180,26.712778435828426,,0.0,26.712778435828426,CASH_DIVIDEND,UNKNOWN,EX_DATE_ECONOMIC_REINVESTMENT,cache/market.json.gz; SQLite corporate_actions/B3
CG_ONLY,VVAL,2021-07-01,76484013000145,SAPR4,CONT_2749_SAPR4_2021-07-01,1301.3418753524077,,0.0,1301.3418753524077,,UNKNOWN,EX_DATE_ECONOMIC_REINVESTMENT,https://ri.sanepar.com.br/docs/Sanepar-2025-12-18-cW6NmzgB.pdf
CG_ONLY,VVAL,2021-07-02,60746948000112,BBDC4,BBDC4_2021-07-02_DISTRIBUTION_571,39.29939551451603,,0.0,39.29939551451603,JCP Mensais,UNKNOWN,EX_DATE_ECONOMIC_REINVESTMENT,https://www.bradescori.com.br/informacoes-ao-mercado/remuneracao-aos-acionistas/
CG_ONLY,VVAL,2021-07-05,60746948000112,BBDC4,BBDC4_2021-07-05_DISTRIBUTION_572,1117.1732442795571,,0.0,1117.1732442795571,JCP Intermediários,UNKNOWN,EX_DATE_ECONOMIC_REINVESTMENT,https://www.bradescori.com.br/informacoes-ao-mercado/remuneracao-aos-acionistas/
CG_ONLY,VVAL,2021-07-30,02149205000169,PSSA3,CONT_2751_PSSA3_2021-07-30,686.3298998799141,,0.0,686.3298998799141,,UNKNOWN,EX_DATE_ECONOMIC_REINVESTMENT,https://api.mziq.com/mzfilemanager/v2/d/b77a3922-d280-4451-b3ee-0afec4577834/84eee7cb-7942-984d-6623-ff1f2c09cdbe?origin=2;https://api.mziq.com/mzfilemanager/v2/d/b77a3922-d280-4451-b3ee-0afec4577834/c01dc413-7f12-69a6-0b0a-53d2e29990ed?origin=2;https://api.mziq.com/mzfilemanager/v2/d/b77a3922-d280-4451-b3ee-0afec4577834/bd82067a-476b-c3a3-b00a-9a8d540f77cb?origin=2
CG_ONLY,VVAL,2021-08-02,60872504000123,ITUB4,ITUB4_2021-08-02_DISTRIBUTION_179,26.726274282124734,,0.0,26.726274282124734,CASH_DIVIDEND,UNKNOWN,EX_DATE_ECONOMIC_REINVESTMENT,cache/market.json.gz; SQLite corporate_actions/B3
CG_ONLY,VVAL,2021-08-03,60746948000112,BBDC4,BBDC4_2021-08-03_DISTRIBUTION_573,40.28410603205305,,0.0,40.28410603205305,JCP Mensais,UNKNOWN,EX_DATE_ECONOMIC_REINVESTMENT,https://www.bradescori.com.br/informacoes-ao-mercado/remuneracao-aos-acionistas/
CG_ONLY,VVAL,2021-08-12,17344597000194,BBSE3,CONT_2557_BBSE3_2021-08-12,1215.7958882110916,,0.0,1215.7958882110916,,UNKNOWN,EX_DATE_ECONOMIC_REINVESTMENT,BBSE_DIV
CG_ONLY,VVAL,2021-08-16,60872504000123,ITUB4,ITUB4_2021-08-16_DISTRIBUTION_178,185.10816969605307,,0.0,185.10816969605307,JCP,UNKNOWN,EX_DATE_ECONOMIC_REINVESTMENT,cache/market.json.gz; SQLite corporate_actions/B3
CG_ONLY,VVAL,2021-08-17,02474103000119,TBLE3,TBLE3_2021-08-17_DISTRIBUTION_349,1316.907590808378,,0.0,1316.907590808378,CASH_DIVIDEND,UNKNOWN,EX_DATE_ECONOMIC_REINVESTMENT,cache/market.json.gz; SQLite corporate_actions/B3
CG_ONLY,VVAL,2021-08-24,00000000000191,BBAS3,CONT_194_BBAS3_2021-08-24,572.58575750283,,0.0,572.58575750283,,UNKNOWN,EX_DATE_ECONOMIC_REINVESTMENT,cache/market.json.gz; B3
CG_ONLY,VVAL,2021-08-24,00000000000191,BBAS3,CONT_195_BBAS3_2021-08-24,4.4734321886984745,,0.0,4.4734321886984745,,UNKNOWN,EX_DATE_ECONOMIC_REINVESTMENT,cache/market.json.gz; B3
CG_ONLY,VVAL,2021-09-01,60872504000123,ITUB4,ITUB4_2021-09-01_DISTRIBUTION_177,26.830948186155364,,0.0,26.830948186155364,CASH_DIVIDEND,UNKNOWN,EX_DATE_ECONOMIC_REINVESTMENT,cache/market.json.gz; SQLite corporate_actions/B3
CG_ONLY,VVAL,2021-09-02,60746948000112,BBDC4,BBDC4_2021-09-02_DISTRIBUTION_574,40.765847506490175,,0.0,40.765847506490175,JCP Mensais,UNKNOWN,EX_DATE_ECONOMIC_REINVESTMENT,https://www.bradescori.com.br/informacoes-ao-mercado/remuneracao-aos-acionistas/
CG_ONLY,VVAL,2021-09-14,00000000000191,BBAS3,CONT_193_BBAS3_2021-09-14,311.47387030011765,,0.0,311.47387030011765,,UNKNOWN,EX_DATE_ECONOMIC_REINVESTMENT,cache/market.json.gz; B3
CG_ONLY,VVAL,2021-09-27,17281106000103,CSMG3,CONT_2381_CSMG3_2021-09-27,537.2701486472438,,0.0,537.2701486472438,,UNKNOWN,EX_DATE_ECONOMIC_REINVESTMENT,CSMG_RI;B3_ESPEC
CG_ONLY,VVAL,2021-09-27,17281106000103,CSMG3,CONT_2382_CSMG3_2021-09-27,985.7845713044533,,0.0,985.7845713044533,,UNKNOWN,EX_DATE_ECONOMIC_REINVESTMENT,CSMG_RI;B3_ESPEC
CG_ONLY,VVAL,2021-10-01,76483817000120,CPLE6,CONT_910_CPLE6_2021-10-01,4056.5892696721853,,0.0,4056.5892696721853,,UNKNOWN,EX_DATE_ECONOMIC_REINVESTMENT,cache/market.json.gz; B3
CG_ONLY,VVAL,2021-10-01,76483817000120,CPLE6,CONT_911_CPLE6_2021-10-01,812.1142885013029,,0.0,812.1142885013029,,UNKNOWN,EX_DATE_ECONOMIC_REINVESTMENT,cache/market.json.gz; B3
CG_ONLY,VVAL,2021-10-01,60872504000123,ITUB4,ITUB4_2021-10-01_DISTRIBUTION_176,26.84390582372112,,0.0,26.84390582372112,CASH_DIVIDEND,UNKNOWN,EX_DATE_ECONOMIC_REINVESTMENT,cache/market.json.gz; SQLite corporate_actions/B3
CG_ONLY,VVAL,2021-10-04,60746948000112,BBDC4,BBDC4_2021-10-04_DISTRIBUTION_575,41.52543117653287,,0.0,41.52543117653287,JCP Mensais,UNKNOWN,EX_DATE_ECONOMIC_REINVESTMENT,https://www.bradescori.com.br/informacoes-ao-mercado/remuneracao-aos-acionistas/
CG_ONLY,VVAL,2021-11-01,02149205000169,PSSA3,CONT_2754_PSSA3_2021-11-01,561.6460804311614,,0.0,561.6460804311614,,UNKNOWN,EX_DATE_ECONOMIC_REINVESTMENT,https://api.mziq.com/mzfilemanager/v2/d/b77a3922-d280-4451-b3ee-0afec4577834/0c125129-e67a-53e9-aa2c-5b25822a1a8c?origin=2;https://api.mziq.com/mzfilemanager/v2/d/b77a3922-d280-4451-b3ee-0afec4577834/c01dc413-7f12-69a6-0b0a-53d2e29990ed?origin=2;https://api.mziq.com/mzfilemanager/v2/d/b77a3922-d280-4451-b3ee-0afec4577834/bd82067a-476b-c3a3-b00a-9a8d540f77cb?origin=2
CG_ONLY,VVAL,2021-11-01,60872504000123,ITUB4,ITUB4_2021-11-01_DISTRIBUTION_175,31.602298007542746,,0.0,31.602298007542746,JCP,UNKNOWN,EX_DATE_ECONOMIC_REINVESTMENT,cache/market.json.gz; SQLite corporate_actions/B3
CG_ONLY,VVAL,2021-11-03,60746948000112,BBDC4,BBDC4_2021-11-03_DISTRIBUTION_576,42.450350701589755,,0.0,42.450350701589755,JCP Mensais,UNKNOWN,EX_DATE_ECONOMIC_REINVESTMENT,https://www.bradescori.com.br/informacoes-ao-mercado/remuneracao-aos-acionistas/
CG_ONLY,VVAL,2021-11-22,60872504000123,ITUB4,ITUB4_2021-11-22_DISTRIBUTION_174,475.53968756885604,,0.0,475.53968756885604,JCP,UNKNOWN,EX_DATE_ECONOMIC_REINVESTMENT,cache/market.json.gz; SQLite corporate_actions/B3
CG_ONLY,VVAL,2021-11-23,00000000000191,BBAS3,CONT_192_BBAS3_2021-11-23,676.922958859309,,0.0,676.922958859309,,UNKNOWN,EX_DATE_ECONOMIC_REINVESTMENT,cache/market.json.gz; B3
CG_ONLY,VVAL,2021-12-01,60872504000123,ITUB4,ITUB4_2021-12-01_DISTRIBUTION_173,32.10679560464304,,0.0,32.10679560464304,JCP,UNKNOWN,EX_DATE_ECONOMIC_REINVESTMENT,cache/market.json.gz; SQLite corporate_actions/B3
CG_ONLY,VVAL,2021-12-02,60746948000112,BBDC4,BBDC4_2021-12-02_DISTRIBUTION_577,43.12245011078116,,0.0,43.12245011078116,JCP Mensais,UNKNOWN,EX_DATE_ECONOMIC_REINVESTMENT,https://www.bradescori.com.br/informacoes-ao-mercado/remuneracao-aos-acionistas/
CG_ONLY,VVAL,2021-12-14,00000000000191,BBAS3,CONT_191_BBAS3_2021-12-14,304.8651982004696,,0.0,304.8651982004696,,UNKNOWN,EX_DATE_ECONOMIC_REINVESTMENT,cache/market.json.gz; B3
CG_ONLY,VVAL,2021-12-21,60746948000112,BBDC4,BBDC4_2021-12-21_DISTRIBUTION_578,491.91222375662244,,0.0,491.91222375662244,Dividendos,UNKNOWN,EX_DATE_ECONOMIC_REINVESTMENT,https://www.bradescori.com.br/informacoes-ao-mercado/remuneracao-aos-acionistas/
CG_ONLY,VVAL,2021-12-21,60746948000112,BBDC4,BBDC4_2021-12-21_DISTRIBUTION_579,49.191222603130946,,0.0,49.191222603130946,JCP Complementares,UNKNOWN,EX_DATE_ECONOMIC_REINVESTMENT,https://www.bradescori.com.br/informacoes-ao-mercado/remuneracao-aos-acionistas/
CG_ONLY,VVAL,2021-12-30,02474103000119,TBLE3,TBLE3_2021-12-30_DISTRIBUTION_348,102.75322596731655,,0.0,102.75322596731655,JCP,UNKNOWN,EX_DATE_ECONOMIC_REINVESTMENT,cache/market.json.gz; SQLite corporate_actions/B3
CG_ONLY,VVAL,2022-01-03,76483817000120,CPLE6,CONT_909_CPLE6_2022-01-03,1036.4396251780677,,0.0,1036.4396251780677,,UNKNOWN,EX_DATE_ECONOMIC_REINVESTMENT,cache/market.json.gz; B3
CG_ONLY,VVAL,2022-01-03,60872504000123,ITUB4,ITUB4_2022-01-03_DISTRIBUTION_172,32.4497442676841,,0.0,32.4497442676841,JCP,UNKNOWN,EX_DATE_ECONOMIC_REINVESTMENT,cache/market.json.gz; SQLite corporate_actions/B3
CG_ONLY,VVAL,2022-01-03,76484013000145,SAPR4,CONT_2758_SAPR4_2022-01-03,1587.603183127075,,0.0,1587.603183127075,,UNKNOWN,EX_DATE_ECONOMIC_REINVESTMENT,https://ri.sanepar.com.br/docs/Sanepar-2025-12-18-cW6NmzgB.pdf
CG_ONLY,VVAL,2022-01-04,60746948000112,BBDC4,BBDC4_2022-01-04_DISTRIBUTION_550,44.18872918223096,,0.0,44.18872918223096,JCP Mensais,UNKNOWN,EX_DATE_ECONOMIC_REINVESTMENT,https://www.bradescori.com.br/informacoes-ao-mercado/remuneracao-aos-acionistas/
CG_ONLY,VVAL,2022-01-05,03983431000103,ENBR3,CONT_2387_ENBR3_2022-01-05,2373.417922263392,,0.0,2373.417922263392,,UNKNOWN,EX_DATE_ECONOMIC_REINVESTMENT,EDP_RI;EDP_APR2023
CG_ONLY,VVAL,2022-02-01,60872504000123,ITUB4,ITUB4_2022-02-01_DISTRIBUTION_171,32.82628929121946,,0.0,32.82628929121946,JCP,UNKNOWN,EX_DATE_ECONOMIC_REINVESTMENT,cache/market.json.gz; SQLite corporate_actions/B3
CG_ONLY,VVAL,2022-02-02,60746948000112,BBDC4,BBDC4_2022-02-02_DISTRIBUTION_551,44.45067709703723,,0.0,44.45067709703723,JCP Mensais,UNKNOWN,EX_DATE_ECONOMIC_REINVESTMENT,https://www.bradescori.com.br/informacoes-ao-mercado/remuneracao-aos-acionistas/
CG_ONLY,VVAL,2022-02-11,17344597000194,BBSE3,CONT_2556_BBSE3_2022-02-11,2262.601691515959,,0.0,2262.601691515959,,UNKNOWN,EX_DATE_ECONOMIC_REINVESTMENT,BBSE_DIV
CG_ONLY,VVAL,2022-02-22,60872504000123,ITUB4,ITUB4_2022-02-22_DISTRIBUTION_170,25.499169716477756,,0.0,25.499169716477756,JCP,UNKNOWN,EX_DATE_ECONOMIC_REINVESTMENT,cache/market.json.gz; SQLite corporate_actions/B3
CG_ONLY,VVAL,2022-02-25,02474103000119,TBLE3,TBLE3_2022-02-25_DISTRIBUTION_347,1095.8496858800888,,0.0,1095.8496858800888,CASH_DIVIDEND,UNKNOWN,EX_DATE_ECONOMIC_REINVESTMENT,cache/market.json.gz; SQLite corporate_actions/B3
CG_ONLY,VVAL,2022-03-02,60872504000123,ITUB4,ITUB4_2022-03-02_DISTRIBUTION_169,32.96479472583024,,0.0,32.96479472583024,JCP,UNKNOWN,EX_DATE_ECONOMIC_REINVESTMENT,cache/market.json.gz; SQLite corporate_actions/B3
CG_ONLY,VVAL,2022-03-03,60746948000112,BBDC4,BBDC4_2022-03-03_DISTRIBUTION_552,45.23675916369643,,0.0,45.23675916369643,JCP Mensais,UNKNOWN,EX_DATE_ECONOMIC_REINVESTMENT,https://www.bradescori.com.br/informacoes-ao-mercado/remuneracao-aos-acionistas/
CG_ONLY,VVAL,2022-03-03,00000000000191,BBAS3,CONT_189_BBAS3_2022-03-03,797.3469150500091,,0.0,797.3469150500091,,UNKNOWN,EX_DATE_ECONOMIC_REINVESTMENT,cache/market.json.gz; B3
CG_ONLY,VVAL,2022-03-03,00000000000191,BBAS3,CONT_190_BBAS3_2022-03-03,14.463274321064777,,0.0,14.463274321064777,,UNKNOWN,EX_DATE_ECONOMIC_REINVESTMENT,cache/market.json.gz; B3
CG_ONLY,VVAL,2022-03-15,00000000000191,BBAS3,CONT_188_BBAS3_2022-03-15,374.67146546877075,,0.0,374.67146546877075,,UNKNOWN,EX_DATE_ECONOMIC_REINVESTMENT,cache/market.json.gz; B3
CG_ONLY,VVAL,2022-03-23,17281106000103,CSMG3,CONT_2383_CSMG3_2022-03-23,342.56010278341245,,0.0,342.56010278341245,,UNKNOWN,EX_DATE_ECONOMIC_REINVESTMENT,CSMG_RI;B3_ESPEC
CG_ONLY,VVAL,2022-04-01,02149205000169,PSSA3,CONT_2761_PSSA3_2022-04-01,919.7307551746246,,0.0,919.7307551746246,,UNKNOWN,EX_DATE_ECONOMIC_REINVESTMENT,https://api.mziq.com/mzfilemanager/v2/d/b77a3922-d280-4451-b3ee-0afec4577834/c01dc413-7f12-69a6-0b0a-53d2e29990ed?origin=2;https://api.mziq.com/mzfilemanager/v2/d/b77a3922-d280-4451-b3ee-0afec4577834/bd82067a-476b-c3a3-b00a-9a8d540f77cb?origin=2;https://api.mziq.com/mzfilemanager/v2/d/b77a3922-d280-4451-b3ee-0afec4577834/ae2ce35a-8763-7d60-073f-ca45097755f1?origin=2
CG_ONLY,VVAL,2022-04-01,02149205000169,PSSA3,CONT_2762_PSSA3_2022-04-01,83.31508350089975,,0.0,83.31508350089975,,UNKNOWN,EX_DATE_ECONOMIC_REINVESTMENT,https://api.mziq.com/mzfilemanager/v2/d/b77a3922-d280-4451-b3ee-0afec4577834/c01dc413-7f12-69a6-0b0a-53d2e29990ed?origin=2
CG_ONLY,VVAL,2022-04-01,60872504000123,ITUB4,ITUB4_2022-04-01_DISTRIBUTION_168,33.20985732006159,,0.0,33.20985732006159,JCP,UNKNOWN,EX_DATE_ECONOMIC_REINVESTMENT,cache/market.json.gz; SQLite corporate_actions/B3
CG_ONLY,VVAL,2022-04-04,60746948000112,BBDC4,BBDC4_2022-04-04_DISTRIBUTION_553,45.791452467829416,,0.0,45.791452467829416,JCP Mensais,UNKNOWN,EX_DATE_ECONOMIC_REINVESTMENT,https://www.bradescori.com.br/informacoes-ao-mercado/remuneracao-aos-acionistas/
CG_ONLY,VVAL,2022-04-06,03983431000103,ENBR3,CONT_2388_ENBR3_2022-04-06,4391.667163008934,,0.0,4391.667163008934,,UNKNOWN,EX_DATE_ECONOMIC_REINVESTMENT,EDP_RI;EDP_APR2023
CG_ONLY,VVAL,2022-04-29,43776517000180,SBSP3,CONT_2437_SBSP3_2022-04-29,1385.4196540451287,,0.0,1385.4196540451287,,UNKNOWN,EX_DATE_ECONOMIC_REINVESTMENT,SBSP_2021;SBSP_2022;SBSP_2023;SBSP_2024
CG_ONLY,VVAL,2022-04-29,76484013000145,SAPR4,CONT_2765_SAPR4_2022-04-29,168.02412215789107,,0.0,168.02412215789107,,UNKNOWN,EX_DATE_ECONOMIC_REINVESTMENT,https://ri.sanepar.com.br/docs/Sanepar-2025-12-18-cW6NmzgB.pdf
CG_ONLY,VVAL,2022-05-02,76483817000120,CPLE6,CONT_908_CPLE6_2022-05-02,5093.013229040555,,0.0,5093.013229040555,,UNKNOWN,EX_DATE_ECONOMIC_REINVESTMENT,cache/market.json.gz; B3
CG_ONLY,VVAL,2022-05-02,60872504000123,ITUB4,ITUB4_2022-05-02_DISTRIBUTION_167,33.41405907858276,,0.0,33.41405907858276,JCP,UNKNOWN,EX_DATE_ECONOMIC_REINVESTMENT,cache/market.json.gz; SQLite corporate_actions/B3
CG_ONLY,VVAL,2022-05-03,60746948000112,BBDC4,BBDC4_2022-05-03_DISTRIBUTION_554,51.082249784472204,,0.0,51.082249784472204,JCP Mensais,UNKNOWN,EX_DATE_ECONOMIC_REINVESTMENT,https://www.bradescori.com.br/informacoes-ao-mercado/remuneracao-aos-acionistas/
CG_ONLY,VVAL,2022-05-12,02474103000119,TBLE3,TBLE3_2022-05-12_DISTRIBUTION_346,962.3255405629611,,0.0,962.3255405629611,CASH_DIVIDEND,UNKNOWN,EX_DATE_ECONOMIC_REINVESTMENT,cache/market.json.gz; SQLite corporate_actions/B3
CG_ONLY,VVAL,2022-05-24,00000000000191,BBAS3,CONT_186_BBAS3_2022-05-24,278.28961989306583,,0.0,278.28961989306583,,UNKNOWN,EX_DATE_ECONOMIC_REINVESTMENT,cache/market.json.gz; B3
CG_ONLY,VVAL,2022-05-24,00000000000191,BBAS3,CONT_187_BBAS3_2022-05-24,927.4539106599668,,0.0,927.4539106599668,,UNKNOWN,EX_DATE_ECONOMIC_REINVESTMENT,cache/market.json.gz; B3
CG_ONLY,VVAL,2022-06-01,60872504000123,ITUB4,ITUB4_2022-06-01_DISTRIBUTION_166,33.809340289247075,,0.0,33.809340289247075,JCP,UNKNOWN,EX_DATE_ECONOMIC_REINVESTMENT,cache/market.json.gz; SQLite corporate_actions/B3
CG_ONLY,VVAL,2022-06-02,60746948000112,BBDC4,BBDC4_2022-06-02_DISTRIBUTION_555,51.5649045795095,,0.0,51.5649045795095,JCP Mensais,UNKNOWN,EX_DATE_ECONOMIC_REINVESTMENT,https://www.bradescori.com.br/informacoes-ao-mercado/remuneracao-aos-acionistas/
CG_ONLY,VVAL,2022-06-14,00000000000191,BBAS3,CONT_185_BBAS3_2022-06-14,456.3456375257881,,0.0,456.3456375257881,,UNKNOWN,EX_DATE_ECONOMIC_REINVESTMENT,cache/market.json.gz; B3
CG_ONLY,VVAL,2022-06-21,60746948000112,BBDC4,BBDC4_2022-06-21_DISTRIBUTION_556,534.7629572880845,,0.0,534.7629572880845,JCP Intermediários,UNKNOWN,EX_DATE_ECONOMIC_REINVESTMENT,https://www.bradescori.com.br/informacoes-ao-mercado/remuneracao-aos-acionistas/
CG_ONLY,VVAL,2022-06-22,17281106000103,CSMG3,CONT_2384_CSMG3_2022-06-22,554.4041815728415,,0.0,554.4041815728415,,UNKNOWN,EX_DATE_ECONOMIC_REINVESTMENT,CSMG_RI;B3_ESPEC
CG_ONLY,VVAL,2022-07-01,60872504000123,ITUB4,ITUB4_2022-07-01_DISTRIBUTION_165,37.596242793201576,,0.0,37.596242793201576,JCP,UNKNOWN,EX_DATE_ECONOMIC_REINVESTMENT,cache/market.json.gz; SQLite corporate_actions/B3
CG_ONLY,VVAL,2022-07-01,76484013000145,SAPR4,CONT_2768_SAPR4_2022-07-01,1469.112107218885,,0.0,1469.112107218885,,UNKNOWN,EX_DATE_ECONOMIC_REINVESTMENT,https://ri.sanepar.com.br/docs/Sanepar-2025-12-18-cW6NmzgB.pdf
CG_ONLY,VVAL,2022-07-04,60746948000112,BBDC4,BBDC4_2022-07-04_DISTRIBUTION_557,57.74556188605883,,0.0,57.74556188605883,JCP Mensais,UNKNOWN,EX_DATE_ECONOMIC_REINVESTMENT,https://www.bradescori.com.br/informacoes-ao-mercado/remuneracao-aos-acionistas/
CG_ONLY,VVAL,2022-08-01,60872504000123,ITUB4,ITUB4_2022-08-01_DISTRIBUTION_164,37.73091737797169,,0.0,37.73091737797169,JCP,UNKNOWN,EX_DATE_ECONOMIC_REINVESTMENT,cache/market.json.gz; SQLite corporate_actions/B3
CG_ONLY,VVAL,2022-08-02,60746948000112,BBDC4,BBDC4_2022-08-02_DISTRIBUTION_558,58.28567009519148,,0.0,58.28567009519148,JCP Mensais,UNKNOWN,EX_DATE_ECONOMIC_REINVESTMENT,https://www.bradescori.com.br/informacoes-ao-mercado/remuneracao-aos-acionistas/
CG_ONLY,VVAL,2022-08-15,90400888000142,SANB4,CONT_2283_SANB4_2022-08-15,835.0470216455718,,0.0,835.0470216455718,,UNKNOWN,EX_DATE_ECONOMIC_REINVESTMENT,cache/market.json.gz; B3
CG_ONLY,VVAL,2022-08-17,02474103000119,TBLE3,TBLE3_2022-08-17_DISTRIBUTION_345,899.6521542169622,,0.0,899.6521542169622,CASH_DIVIDEND,UNKNOWN,EX_DATE_ECONOMIC_REINVESTMENT,cache/market.json.gz; SQLite corporate_actions/B3
CG_ONLY,VVAL,2022-08-18,17344597000194,BBSE3,CONT_2555_BBSE3_2022-08-18,2097.195524275993,,0.0,2097.195524275993,,UNKNOWN,EX_DATE_ECONOMIC_REINVESTMENT,BBSE_DIV
CG_ONLY,VVAL,2022-08-19,60872504000123,ITUB4,ITUB4_2022-08-19_DISTRIBUTION_163,655.7066841906737,,0.0,655.7066841906737,JCP,UNKNOWN,EX_DATE_ECONOMIC_REINVESTMENT,cache/market.json.gz; SQLite corporate_actions/B3
CG_ONLY,VVAL,2022-08-23,00000000000191,BBAS3,CONT_183_BBAS3_2022-08-23,903.9971258984035,,0.0,903.9971258984035,,UNKNOWN,EX_DATE_ECONOMIC_REINVESTMENT,cache/market.json.gz; B3
CG_ONLY,VVAL,2022-08-23,00000000000191,BBAS3,CONT_184_BBAS3_2022-08-23,20.01915974492384,,0.0,20.01915974492384,,UNKNOWN,EX_DATE_ECONOMIC_REINVESTMENT,cache/market.json.gz; B3
CG_ONLY,VVAL,2022-08-31,02149205000169,PSSA3,CONT_2770_PSSA3_2022-08-31,1831.933016020953,,0.0,1831.933016020953,,UNKNOWN,EX_DATE_ECONOMIC_REINVESTMENT,https://api.mziq.com/mzfilemanager/v2/d/b77a3922-d280-4451-b3ee-0afec4577834/4283e85d-e75d-f77c-2344-92e1a5e53405?origin=2;https://api.mziq.com/mzfilemanager/v2/d/b77a3922-d280-4451-b3ee-0afec4577834/7c50ca38-1ebc-6181-44f4-b4691917af27?origin=2;https://api.mziq.com/mzfilemanager/v2/d/b77a3922-d280-4451-b3ee-0afec4577834/41d3f69d-2eaf-9718-f70f-a7a11423b31a?origin=2
CG_ONLY,VVAL,2022-09-01,60872504000123,ITUB4,ITUB4_2022-09-01_DISTRIBUTION_162,38.193722219999536,,0.0,38.193722219999536,JCP,UNKNOWN,EX_DATE_ECONOMIC_REINVESTMENT,cache/market.json.gz; SQLite corporate_actions/B3
CG_ONLY,VVAL,2022-09-02,60746948000112,BBDC4,BBDC4_2022-09-02_DISTRIBUTION_559,58.39174324229472,,0.0,58.39174324229472,JCP Mensais,UNKNOWN,EX_DATE_ECONOMIC_REINVESTMENT,https://www.bradescori.com.br/informacoes-ao-mercado/remuneracao-aos-acionistas/
CG_ONLY,VVAL,2022-09-13,00000000000191,BBAS3,CONT_182_BBAS3_2022-09-13,439.7093152298834,,0.0,439.7093152298834,,UNKNOWN,EX_DATE_ECONOMIC_REINVESTMENT,cache/market.json.gz; B3
CG_ONLY,VVAL,2022-09-21,17281106000103,CSMG3,CONT_2455_CSMG3_2022-09-21,700.8307947105582,,0.0,700.8307947105582,,UNKNOWN,EX_DATE_ECONOMIC_REINVESTMENT,CSMG_RI_V4
CG_ONLY,VVAL,2022-10-03,60872504000123,ITUB4,ITUB4_2022-10-03_DISTRIBUTION_161,38.21946178461133,,0.0,38.21946178461133,JCP,UNKNOWN,EX_DATE_ECONOMIC_REINVESTMENT,cache/market.json.gz; SQLite corporate_actions/B3
CG_ONLY,VVAL,2022-10-04,60746948000112,BBDC4,BBDC4_2022-10-04_DISTRIBUTION_560,58.449121397406046,,0.0,58.449121397406046,JCP Mensais,UNKNOWN,EX_DATE_ECONOMIC_REINVESTMENT,https://www.bradescori.com.br/informacoes-ao-mercado/remuneracao-aos-acionistas/
CG_ONLY,VVAL,2022-10-24,90400888000142,SANB4,CONT_2281_SANB4_2022-10-24,413.5321736999277,,0.0,413.5321736999277,,UNKNOWN,EX_DATE_ECONOMIC_REINVESTMENT,cache/market.json.gz; B3
CG_ONLY,VVAL,2022-10-24,90400888000142,SANB4,CONT_2282_SANB4_2022-10-24,443.79062541486155,,0.0,443.79062541486155,,UNKNOWN,EX_DATE_ECONOMIC_REINVESTMENT,cache/market.json.gz; B3
CG_ONLY,VVAL,2022-11-01,02149205000169,PSSA3,CONT_2774_PSSA3_2022-11-01,265.5819865093136,,0.0,265.5819865093136,,UNKNOWN,EX_DATE_ECONOMIC_REINVESTMENT,https://api.mziq.com/mzfilemanager/v2/d/b77a3922-d280-4451-b3ee-0afec4577834/93c93bbe-d850-f472-be6b-d36e031cbee7?origin=2;https://api.mziq.com/mzfilemanager/v2/d/b77a3922-d280-4451-b3ee-0afec4577834/41d3f69d-2eaf-9718-f70f-a7a11423b31a?origin=2;https://api.mziq.com/mzfilemanager/v2/d/b77a3922-d280-4451-b3ee-0afec4577834/478c2702-5245-8bef-9e67-f34653abeda5?origin=2
CG_ONLY,VVAL,2022-11-01,60872504000123,ITUB4,ITUB4_2022-11-01_DISTRIBUTION_160,38.242136524123886,,0.0,38.242136524123886,JCP,UNKNOWN,EX_DATE_ECONOMIC_REINVESTMENT,cache/market.json.gz; SQLite corporate_actions/B3
CG_ONLY,VVAL,2022-11-03,60746948000112,BBDC4,BBDC4_2022-11-03_DISTRIBUTION_561,58.6546517260585,,0.0,58.6546517260585,JCP Mensais,UNKNOWN,EX_DATE_ECONOMIC_REINVESTMENT,https://www.bradescori.com.br/informacoes-ao-mercado/remuneracao-aos-acionistas/
CG_ONLY,VVAL,2022-11-22,76483817000120,CPLE6,CONT_907_CPLE6_2022-11-22,1104.9438817123687,,0.0,1104.9438817123687,,UNKNOWN,EX_DATE_ECONOMIC_REINVESTMENT,cache/market.json.gz; B3
CG_ONLY,VVAL,2022-11-22,02474103000119,TBLE3,TBLE3_2022-11-22_DISTRIBUTION_344,777.6777646014364,,0.0,777.6777646014364,CASH_DIVIDEND,UNKNOWN,EX_DATE_ECONOMIC_REINVESTMENT,cache/market.json.gz; SQLite corporate_actions/B3
CG_ONLY,VVAL,2022-11-22,00000000000191,BBAS3,CONT_180_BBAS3_2022-11-22,276.0820382368497,,0.0,276.0820382368497,,UNKNOWN,EX_DATE_ECONOMIC_REINVESTMENT,cache/market.json.gz; B3
CG_ONLY,VVAL,2022-11-22,00000000000191,BBAS3,CONT_181_BBAS3_2022-11-22,1029.1516754993709,,0.0,1029.1516754993709,,UNKNOWN,EX_DATE_ECONOMIC_REINVESTMENT,cache/market.json.gz; B3
CG_ONLY,VVAL,2022-12-01,60872504000123,ITUB4,ITUB4_2022-12-01_DISTRIBUTION_159,38.264295871124894,,0.0,38.264295871124894,JCP,UNKNOWN,EX_DATE_ECONOMIC_REINVESTMENT,cache/market.json.gz; SQLite corporate_actions/B3
CG_ONLY,VVAL,2022-12-02,60746948000112,BBDC4,BBDC4_2022-12-02_DISTRIBUTION_562,59.630443657211046,,0.0,59.630443657211046,JCP Mensais,UNKNOWN,EX_DATE_ECONOMIC_REINVESTMENT,https://www.bradescori.com.br/informacoes-ao-mercado/remuneracao-aos-acionistas/
CG_ONLY,VVAL,2022-12-09,60872504000123,ITUB4,ITUB4_2022-12-09_DISTRIBUTION_158,1056.2646380621222,,0.0,1056.2646380621222,JCP,UNKNOWN,EX_DATE_ECONOMIC_REINVESTMENT,cache/market.json.gz; SQLite corporate_actions/B3
CG_ONLY,VVAL,2022-12-13,00000000000191,BBAS3,CONT_179_BBAS3_2022-12-13,575.3360106484304,,0.0,575.3360106484304,,UNKNOWN,EX_DATE_ECONOMIC_REINVESTMENT,cache/market.json.gz; B3
CG_ONLY,VVAL,2022-12-23,02474103000119,TBLE3,TBLE3_2022-12-23_DISTRIBUTION_343,335.98747128595915,,0.0,335.98747128595915,JCP,UNKNOWN,EX_DATE_ECONOMIC_REINVESTMENT,cache/market.json.gz; SQLite corporate_actions/B3
CG_ONLY,VVAL,2023-01-02,60872504000123,ITUB4,ITUB4_2023-01-02_DISTRIBUTION_157,39.112284442872,,0.0,39.112284442872,JCP,UNKNOWN,EX_DATE_ECONOMIC_REINVESTMENT,cache/market.json.gz; SQLite corporate_actions/B3
CG_ONLY,VVAL,2023-01-02,76484013000145,SAPR4,CONT_2776_SAPR4_2023-01-02,2849.4599002682094,,0.0,2849.4599002682094,,UNKNOWN,EX_DATE_ECONOMIC_REINVESTMENT,https://ri.sanepar.com.br/docs/Sanepar-2025-12-18-cW6NmzgB.pdf
CG_ONLY,VVAL,2023-01-03,60746948000112,BBDC4,BBDC4_2023-01-03_DISTRIBUTION_535,60.69855921760043,,0.0,60.69855921760043,JCP Mensais,UNKNOWN,EX_DATE_ECONOMIC_REINVESTMENT,https://www.bradescori.com.br/informacoes-ao-mercado/remuneracao-aos-acionistas/
CG_ONLY,VVAL,2023-01-03,03983431000103,ENBR3,CONT_2389_ENBR3_2023-01-03,3015.1847300904146,,0.0,3015.1847300904146,,UNKNOWN,EX_DATE_ECONOMIC_REINVESTMENT,EDP_RI;EDP_APR2023
CG_ONLY,VVAL,2023-01-09,60746948000112,BBDC4,BBDC4_2023-01-09_DISTRIBUTION_563,1868.78721760691,,0.0,1868.78721760691,JCP Complementares,UNKNOWN,EX_DATE_ECONOMIC_REINVESTMENT,https://www.bradescori.com.br/informacoes-ao-mercado/remuneracao-aos-acionistas/
CG_ONLY,VVAL,2023-01-27,90400888000142,SANB4,CONT_2280_SANB4_2023-01-27,890.5847017986956,,0.0,890.5847017986956,,UNKNOWN,EX_DATE_ECONOMIC_REINVESTMENT,cache/market.json.gz; B3
CG_ONLY,VVAL,2023-02-01,60872504000123,ITUB4,ITUB4_2023-02-01_DISTRIBUTION_156,39.22649538413904,,0.0,39.22649538413904,JCP,UNKNOWN,EX_DATE_ECONOMIC_REINVESTMENT,cache/market.json.gz; SQLite corporate_actions/B3
CG_ONLY,VVAL,2023-02-02,60746948000112,BBDC4,BBDC4_2023-02-02_DISTRIBUTION_536,64.40473378228975,,0.0,64.40473378228975,JCP Mensais,UNKNOWN,EX_DATE_ECONOMIC_REINVESTMENT,https://www.bradescori.com.br/informacoes-ao-mercado/remuneracao-aos-acionistas/
CG_ONLY,VVAL,2023-02-15,17344597000194,BBSE3,CONT_2554_BBSE3_2023-02-15,3886.6748885724464,,0.0,3886.6748885724464,,UNKNOWN,EX_DATE_ECONOMIC_REINVESTMENT,BBSE_DIV
CG_ONLY,VVAL,2023-02-24,00000000000191,BBAS3,CONT_177_BBAS3_2023-02-24,968.8915887464043,,0.0,968.8915887464043,,UNKNOWN,EX_DATE_ECONOMIC_REINVESTMENT,cache/market.json.gz; B3
CG_ONLY,VVAL,2023-02-24,00000000000191,BBAS3,CONT_178_BBAS3_2023-02-24,21.386718677196235,,0.0,21.386718677196235,,UNKNOWN,EX_DATE_ECONOMIC_REINVESTMENT,cache/market.json.gz; B3
CG_ONLY,VVAL,2023-03-01,60872504000123,ITUB4,ITUB4_2023-03-01_DISTRIBUTION_155,39.37762254199395,,0.0,39.37762254199395,JCP,UNKNOWN,EX_DATE_ECONOMIC_REINVESTMENT,cache/market.json.gz; SQLite corporate_actions/B3
CG_ONLY,VVAL,2023-03-02,60746948000112,BBDC4,BBDC4_2023-03-02_DISTRIBUTION_537,65.75251559667583,,0.0,65.75251559667583,JCP Mensais,UNKNOWN,EX_DATE_ECONOMIC_REINVESTMENT,https://www.bradescori.com.br/informacoes-ao-mercado/remuneracao-aos-acionistas/
CG_ONLY,VVAL,2023-03-14,00000000000191,BBAS3,CONT_176_BBAS3_2023-03-14,603.3229963298288,,0.0,603.3229963298288,,UNKNOWN,EX_DATE_ECONOMIC_REINVESTMENT,cache/market.json.gz; B3
CG_ONLY,VVAL,2023-03-23,17281106000103,CSMG3,CONT_2456_CSMG3_2023-03-23,2961.534631448162,,0.0,2961.534631448162,,UNKNOWN,EX_DATE_ECONOMIC_REINVESTMENT,CSMG_RI_V4
CG_ONLY,VVAL,2023-03-23,17281106000103,CSMG3,CONT_2457_CSMG3_2023-03-23,1588.1372160624717,,0.0,1588.1372160624717,,UNKNOWN,EX_DATE_ECONOMIC_REINVESTMENT,CSMG_RI_V4
CG_ONLY,VVAL,2023-03-24,60872504000123,ITUB4,ITUB4_2023-03-24_DISTRIBUTION_154,586.5708819239527,,0.0,586.5708819239527,JCP,UNKNOWN,EX_DATE_ECONOMIC_REINVESTMENT,cache/market.json.gz; SQLite corporate_actions/B3
CG_ONLY,VVAL,2023-04-03,60872504000123,ITUB4,ITUB4_2023-04-03_DISTRIBUTION_153,39.96104042659004,,0.0,39.96104042659004,JCP,UNKNOWN,EX_DATE_ECONOMIC_REINVESTMENT,cache/market.json.gz; SQLite corporate_actions/B3
CG_ONLY,VVAL,2023-04-04,60746948000112,BBDC4,BBDC4_2023-04-04_DISTRIBUTION_538,67.29493879418892,,0.0,67.29493879418892,JCP Mensais,UNKNOWN,EX_DATE_ECONOMIC_REINVESTMENT,https://www.bradescori.com.br/informacoes-ao-mercado/remuneracao-aos-acionistas/
CG_ONLY,VVAL,2023-04-12,03983431000103,ENBR3,CONT_2390_ENBR3_2023-04-12,756.7063483223449,,0.0,756.7063483223449,,UNKNOWN,EX_DATE_ECONOMIC_REINVESTMENT,EDP_RI;EDP_APR2023
CG_ONLY,VVAL,2023-04-25,90400888000142,SANB4,CONT_2279_SANB4_2023-04-25,813.405931488632,,0.0,813.405931488632,,UNKNOWN,EX_DATE_ECONOMIC_REINVESTMENT,cache/market.json.gz; B3
CG_ONLY,VVAL,2023-05-02,43776517000180,SBSP3,CONT_2438_SBSP3_2023-05-02,1584.1302593696103,,0.0,1584.1302593696103,,UNKNOWN,EX_DATE_ECONOMIC_REINVESTMENT,SBSP_2021;SBSP_2022;SBSP_2023;SBSP_2024
CG_ONLY,VVAL,2023-05-02,60872504000123,ITUB4,ITUB4_2023-05-02_DISTRIBUTION_152,40.19656675884086,,0.0,40.19656675884086,JCP,UNKNOWN,EX_DATE_ECONOMIC_REINVESTMENT,cache/market.json.gz; SQLite corporate_actions/B3
CG_ONLY,VVAL,2023-05-03,60746948000112,BBDC4,BBDC4_2023-05-03_DISTRIBUTION_539,68.52235338976212,,0.0,68.52235338976212,JCP Mensais,UNKNOWN,EX_DATE_ECONOMIC_REINVESTMENT,https://www.bradescori.com.br/informacoes-ao-mercado/remuneracao-aos-acionistas/
CG_ONLY,VVAL,2023-05-09,02474103000119,TBLE3,TBLE3_2023-05-09_DISTRIBUTION_342,2545.855140403014,,0.0,2545.855140403014,CASH_DIVIDEND,UNKNOWN,EX_DATE_ECONOMIC_REINVESTMENT,cache/market.json.gz; SQLite corporate_actions/B3
CG_ONLY,VVAL,2023-06-01,60872504000123,ITUB4,ITUB4_2023-06-01_DISTRIBUTION_151,40.41269170002717,,0.0,40.41269170002717,JCP,UNKNOWN,EX_DATE_ECONOMIC_REINVESTMENT,cache/market.json.gz; SQLite corporate_actions/B3
CG_ONLY,VVAL,2023-06-02,60746948000112,BBDC4,BBDC4_2023-06-02_DISTRIBUTION_540,69.40948623368084,,0.0,69.40948623368084,JCP Mensais,UNKNOWN,EX_DATE_ECONOMIC_REINVESTMENT,https://www.bradescori.com.br/informacoes-ao-mercado/remuneracao-aos-acionistas/
CG_ONLY,VVAL,2023-06-02,00000000000191,BBAS3,CONT_174_BBAS3_2023-06-02,212.79018978905574,,0.0,212.79018978905574,,UNKNOWN,EX_DATE_ECONOMIC_REINVESTMENT,cache/market.json.gz; B3
CG_ONLY,VVAL,2023-06-02,00000000000191,BBAS3,CONT_175_BBAS3_2023-06-02,1132.0745371329754,,0.0,1132.0745371329754,,UNKNOWN,EX_DATE_ECONOMIC_REINVESTMENT,cache/market.json.gz; B3
CG_ONLY,VVAL,2023-06-13,00000000000191,BBAS3,CONT_173_BBAS3_2023-06-13,595.944618989375,,0.0,595.944618989375,,UNKNOWN,EX_DATE_ECONOMIC_REINVESTMENT,cache/market.json.gz; B3
CG_ONLY,VVAL,2023-06-20,60872504000123,ITUB4,ITUB4_2023-06-20_DISTRIBUTION_150,612.2797230070107,,0.0,612.2797230070107,JCP,UNKNOWN,EX_DATE_ECONOMIC_REINVESTMENT,cache/market.json.gz; SQLite corporate_actions/B3
CG_ONLY,VVAL,2023-06-22,17281106000103,CSMG3,CONT_2458_CSMG3_2023-06-22,1652.7076643711803,,0.0,1652.7076643711803,,UNKNOWN,EX_DATE_ECONOMIC_REINVESTMENT,CSMG_RI_V4
CG_ONLY,VVAL,2023-06-27,60746948000112,BBDC4,BBDC4_2023-06-27_DISTRIBUTION_541,721.0973221440377,,0.0,721.0973221440377,JCP Intermediários,UNKNOWN,EX_DATE_ECONOMIC_REINVESTMENT,https://www.bradescori.com.br/informacoes-ao-mercado/remuneracao-aos-acionistas/
CG_ONLY,VVAL,2023-06-30,02149205000169,PSSA3,CONT_2786_PSSA3_2023-06-30,1790.148873766428,,0.0,1790.148873766428,,UNKNOWN,EX_DATE_ECONOMIC_REINVESTMENT,https://api.mziq.com/mzfilemanager/v2/d/b77a3922-d280-4451-b3ee-0afec4577834/48f3e545-5f5b-0f87-1454-e0d6df50b7a5?origin=2;https://api.mziq.com/mzfilemanager/v2/d/b77a3922-d280-4451-b3ee-0afec4577834/3ada0e5c-8000-0a0c-803a-056115098836?origin=2
CG_ONLY,VVAL,2023-07-03,60872504000123,ITUB4,ITUB4_2023-07-03_DISTRIBUTION_149,40.956818938866,,0.0,40.956818938866,JCP,UNKNOWN,EX_DATE_ECONOMIC_REINVESTMENT,cache/market.json.gz; SQLite corporate_actions/B3
CG_ONLY,VVAL,2023-07-03,76484013000145,SAPR4,CONT_2787_SAPR4_2023-07-03,2976.5681494695377,,0.0,2976.5681494695377,,UNKNOWN,EX_DATE_ECONOMIC_REINVESTMENT,https://ri.sanepar.com.br/docs/Sanepar-2025-12-18-cW6NmzgB.pdf
CG_ONLY,VVAL,2023-07-04,60746948000112,BBDC4,BBDC4_2023-07-04_DISTRIBUTION_542,70.96546174524522,,0.0,70.96546174524522,JCP Mensais,UNKNOWN,EX_DATE_ECONOMIC_REINVESTMENT,https://www.bradescori.com.br/informacoes-ao-mercado/remuneracao-aos-acionistas/
CG_ONLY,VVAL,2023-07-21,90400888000142,SANB4,CONT_2278_SANB4_2023-07-21,843.1252202702649,,0.0,843.1252202702649,,UNKNOWN,EX_DATE_ECONOMIC_REINVESTMENT,cache/market.json.gz; B3
CG_ONLY,VVAL,2023-08-01,60872504000123,ITUB4,ITUB4_2023-08-01_DISTRIBUTION_148,41.060053152561224,,0.0,41.060053152561224,JCP,UNKNOWN,EX_DATE_ECONOMIC_REINVESTMENT,cache/market.json.gz; SQLite corporate_actions/B3
CG_ONLY,VVAL,2023-08-02,60746948000112,BBDC4,BBDC4_2023-08-02_DISTRIBUTION_543,71.72450195856997,,0.0,71.72450195856997,JCP Mensais,UNKNOWN,EX_DATE_ECONOMIC_REINVESTMENT,https://www.bradescori.com.br/informacoes-ao-mercado/remuneracao-aos-acionistas/
CG_ONLY,VVAL,2023-08-17,17344597000194,BBSE3,CONT_2553_BBSE3_2023-08-17,3597.3945307466265,,0.0,3597.3945307466265,,UNKNOWN,EX_DATE_ECONOMIC_REINVESTMENT,BBSE_DIV
CG_ONLY,VVAL,2023-08-22,02474103000119,TBLE3,TBLE3_2023-08-22_DISTRIBUTION_341,1419.8287005622578,,0.0,1419.8287005622578,CASH_DIVIDEND,UNKNOWN,EX_DATE_ECONOMIC_REINVESTMENT,cache/market.json.gz; SQLite corporate_actions/B3
CG_ONLY,VVAL,2023-08-22,00000000000191,BBAS3,CONT_171_BBAS3_2023-08-22,1160.1273128364096,,0.0,1160.1273128364096,,UNKNOWN,EX_DATE_ECONOMIC_REINVESTMENT,cache/market.json.gz; B3
CG_ONLY,VVAL,2023-08-22,00000000000191,BBAS3,CONT_172_BBAS3_2023-08-22,25.213718841475036,,0.0,25.213718841475036,,UNKNOWN,EX_DATE_ECONOMIC_REINVESTMENT,cache/market.json.gz; B3
CG_ONLY,VVAL,2023-09-01,60872504000123,ITUB4,ITUB4_2023-09-01_DISTRIBUTION_147,41.118852634316454,,0.0,41.118852634316454,JCP,UNKNOWN,EX_DATE_ECONOMIC_REINVESTMENT,cache/market.json.gz; SQLite corporate_actions/B3
CG_ONLY,VVAL,2023-09-04,60746948000112,BBDC4,BBDC4_2023-09-04_DISTRIBUTION_544,71.80614315384796,,0.0,71.80614315384796,JCP Mensais,UNKNOWN,EX_DATE_ECONOMIC_REINVESTMENT,https://www.bradescori.com.br/informacoes-ao-mercado/remuneracao-aos-acionistas/
CG_ONLY,VVAL,2023-09-11,60872504000123,XPBR31,XPBR31_2023-09-11_DISTRIBUTION_687,118.36227471124684,,0.0,118.36227471124684,,UNKNOWN,EX_DATE_ECONOMIC_REINVESTMENT,https://api.mziq.com/mzfilemanager/v2/d/d1820734-8b3f-4a23-8642-331a3a8561a6/974f8122-1809-7583-6d0a-c5e21b2004b8?origin=1
CG_ONLY,VVAL,2023-09-12,00000000000191,BBAS3,CONT_170_BBAS3_2023-09-12,600.495516613866,,0.0,600.495516613866,,UNKNOWN,EX_DATE_ECONOMIC_REINVESTMENT,cache/market.json.gz; B3
CG_ONLY,VVAL,2023-09-19,60872504000123,ITUB4,ITUB4_2023-09-19_DISTRIBUTION_146,707.0538501946464,,0.0,707.0538501946464,JCP,UNKNOWN,EX_DATE_ECONOMIC_REINVESTMENT,cache/market.json.gz; SQLite corporate_actions/B3
CG_ONLY,VVAL,2023-09-22,17281106000103,CSMG3,CONT_2459_CSMG3_2023-09-22,1666.0928382494537,,0.0,1666.0928382494537,,UNKNOWN,EX_DATE_ECONOMIC_REINVESTMENT,CSMG_RI_V4
CG_ONLY,VVAL,2023-09-29,02149205000169,PSSA3,CONT_2792_PSSA3_2023-09-29,904.4884436106117,,0.0,904.4884436106117,,UNKNOWN,EX_DATE_ECONOMIC_REINVESTMENT,https://api.mziq.com/mzfilemanager/v2/d/b77a3922-d280-4451-b3ee-0afec4577834/278b0bbf-318b-7e48-5e64-4da0386b1ef5?origin=2;https://api.mziq.com/mzfilemanager/v2/d/b77a3922-d280-4451-b3ee-0afec4577834/3ada0e5c-8000-0a0c-803a-056115098836?origin=2
CG_ONLY,VVAL,2023-10-02,76483817000120,CPLE6,CONT_906_CPLE6_2023-10-02,1557.1464960891644,,0.0,1557.1464960891644,,UNKNOWN,EX_DATE_ECONOMIC_REINVESTMENT,cache/market.json.gz; B3
CG_ONLY,VVAL,2023-10-02,60872504000123,ITUB4,ITUB4_2023-10-02_DISTRIBUTION_145,46.79999500368214,,0.0,46.79999500368214,JCP,UNKNOWN,EX_DATE_ECONOMIC_REINVESTMENT,cache/market.json.gz; SQLite corporate_actions/B3
CG_ONLY,VVAL,2023-10-03,60746948000112,BBDC4,BBDC4_2023-10-03_DISTRIBUTION_545,96.82168396008481,,0.0,96.82168396008481,JCP Mensais,UNKNOWN,EX_DATE_ECONOMIC_REINVESTMENT,https://www.bradescori.com.br/informacoes-ao-mercado/remuneracao-aos-acionistas/
CG_ONLY,VVAL,2023-10-20,90400888000142,SANB4,CONT_2276_SANB4_2023-10-20,286.50715718622746,,0.0,286.50715718622746,,UNKNOWN,EX_DATE_ECONOMIC_REINVESTMENT,cache/market.json.gz; B3
CG_ONLY,VVAL,2023-10-20,90400888000142,SANB4,CONT_2277_SANB4_2023-10-20,844.4421474370881,,0.0,844.4421474370881,,UNKNOWN,EX_DATE_ECONOMIC_REINVESTMENT,cache/market.json.gz; B3
CG_ONLY,VVAL,2023-11-01,60872504000123,ITUB4,ITUB4_2023-11-01_DISTRIBUTION_144,47.00992197267125,,0.0,47.00992197267125,JCP,UNKNOWN,EX_DATE_ECONOMIC_REINVESTMENT,cache/market.json.gz; SQLite corporate_actions/B3
CG_ONLY,VVAL,2023-11-03,60746948000112,BBDC4,BBDC4_2023-11-03_DISTRIBUTION_546,98.15568373878246,,0.0,98.15568373878246,JCP Mensais,UNKNOWN,EX_DATE_ECONOMIC_REINVESTMENT,https://www.bradescori.com.br/informacoes-ao-mercado/remuneracao-aos-acionistas/
CG_ONLY,VVAL,2023-11-22,00000000000191,BBAS3,CONT_168_BBAS3_2023-11-22,184.55096272147313,,0.0,184.55096272147313,,UNKNOWN,EX_DATE_ECONOMIC_REINVESTMENT,cache/market.json.gz; B3
CG_ONLY,VVAL,2023-11-22,00000000000191,BBAS3,CONT_169_BBAS3_2023-11-22,1241.7360985414316,,0.0,1241.7360985414316,,UNKNOWN,EX_DATE_ECONOMIC_REINVESTMENT,cache/market.json.gz; B3
CG_ONLY,VVAL,2023-12-01,60872504000123,ITUB4,ITUB4_2023-12-01_DISTRIBUTION_143,47.22432365580529,,0.0,47.22432365580529,JCP,UNKNOWN,EX_DATE_ECONOMIC_REINVESTMENT,cache/market.json.gz; SQLite corporate_actions/B3
CG_ONLY,VVAL,2023-12-04,60746948000112,BBDC4,BBDC4_2023-12-04_DISTRIBUTION_547,98.72959581885667,,0.0,98.72959581885667,JCP Mensais,UNKNOWN,EX_DATE_ECONOMIC_REINVESTMENT,https://www.bradescori.com.br/informacoes-ao-mercado/remuneracao-aos-acionistas/
CG_ONLY,VVAL,2023-12-07,60872504000123,ITUB4,ITUB4_2023-12-07_DISTRIBUTION_142,661.8857735208591,,0.0,661.8857735208591,JCP,UNKNOWN,EX_DATE_ECONOMIC_REINVESTMENT,cache/market.json.gz; SQLite corporate_actions/B3
CG_ONLY,VVAL,2023-12-12,00000000000191,BBAS3,CONT_167_BBAS3_2023-12-12,629.0135325314711,,0.0,629.0135325314711,,UNKNOWN,EX_DATE_ECONOMIC_REINVESTMENT,cache/market.json.gz; B3
CG_ONLY,VVAL,2023-12-12,60872504000123,XPBR31,XPBR31_2023-12-12_DISTRIBUTION_688,152.79206428393059,,0.0,152.79206428393059,,UNKNOWN,EX_DATE_ECONOMIC_REINVESTMENT,https://api.mziq.com/mzfilemanager/v2/d/d1820734-8b3f-4a23-8642-331a3a8561a6/bcf8391a-ada6-8146-717d-479c39aa4bd9?origin=1
CG_ONLY,VVAL,2023-12-14,17281106000103,CSMG3,CONT_2460_CSMG3_2023-12-14,4963.9057937369225,,0.0,4963.9057937369225,,UNKNOWN,EX_DATE_ECONOMIC_REINVESTMENT,CSMG_RI_V4
CG_ONLY,VVAL,2023-12-22,60746948000112,BBDC4,BBDC4_2023-12-22_DISTRIBUTION_548,1025.6943758239997,,0.0,1025.6943758239997,JCP Intermediários,UNKNOWN,EX_DATE_ECONOMIC_REINVESTMENT,https://www.bradescori.com.br/informacoes-ao-mercado/remuneracao-aos-acionistas/
CG_ONLY,VVAL,2023-12-22,60746948000112,BBDC4,BBDC4_2023-12-22_DISTRIBUTION_549,2563.210239776927,,0.0,2563.210239776927,JCP Complementares,UNKNOWN,EX_DATE_ECONOMIC_REINVESTMENT,https://www.bradescori.com.br/informacoes-ao-mercado/remuneracao-aos-acionistas/
CG_ONLY,VVAL,2023-12-22,02474103000119,TBLE3,TBLE3_2023-12-22_DISTRIBUTION_340,332.1443933612485,,0.0,332.1443933612485,JCP,UNKNOWN,EX_DATE_ECONOMIC_REINVESTMENT,cache/market.json.gz; SQLite corporate_actions/B3
CG_ONLY,VVAL,2023-12-22,17281106000103,CSMG3,CONT_2461_CSMG3_2023-12-22,1281.0319784582189,,0.0,1281.0319784582189,,UNKNOWN,EX_DATE_ECONOMIC_REINVESTMENT,CSMG_RI_V4
CG_ONLY,VVAL,2023-12-28,02149205000169,PSSA3,CONT_2796_PSSA3_2023-12-28,1662.379355685183,,0.0,1662.379355685183,,UNKNOWN,EX_DATE_ECONOMIC_REINVESTMENT,https://api.mziq.com/mzfilemanager/v2/d/b77a3922-d280-4451-b3ee-0afec4577834/f7090ee5-156b-83e5-90db-4d562bf4c5da?origin=2
CG_ONLY,VVAL,2024-01-02,60872504000123,ITUB4,ITUB4_2024-01-02_DISTRIBUTION_141,47.62024296284955,,0.0,47.62024296284955,JCP,UNKNOWN,EX_DATE_ECONOMIC_REINVESTMENT,cache/market.json.gz; SQLite corporate_actions/B3
CG_ONLY,VVAL,2024-01-02,76484013000145,SAPR4,CONT_2797_SAPR4_2024-01-02,2140.0519547052036,,0.0,2140.0519547052036,,UNKNOWN,EX_DATE_ECONOMIC_REINVESTMENT,https://ri.sanepar.com.br/docs/Sanepar-2025-12-18-cW6NmzgB.pdf
CG_ONLY,VVAL,2024-01-03,60746948000112,BBDC4,BBDC4_2024-01-03_DISTRIBUTION_520,103.23389231162483,,0.0,103.23389231162483,JCP Mensais,UNKNOWN,EX_DATE_ECONOMIC_REINVESTMENT,https://www.bradescori.com.br/informacoes-ao-mercado/remuneracao-aos-acionistas/
CG_ONLY,VVAL,2024-01-22,90400888000142,SANB4,CONT_2275_SANB4_2024-01-22,1151.1126186123877,,0.0,1151.1126186123877,,UNKNOWN,EX_DATE_ECONOMIC_REINVESTMENT,cache/market.json.gz; B3
CG_ONLY,VVAL,2024-02-01,60872504000123,ITUB4,ITUB4_2024-02-01_DISTRIBUTION_140,47.645317464290315,,0.0,47.645317464290315,JCP,UNKNOWN,EX_DATE_ECONOMIC_REINVESTMENT,cache/market.json.gz; SQLite corporate_actions/B3
CG_ONLY,VVAL,2024-02-02,60746948000112,BBDC4,BBDC4_2024-02-02_DISTRIBUTION_521,103.97478788907985,,0.0,103.97478788907985,JCP Mensais,UNKNOWN,EX_DATE_ECONOMIC_REINVESTMENT,https://www.bradescori.com.br/informacoes-ao-mercado/remuneracao-aos-acionistas/
CG_ONLY,VVAL,2024-02-09,17344597000194,BBSE3,CONT_2552_BBSE3_2024-02-09,3175.693763241412,,0.0,3175.693763241412,,UNKNOWN,EX_DATE_ECONOMIC_REINVESTMENT,BBSE_DIV
CG_ONLY,VVAL,2024-02-22,00000000000191,BBAS3,CONT_165_BBAS3_2024-02-22,1134.9542474122004,,0.0,1134.9542474122004,,UNKNOWN,EX_DATE_ECONOMIC_REINVESTMENT,cache/market.json.gz; B3
CG_ONLY,VVAL,2024-02-22,00000000000191,BBAS3,CONT_166_BBAS3_2024-02-22,20.16176911815151,,0.0,20.16176911815151,,UNKNOWN,EX_DATE_ECONOMIC_REINVESTMENT,cache/market.json.gz; B3
CG_ONLY,VVAL,2024-02-22,60872504000123,ITUB4,ITUB4_2024-02-22_DISTRIBUTION_139,3039.323476016584,,0.0,3039.323476016584,CASH_DIVIDEND,UNKNOWN,EX_DATE_ECONOMIC_REINVESTMENT,cache/market.json.gz; SQLite corporate_actions/B3
CG_ONLY,VVAL,2024-03-01,60872504000123,ITUB4,ITUB4_2024-03-01_DISTRIBUTION_138,49.248687167257145,,0.0,49.248687167257145,JCP,UNKNOWN,EX_DATE_ECONOMIC_REINVESTMENT,cache/market.json.gz; SQLite corporate_actions/B3
CG_ONLY,VVAL,2024-03-04,60746948000112,BBDC4,BBDC4_2024-03-04_DISTRIBUTION_522,105.24098630395628,,0.0,105.24098630395628,JCP Mensais,UNKNOWN,EX_DATE_ECONOMIC_REINVESTMENT,https://www.bradescori.com.br/informacoes-ao-mercado/remuneracao-aos-acionistas/
CG_ONLY,VVAL,2024-03-12,00000000000191,BBAS3,CONT_164_BBAS3_2024-03-12,766.5378022070968,,0.0,766.5378022070968,,UNKNOWN,EX_DATE_ECONOMIC_REINVESTMENT,cache/market.json.gz; B3
CG_ONLY,VVAL,2024-03-22,60872504000123,ITUB4,ITUB4_2024-03-22_DISTRIBUTION_137,675.0425881859283,,0.0,675.0425881859283,JCP,UNKNOWN,EX_DATE_ECONOMIC_REINVESTMENT,cache/market.json.gz; SQLite corporate_actions/B3
CG_ONLY,VVAL,2024-03-26,17281106000103,CSMG3,CONT_2462_CSMG3_2024-03-26,2244.685625491155,,0.0,2244.685625491155,,UNKNOWN,EX_DATE_ECONOMIC_REINVESTMENT,CSMG_RI_V4
CG_ONLY,VVAL,2024-03-26,17281106000103,CSMG3,CONT_2463_CSMG3_2024-03-26,775.7865576720648,,0.0,775.7865576720648,,UNKNOWN,EX_DATE_ECONOMIC_REINVESTMENT,CSMG_RI_V4
CG_ONLY,VVAL,2024-03-26,17281106000103,CSMG3,CONT_2464_CSMG3_2024-03-26,1663.8146057085257,,0.0,1663.8146057085257,,UNKNOWN,EX_DATE_ECONOMIC_REINVESTMENT,CSMG_RI_V4
CG_ONLY,VVAL,2024-04-01,02149205000169,PSSA3,CONT_2799_PSSA3_2024-04-01,301.37766470817184,,0.0,301.37766470817184,,UNKNOWN,EX_DATE_ECONOMIC_REINVESTMENT,https://api.mziq.com/mzfilemanager/v2/d/b77a3922-d280-4451-b3ee-0afec4577834/ba54f038-ceec-de5f-c468-8a33b22d345a?origin=2;https://api.mziq.com/mzfilemanager/v2/d/b77a3922-d280-4451-b3ee-0afec4577834/b5cca7ab-60ac-611f-1138-e8ff6eeaf480?origin=2;https://api.mziq.com/mzfilemanager/v2/d/b77a3922-d280-4451-b3ee-0afec4577834/12d0f45e-e5c8-5f7a-dbc5-3e171187dab9?origin=2
CG_ONLY,VVAL,2024-04-01,02149205000169,PSSA3,CONT_2800_PSSA3_2024-04-01,963.8957525049973,,0.0,963.8957525049973,,UNKNOWN,EX_DATE_ECONOMIC_REINVESTMENT,https://api.mziq.com/mzfilemanager/v2/d/b77a3922-d280-4451-b3ee-0afec4577834/595d4d3e-f1bf-31d5-9d2d-53b9f100a5b7?origin=2;https://api.mziq.com/mzfilemanager/v2/d/b77a3922-d280-4451-b3ee-0afec4577834/a730da5f-6984-07cc-1fac-1fab6adcd8e6?origin=2;https://api.mziq.com/mzfilemanager/v2/d/b77a3922-d280-4451-b3ee-0afec4577834/c51162ba-772b-3276-e991-5239fc18f0bc?origin=2
CG_ONLY,VVAL,2024-04-01,60872504000123,ITUB4,ITUB4_2024-04-01_DISTRIBUTION_136,49.62753685120382,,0.0,49.62753685120382,JCP,UNKNOWN,EX_DATE_ECONOMIC_REINVESTMENT,cache/market.json.gz; SQLite corporate_actions/B3
CG_ONLY,VVAL,2024-04-02,60746948000112,BBDC4,BBDC4_2024-04-02_DISTRIBUTION_523,106.21812840383156,,0.0,106.21812840383156,JCP Mensais,UNKNOWN,EX_DATE_ECONOMIC_REINVESTMENT,https://www.bradescori.com.br/informacoes-ao-mercado/remuneracao-aos-acionistas/
CG_ONLY,VVAL,2024-04-22,90400888000142,SANB4,CONT_2274_SANB4_2024-04-22,1183.5521996785697,,0.0,1183.5521996785697,,UNKNOWN,EX_DATE_ECONOMIC_REINVESTMENT,cache/market.json.gz; B3
CG_ONLY,VVAL,2024-04-23,76483817000120,CPLE6,CONT_905_CPLE6_2024-04-23,419.71092731394674,,0.0,419.71092731394674,,UNKNOWN,EX_DATE_ECONOMIC_REINVESTMENT,cache/market.json.gz; B3
CG_ONLY,VVAL,2024-04-26,43776517000180,SBSP3,CONT_2439_SBSP3_2024-04-26,1916.4229992833402,,0.0,1916.4229992833402,,UNKNOWN,EX_DATE_ECONOMIC_REINVESTMENT,SBSP_2021;SBSP_2022;SBSP_2023;SBSP_2024
CG_ONLY,VVAL,2024-04-29,17281106000103,CSMG3,CONT_2465_CSMG3_2024-04-29,4419.065231592215,,0.0,4419.065231592215,,UNKNOWN,EX_DATE_ECONOMIC_REINVESTMENT,CSMG_RI_V4
CG_ONLY,VVAL,2024-05-02,60872504000123,ITUB4,ITUB4_2024-05-02_DISTRIBUTION_135,49.653730811294245,,0.0,49.653730811294245,JCP,UNKNOWN,EX_DATE_ECONOMIC_REINVESTMENT,cache/market.json.gz; SQLite corporate_actions/B3
CG_ONLY,VVAL,2024-05-03,60746948000112,BBDC4,BBDC4_2024-05-03_DISTRIBUTION_524,107.48093826111092,,0.0,107.48093826111092,JCP Mensais,UNKNOWN,EX_DATE_ECONOMIC_REINVESTMENT,https://www.bradescori.com.br/informacoes-ao-mercado/remuneracao-aos-acionistas/
CG_ONLY,VVAL,2024-05-07,02474103000119,TBLE3,TBLE3_2024-05-07_DISTRIBUTION_339,2397.8476829560345,,0.0,2397.8476829560345,CASH_DIVIDEND,UNKNOWN,EX_DATE_ECONOMIC_REINVESTMENT,cache/market.json.gz; SQLite corporate_actions/B3
CG_ONLY,VVAL,2024-06-03,60872504000123,ITUB4,ITUB4_2024-06-03_DISTRIBUTION_134,49.68129019333259,,0.0,49.68129019333259,JCP,UNKNOWN,EX_DATE_ECONOMIC_REINVESTMENT,cache/market.json.gz; SQLite corporate_actions/B3
CG_ONLY,VVAL,2024-06-04,60746948000112,BBDC4,BBDC4_2024-06-04_DISTRIBUTION_525,109.20839773803435,,0.0,109.20839773803435,JCP Mensais,UNKNOWN,EX_DATE_ECONOMIC_REINVESTMENT,https://www.bradescori.com.br/informacoes-ao-mercado/remuneracao-aos-acionistas/
CG_ONLY,VVAL,2024-06-12,00000000000191,BBAS3,CONT_162_BBAS3_2024-06-12,620.4987881954197,,0.0,620.4987881954197,,UNKNOWN,EX_DATE_ECONOMIC_REINVESTMENT,cache/market.json.gz; B3
CG_ONLY,VVAL,2024-06-12,00000000000191,BBAS3,CONT_163_BBAS3_2024-06-12,1103.8964838244071,,0.0,1103.8964838244071,,UNKNOWN,EX_DATE_ECONOMIC_REINVESTMENT,cache/market.json.gz; B3
CG_ONLY,VVAL,2024-06-14,00000000000191,BBAS3,CONT_161_BBAS3_2024-06-14,782.3354979643054,,0.0,782.3354979643054,,UNKNOWN,EX_DATE_ECONOMIC_REINVESTMENT,cache/market.json.gz; B3
CG_ONLY,VVAL,2024-06-18,60746948000112,BBDC4,BBDC4_2024-06-18_DISTRIBUTION_526,2277.07608122095,,0.0,2277.07608122095,JCP Intermediários,UNKNOWN,EX_DATE_ECONOMIC_REINVESTMENT,https://www.bradescori.com.br/informacoes-ao-mercado/remuneracao-aos-acionistas/
CG_ONLY,VVAL,2024-06-21,60872504000123,ITUB4,ITUB4_2024-06-21_DISTRIBUTION_133,707.1449481478236,,0.0,707.1449481478236,JCP,UNKNOWN,EX_DATE_ECONOMIC_REINVESTMENT,cache/market.json.gz; SQLite corporate_actions/B3
CG_ONLY,VVAL,2024-06-26,17281106000103,CSMG3,CONT_2466_CSMG3_2024-06-26,393.718398389355,,0.0,393.718398389355,,UNKNOWN,EX_DATE_ECONOMIC_REINVESTMENT,CSMG_RI_V4
CG_ONLY,VVAL,2024-06-26,17281106000103,CSMG3,CONT_2467_CSMG3_2024-06-26,1836.9387208488429,,0.0,1836.9387208488429,,UNKNOWN,EX_DATE_ECONOMIC_REINVESTMENT,CSMG_RI_V4
CG_ONLY,VVAL,2024-07-01,02149205000169,PSSA3,CONT_2809_PSSA3_2024-07-01,1074.780208949318,,0.0,1074.780208949318,,UNKNOWN,EX_DATE_ECONOMIC_REINVESTMENT,https://api.mziq.com/mzfilemanager/v2/d/b77a3922-d280-4451-b3ee-0afec4577834/e777cb3f-2ccb-ec02-431c-98d1c9239971?origin=2;https://api.mziq.com/mzfilemanager/v2/d/b77a3922-d280-4451-b3ee-0afec4577834/a730da5f-6984-07cc-1fac-1fab6adcd8e6?origin=2;https://api.mziq.com/mzfilemanager/v2/d/b77a3922-d280-4451-b3ee-0afec4577834/c51162ba-772b-3276-e991-5239fc18f0bc?origin=2
CG_ONLY,VVAL,2024-07-01,60872504000123,ITUB4,ITUB4_2024-07-01_DISTRIBUTION_132,54.23999916058616,,0.0,54.23999916058616,JCP,UNKNOWN,EX_DATE_ECONOMIC_REINVESTMENT,cache/market.json.gz; SQLite corporate_actions/B3
CG_ONLY,VVAL,2024-07-01,76484013000145,SAPR4,CONT_2810_SAPR4_2024-07-01,2843.9522283341057,,0.0,2843.9522283341057,,UNKNOWN,EX_DATE_ECONOMIC_REINVESTMENT,https://ri.sanepar.com.br/docs/Sanepar-2025-12-18-cW6NmzgB.pdf
CG_ONLY,VVAL,2024-07-02,60746948000112,BBDC4,BBDC4_2024-07-02_DISTRIBUTION_527,157.62496220319642,,0.0,157.62496220319642,JCP Mensais,UNKNOWN,EX_DATE_ECONOMIC_REINVESTMENT,https://www.bradescori.com.br/informacoes-ao-mercado/remuneracao-aos-acionistas/
CG_ONLY,VVAL,2024-07-22,90400888000142,SANB4,CONT_2273_SANB4_2024-07-22,1506.4169397720907,,0.0,1506.4169397720907,,UNKNOWN,EX_DATE_ECONOMIC_REINVESTMENT,cache/market.json.gz; B3
CG_ONLY,VVAL,2024-08-01,60872504000123,ITUB4,ITUB4_2024-08-01_DISTRIBUTION_131,54.269693204791636,,0.0,54.269693204791636,JCP,UNKNOWN,EX_DATE_ECONOMIC_REINVESTMENT,cache/market.json.gz; SQLite corporate_actions/B3
CG_ONLY,VVAL,2024-08-02,60746948000112,BBDC4,BBDC4_2024-08-02_DISTRIBUTION_528,158.43679529325215,,0.0,158.43679529325215,JCP Mensais,UNKNOWN,EX_DATE_ECONOMIC_REINVESTMENT,https://www.bradescori.com.br/informacoes-ao-mercado/remuneracao-aos-acionistas/
CG_ONLY,VVAL,2024-08-19,17344597000194,BBSE3,CONT_2551_BBSE3_2024-08-19,4363.124931689733,,0.0,4363.124931689733,,UNKNOWN,EX_DATE_ECONOMIC_REINVESTMENT,BBSE_DIV
CG_ONLY,VVAL,2024-08-22,02474103000119,TBLE3,TBLE3_2024-08-22_DISTRIBUTION_338,2682.5937191672015,,0.0,2682.5937191672015,CASH_DIVIDEND,UNKNOWN,EX_DATE_ECONOMIC_REINVESTMENT,cache/market.json.gz; SQLite corporate_actions/B3
CG_ONLY,VVAL,2024-08-22,00000000000191,BBAS3,CONT_159_BBAS3_2024-08-22,1236.7609070411602,,0.0,1236.7609070411602,,UNKNOWN,EX_DATE_ECONOMIC_REINVESTMENT,cache/market.json.gz; B3
CG_ONLY,VVAL,2024-08-22,00000000000191,BBAS3,CONT_160_BBAS3_2024-08-22,22.045305270319645,,0.0,22.045305270319645,,UNKNOWN,EX_DATE_ECONOMIC_REINVESTMENT,cache/market.json.gz; B3
CG_ONLY,VVAL,2024-09-02,60872504000123,ITUB4,ITUB4_2024-09-02_DISTRIBUTION_130,54.321412570386684,,0.0,54.321412570386684,JCP,UNKNOWN,EX_DATE_ECONOMIC_REINVESTMENT,cache/market.json.gz; SQLite corporate_actions/B3
CG_ONLY,VVAL,2024-09-03,60746948000112,BBDC4,BBDC4_2024-09-03_DISTRIBUTION_529,158.67444809398427,,0.0,158.67444809398427,JCP Mensais,UNKNOWN,EX_DATE_ECONOMIC_REINVESTMENT,https://www.bradescori.com.br/informacoes-ao-mercado/remuneracao-aos-acionistas/
CG_ONLY,VVAL,2024-09-12,00000000000191,BBAS3,CONT_158_BBAS3_2024-09-12,745.5051954799468,,0.0,745.5051954799468,,UNKNOWN,EX_DATE_ECONOMIC_REINVESTMENT,cache/market.json.gz; B3
CG_ONLY,VVAL,2024-09-18,17281106000103,CSMG3,CONT_2468_CSMG3_2024-09-18,127.54866727764639,,0.0,127.54866727764639,,UNKNOWN,EX_DATE_ECONOMIC_REINVESTMENT,CSMG_RI_V4
CG_ONLY,VVAL,2024-09-18,17281106000103,CSMG3,CONT_2469_CSMG3_2024-09-18,1672.8599797246654,,0.0,1672.8599797246654,,UNKNOWN,EX_DATE_ECONOMIC_REINVESTMENT,CSMG_RI_V4
CG_ONLY,VVAL,2024-09-20,60872504000123,ITUB4,ITUB4_2024-09-20_DISTRIBUTION_129,841.3736335962717,,0.0,841.3736335962717,JCP,UNKNOWN,EX_DATE_ECONOMIC_REINVESTMENT,cache/market.json.gz; SQLite corporate_actions/B3
CG_ONLY,VVAL,2024-09-30,02149205000169,PSSA3,CONT_2814_PSSA3_2024-09-30,1398.9411459946245,,0.0,1398.9411459946245,,UNKNOWN,EX_DATE_ECONOMIC_REINVESTMENT,https://api.mziq.com/mzfilemanager/v2/d/b77a3922-d280-4451-b3ee-0afec4577834/570ca052-e3e2-0149-87a1-af4b28a97d7e?origin=2;https://api.mziq.com/mzfilemanager/v2/d/b77a3922-d280-4451-b3ee-0afec4577834/a730da5f-6984-07cc-1fac-1fab6adcd8e6?origin=2;https://api.mziq.com/mzfilemanager/v2/d/b77a3922-d280-4451-b3ee-0afec4577834/c51162ba-772b-3276-e991-5239fc18f0bc?origin=2
CG_ONLY,VVAL,2024-10-01,60746948000112,BBDC4,BBDC4_2024-10-01_DISTRIBUTION_530,1653.7908550706095,,0.0,1653.7908550706095,JCP Intermediários,UNKNOWN,EX_DATE_ECONOMIC_REINVESTMENT,https://www.bradescori.com.br/informacoes-ao-mercado/remuneracao-aos-acionistas/
CG_ONLY,VVAL,2024-10-01,76483817000120,CPLE6,CONT_903_CPLE6_2024-10-01,782.8135374381237,,0.0,782.8135374381237,,UNKNOWN,EX_DATE_ECONOMIC_REINVESTMENT,cache/market.json.gz; B3
CG_ONLY,VVAL,2024-10-01,76483817000120,CPLE6,CONT_904_CPLE6_2024-10-01,1096.108463130051,,0.0,1096.108463130051,,UNKNOWN,EX_DATE_ECONOMIC_REINVESTMENT,cache/market.json.gz; B3
CG_ONLY,VVAL,2024-10-01,60872504000123,ITUB4,ITUB4_2024-10-01_DISTRIBUTION_128,54.81379632524286,,0.0,54.81379632524286,JCP,UNKNOWN,EX_DATE_ECONOMIC_REINVESTMENT,cache/market.json.gz; SQLite corporate_actions/B3
CG_ONLY,VVAL,2024-10-02,60746948000112,BBDC4,BBDC4_2024-10-02_DISTRIBUTION_531,161.00178302660714,,0.0,161.00178302660714,JCP Mensais,UNKNOWN,EX_DATE_ECONOMIC_REINVESTMENT,https://www.bradescori.com.br/informacoes-ao-mercado/remuneracao-aos-acionistas/
CG_ONLY,VVAL,2024-10-18,90400888000142,SANB4,CONT_2271_SANB4_2024-10-18,205.0034346599808,,0.0,205.0034346599808,,UNKNOWN,EX_DATE_ECONOMIC_REINVESTMENT,cache/market.json.gz; B3
CG_ONLY,VVAL,2024-10-18,90400888000142,SANB4,CONT_2272_SANB4_2024-10-18,1332.5223253263405,,0.0,1332.5223253263405,,UNKNOWN,EX_DATE_ECONOMIC_REINVESTMENT,cache/market.json.gz; B3
CG_ONLY,VVAL,2024-11-01,60872504000123,ITUB4,ITUB4_2024-11-01_DISTRIBUTION_127,54.85773468541404,,0.0,54.85773468541404,JCP,UNKNOWN,EX_DATE_ECONOMIC_REINVESTMENT,cache/market.json.gz; SQLite corporate_actions/B3
CG_ONLY,VVAL,2024-11-04,60746948000112,BBDC4,BBDC4_2024-11-04_DISTRIBUTION_532,161.2027684267117,,0.0,161.2027684267117,JCP Mensais,UNKNOWN,EX_DATE_ECONOMIC_REINVESTMENT,https://www.bradescori.com.br/informacoes-ao-mercado/remuneracao-aos-acionistas/
CG_ONLY,VVAL,2024-11-26,00000000000191,BBAS3,CONT_157_BBAS3_2024-11-26,1960.8179545616874,,0.0,1960.8179545616874,,UNKNOWN,EX_DATE_ECONOMIC_REINVESTMENT,cache/market.json.gz; B3
CG_ONLY,VVAL,2024-12-02,60872504000123,ITUB4,ITUB4_2024-12-02_DISTRIBUTION_126,54.88554965287159,,0.0,54.88554965287159,JCP,UNKNOWN,EX_DATE_ECONOMIC_REINVESTMENT,cache/market.json.gz; SQLite corporate_actions/B3
CG_ONLY,VVAL,2024-12-03,60746948000112,BBDC4,BBDC4_2024-12-03_DISTRIBUTION_533,161.7945696241293,,0.0,161.7945696241293,JCP Mensais,UNKNOWN,EX_DATE_ECONOMIC_REINVESTMENT,https://www.bradescori.com.br/informacoes-ao-mercado/remuneracao-aos-acionistas/
CG_ONLY,VVAL,2024-12-10,60872504000123,ITUB4,ITUB4_2024-12-10_DISTRIBUTION_125,969.3239275245905,,0.0,969.3239275245905,JCP,UNKNOWN,EX_DATE_ECONOMIC_REINVESTMENT,cache/market.json.gz; SQLite corporate_actions/B3
CG_ONLY,VVAL,2024-12-10,60872504000123,XPBR31,XPBR31_2024-12-10_DISTRIBUTION_689,171.79206246231752,,0.0,171.79206246231752,,UNKNOWN,EX_DATE_ECONOMIC_REINVESTMENT,https://www.sec.gov/Archives/edgar/data/1787425/000095010324016520/dp220822_ex9902.htm
CG_ONLY,VVAL,2024-12-12,76483817000120,CPLE6,CONT_902_CPLE6_2024-12-12,2371.8806811408385,,0.0,2371.8806811408385,,UNKNOWN,EX_DATE_ECONOMIC_REINVESTMENT,cache/market.json.gz; B3
CG_ONLY,VVAL,2024-12-12,00000000000191,BBAS3,CONT_156_BBAS3_2024-12-12,732.476501724841,,0.0,732.476501724841,,UNKNOWN,EX_DATE_ECONOMIC_REINVESTMENT,cache/market.json.gz; B3
CG_ONLY,VVAL,2024-12-20,02474103000119,TBLE3,TBLE3_2024-12-20_DISTRIBUTION_337,764.2708002619362,,0.0,764.2708002619362,JCP,UNKNOWN,EX_DATE_ECONOMIC_REINVESTMENT,cache/market.json.gz; SQLite corporate_actions/B3
CG_ONLY,VVAL,2024-12-26,17281106000103,CSMG3,CONT_2470_CSMG3_2024-12-26,1909.2810258054042,,0.0,1909.2810258054042,,UNKNOWN,EX_DATE_ECONOMIC_REINVESTMENT,CSMG_RI_V4
CG_ONLY,VVAL,2025-01-02,60746948000112,BBDC4,BBDC4_2025-01-02_DISTRIBUTION_534,2510.540784854098,,0.0,2510.540784854098,JCP Complementar,UNKNOWN,EX_DATE_ECONOMIC_REINVESTMENT,https://www.bradescori.com.br/informacoes-ao-mercado/remuneracao-aos-acionistas/
CG_ONLY,VVAL,2025-01-02,02149205000169,PSSA3,CONT_2817_PSSA3_2025-01-02,1453.424191584509,,0.0,1453.424191584509,,UNKNOWN,EX_DATE_ECONOMIC_REINVESTMENT,https://api.mziq.com/mzfilemanager/v2/d/b77a3922-d280-4451-b3ee-0afec4577834/40e2196e-eb57-3662-b172-55aa2cb52627?origin=2;https://api.mziq.com/mzfilemanager/v2/d/b77a3922-d280-4451-b3ee-0afec4577834/a730da5f-6984-07cc-1fac-1fab6adcd8e6?origin=2;https://api.mziq.com/mzfilemanager/v2/d/b77a3922-d280-4451-b3ee-0afec4577834/c51162ba-772b-3276-e991-5239fc18f0bc?origin=2;https://api.mziq.com/mzfilemanager/v2/d/b77a3922-d280-4451-b3ee-0afec4577834/da5a8cba-c0a0-3baf-39e4-4db496dbb574?origin=2
CG_ONLY,VVAL,2025-01-02,60872504000123,ITUB4,ITUB4_2025-01-02_DISTRIBUTION_124,55.60800907194178,,0.0,55.60800907194178,JCP,UNKNOWN,EX_DATE_ECONOMIC_REINVESTMENT,cache/market.json.gz; SQLite corporate_actions/B3
CG_ONLY,VVAL,2025-01-02,76484013000145,SAPR4,CONT_2818_SAPR4_2025-01-02,3165.502923428124,,0.0,3165.502923428124,,UNKNOWN,EX_DATE_ECONOMIC_REINVESTMENT,https://ri.sanepar.com.br/docs/Sanepar-2025-12-18-cW6NmzgB.pdf
CG_ONLY,VVAL,2025-01-03,60746948000112,BBDC4,BBDC4_2025-01-03_DISTRIBUTION_504,166.72044790348428,,0.0,166.72044790348428,JCP Mensais,UNKNOWN,EX_DATE_ECONOMIC_REINVESTMENT,https://www.bradescori.com.br/informacoes-ao-mercado/remuneracao-aos-acionistas/
CG_ONLY,VVAL,2025-01-23,90400888000142,SANB4,CONT_2270_SANB4_2025-01-23,1587.8755854923131,,0.0,1587.8755854923131,,UNKNOWN,EX_DATE_ECONOMIC_REINVESTMENT,cache/market.json.gz; B3
CG_ONLY,VVAL,2025-02-03,60872504000123,ITUB4,ITUB4_2025-02-03_DISTRIBUTION_123,55.81894559966461,,0.0,55.81894559966461,JCP,UNKNOWN,EX_DATE_ECONOMIC_REINVESTMENT,cache/market.json.gz; SQLite corporate_actions/B3
CG_ONLY,VVAL,2025-02-04,60746948000112,BBDC4,BBDC4_2025-02-04_DISTRIBUTION_505,167.56217938189747,,0.0,167.56217938189747,JCP Mensais,UNKNOWN,EX_DATE_ECONOMIC_REINVESTMENT,https://www.bradescori.com.br/informacoes-ao-mercado/remuneracao-aos-acionistas/
CG_ONLY,VVAL,2025-02-18,60872504000123,ITUB4,ITUB4_2025-02-18_DISTRIBUTION_121,3965.4078477308544,,0.0,3965.4078477308544,CASH_DIVIDEND,UNKNOWN,EX_DATE_ECONOMIC_REINVESTMENT,cache/market.json.gz; SQLite corporate_actions/B3
CG_ONLY,VVAL,2025-02-18,60872504000123,ITUB4,ITUB4_2025-02-18_DISTRIBUTION_122,1056.9940706093676,,0.0,1056.9940706093676,JCP,UNKNOWN,EX_DATE_ECONOMIC_REINVESTMENT,cache/market.json.gz; SQLite corporate_actions/B3
CG_ONLY,VVAL,2025-02-21,17344597000194,BBSE3,CONT_2550_BBSE3_2025-02-21,7406.769873026901,,0.0,7406.769873026901,,UNKNOWN,EX_DATE_ECONOMIC_REINVESTMENT,BBSE_DIV
CG_ONLY,VVAL,2025-03-05,60872504000123,ITUB4,ITUB4_2025-03-05_DISTRIBUTION_120,58.61997404420257,,0.0,58.61997404420257,JCP,UNKNOWN,EX_DATE_ECONOMIC_REINVESTMENT,cache/market.json.gz; SQLite corporate_actions/B3
CG_ONLY,VVAL,2025-03-06,60746948000112,BBDC4,BBDC4_2025-03-06_DISTRIBUTION_506,168.882869607986,,0.0,168.882869607986,JCP Mensais,UNKNOWN,EX_DATE_ECONOMIC_REINVESTMENT,https://www.bradescori.com.br/informacoes-ao-mercado/remuneracao-aos-acionistas/
CG_ONLY,VVAL,2025-03-06,17281106000103,CSMG3,CONT_2471_CSMG3_2025-03-06,932.8956582690416,,0.0,932.8956582690416,,UNKNOWN,EX_DATE_ECONOMIC_REINVESTMENT,CSMG_RI_V4
CG_ONLY,VVAL,2025-03-06,17281106000103,CSMG3,CONT_2472_CSMG3_2025-03-06,1572.5320457278344,,0.0,1572.5320457278344,,UNKNOWN,EX_DATE_ECONOMIC_REINVESTMENT,CSMG_RI_V4
CG_ONLY,VVAL,2025-03-12,00000000000191,BBAS3,CONT_154_BBAS3_2025-03-12,37.436444970634405,,0.0,37.436444970634405,,UNKNOWN,EX_DATE_ECONOMIC_REINVESTMENT,cache/market.json.gz; B3
CG_ONLY,VVAL,2025-03-12,00000000000191,BBAS3,CONT_155_BBAS3_2025-03-12,626.0692653982969,,0.0,626.0692653982969,,UNKNOWN,EX_DATE_ECONOMIC_REINVESTMENT,cache/market.json.gz; B3
CG_ONLY,VVAL,2025-03-27,17281106000103,CSMG3,CONT_2473_CSMG3_2025-03-27,190.5046437913295,,0.0,190.5046437913295,,UNKNOWN,EX_DATE_ECONOMIC_REINVESTMENT,CSMG_RI_V4
CG_ONLY,VVAL,2025-03-31,02149205000169,PSSA3,CONT_2823_PSSA3_2025-03-31,1672.3076325633772,,0.0,1672.3076325633772,,UNKNOWN,EX_DATE_ECONOMIC_REINVESTMENT,https://api.mziq.com/mzfilemanager/v2/d/b77a3922-d280-4451-b3ee-0afec4577834/a730da5f-6984-07cc-1fac-1fab6adcd8e6?origin=2;https://api.mziq.com/mzfilemanager/v2/d/b77a3922-d280-4451-b3ee-0afec4577834/c51162ba-772b-3276-e991-5239fc18f0bc?origin=2;https://api.mziq.com/mzfilemanager/v2/d/b77a3922-d280-4451-b3ee-0afec4577834/da5a8cba-c0a0-3baf-39e4-4db496dbb574?origin=2
CG_ONLY,VVAL,2025-03-31,02149205000169,PSSA3,CONT_2824_PSSA3_2025-03-31,443.17694284308925,,0.0,443.17694284308925,,UNKNOWN,EX_DATE_ECONOMIC_REINVESTMENT,https://api.mziq.com/mzfilemanager/v2/d/b77a3922-d280-4451-b3ee-0afec4577834/c51162ba-772b-3276-e991-5239fc18f0bc?origin=2
CG_ONLY,VVAL,2025-03-31,02149205000169,PSSA3,CONT_2825_PSSA3_2025-03-31,1511.1259465818148,,0.0,1511.1259465818148,,UNKNOWN,EX_DATE_ECONOMIC_REINVESTMENT,https://api.mziq.com/mzfilemanager/v2/d/b77a3922-d280-4451-b3ee-0afec4577834/2e6836fc-964e-5c54-74c0-a476d1b256eb?origin=2;https://api.mziq.com/mzfilemanager/v2/d/b77a3922-d280-4451-b3ee-0afec4577834/5fc07a56-476a-56fa-1f90-8b87c4a74dfe?origin=2
CG_ONLY,VVAL,2025-04-01,60746948000112,BBDC4,BBDC4_2025-04-01_DISTRIBUTION_507,2031.0473993387832,,0.0,2031.0473993387832,JCP Intermediários,UNKNOWN,EX_DATE_ECONOMIC_REINVESTMENT,https://www.bradescori.com.br/informacoes-ao-mercado/remuneracao-aos-acionistas/
CG_ONLY,VVAL,2025-04-01,60872504000123,ITUB4,ITUB4_2025-04-01_DISTRIBUTION_119,64.60515209434101,,0.0,64.60515209434101,JCP,UNKNOWN,EX_DATE_ECONOMIC_REINVESTMENT,cache/market.json.gz; SQLite corporate_actions/B3
CG_ONLY,VVAL,2025-04-02,60746948000112,BBDC4,BBDC4_2025-04-02_DISTRIBUTION_508,172.65418918333026,,0.0,172.65418918333026,JCP Mensais,UNKNOWN,EX_DATE_ECONOMIC_REINVESTMENT,https://www.bradescori.com.br/informacoes-ao-mercado/remuneracao-aos-acionistas/
CG_ONLY,VVAL,2025-04-22,90400888000142,SANB4,CONT_2269_SANB4_2025-04-22,1634.6615529532414,,0.0,1634.6615529532414,,UNKNOWN,EX_DATE_ECONOMIC_REINVESTMENT,cache/market.json.gz; B3
CG_ONLY,VVAL,2025-04-25,76483817000120,CPLE6,CONT_901_CPLE6_2025-04-25,5080.045566566004,,0.0,5080.045566566004,,UNKNOWN,EX_DATE_ECONOMIC_REINVESTMENT,cache/market.json.gz; B3
CG_ONLY,VVAL,2025-05-02,60872504000123,ITUB4,ITUB4_2025-05-02_DISTRIBUTION_118,64.6506671923868,,0.0,64.6506671923868,JCP,UNKNOWN,EX_DATE_ECONOMIC_REINVESTMENT,cache/market.json.gz; SQLite corporate_actions/B3
CG_ONLY,VVAL,2025-05-05,60746948000112,BBDC4,BBDC4_2025-05-05_DISTRIBUTION_509,173.24649408307528,,0.0,173.24649408307528,JCP Mensais,UNKNOWN,EX_DATE_ECONOMIC_REINVESTMENT,https://www.bradescori.com.br/informacoes-ao-mercado/remuneracao-aos-acionistas/
CG_ONLY,VVAL,2025-05-07,02474103000119,TBLE3,TBLE3_2025-05-07_DISTRIBUTION_336,2311.5427353315704,,0.0,2311.5427353315704,CASH_DIVIDEND,UNKNOWN,EX_DATE_ECONOMIC_REINVESTMENT,cache/market.json.gz; SQLite corporate_actions/B3
CG_ONLY,VVAL,2025-06-02,60872504000123,ITUB4,ITUB4_2025-06-02_DISTRIBUTION_117,64.68283759768552,,0.0,64.68283759768552,JCP,UNKNOWN,EX_DATE_ECONOMIC_REINVESTMENT,cache/market.json.gz; SQLite corporate_actions/B3
CG_ONLY,VVAL,2025-06-03,60746948000112,BBDC4,BBDC4_2025-06-03_DISTRIBUTION_510,173.49366093534186,,0.0,173.49366093534186,JCP Mensais,UNKNOWN,EX_DATE_ECONOMIC_REINVESTMENT,https://www.bradescori.com.br/informacoes-ao-mercado/remuneracao-aos-acionistas/
CG_ONLY,VVAL,2025-06-03,00000000000191,BBAS3,CONT_153_BBAS3_2025-06-03,386.029377365473,,0.0,386.029377365473,,UNKNOWN,EX_DATE_ECONOMIC_REINVESTMENT,cache/market.json.gz; B3
CG_ONLY,VVAL,2025-06-10,60872504000123,ITUB4,ITUB4_2025-06-10_DISTRIBUTION_116,1224.974687105941,,0.0,1224.974687105941,JCP,UNKNOWN,EX_DATE_ECONOMIC_REINVESTMENT,cache/market.json.gz; SQLite corporate_actions/B3
CG_ONLY,VVAL,2025-06-24,17281106000103,CSMG3,CONT_2474_CSMG3_2025-06-24,2360.386625952751,,0.0,2360.386625952751,,UNKNOWN,EX_DATE_ECONOMIC_REINVESTMENT,CSMG_RI_V4
CG_ONLY,VVAL,2025-06-27,02149205000169,PSSA3,CONT_2834_PSSA3_2025-06-27,1731.1829405028886,,0.0,1731.1829405028886,,UNKNOWN,EX_DATE_ECONOMIC_REINVESTMENT,https://api.mziq.com/mzfilemanager/v2/d/b77a3922-d280-4451-b3ee-0afec4577834/2db74f29-0975-b7c2-5402-9b64be1a06ee?origin=2;https://api.mziq.com/mzfilemanager/v2/d/b77a3922-d280-4451-b3ee-0afec4577834/5fc07a56-476a-56fa-1f90-8b87c4a74dfe?origin=2
CG_ONLY,VVAL,2025-07-01,60746948000112,BBDC4,BBDC4_2025-07-01_DISTRIBUTION_511,2720.1806293445893,,0.0,2720.1806293445893,JCP Intermediários,UNKNOWN,EX_DATE_ECONOMIC_REINVESTMENT,https://www.bradescori.com.br/informacoes-ao-mercado/remuneracao-aos-acionistas/
CG_ONLY,VVAL,2025-07-01,60872504000123,ITUB4,ITUB4_2025-07-01_DISTRIBUTION_115,65.31414634219594,,0.0,65.31414634219594,JCP,UNKNOWN,EX_DATE_ECONOMIC_REINVESTMENT,cache/market.json.gz; SQLite corporate_actions/B3
CG_ONLY,VVAL,2025-07-01,76484013000145,SAPR4,CONT_2835_SAPR4_2025-07-01,5805.965664205591,,0.0,5805.965664205591,,UNKNOWN,EX_DATE_ECONOMIC_REINVESTMENT,https://ri.sanepar.com.br/docs/Sanepar-2025-12-18-cW6NmzgB.pdf
CG_ONLY,VVAL,2025-07-02,60746948000112,BBDC4,BBDC4_2025-07-02_DISTRIBUTION_512,176.78759557518526,,0.0,176.78759557518526,JCP Mensais,UNKNOWN,EX_DATE_ECONOMIC_REINVESTMENT,https://www.bradescori.com.br/informacoes-ao-mercado/remuneracao-aos-acionistas/
CG_ONLY,VVAL,2025-07-18,90400888000142,SANB4,CONT_2268_SANB4_2025-07-18,2232.127184187927,,0.0,2232.127184187927,,UNKNOWN,EX_DATE_ECONOMIC_REINVESTMENT,cache/market.json.gz; B3
CG_ONLY,VVAL,2025-08-01,60872504000123,ITUB4,ITUB4_2025-08-01_DISTRIBUTION_114,65.34976032630892,,0.0,65.34976032630892,JCP,UNKNOWN,EX_DATE_ECONOMIC_REINVESTMENT,cache/market.json.gz; SQLite corporate_actions/B3
CG_ONLY,VVAL,2025-08-04,60746948000112,BBDC4,BBDC4_2025-08-04_DISTRIBUTION_513,176.9926390262616,,0.0,176.9926390262616,JCP Mensais,UNKNOWN,EX_DATE_ECONOMIC_REINVESTMENT,https://www.bradescori.com.br/informacoes-ao-mercado/remuneracao-aos-acionistas/
CG_ONLY,VVAL,2025-08-15,17344597000194,BBSE3,CONT_2549_BBSE3_2025-08-15,6770.264975673835,,0.0,6770.264975673835,,UNKNOWN,EX_DATE_ECONOMIC_REINVESTMENT,BBSE_DIV
CG_ONLY,VVAL,2025-08-19,60872504000123,ITUB4,ITUB4_2025-08-19_DISTRIBUTION_113,1346.1814578625047,,0.0,1346.1814578625047,JCP,UNKNOWN,EX_DATE_ECONOMIC_REINVESTMENT,cache/market.json.gz; SQLite corporate_actions/B3
CG_ONLY,VVAL,2025-08-22,02474103000119,TBLE3,TBLE3_2025-08-22_DISTRIBUTION_335,2409.940105780459,,0.0,2409.940105780459,CASH_DIVIDEND,UNKNOWN,EX_DATE_ECONOMIC_REINVESTMENT,cache/market.json.gz; SQLite corporate_actions/B3
CG_ONLY,VVAL,2025-09-01,60872504000123,ITUB4,ITUB4_2025-09-01_DISTRIBUTION_112,66.03714933679504,,0.0,66.03714933679504,JCP,UNKNOWN,EX_DATE_ECONOMIC_REINVESTMENT,cache/market.json.gz; SQLite corporate_actions/B3
CG_ONLY,VVAL,2025-09-02,60746948000112,BBDC4,BBDC4_2025-09-02_DISTRIBUTION_514,177.20709633915618,,0.0,177.20709633915618,JCP Mensais,UNKNOWN,EX_DATE_ECONOMIC_REINVESTMENT,https://www.bradescori.com.br/informacoes-ao-mercado/remuneracao-aos-acionistas/
CG_ONLY,VVAL,2025-09-23,17281106000103,CSMG3,CONT_2475_CSMG3_2025-09-23,2478.0785845501373,,0.0,2478.0785845501373,,UNKNOWN,EX_DATE_ECONOMIC_REINVESTMENT,CSMG_RI_V4
CG_ONLY,VVAL,2025-09-26,02149205000169,PSSA3,CONT_2840_PSSA3_2025-09-26,1929.5097776607988,,0.0,1929.5097776607988,,UNKNOWN,EX_DATE_ECONOMIC_REINVESTMENT,https://api.mziq.com/mzfilemanager/v2/d/b77a3922-d280-4451-b3ee-0afec4577834/d5711793-58d6-82f4-b474-008bee510428?origin=2;https://api.mziq.com/mzfilemanager/v2/d/b77a3922-d280-4451-b3ee-0afec4577834/5fc07a56-476a-56fa-1f90-8b87c4a74dfe?origin=2
CG_ONLY,VVAL,2025-09-30,60746948000112,BBDC4,BBDC4_2025-09-30_DISTRIBUTION_515,2778.401083209369,,0.0,2778.401083209369,JCP Intermediários,UNKNOWN,EX_DATE_ECONOMIC_REINVESTMENT,https://www.bradescori.com.br/informacoes-ao-mercado/remuneracao-aos-acionistas/
CG_ONLY,VVAL,2025-10-01,60872504000123,ITUB4,ITUB4_2025-10-01_DISTRIBUTION_111,66.06720492436065,,0.0,66.06720492436065,JCP,UNKNOWN,EX_DATE_ECONOMIC_REINVESTMENT,cache/market.json.gz; SQLite corporate_actions/B3
CG_ONLY,VVAL,2025-10-02,60746948000112,BBDC4,BBDC4_2025-10-02_DISTRIBUTION_516,180.39095290474629,,0.0,180.39095290474629,JCP Mensais,UNKNOWN,EX_DATE_ECONOMIC_REINVESTMENT,https://www.bradescori.com.br/informacoes-ao-mercado/remuneracao-aos-acionistas/
CG_ONLY,VVAL,2025-10-22,90400888000142,SANB4,CONT_2267_SANB4_2025-10-22,2303.3361193946607,,0.0,2303.3361193946607,,UNKNOWN,EX_DATE_ECONOMIC_REINVESTMENT,cache/market.json.gz; B3
CG_ONLY,VVAL,2025-11-03,60872504000123,ITUB4,ITUB4_2025-11-03_DISTRIBUTION_110,66.0976113433154,,0.0,66.0976113433154,JCP,UNKNOWN,EX_DATE_ECONOMIC_REINVESTMENT,cache/market.json.gz; SQLite corporate_actions/B3
CG_ONLY,VVAL,2025-11-04,60746948000112,BBDC4,BBDC4_2025-11-04_DISTRIBUTION_517,180.59123867868982,,0.0,180.59123867868982,JCP Mensais,UNKNOWN,EX_DATE_ECONOMIC_REINVESTMENT,https://www.bradescori.com.br/informacoes-ao-mercado/remuneracao-aos-acionistas/
CG_ONLY,VVAL,2025-12-01,60872504000123,ITUB4,ITUB4_2025-12-01_DISTRIBUTION_109,66.12671869960806,,0.0,66.12671869960806,JCP,UNKNOWN,EX_DATE_ECONOMIC_REINVESTMENT,cache/market.json.gz; SQLite corporate_actions/B3
CG_ONLY,VVAL,2025-12-02,60746948000112,BBDC4,BBDC4_2025-12-02_DISTRIBUTION_518,180.77747151896165,,0.0,180.77747151896165,JCP Mensais,UNKNOWN,EX_DATE_ECONOMIC_REINVESTMENT,https://www.bradescori.com.br/informacoes-ao-mercado/remuneracao-aos-acionistas/
CG_ONLY,VVAL,2025-12-02,00000000000191,BBAS3,CONT_152_BBAS3_2025-12-02,329.83884790058363,,0.0,329.83884790058363,,UNKNOWN,EX_DATE_ECONOMIC_REINVESTMENT,cache/market.json.gz; B3
CG_ONLY,VVAL,2025-12-03,00000000000191,BBAS3,CONT_151_BBAS3_2025-12-03,210.8464565146431,,0.0,210.8464565146431,,UNKNOWN,EX_DATE_ECONOMIC_REINVESTMENT,cache/market.json.gz; B3
CG_ONLY,VVAL,2025-12-10,60872504000123,ITUB4,ITUB4_2025-12-10_DISTRIBUTION_107,7002.3939210828285,,0.0,7002.3939210828285,CASH_DIVIDEND,UNKNOWN,EX_DATE_ECONOMIC_REINVESTMENT,cache/market.json.gz; SQLite corporate_actions/B3
CG_ONLY,VVAL,2025-12-10,60872504000123,ITUB4,ITUB4_2025-12-10_DISTRIBUTION_108,1385.8812102839843,,0.0,1385.8812102839843,JCP,UNKNOWN,EX_DATE_ECONOMIC_REINVESTMENT,cache/market.json.gz; SQLite corporate_actions/B3
CG_ONLY,VVAL,2025-12-10,60872504000123,XPBR31,XPBR31_2025-12-10_DISTRIBUTION_690,45.12128720264989,,0.0,45.12128720264989,,UNKNOWN,EX_DATE_ECONOMIC_REINVESTMENT,https://www.sec.gov/Archives/edgar/data/1787425/000095010325014854/dp237494_ex9901.htm
CG_ONLY,VVAL,2025-12-17,17281106000103,CSMG3,CONT_2476_CSMG3_2025-12-17,883.5571821197054,,0.0,883.5571821197054,,UNKNOWN,EX_DATE_ECONOMIC_REINVESTMENT,CSMG_RI_V4
CG_ONLY,VVAL,2025-12-17,17281106000103,CSMG3,CONT_2477_CSMG3_2025-12-17,2075.858808415957,,0.0,2075.858808415957,,UNKNOWN,EX_DATE_ECONOMIC_REINVESTMENT,CSMG_RI_V4
CG_ONLY,VVAL,2025-12-19,02474103000119,TBLE3,TBLE3_2025-12-19_DISTRIBUTION_334,350.4609877919186,,0.0,350.4609877919186,JCP,UNKNOWN,EX_DATE_ECONOMIC_REINVESTMENT,cache/market.json.gz; SQLite corporate_actions/B3
CG_ONLY,VVAL,2025-12-23,17281106000103,CSMG3,CONT_2478_CSMG3_2025-12-23,2067.770073864048,,0.0,2067.770073864048,,UNKNOWN,EX_DATE_ECONOMIC_REINVESTMENT,CSMG_RI_V4
CG_ONLY,VVAL,2025-12-29,02149205000169,PSSA3,CONT_2846_PSSA3_2025-12-29,1964.4738178515918,,0.0,1964.4738178515918,,UNKNOWN,EX_DATE_ECONOMIC_REINVESTMENT,https://api.mziq.com/mzfilemanager/v2/d/b77a3922-d280-4451-b3ee-0afec4577834/327fe168-5b79-7e0a-4b23-ad197ef5a182?origin=2;https://api.mziq.com/mzfilemanager/v2/d/b77a3922-d280-4451-b3ee-0afec4577834/5fc07a56-476a-56fa-1f90-8b87c4a74dfe?origin=2
CG_ONLY,VVAL,2025-12-30,60746948000112,BBDC4,BBDC4_2025-12-30_DISTRIBUTION_519,3684.038618825743,,0.0,3684.038618825743,JCP Complementar,UNKNOWN,EX_DATE_ECONOMIC_REINVESTMENT,https://www.bradescori.com.br/informacoes-ao-mercado/remuneracao-aos-acionistas/
CG_ONLY,VVAL,2026-01-02,76483817000120,CPLE3,CONT_2378_CPLE3_2026-01-02,4707.346090492324,,0.0,4707.346090492324,,UNKNOWN,EX_DATE_ECONOMIC_REINVESTMENT,https://api.mziq.com/mzfilemanager/v2/d/16a31b1b-5ecd-4214-a2e0-308a2393e330/9e7c31ff-8290-49b4-d586-e043b31e16dc?origin=2
CG_ONLY,VVAL,2026-01-02,76483817000120,CPLE3,CONT_2379_CPLE3_2026-01-02,5777.19747462002,,0.0,5777.19747462002,,UNKNOWN,EX_DATE_ECONOMIC_REINVESTMENT,https://api.mziq.com/mzfilemanager/v2/d/16a31b1b-5ecd-4214-a2e0-308a2393e330/9e7c31ff-8290-49b4-d586-e043b31e16dc?origin=2
CG_ONLY,VVAL,2026-01-02,60872504000123,ITUB4,ITUB4_2026-01-02_DISTRIBUTION_106,74.17650810247946,,0.0,74.17650810247946,JCP,UNKNOWN,EX_DATE_ECONOMIC_REINVESTMENT,cache/market.json.gz; SQLite corporate_actions/B3
CG_ONLY,VVAL,2026-01-02,76484013000145,SAPR4,CONT_2848_SAPR4_2026-01-02,2370.5154719581833,,0.0,2370.5154719581833,,UNKNOWN,EX_DATE_ECONOMIC_REINVESTMENT,https://ri.sanepar.com.br/docs/Sanepar-2025-12-18-cW6NmzgB.pdf
CG_ONLY,VVAL,2026-01-05,60746948000112,BBDC4,BBDC4_2026-01-05_DISTRIBUTION_497,184.79600679320265,,0.0,184.79600679320265,JCP Mensais,UNKNOWN,EX_DATE_ECONOMIC_REINVESTMENT,https://www.bradescori.com.br/informacoes-ao-mercado/remuneracao-aos-acionistas/
CG_ONLY,VVAL,2026-01-05,90400888000142,SANB4,CONT_2266_SANB4_2026-01-05,731.3123344623406,,0.0,731.3123344623406,,UNKNOWN,EX_DATE_ECONOMIC_REINVESTMENT,cache/market.json.gz; B3
CG_ONLY,VVAL,2026-01-21,90400888000142,SANB4,CONT_2265_SANB4_2026-01-21,2370.8964937740093,,0.0,2370.8964937740093,,UNKNOWN,EX_DATE_ECONOMIC_REINVESTMENT,cache/market.json.gz; B3
CG_ONLY,VVAL,2026-02-02,60872504000123,ITUB4,ITUB4_2026-02-02_DISTRIBUTION_105,74.21095707490142,,0.0,74.21095707490142,JCP,UNKNOWN,EX_DATE_ECONOMIC_REINVESTMENT,cache/market.json.gz; SQLite corporate_actions/B3
CG_ONLY,VVAL,2026-02-03,60746948000112,BBDC4,BBDC4_2026-02-03_DISTRIBUTION_498,184.98084964680643,,0.0,184.98084964680643,JCP Mensais,UNKNOWN,EX_DATE_ECONOMIC_REINVESTMENT,https://www.bradescori.com.br/informacoes-ao-mercado/remuneracao-aos-acionistas/
CG_ONLY,VVAL,2026-02-13,17344597000194,BBSE3,CONT_2548_BBSE3_2026-02-13,9627.395151753564,,0.0,9627.395151753564,,UNKNOWN,EX_DATE_ECONOMIC_REINVESTMENT,BBSE_DIV
CG_ONLY,VVAL,2026-02-24,00000000000191,BBAS3,CONT_149_BBAS3_2026-02-24,1015.8335648733173,,0.0,1015.8335648733173,,UNKNOWN,EX_DATE_ECONOMIC_REINVESTMENT,cache/market.json.gz; B3
CG_ONLY,VVAL,2026-02-24,00000000000191,BBAS3,CONT_150_BBAS3_2026-02-24,24.36260398704026,,0.0,24.36260398704026,,UNKNOWN,EX_DATE_ECONOMIC_REINVESTMENT,cache/market.json.gz; B3
CG_ONLY,VVAL,2026-03-02,60872504000123,ITUB4,ITUB4_2026-03-02_DISTRIBUTION_104,74.24036648251989,,0.0,74.24036648251989,JCP,UNKNOWN,EX_DATE_ECONOMIC_REINVESTMENT,cache/market.json.gz; SQLite corporate_actions/B3
CG_ONLY,VVAL,2026-03-03,60746948000112,BBDC4,BBDC4_2026-03-03_DISTRIBUTION_499,185.14274892220797,,0.0,185.14274892220797,JCP Mensais,UNKNOWN,EX_DATE_ECONOMIC_REINVESTMENT,https://www.bradescori.com.br/informacoes-ao-mercado/remuneracao-aos-acionistas/
CG_ONLY,VVAL,2026-03-03,00000000000191,BBAS3,CONT_148_BBAS3_2026-03-03,334.05765444326056,,0.0,334.05765444326056,,UNKNOWN,EX_DATE_ECONOMIC_REINVESTMENT,cache/market.json.gz; B3
CG_ONLY,VVAL,2026-03-09,17281106000103,CSMG3,CONT_2479_CSMG3_2026-03-09,10.393772376651665,,0.0,10.393772376651665,,UNKNOWN,EX_DATE_ECONOMIC_REINVESTMENT,CSMG_RI_V4
CG_ONLY,VVAL,2026-03-20,60872504000123,ITUB4,ITUB4_2026-03-20_DISTRIBUTION_103,1425.1036485283591,,0.0,1425.1036485283591,JCP,UNKNOWN,EX_DATE_ECONOMIC_REINVESTMENT,cache/market.json.gz; SQLite corporate_actions/B3
CG_ONLY,VVAL,2026-03-24,17281106000103,CSMG3,CONT_2480_CSMG3_2026-03-24,2682.454180016255,,0.0,2682.454180016255,,UNKNOWN,EX_DATE_ECONOMIC_REINVESTMENT,CSMG_RI_V4
CG_ONLY,VVAL,2026-03-31,02149205000169,PSSA3,CONT_2852_PSSA3_2026-03-31,2004.1093379412696,,0.0,2004.1093379412696,,UNKNOWN,EX_DATE_ECONOMIC_REINVESTMENT,https://api.mziq.com/mzfilemanager/v2/d/b77a3922-d280-4451-b3ee-0afec4577834/e08580a4-e955-9ee1-6c71-cf3552965f03?origin=2;https://api.mziq.com/mzfilemanager/v2/d/b77a3922-d280-4451-b3ee-0afec4577834/c7efe69b-d37e-c02f-fff7-a51df3341ac0?origin=2
CG_ONLY,VVAL,2026-04-01,02149205000169,PSSA3,CONT_2853_PSSA3_2026-04-01,3309.7029545021023,,0.0,3309.7029545021023,,UNKNOWN,EX_DATE_ECONOMIC_REINVESTMENT,https://api.mziq.com/mzfilemanager/v2/d/b77a3922-d280-4451-b3ee-0afec4577834/5fc07a56-476a-56fa-1f90-8b87c4a74dfe?origin=2
CG_ONLY,VVAL,2026-04-01,60872504000123,ITUB4,ITUB4_2026-04-01_DISTRIBUTION_102,74.89337766983651,,0.0,74.89337766983651,JCP,UNKNOWN,EX_DATE_ECONOMIC_REINVESTMENT,cache/market.json.gz; SQLite corporate_actions/B3
CG_ONLY,VVAL,2026-04-02,60746948000112,BBDC4,BBDC4_2026-04-02_DISTRIBUTION_501,185.31666220431364,,0.0,185.31666220431364,JCP Mensais,UNKNOWN,EX_DATE_ECONOMIC_REINVESTMENT,https://www.bradescori.com.br/informacoes-ao-mercado/remuneracao-aos-acionistas/
CG_ONLY,VVAL,2026-04-07,60746948000112,BBDC4,BBDC4_2026-04-07_DISTRIBUTION_500,2906.825846990417,,0.0,2906.825846990417,JCP Intermediários,UNKNOWN,EX_DATE_ECONOMIC_REINVESTMENT,https://www.bradescori.com.br/informacoes-ao-mercado/remuneracao-aos-acionistas/
CG_ONLY,VVAL,2026-04-22,90400888000142,SANB4,CONT_2264_SANB4_2026-04-22,2426.609554194237,,0.0,2426.609554194237,,UNKNOWN,EX_DATE_ECONOMIC_REINVESTMENT,cache/market.json.gz; B3
CG_ONLY,VVAL,2026-04-30,76483817000120,CPLE3,CONT_2380_CPLE3_2026-04-30,3227.195055059358,,0.0,3227.195055059358,,UNKNOWN,EX_DATE_ECONOMIC_REINVESTMENT,CPLE_RI
CG_ONLY,VVAL,2026-05-04,60872504000123,ITUB4,ITUB4_2026-05-04_DISTRIBUTION_101,74.92444569157487,,0.0,74.92444569157487,JCP,UNKNOWN,EX_DATE_ECONOMIC_REINVESTMENT,cache/market.json.gz; SQLite corporate_actions/B3
CG_ONLY,VVAL,2026-05-05,60746948000112,BBDC4,BBDC4_2026-05-05_DISTRIBUTION_502,188.3718087613829,,0.0,188.3718087613829,JCP Mensais,UNKNOWN,EX_DATE_ECONOMIC_REINVESTMENT,https://www.bradescori.com.br/informacoes-ao-mercado/remuneracao-aos-acionistas/
CG_ONLY,VVAL,2026-05-05,02474103000119,TBLE3,TBLE3_2026-05-05_DISTRIBUTION_333,2004.3372432436731,,0.0,2004.3372432436731,CASH_DIVIDEND,UNKNOWN,EX_DATE_ECONOMIC_REINVESTMENT,cache/market.json.gz; SQLite corporate_actions/B3
CG_ONLY,VVAL,2026-06-01,60872504000123,ITUB4,ITUB4_2026-06-01_DISTRIBUTION_100,74.95657484892308,,0.0,74.95657484892308,JCP,UNKNOWN,EX_DATE_ECONOMIC_REINVESTMENT,cache/market.json.gz; SQLite corporate_actions/B3
CG_ONLY,VVAL,2026-06-02,60746948000112,BBDC4,BBDC4_2026-06-02_DISTRIBUTION_503,188.55806822424023,,0.0,188.55806822424023,JCP Mensais,UNKNOWN,EX_DATE_ECONOMIC_REINVESTMENT,https://www.bradescori.com.br/informacoes-ao-mercado/remuneracao-aos-acionistas/
CG_ONLY,VVAL,2026-06-02,00000000000191,BBAS3,CONT_147_BBAS3_2026-06-02,292.4382906731627,,0.0,292.4382906731627,,UNKNOWN,EX_DATE_ECONOMIC_REINVESTMENT,cache/market.json.gz; B3
CG_ONLY,VVAL,2026-06-10,60872504000123,XPBR31,XPBR31_2026-06-10_DISTRIBUTION_691,47.95536172588523,,0.0,47.95536172588523,,UNKNOWN,EX_DATE_ECONOMIC_REINVESTMENT,https://www.sec.gov/Archives/edgar/data/1787425/000095010326007333/dp246817_ex9901.htm
CG_ONLY,VVAL,2026-06-19,60872504000123,ITUB4,ITUB4_2026-06-19_DISTRIBUTION_99,1492.7933467391872,,0.0,1492.7933467391872,JCP,UNKNOWN,EX_DATE_ECONOMIC_REINVESTMENT,cache/market.json.gz; SQLite corporate_actions/B3
CG_ONLY,VVAL,2026-06-23,02149205000169,PSSA3,CONT_2857_PSSA3_2026-06-23,1949.4345069720312,,0.0,1949.4345069720312,,UNKNOWN,EX_DATE_ECONOMIC_REINVESTMENT,https://api.mziq.com/mzfilemanager/v2/d/b77a3922-d280-4451-b3ee-0afec4577834/f8d74364-4778-d466-02ec-0d7bf05ca8fa?origin=2
CG_ONLY,VVAL,2026-06-24,17281106000103,CSMG3,CONT_2481_CSMG3_2026-06-24,2171.0599967933736,,0.0,2171.0599967933736,,UNKNOWN,EX_DATE_ECONOMIC_REINVESTMENT,CSMG_RI_V4
